# columns: two_theta_deg intensity sigma
0.51500 18491 135.982
0.51750 18619 136.451
0.52000 18740 136.894
0.52250 17492 132.257
0.52500 16469 128.332
0.52750 17802 133.424
0.53000 17985 134.108
0.53250 17216 131.21
0.53500 17208 131.179
0.53750 16684 129.167
0.54000 16384 128
0.54250 16952 130.2
0.54500 16463 128.308
0.54750 16003 126.503
0.55000 15826 125.801
0.55250 16598 128.833
0.55500 16809 129.65
0.55750 16010 126.531
0.56000 15495 124.479
0.56250 15541 124.664
0.56500 15440 124.258
0.56750 15139 123.041
0.57000 14699 121.239
0.57250 14401 120.004
0.57500 14296 119.566
0.57750 14040 118.491
0.58000 14177 119.067
0.58250 13949 118.106
0.58500 13770 117.346
0.58750 14083 118.672
0.59000 13749 117.256
0.59250 13737 117.205
0.59500 13201 114.896
0.59750 13273 115.209
0.60000 13216 114.961
0.60250 13115 114.521
0.60500 13093 114.425
0.60750 13130 114.586
0.61000 12955 113.82
0.61250 12991 113.978
0.61500 12727 112.814
0.61750 12326 111.023
0.62000 12226 110.571
0.62250 12140 110.182
0.62500 12127 110.123
0.62750 11572 107.573
0.63000 11329 106.438
0.63250 11503 107.252
0.63500 11310 106.348
0.63750 10917 104.484
0.64000 11046 105.1
0.64250 11206 105.858
0.64500 11059 105.162
0.64750 10461 102.279
0.65000 10402 101.99
0.65250 10347 101.72
0.65500 10241 101.198
0.65750 10057 100.285
0.66000 9866 99.3277
0.66250 10070 100.349
0.66500 10012 100.06
0.66750 9594 97.949
0.67000 9474 97.3345
0.67250 9503 97.4833
0.67500 9240 96.1249
0.67750 8712 93.3381
0.68000 8944 94.5727
0.68250 8966 94.689
0.68500 8357 91.4166
0.68750 8777 93.6856
0.69000 8728 93.4238
0.69250 8369 91.4822
0.69500 8553 92.4824
0.69750 7764 88.1136
0.70000 8252 90.8405
0.70250 8550 92.4662
0.70500 8231 90.7249
0.70750 8161 90.3383
0.71000 7993 89.4036
0.71250 8152 90.2884
0.71500 8124 90.1332
0.71750 7571 87.0115
0.72000 7404 86.0465
0.72250 7479 86.4812
0.72500 7934 89.073
0.72750 7781 88.21
0.73000 7229 85.0235
0.73250 7533 86.7929
0.73500 7150 84.5577
0.73750 7094 84.2259
0.74000 7098 84.2496
0.74250 6706 81.8902
0.74500 7131 84.4452
0.74750 7182 84.7467
0.75000 6778 82.3286
0.75250 6477 80.4798
0.75500 6473 80.455
0.75750 6617 81.3449
0.76000 6893 83.0241
0.76250 6732 82.0488
0.76500 6445 80.2808
0.76750 6782 82.3529
0.77000 7026 83.8212
0.77250 6304 79.3977
0.77500 5889 76.7398
0.77750 6589 81.1727
0.78000 6316 79.4733
0.78250 6198 78.7274
0.78500 5987 77.3757
0.78750 5759 75.8881
0.79000 5768 75.9474
0.79250 5773 75.9803
0.79500 5639 75.0933
0.79750 5533 74.3841
0.80000 5669 75.2928
0.80250 5811 76.2299
0.80500 5645 75.1332
0.80750 5402 73.4983
0.81000 5562 74.5788
0.81250 5634 75.06
0.81500 5467 73.9392
0.81750 5507 74.2092
0.82000 5584 74.7262
0.82250 5618 74.9533
0.82500 5463 73.9121
0.82750 5694 75.4586
0.83000 5500 74.162
0.83250 5299 72.7942
0.83500 4630 68.0441
0.83750 4772 69.0797
0.84000 5203 72.1318
0.84250 5193 72.0625
0.84500 5312 72.8835
0.84750 4984 70.5975
0.85000 4826 69.4694
0.85250 4908 70.0571
0.85500 4923 70.1641
0.85750 5038 70.9789
0.86000 4882 69.8713
0.86250 4941 70.2922
0.86500 4951 70.3633
0.86750 4653 68.2129
0.87000 4579 67.6683
0.87250 4569 67.5944
0.87500 4423 66.5056
0.87750 4752 68.9348
0.88000 4667 68.3154
0.88250 4683 68.4324
0.88500 4562 67.5426
0.88750 4515 67.1937
0.89000 4262 65.284
0.89250 4395 66.2948
0.89500 4457 66.7608
0.89750 4554 67.4833
0.90000 4299 65.5668
0.90250 4153 64.4438
0.90500 4253 65.215
0.90750 4177 64.6297
0.91000 4110 64.1093
0.91250 4087 63.9296
0.91500 4125 64.2262
0.91750 4159 64.4903
0.92000 4073 63.8201
0.92250 4442 66.6483
0.92500 4094 63.9844
0.92750 4122 64.2028
0.93000 4124 64.2184
0.93250 4225 65
0.93500 4052 63.6553
0.93750 4239 65.1076
0.94000 4134 64.2962
0.94250 4083 63.8984
0.94500 4273 65.3682
0.94750 4209 64.8768
0.95000 3856 62.0967
0.95250 3754 61.2699
0.95500 3798 61.6279
0.95750 3877 62.2656
0.96000 3742 61.1719
0.96250 3651 60.4235
0.96500 3752 61.2536
0.96750 3667 60.5558
0.97000 3941 62.7774
0.97250 3541 59.5063
0.97500 3488 59.0593
0.97750 3709 60.9016
0.98000 3608 60.0666
0.98250 3580 59.8331
0.98500 3690 60.7454
0.98750 3497 59.1354
0.99000 3622 60.1831
0.99250 3618 60.1498
0.99500 3401 58.3181
0.99750 3425 58.5235
1.00000 3567 59.7244
1.00250 3417 58.4551
1.00500 3174 56.3383
1.00750 3360 57.9655
1.01000 3431 58.5747
1.01250 3312 57.55
1.01500 3369 58.0431
1.01750 3119 55.848
1.02000 3341 57.8014
1.02250 3513 59.2706
1.02500 3386 58.1893
1.02750 3279 57.2626
1.03000 3177 56.3649
1.03250 3217 56.7186
1.03500 3389 58.2151
1.03750 3187 56.4535
1.04000 2951 54.3231
1.04250 3012 54.8817
1.04500 3245 56.9649
1.04750 3085 55.5428
1.05000 2993 54.7083
1.05250 3002 54.7905
1.05500 3072 55.4256
1.05750 3122 55.8749
1.06000 3177 56.3649
1.06250 3048 55.2087
1.06500 2758 52.5167
1.06750 2936 54.1849
1.07000 2865 53.5257
1.07250 3064 55.3534
1.07500 3200 56.5685
1.07750 3051 55.2359
1.08000 2951 54.3231
1.08250 2861 53.4883
1.08500 2872 53.591
1.08750 2704 52
1.09000 2843 53.3198
1.09250 2931 54.1387
1.09500 2990 54.6809
1.09750 2897 53.8238
1.10000 2689 51.8556
1.10250 2557 50.5668
1.10500 2494 49.94
1.10750 2649 51.4684
1.11000 2641 51.3907
1.11250 2747 52.4118
1.11500 2770 52.6308
1.11750 2813 53.0377
1.12000 2801 52.9245
1.12250 2967 54.4702
1.12500 2860 53.479
1.12750 2620 51.1859
1.13000 2605 51.0392
1.13250 2610 51.0882
1.13500 2611 51.0979
1.13750 2885 53.7122
1.14000 2714 52.0961
1.14250 2642 51.4004
1.14500 2686 51.8266
1.14750 2884 53.7029
1.15000 2830 53.1977
1.15250 2678 51.7494
1.15500 2759 52.5262
1.15750 2632 51.303
1.16000 2610 51.0882
1.16250 2711 52.0673
1.16500 2608 51.0686
1.16750 2751 52.45
1.17000 2495 49.95
1.17250 2363 48.6107
1.17500 2496 49.96
1.17750 2539 50.3885
1.18000 2732 52.2685
1.18250 2434 49.3356
1.18500 2573 50.7247
1.18750 2538 50.3786
1.19000 2581 50.8035
1.19250 2428 49.2747
1.19500 2233 47.2546
1.19750 2164 46.5188
1.20000 2236 47.2864
1.20250 2490 49.8999
1.20500 2688 51.8459
1.20750 2616 51.1468
1.21000 2436 49.3559
1.21250 2365 48.6313
1.21500 2462 49.6185
1.21750 2425 49.2443
1.22000 2463 49.6286
1.22250 2578 50.774
1.22500 2467 49.6689
1.22750 2374 48.7237
1.23000 2511 50.1099
1.23250 2279 47.7389
1.23500 2363 48.6107
1.23750 2507 50.07
1.24000 2423 49.224
1.24250 2303 47.9896
1.24500 2288 47.833
1.24750 2323 48.1975
1.25000 2232 47.244
1.25250 2202 46.9255
1.25500 2267 47.613
1.25750 2349 48.4665
1.26000 2479 49.7896
1.26250 2137 46.2277
1.26500 2135 46.2061
1.26750 2270 47.6445
1.27000 2326 48.2286
1.27250 2229 47.2123
1.27500 2347 48.4458
1.27750 2241 47.3392
1.28000 1969 44.3734
1.28250 2145 46.3141
1.28500 2274 47.6865
1.28750 2112 45.9565
1.29000 2218 47.0956
1.29250 2272 47.6655
1.29500 2140 46.2601
1.29750 2203 46.9361
1.30000 2266 47.6025
1.30250 2243 47.3603
1.30500 2231 47.2335
1.30750 2207 46.9787
1.31000 2218 47.0956
1.31250 2197 46.8722
1.31500 2379 48.775
1.31750 2225 47.1699
1.32000 1942 44.0681
1.32250 2045 45.2217
1.32500 2086 45.6727
1.32750 2228 47.2017
1.33000 2220 47.1169
1.33250 2146 46.3249
1.33500 1996 44.6766
1.33750 2006 44.7884
1.34000 2159 46.465
1.34250 2273 47.676
1.34500 2199 46.8935
1.34750 2014 44.8776
1.35000 2110 45.9347
1.35250 2211 47.0213
1.35500 2147 46.3357
1.35750 2227 47.1911
1.36000 1922 43.8406
1.36250 1778 42.1663
1.36500 2026 45.0111
1.36750 1887 43.4396
1.37000 2067 45.4643
1.37250 2128 46.1303
1.37500 1989 44.5982
1.37750 1951 44.1701
1.38000 1963 44.3058
1.38250 1815 42.6028
1.38500 1659 40.7308
1.38750 1831 42.7902
1.39000 2051 45.288
1.39250 2110 45.9347
1.39500 1931 43.9431
1.39750 2012 44.8553
1.40000 2140 46.2601
1.40250 1869 43.2319
1.40500 1691 41.1218
1.40750 1773 42.107
1.41000 1831 42.7902
1.41250 2066 45.4533
1.41500 1907 43.6692
1.41750 1846 42.9651
1.42000 1879 43.3474
1.42250 2015 44.8888
1.42500 1819 42.6497
1.42750 1732 41.6173
1.43000 1856 43.0813
1.43250 1757 41.9166
1.43500 1908 43.6807
1.43750 2038 45.1442
1.44000 1900 43.589
1.44250 1714 41.4005
1.44500 1607 40.0874
1.44750 2032 45.0777
1.45000 1824 42.7083
1.45250 1917 43.7836
1.45500 1795 42.3674
1.45750 2003 44.7549
1.46000 1925 43.8748
1.46250 1821 42.6732
1.46500 1969 44.3734
1.46750 1923 43.852
1.47000 1808 42.5206
1.47250 1898 43.566
1.47500 1729 41.5812
1.47750 1875 43.3013
1.48000 1871 43.2551
1.48250 1836 42.8486
1.48500 1859 43.1161
1.48750 2055 45.3321
1.49000 1523 39.0256
1.49250 1759 41.9404
1.49500 1889 43.4626
1.49750 1635 40.4351
1.50000 1415 37.6165
1.50250 1825 42.72
1.50500 2074 45.5412
1.50750 1911 43.715
1.51000 1788 42.2847
1.51250 1721 41.4849
1.51500 1817 42.6263
1.51750 1912 43.7264
1.52000 1718 41.4488
1.52250 1755 41.8927
1.52500 1711 41.3642
1.52750 1596 39.95
1.53000 1739 41.7013
1.53250 1696 41.1825
1.53500 1620 40.2492
1.53750 1442 37.9737
1.54000 1630 40.3733
1.54250 1475 38.4057
1.54500 1573 39.6611
1.54750 1679 40.9756
1.55000 1867 43.2088
1.55250 1900 43.589
1.55500 1751 41.845
1.55750 1821 42.6732
1.56000 1506 38.8072
1.56250 1648 40.5956
1.56500 1626 40.3237
1.56750 1679 40.9756
1.57000 1519 38.9744
1.57250 1653 40.6571
1.57500 1614 40.1746
1.57750 1753 41.8688
1.58000 1708 41.328
1.58250 1659 40.7308
1.58500 1804 42.4735
1.58750 1829 42.7668
1.59000 1763 41.9881
1.59250 1718 41.4488
1.59500 1592 39.8999
1.59750 1667 40.8289
1.60000 1692 41.1339
1.60250 1645 40.5586
1.60500 1420 37.6829
1.60750 1564 39.5474
1.61000 1528 39.0896
1.61250 1733 41.6293
1.61500 1673 40.9023
1.61750 1809 42.5323
1.62000 1706 41.3038
1.62250 1605 40.0625
1.62500 1642 40.5216
1.62750 1700 41.2311
1.63000 1711 41.3642
1.63250 1677 40.9512
1.63500 1599 39.9875
1.63750 1729 41.5812
1.64000 1646 40.5709
1.64250 1759 41.9404
1.64500 1626 40.3237
1.64750 1632 40.398
1.65000 1617 40.2119
1.65250 1581 39.7618
1.65500 1674 40.9145
1.65750 1715 41.4126
1.66000 1682 41.0122
1.66250 1676 40.939
1.66500 1620 40.2492
1.66750 1632 40.398
1.67000 1606 40.0749
1.67250 1628 40.3485
1.67500 1613 40.1622
1.67750 1553 39.4081
1.68000 1660 40.7431
1.68250 1596 39.95
1.68500 1565 39.5601
1.68750 1585 39.8121
1.69000 1489 38.5876
1.69250 1564 39.5474
1.69500 1555 39.4335
1.69750 1576 39.6989
1.70000 1513 38.8973
1.70250 1605 40.0625
1.70500 1555 39.4335
1.70750 1564 39.5474
1.71000 1557 39.4588
1.71250 1646 40.5709
1.71500 1586 39.8246
1.71750 1468 38.3145
1.72000 1462 38.2361
1.72250 1500 38.7298
1.72500 1550 39.37
1.72750 1454 38.1314
1.73000 1455 38.1445
1.73250 1484 38.5227
1.73500 1470 38.3406
1.73750 1626 40.3237
1.74000 1504 38.7814
1.74250 1377 37.108
1.74500 1402 37.4433
1.74750 1487 38.5616
1.75000 1488 38.5746
1.75250 1416 37.6298
1.75500 1277 35.7351
1.75750 1392 37.3095
1.76000 1481 38.4838
1.76250 1476 38.4187
1.76500 1492 38.6264
1.76750 1509 38.8458
1.77000 1501 38.7427
1.77250 1447 38.0395
1.77500 1378 37.1214
1.77750 1395 37.3497
1.78000 1525 39.0512
1.78250 1520 38.9872
1.78500 1485 38.5357
1.78750 1591 39.8873
1.79000 1451 38.092
1.79250 1406 37.4967
1.79500 1432 37.8418
1.79750 1457 38.1707
1.80000 1438 37.921
1.80250 1408 37.5233
1.80500 1449 38.0657
1.80750 1486 38.5487
1.81000 1507 38.8201
1.81250 1475 38.4057
1.81500 1477 38.4318
1.81750 1501 38.7427
1.82000 1401 37.4299
1.82250 1249 35.3412
1.82500 1306 36.1386
1.82750 1339 36.5923
1.83000 1367 36.973
1.83250 1615 40.1871
1.83500 1606 40.0749
1.83750 1339 36.5923
1.84000 1298 36.0278
1.84250 1486 38.5487
1.84500 1447 38.0395
1.84750 1285 35.8469
1.85000 1310 36.1939
1.85250 1396 37.3631
1.85500 1456 38.1576
1.85750 1397 37.3765
1.86000 1287 35.8748
1.86250 1419 37.6696
1.86500 1436 37.8946
1.86750 1392 37.3095
1.87000 1476 38.4187
1.87250 1430 37.8153
1.87500 1398 37.3898
1.87750 1301 36.0694
1.88000 1332 36.4966
1.88250 1330 36.4692
1.88500 1389 37.2693
1.88750 1445 38.0132
1.89000 1295 35.9861
1.89250 1269 35.623
1.89500 1381 37.1618
1.89750 1460 38.2099
1.90000 1341 36.6197
1.90250 1415 37.6165
1.90500 1428 37.7889
1.90750 1371 37.027
1.91000 1273 35.6791
1.91250 1403 37.4566
1.91500 1446 38.0263
1.91750 1396 37.3631
1.92000 1367 36.973
1.92250 1353 36.7831
1.92500 1314 36.2491
1.92750 1281 35.7911
1.93000 1348 36.7151
1.93250 1273 35.6791
1.93500 1341 36.6197
1.93750 1355 36.8103
1.94000 1268 35.609
1.94250 1356 36.8239
1.94500 1354 36.7967
1.94750 1413 37.5899
1.95000 1316 36.2767
1.95250 1324 36.3868
1.95500 1358 36.8511
1.95750 1313 36.2353
1.96000 1308 36.1663
1.96250 1371 37.027
1.96500 1369 37
1.96750 1348 36.7151
1.97000 1352 36.7696
1.97250 1297 36.0139
1.97500 1226 35.0143
1.97750 1304 36.1109
1.98000 1293 35.9583
1.98250 1297 36.0139
1.98500 1576 39.6989
1.98750 1504 38.7814
1.99000 1332 36.4966
1.99250 1287 35.8748
1.99500 1326 36.4143
1.99750 1357 36.8375
2.00000 1328 36.4417
2.00250 1322 36.3593
2.00500 1296 36
2.00750 1368 36.9865
2.01000 1377 37.108
2.01250 1385 37.2156
2.01500 1371 37.027
2.01750 1341 36.6197
2.02000 1442 37.9737
2.02250 1382 37.1753
2.02500 1291 35.9305
2.02750 1351 36.756
2.03000 1282 35.805
2.03250 1201 34.6554
2.03500 1212 34.8138
2.03750 1231 35.0856
2.04000 1257 35.4542
2.04250 1317 36.2905
2.04500 1249 35.3412
2.04750 1303 36.0971
2.05000 1286 35.8608
2.05250 1262 35.5246
2.05500 1244 35.2704
2.05750 1248 35.327
2.06000 1329 36.4555
2.06250 1258 35.4683
2.06500 1260 35.4965
2.06750 1337 36.565
2.07000 1324 36.3868
2.07250 1129 33.6006
2.07500 1159 34.0441
2.07750 1206 34.7275
2.08000 1272 35.6651
2.08250 1362 36.9053
2.08500 1288 35.8887
2.08750 1254 35.4119
2.09000 1275 35.7071
2.09250 1272 35.6651
2.09500 1222 34.9571
2.09750 1333 36.5103
2.10000 1339 36.5923
2.10250 1324 36.3868
2.10500 1277 35.7351
2.10750 1229 35.0571
2.11000 1269 35.623
2.11250 1287 35.8748
2.11500 1222 34.9571
2.11750 1210 34.7851
2.12000 1144 33.8231
2.12250 1161 34.0735
2.12500 1337 36.565
2.12750 1275 35.7071
2.13000 1170 34.2053
2.13250 1252 35.3836
2.13500 1297 36.0139
2.13750 1207 34.7419
2.14000 1167 34.1614
2.14250 1180 34.3511
2.14500 1205 34.7131
2.14750 1282 35.805
2.15000 1279 35.7631
2.15250 1241 35.2278
2.15500 1281 35.7911
2.15750 1340 36.606
2.16000 1252 35.3836
2.16250 1179 34.3366
2.16500 1235 35.1426
2.16750 1235 35.1426
2.17000 1226 35.0143
2.17250 1235 35.1426
2.17500 1160 34.0588
2.17750 1171 34.2199
2.18000 1250 35.3553
2.18250 1269 35.623
2.18500 1227 35.0286
2.18750 1231 35.0856
2.19000 1122 33.4963
2.19250 1168 34.176
2.19500 1172 34.2345
2.19750 1260 35.4965
2.20000 1279 35.7631
2.20250 1186 34.4384
2.20500 1133 33.6601
2.20750 1150 33.9116
2.21000 1170 34.2053
2.21250 1180 34.3511
2.21500 1254 35.4119
2.21750 1265 35.5668
2.22000 1232 35.0999
2.22250 1163 34.1028
2.22500 1160 34.0588
2.22750 1213 34.8281
2.23000 1260 35.4965
2.23250 1253 35.3977
2.23500 1217 34.8855
2.23750 1239 35.1994
2.24000 1204 34.6987
2.24250 1117 33.4215
2.24500 1203 34.6843
2.24750 1261 35.5106
2.25000 1281 35.7911
2.25250 1249 35.3412
2.25500 1233 35.1141
2.25750 1233 35.1141
2.26000 1247 35.3129
2.26250 1255 35.426
2.26500 1245 35.2846
2.26750 1228 35.0428
2.27000 1170 34.2053
2.27250 1159 34.0441
2.27500 1207 34.7419
2.27750 1294 35.9722
2.28000 1195 34.5688
2.28250 1175 34.2783
2.28500 1210 34.7851
2.28750 1262 35.5246
2.29000 1277 35.7351
2.29250 1164 34.1174
2.29500 1243 35.2562
2.29750 1206 34.7275
2.30000 1106 33.2566
2.30250 1108 33.2866
2.30500 1122 33.4963
2.30750 1174 34.2637
2.31000 1164 34.1174
2.31250 1193 34.5398
2.31500 1244 35.2704
2.31750 1201 34.6554
2.32000 1217 34.8855
2.32250 1223 34.9714
2.32500 1244 35.2704
2.32750 1207 34.7419
2.33000 1205 34.7131
2.33250 1361 36.8917
2.33500 1348 36.7151
2.33750 1330 36.4692
2.34000 1259 35.4824
2.34250 1309 36.1801
2.34500 1357 36.8375
2.34750 1406 37.4967
2.35000 1375 37.081
2.35250 1362 36.9053
2.35500 1425 37.7492
2.35750 1532 39.1408
2.36000 1604 40.05
2.36250 1696 41.1825
2.36500 1802 42.45
2.36750 1696 41.1825
2.37000 1769 42.0595
2.37250 1867 43.2088
2.37500 2020 44.9444
2.37750 2126 46.1086
2.38000 2514 50.1398
2.38250 2623 51.2152
2.38500 2956 54.3691
2.38750 3421 58.4893
2.39000 3834 61.9193
2.39250 4104 64.0625
2.39500 4651 68.1982
2.39750 5235 72.3533
2.40000 6218 78.8543
2.40250 7060 84.0238
2.40500 8064 89.7998
2.40750 9074 95.2575
2.41000 10520 102.567
2.41250 11644 107.907
2.41500 12278 110.806
2.41750 11325 106.419
2.42000 9206 95.9479
2.42250 6624 81.388
2.42500 5021 70.859
2.42750 4024 63.435
2.43000 3231 56.8419
2.43250 2538 50.3786
2.43500 2165 46.5296
2.43750 1966 44.3396
2.44000 1675 40.9268
2.44250 1539 39.2301
2.44500 1612 40.1497
2.44750 1577 39.7115
2.45000 1415 37.6165
2.45250 1288 35.8887
2.45500 1268 35.609
2.45750 1303 36.0971
2.46000 1275 35.7071
2.46250 1270 35.6371
2.46500 1255 35.426
2.46750 1217 34.8855
2.47000 1126 33.5559
2.47250 1142 33.7935
2.47500 1268 35.609
2.47750 1211 34.7994
2.48000 1064 32.619
2.48250 1116 33.4066
2.48500 1204 34.6987
2.48750 1132 33.6452
2.49000 1093 33.0606
2.49250 1100 33.1662
2.49500 1219 34.9142
2.49750 1122 33.4963
2.50000 1064 32.619
2.50250 1096 33.1059
2.50500 1087 32.9697
2.50750 1094 33.0757
2.51000 1057 32.5115
2.51250 1111 33.3317
2.51500 1111 33.3317
2.51750 1119 33.4515
2.52000 1053 32.45
2.52250 1106 33.2566
2.52500 1025 32.0156
2.52750 1037 32.2025
2.53000 1072 32.7414
2.53250 1006 31.7175
2.53500 1071 32.7261
2.53750 1138 33.7343
2.54000 1088 32.9848
2.54250 1002 31.6544
2.54500 1102 33.1964
2.54750 1101 33.1813
2.55000 910 30.1662
2.55250 1029 32.078
2.55500 1079 32.8481
2.55750 1061 32.573
2.56000 1067 32.665
2.56250 1118 33.4365
2.56500 1083 32.909
2.56750 1080 32.8634
2.57000 1121 33.4813
2.57250 1068 32.6803
2.57500 1041 32.2645
2.57750 1007 31.7333
2.58000 980 31.305
2.58250 1093 33.0606
2.58500 1026 32.0312
2.58750 988 31.4325
2.59000 964 31.0483
2.59250 1113 33.3617
2.59500 1088 32.9848
2.59750 1126 33.5559
2.60000 1157 34.0147
2.60250 1156 34
2.60500 1178 34.322
2.60750 987 31.4166
2.61000 1019 31.9218
2.61250 997 31.5753
2.61500 1097 33.121
2.61750 1125 33.541
2.62000 1075 32.7872
2.62250 1044 32.311
2.62500 994 31.5278
2.62750 1076 32.8024
2.63000 1125 33.541
2.63250 1023 31.9844
2.63500 1011 31.7962
2.63750 1023 31.9844
2.64000 1063 32.6037
2.64250 1038 32.218
2.64500 1047 32.3574
2.64750 1087 32.9697
2.65000 1073 32.7567
2.65250 1069 32.6956
2.65500 1028 32.0624
2.65750 1031 32.1092
2.66000 1069 32.6956
2.66250 1100 33.1662
2.66500 1044 32.311
2.66750 1004 31.686
2.67000 984 31.3688
2.67250 1014 31.8434
2.67500 1093 33.0606
2.67750 1101 33.1813
2.68000 1090 33.0151
2.68250 1022 31.9687
2.68500 913 30.2159
2.68750 1073 32.7567
2.69000 1024 32
2.69250 911 30.1828
2.69500 950 30.8221
2.69750 1082 32.8938
2.70000 1115 33.3916
2.70250 1049 32.3883
2.70500 1135 33.6898
2.70750 1090 33.0151
2.71000 991 31.4802
2.71250 954 30.8869
2.71500 975 31.225
2.71750 1025 32.0156
2.72000 1016 31.8748
2.72250 1036 32.187
2.72500 1130 33.6155
2.72750 1103 33.2114
2.73000 1086 32.9545
2.73250 963 31.0322
2.73500 1043 32.2955
2.73750 1026 32.0312
2.74000 960 30.9839
2.74250 1013 31.8277
2.74500 1030 32.0936
2.74750 1044 32.311
2.75000 996 31.5595
2.75250 1024 32
2.75500 1026 32.0312
2.75750 1002 31.6544
2.76000 1048 32.3728
2.76250 980 31.305
2.76500 1003 31.6702
2.76750 1059 32.5423
2.77000 1015 31.8591
2.77250 1033 32.1403
2.77500 1042 32.28
2.77750 1044 32.311
2.78000 979 31.289
2.78250 981 31.3209
2.78500 969 31.1288
2.78750 990 31.4643
2.79000 1006 31.7175
2.79250 1044 32.311
2.79500 1041 32.2645
2.79750 956 30.9192
2.80000 956 30.9192
2.80250 988 31.4325
2.80500 969 31.1288
2.80750 1029 32.078
2.81000 995 31.5436
2.81250 996 31.5595
2.81500 1013 31.8277
2.81750 975 31.225
2.82000 983 31.3528
2.82250 1017 31.8904
2.82500 1002 31.6544
2.82750 1103 33.2114
2.83000 1064 32.619
2.83250 1053 32.45
2.83500 1018 31.9061
2.83750 962 31.0161
2.84000 1069 32.6956
2.84250 972 31.1769
2.84500 1064 32.619
2.84750 1003 31.6702
2.85000 1060 32.5576
2.85250 1106 33.2566
2.85500 1064 32.619
2.85750 988 31.4325
2.86000 961 31
2.86250 992 31.496
2.86500 989 31.4484
2.86750 1101 33.1813
2.87000 1045 32.3265
2.87250 981 31.3209
2.87500 1048 32.3728
2.87750 1051 32.4191
2.88000 1066 32.6497
2.88250 1034 32.1559
2.88500 979 31.289
2.88750 984 31.3688
2.89000 1022 31.9687
2.89250 954 30.8869
2.89500 958 30.9516
2.89750 1022 31.9687
2.90000 988 31.4325
2.90250 1054 32.4654
2.90500 991 31.4802
2.90750 1024 32
2.91000 872 29.5296
2.91250 869 29.4788
2.91500 978 31.273
2.91750 953 30.8707
2.92000 903 30.05
2.92250 1004 31.686
2.92500 990 31.4643
2.92750 903 30.05
2.93000 938 30.6268
2.93250 938 30.6268
2.93500 904 30.0666
2.93750 987 31.4166
2.94000 959 30.9677
2.94250 947 30.7734
2.94500 1143 33.8083
2.94750 975 31.225
2.95000 901 30.0167
2.95250 927 30.4467
2.95500 929 30.4795
2.95750 979 31.289
2.96000 991 31.4802
2.96250 990 31.4643
2.96500 1012 31.8119
2.96750 1043 32.2955
2.97000 1059 32.5423
2.97250 996 31.5595
2.97500 967 31.0966
2.97750 1011 31.7962
2.98000 995 31.5436
2.98250 968 31.1127
2.98500 1012 31.8119
2.98750 966 31.0805
2.99000 1070 32.7109
2.99250 966 31.0805
2.99500 1022 31.9687
2.99750 989 31.4484
3.00000 998 31.5911
3.00250 1003 31.6702
3.00500 942 30.692
3.00750 1013 31.8277
3.01000 1019 31.9218
3.01250 917 30.282
3.01500 924 30.3974
3.01750 1021 31.9531
3.02000 954 30.8869
3.02250 1028 32.0624
3.02500 1071 32.7261
3.02750 1117 33.4215
3.03000 1114 33.3766
3.03250 1024 32
3.03500 1042 32.28
3.03750 1076 32.8024
3.04000 1122 33.4963
3.04250 1092 33.0454
3.04500 1078 32.8329
3.04750 1005 31.7017
3.05000 949 30.8058
3.05250 1061 32.573
3.05500 1061 32.573
3.05750 1039 32.2335
3.06000 940 30.6594
3.06250 896 29.9333
3.06500 961 31
3.06750 1023 31.9844
3.07000 1010 31.7805
3.07250 960 30.9839
3.07500 964 31.0483
3.07750 1025 32.0156
3.08000 988 31.4325
3.08250 1034 32.1559
3.08500 1067 32.665
3.08750 961 31
3.09000 931 30.5123
3.09250 966 31.0805
3.09500 1054 32.4654
3.09750 913 30.2159
3.10000 908 30.133
3.10250 958 30.9516
3.10500 999 31.607
3.10750 979 31.289
3.11000 922 30.3645
3.11250 992 31.496
3.11500 1104 33.2265
3.11750 1007 31.7333
3.12000 972 31.1769
3.12250 943 30.7083
3.12500 974 31.209
3.12750 1015 31.8591
3.13000 928 30.4631
3.13250 862 29.3598
3.13500 936 30.5941
3.13750 938 30.6268
3.14000 900 30
3.14250 940 30.6594
3.14500 981 31.3209
3.14750 1008 31.749
3.15000 920 30.3315
3.15250 956 30.9192
3.15500 1066 32.6497
3.15750 1014 31.8434
3.16000 972 31.1769
3.16250 922 30.3645
3.16500 935 30.5778
3.16750 1009 31.7648
3.17000 1044 32.311
3.17250 954 30.8869
3.17500 938 30.6268
3.17750 973 31.1929
3.18000 945 30.7409
3.18250 919 30.315
3.18500 969 31.1288
3.18750 945 30.7409
3.19000 1033 32.1403
3.19250 1030 32.0936
3.19500 989 31.4484
3.19750 1063 32.6037
3.20000 942 30.692
3.20250 997 31.5753
3.20500 1072 32.7414
3.20750 993 31.5119
3.21000 973 31.1929
3.21250 994 31.5278
3.21500 1051 32.4191
3.21750 991 31.4802
3.22000 1030 32.0936
3.22250 1030 32.0936
3.22500 1109 33.3017
3.22750 1055 32.4808
3.23000 1111 33.3317
3.23250 1156 34
3.23500 1192 34.5254
3.23750 1062 32.5883
3.24000 1096 33.1059
3.24250 1115 33.3916
3.24500 1161 34.0735
3.24750 1077 32.8177
3.25000 1124 33.5261
3.25250 1122 33.4963
3.25500 1176 34.2929
3.25750 1208 34.7563
3.26000 1224 34.9857
3.26250 1256 35.4401
3.26500 1180 34.3511
3.26750 1219 34.9142
3.27000 1397 37.3765
3.27250 1310 36.1939
3.27500 1343 36.647
3.27750 1311 36.2077
3.28000 1359 36.8646
3.28250 1410 37.55
3.28500 1302 36.0832
3.28750 1425 37.7492
3.29000 1430 37.8153
3.29250 1372 37.0405
3.29500 1441 37.9605
3.29750 1564 39.5474
3.30000 1620 40.2492
3.30250 1664 40.7922
3.30500 1850 43.0116
3.30750 1901 43.6005
3.31000 2166 46.5403
3.31250 2397 48.9592
3.31500 2613 51.1175
3.31750 2897 53.8238
3.32000 2966 54.461
3.32250 3525 59.3717
3.32500 3998 63.2297
3.32750 4523 67.2533
3.33000 5379 73.3417
3.33250 6037 77.6981
3.33500 6836 82.6801
3.33750 8197 90.5373
3.34000 9102 95.4044
3.34250 11044 105.09
3.34500 12663 112.53
3.34750 15094 122.858
3.35000 17911 133.832
3.35250 20259 142.334
3.35500 22628 150.426
3.35750 24230 155.66
3.36000 24798 157.474
3.36250 24429 156.298
3.36500 22024 148.405
3.36750 18794 137.091
3.37000 14506 120.441
3.37250 10908 104.441
3.37500 8490 92.1412
3.37750 6416 80.0999
3.38000 5116 71.5262
3.38250 4232 65.0538
3.38500 3516 59.2959
3.38750 2965 54.4518
3.39000 2661 51.5849
3.39250 2275 47.697
3.39500 2003 44.7549
3.39750 1885 43.4166
3.40000 1709 41.3401
3.40250 1553 39.4081
3.40500 1460 38.2099
3.40750 1429 37.8021
3.41000 1415 37.6165
3.41250 1439 37.9342
3.41500 1312 36.2215
3.41750 1232 35.0999
3.42000 1279 35.7631
3.42250 1153 33.9559
3.42500 1112 33.3467
3.42750 1193 34.5398
3.43000 1193 34.5398
3.43250 1084 32.9242
3.43500 1172 34.2345
3.43750 1160 34.0588
3.44000 1097 33.121
3.44250 922 30.3645
3.44500 981 31.3209
3.44750 1026 32.0312
3.45000 915 30.249
3.45250 914 30.2324
3.45500 914 30.2324
3.45750 988 31.4325
3.46000 1004 31.686
3.46250 937 30.6105
3.46500 999 31.607
3.46750 905 30.0832
3.47000 1048 32.3728
3.47250 983 31.3528
3.47500 915 30.249
3.47750 970 31.1448
3.48000 952 30.8545
3.48250 956 30.9192
3.48500 904 30.0666
3.48750 922 30.3645
3.49000 949 30.8058
3.49250 977 31.257
3.49500 978 31.273
3.49750 920 30.3315
3.50000 934 30.5614
3.50250 991 31.4802
3.50500 882 29.6985
3.50750 874 29.5635
3.51000 938 30.6268
3.51250 932 30.5287
3.51500 979 31.289
3.51750 973 31.1929
3.52000 926 30.4302
3.52250 1042 32.28
3.52500 953 30.8707
3.52750 932 30.5287
3.53000 898 29.9666
3.53250 877 29.6142
3.53500 958 30.9516
3.53750 920 30.3315
3.54000 861 29.3428
3.54250 896 29.9333
3.54500 912 30.1993
3.54750 958 30.9516
3.55000 942 30.692
3.55250 940 30.6594
3.55500 1012 31.8119
3.55750 1048 32.3728
3.56000 981 31.3209
3.56250 916 30.2655
3.56500 971 31.1609
3.56750 1031 32.1092
3.57000 932 30.5287
3.57250 913 30.2159
3.57500 897 29.95
3.57750 932 30.5287
3.58000 867 29.4449
3.58250 886 29.7658
3.58500 879 29.6479
3.58750 890 29.8329
3.59000 930 30.4959
3.59250 850 29.1548
3.59500 830 28.8097
3.59750 860 29.3258
3.60000 868 29.4618
3.60250 901 30.0167
3.60500 983 31.3528
3.60750 1016 31.8748
3.61000 1013 31.8277
3.61250 940 30.6594
3.61500 903 30.05
3.61750 930 30.4959
3.62000 957 30.9354
3.62250 987 31.4166
3.62500 934 30.5614
3.62750 935 30.5778
3.63000 979 31.289
3.63250 985 31.3847
3.63500 945 30.7409
3.63750 973 31.1929
3.64000 1003 31.6702
3.64250 953 30.8707
3.64500 890 29.8329
3.64750 933 30.545
3.65000 910 30.1662
3.65250 888 29.7993
3.65500 928 30.4631
3.65750 946 30.7571
3.66000 963 31.0322
3.66250 975 31.225
3.66500 968 31.1127
3.66750 971 31.1609
3.67000 887 29.7825
3.67250 829 28.7924
3.67500 867 29.4449
3.67750 858 29.2916
3.68000 896 29.9333
3.68250 911 30.1828
3.68500 896 29.9333
3.68750 932 30.5287
3.69000 928 30.4631
3.69250 917 30.282
3.69500 1103 33.2114
3.69750 1037 32.2025
3.70000 964 31.0483
3.70250 977 31.257
3.70500 849 29.1376
3.70750 894 29.8998
3.71000 983 31.3528
3.71250 935 30.5778
3.71500 876 29.5973
3.71750 931 30.5123
3.72000 908 30.133
3.72250 937 30.6105
3.72500 839 28.9655
3.72750 835 28.8964
3.73000 945 30.7409
3.73250 1013 31.8277
3.73500 1071 32.7261
3.73750 999 31.607
3.74000 939 30.6431
3.74250 976 31.241
3.74500 1064 32.619
3.74750 1019 31.9218
3.75000 990 31.4643
3.75250 938 30.6268
3.75500 905 30.0832
3.75750 925 30.4138
3.76000 973 31.1929
3.76250 1093 33.0606
3.76500 1024 32
3.76750 1088 32.9848
3.77000 1093 33.0606
3.77250 1106 33.2566
3.77500 1156 34
3.77750 1014 31.8434
3.78000 1027 32.0468
3.78250 1102 33.1964
3.78500 1121 33.4813
3.78750 1107 33.2716
3.79000 1095 33.0908
3.79250 1143 33.8083
3.79500 1133 33.6601
3.79750 1155 33.9853
3.80000 1172 34.2345
3.80250 1199 34.6266
3.80500 1212 34.8138
3.80750 1221 34.9428
3.81000 1192 34.5254
3.81250 1246 35.2987
3.81500 1251 35.3695
3.81750 1415 37.6165
3.82000 1344 36.6606
3.82250 1248 35.327
3.82500 1243 35.2562
3.82750 1349 36.7287
3.83000 1391 37.2961
3.83250 1392 37.3095
3.83500 1433 37.855
3.83750 1502 38.7556
3.84000 1478 38.4448
3.84250 1473 38.3797
3.84500 1645 40.5586
3.84750 1688 41.0853
3.85000 1777 42.1545
3.85250 1725 41.5331
3.85500 1806 42.4971
3.85750 1971 44.3959
3.86000 1978 44.4747
3.86250 2008 44.8107
3.86500 2112 45.9565
3.86750 2321 48.1768
3.87000 2245 47.3814
3.87250 2222 47.1381
3.87500 2434 49.3356
3.87750 2487 49.8698
3.88000 2473 49.7293
3.88250 2698 51.9423
3.88500 2804 52.9528
3.88750 2873 53.6004
3.89000 2963 54.4334
3.89250 3299 57.4369
3.89500 3719 60.9836
3.89750 4025 63.4429
3.90000 4153 64.4438
3.90250 4580 67.6757
3.90500 5265 72.5603
3.90750 6186 78.6511
3.91000 6566 81.0309
3.91250 7479 86.4812
3.91500 8706 93.3059
3.91750 9782 98.904
3.92000 11482 107.154
3.92250 13144 114.647
3.92500 15462 124.346
3.92750 16545 128.627
3.93000 19436 139.413
3.93250 22540 150.133
3.93500 26069 161.459
3.93750 33215 182.25
3.94000 38765 196.888
3.94250 46604 215.88
3.94500 57969 240.768
3.94750 69314 263.276
3.95000 83176 288.402
3.95250 94184 306.894
3.95500 102357 319.933
3.95750 110714 332.737
3.96000 114569 338.48
3.96250 109603 331.063
3.96500 97159 311.703
3.96750 77273 277.98
3.97000 57482 239.754
3.97250 44139 210.093
3.97500 32068 179.075
3.97750 24239 155.689
3.98000 18916 137.535
3.98250 14540 120.582
3.98500 11624 107.815
3.98750 9440 97.1597
3.99000 8310 91.1592
3.99250 7094 84.2259
3.99500 5728 75.6836
3.99750 4948 70.342
4.00000 4594 67.7791
4.00250 4063 63.7417
4.00500 3805 61.6847
4.00750 3431 58.5747
4.01000 3237 56.8946
4.01250 2933 54.1572
4.01500 2670 51.672
4.01750 2541 50.4083
4.02000 2325 48.2183
4.02250 2150 46.3681
4.02500 1872 43.2666
4.02750 1749 41.821
4.03000 1690 41.1096
4.03250 1677 40.9512
4.03500 1572 39.6485
4.03750 1526 39.064
4.04000 1530 39.1152
4.04250 1472 38.3667
4.04500 1359 36.8646
4.04750 1308 36.1663
4.05000 1256 35.4401
4.05250 1260 35.4965
4.05500 1211 34.7994
4.05750 1165 34.1321
4.06000 1159 34.0441
4.06250 1230 35.0714
4.06500 1216 34.8712
4.06750 1205 34.7131
4.07000 1169 34.1906
4.07250 1084 32.9242
4.07500 1033 32.1403
4.07750 1071 32.7261
4.08000 1061 32.573
4.08250 1022 31.9687
4.08500 1085 32.9393
4.08750 1006 31.7175
4.09000 971 31.1609
4.09250 993 31.5119
4.09500 1017 31.8904
4.09750 1060 32.5576
4.10000 1056 32.4962
4.10250 1099 33.1512
4.10500 1143 33.8083
4.10750 1070 32.7109
4.11000 1036 32.187
4.11250 1128 33.5857
4.11500 1142 33.7935
4.11750 1159 34.0441
4.12000 1132 33.6452
4.12250 1102 33.1964
4.12500 1076 32.8024
4.12750 1079 32.8481
4.13000 976 31.241
4.13250 862 29.3598
4.13500 882 29.6985
4.13750 931 30.5123
4.14000 948 30.7896
4.14250 933 30.545
4.14500 934 30.5614
4.14750 943 30.7083
4.15000 921 30.348
4.15250 914 30.2324
4.15500 890 29.8329
4.15750 856 29.2575
4.16000 875 29.5804
4.16250 864 29.3939
4.16500 922 30.3645
4.16750 876 29.5973
4.17000 868 29.4618
4.17250 827 28.7576
4.17500 801 28.3019
4.17750 881 29.6816
4.18000 875 29.5804
4.18250 866 29.4279
4.18500 929 30.4795
4.18750 969 31.1288
4.19000 870 29.4958
4.19250 874 29.5635
4.19500 859 29.3087
4.19750 840 28.9828
4.20000 848 29.1204
4.20250 889 29.8161
4.20500 875 29.5804
4.20750 863 29.3769
4.21000 824 28.7054
4.21250 840 28.9828
4.21500 894 29.8998
4.21750 854 29.2233
4.22000 829 28.7924
4.22250 870 29.4958
4.22500 776 27.8568
4.22750 910 30.1662
4.23000 923 30.3809
4.23250 861 29.3428
4.23500 887 29.7825
4.23750 890 29.8329
4.24000 894 29.8998
4.24250 888 29.7993
4.24500 826 28.7402
4.24750 792 28.1425
4.25000 833 28.8617
4.25250 908 30.133
4.25500 873 29.5466
4.25750 839 28.9655
4.26000 851 29.1719
4.26250 833 28.8617
4.26500 878 29.6311
4.26750 887 29.7825
4.27000 851 29.1719
4.27250 862 29.3598
4.27500 887 29.7825
4.27750 920 30.3315
4.28000 899 29.9833
4.28250 832 28.8444
4.28500 795 28.1957
4.28750 869 29.4788
4.29000 794 28.178
4.29250 821 28.6531
4.29500 852 29.189
4.29750 852 29.189
4.30000 795 28.1957
4.30250 812 28.4956
4.30500 857 29.2746
4.30750 858 29.2916
4.31000 817 28.5832
4.31250 834 28.8791
4.31500 812 28.4956
4.31750 797 28.2312
4.32000 858 29.2916
4.32250 802 28.3196
4.32500 845 29.0689
4.32750 903 30.05
4.33000 854 29.2233
4.33250 779 27.9106
4.33500 831 28.8271
4.33750 869 29.4788
4.34000 844 29.0517
4.34250 819 28.6182
4.34500 812 28.4956
4.34750 876 29.5973
4.35000 861 29.3428
4.35250 867 29.4449
4.35500 851 29.1719
4.35750 825 28.7228
4.36000 815 28.5482
4.36250 785 28.0179
4.36500 799 28.2666
4.36750 816 28.5657
4.37000 800 28.2843
4.37250 846 29.0861
4.37500 785 28.0179
4.37750 867 29.4449
4.38000 825 28.7228
4.38250 743 27.258
4.38500 780 27.9285
4.38750 878 29.6311
4.39000 805 28.3725
4.39250 838 28.9482
4.39500 841 29
4.39750 813 28.5132
4.40000 818 28.6007
4.40250 876 29.5973
4.40500 864 29.3939
4.40750 814 28.5307
4.41000 812 28.4956
4.41250 783 27.9821
4.41500 768 27.7128
4.41750 791 28.1247
4.42000 855 29.2404
4.42250 864 29.3939
4.42500 825 28.7228
4.42750 829 28.7924
4.43000 823 28.688
4.43250 754 27.4591
4.43500 813 28.5132
4.43750 771 27.7669
4.44000 798 28.2489
4.44250 837 28.931
4.44500 842 29.0172
4.44750 819 28.6182
4.45000 838 28.9482
4.45250 890 29.8329
4.45500 796 28.2135
4.45750 779 27.9106
4.46000 808 28.4253
4.46250 821 28.6531
4.46500 789 28.0891
4.46750 771 27.7669
4.47000 788 28.0713
4.47250 878 29.6311
4.47500 847 29.1033
4.47750 790 28.1069
4.48000 832 28.8444
4.48250 829 28.7924
4.48500 754 27.4591
4.48750 811 28.4781
4.49000 783 27.9821
4.49250 897 29.95
4.49500 864 29.3939
4.49750 783 27.9821
4.50000 830 28.8097
4.50250 813 28.5132
4.50500 799 28.2666
4.50750 747 27.3313
4.51000 804 28.3549
4.51250 803 28.3373
4.51500 772 27.7849
4.51750 804 28.3549
4.52000 768 27.7128
4.52250 799 28.2666
4.52500 824 28.7054
4.52750 858 29.2916
4.53000 782 27.9643
4.53250 787 28.0535
4.53500 783 27.9821
4.53750 827 28.7576
4.54000 822 28.6705
4.54250 825 28.7228
4.54500 782 27.9643
4.54750 757 27.5136
4.55000 756 27.4955
4.55250 788 28.0713
4.55500 798 28.2489
4.55750 797 28.2312
4.56000 787 28.0535
4.56250 820 28.6356
4.56500 806 28.3901
4.56750 817 28.5832
4.57000 863 29.3769
4.57250 782 27.9643
4.57500 798 28.2489
4.57750 751 27.4044
4.58000 769 27.7308
4.58250 812 28.4956
4.58500 805 28.3725
4.58750 807 28.4077
4.59000 800 28.2843
4.59250 766 27.6767
4.59500 768 27.7128
4.59750 830 28.8097
4.60000 791 28.1247
4.60250 772 27.7849
4.60500 763 27.6225
4.60750 806 28.3901
4.61000 806 28.3901
4.61250 785 28.0179
4.61500 791 28.1247
4.61750 780 27.9285
4.62000 809 28.4429
4.62250 812 28.4956
4.62500 744 27.2764
4.62750 830 28.8097
4.63000 861 29.3428
4.63250 844 29.0517
4.63500 813 28.5132
4.63750 809 28.4429
4.64000 778 27.8927
4.64250 813 28.5132
4.64500 800 28.2843
4.64750 810 28.4605
4.65000 762 27.6043
4.65250 713 26.7021
4.65500 787 28.0535
4.65750 795 28.1957
4.66000 805 28.3725
4.66250 853 29.2062
4.66500 798 28.2489
4.66750 814 28.5307
4.67000 865 29.4109
4.67250 813 28.5132
4.67500 835 28.8964
4.67750 811 28.4781
4.68000 848 29.1204
4.68250 818 28.6007
4.68500 848 29.1204
4.68750 810 28.4605
4.69000 818 28.6007
4.69250 815 28.5482
4.69500 849 29.1376
4.69750 831 28.8271
4.70000 853 29.2062
4.70250 876 29.5973
4.70500 850 29.1548
4.70750 859 29.3087
4.71000 909 30.1496
4.71250 856 29.2575
4.71500 882 29.6985
4.71750 884 29.7321
4.72000 834 28.8791
4.72250 872 29.5296
4.72500 862 29.3598
4.72750 914 30.2324
4.73000 929 30.4795
4.73250 849 29.1376
4.73500 865 29.4109
4.73750 935 30.5778
4.74000 953 30.8707
4.74250 916 30.2655
4.74500 983 31.3528
4.74750 1057 32.5115
4.75000 1058 32.5269
4.75250 1106 33.2566
4.75500 1181 34.3657
4.75750 1209 34.7707
4.76000 1251 35.3695
4.76250 1286 35.8608
4.76500 1390 37.2827
4.76750 1563 39.5348
4.77000 1697 41.1947
4.77250 1914 43.7493
4.77500 2221 47.1275
4.77750 2428 49.2747
4.78000 2852 53.4041
4.78250 3323 57.6455
4.78500 3836 61.9355
4.78750 4455 66.7458
4.79000 4933 70.2353
4.79250 5398 73.4711
4.79500 5540 74.4312
4.79750 5384 73.3757
4.80000 4891 69.9357
4.80250 4225 65
4.80500 3280 57.2713
4.80750 2575 50.7445
4.81000 2059 45.3762
4.81250 1804 42.4735
4.81500 1648 40.5956
4.81750 1461 38.223
4.82000 1467 38.3014
4.82250 1449 38.0657
4.82500 1355 36.8103
4.82750 1436 37.8946
4.83000 1391 37.2961
4.83250 1433 37.855
4.83500 1357 36.8375
4.83750 1358 36.8511
4.84000 1327 36.428
4.84250 1218 34.8999
4.84500 1123 33.5112
4.84750 1013 31.8277
4.85000 939 30.6431
4.85250 908 30.133
4.85500 898 29.9666
4.85750 847 29.1033
4.86000 869 29.4788
4.86250 862 29.3598
4.86500 915 30.249
4.86750 885 29.7489
4.87000 904 30.0666
4.87250 879 29.6479
4.87500 852 29.189
4.87750 868 29.4618
4.88000 784 28
4.88250 825 28.7228
4.88500 838 28.9482
4.88750 828 28.775
4.89000 761 27.5862
4.89250 732 27.0555
4.89500 801 28.3019
4.89750 812 28.4956
4.90000 699 26.4386
4.90250 757 27.5136
4.90500 809 28.4429
4.90750 758 27.5318
4.91000 761 27.5862
4.91250 776 27.8568
4.91500 771 27.7669
4.91750 745 27.2947
4.92000 817 28.5832
4.92250 864 29.3939
4.92500 797 28.2312
4.92750 791 28.1247
4.93000 808 28.4253
4.93250 802 28.3196
4.93500 822 28.6705
4.93750 811 28.4781
4.94000 813 28.5132
4.94250 799 28.2666
4.94500 778 27.8927
4.94750 768 27.7128
4.95000 814 28.5307
4.95250 821 28.6531
4.95500 823 28.688
4.95750 808 28.4253
4.96000 777 27.8747
4.96250 808 28.4253
4.96500 811 28.4781
4.96750 821 28.6531
4.97000 805 28.3725
4.97250 825 28.7228
4.97500 805 28.3725
4.97750 790 28.1069
4.98000 747 27.3313
4.98250 831 28.8271
4.98500 876 29.5973
4.98750 802 28.3196
4.99000 750 27.3861
4.99250 783 27.9821
4.99500 801 28.3019
4.99750 772 27.7849
5.00000 779 27.9106
5.00250 773 27.8029
5.00500 777 27.8747
5.00750 795 28.1957
5.01000 788 28.0713
5.01250 887 29.7825
5.01500 826 28.7402
5.01750 763 27.6225
5.02000 777 27.8747
5.02250 779 27.9106
5.02500 777 27.8747
5.02750 814 28.5307
5.03000 847 29.1033
5.03250 816 28.5657
5.03500 811 28.4781
5.03750 786 28.0357
5.04000 770 27.7489
5.04250 744 27.2764
5.04500 781 27.9464
5.04750 780 27.9285
5.05000 766 27.6767
5.05250 766 27.6767
5.05500 721 26.8514
5.05750 770 27.7489
5.06000 850 29.1548
5.06250 848 29.1204
5.06500 799 28.2666
5.06750 848 29.1204
5.07000 793 28.1603
5.07250 767 27.6948
5.07500 803 28.3373
5.07750 807 28.4077
5.08000 783 27.9821
5.08250 832 28.8444
5.08500 833 28.8617
5.08750 816 28.5657
5.09000 771 27.7669
5.09250 794 28.178
5.09500 801 28.3019
5.09750 792 28.1425
5.10000 796 28.2135
5.10250 808 28.4253
5.10500 776 27.8568
5.10750 818 28.6007
5.11000 818 28.6007
5.11250 804 28.3549
5.11500 788 28.0713
5.11750 758 27.5318
5.12000 750 27.3861
5.12250 834 28.8791
5.12500 748 27.3496
5.12750 742 27.2397
5.13000 827 28.7576
5.13250 810 28.4605
5.13500 808 28.4253
5.13750 794 28.178
5.14000 777 27.8747
5.14250 770 27.7489
5.14500 771 27.7669
5.14750 756 27.4955
5.15000 792 28.1425
5.15250 814 28.5307
5.15500 795 28.1957
5.15750 827 28.7576
5.16000 850 29.1548
5.16250 769 27.7308
5.16500 825 28.7228
5.16750 800 28.2843
5.17000 794 28.178
5.17250 783 27.9821
5.17500 795 28.1957
5.17750 811 28.4781
5.18000 765 27.6586
5.18250 770 27.7489
5.18500 775 27.8388
5.18750 782 27.9643
5.19000 835 28.8964
5.19250 798 28.2489
5.19500 764 27.6405
5.19750 780 27.9285
5.20000 787 28.0535
5.20250 777 27.8747
5.20500 799 28.2666
5.20750 808 28.4253
5.21000 762 27.6043
5.21250 736 27.1293
5.21500 769 27.7308
5.21750 770 27.7489
5.22000 797 28.2312
5.22250 739 27.1846
5.22500 769 27.7308
5.22750 742 27.2397
5.23000 756 27.4955
5.23250 774 27.8209
5.23500 827 28.7576
5.23750 808 28.4253
5.24000 780 27.9285
5.24250 807 28.4077
5.24500 833 28.8617
5.24750 797 28.2312
5.25000 799 28.2666
5.25250 800 28.2843
5.25500 806 28.3901
5.25750 859 29.3087
5.26000 835 28.8964
5.26250 803 28.3373
5.26500 832 28.8444
5.26750 787 28.0535
5.27000 744 27.2764
5.27250 786 28.0357
5.27500 775 27.8388
5.27750 792 28.1425
5.28000 821 28.6531
5.28250 817 28.5832
5.28500 808 28.4253
5.28750 755 27.4773
5.29000 768 27.7128
5.29250 797 28.2312
5.29500 814 28.5307
5.29750 827 28.7576
5.30000 761 27.5862
5.30250 778 27.8927
5.30500 772 27.7849
5.30750 833 28.8617
5.31000 813 28.5132
5.31250 750 27.3861
5.31500 816 28.5657
5.31750 767 27.6948
5.32000 767 27.6948
5.32250 752 27.4226
5.32500 732 27.0555
5.32750 740 27.2029
5.33000 802 28.3196
5.33250 801 28.3019
5.33500 802 28.3196
5.33750 779 27.9106
5.34000 735 27.1109
5.34250 761 27.5862
5.34500 734 27.0924
5.34750 802 28.3196
5.35000 831 28.8271
5.35250 814 28.5307
5.35500 762 27.6043
5.35750 787 28.0535
5.36000 841 29
5.36250 780 27.9285
5.36500 792 28.1425
5.36750 755 27.4773
5.37000 762 27.6043
5.37250 787 28.0535
5.37500 768 27.7128
5.37750 757 27.5136
5.38000 738 27.1662
5.38250 721 26.8514
5.38500 774 27.8209
5.38750 748 27.3496
5.39000 796 28.2135
5.39250 801 28.3019
5.39500 805 28.3725
5.39750 810 28.4605
5.40000 804 28.3549
5.40250 757 27.5136
5.40500 758 27.5318
5.40750 805 28.3725
5.41000 763 27.6225
5.41250 727 26.9629
5.41500 738 27.1662
5.41750 802 28.3196
5.42000 824 28.7054
5.42250 819 28.6182
5.42500 795 28.1957
5.42750 782 27.9643
5.43000 836 28.9137
5.43250 816 28.5657
5.43500 792 28.1425
5.43750 795 28.1957
5.44000 822 28.6705
5.44250 786 28.0357
5.44500 815 28.5482
5.44750 834 28.8791
5.45000 853 29.2062
5.45250 847 29.1033
5.45500 789 28.0891
5.45750 813 28.5132
5.46000 824 28.7054
5.46250 797 28.2312
5.46500 837 28.931
5.46750 842 29.0172
5.47000 815 28.5482
5.47250 826 28.7402
5.47500 804 28.3549
5.47750 791 28.1247
5.48000 780 27.9285
5.48250 768 27.7128
5.48500 769 27.7308
5.48750 796 28.2135
5.49000 818 28.6007
5.49250 826 28.7402
5.49500 810 28.4605
5.49750 765 27.6586
5.50000 804 28.3549
5.50250 776 27.8568
5.50500 780 27.9285
5.50750 757 27.5136
5.51000 772 27.7849
5.51250 791 28.1247
5.51500 781 27.9464
5.51750 795 28.1957
5.52000 765 27.6586
5.52250 783 27.9821
5.52500 796 28.2135
5.52750 809 28.4429
5.53000 824 28.7054
5.53250 823 28.688
5.53500 774 27.8209
5.53750 800 28.2843
5.54000 780 27.9285
5.54250 753 27.4408
5.54500 780 27.9285
5.54750 831 28.8271
5.55000 857 29.2746
5.55250 787 28.0535
5.55500 801 28.3019
5.55750 792 28.1425
5.56000 788 28.0713
5.56250 820 28.6356
5.56500 828 28.775
5.56750 850 29.1548
5.57000 849 29.1376
5.57250 837 28.931
5.57500 842 29.0172
5.57750 844 29.0517
5.58000 811 28.4781
5.58250 783 27.9821
5.58500 819 28.6182
5.58750 835 28.8964
5.59000 737 27.1477
5.59250 716 26.7582
5.59500 717 26.7769
5.59750 825 28.7228
5.60000 879 29.6479
5.60250 781 27.9464
5.60500 782 27.9643
5.60750 816 28.5657
5.61000 813 28.5132
5.61250 810 28.4605
5.61500 836 28.9137
5.61750 802 28.3196
5.62000 775 27.8388
5.62250 807 28.4077
5.62500 796 28.2135
5.62750 813 28.5132
5.63000 854 29.2233
5.63250 820 28.6356
5.63500 766 27.6767
5.63750 750 27.3861
5.64000 748 27.3496
5.64250 732 27.0555
5.64500 801 28.3019
5.64750 838 28.9482
5.65000 822 28.6705
5.65250 799 28.2666
5.65500 804 28.3549
5.65750 799 28.2666
5.66000 841 29
5.66250 852 29.189
5.66500 890 29.8329
5.66750 863 29.3769
5.67000 819 28.6182
5.67250 862 29.3598
5.67500 830 28.8097
5.67750 812 28.4956
5.68000 852 29.189
5.68250 837 28.931
5.68500 810 28.4605
5.68750 841 29
5.69000 843 29.0345
5.69250 802 28.3196
5.69500 821 28.6531
5.69750 840 28.9828
5.70000 870 29.4958
5.70250 825 28.7228
5.70500 814 28.5307
5.70750 750 27.3861
5.71000 839 28.9655
5.71250 806 28.3901
5.71500 816 28.5657
5.71750 865 29.4109
5.72000 869 29.4788
5.72250 875 29.5804
5.72500 862 29.3598
5.72750 886 29.7658
5.73000 889 29.8161
5.73250 853 29.2062
5.73500 894 29.8998
5.73750 963 31.0322
5.74000 980 31.305
5.74250 950 30.8221
5.74500 1090 33.0151
5.74750 1063 32.6037
5.75000 1127 33.5708
5.75250 1253 35.3977
5.75500 1285 35.8469
5.75750 1332 36.4966
5.76000 1513 38.8973
5.76250 1579 39.7366
5.76500 1678 40.9634
5.76750 1638 40.4722
5.77000 1599 39.9875
5.77250 1475 38.4057
5.77500 1274 35.6931
5.77750 1157 34.0147
5.78000 1055 32.4808
5.78250 1016 31.8748
5.78500 951 30.8383
5.78750 856 29.2575
5.79000 870 29.4958
5.79250 865 29.4109
5.79500 852 29.189
5.79750 864 29.3939
5.80000 890 29.8329
5.80250 870 29.4958
5.80500 837 28.931
5.80750 846 29.0861
5.81000 807 28.4077
5.81250 794 28.178
5.81500 844 29.0517
5.81750 918 30.2985
5.82000 890 29.8329
5.82250 858 29.2916
5.82500 874 29.5635
5.82750 836 28.9137
5.83000 776 27.8568
5.83250 795 28.1957
5.83500 806 28.3901
5.83750 808 28.4253
5.84000 870 29.4958
5.84250 860 29.3258
5.84500 846 29.0861
5.84750 809 28.4429
5.85000 822 28.6705
5.85250 833 28.8617
5.85500 842 29.0172
5.85750 836 28.9137
5.86000 869 29.4788
5.86250 847 29.1033
5.86500 866 29.4279
5.86750 875 29.5804
5.87000 881 29.6816
5.87250 882 29.6985
5.87500 851 29.1719
5.87750 827 28.7576
5.88000 768 27.7128
5.88250 884 29.7321
5.88500 811 28.4781
5.88750 777 27.8747
5.89000 785 28.0179
5.89250 782 27.9643
5.89500 802 28.3196
5.89750 829 28.7924
5.90000 811 28.4781
5.90250 847 29.1033
5.90500 887 29.7825
5.90750 844 29.0517
5.91000 808 28.4253
5.91250 832 28.8444
5.91500 849 29.1376
5.91750 837 28.931
5.92000 807 28.4077
5.92250 857 29.2746
5.92500 868 29.4618
5.92750 906 30.0998
5.93000 870 29.4958
5.93250 872 29.5296
5.93500 874 29.5635
5.93750 817 28.5832
5.94000 792 28.1425
5.94250 852 29.189
5.94500 861 29.3428
5.94750 796 28.2135
5.95000 781 27.9464
5.95250 826 28.7402
5.95500 906 30.0998
5.95750 839 28.9655
5.96000 825 28.7228
5.96250 868 29.4618
5.96500 872 29.5296
5.96750 820 28.6356
5.97000 811 28.4781
5.97250 835 28.8964
5.97500 798 28.2489
5.97750 783 27.9821
5.98000 793 28.1603
5.98250 859 29.3087
5.98500 834 28.8791
5.98750 843 29.0345
5.99000 830 28.8097
5.99250 785 28.0179
5.99500 836 28.9137
5.99750 829 28.7924
6.00000 849 29.1376
6.00250 909 30.1496
6.00500 876 29.5973
6.00750 861 29.3428
6.01000 801 28.3019
6.01250 826 28.7402
6.01500 850 29.1548
6.01750 870 29.4958
6.02000 881 29.6816
6.02250 872 29.5296
6.02500 873 29.5466
6.02750 861 29.3428
6.03000 857 29.2746
6.03250 855 29.2404
6.03500 863 29.3769
6.03750 804 28.3549
6.04000 845 29.0689
6.04250 846 29.0861
6.04500 814 28.5307
6.04750 843 29.0345
6.05000 841 29
6.05250 842 29.0172
6.05500 862 29.3598
6.05750 877 29.6142
6.06000 848 29.1204
6.06250 856 29.2575
6.06500 873 29.5466
6.06750 920 30.3315
6.07000 911 30.1828
6.07250 864 29.3939
6.07500 875 29.5804
6.07750 909 30.1496
6.08000 902 30.0333
6.08250 920 30.3315
6.08500 932 30.5287
6.08750 903 30.05
6.09000 920 30.3315
6.09250 892 29.8664
6.09500 877 29.6142
6.09750 913 30.2159
6.10000 881 29.6816
6.10250 861 29.3428
6.10500 884 29.7321
6.10750 921 30.348
6.11000 958 30.9516
6.11250 910 30.1662
6.11500 915 30.249
6.11750 947 30.7734
6.12000 944 30.7246
6.12250 950 30.8221
6.12500 942 30.692
6.12750 933 30.545
6.13000 943 30.7083
6.13250 981 31.3209
6.13500 961 31
6.13750 955 30.9031
6.14000 983 31.3528
6.14250 972 31.1769
6.14500 943 30.7083
6.14750 968 31.1127
6.15000 948 30.7896
6.15250 1008 31.749
6.15500 1011 31.7962
6.15750 1031 32.1092
6.16000 1072 32.7414
6.16250 1036 32.187
6.16500 1013 31.8277
6.16750 1018 31.9061
6.17000 1070 32.7109
6.17250 1102 33.1964
6.17500 1062 32.5883
6.17750 1091 33.0303
6.18000 1151 33.9264
6.18250 1195 34.5688
6.18500 1177 34.3074
6.18750 1181 34.3657
6.19000 1210 34.7851
6.19250 1232 35.0999
6.19500 1306 36.1386
6.19750 1313 36.2353
6.20000 1393 37.3229
6.20250 1398 37.3898
6.20500 1489 38.5876
6.20750 1589 39.8623
6.21000 1615 40.1871
6.21250 1645 40.5586
6.21500 1726 41.5452
6.21750 1790 42.3084
6.22000 1896 43.5431
6.22250 1919 43.8064
6.22500 2154 46.4112
6.22750 2223 47.1487
6.23000 2340 48.3735
6.23250 2448 49.4773
6.23500 2644 51.4198
6.23750 2999 54.7631
6.24000 3317 57.5934
6.24250 3602 60.0167
6.24500 4097 64.0078
6.24750 4678 68.3959
6.25000 5192 72.0555
6.25250 5859 76.5441
6.25500 6775 82.3104
6.25750 7756 88.0682
6.26000 8557 92.5041
6.26250 9470 97.3139
6.26500 10484 102.391
6.26750 11418 106.855
6.27000 12291 110.865
6.27250 13087 114.398
6.27500 13757 117.29
6.27750 14071 118.621
6.28000 13679 116.957
6.28250 13534 116.336
6.28500 13049 114.232
6.28750 12099 109.995
6.29000 10852 104.173
6.29250 9153 95.6713
6.29500 7541 86.8389
6.29750 6333 79.5801
6.30000 5385 73.3826
6.30250 4422 66.4981
6.30500 3863 62.153
6.30750 3362 57.9828
6.31000 2907 53.9166
6.31250 2661 51.5849
6.31500 2339 48.3632
6.31750 2150 46.3681
6.32000 1996 44.6766
6.32250 1752 41.8569
6.32500 1729 41.5812
6.32750 1598 39.975
6.33000 1529 39.1024
6.33250 1461 38.223
6.33500 1399 37.4032
6.33750 1309 36.1801
6.34000 1223 34.9714
6.34250 1194 34.5543
6.34500 1156 34
6.34750 1110 33.3167
6.35000 1075 32.7872
6.35250 1085 32.9393
6.35500 1057 32.5115
6.35750 1073 32.7567
6.36000 1054 32.4654
6.36250 1114 33.3766
6.36500 1068 32.6803
6.36750 1023 31.9844
6.37000 1045 32.3265
6.37250 1012 31.8119
6.37500 1015 31.8591
6.37750 963 31.0322
6.38000 969 31.1288
6.38250 1064 32.619
6.38500 1007 31.7333
6.38750 1034 32.1559
6.39000 996 31.5595
6.39250 986 31.4006
6.39500 1013 31.8277
6.39750 1003 31.6702
6.40000 928 30.4631
6.40250 935 30.5778
6.40500 985 31.3847
6.40750 961 31
6.41000 939 30.6431
6.41250 913 30.2159
6.41500 917 30.282
6.41750 946 30.7571
6.42000 968 31.1127
6.42250 992 31.496
6.42500 911 30.1828
6.42750 888 29.7993
6.43000 943 30.7083
6.43250 914 30.2324
6.43500 885 29.7489
6.43750 905 30.0832
6.44000 877 29.6142
6.44250 887 29.7825
6.44500 892 29.8664
6.44750 848 29.1204
6.45000 859 29.3087
6.45250 885 29.7489
6.45500 909 30.1496
6.45750 914 30.2324
6.46000 957 30.9354
6.46250 924 30.3974
6.46500 924 30.3974
6.46750 908 30.133
6.47000 869 29.4788
6.47250 868 29.4618
6.47500 852 29.189
6.47750 899 29.9833
6.48000 917 30.282
6.48250 914 30.2324
6.48500 900 30
6.48750 896 29.9333
6.49000 899 29.9833
6.49250 938 30.6268
6.49500 928 30.4631
6.49750 944 30.7246
6.50000 947 30.7734
6.50250 910 30.1662
6.50500 952 30.8545
6.50750 958 30.9516
6.51000 951 30.8383
6.51250 928 30.4631
6.51500 899 29.9833
6.51750 938 30.6268
6.52000 946 30.7571
6.52250 875 29.5804
6.52500 867 29.4449
6.52750 928 30.4631
6.53000 1002 31.6544
6.53250 931 30.5123
6.53500 941 30.6757
6.53750 975 31.225
6.54000 974 31.209
6.54250 983 31.3528
6.54500 1018 31.9061
6.54750 948 30.7896
6.55000 931 30.5123
6.55250 960 30.9839
6.55500 969 31.1288
6.55750 965 31.0644
6.56000 957 30.9354
6.56250 921 30.348
6.56500 976 31.241
6.56750 1001 31.6386
6.57000 950 30.8221
6.57250 910 30.1662
6.57500 1005 31.7017
6.57750 977 31.257
6.58000 969 31.1288
6.58250 985 31.3847
6.58500 953 30.8707
6.58750 933 30.545
6.59000 1006 31.7175
6.59250 943 30.7083
6.59500 954 30.8869
6.59750 977 31.257
6.60000 986 31.4006
6.60250 1009 31.7648
6.60500 1006 31.7175
6.60750 1057 32.5115
6.61000 1035 32.1714
6.61250 1017 31.8904
6.61500 1044 32.311
6.61750 1105 33.2415
6.62000 1038 32.218
6.62250 1009 31.7648
6.62500 963 31.0322
6.62750 1073 32.7567
6.63000 1081 32.8786
6.63250 1069 32.6956
6.63500 1046 32.3419
6.63750 1105 33.2415
6.64000 1123 33.5112
6.64250 1109 33.3017
6.64500 1095 33.0908
6.64750 1151 33.9264
6.65000 1174 34.2637
6.65250 1195 34.5688
6.65500 1241 35.2278
6.65750 1253 35.3977
6.66000 1248 35.327
6.66250 1290 35.9166
6.66500 1332 36.4966
6.66750 1412 37.5766
6.67000 1432 37.8418
6.67250 1477 38.4318
6.67500 1519 38.9744
6.67750 1635 40.4351
6.68000 1705 41.2916
6.68250 1730 41.5933
6.68500 1905 43.6463
6.68750 2006 44.7884
6.69000 2191 46.8081
6.69250 2440 49.3964
6.69500 2653 51.5073
6.69750 2940 54.2218
6.70000 3243 56.9473
6.70250 3492 59.0931
6.70500 3895 62.4099
6.70750 4375 66.1438
6.71000 4798 69.2676
6.71250 5332 73.0205
6.71500 5976 77.3046
6.71750 6445 80.2808
6.72000 7211 84.9176
6.72250 7523 86.7352
6.72500 7859 88.651
6.72750 8098 89.9889
6.73000 8185 90.471
6.73250 8117 90.0944
6.73500 7734 87.9432
6.73750 7181 84.7408
6.74000 6404 80.025
6.74250 5480 74.027
6.74500 4621 67.9779
6.74750 4063 63.7417
6.75000 3592 59.9333
6.75250 3122 55.8749
6.75500 2927 54.1018
6.75750 2731 52.259
6.76000 2517 50.1697
6.76250 2546 50.4579
6.76500 2516 50.1597
6.76750 2501 50.01
6.77000 2590 50.892
6.77250 2534 50.3389
6.77500 2786 52.7826
6.77750 2932 54.1479
6.78000 3145 56.0803
6.78250 3484 59.0254
6.78500 3920 62.6099
6.78750 4520 67.2309
6.79000 5205 72.1457
6.79250 5982 77.3434
6.79500 7194 84.8175
6.79750 8667 93.0967
6.80000 10234 101.163
6.80250 12050 109.772
6.80500 13801 117.478
6.80750 16071 126.771
6.81000 18044 134.328
6.81250 19655 140.196
6.81500 20566 143.409
6.81750 19940 141.209
6.82000 17273 131.427
6.82250 13962 118.161
6.82500 10751 103.687
6.82750 8182 90.4544
6.83000 6395 79.9687
6.83250 4971 70.5053
6.83500 4122 64.2028
6.83750 3463 58.8473
6.84000 2945 54.2679
6.84250 2625 51.2348
6.84500 2394 48.9285
6.84750 2189 46.7868
6.85000 1921 43.8292
6.85250 1799 42.4146
6.85500 1697 41.1947
6.85750 1529 39.1024
6.86000 1502 38.7556
6.86250 1424 37.7359
6.86500 1307 36.1525
6.86750 1268 35.609
6.87000 1207 34.7419
6.87250 1127 33.5708
6.87500 1141 33.7787
6.87750 1131 33.6303
6.88000 1126 33.5559
6.88250 1138 33.7343
6.88500 1080 32.8634
6.88750 1105 33.2415
6.89000 1083 32.909
6.89250 1016 31.8748
6.89500 1016 31.8748
6.89750 1014 31.8434
6.90000 1013 31.8277
6.90250 1006 31.7175
6.90500 956 30.9192
6.90750 1011 31.7962
6.91000 1020 31.9374
6.91250 949 30.8058
6.91500 995 31.5436
6.91750 943 30.7083
6.92000 1015 31.8591
6.92250 1018 31.9061
6.92500 963 31.0322
6.92750 959 30.9677
6.93000 961 31
6.93250 949 30.8058
6.93500 989 31.4484
6.93750 1003 31.6702
6.94000 1007 31.7333
6.94250 1015 31.8591
6.94500 998 31.5911
6.94750 936 30.5941
6.95000 987 31.4166
6.95250 1010 31.7805
6.95500 1004 31.686
6.95750 980 31.305
6.96000 948 30.7896
6.96250 976 31.241
6.96500 1041 32.2645
6.96750 1037 32.2025
6.97000 1019 31.9218
6.97250 993 31.5119
6.97500 1025 32.0156
6.97750 1057 32.5115
6.98000 990 31.4643
6.98250 1035 32.1714
6.98500 1055 32.4808
6.98750 1026 32.0312
6.99000 1004 31.686
6.99250 1065 32.6343
6.99500 1080 32.8634
6.99750 1106 33.2566
7.00000 1185 34.4238
7.00250 1203 34.6843
7.00500 1185 34.4238
7.00750 1133 33.6601
7.01000 1140 33.7639
7.01250 1142 33.7935
7.01500 1086 32.9545
7.01750 1088 32.9848
7.02000 1108 33.2866
7.02250 1108 33.2866
7.02500 1102 33.1964
7.02750 1085 32.9393
7.03000 1110 33.3167
7.03250 1167 34.1614
7.03500 1141 33.7787
7.03750 1132 33.6452
7.04000 1106 33.2566
7.04250 1153 33.9559
7.04500 1171 34.2199
7.04750 1161 34.0735
7.05000 1243 35.2562
7.05250 1163 34.1028
7.05500 1086 32.9545
7.05750 1122 33.4963
7.06000 1234 35.1283
7.06250 1264 35.5528
7.06500 1247 35.3129
7.06750 1300 36.0555
7.07000 1281 35.7911
7.07250 1418 37.6563
7.07500 1405 37.4833
7.07750 1438 37.921
7.08000 1564 39.5474
7.08250 1605 40.0625
7.08500 1719 41.4608
7.08750 1795 42.3674
7.09000 1902 43.6119
7.09250 2085 45.6618
7.09500 2422 49.2138
7.09750 2748 52.4214
7.10000 3096 55.6417
7.10250 3566 59.716
7.10500 4029 63.4744
7.10750 4751 68.9275
7.11000 5494 74.1215
7.11250 6692 81.8046
7.11500 8004 89.4651
7.11750 9361 96.7523
7.12000 10657 103.233
7.12250 11645 107.912
7.12500 11877 108.982
7.12750 11083 105.276
7.13000 9747 98.7269
7.13250 8007 89.4818
7.13500 6421 80.1311
7.13750 5205 72.1457
7.14000 4403 66.3551
7.14250 3735 61.1146
7.14500 3255 57.0526
7.14750 2863 53.507
7.15000 2502 50.02
7.15250 2225 47.1699
7.15500 2046 45.2327
7.15750 1966 44.3396
7.16000 1907 43.6692
7.16250 1803 42.4617
7.16500 1696 41.1825
7.16750 1783 42.2256
7.17000 1796 42.3792
7.17250 1769 42.0595
7.17500 1797 42.391
7.17750 1850 43.0116
7.18000 1765 42.0119
7.18250 1741 41.7253
7.18500 1877 43.3244
7.18750 1940 44.0454
7.19000 2012 44.8553
7.19250 2076 45.5631
7.19500 2188 46.7761
7.19750 2326 48.2286
7.20000 2447 49.4672
7.20250 2497 49.97
7.20500 2669 51.6624
7.20750 2955 54.3599
7.21000 3115 55.8122
7.21250 3352 57.8965
7.21500 3662 60.5145
7.21750 4092 63.9687
7.22000 4576 67.6461
7.22250 5371 73.2871
7.22500 6119 78.224
7.22750 6875 82.9156
7.23000 8119 90.1055
7.23250 9354 96.7161
7.23500 10793 103.889
7.23750 12429 111.485
7.24000 14180 119.08
7.24250 16082 126.815
7.24500 18445 135.812
7.24750 20831 144.329
7.25000 22615 150.383
7.25250 24365 156.093
7.25500 26097 161.546
7.25750 26913 164.052
7.26000 26192 161.839
7.26250 23911 154.632
7.26500 20345 142.636
7.26750 16273 127.566
7.27000 12754 112.934
7.27250 10266 101.321
7.27500 8486 92.1195
7.27750 6909 83.1204
7.28000 5714 75.591
7.28250 4962 70.4415
7.28500 4494 67.0373
7.28750 3935 62.7296
7.29000 3365 58.0086
7.29250 3024 54.9909
7.29500 2812 53.0283
7.29750 2617 51.1566
7.30000 2362 48.6004
7.30250 2089 45.7056
7.30500 2090 45.7165
7.30750 2049 45.2659
7.31000 1955 44.2154
7.31250 1839 42.8836
7.31500 1798 42.4028
7.31750 1745 41.7732
7.32000 1646 40.5709
7.32250 1633 40.4104
7.32500 1632 40.398
7.32750 1574 39.6737
7.33000 1590 39.8748
7.33250 1647 40.5832
7.33500 1638 40.4722
7.33750 1586 39.8246
7.34000 1652 40.6448
7.34250 1716 41.4246
7.34500 1801 42.4382
7.34750 1757 41.9166
7.35000 1688 41.0853
7.35250 1640 40.4969
7.35500 1738 41.6893
7.35750 1822 42.6849
7.36000 1904 43.6348
7.36250 1970 44.3847
7.36500 2039 45.1553
7.36750 2096 45.7821
7.37000 2256 47.4974
7.37250 2415 49.1426
7.37500 2517 50.1697
7.37750 2632 51.303
7.38000 2855 53.4322
7.38250 3146 56.0892
7.38500 3474 58.9406
7.38750 3900 62.45
7.39000 4325 65.7647
7.39250 4977 70.5479
7.39500 5767 75.9408
7.39750 6867 82.8674
7.40000 8008 89.4874
7.40250 9650 98.2344
7.40500 11147 105.579
7.40750 13691 117.009
7.41000 16763 129.472
7.41250 20810 144.257
7.41500 25640 160.125
7.41750 31339 177.028
7.42000 37191 192.85
7.42250 42784 206.843
7.42500 46631 215.942
7.42750 46870 216.495
7.43000 43604 208.816
7.43250 36954 192.234
7.43500 29912 172.951
7.43750 23889 154.561
7.44000 18528 136.118
7.44250 14610 120.872
7.44500 11683 108.088
7.44750 9528 97.6115
7.45000 7784 88.227
7.45250 6401 80.0062
7.45500 5532 74.3774
7.45750 4740 68.8477
7.46000 4143 64.3661
7.46250 3535 59.4559
7.46500 3035 55.0908
7.46750 2764 52.5738
7.47000 2600 50.9902
7.47250 2402 49.0102
7.47500 2181 46.7012
7.47750 1911 43.715
7.48000 1829 42.7668
7.48250 1834 42.8252
7.48500 1628 40.3485
7.48750 1596 39.95
7.49000 1539 39.2301
7.49250 1445 38.0132
7.49500 1431 37.8286
7.49750 1396 37.3631
7.50000 1302 36.0832
7.50250 1313 36.2353
7.50500 1333 36.5103
7.50750 1267 35.5949
7.51000 1206 34.7275
7.51250 1194 34.5543
7.51500 1185 34.4238
7.51750 1234 35.1283
7.52000 1183 34.3948
7.52250 1126 33.5559
7.52500 1159 34.0441
7.52750 1167 34.1614
7.53000 1114 33.3766
7.53250 1160 34.0588
7.53500 1170 34.2053
7.53750 1143 33.8083
7.54000 1115 33.3916
7.54250 1074 32.7719
7.54500 1094 33.0757
7.54750 1108 33.2866
7.55000 1085 32.9393
7.55250 1060 32.5576
7.55500 1060 32.5576
7.55750 1073 32.7567
7.56000 1080 32.8634
7.56250 1154 33.9706
7.56500 1162 34.0881
7.56750 1100 33.1662
7.57000 1055 32.4808
7.57250 1025 32.0156
7.57500 1055 32.4808
7.57750 1035 32.1714
7.58000 1055 32.4808
7.58250 1126 33.5559
7.58500 1080 32.8634
7.58750 1123 33.5112
7.59000 1178 34.322
7.59250 1142 33.7935
7.59500 1113 33.3617
7.59750 1075 32.7872
7.60000 1095 33.0908
7.60250 1074 32.7719
7.60500 1062 32.5883
7.60750 1104 33.2265
7.61000 1131 33.6303
7.61250 1141 33.7787
7.61500 1103 33.2114
7.61750 1119 33.4515
7.62000 1094 33.0757
7.62250 1126 33.5559
7.62500 1102 33.1964
7.62750 1110 33.3167
7.63000 1103 33.2114
7.63250 1115 33.3916
7.63500 1067 32.665
7.63750 1066 32.6497
7.64000 1122 33.4963
7.64250 1158 34.0294
7.64500 1191 34.5109
7.64750 1156 34
7.65000 1200 34.641
7.65250 1215 34.8569
7.65500 1190 34.4964
7.65750 1238 35.1852
7.66000 1249 35.3412
7.66250 1278 35.7491
7.66500 1329 36.4555
7.66750 1355 36.8103
7.67000 1409 37.5366
7.67250 1441 37.9605
7.67500 1434 37.8682
7.67750 1611 40.1373
7.68000 1780 42.19
7.68250 1893 43.5086
7.68500 2019 44.9333
7.68750 2136 46.2169
7.69000 2207 46.9787
7.69250 2252 47.4552
7.69500 2133 46.1844
7.69750 1947 44.1248
7.70000 1856 43.0813
7.70250 1784 42.2374
7.70500 1669 40.8534
7.70750 1575 39.6863
7.71000 1508 38.833
7.71250 1517 38.9487
7.71500 1457 38.1707
7.71750 1471 38.3536
7.72000 1481 38.4838
7.72250 1452 38.1051
7.72500 1429 37.8021
7.72750 1439 37.9342
7.73000 1449 38.0657
7.73250 1450 38.0789
7.73500 1501 38.7427
7.73750 1600 40
7.74000 1682 41.0122
7.74250 1675 40.9268
7.74500 1713 41.3884
7.74750 1807 42.5088
7.75000 1894 43.5201
7.75250 2049 45.2659
7.75500 2216 47.0744
7.75750 2390 48.8876
7.76000 2634 51.3225
7.76250 2951 54.3231
7.76500 3423 58.5064
7.76750 4050 63.6396
7.77000 4488 66.9925
7.77250 5261 72.5328
7.77500 6150 78.4219
7.77750 7236 85.0647
7.78000 8350 91.3783
7.78250 9395 96.9278
7.78500 10020 100.1
7.78750 10046 100.23
7.79000 9392 96.9123
7.79250 8225 90.6918
7.79500 7179 84.729
7.79750 5907 76.857
7.80000 4972 70.5124
7.80250 4224 64.9923
7.80500 3795 61.6036
7.80750 3296 57.4108
7.81000 2852 53.4041
7.81250 2525 50.2494
7.81500 2366 48.6415
7.81750 2210 47.0106
7.82000 2076 45.5631
7.82250 1968 44.3621
7.82500 1954 44.2041
7.82750 1986 44.5646
7.83000 1954 44.2041
7.83250 1860 43.1277
7.83500 1842 42.9185
7.83750 1845 42.9535
7.84000 1922 43.8406
7.84250 1973 44.4185
7.84500 2028 45.0333
7.84750 2037 45.1331
7.85000 2130 46.1519
7.85250 2180 46.6905
7.85500 2246 47.392
7.85750 2428 49.2747
7.86000 2457 49.5681
7.86250 2679 51.7591
7.86500 2991 54.69
7.86750 3298 57.4282
7.87000 3579 59.8247
7.87250 4025 63.4429
7.87500 4734 68.8041
7.87750 5407 73.5323
7.88000 6217 78.848
7.88250 7410 86.0814
7.88500 9090 95.3415
7.88750 10857 104.197
7.89000 13116 114.525
7.89250 15727 125.407
7.89500 18574 136.286
7.89750 21242 145.746
7.90000 24463 156.407
7.90250 27725 166.508
7.90500 29701 172.34
7.90750 29255 171.041
7.91000 26970 164.225
7.91250 23324 152.722
7.91500 19159 138.416
7.91750 16172 127.169
7.92000 13533 116.331
7.92250 11457 107.037
7.92500 9583 97.8928
7.92750 8161 90.3383
7.93000 7097 84.2437
7.93250 6150 78.4219
7.93500 5492 74.108
7.93750 4868 69.7711
7.94000 4218 64.9461
7.94250 3720 60.9918
7.94500 3270 57.1839
7.94750 2837 53.2635
7.95000 2550 50.4975
7.95250 2469 49.689
7.95500 2175 46.6369
7.95750 2034 45.0999
7.96000 1931 43.9431
7.96250 1852 43.0349
7.96500 1741 41.7253
7.96750 1697 41.1947
7.97000 1640 40.4969
7.97250 1561 39.5095
7.97500 1520 38.9872
7.97750 1525 39.0512
7.98000 1486 38.5487
7.98250 1460 38.2099
7.98500 1441 37.9605
7.98750 1473 38.3797
7.99000 1505 38.7943
7.99250 1435 37.8814
7.99500 1417 37.6431
7.99750 1427 37.7757
8.00000 1485 38.5357
8.00250 1441 37.9605
8.00500 1465 38.2753
8.00750 1489 38.5876
8.01000 1501 38.7427
8.01250 1540 39.2428
8.01500 1559 39.4842
8.01750 1556 39.4462
8.02000 1657 40.7063
8.02250 1718 41.4488
8.02500 1750 41.833
8.02750 1865 43.1856
8.03000 2023 44.9778
8.03250 2167 46.551
8.03500 2374 48.7237
8.03750 2660 51.5752
8.04000 2943 54.2494
8.04250 3350 57.8792
8.04500 3715 60.9508
8.04750 4141 64.3506
8.05000 4797 69.2604
8.05250 5569 74.6257
8.05500 6552 80.9444
8.05750 7737 87.9602
8.06000 8830 93.9681
8.06250 9419 97.0515
8.06500 9681 98.3921
8.06750 9081 95.2943
8.07000 8058 89.7664
8.07250 6874 82.9096
8.07500 5602 74.8465
8.07750 4579 67.6683
8.08000 3890 62.3699
8.08250 3279 57.2626
8.08500 2829 53.1883
8.08750 2496 49.96
8.09000 2212 47.0319
8.09250 2096 45.7821
8.09500 1948 44.1362
8.09750 1806 42.4971
8.10000 1658 40.7185
8.10250 1562 39.5221
8.10500 1585 39.8121
8.10750 1547 39.3319
8.11000 1484 38.5227
8.11250 1424 37.7359
8.11500 1454 38.1314
8.11750 1414 37.6032
8.12000 1407 37.51
8.12250 1407 37.51
8.12500 1414 37.6032
8.12750 1374 37.0675
8.13000 1346 36.6879
8.13250 1317 36.2905
8.13500 1239 35.1994
8.13750 1199 34.6266
8.14000 1243 35.2562
8.14250 1220 34.9285
8.14500 1198 34.6121
8.14750 1231 35.0856
8.15000 1206 34.7275
8.15250 1229 35.0571
8.15500 1194 34.5543
8.15750 1222 34.9571
8.16000 1212 34.8138
8.16250 1177 34.3074
8.16500 1237 35.171
8.16750 1241 35.2278
8.17000 1254 35.4119
8.17250 1236 35.1568
8.17500 1215 34.8569
8.17750 1190 34.4964
8.18000 1210 34.7851
8.18250 1216 34.8712
8.18500 1220 34.9285
8.18750 1191 34.5109
8.19000 1206 34.7275
8.19250 1167 34.1614
8.19500 1194 34.5543
8.19750 1203 34.6843
8.20000 1215 34.8569
8.20250 1249 35.3412
8.20500 1201 34.6554
8.20750 1228 35.0428
8.21000 1236 35.1568
8.21250 1277 35.7351
8.21500 1234 35.1283
8.21750 1176 34.2929
8.22000 1255 35.426
8.22250 1290 35.9166
8.22500 1258 35.4683
8.22750 1254 35.4119
8.23000 1222 34.9571
8.23250 1188 34.4674
8.23500 1232 35.0999
8.23750 1290 35.9166
8.24000 1198 34.6121
8.24250 1250 35.3553
8.24500 1205 34.7131
8.24750 1318 36.3043
8.25000 1272 35.6651
8.25250 1202 34.6699
8.25500 1209 34.7707
8.25750 1162 34.0881
8.26000 1261 35.5106
8.26250 1282 35.805
8.26500 1221 34.9428
8.26750 1215 34.8569
8.27000 1249 35.3412
8.27250 1302 36.0832
8.27500 1228 35.0428
8.27750 1236 35.1568
8.28000 1266 35.5809
8.28250 1249 35.3412
8.28500 1204 34.6987
8.28750 1262 35.5246
8.29000 1223 34.9714
8.29250 1256 35.4401
8.29500 1227 35.0286
8.29750 1259 35.4824
8.30000 1313 36.2353
8.30250 1236 35.1568
8.30500 1229 35.0571
8.30750 1277 35.7351
8.31000 1279 35.7631
8.31250 1226 35.0143
8.31500 1270 35.6371
8.31750 1280 35.7771
8.32000 1277 35.7351
8.32250 1332 36.4966
8.32500 1330 36.4692
8.32750 1298 36.0278
8.33000 1299 36.0416
8.33250 1343 36.647
8.33500 1335 36.5377
8.33750 1264 35.5528
8.34000 1323 36.3731
8.34250 1398 37.3898
8.34500 1359 36.8646
8.34750 1392 37.3095
8.35000 1420 37.6829
8.35250 1376 37.0945
8.35500 1385 37.2156
8.35750 1407 37.51
8.36000 1392 37.3095
8.36250 1447 38.0395
8.36500 1430 37.8153
8.36750 1411 37.5633
8.37000 1481 38.4838
8.37250 1415 37.6165
8.37500 1472 38.3667
8.37750 1457 38.1707
8.38000 1485 38.5357
8.38250 1506 38.8072
8.38500 1516 38.9358
8.38750 1538 39.2173
8.39000 1580 39.7492
8.39250 1567 39.5854
8.39500 1625 40.3113
8.39750 1705 41.2916
8.40000 1806 42.4971
8.40250 1752 41.8569
8.40500 1797 42.391
8.40750 1844 42.9418
8.41000 1897 43.5546
8.41250 1915 43.7607
8.41500 2003 44.7549
8.41750 2070 45.4973
8.42000 2051 45.288
8.42250 2000 44.7214
8.42500 2053 45.31
8.42750 2122 46.0652
8.43000 2139 46.2493
8.43250 2258 47.5184
8.43500 2220 47.1169
8.43750 2306 48.0208
8.44000 2333 48.3011
8.44250 2557 50.5668
8.44500 2655 51.5267
8.44750 2813 53.0377
8.45000 2952 54.3323
8.45250 3060 55.3173
8.45500 3374 58.0861
8.45750 3580 59.8331
8.46000 3878 62.2736
8.46250 4253 65.215
8.46500 4553 67.4759
8.46750 5145 71.7287
8.47000 5863 76.5702
8.47250 6580 81.1172
8.47500 7608 87.2238
8.47750 9114 95.4673
8.48000 10953 104.657
8.48250 12611 112.299
8.48500 14617 120.901
8.48750 17441 132.064
8.49000 20899 144.565
8.49250 25891 160.907
8.49500 31612 177.798
8.49750 37947 194.8
8.50000 44546 211.059
8.50250 51086 226.022
8.50500 56342 237.365
8.50750 58236 241.321
8.51000 55540 235.669
8.51250 49940 223.473
8.51500 41871 204.624
8.51750 33131 182.019
8.52000 27013 164.356
8.52250 22386 149.62
8.52500 19045 138.004
8.52750 15947 126.281
8.53000 13803 117.486
8.53250 11858 108.894
8.53500 10066 100.329
8.53750 8766 93.6269
8.54000 7497 86.5852
8.54250 6313 79.4544
8.54500 5196 72.0833
8.54750 4451 66.7158
8.55000 4109 64.1015
8.55250 3661 60.5062
8.55500 3300 57.4456
8.55750 3079 55.4887
8.56000 2835 53.2447
8.56250 2522 50.2195
8.56500 2291 47.8644
8.56750 2155 46.422
8.57000 2114 45.9783
8.57250 2067 45.4643
8.57500 1957 44.238
8.57750 1810 42.5441
8.58000 1743 41.7493
8.58250 1741 41.7253
8.58500 1743 41.7493
8.58750 1685 41.0488
8.59000 1623 40.2865
8.59250 1587 39.8372
8.59500 1591 39.8873
8.59750 1537 39.2046
8.60000 1506 38.8072
8.60250 1498 38.704
8.60500 1485 38.5357
8.60750 1483 38.5097
8.61000 1492 38.6264
8.61250 1470 38.3406
8.61500 1457 38.1707
8.61750 1422 37.7094
8.62000 1408 37.5233
8.62250 1400 37.4166
8.62500 1439 37.9342
8.62750 1373 37.054
8.63000 1394 37.3363
8.63250 1406 37.4967
8.63500 1458 38.1838
8.63750 1426 37.7624
8.64000 1395 37.3497
8.64250 1458 38.1838
8.64500 1475 38.4057
8.64750 1452 38.1051
8.65000 1393 37.3229
8.65250 1375 37.081
8.65500 1381 37.1618
8.65750 1401 37.4299
8.66000 1391 37.2961
8.66250 1371 37.027
8.66500 1430 37.8153
8.66750 1398 37.3898
8.67000 1433 37.855
8.67250 1465 38.2753
8.67500 1410 37.55
8.67750 1429 37.8021
8.68000 1395 37.3497
8.68250 1412 37.5766
8.68500 1432 37.8418
8.68750 1490 38.6005
8.69000 1512 38.8844
8.69250 1547 39.3319
8.69500 1561 39.5095
8.69750 1520 38.9872
8.70000 1598 39.975
8.70250 1709 41.3401
8.70500 1716 41.4246
8.70750 1771 42.0833
8.71000 1871 43.2551
8.71250 1949 44.1475
8.71500 1998 44.699
8.71750 2082 45.6289
8.72000 1960 44.2719
8.72250 1932 43.9545
8.72500 2000 44.7214
8.72750 1851 43.0232
8.73000 1835 42.8369
8.73250 1781 42.2019
8.73500 1687 41.0731
8.73750 1606 40.0749
8.74000 1560 39.4968
8.74250 1528 39.0896
8.74500 1488 38.5746
8.74750 1521 39
8.75000 1474 38.3927
8.75250 1420 37.6829
8.75500 1387 37.2424
8.75750 1474 38.3927
8.76000 1408 37.5233
8.76250 1341 36.6197
8.76500 1357 36.8375
8.76750 1397 37.3765
8.77000 1391 37.2961
8.77250 1430 37.8153
8.77500 1369 37
8.77750 1383 37.1887
8.78000 1332 36.4966
8.78250 1367 36.973
8.78500 1355 36.8103
8.78750 1418 37.6563
8.79000 1382 37.1753
8.79250 1399 37.4032
8.79500 1374 37.0675
8.79750 1390 37.2827
8.80000 1374 37.0675
8.80250 1405 37.4833
8.80500 1361 36.8917
8.80750 1304 36.1109
8.81000 1346 36.6879
8.81250 1362 36.9053
8.81500 1356 36.8239
8.81750 1384 37.2022
8.82000 1355 36.8103
8.82250 1333 36.5103
8.82500 1320 36.3318
8.82750 1342 36.6333
8.83000 1381 37.1618
8.83250 1450 38.0789
8.83500 1386 37.229
8.83750 1361 36.8917
8.84000 1435 37.8814
8.84250 1417 37.6431
8.84500 1387 37.2424
8.84750 1407 37.51
8.85000 1398 37.3898
8.85250 1402 37.4433
8.85500 1409 37.5366
8.85750 1441 37.9605
8.86000 1455 38.1445
8.86250 1443 37.9868
8.86500 1473 38.3797
8.86750 1406 37.4967
8.87000 1399 37.4032
8.87250 1511 38.8716
8.87500 1489 38.5876
8.87750 1502 38.7556
8.88000 1533 39.1535
8.88250 1464 38.2623
8.88500 1430 37.8153
8.88750 1429 37.8021
8.89000 1426 37.7624
8.89250 1435 37.8814
8.89500 1457 38.1707
8.89750 1535 39.1791
8.90000 1516 38.9358
8.90250 1460 38.2099
8.90500 1520 38.9872
8.90750 1532 39.1408
8.91000 1578 39.724
8.91250 1544 39.2938
8.91500 1589 39.8623
8.91750 1528 39.0896
8.92000 1591 39.8873
8.92250 1603 40.0375
8.92500 1618 40.2244
8.92750 1684 41.0366
8.93000 1583 39.7869
8.93250 1601 40.0125
8.93500 1665 40.8044
8.93750 1676 40.939
8.94000 1818 42.638
8.94250 1779 42.1782
8.94500 1771 42.0833
8.94750 1830 42.7785
8.95000 1847 42.9767
8.95250 1839 42.8836
8.95500 1889 43.4626
8.95750 1917 43.7836
8.96000 1888 43.4511
8.96250 1921 43.8292
8.96500 2030 45.0555
8.96750 2105 45.8803
8.97000 2134 46.1952
8.97250 2159 46.465
8.97500 2158 46.4543
8.97750 2201 46.9148
8.98000 2416 49.1528
8.98250 2535 50.3488
8.98500 2613 51.1175
8.98750 2760 52.5357
8.99000 2867 53.5444
8.99250 2984 54.626
8.99500 3224 56.7803
8.99750 3485 59.0339
9.00000 3657 60.4731
9.00250 4063 63.7417
9.00500 4321 65.7343
9.00750 4757 68.971
9.01000 5334 73.0342
9.01250 6109 78.1601
9.01500 6959 83.4206
9.01750 7697 87.7325
9.02000 8685 93.1933
9.02250 10413 102.044
9.02500 12145 110.204
9.02750 13727 117.162
9.03000 15064 122.735
9.03250 16319 127.746
9.03500 17364 131.773
9.03750 17742 133.199
9.04000 17074 130.668
9.04250 15392 124.064
9.04500 13418 115.836
9.04750 11884 109.014
9.05000 10819 104.014
9.05250 9898 99.4887
9.05500 9433 97.1236
9.05750 9665 98.3107
9.06000 10029 100.145
9.06250 11150 105.594
9.06500 12745 112.894
9.06750 14336 119.733
9.07000 16336 127.812
9.07250 19523 139.725
9.07500 23345 152.791
9.07750 27883 166.982
9.08000 33040 181.769
9.08250 39005 197.497
9.08500 45575 213.483
9.08750 51193 226.259
9.09000 54904 234.316
9.09250 54357 233.146
9.09500 50849 225.497
9.09750 43713 209.077
9.10000 35716 188.987
9.10250 28322 168.291
9.10500 23228 152.407
9.10750 18974 137.746
9.11000 15534 124.635
9.11250 12566 112.098
9.11500 10800 103.923
9.11750 8605 92.7631
9.12000 7155 84.5872
9.12250 6355 79.7183
9.12500 5366 73.253
9.12750 4847 69.6204
9.13000 4441 66.6408
9.13250 4053 63.6632
9.13500 3738 61.1392
9.13750 3299 57.4369
9.14000 3030 55.0454
9.14250 2850 53.3854
9.14500 2628 51.264
9.14750 2511 50.1099
9.15000 2388 48.8672
9.15250 2283 47.7807
9.15500 2257 47.5079
9.15750 2231 47.2335
9.16000 2093 45.7493
9.16250 1964 44.317
9.16500 2075 45.5522
9.16750 2061 45.3982
9.17000 1966 44.3396
9.17250 1969 44.3734
9.17500 1903 43.6234
9.17750 1814 42.5911
9.18000 1792 42.332
9.18250 1814 42.5911
9.18500 1798 42.4028
9.18750 1753 41.8688
9.19000 1769 42.0595
9.19250 1740 41.7133
9.19500 1742 41.7373
9.19750 1722 41.497
9.20000 1650 40.6202
9.20250 1718 41.4488
9.20500 1766 42.0238
9.20750 1731 41.6053
9.21000 1683 41.0244
9.21250 1720 41.4729
9.21500 1760 41.9524
9.21750 1749 41.821
9.22000 1773 42.107
9.22250 1853 43.0465
9.22500 1800 42.4264
9.22750 1820 42.6615
9.23000 1883 43.3935
9.23250 1893 43.5086
9.23500 1942 44.0681
9.23750 2013 44.8665
9.24000 2066 45.4533
9.24250 2100 45.8258
9.24500 2215 47.0638
9.24750 2413 49.1223
9.25000 2531 50.309
9.25250 2735 52.2972
9.25500 3000 54.7723
9.25750 3264 57.1314
9.26000 3643 60.3573
9.26250 4053 63.6632
9.26500 4541 67.3869
9.26750 5039 70.9859
9.27000 5343 73.0958
9.27250 5522 74.3102
9.27500 5259 72.519
9.27750 4894 69.9571
9.28000 4318 65.7115
9.28250 3859 62.1208
9.28500 3455 58.7792
9.28750 3035 55.0908
9.29000 2725 52.2015
9.29250 2531 50.309
9.29500 2368 48.6621
9.29750 2275 47.697
9.30000 2216 47.0744
9.30250 2044 45.2106
9.30500 1909 43.6921
9.30750 1941 44.0568
9.31000 1957 44.238
9.31250 1870 43.2435
9.31500 1909 43.6921
9.31750 1879 43.3474
9.32000 1846 42.9651
9.32250 1840 42.8952
9.32500 1879 43.3474
9.32750 1800 42.4264
9.33000 1776 42.1426
9.33250 1875 43.3013
9.33500 1933 43.9659
9.33750 1917 43.7836
9.34000 1842 42.9185
9.34250 1859 43.1161
9.34500 1884 43.4051
9.34750 1978 44.4747
9.35000 1937 44.0114
9.35250 1929 43.9204
9.35500 1954 44.2041
9.35750 2024 44.9889
9.36000 2042 45.1885
9.36250 2066 45.4533
9.36500 2206 46.9681
9.36750 2277 47.7179
9.37000 2352 48.4974
9.37250 2361 48.5901
9.37500 2479 49.7896
9.37750 2543 50.4282
9.38000 2659 51.5655
9.38250 2763 52.5642
9.38500 2875 53.619
9.38750 3097 55.6507
9.39000 3331 57.7148
9.39250 3649 60.407
9.39500 3916 62.578
9.39750 4281 65.4294
9.40000 4786 69.1809
9.40250 5067 71.1829
9.40500 5772 75.9737
9.40750 6430 80.1873
9.41000 7434 86.2206
9.41250 8300 91.1043
9.41500 9438 97.1494
9.41750 10303 101.504
9.42000 11251 106.071
9.42250 11844 108.83
9.42500 12069 109.859
9.42750 11998 109.535
9.43000 11415 106.841
9.43250 10510 102.518
9.43500 9455 97.2368
9.43750 8417 91.7442
9.44000 7329 85.6096
9.44250 6447 80.2932
9.44500 5880 76.6812
9.44750 5464 73.9189
9.45000 5182 71.9861
9.45250 5098 71.4003
9.45500 4749 68.913
9.45750 4868 69.7711
9.46000 4992 70.6541
9.46250 4959 70.4202
9.46500 5172 71.9166
9.46750 5702 75.5116
9.47000 6118 78.2176
9.47250 6412 80.075
9.47500 6908 83.1144
9.47750 7528 86.764
9.48000 8321 91.2195
9.48250 9280 96.3328
9.48500 10206 101.025
9.48750 11541 107.429
9.49000 12824 113.243
9.49250 14197 119.151
9.49500 15102 122.89
9.49750 15864 125.952
9.50000 16694 129.205
9.50250 17111 130.809
9.50500 17039 130.534
9.50750 16736 129.368
9.51000 15643 125.072
9.51250 14078 118.651
9.51500 12434 111.508
9.51750 11104 105.376
9.52000 9783 98.909
9.52250 8472 92.0435
9.52500 7440 86.2554
9.52750 6440 80.2496
9.53000 5455 73.858
9.53250 4875 69.8212
9.53500 4449 66.7008
9.53750 4133 64.2884
9.54000 3782 61.498
9.54250 3464 58.8558
9.54500 3266 57.1489
9.54750 3131 55.9553
9.55000 2914 53.9815
9.55250 2703 51.9904
9.55500 2760 52.5357
9.55750 2590 50.892
9.56000 2548 50.4777
9.56250 2395 48.9387
9.56500 2349 48.4665
9.56750 2317 48.1352
9.57000 2381 48.7955
9.57250 2406 49.051
9.57500 2343 48.4045
9.57750 2373 48.7134
9.58000 2402 49.0102
9.58250 2388 48.8672
9.58500 2492 49.9199
9.58750 2656 51.5364
9.59000 2746 52.4023
9.59250 2838 53.2729
9.59500 2944 54.2586
9.59750 3101 55.6866
9.60000 3249 57
9.60250 3269 57.1752
9.60500 3343 57.8187
9.60750 3364 58
9.61000 3255 57.0526
9.61250 3123 55.8838
9.61500 2860 53.479
9.61750 2656 51.5364
9.62000 2553 50.5272
9.62250 2416 49.1528
9.62500 2412 49.1121
9.62750 2374 48.7237
9.63000 2327 48.239
9.63250 2372 48.7032
9.63500 2340 48.3735
9.63750 2378 48.7647
9.64000 2378 48.7647
9.64250 2414 49.1325
9.64500 2444 49.4368
9.64750 2560 50.5964
9.65000 2546 50.4579
9.65250 2553 50.5272
9.65500 2737 52.3163
9.65750 2952 54.3323
9.66000 3129 55.9375
9.66250 3264 57.1314
9.66500 3456 58.7878
9.66750 3695 60.7865
9.67000 4087 63.9296
9.67250 4397 66.3099
9.67500 4746 68.8912
9.67750 5114 71.5122
9.68000 5464 73.9189
9.68250 5773 75.9803
9.68500 5894 76.7724
9.68750 5908 76.8635
9.69000 5689 75.4255
9.69250 5328 72.9932
9.69500 5015 70.8167
9.69750 4837 69.5485
9.70000 4623 67.9926
9.70250 4692 68.4982
9.70500 4829 69.491
9.70750 5102 71.4283
9.71000 5213 72.2011
9.71250 5514 74.2563
9.71500 5830 76.3544
9.71750 6263 79.1391
9.72000 6604 81.265
9.72250 6821 82.5893
9.72500 7239 85.0823
9.72750 7660 87.5214
9.73000 7862 88.6679
9.73250 8050 89.7218
9.73500 8181 90.4489
9.73750 8088 89.9333
9.74000 8140 90.2219
9.74250 7984 89.3532
9.74500 8047 89.7051
9.74750 7661 87.5271
9.75000 7804 88.3403
9.75250 8029 89.6047
9.75500 8256 90.8625
9.75750 8815 93.8882
9.76000 9655 98.2599
9.76250 10785 103.851
9.76500 12287 110.847
9.76750 14359 119.829
9.77000 16658 129.066
9.77250 19888 141.025
9.77500 23145 152.135
9.77750 27963 167.221
9.78000 33339 182.59
9.78250 39643 199.105
9.78500 45236 212.688
9.78750 50328 224.339
9.79000 53857 232.071
9.79250 54367 233.167
9.79500 50320 224.321
9.79750 45011 212.158
9.80000 37285 193.093
9.80250 29981 173.15
9.80500 24282 155.827
9.80750 19489 139.603
9.81000 15672 125.188
9.81250 13014 114.079
9.81500 10790 103.875
9.81750 9010 94.921
9.82000 7485 86.5159
9.82250 6601 81.2465
9.82500 5781 76.0329
9.82750 5021 70.859
9.83000 4542 67.3944
9.83250 4084 63.9062
9.83500 3696 60.7947
9.83750 3449 58.7282
9.84000 3150 56.1249
9.84250 2952 54.3323
9.84500 2834 53.2353
9.84750 2687 51.8363
9.85000 2598 50.9706
9.85250 2466 49.6588
9.85500 2383 48.816
9.85750 2276 47.7074
9.86000 2123 46.076
9.86250 2002 44.7437
9.86500 1989 44.5982
9.86750 1989 44.5982
9.87000 1956 44.2267
9.87250 1932 43.9545
9.87500 1925 43.8748
9.87750 1880 43.359
9.88000 1818 42.638
9.88250 1844 42.9418
9.88500 1806 42.4971
9.88750 1715 41.4126
9.89000 1673 40.9023
9.89250 1653 40.6571
9.89500 1757 41.9166
9.89750 1753 41.8688
9.90000 1694 41.1582
9.90250 1766 42.0238
9.90500 1688 41.0853
9.90750 1694 41.1582
9.91000 1664 40.7922
9.91250 1681 41
9.91500 1665 40.8044
9.91750 1668 40.8412
9.92000 1661 40.7554
9.92250 1729 41.5812
9.92500 1740 41.7133
9.92750 1647 40.5832
9.93000 1653 40.6571
9.93250 1647 40.5832
9.93500 1603 40.0375
9.93750 1688 41.0853
9.94000 1613 40.1622
9.94250 1647 40.5832
9.94500 1650 40.6202
9.94750 1624 40.2989
9.95000 1663 40.7799
9.95250 1657 40.7063
9.95500 1625 40.3113
9.95750 1635 40.4351
9.96000 1698 41.2068
9.96250 1699 41.2189
9.96500 1640 40.4969
9.96750 1646 40.5709
9.97000 1656 40.694
9.97250 1632 40.398
9.97500 1666 40.8167
9.97750 1680 40.9878
9.98000 1669 40.8534
9.98250 1648 40.5956
9.98500 1606 40.0749
9.98750 1655 40.6817
9.99000 1635 40.4351
9.99250 1592 39.8999
9.99500 1609 40.1123
9.99750 1683 41.0244
10.00000 1715 41.4126
10.00250 1707 41.3159
10.00500 1653 40.6571
10.00750 1656 40.694
10.01000 1738 41.6893
10.01250 1744 41.7612
10.01500 1759 41.9404
10.01750 1723 41.509
10.02000 1754 41.8808
10.02250 1701 41.2432
10.02500 1728 41.5692
10.02750 1772 42.0951
10.03000 1766 42.0238
10.03250 1709 41.3401
10.03500 1733 41.6293
10.03750 1810 42.5441
10.04000 1838 42.8719
10.04250 1844 42.9418
10.04500 1933 43.9659
10.04750 2001 44.7325
10.05000 2084 45.6508
10.05250 2047 45.2438
10.05500 2223 47.1487
10.05750 2294 47.8957
10.06000 2305 48.0104
10.06250 2363 48.6107
10.06500 2466 49.6588
10.06750 2595 50.9411
10.07000 2733 52.2781
10.07250 2901 53.8609
10.07500 3088 55.5698
10.07750 3299 57.4369
10.08000 3629 60.2412
10.08250 3805 61.6847
10.08500 4019 63.3956
10.08750 4320 65.7267
10.09000 4685 68.4471
10.09250 5056 71.1056
10.09500 5309 72.8629
10.09750 5470 73.9594
10.10000 5686 75.4056
10.10250 5803 76.1774
10.10500 5892 76.7594
10.10750 5782 76.0395
10.11000 5402 73.4983
10.11250 5174 71.9305
10.11500 4929 70.2068
10.11750 4404 66.3626
10.12000 4026 63.4508
10.12250 3620 60.1664
10.12500 3299 57.4369
10.12750 2962 54.4243
10.13000 2758 52.5167
10.13250 2525 50.2494
10.13500 2348 48.4562
10.13750 2252 47.4552
10.14000 2208 46.9894
10.14250 2104 45.8694
10.14500 2039 45.1553
10.14750 1948 44.1362
10.15000 1901 43.6005
10.15250 1855 43.0697
10.15500 1800 42.4264
10.15750 1816 42.6146
10.16000 1810 42.5441
10.16250 1791 42.3202
10.16500 1678 40.9634
10.16750 1741 41.7253
10.17000 1764 42
10.17250 1689 41.0974
10.17500 1733 41.6293
10.17750 1780 42.19
10.18000 1732 41.6173
10.18250 1723 41.509
10.18500 1679 40.9756
10.18750 1654 40.6694
10.19000 1668 40.8412
10.19250 1638 40.4722
10.19500 1684 41.0366
10.19750 1633 40.4104
10.20000 1550 39.37
10.20250 1594 39.9249
10.20500 1589 39.8623
10.20750 1566 39.5727
10.21000 1599 39.9875
10.21250 1566 39.5727
10.21500 1560 39.4968
10.21750 1558 39.4715
10.22000 1552 39.3954
10.22250 1561 39.5095
10.22500 1576 39.6989
10.22750 1520 38.9872
10.23000 1550 39.37
10.23250 1541 39.2556
10.23500 1565 39.5601
10.23750 1548 39.3446
10.24000 1519 38.9744
10.24250 1551 39.3827
10.24500 1551 39.3827
10.24750 1552 39.3954
10.25000 1577 39.7115
10.25250 1579 39.7366
10.25500 1550 39.37
10.25750 1510 38.8587
10.26000 1496 38.6782
10.26250 1502 38.7556
10.26500 1555 39.4335
10.26750 1545 39.3065
10.27000 1505 38.7943
10.27250 1487 38.5616
10.27500 1466 38.2884
10.27750 1485 38.5357
10.28000 1520 38.9872
10.28250 1451 38.092
10.28500 1461 38.223
10.28750 1501 38.7427
10.29000 1525 39.0512
10.29250 1493 38.6394
10.29500 1508 38.833
10.29750 1491 38.6135
10.30000 1486 38.5487
10.30250 1487 38.5616
10.30500 1498 38.704
10.30750 1535 39.1791
10.31000 1518 38.9615
10.31250 1496 38.6782
10.31500 1480 38.4708
10.31750 1494 38.6523
10.32000 1561 39.5095
10.32250 1523 39.0256
10.32500 1524 39.0384
10.32750 1521 39
10.33000 1500 38.7298
10.33250 1458 38.1838
10.33500 1523 39.0256
10.33750 1545 39.3065
10.34000 1467 38.3014
10.34250 1548 39.3446
10.34500 1612 40.1497
10.34750 1577 39.7115
10.35000 1508 38.833
10.35250 1519 38.9744
10.35500 1514 38.9102
10.35750 1559 39.4842
10.36000 1561 39.5095
10.36250 1528 39.0896
10.36500 1541 39.2556
10.36750 1471 38.3536
10.37000 1485 38.5357
10.37250 1485 38.5357
10.37500 1568 39.598
10.37750 1617 40.2119
10.38000 1569 39.6106
10.38250 1457 38.1707
10.38500 1505 38.7943
10.38750 1543 39.281
10.39000 1569 39.6106
10.39250 1539 39.2301
10.39500 1597 39.9625
10.39750 1583 39.7869
10.40000 1545 39.3065
10.40250 1572 39.6485
10.40500 1637 40.4599
10.40750 1572 39.6485
10.41000 1598 39.975
10.41250 1613 40.1622
10.41500 1609 40.1123
10.41750 1630 40.3733
10.42000 1617 40.2119
10.42250 1603 40.0375
10.42500 1691 41.1218
10.42750 1658 40.7185
10.43000 1633 40.4104
10.43250 1652 40.6448
10.43500 1631 40.3856
10.43750 1601 40.0125
10.44000 1671 40.8779
10.44250 1679 40.9756
10.44500 1684 41.0366
10.44750 1686 41.0609
10.45000 1721 41.4849
10.45250 1678 40.9634
10.45500 1700 41.2311
10.45750 1731 41.6053
10.46000 1737 41.6773
10.46250 1741 41.7253
10.46500 1797 42.391
10.46750 1785 42.2493
10.47000 1735 41.6533
10.47250 1793 42.3438
10.47500 1872 43.2666
10.47750 1840 42.8952
10.48000 1930 43.9318
10.48250 1899 43.5775
10.48500 1883 43.3935
10.48750 1931 43.9431
10.49000 1954 44.2041
10.49250 2039 45.1553
10.49500 2040 45.1664
10.49750 2068 45.4753
10.50000 2159 46.465
10.50250 2175 46.6369
10.50500 2148 46.3465
10.50750 2239 47.3181
10.51000 2204 46.9468
10.51250 2273 47.676
10.51500 2414 49.1325
10.51750 2537 50.3686
10.52000 2667 51.643
10.52250 2737 52.3163
10.52500 2757 52.5071
10.52750 2979 54.5802
10.53000 3217 56.7186
10.53250 3344 57.8273
10.53500 3500 59.1608
10.53750 3763 61.3433
10.54000 4049 63.6318
10.54250 4535 67.3424
10.54500 4956 70.3989
10.54750 5209 72.1734
10.55000 5696 75.4718
10.55250 6084 78
10.55500 6700 81.8535
10.55750 7380 85.9069
10.56000 8011 89.5042
10.56250 8671 93.1182
10.56500 9542 97.6832
10.56750 10795 103.899
10.57000 12474 111.687
10.57250 14408 120.033
10.57500 17170 131.034
10.57750 19285 138.87
10.58000 21561 146.837
10.58250 24450 156.365
10.58500 25910 160.966
10.58750 26818 163.762
10.59000 27337 165.339
10.59250 27020 164.378
10.59500 26452 162.641
10.59750 25928 161.022
10.60000 25053 158.281
10.60250 23497 153.287
10.60500 21455 146.475
10.60750 19240 138.708
10.61000 16864 129.861
10.61250 14567 120.694
10.61500 12626 112.365
10.61750 10677 103.33
10.62000 8947 94.5886
10.62250 7528 86.764
10.62500 6444 80.2745
10.62750 5679 75.3591
10.63000 5087 71.3232
10.63250 4593 67.7717
10.63500 4140 64.3428
10.63750 3753 61.2617
10.64000 3383 58.1636
10.64250 3105 55.7225
10.64500 2979 54.5802
10.64750 2751 52.45
10.65000 2545 50.448
10.65250 2368 48.6621
10.65500 2310 48.0625
10.65750 2244 47.3709
10.66000 2149 46.3573
10.66250 2080 45.607
10.66500 1999 44.7102
10.66750 1969 44.3734
10.67000 1922 43.8406
10.67250 1893 43.5086
10.67500 1834 42.8252
10.67750 1841 42.9069
10.68000 1834 42.8252
10.68250 1773 42.107
10.68500 1745 41.7732
10.68750 1750 41.833
10.69000 1772 42.0951
10.69250 1746 41.7852
10.69500 1660 40.7431
10.69750 1604 40.05
10.70000 1651 40.6325
10.70250 1673 40.9023
10.70500 1613 40.1622
10.70750 1616 40.1995
10.71000 1574 39.6737
10.71250 1563 39.5348
10.71500 1656 40.694
10.71750 1561 39.5095
10.72000 1528 39.0896
10.72250 1626 40.3237
10.72500 1611 40.1373
10.72750 1512 38.8844
10.73000 1592 39.8999
10.73250 1598 39.975
10.73500 1607 40.0874
10.73750 1594 39.9249
10.74000 1548 39.3446
10.74250 1510 38.8587
10.74500 1526 39.064
10.74750 1547 39.3319
10.75000 1572 39.6485
10.75250 1547 39.3319
10.75500 1498 38.704
10.75750 1522 39.0128
10.76000 1535 39.1791
10.76250 1503 38.7685
10.76500 1563 39.5348
10.76750 1560 39.4968
10.77000 1441 37.9605
10.77250 1453 38.1182
10.77500 1480 38.4708
10.77750 1588 39.8497
10.78000 1560 39.4968
10.78250 1596 39.95
10.78500 1629 40.3609
10.78750 1611 40.1373
10.79000 1554 39.4208
10.79250 1484 38.5227
10.79500 1518 38.9615
10.79750 1553 39.4081
10.80000 1543 39.281
10.80250 1494 38.6523
10.80500 1472 38.3667
10.80750 1471 38.3536
10.81000 1470 38.3406
10.81250 1463 38.2492
10.81500 1452 38.1051
10.81750 1443 37.9868
10.82000 1494 38.6523
10.82250 1509 38.8458
10.82500 1490 38.6005
10.82750 1519 38.9744
10.83000 1517 38.9487
10.83250 1565 39.5601
10.83500 1566 39.5727
10.83750 1491 38.6135
10.84000 1454 38.1314
10.84250 1501 38.7427
10.84500 1493 38.6394
10.84750 1433 37.855
10.85000 1484 38.5227
10.85250 1486 38.5487
10.85500 1532 39.1408
10.85750 1506 38.8072
10.86000 1453 38.1182
10.86250 1497 38.6911
10.86500 1553 39.4081
10.86750 1555 39.4335
10.87000 1491 38.6135
10.87250 1422 37.7094
10.87500 1505 38.7943
10.87750 1462 38.2361
10.88000 1501 38.7427
10.88250 1534 39.1663
10.88500 1540 39.2428
10.88750 1506 38.8072
10.89000 1490 38.6005
10.89250 1452 38.1051
10.89500 1471 38.3536
10.89750 1484 38.5227
10.90000 1456 38.1576
10.90250 1478 38.4448
10.90500 1508 38.833
10.90750 1439 37.9342
10.91000 1393 37.3229
10.91250 1359 36.8646
10.91500 1379 37.1349
10.91750 1501 38.7427
10.92000 1464 38.2623
10.92250 1390 37.2827
10.92500 1500 38.7298
10.92750 1566 39.5727
10.93000 1499 38.7169
10.93250 1455 38.1445
10.93500 1467 38.3014
10.93750 1426 37.7624
10.94000 1525 39.0512
10.94250 1551 39.3827
10.94500 1540 39.2428
10.94750 1542 39.2683
10.95000 1561 39.5095
10.95250 1490 38.6005
10.95500 1469 38.3275
10.95750 1505 38.7943
10.96000 1544 39.2938
10.96250 1583 39.7869
10.96500 1581 39.7618
10.96750 1486 38.5487
10.97000 1479 38.4578
10.97250 1514 38.9102
10.97500 1586 39.8246
10.97750 1507 38.8201
10.98000 1484 38.5227
10.98250 1558 39.4715
10.98500 1587 39.8372
10.98750 1601 40.0125
10.99000 1619 40.2368
10.99250 1604 40.05
10.99500 1610 40.1248
10.99750 1639 40.4846
11.00000 1709 41.3401
11.00250 1748 41.8091
11.00500 1771 42.0833
11.00750 1842 42.9185
11.01000 1743 41.7493
11.01250 1751 41.845
11.01500 1818 42.638
11.01750 1833 42.8135
11.02000 1785 42.2493
11.02250 1683 41.0244
11.02500 1628 40.3485
11.02750 1628 40.3485
11.03000 1670 40.8656
11.03250 1607 40.0874
11.03500 1525 39.0512
11.03750 1545 39.3065
11.04000 1555 39.4335
11.04250 1641 40.5093
11.04500 1616 40.1995
11.04750 1590 39.8748
11.05000 1597 39.9625
11.05250 1583 39.7869
11.05500 1580 39.7492
11.05750 1569 39.6106
11.06000 1574 39.6737
11.06250 1531 39.128
11.06500 1565 39.5601
11.06750 1550 39.37
11.07000 1575 39.6863
11.07250 1617 40.2119
11.07500 1642 40.5216
11.07750 1633 40.4104
11.08000 1632 40.398
11.08250 1631 40.3856
11.08500 1671 40.8779
11.08750 1713 41.3884
11.09000 1675 40.9268
11.09250 1652 40.6448
11.09500 1672 40.8901
11.09750 1690 41.1096
11.10000 1664 40.7922
11.10250 1697 41.1947
11.10500 1710 41.3521
11.10750 1758 41.9285
11.11000 1753 41.8688
11.11250 1752 41.8569
11.11500 1774 42.1189
11.11750 1770 42.0714
11.12000 1843 42.9302
11.12250 1913 43.7379
11.12500 1947 44.1248
11.12750 1996 44.6766
11.13000 2038 45.1442
11.13250 2112 45.9565
11.13500 2137 46.2277
11.13750 2159 46.465
11.14000 2204 46.9468
11.14250 2251 47.4447
11.14500 2256 47.4974
11.14750 2355 48.5283
11.15000 2482 49.8197
11.15250 2594 50.9313
11.15500 2789 52.811
11.15750 2870 53.5724
11.16000 3092 55.6058
11.16250 3177 56.3649
11.16500 3485 59.0339
11.16750 3867 62.1852
11.17000 4162 64.5136
11.17250 4553 67.4759
11.17500 5248 72.4431
11.17750 5824 76.3151
11.18000 6529 80.8022
11.18250 7576 87.0402
11.18500 8806 93.8403
11.18750 10182 100.906
11.19000 11965 109.385
11.19250 13802 117.482
11.19500 15752 125.507
11.19750 17795 133.398
11.20000 19682 140.293
11.20250 21619 147.034
11.20500 23365 152.856
11.20750 23481 153.235
11.21000 22389 149.63
11.21250 20715 143.927
11.21500 19117 138.264
11.21750 16344 127.844
11.22000 13734 117.192
11.22250 11238 106.009
11.22500 9302 96.4469
11.22750 7785 88.2326
11.23000 6670 81.6701
11.23250 5761 75.9013
11.23500 4919 70.1356
11.23750 4375 66.1438
11.24000 3819 61.7981
11.24250 3473 58.9322
11.24500 3151 56.1338
11.24750 2930 54.1295
11.25000 2765 52.5833
11.25250 2527 50.2693
11.25500 2356 48.5386
11.25750 2294 47.8957
11.26000 2215 47.0638
11.26250 2122 46.0652
11.26500 2029 45.0444
11.26750 1972 44.4072
11.27000 1973 44.4185
11.27250 1913 43.7379
11.27500 1929 43.9204
11.27750 1867 43.2088
11.28000 1821 42.6732
11.28250 1872 43.2666
11.28500 1803 42.4617
11.28750 1808 42.5206
11.29000 1801 42.4382
11.29250 1865 43.1856
11.29500 1857 43.0929
11.29750 1795 42.3674
11.30000 1820 42.6615
11.30250 1780 42.19
11.30500 1836 42.8486
11.30750 1880 43.359
11.31000 1949 44.1475
11.31250 1997 44.6878
11.31500 2118 46.0217
11.31750 2165 46.5296
11.32000 2272 47.6655
11.32250 2430 49.295
11.32500 2593 50.9215
11.32750 2829 53.1883
11.33000 2927 54.1018
11.33250 3155 56.1694
11.33500 3504 59.1946
11.33750 3609 60.075
11.34000 3799 61.636
11.34250 4027 63.4586
11.34500 4169 64.5678
11.34750 4084 63.9062
11.35000 3806 61.6928
11.35250 3577 59.808
11.35500 3151 56.1338
11.35750 2901 53.8609
11.36000 2536 50.3587
11.36250 2352 48.4974
11.36500 2187 46.7654
11.36750 2058 45.3652
11.37000 1989 44.5982
11.37250 1931 43.9431
11.37500 1923 43.852
11.37750 1869 43.2319
11.38000 1810 42.5441
11.38250 1751 41.845
11.38500 1718 41.4488
11.38750 1655 40.6817
11.39000 1644 40.5463
11.39250 1532 39.1408
11.39500 1597 39.9625
11.39750 1593 39.9124
11.40000 1597 39.9625
11.40250 1528 39.0896
11.40500 1584 39.7995
11.40750 1558 39.4715
11.41000 1538 39.2173
11.41250 1545 39.3065
11.41500 1546 39.3192
11.41750 1562 39.5221
11.42000 1519 38.9744
11.42250 1565 39.5601
11.42500 1597 39.9625
11.42750 1547 39.3319
11.43000 1585 39.8121
11.43250 1536 39.1918
11.43500 1597 39.9625
11.43750 1634 40.4228
11.44000 1680 40.9878
11.44250 1639 40.4846
11.44500 1785 42.2493
11.44750 1789 42.2966
11.45000 1746 41.7852
11.45250 1757 41.9166
11.45500 1811 42.5558
11.45750 1791 42.3202
11.46000 1713 41.3884
11.46250 1719 41.4608
11.46500 1697 41.1947
11.46750 1633 40.4104
11.47000 1570 39.6232
11.47250 1575 39.6863
11.47500 1595 39.9375
11.47750 1616 40.1995
11.48000 1563 39.5348
11.48250 1557 39.4588
11.48500 1542 39.2683
11.48750 1571 39.6358
11.49000 1566 39.5727
11.49250 1579 39.7366
11.49500 1573 39.6611
11.49750 1561 39.5095
11.50000 1570 39.6232
11.50250 1679 40.9756
11.50500 1670 40.8656
11.50750 1740 41.7133
11.51000 1765 42.0119
11.51250 1831 42.7902
11.51500 1834 42.8252
11.51750 1892 43.4971
11.52000 2056 45.3431
11.52250 2067 45.4643
11.52500 2085 45.6618
11.52750 2317 48.1352
11.53000 2587 50.8626
11.53250 2725 52.2015
11.53500 2781 52.7352
11.53750 3030 55.0454
11.54000 3316 57.5847
11.54250 3710 60.9098
11.54500 3861 62.1369
11.54750 4079 63.867
11.55000 4277 65.3988
11.55250 4294 65.5286
11.55500 4201 64.8151
11.55750 4006 63.293
11.56000 3700 60.8276
11.56250 3322 57.6368
11.56500 2900 53.8516
11.56750 2532 50.319
11.57000 2298 47.9375
11.57250 2207 46.9787
11.57500 2032 45.0777
11.57750 1973 44.4185
11.58000 1866 43.1972
11.58250 1815 42.6028
11.58500 1773 42.107
11.58750 1775 42.1307
11.59000 1728 41.5692
11.59250 1764 42
11.59500 1748 41.8091
11.59750 1774 42.1189
11.60000 1804 42.4735
11.60250 1924 43.8634
11.60500 1951 44.1701
11.60750 2013 44.8665
11.61000 2115 45.9891
11.61250 2260 47.5395
11.61500 2385 48.8365
11.61750 2426 49.2544
11.62000 2285 47.8017
11.62250 2165 46.5296
11.62500 2005 44.7772
11.62750 1835 42.8369
11.63000 1744 41.7612
11.63250 1694 41.1582
11.63500 1621 40.2616
11.63750 1591 39.8873
11.64000 1575 39.6863
11.64250 1501 38.7427
11.64500 1528 39.0896
11.64750 1553 39.4081
11.65000 1555 39.4335
11.65250 1464 38.2623
11.65500 1526 39.064
11.65750 1515 38.923
11.66000 1526 39.064
11.66250 1450 38.0789
11.66500 1462 38.2361
11.66750 1505 38.7943
11.67000 1573 39.6611
11.67250 1526 39.064
11.67500 1528 39.0896
11.67750 1538 39.2173
11.68000 1451 38.092
11.68250 1416 37.6298
11.68500 1521 39
11.68750 1460 38.2099
11.69000 1448 38.0526
11.69250 1515 38.923
11.69500 1545 39.3065
11.69750 1539 39.2301
11.70000 1514 38.9102
11.70250 1532 39.1408
11.70500 1515 38.923
11.70750 1482 38.4968
11.71000 1536 39.1918
11.71250 1606 40.0749
11.71500 1604 40.05
11.71750 1672 40.8901
11.72000 1684 41.0366
11.72250 1664 40.7922
11.72500 1666 40.8167
11.72750 1659 40.7308
11.73000 1618 40.2244
11.73250 1671 40.8779
11.73500 1690 41.1096
11.73750 1660 40.7431
11.74000 1671 40.8779
11.74250 1716 41.4246
11.74500 1774 42.1189
11.74750 1779 42.1782
11.75000 1797 42.391
11.75250 1817 42.6263
11.75500 1869 43.2319
11.75750 1939 44.0341
11.76000 1862 43.1509
11.76250 1913 43.7379
11.76500 1978 44.4747
11.76750 2083 45.6399
11.77000 2116 46
11.77250 2186 46.7547
11.77500 2206 46.9681
11.77750 2190 46.7974
11.78000 2358 48.5592
11.78250 2406 49.051
11.78500 2541 50.4083
11.78750 2640 51.3809
11.79000 2791 52.8299
11.79250 2878 53.647
11.79500 3098 55.6597
11.79750 3251 57.0175
11.80000 3460 58.8218
11.80250 3692 60.7618
11.80500 3871 62.2174
11.80750 4156 64.467
11.81000 4419 66.4756
11.81250 4721 68.7095
11.81500 4946 70.3278
11.81750 5051 71.0704
11.82000 5418 73.6071
11.82250 5655 75.1997
11.82500 5835 76.3872
11.82750 6003 77.479
11.83000 6020 77.5887
11.83250 5959 77.1946
11.83500 5882 76.6942
11.83750 5757 75.8749
11.84000 5570 74.6324
11.84250 5194 72.0694
11.84500 5106 71.4563
11.84750 5242 72.4017
11.85000 5215 72.215
11.85250 5232 72.3326
11.85500 5392 73.4302
11.85750 5639 75.0933
11.86000 5846 76.4591
11.86250 6207 78.7845
11.86500 6871 82.8915
11.86750 7629 87.3441
11.87000 8334 91.2907
11.87250 9124 95.5196
11.87500 10261 101.297
11.87750 11567 107.55
11.88000 13447 115.961
11.88250 15707 125.328
11.88500 18550 136.198
11.88750 21751 147.482
11.89000 25475 159.609
11.89250 28985 170.25
11.89500 34276 185.138
11.89750 39361 198.396
11.90000 44461 210.858
11.90250 50205 224.065
11.90500 54054 232.495
11.90750 55803 236.227
11.91000 55102 234.738
11.91250 51616 227.192
11.91500 45925 214.301
11.91750 38770 196.901
11.92000 32375 179.931
11.92250 26559 162.969
11.92500 21659 147.17
11.92750 17643 132.827
11.93000 15035 122.617
11.93250 12553 112.04
11.93500 10348 101.725
11.93750 8799 93.803
11.94000 7577 87.046
11.94250 6629 81.4187
11.94500 5790 76.092
11.94750 5353 73.1642
11.95000 4727 68.7532
11.95250 4391 66.2646
11.95500 4129 64.2573
11.95750 3765 61.3596
11.96000 3539 59.4895
11.96250 3299 57.4369
11.96500 3130 55.9464
11.96750 2986 54.6443
11.97000 2962 54.4243
11.97250 2920 54.037
11.97500 2793 52.8488
11.97750 2733 52.2781
11.98000 2835 53.2447
11.98250 2785 52.7731
11.98500 2657 51.5461
11.98750 2753 52.469
11.99000 2861 53.4883
11.99250 2799 52.9056
11.99500 2830 53.1977
11.99750 2879 53.6563
12.00000 2952 54.3323
12.00250 3103 55.7046
12.00500 3106 55.7315
12.00750 3208 56.6392
12.01000 3215 56.701
12.01250 3145 56.0803
12.01500 3224 56.7803
12.01750 3018 54.9363
12.02000 2862 53.4977
12.02250 2846 53.3479
12.02500 2671 51.6817
12.02750 2463 49.6286
12.03000 2327 48.239
12.03250 2192 46.8188
12.03500 2084 45.6508
12.03750 2047 45.2438
12.04000 1995 44.6654
12.04250 1837 42.8602
12.04500 1806 42.4971
12.04750 1810 42.5441
12.05000 1692 41.1339
12.05250 1722 41.497
12.05500 1673 40.9023
12.05750 1580 39.7492
12.06000 1546 39.3192
12.06250 1551 39.3827
12.06500 1550 39.37
12.06750 1568 39.598
12.07000 1517 38.9487
12.07250 1485 38.5357
12.07500 1477 38.4318
12.07750 1431 37.8286
12.08000 1409 37.5366
12.08250 1427 37.7757
12.08500 1472 38.3667
12.08750 1500 38.7298
12.09000 1463 38.2492
12.09250 1414 37.6032
12.09500 1365 36.9459
12.09750 1456 38.1576
12.10000 1488 38.5746
12.10250 1453 38.1182
12.10500 1469 38.3275
12.10750 1515 38.923
12.11000 1419 37.6696
12.11250 1420 37.6829
12.11500 1392 37.3095
12.11750 1361 36.8917
12.12000 1491 38.6135
12.12250 1442 37.9737
12.12500 1433 37.855
12.12750 1322 36.3593
12.13000 1342 36.6333
12.13250 1370 37.0135
12.13500 1382 37.1753
12.13750 1449 38.0657
12.14000 1423 37.7227
12.14250 1438 37.921
12.14500 1372 37.0405
12.14750 1380 37.1484
12.15000 1382 37.1753
12.15250 1447 38.0395
12.15500 1443 37.9868
12.15750 1463 38.2492
12.16000 1412 37.5766
12.16250 1411 37.5633
12.16500 1397 37.3765
12.16750 1398 37.3898
12.17000 1425 37.7492
12.17250 1412 37.5766
12.17500 1410 37.55
12.17750 1423 37.7227
12.18000 1450 38.0789
12.18250 1468 38.3145
12.18500 1450 38.0789
12.18750 1452 38.1051
12.19000 1400 37.4166
12.19250 1414 37.6032
12.19500 1439 37.9342
12.19750 1434 37.8682
12.20000 1463 38.2492
12.20250 1393 37.3229
12.20500 1428 37.7889
12.20750 1429 37.8021
12.21000 1499 38.7169
12.21250 1578 39.724
12.21500 1485 38.5357
12.21750 1474 38.3927
12.22000 1485 38.5357
12.22250 1486 38.5487
12.22500 1505 38.7943
12.22750 1487 38.5616
12.23000 1482 38.4968
12.23250 1480 38.4708
12.23500 1587 39.8372
12.23750 1573 39.6611
12.24000 1553 39.4081
12.24250 1593 39.9124
12.24500 1587 39.8372
12.24750 1612 40.1497
12.25000 1659 40.7308
12.25250 1732 41.6173
12.25500 1715 41.4126
12.25750 1748 41.8091
12.26000 1818 42.638
12.26250 1852 43.0349
12.26500 1924 43.8634
12.26750 1954 44.2041
12.27000 2048 45.2548
12.27250 2071 45.5082
12.27500 2093 45.7493
12.27750 2185 46.744
12.28000 2342 48.3942
12.28250 2536 50.3587
12.28500 2586 50.8527
12.28750 2691 51.8748
12.29000 2946 54.2771
12.29250 3098 55.6597
12.29500 3324 57.6541
12.29750 3590 59.9166
12.30000 3870 62.2093
12.30250 4127 64.2417
12.30500 4408 66.3928
12.30750 4527 67.283
12.31000 4625 68.0074
12.31250 4789 69.2026
12.31500 4984 70.5975
12.31750 4986 70.6116
12.32000 4942 70.2994
12.32250 4839 69.5629
12.32500 4664 68.2935
12.32750 4439 66.6258
12.33000 4142 64.3584
12.33250 3990 63.1664
12.33500 3869 62.2013
12.33750 3672 60.597
12.34000 3625 60.208
12.34250 3681 60.6712
12.34500 3732 61.0901
12.34750 3842 61.9839
12.35000 3883 62.3137
12.35250 4241 65.123
12.35500 4657 68.2422
12.35750 5084 71.3022
12.36000 5653 75.1864
12.36250 6542 80.8826
12.36500 7365 85.8196
12.36750 8421 91.766
12.37000 9347 96.6799
12.37250 10277 101.376
12.37500 11390 106.724
12.37750 12235 110.612
12.38000 12621 112.343
12.38250 12329 111.036
12.38500 11651 107.94
12.38750 10368 101.823
12.39000 9001 94.8736
12.39250 7617 87.2754
12.39500 6426 80.1623
12.39750 5403 73.5051
12.40000 4790 69.2098
12.40250 4225 65
12.40500 3719 60.9836
12.40750 3376 58.1034
12.41000 3095 55.6327
12.41250 2847 53.3573
12.41500 2657 51.5461
12.41750 2446 49.4571
12.42000 2312 48.0833
12.42250 2198 46.8828
12.42500 2049 45.2659
12.42750 1997 44.6878
12.43000 1951 44.1701
12.43250 1977 44.4635
12.43500 1831 42.7902
12.43750 1764 42
12.44000 1733 41.6293
12.44250 1756 41.9047
12.44500 1640 40.4969
12.44750 1673 40.9023
12.45000 1786 42.2611
12.45250 1704 41.2795
12.45500 1646 40.5709
12.45750 1640 40.4969
12.46000 1662 40.7676
12.46250 1737 41.6773
12.46500 1747 41.7971
12.46750 1754 41.8808
12.47000 1802 42.45
12.47250 1864 43.1741
12.47500 1901 43.6005
12.47750 1968 44.3621
12.48000 1997 44.6878
12.48250 2081 45.618
12.48500 2286 47.8121
12.48750 2347 48.4458
12.49000 2483 49.8297
12.49250 2710 52.0577
12.49500 2966 54.461
12.49750 3225 56.7891
12.50000 3509 59.2368
12.50250 3728 61.0574
12.50500 4011 63.3325
12.50750 4369 66.0984
12.51000 4677 68.3886
12.51250 5015 70.8167
12.51500 5341 73.0821
12.51750 5557 74.5453
12.52000 5524 74.3236
12.52250 5195 72.0763
12.52500 4798 69.2676
12.52750 4228 65.0231
12.53000 3795 61.6036
12.53250 3431 58.5747
12.53500 3313 57.5587
12.53750 3099 55.6687
12.54000 2769 52.6213
12.54250 2531 50.309
12.54500 2491 49.9099
12.54750 2402 49.0102
12.55000 2349 48.4665
12.55250 2348 48.4562
12.55500 2306 48.0208
12.55750 2310 48.0625
12.56000 2394 48.9285
12.56250 2492 49.9199
12.56500 2617 51.1566
12.56750 2800 52.915
12.57000 2779 52.7162
12.57250 2932 54.1479
12.57500 3151 56.1338
12.57750 3296 57.4108
12.58000 3445 58.6941
12.58250 3647 60.3904
12.58500 3835 61.9274
12.58750 3950 62.849
12.59000 3987 63.1427
12.59250 3912 62.546
12.59500 3764 61.3514
12.59750 3647 60.3904
12.60000 3323 57.6455
12.60250 3047 55.1996
12.60500 2948 54.2955
12.60750 2847 53.3573
12.61000 2843 53.3198
12.61250 2785 52.7731
12.61500 2765 52.5833
12.61750 2759 52.5262
12.62000 2837 53.2635
12.62250 2809 53
12.62500 2847 53.3573
12.62750 2785 52.7731
12.63000 2786 52.7826
12.63250 2838 53.2729
12.63500 2756 52.4976
12.63750 2758 52.5167
12.64000 2854 53.4228
12.64250 2900 53.8516
12.64500 3066 55.3715
12.64750 3091 55.5968
12.65000 3099 55.6687
12.65250 3094 55.6237
12.65500 3115 55.8122
12.65750 3120 55.857
12.66000 3184 56.4269
12.66250 3237 56.8946
12.66500 3382 58.155
12.66750 3552 59.5987
12.67000 3782 61.498
12.67250 4061 63.726
12.67500 4479 66.9253
12.67750 4660 68.2642
12.68000 4973 70.5195
12.68250 5452 73.8377
12.68500 5565 74.5989
12.68750 5618 74.9533
12.69000 5386 73.3894
12.69250 5013 70.8025
12.69500 4549 67.4463
12.69750 3926 62.6578
12.70000 3502 59.1777
12.70250 3112 55.7853
12.70500 2773 52.6593
12.70750 2463 49.6286
12.71000 2292 47.8748
12.71250 2127 46.1194
12.71500 1993 44.643
12.71750 1852 43.0349
12.72000 1713 41.3884
12.72250 1694 41.1582
12.72500 1642 40.5216
12.72750 1513 38.8973
12.73000 1558 39.4715
12.73250 1454 38.1314
12.73500 1399 37.4032
12.73750 1418 37.6563
12.74000 1394 37.3363
12.74250 1347 36.7015
12.74500 1323 36.3731
12.74750 1382 37.1753
12.75000 1350 36.7423
12.75250 1332 36.4966
12.75500 1282 35.805
12.75750 1291 35.9305
12.76000 1295 35.9861
12.76250 1234 35.1283
12.76500 1298 36.0278
12.76750 1299 36.0416
12.77000 1267 35.5949
12.77250 1307 36.1525
12.77500 1241 35.2278
12.77750 1195 34.5688
12.78000 1241 35.2278
12.78250 1259 35.4824
12.78500 1278 35.7491
12.78750 1255 35.426
12.79000 1222 34.9571
12.79250 1264 35.5528
12.79500 1255 35.426
12.79750 1245 35.2846
12.80000 1254 35.4119
12.80250 1223 34.9714
12.80500 1248 35.327
12.80750 1296 36
12.81000 1260 35.4965
12.81250 1264 35.5528
12.81500 1251 35.3695
12.81750 1208 34.7563
12.82000 1127 33.5708
12.82250 1236 35.1568
12.82500 1228 35.0428
12.82750 1224 34.9857
12.83000 1192 34.5254
12.83250 1294 35.9722
12.83500 1298 36.0278
12.83750 1214 34.8425
12.84000 1208 34.7563
12.84250 1164 34.1174
12.84500 1217 34.8855
12.84750 1242 35.242
12.85000 1207 34.7419
12.85250 1187 34.4529
12.85500 1175 34.2783
12.85750 1217 34.8855
12.86000 1223 34.9714
12.86250 1220 34.9285
12.86500 1232 35.0999
12.86750 1250 35.3553
12.87000 1281 35.7911
12.87250 1247 35.3129
12.87500 1243 35.2562
12.87750 1275 35.7071
12.88000 1204 34.6987
12.88250 1216 34.8712
12.88500 1215 34.8569
12.88750 1268 35.609
12.89000 1281 35.7911
12.89250 1297 36.0139
12.89500 1313 36.2353
12.89750 1339 36.5923
12.90000 1353 36.7831
12.90250 1408 37.5233
12.90500 1472 38.3667
12.90750 1460 38.2099
12.91000 1407 37.51
12.91250 1416 37.6298
12.91500 1449 38.0657
12.91750 1529 39.1024
12.92000 1573 39.6611
12.92250 1602 40.025
12.92500 1652 40.6448
12.92750 1761 41.9643
12.93000 1869 43.2319
12.93250 1904 43.6348
12.93500 2008 44.8107
12.93750 2181 46.7012
12.94000 2263 47.571
12.94250 2451 49.5076
12.94500 2573 50.7247
12.94750 2902 53.8702
12.95000 3220 56.745
12.95250 3409 58.3866
12.95500 3773 61.4248
12.95750 4196 64.7765
12.96000 4697 68.5347
12.96250 5171 71.9097
12.96500 5793 76.1118
12.96750 6574 81.0802
12.97000 7372 85.8604
12.97250 8030 89.6103
12.97500 8425 91.7878
12.97750 8702 93.2845
12.98000 8311 91.1647
12.98250 7485 86.5159
12.98500 6589 81.1727
12.98750 5768 75.9474
12.99000 4975 70.5337
12.99250 4272 65.3605
12.99500 3703 60.8523
12.99750 3403 58.3352
13.00000 3113 55.7943
13.00250 2720 52.1536
13.00500 2491 49.9099
13.00750 2329 48.2597
13.01000 2104 45.8694
13.01250 1958 44.2493
13.01500 1888 43.4511
13.01750 1749 41.821
13.02000 1719 41.4608
13.02250 1629 40.3609
13.02500 1570 39.6232
13.02750 1496 38.6782
13.03000 1427 37.7757
13.03250 1410 37.55
13.03500 1457 38.1707
13.03750 1458 38.1838
13.04000 1346 36.6879
13.04250 1311 36.2077
13.04500 1316 36.2767
13.04750 1342 36.6333
13.05000 1288 35.8887
13.05250 1301 36.0694
13.05500 1327 36.428
13.05750 1284 35.8329
13.06000 1238 35.1852
13.06250 1176 34.2929
13.06500 1264 35.5528
13.06750 1297 36.0139
13.07000 1236 35.1568
13.07250 1306 36.1386
13.07500 1340 36.606
13.07750 1306 36.1386
13.08000 1339 36.5923
13.08250 1354 36.7967
13.08500 1258 35.4683
13.08750 1316 36.2767
13.09000 1393 37.3229
13.09250 1363 36.9188
13.09500 1317 36.2905
13.09750 1377 37.108
13.10000 1354 36.7967
13.10250 1305 36.1248
13.10500 1315 36.2629
13.10750 1359 36.8646
13.11000 1323 36.3731
13.11250 1297 36.0139
13.11500 1297 36.0139
13.11750 1258 35.4683
13.12000 1235 35.1426
13.12250 1254 35.4119
13.12500 1218 34.8999
13.12750 1206 34.7275
13.13000 1248 35.327
13.13250 1180 34.3511
13.13500 1200 34.641
13.13750 1227 35.0286
13.14000 1188 34.4674
13.14250 1222 34.9571
13.14500 1242 35.242
13.14750 1176 34.2929
13.15000 1199 34.6266
13.15250 1124 33.5261
13.15500 1198 34.6121
13.15750 1211 34.7994
13.16000 1224 34.9857
13.16250 1266 35.5809
13.16500 1230 35.0714
13.16750 1269 35.623
13.17000 1253 35.3977
13.17250 1309 36.1801
13.17500 1291 35.9305
13.17750 1268 35.609
13.18000 1321 36.3456
13.18250 1375 37.081
13.18500 1449 38.0657
13.18750 1413 37.5899
13.19000 1477 38.4318
13.19250 1503 38.7685
13.19500 1504 38.7814
13.19750 1523 39.0256
13.20000 1657 40.7063
13.20250 1705 41.2916
13.20500 1775 42.1307
13.20750 1930 43.9318
13.21000 1999 44.7102
13.21250 2187 46.7654
13.21500 2338 48.3529
13.21750 2442 49.4166
13.22000 2649 51.4684
13.22250 2929 54.1202
13.22500 3101 55.6866
13.22750 3384 58.1722
13.23000 3506 59.2115
13.23250 3675 60.6218
13.23500 3759 61.3107
13.23750 3840 61.9677
13.24000 3821 61.8142
13.24250 3735 61.1146
13.24500 3736 61.1228
13.24750 3569 59.7411
13.25000 3286 57.3236
13.25250 3072 55.4256
13.25500 2652 51.4976
13.25750 2334 48.3115
13.26000 2160 46.4758
13.26250 1973 44.4185
13.26500 1788 42.2847
13.26750 1737 41.6773
13.27000 1683 41.0244
13.27250 1557 39.4588
13.27500 1522 39.0128
13.27750 1484 38.5227
13.28000 1414 37.6032
13.28250 1344 36.6606
13.28500 1329 36.4555
13.28750 1329 36.4555
13.29000 1318 36.3043
13.29250 1281 35.7911
13.29500 1261 35.5106
13.29750 1205 34.7131
13.30000 1252 35.3836
13.30250 1242 35.242
13.30500 1239 35.1994
13.30750 1197 34.5977
13.31000 1172 34.2345
13.31250 1197 34.5977
13.31500 1162 34.0881
13.31750 1200 34.641
13.32000 1212 34.8138
13.32250 1225 35
13.32500 1221 34.9428
13.32750 1232 35.0999
13.33000 1242 35.242
13.33250 1272 35.6651
13.33500 1260 35.4965
13.33750 1345 36.6742
13.34000 1386 37.229
13.34250 1376 37.0945
13.34500 1422 37.7094
13.34750 1440 37.9473
13.35000 1549 39.3573
13.35250 1606 40.0749
13.35500 1534 39.1663
13.35750 1532 39.1408
13.36000 1470 38.3406
13.36250 1395 37.3497
13.36500 1346 36.6879
13.36750 1288 35.8887
13.37000 1268 35.609
13.37250 1339 36.5923
13.37500 1265 35.5668
13.37750 1153 33.9559
13.38000 1186 34.4384
13.38250 1187 34.4529
13.38500 1134 33.6749
13.38750 1143 33.8083
13.39000 1096 33.1059
13.39250 1111 33.3317
13.39500 1091 33.0303
13.39750 1103 33.2114
13.40000 1094 33.0757
13.40250 1121 33.4813
13.40500 1173 34.2491
13.40750 1186 34.4384
13.41000 1165 34.1321
13.41250 1130 33.6155
13.41500 1158 34.0294
13.41750 1157 34.0147
13.42000 1150 33.9116
13.42250 1145 33.8378
13.42500 1235 35.1426
13.42750 1221 34.9428
13.43000 1200 34.641
13.43250 1170 34.2053
13.43500 1236 35.1568
13.43750 1208 34.7563
13.44000 1240 35.2136
13.44250 1238 35.1852
13.44500 1258 35.4683
13.44750 1253 35.3977
13.45000 1291 35.9305
13.45250 1352 36.7696
13.45500 1347 36.7015
13.45750 1390 37.2827
13.46000 1330 36.4692
13.46250 1390 37.2827
13.46500 1396 37.3631
13.46750 1429 37.8021
13.47000 1490 38.6005
13.47250 1530 39.1152
13.47500 1598 39.975
13.47750 1620 40.2492
13.48000 1530 39.1152
13.48250 1655 40.6817
13.48500 1670 40.8656
13.48750 1726 41.5452
13.49000 1691 41.1218
13.49250 1809 42.5323
13.49500 1934 43.9773
13.49750 1936 44
13.50000 1954 44.2041
13.50250 2110 45.9347
13.50500 2235 47.2758
13.50750 2344 48.4149
13.51000 2411 49.1019
13.51250 2681 51.7784
13.51500 2791 52.8299
13.51750 3059 55.3082
13.52000 3377 58.112
13.52250 3731 61.0819
13.52500 4072 63.8122
13.52750 4279 65.4141
13.53000 4340 65.8787
13.53250 4281 65.4294
13.53500 4139 64.3351
13.53750 3771 61.4085
13.54000 3535 59.4559
13.54250 3093 55.6147
13.54500 2758 52.5167
13.54750 2443 49.4267
13.55000 2206 46.9681
13.55250 2014 44.8776
13.55500 1838 42.8719
13.55750 1657 40.7063
13.56000 1543 39.281
13.56250 1484 38.5227
13.56500 1451 38.092
13.56750 1408 37.5233
13.57000 1281 35.7911
13.57250 1256 35.4401
13.57500 1271 35.6511
13.57750 1245 35.2846
13.58000 1190 34.4964
13.58250 1231 35.0856
13.58500 1206 34.7275
13.58750 1206 34.7275
13.59000 1160 34.0588
13.59250 1134 33.6749
13.59500 1111 33.3317
13.59750 1114 33.3766
13.60000 1113 33.3617
13.60250 1088 32.9848
13.60500 1051 32.4191
13.60750 1035 32.1714
13.61000 1023 31.9844
13.61250 982 31.3369
13.61500 1023 31.9844
13.61750 1094 33.0757
13.62000 1101 33.1813
13.62250 1039 32.2335
13.62500 1042 32.28
13.62750 1077 32.8177
13.63000 1080 32.8634
13.63250 1071 32.7261
13.63500 1049 32.3883
13.63750 1020 31.9374
13.64000 1025 32.0156
13.64250 1057 32.5115
13.64500 1002 31.6544
13.64750 1044 32.311
13.65000 1011 31.7962
13.65250 1050 32.4037
13.65500 1042 32.28
13.65750 1031 32.1092
13.66000 1045 32.3265
13.66250 1016 31.8748
13.66500 994 31.5278
13.66750 985 31.3847
13.67000 1026 32.0312
13.67250 1042 32.28
13.67500 1062 32.5883
13.67750 1084 32.9242
13.68000 1084 32.9242
13.68250 1038 32.218
13.68500 1018 31.9061
13.68750 1002 31.6544
13.69000 989 31.4484
13.69250 982 31.3369
13.69500 1033 32.1403
13.69750 1063 32.6037
13.70000 1027 32.0468
13.70250 1043 32.2955
13.70500 1040 32.249
13.70750 1048 32.3728
13.71000 1084 32.9242
13.71250 1070 32.7109
13.71500 998 31.5911
13.71750 1024 32
13.72000 1022 31.9687
13.72250 1057 32.5115
13.72500 1071 32.7261
13.72750 1073 32.7567
13.73000 1053 32.45
13.73250 1061 32.573
13.73500 1043 32.2955
13.73750 1003 31.6702
13.74000 1011 31.7962
13.74250 1025 32.0156
13.74500 1029 32.078
13.74750 1020 31.9374
13.75000 1039 32.2335
13.75250 1049 32.3883
13.75500 1076 32.8024
13.75750 1051 32.4191
13.76000 1060 32.5576
13.76250 1034 32.1559
13.76500 1038 32.218
13.76750 1031 32.1092
13.77000 1083 32.909
13.77250 1087 32.9697
13.77500 1075 32.7872
13.77750 1082 32.8938
13.78000 1084 32.9242
13.78250 1066 32.6497
13.78500 1064 32.619
13.78750 1065 32.6343
13.79000 1109 33.3017
13.79250 1113 33.3617
13.79500 1146 33.8526
13.79750 1175 34.2783
13.80000 1191 34.5109
13.80250 1194 34.5543
13.80500 1177 34.3074
13.80750 1165 34.1321
13.81000 1232 35.0999
13.81250 1302 36.0832
13.81500 1338 36.5787
13.81750 1375 37.081
13.82000 1441 37.9605
13.82250 1489 38.5876
13.82500 1537 39.2046
13.82750 1619 40.2368
13.83000 1671 40.8779
13.83250 1692 41.1339
13.83500 1658 40.7185
13.83750 1694 41.1582
13.84000 1771 42.0833
13.84250 1667 40.8289
13.84500 1591 39.8873
13.84750 1626 40.3237
13.85000 1569 39.6106
13.85250 1491 38.6135
13.85500 1376 37.0945
13.85750 1271 35.6511
13.86000 1264 35.5528
13.86250 1311 36.2077
13.86500 1227 35.0286
13.86750 1148 33.8821
13.87000 1122 33.4963
13.87250 1075 32.7872
13.87500 1146 33.8526
13.87750 1194 34.5543
13.88000 1127 33.5708
13.88250 1111 33.3317
13.88500 1095 33.0908
13.88750 1124 33.5261
13.89000 1168 34.176
13.89250 1128 33.5857
13.89500 1141 33.7787
13.89750 1165 34.1321
13.90000 1132 33.6452
13.90250 1151 33.9264
13.90500 1116 33.4066
13.90750 1085 32.9393
13.91000 1185 34.4238
13.91250 1249 35.3412
13.91500 1205 34.7131
13.91750 1191 34.5109
13.92000 1225 35
13.92250 1214 34.8425
13.92500 1237 35.171
13.92750 1351 36.756
13.93000 1295 35.9861
13.93250 1316 36.2767
13.93500 1374 37.0675
13.93750 1374 37.0675
13.94000 1404 37.47
13.94250 1407 37.51
13.94500 1462 38.2361
13.94750 1548 39.3446
13.95000 1638 40.4722
13.95250 1657 40.7063
13.95500 1689 41.0974
13.95750 1672 40.8901
13.96000 1680 40.9878
13.96250 1740 41.7133
13.96500 1728 41.5692
13.96750 1760 41.9524
13.97000 1787 42.2729
13.97250 1862 43.1509
13.97500 1859 43.1161
13.97750 1857 43.0929
13.98000 1832 42.8019
13.98250 1816 42.6146
13.98500 1694 41.1582
13.98750 1596 39.95
13.99000 1555 39.4335
13.99250 1557 39.4588
13.99500 1438 37.921
13.99750 1306 36.1386
14.00000 1343 36.647
14.00250 1302 36.0832
14.00500 1292 35.9444
14.00750 1225 35
14.01000 1198 34.6121
14.01250 1189 34.4819
14.01500 1161 34.0735
14.01750 1157 34.0147
14.02000 1166 34.1467
14.02250 1132 33.6452
14.02500 1154 33.9706
14.02750 1174 34.2637
14.03000 1168 34.176
14.03250 1086 32.9545
14.03500 1091 33.0303
14.03750 1152 33.9411
14.04000 1166 34.1467
14.04250 1126 33.5559
14.04500 1141 33.7787
14.04750 1174 34.2637
14.05000 1165 34.1321
14.05250 1193 34.5398
14.05500 1258 35.4683
14.05750 1216 34.8712
14.06000 1239 35.1994
14.06250 1326 36.4143
14.06500 1346 36.6879
14.06750 1407 37.51
14.07000 1446 38.0263
14.07250 1448 38.0526
14.07500 1386 37.229
14.07750 1351 36.756
14.08000 1271 35.6511
14.08250 1284 35.8329
14.08500 1208 34.7563
14.08750 1222 34.9571
14.09000 1195 34.5688
14.09250 1114 33.3766
14.09500 1198 34.6121
14.09750 1187 34.4529
14.10000 1126 33.5559
14.10250 1120 33.4664
14.10500 1164 34.1174
14.10750 1203 34.6843
14.11000 1200 34.641
14.11250 1185 34.4238
14.11500 1251 35.3695
14.11750 1330 36.4692
14.12000 1344 36.6606
14.12250 1298 36.0278
14.12500 1279 35.7631
14.12750 1249 35.3412
14.13000 1208 34.7563
14.13250 1215 34.8569
14.13500 1140 33.7639
14.13750 1070 32.7109
14.14000 1062 32.5883
14.14250 1069 32.6956
14.14500 1041 32.2645
14.14750 1067 32.665
14.15000 1100 33.1662
14.15250 1017 31.8904
14.15500 1051 32.4191
14.15750 1059 32.5423
14.16000 1077 32.8177
14.16250 1099 33.1512
14.16500 1085 32.9393
14.16750 1084 32.9242
14.17000 1057 32.5115
14.17250 1078 32.8329
14.17500 1018 31.9061
14.17750 1000 31.6228
14.18000 1087 32.9697
14.18250 1079 32.8481
14.18500 1061 32.573
14.18750 1072 32.7414
14.19000 1038 32.218
14.19250 1003 31.6702
14.19500 1033 32.1403
14.19750 1010 31.7805
14.20000 1012 31.8119
14.20250 1052 32.4345
14.20500 1039 32.2335
14.20750 1108 33.2866
14.21000 1113 33.3617
14.21250 1046 32.3419
14.21500 1022 31.9687
14.21750 1045 32.3265
14.22000 1104 33.2265
14.22250 1092 33.0454
14.22500 1063 32.6037
14.22750 1091 33.0303
14.23000 1094 33.0757
14.23250 1143 33.8083
14.23500 1148 33.8821
14.23750 1170 34.2053
14.24000 1195 34.5688
14.24250 1211 34.7994
14.24500 1202 34.6699
14.24750 1225 35
14.25000 1274 35.6931
14.25250 1295 35.9861
14.25500 1341 36.6197
14.25750 1389 37.2693
14.26000 1419 37.6696
14.26250 1503 38.7685
14.26500 1595 39.9375
14.26750 1677 40.9512
14.27000 1797 42.391
14.27250 1853 43.0465
14.27500 1977 44.4635
14.27750 2123 46.076
14.28000 2147 46.3357
14.28250 2027 45.0222
14.28500 1925 43.8748
14.28750 1898 43.566
14.29000 1805 42.4853
14.29250 1685 41.0488
14.29500 1632 40.398
14.29750 1626 40.3237
14.30000 1543 39.281
14.30250 1460 38.2099
14.30500 1491 38.6135
14.30750 1503 38.7685
14.31000 1487 38.5616
14.31250 1510 38.8587
14.31500 1471 38.3536
14.31750 1434 37.8682
14.32000 1500 38.7298
14.32250 1560 39.4968
14.32500 1532 39.1408
14.32750 1514 38.9102
14.33000 1619 40.2368
14.33250 1641 40.5093
14.33500 1662 40.7676
14.33750 1880 43.359
14.34000 2020 44.9444
14.34250 2180 46.6905
14.34500 2350 48.4768
14.34750 2520 50.1996
14.35000 2764 52.5738
14.35250 3034 55.0818
14.35500 3252 57.0263
14.35750 3558 59.649
14.36000 3898 62.434
14.36250 4292 65.5134
14.36500 4480 66.9328
14.36750 4495 67.0448
14.37000 4366 66.0757
14.37250 4109 64.1015
14.37500 3892 62.3859
14.37750 3527 59.3886
14.38000 3263 57.1227
14.38250 3054 55.263
14.38500 2785 52.7731
14.38750 2545 50.448
14.39000 2465 49.6488
14.39250 2492 49.9199
14.39500 2496 49.96
14.39750 2558 50.5767
14.40000 2626 51.2445
14.40250 2715 52.1057
14.40500 2776 52.6878
14.40750 2993 54.7083
14.41000 3263 57.1227
14.41250 3454 58.7707
14.41500 3688 60.7289
14.41750 3940 62.7694
14.42000 3943 62.7933
14.42250 3965 62.9682
14.42500 3871 62.2174
14.42750 3956 62.8967
14.43000 3728 61.0574
14.43250 3497 59.1354
14.43500 3508 59.2284
14.43750 3381 58.1464
14.44000 3119 55.848
14.44250 3000 54.7723
14.44500 2831 53.2071
14.44750 2794 52.8583
14.45000 2707 52.0288
14.45250 2725 52.2015
14.45500 2765 52.5833
14.45750 2826 53.1601
14.46000 2919 54.0278
14.46250 3071 55.4166
14.46500 3108 55.7494
14.46750 3198 56.5509
14.47000 3259 57.0877
14.47250 3263 57.1227
14.47500 3217 56.7186
14.47750 3153 56.1516
14.48000 2970 54.4977
14.48250 2813 53.0377
14.48500 2650 51.4782
14.48750 2600 50.9902
14.49000 2468 49.679
14.49250 2358 48.5592
14.49500 2295 47.9062
14.49750 2262 47.5605
14.50000 2213 47.0425
14.50250 2204 46.9468
14.50500 2224 47.1593
14.50750 2177 46.6583
14.51000 2244 47.3709
14.51250 2253 47.4658
14.51500 2230 47.2229
14.51750 2212 47.0319
14.52000 2282 47.7703
14.52250 2437 49.366
14.52500 2477 49.7695
14.52750 2531 50.309
14.53000 2691 51.8748
14.53250 2772 52.6498
14.53500 2924 54.074
14.53750 3066 55.3715
14.54000 3236 56.8859
14.54250 3356 57.931
14.54500 3458 58.8048
14.54750 3611 60.0916
14.55000 3648 60.3987
14.55250 3554 59.6154
14.55500 3384 58.1722
14.55750 3065 55.3624
14.56000 2900 53.8516
14.56250 2650 51.4782
14.56500 2432 49.3153
14.56750 2262 47.5605
14.57000 2132 46.1736
14.57250 2056 45.3431
14.57500 1954 44.2041
14.57750 1802 42.45
14.58000 1778 42.1663
14.58250 1814 42.5911
14.58500 1667 40.8289
14.58750 1672 40.8901
14.59000 1735 41.6533
14.59250 1828 42.7551
14.59500 1824 42.7083
14.59750 1786 42.2611
14.60000 1965 44.3283
14.60250 2131 46.1628
14.60500 2220 47.1169
14.60750 2282 47.7703
14.61000 2494 49.94
14.61250 2727 52.2207
14.61500 2927 54.1018
14.61750 3116 55.8211
14.62000 3309 57.5239
14.62250 3326 57.6715
14.62500 3415 58.438
14.62750 3310 57.5326
14.63000 3074 55.4437
14.63250 2796 52.8772
14.63500 2539 50.3885
14.63750 2449 49.4874
14.64000 2251 47.4447
14.64250 2148 46.3465
14.64500 1874 43.2897
14.64750 1823 42.6966
14.65000 1688 41.0853
14.65250 1556 39.4462
14.65500 1507 38.8201
14.65750 1427 37.7757
14.66000 1397 37.3765
14.66250 1361 36.8917
14.66500 1295 35.9861
14.66750 1260 35.4965
14.67000 1322 36.3593
14.67250 1210 34.7851
14.67500 1200 34.641
14.67750 1123 33.5112
14.68000 1157 34.0147
14.68250 1112 33.3467
14.68500 1138 33.7343
14.68750 1136 33.7046
14.69000 1147 33.8674
14.69250 1122 33.4963
14.69500 1092 33.0454
14.69750 1137 33.7194
14.70000 1077 32.8177
14.70250 1066 32.6497
14.70500 1092 33.0454
14.70750 1050 32.4037
14.71000 1044 32.311
14.71250 1116 33.4066
14.71500 1155 33.9853
14.71750 1149 33.8969
14.72000 1166 34.1467
14.72250 1189 34.4819
14.72500 1184 34.4093
14.72750 1182 34.3802
14.73000 1210 34.7851
14.73250 1267 35.5949
14.73500 1254 35.4119
14.73750 1275 35.7071
14.74000 1363 36.9188
14.74250 1346 36.6879
14.74500 1364 36.9324
14.74750 1390 37.2827
14.75000 1409 37.5366
14.75250 1389 37.2693
14.75500 1377 37.108
14.75750 1319 36.318
14.76000 1255 35.426
14.76250 1253 35.3977
14.76500 1249 35.3412
14.76750 1199 34.6266
14.77000 1189 34.4819
14.77250 1192 34.5254
14.77500 1143 33.8083
14.77750 1126 33.5559
14.78000 1130 33.6155
14.78250 1126 33.5559
14.78500 1066 32.6497
14.78750 1061 32.573
14.79000 1093 33.0606
14.79250 1060 32.5576
14.79500 1116 33.4066
14.79750 1153 33.9559
14.80000 1126 33.5559
14.80250 1151 33.9264
14.80500 1139 33.7491
14.80750 1148 33.8821
14.81000 1151 33.9264
14.81250 1106 33.2566
14.81500 1120 33.4664
14.81750 1124 33.5261
14.82000 1146 33.8526
14.82250 1217 34.8855
14.82500 1236 35.1568
14.82750 1247 35.3129
14.83000 1284 35.8329
14.83250 1349 36.7287
14.83500 1337 36.565
14.83750 1375 37.081
14.84000 1417 37.6431
14.84250 1515 38.923
14.84500 1543 39.281
14.84750 1636 40.4475
14.85000 1785 42.2493
14.85250 1857 43.0929
14.85500 2042 45.1885
14.85750 2222 47.1381
14.86000 2387 48.8569
14.86250 2545 50.448
14.86500 2783 52.7541
14.86750 3209 56.648
14.87000 3469 58.8982
14.87250 3630 60.2495
14.87500 3572 59.7662
14.87750 3432 58.5833
14.88000 3468 58.8897
14.88250 3349 57.8705
14.88500 3141 56.0446
14.88750 3021 54.9636
14.89000 2845 53.3385
14.89250 2640 51.3809
14.89500 2429 49.2849
14.89750 2144 46.3033
14.90000 1977 44.4635
14.90250 1899 43.5775
14.90500 1780 42.19
14.90750 1643 40.5339
14.91000 1532 39.1408
14.91250 1436 37.8946
14.91500 1400 37.4166
14.91750 1358 36.8511
14.92000 1275 35.7071
14.92250 1254 35.4119
14.92500 1241 35.2278
14.92750 1255 35.426
14.93000 1210 34.7851
14.93250 1128 33.5857
14.93500 1122 33.4963
14.93750 1141 33.7787
14.94000 1113 33.3617
14.94250 1118 33.4365
14.94500 1067 32.665
14.94750 1057 32.5115
14.95000 1066 32.6497
14.95250 1032 32.1248
14.95500 1041 32.2645
14.95750 1036 32.187
14.96000 1058 32.5269
14.96250 1053 32.45
14.96500 1032 32.1248
14.96750 1056 32.4962
14.97000 996 31.5595
14.97250 989 31.4484
14.97500 1013 31.8277
14.97750 1009 31.7648
14.98000 966 31.0805
14.98250 1051 32.4191
14.98500 1021 31.9531
14.98750 995 31.5436
14.99000 991 31.4802
14.99250 969 31.1288
14.99500 1040 32.249
14.99750 988 31.4325
15.00000 932 30.5287
15.00250 965 31.0644
15.00500 1017 31.8904
15.00750 992 31.496
15.01000 1012 31.8119
15.01250 990 31.4643
15.01500 967 31.0966
15.01750 996 31.5595
15.02000 973 31.1929
15.02250 1018 31.9061
15.02500 964 31.0483
15.02750 949 30.8058
15.03000 937 30.6105
15.03250 1056 32.4962
15.03500 971 31.1609
15.03750 1004 31.686
15.04000 982 31.3369
15.04250 986 31.4006
15.04500 980 31.305
15.04750 970 31.1448
15.05000 962 31.0161
15.05250 983 31.3528
15.05500 965 31.0644
15.05750 995 31.5436
15.06000 1005 31.7017
15.06250 1049 32.3883
15.06500 1033 32.1403
15.06750 1011 31.7962
15.07000 1032 32.1248
15.07250 1028 32.0624
15.07500 1036 32.187
15.07750 997 31.5753
15.08000 995 31.5436
15.08250 996 31.5595
15.08500 1044 32.311
15.08750 1031 32.1092
15.09000 1051 32.4191
15.09250 1086 32.9545
15.09500 1031 32.1092
15.09750 1043 32.2955
15.10000 1050 32.4037
15.10250 1024 32
15.10500 954 30.8869
15.10750 1022 31.9687
15.11000 1094 33.0757
15.11250 1065 32.6343
15.11500 1070 32.7109
15.11750 1040 32.249
15.12000 1056 32.4962
15.12250 1076 32.8024
15.12500 1135 33.6898
15.12750 1142 33.7935
15.13000 1142 33.7935
15.13250 1106 33.2566
15.13500 1134 33.6749
15.13750 1142 33.7935
15.14000 1112 33.3467
15.14250 1165 34.1321
15.14500 1204 34.6987
15.14750 1172 34.2345
15.15000 1183 34.3948
15.15250 1250 35.3553
15.15500 1256 35.4401
15.15750 1204 34.6987
15.16000 1266 35.5809
15.16250 1345 36.6742
15.16500 1364 36.9324
15.16750 1385 37.2156
15.17000 1405 37.4833
15.17250 1473 38.3797
15.17500 1551 39.3827
15.17750 1614 40.1746
15.18000 1640 40.4969
15.18250 1675 40.9268
15.18500 1834 42.8252
15.18750 1853 43.0465
15.19000 1963 44.3058
15.19250 2120 46.0435
15.19500 2269 47.634
15.19750 2434 49.3356
15.20000 2541 50.4083
15.20250 2645 51.4296
15.20500 2781 52.7352
15.20750 2985 54.6352
15.21000 3103 55.7046
15.21250 3223 56.7715
15.21500 3403 58.3352
15.21750 3403 58.3352
15.22000 3412 58.4123
15.22250 3421 58.4893
15.22500 3367 58.0259
15.22750 3266 57.1489
15.23000 3339 57.7841
15.23250 3244 56.9561
15.23500 3124 55.8928
15.23750 2972 54.5161
15.24000 2851 53.3948
15.24250 2791 52.8299
15.24500 2714 52.0961
15.24750 2718 52.1344
15.25000 2693 51.8941
15.25250 2728 52.2303
15.25500 2770 52.6308
15.25750 2686 51.8266
15.26000 2720 52.1536
15.26250 2677 51.7397
15.26500 2626 51.2445
15.26750 2481 49.8096
15.27000 2376 48.7442
15.27250 2156 46.4327
15.27500 1971 44.3959
15.27750 1918 43.795
15.28000 1800 42.4264
15.28250 1668 40.8412
15.28500 1582 39.7744
15.28750 1537 39.2046
15.29000 1535 39.1791
15.29250 1458 38.1838
15.29500 1447 38.0395
15.29750 1450 38.0789
15.30000 1402 37.4433
15.30250 1440 37.9473
15.30500 1536 39.1918
15.30750 1541 39.2556
15.31000 1586 39.8246
15.31250 1679 40.9756
15.31500 1700 41.2311
15.31750 1769 42.0595
15.32000 1818 42.638
15.32250 1881 43.3705
15.32500 2031 45.0666
15.32750 1988 44.587
15.33000 1919 43.8064
15.33250 1959 44.2606
15.33500 2000 44.7214
15.33750 2033 45.0888
15.34000 2000 44.7214
15.34250 2009 44.8219
15.34500 2053 45.31
15.34750 2130 46.1519
15.35000 2203 46.9361
15.35250 2256 47.4974
15.35500 2361 48.5901
15.35750 2543 50.4282
15.36000 2772 52.6498
15.36250 2885 53.7122
15.36500 3144 56.0714
15.36750 3334 57.7408
15.37000 3395 58.2666
15.37250 3481 59
15.37500 3429 58.5577
15.37750 3307 57.5065
15.38000 3219 56.7362
15.38250 2995 54.7266
15.38500 2814 53.0471
15.38750 2737 52.3163
15.39000 2721 52.1632
15.39250 2622 51.2055
15.39500 2688 51.8459
15.39750 2798 52.8961
15.40000 2845 53.3385
15.40250 2934 54.1664
15.40500 3082 55.5158
15.40750 3147 56.0981
15.41000 3331 57.7148
15.41250 3480 58.9915
15.41500 3382 58.155
15.41750 3314 57.5674
15.42000 3264 57.1314
15.42250 3128 55.9285
15.42500 3011 54.8726
15.42750 2766 52.5928
15.43000 2601 51
15.43250 2321 48.1768
15.43500 2099 45.8148
15.43750 1988 44.587
15.44000 1874 43.2897
15.44250 1808 42.5206
15.44500 1695 41.1704
15.44750 1632 40.398
15.45000 1609 40.1123
15.45250 1583 39.7869
15.45500 1548 39.3446
15.45750 1452 38.1051
15.46000 1373 37.054
15.46250 1394 37.3363
15.46500 1458 38.1838
15.46750 1430 37.8153
15.47000 1387 37.2424
15.47250 1401 37.4299
15.47500 1322 36.3593
15.47750 1327 36.428
15.48000 1294 35.9722
15.48250 1297 36.0139
15.48500 1166 34.1467
15.48750 1126 33.5559
15.49000 1141 33.7787
15.49250 1164 34.1174
15.49500 1091 33.0303
15.49750 1083 32.909
15.50000 1110 33.3167
15.50250 1085 32.9393
15.50500 1117 33.4215
15.50750 1135 33.6898
15.51000 1140 33.7639
15.51250 1107 33.2716
15.51500 1109 33.3017
15.51750 1070 32.7109
15.52000 1144 33.8231
15.52250 1101 33.1813
15.52500 1111 33.3317
15.52750 1034 32.1559
15.53000 1093 33.0606
15.53250 1102 33.1964
15.53500 1110 33.3167
15.53750 1123 33.5112
15.54000 1120 33.4664
15.54250 1139 33.7491
15.54500 1141 33.7787
15.54750 1129 33.6006
15.55000 1127 33.5708
15.55250 1159 34.0441
15.55500 1134 33.6749
15.55750 1159 34.0441
15.56000 1190 34.4964
15.56250 1235 35.1426
15.56500 1211 34.7994
15.56750 1262 35.5246
15.57000 1352 36.7696
15.57250 1294 35.9722
15.57500 1383 37.1887
15.57750 1423 37.7227
15.58000 1422 37.7094
15.58250 1493 38.6394
15.58500 1531 39.128
15.58750 1577 39.7115
15.59000 1671 40.8779
15.59250 1727 41.5572
15.59500 1822 42.6849
15.59750 1966 44.3396
15.60000 2025 45
15.60250 2149 46.3573
15.60500 2278 47.7284
15.60750 2437 49.366
15.61000 2615 51.1371
15.61250 2815 53.0566
15.61500 2962 54.4243
15.61750 3089 55.5788
15.62000 3175 56.3471
15.62250 3355 57.9224
15.62500 3561 59.6741
15.62750 3746 61.2046
15.63000 4147 64.3972
15.63250 4551 67.4611
15.63500 5009 70.7743
15.63750 5563 74.5855
15.64000 6096 78.0769
15.64250 6722 81.9878
15.64500 7310 85.4985
15.64750 7658 87.51
15.65000 7950 89.1628
15.65250 7778 88.193
15.65500 7234 85.0529
15.65750 6725 82.0061
15.66000 5927 76.987
15.66250 5254 72.4845
15.66500 4668 68.3228
15.66750 4225 65
15.67000 3783 61.5061
15.67250 3425 58.5235
15.67500 3117 55.8301
15.67750 2781 52.7352
15.68000 2519 50.1896
15.68250 2379 48.775
15.68500 2175 46.6369
15.68750 1962 44.2945
15.69000 1944 44.0908
15.69250 1843 42.9302
15.69500 1679 40.9756
15.69750 1649 40.6079
15.70000 1595 39.9375
15.70250 1505 38.7943
15.70500 1456 38.1576
15.70750 1450 38.0789
15.71000 1386 37.229
15.71250 1360 36.8782
15.71500 1292 35.9444
15.71750 1299 36.0416
15.72000 1260 35.4965
15.72250 1238 35.1852
15.72500 1288 35.8887
15.72750 1320 36.3318
15.73000 1249 35.3412
15.73250 1190 34.4964
15.73500 1176 34.2929
15.73750 1197 34.5977
15.74000 1199 34.6266
15.74250 1246 35.2987
15.74500 1236 35.1568
15.74750 1211 34.7994
15.75000 1300 36.0555
15.75250 1303 36.0971
15.75500 1269 35.623
15.75750 1293 35.9583
15.76000 1302 36.0832
15.76250 1351 36.756
15.76500 1351 36.756
15.76750 1305 36.1248
15.77000 1365 36.9459
15.77250 1473 38.3797
15.77500 1464 38.2623
15.77750 1442 37.9737
15.78000 1464 38.2623
15.78250 1483 38.5097
15.78500 1470 38.3406
15.78750 1485 38.5357
15.79000 1488 38.5746
15.79250 1491 38.6135
15.79500 1560 39.4968
15.79750 1572 39.6485
15.80000 1605 40.0625
15.80250 1626 40.3237
15.80500 1604 40.05
15.80750 1535 39.1791
15.81000 1519 38.9744
15.81250 1496 38.6782
15.81500 1453 38.1182
15.81750 1476 38.4187
15.82000 1435 37.8814
15.82250 1478 38.4448
15.82500 1492 38.6264
15.82750 1531 39.128
15.83000 1568 39.598
15.83250 1574 39.6737
15.83500 1583 39.7869
15.83750 1646 40.5709
15.84000 1646 40.5709
15.84250 1772 42.0951
15.84500 1836 42.8486
15.84750 1805 42.4853
15.85000 1779 42.1782
15.85250 1777 42.1545
15.85500 1762 41.9762
15.85750 1675 40.9268
15.86000 1559 39.4842
15.86250 1500 38.7298
15.86500 1414 37.6032
15.86750 1366 36.9594
15.87000 1314 36.2491
15.87250 1295 35.9861
15.87500 1316 36.2767
15.87750 1221 34.9428
15.88000 1156 34
15.88250 1117 33.4215
15.88500 1154 33.9706
15.88750 1166 34.1467
15.89000 1160 34.0588
15.89250 1119 33.4515
15.89500 1141 33.7787
15.89750 1148 33.8821
15.90000 1132 33.6452
15.90250 1142 33.7935
15.90500 1116 33.4066
15.90750 1097 33.121
15.91000 1092 33.0454
15.91250 1086 32.9545
15.91500 1116 33.4066
15.91750 1078 32.8329
15.92000 1109 33.3017
15.92250 1075 32.7872
15.92500 1088 32.9848
15.92750 1088 32.9848
15.93000 1090 33.0151
15.93250 1115 33.3916
15.93500 1095 33.0908
15.93750 1083 32.909
15.94000 1081 32.8786
15.94250 1064 32.619
15.94500 999 31.607
15.94750 1038 32.218
15.95000 1071 32.7261
15.95250 1016 31.8748
15.95500 1051 32.4191
15.95750 1081 32.8786
15.96000 1099 33.1512
15.96250 1048 32.3728
15.96500 1026 32.0312
15.96750 983 31.3528
15.97000 1044 32.311
15.97250 1049 32.3883
15.97500 1015 31.8591
15.97750 996 31.5595
15.98000 1043 32.2955
15.98250 1048 32.3728
15.98500 1012 31.8119
15.98750 1032 32.1248
15.99000 1052 32.4345
15.99250 1032 32.1248
15.99500 998 31.5911
15.99750 1008 31.749
16.00000 1071 32.7261
16.00250 1083 32.909
16.00500 1071 32.7261
16.00750 1039 32.2335
16.01000 1069 32.6956
16.01250 1074 32.7719
16.01500 1166 34.1467
16.01750 1127 33.5708
16.02000 1085 32.9393
16.02250 1116 33.4066
16.02500 1167 34.1614
16.02750 1207 34.7419
16.03000 1220 34.9285
16.03250 1253 35.3977
16.03500 1309 36.1801
16.03750 1254 35.4119
16.04000 1394 37.3363
16.04250 1479 38.4578
16.04500 1485 38.5357
16.04750 1596 39.95
16.05000 1659 40.7308
16.05250 1766 42.0238
16.05500 1795 42.3674
16.05750 1873 43.2782
16.06000 1985 44.5533
16.06250 2039 45.1553
16.06500 2100 45.8258
16.06750 2054 45.3211
16.07000 2057 45.3542
16.07250 2018 44.9222
16.07500 1924 43.8634
16.07750 1926 43.8862
16.08000 1863 43.1625
16.08250 1771 42.0833
16.08500 1687 41.0731
16.08750 1615 40.1871
16.09000 1592 39.8999
16.09250 1567 39.5854
16.09500 1468 38.3145
16.09750 1429 37.8021
16.10000 1335 36.5377
16.10250 1380 37.1484
16.10500 1324 36.3868
16.10750 1298 36.0278
16.11000 1332 36.4966
16.11250 1339 36.5923
16.11500 1339 36.5923
16.11750 1269 35.623
16.12000 1286 35.8608
16.12250 1311 36.2077
16.12500 1382 37.1753
16.12750 1394 37.3363
16.13000 1442 37.9737
16.13250 1520 38.9872
16.13500 1554 39.4208
16.13750 1578 39.724
16.14000 1647 40.5832
16.14250 1725 41.5331
16.14500 1778 42.1663
16.14750 1929 43.9204
16.15000 2039 45.1553
16.15250 2131 46.1628
16.15500 2174 46.6262
16.15750 2277 47.7179
16.16000 2387 48.8569
16.16250 2419 49.1833
16.16500 2547 50.4678
16.16750 2468 49.679
16.17000 2462 49.6185
16.17250 2387 48.8569
16.17500 2326 48.2286
16.17750 2195 46.8508
16.18000 2139 46.2493
16.18250 1968 44.3621
16.18500 1762 41.9762
16.18750 1660 40.7431
16.19000 1626 40.3237
16.19250 1477 38.4318
16.19500 1381 37.1618
16.19750 1374 37.0675
16.20000 1304 36.1109
16.20250 1269 35.623
16.20500 1236 35.1568
16.20750 1203 34.6843
16.21000 1175 34.2783
16.21250 1119 33.4515
16.21500 1124 33.5261
16.21750 1101 33.1813
16.22000 1101 33.1813
16.22250 1122 33.4963
16.22500 1100 33.1662
16.22750 1081 32.8786
16.23000 1083 32.909
16.23250 1098 33.1361
16.23500 1072 32.7414
16.23750 1021 31.9531
16.24000 1062 32.5883
16.24250 1026 32.0312
16.24500 1012 31.8119
16.24750 1008 31.749
16.25000 1004 31.686
16.25250 1029 32.078
16.25500 1052 32.4345
16.25750 1052 32.4345
16.26000 1016 31.8748
16.26250 1020 31.9374
16.26500 1000 31.6228
16.26750 984 31.3688
16.27000 1007 31.7333
16.27250 975 31.225
16.27500 930 30.4959
16.27750 964 31.0483
16.28000 974 31.209
16.28250 1016 31.8748
16.28500 1004 31.686
16.28750 1015 31.8591
16.29000 1068 32.6803
16.29250 1001 31.6386
16.29500 992 31.496
16.29750 1045 32.3265
16.30000 1025 32.0156
16.30250 1032 32.1248
16.30500 1004 31.686
16.30750 1095 33.0908
16.31000 1078 32.8329
16.31250 1097 33.121
16.31500 1089 33
16.31750 1071 32.7261
16.32000 1119 33.4515
16.32250 1132 33.6452
16.32500 1169 34.1906
16.32750 1171 34.2199
16.33000 1185 34.4238
16.33250 1161 34.0735
16.33500 1221 34.9428
16.33750 1244 35.2704
16.34000 1284 35.8329
16.34250 1328 36.4417
16.34500 1276 35.7211
16.34750 1382 37.1753
16.35000 1440 37.9473
16.35250 1444 38
16.35500 1423 37.7227
16.35750 1371 37.027
16.36000 1417 37.6431
16.36250 1372 37.0405
16.36500 1317 36.2905
16.36750 1292 35.9444
16.37000 1232 35.0999
16.37250 1206 34.7275
16.37500 1244 35.2704
16.37750 1289 35.9026
16.38000 1319 36.318
16.38250 1342 36.6333
16.38500 1314 36.2491
16.38750 1284 35.8329
16.39000 1346 36.6879
16.39250 1313 36.2353
16.39500 1368 36.9865
16.39750 1421 37.6962
16.40000 1469 38.3275
16.40250 1541 39.2556
16.40500 1649 40.6079
16.40750 1686 41.0609
16.41000 1821 42.6732
16.41250 1888 43.4511
16.41500 2006 44.7884
16.41750 2173 46.6154
16.42000 2478 49.7795
16.42250 2737 52.3163
16.42500 2857 53.4509
16.42750 3096 55.6417
16.43000 3403 58.3352
16.43250 3768 61.384
16.43500 4192 64.7457
16.43750 4753 68.942
16.44000 5177 71.9514
16.44250 5763 75.9144
16.44500 5828 76.3413
16.44750 5994 77.4209
16.45000 5870 76.6159
16.45250 5487 74.0743
16.45500 5173 71.9236
16.45750 4703 68.5784
16.46000 4344 65.909
16.46250 3808 61.709
16.46500 3512 59.2621
16.46750 3212 56.6745
16.47000 2958 54.3875
16.47250 2775 52.6783
16.47500 2663 51.6043
16.47750 2498 49.98
16.48000 2323 48.1975
16.48250 2194 46.8402
16.48500 2135 46.2061
16.48750 1942 44.0681
16.49000 1853 43.0465
16.49250 1715 41.4126
16.49500 1621 40.2616
16.49750 1539 39.2301
16.50000 1474 38.3927
16.50250 1482 38.4968
16.50500 1415 37.6165
16.50750 1352 36.7696
16.51000 1357 36.8375
16.51250 1281 35.7911
16.51500 1231 35.0856
16.51750 1180 34.3511
16.52000 1172 34.2345
16.52250 1140 33.7639
16.52500 1202 34.6699
16.52750 1170 34.2053
16.53000 1115 33.3916
16.53250 1075 32.7872
16.53500 1111 33.3317
16.53750 1124 33.5261
16.54000 1111 33.3317
16.54250 1129 33.6006
16.54500 1094 33.0757
16.54750 1059 32.5423
16.55000 1073 32.7567
16.55250 1074 32.7719
16.55500 1138 33.7343
16.55750 1192 34.5254
16.56000 1226 35.0143
16.56250 1179 34.3366
16.56500 1245 35.2846
16.56750 1223 34.9714
16.57000 1252 35.3836
16.57250 1352 36.7696
16.57500 1383 37.1887
16.57750 1356 36.8239
16.58000 1294 35.9722
16.58250 1291 35.9305
16.58500 1341 36.6197
16.58750 1318 36.3043
16.59000 1305 36.1248
16.59250 1242 35.242
16.59500 1188 34.4674
16.59750 1124 33.5261
16.60000 1165 34.1321
16.60250 1091 33.0303
16.60500 997 31.5753
16.60750 1020 31.9374
16.61000 1042 32.28
16.61250 1053 32.45
16.61500 1052 32.4345
16.61750 1057 32.5115
16.62000 1053 32.45
16.62250 1037 32.2025
16.62500 992 31.496
16.62750 1030 32.0936
16.63000 1029 32.078
16.63250 1075 32.7872
16.63500 1081 32.8786
16.63750 1023 31.9844
16.64000 1001 31.6386
16.64250 1051 32.4191
16.64500 1063 32.6037
16.64750 1045 32.3265
16.65000 1056 32.4962
16.65250 1046 32.3419
16.65500 1027 32.0468
16.65750 1075 32.7872
16.66000 1050 32.4037
16.66250 1005 31.7017
16.66500 1060 32.5576
16.66750 1078 32.8329
16.67000 1038 32.218
16.67250 1041 32.2645
16.67500 1083 32.909
16.67750 1064 32.619
16.68000 1126 33.5559
16.68250 1116 33.4066
16.68500 1074 32.7719
16.68750 1134 33.6749
16.69000 1147 33.8674
16.69250 1091 33.0303
16.69500 1083 32.909
16.69750 1062 32.5883
16.70000 1149 33.8969
16.70250 1206 34.7275
16.70500 1165 34.1321
16.70750 1252 35.3836
16.71000 1269 35.623
16.71250 1241 35.2278
16.71500 1283 35.819
16.71750 1328 36.4417
16.72000 1340 36.606
16.72250 1371 37.027
16.72500 1445 38.0132
16.72750 1522 39.0128
16.73000 1461 38.223
16.73250 1579 39.7366
16.73500 1665 40.8044
16.73750 1668 40.8412
16.74000 1805 42.4853
16.74250 1886 43.4281
16.74500 1900 43.589
16.74750 1964 44.317
16.75000 1926 43.8862
16.75250 1946 44.1135
16.75500 1917 43.7836
16.75750 1870 43.2435
16.76000 1819 42.6497
16.76250 1739 41.7013
16.76500 1632 40.398
16.76750 1578 39.724
16.77000 1493 38.6394
16.77250 1431 37.8286
16.77500 1368 36.9865
16.77750 1336 36.5513
16.78000 1293 35.9583
16.78250 1218 34.8999
16.78500 1227 35.0286
16.78750 1182 34.3802
16.79000 1181 34.3657
16.79250 1127 33.5708
16.79500 1125 33.541
16.79750 1111 33.3317
16.80000 1085 32.9393
16.80250 1107 33.2716
16.80500 1116 33.4066
16.80750 1180 34.3511
16.81000 1216 34.8712
16.81250 1183 34.3948
16.81500 1158 34.0294
16.81750 1153 33.9559
16.82000 1182 34.3802
16.82250 1220 34.9285
16.82500 1172 34.2345
16.82750 1265 35.5668
16.83000 1293 35.9583
16.83250 1274 35.6931
16.83500 1279 35.7631
16.83750 1272 35.6651
16.84000 1268 35.609
16.84250 1331 36.4829
16.84500 1320 36.3318
16.84750 1420 37.6829
16.85000 1417 37.6431
16.85250 1395 37.3497
16.85500 1500 38.7298
16.85750 1536 39.1918
16.86000 1524 39.0384
16.86250 1603 40.0375
16.86500 1645 40.5586
16.86750 1602 40.025
16.87000 1635 40.4351
16.87250 1692 41.1339
16.87500 1733 41.6293
16.87750 1748 41.8091
16.88000 1732 41.6173
16.88250 1766 42.0238
16.88500 1753 41.8688
16.88750 1787 42.2729
16.89000 1771 42.0833
16.89250 1718 41.4488
16.89500 1749 41.821
16.89750 1734 41.6413
16.90000 1659 40.7308
16.90250 1705 41.2916
16.90500 1669 40.8534
16.90750 1679 40.9756
16.91000 1672 40.8901
16.91250 1628 40.3485
16.91500 1593 39.9124
16.91750 1575 39.6863
16.92000 1551 39.3827
16.92250 1586 39.8246
16.92500 1522 39.0128
16.92750 1489 38.5876
16.93000 1393 37.3229
16.93250 1353 36.7831
16.93500 1322 36.3593
16.93750 1344 36.6606
16.94000 1359 36.8646
16.94250 1284 35.8329
16.94500 1281 35.7911
16.94750 1315 36.2629
16.95000 1333 36.5103
16.95250 1314 36.2491
16.95500 1265 35.5668
16.95750 1288 35.8887
16.96000 1369 37
16.96250 1335 36.5377
16.96500 1319 36.318
16.96750 1361 36.8917
16.97000 1369 37
16.97250 1518 38.9615
16.97500 1452 38.1051
16.97750 1446 38.0263
16.98000 1460 38.2099
16.98250 1485 38.5357
16.98500 1597 39.9625
16.98750 1664 40.7922
16.99000 1628 40.3485
16.99250 1636 40.4475
16.99500 1646 40.5709
16.99750 1615 40.1871
17.00000 1558 39.4715
17.00250 1516 38.9358
17.00500 1453 38.1182
17.00750 1413 37.5899
17.01000 1432 37.8418
17.01250 1363 36.9188
17.01500 1294 35.9722
17.01750 1326 36.4143
17.02000 1265 35.5668
17.02250 1284 35.8329
17.02500 1235 35.1426
17.02750 1294 35.9722
17.03000 1252 35.3836
17.03250 1196 34.5832
17.03500 1135 33.6898
17.03750 1187 34.4529
17.04000 1187 34.4529
17.04250 1215 34.8569
17.04500 1195 34.5688
17.04750 1232 35.0999
17.05000 1269 35.623
17.05250 1290 35.9166
17.05500 1317 36.2905
17.05750 1435 37.8814
17.06000 1468 38.3145
17.06250 1432 37.8418
17.06500 1458 38.1838
17.06750 1434 37.8682
17.07000 1438 37.921
17.07250 1365 36.9459
17.07500 1376 37.0945
17.07750 1341 36.6197
17.08000 1274 35.6931
17.08250 1245 35.2846
17.08500 1185 34.4238
17.08750 1180 34.3511
17.09000 1168 34.176
17.09250 1157 34.0147
17.09500 1163 34.1028
17.09750 1145 33.8378
17.10000 1179 34.3366
17.10250 1141 33.7787
17.10500 1131 33.6303
17.10750 1191 34.5109
17.11000 1211 34.7994
17.11250 1170 34.2053
17.11500 1235 35.1426
17.11750 1226 35.0143
17.12000 1164 34.1174
17.12250 1224 34.9857
17.12500 1295 35.9861
17.12750 1318 36.3043
17.13000 1290 35.9166
17.13250 1341 36.6197
17.13500 1344 36.6606
17.13750 1409 37.5366
17.14000 1403 37.4566
17.14250 1307 36.1525
17.14500 1316 36.2767
17.14750 1362 36.9053
17.15000 1298 36.0278
17.15250 1299 36.0416
17.15500 1275 35.7071
17.15750 1205 34.7131
17.16000 1197 34.5977
17.16250 1191 34.5109
17.16500 1169 34.1906
17.16750 1137 33.7194
17.17000 1161 34.0735
17.17250 1168 34.176
17.17500 1146 33.8526
17.17750 1135 33.6898
17.18000 1151 33.9264
17.18250 1170 34.2053
17.18500 1170 34.2053
17.18750 1140 33.7639
17.19000 1133 33.6601
17.19250 1100 33.1662
17.19500 1126 33.5559
17.19750 1172 34.2345
17.20000 1160 34.0588
17.20250 1152 33.9411
17.20500 1208 34.7563
17.20750 1213 34.8281
17.21000 1235 35.1426
17.21250 1245 35.2846
17.21500 1255 35.426
17.21750 1284 35.8329
17.22000 1285 35.8469
17.22250 1262 35.5246
17.22500 1360 36.8782
17.22750 1415 37.6165
17.23000 1483 38.5097
17.23250 1550 39.37
17.23500 1497 38.6911
17.23750 1515 38.923
17.24000 1540 39.2428
17.24250 1656 40.694
17.24500 1735 41.6533
17.24750 1791 42.3202
17.25000 1962 44.2945
17.25250 2074 45.5412
17.25500 2177 46.6583
17.25750 2269 47.634
17.26000 2408 49.0714
17.26250 2564 50.636
17.26500 2862 53.4977
17.26750 2970 54.4977
17.27000 3156 56.1783
17.27250 3489 59.0678
17.27500 3686 60.7124
17.27750 3830 61.887
17.28000 3854 62.0806
17.28250 3985 63.1269
17.28500 3885 62.3298
17.28750 3734 61.1065
17.29000 3470 58.9067
17.29250 3255 57.0526
17.29500 3020 54.9545
17.29750 2796 52.8772
17.30000 2598 50.9706
17.30250 2421 49.2037
17.30500 2364 48.621
17.30750 2296 47.9166
17.31000 2193 46.8295
17.31250 2166 46.5403
17.31500 2140 46.2601
17.31750 2140 46.2601
17.32000 2107 45.9021
17.32250 2057 45.3542
17.32500 2100 45.8258
17.32750 2245 47.3814
17.33000 2250 47.4342
17.33250 2324 48.2079
17.33500 2381 48.7955
17.33750 2527 50.2693
17.34000 2693 51.8941
17.34250 2765 52.5833
17.34500 2989 54.6717
17.34750 3221 56.7539
17.35000 3505 59.203
17.35250 3753 61.2617
17.35500 3845 62.0081
17.35750 3976 63.0555
17.36000 4328 65.7875
17.36250 4505 67.1193
17.36500 4715 68.6659
17.36750 4750 68.9202
17.37000 4820 69.4262
17.37250 4735 68.8113
17.37500 4648 68.1762
17.37750 4621 67.9779
17.38000 4756 68.9638
17.38250 4765 69.029
17.38500 4762 69.0072
17.38750 4913 70.0928
17.39000 5153 71.7844
17.39250 5498 74.1485
17.39500 5694 75.4586
17.39750 5919 76.935
17.40000 6041 77.7239
17.40250 5705 75.5315
17.40500 5444 73.7835
17.40750 5260 72.5259
17.41000 4748 68.9057
17.41250 4347 65.9318
17.41500 3965 62.9682
17.41750 3556 59.6322
17.42000 3251 57.0175
17.42250 2938 54.2033
17.42500 2724 52.192
17.42750 2602 51.0098
17.43000 2286 47.8121
17.43250 2140 46.2601
17.43500 2093 45.7493
17.43750 1994 44.6542
17.44000 1899 43.5775
17.44250 1806 42.4971
17.44500 1725 41.5331
17.44750 1675 40.9268
17.45000 1633 40.4104
17.45250 1591 39.8873
17.45500 1635 40.4351
17.45750 1573 39.6611
17.46000 1582 39.7744
17.46250 1577 39.7115
17.46500 1448 38.0526
17.46750 1444 38
17.47000 1510 38.8587
17.47250 1555 39.4335
17.47500 1486 38.5487
17.47750 1522 39.0128
17.48000 1591 39.8873
17.48250 1605 40.0625
17.48500 1648 40.5956
17.48750 1653 40.6571
17.49000 1634 40.4228
17.49250 1710 41.3521
17.49500 1691 41.1218
17.49750 1743 41.7493
17.50000 1797 42.391
17.50250 1731 41.6053
17.50500 1751 41.845
17.50750 1801 42.4382
17.51000 1768 42.0476
17.51250 1748 41.8091
17.51500 1764 42
17.51750 1746 41.7852
17.52000 1742 41.7373
17.52250 1725 41.5331
17.52500 1626 40.3237
17.52750 1624 40.2989
17.53000 1715 41.4126
17.53250 1641 40.5093
17.53500 1769 42.0595
17.53750 1807 42.5088
17.54000 1850 43.0116
17.54250 2042 45.1885
17.54500 2114 45.9783
17.54750 2184 46.7333
17.55000 2216 47.0744
17.55250 2312 48.0833
17.55500 2536 50.3587
17.55750 2699 51.9519
17.56000 2822 53.1225
17.56250 3036 55.0999
17.56500 3183 56.4181
17.56750 3237 56.8946
17.57000 3268 57.1664
17.57250 3290 57.3585
17.57500 3143 56.0625
17.57750 2986 54.6443
17.58000 2864 53.5164
17.58250 2706 52.0192
17.58500 2695 51.9134
17.58750 2613 51.1175
17.59000 2624 51.225
17.59250 2685 51.817
17.59500 2692 51.8845
17.59750 2703 51.9904
17.60000 2905 53.8981
17.60250 3017 54.9272
17.60500 3329 57.6975
17.60750 3513 59.2706
17.61000 3765 61.3596
17.61250 3999 63.2376
17.61500 4324 65.7571
17.61750 4659 68.2569
17.62000 4723 68.7241
17.62250 4827 69.4766
17.62500 4880 69.857
17.62750 4588 67.7348
17.63000 4449 66.7008
17.63250 4385 66.2193
17.63500 4163 64.5213
17.63750 4024 63.435
17.64000 4070 63.7966
17.64250 3969 63
17.64500 4027 63.4586
17.64750 3867 62.1852
17.65000 3862 62.145
17.65250 3746 61.2046
17.65500 3512 59.2621
17.65750 3211 56.6657
17.66000 3085 55.5428
17.66250 2840 53.2917
17.66500 2663 51.6043
17.66750 2408 49.0714
17.67000 2155 46.422
17.67250 2068 45.4753
17.67500 1967 44.3509
17.67750 1879 43.3474
17.68000 1726 41.5452
17.68250 1629 40.3609
17.68500 1610 40.1248
17.68750 1541 39.2556
17.69000 1484 38.5227
17.69250 1414 37.6032
17.69500 1376 37.0945
17.69750 1315 36.2629
17.70000 1335 36.5377
17.70250 1255 35.426
17.70500 1192 34.5254
17.70750 1230 35.0714
17.71000 1220 34.9285
17.71250 1140 33.7639
17.71500 1151 33.9264
17.71750 1187 34.4529
17.72000 1128 33.5857
17.72250 1106 33.2566
17.72500 1037 32.2025
17.72750 1091 33.0303
17.73000 1097 33.121
17.73250 1086 32.9545
17.73500 1130 33.6155
17.73750 1095 33.0908
17.74000 1050 32.4037
17.74250 1062 32.5883
17.74500 1085 32.9393
17.74750 1111 33.3317
17.75000 1096 33.1059
17.75250 1076 32.8024
17.75500 1013 31.8277
17.75750 1046 32.3419
17.76000 1060 32.5576
17.76250 1044 32.311
17.76500 1132 33.6452
17.76750 1117 33.4215
17.77000 1013 31.8277
17.77250 1020 31.9374
17.77500 1081 32.8786
17.77750 1094 33.0757
17.78000 1113 33.3617
17.78250 1191 34.5109
17.78500 1123 33.5112
17.78750 1149 33.8969
17.79000 1191 34.5109
17.79250 1239 35.1994
17.79500 1234 35.1283
17.79750 1207 34.7419
17.80000 1291 35.9305
17.80250 1324 36.3868
17.80500 1292 35.9444
17.80750 1356 36.8239
17.81000 1425 37.7492
17.81250 1461 38.223
17.81500 1473 38.3797
17.81750 1449 38.0657
17.82000 1514 38.9102
17.82250 1497 38.6911
17.82500 1495 38.6652
17.82750 1506 38.8072
17.83000 1559 39.4842
17.83250 1456 38.1576
17.83500 1380 37.1484
17.83750 1420 37.6829
17.84000 1353 36.7831
17.84250 1291 35.9305
17.84500 1247 35.3129
17.84750 1171 34.2199
17.85000 1179 34.3366
17.85250 1172 34.2345
17.85500 1216 34.8712
17.85750 1142 33.7935
17.86000 1123 33.5112
17.86250 1169 34.1906
17.86500 1196 34.5832
17.86750 1173 34.2491
17.87000 1148 33.8821
17.87250 1125 33.541
17.87500 1023 31.9844
17.87750 1048 32.3728
17.88000 1077 32.8177
17.88250 1037 32.2025
17.88500 1073 32.7567
17.88750 1154 33.9706
17.89000 1156 34
17.89250 1143 33.8083
17.89500 1128 33.5857
17.89750 1152 33.9411
17.90000 1172 34.2345
17.90250 1205 34.7131
17.90500 1170 34.2053
17.90750 1134 33.6749
17.91000 1152 33.9411
17.91250 1144 33.8231
17.91500 1182 34.3802
17.91750 1179 34.3366
17.92000 1157 34.0147
17.92250 1171 34.2199
17.92500 1139 33.7491
17.92750 1114 33.3766
17.93000 1155 33.9853
17.93250 1181 34.3657
17.93500 1162 34.0881
17.93750 1159 34.0441
17.94000 1154 33.9706
17.94250 1188 34.4674
17.94500 1164 34.1174
17.94750 1151 33.9264
17.95000 1180 34.3511
17.95250 1167 34.1614
17.95500 1113 33.3617
17.95750 1068 32.6803
17.96000 1086 32.9545
17.96250 1068 32.6803
17.96500 1034 32.1559
17.96750 1032 32.1248
17.97000 1042 32.28
17.97250 1038 32.218
17.97500 1031 32.1092
17.97750 1049 32.3883
17.98000 1025 32.0156
17.98250 992 31.496
17.98500 997 31.5753
17.98750 977 31.257
17.99000 996 31.5595
17.99250 1017 31.8904
17.99500 999 31.607
17.99750 1011 31.7962
18.00000 1058 32.5269
18.00250 979 31.289
18.00500 1005 31.7017
18.00750 1027 32.0468
18.01000 982 31.3369
18.01250 1012 31.8119
18.01500 1017 31.8904
18.01750 1012 31.8119
18.02000 1070 32.7109
18.02250 1061 32.573
18.02500 1107 33.2716
18.02750 1030 32.0936
18.03000 1014 31.8434
18.03250 1076 32.8024
18.03500 1060 32.5576
18.03750 1001 31.6386
18.04000 1060 32.5576
18.04250 1062 32.5883
18.04500 1047 32.3574
18.04750 1043 32.2955
18.05000 1087 32.9697
18.05250 1088 32.9848
18.05500 1048 32.3728
18.05750 1071 32.7261
18.06000 1068 32.6803
18.06250 1084 32.9242
18.06500 1130 33.6155
18.06750 1119 33.4515
18.07000 1158 34.0294
18.07250 1154 33.9706
18.07500 1178 34.322
18.07750 1161 34.0735
18.08000 1210 34.7851
18.08250 1219 34.9142
18.08500 1258 35.4683
18.08750 1353 36.7831
18.09000 1328 36.4417
18.09250 1389 37.2693
18.09500 1438 37.921
18.09750 1452 38.1051
18.10000 1550 39.37
18.10250 1549 39.3573
18.10500 1580 39.7492
18.10750 1641 40.5093
18.11000 1699 41.2189
18.11250 1639 40.4846
18.11500 1663 40.7799
18.11750 1651 40.6325
18.12000 1645 40.5586
18.12250 1612 40.1497
18.12500 1479 38.4578
18.12750 1407 37.51
18.13000 1367 36.973
18.13250 1349 36.7287
18.13500 1259 35.4824
18.13750 1219 34.9142
18.14000 1202 34.6699
18.14250 1215 34.8569
18.14500 1228 35.0428
18.14750 1138 33.7343
18.15000 1138 33.7343
18.15250 1169 34.1906
18.15500 1138 33.7343
18.15750 1106 33.2566
18.16000 1135 33.6898
18.16250 1116 33.4066
18.16500 1111 33.3317
18.16750 1093 33.0606
18.17000 1082 32.8938
18.17250 1074 32.7719
18.17500 1059 32.5423
18.17750 1078 32.8329
18.18000 1067 32.665
18.18250 1091 33.0303
18.18500 1124 33.5261
18.18750 1135 33.6898
18.19000 1118 33.4365
18.19250 1079 32.8481
18.19500 1081 32.8786
18.19750 1117 33.4215
18.20000 1140 33.7639
18.20250 1119 33.4515
18.20500 1119 33.4515
18.20750 1154 33.9706
18.21000 1158 34.0294
18.21250 1254 35.4119
18.21500 1281 35.7911
18.21750 1237 35.171
18.22000 1339 36.5923
18.22250 1412 37.5766
18.22500 1446 38.0263
18.22750 1484 38.5227
18.23000 1564 39.5474
18.23250 1681 41
18.23500 1786 42.2611
18.23750 1793 42.3438
18.24000 1804 42.4735
18.24250 1829 42.7668
18.24500 1833 42.8135
18.24750 1785 42.2493
18.25000 1803 42.4617
18.25250 1757 41.9166
18.25500 1651 40.6325
18.25750 1558 39.4715
18.26000 1463 38.2492
18.26250 1469 38.3275
18.26500 1404 37.47
18.26750 1388 37.2559
18.27000 1361 36.8917
18.27250 1327 36.428
18.27500 1358 36.8511
18.27750 1320 36.3318
18.28000 1304 36.1109
18.28250 1320 36.3318
18.28500 1263 35.5387
18.28750 1291 35.9305
18.29000 1262 35.5246
18.29250 1246 35.2987
18.29500 1281 35.7911
18.29750 1225 35
18.30000 1277 35.7351
18.30250 1361 36.8917
18.30500 1299 36.0416
18.30750 1232 35.0999
18.31000 1280 35.7771
18.31250 1366 36.9594
18.31500 1337 36.565
18.31750 1284 35.8329
18.32000 1378 37.1214
18.32250 1346 36.6879
18.32500 1302 36.0832
18.32750 1253 35.3977
18.33000 1241 35.2278
18.33250 1267 35.5949
18.33500 1321 36.3456
18.33750 1333 36.5103
18.34000 1354 36.7967
18.34250 1351 36.756
18.34500 1394 37.3363
18.34750 1446 38.0263
18.35000 1421 37.6962
18.35250 1498 38.704
18.35500 1549 39.3573
18.35750 1601 40.0125
18.36000 1595 39.9375
18.36250 1687 41.0731
18.36500 1826 42.7317
18.36750 1826 42.7317
18.37000 1883 43.3935
18.37250 1978 44.4747
18.37500 2138 46.2385
18.37750 2324 48.2079
18.38000 2422 49.2138
18.38250 2554 50.5371
18.38500 2739 52.3355
18.38750 2974 54.5344
18.39000 3124 55.8928
18.39250 3310 57.5326
18.39500 3636 60.2993
18.39750 3931 62.6977
18.40000 4120 64.1872
18.40250 4285 65.4599
18.40500 4310 65.6506
18.40750 4206 64.8537
18.41000 4202 64.8228
18.41250 3878 62.2736
18.41500 3653 60.4401
18.41750 3364 58
18.42000 3064 55.3534
18.42250 2721 52.1632
18.42500 2460 49.5984
18.42750 2206 46.9681
18.43000 2207 46.9787
18.43250 2148 46.3465
18.43500 2013 44.8665
18.43750 1913 43.7379
18.44000 1888 43.4511
18.44250 1872 43.2666
18.44500 1820 42.6615
18.44750 1680 40.9878
18.45000 1770 42.0714
18.45250 1894 43.5201
18.45500 1884 43.4051
18.45750 1845 42.9535
18.46000 1872 43.2666
18.46250 1954 44.2041
18.46500 1949 44.1475
18.46750 2032 45.0777
18.47000 2078 45.5851
18.47250 2092 45.7384
18.47500 2053 45.31
18.47750 2149 46.3573
18.48000 2040 45.1664
18.48250 1819 42.6497
18.48500 1721 41.4849
18.48750 1720 41.4729
18.49000 1699 41.2189
18.49250 1604 40.05
18.49500 1548 39.3446
18.49750 1440 37.9473
18.50000 1375 37.081
18.50250 1417 37.6431
18.50500 1383 37.1887
18.50750 1293 35.9583
18.51000 1209 34.7707
18.51250 1186 34.4384
18.51500 1215 34.8569
18.51750 1193 34.5398
18.52000 1198 34.6121
18.52250 1172 34.2345
18.52500 1113 33.3617
18.52750 1090 33.0151
18.53000 1090 33.0151
18.53250 1122 33.4963
18.53500 1143 33.8083
18.53750 1017 31.8904
18.54000 1060 32.5576
18.54250 1125 33.541
18.54500 1095 33.0908
18.54750 1091 33.0303
18.55000 1066 32.6497
18.55250 1025 32.0156
18.55500 1090 33.0151
18.55750 1106 33.2566
18.56000 1141 33.7787
18.56250 1164 34.1174
18.56500 1145 33.8378
18.56750 1104 33.2265
18.57000 1093 33.0606
18.57250 1071 32.7261
18.57500 1119 33.4515
18.57750 1178 34.322
18.58000 1144 33.8231
18.58250 1135 33.6898
18.58500 1149 33.8969
18.58750 1194 34.5543
18.59000 1276 35.7211
18.59250 1260 35.4965
18.59500 1264 35.5528
18.59750 1280 35.7771
18.60000 1301 36.0694
18.60250 1375 37.081
18.60500 1418 37.6563
18.60750 1410 37.55
18.61000 1386 37.229
18.61250 1405 37.4833
18.61500 1407 37.51
18.61750 1434 37.8682
18.62000 1379 37.1349
18.62250 1393 37.3229
18.62500 1380 37.1484
18.62750 1379 37.1349
18.63000 1389 37.2693
18.63250 1427 37.7757
18.63500 1447 38.0395
18.63750 1409 37.5366
18.64000 1465 38.2753
18.64250 1564 39.5474
18.64500 1642 40.5216
18.64750 1610 40.1248
18.65000 1557 39.4588
18.65250 1693 41.1461
18.65500 1821 42.6732
18.65750 1856 43.0813
18.66000 1993 44.643
18.66250 2095 45.7712
18.66500 2151 46.3789
18.66750 2314 48.1041
18.67000 2392 48.9081
18.67250 2472 49.7192
18.67500 2546 50.4579
18.67750 2512 50.1199
18.68000 2374 48.7237
18.68250 2401 49
18.68500 2360 48.5798
18.68750 2243 47.3603
18.69000 2172 46.6047
18.69250 2038 45.1442
18.69500 1984 44.5421
18.69750 1998 44.699
18.70000 1989 44.5982
18.70250 1866 43.1972
18.70500 1803 42.4617
18.70750 1906 43.6578
18.71000 1896 43.5431
18.71250 1913 43.7379
18.71500 2002 44.7437
18.71750 2039 45.1553
18.72000 2053 45.31
18.72250 2081 45.618
18.72500 2160 46.4758
18.72750 2127 46.1194
18.73000 2135 46.2061
18.73250 2188 46.7761
18.73500 2256 47.4974
18.73750 2272 47.6655
18.74000 2290 47.8539
18.74250 2392 48.9081
18.74500 2275 47.697
18.74750 2322 48.1871
18.75000 2336 48.3322
18.75250 2334 48.3115
18.75500 2370 48.6826
18.75750 2358 48.5592
18.76000 2304 48
18.76250 2184 46.7333
18.76500 2047 45.2438
18.76750 1980 44.4972
18.77000 1829 42.7668
18.77250 1786 42.2611
18.77500 1663 40.7799
18.77750 1614 40.1746
18.78000 1618 40.2244
18.78250 1539 39.2301
18.78500 1419 37.6696
18.78750 1375 37.081
18.79000 1383 37.1887
18.79250 1361 36.8917
18.79500 1353 36.7831
18.79750 1397 37.3765
18.80000 1371 37.027
18.80250 1301 36.0694
18.80500 1313 36.2353
18.80750 1324 36.3868
18.81000 1277 35.7351
18.81250 1299 36.0416
18.81500 1284 35.8329
18.81750 1338 36.5787
18.82000 1352 36.7696
18.82250 1319 36.318
18.82500 1374 37.0675
18.82750 1409 37.5366
18.83000 1426 37.7624
18.83250 1487 38.5616
18.83500 1467 38.3014
18.83750 1487 38.5616
18.84000 1551 39.3827
18.84250 1595 39.9375
18.84500 1739 41.7013
18.84750 1818 42.638
18.85000 1895 43.5316
18.85250 1992 44.6318
18.85500 2086 45.6727
18.85750 2130 46.1519
18.86000 2332 48.2908
18.86250 2468 49.679
18.86500 2602 51.0098
18.86750 2854 53.4228
18.87000 3112 55.7853
18.87250 3134 55.9821
18.87500 3274 57.2189
18.87750 3346 57.8446
18.88000 3301 57.4543
18.88250 3125 55.9017
18.88500 2988 54.6626
18.88750 2963 54.4334
18.89000 2841 53.301
18.89250 2775 52.6783
18.89500 2750 52.4404
18.89750 2757 52.5071
18.90000 2695 51.9134
18.90250 2626 51.2445
18.90500 2622 51.2055
18.90750 2783 52.7541
18.91000 2837 53.2635
18.91250 2835 53.2447
18.91500 2901 53.8609
18.91750 2963 54.4334
18.92000 2944 54.2586
18.92250 2934 54.1664
18.92500 2949 54.3047
18.92750 2956 54.3691
18.93000 2962 54.4243
18.93250 2915 53.9907
18.93500 2891 53.768
18.93750 2923 54.0648
18.94000 2887 53.7308
18.94250 2881 53.6749
18.94500 2967 54.4702
18.94750 3107 55.7405
18.95000 3164 56.2494
18.95250 3174 56.3383
18.95500 3175 56.3471
18.95750 3168 56.285
18.96000 3172 56.3205
18.96250 3220 56.745
18.96500 3195 56.5243
18.96750 3257 57.0701
18.97000 3195 56.5243
18.97250 3219 56.7362
18.97500 3139 56.0268
18.97750 3044 55.1725
18.98000 3121 55.8659
18.98250 3165 56.2583
18.98500 3337 57.7668
18.98750 3269 57.1752
18.99000 3134 55.9821
18.99250 3008 54.8452
18.99500 2950 54.3139
18.99750 2855 53.4322
19.00000 2694 51.9038
19.00250 2534 50.3389
19.00500 2315 48.1144
19.00750 2168 46.5618
19.01000 2046 45.2327
19.01250 1988 44.587
19.01500 1767 42.0357
19.01750 1713 41.3884
19.02000 1607 40.0874
19.02250 1608 40.0999
19.02500 1604 40.05
19.02750 1477 38.4318
19.03000 1476 38.4187
19.03250 1501 38.7427
19.03500 1450 38.0789
19.03750 1481 38.4838
19.04000 1466 38.2884
19.04250 1405 37.4833
19.04500 1461 38.223
19.04750 1444 38
19.05000 1431 37.8286
19.05250 1465 38.2753
19.05500 1501 38.7427
19.05750 1571 39.6358
19.06000 1550 39.37
19.06250 1545 39.3065
19.06500 1601 40.0125
19.06750 1663 40.7799
19.07000 1578 39.724
19.07250 1546 39.3192
19.07500 1591 39.8873
19.07750 1657 40.7063
19.08000 1654 40.6694
19.08250 1602 40.025
19.08500 1522 39.0128
19.08750 1538 39.2173
19.09000 1478 38.4448
19.09250 1459 38.1969
19.09500 1375 37.081
19.09750 1379 37.1349
19.10000 1411 37.5633
19.10250 1337 36.565
19.10500 1276 35.7211
19.10750 1275 35.7071
19.11000 1255 35.426
19.11250 1226 35.0143
19.11500 1207 34.7419
19.11750 1208 34.7563
19.12000 1155 33.9853
19.12250 1113 33.3617
19.12500 1113 33.3617
19.12750 1148 33.8821
19.13000 1171 34.2199
19.13250 1179 34.3366
19.13500 1127 33.5708
19.13750 1158 34.0294
19.14000 1137 33.7194
19.14250 1078 32.8329
19.14500 1133 33.6601
19.14750 1121 33.4813
19.15000 1115 33.3916
19.15250 1083 32.909
19.15500 1120 33.4664
19.15750 1123 33.5112
19.16000 1139 33.7491
19.16250 1096 33.1059
19.16500 1106 33.2566
19.16750 1162 34.0881
19.17000 1124 33.5261
19.17250 1101 33.1813
19.17500 1118 33.4365
19.17750 1109 33.3017
19.18000 1092 33.0454
19.18250 1167 34.1614
19.18500 1211 34.7994
19.18750 1246 35.2987
19.19000 1195 34.5688
19.19250 1197 34.5977
19.19500 1237 35.171
19.19750 1254 35.4119
19.20000 1246 35.2987
19.20250 1242 35.242
19.20500 1255 35.426
19.20750 1271 35.6511
19.21000 1354 36.7967
19.21250 1361 36.8917
19.21500 1321 36.3456
19.21750 1324 36.3868
19.22000 1302 36.0832
19.22250 1348 36.7151
19.22500 1404 37.47
19.22750 1446 38.0263
19.23000 1534 39.1663
19.23250 1543 39.281
19.23500 1512 38.8844
19.23750 1505 38.7943
19.24000 1559 39.4842
19.24250 1622 40.2741
19.24500 1627 40.3361
19.24750 1632 40.398
19.25000 1618 40.2244
19.25250 1690 41.1096
19.25500 1702 41.2553
19.25750 1739 41.7013
19.26000 1770 42.0714
19.26250 1720 41.4729
19.26500 1703 41.2674
19.26750 1637 40.4599
19.27000 1616 40.1995
19.27250 1676 40.939
19.27500 1671 40.8779
19.27750 1624 40.2989
19.28000 1552 39.3954
19.28250 1496 38.6782
19.28500 1482 38.4968
19.28750 1451 38.092
19.29000 1478 38.4448
19.29250 1455 38.1445
19.29500 1361 36.8917
19.29750 1363 36.9188
19.30000 1322 36.3593
19.30250 1259 35.4824
19.30500 1330 36.4692
19.30750 1226 35.0143
19.31000 1247 35.3129
19.31250 1241 35.2278
19.31500 1179 34.3366
19.31750 1171 34.2199
19.32000 1218 34.8999
19.32250 1156 34
19.32500 1118 33.4365
19.32750 1113 33.3617
19.33000 1101 33.1813
19.33250 1101 33.1813
19.33500 1095 33.0908
19.33750 1060 32.5576
19.34000 1077 32.8177
19.34250 1139 33.7491
19.34500 1082 32.8938
19.34750 1026 32.0312
19.35000 1013 31.8277
19.35250 1047 32.3574
19.35500 1049 32.3883
19.35750 1026 32.0312
19.36000 1061 32.573
19.36250 1087 32.9697
19.36500 1079 32.8481
19.36750 993 31.5119
19.37000 1016 31.8748
19.37250 1042 32.28
19.37500 1030 32.0936
19.37750 1062 32.5883
19.38000 1084 32.9242
19.38250 1030 32.0936
19.38500 1042 32.28
19.38750 1028 32.0624
19.39000 1078 32.8329
19.39250 1055 32.4808
19.39500 1015 31.8591
19.39750 1068 32.6803
19.40000 1032 32.1248
19.40250 990 31.4643
19.40500 1049 32.3883
19.40750 1098 33.1361
19.41000 1025 32.0156
19.41250 1011 31.7962
19.41500 1069 32.6956
19.41750 1094 33.0757
19.42000 1086 32.9545
19.42250 1121 33.4813
19.42500 1116 33.4066
19.42750 1075 32.7872
19.43000 1117 33.4215
19.43250 1069 32.6956
19.43500 1107 33.2716
19.43750 1132 33.6452
19.44000 1129 33.6006
19.44250 1158 34.0294
19.44500 1226 35.0143
19.44750 1141 33.7787
19.45000 1166 34.1467
19.45250 1203 34.6843
19.45500 1244 35.2704
19.45750 1250 35.3553
19.46000 1229 35.0571
19.46250 1223 34.9714
19.46500 1268 35.609
19.46750 1299 36.0416
19.47000 1274 35.6931
19.47250 1297 36.0139
19.47500 1288 35.8887
19.47750 1257 35.4542
19.48000 1214 34.8425
19.48250 1216 34.8712
19.48500 1219 34.9142
19.48750 1189 34.4819
19.49000 1158 34.0294
19.49250 1175 34.2783
19.49500 1174 34.2637
19.49750 1294 35.9722
19.50000 1261 35.5106
19.50250 1270 35.6371
19.50500 1336 36.5513
19.50750 1371 37.027
19.51000 1447 38.0395
19.51250 1378 37.1214
19.51500 1396 37.3631
19.51750 1494 38.6523
19.52000 1468 38.3145
19.52250 1550 39.37
19.52500 1574 39.6737
19.52750 1664 40.7922
19.53000 1792 42.332
19.53250 1780 42.19
19.53500 1807 42.5088
19.53750 1788 42.2847
19.54000 1827 42.7434
19.54250 1817 42.6263
19.54500 1829 42.7668
19.54750 1807 42.5088
19.55000 1924 43.8634
19.55250 1973 44.4185
19.55500 1928 43.909
19.55750 1955 44.2154
19.56000 2020 44.9444
19.56250 2017 44.911
19.56500 1987 44.5758
19.56750 1965 44.3283
19.57000 2001 44.7325
19.57250 1941 44.0568
19.57500 1943 44.0795
19.57750 1805 42.4853
19.58000 1714 41.4005
19.58250 1642 40.5216
19.58500 1585 39.8121
19.58750 1523 39.0256
19.59000 1527 39.0768
19.59250 1480 38.4708
19.59500 1410 37.55
19.59750 1315 36.2629
19.60000 1322 36.3593
19.60250 1279 35.7631
19.60500 1264 35.5528
19.60750 1237 35.171
19.61000 1240 35.2136
19.61250 1192 34.5254
19.61500 1220 34.9285
19.61750 1247 35.3129
19.62000 1237 35.171
19.62250 1222 34.9571
19.62500 1278 35.7491
19.62750 1340 36.606
19.63000 1325 36.4005
19.63250 1362 36.9053
19.63500 1408 37.5233
19.63750 1405 37.4833
19.64000 1560 39.4968
19.64250 1442 37.9737
19.64500 1474 38.3927
19.64750 1531 39.128
19.65000 1677 40.9512
19.65250 1753 41.8688
19.65500 1840 42.8952
19.65750 1863 43.1625
19.66000 1859 43.1161
19.66250 1836 42.8486
19.66500 1820 42.6615
19.66750 1733 41.6293
19.67000 1843 42.9302
19.67250 1781 42.2019
19.67500 1772 42.0951
19.67750 1804 42.4735
19.68000 1745 41.7732
19.68250 1776 42.1426
19.68500 1814 42.5911
19.68750 1786 42.2611
19.69000 1827 42.7434
19.69250 1787 42.2729
19.69500 1798 42.4028
19.69750 1808 42.5206
19.70000 1760 41.9524
19.70250 1662 40.7676
19.70500 1636 40.4475
19.70750 1637 40.4599
19.71000 1603 40.0375
19.71250 1614 40.1746
19.71500 1533 39.1535
19.71750 1476 38.4187
19.72000 1470 38.3406
19.72250 1469 38.3275
19.72500 1472 38.3667
19.72750 1446 38.0263
19.73000 1384 37.2022
19.73250 1353 36.7831
19.73500 1333 36.5103
19.73750 1348 36.7151
19.74000 1310 36.1939
19.74250 1331 36.4829
19.74500 1328 36.4417
19.74750 1322 36.3593
19.75000 1293 35.9583
19.75250 1345 36.6742
19.75500 1328 36.4417
19.75750 1315 36.2629
19.76000 1348 36.7151
19.76250 1355 36.8103
19.76500 1346 36.6879
19.76750 1369 37
19.77000 1471 38.3536
19.77250 1493 38.6394
19.77500 1446 38.0263
19.77750 1557 39.4588
19.78000 1682 41.0122
19.78250 1734 41.6413
19.78500 1811 42.5558
19.78750 1862 43.1509
19.79000 1959 44.2606
19.79250 2091 45.7275
19.79500 2089 45.7056
19.79750 2102 45.8476
19.80000 2122 46.0652
19.80250 2139 46.2493
19.80500 2114 45.9783
19.80750 2077 45.5741
19.81000 1986 44.5646
19.81250 1941 44.0568
19.81500 1919 43.8064
19.81750 1859 43.1161
19.82000 1737 41.6773
19.82250 1782 42.2137
19.82500 1743 41.7493
19.82750 1736 41.6653
19.83000 1657 40.7063
19.83250 1653 40.6571
19.83500 1658 40.7185
19.83750 1600 40
19.84000 1605 40.0625
19.84250 1676 40.939
19.84500 1573 39.6611
19.84750 1489 38.5876
19.85000 1467 38.3014
19.85250 1509 38.8458
19.85500 1588 39.8497
19.85750 1483 38.5097
19.86000 1465 38.2753
19.86250 1482 38.4968
19.86500 1482 38.4968
19.86750 1436 37.8946
19.87000 1490 38.6005
19.87250 1505 38.7943
19.87500 1492 38.6264
19.87750 1456 38.1576
19.88000 1417 37.6431
19.88250 1408 37.5233
19.88500 1378 37.1214
19.88750 1482 38.4968
19.89000 1444 38
19.89250 1421 37.6962
19.89500 1435 37.8814
19.89750 1448 38.0526
19.90000 1406 37.4967
19.90250 1391 37.2961
19.90500 1370 37.0135
19.90750 1338 36.5787
19.91000 1380 37.1484
19.91250 1372 37.0405
19.91500 1352 36.7696
19.91750 1314 36.2491
19.92000 1304 36.1109
19.92250 1257 35.4542
19.92500 1210 34.7851
19.92750 1225 35
19.93000 1209 34.7707
19.93250 1182 34.3802
19.93500 1202 34.6699
19.93750 1198 34.6121
19.94000 1139 33.7491
19.94250 1133 33.6601
19.94500 1111 33.3317
19.94750 1001 31.6386
19.95000 1053 32.45
19.95250 1100 33.1662
19.95500 1074 32.7719
19.95750 1021 31.9531
19.96000 1004 31.686
19.96250 1028 32.0624
19.96500 1105 33.2415
19.96750 1039 32.2335
19.97000 1083 32.909
19.97250 1038 32.218
19.97500 1019 31.9218
19.97750 972 31.1769
19.98000 975 31.225
19.98250 987 31.4166
19.98500 982 31.3369
19.98750 1055 32.4808
19.99000 1054 32.4654
19.99250 1041 32.2645
19.99500 1031 32.1092
19.99750 1010 31.7805
20.00000 994 31.5278
20.00250 986 31.4006
20.00500 1006 31.7175
20.00750 1023 31.9844
20.01000 962 31.0161
20.01250 963 31.0322
20.01500 940 30.6594
20.01750 980 31.305
20.02000 1022 31.9687
20.02250 1005 31.7017
20.02500 1003 31.6702
20.02750 1001 31.6386
20.03000 976 31.241
20.03250 921 30.348
20.03500 931 30.5123
20.03750 1024 32
20.04000 975 31.225
20.04250 986 31.4006
20.04500 1017 31.8904
20.04750 962 31.0161
20.05000 1004 31.686
20.05250 950 30.8221
20.05500 963 31.0322
20.05750 921 30.348
20.06000 913 30.2159
20.06250 962 31.0161
20.06500 977 31.257
20.06750 1047 32.3574
20.07000 1017 31.8904
20.07250 1039 32.2335
20.07500 1041 32.2645
20.07750 1040 32.249
20.08000 1008 31.749
20.08250 993 31.5119
20.08500 994 31.5278
20.08750 1024 32
20.09000 1013 31.8277
20.09250 959 30.9677
20.09500 1006 31.7175
20.09750 1038 32.218
20.10000 1038 32.218
20.10250 1051 32.4191
20.10500 1045 32.3265
20.10750 1004 31.686
20.11000 1093 33.0606
20.11250 1043 32.2955
20.11500 1025 32.0156
20.11750 975 31.225
20.12000 990 31.4643
20.12250 1058 32.5269
20.12500 1107 33.2716
20.12750 1081 32.8786
20.13000 1089 33
20.13250 1006 31.7175
20.13500 982 31.3369
20.13750 1059 32.5423
20.14000 1082 32.8938
20.14250 1090 33.0151
20.14500 1104 33.2265
20.14750 1082 32.8938
20.15000 1066 32.6497
20.15250 1131 33.6303
20.15500 1125 33.541
20.15750 1129 33.6006
20.16000 1113 33.3617
20.16250 1121 33.4813
20.16500 1143 33.8083
20.16750 1194 34.5543
20.17000 1184 34.4093
20.17250 1253 35.3977
20.17500 1275 35.7071
20.17750 1334 36.524
20.18000 1386 37.229
20.18250 1355 36.8103
20.18500 1425 37.7492
20.18750 1485 38.5357
20.19000 1497 38.6911
20.19250 1617 40.2119
20.19500 1676 40.939
20.19750 1685 41.0488
20.20000 1828 42.7551
20.20250 1865 43.1856
20.20500 1895 43.5316
20.20750 1980 44.4972
20.21000 2029 45.0444
20.21250 1991 44.6206
20.21500 1902 43.6119
20.21750 1891 43.4856
20.22000 1754 41.8808
20.22250 1660 40.7431
20.22500 1636 40.4475
20.22750 1618 40.2244
20.23000 1654 40.6694
20.23250 1558 39.4715
20.23500 1526 39.064
20.23750 1557 39.4588
20.24000 1481 38.4838
20.24250 1463 38.2492
20.24500 1495 38.6652
20.24750 1455 38.1445
20.25000 1529 39.1024
20.25250 1528 39.0896
20.25500 1502 38.7556
20.25750 1542 39.2683
20.26000 1655 40.6817
20.26250 1625 40.3113
20.26500 1650 40.6202
20.26750 1658 40.7185
20.27000 1796 42.3792
20.27250 1933 43.9659
20.27500 1949 44.1475
20.27750 2072 45.5192
20.28000 2187 46.7654
20.28250 2305 48.0104
20.28500 2398 48.9694
20.28750 2567 50.6656
20.29000 2709 52.0481
20.29250 2725 52.2015
20.29500 2747 52.4118
20.29750 2745 52.3927
20.30000 2631 51.2933
20.30250 2503 50.03
20.30500 2332 48.2908
20.30750 2179 46.6798
20.31000 2030 45.0555
20.31250 1950 44.1588
20.31500 1791 42.3202
20.31750 1725 41.5331
20.32000 1699 41.2189
20.32250 1581 39.7618
20.32500 1485 38.5357
20.32750 1497 38.6911
20.33000 1464 38.2623
20.33250 1364 36.9324
20.33500 1287 35.8748
20.33750 1268 35.609
20.34000 1221 34.9428
20.34250 1176 34.2929
20.34500 1185 34.4238
20.34750 1188 34.4674
20.35000 1185 34.4238
20.35250 1178 34.322
20.35500 1187 34.4529
20.35750 1175 34.2783
20.36000 1163 34.1028
20.36250 1179 34.3366
20.36500 1153 33.9559
20.36750 1153 33.9559
20.37000 1136 33.7046
20.37250 1108 33.2866
20.37500 1111 33.3317
20.37750 1117 33.4215
20.38000 1078 32.8329
20.38250 1097 33.121
20.38500 1122 33.4963
20.38750 1115 33.3916
20.39000 1139 33.7491
20.39250 1133 33.6601
20.39500 1156 34
20.39750 1169 34.1906
20.40000 1156 34
20.40250 1137 33.7194
20.40500 1215 34.8569
20.40750 1200 34.641
20.41000 1160 34.0588
20.41250 1149 33.8969
20.41500 1261 35.5106
20.41750 1345 36.6742
20.42000 1314 36.2491
20.42250 1364 36.9324
20.42500 1382 37.1753
20.42750 1386 37.229
20.43000 1444 38
20.43250 1486 38.5487
20.43500 1508 38.833
20.43750 1590 39.8748
20.44000 1631 40.3856
20.44250 1637 40.4599
20.44500 1581 39.7618
20.44750 1552 39.3954
20.45000 1547 39.3319
20.45250 1509 38.8458
20.45500 1400 37.4166
20.45750 1431 37.8286
20.46000 1423 37.7227
20.46250 1406 37.4967
20.46500 1368 36.9865
20.46750 1313 36.2353
20.47000 1362 36.9053
20.47250 1428 37.7889
20.47500 1417 37.6431
20.47750 1408 37.5233
20.48000 1334 36.524
20.48250 1356 36.8239
20.48500 1340 36.606
20.48750 1363 36.9188
20.49000 1432 37.8418
20.49250 1416 37.6298
20.49500 1469 38.3275
20.49750 1543 39.281
20.50000 1504 38.7814
20.50250 1507 38.8201
20.50500 1548 39.3446
20.50750 1605 40.0625
20.51000 1662 40.7676
20.51250 1766 42.0238
20.51500 1843 42.9302
20.51750 1901 43.6005
20.52000 1998 44.699
20.52250 2135 46.2061
20.52500 2254 47.4763
20.52750 2443 49.4267
20.53000 2557 50.5668
20.53250 2714 52.0961
20.53500 2789 52.811
20.53750 2838 53.2729
20.54000 3002 54.7905
20.54250 3043 55.1634
20.54500 3096 55.6417
20.54750 3036 55.0999
20.55000 2881 53.6749
20.55250 2718 52.1344
20.55500 2526 50.2593
20.55750 2417 49.163
20.56000 2231 47.2335
20.56250 2115 45.9891
20.56500 1968 44.3621
20.56750 1871 43.2551
20.57000 1761 41.9643
20.57250 1596 39.95
20.57500 1504 38.7814
20.57750 1482 38.4968
20.58000 1473 38.3797
20.58250 1470 38.3406
20.58500 1335 36.5377
20.58750 1270 35.6371
20.59000 1280 35.7771
20.59250 1232 35.0999
20.59500 1180 34.3511
20.59750 1164 34.1174
20.60000 1198 34.6121
20.60250 1149 33.8969
20.60500 1121 33.4813
20.60750 1129 33.6006
20.61000 1108 33.2866
20.61250 1086 32.9545
20.61500 1135 33.6898
20.61750 1109 33.3017
20.62000 1118 33.4365
20.62250 1054 32.4654
20.62500 1067 32.665
20.62750 1037 32.2025
20.63000 1047 32.3574
20.63250 1065 32.6343
20.63500 1106 33.2566
20.63750 1102 33.1964
20.64000 1055 32.4808
20.64250 1053 32.45
20.64500 1062 32.5883
20.64750 1097 33.121
20.65000 1029 32.078
20.65250 1056 32.4962
20.65500 1087 32.9697
20.65750 1071 32.7261
20.66000 1137 33.7194
20.66250 1066 32.6497
20.66500 1040 32.249
20.66750 1066 32.6497
20.67000 1091 33.0303
20.67250 1115 33.3916
20.67500 1112 33.3467
20.67750 1122 33.4963
20.68000 1102 33.1964
20.68250 1060 32.5576
20.68500 1135 33.6898
20.68750 1132 33.6452
20.69000 1152 33.9411
20.69250 1183 34.3948
20.69500 1185 34.4238
20.69750 1171 34.2199
20.70000 1109 33.3017
20.70250 1223 34.9714
20.70500 1278 35.7491
20.70750 1277 35.7351
20.71000 1308 36.1663
20.71250 1374 37.0675
20.71500 1362 36.9053
20.71750 1303 36.0971
20.72000 1328 36.4417
20.72250 1354 36.7967
20.72500 1401 37.4299
20.72750 1400 37.4166
20.73000 1410 37.55
20.73250 1395 37.3497
20.73500 1426 37.7624
20.73750 1491 38.6135
20.74000 1519 38.9744
20.74250 1581 39.7618
20.74500 1602 40.025
20.74750 1584 39.7995
20.75000 1664 40.7922
20.75250 1675 40.9268
20.75500 1701 41.2432
20.75750 1723 41.509
20.76000 1752 41.8569
20.76250 1759 41.9404
20.76500 1808 42.5206
20.76750 1828 42.7551
20.77000 1711 41.3642
20.77250 1675 40.9268
20.77500 1580 39.7492
20.77750 1572 39.6485
20.78000 1532 39.1408
20.78250 1478 38.4448
20.78500 1430 37.8153
20.78750 1372 37.0405
20.79000 1416 37.6298
20.79250 1376 37.0945
20.79500 1343 36.647
20.79750 1264 35.5528
20.80000 1273 35.6791
20.80250 1281 35.7911
20.80500 1186 34.4384
20.80750 1230 35.0714
20.81000 1210 34.7851
20.81250 1181 34.3657
20.81500 1118 33.4365
20.81750 1093 33.0606
20.82000 1126 33.5559
20.82250 1166 34.1467
20.82500 1167 34.1614
20.82750 1125 33.541
20.83000 1126 33.5559
20.83250 1118 33.4365
20.83500 1084 32.9242
20.83750 1073 32.7567
20.84000 1130 33.6155
20.84250 1170 34.2053
20.84500 1171 34.2199
20.84750 1179 34.3366
20.85000 1150 33.9116
20.85250 1158 34.0294
20.85500 1186 34.4384
20.85750 1206 34.7275
20.86000 1182 34.3802
20.86250 1255 35.426
20.86500 1332 36.4966
20.86750 1315 36.2629
20.87000 1328 36.4417
20.87250 1371 37.027
20.87500 1413 37.5899
20.87750 1452 38.1051
20.88000 1539 39.2301
20.88250 1607 40.0874
20.88500 1682 41.0122
20.88750 1760 41.9524
20.89000 1788 42.2847
20.89250 1813 42.5793
20.89500 1938 44.0227
20.89750 1932 43.9545
20.90000 1832 42.8019
20.90250 1942 44.0681
20.90500 1920 43.8178
20.90750 1833 42.8135
20.91000 1761 41.9643
20.91250 1680 40.9878
20.91500 1633 40.4104
20.91750 1558 39.4715
20.92000 1436 37.8946
20.92250 1414 37.6032
20.92500 1393 37.3229
20.92750 1332 36.4966
20.93000 1290 35.9166
20.93250 1283 35.819
20.93500 1263 35.5387
20.93750 1254 35.4119
20.94000 1195 34.5688
20.94250 1166 34.1467
20.94500 1183 34.3948
20.94750 1141 33.7787
20.95000 1121 33.4813
20.95250 1141 33.7787
20.95500 1080 32.8634
20.95750 1038 32.218
20.96000 1068 32.6803
20.96250 1076 32.8024
20.96500 1095 33.0908
20.96750 1041 32.2645
20.97000 1068 32.6803
20.97250 1078 32.8329
20.97500 1053 32.45
20.97750 1049 32.3883
20.98000 1076 32.8024
20.98250 1084 32.9242
20.98500 1106 33.2566
20.98750 1035 32.1714
20.99000 1056 32.4962
20.99250 1003 31.6702
20.99500 995 31.5436
20.99750 1067 32.665
21.00000 1029 32.078
21.00250 1040 32.249
21.00500 1106 33.2566
21.00750 1066 32.6497
21.01000 1023 31.9844
21.01250 1003 31.6702
21.01500 1039 32.2335
21.01750 1089 33
21.02000 1068 32.6803
21.02250 1059 32.5423
21.02500 1066 32.6497
21.02750 1050 32.4037
21.03000 1080 32.8634
21.03250 1067 32.665
21.03500 1105 33.2415
21.03750 1108 33.2866
21.04000 1084 32.9242
21.04250 1066 32.6497
21.04500 1088 32.9848
21.04750 1117 33.4215
21.05000 1135 33.6898
21.05250 1098 33.1361
21.05500 1113 33.3617
21.05750 1131 33.6303
21.06000 1143 33.8083
21.06250 1155 33.9853
21.06500 1175 34.2783
21.06750 1124 33.5261
21.07000 1209 34.7707
21.07250 1266 35.5809
21.07500 1296 36
21.07750 1249 35.3412
21.08000 1222 34.9571
21.08250 1242 35.242
21.08500 1268 35.609
21.08750 1332 36.4966
21.09000 1293 35.9583
21.09250 1256 35.4401
21.09500 1329 36.4555
21.09750 1332 36.4966
21.10000 1395 37.3497
21.10250 1415 37.6165
21.10500 1489 38.5876
21.10750 1455 38.1445
21.11000 1448 38.0526
21.11250 1531 39.128
21.11500 1612 40.1497
21.11750 1601 40.0125
21.12000 1675 40.9268
21.12250 1746 41.7852
21.12500 1720 41.4729
21.12750 1734 41.6413
21.13000 1810 42.5441
21.13250 1830 42.7785
21.13500 1801 42.4382
21.13750 1792 42.332
21.14000 1873 43.2782
21.14250 1848 42.9884
21.14500 1848 42.9884
21.14750 1987 44.5758
21.15000 1915 43.7607
21.15250 1913 43.7379
21.15500 1882 43.382
21.15750 1835 42.8369
21.16000 1886 43.4281
21.16250 1901 43.6005
21.16500 1821 42.6732
21.16750 1767 42.0357
21.17000 1783 42.2256
21.17250 1810 42.5441
21.17500 1832 42.8019
21.17750 1881 43.3705
21.18000 1919 43.8064
21.18250 1946 44.1135
21.18500 1891 43.4856
21.18750 1956 44.2267
21.19000 2010 44.833
21.19250 2023 44.9778
21.19500 1984 44.5421
21.19750 1985 44.5533
21.20000 1942 44.0681
21.20250 1879 43.3474
21.20500 1838 42.8719
21.20750 1818 42.638
21.21000 1738 41.6893
21.21250 1703 41.2674
21.21500 1619 40.2368
21.21750 1569 39.6106
21.22000 1555 39.4335
21.22250 1465 38.2753
21.22500 1470 38.3406
21.22750 1467 38.3014
21.23000 1406 37.4967
21.23250 1420 37.6829
21.23500 1377 37.108
21.23750 1368 36.9865
21.24000 1398 37.3898
21.24250 1416 37.6298
21.24500 1420 37.6829
21.24750 1483 38.5097
21.25000 1432 37.8418
21.25250 1451 38.092
21.25500 1422 37.7094
21.25750 1495 38.6652
21.26000 1495 38.6652
21.26250 1478 38.4448
21.26500 1529 39.1024
21.26750 1565 39.5601
21.27000 1593 39.9124
21.27250 1588 39.8497
21.27500 1586 39.8246
21.27750 1677 40.9512
21.28000 1654 40.6694
21.28250 1642 40.5216
21.28500 1718 41.4488
21.28750 1759 41.9404
21.29000 1695 41.1704
21.29250 1673 40.9023
21.29500 1639 40.4846
21.29750 1764 42
21.30000 1787 42.2729
21.30250 1780 42.19
21.30500 1764 42
21.30750 1778 42.1663
21.31000 1848 42.9884
21.31250 1859 43.1161
21.31500 1921 43.8292
21.31750 1869 43.2319
21.32000 1792 42.332
21.32250 1772 42.0951
21.32500 1723 41.509
21.32750 1671 40.8779
21.33000 1694 41.1582
21.33250 1608 40.0999
21.33500 1523 39.0256
21.33750 1613 40.1622
21.34000 1507 38.8201
21.34250 1436 37.8946
21.34500 1389 37.2693
21.34750 1348 36.7151
21.35000 1368 36.9865
21.35250 1387 37.2424
21.35500 1361 36.8917
21.35750 1275 35.7071
21.36000 1261 35.5106
21.36250 1226 35.0143
21.36500 1216 34.8712
21.36750 1260 35.4965
21.37000 1264 35.5528
21.37250 1256 35.4401
21.37500 1268 35.609
21.37750 1245 35.2846
21.38000 1250 35.3553
21.38250 1289 35.9026
21.38500 1303 36.0971
21.38750 1279 35.7631
21.39000 1284 35.8329
21.39250 1294 35.9722
21.39500 1352 36.7696
21.39750 1430 37.8153
21.40000 1508 38.833
21.40250 1499 38.7169
21.40500 1602 40.025
21.40750 1711 41.3642
21.41000 1700 41.2311
21.41250 1662 40.7676
21.41500 1663 40.7799
21.41750 1724 41.5211
21.42000 1773 42.107
21.42250 1811 42.5558
21.42500 1971 44.3959
21.42750 1974 44.4297
21.43000 1941 44.0568
21.43250 2008 44.8107
21.43500 1944 44.0908
21.43750 1941 44.0568
21.44000 1983 44.5309
21.44250 1953 44.1928
21.44500 1987 44.5758
21.44750 1962 44.2945
21.45000 1907 43.6692
21.45250 1868 43.2204
21.45500 1750 41.833
21.45750 1798 42.4028
21.46000 1749 41.821
21.46250 1697 41.1947
21.46500 1713 41.3884
21.46750 1737 41.6773
21.47000 1684 41.0366
21.47250 1675 40.9268
21.47500 1706 41.3038
21.47750 1758 41.9285
21.48000 1840 42.8952
21.48250 1859 43.1161
21.48500 1829 42.7668
21.48750 1815 42.6028
21.49000 1847 42.9767
21.49250 1836 42.8486
21.49500 1819 42.6497
21.49750 1784 42.2374
21.50000 1759 41.9404
21.50250 1741 41.7253
21.50500 1674 40.9145
21.50750 1639 40.4846
21.51000 1548 39.3446
21.51250 1493 38.6394
21.51500 1500 38.7298
21.51750 1459 38.1969
21.52000 1394 37.3363
21.52250 1354 36.7967
21.52500 1318 36.3043
21.52750 1318 36.3043
21.53000 1292 35.9444
21.53250 1251 35.3695
21.53500 1309 36.1801
21.53750 1348 36.7151
21.54000 1313 36.2353
21.54250 1273 35.6791
21.54500 1236 35.1568
21.54750 1271 35.6511
21.55000 1291 35.9305
21.55250 1243 35.2562
21.55500 1284 35.8329
21.55750 1217 34.8855
21.56000 1222 34.9571
21.56250 1239 35.1994
21.56500 1206 34.7275
21.56750 1223 34.9714
21.57000 1260 35.4965
21.57250 1109 33.3017
21.57500 1190 34.4964
21.57750 1209 34.7707
21.58000 1194 34.5543
21.58250 1174 34.2637
21.58500 1173 34.2491
21.58750 1214 34.8425
21.59000 1198 34.6121
21.59250 1203 34.6843
21.59500 1190 34.4964
21.59750 1200 34.641
21.60000 1195 34.5688
21.60250 1199 34.6266
21.60500 1308 36.1663
21.60750 1315 36.2629
21.61000 1254 35.4119
21.61250 1287 35.8748
21.61500 1342 36.6333
21.61750 1412 37.5766
21.62000 1392 37.3095
21.62250 1509 38.8458
21.62500 1600 40
21.62750 1653 40.6571
21.63000 1631 40.3856
21.63250 1650 40.6202
21.63500 1715 41.4126
21.63750 1837 42.8602
21.64000 1859 43.1161
21.64250 1834 42.8252
21.64500 1947 44.1248
21.64750 1948 44.1362
21.65000 1877 43.3244
21.65250 1838 42.8719
21.65500 1827 42.7434
21.65750 1767 42.0357
21.66000 1666 40.8167
21.66250 1543 39.281
21.66500 1496 38.6782
21.66750 1451 38.092
21.67000 1395 37.3497
21.67250 1417 37.6431
21.67500 1364 36.9324
21.67750 1417 37.6431
21.68000 1410 37.55
21.68250 1377 37.108
21.68500 1397 37.3765
21.68750 1323 36.3731
21.69000 1368 36.9865
21.69250 1398 37.3898
21.69500 1374 37.0675
21.69750 1419 37.6696
21.70000 1509 38.8458
21.70250 1597 39.9625
21.70500 1626 40.3237
21.70750 1697 41.1947
21.71000 1824 42.7083
21.71250 1829 42.7668
21.71500 1882 43.382
21.71750 2014 44.8776
21.72000 2027 45.0222
21.72250 2080 45.607
21.72500 2025 45
21.72750 2036 45.1221
21.73000 2103 45.8585
21.73250 2072 45.5192
21.73500 2026 45.0111
21.73750 1926 43.8862
21.74000 1881 43.3705
21.74250 1807 42.5088
21.74500 1762 41.9762
21.74750 1673 40.9023
21.75000 1632 40.398
21.75250 1537 39.2046
21.75500 1473 38.3797
21.75750 1482 38.4968
21.76000 1407 37.51
21.76250 1356 36.8239
21.76500 1329 36.4555
21.76750 1252 35.3836
21.77000 1254 35.4119
21.77250 1189 34.4819
21.77500 1128 33.5857
21.77750 1117 33.4215
21.78000 1080 32.8634
21.78250 1082 32.8938
21.78500 1112 33.3467
21.78750 1079 32.8481
21.79000 1044 32.311
21.79250 1055 32.4808
21.79500 1078 32.8329
21.79750 1071 32.7261
21.80000 1112 33.3467
21.80250 1102 33.1964
21.80500 1041 32.2645
21.80750 1045 32.3265
21.81000 1064 32.619
21.81250 1064 32.619
21.81500 990 31.4643
21.81750 930 30.4959
21.82000 976 31.241
21.82250 1040 32.249
21.82500 1030 32.0936
21.82750 1068 32.6803
21.83000 1032 32.1248
21.83250 1045 32.3265
21.83500 1023 31.9844
21.83750 1024 32
21.84000 1062 32.5883
21.84250 1049 32.3883
21.84500 1059 32.5423
21.84750 1093 33.0606
21.85000 1113 33.3617
21.85250 1085 32.9393
21.85500 1109 33.3017
21.85750 1123 33.5112
21.86000 1126 33.5559
21.86250 1158 34.0294
21.86500 1115 33.3916
21.86750 1168 34.176
21.87000 1159 34.0441
21.87250 1185 34.4238
21.87500 1187 34.4529
21.87750 1163 34.1028
21.88000 1145 33.8378
21.88250 1199 34.6266
21.88500 1273 35.6791
21.88750 1242 35.242
21.89000 1184 34.4093
21.89250 1235 35.1426
21.89500 1220 34.9285
21.89750 1184 34.4093
21.90000 1179 34.3366
21.90250 1129 33.6006
21.90500 1052 32.4345
21.90750 1033 32.1403
21.91000 1112 33.3467
21.91250 1127 33.5708
21.91500 1032 32.1248
21.91750 988 31.4325
21.92000 1095 33.0908
21.92250 1054 32.4654
21.92500 1053 32.45
21.92750 1034 32.1559
21.93000 1054 32.4654
21.93250 1064 32.619
21.93500 1056 32.4962
21.93750 1068 32.6803
21.94000 1105 33.2415
21.94250 1058 32.5269
21.94500 1075 32.7872
21.94750 1132 33.6452
21.95000 1163 34.1028
21.95250 1159 34.0441
21.95500 1139 33.7491
21.95750 1192 34.5254
21.96000 1196 34.5832
21.96250 1192 34.5254
21.96500 1166 34.1467
21.96750 1184 34.4093
21.97000 1084 32.9242
21.97250 1148 33.8821
21.97500 1158 34.0294
21.97750 1102 33.1964
21.98000 1119 33.4515
21.98250 1112 33.3467
21.98500 1064 32.619
21.98750 1069 32.6956
21.99000 1026 32.0312
21.99250 1031 32.1092
21.99500 1064 32.619
21.99750 1048 32.3728
22.00000 1064 32.619
22.00250 1057 32.5115
22.00500 1005 31.7017
22.00750 1041 32.2645
22.01000 1054 32.4654
22.01250 1041 32.2645
22.01500 1046 32.3419
22.01750 977 31.257
22.02000 1043 32.2955
22.02250 1039 32.2335
22.02500 1071 32.7261
22.02750 1017 31.8904
22.03000 1038 32.218
22.03250 1084 32.9242
22.03500 1104 33.2265
22.03750 1081 32.8786
22.04000 1037 32.2025
22.04250 1043 32.2955
22.04500 1039 32.2335
22.04750 1020 31.9374
22.05000 1100 33.1662
22.05250 1148 33.8821
22.05500 1106 33.2566
22.05750 1138 33.7343
22.06000 1105 33.2415
22.06250 1108 33.2866
22.06500 1185 34.4238
22.06750 1208 34.7563
22.07000 1199 34.6266
22.07250 1238 35.1852
22.07500 1225 35
22.07750 1222 34.9571
22.08000 1279 35.7631
22.08250 1270 35.6371
22.08500 1335 36.5377
22.08750 1359 36.8646
22.09000 1414 37.6032
22.09250 1402 37.4433
22.09500 1353 36.7831
22.09750 1333 36.5103
22.10000 1290 35.9166
22.10250 1335 36.5377
22.10500 1391 37.2961
22.10750 1326 36.4143
22.11000 1421 37.6962
22.11250 1479 38.4578
22.11500 1477 38.4318
22.11750 1404 37.47
22.12000 1451 38.092
22.12250 1467 38.3014
22.12500 1492 38.6264
22.12750 1492 38.6264
22.13000 1490 38.6005
22.13250 1541 39.2556
22.13500 1508 38.833
22.13750 1395 37.3497
22.14000 1370 37.0135
22.14250 1341 36.6197
22.14500 1291 35.9305
22.14750 1304 36.1109
22.15000 1232 35.0999
22.15250 1181 34.3657
22.15500 1199 34.6266
22.15750 1141 33.7787
22.16000 1157 34.0147
22.16250 1122 33.4963
22.16500 1140 33.7639
22.16750 1164 34.1174
22.17000 1121 33.4813
22.17250 1123 33.5112
22.17500 1125 33.541
22.17750 1138 33.7343
22.18000 1117 33.4215
22.18250 1072 32.7414
22.18500 1105 33.2415
22.18750 1145 33.8378
22.19000 1172 34.2345
22.19250 1123 33.5112
22.19500 1108 33.2866
22.19750 1165 34.1321
22.20000 1175 34.2783
22.20250 1151 33.9264
22.20500 1178 34.322
22.20750 1153 33.9559
22.21000 1138 33.7343
22.21250 1153 33.9559
22.21500 1154 33.9706
22.21750 1225 35
22.22000 1178 34.322
22.22250 1154 33.9706
22.22500 1140 33.7639
22.22750 1170 34.2053
22.23000 1173 34.2491
22.23250 1154 33.9706
22.23500 1148 33.8821
22.23750 1189 34.4819
22.24000 1199 34.6266
22.24250 1185 34.4238
22.24500 1152 33.9411
22.24750 1187 34.4529
22.25000 1138 33.7343
22.25250 1154 33.9706
22.25500 1170 34.2053
22.25750 1181 34.3657
22.26000 1125 33.541
22.26250 1146 33.8526
22.26500 1217 34.8855
22.26750 1170 34.2053
22.27000 1168 34.176
22.27250 1187 34.4529
22.27500 1135 33.6898
22.27750 1123 33.5112
22.28000 1110 33.3167
22.28250 1127 33.5708
22.28500 1127 33.5708
22.28750 1099 33.1512
22.29000 1057 32.5115
22.29250 1108 33.2866
22.29500 1070 32.7109
22.29750 1079 32.8481
22.30000 1100 33.1662
22.30250 1134 33.6749
22.30500 1114 33.3766
22.30750 1109 33.3017
22.31000 1106 33.2566
22.31250 1090 33.0151
22.31500 1120 33.4664
22.31750 1149 33.8969
22.32000 1186 34.4384
22.32250 1206 34.7275
22.32500 1224 34.9857
22.32750 1199 34.6266
22.33000 1170 34.2053
22.33250 1187 34.4529
22.33500 1227 35.0286
22.33750 1250 35.3553
22.34000 1330 36.4692
22.34250 1366 36.9594
22.34500 1353 36.7831
22.34750 1460 38.2099
22.35000 1531 39.128
22.35250 1507 38.8201
22.35500 1525 39.0512
22.35750 1565 39.5601
22.36000 1552 39.3954
22.36250 1513 38.8973
22.36500 1516 38.9358
22.36750 1471 38.3536
22.37000 1459 38.1969
22.37250 1478 38.4448
22.37500 1437 37.9078
22.37750 1411 37.5633
22.38000 1398 37.3898
22.38250 1375 37.081
22.38500 1407 37.51
22.38750 1438 37.921
22.39000 1439 37.9342
22.39250 1424 37.7359
22.39500 1534 39.1663
22.39750 1500 38.7298
22.40000 1532 39.1408
22.40250 1619 40.2368
22.40500 1621 40.2616
22.40750 1720 41.4729
22.41000 1747 41.7971
22.41250 1783 42.2256
22.41500 1731 41.6053
22.41750 1734 41.6413
22.42000 1699 41.2189
22.42250 1627 40.3361
22.42500 1596 39.95
22.42750 1514 38.9102
22.43000 1461 38.223
22.43250 1419 37.6696
22.43500 1368 36.9865
22.43750 1295 35.9861
22.44000 1289 35.9026
22.44250 1307 36.1525
22.44500 1196 34.5832
22.44750 1204 34.6987
22.45000 1157 34.0147
22.45250 1193 34.5398
22.45500 1190 34.4964
22.45750 1092 33.0454
22.46000 1064 32.619
22.46250 1114 33.3766
22.46500 1111 33.3317
22.46750 1109 33.3017
22.47000 1091 33.0303
22.47250 1091 33.0303
22.47500 1111 33.3317
22.47750 1145 33.8378
22.48000 1139 33.7491
22.48250 1089 33
22.48500 1125 33.541
22.48750 1129 33.6006
22.49000 1166 34.1467
22.49250 1222 34.9571
22.49500 1235 35.1426
22.49750 1221 34.9428
22.50000 1226 35.0143
22.50250 1292 35.9444
22.50500 1301 36.0694
22.50750 1350 36.7423
22.51000 1362 36.9053
22.51250 1453 38.1182
22.51500 1415 37.6165
22.51750 1402 37.4433
22.52000 1503 38.7685
22.52250 1494 38.6523
22.52500 1497 38.6911
22.52750 1539 39.2301
22.53000 1497 38.6911
22.53250 1461 38.223
22.53500 1498 38.704
22.53750 1476 38.4187
22.54000 1387 37.2424
22.54250 1263 35.5387
22.54500 1239 35.1994
22.54750 1199 34.6266
22.55000 1159 34.0441
22.55250 1208 34.7563
22.55500 1205 34.7131
22.55750 1186 34.4384
22.56000 1111 33.3317
22.56250 1072 32.7414
22.56500 1060 32.5576
22.56750 1013 31.8277
22.57000 1010 31.7805
22.57250 1065 32.6343
22.57500 1095 33.0908
22.57750 1075 32.7872
22.58000 994 31.5278
22.58250 1054 32.4654
22.58500 1090 33.0151
22.58750 1090 33.0151
22.59000 1062 32.5883
22.59250 1115 33.3916
22.59500 1149 33.8969
22.59750 1062 32.5883
22.60000 1051 32.4191
22.60250 1122 33.4963
22.60500 1148 33.8821
22.60750 1129 33.6006
22.61000 1153 33.9559
22.61250 1224 34.9857
22.61500 1236 35.1568
22.61750 1231 35.0856
22.62000 1196 34.5832
22.62250 1281 35.7911
22.62500 1331 36.4829
22.62750 1346 36.6879
22.63000 1391 37.2961
22.63250 1403 37.4566
22.63500 1431 37.8286
22.63750 1464 38.2623
22.64000 1454 38.1314
22.64250 1509 38.8458
22.64500 1500 38.7298
22.64750 1510 38.8587
22.65000 1474 38.3927
22.65250 1387 37.2424
22.65500 1385 37.2156
22.65750 1369 37
22.66000 1337 36.565
22.66250 1304 36.1109
22.66500 1284 35.8329
22.66750 1235 35.1426
22.67000 1170 34.2053
22.67250 1160 34.0588
22.67500 1166 34.1467
22.67750 1144 33.8231
22.68000 1112 33.3467
22.68250 1114 33.3766
22.68500 1069 32.6956
22.68750 1098 33.1361
22.69000 1047 32.3574
22.69250 1016 31.8748
22.69500 1068 32.6803
22.69750 1038 32.218
22.70000 1025 32.0156
22.70250 1013 31.8277
22.70500 1003 31.6702
22.70750 1015 31.8591
22.71000 973 31.1929
22.71250 972 31.1769
22.71500 1001 31.6386
22.71750 971 31.1609
22.72000 1043 32.2955
22.72250 1072 32.7414
22.72500 1032 32.1248
22.72750 1038 32.218
22.73000 1065 32.6343
22.73250 1003 31.6702
22.73500 1047 32.3574
22.73750 1038 32.218
22.74000 1069 32.6956
22.74250 1062 32.5883
22.74500 1083 32.909
22.74750 1070 32.7109
22.75000 1145 33.8378
22.75250 1150 33.9116
22.75500 1209 34.7707
22.75750 1197 34.5977
22.76000 1198 34.6121
22.76250 1216 34.8712
22.76500 1176 34.2929
22.76750 1218 34.8999
22.77000 1193 34.5398
22.77250 1181 34.3657
22.77500 1173 34.2491
22.77750 1202 34.6699
22.78000 1164 34.1174
22.78250 1173 34.2491
22.78500 1180 34.3511
22.78750 1151 33.9264
22.79000 1165 34.1321
22.79250 1221 34.9428
22.79500 1186 34.4384
22.79750 1244 35.2704
22.80000 1181 34.3657
22.80250 1148 33.8821
22.80500 1107 33.2716
22.80750 1131 33.6303
22.81000 1138 33.7343
22.81250 1131 33.6303
22.81500 1151 33.9264
22.81750 1151 33.9264
22.82000 1151 33.9264
22.82250 1119 33.4515
22.82500 1067 32.665
22.82750 1052 32.4345
22.83000 1043 32.2955
22.83250 1039 32.2335
22.83500 993 31.5119
22.83750 998 31.5911
22.84000 1028 32.0624
22.84250 1005 31.7017
22.84500 1056 32.4962
22.84750 976 31.241
22.85000 984 31.3688
22.85250 1026 32.0312
22.85500 976 31.241
22.85750 935 30.5778
22.86000 958 30.9516
22.86250 994 31.5278
22.86500 981 31.3209
22.86750 980 31.305
22.87000 964 31.0483
22.87250 936 30.5941
22.87500 986 31.4006
22.87750 968 31.1127
22.88000 909 30.1496
22.88250 996 31.5595
22.88500 963 31.0322
22.88750 952 30.8545
22.89000 941 30.6757
22.89250 938 30.6268
22.89500 973 31.1929
22.89750 999 31.607
22.90000 1022 31.9687
22.90250 1085 32.9393
22.90500 1032 32.1248
22.90750 1006 31.7175
22.91000 1035 32.1714
22.91250 1025 32.0156
22.91500 1032 32.1248
22.91750 1052 32.4345
22.92000 1076 32.8024
22.92250 1058 32.5269
22.92500 1046 32.3419
22.92750 1032 32.1248
22.93000 1062 32.5883
22.93250 1099 33.1512
22.93500 1064 32.619
22.93750 1106 33.2566
22.94000 1072 32.7414
22.94250 1029 32.078
22.94500 1074 32.7719
22.94750 1023 31.9844
22.95000 1051 32.4191
22.95250 1058 32.5269
22.95500 1069 32.6956
22.95750 1074 32.7719
22.96000 1028 32.0624
22.96250 1067 32.665
22.96500 1068 32.6803
22.96750 1032 32.1248
22.97000 1061 32.573
22.97250 964 31.0483
22.97500 988 31.4325
22.97750 994 31.5278
22.98000 1072 32.7414
22.98250 1083 32.909
22.98500 1086 32.9545
22.98750 1043 32.2955
22.99000 1061 32.573
22.99250 1073 32.7567
22.99500 1064 32.619
22.99750 1097 33.121
23.00000 1072 32.7414
23.00250 1072 32.7414
23.00500 1131 33.6303
23.00750 1166 34.1467
23.01000 1152 33.9411
23.01250 1186 34.4384
23.01500 1175 34.2783
23.01750 1147 33.8674
23.02000 1172 34.2345
23.02250 1200 34.641
23.02500 1206 34.7275
23.02750 1225 35
23.03000 1150 33.9116
23.03250 1187 34.4529
23.03500 1165 34.1321
23.03750 1228 35.0428
23.04000 1197 34.5977
23.04250 1101 33.1813
23.04500 1094 33.0757
23.04750 1119 33.4515
23.05000 1097 33.121
23.05250 1107 33.2716
23.05500 1079 32.8481
23.05750 1115 33.3916
23.06000 1194 34.5543
23.06250 1170 34.2053
23.06500 1138 33.7343
23.06750 1129 33.6006
23.07000 1129 33.6006
23.07250 1067 32.665
23.07500 1083 32.909
23.07750 1092 33.0454
23.08000 1099 33.1512
23.08250 1100 33.1662
23.08500 1096 33.1059
23.08750 1073 32.7567
23.09000 1095 33.0908
23.09250 1037 32.2025
23.09500 1030 32.0936
23.09750 1013 31.8277
23.10000 1036 32.187
23.10250 1040 32.249
23.10500 1027 32.0468
23.10750 1034 32.1559
23.11000 1083 32.909
23.11250 1073 32.7567
23.11500 1047 32.3574
23.11750 1018 31.9061
23.12000 1011 31.7962
23.12250 1025 32.0156
23.12500 1001 31.6386
23.12750 1023 31.9844
23.13000 1019 31.9218
23.13250 1001 31.6386
23.13500 1021 31.9531
23.13750 1029 32.078
23.14000 1067 32.665
23.14250 1001 31.6386
23.14500 1002 31.6544
23.14750 1010 31.7805
23.15000 1042 32.28
23.15250 1125 33.541
23.15500 1111 33.3317
23.15750 1110 33.3167
23.16000 1115 33.3916
23.16250 1166 34.1467
23.16500 1175 34.2783
23.16750 1184 34.4093
23.17000 1117 33.4215
23.17250 1203 34.6843
23.17500 1272 35.6651
23.17750 1209 34.7707
23.18000 1245 35.2846
23.18250 1290 35.9166
23.18500 1313 36.2353
23.18750 1381 37.1618
23.19000 1416 37.6298
23.19250 1418 37.6563
23.19500 1453 38.1182
23.19750 1556 39.4462
23.20000 1623 40.2865
23.20250 1666 40.8167
23.20500 1682 41.0122
23.20750 1735 41.6533
23.21000 1842 42.9185
23.21250 1852 43.0349
23.21500 1974 44.4297
23.21750 2041 45.1774
23.22000 2090 45.7165
23.22250 2171 46.594
23.22500 2249 47.4236
23.22750 2321 48.1768
23.23000 2303 47.9896
23.23250 2306 48.0208
23.23500 2388 48.8672
23.23750 2442 49.4166
23.24000 2396 48.949
23.24250 2347 48.4458
23.24500 2341 48.3839
23.24750 2310 48.0625
23.25000 2240 47.3286
23.25250 2204 46.9468
23.25500 2134 46.1952
23.25750 2017 44.911
23.26000 1918 43.795
23.26250 1873 43.2782
23.26500 1750 41.833
23.26750 1685 41.0488
23.27000 1721 41.4849
23.27250 1623 40.2865
23.27500 1581 39.7618
23.27750 1552 39.3954
23.28000 1489 38.5876
23.28250 1540 39.2428
23.28500 1460 38.2099
23.28750 1460 38.2099
23.29000 1459 38.1969
23.29250 1465 38.2753
23.29500 1456 38.1576
23.29750 1483 38.5097
23.30000 1539 39.2301
23.30250 1562 39.5221
23.30500 1521 39
23.30750 1478 38.4448
23.31000 1528 39.0896
23.31250 1506 38.8072
23.31500 1500 38.7298
23.31750 1499 38.7169
23.32000 1511 38.8716
23.32250 1595 39.9375
23.32500 1536 39.1918
23.32750 1498 38.704
23.33000 1512 38.8844
23.33250 1539 39.2301
23.33500 1562 39.5221
23.33750 1614 40.1746
23.34000 1622 40.2741
23.34250 1593 39.9124
23.34500 1485 38.5357
23.34750 1436 37.8946
23.35000 1419 37.6696
23.35250 1414 37.6032
23.35500 1387 37.2424
23.35750 1352 36.7696
23.36000 1297 36.0139
23.36250 1260 35.4965
23.36500 1255 35.426
23.36750 1217 34.8855
23.37000 1159 34.0441
23.37250 1140 33.7639
23.37500 1134 33.6749
23.37750 1121 33.4813
23.38000 1120 33.4664
23.38250 1086 32.9545
23.38500 1055 32.4808
23.38750 1072 32.7414
23.39000 1090 33.0151
23.39250 1109 33.3017
23.39500 1068 32.6803
23.39750 999 31.607
23.40000 1006 31.7175
23.40250 1005 31.7017
23.40500 1001 31.6386
23.40750 974 31.209
23.41000 964 31.0483
23.41250 986 31.4006
23.41500 1037 32.2025
23.41750 998 31.5911
23.42000 1022 31.9687
23.42250 991 31.4802
23.42500 985 31.3847
23.42750 976 31.241
23.43000 1003 31.6702
23.43250 990 31.4643
23.43500 1024 32
23.43750 1013 31.8277
23.44000 1050 32.4037
23.44250 1052 32.4345
23.44500 999 31.607
23.44750 967 31.0966
23.45000 953 30.8707
23.45250 990 31.4643
23.45500 979 31.289
23.45750 996 31.5595
23.46000 1024 32
23.46250 1102 33.1964
23.46500 1072 32.7414
23.46750 1027 32.0468
23.47000 1053 32.45
23.47250 1032 32.1248
23.47500 1018 31.9061
23.47750 1071 32.7261
23.48000 1054 32.4654
23.48250 1052 32.4345
23.48500 1050 32.4037
23.48750 1079 32.8481
23.49000 1085 32.9393
23.49250 1074 32.7719
23.49500 1091 33.0303
23.49750 1175 34.2783
23.50000 1243 35.2562
23.50250 1166 34.1467
23.50500 1141 33.7787
23.50750 1192 34.5254
23.51000 1219 34.9142
23.51250 1256 35.4401
23.51500 1243 35.2562
23.51750 1278 35.7491
23.52000 1302 36.0832
23.52250 1250 35.3553
23.52500 1242 35.242
23.52750 1186 34.4384
23.53000 1179 34.3366
23.53250 1169 34.1906
23.53500 1216 34.8712
23.53750 1220 34.9285
23.54000 1193 34.5398
23.54250 1159 34.0441
23.54500 1162 34.0881
23.54750 1234 35.1283
23.55000 1219 34.9142
23.55250 1137 33.7194
23.55500 1145 33.8378
23.55750 1129 33.6006
23.56000 1164 34.1174
23.56250 1112 33.3467
23.56500 1061 32.573
23.56750 1088 32.9848
23.57000 1071 32.7261
23.57250 1042 32.28
23.57500 1033 32.1403
23.57750 1052 32.4345
23.58000 992 31.496
23.58250 973 31.1929
23.58500 969 31.1288
23.58750 987 31.4166
23.59000 1013 31.8277
23.59250 984 31.3688
23.59500 970 31.1448
23.59750 986 31.4006
23.60000 999 31.607
23.60250 1009 31.7648
23.60500 993 31.5119
23.60750 983 31.3528
23.61000 988 31.4325
23.61250 991 31.4802
23.61500 972 31.1769
23.61750 1026 32.0312
23.62000 1013 31.8277
23.62250 978 31.273
23.62500 985 31.3847
23.62750 997 31.5753
23.63000 1024 32
23.63250 1060 32.5576
23.63500 1032 32.1248
23.63750 1079 32.8481
23.64000 1095 33.0908
23.64250 1067 32.665
23.64500 1051 32.4191
23.64750 1026 32.0312
23.65000 1080 32.8634
23.65250 1096 33.1059
23.65500 1069 32.6956
23.65750 1010 31.7805
23.66000 1055 32.4808
23.66250 1086 32.9545
23.66500 1109 33.3017
23.66750 1117 33.4215
23.67000 1108 33.2866
23.67250 1109 33.3017
23.67500 1145 33.8378
23.67750 1173 34.2491
23.68000 1183 34.3948
23.68250 1199 34.6266
23.68500 1206 34.7275
23.68750 1188 34.4674
23.69000 1267 35.5949
23.69250 1255 35.426
23.69500 1239 35.1994
23.69750 1293 35.9583
23.70000 1376 37.0945
23.70250 1392 37.3095
23.70500 1425 37.7492
23.70750 1509 38.8458
23.71000 1447 38.0395
23.71250 1473 38.3797
23.71500 1489 38.5876
23.71750 1514 38.9102
23.72000 1562 39.5221
23.72250 1531 39.128
23.72500 1544 39.2938
23.72750 1583 39.7869
23.73000 1565 39.5601
23.73250 1521 39
23.73500 1566 39.5727
23.73750 1540 39.2428
23.74000 1491 38.6135
23.74250 1476 38.4187
23.74500 1431 37.8286
23.74750 1350 36.7423
23.75000 1359 36.8646
23.75250 1338 36.5787
23.75500 1293 35.9583
23.75750 1285 35.8469
23.76000 1264 35.5528
23.76250 1156 34
23.76500 1172 34.2345
23.76750 1173 34.2491
23.77000 1173 34.2491
23.77250 1170 34.2053
23.77500 1133 33.6601
23.77750 1123 33.5112
23.78000 1099 33.1512
23.78250 1128 33.5857
23.78500 1145 33.8378
23.78750 1084 32.9242
23.79000 1099 33.1512
23.79250 1094 33.0757
23.79500 1099 33.1512
23.79750 1101 33.1813
23.80000 1083 32.909
23.80250 1018 31.9061
23.80500 1040 32.249
23.80750 1090 33.0151
23.81000 1053 32.45
23.81250 1051 32.4191
23.81500 1011 31.7962
23.81750 1068 32.6803
23.82000 1069 32.6956
23.82250 1032 32.1248
23.82500 1073 32.7567
23.82750 1070 32.7109
23.83000 1103 33.2114
23.83250 1129 33.6006
23.83500 1098 33.1361
23.83750 1091 33.0303
23.84000 1135 33.6898
23.84250 1150 33.9116
23.84500 1203 34.6843
23.84750 1207 34.7419
23.85000 1197 34.5977
23.85250 1225 35
23.85500 1184 34.4093
23.85750 1223 34.9714
23.86000 1301 36.0694
23.86250 1357 36.8375
23.86500 1366 36.9594
23.86750 1375 37.081
23.87000 1412 37.5766
23.87250 1421 37.6962
23.87500 1446 38.0263
23.87750 1494 38.6523
23.88000 1512 38.8844
23.88250 1542 39.2683
23.88500 1609 40.1123
23.88750 1635 40.4351
23.89000 1595 39.9375
23.89250 1620 40.2492
23.89500 1661 40.7554
23.89750 1665 40.8044
23.90000 1552 39.3954
23.90250 1566 39.5727
23.90500 1506 38.8072
23.90750 1496 38.6782
23.91000 1450 38.0789
23.91250 1429 37.8021
23.91500 1375 37.081
23.91750 1379 37.1349
23.92000 1447 38.0395
23.92250 1463 38.2492
23.92500 1484 38.5227
23.92750 1501 38.7427
23.93000 1509 38.8458
23.93250 1598 39.975
23.93500 1646 40.5709
23.93750 1648 40.5956
23.94000 1706 41.3038
23.94250 1804 42.4735
23.94500 1806 42.4971
23.94750 1800 42.4264
23.95000 1805 42.4853
23.95250 1869 43.2319
23.95500 1923 43.852
23.95750 1837 42.8602
23.96000 1841 42.9069
23.96250 1853 43.0465
23.96500 1799 42.4146
23.96750 1755 41.8927
23.97000 1669 40.8534
23.97250 1614 40.1746
23.97500 1640 40.4969
23.97750 1638 40.4722
23.98000 1585 39.8121
23.98250 1547 39.3319
23.98500 1541 39.2556
23.98750 1578 39.724
23.99000 1600 40
23.99250 1628 40.3485
23.99500 1614 40.1746
23.99750 1587 39.8372
24.00000 1576 39.6989
24.00250 1531 39.128
24.00500 1498 38.704
24.00750 1465 38.2753
24.01000 1427 37.7757
24.01250 1417 37.6431
24.01500 1422 37.7094
24.01750 1334 36.524
24.02000 1331 36.4829
24.02250 1357 36.8375
24.02500 1326 36.4143
24.02750 1284 35.8329
24.03000 1311 36.2077
24.03250 1295 35.9861
24.03500 1243 35.2562
24.03750 1246 35.2987
24.04000 1221 34.9428
24.04250 1243 35.2562
24.04500 1282 35.805
24.04750 1261 35.5106
24.05000 1261 35.5106
24.05250 1266 35.5809
24.05500 1240 35.2136
24.05750 1241 35.2278
24.06000 1281 35.7911
24.06250 1265 35.5668
24.06500 1274 35.6931
24.06750 1316 36.2767
24.07000 1334 36.524
24.07250 1380 37.1484
24.07500 1400 37.4166
24.07750 1353 36.7831
24.08000 1352 36.7696
24.08250 1381 37.1618
24.08500 1473 38.3797
24.08750 1453 38.1182
24.09000 1392 37.3095
24.09250 1306 36.1386
24.09500 1371 37.027
24.09750 1364 36.9324
24.10000 1290 35.9166
24.10250 1233 35.1141
24.10500 1256 35.4401
24.10750 1207 34.7419
24.11000 1206 34.7275
24.11250 1202 34.6699
24.11500 1169 34.1906
24.11750 1141 33.7787
24.12000 1130 33.6155
24.12250 1109 33.3017
24.12500 1151 33.9264
24.12750 1119 33.4515
24.13000 1098 33.1361
24.13250 1117 33.4215
24.13500 1121 33.4813
24.13750 1083 32.909
24.14000 1037 32.2025
24.14250 1020 31.9374
24.14500 1041 32.2645
24.14750 1141 33.7787
24.15000 1090 33.0151
24.15250 1110 33.3167
24.15500 1081 32.8786
24.15750 1056 32.4962
24.16000 1068 32.6803
24.16250 1055 32.4808
24.16500 1063 32.6037
24.16750 1055 32.4808
24.17000 1104 33.2265
24.17250 1138 33.7343
24.17500 1108 33.2866
24.17750 1107 33.2716
24.18000 1142 33.7935
24.18250 1136 33.7046
24.18500 1161 34.0735
24.18750 1121 33.4813
24.19000 1119 33.4515
24.19250 1167 34.1614
24.19500 1129 33.6006
24.19750 1154 33.9706
24.20000 1196 34.5832
24.20250 1188 34.4674
24.20500 1159 34.0441
24.20750 1110 33.3167
24.21000 1109 33.3017
24.21250 1107 33.2716
24.21500 1127 33.5708
24.21750 1082 32.8938
24.22000 1087 32.9697
24.22250 1078 32.8329
24.22500 1054 32.4654
24.22750 1072 32.7414
24.23000 1053 32.45
24.23250 1030 32.0936
24.23500 1035 32.1714
24.23750 994 31.5278
24.24000 1005 31.7017
24.24250 988 31.4325
24.24500 981 31.3209
24.24750 983 31.3528
24.25000 1027 32.0468
24.25250 1034 32.1559
24.25500 1026 32.0312
24.25750 1048 32.3728
24.26000 1049 32.3883
24.26250 1069 32.6956
24.26500 1090 33.0151
24.26750 1121 33.4813
24.27000 1075 32.7872
24.27250 1076 32.8024
24.27500 1119 33.4515
24.27750 1074 32.7719
24.28000 1100 33.1662
24.28250 1159 34.0441
24.28500 1145 33.8378
24.28750 1220 34.9285
24.29000 1225 35
24.29250 1186 34.4384
24.29500 1161 34.0735
24.29750 1239 35.1994
24.30000 1171 34.2199
24.30250 1156 34
24.30500 1180 34.3511
24.30750 1166 34.1467
24.31000 1130 33.6155
24.31250 1171 34.2199
24.31500 1133 33.6601
24.31750 1146 33.8526
24.32000 1221 34.9428
24.32250 1214 34.8425
24.32500 1179 34.3366
24.32750 1201 34.6554
24.33000 1252 35.3836
24.33250 1289 35.9026
24.33500 1281 35.7911
24.33750 1357 36.8375
24.34000 1346 36.6879
24.34250 1379 37.1349
24.34500 1463 38.2492
24.34750 1495 38.6652
24.35000 1588 39.8497
24.35250 1613 40.1622
24.35500 1711 41.3642
24.35750 1739 41.7013
24.36000 1713 41.3884
24.36250 1755 41.8927
24.36500 1748 41.8091
24.36750 1677 40.9512
24.37000 1679 40.9756
24.37250 1621 40.2616
24.37500 1580 39.7492
24.37750 1468 38.3145
24.38000 1377 37.108
24.38250 1427 37.7757
24.38500 1326 36.4143
24.38750 1294 35.9722
24.39000 1224 34.9857
24.39250 1242 35.242
24.39500 1147 33.8674
24.39750 1150 33.9116
24.40000 1154 33.9706
24.40250 1077 32.8177
24.40500 1063 32.6037
24.40750 1082 32.8938
24.41000 1080 32.8634
24.41250 1068 32.6803
24.41500 1062 32.5883
24.41750 1035 32.1714
24.42000 1019 31.9218
24.42250 994 31.5278
24.42500 965 31.0644
24.42750 978 31.273
24.43000 1022 31.9687
24.43250 999 31.607
24.43500 963 31.0322
24.43750 985 31.3847
24.44000 1008 31.749
24.44250 1009 31.7648
24.44500 1012 31.8119
24.44750 986 31.4006
24.45000 1024 32
24.45250 1019 31.9218
24.45500 976 31.241
24.45750 959 30.9677
24.46000 1070 32.7109
24.46250 1021 31.9531
24.46500 954 30.8869
24.46750 927 30.4467
24.47000 945 30.7409
24.47250 936 30.5941
24.47500 932 30.5287
24.47750 896 29.9333
24.48000 965 31.0644
24.48250 955 30.9031
24.48500 948 30.7896
24.48750 950 30.8221
24.49000 950 30.8221
24.49250 950 30.8221
24.49500 931 30.5123
24.49750 935 30.5778
24.50000 949 30.8058
24.50250 927 30.4467
24.50500 910 30.1662
24.50750 890 29.8329
24.51000 875 29.5804
24.51250 862 29.3598
24.51500 879 29.6479
24.51750 922 30.3645
24.52000 908 30.133
24.52250 913 30.2159
24.52500 851 29.1719
24.52750 884 29.7321
24.53000 874 29.5635
24.53250 844 29.0517
24.53500 849 29.1376
24.53750 987 31.4166
24.54000 905 30.0832
24.54250 903 30.05
24.54500 935 30.5778
24.54750 911 30.1828
24.55000 890 29.8329
24.55250 889 29.8161
24.55500 909 30.1496
24.55750 905 30.0832
24.56000 900 30
24.56250 900 30
24.56500 903 30.05
24.56750 959 30.9677
24.57000 1020 31.9374
24.57250 897 29.95
24.57500 994 31.5278
24.57750 994 31.5278
24.58000 918 30.2985
24.58250 900 30
24.58500 941 30.6757
24.58750 940 30.6594
24.59000 935 30.5778
24.59250 906 30.0998
24.59500 923 30.3809
24.59750 945 30.7409
24.60000 909 30.1496
24.60250 837 28.931
24.60500 857 29.2746
24.60750 901 30.0167
24.61000 887 29.7825
24.61250 892 29.8664
24.61500 930 30.4959
24.61750 915 30.249
24.62000 919 30.315
24.62250 926 30.4302
24.62500 992 31.496
24.62750 898 29.9666
24.63000 884 29.7321
24.63250 927 30.4467
24.63500 986 31.4006
24.63750 924 30.3974
24.64000 950 30.8221
24.64250 1006 31.7175
24.64500 987 31.4166
24.64750 952 30.8545
24.65000 983 31.3528
24.65250 1017 31.8904
24.65500 1049 32.3883
24.65750 1026 32.0312
24.66000 1029 32.078
24.66250 1083 32.909
24.66500 1084 32.9242
24.66750 1062 32.5883
24.67000 1097 33.121
24.67250 1160 34.0588
24.67500 1103 33.2114
24.67750 1100 33.1662
24.68000 1115 33.3916
24.68250 1141 33.7787
24.68500 1177 34.3074
24.68750 1201 34.6554
24.69000 1151 33.9264
24.69250 1227 35.0286
24.69500 1285 35.8469
24.69750 1255 35.426
24.70000 1221 34.9428
24.70250 1253 35.3977
24.70500 1292 35.9444
24.70750 1362 36.9053
24.71000 1377 37.108
24.71250 1400 37.4166
24.71500 1454 38.1314
24.71750 1441 37.9605
24.72000 1402 37.4433
24.72250 1312 36.2215
24.72500 1394 37.3363
24.72750 1436 37.8946
24.73000 1461 38.223
24.73250 1472 38.3667
24.73500 1391 37.2961
24.73750 1429 37.8021
24.74000 1447 38.0395
24.74250 1408 37.5233
24.74500 1391 37.2961
24.74750 1415 37.6165
24.75000 1447 38.0395
24.75250 1411 37.5633
24.75500 1438 37.921
24.75750 1457 38.1707
24.76000 1510 38.8587
24.76250 1462 38.2361
24.76500 1473 38.3797
24.76750 1418 37.6563
24.77000 1416 37.6298
24.77250 1389 37.2693
24.77500 1319 36.318
24.77750 1322 36.3593
24.78000 1277 35.7351
24.78250 1292 35.9444
24.78500 1274 35.6931
24.78750 1209 34.7707
24.79000 1139 33.7491
24.79250 1141 33.7787
24.79500 1092 33.0454
24.79750 1107 33.2716
24.80000 1148 33.8821
24.80250 1103 33.2114
24.80500 1030 32.0936
24.80750 1002 31.6544
24.81000 1051 32.4191
24.81250 1077 32.8177
24.81500 960 30.9839
24.81750 1004 31.686
24.82000 1011 31.7962
24.82250 1001 31.6386
24.82500 1052 32.4345
24.82750 1012 31.8119
24.83000 981 31.3209
24.83250 1000 31.6228
24.83500 984 31.3688
24.83750 1020 31.9374
24.84000 970 31.1448
24.84250 965 31.0644
24.84500 950 30.8221
24.84750 960 30.9839
24.85000 946 30.7571
24.85250 922 30.3645
24.85500 930 30.4959
24.85750 1006 31.7175
24.86000 1033 32.1403
24.86250 969 31.1288
24.86500 992 31.496
24.86750 949 30.8058
24.87000 1008 31.749
24.87250 1005 31.7017
24.87500 1040 32.249
24.87750 1015 31.8591
24.88000 1005 31.7017
24.88250 972 31.1769
24.88500 1023 31.9844
24.88750 1029 32.078
24.89000 1020 31.9374
24.89250 1009 31.7648
24.89500 1008 31.749
24.89750 1044 32.311
24.90000 1058 32.5269
24.90250 1067 32.665
24.90500 1128 33.5857
24.90750 1136 33.7046
24.91000 1112 33.3467
24.91250 1127 33.5708
24.91500 1237 35.171
24.91750 1209 34.7707
24.92000 1215 34.8569
24.92250 1190 34.4964
24.92500 1231 35.0856
24.92750 1180 34.3511
24.93000 1095 33.0908
24.93250 1195 34.5688
24.93500 1161 34.0735
24.93750 1181 34.3657
24.94000 1125 33.541
24.94250 1099 33.1512
24.94500 1136 33.7046
24.94750 1174 34.2637
24.95000 1120 33.4664
24.95250 1079 32.8481
24.95500 1080 32.8634
24.95750 1061 32.573
24.96000 1129 33.6006
24.96250 1186 34.4384
24.96500 1172 34.2345
24.96750 1212 34.8138
24.97000 1184 34.4093
24.97250 1215 34.8569
24.97500 1180 34.3511
24.97750 1159 34.0441
24.98000 1181 34.3657
24.98250 1175 34.2783
24.98500 1205 34.7131
24.98750 1239 35.1994
24.99000 1234 35.1283
24.99250 1233 35.1141
24.99500 1223 34.9714
24.99750 1230 35.0714
25.00000 1198 34.6121
25.00250 1233 35.1141
25.00500 1283 35.819
25.00750 1184 34.4093
25.01000 1187 34.4529
25.01250 1138 33.7343
25.01500 1170 34.2053
25.01750 1153 33.9559
25.02000 1142 33.7935
25.02250 1097 33.121
25.02500 1131 33.6303
25.02750 1225 35
25.03000 1210 34.7851
25.03250 1210 34.7851
25.03500 1158 34.0294
25.03750 1102 33.1964
25.04000 1056 32.4962
25.04250 1084 32.9242
25.04500 1073 32.7567
25.04750 1063 32.6037
25.05000 1074 32.7719
25.05250 1071 32.7261
25.05500 1032 32.1248
25.05750 987 31.4166
25.06000 957 30.9354
25.06250 974 31.209
25.06500 971 31.1609
25.06750 1013 31.8277
25.07000 991 31.4802
25.07250 1001 31.6386
25.07500 1048 32.3728
25.07750 1027 32.0468
25.08000 1031 32.1092
25.08250 1041 32.2645
25.08500 1060 32.5576
25.08750 1055 32.4808
25.09000 1054 32.4654
25.09250 1064 32.619
25.09500 1060 32.5576
25.09750 1058 32.5269
25.10000 1084 32.9242
25.10250 1023 31.9844
25.10500 1014 31.8434
25.10750 977 31.257
25.11000 1042 32.28
25.11250 1065 32.6343
25.11500 1005 31.7017
25.11750 998 31.5911
25.12000 970 31.1448
25.12250 991 31.4802
25.12500 1002 31.6544
25.12750 1002 31.6544
25.13000 1023 31.9844
25.13250 1015 31.8591
25.13500 993 31.5119
25.13750 985 31.3847
25.14000 1010 31.7805
25.14250 1096 33.1059
25.14500 1092 33.0454
25.14750 1075 32.7872
25.15000 1079 32.8481
25.15250 1043 32.2955
25.15500 1027 32.0468
25.15750 1100 33.1662
25.16000 1095 33.0908
25.16250 1095 33.0908
25.16500 1072 32.7414
25.16750 1035 32.1714
25.17000 1176 34.2929
25.17250 1271 35.6511
25.17500 1260 35.4965
25.17750 1238 35.1852
25.18000 1284 35.8329
25.18250 1268 35.609
25.18500 1321 36.3456
25.18750 1370 37.0135
25.19000 1376 37.0945
25.19250 1451 38.092
25.19500 1428 37.7889
25.19750 1395 37.3497
25.20000 1378 37.1214
25.20250 1371 37.027
25.20500 1391 37.2961
25.20750 1360 36.8782
25.21000 1407 37.51
25.21250 1404 37.47
25.21500 1371 37.027
25.21750 1357 36.8375
25.22000 1363 36.9188
25.22250 1340 36.606
25.22500 1436 37.8946
25.22750 1385 37.2156
25.23000 1272 35.6651
25.23250 1242 35.242
25.23500 1305 36.1248
25.23750 1341 36.6197
25.24000 1335 36.5377
25.24250 1357 36.8375
25.24500 1337 36.565
25.24750 1353 36.7831
25.25000 1351 36.756
25.25250 1353 36.7831
25.25500 1352 36.7696
25.25750 1307 36.1525
25.26000 1433 37.855
25.26250 1450 38.0789
25.26500 1420 37.6829
25.26750 1473 38.3797
25.27000 1591 39.8873
25.27250 1627 40.3361
25.27500 1632 40.398
25.27750 1638 40.4722
25.28000 1780 42.19
25.28250 1879 43.3474
25.28500 1938 44.0227
25.28750 1984 44.5421
25.29000 1910 43.7035
25.29250 1936 44
25.29500 1935 43.9886
25.29750 1932 43.9545
25.30000 1993 44.643
25.30250 2016 44.8999
25.30500 1999 44.7102
25.30750 1948 44.1362
25.31000 1860 43.1277
25.31250 1757 41.9166
25.31500 1693 41.1461
25.31750 1604 40.05
25.32000 1470 38.3406
25.32250 1451 38.092
25.32500 1364 36.9324
25.32750 1314 36.2491
25.33000 1230 35.0714
25.33250 1284 35.8329
25.33500 1194 34.5543
25.33750 1141 33.7787
25.34000 1208 34.7563
25.34250 1187 34.4529
25.34500 1102 33.1964
25.34750 1083 32.909
25.35000 1054 32.4654
25.35250 1022 31.9687
25.35500 1066 32.6497
25.35750 1037 32.2025
25.36000 1011 31.7962
25.36250 1021 31.9531
25.36500 940 30.6594
25.36750 966 31.0805
25.37000 916 30.2655
25.37250 933 30.545
25.37500 944 30.7246
25.37750 912 30.1993
25.38000 935 30.5778
25.38250 963 31.0322
25.38500 937 30.6105
25.38750 904 30.0666
25.39000 908 30.133
25.39250 933 30.545
25.39500 918 30.2985
25.39750 885 29.7489
25.40000 858 29.2916
25.40250 831 28.8271
25.40500 901 30.0167
25.40750 903 30.05
25.41000 921 30.348
25.41250 895 29.9166
25.41500 922 30.3645
25.41750 899 29.9833
25.42000 895 29.9166
25.42250 922 30.3645
25.42500 938 30.6268
25.42750 990 31.4643
25.43000 906 30.0998
25.43250 984 31.3688
25.43500 946 30.7571
25.43750 954 30.8869
25.44000 940 30.6594
25.44250 916 30.2655
25.44500 923 30.3809
25.44750 873 29.5466
25.45000 895 29.9166
25.45250 1001 31.6386
25.45500 927 30.4467
25.45750 960 30.9839
25.46000 973 31.1929
25.46250 980 31.305
25.46500 988 31.4325
25.46750 922 30.3645
25.47000 995 31.5436
25.47250 936 30.5941
25.47500 908 30.133
25.47750 945 30.7409
25.48000 920 30.3315
25.48250 918 30.2985
25.48500 906 30.0998
25.48750 890 29.8329
25.49000 888 29.7993
25.49250 921 30.348
25.49500 912 30.1993
25.49750 856 29.2575
25.50000 833 28.8617
25.50250 906 30.0998
25.50500 872 29.5296
25.50750 873 29.5466
25.51000 936 30.5941
25.51250 904 30.0666
25.51500 871 29.5127
25.51750 944 30.7246
25.52000 882 29.6985
25.52250 931 30.5123
25.52500 980 31.305
25.52750 956 30.9192
25.53000 944 30.7246
25.53250 1034 32.1559
25.53500 912 30.1993
25.53750 960 30.9839
25.54000 943 30.7083
25.54250 991 31.4802
25.54500 978 31.273
25.54750 963 31.0322
25.55000 936 30.5941
25.55250 969 31.1288
25.55500 937 30.6105
25.55750 978 31.273
25.56000 954 30.8869
25.56250 930 30.4959
25.56500 887 29.7825
25.56750 816 28.5657
25.57000 912 30.1993
25.57250 868 29.4618
25.57500 861 29.3428
25.57750 835 28.8964
25.58000 872 29.5296
25.58250 883 29.7153
25.58500 962 31.0161
25.58750 964 31.0483
25.59000 928 30.4631
25.59250 880 29.6648
25.59500 897 29.95
25.59750 907 30.1164
25.60000 856 29.2575
25.60250 850 29.1548
25.60500 862 29.3598
25.60750 832 28.8444
25.61000 820 28.6356
25.61250 836 28.9137
25.61500 817 28.5832
25.61750 907 30.1164
25.62000 844 29.0517
25.62250 847 29.1033
25.62500 875 29.5804
25.62750 872 29.5296
25.63000 872 29.5296
25.63250 803 28.3373
25.63500 779 27.9106
25.63750 803 28.3373
25.64000 837 28.931
25.64250 816 28.5657
25.64500 832 28.8444
25.64750 809 28.4429
25.65000 825 28.7228
25.65250 832 28.8444
25.65500 866 29.4279
25.65750 875 29.5804
25.66000 879 29.6479
25.66250 842 29.0172
25.66500 885 29.7489
25.66750 853 29.2062
25.67000 860 29.3258
25.67250 829 28.7924
25.67500 855 29.2404
25.67750 865 29.4109
25.68000 874 29.5635
25.68250 869 29.4788
25.68500 863 29.3769
25.68750 850 29.1548
25.69000 864 29.3939
25.69250 899 29.9833
25.69500 870 29.4958
25.69750 900 30
25.70000 873 29.5466
25.70250 897 29.95
25.70500 909 30.1496
25.70750 870 29.4958
25.71000 869 29.4788
25.71250 873 29.5466
25.71500 930 30.4959
25.71750 862 29.3598
25.72000 922 30.3645
25.72250 956 30.9192
25.72500 1002 31.6544
25.72750 955 30.9031
25.73000 926 30.4302
25.73250 926 30.4302
25.73500 876 29.5973
25.73750 979 31.289
25.74000 955 30.9031
25.74250 961 31
25.74500 877 29.6142
25.74750 860 29.3258
25.75000 923 30.3809
25.75250 941 30.6757
25.75500 953 30.8707
25.75750 1014 31.8434
25.76000 1004 31.686
25.76250 950 30.8221
25.76500 945 30.7409
25.76750 1004 31.686
25.77000 979 31.289
25.77250 1003 31.6702
25.77500 1008 31.749
25.77750 1005 31.7017
25.78000 1029 32.078
25.78250 975 31.225
25.78500 1036 32.187
25.78750 1079 32.8481
25.79000 1089 33
25.79250 1062 32.5883
25.79500 1143 33.8083
25.79750 1100 33.1662
25.80000 1012 31.8119
25.80250 1059 32.5423
25.80500 1092 33.0454
25.80750 1092 33.0454
25.81000 1021 31.9531
25.81250 1015 31.8591
25.81500 1091 33.0303
25.81750 1081 32.8786
25.82000 963 31.0322
25.82250 934 30.5614
25.82500 922 30.3645
25.82750 902 30.0333
25.83000 930 30.4959
25.83250 943 30.7083
25.83500 936 30.5941
25.83750 917 30.282
25.84000 945 30.7409
25.84250 923 30.3809
25.84500 885 29.7489
25.84750 920 30.3315
25.85000 878 29.6311
25.85250 898 29.9666
25.85500 961 31
25.85750 988 31.4325
25.86000 947 30.7734
25.86250 966 31.0805
25.86500 976 31.241
25.86750 987 31.4166
25.87000 1022 31.9687
25.87250 1042 32.28
25.87500 1023 31.9844
25.87750 984 31.3688
25.88000 981 31.3209
25.88250 1027 32.0468
25.88500 1073 32.7567
25.88750 1069 32.6956
25.89000 1126 33.5559
25.89250 1191 34.5109
25.89500 1215 34.8569
25.89750 1214 34.8425
25.90000 1244 35.2704
25.90250 1259 35.4824
25.90500 1243 35.2562
25.90750 1257 35.4542
25.91000 1339 36.5923
25.91250 1314 36.2491
25.91500 1355 36.8103
25.91750 1325 36.4005
25.92000 1282 35.805
25.92250 1246 35.2987
25.92500 1077 32.8177
25.92750 1107 33.2716
25.93000 1168 34.176
25.93250 1077 32.8177
25.93500 1057 32.5115
25.93750 1023 31.9844
25.94000 1012 31.8119
25.94250 973 31.1929
25.94500 956 30.9192
25.94750 935 30.5778
25.95000 899 29.9833
25.95250 934 30.5614
25.95500 907 30.1164
25.95750 942 30.692
25.96000 923 30.3809
25.96250 886 29.7658
25.96500 881 29.6816
25.96750 905 30.0832
25.97000 866 29.4279
25.97250 865 29.4109
25.97500 854 29.2233
25.97750 854 29.2233
25.98000 841 29
25.98250 837 28.931
25.98500 825 28.7228
25.98750 852 29.189
25.99000 868 29.4618
25.99250 858 29.2916
25.99500 827 28.7576
25.99750 832 28.8444
26.00000 880 29.6648
26.00250 894 29.8998
26.00500 843 29.0345
26.00750 824 28.7054
26.01000 848 29.1204
26.01250 857 29.2746
26.01500 836 28.9137
26.01750 804 28.3549
26.02000 841 29
26.02250 873 29.5466
26.02500 879 29.6479
26.02750 889 29.8161
26.03000 855 29.2404
26.03250 860 29.3258
26.03500 834 28.8791
26.03750 839 28.9655
26.04000 854 29.2233
26.04250 840 28.9828
26.04500 869 29.4788
26.04750 868 29.4618
26.05000 823 28.688
26.05250 830 28.8097
26.05500 817 28.5832
26.05750 798 28.2489
26.06000 850 29.1548
26.06250 906 30.0998
26.06500 855 29.2404
26.06750 810 28.4605
26.07000 844 29.0517
26.07250 848 29.1204
26.07500 851 29.1719
26.07750 908 30.133
26.08000 842 29.0172
26.08250 897 29.95
26.08500 921 30.348
26.08750 900 30
26.09000 875 29.5804
26.09250 857 29.2746
26.09500 933 30.545
26.09750 975 31.225
26.10000 925 30.4138
26.10250 907 30.1164
26.10500 868 29.4618
26.10750 910 30.1662
26.11000 926 30.4302
26.11250 969 31.1288
26.11500 963 31.0322
26.11750 955 30.9031
26.12000 940 30.6594
26.12250 982 31.3369
26.12500 919 30.315
26.12750 931 30.5123
26.13000 963 31.0322
26.13250 952 30.8545
26.13500 952 30.8545
26.13750 949 30.8058
26.14000 888 29.7993
26.14250 921 30.348
26.14500 983 31.3528
26.14750 1007 31.7333
26.15000 938 30.6268
26.15250 900 30
26.15500 989 31.4484
26.15750 987 31.4166
26.16000 906 30.0998
26.16250 952 30.8545
26.16500 984 31.3688
26.16750 984 31.3688
26.17000 1022 31.9687
26.17250 1024 32
26.17500 1009 31.7648
26.17750 1053 32.45
26.18000 990 31.4643
26.18250 969 31.1288
26.18500 984 31.3688
26.18750 993 31.5119
26.19000 1056 32.4962
26.19250 991 31.4802
26.19500 960 30.9839
26.19750 1045 32.3265
26.20000 991 31.4802
26.20250 925 30.4138
26.20500 930 30.4959
26.20750 958 30.9516
26.21000 876 29.5973
26.21250 872 29.5296
26.21500 863 29.3769
26.21750 838 28.9482
26.22000 847 29.1033
26.22250 857 29.2746
26.22500 877 29.6142
26.22750 894 29.8998
26.23000 853 29.2062
26.23250 918 30.2985
26.23500 941 30.6757
26.23750 891 29.8496
26.24000 867 29.4449
26.24250 837 28.931
26.24500 848 29.1204
26.24750 926 30.4302
26.25000 841 29
26.25250 916 30.2655
26.25500 972 31.1769
26.25750 996 31.5595
26.26000 985 31.3847
26.26250 934 30.5614
26.26500 899 29.9833
26.26750 856 29.2575
26.27000 878 29.6311
26.27250 851 29.1719
26.27500 936 30.5941
26.27750 970 31.1448
26.28000 929 30.4795
26.28250 935 30.5778
26.28500 991 31.4802
26.28750 973 31.1929
26.29000 919 30.315
26.29250 947 30.7734
26.29500 955 30.9031
26.29750 931 30.5123
26.30000 858 29.2916
26.30250 927 30.4467
26.30500 1024 32
26.30750 1098 33.1361
26.31000 1072 32.7414
26.31250 992 31.496
26.31500 1032 32.1248
26.31750 1046 32.3419
26.32000 1011 31.7962
26.32250 1006 31.7175
26.32500 1030 32.0936
26.32750 980 31.305
26.33000 932 30.5287
26.33250 945 30.7409
26.33500 977 31.257
26.33750 946 30.7571
26.34000 911 30.1828
26.34250 909 30.1496
26.34500 974 31.209
26.34750 980 31.305
26.35000 957 30.9354
26.35250 911 30.1828
26.35500 951 30.8383
26.35750 942 30.692
26.36000 986 31.4006
26.36250 965 31.0644
26.36500 923 30.3809
26.36750 907 30.1164
26.37000 927 30.4467
26.37250 959 30.9677
26.37500 956 30.9192
26.37750 944 30.7246
26.38000 904 30.0666
26.38250 905 30.0832
26.38500 940 30.6594
26.38750 914 30.2324
26.39000 954 30.8869
26.39250 937 30.6105
26.39500 901 30.0167
26.39750 918 30.2985
26.40000 871 29.5127
26.40250 903 30.05
26.40500 944 30.7246
26.40750 849 29.1376
26.41000 854 29.2233
26.41250 833 28.8617
26.41500 862 29.3598
26.41750 893 29.8831
26.42000 865 29.4109
26.42250 896 29.9333
26.42500 861 29.3428
26.42750 831 28.8271
26.43000 867 29.4449
26.43250 880 29.6648
26.43500 919 30.315
26.43750 878 29.6311
26.44000 860 29.3258
26.44250 893 29.8831
26.44500 836 28.9137
26.44750 881 29.6816
26.45000 938 30.6268
26.45250 909 30.1496
26.45500 857 29.2746
26.45750 897 29.95
26.46000 936 30.5941
26.46250 875 29.5804
26.46500 920 30.3315
26.46750 957 30.9354
26.47000 930 30.4959
26.47250 960 30.9839
26.47500 989 31.4484
26.47750 924 30.3974
26.48000 967 31.0966
26.48250 1036 32.187
26.48500 1005 31.7017
26.48750 961 31
26.49000 992 31.496
26.49250 1121 33.4813
26.49500 997 31.5753
26.49750 1040 32.249
26.50000 1060 32.5576
26.50250 1092 33.0454
26.50500 1071 32.7261
26.50750 1076 32.8024
26.51000 1113 33.3617
26.51250 1135 33.6898
26.51500 1095 33.0908
26.51750 1110 33.3167
26.52000 1122 33.4963
26.52250 1073 32.7567
26.52500 1035 32.1714
26.52750 1076 32.8024
26.53000 1058 32.5269
26.53250 1021 31.9531
26.53500 1037 32.2025
26.53750 1072 32.7414
26.54000 1052 32.4345
26.54250 1056 32.4962
26.54500 1060 32.5576
26.54750 1114 33.3766
26.55000 1057 32.5115
26.55250 1007 31.7333
26.55500 1010 31.7805
26.55750 1014 31.8434
26.56000 1097 33.121
26.56250 1073 32.7567
26.56500 1118 33.4365
26.56750 1126 33.5559
26.57000 1120 33.4664
26.57250 1042 32.28
26.57500 1080 32.8634
26.57750 1053 32.45
26.58000 1046 32.3419
26.58250 1108 33.2866
26.58500 1099 33.1512
26.58750 1108 33.2866
26.59000 1131 33.6303
26.59250 1121 33.4813
26.59500 1100 33.1662
26.59750 1060 32.5576
26.60000 1025 32.0156
26.60250 995 31.5436
26.60500 1035 32.1714
26.60750 1081 32.8786
26.61000 1078 32.8329
26.61250 1037 32.2025
26.61500 1044 32.311
26.61750 1004 31.686
26.62000 943 30.7083
26.62250 890 29.8329
26.62500 828 28.775
26.62750 896 29.9333
26.63000 948 30.7896
26.63250 875 29.5804
26.63500 855 29.2404
26.63750 846 29.0861
26.64000 864 29.3939
26.64250 866 29.4279
26.64500 863 29.3769
26.64750 845 29.0689
26.65000 904 30.0666
26.65250 846 29.0861
26.65500 909 30.1496
26.65750 821 28.6531
26.66000 857 29.2746
26.66250 859 29.3087
26.66500 836 28.9137
26.66750 863 29.3769
26.67000 869 29.4788
26.67250 859 29.3087
26.67500 868 29.4618
26.67750 859 29.3087
26.68000 895 29.9166
26.68250 850 29.1548
26.68500 818 28.6007
26.68750 836 28.9137
26.69000 872 29.5296
26.69250 887 29.7825
26.69500 891 29.8496
26.69750 923 30.3809
26.70000 938 30.6268
26.70250 944 30.7246
26.70500 977 31.257
26.70750 890 29.8329
26.71000 899 29.9833
26.71250 923 30.3809
26.71500 922 30.3645
26.71750 927 30.4467
26.72000 931 30.5123
26.72250 908 30.133
26.72500 899 29.9833
26.72750 900 30
26.73000 887 29.7825
26.73250 877 29.6142
26.73500 865 29.4109
26.73750 918 30.2985
26.74000 919 30.315
26.74250 875 29.5804
26.74500 904 30.0666
26.74750 907 30.1164
26.75000 938 30.6268
26.75250 929 30.4795
26.75500 927 30.4467
26.75750 897 29.95
26.76000 857 29.2746
26.76250 866 29.4279
26.76500 895 29.9166
26.76750 931 30.5123
26.77000 917 30.282
26.77250 906 30.0998
26.77500 880 29.6648
26.77750 891 29.8496
26.78000 887 29.7825
26.78250 878 29.6311
26.78500 878 29.6311
26.78750 903 30.05
26.79000 875 29.5804
26.79250 830 28.8097
26.79500 898 29.9666
26.79750 852 29.189
26.80000 805 28.3725
26.80250 887 29.7825
26.80500 906 30.0998
26.80750 836 28.9137
26.81000 803 28.3373
26.81250 867 29.4449
26.81500 835 28.8964
26.81750 828 28.775
26.82000 858 29.2916
26.82250 892 29.8664
26.82500 882 29.6985
26.82750 837 28.931
26.83000 878 29.6311
26.83250 808 28.4253
26.83500 771 27.7669
26.83750 866 29.4279
26.84000 873 29.5466
26.84250 921 30.348
26.84500 942 30.692
26.84750 881 29.6816
26.85000 871 29.5127
26.85250 934 30.5614
26.85500 900 30
26.85750 843 29.0345
26.86000 846 29.0861
26.86250 855 29.2404
26.86500 886 29.7658
26.86750 916 30.2655
26.87000 900 30
26.87250 883 29.7153
26.87500 903 30.05
26.87750 967 31.0966
26.88000 971 31.1609
26.88250 865 29.4109
26.88500 857 29.2746
26.88750 889 29.8161
26.89000 833 28.8617
26.89250 874 29.5635
26.89500 832 28.8444
26.89750 868 29.4618
26.90000 897 29.95
26.90250 894 29.8998
26.90500 910 30.1662
26.90750 863 29.3769
26.91000 886 29.7658
26.91250 869 29.4788
26.91500 851 29.1719
26.91750 846 29.0861
26.92000 832 28.8444
26.92250 849 29.1376
26.92500 866 29.4279
26.92750 833 28.8617
26.93000 810 28.4605
26.93250 847 29.1033
26.93500 861 29.3428
26.93750 827 28.7576
26.94000 824 28.7054
26.94250 854 29.2233
26.94500 818 28.6007
26.94750 843 29.0345
26.95000 884 29.7321
26.95250 880 29.6648
26.95500 817 28.5832
26.95750 799 28.2666
26.96000 844 29.0517
26.96250 827 28.7576
26.96500 844 29.0517
26.96750 843 29.0345
26.97000 838 28.9482
26.97250 844 29.0517
26.97500 877 29.6142
26.97750 812 28.4956
26.98000 784 28
26.98250 805 28.3725
26.98500 790 28.1069
26.98750 822 28.6705
26.99000 833 28.8617
26.99250 885 29.7489
26.99500 841 29
26.99750 830 28.8097
27.00000 765 27.6586
27.00250 798 28.2489
27.00500 780 27.9285
27.00750 768 27.7128
27.01000 789 28.0891
27.01250 800 28.2843
27.01500 834 28.8791
27.01750 889 29.8161
27.02000 899 29.9833
27.02250 803 28.3373
27.02500 847 29.1033
27.02750 860 29.3258
27.03000 808 28.4253
27.03250 820 28.6356
27.03500 829 28.7924
27.03750 863 29.3769
27.04000 873 29.5466
27.04250 828 28.775
27.04500 825 28.7228
27.04750 859 29.3087
27.05000 844 29.0517
27.05250 852 29.189
27.05500 828 28.775
27.05750 812 28.4956
27.06000 857 29.2746
27.06250 890 29.8329
27.06500 863 29.3769
27.06750 851 29.1719
27.07000 874 29.5635
27.07250 863 29.3769
27.07500 855 29.2404
27.07750 824 28.7054
27.08000 830 28.8097
27.08250 834 28.8791
27.08500 886 29.7658
27.08750 863 29.3769
27.09000 851 29.1719
27.09250 874 29.5635
27.09500 770 27.7489
27.09750 739 27.1846
27.10000 816 28.5657
27.10250 822 28.6705
27.10500 815 28.5482
27.10750 837 28.931
27.11000 873 29.5466
27.11250 868 29.4618
27.11500 821 28.6531
27.11750 830 28.8097
27.12000 832 28.8444
27.12250 846 29.0861
27.12500 841 29
27.12750 798 28.2489
27.13000 916 30.2655
27.13250 933 30.545
27.13500 910 30.1662
27.13750 800 28.2843
27.14000 858 29.2916
27.14250 835 28.8964
27.14500 842 29.0172
27.14750 818 28.6007
27.15000 865 29.4109
27.15250 858 29.2916
27.15500 814 28.5307
27.15750 808 28.4253
27.16000 840 28.9828
27.16250 776 27.8568
27.16500 796 28.2135
27.16750 880 29.6648
27.17000 912 30.1993
27.17250 866 29.4279
27.17500 912 30.1993
27.17750 915 30.249
27.18000 815 28.5482
27.18250 857 29.2746
27.18500 930 30.4959
27.18750 897 29.95
27.19000 888 29.7993
27.19250 921 30.348
27.19500 917 30.282
27.19750 863 29.3769
27.20000 922 30.3645
27.20250 872 29.5296
27.20500 878 29.6311
27.20750 891 29.8496
27.21000 883 29.7153
27.21250 875 29.5804
27.21500 880 29.6648
27.21750 895 29.9166
27.22000 890 29.8329
27.22250 879 29.6479
27.22500 887 29.7825
27.22750 980 31.305
27.23000 904 30.0666
27.23250 881 29.6816
27.23500 890 29.8329
27.23750 856 29.2575
27.24000 907 30.1164
27.24250 929 30.4795
27.24500 854 29.2233
27.24750 857 29.2746
27.25000 879 29.6479
27.25250 855 29.2404
27.25500 874 29.5635
27.25750 928 30.4631
27.26000 916 30.2655
27.26250 914 30.2324
27.26500 884 29.7321
27.26750 902 30.0333
27.27000 948 30.7896
27.27250 946 30.7571
27.27500 983 31.3528
27.27750 931 30.5123
27.28000 961 31
27.28250 944 30.7246
27.28500 964 31.0483
27.28750 890 29.8329
27.29000 831 28.8271
27.29250 864 29.3939
27.29500 892 29.8664
27.29750 928 30.4631
27.30000 908 30.133
27.30250 838 28.9482
27.30500 851 29.1719
27.30750 923 30.3809
27.31000 997 31.5753
27.31250 1010 31.7805
27.31500 1003 31.6702
27.31750 925 30.4138
27.32000 857 29.2746
27.32250 903 30.05
27.32500 1024 32
27.32750 1103 33.2114
27.33000 1020 31.9374
27.33250 994 31.5278
27.33500 1023 31.9844
27.33750 1051 32.4191
27.34000 970 31.1448
27.34250 1011 31.7962
27.34500 1078 32.8329
27.34750 1068 32.6803
27.35000 1086 32.9545
27.35250 1107 33.2716
27.35500 1081 32.8786
27.35750 1075 32.7872
27.36000 1009 31.7648
27.36250 997 31.5753
27.36500 971 31.1609
27.36750 1018 31.9061
27.37000 958 30.9516
27.37250 937 30.6105
27.37500 1026 32.0312
27.37750 938 30.6268
27.38000 955 30.9031
27.38250 942 30.692
27.38500 982 31.3369
27.38750 928 30.4631
27.39000 936 30.5941
27.39250 867 29.4449
27.39500 848 29.1204
27.39750 843 29.0345
27.40000 886 29.7658
27.40250 897 29.95
27.40500 846 29.0861
27.40750 836 28.9137
27.41000 837 28.931
27.41250 832 28.8444
27.41500 797 28.2312
27.41750 849 29.1376
27.42000 861 29.3428
27.42250 855 29.2404
27.42500 795 28.1957
27.42750 773 27.8029
27.43000 865 29.4109
27.43250 832 28.8444
27.43500 826 28.7402
27.43750 852 29.189
27.44000 832 28.8444
27.44250 843 29.0345
27.44500 827 28.7576
27.44750 837 28.931
27.45000 820 28.6356
27.45250 798 28.2489
27.45500 881 29.6816
27.45750 889 29.8161
27.46000 797 28.2312
27.46250 779 27.9106
27.46500 843 29.0345
27.46750 879 29.6479
27.47000 917 30.282
27.47250 815 28.5482
27.47500 826 28.7402
27.47750 882 29.6985
27.48000 880 29.6648
27.48250 877 29.6142
27.48500 871 29.5127
27.48750 973 31.1929
27.49000 915 30.249
27.49250 831 28.8271
27.49500 877 29.6142
27.49750 902 30.0333
27.50000 939 30.6431
27.50250 989 31.4484
27.50500 974 31.209
27.50750 922 30.3645
27.51000 925 30.4138
27.51250 945 30.7409
27.51500 1001 31.6386
27.51750 970 31.1448
27.52000 993 31.5119
27.52250 1010 31.7805
27.52500 1002 31.6544
27.52750 947 30.7734
27.53000 956 30.9192
27.53250 857 29.2746
27.53500 839 28.9655
27.53750 847 29.1033
27.54000 852 29.189
27.54250 813 28.5132
27.54500 868 29.4618
27.54750 867 29.4449
27.55000 867 29.4449
27.55250 861 29.3428
27.55500 863 29.3769
27.55750 858 29.2916
27.56000 822 28.6705
27.56250 751 27.4044
27.56500 777 27.8747
27.56750 822 28.6705
27.57000 910 30.1662
27.57250 887 29.7825
27.57500 777 27.8747
27.57750 833 28.8617
27.58000 781 27.9464
27.58250 767 27.6948
27.58500 821 28.6531
27.58750 804 28.3549
27.59000 766 27.6767
27.59250 822 28.6705
27.59500 897 29.95
27.59750 858 29.2916
27.60000 813 28.5132
27.60250 826 28.7402
27.60500 843 29.0345
27.60750 831 28.8271
27.61000 857 29.2746
27.61250 811 28.4781
27.61500 854 29.2233
27.61750 810 28.4605
27.62000 800 28.2843
27.62250 805 28.3725
27.62500 766 27.6767
27.62750 798 28.2489
27.63000 849 29.1376
27.63250 892 29.8664
27.63500 827 28.7576
27.63750 821 28.6531
27.64000 828 28.775
27.64250 792 28.1425
27.64500 862 29.3598
27.64750 800 28.2843
27.65000 706 26.5707
27.65250 772 27.7849
27.65500 854 29.2233
27.65750 839 28.9655
27.66000 812 28.4956
27.66250 871 29.5127
27.66500 873 29.5466
27.66750 746 27.313
27.67000 839 28.9655
27.67250 794 28.178
27.67500 811 28.4781
27.67750 786 28.0357
27.68000 859 29.3087
27.68250 862 29.3598
27.68500 861 29.3428
27.68750 791 28.1247
27.69000 749 27.3679
27.69250 829 28.7924
27.69500 870 29.4958
27.69750 862 29.3598
27.70000 822 28.6705
27.70250 791 28.1247
27.70500 863 29.3769
27.70750 824 28.7054
27.71000 847 29.1033
27.71250 899 29.9833
27.71500 862 29.3598
27.71750 892 29.8664
27.72000 865 29.4109
27.72250 854 29.2233
27.72500 778 27.8927
27.72750 796 28.2135
27.73000 811 28.4781
27.73250 829 28.7924
27.73500 770 27.7489
27.73750 807 28.4077
27.74000 826 28.7402
27.74250 736 27.1293
27.74500 740 27.2029
27.74750 784 28
27.75000 787 28.0535
27.75250 835 28.8964
27.75500 837 28.931
27.75750 789 28.0891
27.76000 809 28.4429
27.76250 746 27.313
27.76500 752 27.4226
27.76750 674 25.9615
27.77000 811 28.4781
27.77250 718 26.7955
27.77500 819 28.6182
27.77750 854 29.2233
27.78000 767 27.6948
27.78250 780 27.9285
27.78500 787 28.0535
27.78750 799 28.2666
27.79000 762 27.6043
27.79250 808 28.4253
27.79500 836 28.9137
27.79750 846 29.0861
27.80000 866 29.4279
27.80250 890 29.8329
27.80500 894 29.8998
27.80750 797 28.2312
27.81000 799 28.2666
27.81250 830 28.8097
27.81500 918 30.2985
27.81750 838 28.9482
27.82000 918 30.2985
27.82250 902 30.0333
27.82500 914 30.2324
27.82750 909 30.1496
27.83000 902 30.0333
27.83250 933 30.545
27.83500 929 30.4795
27.83750 918 30.2985
27.84000 920 30.3315
27.84250 842 29.0172
27.84500 853 29.2062
27.84750 918 30.2985
27.85000 923 30.3809
27.85250 871 29.5127
27.85500 785 28.0179
27.85750 843 29.0345
27.86000 801 28.3019
27.86250 777 27.8747
27.86500 740 27.2029
27.86750 840 28.9828
27.87000 926 30.4302
27.87250 855 29.2404
27.87500 864 29.3939
27.87750 782 27.9643
27.88000 769 27.7308
27.88250 821 28.6531
27.88500 828 28.775
27.88750 844 29.0517
27.89000 819 28.6182
27.89250 845 29.0689
27.89500 835 28.8964
27.89750 784 28
27.90000 814 28.5307
27.90250 820 28.6356
27.90500 791 28.1247
27.90750 846 29.0861
27.91000 847 29.1033
27.91250 858 29.2916
27.91500 860 29.3258
27.91750 882 29.6985
27.92000 838 28.9482
27.92250 856 29.2575
27.92500 849 29.1376
27.92750 863 29.3769
27.93000 885 29.7489
27.93250 863 29.3769
27.93500 855 29.2404
27.93750 815 28.5482
27.94000 815 28.5482
27.94250 812 28.4956
27.94500 822 28.6705
27.94750 870 29.4958
27.95000 895 29.9166
27.95250 847 29.1033
27.95500 863 29.3769
27.95750 800 28.2843
27.96000 860 29.3258
27.96250 932 30.5287
27.96500 774 27.8209
27.96750 826 28.7402
27.97000 887 29.7825
27.97250 886 29.7658
27.97500 938 30.6268
27.97750 882 29.6985
27.98000 874 29.5635
27.98250 864 29.3939
27.98500 893 29.8831
27.98750 877 29.6142
27.99000 845 29.0689
27.99250 864 29.3939
27.99500 834 28.8791
27.99750 839 28.9655
28.00000 945 30.7409
28.00250 915 30.249
28.00500 923 30.3809
28.00750 923 30.3809
28.01000 889 29.8161
28.01250 907 30.1164
28.01500 914 30.2324
28.01750 904 30.0666
28.02000 822 28.6705
28.02250 827 28.7576
28.02500 871 29.5127
28.02750 875 29.5804
28.03000 887 29.7825
28.03250 943 30.7083
28.03500 934 30.5614
28.03750 908 30.133
28.04000 855 29.2404
28.04250 767 27.6948
28.04500 772 27.7849
28.04750 872 29.5296
28.05000 906 30.0998
28.05250 917 30.282
28.05500 1009 31.7648
28.05750 862 29.3598
28.06000 832 28.8444
28.06250 843 29.0345
28.06500 841 29
28.06750 846 29.0861
28.07000 882 29.6985
28.07250 879 29.6479
28.07500 866 29.4279
28.07750 886 29.7658
28.08000 882 29.6985
28.08250 862 29.3598
28.08500 881 29.6816
28.08750 894 29.8998
28.09000 931 30.5123
28.09250 927 30.4467
28.09500 916 30.2655
28.09750 897 29.95
28.10000 860 29.3258
28.10250 894 29.8998
28.10500 862 29.3598
28.10750 894 29.8998
28.11000 917 30.282
28.11250 911 30.1828
28.11500 876 29.5973
28.11750 796 28.2135
28.12000 843 29.0345
28.12250 938 30.6268
28.12500 961 31
28.12750 896 29.9333
28.13000 835 28.8964
28.13250 877 29.6142
28.13500 885 29.7489
28.13750 919 30.315
28.14000 925 30.4138
28.14250 847 29.1033
28.14500 904 30.0666
28.14750 904 30.0666
28.15000 990 31.4643
28.15250 981 31.3209
28.15500 993 31.5119
28.15750 1054 32.4654
28.16000 898 29.9666
28.16250 854 29.2233
28.16500 977 31.257
28.16750 1026 32.0312
28.17000 1073 32.7567
28.17250 1040 32.249
28.17500 1046 32.3419
28.17750 1064 32.619
28.18000 1054 32.4654
28.18250 1047 32.3574
28.18500 1048 32.3728
28.18750 1069 32.6956
28.19000 1083 32.909
28.19250 1070 32.7109
28.19500 1081 32.8786
28.19750 1008 31.749
28.20000 1054 32.4654
28.20250 1040 32.249
28.20500 1082 32.8938
28.20750 1076 32.8024
28.21000 1044 32.311
28.21250 1040 32.249
28.21500 966 31.0805
28.21750 973 31.1929
28.22000 971 31.1609
28.22250 1018 31.9061
28.22500 1076 32.8024
28.22750 990 31.4643
28.23000 943 30.7083
28.23250 1006 31.7175
28.23500 1081 32.8786
28.23750 981 31.3209
28.24000 955 30.9031
28.24250 1013 31.8277
28.24500 1029 32.078
28.24750 1094 33.0757
28.25000 1115 33.3916
28.25250 1091 33.0303
28.25500 1125 33.541
28.25750 1057 32.5115
28.26000 1031 32.1092
28.26250 1132 33.6452
28.26500 1128 33.5857
28.26750 1112 33.3467
28.27000 1157 34.0147
28.27250 1175 34.2783
28.27500 1130 33.6155
28.27750 1084 32.9242
28.28000 1094 33.0757
28.28250 1166 34.1467
28.28500 1047 32.3574
28.28750 1047 32.3574
28.29000 964 31.0483
28.29250 919 30.315
28.29500 907 30.1164
28.29750 999 31.607
28.30000 1038 32.218
28.30250 908 30.133
28.30500 896 29.9333
28.30750 870 29.4958
28.31000 915 30.249
28.31250 934 30.5614
28.31500 863 29.3769
28.31750 832 28.8444
28.32000 899 29.9833
28.32250 855 29.2404
28.32500 860 29.3258
28.32750 896 29.9333
28.33000 922 30.3645
28.33250 880 29.6648
28.33500 904 30.0666
28.33750 907 30.1164
28.34000 860 29.3258
28.34250 800 28.2843
28.34500 823 28.688
28.34750 887 29.7825
28.35000 873 29.5466
28.35250 895 29.9166
28.35500 898 29.9666
28.35750 906 30.0998
28.36000 928 30.4631
28.36250 880 29.6648
28.36500 829 28.7924
28.36750 793 28.1603
28.37000 856 29.2575
28.37250 877 29.6142
28.37500 886 29.7658
28.37750 907 30.1164
28.38000 884 29.7321
28.38250 912 30.1993
28.38500 953 30.8707
28.38750 927 30.4467
28.39000 988 31.4325
28.39250 860 29.3258
28.39500 895 29.9166
28.39750 805 28.3725
28.40000 859 29.3087
28.40250 919 30.315
28.40500 981 31.3209
28.40750 1063 32.6037
28.41000 865 29.4109
28.41250 996 31.5595
28.41500 1075 32.7872
28.41750 1004 31.686
28.42000 911 30.1828
28.42250 1030 32.0936
28.42500 1071 32.7261
28.42750 940 30.6594
28.43000 986 31.4006
28.43250 1035 32.1714
28.43500 1014 31.8434
28.43750 1017 31.8904
28.44000 1099 33.1512
28.44250 1095 33.0908
28.44500 1094 33.0757
28.44750 883 29.7153
28.45000 821 28.6531
28.45250 923 30.3809
28.45500 989 31.4484
28.45750 1007 31.7333
28.46000 963 31.0322
28.46250 970 31.1448
28.46500 928 30.4631
28.46750 970 31.1448
28.47000 1044 32.311
28.47250 1031 32.1092
28.47500 985 31.3847
28.47750 956 30.9192
28.48000 1025 32.0156
28.48250 1070 32.7109
28.48500 1029 32.078
28.48750 1011 31.7962
28.49000 898 29.9666
28.49250 1094 33.0757
28.49500 1068 32.6803
28.49750 960 30.9839
28.50000 929 30.4795
28.50250 1034 32.1559
28.50500 1040 32.249
28.50750 1006 31.7175
28.51000 1104 33.2265
28.51250 1075 32.7872
28.51500 1089 33
28.51750 1226 35.0143
28.52000 1285 35.8469
28.52250 1200 34.641
28.52500 1091 33.0303
28.52750 1064 32.619
28.53000 1111 33.3317
28.53250 1019 31.9218
28.53500 971 31.1609
28.53750 1004 31.686
28.54000 1136 33.7046
28.54250 978 31.273
28.54500 1013 31.8277
28.54750 1135 33.6898
28.55000 1108 33.2866
28.55250 1071 32.7261
28.55500 1135 33.6898
28.55750 1098 33.1361
28.56000 1264 35.5528
28.56250 1126 33.5559
28.56500 1062 32.5883
28.56750 1102 33.1964
28.57000 1126 33.5559
28.57250 1112 33.3467
28.57500 1094 33.0757
28.57750 1052 32.4345
28.58000 948 30.7896
28.58250 988 31.4325
28.58500 1057 32.5115
28.58750 1038 32.218
28.59000 1031 32.1092
28.59250 1106 33.2566
28.59500 1059 32.5423
28.59750 948 30.7896
28.60000 1023 31.9844
28.60250 1101 33.1813
28.60500 1083 32.909
28.60750 1057 32.5115
28.61000 1100 33.1662
28.61250 1077 32.8177
28.61500 1067 32.665
28.61750 1170 34.2053
28.62000 1210 34.7851
28.62250 1200 34.641
28.62500 1264 35.5528
28.62750 1172 34.2345
28.63000 1101 33.1813
28.63250 1238 35.1852
28.63500 1329 36.4555
28.63750 1214 34.8425
28.64000 1160 34.0588
28.64250 1026 32.0312
28.64500 1187 34.4529
28.64750 1236 35.1568
28.65000 1157 34.0147
28.65250 1094 33.0757
28.65500 1120 33.4664
28.65750 965 31.0644
28.66000 1043 32.2955
28.66250 1111 33.3317
28.66500 1002 31.6544
28.66750 925 30.4138
28.67000 1033 32.1403
28.67250 1025 32.0156
28.67500 956 30.9192
28.67750 924 30.3974
28.68000 882 29.6985
28.68250 848 29.1204
28.68500 823 28.688
28.68750 849 29.1376
28.69000 934 30.5614
28.69250 976 31.241
28.69500 895 29.9166
28.69750 939 30.6431
28.70000 873 29.5466
28.70250 839 28.9655
28.70500 977 31.257
28.70750 1105 33.2415
28.71000 913 30.2159
28.71250 869 29.4788
28.71500 933 30.545
28.71750 944 30.7246
28.72000 866 29.4279
28.72250 921 30.348
28.72500 1036 32.187
28.72750 1019 31.9218
28.73000 938 30.6268
28.73250 893 29.8831
28.73500 972 31.1769
28.73750 927 30.4467
28.74000 904 30.0666
28.74250 900 30
28.74500 935 30.5778
28.74750 989 31.4484
28.75000 968 31.1127
28.75250 955 30.9031
28.75500 924 30.3974
28.75750 883 29.7153
28.76000 909 30.1496
28.76250 928 30.4631
28.76500 1030 32.0936
28.76750 1012 31.8119
28.77000 1026 32.0312
28.77250 1033 32.1403
28.77500 999 31.607
28.77750 1013 31.8277
28.78000 1000 31.6228
28.78250 997 31.5753
28.78500 1089 33
28.78750 979 31.289
28.79000 995 31.5436
28.79250 986 31.4006
28.79500 986 31.4006
28.79750 1014 31.8434
28.80000 1055 32.4808
28.80250 1142 33.7935
28.80500 1155 33.9853
28.80750 1036 32.187
28.81000 941 30.6757
28.81250 1019 31.9218
28.81500 1031 32.1092
28.81750 908 30.133
28.82000 911 30.1828
28.82250 1005 31.7017
28.82500 1042 32.28
28.82750 974 31.209
28.83000 921 30.348
28.83250 921 30.348
28.83500 1023 31.9844
28.83750 968 31.1127
28.84000 967 31.0966
28.84250 976 31.241
28.84500 950 30.8221
28.84750 931 30.5123
28.85000 873 29.5466
28.85250 929 30.4795
28.85500 836 28.9137
28.85750 887 29.7825
28.86000 955 30.9031
28.86250 985 31.3847
28.86500 932 30.5287
28.86750 935 30.5778
28.87000 912 30.1993
28.87250 910 30.1662
28.87500 944 30.7246
28.87750 932 30.5287
28.88000 986 31.4006
28.88250 1025 32.0156
28.88500 993 31.5119
28.88750 1016 31.8748
28.89000 1025 32.0156
28.89250 1061 32.573
28.89500 1079 32.8481
28.89750 1096 33.1059
28.90000 1141 33.7787
28.90250 1066 32.6497
28.90500 958 30.9516
28.90750 1068 32.6803
28.91000 1070 32.7109
28.91250 1078 32.8329
28.91500 1133 33.6601
28.91750 1028 32.0624
28.92000 1061 32.573
28.92250 1074 32.7719
28.92500 966 31.0805
28.92750 1096 33.1059
28.93000 1233 35.1141
28.93250 1021 31.9531
28.93500 1100 33.1662
28.93750 1041 32.2645
28.94000 992 31.496
28.94250 1079 32.8481
28.94500 1039 32.2335
28.94750 1009 31.7648
28.95000 1050 32.4037
28.95250 1112 33.3467
28.95500 1106 33.2566
28.95750 1054 32.4654
28.96000 1057 32.5115
28.96250 1080 32.8634
28.96500 1152 33.9411
28.96750 1122 33.4963
28.97000 1069 32.6956
28.97250 1132 33.6452
28.97500 1085 32.9393
28.97750 947 30.7734
28.98000 886 29.7658
28.98250 1099 33.1512
28.98500 1124 33.5261
28.98750 1122 33.4963
28.99000 1147 33.8674
28.99250 910 30.1662
28.99500 1084 32.9242
28.99750 1051 32.4191
29.00000 1039 32.2335
29.00250 1115 33.3916
29.00500 1109 33.3017
29.00750 1078 32.8329
29.01000 1004 31.686
29.01250 989 31.4484
29.01500 994 31.5278
29.01750 959 30.9677
29.02000 1036 32.187
29.02250 1065 32.6343
29.02500 1055 32.4808
29.02750 1081 32.8786
29.03000 1075 32.7872
29.03250 1058 32.5269
29.03500 966 31.0805
29.03750 939 30.6431
29.04000 983 31.3528
29.04250 1013 31.8277
29.04500 1038 32.218
29.04750 1027 32.0468
29.05000 971 31.1609
29.05250 923 30.3809
29.05500 951 30.8383
29.05750 1039 32.2335
29.06000 1062 32.5883
29.06250 1177 34.3074
29.06500 1118 33.4365
29.06750 971 31.1609
29.07000 1041 32.2645
29.07250 1048 32.3728
29.07500 998 31.5911
29.07750 1010 31.7805
29.08000 868 29.4618
29.08250 973 31.1929
29.08500 1058 32.5269
29.08750 1001 31.6386
29.09000 951 30.8383
29.09250 977 31.257
29.09500 1045 32.3265
29.09750 1142 33.7935
29.10000 1136 33.7046
29.10250 1208 34.7563
29.10500 1127 33.5708
29.10750 903 30.05
29.11000 936 30.5941
29.11250 1133 33.6601
29.11500 1072 32.7414
29.11750 912 30.1993
29.12000 877 29.6142
29.12250 985 31.3847
29.12500 1009 31.7648
29.12750 949 30.8058
29.13000 849 29.1376
29.13250 912 30.1993
29.13500 1016 31.8748
29.13750 992 31.496
29.14000 970 31.1448
29.14250 906 30.0998
29.14500 1051 32.4191
29.14750 1011 31.7962
29.15000 942 30.692
29.15250 895 29.9166
29.15500 905 30.0832
29.15750 928 30.4631
29.16000 863 29.3769
29.16250 835 28.8964
29.16500 849 29.1376
29.16750 902 30.0333
29.17000 961 31
29.17250 1030 32.0936
29.17500 1074 32.7719
29.17750 971 31.1609
29.18000 982 31.3369
29.18250 913 30.2159
29.18500 900 30
29.18750 947 30.7734
29.19000 1046 32.3419
29.19250 1081 32.8786
29.19500 1002 31.6544
29.19750 1029 32.078
29.20000 989 31.4484
29.20250 1032 32.1248
29.20500 1094 33.0757
29.20750 1094 33.0757
29.21000 1063 32.6037
29.21250 1046 32.3419
29.21500 1091 33.0303
29.21750 1081 32.8786
29.22000 991 31.4802
29.22250 1060 32.5576
29.22500 1137 33.7194
29.22750 1060 32.5576
29.23000 1042 32.28
29.23250 984 31.3688
29.23500 891 29.8496
29.23750 1014 31.8434
29.24000 1086 32.9545
29.24250 1000 31.6228
29.24500 1035 32.1714
29.24750 1019 31.9218
29.25000 983 31.3528
29.25250 963 31.0322
29.25500 921 30.348
29.25750 979 31.289
29.26000 939 30.6431
29.26250 886 29.7658
29.26500 921 30.348
29.26750 873 29.5466
29.27000 892 29.8664
29.27250 936 30.5941
29.27500 990 31.4643
29.27750 1008 31.749
29.28000 862 29.3598
29.28250 979 31.289
29.28500 1005 31.7017
29.28750 990 31.4643
29.29000 947 30.7734
29.29250 1011 31.7962
29.29500 1034 32.1559
29.29750 1026 32.0312
29.30000 926 30.4302
29.30250 852 29.189
29.30500 1065 32.6343
29.30750 1024 32
29.31000 967 31.0966
29.31250 1057 32.5115
29.31500 1045 32.3265
29.31750 1044 32.311
29.32000 1081 32.8786
29.32250 1133 33.6601
29.32500 1023 31.9844
29.32750 930 30.4959
29.33000 936 30.5941
29.33250 983 31.3528
29.33500 922 30.3645
29.33750 953 30.8707
29.34000 1035 32.1714
29.34250 963 31.0322
29.34500 880 29.6648
29.34750 867 29.4449
29.35000 887 29.7825
29.35250 944 30.7246
29.35500 974 31.209
29.35750 964 31.0483
29.36000 861 29.3428
29.36250 1007 31.7333
29.36500 893 29.8831
29.36750 859 29.3087
29.37000 847 29.1033
29.37250 933 30.545
29.37500 931 30.5123
29.37750 915 30.249
29.38000 910 30.1662
29.38250 894 29.8998
29.38500 1016 31.8748
29.38750 959 30.9677
29.39000 932 30.5287
29.39250 1004 31.686
29.39500 990 31.4643
29.39750 1022 31.9687
29.40000 999 31.607
29.40250 936 30.5941
29.40500 968 31.1127
29.40750 926 30.4302
29.41000 859 29.3087
29.41250 1050 32.4037
29.41500 992 31.496
29.41750 1033 32.1403
29.42000 918 30.2985
29.42250 921 30.348
29.42500 943 30.7083
29.42750 954 30.8869
29.43000 901 30.0167
29.43250 905 30.0832
29.43500 972 31.1769
29.43750 897 29.95
29.44000 855 29.2404
29.44250 948 30.7896
29.44500 896 29.9333
29.44750 818 28.6007
29.45000 1050 32.4037
29.45250 937 30.6105
29.45500 1005 31.7017
29.45750 1036 32.187
29.46000 954 30.8869
29.46250 947 30.7734
29.46500 1019 31.9218
29.46750 931 30.5123
29.47000 1066 32.6497
29.47250 1026 32.0312
29.47500 1123 33.5112
29.47750 989 31.4484
29.48000 895 29.9166
29.48250 927 30.4467
29.48500 1050 32.4037
29.48750 983 31.3528
29.49000 899 29.9833
