# columns: two_theta_deg intensity sigma
5.00000 9689 9.85329
5.01000 9722 9.85329
5.02000 9788 9.90148
5.03000 9775 9.90148
5.04000 9752 9.85329
5.05000 9737 9.85329
5.06000 9679 9.85329
5.07000 9696 9.85329
5.08000 9702 9.85329
5.09000 9732 9.85329
5.10000 9665 9.85329
5.11000 9675 9.85329
5.12000 9651 9.80581
5.13000 9735 9.85329
5.14000 9786 9.90148
5.15000 9731 9.85329
5.16000 9703 9.85329
5.17000 9717 9.85329
5.18000 9760 9.90148
5.19000 9964 10
5.20000 9856 9.95037
5.21000 9960 10
5.22000 9950 9.95037
5.23000 9933 9.95037
5.24000 9862 9.95037
5.25000 9840 9.90148
5.26000 9868 9.95037
5.27000 10003 10
5.28000 10010 10
5.29000 9907 9.95037
5.30000 9962 10
5.31000 9921 9.95037
5.32000 10033 10
5.33000 9993 10
5.34000 10001 10
5.35000 10016 10
5.36000 10018 10
5.37000 10002 10
5.38000 9949 9.95037
5.39000 9983 10
5.40000 10034 10
5.41000 10124 10.0504
5.42000 10091 10.0504
5.43000 10185 10.1015
5.44000 10278 10.1535
5.45000 10259 10.1535
5.46000 10235 10.1015
5.47000 10163 10.1015
5.48000 10303 10.1535
5.49000 10401 10.2062
5.50000 10373 10.2062
5.51000 10320 10.1535
5.52000 10369 10.2062
5.53000 10387 10.2062
5.54000 10433 10.2062
5.55000 10289 10.1535
5.56000 10289 10.1535
5.57000 10360 10.1535
5.58000 10396 10.2062
5.59000 10292 10.1535
5.60000 10428 10.2062
5.61000 10494 10.2598
5.62000 10481 10.2598
5.63000 10518 10.2598
5.64000 10537 10.2598
5.65000 10617 10.3142
5.66000 10589 10.3142
5.67000 10641 10.3142
5.68000 10652 10.3142
5.69000 10675 10.3142
5.70000 10672 10.3142
5.71000 10790 10.3695
5.72000 10821 10.4257
5.73000 10855 10.4257
5.74000 10834 10.4257
5.75000 10907 10.4257
5.76000 10974 10.4828
5.77000 10976 10.4828
5.78000 10906 10.4257
5.79000 10850 10.4257
5.80000 10939 10.4828
5.81000 11061 10.5409
5.82000 11085 10.5409
5.83000 11207 10.6
5.84000 11168 10.5409
5.85000 11088 10.5409
5.86000 11265 10.6
5.87000 11217 10.6
5.88000 11409 10.66
5.89000 11522 10.7211
5.90000 11597 10.7833
5.91000 11782 10.8465
5.92000 11921 10.9109
5.93000 12065 10.9764
5.94000 12280 11.1111
5.95000 12357 11.1111
5.96000 12342 11.1111
5.97000 12359 11.1111
5.98000 12378 11.1111
5.99000 12422 11.1111
6.00000 12240 11.0432
6.01000 12199 11.0432
6.02000 11947 10.9109
6.03000 11755 10.8465
6.04000 11582 10.7833
6.05000 11363 10.66
6.06000 11133 10.5409
6.07000 10898 10.4257
6.08000 10679 10.3142
6.09000 10555 10.2598
6.10000 10436 10.2062
6.11000 10310 10.1535
6.12000 10279 10.1535
6.13000 10109 10.0504
6.14000 10108 10.0504
6.15000 10120 10.0504
6.16000 10064 10.0504
6.17000 10090 10.0504
6.18000 9961 10
6.19000 9874 9.95037
6.20000 9902 9.95037
6.21000 9954 10
6.22000 9907 9.95037
6.23000 9909 9.95037
6.24000 9971 10
6.25000 9860 9.95037
6.26000 9889 9.95037
6.27000 9904 9.95037
6.28000 9757 9.90148
6.29000 9772 9.90148
6.30000 9817 9.90148
6.31000 9754 9.85329
6.32000 9826 9.90148
6.33000 9887 9.95037
6.34000 9836 9.90148
6.35000 9839 9.90148
6.36000 9806 9.90148
6.37000 9913 9.95037
6.38000 9885 9.95037
6.39000 9678 9.85329
6.40000 9730 9.85329
6.41000 9700 9.85329
6.42000 9753 9.85329
6.43000 9800 9.90148
6.44000 9883 9.95037
6.45000 9841 9.90148
6.46000 9820 9.90148
6.47000 9839 9.90148
6.48000 9815 9.90148
6.49000 9827 9.90148
6.50000 9796 9.90148
6.51000 9906 9.95037
6.52000 9897 9.95037
6.53000 9826 9.90148
6.54000 9900 9.95037
6.55000 9791 9.90148
6.56000 9901 9.95037
6.57000 9852 9.90148
6.58000 9854 9.95037
6.59000 9896 9.95037
6.60000 9922 9.95037
6.61000 9936 9.95037
6.62000 9883 9.95037
6.63000 9954 10
6.64000 9856 9.95037
6.65000 9821 9.90148
6.66000 9823 9.90148
6.67000 9949 9.95037
6.68000 9852 9.90148
6.69000 9807 9.90148
6.70000 9898 9.95037
6.71000 9882 9.95037
6.72000 9838 9.90148
6.73000 9902 9.95037
6.74000 9868 9.95037
6.75000 9916 9.95037
6.76000 9953 10
6.77000 9970 10
6.78000 9991 10
6.79000 9906 9.95037
6.80000 9939 9.95037
6.81000 10030 10
6.82000 9959 10
6.83000 9945 9.95037
6.84000 9921 9.95037
6.85000 9828 9.90148
6.86000 9859 9.95037
6.87000 9915 9.95037
6.88000 9940 9.95037
6.89000 9851 9.90148
6.90000 9895 9.95037
6.91000 9888 9.95037
6.92000 9909 9.95037
6.93000 9888 9.95037
6.94000 9954 10
6.95000 9934 9.95037
6.96000 10000 10
6.97000 9917 9.95037
6.98000 9909 9.95037
6.99000 9840 9.90148
7.00000 9871 9.95037
7.01000 9959 10
7.02000 9870 9.95037
7.03000 9909 9.95037
7.04000 10032 10
7.05000 9905 9.95037
7.06000 9849 9.90148
7.07000 9894 9.95037
7.08000 9836 9.90148
7.09000 9885 9.95037
7.10000 9944 9.95037
7.11000 9962 10
7.12000 10049 10
7.13000 10125 10.0504
7.14000 10092 10.0504
7.15000 10013 10
7.16000 9993 10
7.17000 9945 9.95037
7.18000 9903 9.95037
7.19000 9974 10
7.20000 9936 9.95037
7.21000 10033 10
7.22000 10065 10.0504
7.23000 10004 10
7.24000 10106 10.0504
7.25000 10055 10.0504
7.26000 10079 10.0504
7.27000 10017 10
7.28000 9952 10
7.29000 9972 10
7.30000 10079 10.0504
7.31000 10098 10.0504
7.32000 10000 10
7.33000 9997 10
7.34000 9874 9.95037
7.35000 9812 9.90148
7.36000 9992 10
7.37000 10032 10
7.38000 9980 10
7.39000 9946 9.95037
7.40000 10079 10.0504
7.41000 10137 10.0504
7.42000 10103 10.0504
7.43000 10072 10.0504
7.44000 9935 9.95037
7.45000 9949 9.95037
7.46000 10012 10
7.47000 10078 10.0504
7.48000 10074 10.0504
7.49000 9996 10
7.50000 9945 9.95037
7.51000 9955 10
7.52000 9989 10
7.53000 10057 10.0504
7.54000 9896 9.95037
7.55000 9996 10
7.56000 9935 9.95037
7.57000 9935 9.95037
7.58000 9882 9.95037
7.59000 9993 10
7.60000 9917 9.95037
7.61000 9929 9.95037
7.62000 9930 9.95037
7.63000 10014 10
7.64000 9994 10
7.65000 9894 9.95037
7.66000 9893 9.95037
7.67000 9947 9.95037
7.68000 9970 10
7.69000 9886 9.95037
7.70000 9889 9.95037
7.71000 9962 10
7.72000 9916 9.95037
7.73000 9908 9.95037
7.74000 9877 9.95037
7.75000 9936 9.95037
7.76000 10007 10
7.77000 9967 10
7.78000 9996 10
7.79000 10077 10.0504
7.80000 10110 10.0504
7.81000 10021 10
7.82000 10055 10.0504
7.83000 10036 10
7.84000 9992 10
7.85000 9947 9.95037
7.86000 10047 10
7.87000 9973 10
7.88000 9947 9.95037
7.89000 9976 10
7.90000 9975 10
7.91000 9978 10
7.92000 9900 9.95037
7.93000 9939 9.95037
7.94000 9860 9.95037
7.95000 9911 9.95037
7.96000 10017 10
7.97000 9914 9.95037
7.98000 10001 10
7.99000 10036 10
8.00000 10023 10
8.01000 10003 10
8.02000 9931 9.95037
8.03000 9924 9.95037
8.04000 9998 10
8.05000 9958 10
8.06000 9980 10
8.07000 9979 10
8.08000 10091 10.0504
8.09000 9957 10
8.10000 9975 10
8.11000 10079 10.0504
8.12000 10042 10
8.13000 9971 10
8.14000 10013 10
8.15000 10004 10
8.16000 9969 10
8.17000 9961 10
8.18000 9933 9.95037
8.19000 10030 10
8.20000 9984 10
8.21000 9879 9.95037
8.22000 9998 10
8.23000 10043 10
8.24000 10013 10
8.25000 10040 10
8.26000 10031 10
8.27000 9959 10
8.28000 9975 10
8.29000 10029 10
8.30000 9921 9.95037
8.31000 9973 10
8.32000 9935 9.95037
8.33000 10028 10
8.34000 9980 10
8.35000 9931 9.95037
8.36000 9955 10
8.37000 9938 9.95037
8.38000 9860 9.95037
8.39000 9999 10
8.40000 10026 10
8.41000 10002 10
8.42000 9990 10
8.43000 10028 10
8.44000 10005 10
8.45000 10038 10
8.46000 9966 10
8.47000 9933 9.95037
8.48000 9937 9.95037
8.49000 9873 9.95037
8.50000 9880 9.95037
8.51000 9869 9.95037
8.52000 9994 10
8.53000 9955 10
8.54000 9930 9.95037
8.55000 9931 9.95037
8.56000 9979 10
8.57000 9928 9.95037
8.58000 9924 9.95037
8.59000 10025 10
8.60000 10048 10
8.61000 9949 9.95037
8.62000 9947 9.95037
8.63000 9935 9.95037
8.64000 9955 10
8.65000 10020 10
8.66000 10036 10
8.67000 10093 10.0504
8.68000 9978 10
8.69000 9916 9.95037
8.70000 9866 9.95037
8.71000 9914 9.95037
8.72000 9926 9.95037
8.73000 9964 10
8.74000 9937 9.95037
8.75000 9814 9.90148
8.76000 9888 9.95037
8.77000 9921 9.95037
8.78000 9945 9.95037
8.79000 10019 10
8.80000 9916 9.95037
8.81000 9973 10
8.82000 9961 10
8.83000 9934 9.95037
8.84000 9987 10
8.85000 9991 10
8.86000 9883 9.95037
8.87000 9980 10
8.88000 9926 9.95037
8.89000 10024 10
8.90000 9973 10
8.91000 9899 9.95037
8.92000 9906 9.95037
8.93000 9974 10
8.94000 9984 10
8.95000 9958 10
8.96000 9999 10
8.97000 9951 10
8.98000 9951 10
8.99000 10037 10
9.00000 9978 10
9.01000 9981 10
9.02000 9959 10
9.03000 10021 10
9.04000 9932 9.95037
9.05000 9966 10
9.06000 9991 10
9.07000 9975 10
9.08000 9891 9.95037
9.09000 9989 10
9.10000 9989 10
9.11000 10047 10
9.12000 9861 9.95037
9.13000 9882 9.95037
9.14000 9950 9.95037
9.15000 9959 10
9.16000 9991 10
9.17000 10027 10
9.18000 9865 9.95037
9.19000 9846 9.90148
9.20000 9832 9.90148
9.21000 9911 9.95037
9.22000 10000 10
9.23000 10045 10
9.24000 9944 9.95037
9.25000 9985 10
9.26000 10056 10.0504
9.27000 9943 9.95037
9.28000 10030 10
9.29000 9992 10
9.30000 10097 10.0504
9.31000 10036 10
9.32000 10000 10
9.33000 9905 9.95037
9.34000 9950 9.95037
9.35000 10016 10
9.36000 10001 10
9.37000 9950 9.95037
9.38000 9939 9.95037
9.39000 10074 10.0504
9.40000 10097 10.0504
9.41000 10025 10
9.42000 10043 10
9.43000 10051 10.0504
9.44000 9974 10
9.45000 10029 10
9.46000 10031 10
9.47000 10065 10.0504
9.48000 10045 10
9.49000 10076 10.0504
9.50000 10098 10.0504
9.51000 10004 10
9.52000 10110 10.0504
9.53000 9983 10
9.54000 9922 9.95037
9.55000 9948 9.95037
9.56000 10036 10
9.57000 9827 9.90148
9.58000 9873 9.95037
9.59000 9938 9.95037
9.60000 9893 9.95037
9.61000 10043 10
9.62000 10097 10.0504
9.63000 9992 10
9.64000 10003 10
9.65000 10012 10
9.66000 10021 10
9.67000 9972 10
9.68000 10055 10.0504
9.69000 10044 10
9.70000 10041 10
9.71000 10108 10.0504
9.72000 10039 10
9.73000 10120 10.0504
9.74000 10075 10.0504
9.75000 10070 10.0504
9.76000 9945 9.95037
9.77000 9994 10
9.78000 9989 10
9.79000 9914 9.95037
9.80000 9966 10
9.81000 9990 10
9.82000 9978 10
9.83000 10063 10.0504
9.84000 10071 10.0504
9.85000 10032 10
9.86000 9998 10
9.87000 10056 10.0504
9.88000 9981 10
9.89000 10047 10
9.90000 10080 10.0504
9.91000 10084 10.0504
9.92000 10043 10
9.93000 10120 10.0504
9.94000 10060 10.0504
9.95000 9989 10
9.96000 10060 10.0504
9.97000 10125 10.0504
9.98000 10133 10.0504
9.99000 10001 10
10.00000 9964 10
10.01000 9971 10
10.02000 10041 10
10.03000 9975 10
10.04000 10014 10
10.05000 9984 10
10.06000 10027 10
10.07000 10018 10
10.08000 10033 10
10.09000 10078 10.0504
10.10000 9962 10
10.11000 10008 10
10.12000 9972 10
10.13000 10080 10.0504
10.14000 10099 10.0504
10.15000 9990 10
10.16000 10030 10
10.17000 10089 10.0504
10.18000 10038 10
10.19000 10169 10.1015
10.20000 10123 10.0504
10.21000 10059 10.0504
10.22000 10025 10
10.23000 10122 10.0504
10.24000 10004 10
10.25000 10095 10.0504
10.26000 10116 10.0504
10.27000 10104 10.0504
10.28000 10071 10.0504
10.29000 10154 10.1015
10.30000 10276 10.1535
10.31000 10232 10.1015
10.32000 10324 10.1535
10.33000 10393 10.2062
10.34000 10396 10.2062
10.35000 10328 10.1535
10.36000 10318 10.1535
10.37000 10365 10.2062
10.38000 10376 10.2062
10.39000 10353 10.1535
10.40000 10278 10.1535
10.41000 10301 10.1535
10.42000 10340 10.1535
10.43000 10372 10.2062
10.44000 10388 10.2062
10.45000 10353 10.1535
10.46000 10328 10.1535
10.47000 10383 10.2062
10.48000 10316 10.1535
10.49000 10410 10.2062
10.50000 10470 10.2062
10.51000 10539 10.2598
10.52000 10578 10.2598
10.53000 10776 10.3695
10.54000 10907 10.4257
10.55000 10828 10.4257
10.56000 10829 10.4257
10.57000 10918 10.4257
10.58000 11023 10.4828
10.59000 11102 10.5409
10.60000 10997 10.4828
10.61000 10974 10.4828
10.62000 11123 10.5409
10.63000 11211 10.6
10.64000 11115 10.5409
10.65000 10876 10.4257
10.66000 10765 10.3695
10.67000 10623 10.3142
10.68000 10374 10.2062
10.69000 10262 10.1535
10.70000 10216 10.1015
10.71000 10170 10.1015
10.72000 10194 10.1015
10.73000 10102 10.0504
10.74000 10055 10.0504
10.75000 10034 10
10.76000 10117 10.0504
10.77000 10019 10
10.78000 9984 10
10.79000 9965 10
10.80000 9966 10
10.81000 10058 10.0504
10.82000 9996 10
10.83000 9928 9.95037
10.84000 10041 10
10.85000 10096 10.0504
10.86000 10056 10.0504
10.87000 9957 10
10.88000 10017 10
10.89000 9966 10
10.90000 9890 9.95037
10.91000 9946 9.95037
10.92000 9896 9.95037
10.93000 9962 10
10.94000 9951 10
10.95000 10008 10
10.96000 10081 10.0504
10.97000 9994 10
10.98000 9980 10
10.99000 10009 10
11.00000 10148 10.0504
11.01000 10201 10.1015
11.02000 10243 10.1015
11.03000 10298 10.1535
11.04000 10321 10.1535
11.05000 10169 10.1015
11.06000 10130 10.0504
11.07000 10304 10.1535
11.08000 10220 10.1015
11.09000 10265 10.1535
11.10000 10252 10.1015
11.11000 10226 10.1015
11.12000 10233 10.1015
11.13000 10264 10.1535
11.14000 10317 10.1535
11.15000 10333 10.1535
11.16000 10343 10.1535
11.17000 10262 10.1535
11.18000 10315 10.1535
11.19000 10318 10.1535
11.20000 10364 10.2062
11.21000 10439 10.2062
11.22000 10472 10.2598
11.23000 10543 10.2598
11.24000 10489 10.2598
11.25000 10523 10.2598
11.26000 10519 10.2598
11.27000 10572 10.2598
11.28000 10581 10.2598
11.29000 10689 10.3142
11.30000 10640 10.3142
11.31000 10623 10.3142
11.32000 10688 10.3142
11.33000 10754 10.3695
11.34000 10735 10.3695
11.35000 10788 10.3695
11.36000 10793 10.3695
11.37000 10877 10.4257
11.38000 10828 10.4257
11.39000 10994 10.4828
11.40000 10939 10.4828
11.41000 10967 10.4828
11.42000 11071 10.5409
11.43000 11140 10.5409
11.44000 11204 10.6
11.45000 11154 10.5409
11.46000 11133 10.5409
11.47000 11271 10.6
11.48000 11349 10.66
11.49000 11444 10.7211
11.50000 11421 10.66
11.51000 11492 10.7211
11.52000 11565 10.7833
11.53000 11591 10.7833
11.54000 11624 10.7833
11.55000 11675 10.7833
11.56000 11850 10.9109
11.57000 11918 10.9109
11.58000 11884 10.9109
11.59000 12117 10.9764
11.60000 12155 11.0432
11.61000 12244 11.0432
11.62000 12327 11.1111
11.63000 12394 11.1111
11.64000 12487 11.1803
11.65000 12644 11.2509
11.66000 12738 11.2509
11.67000 12792 11.3228
11.68000 12873 11.3228
11.69000 12933 11.3961
11.70000 13141 11.4708
11.71000 13263 11.547
11.72000 13339 11.547
11.73000 13392 11.547
11.74000 13664 11.7041
11.75000 13685 11.7041
11.76000 13774 11.7041
11.77000 13900 11.7851
11.78000 14103 11.8678
11.79000 14290 11.9523
11.80000 14402 12.0386
11.81000 14559 12.0386
11.82000 15064 12.3091
11.83000 15242 12.3091
11.84000 15423 12.4035
11.85000 15656 12.5
11.86000 15849 12.5988
11.87000 16113 12.7
11.88000 16557 12.9099
11.89000 16833 13.0189
11.90000 17188 13.1306
11.91000 17502 13.2453
11.92000 17749 13.3631
11.93000 18086 13.484
11.94000 18256 13.484
11.95000 18245 13.484
11.96000 18283 13.484
11.97000 18324 13.484
11.98000 17996 13.3631
11.99000 17854 13.3631
12.00000 17531 13.2453
12.01000 17085 13.0189
12.02000 16513 12.8037
12.03000 15961 12.5988
12.04000 15536 12.5
12.05000 14786 12.1268
12.06000 14050 11.8678
12.07000 13544 11.6248
12.08000 13149 11.4708
12.09000 12647 11.2509
12.10000 12400 11.1111
12.11000 12060 10.9764
12.12000 11783 10.8465
12.13000 11529 10.7211
12.14000 11122 10.5409
12.15000 10979 10.4828
12.16000 10856 10.4257
12.17000 10643 10.3142
12.18000 10599 10.3142
12.19000 10473 10.2598
12.20000 10408 10.2062
12.21000 10267 10.1535
12.22000 10217 10.1015
12.23000 10128 10.0504
12.24000 10110 10.0504
12.25000 10024 10
12.26000 10100 10.0504
12.27000 9930 9.95037
12.28000 9983 10
12.29000 10009 10
12.30000 9957 10
12.31000 9998 10
12.32000 9960 10
12.33000 9929 9.95037
12.34000 9894 9.95037
12.35000 9810 9.90148
12.36000 9931 9.95037
12.37000 9956 10
12.38000 9855 9.95037
12.39000 9834 9.90148
12.40000 9786 9.90148
12.41000 9869 9.95037
12.42000 9950 9.95037
12.43000 9937 9.95037
12.44000 9947 9.95037
12.45000 9916 9.95037
12.46000 9947 9.95037
12.47000 9974 10
12.48000 9784 9.90148
12.49000 9954 10
12.50000 9950 9.95037
12.51000 9925 9.95037
12.52000 9917 9.95037
12.53000 9881 9.95037
12.54000 9900 9.95037
12.55000 9866 9.95037
12.56000 9910 9.95037
12.57000 9940 9.95037
12.58000 9904 9.95037
12.59000 9883 9.95037
12.60000 9847 9.90148
12.61000 9891 9.95037
12.62000 9937 9.95037
12.63000 9919 9.95037
12.64000 9799 9.90148
12.65000 9864 9.95037
12.66000 9945 9.95037
12.67000 9952 10
12.68000 9908 9.95037
12.69000 9935 9.95037
12.70000 9982 10
12.71000 10044 10
12.72000 10023 10
12.73000 10017 10
12.74000 10072 10.0504
12.75000 10046 10
12.76000 10084 10.0504
12.77000 10141 10.0504
12.78000 10153 10.1015
12.79000 10116 10.0504
12.80000 10107 10.0504
12.81000 10290 10.1535
12.82000 10237 10.1015
12.83000 10180 10.1015
12.84000 10205 10.1015
12.85000 10212 10.1015
12.86000 10222 10.1015
12.87000 10188 10.1015
12.88000 10040 10
12.89000 10051 10.0504
12.90000 10048 10
12.91000 10041 10
12.92000 9996 10
12.93000 9954 10
12.94000 9900 9.95037
12.95000 9886 9.95037
12.96000 9889 9.95037
12.97000 9856 9.95037
12.98000 9879 9.95037
12.99000 9824 9.90148
13.00000 9793 9.90148
13.01000 9840 9.90148
13.02000 9785 9.90148
13.03000 9824 9.90148
13.04000 9790 9.90148
13.05000 9689 9.85329
13.06000 9662 9.85329
13.07000 9609 9.80581
13.08000 9432 9.71286
13.09000 9384 9.66736
13.10000 9495 9.759
13.11000 9614 9.80581
13.12000 9590 9.80581
13.13000 9592 9.80581
13.14000 9593 9.80581
13.15000 9556 9.759
13.16000 9554 9.759
13.17000 9544 9.759
13.18000 9445 9.71286
13.19000 9601 9.80581
13.20000 9584 9.80581
13.21000 9641 9.80581
13.22000 9639 9.80581
13.23000 9663 9.85329
13.24000 9740 9.85329
13.25000 9606 9.80581
13.26000 9602 9.80581
13.27000 9598 9.80581
13.28000 9639 9.80581
13.29000 9548 9.759
13.30000 9499 9.759
13.31000 9537 9.759
13.32000 9619 9.80581
13.33000 9595 9.80581
13.34000 9550 9.759
13.35000 9533 9.759
13.36000 9593 9.80581
13.37000 9506 9.759
13.38000 9464 9.71286
13.39000 9599 9.80581
13.40000 9559 9.759
13.41000 9634 9.80581
13.42000 9631 9.80581
13.43000 9617 9.80581
13.44000 9621 9.80581
13.45000 9607 9.80581
13.46000 9575 9.80581
13.47000 9572 9.80581
13.48000 9666 9.85329
13.49000 9775 9.90148
13.50000 9735 9.85329
13.51000 9722 9.85329
13.52000 9687 9.85329
13.53000 9741 9.85329
13.54000 9784 9.90148
13.55000 9827 9.90148
13.56000 9804 9.90148
13.57000 9838 9.90148
13.58000 9882 9.95037
13.59000 9964 10
13.60000 9954 10
13.61000 9814 9.90148
13.62000 9895 9.95037
13.63000 9971 10
13.64000 9955 10
13.65000 9926 9.95037
13.66000 9967 10
13.67000 9894 9.95037
13.68000 9919 9.95037
13.69000 9981 10
13.70000 10033 10
13.71000 10048 10
13.72000 9987 10
13.73000 10122 10.0504
13.74000 10028 10
13.75000 10031 10
13.76000 10274 10.1535
13.77000 10263 10.1535
13.78000 10267 10.1535
13.79000 10389 10.2062
13.80000 10432 10.2062
13.81000 10549 10.2598
13.82000 10607 10.3142
13.83000 10613 10.3142
13.84000 10659 10.3142
13.85000 10548 10.2598
13.86000 10679 10.3142
13.87000 10798 10.3695
13.88000 10873 10.4257
13.89000 10843 10.4257
13.90000 10929 10.4828
13.91000 11044 10.4828
13.92000 11005 10.4828
13.93000 11022 10.4828
13.94000 10999 10.4828
13.95000 10958 10.4828
13.96000 10988 10.4828
13.97000 11007 10.4828
13.98000 11125 10.5409
13.99000 10961 10.4828
14.00000 10819 10.4257
14.01000 10739 10.3695
14.02000 10576 10.2598
14.03000 10507 10.2598
14.04000 10428 10.2062
14.05000 10415 10.2062
14.06000 10296 10.1535
14.07000 10213 10.1015
14.08000 10120 10.0504
14.09000 10097 10.0504
14.10000 9965 10
14.11000 9856 9.95037
14.12000 9782 9.90148
14.13000 9761 9.90148
14.14000 9872 9.95037
14.15000 9812 9.90148
14.16000 9677 9.85329
14.17000 9767 9.90148
14.18000 9756 9.85329
14.19000 9728 9.85329
14.20000 9691 9.85329
14.21000 9734 9.85329
14.22000 9716 9.85329
14.23000 9743 9.85329
14.24000 9738 9.85329
14.25000 9691 9.85329
14.26000 9824 9.90148
14.27000 9774 9.90148
14.28000 9683 9.85329
14.29000 9756 9.85329
14.30000 9799 9.90148
14.31000 9754 9.85329
14.32000 9721 9.85329
14.33000 9734 9.85329
14.34000 9745 9.85329
14.35000 9777 9.90148
14.36000 9763 9.90148
14.37000 9885 9.95037
14.38000 9767 9.90148
14.39000 9697 9.85329
14.40000 9882 9.95037
14.41000 9851 9.90148
14.42000 9891 9.95037
14.43000 9971 10
14.44000 9971 10
14.45000 9955 10
14.46000 10026 10
14.47000 10029 10
14.48000 9989 10
14.49000 10087 10.0504
14.50000 10149 10.0504
14.51000 10194 10.1015
14.52000 10125 10.0504
14.53000 10200 10.1015
14.54000 10095 10.0504
14.55000 10079 10.0504
14.56000 10188 10.1015
14.57000 10100 10.0504
14.58000 10216 10.1015
14.59000 10256 10.1015
14.60000 10386 10.2062
14.61000 10417 10.2062
14.62000 10344 10.1535
14.63000 10403 10.2062
14.64000 10490 10.2598
14.65000 10496 10.2598
14.66000 10512 10.2598
14.67000 10526 10.2598
14.68000 10565 10.2598
14.69000 10609 10.3142
14.70000 10787 10.3695
14.71000 10779 10.3695
14.72000 10754 10.3695
14.73000 10830 10.4257
14.74000 10918 10.4257
14.75000 11067 10.5409
14.76000 11211 10.6
14.77000 11362 10.66
14.78000 11325 10.66
14.79000 11360 10.66
14.80000 11498 10.7211
14.81000 11493 10.7211
14.82000 11597 10.7833
14.83000 11654 10.7833
14.84000 11783 10.8465
14.85000 11900 10.9109
14.86000 11915 10.9109
14.87000 12003 10.9764
14.88000 12128 11.0432
14.89000 12296 11.1111
14.90000 12476 11.1803
14.91000 12610 11.2509
14.92000 12803 11.3228
14.93000 12868 11.3228
14.94000 13124 11.4708
14.95000 13421 11.547
14.96000 13569 11.6248
14.97000 13755 11.7041
14.98000 13923 11.7851
14.99000 14255 11.9523
15.00000 14509 12.0386
15.01000 14669 12.1268
15.02000 14828 12.2169
15.03000 15109 12.3091
15.04000 15538 12.5
15.05000 15659 12.5
15.06000 15861 12.5988
15.07000 16116 12.7
15.08000 16473 12.8037
15.09000 16684 12.9099
15.10000 16810 13.0189
15.11000 17110 13.1306
15.12000 17366 13.1306
15.13000 17436 13.2453
15.14000 17436 13.2453
15.15000 17342 13.1306
15.16000 17159 13.1306
15.17000 17006 13.0189
15.18000 16730 12.9099
15.19000 16328 12.8037
15.20000 16012 12.7
15.21000 15572 12.5
15.22000 15057 12.3091
15.23000 14615 12.1268
15.24000 14111 11.8678
15.25000 13742 11.7041
15.26000 13349 11.547
15.27000 12982 11.3961
15.28000 12543 11.1803
15.29000 12147 11.0432
15.30000 11889 10.9109
15.31000 11607 10.7833
15.32000 11380 10.66
15.33000 11182 10.6
15.34000 11032 10.4828
15.35000 10864 10.4257
15.36000 10730 10.3695
15.37000 10637 10.3142
15.38000 10558 10.2598
15.39000 10281 10.1535
15.40000 10357 10.1535
15.41000 10341 10.1535
15.42000 10152 10.0504
15.43000 10164 10.1015
15.44000 10071 10.0504
15.45000 9957 10
15.46000 9847 9.90148
15.47000 9861 9.95037
15.48000 9821 9.90148
15.49000 9694 9.85329
15.50000 9733 9.85329
15.51000 9709 9.85329
15.52000 9627 9.80581
15.53000 9680 9.85329
15.54000 9605 9.80581
15.55000 9632 9.80581
15.56000 9597 9.80581
15.57000 9697 9.85329
15.58000 9643 9.80581
15.59000 9647 9.80581
15.60000 9668 9.85329
15.61000 9642 9.80581
15.62000 9688 9.85329
15.63000 9654 9.80581
15.64000 9591 9.80581
15.65000 9642 9.80581
15.66000 9653 9.80581
15.67000 9573 9.80581
15.68000 9579 9.80581
15.69000 9634 9.80581
15.70000 9586 9.80581
15.71000 9479 9.759
15.72000 9535 9.759
15.73000 9542 9.759
15.74000 9504 9.759
15.75000 9452 9.71286
15.76000 9449 9.71286
15.77000 9448 9.71286
15.78000 9512 9.759
15.79000 9514 9.759
15.80000 9499 9.759
15.81000 9575 9.80581
15.82000 9513 9.759
15.83000 9492 9.759
15.84000 9533 9.759
15.85000 9449 9.71286
15.86000 9483 9.759
15.87000 9539 9.759
15.88000 9525 9.759
15.89000 9507 9.759
15.90000 9562 9.759
15.91000 9583 9.80581
15.92000 9655 9.80581
15.93000 9563 9.759
15.94000 9692 9.85329
15.95000 9587 9.80581
15.96000 9637 9.80581
15.97000 9614 9.80581
15.98000 9685 9.85329
15.99000 9657 9.80581
16.00000 9658 9.80581
16.01000 9734 9.85329
16.02000 9707 9.85329
16.03000 9685 9.85329
16.04000 9633 9.80581
16.05000 9689 9.85329
16.06000 9668 9.85329
16.07000 9710 9.85329
16.08000 9794 9.90148
16.09000 9752 9.85329
16.10000 9643 9.80581
16.11000 9688 9.85329
16.12000 9762 9.90148
16.13000 9899 9.95037
16.14000 9936 9.95037
16.15000 9943 9.95037
16.16000 9854 9.95037
16.17000 9922 9.95037
16.18000 9923 9.95037
16.19000 9904 9.95037
16.20000 10031 10
16.21000 10021 10
16.22000 10100 10.0504
16.23000 10105 10.0504
16.24000 10097 10.0504
16.25000 10094 10.0504
16.26000 10107 10.0504
16.27000 10072 10.0504
16.28000 10045 10
16.29000 10064 10.0504
16.30000 10085 10.0504
16.31000 10037 10
16.32000 10005 10
16.33000 10100 10.0504
16.34000 10106 10.0504
16.35000 10016 10
16.36000 9970 10
16.37000 9969 10
16.38000 9898 9.95037
16.39000 9950 9.95037
16.40000 9955 10
16.41000 9867 9.95037
16.42000 9881 9.95037
16.43000 9816 9.90148
16.44000 9806 9.90148
16.45000 9855 9.95037
16.46000 9888 9.95037
16.47000 9832 9.90148
16.48000 9885 9.95037
16.49000 9832 9.90148
16.50000 9781 9.90148
16.51000 9757 9.90148
16.52000 9841 9.90148
16.53000 9751 9.85329
16.54000 9705 9.85329
16.55000 9729 9.85329
16.56000 9760 9.90148
16.57000 9747 9.85329
16.58000 9844 9.90148
16.59000 9809 9.90148
16.60000 9779 9.90148
16.61000 9853 9.95037
16.62000 9861 9.95037
16.63000 9866 9.95037
16.64000 9980 10
16.65000 9953 10
16.66000 10047 10
16.67000 10022 10
16.68000 10133 10.0504
16.69000 10070 10.0504
16.70000 10071 10.0504
16.71000 10035 10
16.72000 10091 10.0504
16.73000 10136 10.0504
16.74000 10184 10.1015
16.75000 10217 10.1015
16.76000 10235 10.1015
16.77000 10181 10.1015
16.78000 10184 10.1015
16.79000 10274 10.1535
16.80000 10307 10.1535
16.81000 10451 10.2062
16.82000 10496 10.2598
16.83000 10532 10.2598
16.84000 10586 10.3142
16.85000 10566 10.2598
16.86000 10750 10.3695
16.87000 10940 10.4828
16.88000 10874 10.4257
16.89000 10900 10.4257
16.90000 10952 10.4828
16.91000 11066 10.5409
16.92000 11009 10.4828
16.93000 10998 10.4828
16.94000 10907 10.4257
16.95000 10857 10.4257
16.96000 10856 10.4257
16.97000 10870 10.4257
16.98000 10849 10.4257
16.99000 10916 10.4257
17.00000 10928 10.4257
17.01000 10983 10.4828
17.02000 11104 10.5409
17.03000 11262 10.6
17.04000 11314 10.66
17.05000 11386 10.66
17.06000 11541 10.7211
17.07000 11589 10.7833
17.08000 11701 10.8465
17.09000 11776 10.8465
17.10000 11885 10.9109
17.11000 11979 10.9764
17.12000 12106 10.9764
17.13000 12222 11.0432
17.14000 12416 11.1111
17.15000 12428 11.1803
17.16000 12515 11.1803
17.17000 12505 11.1803
17.18000 12475 11.1803
17.19000 12389 11.1111
17.20000 12311 11.1111
17.21000 12490 11.1803
17.22000 12366 11.1111
17.23000 12173 11.0432
17.24000 12178 11.0432
17.25000 12026 10.9764
17.26000 11896 10.9109
17.27000 11652 10.7833
17.28000 11525 10.7211
17.29000 11390 10.66
17.30000 11302 10.66
17.31000 11292 10.6
17.32000 11222 10.6
17.33000 11122 10.5409
17.34000 11030 10.4828
17.35000 10903 10.4257
17.36000 10886 10.4257
17.37000 10857 10.4257
17.38000 10929 10.4828
17.39000 10892 10.4257
17.40000 10951 10.4828
17.41000 10986 10.4828
17.42000 10922 10.4257
17.43000 10939 10.4828
17.44000 10929 10.4828
17.45000 10915 10.4257
17.46000 11186 10.6
17.47000 11200 10.6
17.48000 11192 10.6
17.49000 11317 10.66
17.50000 11360 10.66
17.51000 11475 10.7211
17.52000 11510 10.7211
17.53000 11610 10.7833
17.54000 11596 10.7833
17.55000 11679 10.7833
17.56000 11691 10.7833
17.57000 11746 10.8465
17.58000 11875 10.9109
17.59000 11879 10.9109
17.60000 11869 10.9109
17.61000 11815 10.8465
17.62000 11934 10.9109
17.63000 11940 10.9109
17.64000 11960 10.9109
17.65000 11941 10.9109
17.66000 11919 10.9109
17.67000 11993 10.9764
17.68000 12024 10.9764
17.69000 12011 10.9764
17.70000 12234 11.0432
17.71000 12308 11.1111
17.72000 12452 11.1803
17.73000 12510 11.1803
17.74000 12541 11.1803
17.75000 12577 11.1803
17.76000 12795 11.3228
17.77000 12948 11.3961
17.78000 13020 11.3961
17.79000 13215 11.4708
17.80000 13231 11.4708
17.81000 13429 11.6248
17.82000 13560 11.6248
17.83000 13751 11.7041
17.84000 13864 11.7851
17.85000 13962 11.7851
17.86000 14287 11.9523
17.87000 14429 12.0386
17.88000 14651 12.1268
17.89000 14870 12.2169
17.90000 15104 12.3091
17.91000 15357 12.4035
17.92000 15630 12.5
17.93000 15872 12.5988
17.94000 16060 12.7
17.95000 16401 12.8037
17.96000 16704 12.9099
17.97000 16925 13.0189
17.98000 17289 13.1306
17.99000 17480 13.2453
18.00000 17713 13.3631
18.01000 18050 13.484
18.02000 18206 13.484
18.03000 18388 13.6083
18.04000 18629 13.6083
18.05000 18806 13.7361
18.06000 18941 13.7361
18.07000 19026 13.7361
18.08000 19027 13.7361
18.09000 19250 13.8675
18.10000 19446 14.0028
18.11000 19673 14.0028
18.12000 19723 14.0028
18.13000 19726 14.0028
18.14000 19838 14.1421
18.15000 19849 14.1421
18.16000 19939 14.1421
18.17000 20125 14.1421
18.18000 20299 14.2857
18.19000 20538 14.2857
18.20000 20881 14.4338
18.21000 21338 14.5865
18.22000 21824 14.7442
18.23000 22070 14.9071
18.24000 22647 15.0756
18.25000 23084 15.2499
18.26000 23568 15.4303
18.27000 24173 15.6174
18.28000 25109 15.8114
18.29000 25833 16.0128
18.30000 26841 16.4399
18.31000 27479 16.6667
18.32000 28307 16.9031
18.33000 29270 17.1499
18.34000 30241 17.4078
18.35000 31175 17.6777
18.36000 32159 17.9605
18.37000 33053 18.2574
18.38000 33896 18.2574
18.39000 34439 18.5695
18.40000 35054 18.5695
18.41000 35587 18.8982
18.42000 35924 18.8982
18.43000 36138 18.8982
18.44000 36030 18.8982
18.45000 35669 18.8982
18.46000 34948 18.5695
18.47000 34203 18.5695
18.48000 33308 18.2574
18.49000 32220 17.9605
18.50000 30975 17.6777
18.51000 29492 17.1499
18.52000 28016 16.6667
18.53000 26589 16.2221
18.54000 25343 16.0128
18.55000 23742 15.4303
18.56000 22434 14.9071
18.57000 21149 14.5865
18.58000 20189 14.1421
18.59000 19110 13.8675
18.60000 18228 13.484
18.61000 17349 13.1306
18.62000 16694 12.9099
18.63000 16018 12.7
18.64000 15447 12.4035
18.65000 14788 12.1268
18.66000 14385 11.9523
18.67000 14038 11.8678
18.68000 13661 11.7041
18.69000 13380 11.547
18.70000 12952 11.3961
18.71000 12741 11.3228
18.72000 12630 11.2509
18.73000 12418 11.1111
18.74000 12235 11.0432
18.75000 12100 10.9764
18.76000 11998 10.9764
18.77000 11909 10.9109
18.78000 11704 10.8465
18.79000 11708 10.8465
18.80000 11501 10.7211
18.81000 11357 10.66
18.82000 11328 10.66
18.83000 11359 10.66
18.84000 11321 10.66
18.85000 11167 10.5409
18.86000 11197 10.6
18.87000 11240 10.6
18.88000 11297 10.6
18.89000 11303 10.66
18.90000 11310 10.66
18.91000 11248 10.6
18.92000 11325 10.66
18.93000 11311 10.66
18.94000 11255 10.6
18.95000 11364 10.66
18.96000 11395 10.66
18.97000 11474 10.7211
18.98000 11550 10.7211
18.99000 11556 10.7211
19.00000 11597 10.7833
19.01000 11704 10.8465
19.02000 11863 10.9109
19.03000 11949 10.9109
19.04000 11995 10.9764
19.05000 12073 10.9764
19.06000 12203 11.0432
19.07000 12383 11.1111
19.08000 12481 11.1803
19.09000 12672 11.2509
19.10000 12898 11.3228
19.11000 13130 11.4708
19.12000 13194 11.4708
19.13000 13513 11.6248
19.14000 13613 11.7041
19.15000 13788 11.7041
19.16000 14011 11.8678
19.17000 14139 11.8678
19.18000 14380 11.9523
19.19000 14412 12.0386
19.20000 14517 12.0386
19.21000 14760 12.1268
19.22000 14849 12.2169
19.23000 14847 12.2169
19.24000 15012 12.2169
19.25000 15084 12.3091
19.26000 15077 12.3091
19.27000 15259 12.3091
19.28000 15412 12.4035
19.29000 15488 12.4035
19.30000 15667 12.5
19.31000 15847 12.5988
19.32000 16047 12.7
19.33000 16071 12.7
19.34000 16050 12.7
19.35000 16080 12.7
19.36000 16230 12.7
19.37000 15965 12.5988
19.38000 15926 12.5988
19.39000 15876 12.5988
19.40000 15606 12.5
19.41000 15453 12.4035
19.42000 15206 12.3091
19.43000 14996 12.2169
19.44000 14820 12.2169
19.45000 14624 12.1268
19.46000 14462 12.0386
19.47000 14489 12.0386
19.48000 14380 11.9523
19.49000 14355 11.9523
19.50000 14481 12.0386
19.51000 14456 12.0386
19.52000 14467 12.0386
19.53000 14456 12.0386
19.54000 14485 12.0386
19.55000 14479 12.0386
19.56000 14318 11.9523
19.57000 14235 11.9523
19.58000 14235 11.9523
19.59000 14074 11.8678
19.60000 13860 11.7851
19.61000 13683 11.7041
19.62000 13379 11.547
19.63000 13216 11.4708
19.64000 12983 11.3961
19.65000 12780 11.3228
19.66000 12593 11.2509
19.67000 12321 11.1111
19.68000 12202 11.0432
19.69000 12163 11.0432
19.70000 12039 10.9764
19.71000 12033 10.9764
19.72000 12018 10.9764
19.73000 12092 10.9764
19.74000 12155 11.0432
19.75000 12294 11.1111
19.76000 12479 11.1803
19.77000 12457 11.1803
19.78000 12508 11.1803
19.79000 12438 11.1803
19.80000 12228 11.0432
19.81000 12125 11.0432
19.82000 11870 10.9109
19.83000 11673 10.7833
19.84000 11403 10.66
19.85000 11182 10.6
19.86000 11009 10.4828
19.87000 10804 10.3695
19.88000 10622 10.3142
19.89000 10567 10.2598
19.90000 10468 10.2062
19.91000 10381 10.2062
19.92000 10307 10.1535
19.93000 10203 10.1015
19.94000 10179 10.1015
19.95000 10194 10.1015
19.96000 10167 10.1015
19.97000 10233 10.1015
19.98000 10109 10.0504
19.99000 10011 10
20.00000 10170 10.1015
20.01000 10114 10.0504
20.02000 10073 10.0504
20.03000 10055 10.0504
20.04000 10002 10
20.05000 9947 9.95037
20.06000 10010 10
20.07000 10033 10
20.08000 9988 10
20.09000 9933 9.95037
20.10000 9992 10
20.11000 9944 9.95037
20.12000 10049 10
20.13000 10005 10
20.14000 9940 9.95037
20.15000 9973 10
20.16000 9998 10
20.17000 10062 10.0504
20.18000 10106 10.0504
20.19000 10147 10.0504
20.20000 10140 10.0504
20.21000 10193 10.1015
20.22000 10254 10.1015
20.23000 10299 10.1535
20.24000 10390 10.2062
20.25000 10386 10.2062
20.26000 10415 10.2062
20.27000 10416 10.2062
20.28000 10468 10.2062
20.29000 10500 10.2598
20.30000 10487 10.2598
20.31000 10608 10.3142
20.32000 10603 10.3142
20.33000 10553 10.2598
20.34000 10610 10.3142
20.35000 10657 10.3142
20.36000 10776 10.3695
20.37000 10673 10.3142
20.38000 10638 10.3142
20.39000 10621 10.3142
20.40000 10682 10.3142
20.41000 10576 10.2598
20.42000 10457 10.2062
20.43000 10446 10.2062
20.44000 10342 10.1535
20.45000 10253 10.1015
20.46000 10343 10.1535
20.47000 10283 10.1535
20.48000 10221 10.1015
20.49000 10209 10.1015
20.50000 10309 10.1535
20.51000 10327 10.1535
20.52000 10250 10.1015
20.53000 10291 10.1535
20.54000 10314 10.1535
20.55000 10338 10.1535
20.56000 10320 10.1535
20.57000 10469 10.2062
20.58000 10519 10.2598
20.59000 10475 10.2598
20.60000 10493 10.2598
20.61000 10558 10.2598
20.62000 10462 10.2062
20.63000 10559 10.2598
20.64000 10668 10.3142
20.65000 10716 10.3695
20.66000 10746 10.3695
20.67000 11001 10.4828
20.68000 11147 10.5409
20.69000 11127 10.5409
20.70000 11087 10.5409
20.71000 11224 10.6
20.72000 11238 10.6
20.73000 11274 10.6
20.74000 11463 10.7211
20.75000 11576 10.7833
20.76000 11594 10.7833
20.77000 11771 10.8465
20.78000 11964 10.9109
20.79000 12081 10.9764
20.80000 12126 11.0432
20.81000 12196 11.0432
20.82000 12340 11.1111
20.83000 12458 11.1803
20.84000 12645 11.2509
20.85000 12987 11.3961
20.86000 13129 11.4708
20.87000 13224 11.4708
20.88000 13356 11.547
20.89000 13598 11.6248
20.90000 13941 11.7851
20.91000 14241 11.9523
20.92000 14392 12.0386
20.93000 14720 12.1268
20.94000 14936 12.2169
20.95000 14992 12.2169
20.96000 15222 12.3091
20.97000 15425 12.4035
20.98000 15531 12.5
20.99000 15434 12.4035
21.00000 15390 12.4035
21.01000 15340 12.4035
21.02000 15309 12.4035
21.03000 15226 12.3091
21.04000 14930 12.2169
21.05000 14677 12.1268
21.06000 14456 12.0386
21.07000 14244 11.9523
21.08000 14125 11.8678
21.09000 14076 11.8678
21.10000 13840 11.7851
21.11000 13818 11.7851
21.12000 13730 11.7041
21.13000 13790 11.7041
21.14000 13792 11.7041
21.15000 13843 11.7851
21.16000 13825 11.7851
21.17000 13960 11.7851
21.18000 14152 11.8678
21.19000 14321 11.9523
21.20000 14510 12.0386
21.21000 14654 12.1268
21.22000 14765 12.1268
21.23000 15069 12.3091
21.24000 15394 12.4035
21.25000 15560 12.5
21.26000 15996 12.5988
21.27000 16235 12.7
21.28000 16495 12.8037
21.29000 16784 12.9099
21.30000 17144 13.1306
21.31000 17515 13.2453
21.32000 17989 13.3631
21.33000 18657 13.6083
21.34000 19198 13.8675
21.35000 19636 14.0028
21.36000 20080 14.1421
21.37000 20777 14.4338
21.38000 21382 14.5865
21.39000 21949 14.7442
21.40000 22619 15.0756
21.41000 23226 15.2499
21.42000 23996 15.4303
21.43000 24892 15.8114
21.44000 25650 16.0128
21.45000 26534 16.2221
21.46000 27570 16.6667
21.47000 28351 16.9031
21.48000 29392 17.1499
21.49000 30629 17.4078
21.50000 31541 17.6777
21.51000 32796 18.2574
21.52000 34126 18.5695
21.53000 35471 18.8982
21.54000 36854 19.245
21.55000 38230 19.6116
21.56000 39560 20
21.57000 40982 20.4124
21.58000 42228 20.4124
21.59000 43472 20.8514
21.60000 45087 21.3201
21.61000 46352 21.3201
21.62000 47527 21.8218
21.63000 48673 21.8218
21.64000 49309 22.3607
21.65000 49569 22.3607
21.66000 49668 22.3607
21.67000 49487 22.3607
21.68000 48830 22.3607
21.69000 47937 21.8218
21.70000 46515 21.8218
21.71000 44894 21.3201
21.72000 42838 20.8514
21.73000 40555 20
21.74000 38096 19.6116
21.75000 35578 18.8982
21.76000 33385 18.2574
21.77000 31126 17.6777
21.78000 28874 16.9031
21.79000 26836 16.4399
21.80000 25406 16.0128
21.81000 23832 15.4303
21.82000 22388 14.9071
21.83000 21172 14.5865
21.84000 20086 14.1421
21.85000 19246 13.8675
21.86000 18397 13.6083
21.87000 17479 13.2453
21.88000 16947 13.0189
21.89000 16535 12.9099
21.90000 16161 12.7
21.91000 15781 12.5988
21.92000 15459 12.4035
21.93000 15274 12.4035
21.94000 15056 12.3091
21.95000 14872 12.2169
21.96000 14664 12.1268
21.97000 14739 12.1268
21.98000 14378 11.9523
21.99000 14289 11.9523
22.00000 14338 11.9523
22.01000 14241 11.9523
22.02000 14055 11.8678
22.03000 13968 11.7851
22.04000 13914 11.7851
22.05000 13872 11.7851
22.06000 13880 11.7851
22.07000 13816 11.7851
22.08000 13912 11.7851
22.09000 14038 11.8678
22.10000 14120 11.8678
22.11000 14263 11.9523
22.12000 14378 11.9523
22.13000 14602 12.1268
22.14000 14932 12.2169
22.15000 15047 12.3091
22.16000 15199 12.3091
22.17000 15467 12.4035
22.18000 15790 12.5988
22.19000 15829 12.5988
22.20000 15918 12.5988
22.21000 16034 12.7
22.22000 15988 12.5988
22.23000 15822 12.5988
22.24000 15855 12.5988
22.25000 15784 12.5988
22.26000 15574 12.5
22.27000 15277 12.4035
22.28000 15126 12.3091
22.29000 14873 12.2169
22.30000 14737 12.1268
22.31000 14599 12.1268
22.32000 14503 12.0386
22.33000 14404 12.0386
22.34000 14248 11.9523
22.35000 14236 11.9523
22.36000 14328 11.9523
22.37000 14370 11.9523
22.38000 14261 11.9523
22.39000 14221 11.9523
22.40000 14176 11.8678
22.41000 14114 11.8678
22.42000 14042 11.8678
22.43000 13910 11.7851
22.44000 13880 11.7851
22.45000 13731 11.7041
22.46000 13634 11.7041
22.47000 13650 11.7041
22.48000 13596 11.6248
22.49000 13340 11.547
22.50000 13145 11.4708
22.51000 12970 11.3961
22.52000 12913 11.3961
22.53000 12848 11.3228
22.54000 12937 11.3961
22.55000 12930 11.3961
22.56000 13039 11.3961
22.57000 13222 11.4708
22.58000 13292 11.547
22.59000 13405 11.547
22.60000 13625 11.7041
22.61000 13916 11.7851
22.62000 14128 11.8678
22.63000 14367 11.9523
22.64000 14618 12.1268
22.65000 14929 12.2169
22.66000 15282 12.4035
22.67000 15480 12.4035
22.68000 15738 12.5
22.69000 16007 12.7
22.70000 16311 12.8037
22.71000 16690 12.9099
22.72000 16980 13.0189
22.73000 17221 13.1306
22.74000 17240 13.1306
22.75000 17392 13.2453
22.76000 17428 13.2453
22.77000 17189 13.1306
22.78000 17070 13.0189
22.79000 16955 13.0189
22.80000 16773 12.9099
22.81000 16391 12.8037
22.82000 16010 12.7
22.83000 15487 12.4035
22.84000 15033 12.2169
22.85000 14693 12.1268
22.86000 14221 11.9523
22.87000 13806 11.7851
22.88000 13349 11.547
22.89000 13067 11.3961
22.90000 12722 11.2509
22.91000 12419 11.1111
22.92000 12050 10.9764
22.93000 11897 10.9109
22.94000 11670 10.7833
22.95000 11516 10.7211
22.96000 11337 10.66
22.97000 11287 10.6
22.98000 11213 10.6
22.99000 11175 10.6
23.00000 11074 10.5409
23.01000 10985 10.4828
23.02000 10934 10.4828
23.03000 10853 10.4257
23.04000 10841 10.4257
23.05000 10880 10.4257
23.06000 10923 10.4257
23.07000 11010 10.4828
23.08000 10958 10.4828
23.09000 11002 10.4828
23.10000 11076 10.5409
23.11000 11158 10.5409
23.12000 11270 10.6
23.13000 11403 10.66
23.14000 11492 10.7211
23.15000 11552 10.7211
23.16000 11721 10.8465
23.17000 11846 10.9109
23.18000 12053 10.9764
23.19000 12256 11.0432
23.20000 12408 11.1111
23.21000 12705 11.2509
23.22000 13103 11.4708
23.23000 13331 11.547
23.24000 13515 11.6248
23.25000 13758 11.7041
23.26000 14015 11.8678
23.27000 14348 11.9523
23.28000 14692 12.1268
23.29000 15120 12.3091
23.30000 15547 12.5
23.31000 15976 12.5988
23.32000 16483 12.8037
23.33000 16904 13.0189
23.34000 17294 13.1306
23.35000 17862 13.3631
23.36000 18409 13.6083
23.37000 18987 13.7361
23.38000 19508 14.0028
23.39000 20008 14.1421
23.40000 20666 14.4338
23.41000 21092 14.5865
23.42000 21768 14.7442
23.43000 22324 14.9071
23.44000 22992 15.2499
23.45000 23427 15.2499
23.46000 23692 15.4303
23.47000 24025 15.4303
23.48000 24410 15.6174
23.49000 24838 15.8114
23.50000 25244 15.8114
23.51000 25560 16.0128
23.52000 25460 16.0128
23.53000 25563 16.0128
23.54000 25620 16.0128
23.55000 25628 16.0128
23.56000 25383 16.0128
23.57000 25443 16.0128
23.58000 25184 15.8114
23.59000 24871 15.8114
23.60000 24291 15.6174
23.61000 23579 15.4303
23.62000 23016 15.2499
23.63000 22321 14.9071
23.64000 21573 14.7442
23.65000 20996 14.4338
23.66000 20297 14.2857
23.67000 19504 14.0028
23.68000 18793 13.7361
23.69000 18183 13.484
23.70000 17552 13.2453
23.71000 16988 13.0189
23.72000 16420 12.8037
23.73000 15866 12.5988
23.74000 15449 12.4035
23.75000 14855 12.2169
23.76000 14407 12.0386
23.77000 13940 11.7851
23.78000 13487 11.6248
23.79000 13143 11.4708
23.80000 12844 11.3228
23.81000 12519 11.1803
23.82000 12286 11.1111
23.83000 12040 10.9764
23.84000 11775 10.8465
23.85000 11550 10.7211
23.86000 11339 10.66
23.87000 11161 10.5409
23.88000 11001 10.4828
23.89000 10842 10.4257
23.90000 10750 10.3695
23.91000 10629 10.3142
23.92000 10498 10.2598
23.93000 10448 10.2062
23.94000 10312 10.1535
23.95000 10227 10.1015
23.96000 10236 10.1015
23.97000 10145 10.0504
23.98000 10111 10.0504
23.99000 10014 10
24.00000 9935 9.95037
24.01000 9981 10
24.02000 9822 9.90148
24.03000 9779 9.90148
24.04000 9694 9.85329
24.05000 9660 9.80581
24.06000 9727 9.85329
24.07000 9666 9.85329
24.08000 9573 9.80581
24.09000 9564 9.759
24.10000 9698 9.85329
24.11000 9591 9.80581
24.12000 9521 9.759
24.13000 9498 9.759
24.14000 9504 9.759
24.15000 9514 9.759
24.16000 9495 9.759
24.17000 9454 9.71286
24.18000 9543 9.759
24.19000 9456 9.71286
24.20000 9363 9.66736
24.21000 9362 9.66736
24.22000 9393 9.71286
24.23000 9250 9.6225
24.24000 9293 9.6225
24.25000 9328 9.66736
24.26000 9236 9.6225
24.27000 9212 9.57826
24.28000 9158 9.57826
24.29000 9079 9.53463
24.30000 9095 9.53463
24.31000 9206 9.57826
24.32000 9156 9.57826
24.33000 9104 9.53463
24.34000 9197 9.57826
24.35000 9156 9.57826
24.36000 9095 9.53463
24.37000 9091 9.53463
24.38000 9219 9.6225
24.39000 9256 9.6225
24.40000 9216 9.57826
24.41000 9304 9.66736
24.42000 9315 9.66736
24.43000 9356 9.66736
24.44000 9386 9.66736
24.45000 9358 9.66736
24.46000 9444 9.71286
24.47000 9536 9.759
24.48000 9472 9.71286
24.49000 9463 9.71286
24.50000 9442 9.71286
24.51000 9621 9.80581
24.52000 9518 9.759
24.53000 9554 9.759
24.54000 9471 9.71286
24.55000 9522 9.759
24.56000 9483 9.759
24.57000 9569 9.759
24.58000 9463 9.71286
24.59000 9376 9.66736
24.60000 9394 9.71286
24.61000 9469 9.71286
24.62000 9504 9.759
24.63000 9508 9.759
24.64000 9504 9.759
24.65000 9678 9.85329
24.66000 9755 9.85329
24.67000 9757 9.90148
24.68000 9862 9.95037
24.69000 9913 9.95037
24.70000 10034 10
24.71000 10083 10.0504
24.72000 10155 10.1015
24.73000 10343 10.1535
24.74000 10279 10.1535
24.75000 10468 10.2062
24.76000 10490 10.2598
24.77000 10602 10.3142
24.78000 10780 10.3695
24.79000 11063 10.5409
24.80000 11223 10.6
24.81000 11361 10.66
24.82000 11545 10.7211
24.83000 11787 10.8465
24.84000 11843 10.9109
24.85000 11926 10.9109
24.86000 12073 10.9764
24.87000 12225 11.0432
24.88000 12257 11.0432
24.89000 12215 11.0432
24.90000 12258 11.0432
24.91000 12157 11.0432
24.92000 12044 10.9764
24.93000 11962 10.9109
24.94000 11848 10.9109
24.95000 11820 10.8465
24.96000 11714 10.8465
24.97000 11528 10.7211
24.98000 11487 10.7211
24.99000 11361 10.66
25.00000 11367 10.66
25.01000 11342 10.66
25.02000 11324 10.66
25.03000 11418 10.66
25.04000 11531 10.7211
25.05000 11532 10.7211
25.06000 11707 10.8465
25.07000 11920 10.9109
25.08000 12032 10.9764
25.09000 12257 11.0432
25.10000 12397 11.1111
25.11000 12600 11.2509
25.12000 12956 11.3961
25.13000 13257 11.547
25.14000 13391 11.547
25.15000 13622 11.7041
25.16000 14101 11.8678
25.17000 14599 12.1268
25.18000 14982 12.2169
25.19000 15448 12.4035
25.20000 15833 12.5988
25.21000 16491 12.8037
25.22000 17145 13.1306
25.23000 17753 13.3631
25.24000 18438 13.6083
25.25000 19048 13.8675
25.26000 19757 14.0028
25.27000 20630 14.4338
25.28000 21535 14.7442
25.29000 22300 14.9071
25.30000 23147 15.2499
25.31000 24015 15.4303
25.32000 24666 15.6174
25.33000 25525 16.0128
25.34000 26430 16.2221
25.35000 27102 16.4399
25.36000 27637 16.6667
25.37000 28146 16.6667
25.38000 28512 16.9031
25.39000 28759 16.9031
25.40000 28819 16.9031
25.41000 28382 16.9031
25.42000 27864 16.6667
25.43000 27134 16.4399
25.44000 26135 16.2221
25.45000 25053 15.8114
25.46000 23990 15.4303
25.47000 22879 15.0756
25.48000 21435 14.5865
25.49000 20097 14.1421
25.50000 18784 13.7361
25.51000 17545 13.2453
25.52000 16634 12.9099
25.53000 15666 12.5
25.54000 14813 12.1268
25.55000 14132 11.8678
25.56000 13620 11.7041
25.57000 13176 11.4708
25.58000 12786 11.3228
25.59000 12261 11.0432
25.60000 11912 10.9109
25.61000 11723 10.8465
25.62000 11518 10.7211
25.63000 11387 10.66
25.64000 11263 10.6
25.65000 11163 10.5409
25.66000 11213 10.6
25.67000 11158 10.5409
25.68000 11043 10.4828
25.69000 11016 10.4828
25.70000 11016 10.4828
25.71000 11057 10.5409
25.72000 11231 10.6
25.73000 11172 10.5409
25.74000 11310 10.66
25.75000 11373 10.66
25.76000 11432 10.7211
25.77000 11528 10.7211
25.78000 11634 10.7833
25.79000 11738 10.8465
25.80000 11911 10.9109
25.81000 11982 10.9764
25.82000 12028 10.9764
25.83000 12121 10.9764
25.84000 12157 11.0432
25.85000 12194 11.0432
25.86000 12281 11.1111
25.87000 12418 11.1111
25.88000 12447 11.1803
25.89000 12464 11.1803
25.90000 12599 11.2509
25.91000 12762 11.3228
25.92000 12914 11.3961
25.93000 13065 11.3961
25.94000 13259 11.547
25.95000 13508 11.6248
25.96000 13636 11.7041
25.97000 13799 11.7851
25.98000 13967 11.7851
25.99000 14141 11.8678
26.00000 14313 11.9523
26.01000 14488 12.0386
26.02000 14538 12.0386
26.03000 14632 12.1268
26.04000 14627 12.1268
26.05000 14571 12.0386
26.06000 14443 12.0386
26.07000 14142 11.8678
26.08000 14058 11.8678
26.09000 13794 11.7851
26.10000 13365 11.547
26.11000 13055 11.3961
26.12000 12667 11.2509
26.13000 12350 11.1111
26.14000 12085 10.9764
26.15000 11802 10.8465
26.16000 11436 10.7211
26.17000 11191 10.6
26.18000 10896 10.4257
26.19000 10790 10.3695
26.20000 10553 10.2598
26.21000 10422 10.2062
26.22000 10250 10.1015
26.23000 10066 10.0504
26.24000 9969 10
26.25000 9880 9.95037
26.26000 9834 9.90148
26.27000 9755 9.85329
26.28000 9740 9.85329
26.29000 9646 9.80581
26.30000 9633 9.80581
26.31000 9625 9.80581
26.32000 9668 9.85329
26.33000 9637 9.80581
26.34000 9760 9.90148
26.35000 9671 9.85329
26.36000 9566 9.759
26.37000 9576 9.80581
26.38000 9601 9.80581
26.39000 9692 9.85329
26.40000 9669 9.85329
26.41000 9832 9.90148
26.42000 9741 9.85329
26.43000 9693 9.85329
26.44000 9670 9.85329
26.45000 9696 9.85329
26.46000 9657 9.80581
26.47000 9691 9.85329
26.48000 9665 9.85329
26.49000 9751 9.85329
26.50000 9817 9.90148
26.51000 9980 10
26.52000 10052 10.0504
26.53000 10186 10.1015
26.54000 10287 10.1535
26.55000 10353 10.1535
26.56000 10485 10.2598
26.57000 10625 10.3142
26.58000 10654 10.3142
26.59000 10904 10.4257
26.60000 10996 10.4828
26.61000 11122 10.5409
26.62000 11338 10.66
26.63000 11537 10.7211
26.64000 11751 10.8465
26.65000 11828 10.8465
26.66000 11979 10.9764
26.67000 12067 10.9764
26.68000 12265 11.0432
26.69000 12413 11.1111
26.70000 12592 11.2509
26.71000 12780 11.3228
26.72000 12913 11.3961
26.73000 13170 11.4708
26.74000 13197 11.4708
26.75000 13517 11.6248
26.76000 13772 11.7041
26.77000 13974 11.7851
26.78000 13978 11.7851
26.79000 14228 11.9523
26.80000 14451 12.0386
26.81000 14486 12.0386
26.82000 14490 12.0386
26.83000 14489 12.0386
26.84000 14643 12.1268
26.85000 14539 12.0386
26.86000 14499 12.0386
26.87000 14248 11.9523
26.88000 14113 11.8678
26.89000 13901 11.7851
26.90000 13800 11.7851
26.91000 13674 11.7041
26.92000 13470 11.6248
26.93000 13240 11.4708
26.94000 13063 11.3961
26.95000 12822 11.3228
26.96000 12662 11.2509
26.97000 12289 11.1111
26.98000 12112 10.9764
26.99000 11973 10.9109
27.00000 11730 10.8465
27.01000 11496 10.7211
27.02000 11294 10.6
27.03000 11101 10.5409
27.04000 10889 10.4257
27.05000 10768 10.3695
27.06000 10504 10.2598
27.07000 10245 10.1015
27.08000 10068 10.0504
27.09000 9930 9.95037
27.10000 9754 9.85329
27.11000 9726 9.85329
27.12000 9536 9.759
27.13000 9322 9.66736
27.14000 9182 9.57826
27.15000 9105 9.53463
27.16000 9023 9.49158
27.17000 8944 9.44911
27.18000 8873 9.40721
27.19000 8771 9.36586
27.20000 8781 9.36586
27.21000 8656 9.28477
27.22000 8650 9.28477
27.23000 8607 9.28477
27.24000 8547 9.245
27.25000 8569 9.245
27.26000 8611 9.28477
27.27000 8601 9.28477
27.28000 8532 9.245
27.29000 8627 9.28477
27.30000 8692 9.32505
27.31000 8754 9.36586
27.32000 8862 9.40721
27.33000 8796 9.36586
27.34000 8749 9.36586
27.35000 8731 9.32505
27.36000 8749 9.36586
27.37000 8664 9.32505
27.38000 8679 9.32505
27.39000 8550 9.245
27.40000 8426 9.16698
27.41000 8255 9.09091
27.42000 8226 9.05357
27.43000 8184 9.05357
27.44000 8094 8.98027
27.45000 8042 8.98027
27.46000 8042 8.98027
27.47000 7936 8.90871
27.48000 8033 8.98027
27.49000 8021 8.94427
27.50000 8009 8.94427
27.51000 7978 8.94427
27.52000 8018 8.94427
27.53000 7883 8.87357
27.54000 7883 8.87357
27.55000 7944 8.90871
27.56000 7990 8.94427
27.57000 7969 8.94427
27.58000 7944 8.90871
27.59000 8044 8.98027
27.60000 8119 9.0167
27.61000 8068 8.98027
27.62000 8107 9.0167
27.63000 8081 8.98027
27.64000 8095 8.98027
27.65000 8082 8.98027
27.66000 8227 9.05357
27.67000 8136 9.0167
27.68000 8135 9.0167
27.69000 8149 9.0167
27.70000 8261 9.09091
27.71000 8354 9.12871
27.72000 8360 9.12871
27.73000 8408 9.16698
27.74000 8505 9.20575
27.75000 8516 9.245
27.76000 8594 9.28477
27.77000 8601 9.28477
27.78000 8632 9.28477
27.79000 8705 9.32505
27.80000 8633 9.28477
27.81000 8808 9.36586
27.82000 9021 9.49158
27.83000 9032 9.49158
27.84000 8992 9.49158
27.85000 9079 9.53463
27.86000 9150 9.57826
27.87000 9288 9.6225
27.88000 9526 9.759
27.89000 9566 9.759
27.90000 9639 9.80581
27.91000 9805 9.90148
27.92000 9989 10
27.93000 10176 10.1015
27.94000 10273 10.1535
27.95000 10511 10.2598
27.96000 10705 10.3695
27.97000 10850 10.4257
27.98000 11051 10.5409
27.99000 11273 10.6
28.00000 11442 10.7211
28.01000 11564 10.7833
28.02000 11637 10.7833
28.03000 11871 10.9109
28.04000 11893 10.9109
28.05000 11859 10.9109
28.06000 12040 10.9764
28.07000 12221 11.0432
28.08000 12240 11.0432
28.09000 12127 11.0432
28.10000 12190 11.0432
28.11000 12150 11.0432
28.12000 12065 10.9764
28.13000 11991 10.9764
28.14000 11819 10.8465
28.15000 11638 10.7833
28.16000 11478 10.7211
28.17000 11256 10.6
28.18000 11027 10.4828
28.19000 10889 10.4257
28.20000 10634 10.3142
28.21000 10325 10.1535
28.22000 10202 10.1015
28.23000 9944 9.95037
28.24000 9638 9.80581
28.25000 9498 9.759
28.26000 9247 9.6225
28.27000 9029 9.49158
28.28000 8894 9.44911
28.29000 8821 9.40721
28.30000 8609 9.28477
28.31000 8367 9.12871
28.32000 8331 9.12871
28.33000 8197 9.05357
28.34000 8136 9.0167
28.35000 8069 8.98027
28.36000 7967 8.90871
28.37000 8038 8.98027
28.38000 8013 8.94427
28.39000 7927 8.90871
28.40000 7935 8.90871
28.41000 7826 8.83883
28.42000 7830 8.83883
28.43000 7863 8.87357
28.44000 7813 8.83883
28.45000 7808 8.83883
28.46000 7809 8.83883
28.47000 7842 8.83883
28.48000 7864 8.87357
28.49000 7809 8.83883
28.50000 7873 8.87357
28.51000 7879 8.87357
28.52000 7869 8.87357
28.53000 7955 8.90871
28.54000 7901 8.87357
28.55000 7997 8.94427
28.56000 8120 9.0167
28.57000 8274 9.09091
28.58000 8247 9.09091
28.59000 8301 9.12871
28.60000 8448 9.20575
28.61000 8494 9.20575
28.62000 8565 9.245
28.63000 8710 9.32505
28.64000 8804 9.36586
28.65000 8801 9.36586
28.66000 8791 9.36586
28.67000 8777 9.36586
28.68000 8853 9.40721
28.69000 8687 9.32505
28.70000 8617 9.28477
28.71000 8584 9.28477
28.72000 8499 9.20575
28.73000 8450 9.20575
28.74000 8336 9.12871
28.75000 8245 9.09091
28.76000 8077 8.98027
28.77000 8045 8.98027
28.78000 7957 8.90871
28.79000 7775 8.80451
28.80000 7736 8.80451
28.81000 7704 8.77058
28.82000 7633 8.73704
28.83000 7671 8.77058
28.84000 7619 8.73704
28.85000 7640 8.73704
28.86000 7686 8.77058
28.87000 7627 8.73704
28.88000 7618 8.73704
28.89000 7719 8.77058
28.90000 7703 8.77058
28.91000 7670 8.77058
28.92000 7667 8.77058
28.93000 7600 8.70388
28.94000 7596 8.70388
28.95000 7551 8.70388
28.96000 7561 8.70388
28.97000 7518 8.6711
28.98000 7444 8.63868
28.99000 7455 8.63868
29.00000 7486 8.63868
29.01000 7479 8.63868
29.02000 7469 8.63868
29.03000 7468 8.63868
29.04000 7453 8.63868
29.05000 7450 8.63868
29.06000 7452 8.63868
29.07000 7378 8.57493
29.08000 7366 8.57493
29.09000 7430 8.60663
29.10000 7538 8.6711
29.11000 7526 8.6711
29.12000 7423 8.60663
29.13000 7570 8.70388
29.14000 7591 8.70388
29.15000 7571 8.70388
29.16000 7665 8.77058
29.17000 7766 8.80451
29.18000 7813 8.83883
29.19000 7846 8.87357
29.20000 7837 8.83883
29.21000 7900 8.87357
29.22000 7975 8.94427
29.23000 7944 8.90871
29.24000 7818 8.83883
29.25000 7808 8.83883
29.26000 7722 8.77058
29.27000 7619 8.73704
29.28000 7556 8.70388
29.29000 7547 8.6711
29.30000 7518 8.6711
29.31000 7405 8.60663
29.32000 7373 8.57493
29.33000 7357 8.57493
29.34000 7384 8.60663
29.35000 7353 8.57493
29.36000 7257 8.51257
29.37000 7244 8.51257
29.38000 7265 8.51257
29.39000 7151 8.45154
29.40000 7116 8.42152
29.41000 7196 8.48189
29.42000 7220 8.48189
29.43000 7070 8.42152
29.44000 7062 8.39181
29.45000 7000 8.36242
29.46000 7067 8.39181
29.47000 7032 8.39181
29.48000 7052 8.39181
29.49000 7080 8.42152
29.50000 7075 8.42152
29.51000 7070 8.42152
29.52000 7072 8.42152
29.53000 7205 8.48189
29.54000 7166 8.45154
29.55000 7153 8.45154
29.56000 7121 8.45154
29.57000 7066 8.39181
29.58000 7262 8.51257
29.59000 7239 8.51257
29.60000 7135 8.45154
29.61000 7261 8.51257
29.62000 7179 8.48189
29.63000 7234 8.51257
29.64000 7274 8.54358
29.65000 7332 8.57493
29.66000 7350 8.57493
29.67000 7312 8.54358
29.68000 7446 8.63868
29.69000 7444 8.63868
29.70000 7444 8.63868
29.71000 7454 8.63868
29.72000 7480 8.63868
29.73000 7435 8.63868
29.74000 7478 8.63868
29.75000 7469 8.63868
29.76000 7541 8.6711
29.77000 7540 8.6711
29.78000 7558 8.70388
29.79000 7537 8.6711
29.80000 7575 8.70388
29.81000 7520 8.6711
29.82000 7595 8.70388
29.83000 7674 8.77058
29.84000 7590 8.70388
29.85000 7566 8.70388
29.86000 7530 8.6711
29.87000 7487 8.63868
29.88000 7573 8.70388
29.89000 7568 8.70388
29.90000 7597 8.70388
29.91000 7545 8.6711
29.92000 7507 8.6711
29.93000 7596 8.70388
29.94000 7659 8.73704
29.95000 7634 8.73704
29.96000 7636 8.73704
29.97000 7605 8.73704
29.98000 7593 8.70388
29.99000 7586 8.70388
30.00000 7658 8.73704
30.01000 7596 8.70388
30.02000 7555 8.70388
30.03000 7682 8.77058
30.04000 7571 8.70388
30.05000 7489 8.63868
30.06000 7476 8.63868
30.07000 7409 8.60663
30.08000 7399 8.60663
30.09000 7400 8.60663
30.10000 7400 8.60663
30.11000 7280 8.54358
30.12000 7300 8.54358
30.13000 7315 8.54358
30.14000 7242 8.51257
30.15000 7219 8.48189
30.16000 7160 8.45154
30.17000 7177 8.48189
30.18000 7190 8.48189
30.19000 7143 8.45154
30.20000 7109 8.42152
30.21000 7038 8.39181
30.22000 7042 8.39181
30.23000 7017 8.36242
30.24000 7039 8.39181
30.25000 7072 8.42152
30.26000 7108 8.42152
30.27000 7042 8.39181
30.28000 7095 8.42152
30.29000 7110 8.42152
30.30000 7025 8.39181
30.31000 7083 8.42152
30.32000 7116 8.42152
30.33000 7136 8.45154
30.34000 7114 8.42152
30.35000 7145 8.45154
30.36000 7191 8.48189
30.37000 7192 8.48189
30.38000 7207 8.48189
30.39000 7232 8.51257
30.40000 7158 8.45154
30.41000 7221 8.51257
30.42000 7253 8.51257
30.43000 7289 8.54358
30.44000 7256 8.51257
30.45000 7371 8.57493
30.46000 7392 8.60663
30.47000 7385 8.60663
30.48000 7408 8.60663
30.49000 7384 8.60663
30.50000 7417 8.60663
30.51000 7456 8.63868
30.52000 7530 8.6711
30.53000 7501 8.6711
30.54000 7498 8.6711
30.55000 7607 8.73704
30.56000 7603 8.70388
30.57000 7686 8.77058
30.58000 7669 8.77058
30.59000 7685 8.77058
30.60000 7780 8.80451
30.61000 7820 8.83883
30.62000 7918 8.90871
30.63000 8080 8.98027
30.64000 8096 8.98027
30.65000 8104 9.0167
30.66000 8181 9.05357
30.67000 8216 9.05357
30.68000 8275 9.09091
30.69000 8356 9.12871
30.70000 8371 9.16698
30.71000 8388 9.16698
30.72000 8428 9.16698
30.73000 8465 9.20575
30.74000 8587 9.28477
30.75000 8616 9.28477
30.76000 8559 9.245
30.77000 8697 9.32505
30.78000 8656 9.28477
30.79000 8695 9.32505
30.80000 8733 9.32505
30.81000 8840 9.40721
30.82000 8904 9.44911
30.83000 9056 9.53463
30.84000 9194 9.57826
30.85000 9356 9.66736
30.86000 9580 9.80581
30.87000 9717 9.85329
30.88000 9825 9.90148
30.89000 10080 10.0504
30.90000 10288 10.1535
30.91000 10419 10.2062
30.92000 10586 10.3142
30.93000 10852 10.4257
30.94000 11033 10.4828
30.95000 11239 10.6
30.96000 11611 10.7833
30.97000 11729 10.8465
30.98000 12013 10.9764
30.99000 12220 11.0432
31.00000 12521 11.1803
31.01000 12761 11.3228
31.02000 12941 11.3961
31.03000 12957 11.3961
31.04000 13032 11.3961
31.05000 13130 11.4708
31.06000 13145 11.4708
31.07000 13034 11.3961
31.08000 12893 11.3228
31.09000 12682 11.2509
31.10000 12526 11.1803
31.11000 12200 11.0432
31.12000 11906 10.9109
31.13000 11649 10.7833
31.14000 11286 10.6
31.15000 10809 10.3695
31.16000 10569 10.2598
31.17000 10334 10.1535
31.18000 10149 10.0504
31.19000 9994 10
31.20000 9688 9.85329
31.21000 9468 9.71286
31.22000 9227 9.6225
31.23000 9035 9.49158
31.24000 8987 9.49158
31.25000 8771 9.36586
31.26000 8623 9.28477
31.27000 8613 9.28477
31.28000 8425 9.16698
31.29000 8373 9.16698
31.30000 8251 9.09091
31.31000 8133 9.0167
31.32000 8106 9.0167
31.33000 8032 8.94427
31.34000 7948 8.90871
31.35000 7875 8.87357
31.36000 7860 8.87357
31.37000 7827 8.83883
31.38000 7847 8.87357
31.39000 7799 8.83883
31.40000 7764 8.80451
31.41000 7856 8.87357
31.42000 7715 8.77058
31.43000 7789 8.83883
31.44000 7713 8.77058
31.45000 7726 8.80451
31.46000 7730 8.80451
31.47000 7677 8.77058
31.48000 7681 8.77058
31.49000 7687 8.77058
31.50000 7688 8.77058
31.51000 7706 8.77058
31.52000 7718 8.77058
31.53000 7643 8.73704
31.54000 7651 8.73704
31.55000 7597 8.70388
31.56000 7562 8.70388
31.57000 7568 8.70388
31.58000 7611 8.73704
31.59000 7578 8.70388
31.60000 7496 8.6711
31.61000 7444 8.63868
31.62000 7397 8.60663
31.63000 7440 8.63868
31.64000 7471 8.63868
31.65000 7381 8.60663
31.66000 7421 8.60663
31.67000 7444 8.63868
31.68000 7435 8.63868
31.69000 7495 8.6711
31.70000 7501 8.6711
31.71000 7446 8.63868
31.72000 7518 8.6711
31.73000 7595 8.70388
31.74000 7593 8.70388
31.75000 7589 8.70388
31.76000 7496 8.6711
31.77000 7526 8.6711
31.78000 7580 8.70388
31.79000 7591 8.70388
31.80000 7685 8.77058
31.81000 7687 8.77058
31.82000 7781 8.80451
31.83000 7817 8.83883
31.84000 7838 8.83883
31.85000 7948 8.90871
31.86000 7964 8.90871
31.87000 8031 8.94427
31.88000 8082 8.98027
31.89000 8174 9.05357
31.90000 8290 9.09091
31.91000 8310 9.12871
31.92000 8421 9.16698
31.93000 8509 9.20575
31.94000 8553 9.245
31.95000 8657 9.28477
31.96000 8664 9.32505
31.97000 8698 9.32505
31.98000 8838 9.40721
31.99000 8848 9.40721
32.00000 8922 9.44911
32.01000 8932 9.44911
32.02000 8968 9.44911
32.03000 8946 9.44911
32.04000 8968 9.44911
32.05000 8985 9.49158
32.06000 9026 9.49158
32.07000 8963 9.44911
32.08000 8964 9.44911
32.09000 8900 9.44911
32.10000 8786 9.36586
32.11000 8792 9.36586
32.12000 8772 9.36586
32.13000 8630 9.28477
32.14000 8546 9.245
32.15000 8658 9.28477
32.16000 8584 9.28477
32.17000 8478 9.20575
32.18000 8415 9.16698
32.19000 8382 9.16698
32.20000 8379 9.16698
32.21000 8293 9.09091
32.22000 8318 9.12871
32.23000 8333 9.12871
32.24000 8260 9.09091
32.25000 8279 9.09091
32.26000 8303 9.12871
32.27000 8310 9.12871
32.28000 8221 9.05357
32.29000 8289 9.09091
32.30000 8346 9.12871
32.31000 8406 9.16698
32.32000 8382 9.16698
32.33000 8490 9.20575
32.34000 8519 9.245
32.35000 8609 9.28477
32.36000 8621 9.28477
32.37000 8543 9.245
32.38000 8593 9.28477
32.39000 8586 9.28477
32.40000 8488 9.20575
32.41000 8487 9.20575
32.42000 8539 9.245
32.43000 8447 9.20575
32.44000 8400 9.16698
32.45000 8454 9.20575
32.46000 8477 9.20575
32.47000 8496 9.20575
32.48000 8440 9.20575
32.49000 8517 9.245
32.50000 8474 9.20575
32.51000 8468 9.20575
32.52000 8641 9.28477
32.53000 8655 9.28477
32.54000 8639 9.28477
32.55000 8690 9.32505
32.56000 8700 9.32505
32.57000 8783 9.36586
32.58000 8747 9.36586
32.59000 8791 9.36586
32.60000 8833 9.40721
32.61000 8843 9.40721
32.62000 8807 9.36586
32.63000 8849 9.40721
32.64000 8827 9.40721
32.65000 8830 9.40721
32.66000 8805 9.36586
32.67000 8697 9.32505
32.68000 8722 9.32505
32.69000 8664 9.32505
32.70000 8563 9.245
32.71000 8561 9.245
32.72000 8587 9.28477
32.73000 8584 9.28477
32.74000 8582 9.245
32.75000 8580 9.245
32.76000 8484 9.20575
32.77000 8525 9.245
32.78000 8472 9.20575
32.79000 8481 9.20575
32.80000 8463 9.20575
32.81000 8471 9.20575
32.82000 8541 9.245
32.83000 8486 9.20575
32.84000 8519 9.245
32.85000 8537 9.245
32.86000 8469 9.20575
32.87000 8476 9.20575
32.88000 8432 9.16698
32.89000 8379 9.16698
32.90000 8406 9.16698
32.91000 8399 9.16698
32.92000 8284 9.09091
32.93000 8324 9.12871
32.94000 8277 9.09091
32.95000 8282 9.09091
32.96000 8300 9.12871
32.97000 8220 9.05357
32.98000 8105 9.0167
32.99000 8066 8.98027
33.00000 8002 8.94427
33.01000 7935 8.90871
33.02000 7831 8.83883
33.03000 7775 8.80451
33.04000 7789 8.83883
33.05000 7737 8.80451
33.06000 7638 8.73704
33.07000 7680 8.77058
33.08000 7705 8.77058
33.09000 7637 8.73704
33.10000 7536 8.6711
33.11000 7538 8.6711
33.12000 7469 8.63868
33.13000 7422 8.60663
33.14000 7465 8.63868
33.15000 7430 8.60663
33.16000 7364 8.57493
33.17000 7282 8.54358
33.18000 7332 8.57493
33.19000 7263 8.51257
33.20000 7285 8.54358
33.21000 7235 8.51257
33.22000 7262 8.51257
33.23000 7229 8.51257
33.24000 7282 8.54358
33.25000 7239 8.51257
33.26000 7194 8.48189
33.27000 7163 8.45154
33.28000 7103 8.42152
33.29000 7129 8.45154
33.30000 7160 8.45154
33.31000 7178 8.48189
33.32000 7154 8.45154
33.33000 7161 8.45154
33.34000 7259 8.51257
33.35000 7376 8.57493
33.36000 7311 8.54358
33.37000 7431 8.60663
33.38000 7541 8.6711
33.39000 7500 8.6711
33.40000 7518 8.6711
33.41000 7493 8.6711
33.42000 7577 8.70388
33.43000 7746 8.80451
33.44000 7736 8.80451
33.45000 7692 8.77058
33.46000 7738 8.80451
33.47000 7844 8.87357
33.48000 7844 8.87357
33.49000 7887 8.87357
33.50000 7873 8.87357
33.51000 8070 8.98027
33.52000 7931 8.90871
33.53000 7960 8.90871
33.54000 8086 8.98027
33.55000 8230 9.05357
33.56000 8265 9.09091
33.57000 8353 9.12871
33.58000 8461 9.20575
33.59000 8394 9.16698
33.60000 8362 9.12871
33.61000 8335 9.12871
33.62000 8344 9.12871
33.63000 8403 9.16698
33.64000 8365 9.12871
33.65000 8299 9.12871
33.66000 8207 9.05357
33.67000 8225 9.05357
33.68000 8165 9.05357
33.69000 8045 8.98027
33.70000 7959 8.90871
33.71000 7830 8.83883
33.72000 7809 8.83883
33.73000 7825 8.83883
33.74000 7688 8.77058
33.75000 7649 8.73704
33.76000 7617 8.73704
33.77000 7525 8.6711
33.78000 7578 8.70388
33.79000 7449 8.63868
33.80000 7442 8.63868
33.81000 7377 8.57493
33.82000 7396 8.60663
33.83000 7391 8.60663
33.84000 7315 8.54358
33.85000 7382 8.60663
33.86000 7439 8.63868
33.87000 7469 8.63868
33.88000 7380 8.57493
33.89000 7435 8.63868
33.90000 7397 8.60663
33.91000 7493 8.6711
33.92000 7594 8.70388
33.93000 7640 8.73704
33.94000 7597 8.70388
33.95000 7598 8.70388
33.96000 7798 8.83883
33.97000 7836 8.83883
33.98000 7911 8.90871
33.99000 8041 8.98027
34.00000 8001 8.94427
34.01000 8037 8.98027
34.02000 8115 9.0167
34.03000 8280 9.09091
34.04000 8375 9.16698
34.05000 8408 9.16698
34.06000 8434 9.16698
34.07000 8440 9.20575
34.08000 8495 9.20575
34.09000 8469 9.20575
34.10000 8567 9.245
34.11000 8670 9.32505
34.12000 8692 9.32505
34.13000 8650 9.28477
34.14000 8695 9.32505
34.15000 8699 9.32505
34.16000 8602 9.28477
34.17000 8628 9.28477
34.18000 8599 9.28477
34.19000 8498 9.20575
34.20000 8382 9.16698
34.21000 8398 9.16698
34.22000 8373 9.16698
34.23000 8220 9.05357
34.24000 8084 8.98027
34.25000 7958 8.90871
34.26000 7879 8.87357
34.27000 7739 8.80451
34.28000 7672 8.77058
34.29000 7552 8.70388
34.30000 7467 8.63868
34.31000 7437 8.63868
34.32000 7358 8.57493
34.33000 7294 8.54358
34.34000 7209 8.48189
34.35000 7108 8.42152
34.36000 7102 8.42152
34.37000 7083 8.42152
34.38000 7084 8.42152
34.39000 7041 8.39181
34.40000 7023 8.39181
34.41000 7027 8.39181
34.42000 7088 8.42152
34.43000 7092 8.42152
34.44000 7146 8.45154
34.45000 7112 8.42152
34.46000 7122 8.45154
34.47000 7154 8.45154
34.48000 7124 8.45154
34.49000 7039 8.39181
34.50000 7027 8.39181
34.51000 7065 8.39181
34.52000 7023 8.39181
34.53000 7030 8.39181
34.54000 6997 8.36242
34.55000 7006 8.36242
34.56000 7040 8.39181
34.57000 7001 8.36242
34.58000 7031 8.39181
34.59000 7056 8.39181
34.60000 7048 8.39181
34.61000 7031 8.39181
34.62000 7077 8.42152
34.63000 7094 8.42152
34.64000 7111 8.42152
34.65000 7125 8.45154
34.66000 7043 8.39181
34.67000 6982 8.36242
34.68000 6931 8.33333
34.69000 6908 8.30455
34.70000 6914 8.30455
34.71000 6971 8.36242
34.72000 6860 8.27606
34.73000 6780 8.24786
34.74000 6800 8.24786
34.75000 6808 8.24786
34.76000 6743 8.21995
34.77000 6706 8.19232
34.78000 6701 8.19232
34.79000 6720 8.19232
34.80000 6675 8.16497
34.81000 6582 8.11107
34.82000 6657 8.16497
34.83000 6624 8.13788
34.84000 6584 8.11107
34.85000 6572 8.11107
34.86000 6540 8.08452
34.87000 6504 8.05823
34.88000 6517 8.08452
34.89000 6494 8.05823
34.90000 6455 8.03219
34.91000 6475 8.05823
34.92000 6549 8.08452
34.93000 6565 8.11107
34.94000 6509 8.05823
34.95000 6579 8.11107
34.96000 6609 8.13788
34.97000 6598 8.11107
34.98000 6639 8.13788
34.99000 6691 8.19232
35.00000 6758 8.21995
35.01000 6745 8.21995
35.02000 6731 8.19232
35.03000 6719 8.19232
35.04000 6684 8.16497
35.05000 6675 8.16497
35.06000 6679 8.16497
35.07000 6687 8.16497
35.08000 6611 8.13788
35.09000 6554 8.08452
35.10000 6498 8.05823
35.11000 6513 8.05823
35.12000 6494 8.05823
35.13000 6472 8.03219
35.14000 6455 8.03219
35.15000 6530 8.08452
35.16000 6507 8.05823
35.17000 6551 8.08452
35.18000 6592 8.11107
35.19000 6678 8.16497
35.20000 6697 8.19232
35.21000 6678 8.16497
35.22000 6722 8.19232
35.23000 6871 8.27606
35.24000 6877 8.30455
35.25000 7015 8.36242
35.26000 7045 8.39181
35.27000 7042 8.39181
35.28000 7099 8.42152
35.29000 7225 8.51257
35.30000 7302 8.54358
35.31000 7448 8.63868
35.32000 7587 8.70388
35.33000 7578 8.70388
35.34000 7751 8.80451
35.35000 7910 8.90871
35.36000 7991 8.94427
35.37000 8249 9.09091
35.38000 8378 9.16698
35.39000 8574 9.245
35.40000 8736 9.36586
35.41000 8838 9.40721
35.42000 9101 9.53463
35.43000 9240 9.6225
35.44000 9376 9.66736
35.45000 9580 9.80581
35.46000 9647 9.80581
35.47000 9816 9.90148
35.48000 9854 9.95037
35.49000 9918 9.95037
35.50000 9975 10
35.51000 10244 10.1015
35.52000 10216 10.1015
35.53000 10142 10.0504
35.54000 10109 10.0504
35.55000 10027 10
35.56000 10080 10.0504
35.57000 10029 10
35.58000 9927 9.95037
35.59000 9696 9.85329
35.60000 9595 9.80581
35.61000 9416 9.71286
35.62000 9384 9.66736
35.63000 9184 9.57826
35.64000 9040 9.49158
35.65000 8907 9.44911
35.66000 8634 9.28477
35.67000 8440 9.20575
35.68000 8218 9.05357
35.69000 8058 8.98027
35.70000 7900 8.87357
35.71000 7807 8.83883
35.72000 7629 8.73704
35.73000 7403 8.60663
35.74000 7291 8.54358
35.75000 7235 8.51257
35.76000 7194 8.48189
35.77000 7111 8.42152
35.78000 6992 8.36242
35.79000 6974 8.36242
35.80000 6900 8.30455
35.81000 6870 8.27606
35.82000 6855 8.27606
35.83000 6828 8.27606
35.84000 6814 8.24786
35.85000 6791 8.24786
35.86000 6788 8.24786
35.87000 6789 8.24786
35.88000 6871 8.27606
35.89000 6777 8.21995
35.90000 6793 8.24786
35.91000 6777 8.21995
35.92000 6785 8.24786
35.93000 6857 8.27606
35.94000 6867 8.27606
35.95000 6835 8.27606
35.96000 6933 8.33333
35.97000 6988 8.36242
35.98000 7080 8.42152
35.99000 7108 8.42152
36.00000 7121 8.45154
36.01000 7184 8.48189
36.02000 7205 8.48189
36.03000 7325 8.54358
36.04000 7405 8.60663
36.05000 7462 8.63868
36.06000 7486 8.63868
36.07000 7537 8.6711
36.08000 7577 8.70388
36.09000 7689 8.77058
36.10000 7735 8.80451
36.11000 7834 8.83883
36.12000 7922 8.90871
36.13000 7975 8.94427
36.14000 8092 8.98027
36.15000 8174 9.05357
36.16000 8020 8.94427
36.17000 8186 9.05357
36.18000 8327 9.12871
36.19000 8282 9.09091
36.20000 8284 9.09091
36.21000 8242 9.09091
36.22000 8208 9.05357
36.23000 8122 9.0167
36.24000 8116 9.0167
36.25000 7935 8.90871
36.26000 7863 8.87357
36.27000 7765 8.80451
36.28000 7712 8.77058
36.29000 7483 8.63868
36.30000 7449 8.63868
36.31000 7302 8.54358
36.32000 7242 8.51257
36.33000 7164 8.45154
36.34000 7064 8.39181
36.35000 7071 8.42152
36.36000 7039 8.39181
36.37000 6966 8.33333
36.38000 6855 8.27606
36.39000 6846 8.27606
36.40000 6734 8.19232
36.41000 6614 8.13788
36.42000 6577 8.11107
36.43000 6653 8.16497
36.44000 6575 8.11107
36.45000 6622 8.13788
36.46000 6543 8.08452
36.47000 6433 8.03219
36.48000 6340 7.95557
36.49000 6359 7.98087
36.50000 6337 7.95557
36.51000 6365 7.98087
36.52000 6306 7.93052
36.53000 6316 7.95557
36.54000 6294 7.93052
36.55000 6243 7.90569
36.56000 6216 7.8811
36.57000 6185 7.85674
36.58000 6187 7.85674
36.59000 6196 7.8811
36.60000 6265 7.90569
36.61000 6222 7.8811
36.62000 6154 7.85674
36.63000 6189 7.85674
36.64000 6232 7.90569
36.65000 6219 7.8811
36.66000 6273 7.93052
36.67000 6214 7.8811
36.68000 6234 7.90569
36.69000 6193 7.8811
36.70000 6207 7.8811
36.71000 6235 7.90569
36.72000 6321 7.95557
36.73000 6320 7.95557
36.74000 6326 7.95557
36.75000 6305 7.93052
36.76000 6355 7.98087
36.77000 6404 8.00641
36.78000 6470 8.03219
36.79000 6542 8.08452
36.80000 6628 8.13788
36.81000 6658 8.16497
36.82000 6781 8.24786
36.83000 6828 8.27606
36.84000 6916 8.30455
36.85000 6936 8.33333
36.86000 6887 8.30455
36.87000 7045 8.39181
36.88000 7194 8.48189
36.89000 7261 8.51257
36.90000 7360 8.57493
36.91000 7377 8.57493
36.92000 7467 8.63868
36.93000 7510 8.6711
36.94000 7469 8.63868
36.95000 7433 8.60663
36.96000 7486 8.63868
36.97000 7466 8.63868
36.98000 7359 8.57493
36.99000 7324 8.54358
37.00000 7276 8.54358
37.01000 7170 8.48189
37.02000 7047 8.39181
37.03000 6966 8.33333
37.04000 6856 8.27606
37.05000 6776 8.21995
37.06000 6657 8.16497
37.07000 6642 8.13788
37.08000 6575 8.11107
37.09000 6507 8.05823
37.10000 6378 7.98087
37.11000 6298 7.93052
37.12000 6266 7.90569
37.13000 6163 7.85674
37.14000 6041 7.76151
37.15000 6041 7.76151
37.16000 6030 7.76151
37.17000 6021 7.76151
37.18000 5998 7.73823
37.19000 5923 7.69231
37.20000 5774 7.60286
37.21000 5703 7.55929
37.22000 5774 7.60286
37.23000 5705 7.55929
37.24000 5659 7.51646
37.25000 5654 7.51646
37.26000 5642 7.51646
37.27000 5624 7.49532
37.28000 5605 7.49532
37.29000 5582 7.47435
37.30000 5617 7.49532
37.31000 5569 7.45356
37.32000 5509 7.41249
37.33000 5468 7.39221
37.34000 5458 7.39221
37.35000 5501 7.41249
37.36000 5473 7.39221
37.37000 5544 7.45356
37.38000 5452 7.39221
37.39000 5495 7.41249
37.40000 5484 7.41249
37.41000 5449 7.3721
37.42000 5498 7.41249
37.43000 5573 7.47435
37.44000 5548 7.45356
37.45000 5488 7.41249
37.46000 5550 7.45356
37.47000 5552 7.45356
37.48000 5519 7.43294
37.49000 5495 7.41249
37.50000 5497 7.41249
37.51000 5497 7.41249
37.52000 5571 7.45356
37.53000 5643 7.51646
37.54000 5629 7.49532
37.55000 5585 7.47435
37.56000 5538 7.43294
37.57000 5601 7.47435
37.58000 5562 7.45356
37.59000 5609 7.49532
37.60000 5607 7.49532
37.61000 5567 7.45356
37.62000 5610 7.49532
37.63000 5598 7.47435
37.64000 5650 7.51646
37.65000 5663 7.51646
37.66000 5650 7.51646
37.67000 5766 7.60286
37.68000 5645 7.51646
37.69000 5745 7.58098
37.70000 5819 7.62493
37.71000 5776 7.60286
37.72000 5757 7.58098
37.73000 5733 7.58098
37.74000 5752 7.58098
37.75000 5737 7.58098
37.76000 5792 7.60286
37.77000 5778 7.60286
37.78000 5799 7.62493
37.79000 5795 7.60286
37.80000 5835 7.64719
37.81000 5809 7.62493
37.82000 5779 7.60286
37.83000 5847 7.64719
37.84000 5872 7.66965
37.85000 5917 7.69231
37.86000 5913 7.69231
37.87000 5908 7.69231
37.88000 5965 7.71517
37.89000 5934 7.69231
37.90000 5975 7.73823
37.91000 6067 7.78499
37.92000 6100 7.80869
37.93000 6168 7.85674
37.94000 6204 7.8811
37.95000 6217 7.8811
37.96000 6233 7.90569
37.97000 6324 7.95557
37.98000 6347 7.95557
37.99000 6401 8.00641
38.00000 6509 8.05823
38.01000 6528 8.08452
38.02000 6679 8.16497
38.03000 6649 8.16497
38.04000 6723 8.19232
38.05000 6835 8.27606
38.06000 6897 8.30455
38.07000 6891 8.30455
38.08000 6913 8.30455
38.09000 6918 8.30455
38.10000 6969 8.36242
38.11000 6943 8.33333
38.12000 7012 8.36242
38.13000 7042 8.39181
38.14000 6991 8.36242
38.15000 6877 8.30455
38.16000 6900 8.30455
38.17000 6913 8.30455
38.18000 6925 8.33333
38.19000 6895 8.30455
38.20000 6947 8.33333
38.21000 6798 8.24786
38.22000 6728 8.19232
38.23000 6674 8.16497
38.24000 6564 8.11107
38.25000 6522 8.08452
38.26000 6523 8.08452
38.27000 6476 8.05823
38.28000 6400 8.00641
38.29000 6298 7.93052
38.30000 6241 7.90569
38.31000 6210 7.8811
38.32000 6271 7.93052
38.33000 6142 7.8326
38.34000 6068 7.78499
38.35000 6020 7.76151
38.36000 5911 7.69231
38.37000 5874 7.66965
38.38000 5915 7.69231
38.39000 5850 7.64719
38.40000 5806 7.62493
38.41000 5784 7.60286
38.42000 5774 7.60286
38.43000 5740 7.58098
38.44000 5697 7.53778
38.45000 5733 7.58098
38.46000 5678 7.53778
38.47000 5706 7.55929
38.48000 5680 7.53778
38.49000 5614 7.49532
38.50000 5540 7.43294
38.51000 5593 7.47435
38.52000 5579 7.47435
38.53000 5484 7.41249
38.54000 5495 7.41249
38.55000 5540 7.43294
38.56000 5495 7.41249
38.57000 5484 7.41249
38.58000 5540 7.43294
38.59000 5547 7.45356
38.60000 5541 7.45356
38.61000 5560 7.45356
38.62000 5572 7.47435
38.63000 5579 7.47435
38.64000 5526 7.43294
38.65000 5514 7.43294
38.66000 5579 7.47435
38.67000 5608 7.49532
38.68000 5561 7.45356
38.69000 5604 7.49532
38.70000 5636 7.51646
38.71000 5729 7.55929
38.72000 5761 7.58098
38.73000 5714 7.55929
38.74000 5746 7.58098
38.75000 5821 7.62493
38.76000 5856 7.64719
38.77000 5925 7.69231
38.78000 5903 7.69231
38.79000 5945 7.71517
38.80000 5961 7.71517
38.81000 5981 7.73823
38.82000 6093 7.80869
38.83000 6170 7.85674
38.84000 6208 7.8811
38.85000 6214 7.8811
38.86000 6241 7.90569
38.87000 6343 7.95557
38.88000 6349 7.95557
38.89000 6389 7.98087
38.90000 6445 8.03219
38.91000 6480 8.05823
38.92000 6524 8.08452
38.93000 6532 8.08452
38.94000 6567 8.11107
38.95000 6586 8.11107
38.96000 6537 8.08452
38.97000 6611 8.13788
38.98000 6622 8.13788
38.99000 6578 8.11107
39.00000 6554 8.08452
39.01000 6549 8.08452
39.02000 6430 8.00641
39.03000 6349 7.95557
39.04000 6415 8.00641
39.05000 6399 8.00641
39.06000 6357 7.98087
39.07000 6303 7.93052
39.08000 6277 7.93052
39.09000 6303 7.93052
39.10000 6207 7.8811
39.11000 6167 7.85674
39.12000 6196 7.8811
39.13000 6148 7.8326
39.14000 6158 7.85674
39.15000 6102 7.80869
39.16000 6162 7.85674
39.17000 6189 7.85674
39.18000 6099 7.80869
39.19000 6205 7.8811
39.20000 6134 7.8326
39.21000 6166 7.85674
39.22000 6188 7.85674
39.23000 6103 7.80869
39.24000 6175 7.85674
39.25000 6144 7.8326
39.26000 6158 7.85674
39.27000 6149 7.8326
39.28000 6118 7.8326
39.29000 6079 7.78499
39.30000 6177 7.85674
39.31000 6038 7.76151
39.32000 6005 7.73823
39.33000 6003 7.73823
39.34000 5921 7.69231
39.35000 5898 7.66965
39.36000 5829 7.62493
39.37000 5794 7.60286
39.38000 5752 7.58098
39.39000 5760 7.58098
39.40000 5685 7.53778
39.41000 5688 7.53778
39.42000 5641 7.51646
39.43000 5618 7.49532
39.44000 5628 7.49532
39.45000 5539 7.43294
39.46000 5537 7.43294
39.47000 5533 7.43294
39.48000 5589 7.47435
39.49000 5548 7.45356
39.50000 5529 7.43294
39.51000 5552 7.45356
39.52000 5506 7.41249
39.53000 5537 7.43294
39.54000 5505 7.41249
39.55000 5475 7.39221
39.56000 5500 7.41249
39.57000 5464 7.39221
39.58000 5534 7.43294
39.59000 5505 7.41249
39.60000 5555 7.45356
39.61000 5470 7.39221
39.62000 5494 7.41249
39.63000 5521 7.43294
39.64000 5522 7.43294
39.65000 5529 7.43294
39.66000 5507 7.41249
39.67000 5534 7.43294
39.68000 5586 7.47435
39.69000 5560 7.45356
39.70000 5582 7.47435
39.71000 5619 7.49532
39.72000 5583 7.47435
39.73000 5597 7.47435
39.74000 5676 7.53778
39.75000 5657 7.51646
39.76000 5647 7.51646
39.77000 5633 7.49532
39.78000 5668 7.53778
39.79000 5631 7.49532
39.80000 5650 7.51646
39.81000 5667 7.53778
39.82000 5794 7.60286
39.83000 5764 7.60286
39.84000 5703 7.55929
39.85000 5757 7.58098
39.86000 5757 7.58098
39.87000 5784 7.60286
39.88000 5695 7.53778
39.89000 5626 7.49532
39.90000 5671 7.53778
39.91000 5722 7.55929
39.92000 5686 7.53778
39.93000 5636 7.51646
39.94000 5663 7.51646
39.95000 5687 7.53778
39.96000 5741 7.58098
39.97000 5645 7.51646
39.98000 5609 7.49532
39.99000 5581 7.47435
40.00000 5564 7.45356
40.01000 5590 7.47435
40.02000 5658 7.51646
40.03000 5592 7.47435
40.04000 5564 7.45356
40.05000 5575 7.47435
40.06000 5595 7.47435
40.07000 5558 7.45356
40.08000 5586 7.47435
40.09000 5506 7.41249
40.10000 5546 7.45356
40.11000 5569 7.45356
40.12000 5505 7.41249
40.13000 5527 7.43294
40.14000 5564 7.45356
40.15000 5638 7.51646
40.16000 5685 7.53778
40.17000 5793 7.60286
40.18000 5766 7.60286
40.19000 5776 7.60286
40.20000 5739 7.58098
40.21000 5802 7.62493
40.22000 5849 7.64719
40.23000 5913 7.69231
40.24000 5928 7.69231
40.25000 5960 7.71517
40.26000 5966 7.71517
40.27000 5968 7.71517
40.28000 5908 7.69231
40.29000 5993 7.73823
40.30000 5946 7.71517
40.31000 6020 7.76151
40.32000 6182 7.85674
40.33000 6173 7.85674
40.34000 6180 7.85674
40.35000 6162 7.85674
40.36000 6082 7.80869
40.37000 6118 7.8326
40.38000 6227 7.8811
40.39000 6268 7.90569
40.40000 6252 7.90569
40.41000 6170 7.85674
40.42000 6145 7.8326
40.43000 6216 7.8811
40.44000 6165 7.85674
40.45000 6295 7.93052
40.46000 6192 7.8811
40.47000 6144 7.8326
40.48000 6133 7.8326
40.49000 6114 7.80869
40.50000 6127 7.8326
40.51000 6139 7.8326
40.52000 6144 7.8326
40.53000 6146 7.8326
40.54000 6166 7.85674
40.55000 6182 7.85674
40.56000 6175 7.85674
40.57000 6192 7.8811
40.58000 6261 7.90569
40.59000 6208 7.8811
40.60000 6242 7.90569
40.61000 6269 7.90569
40.62000 6242 7.90569
40.63000 6258 7.90569
40.64000 6288 7.93052
40.65000 6328 7.95557
40.66000 6308 7.93052
40.67000 6212 7.8811
40.68000 6178 7.85674
40.69000 6275 7.93052
40.70000 6258 7.90569
40.71000 6132 7.8326
40.72000 6175 7.85674
40.73000 6197 7.8811
40.74000 6227 7.8811
40.75000 6136 7.8326
40.76000 6109 7.80869
40.77000 6019 7.76151
40.78000 6147 7.8326
40.79000 6220 7.8811
40.80000 6218 7.8811
40.81000 6190 7.85674
40.82000 6181 7.85674
40.83000 6178 7.85674
40.84000 6180 7.85674
40.85000 6285 7.93052
40.86000 6244 7.90569
40.87000 6129 7.8326
40.88000 6152 7.8326
40.89000 6160 7.85674
40.90000 6122 7.8326
40.91000 6153 7.8326
40.92000 6094 7.80869
40.93000 6139 7.8326
40.94000 6201 7.8811
40.95000 6120 7.8326
40.96000 6031 7.76151
40.97000 6018 7.76151
40.98000 6098 7.80869
40.99000 6056 7.78499
41.00000 6081 7.80869
41.01000 6069 7.78499
41.02000 6065 7.78499
41.03000 6004 7.73823
41.04000 6065 7.78499
41.05000 6088 7.80869
41.06000 6081 7.80869
41.07000 6085 7.80869
41.08000 6106 7.80869
41.09000 6110 7.80869
41.10000 6160 7.85674
41.11000 6212 7.8811
41.12000 6198 7.8811
41.13000 6164 7.85674
41.14000 6232 7.90569
41.15000 6271 7.93052
41.16000 6297 7.93052
41.17000 6377 7.98087
41.18000 6286 7.93052
41.19000 6273 7.93052
41.20000 6328 7.95557
41.21000 6294 7.93052
41.22000 6261 7.90569
41.23000 6294 7.93052
41.24000 6221 7.8811
41.25000 6198 7.8811
41.26000 6133 7.8326
41.27000 6093 7.80869
41.28000 6067 7.78499
41.29000 6085 7.80869
41.30000 6050 7.78499
41.31000 6003 7.73823
41.32000 6061 7.78499
41.33000 6052 7.78499
41.34000 5945 7.71517
41.35000 5919 7.69231
41.36000 5888 7.66965
41.37000 5888 7.66965
41.38000 5909 7.69231
41.39000 5888 7.66965
41.40000 5952 7.71517
41.41000 5899 7.66965
41.42000 5877 7.66965
41.43000 5870 7.66965
41.44000 5830 7.62493
41.45000 5908 7.69231
41.46000 5851 7.64719
41.47000 5828 7.62493
41.48000 5937 7.71517
41.49000 5947 7.71517
41.50000 5915 7.69231
41.51000 5951 7.71517
41.52000 6002 7.73823
41.53000 6049 7.78499
41.54000 6059 7.78499
41.55000 6089 7.80869
41.56000 6137 7.8326
41.57000 6195 7.8811
41.58000 6221 7.8811
41.59000 6253 7.90569
41.60000 6250 7.90569
41.61000 6291 7.93052
41.62000 6414 8.00641
41.63000 6438 8.03219
41.64000 6475 8.05823
41.65000 6550 8.08452
41.66000 6582 8.11107
41.67000 6534 8.08452
41.68000 6640 8.13788
41.69000 6617 8.13788
41.70000 6699 8.19232
41.71000 6775 8.21995
41.72000 6851 8.27606
41.73000 6879 8.30455
41.74000 6899 8.30455
41.75000 6946 8.33333
41.76000 6996 8.36242
41.77000 7010 8.36242
41.78000 6987 8.36242
41.79000 6980 8.36242
41.80000 7086 8.42152
41.81000 7065 8.39181
41.82000 7030 8.39181
41.83000 6986 8.36242
41.84000 6981 8.36242
41.85000 6824 8.24786
41.86000 6804 8.24786
41.87000 6777 8.21995
41.88000 6808 8.24786
41.89000 6674 8.16497
41.90000 6678 8.16497
41.91000 6589 8.11107
41.92000 6600 8.11107
41.93000 6525 8.08452
41.94000 6526 8.08452
41.95000 6419 8.00641
41.96000 6446 8.03219
41.97000 6336 7.95557
41.98000 6361 7.98087
41.99000 6329 7.95557
42.00000 6268 7.90569
42.01000 6182 7.85674
42.02000 6233 7.90569
42.03000 6230 7.8811
42.04000 6113 7.80869
42.05000 6074 7.78499
42.06000 6088 7.80869
42.07000 6136 7.8326
42.08000 6108 7.80869
42.09000 6036 7.76151
42.10000 5992 7.73823
42.11000 5929 7.69231
42.12000 5971 7.73823
42.13000 5992 7.73823
42.14000 5917 7.69231
42.15000 5930 7.69231
42.16000 5971 7.73823
42.17000 5951 7.71517
42.18000 5867 7.66965
42.19000 5877 7.66965
42.20000 5946 7.71517
42.21000 5971 7.73823
42.22000 5914 7.69231
42.23000 5957 7.71517
42.24000 5945 7.71517
42.25000 5874 7.66965
42.26000 5902 7.69231
42.27000 5917 7.69231
42.28000 5883 7.66965
42.29000 5867 7.66965
42.30000 5879 7.66965
42.31000 5868 7.66965
42.32000 5794 7.60286
42.33000 5831 7.64719
42.34000 5792 7.60286
42.35000 5749 7.58098
42.36000 5772 7.60286
42.37000 5754 7.58098
42.38000 5824 7.62493
42.39000 5810 7.62493
42.40000 5799 7.62493
42.41000 5779 7.60286
42.42000 5777 7.60286
42.43000 5709 7.55929
42.44000 5788 7.60286
42.45000 5810 7.62493
42.46000 5846 7.64719
42.47000 5843 7.64719
42.48000 5871 7.66965
42.49000 5863 7.64719
42.50000 5841 7.64719
42.51000 5883 7.66965
42.52000 5921 7.69231
42.53000 5870 7.66965
42.54000 5987 7.73823
42.55000 5995 7.73823
42.56000 6043 7.78499
42.57000 6046 7.78499
42.58000 6127 7.8326
42.59000 6106 7.80869
42.60000 6140 7.8326
42.61000 6187 7.85674
42.62000 6210 7.8811
42.63000 6235 7.90569
42.64000 6252 7.90569
42.65000 6231 7.90569
42.66000 6260 7.90569
42.67000 6392 8.00641
42.68000 6380 7.98087
42.69000 6462 8.03219
42.70000 6554 8.08452
42.71000 6572 8.11107
42.72000 6576 8.11107
42.73000 6581 8.11107
42.74000 6590 8.11107
42.75000 6603 8.13788
42.76000 6602 8.13788
42.77000 6647 8.16497
42.78000 6694 8.19232
42.79000 6717 8.19232
42.80000 6685 8.16497
42.81000 6670 8.16497
42.82000 6645 8.16497
42.83000 6535 8.08452
42.84000 6517 8.08452
42.85000 6524 8.08452
42.86000 6460 8.03219
42.87000 6450 8.03219
42.88000 6437 8.03219
42.89000 6378 7.98087
42.90000 6371 7.98087
42.91000 6272 7.93052
42.92000 6268 7.90569
42.93000 6318 7.95557
42.94000 6209 7.8811
42.95000 6175 7.85674
42.96000 6078 7.78499
42.97000 6047 7.78499
42.98000 6010 7.76151
42.99000 5962 7.71517
43.00000 5886 7.66965
43.01000 5894 7.66965
43.02000 5845 7.64719
43.03000 5804 7.62493
43.04000 5841 7.64719
43.05000 5764 7.60286
43.06000 5784 7.60286
43.07000 5719 7.55929
43.08000 5675 7.53778
43.09000 5663 7.51646
43.10000 5741 7.58098
43.11000 5663 7.51646
43.12000 5612 7.49532
43.13000 5596 7.47435
43.14000 5644 7.51646
43.15000 5614 7.49532
43.16000 5571 7.45356
43.17000 5593 7.47435
43.18000 5676 7.53778
43.19000 5678 7.53778
43.20000 5663 7.51646
43.21000 5597 7.47435
43.22000 5616 7.49532
43.23000 5692 7.53778
43.24000 5667 7.53778
43.25000 5684 7.53778
43.26000 5671 7.53778
43.27000 5704 7.55929
43.28000 5761 7.58098
43.29000 5714 7.55929
43.30000 5785 7.60286
43.31000 5808 7.62493
43.32000 5829 7.62493
43.33000 5862 7.64719
43.34000 5916 7.69231
43.35000 5895 7.66965
43.36000 5958 7.71517
43.37000 5937 7.71517
43.38000 5942 7.71517
43.39000 6064 7.78499
43.40000 6065 7.78499
43.41000 6060 7.78499
43.42000 6010 7.76151
43.43000 6091 7.80869
43.44000 6234 7.90569
43.45000 6262 7.90569
43.46000 6255 7.90569
43.47000 6221 7.8811
43.48000 6318 7.95557
43.49000 6424 8.00641
43.50000 6392 8.00641
43.51000 6375 7.98087
43.52000 6365 7.98087
43.53000 6399 8.00641
43.54000 6439 8.03219
43.55000 6435 8.03219
43.56000 6381 7.98087
43.57000 6353 7.98087
43.58000 6403 8.00641
43.59000 6422 8.00641
43.60000 6374 7.98087
43.61000 6410 8.00641
43.62000 6345 7.95557
43.63000 6306 7.93052
43.64000 6261 7.90569
43.65000 6244 7.90569
43.66000 6164 7.85674
43.67000 6137 7.8326
43.68000 6113 7.80869
43.69000 6140 7.8326
43.70000 6063 7.78499
43.71000 6071 7.78499
43.72000 6029 7.76151
43.73000 6033 7.76151
43.74000 5948 7.71517
43.75000 5845 7.64719
43.76000 5838 7.64719
43.77000 5812 7.62493
43.78000 5829 7.62493
43.79000 5792 7.60286
43.80000 5741 7.58098
43.81000 5774 7.60286
43.82000 5718 7.55929
43.83000 5664 7.51646
43.84000 5676 7.53778
43.85000 5684 7.53778
43.86000 5668 7.53778
43.87000 5576 7.47435
43.88000 5595 7.47435
43.89000 5588 7.47435
43.90000 5583 7.47435
43.91000 5533 7.43294
43.92000 5611 7.49532
43.93000 5606 7.49532
43.94000 5549 7.45356
43.95000 5564 7.45356
43.96000 5539 7.43294
43.97000 5557 7.45356
43.98000 5553 7.45356
43.99000 5482 7.41249
44.00000 5460 7.39221
44.01000 5501 7.41249
44.02000 5560 7.45356
44.03000 5527 7.43294
44.04000 5593 7.47435
44.05000 5565 7.45356
44.06000 5532 7.43294
44.07000 5535 7.43294
44.08000 5626 7.49532
44.09000 5662 7.51646
44.10000 5601 7.47435
44.11000 5661 7.51646
44.12000 5666 7.53778
44.13000 5634 7.51646
44.14000 5570 7.45356
44.15000 5593 7.47435
44.16000 5626 7.49532
44.17000 5610 7.49532
44.18000 5610 7.49532
44.19000 5663 7.51646
44.20000 5643 7.51646
44.21000 5630 7.49532
44.22000 5724 7.55929
44.23000 5661 7.51646
44.24000 5624 7.49532
44.25000 5672 7.53778
44.26000 5652 7.51646
44.27000 5694 7.53778
44.28000 5766 7.60286
44.29000 5704 7.55929
44.30000 5719 7.55929
44.31000 5797 7.60286
44.32000 5824 7.62493
44.33000 5843 7.64719
44.34000 5882 7.66965
44.35000 5865 7.64719
44.36000 5885 7.66965
44.37000 5859 7.64719
44.38000 5943 7.71517
44.39000 6007 7.76151
44.40000 6079 7.78499
44.41000 6039 7.76151
44.42000 6026 7.76151
44.43000 6033 7.76151
44.44000 6030 7.76151
44.45000 5922 7.69231
44.46000 6017 7.76151
44.47000 5992 7.73823
44.48000 5986 7.73823
44.49000 5947 7.71517
44.50000 5954 7.71517
44.51000 5931 7.69231
44.52000 5864 7.64719
44.53000 5830 7.62493
44.54000 5790 7.60286
44.55000 5828 7.62493
44.56000 5705 7.55929
44.57000 5770 7.60286
44.58000 5803 7.62493
44.59000 5759 7.58098
44.60000 5669 7.53778
44.61000 5752 7.58098
44.62000 5707 7.55929
44.63000 5649 7.51646
44.64000 5659 7.51646
44.65000 5652 7.51646
44.66000 5643 7.51646
44.67000 5640 7.51646
44.68000 5669 7.53778
44.69000 5624 7.49532
44.70000 5514 7.43294
44.71000 5510 7.43294
44.72000 5601 7.47435
44.73000 5600 7.47435
44.74000 5595 7.47435
44.75000 5606 7.49532
44.76000 5583 7.47435
44.77000 5581 7.47435
44.78000 5575 7.47435
44.79000 5644 7.51646
44.80000 5558 7.45356
44.81000 5510 7.43294
44.82000 5570 7.45356
44.83000 5543 7.45356
44.84000 5577 7.47435
44.85000 5617 7.49532
44.86000 5648 7.51646
44.87000 5541 7.45356
44.88000 5510 7.43294
44.89000 5555 7.45356
44.90000 5557 7.45356
44.91000 5543 7.45356
44.92000 5596 7.47435
44.93000 5551 7.45356
44.94000 5555 7.45356
44.95000 5625 7.49532
44.96000 5631 7.49532
44.97000 5571 7.45356
44.98000 5613 7.49532
44.99000 5598 7.47435
45.00000 5577 7.47435
45.01000 5545 7.45356
45.02000 5507 7.41249
45.03000 5465 7.39221
45.04000 5502 7.41249
45.05000 5477 7.39221
45.06000 5394 7.35215
45.07000 5448 7.3721
45.08000 5394 7.35215
45.09000 5440 7.3721
45.10000 5366 7.33236
45.11000 5381 7.33236
45.12000 5370 7.33236
45.13000 5388 7.33236
45.14000 5389 7.33236
45.15000 5420 7.35215
45.16000 5455 7.39221
45.17000 5455 7.39221
45.18000 5387 7.33236
45.19000 5409 7.35215
45.20000 5421 7.3721
45.21000 5502 7.41249
45.22000 5527 7.43294
45.23000 5540 7.43294
45.24000 5507 7.41249
45.25000 5491 7.41249
45.26000 5523 7.43294
45.27000 5599 7.47435
45.28000 5608 7.49532
45.29000 5522 7.43294
45.30000 5557 7.45356
45.31000 5576 7.47435
45.32000 5592 7.47435
45.33000 5684 7.53778
45.34000 5685 7.53778
45.35000 5640 7.51646
45.36000 5699 7.55929
45.37000 5666 7.53778
45.38000 5653 7.51646
45.39000 5752 7.58098
45.40000 5679 7.53778
45.41000 5696 7.53778
45.42000 5703 7.55929
45.43000 5721 7.55929
45.44000 5700 7.55929
45.45000 5745 7.58098
45.46000 5728 7.55929
45.47000 5791 7.60286
45.48000 5780 7.60286
45.49000 5825 7.62493
45.50000 5809 7.62493
45.51000 5818 7.62493
45.52000 5881 7.66965
45.53000 5836 7.64719
45.54000 5873 7.66965
45.55000 5848 7.64719
45.56000 5876 7.66965
45.57000 5900 7.69231
45.58000 5912 7.69231
45.59000 5888 7.66965
45.60000 5912 7.69231
45.61000 5908 7.69231
45.62000 5934 7.69231
45.63000 5912 7.69231
45.64000 5951 7.71517
45.65000 5914 7.69231
45.66000 5964 7.71517
45.67000 5877 7.66965
45.68000 5869 7.66965
45.69000 5889 7.66965
45.70000 5853 7.64719
45.71000 5836 7.64719
45.72000 5848 7.64719
45.73000 5888 7.66965
45.74000 5851 7.64719
45.75000 5822 7.62493
45.76000 5837 7.64719
45.77000 5862 7.64719
45.78000 5941 7.71517
45.79000 5873 7.66965
45.80000 5906 7.69231
45.81000 5865 7.64719
45.82000 5794 7.60286
45.83000 5798 7.62493
45.84000 5781 7.60286
45.85000 5786 7.60286
45.86000 5783 7.60286
45.87000 5862 7.64719
45.88000 5789 7.60286
45.89000 5757 7.58098
45.90000 5716 7.55929
45.91000 5773 7.60286
45.92000 5798 7.62493
45.93000 5794 7.60286
45.94000 5859 7.64719
45.95000 5799 7.62493
45.96000 5842 7.64719
45.97000 5820 7.62493
45.98000 5742 7.58098
45.99000 5754 7.58098
46.00000 5851 7.64719
46.01000 5874 7.66965
46.02000 5777 7.60286
46.03000 5777 7.60286
46.04000 5739 7.58098
46.05000 5727 7.55929
46.06000 5765 7.60286
46.07000 5682 7.53778
46.08000 5694 7.53778
46.09000 5753 7.58098
46.10000 5776 7.60286
46.11000 5797 7.60286
46.12000 5813 7.62493
46.13000 5871 7.66965
46.14000 5864 7.64719
46.15000 5816 7.62493
46.16000 5810 7.62493
46.17000 5853 7.64719
46.18000 5876 7.66965
46.19000 5947 7.71517
46.20000 5970 7.71517
46.21000 5976 7.73823
46.22000 5943 7.71517
46.23000 5963 7.71517
46.24000 6049 7.78499
46.25000 6102 7.80869
46.26000 5993 7.73823
46.27000 6044 7.78499
46.28000 6137 7.8326
46.29000 6120 7.8326
46.30000 6136 7.8326
46.31000 6143 7.8326
46.32000 6150 7.8326
46.33000 6227 7.8811
46.34000 6172 7.85674
46.35000 6175 7.85674
46.36000 6166 7.85674
46.37000 6179 7.85674
46.38000 6209 7.8811
46.39000 6251 7.90569
46.40000 6229 7.8811
46.41000 6205 7.8811
46.42000 6228 7.8811
46.43000 6242 7.90569
46.44000 6224 7.8811
46.45000 6308 7.93052
46.46000 6213 7.8811
46.47000 6198 7.8811
46.48000 6153 7.8326
46.49000 6162 7.85674
46.50000 6223 7.8811
46.51000 6256 7.90569
46.52000 6219 7.8811
46.53000 6115 7.80869
46.54000 6136 7.8326
46.55000 6059 7.78499
46.56000 6058 7.78499
46.57000 6001 7.73823
46.58000 5971 7.73823
46.59000 6041 7.76151
46.60000 6003 7.73823
46.61000 6027 7.76151
46.62000 5992 7.73823
46.63000 5964 7.71517
46.64000 5943 7.71517
46.65000 5916 7.69231
46.66000 5924 7.69231
46.67000 5886 7.66965
46.68000 5900 7.69231
46.69000 5952 7.71517
46.70000 5957 7.71517
46.71000 5860 7.64719
46.72000 5985 7.73823
46.73000 5976 7.73823
46.74000 6033 7.76151
46.75000 6035 7.76151
46.76000 6038 7.76151
46.77000 6070 7.78499
46.78000 6101 7.80869
46.79000 6103 7.80869
46.80000 6099 7.80869
46.81000 5991 7.73823
46.82000 6028 7.76151
46.83000 6069 7.78499
46.84000 6019 7.76151
46.85000 6040 7.76151
46.86000 6024 7.76151
46.87000 6031 7.76151
46.88000 5992 7.73823
46.89000 5989 7.73823
46.90000 5994 7.73823
46.91000 6021 7.76151
46.92000 5917 7.69231
46.93000 5919 7.69231
46.94000 5898 7.66965
46.95000 5873 7.66965
46.96000 5860 7.64719
46.97000 5848 7.64719
46.98000 5806 7.62493
46.99000 5815 7.62493
47.00000 5749 7.58098
47.01000 5703 7.55929
47.02000 5622 7.49532
47.03000 5649 7.51646
47.04000 5693 7.53778
47.05000 5644 7.51646
47.06000 5610 7.49532
47.07000 5612 7.49532
47.08000 5615 7.49532
47.09000 5587 7.47435
47.10000 5575 7.47435
47.11000 5610 7.49532
47.12000 5542 7.45356
47.13000 5572 7.47435
47.14000 5525 7.43294
47.15000 5509 7.41249
47.16000 5506 7.41249
47.17000 5484 7.41249
47.18000 5599 7.47435
47.19000 5546 7.45356
47.20000 5527 7.43294
47.21000 5560 7.45356
47.22000 5568 7.45356
47.23000 5505 7.41249
47.24000 5429 7.3721
47.25000 5388 7.33236
47.26000 5387 7.33236
47.27000 5449 7.3721
47.28000 5495 7.41249
47.29000 5489 7.41249
47.30000 5421 7.3721
47.31000 5450 7.39221
47.32000 5487 7.41249
47.33000 5473 7.39221
47.34000 5491 7.41249
47.35000 5478 7.39221
47.36000 5496 7.41249
47.37000 5522 7.43294
47.38000 5476 7.39221
47.39000 5517 7.43294
47.40000 5514 7.43294
47.41000 5539 7.43294
47.42000 5632 7.49532
47.43000 5593 7.47435
47.44000 5572 7.47435
47.45000 5696 7.53778
47.46000 5708 7.55929
47.47000 5717 7.55929
47.48000 5726 7.55929
47.49000 5779 7.60286
47.50000 5831 7.64719
47.51000 5832 7.64719
47.52000 5918 7.69231
47.53000 5840 7.64719
47.54000 5816 7.62493
47.55000 5838 7.64719
47.56000 5953 7.71517
47.57000 5937 7.71517
47.58000 5918 7.69231
47.59000 5936 7.71517
47.60000 6002 7.73823
47.61000 5974 7.73823
47.62000 5973 7.73823
47.63000 6018 7.76151
47.64000 6005 7.73823
47.65000 6018 7.76151
47.66000 6033 7.76151
47.67000 6059 7.78499
47.68000 6071 7.78499
47.69000 6084 7.80869
47.70000 6063 7.78499
47.71000 6152 7.8326
47.72000 6184 7.85674
47.73000 6165 7.85674
47.74000 6239 7.90569
47.75000 6205 7.8811
47.76000 6201 7.8811
47.77000 6208 7.8811
47.78000 6244 7.90569
47.79000 6274 7.93052
47.80000 6286 7.93052
47.81000 6310 7.95557
47.82000 6287 7.93052
47.83000 6276 7.93052
47.84000 6381 7.98087
47.85000 6303 7.93052
47.86000 6266 7.90569
47.87000 6287 7.93052
47.88000 6187 7.85674
47.89000 6179 7.85674
47.90000 6137 7.8326
47.91000 6045 7.78499
47.92000 5968 7.71517
47.93000 5951 7.71517
47.94000 5863 7.64719
47.95000 5823 7.62493
47.96000 5747 7.58098
47.97000 5722 7.55929
47.98000 5690 7.53778
47.99000 5682 7.53778
48.00000 5652 7.51646
48.01000 5683 7.53778
48.02000 5562 7.45356
48.03000 5476 7.39221
48.04000 5467 7.39221
48.05000 5501 7.41249
48.06000 5519 7.43294
48.07000 5446 7.3721
48.08000 5484 7.41249
48.09000 5466 7.39221
48.10000 5463 7.39221
48.11000 5428 7.3721
48.12000 5420 7.35215
48.13000 5372 7.33236
48.14000 5326 7.29325
48.15000 5321 7.29325
48.16000 5342 7.31272
48.17000 5295 7.27393
48.18000 5282 7.27393
48.19000 5288 7.27393
48.20000 5291 7.27393
48.21000 5308 7.29325
48.22000 5272 7.25476
48.23000 5243 7.23575
48.24000 5281 7.27393
48.25000 5254 7.25476
48.26000 5246 7.23575
48.27000 5220 7.21688
48.28000 5138 7.16115
48.29000 5162 7.17958
48.30000 5196 7.21688
48.31000 5168 7.19816
48.32000 5155 7.17958
48.33000 5149 7.17958
48.34000 5119 7.16115
48.35000 5091 7.14286
48.36000 5167 7.17958
48.37000 5097 7.14286
48.38000 5073 7.1247
48.39000 5044 7.10669
48.40000 5134 7.16115
48.41000 5109 7.14286
48.42000 5055 7.10669
48.43000 5041 7.10669
48.44000 5105 7.14286
48.45000 5056 7.10669
48.46000 5028 7.08881
48.47000 5031 7.08881
48.48000 5023 7.08881
48.49000 5033 7.08881
48.50000 5089 7.1247
48.51000 5023 7.08881
48.52000 5015 7.08881
48.53000 5042 7.10669
48.54000 5078 7.1247
48.55000 5033 7.08881
48.56000 4992 7.07107
48.57000 4941 7.03598
48.58000 4970 7.05346
48.59000 5042 7.10669
48.60000 5002 7.07107
48.61000 4992 7.07107
48.62000 5017 7.08881
48.63000 5022 7.08881
48.64000 4990 7.07107
48.65000 4966 7.05346
48.66000 5005 7.07107
48.67000 5003 7.07107
48.68000 4976 7.05346
48.69000 4956 7.03598
48.70000 4942 7.03598
48.71000 4953 7.03598
48.72000 4973 7.05346
48.73000 4977 7.05346
48.74000 4985 7.05346
48.75000 4986 7.05346
48.76000 4972 7.05346
48.77000 5000 7.07107
48.78000 4941 7.03598
48.79000 4943 7.03598
48.80000 4942 7.03598
48.81000 5010 7.07107
48.82000 5036 7.08881
48.83000 5081 7.1247
48.84000 5009 7.07107
48.85000 5038 7.10669
48.86000 5054 7.10669
48.87000 5097 7.14286
48.88000 5110 7.14286
48.89000 5054 7.10669
48.90000 5071 7.1247
48.91000 5124 7.16115
48.92000 5161 7.17958
48.93000 5158 7.17958
48.94000 5169 7.19816
48.95000 5168 7.19816
48.96000 5168 7.19816
48.97000 5176 7.19816
48.98000 5246 7.23575
48.99000 5214 7.21688
49.00000 5176 7.19816
49.01000 5232 7.23575
49.02000 5225 7.23575
49.03000 5259 7.25476
49.04000 5281 7.27393
49.05000 5270 7.25476
49.06000 5314 7.29325
49.07000 5320 7.29325
49.08000 5348 7.31272
49.09000 5326 7.29325
49.10000 5234 7.23575
49.11000 5257 7.25476
49.12000 5298 7.27393
49.13000 5313 7.29325
49.14000 5276 7.25476
49.15000 5253 7.25476
49.16000 5260 7.25476
49.17000 5282 7.27393
49.18000 5222 7.23575
49.19000 5106 7.14286
49.20000 5162 7.17958
49.21000 5269 7.25476
49.22000 5256 7.25476
49.23000 5264 7.25476
49.24000 5236 7.23575
49.25000 5192 7.19816
49.26000 5130 7.16115
49.27000 5165 7.17958
49.28000 5155 7.17958
49.29000 5123 7.16115
49.30000 5158 7.17958
49.31000 5169 7.19816
49.32000 5219 7.21688
49.33000 5212 7.21688
49.34000 5217 7.21688
49.35000 5171 7.19816
49.36000 5179 7.19816
49.37000 5152 7.17958
49.38000 5155 7.17958
49.39000 5230 7.23575
49.40000 5168 7.19816
49.41000 5271 7.25476
49.42000 5270 7.25476
49.43000 5270 7.25476
49.44000 5212 7.21688
49.45000 5163 7.17958
49.46000 5206 7.21688
49.47000 5202 7.21688
49.48000 5188 7.19816
49.49000 5250 7.25476
49.50000 5239 7.23575
49.51000 5245 7.23575
49.52000 5200 7.21688
49.53000 5163 7.17958
49.54000 5109 7.14286
49.55000 5126 7.16115
49.56000 5104 7.14286
49.57000 5036 7.08881
49.58000 5041 7.10669
49.59000 5032 7.08881
49.60000 5062 7.10669
49.61000 5017 7.08881
49.62000 4994 7.07107
49.63000 4975 7.05346
49.64000 4995 7.07107
49.65000 5037 7.08881
49.66000 5028 7.08881
49.67000 5104 7.14286
49.68000 4993 7.07107
49.69000 5000 7.07107
49.70000 5023 7.08881
49.71000 5024 7.08881
49.72000 5001 7.07107
49.73000 5013 7.08881
49.74000 5042 7.10669
49.75000 5005 7.07107
49.76000 5029 7.08881
49.77000 5097 7.14286
49.78000 5026 7.08881
49.79000 4988 7.07107
49.80000 5051 7.10669
49.81000 5086 7.1247
49.82000 5040 7.10669
49.83000 5028 7.08881
49.84000 4972 7.05346
49.85000 4958 7.03598
49.86000 4989 7.07107
49.87000 5041 7.10669
49.88000 5007 7.07107
49.89000 5016 7.08881
49.90000 4974 7.05346
49.91000 5006 7.07107
49.92000 5035 7.08881
49.93000 5058 7.10669
49.94000 5112 7.14286
49.95000 5065 7.1247
49.96000 5075 7.1247
49.97000 5061 7.10669
49.98000 5064 7.1247
49.99000 5026 7.08881
50.00000 5076 7.1247
50.01000 5066 7.1247
50.02000 5077 7.1247
50.03000 5157 7.17958
50.04000 5200 7.21688
50.05000 5133 7.16115
50.06000 5120 7.16115
50.07000 5154 7.17958
50.08000 5170 7.19816
50.09000 5131 7.16115
50.10000 5107 7.14286
50.11000 5174 7.19816
50.12000 5219 7.21688
50.13000 5176 7.19816
50.14000 5151 7.17958
50.15000 5128 7.16115
50.16000 5150 7.17958
50.17000 5123 7.16115
50.18000 5112 7.14286
50.19000 5151 7.17958
50.20000 5184 7.19816
50.21000 5209 7.21688
50.22000 5137 7.16115
50.23000 5130 7.16115
50.24000 5133 7.16115
50.25000 5141 7.16115
50.26000 5162 7.17958
50.27000 5102 7.14286
50.28000 5102 7.14286
50.29000 5137 7.16115
50.30000 5086 7.1247
50.31000 5076 7.1247
50.32000 5040 7.10669
50.33000 5050 7.10669
50.34000 5079 7.1247
50.35000 5071 7.1247
50.36000 5065 7.1247
50.37000 5047 7.10669
50.38000 5060 7.10669
50.39000 5039 7.10669
50.40000 5055 7.10669
50.41000 5032 7.08881
50.42000 5074 7.1247
50.43000 5080 7.1247
50.44000 5051 7.10669
50.45000 5006 7.07107
50.46000 5045 7.10669
50.47000 5054 7.10669
50.48000 5030 7.08881
50.49000 5052 7.10669
50.50000 5084 7.1247
50.51000 5113 7.14286
50.52000 5047 7.10669
50.53000 4988 7.07107
50.54000 4997 7.07107
50.55000 5028 7.08881
50.56000 4987 7.05346
50.57000 5038 7.10669
50.58000 5003 7.07107
50.59000 5017 7.08881
50.60000 5006 7.07107
50.61000 4978 7.05346
50.62000 5018 7.08881
50.63000 4972 7.05346
50.64000 4948 7.03598
50.65000 4962 7.03598
50.66000 4957 7.03598
50.67000 4958 7.03598
50.68000 4968 7.05346
50.69000 4975 7.05346
50.70000 5055 7.10669
50.71000 5015 7.08881
50.72000 5047 7.10669
50.73000 5001 7.07107
50.74000 4960 7.03598
50.75000 5092 7.14286
50.76000 5081 7.1247
50.77000 5077 7.1247
50.78000 5046 7.10669
50.79000 5040 7.10669
50.80000 5037 7.08881
50.81000 4990 7.07107
50.82000 5015 7.08881
50.83000 4956 7.03598
50.84000 4988 7.07107
50.85000 4942 7.03598
50.86000 4927 7.01862
50.87000 4910 7.0014
50.88000 4910 7.0014
50.89000 4889 6.9843
50.90000 4939 7.03598
50.91000 4894 7.0014
50.92000 4841 6.95048
50.93000 4853 6.96733
50.94000 4851 6.96733
50.95000 4842 6.95048
50.96000 4841 6.95048
50.97000 4862 6.96733
50.98000 4927 7.01862
50.99000 4890 7.0014
51.00000 4865 6.96733
51.01000 4864 6.96733
51.02000 4893 7.0014
51.03000 4923 7.01862
51.04000 4924 7.01862
51.05000 4924 7.01862
51.06000 4880 6.9843
51.07000 4836 6.95048
51.08000 4933 7.01862
51.09000 4932 7.01862
51.10000 4987 7.05346
51.11000 4938 7.01862
51.12000 4910 7.0014
51.13000 4971 7.05346
51.14000 4906 7.0014
51.15000 4925 7.01862
51.16000 4953 7.03598
51.17000 5017 7.08881
51.18000 5047 7.10669
51.19000 5033 7.08881
51.20000 5055 7.10669
51.21000 5019 7.08881
51.22000 5029 7.08881
51.23000 5066 7.1247
51.24000 5067 7.1247
51.25000 5082 7.1247
51.26000 5136 7.16115
51.27000 5138 7.16115
51.28000 5184 7.19816
51.29000 5209 7.21688
51.30000 5253 7.25476
51.31000 5279 7.27393
51.32000 5221 7.21688
51.33000 5296 7.27393
51.34000 5305 7.27393
51.35000 5249 7.23575
51.36000 5183 7.19816
51.37000 5277 7.25476
51.38000 5275 7.25476
51.39000 5286 7.27393
51.40000 5273 7.25476
51.41000 5238 7.23575
51.42000 5254 7.25476
51.43000 5234 7.23575
51.44000 5251 7.25476
51.45000 5251 7.25476
51.46000 5278 7.27393
51.47000 5180 7.19816
51.48000 5136 7.16115
51.49000 5129 7.16115
51.50000 5159 7.17958
51.51000 5139 7.16115
51.52000 5125 7.16115
51.53000 5160 7.17958
51.54000 5184 7.19816
51.55000 5136 7.16115
51.56000 5130 7.16115
51.57000 5165 7.17958
51.58000 5198 7.21688
51.59000 5153 7.17958
51.60000 5237 7.23575
51.61000 5180 7.19816
51.62000 5195 7.21688
51.63000 5260 7.25476
51.64000 5256 7.25476
51.65000 5242 7.23575
51.66000 5314 7.29325
51.67000 5238 7.23575
51.68000 5257 7.25476
51.69000 5257 7.25476
51.70000 5260 7.25476
51.71000 5317 7.29325
51.72000 5290 7.27393
51.73000 5366 7.33236
51.74000 5404 7.35215
51.75000 5324 7.29325
51.76000 5365 7.33236
51.77000 5289 7.27393
51.78000 5235 7.23575
51.79000 5248 7.23575
51.80000 5232 7.23575
51.81000 5201 7.21688
51.82000 5110 7.14286
51.83000 5116 7.16115
51.84000 5033 7.08881
51.85000 5073 7.1247
51.86000 5061 7.10669
51.87000 5050 7.10669
51.88000 5088 7.1247
51.89000 5029 7.08881
51.90000 4984 7.05346
51.91000 5020 7.08881
51.92000 4993 7.07107
51.93000 4968 7.05346
51.94000 4934 7.01862
51.95000 4907 7.0014
51.96000 4903 7.0014
51.97000 4924 7.01862
51.98000 4864 6.96733
51.99000 4889 6.9843
52.00000 4902 7.0014
52.01000 4899 7.0014
52.02000 4854 6.96733
52.03000 4817 6.93375
52.04000 4839 6.95048
52.05000 4820 6.95048
52.06000 4840 6.95048
52.07000 4860 6.96733
52.08000 4813 6.93375
52.09000 4797 6.93375
52.10000 4718 6.86803
52.11000 4768 6.90066
52.12000 4855 6.96733
52.13000 4787 6.91714
52.14000 4769 6.90066
52.15000 4717 6.86803
52.16000 4701 6.85189
52.17000 4757 6.90066
52.18000 4793 6.91714
52.19000 4771 6.90066
52.20000 4750 6.88428
52.21000 4763 6.90066
52.22000 4685 6.85189
52.23000 4696 6.85189
52.24000 4728 6.86803
52.25000 4696 6.85189
52.26000 4721 6.86803
52.27000 4660 6.81994
52.28000 4651 6.81994
52.29000 4691 6.85189
52.30000 4627 6.80414
52.31000 4649 6.81994
52.32000 4649 6.81994
52.33000 4650 6.81994
52.34000 4655 6.81994
52.35000 4637 6.80414
52.36000 4680 6.83586
52.37000 4655 6.81994
52.38000 4633 6.80414
52.39000 4631 6.80414
52.40000 4622 6.80414
52.41000 4680 6.83586
52.42000 4619 6.80414
52.43000 4620 6.80414
52.44000 4659 6.81994
52.45000 4627 6.80414
52.46000 4547 6.742
52.47000 4549 6.742
52.48000 4589 6.77285
52.49000 4557 6.75737
52.50000 4506 6.71156
52.51000 4577 6.77285
52.52000 4585 6.77285
52.53000 4507 6.71156
52.54000 4517 6.72673
52.55000 4536 6.742
52.56000 4534 6.72673
52.57000 4543 6.742
52.58000 4555 6.742
52.59000 4533 6.72673
52.60000 4493 6.6965
52.61000 4527 6.72673
52.62000 4545 6.742
52.63000 4526 6.72673
52.64000 4550 6.742
52.65000 4542 6.742
52.66000 4563 6.75737
52.67000 4539 6.742
52.68000 4539 6.742
52.69000 4557 6.75737
52.70000 4501 6.71156
52.71000 4495 6.71156
52.72000 4500 6.71156
52.73000 4535 6.72673
52.74000 4540 6.742
52.75000 4528 6.72673
52.76000 4461 6.68153
52.77000 4535 6.72673
52.78000 4503 6.71156
52.79000 4538 6.742
52.80000 4549 6.742
52.81000 4525 6.72673
52.82000 4531 6.72673
52.83000 4425 6.6519
52.84000 4510 6.71156
52.85000 4482 6.6965
52.86000 4518 6.72673
52.87000 4512 6.71156
52.88000 4504 6.71156
52.89000 4488 6.6965
52.90000 4522 6.72673
52.91000 4570 6.75737
52.92000 4567 6.75737
52.93000 4570 6.75737
52.94000 4505 6.71156
52.95000 4530 6.72673
52.96000 4604 6.78844
52.97000 4624 6.80414
52.98000 4627 6.80414
52.99000 4646 6.81994
53.00000 4615 6.78844
53.01000 4610 6.78844
53.02000 4602 6.78844
53.03000 4657 6.81994
53.04000 4667 6.83586
53.05000 4671 6.83586
53.06000 4666 6.83586
53.07000 4664 6.83586
53.08000 4758 6.90066
53.09000 4695 6.85189
53.10000 4745 6.88428
53.11000 4776 6.91714
53.12000 4767 6.90066
53.13000 4804 6.93375
53.14000 4802 6.93375
53.15000 4802 6.93375
53.16000 4823 6.95048
53.17000 4822 6.95048
53.18000 4870 6.9843
53.19000 4830 6.95048
53.20000 4824 6.95048
53.21000 4886 6.9843
53.22000 4881 6.9843
53.23000 4949 7.03598
53.24000 4961 7.03598
53.25000 4941 7.03598
53.26000 4904 7.0014
53.27000 4900 7.0014
53.28000 4915 7.01862
53.29000 4980 7.05346
53.30000 4894 7.0014
53.31000 4836 6.95048
53.32000 4814 6.93375
53.33000 4812 6.93375
53.34000 4821 6.95048
53.35000 4826 6.95048
53.36000 4840 6.95048
53.37000 4787 6.91714
53.38000 4830 6.95048
53.39000 4771 6.90066
53.40000 4810 6.93375
53.41000 4881 6.9843
53.42000 4853 6.96733
53.43000 4777 6.91714
53.44000 4801 6.93375
53.45000 4782 6.91714
53.46000 4743 6.88428
53.47000 4724 6.86803
53.48000 4762 6.90066
53.49000 4768 6.90066
53.50000 4770 6.90066
53.51000 4777 6.91714
53.52000 4786 6.91714
53.53000 4778 6.91714
53.54000 4794 6.91714
53.55000 4786 6.91714
53.56000 4721 6.86803
53.57000 4767 6.90066
53.58000 4755 6.90066
53.59000 4758 6.90066
53.60000 4740 6.88428
53.61000 4683 6.83586
53.62000 4691 6.85189
53.63000 4665 6.83586
53.64000 4710 6.86803
53.65000 4720 6.86803
53.66000 4715 6.86803
53.67000 4732 6.88428
53.68000 4691 6.85189
53.69000 4651 6.81994
53.70000 4635 6.80414
53.71000 4591 6.77285
53.72000 4594 6.77285
53.73000 4631 6.80414
53.74000 4587 6.77285
53.75000 4576 6.75737
53.76000 4530 6.72673
53.77000 4479 6.6965
53.78000 4533 6.72673
53.79000 4534 6.72673
53.80000 4577 6.77285
53.81000 4617 6.78844
53.82000 4635 6.80414
53.83000 4583 6.77285
53.84000 4543 6.742
53.85000 4526 6.72673
53.86000 4518 6.72673
53.87000 4539 6.742
53.88000 4532 6.72673
53.89000 4478 6.6965
53.90000 4491 6.6965
53.91000 4496 6.71156
53.92000 4546 6.742
53.93000 4605 6.78844
53.94000 4600 6.78844
53.95000 4542 6.742
53.96000 4543 6.742
53.97000 4553 6.742
53.98000 4597 6.77285
53.99000 4623 6.80414
54.00000 4590 6.77285
54.01000 4640 6.80414
54.02000 4621 6.80414
54.03000 4630 6.80414
54.04000 4575 6.75737
54.05000 4608 6.78844
54.06000 4606 6.78844
54.07000 4596 6.77285
54.08000 4594 6.77285
54.09000 4570 6.75737
54.10000 4576 6.75737
54.11000 4611 6.78844
54.12000 4614 6.78844
54.13000 4599 6.78844
54.14000 4582 6.77285
54.15000 4638 6.80414
54.16000 4637 6.80414
54.17000 4657 6.81994
54.18000 4647 6.81994
54.19000 4667 6.83586
54.20000 4670 6.83586
54.21000 4643 6.81994
54.22000 4663 6.83586
54.23000 4651 6.81994
54.24000 4686 6.85189
54.25000 4697 6.85189
54.26000 4626 6.80414
54.27000 4563 6.75737
54.28000 4591 6.77285
54.29000 4618 6.78844
54.30000 4634 6.80414
54.31000 4605 6.78844
54.32000 4538 6.742
54.33000 4553 6.742
54.34000 4596 6.77285
54.35000 4502 6.71156
54.36000 4486 6.6965
54.37000 4469 6.68153
54.38000 4471 6.68153
54.39000 4493 6.6965
54.40000 4502 6.71156
54.41000 4528 6.72673
54.42000 4481 6.6965
54.43000 4508 6.71156
54.44000 4516 6.72673
54.45000 4555 6.742
54.46000 4504 6.71156
54.47000 4461 6.68153
54.48000 4464 6.68153
54.49000 4433 6.6519
54.50000 4477 6.6965
54.51000 4520 6.72673
54.52000 4497 6.71156
54.53000 4483 6.6965
54.54000 4483 6.6965
54.55000 4509 6.71156
54.56000 4525 6.72673
54.57000 4497 6.71156
54.58000 4505 6.71156
54.59000 4513 6.71156
54.60000 4450 6.66667
54.61000 4441 6.66667
54.62000 4474 6.68153
54.63000 4502 6.71156
54.64000 4490 6.6965
54.65000 4579 6.77285
54.66000 4546 6.742
54.67000 4550 6.742
54.68000 4551 6.742
54.69000 4570 6.75737
54.70000 4569 6.75737
54.71000 4512 6.71156
54.72000 4579 6.77285
54.73000 4612 6.78844
54.74000 4608 6.78844
54.75000 4590 6.77285
54.76000 4618 6.78844
54.77000 4642 6.81994
54.78000 4627 6.80414
54.79000 4654 6.81994
54.80000 4743 6.88428
54.81000 4743 6.88428
54.82000 4660 6.81994
54.83000 4697 6.85189
54.84000 4713 6.86803
54.85000 4678 6.83586
54.86000 4712 6.86803
54.87000 4609 6.78844
54.88000 4669 6.83586
54.89000 4660 6.81994
54.90000 4609 6.78844
54.91000 4634 6.80414
54.92000 4690 6.85189
54.93000 4680 6.83586
54.94000 4648 6.81994
54.95000 4643 6.81994
54.96000 4690 6.85189
54.97000 4735 6.88428
54.98000 4705 6.85189
54.99000 4686 6.85189
55.00000 4674 6.83586
55.01000 4638 6.80414
55.02000 4624 6.80414
55.03000 4649 6.81994
55.04000 4662 6.81994
55.05000 4675 6.83586
55.06000 4641 6.81994
55.07000 4612 6.78844
55.08000 4597 6.77285
55.09000 4586 6.77285
55.10000 4580 6.77285
55.11000 4540 6.742
55.12000 4579 6.77285
55.13000 4611 6.78844
55.14000 4608 6.78844
55.15000 4557 6.75737
55.16000 4587 6.77285
55.17000 4545 6.742
55.18000 4557 6.75737
55.19000 4493 6.6965
55.20000 4518 6.72673
55.21000 4521 6.72673
55.22000 4556 6.75737
55.23000 4505 6.71156
55.24000 4495 6.71156
55.25000 4511 6.71156
55.26000 4517 6.72673
55.27000 4502 6.71156
55.28000 4451 6.66667
55.29000 4503 6.71156
55.30000 4470 6.68153
55.31000 4511 6.71156
55.32000 4504 6.71156
55.33000 4475 6.6965
55.34000 4461 6.68153
55.35000 4461 6.68153
55.36000 4474 6.68153
55.37000 4550 6.742
55.38000 4504 6.71156
55.39000 4498 6.71156
55.40000 4510 6.71156
55.41000 4559 6.75737
55.42000 4470 6.68153
55.43000 4494 6.6965
55.44000 4505 6.71156
55.45000 4481 6.6965
55.46000 4494 6.6965
55.47000 4484 6.6965
55.48000 4476 6.6965
55.49000 4486 6.6965
55.50000 4440 6.66667
55.51000 4441 6.66667
55.52000 4446 6.66667
55.53000 4408 6.63723
55.54000 4443 6.66667
55.55000 4496 6.71156
55.56000 4423 6.6519
55.57000 4480 6.6965
55.58000 4429 6.6519
55.59000 4449 6.66667
55.60000 4480 6.6965
55.61000 4468 6.68153
55.62000 4427 6.6519
55.63000 4441 6.66667
55.64000 4450 6.66667
55.65000 4461 6.68153
55.66000 4425 6.6519
55.67000 4371 6.60819
55.68000 4396 6.63723
55.69000 4374 6.60819
55.70000 4330 6.57952
55.71000 4321 6.57952
55.72000 4288 6.55122
55.73000 4319 6.56532
55.74000 4328 6.57952
55.75000 4386 6.62266
55.76000 4366 6.60819
55.77000 4377 6.62266
55.78000 4302 6.56532
55.79000 4304 6.56532
55.80000 4348 6.5938
55.81000 4368 6.60819
55.82000 4388 6.62266
55.83000 4374 6.60819
55.84000 4265 6.5372
55.85000 4321 6.57952
55.86000 4369 6.60819
55.87000 4337 6.57952
55.88000 4253 6.52328
55.89000 4273 6.5372
55.90000 4339 6.5938
55.91000 4370 6.60819
55.92000 4351 6.5938
55.93000 4365 6.60819
55.94000 4314 6.56532
55.95000 4402 6.63723
55.96000 4340 6.5938
55.97000 4357 6.5938
55.98000 4330 6.57952
55.99000 4292 6.55122
56.00000 4344 6.5938
56.01000 4339 6.5938
56.02000 4399 6.63723
56.03000 4398 6.63723
56.04000 4386 6.62266
56.05000 4351 6.5938
56.06000 4423 6.6519
56.07000 4468 6.68153
56.08000 4461 6.68153
56.09000 4426 6.6519
56.10000 4382 6.62266
56.11000 4362 6.60819
56.12000 4412 6.63723
56.13000 4442 6.66667
56.14000 4459 6.68153
56.15000 4451 6.66667
56.16000 4360 6.60819
56.17000 4408 6.63723
56.18000 4419 6.6519
56.19000 4408 6.63723
56.20000 4397 6.63723
56.21000 4416 6.6519
56.22000 4399 6.63723
56.23000 4452 6.66667
56.24000 4421 6.6519
56.25000 4414 6.63723
56.26000 4388 6.62266
56.27000 4410 6.63723
56.28000 4440 6.66667
56.29000 4435 6.66667
56.30000 4494 6.6965
56.31000 4512 6.71156
56.32000 4524 6.72673
56.33000 4471 6.68153
56.34000 4530 6.72673
56.35000 4452 6.66667
56.36000 4519 6.72673
56.37000 4561 6.75737
56.38000 4550 6.742
56.39000 4558 6.75737
56.40000 4531 6.72673
56.41000 4568 6.75737
56.42000 4585 6.77285
56.43000 4634 6.80414
56.44000 4711 6.86803
56.45000 4699 6.85189
56.46000 4717 6.86803
56.47000 4761 6.90066
56.48000 4786 6.91714
56.49000 4773 6.90066
56.50000 4745 6.88428
56.51000 4741 6.88428
56.52000 4757 6.90066
56.53000 4824 6.95048
56.54000 4848 6.96733
56.55000 4881 6.9843
56.56000 4905 7.0014
56.57000 4918 7.01862
56.58000 4861 6.96733
56.59000 4920 7.01862
56.60000 4958 7.03598
56.61000 4921 7.01862
56.62000 4943 7.03598
56.63000 4967 7.05346
56.64000 4991 7.07107
56.65000 4972 7.05346
56.66000 4948 7.03598
56.67000 4939 7.03598
56.68000 4951 7.03598
56.69000 4891 7.0014
56.70000 4874 6.9843
56.71000 4922 7.01862
56.72000 4903 7.0014
56.73000 4826 6.95048
56.74000 4858 6.96733
56.75000 4849 6.96733
56.76000 4853 6.96733
56.77000 4825 6.95048
56.78000 4822 6.95048
56.79000 4793 6.91714
56.80000 4744 6.88428
56.81000 4735 6.88428
56.82000 4756 6.90066
56.83000 4769 6.90066
56.84000 4726 6.86803
56.85000 4708 6.86803
56.86000 4733 6.88428
56.87000 4703 6.85189
56.88000 4744 6.88428
56.89000 4734 6.88428
56.90000 4673 6.83586
56.91000 4746 6.88428
56.92000 4709 6.86803
56.93000 4682 6.83586
56.94000 4717 6.86803
56.95000 4685 6.85189
56.96000 4647 6.81994
56.97000 4583 6.77285
56.98000 4672 6.83586
56.99000 4598 6.78844
57.00000 4594 6.77285
57.01000 4648 6.81994
57.02000 4630 6.80414
57.03000 4631 6.80414
57.04000 4599 6.78844
57.05000 4619 6.80414
57.06000 4590 6.77285
57.07000 4611 6.78844
57.08000 4579 6.77285
57.09000 4638 6.80414
57.10000 4592 6.77285
57.11000 4623 6.80414
57.12000 4643 6.81994
57.13000 4607 6.78844
57.14000 4620 6.80414
57.15000 4608 6.78844
57.16000 4587 6.77285
57.17000 4601 6.78844
57.18000 4622 6.80414
57.19000 4618 6.78844
57.20000 4600 6.78844
57.21000 4606 6.78844
57.22000 4641 6.81994
57.23000 4577 6.77285
57.24000 4579 6.77285
57.25000 4555 6.742
57.26000 4567 6.75737
57.27000 4557 6.75737
57.28000 4624 6.80414
57.29000 4627 6.80414
57.30000 4675 6.83586
57.31000 4667 6.83586
57.32000 4632 6.80414
57.33000 4576 6.75737
57.34000 4657 6.81994
57.35000 4597 6.77285
57.36000 4589 6.77285
57.37000 4587 6.77285
57.38000 4582 6.77285
57.39000 4607 6.78844
57.40000 4562 6.75737
57.41000 4560 6.75737
57.42000 4541 6.742
57.43000 4574 6.75737
57.44000 4539 6.742
57.45000 4524 6.72673
57.46000 4548 6.742
57.47000 4513 6.71156
57.48000 4481 6.6965
57.49000 4502 6.71156
57.50000 4477 6.6965
57.51000 4465 6.68153
57.52000 4442 6.66667
57.53000 4490 6.6965
57.54000 4464 6.68153
57.55000 4456 6.68153
57.56000 4415 6.63723
57.57000 4385 6.62266
57.58000 4420 6.6519
57.59000 4466 6.68153
57.60000 4421 6.6519
57.61000 4399 6.63723
57.62000 4396 6.63723
57.63000 4432 6.6519
57.64000 4364 6.60819
57.65000 4379 6.62266
57.66000 4395 6.62266
57.67000 4349 6.5938
57.68000 4338 6.57952
57.69000 4350 6.5938
57.70000 4352 6.5938
57.71000 4408 6.63723
57.72000 4408 6.63723
57.73000 4369 6.60819
57.74000 4361 6.60819
57.75000 4354 6.5938
57.76000 4325 6.57952
57.77000 4284 6.55122
57.78000 4379 6.62266
57.79000 4397 6.63723
57.80000 4324 6.57952
57.81000 4318 6.56532
57.82000 4352 6.5938
57.83000 4368 6.60819
57.84000 4412 6.63723
57.85000 4397 6.63723
57.86000 4452 6.66667
57.87000 4373 6.60819
57.88000 4362 6.60819
57.89000 4384 6.62266
57.90000 4414 6.63723
57.91000 4351 6.5938
57.92000 4372 6.60819
57.93000 4380 6.62266
57.94000 4389 6.62266
57.95000 4366 6.60819
57.96000 4367 6.60819
57.97000 4370 6.60819
57.98000 4369 6.60819
57.99000 4361 6.60819
58.00000 4322 6.57952
58.01000 4340 6.5938
58.02000 4327 6.57952
58.03000 4409 6.63723
58.04000 4380 6.62266
58.05000 4308 6.56532
58.06000 4360 6.60819
58.07000 4415 6.63723
58.08000 4405 6.63723
58.09000 4377 6.62266
58.10000 4354 6.5938
58.11000 4325 6.57952
58.12000 4405 6.63723
58.13000 4393 6.62266
58.14000 4373 6.60819
58.15000 4437 6.66667
58.16000 4389 6.62266
58.17000 4334 6.57952
58.18000 4271 6.5372
58.19000 4336 6.57952
58.20000 4393 6.62266
58.21000 4364 6.60819
58.22000 4334 6.57952
58.23000 4387 6.62266
58.24000 4353 6.5938
58.25000 4326 6.57952
58.26000 4296 6.55122
58.27000 4319 6.56532
58.28000 4334 6.57952
58.29000 4318 6.56532
58.30000 4359 6.60819
58.31000 4346 6.5938
58.32000 4370 6.60819
58.33000 4357 6.5938
58.34000 4311 6.56532
58.35000 4322 6.57952
58.36000 4371 6.60819
58.37000 4344 6.5938
58.38000 4338 6.57952
58.39000 4368 6.60819
58.40000 4346 6.5938
58.41000 4308 6.56532
58.42000 4359 6.60819
58.43000 4355 6.5938
58.44000 4356 6.5938
58.45000 4375 6.60819
58.46000 4307 6.56532
58.47000 4293 6.55122
58.48000 4281 6.5372
58.49000 4306 6.56532
58.50000 4285 6.55122
58.51000 4294 6.55122
58.52000 4218 6.4957
58.53000 4251 6.52328
58.54000 4306 6.56532
58.55000 4335 6.57952
58.56000 4335 6.57952
58.57000 4289 6.55122
58.58000 4283 6.55122
58.59000 4312 6.56532
58.60000 4334 6.57952
58.61000 4289 6.55122
58.62000 4265 6.5372
58.63000 4311 6.56532
58.64000 4292 6.55122
58.65000 4274 6.5372
58.66000 4268 6.5372
58.67000 4276 6.5372
58.68000 4242 6.50945
58.69000 4204 6.48204
58.70000 4201 6.48204
58.71000 4266 6.5372
58.72000 4261 6.52328
58.73000 4271 6.5372
58.74000 4306 6.56532
58.75000 4281 6.5372
58.76000 4293 6.55122
58.77000 4303 6.56532
58.78000 4312 6.56532
58.79000 4297 6.55122
58.80000 4311 6.56532
58.81000 4328 6.57952
58.82000 4309 6.56532
58.83000 4311 6.56532
58.84000 4337 6.57952
58.85000 4368 6.60819
58.86000 4324 6.57952
58.87000 4333 6.57952
58.88000 4353 6.5938
58.89000 4325 6.57952
58.90000 4268 6.5372
58.91000 4277 6.5372
58.92000 4311 6.56532
58.93000 4271 6.5372
58.94000 4310 6.56532
58.95000 4263 6.52328
58.96000 4291 6.55122
58.97000 4296 6.55122
58.98000 4279 6.5372
58.99000 4352 6.5938
59.00000 4370 6.60819
59.01000 4315 6.56532
59.02000 4258 6.52328
59.03000 4259 6.52328
59.04000 4241 6.50945
59.05000 4212 6.4957
59.06000 4237 6.50945
59.07000 4245 6.50945
59.08000 4295 6.55122
59.09000 4280 6.5372
59.10000 4230 6.50945
59.11000 4238 6.50945
59.12000 4254 6.52328
59.13000 4244 6.50945
59.14000 4245 6.50945
59.15000 4238 6.50945
59.16000 4259 6.52328
59.17000 4271 6.5372
59.18000 4225 6.4957
59.19000 4263 6.52328
59.20000 4295 6.55122
59.21000 4319 6.56532
59.22000 4267 6.5372
59.23000 4295 6.55122
59.24000 4301 6.55122
59.25000 4311 6.56532
59.26000 4300 6.55122
59.27000 4339 6.5938
59.28000 4345 6.5938
59.29000 4363 6.60819
59.30000 4390 6.62266
59.31000 4372 6.60819
59.32000 4355 6.5938
59.33000 4372 6.60819
59.34000 4431 6.6519
59.35000 4393 6.62266
59.36000 4378 6.62266
59.37000 4392 6.62266
59.38000 4369 6.60819
59.39000 4351 6.5938
59.40000 4348 6.5938
59.41000 4379 6.62266
59.42000 4307 6.56532
59.43000 4315 6.56532
59.44000 4329 6.57952
59.45000 4283 6.55122
59.46000 4283 6.55122
59.47000 4350 6.5938
59.48000 4328 6.57952
59.49000 4323 6.57952
59.50000 4298 6.55122
59.51000 4274 6.5372
59.52000 4264 6.52328
59.53000 4282 6.5372
59.54000 4307 6.56532
59.55000 4319 6.56532
59.56000 4282 6.5372
59.57000 4221 6.4957
59.58000 4231 6.50945
59.59000 4241 6.50945
59.60000 4236 6.50945
59.61000 4303 6.56532
59.62000 4325 6.57952
59.63000 4276 6.5372
59.64000 4276 6.5372
59.65000 4269 6.5372
59.66000 4241 6.50945
59.67000 4222 6.4957
59.68000 4198 6.48204
59.69000 4198 6.48204
59.70000 4202 6.48204
59.71000 4186 6.46846
59.72000 4195 6.48204
59.73000 4202 6.48204
59.74000 4201 6.48204
59.75000 4169 6.45497
59.76000 4132 6.42824
59.77000 4136 6.42824
59.78000 4223 6.4957
59.79000 4200 6.48204
59.80000 4140 6.42824
59.81000 4173 6.45497
59.82000 4171 6.45497
59.83000 4206 6.48204
59.84000 4187 6.46846
59.85000 4127 6.42824
59.86000 4175 6.45497
59.87000 4191 6.46846
59.88000 4150 6.44157
59.89000 4203 6.48204
59.90000 4144 6.44157
59.91000 4181 6.46846
59.92000 4182 6.46846
59.93000 4174 6.45497
59.94000 4195 6.48204
59.95000 4167 6.45497
59.96000 4160 6.45497
59.97000 4135 6.42824
59.98000 4186 6.46846
59.99000 4240 6.50945
60.00000 4234 6.50945
60.01000 4219 6.4957
60.02000 4205 6.48204
60.03000 4255 6.52328
60.04000 4220 6.4957
60.05000 4216 6.4957
60.06000 4232 6.50945
60.07000 4221 6.4957
60.08000 4229 6.50945
60.09000 4229 6.50945
60.10000 4260 6.52328
60.11000 4237 6.50945
60.12000 4224 6.4957
60.13000 4204 6.48204
60.14000 4222 6.4957
60.15000 4259 6.52328
60.16000 4229 6.50945
60.17000 4219 6.4957
60.18000 4250 6.52328
60.19000 4286 6.55122
60.20000 4253 6.52328
60.21000 4250 6.52328
60.22000 4278 6.5372
60.23000 4275 6.5372
60.24000 4290 6.55122
60.25000 4251 6.52328
60.26000 4243 6.50945
60.27000 4232 6.50945
60.28000 4255 6.52328
60.29000 4260 6.52328
60.30000 4245 6.50945
60.31000 4259 6.52328
60.32000 4247 6.52328
60.33000 4239 6.50945
60.34000 4264 6.52328
60.35000 4260 6.52328
60.36000 4305 6.56532
60.37000 4269 6.5372
60.38000 4256 6.52328
60.39000 4253 6.52328
60.40000 4248 6.52328
60.41000 4215 6.4957
60.42000 4170 6.45497
60.43000 4255 6.52328
60.44000 4268 6.5372
60.45000 4273 6.5372
60.46000 4306 6.56532
60.47000 4209 6.48204
60.48000 4188 6.46846
60.49000 4228 6.4957
60.50000 4273 6.5372
60.51000 4265 6.5372
60.52000 4236 6.50945
60.53000 4226 6.4957
60.54000 4219 6.4957
60.55000 4236 6.50945
60.56000 4238 6.50945
60.57000 4179 6.46846
60.58000 4219 6.4957
60.59000 4191 6.46846
60.60000 4214 6.4957
60.61000 4217 6.4957
60.62000 4278 6.5372
60.63000 4224 6.4957
60.64000 4194 6.48204
60.65000 4160 6.45497
60.66000 4178 6.46846
60.67000 4180 6.46846
60.68000 4182 6.46846
60.69000 4162 6.45497
60.70000 4167 6.45497
60.71000 4171 6.45497
60.72000 4166 6.45497
60.73000 4201 6.48204
60.74000 4169 6.45497
60.75000 4124 6.42824
60.76000 4127 6.42824
60.77000 4118 6.415
60.78000 4133 6.42824
60.79000 4223 6.4957
60.80000 4146 6.44157
60.81000 4156 6.44157
60.82000 4169 6.45497
60.83000 4110 6.415
60.84000 4110 6.415
60.85000 4066 6.37577
60.86000 4088 6.38877
60.87000 4121 6.415
60.88000 4174 6.45497
60.89000 4167 6.45497
60.90000 4110 6.415
60.91000 4141 6.44157
60.92000 4118 6.415
60.93000 4102 6.40184
60.94000 4136 6.42824
60.95000 4136 6.42824
60.96000 4104 6.40184
60.97000 4128 6.42824
60.98000 4118 6.415
60.99000 4149 6.44157
61.00000 4131 6.42824
61.01000 4157 6.44157
61.02000 4175 6.45497
61.03000 4240 6.50945
61.04000 4208 6.48204
61.05000 4195 6.48204
61.06000 4137 6.42824
61.07000 4129 6.42824
61.08000 4135 6.42824
61.09000 4172 6.45497
61.10000 4125 6.42824
61.11000 4153 6.44157
61.12000 4121 6.415
61.13000 4102 6.40184
61.14000 4141 6.44157
61.15000 4105 6.40184
61.16000 4090 6.40184
61.17000 4133 6.42824
61.18000 4177 6.46846
61.19000 4173 6.45497
61.20000 4131 6.42824
61.21000 4118 6.415
61.22000 4132 6.42824
61.23000 4139 6.42824
61.24000 4137 6.42824
61.25000 4122 6.415
61.26000 4114 6.415
61.27000 4144 6.44157
61.28000 4196 6.48204
61.29000 4101 6.40184
61.30000 4065 6.37577
61.31000 4097 6.40184
61.32000 4114 6.415
61.33000 4105 6.40184
61.34000 4098 6.40184
61.35000 4117 6.415
61.36000 4038 6.35001
61.37000 4090 6.40184
61.38000 4074 6.38877
61.39000 4070 6.37577
61.40000 4087 6.38877
61.41000 4125 6.42824
61.42000 4106 6.40184
61.43000 4047 6.36285
61.44000 4059 6.37577
61.45000 4050 6.36285
61.46000 4049 6.36285
61.47000 4046 6.36285
61.48000 4023 6.33724
61.49000 4060 6.37577
61.50000 4040 6.35001
61.51000 4072 6.37577
61.52000 4069 6.37577
61.53000 4115 6.415
61.54000 4041 6.36285
61.55000 4009 6.33724
61.56000 4053 6.36285
61.57000 4006 6.32456
61.58000 4013 6.33724
61.59000 4072 6.37577
61.60000 4077 6.38877
61.61000 4110 6.415
61.62000 4091 6.40184
61.63000 4119 6.415
61.64000 4110 6.415
61.65000 4151 6.44157
61.66000 4094 6.40184
61.67000 4061 6.37577
61.68000 4089 6.38877
61.69000 4089 6.38877
61.70000 4076 6.38877
61.71000 4000 6.32456
61.72000 4038 6.35001
61.73000 4027 6.35001
61.74000 4076 6.38877
61.75000 4033 6.35001
61.76000 3998 6.32456
61.77000 4052 6.36285
61.78000 4063 6.37577
61.79000 3990 6.31194
61.80000 3985 6.31194
61.81000 4071 6.37577
61.82000 4014 6.33724
61.83000 4025 6.35001
61.84000 4042 6.36285
61.85000 4083 6.38877
61.86000 4119 6.415
61.87000 4072 6.37577
61.88000 4050 6.36285
61.89000 4074 6.38877
61.90000 4030 6.35001
61.91000 4121 6.415
61.92000 4085 6.38877
61.93000 4045 6.36285
61.94000 4059 6.37577
61.95000 4030 6.35001
61.96000 4041 6.36285
61.97000 4035 6.35001
61.98000 4064 6.37577
61.99000 4090 6.40184
62.00000 4063 6.37577
62.01000 4068 6.37577
62.02000 4066 6.37577
62.03000 4063 6.37577
62.04000 4054 6.36285
62.05000 4044 6.36285
62.06000 4045 6.36285
62.07000 4053 6.36285
62.08000 4067 6.37577
62.09000 4037 6.35001
62.10000 4060 6.37577
62.11000 4061 6.37577
62.12000 4065 6.37577
62.13000 4037 6.35001
62.14000 4044 6.36285
62.15000 4036 6.35001
62.16000 4057 6.37577
62.17000 4023 6.33724
62.18000 4032 6.35001
62.19000 4073 6.37577
62.20000 4129 6.42824
62.21000 4064 6.37577
62.22000 4055 6.36285
62.23000 4069 6.37577
62.24000 4093 6.40184
62.25000 4078 6.38877
62.26000 4057 6.37577
62.27000 4092 6.40184
62.28000 4140 6.42824
62.29000 4124 6.42824
62.30000 4112 6.415
62.31000 4098 6.40184
62.32000 4089 6.38877
62.33000 4063 6.37577
62.34000 4099 6.40184
62.35000 4108 6.415
62.36000 4098 6.40184
62.37000 4089 6.38877
62.38000 4090 6.40184
62.39000 4047 6.36285
62.40000 4068 6.37577
62.41000 4094 6.40184
62.42000 4031 6.35001
62.43000 3977 6.31194
62.44000 3993 6.32456
62.45000 3955 6.28695
62.46000 3927 6.26224
62.47000 3936 6.27456
62.48000 3978 6.31194
62.49000 4035 6.35001
62.50000 4000 6.32456
62.51000 3976 6.29941
62.52000 4010 6.33724
62.53000 3982 6.31194
62.54000 3974 6.29941
62.55000 3943 6.27456
62.56000 3993 6.32456
62.57000 3975 6.29941
62.58000 4017 6.33724
62.59000 4034 6.35001
62.60000 3960 6.28695
62.61000 3970 6.29941
62.62000 3971 6.29941
62.63000 3979 6.31194
62.64000 3955 6.28695
62.65000 3910 6.25
62.66000 3952 6.28695
62.67000 3938 6.27456
62.68000 3875 6.22573
62.69000 3964 6.29941
62.70000 3920 6.26224
62.71000 3894 6.23783
62.72000 3948 6.28695
62.73000 3973 6.29941
62.74000 3927 6.26224
62.75000 3949 6.28695
62.76000 3939 6.27456
62.77000 3937 6.27456
62.78000 3952 6.28695
62.79000 3953 6.28695
62.80000 3959 6.28695
62.81000 3924 6.26224
62.82000 3885 6.23783
62.83000 3943 6.27456
62.84000 3879 6.22573
62.85000 3956 6.28695
62.86000 3920 6.26224
62.87000 3902 6.25
62.88000 3901 6.25
62.89000 3898 6.23783
62.90000 3929 6.26224
62.91000 3897 6.23783
62.92000 3901 6.25
62.93000 3875 6.22573
62.94000 3912 6.25
62.95000 3953 6.28695
62.96000 3933 6.27456
62.97000 3928 6.26224
62.98000 3958 6.28695
62.99000 3934 6.27456
63.00000 3918 6.26224
63.01000 3891 6.23783
63.02000 3964 6.29941
63.03000 3961 6.29941
63.04000 3896 6.23783
63.05000 3928 6.26224
63.06000 3898 6.23783
63.07000 3875 6.22573
63.08000 3881 6.22573
63.09000 3937 6.27456
63.10000 3921 6.26224
63.11000 3878 6.22573
63.12000 3943 6.27456
63.13000 3978 6.31194
63.14000 3910 6.25
63.15000 3884 6.23783
63.16000 3859 6.2137
63.17000 3994 6.32456
63.18000 3960 6.28695
63.19000 3944 6.27456
63.20000 3945 6.28695
63.21000 3975 6.29941
63.22000 3960 6.28695
63.23000 3934 6.27456
63.24000 3947 6.28695
63.25000 3905 6.25
63.26000 3944 6.27456
63.27000 3995 6.32456
63.28000 3936 6.27456
63.29000 3939 6.27456
63.30000 3917 6.26224
63.31000 3929 6.26224
63.32000 3967 6.29941
63.33000 4010 6.33724
63.34000 3977 6.31194
63.35000 3960 6.28695
63.36000 3965 6.29941
63.37000 3967 6.29941
63.38000 3996 6.32456
63.39000 3943 6.27456
63.40000 3945 6.28695
63.41000 3989 6.31194
63.42000 3954 6.28695
63.43000 3972 6.29941
63.44000 3950 6.28695
63.45000 3933 6.27456
63.46000 3949 6.28695
63.47000 3999 6.32456
63.48000 3958 6.28695
63.49000 3945 6.28695
63.50000 4030 6.35001
63.51000 4058 6.37577
63.52000 3997 6.32456
63.53000 4024 6.33724
63.54000 4005 6.32456
63.55000 3965 6.29941
63.56000 4018 6.33724
63.57000 3995 6.32456
63.58000 4007 6.32456
63.59000 4036 6.35001
63.60000 4037 6.35001
63.61000 4028 6.35001
63.62000 4075 6.38877
63.63000 4063 6.37577
63.64000 4016 6.33724
63.65000 3982 6.31194
63.66000 3978 6.31194
63.67000 3984 6.31194
63.68000 4018 6.33724
63.69000 4012 6.33724
63.70000 4046 6.36285
63.71000 4086 6.38877
63.72000 4035 6.35001
63.73000 4017 6.33724
63.74000 4067 6.37577
63.75000 4019 6.33724
63.76000 3968 6.29941
63.77000 4016 6.33724
63.78000 4085 6.38877
63.79000 4025 6.35001
63.80000 4030 6.35001
63.81000 4095 6.40184
63.82000 4093 6.40184
63.83000 4090 6.40184
63.84000 4047 6.36285
63.85000 4013 6.33724
63.86000 4009 6.33724
63.87000 4066 6.37577
63.88000 4115 6.415
63.89000 4117 6.415
63.90000 4148 6.44157
63.91000 4091 6.40184
63.92000 4114 6.415
63.93000 4133 6.42824
63.94000 4159 6.45497
63.95000 4134 6.42824
63.96000 4093 6.40184
63.97000 4084 6.38877
63.98000 4106 6.40184
63.99000 4115 6.415
64.00000 4137 6.42824
64.01000 4127 6.42824
64.02000 4118 6.415
64.03000 4100 6.40184
64.04000 4146 6.44157
64.05000 4183 6.46846
64.06000 4125 6.42824
64.07000 4105 6.40184
64.08000 4108 6.415
64.09000 4098 6.40184
64.10000 4093 6.40184
64.11000 4153 6.44157
64.12000 4182 6.46846
64.13000 4193 6.48204
64.14000 4172 6.45497
64.15000 4205 6.48204
64.16000 4162 6.45497
64.17000 4180 6.46846
64.18000 4187 6.46846
64.19000 4156 6.44157
64.20000 4160 6.45497
64.21000 4212 6.4957
64.22000 4236 6.50945
64.23000 4232 6.50945
64.24000 4196 6.48204
64.25000 4206 6.48204
64.26000 4185 6.46846
64.27000 4217 6.4957
64.28000 4173 6.45497
64.29000 4158 6.44157
64.30000 4158 6.44157
64.31000 4131 6.42824
64.32000 4139 6.42824
64.33000 4147 6.44157
64.34000 4159 6.45497
64.35000 4157 6.44157
64.36000 4161 6.45497
64.37000 4154 6.44157
64.38000 4137 6.42824
64.39000 4137 6.42824
64.40000 4066 6.37577
64.41000 4125 6.42824
64.42000 4124 6.42824
64.43000 4128 6.42824
64.44000 4150 6.44157
64.45000 4128 6.42824
64.46000 4107 6.415
64.47000 4064 6.37577
64.48000 4068 6.37577
64.49000 4037 6.35001
64.50000 4079 6.38877
64.51000 4056 6.36285
64.52000 4102 6.40184
64.53000 4063 6.37577
64.54000 3990 6.31194
64.55000 4072 6.37577
64.56000 4106 6.40184
64.57000 4122 6.415
64.58000 4057 6.37577
64.59000 4110 6.415
64.60000 4095 6.40184
64.61000 4068 6.37577
64.62000 4111 6.415
64.63000 4095 6.40184
64.64000 4100 6.40184
64.65000 4109 6.415
64.66000 4125 6.42824
64.67000 4063 6.37577
64.68000 4041 6.36285
64.69000 4028 6.35001
64.70000 4068 6.37577
64.71000 4051 6.36285
64.72000 4056 6.36285
64.73000 4111 6.415
64.74000 4050 6.36285
64.75000 4060 6.37577
64.76000 4100 6.40184
64.77000 4092 6.40184
64.78000 4095 6.40184
64.79000 4088 6.38877
64.80000 4054 6.36285
64.81000 4030 6.35001
64.82000 4027 6.35001
64.83000 4079 6.38877
64.84000 4095 6.40184
64.85000 4127 6.42824
64.86000 4072 6.37577
64.87000 3994 6.32456
64.88000 4001 6.32456
64.89000 4048 6.36285
64.90000 4034 6.35001
64.91000 4028 6.35001
64.92000 4044 6.36285
64.93000 4041 6.36285
64.94000 4044 6.36285
64.95000 4056 6.36285
64.96000 4027 6.35001
64.97000 4053 6.36285
64.98000 4048 6.36285
64.99000 4040 6.35001
65.00000 4057 6.37577
65.01000 4073 6.37577
65.02000 4096 6.40184
65.03000 4091 6.40184
65.04000 4036 6.35001
65.05000 4077 6.38877
65.06000 4042 6.36285
65.07000 4006 6.32456
65.08000 3988 6.31194
65.09000 4053 6.36285
65.10000 4049 6.36285
65.11000 4079 6.38877
65.12000 4074 6.38877
65.13000 4090 6.40184
65.14000 4076 6.38877
65.15000 4080 6.38877
65.16000 4068 6.37577
65.17000 4077 6.38877
65.18000 4079 6.38877
65.19000 4045 6.36285
65.20000 4121 6.415
65.21000 4110 6.415
65.22000 4104 6.40184
65.23000 4085 6.38877
65.24000 4103 6.40184
65.25000 4054 6.36285
65.26000 4048 6.36285
65.27000 4043 6.36285
65.28000 4041 6.36285
65.29000 4043 6.36285
65.30000 4055 6.36285
65.31000 4072 6.37577
65.32000 4063 6.37577
65.33000 4035 6.35001
65.34000 4073 6.37577
65.35000 4058 6.37577
65.36000 4043 6.36285
65.37000 4035 6.35001
65.38000 4033 6.35001
65.39000 4046 6.36285
65.40000 4037 6.35001
65.41000 4018 6.33724
65.42000 4022 6.33724
65.43000 4035 6.35001
65.44000 4007 6.32456
65.45000 4029 6.35001
65.46000 4040 6.35001
65.47000 4046 6.36285
65.48000 4058 6.37577
65.49000 4046 6.36285
65.50000 4062 6.37577
65.51000 4033 6.35001
65.52000 4100 6.40184
65.53000 4092 6.40184
65.54000 4066 6.37577
65.55000 4014 6.33724
65.56000 4102 6.40184
65.57000 4057 6.37577
65.58000 4056 6.36285
65.59000 4055 6.36285
65.60000 4021 6.33724
65.61000 4012 6.33724
65.62000 4044 6.36285
65.63000 4051 6.36285
65.64000 4043 6.36285
65.65000 4020 6.33724
65.66000 4076 6.38877
65.67000 4011 6.33724
65.68000 4032 6.35001
65.69000 4046 6.36285
65.70000 4064 6.37577
65.71000 4039 6.35001
65.72000 3962 6.29941
65.73000 3982 6.31194
65.74000 4024 6.33724
65.75000 4022 6.33724
65.76000 4043 6.36285
65.77000 4009 6.33724
65.78000 4008 6.32456
65.79000 4008 6.32456
65.80000 4006 6.32456
65.81000 4013 6.33724
65.82000 4078 6.38877
65.83000 3990 6.31194
65.84000 4060 6.37577
65.85000 4035 6.35001
65.86000 4066 6.37577
65.87000 4051 6.36285
65.88000 3969 6.29941
65.89000 3977 6.31194
65.90000 4011 6.33724
65.91000 4026 6.35001
65.92000 4004 6.32456
65.93000 4037 6.35001
65.94000 3989 6.31194
65.95000 3985 6.31194
65.96000 3994 6.32456
65.97000 4034 6.35001
65.98000 3991 6.31194
65.99000 3955 6.28695
66.00000 4007 6.32456
66.01000 3958 6.28695
66.02000 3928 6.26224
66.03000 3948 6.28695
66.04000 3946 6.28695
66.05000 4034 6.35001
66.06000 4021 6.33724
66.07000 3989 6.31194
66.08000 3994 6.32456
66.09000 3981 6.31194
66.10000 3955 6.28695
66.11000 4016 6.33724
66.12000 4028 6.35001
66.13000 4010 6.33724
66.14000 4077 6.38877
66.15000 4034 6.35001
66.16000 4023 6.33724
66.17000 4048 6.36285
66.18000 4048 6.36285
66.19000 3963 6.29941
66.20000 3981 6.31194
66.21000 4060 6.37577
66.22000 4072 6.37577
66.23000 4075 6.38877
66.24000 4034 6.35001
66.25000 4003 6.32456
66.26000 4060 6.37577
66.27000 4060 6.37577
66.28000 3992 6.31194
66.29000 4006 6.32456
66.30000 4048 6.36285
66.31000 4002 6.32456
66.32000 3969 6.29941
66.33000 4017 6.33724
66.34000 4022 6.33724
66.35000 3993 6.32456
66.36000 3974 6.29941
66.37000 4001 6.32456
66.38000 4006 6.32456
66.39000 3963 6.29941
66.40000 4021 6.33724
66.41000 4028 6.35001
66.42000 4012 6.33724
66.43000 4037 6.35001
66.44000 4056 6.36285
66.45000 4057 6.37577
66.46000 4053 6.36285
66.47000 4053 6.36285
66.48000 3978 6.31194
66.49000 3980 6.31194
66.50000 4024 6.33724
66.51000 4038 6.35001
66.52000 4021 6.33724
66.53000 3988 6.31194
66.54000 3991 6.31194
66.55000 4021 6.33724
66.56000 4056 6.36285
66.57000 4063 6.37577
66.58000 4058 6.37577
66.59000 3984 6.31194
66.60000 3978 6.31194
66.61000 4025 6.35001
66.62000 4046 6.36285
66.63000 4066 6.37577
66.64000 4087 6.38877
66.65000 4062 6.37577
66.66000 4017 6.33724
66.67000 3988 6.31194
66.68000 3995 6.32456
66.69000 4040 6.35001
66.70000 4013 6.33724
66.71000 4045 6.36285
66.72000 4075 6.38877
66.73000 4031 6.35001
66.74000 3983 6.31194
66.75000 3986 6.31194
66.76000 4061 6.37577
66.77000 4049 6.36285
66.78000 4045 6.36285
66.79000 4017 6.33724
66.80000 4066 6.37577
66.81000 4104 6.40184
66.82000 4078 6.38877
66.83000 4075 6.38877
66.84000 4026 6.35001
66.85000 4073 6.37577
66.86000 4019 6.33724
66.87000 4009 6.33724
66.88000 4010 6.33724
66.89000 3996 6.32456
66.90000 4029 6.35001
66.91000 4009 6.33724
66.92000 4016 6.33724
66.93000 3988 6.31194
66.94000 3962 6.29941
66.95000 3985 6.31194
66.96000 3984 6.31194
66.97000 4063 6.37577
66.98000 4036 6.35001
66.99000 4010 6.33724
67.00000 4067 6.37577
67.01000 4011 6.33724
67.02000 3987 6.31194
67.03000 4018 6.33724
67.04000 4049 6.36285
67.05000 4068 6.37577
67.06000 4045 6.36285
67.07000 4012 6.33724
67.08000 4019 6.33724
67.09000 4009 6.33724
67.10000 3965 6.29941
67.11000 4028 6.35001
67.12000 3972 6.29941
67.13000 3947 6.28695
67.14000 3962 6.29941
67.15000 3985 6.31194
67.16000 3959 6.28695
67.17000 3942 6.27456
67.18000 3983 6.31194
67.19000 3951 6.28695
67.20000 3946 6.28695
67.21000 3984 6.31194
67.22000 3983 6.31194
67.23000 4012 6.33724
67.24000 4019 6.33724
67.25000 4020 6.33724
67.26000 3973 6.29941
67.27000 4018 6.33724
67.28000 4066 6.37577
67.29000 4054 6.36285
67.30000 4001 6.32456
67.31000 3985 6.31194
67.32000 3992 6.31194
67.33000 4024 6.33724
67.34000 3998 6.32456
67.35000 4070 6.37577
67.36000 4020 6.33724
67.37000 3999 6.32456
67.38000 3975 6.29941
67.39000 3963 6.29941
67.40000 3981 6.31194
67.41000 4008 6.32456
67.42000 3990 6.31194
67.43000 4004 6.32456
67.44000 4010 6.33724
67.45000 4019 6.33724
67.46000 4037 6.35001
67.47000 4000 6.32456
67.48000 3967 6.29941
67.49000 3946 6.28695
67.50000 3967 6.29941
67.51000 3958 6.28695
67.52000 4031 6.35001
67.53000 4023 6.33724
67.54000 3945 6.28695
67.55000 3977 6.31194
67.56000 4015 6.33724
67.57000 4014 6.33724
67.58000 4042 6.36285
67.59000 3956 6.28695
67.60000 3949 6.28695
67.61000 3953 6.28695
67.62000 3936 6.27456
67.63000 3905 6.25
67.64000 3895 6.23783
67.65000 3962 6.29941
67.66000 3948 6.28695
67.67000 3948 6.28695
67.68000 3986 6.31194
67.69000 3993 6.32456
67.70000 3978 6.31194
67.71000 4059 6.37577
67.72000 3953 6.28695
67.73000 3983 6.31194
67.74000 3962 6.29941
67.75000 3948 6.28695
67.76000 3923 6.26224
67.77000 3961 6.29941
67.78000 3958 6.28695
67.79000 4003 6.32456
67.80000 3948 6.28695
67.81000 4001 6.32456
67.82000 4016 6.33724
67.83000 3998 6.32456
67.84000 4045 6.36285
67.85000 4035 6.35001
67.86000 3953 6.28695
67.87000 4001 6.32456
67.88000 4069 6.37577
67.89000 4026 6.35001
67.90000 3996 6.32456
67.91000 4004 6.32456
67.92000 4044 6.36285
67.93000 3972 6.29941
67.94000 3927 6.26224
67.95000 3958 6.28695
67.96000 4039 6.35001
67.97000 3977 6.31194
67.98000 3966 6.29941
67.99000 3962 6.29941
68.00000 3992 6.31194
68.01000 3971 6.29941
68.02000 4000 6.32456
68.03000 3964 6.29941
68.04000 3959 6.28695
68.05000 4006 6.32456
68.06000 3967 6.29941
68.07000 3943 6.27456
68.08000 3981 6.31194
68.09000 3927 6.26224
68.10000 3954 6.28695
68.11000 3977 6.31194
68.12000 4005 6.32456
68.13000 4019 6.33724
68.14000 4015 6.33724
68.15000 4008 6.32456
68.16000 3948 6.28695
68.17000 3953 6.28695
68.18000 3982 6.31194
68.19000 3973 6.29941
68.20000 3998 6.32456
68.21000 4023 6.33724
68.22000 4026 6.35001
68.23000 3962 6.29941
68.24000 4019 6.33724
68.25000 4031 6.35001
68.26000 4002 6.32456
68.27000 3972 6.29941
68.28000 3970 6.29941
68.29000 4009 6.33724
68.30000 3982 6.31194
68.31000 3952 6.28695
68.32000 3982 6.31194
68.33000 4029 6.35001
68.34000 4039 6.35001
68.35000 4014 6.33724
68.36000 3977 6.31194
68.37000 4036 6.35001
68.38000 4067 6.37577
68.39000 4039 6.35001
68.40000 3983 6.31194
68.41000 3998 6.32456
68.42000 4036 6.35001
68.43000 3957 6.28695
68.44000 3977 6.31194
68.45000 4010 6.33724
68.46000 4064 6.37577
68.47000 4032 6.35001
68.48000 4054 6.36285
68.49000 3991 6.31194
68.50000 4009 6.33724
68.51000 4015 6.33724
68.52000 3981 6.31194
68.53000 4011 6.33724
68.54000 4060 6.37577
68.55000 4016 6.33724
68.56000 3975 6.29941
68.57000 4001 6.32456
68.58000 3988 6.31194
68.59000 3990 6.31194
68.60000 3946 6.28695
68.61000 3970 6.29941
68.62000 4004 6.32456
68.63000 3999 6.32456
68.64000 3952 6.28695
68.65000 3941 6.27456
68.66000 3951 6.28695
68.67000 3985 6.31194
68.68000 4029 6.35001
68.69000 3942 6.27456
68.70000 3945 6.28695
68.71000 3958 6.28695
68.72000 3983 6.31194
68.73000 3939 6.27456
68.74000 3936 6.27456
68.75000 3949 6.28695
68.76000 3951 6.28695
68.77000 3935 6.27456
68.78000 3930 6.27456
68.79000 3978 6.31194
68.80000 3911 6.25
68.81000 3947 6.28695
68.82000 3999 6.32456
68.83000 3993 6.32456
68.84000 4052 6.36285
68.85000 3996 6.32456
68.86000 3966 6.29941
68.87000 3946 6.28695
68.88000 3917 6.26224
68.89000 3982 6.31194
68.90000 4006 6.32456
68.91000 3996 6.32456
68.92000 3987 6.31194
68.93000 3979 6.31194
68.94000 4020 6.33724
68.95000 4018 6.33724
68.96000 3976 6.29941
68.97000 3940 6.27456
68.98000 3926 6.26224
68.99000 3906 6.25
69.00000 3863 6.2137
69.01000 3950 6.28695
69.02000 3945 6.28695
69.03000 3947 6.28695
69.04000 4023 6.33724
69.05000 3995 6.32456
69.06000 3998 6.32456
69.07000 3989 6.31194
69.08000 4007 6.32456
69.09000 3954 6.28695
69.10000 3942 6.27456
69.11000 3954 6.28695
69.12000 3964 6.29941
69.13000 3999 6.32456
69.14000 3979 6.31194
69.15000 4000 6.32456
69.16000 3958 6.28695
69.17000 3922 6.26224
69.18000 3942 6.27456
69.19000 3934 6.27456
69.20000 4002 6.32456
69.21000 3947 6.28695
69.22000 3934 6.27456
69.23000 3989 6.31194
69.24000 3973 6.29941
69.25000 3907 6.25
69.26000 3921 6.26224
69.27000 3955 6.28695
69.28000 3914 6.26224
69.29000 3904 6.25
69.30000 3895 6.23783
69.31000 3900 6.25
69.32000 3904 6.25
69.33000 3937 6.27456
69.34000 3930 6.27456
69.35000 3905 6.25
69.36000 3890 6.23783
69.37000 3835 6.18984
69.38000 3861 6.2137
69.39000 3877 6.22573
69.40000 3876 6.22573
69.41000 3872 6.22573
69.42000 3851 6.20174
69.43000 3907 6.25
69.44000 3919 6.26224
69.45000 3876 6.22573
69.46000 3909 6.25
69.47000 3876 6.22573
69.48000 3863 6.2137
69.49000 3905 6.25
69.50000 3882 6.22573
69.51000 3933 6.27456
69.52000 3884 6.23783
69.53000 3868 6.2137
69.54000 3849 6.20174
69.55000 3870 6.22573
69.56000 3846 6.20174
69.57000 3895 6.23783
69.58000 3873 6.22573
69.59000 3923 6.26224
69.60000 3895 6.23783
69.61000 3905 6.25
69.62000 3912 6.25
69.63000 3895 6.23783
69.64000 3927 6.26224
69.65000 3942 6.27456
69.66000 3901 6.25
69.67000 3880 6.22573
69.68000 3892 6.23783
69.69000 3911 6.25
69.70000 3910 6.25
69.71000 3958 6.28695
69.72000 3935 6.27456
69.73000 3947 6.28695
69.74000 3945 6.28695
69.75000 3924 6.26224
69.76000 3870 6.22573
69.77000 3884 6.23783
69.78000 3958 6.28695
69.79000 3963 6.29941
69.80000 3922 6.26224
69.81000 3949 6.28695
69.82000 3911 6.25
69.83000 3914 6.26224
69.84000 3979 6.31194
69.85000 3965 6.29941
69.86000 3911 6.25
69.87000 3924 6.26224
69.88000 3884 6.23783
69.89000 3902 6.25
69.90000 3869 6.22573
69.91000 3925 6.26224
69.92000 3972 6.29941
69.93000 3967 6.29941
69.94000 3982 6.31194
69.95000 3930 6.27456
69.96000 3946 6.28695
69.97000 3939 6.27456
69.98000 3930 6.27456
69.99000 3924 6.26224
70.00000 3921 6.26224
70.01000 3957 6.28695
70.02000 3936 6.27456
70.03000 3938 6.27456
70.04000 3985 6.31194
70.05000 3979 6.31194
70.06000 3935 6.27456
70.07000 3912 6.25
70.08000 3899 6.25
70.09000 3940 6.27456
70.10000 3911 6.25
70.11000 3942 6.27456
70.12000 3947 6.28695
70.13000 3943 6.27456
70.14000 3971 6.29941
70.15000 3955 6.28695
70.16000 3949 6.28695
70.17000 3956 6.28695
70.18000 3920 6.26224
70.19000 3938 6.27456
70.20000 3946 6.28695
70.21000 4016 6.33724
70.22000 4018 6.33724
70.23000 3956 6.28695
70.24000 3937 6.27456
70.25000 3942 6.27456
70.26000 3949 6.28695
70.27000 4001 6.32456
70.28000 3972 6.29941
70.29000 3937 6.27456
70.30000 3960 6.28695
70.31000 3904 6.25
70.32000 3890 6.23783
70.33000 3890 6.23783
70.34000 3862 6.2137
70.35000 3939 6.27456
70.36000 3952 6.28695
70.37000 3988 6.31194
70.38000 3988 6.31194
70.39000 3972 6.29941
70.40000 3951 6.28695
70.41000 3906 6.25
70.42000 3912 6.25
70.43000 3876 6.22573
70.44000 3911 6.25
70.45000 3960 6.28695
70.46000 4013 6.33724
70.47000 3911 6.25
70.48000 3872 6.22573
70.49000 3892 6.23783
70.50000 3917 6.26224
70.51000 3968 6.29941
70.52000 3945 6.28695
70.53000 3934 6.27456
70.54000 3910 6.25
70.55000 3934 6.27456
70.56000 3908 6.25
70.57000 3892 6.23783
70.58000 3858 6.2137
70.59000 3878 6.22573
70.60000 3867 6.2137
70.61000 3848 6.20174
70.62000 3879 6.22573
70.63000 3899 6.25
70.64000 3877 6.22573
70.65000 3895 6.23783
70.66000 3898 6.23783
70.67000 3845 6.20174
70.68000 3831 6.18984
70.69000 3840 6.20174
70.70000 3866 6.2137
70.71000 3907 6.25
70.72000 3907 6.25
70.73000 3911 6.25
70.74000 3887 6.23783
70.75000 3899 6.25
70.76000 3906 6.25
70.77000 3897 6.23783
70.78000 3876 6.22573
70.79000 3864 6.2137
70.80000 3897 6.23783
70.81000 3860 6.2137
70.82000 3839 6.20174
70.83000 3844 6.20174
70.84000 3854 6.2137
70.85000 3884 6.23783
70.86000 3844 6.20174
70.87000 3902 6.25
70.88000 3871 6.22573
70.89000 3878 6.22573
70.90000 3867 6.2137
70.91000 3839 6.20174
70.92000 3846 6.20174
70.93000 3863 6.2137
70.94000 3799 6.16626
70.95000 3810 6.17802
70.96000 3834 6.18984
70.97000 3819 6.17802
70.98000 3870 6.22573
70.99000 3892 6.23783
71.00000 3868 6.2137
71.01000 3829 6.18984
71.02000 3848 6.20174
71.03000 3870 6.22573
71.04000 3912 6.25
71.05000 3881 6.22573
71.06000 3860 6.2137
71.07000 3869 6.22573
71.08000 3870 6.22573
71.09000 3823 6.17802
71.10000 3810 6.17802
71.11000 3832 6.18984
71.12000 3894 6.23783
71.13000 3863 6.2137
71.14000 3840 6.20174
71.15000 3870 6.22573
71.16000 3856 6.2137
71.17000 3903 6.25
71.18000 3888 6.23783
71.19000 3913 6.25
71.20000 3895 6.23783
71.21000 3901 6.25
71.22000 3856 6.2137
71.23000 3864 6.2137
71.24000 3919 6.26224
71.25000 3857 6.2137
71.26000 3841 6.20174
71.27000 3894 6.23783
71.28000 3912 6.25
71.29000 3892 6.23783
71.30000 3872 6.22573
71.31000 3914 6.26224
71.32000 3928 6.26224
71.33000 3872 6.22573
71.34000 3881 6.22573
71.35000 3849 6.20174
71.36000 3864 6.2137
71.37000 3919 6.26224
71.38000 3916 6.26224
71.39000 3882 6.22573
71.40000 3901 6.25
71.41000 3900 6.25
71.42000 3911 6.25
71.43000 3901 6.25
71.44000 3907 6.25
71.45000 3939 6.27456
71.46000 3886 6.23783
71.47000 3923 6.26224
71.48000 3954 6.28695
71.49000 3935 6.27456
71.50000 3932 6.27456
71.51000 3956 6.28695
71.52000 3931 6.27456
71.53000 3971 6.29941
71.54000 3951 6.28695
71.55000 3952 6.28695
71.56000 3900 6.25
71.57000 3957 6.28695
71.58000 3939 6.27456
71.59000 3919 6.26224
71.60000 3937 6.27456
71.61000 3989 6.31194
71.62000 3985 6.31194
71.63000 4000 6.32456
71.64000 4015 6.33724
71.65000 3960 6.28695
71.66000 3940 6.27456
71.67000 4016 6.33724
71.68000 4031 6.35001
71.69000 4038 6.35001
71.70000 4001 6.32456
71.71000 3951 6.28695
71.72000 3988 6.31194
71.73000 3989 6.31194
71.74000 4010 6.33724
71.75000 3968 6.29941
71.76000 3985 6.31194
71.77000 4001 6.32456
71.78000 3976 6.29941
71.79000 3968 6.29941
71.80000 3896 6.23783
71.81000 3942 6.27456
71.82000 3958 6.28695
71.83000 3973 6.29941
71.84000 3936 6.27456
71.85000 3929 6.26224
71.86000 3995 6.32456
71.87000 3970 6.29941
71.88000 3968 6.29941
71.89000 3951 6.28695
71.90000 3981 6.31194
71.91000 4014 6.33724
71.92000 3991 6.31194
71.93000 4002 6.32456
71.94000 4014 6.33724
71.95000 4018 6.33724
71.96000 3972 6.29941
71.97000 3964 6.29941
71.98000 3984 6.31194
71.99000 3949 6.28695
72.00000 3952 6.28695
72.01000 3901 6.25
72.02000 3924 6.26224
72.03000 3913 6.25
72.04000 3932 6.27456
72.05000 3890 6.23783
72.06000 3895 6.23783
72.07000 3927 6.26224
72.08000 3946 6.28695
72.09000 3907 6.25
72.10000 3895 6.23783
72.11000 3956 6.28695
72.12000 3975 6.29941
72.13000 3959 6.28695
72.14000 3961 6.29941
72.15000 3940 6.27456
72.16000 3949 6.28695
72.17000 3965 6.29941
72.18000 3890 6.23783
72.19000 3937 6.27456
72.20000 3956 6.28695
72.21000 3970 6.29941
72.22000 3994 6.32456
72.23000 3975 6.29941
72.24000 3959 6.28695
72.25000 3982 6.31194
72.26000 3979 6.31194
72.27000 3975 6.29941
72.28000 3966 6.29941
72.29000 3978 6.31194
72.30000 3969 6.29941
72.31000 3952 6.28695
72.32000 3947 6.28695
72.33000 3901 6.25
72.34000 3909 6.25
72.35000 3926 6.26224
72.36000 3918 6.26224
72.37000 3937 6.27456
72.38000 3921 6.26224
72.39000 3928 6.26224
72.40000 3955 6.28695
72.41000 3973 6.29941
72.42000 3932 6.27456
72.43000 3896 6.23783
72.44000 3942 6.27456
72.45000 3897 6.23783
72.46000 3859 6.2137
72.47000 3899 6.25
72.48000 3929 6.26224
72.49000 3915 6.26224
72.50000 3898 6.23783
72.51000 3976 6.29941
72.52000 3974 6.29941
72.53000 3921 6.26224
72.54000 3978 6.31194
72.55000 3925 6.26224
72.56000 3921 6.26224
72.57000 3927 6.26224
72.58000 3975 6.29941
72.59000 3902 6.25
72.60000 3926 6.26224
72.61000 3956 6.28695
72.62000 3958 6.28695
72.63000 3935 6.27456
72.64000 3948 6.28695
72.65000 3940 6.27456
72.66000 3947 6.28695
72.67000 3949 6.28695
72.68000 3901 6.25
72.69000 3959 6.28695
72.70000 3940 6.27456
72.71000 3936 6.27456
72.72000 3985 6.31194
72.73000 3991 6.31194
72.74000 3953 6.28695
72.75000 3945 6.28695
72.76000 3978 6.31194
72.77000 3973 6.29941
72.78000 3968 6.29941
72.79000 3926 6.26224
72.80000 3910 6.25
72.81000 3885 6.23783
72.82000 3911 6.25
72.83000 3960 6.28695
72.84000 3908 6.25
72.85000 3880 6.22573
72.86000 3938 6.27456
72.87000 3894 6.23783
72.88000 3923 6.26224
72.89000 3927 6.26224
72.90000 3909 6.25
72.91000 3871 6.22573
72.92000 3872 6.22573
72.93000 3876 6.22573
72.94000 3926 6.26224
72.95000 3891 6.23783
72.96000 3865 6.2137
72.97000 3877 6.22573
72.98000 3868 6.2137
72.99000 3899 6.25
73.00000 3883 6.22573
73.01000 3847 6.20174
73.02000 3887 6.23783
73.03000 3886 6.23783
73.04000 3835 6.18984
73.05000 3817 6.17802
73.06000 3838 6.18984
73.07000 3849 6.20174
73.08000 3863 6.2137
73.09000 3843 6.20174
73.10000 3846 6.20174
73.11000 3884 6.23783
73.12000 3897 6.23783
73.13000 3862 6.2137
73.14000 3879 6.22573
73.15000 3842 6.20174
73.16000 3857 6.2137
73.17000 3866 6.2137
73.18000 3851 6.20174
73.19000 3851 6.20174
73.20000 3852 6.20174
73.21000 3836 6.18984
73.22000 3862 6.2137
73.23000 3845 6.20174
73.24000 3877 6.22573
73.25000 3863 6.2137
73.26000 3868 6.2137
73.27000 3829 6.18984
73.28000 3838 6.18984
73.29000 3857 6.2137
73.30000 3835 6.18984
73.31000 3830 6.18984
73.32000 3855 6.2137
73.33000 3893 6.23783
73.34000 3875 6.22573
73.35000 3821 6.17802
73.36000 3800 6.16626
73.37000 3837 6.18984
73.38000 3838 6.18984
73.39000 3830 6.18984
73.40000 3842 6.20174
73.41000 3851 6.20174
73.42000 3848 6.20174
73.43000 3824 6.17802
73.44000 3805 6.16626
73.45000 3809 6.16626
73.46000 3837 6.18984
73.47000 3877 6.22573
73.48000 3875 6.22573
73.49000 3860 6.2137
73.50000 3850 6.20174
73.51000 3875 6.22573
73.52000 3862 6.2137
73.53000 3875 6.22573
73.54000 3827 6.18984
73.55000 3831 6.18984
73.56000 3834 6.18984
73.57000 3837 6.18984
73.58000 3848 6.20174
73.59000 3800 6.16626
73.60000 3804 6.16626
73.61000 3823 6.17802
73.62000 3847 6.20174
73.63000 3825 6.18984
73.64000 3817 6.17802
73.65000 3843 6.20174
73.66000 3879 6.22573
73.67000 3814 6.17802
73.68000 3858 6.2137
73.69000 3895 6.23783
73.70000 3845 6.20174
73.71000 3849 6.20174
73.72000 3847 6.20174
73.73000 3832 6.18984
73.74000 3854 6.2137
73.75000 3803 6.16626
73.76000 3861 6.2137
73.77000 3897 6.23783
73.78000 3832 6.18984
73.79000 3835 6.18984
73.80000 3838 6.18984
73.81000 3818 6.17802
73.82000 3791 6.15457
73.83000 3785 6.15457
73.84000 3752 6.1199
73.85000 3776 6.14295
73.86000 3848 6.20174
73.87000 3834 6.18984
73.88000 3836 6.18984
73.89000 3835 6.18984
73.90000 3836 6.18984
73.91000 3844 6.20174
73.92000 3784 6.15457
73.93000 3801 6.16626
73.94000 3863 6.2137
73.95000 3852 6.20174
73.96000 3845 6.20174
73.97000 3856 6.2137
73.98000 3841 6.20174
73.99000 3842 6.20174
74.00000 3839 6.20174
74.01000 3809 6.16626
74.02000 3831 6.18984
74.03000 3818 6.17802
74.04000 3831 6.18984
74.05000 3818 6.17802
74.06000 3839 6.20174
74.07000 3828 6.18984
74.08000 3830 6.18984
74.09000 3814 6.17802
74.10000 3879 6.22573
74.11000 3777 6.14295
74.12000 3800 6.16626
74.13000 3862 6.2137
74.14000 3837 6.18984
74.15000 3806 6.16626
74.16000 3851 6.20174
74.17000 3883 6.22573
74.18000 3893 6.23783
74.19000 3895 6.23783
74.20000 3907 6.25
74.21000 3903 6.25
74.22000 3855 6.2137
74.23000 3847 6.20174
74.24000 3866 6.2137
74.25000 3864 6.2137
74.26000 3838 6.18984
74.27000 3852 6.20174
74.28000 3832 6.18984
74.29000 3817 6.17802
74.30000 3865 6.2137
74.31000 3841 6.20174
74.32000 3870 6.22573
74.33000 3866 6.2137
74.34000 3814 6.17802
74.35000 3803 6.16626
74.36000 3814 6.17802
74.37000 3845 6.20174
74.38000 3831 6.18984
74.39000 3878 6.22573
74.40000 3850 6.20174
74.41000 3861 6.2137
74.42000 3880 6.22573
74.43000 3872 6.22573
74.44000 3856 6.2137
74.45000 3786 6.15457
74.46000 3818 6.17802
74.47000 3839 6.20174
74.48000 3804 6.16626
74.49000 3783 6.15457
74.50000 3850 6.20174
74.51000 3855 6.2137
74.52000 3892 6.23783
74.53000 3851 6.20174
74.54000 3844 6.20174
74.55000 3855 6.2137
74.56000 3868 6.2137
74.57000 3826 6.18984
74.58000 3868 6.2137
74.59000 3838 6.18984
74.60000 3848 6.20174
74.61000 3827 6.18984
74.62000 3804 6.16626
74.63000 3884 6.23783
74.64000 3862 6.2137
74.65000 3837 6.18984
74.66000 3884 6.23783
74.67000 3900 6.25
74.68000 3930 6.27456
74.69000 3885 6.23783
74.70000 3880 6.22573
74.71000 3869 6.22573
74.72000 3862 6.2137
74.73000 3878 6.22573
74.74000 3909 6.25
74.75000 3919 6.26224
74.76000 3947 6.28695
74.77000 3928 6.26224
74.78000 3928 6.26224
74.79000 3931 6.27456
74.80000 3898 6.23783
74.81000 3903 6.25
74.82000 3888 6.23783
74.83000 3908 6.25
74.84000 3864 6.2137
74.85000 3913 6.25
74.86000 3934 6.27456
74.87000 3940 6.27456
74.88000 3889 6.23783
74.89000 3907 6.25
74.90000 3938 6.27456
74.91000 3902 6.25
74.92000 3947 6.28695
74.93000 3962 6.29941
74.94000 3907 6.25
74.95000 3887 6.23783
74.96000 3913 6.25
74.97000 3901 6.25
74.98000 3927 6.26224
74.99000 3968 6.29941
75.00000 3954 6.28695
75.01000 3896 6.23783
75.02000 3892 6.23783
75.03000 3929 6.26224
75.04000 3865 6.2137
75.05000 3927 6.26224
75.06000 3918 6.26224
75.07000 3870 6.22573
75.08000 3872 6.22573
75.09000 3898 6.23783
75.10000 3861 6.2137
75.11000 3852 6.20174
75.12000 3868 6.2137
75.13000 3876 6.22573
75.14000 3944 6.27456
75.15000 3978 6.31194
75.16000 3948 6.28695
75.17000 3900 6.25
75.18000 3935 6.27456
75.19000 3907 6.25
75.20000 3934 6.27456
75.21000 3935 6.27456
75.22000 3921 6.26224
75.23000 3913 6.25
75.24000 3920 6.26224
75.25000 3897 6.23783
75.26000 3916 6.26224
75.27000 3959 6.28695
75.28000 3947 6.28695
75.29000 3883 6.22573
75.30000 3908 6.25
75.31000 3913 6.25
75.32000 3901 6.25
75.33000 3901 6.25
75.34000 3882 6.22573
75.35000 3947 6.28695
75.36000 3934 6.27456
75.37000 3944 6.27456
75.38000 3935 6.27456
75.39000 3938 6.27456
75.40000 4001 6.32456
75.41000 3965 6.29941
75.42000 3933 6.27456
75.43000 3897 6.23783
75.44000 3864 6.2137
75.45000 3829 6.18984
75.46000 3854 6.2137
75.47000 3911 6.25
75.48000 3871 6.22573
75.49000 3850 6.20174
75.50000 3879 6.22573
75.51000 3934 6.27456
75.52000 3943 6.27456
75.53000 3891 6.23783
75.54000 3922 6.26224
75.55000 3889 6.23783
75.56000 3861 6.2137
75.57000 3855 6.2137
75.58000 3908 6.25
75.59000 3905 6.25
75.60000 3892 6.23783
75.61000 3928 6.26224
75.62000 3933 6.27456
75.63000 3930 6.27456
75.64000 3902 6.25
75.65000 3836 6.18984
75.66000 3823 6.17802
75.67000 3807 6.16626
75.68000 3774 6.14295
75.69000 3804 6.16626
75.70000 3791 6.15457
75.71000 3812 6.17802
75.72000 3791 6.15457
75.73000 3777 6.14295
75.74000 3809 6.16626
75.75000 3782 6.15457
75.76000 3818 6.17802
75.77000 3769 6.14295
75.78000 3844 6.20174
75.79000 3809 6.16626
75.80000 3844 6.20174
75.81000 3863 6.2137
75.82000 3828 6.18984
75.83000 3811 6.17802
75.84000 3839 6.20174
75.85000 3773 6.14295
75.86000 3803 6.16626
75.87000 3796 6.16626
75.88000 3815 6.17802
75.89000 3887 6.23783
75.90000 3892 6.23783
75.91000 3858 6.2137
75.92000 3850 6.20174
75.93000 3837 6.18984
75.94000 3830 6.18984
75.95000 3856 6.2137
75.96000 3858 6.2137
75.97000 3864 6.2137
75.98000 3854 6.2137
75.99000 3862 6.2137
76.00000 3849 6.20174
76.01000 3856 6.2137
76.02000 3849 6.20174
76.03000 3869 6.22573
76.04000 3893 6.23783
76.05000 3878 6.22573
76.06000 3843 6.20174
76.07000 3807 6.16626
76.08000 3868 6.2137
76.09000 3809 6.16626
76.10000 3824 6.17802
76.11000 3858 6.2137
76.12000 3890 6.23783
76.13000 3884 6.23783
76.14000 3868 6.2137
76.15000 3848 6.20174
76.16000 3884 6.23783
76.17000 3830 6.18984
76.18000 3862 6.2137
76.19000 3869 6.22573
76.20000 3874 6.22573
76.21000 3857 6.2137
76.22000 3853 6.20174
76.23000 3863 6.2137
76.24000 3859 6.2137
76.25000 3837 6.18984
76.26000 3864 6.2137
76.27000 3884 6.23783
76.28000 3818 6.17802
76.29000 3786 6.15457
76.30000 3830 6.18984
76.31000 3810 6.17802
76.32000 3797 6.16626
76.33000 3844 6.20174
76.34000 3815 6.17802
76.35000 3775 6.14295
76.36000 3777 6.14295
76.37000 3833 6.18984
76.38000 3796 6.16626
76.39000 3817 6.17802
76.40000 3799 6.16626
76.41000 3819 6.17802
76.42000 3855 6.2137
76.43000 3903 6.25
76.44000 3814 6.17802
76.45000 3809 6.16626
76.46000 3828 6.18984
76.47000 3818 6.17802
76.48000 3817 6.17802
76.49000 3815 6.17802
76.50000 3782 6.15457
76.51000 3812 6.17802
76.52000 3846 6.20174
76.53000 3830 6.18984
76.54000 3842 6.20174
76.55000 3835 6.18984
76.56000 3849 6.20174
76.57000 3878 6.22573
76.58000 3904 6.25
76.59000 3891 6.23783
76.60000 3838 6.18984
76.61000 3811 6.17802
76.62000 3866 6.2137
76.63000 3874 6.22573
76.64000 3846 6.20174
76.65000 3826 6.18984
76.66000 3843 6.20174
76.67000 3845 6.20174
76.68000 3847 6.20174
76.69000 3856 6.2137
76.70000 3812 6.17802
76.71000 3854 6.2137
76.72000 3838 6.18984
76.73000 3866 6.2137
76.74000 3815 6.17802
76.75000 3810 6.17802
76.76000 3813 6.17802
76.77000 3838 6.18984
76.78000 3834 6.18984
76.79000 3796 6.16626
76.80000 3851 6.20174
76.81000 3849 6.20174
76.82000 3852 6.20174
76.83000 3833 6.18984
76.84000 3828 6.18984
76.85000 3857 6.2137
76.86000 3844 6.20174
76.87000 3797 6.16626
76.88000 3815 6.17802
76.89000 3813 6.17802
76.90000 3847 6.20174
76.91000 3805 6.16626
76.92000 3791 6.15457
76.93000 3852 6.20174
76.94000 3862 6.2137
76.95000 3847 6.20174
76.96000 3785 6.15457
76.97000 3816 6.17802
76.98000 3823 6.17802
76.99000 3794 6.15457
77.00000 3727 6.10847
77.01000 3784 6.15457
77.02000 3774 6.14295
77.03000 3784 6.15457
77.04000 3765 6.13139
77.05000 3835 6.18984
77.06000 3841 6.20174
77.07000 3804 6.16626
77.08000 3765 6.13139
77.09000 3788 6.15457
77.10000 3770 6.14295
77.11000 3737 6.10847
77.12000 3736 6.10847
77.13000 3823 6.17802
77.14000 3780 6.14295
77.15000 3822 6.17802
77.16000 3843 6.20174
77.17000 3784 6.15457
77.18000 3787 6.15457
77.19000 3816 6.17802
77.20000 3823 6.17802
77.21000 3847 6.20174
77.22000 3834 6.18984
77.23000 3779 6.14295
77.24000 3760 6.13139
77.25000 3745 6.1199
77.26000 3794 6.15457
77.27000 3768 6.14295
77.28000 3831 6.18984
77.29000 3810 6.17802
77.30000 3781 6.15457
77.31000 3767 6.14295
77.32000 3747 6.1199
77.33000 3762 6.13139
77.34000 3728 6.10847
77.35000 3767 6.14295
77.36000 3828 6.18984
77.37000 3841 6.20174
77.38000 3809 6.16626
77.39000 3776 6.14295
77.40000 3785 6.15457
77.41000 3827 6.18984
77.42000 3834 6.18984
77.43000 3827 6.18984
77.44000 3814 6.17802
77.45000 3835 6.18984
77.46000 3782 6.15457
77.47000 3796 6.16626
77.48000 3823 6.17802
77.49000 3839 6.20174
77.50000 3809 6.16626
77.51000 3787 6.15457
77.52000 3789 6.15457
77.53000 3778 6.14295
77.54000 3830 6.18984
77.55000 3827 6.18984
77.56000 3776 6.14295
77.57000 3787 6.15457
77.58000 3803 6.16626
77.59000 3761 6.13139
77.60000 3782 6.15457
77.61000 3839 6.20174
77.62000 3824 6.17802
77.63000 3784 6.15457
77.64000 3812 6.17802
77.65000 3814 6.17802
77.66000 3813 6.17802
77.67000 3806 6.16626
77.68000 3813 6.17802
77.69000 3791 6.15457
77.70000 3752 6.1199
77.71000 3757 6.13139
77.72000 3738 6.10847
77.73000 3755 6.13139
77.74000 3821 6.17802
77.75000 3788 6.15457
77.76000 3831 6.18984
77.77000 3858 6.2137
77.78000 3828 6.18984
77.79000 3828 6.18984
77.80000 3831 6.18984
77.81000 3819 6.17802
77.82000 3811 6.17802
77.83000 3762 6.13139
77.84000 3775 6.14295
77.85000 3778 6.14295
77.86000 3829 6.18984
77.87000 3811 6.17802
77.88000 3835 6.18984
77.89000 3815 6.17802
77.90000 3806 6.16626
77.91000 3820 6.17802
77.92000 3867 6.2137
77.93000 3794 6.15457
77.94000 3868 6.2137
77.95000 3874 6.22573
77.96000 3888 6.23783
77.97000 3818 6.17802
77.98000 3799 6.16626
77.99000 3816 6.17802
78.00000 3822 6.17802
78.01000 3844 6.20174
78.02000 3801 6.16626
78.03000 3793 6.15457
78.04000 3825 6.18984
78.05000 3816 6.17802
78.06000 3858 6.2137
78.07000 3864 6.2137
78.08000 3895 6.23783
78.09000 3854 6.2137
78.10000 3851 6.20174
78.11000 3879 6.22573
78.12000 3855 6.2137
78.13000 3850 6.20174
78.14000 3859 6.2137
78.15000 3847 6.20174
78.16000 3844 6.20174
78.17000 3883 6.22573
78.18000 3883 6.22573
78.19000 3884 6.23783
78.20000 3837 6.18984
78.21000 3908 6.25
78.22000 3851 6.20174
78.23000 3812 6.17802
78.24000 3816 6.17802
78.25000 3814 6.17802
78.26000 3861 6.2137
78.27000 3857 6.2137
78.28000 3847 6.20174
78.29000 3841 6.20174
78.30000 3815 6.17802
78.31000 3840 6.20174
78.32000 3809 6.16626
78.33000 3852 6.20174
78.34000 3820 6.17802
78.35000 3836 6.18984
78.36000 3856 6.2137
78.37000 3827 6.18984
78.38000 3878 6.22573
78.39000 3846 6.20174
78.40000 3830 6.18984
78.41000 3852 6.20174
78.42000 3849 6.20174
78.43000 3807 6.16626
78.44000 3779 6.14295
78.45000 3768 6.14295
78.46000 3841 6.20174
78.47000 3836 6.18984
78.48000 3841 6.20174
78.49000 3781 6.15457
78.50000 3781 6.15457
78.51000 3788 6.15457
78.52000 3848 6.20174
78.53000 3857 6.2137
78.54000 3841 6.20174
78.55000 3834 6.18984
78.56000 3810 6.17802
78.57000 3838 6.18984
78.58000 3860 6.2137
78.59000 3836 6.18984
78.60000 3848 6.20174
78.61000 3851 6.20174
78.62000 3779 6.14295
78.63000 3831 6.18984
78.64000 3837 6.18984
78.65000 3822 6.17802
78.66000 3899 6.25
78.67000 3890 6.23783
78.68000 3838 6.18984
78.69000 3807 6.16626
78.70000 3823 6.17802
78.71000 3832 6.18984
78.72000 3786 6.15457
78.73000 3820 6.17802
78.74000 3819 6.17802
78.75000 3818 6.17802
78.76000 3849 6.20174
78.77000 3781 6.15457
78.78000 3811 6.17802
78.79000 3812 6.17802
78.80000 3878 6.22573
78.81000 3787 6.15457
78.82000 3821 6.17802
78.83000 3858 6.2137
78.84000 3868 6.2137
78.85000 3850 6.20174
78.86000 3801 6.16626
78.87000 3804 6.16626
78.88000 3839 6.20174
78.89000 3847 6.20174
78.90000 3844 6.20174
78.91000 3846 6.20174
78.92000 3814 6.17802
78.93000 3822 6.17802
78.94000 3843 6.20174
78.95000 3803 6.16626
78.96000 3825 6.18984
78.97000 3791 6.15457
78.98000 3794 6.15457
78.99000 3850 6.20174
79.00000 3864 6.2137
79.01000 3843 6.20174
79.02000 3868 6.2137
79.03000 3899 6.25
79.04000 3858 6.2137
79.05000 3901 6.25
79.06000 3898 6.23783
79.07000 3895 6.23783
79.08000 3875 6.22573
79.09000 3844 6.20174
79.10000 3894 6.23783
79.11000 3867 6.2137
79.12000 3886 6.23783
79.13000 3913 6.25
79.14000 3855 6.2137
79.15000 3815 6.17802
79.16000 3863 6.2137
79.17000 3879 6.22573
79.18000 3892 6.23783
79.19000 3861 6.2137
79.20000 3855 6.2137
79.21000 3891 6.23783
79.22000 3877 6.22573
79.23000 3828 6.18984
79.24000 3886 6.23783
79.25000 3854 6.2137
79.26000 3866 6.2137
79.27000 3922 6.26224
79.28000 3938 6.27456
79.29000 3911 6.25
79.30000 3917 6.26224
79.31000 3906 6.25
79.32000 3946 6.28695
79.33000 3948 6.28695
79.34000 3888 6.23783
79.35000 3850 6.20174
79.36000 3829 6.18984
79.37000 3902 6.25
79.38000 3950 6.28695
79.39000 3879 6.22573
79.40000 3852 6.20174
79.41000 3868 6.2137
79.42000 3868 6.2137
79.43000 3866 6.2137
79.44000 3865 6.2137
79.45000 3898 6.23783
79.46000 3912 6.25
79.47000 3850 6.20174
79.48000 3871 6.22573
79.49000 3904 6.25
79.50000 3917 6.26224
79.51000 3908 6.25
79.52000 3905 6.25
79.53000 3877 6.22573
79.54000 3880 6.22573
79.55000 3898 6.23783
79.56000 3889 6.23783
79.57000 3905 6.25
79.58000 3935 6.27456
79.59000 3946 6.28695
79.60000 3922 6.26224
79.61000 3937 6.27456
79.62000 3887 6.23783
79.63000 3861 6.2137
79.64000 3844 6.20174
79.65000 3831 6.18984
79.66000 3891 6.23783
79.67000 3953 6.28695
79.68000 3869 6.22573
79.69000 3850 6.20174
79.70000 3831 6.18984
79.71000 3810 6.17802
79.72000 3830 6.18984
79.73000 3870 6.22573
79.74000 3919 6.26224
79.75000 3909 6.25
79.76000 3944 6.27456
79.77000 3964 6.29941
79.78000 4030 6.35001
79.79000 3975 6.29941
79.80000 3967 6.29941
79.81000 3954 6.28695
79.82000 3940 6.27456
79.83000 3876 6.22573
79.84000 3891 6.23783
79.85000 3917 6.26224
79.86000 3906 6.25
79.87000 3913 6.25
79.88000 3953 6.28695
79.89000 3948 6.28695
79.90000 3961 6.29941
79.91000 3950 6.28695
79.92000 3902 6.25
79.93000 3910 6.25
79.94000 3909 6.25
79.95000 3919 6.26224
79.96000 3942 6.27456
79.97000 3928 6.26224
79.98000 3924 6.26224
79.99000 3880 6.22573
80.00000 3890 6.23783
