# columns: two_theta_deg intensity sigma
2.00100 1105.06 44.0653
2.00400 1104.12 41.2393
2.00700 1103.18 42.4859
2.01000 1102.24 43.1131
2.01300 1101.3 43.5607
2.01600 1100.37 41.7029
2.01900 1099.43 42.679
2.02200 1098.5 42.4859
2.02500 1097.57 41.8121
2.02800 1096.64 43.0331
2.03100 1095.71 42.8746
2.03400 1094.78 43.8951
2.03700 1093.86 41.7029
2.04000 1092.93 41.5227
2.04300 1092.01 41.7392
2.04600 1091.09 42.6014
2.04900 1090.17 43.4372
2.05200 1089.25 42.1825
2.05500 1088.33 42.22
2.05800 1087.42 41.5586
2.06100 1086.5 42.5628
2.06400 1085.59 41.3803
2.06700 1084.68 40.996
2.07000 1083.77 43.1934
2.07300 1082.86 43.9375
2.07600 1081.96 43.7688
2.07900 1081.06 41.6667
2.08200 1080.16 43.7269
2.08500 1079.26 43.6021
2.08800 1078.36 41.8854
2.09100 1077.46 44.0225
2.09400 1076.57 40.6894
2.09700 1075.67 42.2955
2.10000 1074.78 45.9315
2.10300 1073.89 42.1825
2.10600 1073 44.0225
2.10900 1072.12 40.3896
2.11200 1071.23 42.3334
2.11500 1070.35 40.3239
2.11800 1069.47 43.1532
2.12100 1068.59 44.0653
2.12400 1067.71 43.7688
2.12700 1066.84 41.5945
2.13000 1065.97 43.4372
2.13300 1065.1 42.6014
2.13600 1064.23 40.893
2.13900 1063.37 44.5435
2.14200 1062.51 43.3963
2.14500 1061.65 42.22
2.14800 1060.8 41.9961
2.15100 1059.94 44.0653
2.15400 1059.09 43.2742
2.15700 1058.23 41.2744
2.16000 1057.39 42.2955
2.16300 1056.54 43.9375
2.16600 1055.69 41.7756
2.16900 1054.85 44.1081
2.17200 1054.01 42.5628
2.17500 1053.18 42.145
2.17800 1052.35 42.4859
2.18100 1051.52 44.4994
2.18400 1050.69 43.7688
2.18700 1049.86 41.6667
2.19000 1049.04 42.5628
2.19300 1048.22 42.22
2.19600 1047.41 42.2955
2.19900 1046.6 44.0653
2.20200 1045.79 42.4476
2.20500 1044.99 42.7569
2.20800 1044.19 44.7214
2.21100 1043.39 42.9537
2.21400 1042.6 43.1934
2.21700 1041.81 43.1131
2.22000 1041.02 44.3242
2.22300 1040.24 44.4994
2.22600 1039.46 42.1825
2.22900 1038.69 44.4554
2.23200 1037.92 43.6021
2.23500 1037.16 41.3449
2.23800 1036.4 42.679
2.24100 1035.65 41.6667
2.24400 1034.9 41.9591
2.24700 1034.16 43.3148
2.25000 1033.42 44.4994
2.25300 1032.69 42.9141
2.25600 1031.96 42.6014
2.25900 1031.24 40.4888
2.26200 1030.53 42.4094
2.26500 1029.82 43.2338
2.26800 1029.12 42.8353
2.27100 1028.43 43.8529
2.27400 1027.74 40.7909
2.27700 1027.06 41.3449
2.28000 1026.39 44.0653
2.28300 1025.73 42.5243
2.28600 1025.08 43.1131
2.28900 1024.43 43.3963
2.29200 1023.8 43.1532
2.29500 1023.17 42.1825
2.29800 1022.55 42.6014
2.30100 1021.95 41.8121
2.30400 1021.36 42.7179
2.30700 1020.78 42.679
2.31000 1020.21 42.145
2.31300 1019.65 42.7569
2.31600 1019.11 42.5628
2.31900 1018.58 42.6014
2.32200 1018.07 42.1076
2.32500 1017.57 42.3334
2.32800 1017.09 43.3148
2.33100 1016.63 44.0225
2.33400 1016.19 40.9273
2.33700 1015.76 44.0653
2.34000 1015.36 41.6667
2.34300 1014.98 41.8121
2.34600 1014.62 44.4994
2.34900 1014.29 41.9591
2.35200 1013.99 44.0653
2.35500 1013.71 43.4372
2.35800 1013.47 43.2742
2.36100 1013.26 43.073
2.36400 1013.08 41.8487
2.36700 1012.94 41.6305
2.37000 1012.84 41.5945
2.37300 1012.79 42.6014
2.37600 1012.78 42.7179
2.37900 1012.82 42.6401
2.38200 1012.91 44.2807
2.38500 1013.07 43.3148
2.38800 1013.28 41.8121
2.39100 1013.57 44.2374
2.39400 1013.93 43.3148
2.39700 1014.37 39.7779
2.40000 1014.91 42.4094
2.40300 1015.54 42.9537
2.40600 1016.28 40.1934
2.40900 1017.13 43.5194
2.41200 1018.12 43.5607
2.41500 1019.25 42.8353
2.41800 1020.54 44.0653
2.42100 1022.01 43.8951
2.42400 1023.68 43.9799
2.42700 1025.57 44.2807
2.43000 1027.7 44.7214
2.43300 1030.12 43.4783
2.43600 1032.86 42.679
2.43900 1035.96 43.2338
2.44200 1039.48 41.9961
2.44500 1043.47 45.2679
2.44800 1048.01 42.6401
2.45100 1053.2 42.679
2.45400 1059.13 40.0963
2.45700 1065.95 43.9375
2.46000 1073.81 46.1757
2.46300 1082.94 44.1081
2.46600 1093.6 44.5435
2.46900 1106.17 44.9013
2.47200 1121.19 44.4994
2.47500 1139.64 44.4994
2.47800 1163.36 47.3514
2.48100 1196.02 46.9323
2.48400 1244.68 48.0015
2.48700 1321.61 52.778
2.49000 1445.66 50.5076
2.49300 1641.85 56.7048
2.49600 1938.23 57.1662
2.49900 2359.49 62.3783
2.50200 2920.13 70.1862
2.50500 3621.5 71.6115
2.50800 4453.49 81.6497
2.51100 5396.83 89.8027
2.51400 6425.27 95.7826
2.51700 7510.26 106.6
2.52000 8629.97 113.961
2.52300 9781.77 124.035
2.52600 10989.3 131.306
2.52900 12284.8 144.338
2.53200 13655.6 154.303
2.53500 14974.2 156.174
2.53800 15956.7 162.221
2.54100 16200.5 166.667
2.54400 15333.9 149.071
2.54700 13285.8 140.028
2.55000 10491.6 125.988
2.55300 7647.34 107.833
2.55600 5274.6 94.0721
2.55900 3578.12 82.7606
2.56200 2513.66 71.6115
2.56500 1913.09 64.4157
2.56800 1595.71 59.3391
2.57100 1427.62 57.8315
2.57400 1330.74 51.0976
2.57700 1267.02 51.7088
2.58000 1220.04 51.3665
2.58300 1182.97 46.6252
2.58600 1152.69 46.5746
2.58900 1127.49 47.6731
2.59200 1106.23 45.5961
2.59500 1088.11 43.6852
2.59800 1072.52 45.3143
2.60100 1058.98 45.98
2.60400 1047.14 43.7688
2.60700 1036.7 42.5243
2.61000 1027.45 42.7179
2.61300 1019.18 42.3714
2.61600 1011.76 42.2577
2.61900 1005.06 43.3148
2.62200 998.99 40.1934
2.62500 993.455 41.6667
2.62800 988.387 42.7179
2.63100 983.73 44.4116
2.63400 979.432 40.0642
2.63700 975.452 40.7231
2.64000 971.752 41.9961
2.64300 968.302 40.8589
2.64600 965.075 42.4859
2.64900 962.047 40.0642
2.65200 959.197 40.4888
2.65500 956.509 40.7231
2.65800 953.966 39.8094
2.66100 951.554 41.0305
2.66400 949.262 41.5586
2.66700 947.079 41.9961
2.67000 944.994 40.4888
2.67300 943.001 41.7392
2.67600 941.09 39.4362
2.67900 939.255 40.9616
2.68200 937.49 41.0997
2.68500 935.79 40.3896
2.68800 934.149 39.6526
2.69100 932.564 39.9043
2.69400 931.029 38.9841
2.69700 929.542 41.487
2.70000 928.098 40.757
2.70300 926.696 39.4669
2.70600 925.331 41.2393
2.70900 924.003 42.2955
2.71200 922.707 38.8955
2.71500 921.443 40.996
2.71800 920.207 41.9591
2.72100 918.999 40.2585
2.72400 917.817 39.7151
2.72700 916.659 41.3096
2.73000 915.523 41.3449
2.73300 914.409 42.3334
2.73600 913.316 38.6046
2.73900 912.241 39.375
2.74200 911.185 40.757
2.74500 910.145 38.49
2.74800 909.122 39.7779
2.75100 908.115 40.2911
2.75400 907.121 40.3239
2.75700 906.142 40.893
2.76000 905.176 40.4557
2.76300 904.223 40.5887
2.76600 903.282 39.0137
2.76900 902.352 41.3449
2.77200 901.433 39.5285
2.77500 900.525 39.5285
2.77800 899.626 38.8368
2.78100 898.737 38.4331
2.78400 897.857 38.6046
2.78700 896.986 39.1031
2.79000 896.123 41.2744
2.79300 895.268 39.3141
2.79600 894.422 38.5758
2.79900 893.582 39.4669
2.80200 892.75 40.4557
2.80500 891.925 37.2937
2.80800 891.106 40.1286
2.81100 890.294 39.9362
2.81400 889.488 38.6334
2.81700 888.688 39.968
2.82000 887.894 39.841
2.82300 887.105 39.7464
2.82600 886.322 38.8955
2.82900 885.544 39.8726
2.83200 884.771 40.3896
2.83500 884.003 39.3445
2.83800 883.24 37.0879
2.84100 882.481 38.6622
2.84400 881.727 38.1802
2.84700 880.978 39.7464
2.85000 880.232 38.7202
2.85300 879.491 38.3482
2.85600 878.754 38.0693
2.85900 878.02 39.4976
2.86200 877.291 39.2534
2.86500 876.565 39.5904
2.86800 875.843 38.8368
2.87100 875.124 39.1031
2.87400 874.409 38.0418
2.87700 873.697 37.3197
2.88000 872.988 39.4362
2.88300 872.283 38.1246
2.88600 871.583 39.4055
2.88900 870.887 39.9362
2.89200 870.196 38.292
2.89500 869.51 38.236
2.89800 868.831 35.2017
2.90100 868.143 38.9841
2.90400 867.459 39.1031
2.90700 866.777 37.8506
2.91000 866.098 38.6334
2.91300 865.421 38.236
2.91600 864.747 40.3239
2.91900 864.076 39.4976
2.92200 863.407 37.5823
2.92500 862.74 38.8661
2.92800 862.076 39.5904
2.93100 861.415 38.8368
2.93400 860.755 37.6089
2.93700 860.098 36.9611
2.94000 859.443 38.5758
2.94300 858.791 38.5472
2.94600 858.14 38.2639
2.94900 857.492 38.3765
2.95200 856.846 38.4331
2.95500 856.202 38.9545
2.95800 855.56 39.3445
2.96100 854.921 39.5285
2.96400 854.283 32.1745
2.96700 853.647 33.5201
2.97000 853.013 33.5389
2.97300 852.381 35.8287
2.97600 851.751 36.25
2.97900 851.123 35.8287
2.98200 850.497 37.6355
2.98500 849.873 35.8748
2.98800 849.251 35.9443
2.99100 848.63 36.0609
2.99400 848.011 37.2161
2.99700 847.394 36.7112
3.00000 846.779 37.3718
3.00300 846.166 36.7607
3.00600 845.554 35.4218
3.00900 844.944 35.8517
3.01200 844.336 38.1524
3.01500 843.729 35.5784
3.01800 843.124 35.1147
3.02100 842.521 34.3807
3.02400 841.919 36.0375
3.02700 841.319 36.8605
3.03000 840.721 36.3456
3.03300 840.124 36.4662
3.03600 839.529 34.6688
3.03900 838.936 36.5636
3.04200 838.344 36.8105
3.04500 837.753 36.5881
3.04800 837.165 36.5881
3.05100 836.578 37.0625
3.05400 835.992 36.8856
3.05700 835.407 36.2024
3.06000 834.825 37.9322
3.06300 834.243 34.7524
3.06600 833.664 36.5148
3.06900 833.085 36.5148
3.07200 832.508 37.0625
3.07500 831.933 34.5033
3.07800 831.359 35.3775
3.08100 830.786 36.3216
3.08400 830.215 35.8517
3.08700 829.646 35.6462
3.09000 829.077 37.4766
3.09300 828.511 35.6462
3.09600 827.945 34.7105
3.09900 827.381 35.2673
3.10200 826.818 36.0375
3.10500 826.257 35.4887
3.10800 825.697 35.6688
3.11100 825.139 35.9908
3.11400 824.581 35.6009
3.11700 824.026 35.5335
3.12000 823.471 35.9908
3.12300 822.918 36.8605
3.12600 822.367 34.9215
3.12900 821.818 35.4663
3.13200 821.271 36.3696
3.13500 820.726 35.4441
3.13800 820.18 35.8979
3.14100 819.634 35.4218
3.14400 819.091 36.6618
3.14700 818.548 35.9443
3.15000 818.007 36.8856
3.15300 817.467 35.5784
3.15600 816.928 35.5784
3.15900 816.39 35.9211
3.16200 815.854 35.8057
3.16500 815.319 34.8578
3.16800 814.785 35.8287
3.17100 814.253 34.5651
3.17400 813.722 34.4828
3.17700 813.192 37.5823
3.18000 812.663 35.6688
3.18300 812.136 34.9215
3.18600 811.61 34.6479
3.18900 811.085 36.1551
3.19200 810.561 34.1593
3.19500 810.038 35.8748
3.19800 809.517 35.8517
3.20100 808.997 34.7945
3.20400 808.478 34.2796
3.20700 807.961 33.9422
3.21000 807.445 35.2673
3.21300 806.93 37.4503
3.21600 806.416 36.1787
3.21900 805.903 35.6009
3.22200 805.392 35.9211
3.22500 804.881 34.7314
3.22800 804.373 35.2017
3.23100 803.869 37.8235
3.23400 803.368 36.1079
3.23700 802.874 35.1799
3.24000 802.37 35.1581
3.24300 801.866 34.8578
3.24600 801.364 36.8605
3.24900 800.863 34.8155
3.25200 800.363 33.8449
3.25500 799.864 34.1196
3.25800 799.367 37.1135
3.26100 798.87 36.2024
3.26400 798.375 35.0285
3.26700 797.88 37.8235
3.27000 797.387 35.9908
3.27300 796.895 36.2024
3.27600 796.405 36.1079
3.27900 795.916 35.3112
3.28200 795.429 35.8748
3.28500 794.945 34.1793
3.28800 794.461 36.1315
3.29100 793.976 33.445
3.29400 793.492 35.7371
3.29700 793.009 35.3333
3.30000 792.527 36.2738
3.30300 792.047 34.8155
3.30600 791.57 33.4825
3.30900 791.098 35.05
3.31200 790.628 35.7143
3.31500 790.164 34.9428
3.31800 789.695 35.2892
3.32100 789.221 34.8367
3.32400 788.748 35.9675
3.32700 788.276 34.2997
3.33000 787.806 35.1581
3.33300 787.337 35.4887
3.33600 786.871 34.3604
3.33900 786.408 36.5636
3.34200 785.949 36.442
3.34500 785.483 35.2235
3.34800 785.019 35.4218
3.35100 784.556 33.6336
3.35400 784.094 36.1315
3.35700 783.633 33.5578
3.36000 783.173 33.7869
3.36300 782.714 35.3112
3.36600 782.256 35.9908
3.36900 781.8 34.9642
3.37200 781.344 36.6126
3.37500 780.889 35.6462
3.37800 780.436 36.3696
3.38100 779.983 34.9215
3.38400 779.532 33.6527
3.38700 779.082 34.001
3.39000 778.632 37.1135
3.39300 778.184 36.25
3.39600 777.737 34.1993
3.39900 777.291 33.9618
3.40200 776.846 34.9642
3.40500 776.402 35.5559
3.40800 775.959 33.4263
3.41100 775.517 35.1581
3.41400 775.076 32.9154
3.41700 774.636 35.0285
3.42000 774.197 35.3333
3.42300 773.76 36.0375
3.42600 773.323 34.7105
3.42900 772.887 35.7599
3.43200 772.452 36.9611
3.43500 772.019 34.9215
3.43800 771.586 33.7292
3.44100 771.155 32.7385
3.44400 770.724 35.8057
3.44700 770.295 33.8643
3.45000 769.866 35.5784
3.45300 769.439 36.0141
3.45600 769.012 35.2454
3.45900 768.587 36.9611
3.46200 768.162 35.2454
3.46500 767.739 36.3937
3.46800 767.317 35.7143
3.47100 766.895 35.4887
3.47400 766.475 35.4887
3.47700 766.056 35.3996
3.48000 765.638 34.6896
3.48300 765.221 35.8748
3.48600 764.806 34.5444
3.48900 764.39 32.8443
3.49200 763.976 35.007
3.49500 763.563 35.6235
3.49800 763.151 36.7359
3.50100 762.74 35.3996
3.50400 762.329 34.001
3.50700 761.92 34.5651
3.51000 761.512 34.6064
3.51300 761.105 34.1793
3.51600 760.698 33.5013
3.51900 760.293 37.1647
3.52200 759.889 34.7105
3.52500 759.486 33.5957
3.52800 759.084 36.9107
3.53100 758.683 35.3553
3.53400 758.282 35.511
3.53700 757.883 35.2892
3.54000 757.485 33.6146
3.54300 757.088 34.0404
3.54600 756.692 35.2235
3.54900 756.296 34.1196
3.55200 755.902 35.1147
3.55500 755.509 33.9032
3.55800 755.117 33.6718
3.56100 754.726 34.2997
3.56400 754.335 33.5578
3.56700 753.948 34.0207
3.57000 753.581 34.1793
3.57300 753.25 34.7314
3.57600 752.984 35.007
3.57900 752.602 34.0601
3.58200 752.218 33.8255
3.58500 751.835 34.5444
3.58800 751.452 34.3199
3.59100 751.071 34.9002
3.59400 750.691 33.1497
3.59700 750.312 33.2964
3.60000 749.934 35.8748
3.60300 749.557 35.2673
3.60600 749.181 34.6272
3.60900 748.806 34.2393
3.61200 748.432 33.2045
3.61500 748.059 35.007
3.61800 747.689 34.879
3.62100 747.318 34.7105
3.62400 746.948 34.4418
3.62700 746.578 34.2393
3.63000 746.21 31.8788
3.63300 745.843 35.4441
3.63600 745.477 32.4956
3.63900 745.112 35.3333
3.64200 744.748 33.9814
3.64500 744.384 34.2997
3.64800 744.022 35.1581
3.65100 743.661 37.6355
3.65400 743.301 36.3696
3.65700 742.942 34.8367
3.66000 742.584 35.1147
3.66300 742.227 33.2045
3.66600 741.871 32.53
3.66900 741.516 33.8449
3.67200 741.162 34.2796
3.67500 740.81 32.9332
3.67800 740.459 33.8255
3.68100 740.109 35.8748
3.68400 739.759 32.969
3.68700 739.41 33.8062
3.69000 739.062 33.6718
3.69300 738.716 34.7524
3.69600 738.37 33.71
3.69900 738.025 36.0609
3.70200 737.681 33.5957
3.70500 737.338 33.9618
3.70800 736.997 32.862
3.71100 736.656 33.1862
3.71400 736.317 34.879
3.71700 735.978 34.0601
3.72000 735.641 35.2673
3.72300 735.306 35.3333
3.72600 734.972 33.6336
3.72900 734.64 33.4263
3.73200 734.31 33.9422
3.73500 733.982 34.5444
3.73800 733.652 34.6479
3.74100 733.322 36.0375
3.74400 732.993 35.2892
3.74700 732.665 33.7484
3.75000 732.338 31.8788
3.75300 732.013 34.0404
3.75600 731.689 35.8979
3.75900 731.365 35.2673
3.76200 731.043 33.9814
3.76500 730.722 33.6336
3.76800 730.402 34.3401
3.77100 730.083 36.1079
3.77400 729.766 34.001
3.77700 729.449 33.7484
3.78000 729.134 33.0771
3.78300 728.82 34.1593
3.78600 728.507 34.5238
3.78900 728.195 34.7314
3.79200 727.885 33.2964
3.79500 727.575 33.5013
3.79800 727.267 34.3199
3.80100 726.96 32.8443
3.80400 726.655 31.9928
3.80700 726.35 32.6512
3.81000 726.047 33.6527
3.81300 725.745 35.7371
3.81600 725.444 36.9358
3.81900 725.145 32.8089
3.82200 724.847 34.401
3.82500 724.55 34.0601
3.82800 724.255 32.7385
3.83100 723.961 34.3604
3.83400 723.668 33.4825
3.83700 723.377 32.7737
3.84000 723.087 36.6126
3.84300 722.798 33.4263
3.84600 722.511 33.1497
3.84900 722.226 33.5389
3.85200 721.941 33.9618
3.85500 721.659 33.8643
3.85800 721.377 34.001
3.86100 721.098 32.9154
3.86400 720.82 33.6909
3.86700 720.543 32.5645
3.87000 720.268 36.0375
3.87300 719.994 34.9856
3.87600 719.723 35.0715
3.87900 719.452 33.389
3.88200 719.184 35.2673
3.88500 718.917 33.6336
3.88800 718.652 32.9332
3.89100 718.389 35.4887
3.89400 718.127 33.5013
3.89700 717.868 32.969
3.90000 717.61 33.3704
3.90300 717.354 32.3423
3.90600 717.1 33.0049
3.90900 716.849 31.4037
3.91200 716.599 34.2594
3.91500 716.351 34.1993
3.91800 716.105 33.5767
3.92100 715.862 34.3604
3.92400 715.621 34.8155
3.92700 715.382 32.0585
3.93000 715.145 33.7292
3.93300 714.911 34.1993
3.93600 714.679 33.7484
3.93900 714.45 33.2228
3.94200 714.223 32.5818
3.94500 713.999 31.0535
3.94800 713.778 33.0049
3.95100 713.559 32.2413
3.95400 713.344 33.6909
3.95700 713.131 32.0092
3.96000 712.922 33.5578
3.96300 712.715 32.7913
3.96600 712.512 33.4825
3.96900 712.312 36.7359
3.97200 712.115 32.987
3.97500 711.922 32.6338
3.97800 711.735 35.1364
3.98100 711.553 33.4263
3.98400 711.376 33.5013
3.98700 711.191 32.987
3.99000 711.009 34.2997
3.99300 710.829 33.6718
3.99600 710.653 32.53
3.99900 710.48 33.2595
4.00200 710.311 34.5238
4.00500 710.145 33.5201
4.00800 709.983 26.5186
4.01100 709.823 29.0252
4.01400 709.662 28.6299
4.01700 709.482 29.4372
4.02000 709.343 31.895
4.02300 709.232 28.4095
4.02600 709.127 29.8941
4.02900 709.03 30.5709
4.03200 708.94 32.1911
4.03500 708.859 31.7821
4.03800 708.786 33.4077
4.04100 708.722 31.25
4.04400 708.668 30.7438
4.04700 708.624 30.1786
4.05000 708.59 32.8798
4.05300 708.567 32.0585
4.05600 708.556 30.2475
4.05900 708.557 29.6826
4.06200 708.572 30.2891
4.06500 708.6 31.8304
4.06800 708.644 32.4956
4.07100 708.703 30.9492
4.07400 708.778 31.6703
4.07700 708.872 31.8788
4.08000 708.985 32.1412
4.08300 709.118 32.4785
4.08600 709.273 30.9049
4.08900 709.452 30.8754
4.09200 709.655 33.1315
4.09500 709.885 32.2078
4.09800 710.145 32.721
4.10100 710.435 33.5389
4.10400 710.759 30.6858
4.10700 711.12 31.4503
4.11000 711.52 32.8089
4.11300 711.963 33.5013
4.11600 712.453 31.342
4.11900 712.993 30.7003
4.12200 713.589 33.445
4.12500 714.245 29.45
4.12800 714.969 31.4503
4.13100 715.764 31.5912
4.13400 716.639 30.846
4.13700 717.602 32.862
4.14000 718.663 32.1246
4.14300 719.833 30.9938
4.14600 721.123 31.6386
4.14900 722.548 31.7021
4.15200 724.125 32.0585
4.15500 725.872 31.6703
4.15800 727.816 30.8313
4.16100 729.985 31.895
4.16400 732.419 32.2245
4.16700 735.172 32.8089
4.17000 738.322 32.8798
4.17300 741.978 32.5128
4.17600 746.303 30.9938
4.17900 751.541 32.5645
4.18200 758.051 32.8798
4.18500 766.356 32.686
4.18800 777.204 33.2411
4.19100 791.637 34.1993
4.19400 811.062 34.3401
4.19700 837.32 35.2673
4.20000 872.723 36.25
4.20300 920.062 35.7599
4.20600 982.534 36.8605
4.20900 1063.59 37.8506
4.21200 1166.66 40.4226
4.21500 1294.78 41.7392
4.21800 1450.11 41.7029
4.22100 1633.33 47.0882
4.22400 1843.02 48.9702
4.22700 2075.15 50.8329
4.23000 2322.7 55.8146
4.23300 2575.57 58.722
4.23600 2821.01 60.8581
4.23900 3044.42 62.0174
4.24200 3230.57 64.5497
4.24500 3365.05 64.4157
4.24800 3435.92 67.5737
4.25100 3435.43 67.1156
4.25400 3361.75 64.4157
4.25700 3220.06 64.15
4.26000 3022.24 63.1194
4.26300 2784.77 62.0174
4.26600 2525.65 57.639
4.26900 2261.61 55.47
4.27200 2006.51 53.1494
4.27500 1770.65 49.4468
4.27800 1560.77 45.8831
4.28100 1380.34 44.9013
4.28400 1230.1 42.6014
4.28700 1108.64 38.4331
4.29000 1013.08 37.6889
4.29300 939.704 38.4615
4.29600 884.542 35.5335
4.29900 843.752 35.2892
4.30200 813.916 33.6336
4.30500 792.17 35.0715
4.30800 776.245 33.0229
4.31100 764.418 33.9422
4.31400 755.439 32.1412
4.31700 748.427 32.686
4.32000 742.785 32.3762
4.32300 738.113 31.75
4.32600 734.151 33.6336
4.32900 730.728 33.1497
4.33200 727.732 31.0985
4.33500 725.088 32.3423
4.33800 722.743 31.174
4.34100 720.66 32.1911
4.34400 718.807 31.1136
4.34700 717.164 30.9196
4.35000 715.713 32.987
4.35300 714.439 31.5127
4.35600 713.33 31.8304
4.35900 712.377 31.5754
4.36200 711.574 31.1136
4.36500 710.914 32.0585
4.36800 710.396 32.9154
4.37100 710.017 30.657
4.37400 709.778 31.5597
4.37700 709.681 31.2806
4.38000 709.731 32.2917
4.38300 709.934 32.2749
4.38600 710.298 31.3882
4.38900 710.838 30.8021
4.39200 711.568 32.1412
4.39500 712.512 31.544
4.39800 713.702 31.1136
4.40100 715.185 32.4443
4.40400 717.031 31.3266
4.40700 719.348 32.6686
4.41000 722.301 31.9275
4.41300 726.144 31.7821
4.41600 731.262 31.4658
4.41900 738.221 32.4443
4.42200 747.841 31.7181
4.42500 761.305 33.4263
4.42800 780.152 33.0409
4.43100 806.354 34.001
4.43400 841.916 36.6126
4.43700 889.532 35.5784
4.44000 952.157 38.1524
4.44300 1032.48 38.6912
4.44600 1132.67 41.2393
4.44900 1253.85 41.7392
4.45200 1395.52 45.1294
4.45500 1555.06 46.8807
4.45800 1727.26 50.5722
4.46100 1904.25 53.3002
4.46400 2075.81 53.2246
4.46700 2230.1 54.3928
4.47000 2354.82 57.9284
4.47300 2438.56 58.4206
4.47600 2472.31 57.5435
4.47900 2451.18 56.7962
4.48200 2375.78 57.073
4.48500 2252.94 53.0745
4.48800 2094.65 53.1494
4.49100 1915.38 52.5588
4.49400 1729.32 49.2068
4.49700 1548.38 47.2456
4.50000 1381.41 45.5488
4.50300 1234.08 41.4513
4.50600 1109.21 41.0305
4.50900 1007.17 38.1246
4.51200 926.554 37.4241
4.51500 864.783 35.5559
4.51800 818.7 35.8287
4.52100 785.062 35.9211
4.52400 760.877 33.8837
4.52700 743.601 33.0952
4.53000 731.209 33.1497
4.53300 722.179 32.721
4.53600 715.421 32.6512
4.53900 710.184 31.7021
4.54200 705.974 33.8255
4.54500 702.47 32.0421
4.54800 699.468 31.4347
4.55100 696.841 29.6045
4.55400 694.504 30.3588
4.55700 692.404 30.5852
4.56000 690.5 32.686
4.56300 688.764 33.1862
4.56600 687.175 28.9157
4.56900 685.713 31.5912
4.57200 684.363 30.6858
4.57500 683.114 29.1606
4.57800 681.954 31.8465
4.58100 680.873 33.1679
4.58400 679.863 31.2195
4.58700 678.918 31.6544
4.59000 678.031 30.7438
4.59300 677.196 31.9113
4.59600 676.408 30.5566
4.59900 675.664 32.5818
4.60200 674.959 31.6386
4.60500 674.29 29.8142
4.60800 673.654 31.497
4.61100 673.049 31.9765
4.61400 672.471 31.75
4.61700 671.919 29.4884
4.62000 671.39 31.1286
4.62300 670.884 31.6386
4.62600 670.397 31.2348
4.62900 669.93 29.5269
4.63200 669.48 31.6862
4.63500 669.046 30.5139
4.63800 668.628 30.1923
4.64100 668.224 30.6858
4.64400 667.833 29.6045
4.64700 667.454 30.6426
4.65000 667.088 30.8021
4.65300 666.732 32.075
4.65600 666.387 30.7875
4.65900 666.051 31.0385
4.66200 665.725 29.173
4.66500 665.408 29.7746
4.66800 665.099 31.4658
4.67100 664.797 32.4443
4.67400 664.503 29.6957
4.67700 664.217 30.2614
4.68000 663.937 31.5127
4.68300 663.663 31.1136
4.68600 663.396 30.7875
4.68900 663.134 31.3112
4.69200 662.878 31.5127
4.69500 662.628 29.173
4.69800 662.382 30.8021
4.70100 662.142 29.6304
4.70400 661.906 29.5915
4.70700 661.675 30.303
4.71000 661.449 29.3484
4.71300 661.226 30.7729
4.71600 661.008 28.5714
4.71900 660.794 30.1238
4.72200 660.584 32.4614
4.72500 660.377 29.4884
4.72800 660.174 32.1745
4.73100 659.975 31.75
4.73400 659.779 30.2891
4.73700 659.586 31.607
4.74000 659.397 31.1136
4.74300 659.21 31.544
4.74600 659.027 29.2603
4.74900 658.847 29.9342
4.75200 658.67 30.6426
4.75500 658.496 30.4997
4.75800 658.325 30.3309
4.76100 658.157 30.1238
4.76400 657.991 30.7148
4.76700 657.829 30.2337
4.77000 657.669 29.0742
4.77300 657.512 30.8901
4.77600 657.358 30.1374
4.77900 657.206 30.5566
4.78200 657.057 31.75
4.78500 656.911 30.8901
4.78800 656.768 29.2103
4.79100 656.627 30.657
4.79400 656.489 30.6138
4.79700 656.354 30.9196
4.80000 656.221 30.4997
4.80300 656.091 31.766
4.80600 655.964 30.9196
4.80900 655.84 30.7003
4.81200 655.719 31.0685
4.81500 655.6 30.7293
4.81800 655.485 30.6858
4.82100 655.372 31.9113
4.82400 655.262 30.7438
4.82700 655.156 32.0915
4.83000 655.052 30.8313
4.83300 654.952 30.303
4.83600 654.855 29.6957
4.83900 654.761 28.8195
4.84200 654.671 30.3588
4.84500 654.584 30.7293
4.84800 654.5 29.9074
4.85100 654.421 29.6826
4.85400 654.346 29.5527
4.85700 654.274 31.5912
4.86000 654.206 29.6174
4.86300 654.144 29.0619
4.86600 654.086 29.9745
4.86900 654.031 31.607
4.87200 653.982 32.1081
4.87500 653.938 30.6138
4.87800 653.899 31.0985
4.88100 653.871 28.4901
4.88400 653.86 30.5852
4.88700 653.839 28.677
4.89000 653.824 31.0385
4.89300 653.815 30.8167
4.89600 653.814 31.3266
4.89900 653.819 31.4192
4.90200 653.833 30.6426
4.90500 653.854 28.9886
4.90800 653.885 30.8607
4.91100 653.925 30.5139
4.91400 653.975 30.0285
4.91700 654.035 30.7293
4.92000 654.107 30.9344
4.92300 654.19 30.5281
4.92600 654.287 30.7003
4.92900 654.397 31.3112
4.93200 654.522 30.846
4.93500 654.663 29.3357
4.93800 654.821 30.5139
4.94100 654.998 30.3869
4.94400 655.195 30.7148
4.94700 655.413 30.1374
4.95000 655.655 31.9113
4.95300 655.923 31.0685
4.95600 656.218 29.7482
4.95900 656.544 31.766
4.96200 656.904 31.4658
4.96500 657.3 30.303
4.96800 657.736 31.1286
4.97100 658.217 30.303
4.97400 658.748 30.6858
4.97700 659.333 31.4192
4.98000 659.978 30.0557
4.98300 660.692 28.5249
4.98600 661.481 29.2979
4.98900 662.355 31.3728
4.99200 663.326 30.7583
4.99500 664.406 31.3882
4.99800 665.611 29.6695
5.00100 666.96 31.6228
5.00400 668.479 29.8941
5.00700 670.203 31.3112
5.01000 672.181 30.7148
5.01300 674.487 31.1136
5.01600 677.231 30.7583
5.01900 680.587 31.2959
5.02200 684.82 33.2595
5.02500 690.336 30.9492
5.02800 697.734 30.2614
5.03100 707.875 33.1862
5.03400 721.954 31.895
5.03700 741.556 31.5754
5.04000 768.685 33.1497
5.04300 805.735 31.8626
5.04600 855.378 33.8837
5.04900 920.336 34.1793
5.05200 1003.04 36.8605
5.05500 1105.16 36.1787
5.05800 1227.07 40.9616
5.06100 1367.25 43.0331
5.06400 1521.84 45.4077
5.06700 1684.3 46.7269
5.07000 1845.52 50.7673
5.07300 1994.4 52.7046
5.07600 2118.84 53.8382
5.07900 2207.22 55.2158
5.08200 2249.99 55.9017
5.08500 2241.46 53.0745
5.08800 2181.42 55.47
5.09100 2075.76 52.1996
5.09400 1935.53 48.1125
5.09700 1774.36 48.2805
5.10000 1605.68 46.3241
5.10300 1440.85 44.1081
5.10600 1288.34 40.5887
5.10900 1153.64 38.7783
5.11200 1039.5 37.0879
5.11500 946.353 35.6462
5.11800 872.94 36.7856
5.12100 816.874 34.1593
5.12400 775.225 33.6336
5.12700 744.979 33.9227
5.13000 723.363 32.8089
5.13300 708.028 32.3592
5.13600 697.115 32.5645
5.13900 689.23 31.1286
5.14200 683.383 31.1136
5.14500 678.896 30.4714
5.14800 675.324 32.2245
5.15100 672.381 31.734
5.15400 669.888 30.1648
5.15700 667.73 30.9049
5.16000 665.834 31.766
5.16300 664.152 31.766
5.16600 662.648 30.8901
5.16900 661.298 30.7729
5.17200 660.082 32.7035
5.17500 658.983 29.5398
5.17800 657.988 30.5281
5.18100 657.087 30.9641
5.18400 656.269 30.7148
5.18700 655.527 30.8607
5.19000 654.853 31.3574
5.19300 654.242 32.0421
5.19600 653.688 32.0092
5.19900 653.186 29.6045
5.20200 652.733 30.3869
5.20500 652.325 29.6174
5.20800 651.959 30.6282
5.21100 651.633 30.5709
5.21400 651.346 30.6282
5.21700 651.094 31.0236
5.22000 650.876 31.0236
5.22300 650.693 30.1923
5.22600 650.541 29.2478
5.22900 650.422 30.0692
5.23200 650.334 29.8807
5.23500 650.277 29.1606
5.23800 650.251 29.9476
5.24100 650.257 31.2348
5.24400 650.295 29.6045
5.24700 650.366 31.5127
5.25000 650.471 32.3254
5.25300 650.61 30.6138
5.25600 650.786 30.0015
5.25900 651 29.7878
5.26200 651.254 30.7875
5.26500 651.552 29.3231
5.26800 651.895 29.1482
5.27100 652.287 31.0236
5.27400 652.733 31.0535
5.27700 653.238 30.6714
5.28000 653.807 30.5852
5.28300 654.448 28.2166
5.28600 655.17 30.2475
5.28900 655.988 29.4372
5.29200 656.918 29.9611
5.29500 657.984 30.1923
5.29800 659.219 32.2078
5.30100 660.671 29.8674
5.30400 662.404 30.5995
5.30700 664.509 30.4997
5.31000 667.111 31.5283
5.31300 670.379 31.0087
5.31600 674.538 32.1412
5.31900 679.881 31.607
5.32200 686.781 32.2245
5.32500 695.7 30.8167
5.32800 707.195 30.4855
5.33100 721.917 33.389
5.33400 740.596 32.7913
5.33700 764.019 33.6146
5.34000 792.99 33.6909
5.34300 828.273 34.1394
5.34600 870.526 34.9856
5.34900 920.211 35.9211
5.35200 977.51 37.7695
5.35500 1042.23 37.0625
5.35800 1113.73 38.8368
5.36100 1190.81 40.9616
5.36400 1271.74 41.5227
5.36700 1354.16 44.9013
5.37000 1435.17 43.8108
5.37300 1511.41 46.1757
5.37600 1579.25 45.2216
5.37900 1635.01 48.0569
5.38200 1675.31 48.2243
5.38500 1697.43 47.8365
5.38800 1699.71 48.9702
5.39100 1681.82 46.5242
5.39400 1644.88 47.7274
5.39700 1591.35 46.4739
5.40000 1524.6 45.3609
5.40300 1448.49 45.1294
5.40600 1366.9 44.5878
5.40900 1283.38 41.1345
5.41200 1201.01 40.9273
5.41500 1122.26 40.893
5.41800 1049 39.5594
5.42100 982.502 39.5285
5.42400 923.512 37.2678
5.42700 872.282 35.8748
5.43000 828.673 34.1993
5.43300 792.238 34.0799
5.43600 762.322 33.4825
5.43900 738.143 33.8643
5.44200 718.872 32.8089
5.44500 703.689 31.5912
5.44800 691.834 31.734
5.45100 682.626 32.1081
5.45400 675.484 32.0092
5.45700 669.926 31.1891
5.46000 665.566 31.2195
5.46300 662.099 30.7293
5.46600 659.297 29.4756
5.46900 656.986 29.8674
5.47200 655.041 30.8607
5.47500 653.37 29.9208
5.47800 651.908 31.7021
5.48100 650.609 31.0385
5.48400 649.441 31.1286
5.48700 648.379 30.9049
5.49000 647.407 31.4503
5.49300 646.512 30.3449
5.49600 645.684 30.303
5.49900 644.916 30.303
5.50200 644.2 29.6435
5.50500 643.533 29.3864
5.50800 642.908 30.8167
5.51100 642.323 30.5424
5.51400 641.774 28.3069
5.51700 641.257 29.6174
5.52000 640.771 31.1136
5.52300 640.313 30.7003
5.52600 639.879 29.0619
5.52900 639.47 29.801
5.53200 639.082 30.6426
5.53500 638.714 31.3728
5.53800 638.365 31.5754
5.54100 638.033 30.8607
5.54400 637.718 30.415
5.54700 637.417 30.4009
5.55000 637.131 29.9208
5.55300 636.858 30.6858
5.55600 636.596 29.8275
5.55900 636.347 30.9196
5.56200 636.108 30.4009
5.56500 635.879 30.4009
5.56800 635.66 30.6714
5.57100 635.45 29.4628
5.57400 635.248 28.8916
5.57700 635.055 29.7219
5.58000 634.869 30.7729
5.58300 634.69 29.4118
5.58600 634.518 30.7875
5.58900 634.352 30.9789
5.59200 634.193 30.6426
5.59500 634.04 28.9642
5.59800 633.892 30.6282
5.60100 633.749 29.5527
5.60400 633.612 30.5566
5.60700 633.479 30.1786
5.61000 633.351 29.7878
5.61300 633.228 30.7003
5.61600 633.109 30.7729
5.61900 632.994 30.429
5.62200 632.883 28.8675
5.62500 632.776 28.6065
5.62800 632.674 29.4628
5.63100 632.577 30.3728
5.63400 632.481 29.9611
5.63700 632.389 30.5709
5.64000 632.299 30.0421
5.64300 632.213 29.6045
5.64600 632.131 28.7718
5.64900 632.051 30.4714
5.65200 631.974 29.7351
5.65500 631.9 29.2979
5.65800 631.83 30.2061
5.66100 631.762 29.3105
5.66400 631.697 29.5398
5.66700 631.634 30.3728
5.67000 631.575 27.7137
5.67300 631.519 30.7583
5.67600 631.465 29.2979
5.67900 631.414 30.2475
5.68200 631.366 31.174
5.68500 631.32 28.9521
5.68800 631.277 31.1136
5.69100 631.238 30.5424
5.69400 631.201 29.7482
5.69700 631.167 30.6714
5.70000 631.136 32.0256
5.70300 631.107 31.0835
5.70600 631.082 31.0835
5.70900 631.06 31.2043
5.71200 631.042 30.317
5.71500 631.026 29.3991
5.71800 631.014 29.8807
5.72100 631.005 29.0252
5.72400 631 29.5527
5.72700 630.999 29.6435
5.73000 631.002 28.8315
5.73300 631.008 30.8607
5.73600 631.019 29.7351
5.73900 631.034 29.8941
5.74200 631.054 29.8541
5.74500 631.079 31.4192
5.74800 631.109 31.1588
5.75100 631.145 31.2653
5.75400 631.186 29.2979
5.75700 631.234 30.0828
5.76000 631.288 29.8142
5.76300 631.349 30.1238
5.76600 631.417 28.1495
5.76900 631.494 29.4628
5.77200 631.579 30.0421
5.77500 631.673 30.4855
5.77800 631.778 30.6858
5.78100 631.893 29.8541
5.78400 632.02 29.5786
5.78700 632.16 29.3991
5.79000 632.314 30.5852
5.79300 632.484 29.9745
5.79600 632.67 29.3231
5.79900 632.875 30.2752
5.80200 633.1 29.2353
5.80500 633.348 30.5424
5.80800 633.621 29.9611
5.81100 633.923 31.2195
5.81400 634.256 28.8435
5.81700 634.624 30.8167
5.82000 635.031 31.8304
5.82300 635.484 28.2504
5.82600 635.987 29.5269
5.82900 636.549 31.4814
5.83200 637.178 29.6435
5.83500 637.883 28.94
5.83800 638.677 29.4118
5.84100 639.574 30.7003
5.84400 640.593 30.8901
5.84700 641.755 29.5786
5.85000 643.09 30.5709
5.85300 644.635 28.8916
5.85600 646.447 28.7599
5.85900 648.614 30.0285
5.86200 651.287 31.0985
5.86500 654.731 31.2653
5.86800 659.415 29.9342
5.87100 666.15 32.075
5.87400 676.272 30.5995
5.87700 691.848 32.1246
5.88000 715.854 33.6146
5.88300 752.203 35.1364
5.88600 805.508 35.007
5.88900 880.42 35.8748
5.89200 980.474 39.4976
5.89500 1106.47 39.841
5.89800 1254.71 40.7909
5.90100 1415.62 44.1081
5.90400 1573.72 44.4116
5.90700 1709.3 45.6435
5.91000 1801.74 46.8807
5.91300 1833.98 45.6912
5.91600 1797.42 45.2216
5.91900 1696.6 44.7661
5.92200 1549.45 43.2742
5.92500 1380.7 43.1934
5.92800 1213.28 39.841
5.93100 1063.45 38.1802
5.93400 939.997 38.0693
5.93700 845.314 34.5033
5.94000 777.172 35.4441
5.94300 730.773 33.3519
5.94600 700.544 32.9154
5.94900 681.39 33.3704
5.95200 669.314 32.8976
5.95500 661.518 32.7913
5.95800 656.225 31.544
5.96100 652.388 31.9928
5.96400 649.425 29.9074
5.96700 647.023 30.7148
5.97000 645.012 30.9641
5.97300 643.294 30.2614
5.97600 641.807 30.4572
5.97900 640.51 28.7837
5.98200 639.372 25.2217
5.98500 638.366 23.8841
5.98800 637.474 26.0732
5.99100 636.679 27.1263
5.99400 635.967 27.369
5.99700 635.328 27.2874
6.00000 634.752 27.4825
6.00300 634.231 27.7243
6.00600 633.758 28.6534
6.00900 633.327 28.341
6.01200 632.935 29.5269
6.01500 632.576 28.183
6.01800 632.246 29.1111
6.02100 631.943 28.8195
6.02400 631.665 28.6065
6.02700 631.408 28.6182
6.03000 631.17 28.0056
6.03300 630.95 30.1238
6.03600 630.746 28.2166
6.03900 630.556 27.9618
6.04200 630.38 27.5764
6.04500 630.215 28.6888
6.04800 630.062 27.7137
6.05100 629.919 27.4101
6.05400 629.786 28.5831
6.05700 629.661 27.1763
6.06000 629.544 27.7885
6.06300 629.434 28.2166
6.06600 629.331 28.5133
6.06900 629.235 29.173
6.07200 629.145 30.0421
6.07500 629.06 28.9037
6.07800 628.98 27.7457
6.08100 628.905 29.1111
6.08400 628.835 27.9618
6.08700 628.769 28.4095
6.09000 628.708 29.45
6.09300 628.65 29.5269
6.09600 628.595 26.8705
6.09900 628.543 28.3866
6.10200 628.495 29.801
6.10500 628.449 26.8608
6.10800 628.406 28.105
6.11100 628.366 28.1495
6.11400 628.328 28.1718
6.11700 628.293 27.0172
6.12000 628.26 27.8423
6.12300 628.229 28.9764
6.12600 628.201 27.9727
6.12900 628.174 27.0172
6.13200 628.149 28.5948
6.13500 628.126 28.467
6.13800 628.105 28.4095
6.14100 628.085 29.1358
6.14400 628.067 29.8807
6.14700 628.051 26.9289
6.15000 628.036 27.2772
6.15300 628.022 28.3638
6.15600 628.01 27.9727
6.15900 627.999 28.1606
6.16200 627.991 28.8195
6.16500 627.987 27.0073
6.16800 627.98 28.1495
6.17100 627.974 28.2504
6.17400 627.969 28.0166
6.17700 627.965 27.9837
6.18000 627.963 28.7006
6.18300 627.961 27.81
6.18600 627.96 28.2843
6.18900 627.96 28.6534
6.19200 627.961 28.3069
6.19500 627.963 27.4101
6.19800 627.966 29.1111
6.20100 627.97 29.1854
6.20400 627.975 26.9582
6.20700 627.98 27.8423
6.21000 627.987 27.2976
6.21300 627.994 28.5365
6.21600 628.002 27.5974
6.21900 628.01 28.677
6.22200 628.02 28.9278
6.22500 628.03 27.7137
6.22800 628.041 27.7137
6.23100 628.053 30.3588
6.23400 628.065 29.0007
6.23700 628.078 28.4555
6.24000 628.092 27.3896
6.24300 628.106 27.6501
6.24600 628.121 27.9399
6.24900 628.137 28.8195
6.25200 628.153 28.6534
6.25500 628.17 28.5249
6.25800 628.188 29.1606
6.26100 628.206 27.9182
6.26400 628.225 27.1363
6.26700 628.244 28.0496
6.27000 628.264 28.5714
6.27300 628.284 28.6182
6.27600 628.305 28.2956
6.27900 628.327 28.4901
6.28200 628.349 27.9727
6.28500 628.372 27.3485
6.28800 628.395 28.6182
6.29100 628.419 27.7992
6.29400 628.444 27.7564
6.29700 628.469 27.5033
6.30000 628.494 28.1942
6.30300 628.52 28.4095
6.30600 628.547 27.7778
6.30900 628.574 28.0939
6.31200 628.601 27.7671
6.31500 628.629 28.4095
6.31800 628.658 29.6435
6.32100 628.687 28.467
6.32400 628.717 28.6299
6.32700 628.747 28.748
6.33000 628.778 27.9508
6.33300 628.809 28.6534
6.33600 628.841 27.5137
6.33900 628.873 27.7243
6.34200 628.906 29.0496
6.34500 628.939 28.105
6.34800 628.973 30.0285
6.35100 629.007 28.6652
6.35400 629.042 27.5554
6.35700 629.077 28.5365
6.36000 629.113 26.3523
6.36300 629.149 28.7361
6.36600 629.185 27.0964
6.36900 629.223 28.6065
6.37200 629.26 29.6957
6.37500 629.3 27.2367
6.37800 629.344 28.9037
6.38100 629.389 28.5133
6.38400 629.429 28.3296
6.38700 629.469 28.1161
6.39000 629.509 27.4825
6.39300 629.55 27.4101
6.39600 629.592 26.8221
6.39900 629.634 28.0828
6.40200 629.677 28.0166
6.40500 629.72 28.6299
6.40800 629.764 28.1606
6.41100 629.808 28.0828
6.41400 629.852 27.7778
6.41700 629.897 26.5466
6.42000 629.943 27.9182
6.42300 629.989 28.0386
6.42600 630.036 27.2976
6.42900 630.083 27.4204
6.43200 630.131 28.5481
6.43500 630.179 27.9182
6.43800 630.228 27.8856
6.44100 630.277 28.2504
6.44400 630.326 28.2956
6.44700 630.377 28.5598
6.45000 630.427 28.5017
6.45300 630.482 28.1606
6.45600 630.547 27.3793
6.45900 630.601 28.9278
6.46200 630.654 28.2617
6.46500 630.707 28.7956
6.46800 630.761 28.2054
6.47100 630.815 28.3524
6.47400 630.871 28.2391
6.47700 630.926 29.0742
6.48000 630.983 27.5869
6.48300 631.039 27.027
6.48600 631.097 28.0496
6.48900 631.154 28.421
6.49200 631.213 27.9837
6.49500 631.272 27.7137
6.49800 631.331 29.6565
6.50100 631.392 28.467
6.50400 631.452 29.1358
6.50700 631.514 27.7564
6.51000 631.576 27.6395
6.51300 631.639 29.3991
6.51600 631.702 27.3281
6.51900 631.766 27.1763
6.52200 631.83 28.3183
6.52500 631.896 27.7457
6.52800 631.962 28.0386
6.53100 632.029 29.3231
6.53400 632.096 29.2228
6.53700 632.164 28.3296
6.54000 632.232 27.9618
6.54300 632.302 27.81
6.54600 632.372 27.2874
6.54900 632.442 28.3069
6.55200 632.514 27.6606
6.55500 632.586 28.94
6.55800 632.659 28.0828
6.56100 632.733 27.257
6.56400 632.807 27.6079
6.56700 632.883 28.273
6.57000 632.959 28.9278
6.57300 633.036 28.5133
6.57600 633.114 29.0988
6.57900 633.193 26.968
6.58200 633.273 29.3105
6.58500 633.353 27.1263
6.58800 633.435 28.8435
6.59100 633.518 28.94
6.59400 633.601 28.5133
6.59700 633.686 28.677
6.60000 633.771 27.545
6.60300 633.858 29.2353
6.60600 633.946 28.8076
6.60900 634.034 29.2103
6.61200 634.124 27.9508
6.61500 634.216 28.0496
6.61800 634.308 29.0129
6.62100 634.402 28.1606
6.62400 634.497 27.8207
6.62700 634.593 28.2504
6.63000 634.691 28.2054
6.63300 634.79 28.2956
6.63600 634.891 27.4618
6.63900 634.993 28.7124
6.64200 635.096 27.9073
6.64500 635.202 26.8414
6.64800 635.309 27.3281
6.65100 635.418 29.2478
6.65400 635.528 27.1964
6.65700 635.641 28.8555
6.66000 635.756 28.8435
6.66300 635.872 27.7137
6.66600 635.991 29.6695
6.66900 636.112 28.3752
6.67200 636.236 28.3524
6.67500 636.362 27.735
6.67800 636.491 28.183
6.68100 636.625 27.8315
6.68400 636.76 27.6289
6.68700 636.897 28.5133
6.69000 637.037 28.4095
6.69300 637.181 28.7361
6.69600 637.328 30.0285
6.69900 637.479 27.8856
6.70200 637.634 28.6182
6.70500 637.793 28.1718
6.70800 637.957 28.748
6.71100 638.125 28.7718
6.71400 638.299 28.2054
6.71700 638.477 29.7482
6.72000 638.662 27.9727
6.72300 638.852 28.5948
6.72600 639.049 28.5365
6.72900 639.253 29.2353
6.73200 639.464 27.5033
6.73500 639.684 28.444
6.73800 639.912 27.4825
6.74100 640.15 29.5786
6.74400 640.398 28.2391
6.74700 640.658 28.8435
6.75000 640.932 29.0374
6.75300 641.22 29.0129
6.75600 641.525 29.6045
6.75900 641.85 29.0252
6.76200 642.198 29.2603
6.76500 642.575 29.2854
6.76800 642.986 28.0939
6.77100 643.44 29.3864
6.77400 643.946 27.027
6.77700 644.519 28.8795
6.78000 645.176 29.0252
6.78300 645.938 28.0607
6.78600 646.833 27.9508
6.78900 647.894 28.677
6.79200 649.163 28.2956
6.79500 650.687 29.2728
6.79800 652.526 29.7746
6.80100 654.745 30.415
6.80400 657.42 28.6534
6.80700 660.635 29.3105
6.81000 664.479 28.5714
6.81300 669.049 30.015
6.81600 674.441 27.5554
6.81900 680.747 29.0252
6.82200 688.056 30.4572
6.82500 696.438 30.1923
6.82800 705.949 29.801
6.83100 716.616 28.8315
6.83400 728.433 30.415
6.83700 741.358 31.4503
6.84000 755.301 30.3588
6.84300 770.128 31.6703
6.84600 785.648 30.6282
6.84900 801.621 31.4347
6.85200 817.749 29.3357
6.85500 833.684 32.0585
6.85800 849.033 31.2043
6.86100 863.363 32.9511
6.86400 876.217 31.7021
6.86700 887.141 32.8443
6.87000 895.705 31.9601
6.87300 901.546 31.5597
6.87600 904.397 31.544
6.87900 904.123 31.25
6.88200 900.739 32.7561
6.88500 894.405 33.3519
6.88800 885.413 32.2078
6.89100 874.151 33.3333
6.89400 861.063 31.6386
6.89700 846.611 32.1412
6.90000 831.255 31.9438
6.90300 815.423 32.2078
6.90600 799.499 31.3574
6.90900 783.821 31.4814
6.91200 768.669 31.342
6.91500 754.272 30.8607
6.91800 740.804 30.1786
6.92100 728.389 30.657
6.92400 717.103 29.1482
6.92700 706.977 29.7614
6.93000 698.007 29.173
6.93300 690.158 30.7438
6.93600 683.37 29.3484
6.93900 677.565 30.5566
6.94200 672.652 31.75
6.94500 668.537 30.0965
6.94800 665.123 27.9508
6.95100 662.316 30.0015
6.95400 660.027 27.9073
6.95700 658.17 28.5598
6.96000 656.674 29.2103
6.96300 655.475 28.2166
6.96600 654.518 28.7718
6.96900 653.755 30.0965
6.97200 653.149 30.5566
6.97500 652.666 29.2603
6.97800 652.283 28.94
6.98100 651.978 28.3524
6.98400 651.735 28.6182
6.98700 651.543 28.5365
6.99000 651.391 28.5133
6.99300 651.272 28.6534
6.99600 651.181 28.5598
6.99900 651.113 29.1606
7.00200 651.065 28.7718
7.00500 651.034 28.5831
7.00800 651.018 28.7599
7.01100 651.017 31.0385
7.01400 651.028 28.3524
7.01700 651.05 28.5249
7.02000 651.084 30.1923
7.02300 651.127 28.7124
7.02600 651.18 28.444
7.02900 651.242 30.015
7.03200 651.312 29.6174
7.03500 651.391 29.1979
7.03800 651.477 29.4628
7.04100 651.571 29.3484
7.04400 651.672 29.2353
7.04700 651.78 29.0742
7.05000 651.896 29.7088
7.05300 652.018 29.6435
7.05600 652.146 29.2854
7.05900 652.281 27.4101
7.06200 652.423 29.0619
7.06500 652.571 29.0988
7.06800 652.725 27.1964
7.07100 652.886 28.8195
7.07400 653.053 29.6045
7.07700 653.226 30.2337
7.08000 653.406 28.3069
7.08300 653.593 29.5656
7.08600 653.786 28.9642
7.08900 653.986 29.1854
7.09200 654.193 29.3864
7.09500 654.408 28.4901
7.09800 654.629 28.9037
7.10100 654.859 28.7006
7.10400 655.096 29.4118
7.10700 655.342 29.4245
7.11000 655.596 28.6888
7.11300 655.859 29.7219
7.11600 656.131 29.9476
7.11900 656.414 28.2279
7.12200 656.707 29.8807
7.12500 657.011 28.0717
7.12800 657.328 28.3524
7.13100 657.657 29.3484
7.13400 657.999 29.1482
7.13700 658.357 29.5269
7.14000 658.732 28.5017
7.14300 659.125 29.801
7.14600 659.538 29.2728
7.14900 659.975 27.8964
7.15200 660.44 30.4714
7.15500 660.936 28.7718
7.15800 661.471 29.9074
7.16100 662.052 29.4372
7.16400 662.689 29.2979
7.16700 663.394 28.9764
7.17000 664.185 28.341
7.17300 665.082 28.8795
7.17600 666.109 29.3231
7.17900 667.299 29.7351
7.18200 668.689 28.7956
7.18500 670.325 27.9508
7.18800 672.262 29.2979
7.19100 674.563 30.4431
7.19400 677.301 29.5398
7.19700 680.559 30.7729
7.20000 684.428 30.7293
7.20300 689.008 30.1648
7.20600 694.405 28.8795
7.20900 700.722 28.5249
7.21200 708.069 29.7878
7.21500 716.55 29.2353
7.21800 726.256 30.3728
7.22100 737.266 30.5995
7.22400 749.632 30.7729
7.22700 763.382 31.8142
7.23000 778.505 31.8626
7.23300 794.951 31.3882
7.23600 812.621 31.9275
7.23900 831.369 32.1081
7.24200 850.99 32.53
7.24500 871.227 32.1578
7.24800 891.762 33.8062
7.25100 912.224 33.0049
7.25400 932.189 33.0049
7.25700 951.19 33.7292
7.26000 968.724 34.6688
7.26300 984.273 35.6235
7.26600 997.328 34.3604
7.26900 1007.42 36.5636
7.27200 1014.17 35.4441
7.27500 1017.29 34.7105
7.27800 1016.66 34.7105
7.28100 1012.31 36.0844
7.28400 1004.44 36.25
7.28700 993.363 35.511
7.29000 979.522 34.5033
7.29300 963.41 34.2193
7.29600 945.549 34.9428
7.29900 926.457 33.9422
7.30200 906.627 33.6718
7.30500 886.508 32.075
7.30800 866.503 33.9032
7.31100 846.958 31.9601
7.31400 828.161 33.2964
7.31700 810.346 32.1246
7.32000 793.69 32.2078
7.32300 778.316 31.5912
7.32600 764.3 31.1588
7.32900 751.673 30.429
7.33200 740.426 30.6714
7.33500 730.519 30.7729
7.33800 721.886 29.6174
7.34100 714.442 30.2199
7.34400 708.087 30.1511
7.34700 702.717 28.5598
7.35000 698.222 30.7729
7.35300 694.494 30.5139
7.35600 691.432 30.317
7.35900 688.939 29.0007
7.36200 686.928 29.9074
7.36500 685.322 29.3484
7.36800 684.05 29.7219
7.37100 683.055 28.8795
7.37400 682.285 29.7878
7.37700 681.7 30.4572
7.38000 681.265 29.1606
7.38300 680.952 30.2199
7.38600 680.737 29.8807
7.38900 680.604 28.8916
7.39200 680.538 29.8541
7.39500 680.528 28.2956
7.39800 680.564 30.4431
7.40100 680.642 29.1979
7.40400 680.755 30.2614
7.40700 680.899 29.1606
7.41000 681.073 29.8142
7.41300 681.272 31.3112
7.41600 681.495 28.677
7.41900 681.741 29.5012
7.42200 682.008 32.1578
7.42500 682.296 30.1648
7.42800 682.605 28.3296
7.43100 682.933 29.6957
7.43400 683.28 29.5915
7.43700 683.646 29.6695
7.44000 684.033 28.7006
7.44300 684.451 29.0129
7.44600 684.888 28.1161
7.44900 685.347 29.8142
7.45200 685.828 28.8555
7.45500 686.33 28.3981
7.45800 686.855 29.9745
7.46100 687.403 29.9074
7.46400 687.974 30.415
7.46700 688.57 28.8916
7.47000 689.192 29.6565
7.47300 689.839 29.2228
7.47600 690.514 29.3357
7.47900 691.218 28.9278
7.48200 691.951 29.6304
7.48500 692.716 28.8076
7.48800 693.513 29.7219
7.49100 694.345 29.0988
7.49400 695.214 30.3309
7.49700 696.121 29.6695
7.50000 697.069 29.8807
7.50300 698.06 30.8754
7.50600 699.097 29.5398
7.50900 700.182 29.5398
7.51200 701.32 29.3105
7.51500 702.513 29.7482
7.51800 703.767 30.2752
7.52100 705.084 30.9344
7.52400 706.472 28.5948
7.52700 707.936 29.5786
7.53000 709.484 31.2959
7.53300 711.124 29.7878
7.53600 712.868 29.0252
7.53900 714.729 31.0835
7.54200 716.723 30.6858
7.54500 718.873 30.0692
7.54800 721.206 28.7599
7.55100 723.755 30.4997
7.55400 726.566 29.2228
7.55700 729.692 29.7219
7.56000 733.203 31.2043
7.56300 737.181 31.3112
7.56600 741.729 30.2614
7.56900 746.968 29.8142
7.57200 753.044 31.25
7.57500 760.124 30.5566
7.57800 768.401 31.4347
7.58100 778.097 31.9928
7.58400 789.461 30.7438
7.58700 802.772 31.7181
7.59000 818.343 31.3728
7.59300 836.526 32.3423
7.59600 857.713 32.8266
7.59900 882.348 32.3423
7.60200 910.93 33.6146
7.60500 944.019 34.5857
7.60800 982.242 36.6126
7.61100 1026.29 36.1315
7.61400 1076.92 35.4218
7.61700 1134.92 37.8235
7.62000 1201.13 38.9841
7.62300 1276.39 40.4888
7.62600 1361.51 40.0642
7.62900 1457.27 42.145
7.63200 1564.36 43.0331
7.63500 1683.26 44.2807
7.63800 1814.19 46.0776
7.64100 1956.91 46.676
7.64400 2110.61 47.6731
7.64700 2273.79 48.737
7.65000 2444.13 51.778
7.65300 2618.44 52.9256
7.65600 2792.68 55.0482
7.65900 2962 56.3436
7.66200 3120.82 57.8315
7.66500 3263.05 58.9256
7.66800 3382.45 61.5457
7.67100 3473.1 63.1194
7.67400 3529.95 62.2573
7.67700 3549.46 61.7802
7.68000 3530.11 62.9941
7.68300 3472.61 60.6339
7.68600 3379.87 61.5457
7.68900 3256.57 61.199
7.69200 3108.53 59.2349
7.69500 2942.11 59.3391
7.69800 2763.68 56.5233
7.70100 2579.26 55.3001
7.70400 2394.22 54.3125
7.70700 2213.25 50.702
7.71000 2040.23 49.3865
7.71300 1878.27 49.029
7.71600 1729.68 45.2679
7.71900 1596.07 45.1294
7.72200 1478.37 44.5435
7.72500 1376.95 40.7909
7.72800 1291.67 39.7464
7.73100 1222.05 40
7.73400 1167.3 38.7202
7.73700 1126.48 38.097
7.74000 1098.55 39.133
7.74300 1082.42 37.4503
7.74600 1077.03 35.9211
7.74900 1081.39 37.6622
7.75200 1094.52 37.4503
7.75500 1115.56 37.7157
7.75800 1143.64 38.8955
7.76100 1177.95 38.6046
7.76400 1217.7 38.4048
7.76700 1262.03 38.2639
7.77000 1310.09 39.0434
7.77300 1360.94 40.032
7.77600 1413.56 41.3096
7.77900 1466.84 41.5945
7.78200 1519.58 41.9961
7.78500 1570.48 42.3334
7.78800 1618.17 43.3555
7.79100 1661.24 44.4554
7.79400 1698.29 44.4994
7.79700 1727.97 42.796
7.80000 1749.14 45.1754
7.80300 1760.89 45.7869
7.80600 1762.66 44.8111
7.80900 1754.3 45.5488
7.81200 1736.08 44.2374
7.81500 1708.66 45.2216
7.81800 1673.04 43.1131
7.82100 1630.41 43.9375
7.82400 1582.13 43.6021
7.82700 1529.56 42.8353
7.83000 1474.06 42.22
7.83300 1416.9 40.522
7.83600 1359.23 40.4226
7.83900 1302.09 39.0434
7.84200 1246.36 39.4976
7.84500 1192.77 36.7112
7.84800 1141.94 37.5293
7.85100 1094.31 36.9611
7.85400 1050.22 36.4905
7.85700 1009.85 36.2738
7.86000 973.295 36.2977
7.86300 940.537 35.2673
7.86600 911.482 34.2193
7.86900 885.965 35.3775
7.87200 863.774 32.987
7.87500 844.661 34.0404
7.87800 828.359 32.5472
7.88100 814.597 33.2779
7.88400 803.115 31.3728
7.88700 793.686 31.6228
7.89000 786.145 31.4814
7.89300 780.446 31.8304
7.89600 776.742 29.9342
7.89900 775.503 31.544
7.90200 777.621 32.3932
7.90500 784.441 31.4192
7.90800 797.594 29.3105
7.91100 818.521 32.5645
7.91400 847.668 32.4785
7.91700 883.495 27.4514
7.92000 921.744 29.6045
7.92300 955.619 30.4714
7.92600 977.262 29.8941
7.92900 980.272 29.9476
7.93200 962.703 31.5597
7.93500 928.927 31.497
7.93800 887.582 31.0535
7.94100 847.013 31.174
7.94400 812.611 31.2043
7.94700 786.574 30.0285
7.95000 768.675 28.9764
7.95300 757.316 29.2103
7.95600 750.517 29.5656
7.95900 746.551 29.2228
7.96200 744.195 30.2752
7.96500 742.709 29.4756
7.96800 741.694 28.8555
7.97100 740.952 29.3484
7.97400 740.389 29.2228
7.97700 739.959 29.5398
7.98000 739.634 29.0374
7.98300 739.398 29.0496
7.98600 739.239 28.7599
7.98900 739.148 29.6174
7.99200 739.118 29.3357
7.99500 739.143 28.2166
7.99800 739.22 28.5365
8.00100 739.344 27.9727
8.00400 739.514 28.6182
8.00700 739.727 28.7956
8.01000 739.982 28.2504
8.01300 740.278 30.303
8.01600 740.615 29.4884
8.01900 740.993 28.273
8.02200 741.415 29.3864
8.02500 741.879 28.4901
8.02800 742.389 28.6652
8.03100 742.949 29.361
8.03400 743.565 28.5481
8.03700 744.247 29.361
8.04000 745 28.8435
8.04300 745.833 29.4756
8.04600 746.76 30.0015
8.04900 747.796 31.2348
8.05200 748.962 29.1111
8.05500 750.282 28.5831
8.05800 751.783 29.3737
8.06100 753.501 28.3524
8.06400 755.476 29.2979
8.06700 757.754 28.4095
8.07000 760.39 28.8315
8.07300 763.445 29.1111
8.07600 766.99 30.2614
8.07900 771.1 30.9789
8.08200 775.859 30.2337
8.08500 781.358 30.3309
8.08800 787.69 30.3588
8.09100 794.953 32.0256
8.09400 803.246 30.4572
8.09700 812.666 30.9049
8.10000 823.303 30.2061
8.10300 835.239 30.4855
8.10600 848.548 32.0092
8.10900 863.276 31.0985
8.11200 879.452 31.6862
8.11500 897.078 30.8313
8.11800 916.126 32.8976
8.12100 936.53 31.5127
8.12400 958.19 32.7385
8.12700 980.962 32.3254
8.13000 1004.66 33.3519
8.13300 1029.05 33.71
8.13600 1053.86 33.6909
8.13900 1078.78 35.007
8.14200 1103.43 34.7314
8.14500 1127.41 35.05
8.14800 1150.3 35.8748
8.15100 1171.63 36.0141
8.15400 1190.93 35.6235
8.15700 1207.73 34.9642
8.16000 1221.58 36.0609
8.16300 1232.11 36.2024
8.16600 1239.01 36.5881
8.16900 1242.09 36.2262
8.17200 1241.27 37.3457
8.17500 1236.61 35.4218
8.17800 1228.31 36.6618
8.18100 1216.65 36.4179
8.18400 1202.04 34.6479
8.18700 1184.91 36.25
8.19000 1165.73 35.5559
8.19300 1144.99 34.6688
8.19600 1123.15 34.0601
8.19900 1100.66 35.0285
8.20200 1077.92 33.7292
8.20500 1055.31 34.5033
8.20800 1033.15 33.5013
8.21100 1011.73 33.0229
8.21400 991.285 33.5389
8.21700 972.018 32.6338
8.22000 954.08 32.3932
8.22300 937.584 31.544
8.22600 922.607 31.6544
8.22900 909.192 31.4037
8.23200 897.354 31.7181
8.23500 887.082 31.9928
8.23800 878.348 32.6686
8.24100 871.108 33.1315
8.24400 865.315 30.8021
8.24700 860.917 30.5566
8.25000 857.871 30.1648
8.25300 856.146 31.895
8.25600 855.731 31.6703
8.25900 856.645 31.0835
8.26200 858.945 32.0915
8.26500 862.734 31.9601
8.26800 868.177 30.8313
8.27100 875.507 33.2779
8.27400 885.045 32.3085
8.27700 897.206 31.9601
8.28000 912.513 31.7821
8.28300 931.614 33.5013
8.28600 955.279 33.5389
8.28900 984.412 33.71
8.29200 1020.04 35.3333
8.29500 1063.31 34.9856
8.29800 1115.45 35.2454
8.30100 1177.75 36.8105
8.30400 1251.5 36.9107
8.30700 1337.93 39.4976
8.31000 1438.13 40
8.31300 1552.97 41.487
8.31600 1683.02 41.8854
8.31900 1828.41 43.6021
8.32200 1988.8 45.9315
8.32500 2163.22 47.8913
8.32800 2350.08 48.6792
8.33100 2547.04 51.1645
8.33400 2751.03 51.778
8.33700 2958.21 54.965
8.34000 3164 57.073
8.34300 3363.11 59.1312
8.34600 3549.68 59.655
8.34900 3717.45 60.3023
8.35200 3860.08 63.1194
8.35500 3971.54 63.2456
8.35800 4046.66 63.6285
8.36100 4081.7 65.938
8.36400 4074.82 63.8877
8.36700 4026.33 64.957
8.37000 3938.71 65.0945
8.37300 3816.23 62.7456
8.37600 3664.45 61.0847
8.37900 3489.64 60.9711
8.38200 3298.22 60.1929
8.38500 3096.4 57.2598
8.38800 2889.91 55.6415
8.39100 2683.8 53.9949
8.39400 2482.44 51.7088
8.39700 2289.4 50.5722
8.40000 2107.52 47.6731
8.40300 1938.88 46.778
8.40600 1784.87 44.1942
8.40900 1646.24 42.8746
8.41200 1523.18 40.893
8.41500 1415.4 40.3567
8.41800 1322.26 39.6526
8.42100 1242.8 38.7202
8.42400 1175.89 38.292
8.42700 1120.3 36.1079
8.43000 1074.74 35.6462
8.43300 1037.97 34.5651
8.43600 1008.8 35.7143
8.43900 986.126 33.2779
8.44200 968.977 34.8578
8.44500 956.492 34.3807
8.44800 947.932 33.4077
8.45100 942.669 33.4077
8.45400 940.174 33.6909
8.45700 940.005 33.2964
8.46000 941.79 32.4272
8.46300 945.215 33.3333
8.46600 950.006 34.4214
8.46900 955.919 33.8062
8.47200 962.731 34.3807
8.47500 970.226 34.2997
8.47800 978.197 33.5013
8.48100 986.43 34.3807
8.48400 994.71 33.4825
8.48700 1002.81 33.71
8.49000 1010.51 34.2393
8.49300 1017.58 33.5767
8.49600 1023.78 35.511
8.49900 1028.9 35.6009
8.50200 1032.72 34.3401
8.50500 1035.1 35.2673
8.50800 1035.89 34.7105
8.51100 1035.04 35.2892
8.51400 1032.53 35.2892
8.51700 1028.4 34.4418
8.52000 1022.76 34.3807
8.52300 1015.75 35.0931
8.52600 1007.55 33.6527
8.52900 998.374 34.0207
8.53200 988.416 33.4637
8.53500 977.886 33.0049
8.53800 966.987 33.2411
8.54100 955.903 33.6909
8.54400 944.806 33.0049
8.54700 933.848 34.1196
8.55000 923.163 34.0207
8.55300 912.865 32.5472
8.55600 903.048 31.0087
8.55900 893.788 32.4272
8.56200 885.142 33.3704
8.56500 877.148 32.0092
8.56800 869.831 31.75
8.57100 863.2 31.7821
8.57400 857.251 31.6228
8.57700 851.971 31.0985
8.58000 847.338 31.3882
8.58300 843.324 30.4997
8.58600 839.898 30.9938
8.58900 837.026 30.7729
8.59200 834.673 30.6858
8.59500 832.809 31.2806
8.59800 831.402 31.1437
8.60100 830.427 30.9789
8.60400 829.865 30.2199
8.60700 829.698 30.8901
8.61000 829.919 31.5127
8.61300 830.523 31.6386
8.61600 831.513 30.3869
8.61900 832.898 30.9641
8.62200 834.691 31.0385
8.62500 836.911 30.2891
8.62800 839.578 30.8754
8.63100 842.717 32.5472
8.63400 846.353 30.8901
8.63700 850.513 31.4658
8.64000 855.218 31.497
8.64300 860.489 31.3266
8.64600 866.343 32.0092
8.64900 872.788 31.4503
8.65200 879.825 31.7181
8.65500 887.444 31.6544
8.65800 895.625 31.1136
8.66100 904.336 31.6386
8.66400 913.53 32.8798
8.66700 923.146 30.4997
8.67000 933.107 33.2595
8.67300 943.322 33.2411
8.67600 953.683 33.8062
8.67900 964.068 33.2411
8.68200 974.34 34.0997
8.68500 984.346 33.9618
8.68800 993.924 33.389
8.69100 1002.9 33.0771
8.69400 1011.1 33.4637
8.69700 1018.35 33.6146
8.70000 1024.47 34.0997
8.70300 1029.32 34.3401
8.70600 1032.76 33.7484
8.70900 1034.72 34.3199
8.71200 1035.13 34.9642
8.71500 1034 34.6479
8.71800 1031.36 33.7676
8.72100 1027.32 34.7105
8.72400 1021.99 34.0799
8.72700 1015.52 32.1578
8.73000 1008.07 32.7035
8.73300 999.839 33.8837
8.73600 990.987 33.5578
8.73900 981.692 32.8443
8.74200 972.116 34.0799
8.74500 962.413 32.3085
8.74800 952.723 32.5818
8.75100 943.16 34.3604
8.75400 933.838 32.8798
8.75700 924.847 31.9275
8.76000 916.265 31.9113
8.76300 908.157 32.5128
8.76600 900.556 32.1911
8.76900 893.502 30.2752
8.77200 887.013 31.607
8.77500 881.097 31.6862
8.77800 875.749 31.8788
8.78100 870.959 31.7021
8.78400 866.704 31.3112
8.78700 862.96 31.4192
8.79000 859.697 31.8788
8.79300 856.879 31.6386
8.79600 854.471 32.1246
8.79900 852.436 31.9601
8.80200 850.739 31.75
8.80500 849.342 31.2195
8.80800 848.212 30.4997
8.81100 847.318 30.6426
8.81400 846.628 31.6544
8.81700 846.117 31.8788
8.82000 845.759 31.2959
8.82300 845.533 31.8626
8.82600 845.421 30.6138
8.82900 845.404 32.2078
8.83200 845.469 32.0092
8.83500 845.605 31.7181
8.83800 845.801 31.1286
8.84100 846.048 32.4102
8.84400 846.341 31.1588
8.84700 846.675 32.686
8.85000 847.045 32.6338
8.85300 847.449 33.1315
8.85600 847.887 31.8304
8.85900 848.357 32.075
8.86200 848.862 32.5128
8.86500 849.404 30.015
8.86800 849.985 31.6862
8.87100 850.61 32.1911
8.87400 851.284 31.9928
8.87700 852.015 32.0421
8.88000 852.809 32.2917
8.88300 853.676 30.3588
8.88600 854.626 32.721
8.88900 855.666 30.8313
8.89200 856.809 31.9928
8.89500 858.063 30.9492
8.89800 859.441 30.2061
8.90100 860.951 31.9113
8.90400 862.603 31.6386
8.90700 864.402 30.6858
8.91000 866.353 31.0385
8.91300 868.457 33.2411
8.91600 870.713 31.5283
8.91900 873.112 31.0835
8.92200 875.646 33.5201
8.92500 878.298 31.8626
8.92800 881.048 33.445
8.93100 883.869 31.9928
8.93400 886.73 31.0985
8.93700 889.594 32.4614
8.94000 892.419 31.766
8.94300 895.159 32.4272
8.94600 897.764 32.6686
8.94900 900.181 32.075
8.95200 902.358 32.3592
8.95500 904.243 31.9928
8.95800 905.792 32.8443
8.96100 906.969 32.1246
8.96400 907.751 32.2245
8.96700 908.131 33.8449
8.97000 908.115 32.6338
8.97300 907.727 33.9227
8.97600 907.003 33.9032
8.97900 905.987 31.9438
8.98200 904.731 32.1578
8.98500 903.288 31.766
8.98800 901.709 32.3592
8.99100 900.046 32.5472
8.99400 898.345 31.6228
8.99700 896.646 32.8443
9.00000 894.987 32.3085
9.00300 893.399 32.9332
9.00600 891.908 33.2045
9.00900 890.534 33.4637
9.01200 889.293 32.3085
9.01500 888.194 31.75
9.01800 887.244 30.4572
9.02100 886.446 32.2749
9.02400 885.796 31.6862
9.02700 885.292 33.5201
9.03000 884.925 32.0915
9.03300 884.687 32.2749
9.03600 884.569 33.1497
9.03900 884.559 31.75
9.04200 884.647 31.4037
9.04500 884.821 32.3762
9.04800 885.071 32.3254
9.05100 885.388 32.3254
9.05400 885.762 32.6338
9.05700 886.184 31.7982
9.06000 886.648 31.342
9.06300 887.147 31.9765
9.06600 887.675 33.7869
9.06900 888.228 32.3254
9.07200 888.801 31.5754
9.07500 889.392 32.3254
9.07800 889.997 32.4102
9.08100 890.614 32.2917
9.08400 891.241 31.5597
9.08700 891.878 30.9492
9.09000 892.522 32.721
9.09300 893.173 32.7737
9.09600 893.83 32.5128
9.09900 894.493 32.6686
9.10200 895.161 32.4272
9.10500 895.834 32.6686
9.10800 896.512 32.987
9.11100 897.194 32.5128
9.11400 897.88 32.4272
9.11700 898.57 31.9601
9.12000 899.265 33.0229
9.12300 899.963 33.2045
9.12600 900.665 32.6512
9.12900 901.371 32.0585
9.13200 902.08 34.2997
9.13500 902.794 32.5818
9.13800 903.511 32.3762
9.14100 904.232 32.2078
9.14400 904.956 32.2581
9.14700 905.685 32.7737
9.15000 906.417 30.657
9.15300 907.153 32.2413
9.15600 907.893 32.4102
9.15900 908.636 32.53
9.16200 909.384 32.3423
9.16500 910.136 32.1911
9.16800 910.892 33.0771
9.17100 911.651 32.8798
9.17400 912.416 32.2245
9.17700 913.184 33.3333
9.18000 913.957 32.4272
9.18300 914.734 33.6718
9.18600 915.517 33.1133
9.18900 916.303 32.075
9.19200 917.095 31.766
9.19500 917.892 32.3423
9.19800 918.694 32.2581
9.20100 919.501 33.2228
9.20400 920.315 33.7676
9.20700 921.134 33.1133
9.21000 921.96 33.0049
9.21300 922.793 33.0409
9.21600 923.633 32.6686
9.21900 924.482 33.0771
9.22200 925.339 33.1133
9.22500 926.205 33.6336
9.22800 927.083 32.53
9.23100 927.973 32.1081
9.23400 928.876 32.6164
9.23700 929.795 32.4443
9.24000 930.732 33.2595
9.24300 931.69 33.1315
9.24600 932.673 32.9154
9.24900 933.685 32.1246
9.25200 934.73 32.3592
9.25500 935.816 33.0049
9.25800 936.947 33.445
9.26100 938.134 33.7869
9.26400 939.385 33.0409
9.26700 940.71 33.1497
9.27000 942.122 32.1911
9.27300 943.635 33.3704
9.27600 945.263 32.53
9.27900 947.022 31.8142
9.28200 948.931 33.6146
9.28500 951.008 33.445
9.28800 953.273 32.1246
9.29100 955.746 33.3519
9.29400 958.448 33.1133
9.29700 961.399 34.8155
9.30000 964.619 33.6718
9.30300 968.124 32.4785
9.30600 971.932 33.3333
9.30900 976.054 32.862
9.31200 980.499 34.6896
9.31500 985.271 33.4263
9.31800 990.371 34.0207
9.32100 995.789 33.3519
9.32400 1001.51 33.6146
9.32700 1007.52 34.4214
9.33000 1013.79 35.0285
9.33300 1020.27 33.5389
9.33600 1026.93 33.7292
9.33900 1033.71 34.3401
9.34200 1040.54 34.4214
9.34500 1047.37 34.7524
9.34800 1054.11 34.7314
9.35100 1060.68 35.5335
9.35400 1066.98 34.2594
9.35700 1072.94 35.7371
9.36000 1078.44 35.007
9.36300 1083.41 35.2892
9.36600 1087.75 34.5238
9.36900 1091.4 35.5335
9.37200 1094.28 34.8367
9.37500 1096.37 34.9642
9.37800 1097.66 34.7945
9.38100 1098.16 34.7734
9.38400 1097.91 35.4218
9.38700 1096.97 34.7945
9.39000 1095.43 36.3696
9.39300 1093.38 34.3604
9.39600 1090.94 35.4218
9.39900 1088.21 35.4441
9.40200 1085.3 35.3996
9.40500 1082.31 35.1364
9.40800 1079.34 34.6272
9.41100 1076.49 34.8367
9.41400 1073.83 35.4663
9.41700 1071.42 35.05
9.42000 1069.34 34.3807
9.42300 1067.63 33.5201
9.42600 1066.32 34.2393
9.42900 1065.43 34.879
9.43200 1064.98 36.2262
9.43500 1064.95 34.0601
9.43800 1065.35 34.9856
9.44100 1066.14 35.8979
9.44400 1067.29 33.9422
9.44700 1068.75 35.4441
9.45000 1070.48 35.8979
9.45300 1072.41 35.5559
9.45600 1074.48 35.1581
9.45900 1076.61 35.1581
9.46200 1078.75 35.05
9.46500 1080.8 36.1787
9.46800 1082.71 34.879
9.47100 1084.42 35.6009
9.47400 1085.85 34.5857
9.47700 1086.97 34.7945
9.48000 1087.74 35.7371
9.48300 1088.14 34.0207
9.48600 1088.18 35.7143
9.48900 1087.86 34.1793
9.49200 1087.2 35.4441
9.49500 1086.24 35.6235
9.49800 1085.02 35.2673
9.50100 1083.59 34.1394
9.50400 1081.99 35.5559
9.50700 1080.28 35.0931
9.51000 1078.5 35.2235
9.51300 1076.7 34.8367
9.51600 1074.93 33.6336
9.51900 1073.23 35.7599
9.52200 1071.64 34.1196
9.52500 1070.19 34.6688
9.52800 1068.91 34.401
9.53100 1067.84 34.8367
9.53400 1066.99 33.9227
9.53700 1066.4 33.9618
9.54000 1066.08 34.7314
9.54300 1066.05 33.5013
9.54600 1066.34 34.7734
9.54900 1066.96 34.7105
9.55200 1067.93 34.5033
9.55500 1069.28 34.6064
9.55800 1071.05 34.8367
9.56100 1073.27 34.9642
9.56400 1075.99 34.6064
9.56700 1079.26 34.3401
9.57000 1083.18 36.0844
9.57300 1087.83 35.1799
9.57600 1093.33 34.2193
9.57900 1099.82 34.6064
9.58200 1107.46 36.6864
9.58500 1116.46 35.2892
9.58800 1127.05 36.1551
9.59100 1139.48 35.7599
9.59400 1154.08 35.5559
9.59700 1171.16 36.1079
9.60000 1191.11 37.7695
9.60300 1214.34 37.1135
9.60600 1241.27 36.1079
9.60900 1272.35 38.4331
9.61200 1308.06 38.7202
9.61500 1348.84 38.3482
9.61800 1395.15 38.7783
9.62100 1447.39 40.4226
9.62400 1505.94 39.6526
9.62700 1571.07 40.4226
9.63000 1643 41.9222
9.63300 1721.82 43.3963
9.63600 1807.47 42.6401
9.63900 1899.77 45.8349
9.64200 1998.36 45.5961
9.64500 2102.68 46.8293
9.64800 2211.99 47.9463
9.65100 2325.35 49.8135
9.65400 2441.6 49.3865
9.65700 2559.37 50.7673
9.66000 2677.1 52.2708
9.66300 2793.02 53.6828
9.66600 2905.17 53.5288
9.66900 3011.45 56.3436
9.67200 3109.65 57.4485
9.67500 3197.5 58.1238
9.67800 3272.79 59.0281
9.68100 3333.44 60.4122
9.68400 3377.66 59.655
9.68700 3404.08 59.2349
9.69000 3411.86 60.6339
9.69300 3400.75 60.4122
9.69600 3371.15 59.0281
9.69900 3324.05 59.976
9.70200 3260.95 58.3212
9.70500 3183.72 57.1662
9.70800 3094.5 58.4206
9.71100 2995.53 57.639
9.71400 2889.07 52.8516
9.71700 2777.33 54.7176
9.72000 2662.37 53.1494
9.72300 2546.1 53.4522
9.72600 2430.23 50.3793
9.72900 2316.28 48.5643
9.73200 2205.57 48.737
9.73500 2099.18 47.036
9.73800 1998.01 46.1757
9.74100 1902.75 45.5488
9.74400 1813.9 45.1294
9.74700 1731.76 44.0225
9.75000 1656.5 43.4372
9.75300 1588.11 42.4476
9.75600 1526.47 41.7029
9.75900 1471.35 41.7392
9.76200 1422.44 40.2259
9.76500 1379.36 40.032
9.76800 1341.68 40.2259
9.77100 1308.95 37.7964
9.77400 1280.7 39.0732
9.77700 1256.47 36.0844
9.78000 1235.8 39.1031
9.78300 1218.27 36.7856
9.78600 1203.48 38.6046
9.78900 1191.06 37.0117
9.79200 1180.66 36.442
9.79500 1172.01 36.2977
9.79800 1164.82 37.4766
9.80100 1158.88 36.3216
9.80400 1153.99 36.6126
9.80700 1149.99 35.8979
9.81000 1146.73 35.9908
9.81300 1144.11 35.2892
9.81600 1142.03 36.1551
9.81900 1140.42 36.5148
9.82200 1139.24 36.9107
9.82500 1138.43 36.9107
9.82800 1137.97 36.3456
9.83100 1137.85 36.0609
9.83400 1138.06 34.9856
9.83700 1138.61 36.0375
9.84000 1139.5 36.3456
9.84300 1140.76 36.0375
9.84600 1142.41 36.4905
9.84900 1144.48 34.7105
9.85200 1147.01 35.5559
9.85500 1150.04 35.7371
9.85800 1153.61 36.442
9.86100 1157.77 36.8856
9.86400 1162.58 35.2892
9.86700 1168.09 36.6864
9.87000 1174.35 36.1551
9.87300 1181.41 36.7856
9.87600 1189.32 35.9908
9.87900 1198.13 36.7607
9.88200 1207.87 38.0418
9.88500 1218.58 37.7157
9.88800 1230.29 36.1787
9.89100 1243 35.7371
9.89400 1256.7 37.3718
9.89700 1271.4 37.6355
9.90000 1287.05 37.1135
9.90300 1303.6 37.9049
9.90600 1320.97 38.3765
9.90900 1339.08 38.5758
9.91200 1357.83 38.5186
9.91500 1377.07 38.8368
9.91800 1396.65 38.6912
9.92100 1416.4 38.8661
9.92400 1436.12 40.1934
9.92700 1455.59 40.3239
9.93000 1474.58 40.6558
9.93300 1492.84 40.9616
9.93600 1510.1 39.6838
9.93900 1526.08 42.0703
9.94200 1540.53 41.1345
9.94500 1553.15 39.3141
9.94800 1563.72 40.996
9.95100 1572 42.6014
9.95400 1577.82 40.522
9.95700 1581.04 41.0651
9.96000 1581.6 40
9.96300 1579.5 40.9616
9.96600 1574.8 41.0651
9.96900 1567.62 41.2043
9.97200 1558.14 41.2043
9.97500 1546.58 40.5554
9.97800 1533.19 41.0997
9.98100 1518.24 41.4158
9.98400 1501.99 39.4055
9.98700 1484.72 40.032
9.99000 1466.7 41.1345
9.99300 1448.18 40
9.99600 1429.39 39.163
9.99900 1410.55 35.4887
10.00200 1391.86 32.5818
10.00500 1373.49 33.5957
10.00800 1355.6 35.5784
10.01100 1338.31 34.8367
10.01400 1321.74 35.2017
10.01700 1305.99 34.4623
10.02000 1291.11 34.879
10.02300 1277.16 35.7599
10.02600 1264.17 35.3775
10.02900 1252.16 34.7524
10.03200 1241.13 36.3937
10.03500 1231.06 35.9211
10.03800 1221.93 35.1799
10.04100 1213.72 34.5444
10.04400 1206.36 34.8155
10.04700 1199.83 35.0285
10.05000 1194.07 35.4441
10.05300 1189.02 35.4441
10.05600 1184.62 35.5559
10.05900 1180.82 34.7734
10.06200 1177.58 34.5651
10.06500 1174.82 33.7292
10.06800 1172.51 34.7524
10.07100 1170.59 35.9675
10.07400 1169.02 34.4214
10.07700 1167.76 34.3401
10.08000 1166.78 33.7292
10.08300 1166.05 34.4828
10.08600 1165.52 34.0207
10.08900 1165.19 34.9428
10.09200 1165.03 33.445
10.09500 1165.02 33.7484
10.09800 1165.14 34.8155
10.10100 1165.39 33.445
10.10400 1165.75 33.3704
10.10700 1166.22 33.3704
10.11000 1166.79 34.2796
10.11300 1167.45 34.3199
10.11600 1168.21 35.5559
10.11900 1169.06 34.5857
10.12200 1169.99 34.6896
10.12500 1171.01 35.007
10.12800 1172.11 36.25
10.13100 1173.28 33.7484
10.13400 1174.54 34.6896
10.13700 1175.86 34.2796
10.14000 1177.26 34.8367
10.14300 1178.7 34.6272
10.14600 1180.2 33.4263
10.14900 1181.74 34.9642
10.15200 1183.31 35.1581
10.15500 1184.89 33.1497
10.15800 1186.47 35.007
10.16100 1188.04 34.8367
10.16400 1189.57 34.1993
10.16700 1191.05 33.6909
10.17000 1192.45 34.9002
10.17300 1193.76 34.7734
10.17600 1194.95 34.4214
10.17900 1196.01 34.3199
10.18200 1196.92 34.7314
10.18500 1197.68 35.3333
10.18800 1198.28 35.8517
10.19100 1198.71 36.1787
10.19400 1199 35.007
10.19700 1199.14 34.4828
10.20000 1199.17 35.6688
10.20300 1199.09 34.9856
10.20600 1198.93 34.7524
10.20900 1198.71 35.7371
10.21200 1198.45 35.1364
10.21500 1198.16 34.6064
10.21800 1197.86 34.7524
10.22100 1197.57 35.5559
10.22400 1197.29 34.401
10.22700 1197.04 33.7869
10.23000 1196.83 35.9211
10.23300 1196.66 35.2454
10.23600 1196.54 34.7314
10.23900 1196.48 35.5559
10.24200 1196.47 35.7371
10.24500 1196.53 34.0404
10.24800 1196.64 35.3775
10.25100 1196.82 34.8367
10.25400 1197.05 34.7105
10.25700 1197.35 34.7945
10.26000 1197.7 34.8367
10.26300 1198.11 34.1793
10.26600 1198.57 34.7105
10.26900 1199.07 34.4623
10.27200 1199.63 34.8155
10.27500 1200.23 35.05
10.27800 1200.87 35.5335
10.28100 1201.55 34.4214
10.28400 1202.27 34.7105
10.28700 1203.02 35.007
10.29000 1203.81 35.6009
10.29300 1204.63 34.8155
10.29600 1205.48 34.9428
10.29900 1206.36 35.3553
10.30200 1207.27 35.0931
10.30500 1208.2 35.2454
10.30800 1209.16 34.6064
10.31100 1210.15 35.4441
10.31400 1211.16 34.9215
10.31700 1212.2 33.7484
10.32000 1213.26 36.2262
10.32300 1214.35 35.1147
10.32600 1215.47 34.5857
10.32900 1216.62 34.1196
10.33200 1217.79 34.4214
10.33500 1218.99 34.0404
10.33800 1220.23 35.3996
10.34100 1221.49 36.5636
10.34400 1222.79 35.8748
10.34700 1224.13 35.007
10.35000 1225.51 34.2997
10.35300 1226.92 35.4218
10.35600 1228.39 35.2235
10.35900 1229.9 35.5335
10.36200 1231.46 34.4828
10.36500 1233.08 34.2796
10.36800 1234.77 34.2796
10.37100 1236.54 34.7314
10.37400 1238.38 35.8748
10.37700 1240.33 35.4887
10.38000 1242.38 34.9642
10.38300 1244.56 35.1364
10.38600 1246.89 34.3604
10.38900 1249.39 35.7828
10.39200 1252.09 35.05
10.39500 1255.04 35.0931
10.39800 1258.27 35.007
10.40100 1261.83 35.4663
10.40400 1265.79 35.8287
10.40700 1270.21 35.0931
10.41000 1275.18 35.1581
10.41300 1280.78 35.1364
10.41600 1287.13 36.4905
10.41900 1294.33 36.3696
10.42200 1302.54 36.6126
10.42500 1311.89 36.1079
10.42800 1322.55 35.7599
10.43100 1334.69 36.9107
10.43400 1348.5 35.6462
10.43700 1364.18 37.6889
10.44000 1381.92 36.9863
10.44300 1401.95 37.3718
10.44600 1424.47 37.3197
10.44900 1449.69 38.3765
10.45200 1477.79 38.3765
10.45500 1508.95 39.163
10.45800 1543.33 39.968
10.46100 1581.04 40.5887
10.46400 1622.17 39.7779
10.46700 1666.76 40.5554
10.47000 1714.78 41.3803
10.47300 1766.16 42.0331
10.47600 1820.75 42.796
10.47900 1878.34 42.5243
10.48200 1938.63 43.7688
10.48500 2001.26 44.1511
10.48800 2065.77 43.9799
10.49100 2131.62 46.5746
10.49400 2198.2 46.225
10.49700 2264.8 46.9323
10.50000 2330.66 49.2665
10.50300 2394.92 48.4502
10.50600 2456.68 49.7519
10.50900 2514.99 49.6904
10.51200 2568.87 51.7088
10.51500 2617.36 49.8755
10.51800 2659.51 51.5711
10.52100 2694.5 50.7673
10.52400 2721.6 51.9875
10.52700 2740.32 52.3424
10.53000 2750.36 52.9999
10.53300 2751.7 52.1996
10.53600 2744.61 52.8516
10.53900 2729.6 52.1996
10.54200 2707.45 51.9174
10.54500 2679.14 51.2316
10.54800 2645.81 50.637
10.55100 2608.7 50.7673
10.55400 2569.13 50.2519
10.55700 2528.43 51.5026
10.56000 2487.94 50.1886
10.56300 2448.98 49.3865
10.56600 2412.81 50.637
10.56900 2380.61 48.1125
10.57200 2353.51 48.9116
10.57500 2332.52 47.5651
10.57800 2318.57 49.029
10.58100 2312.43 49.0881
10.58400 2314.75 48.2243
10.58700 2326.03 48.1683
10.59000 2346.6 48.5643
10.59300 2376.6 48.5643
10.59600 2415.98 49.3264
10.59900 2464.51 48.8532
10.60200 2521.73 50.2519
10.60500 2587 49.8755
10.60800 2659.44 52.1996
10.61100 2738 52.2708
10.61400 2821.4 52.778
10.61700 2908.17 53.8382
10.62000 2996.69 56.7962
10.62300 3085.13 56.5233
10.62600 3171.54 58.2223
10.62900 3253.86 57.639
10.63200 3329.94 59.2349
10.63500 3397.64 58.722
10.63800 3454.87 59.655
10.64100 3499.74 61.5457
10.64400 3530.62 60.1929
10.64700 3546.26 61.6626
10.65000 3545.91 62.5
10.65300 3529.35 61.3139
10.65600 3496.88 60.3023
10.65900 3449.36 59.3391
10.66200 3388.04 61.199
10.66500 3314.52 58.4206
10.66800 3230.6 57.4485
10.67100 3138.18 59.2349
10.67400 3039.22 56.0772
10.67700 2935.59 54.4735
10.68000 2829.07 55.8146
10.68300 2721.32 53.3761
10.68600 2613.86 52.0579
10.68900 2508 51.031
10.69200 2404.93 51.4344
10.69500 2305.64 48.3934
10.69800 2210.95 47.6731
10.70100 2121.51 47.1929
10.70400 2037.8 45.98
10.70700 1960.16 45.1754
10.71000 1888.77 44.5878
10.71300 1823.7 43.9375
10.71600 1764.88 42.6014
10.71900 1712.15 42.4094
10.72200 1665.28 42.7179
10.72500 1623.96 41.1693
10.72800 1587.85 40.4888
10.73100 1556.54 41.3096
10.73400 1529.63 39.8094
10.73700 1506.71 40.4888
10.74000 1487.35 38.9249
10.74300 1471.17 38.4331
10.74600 1457.75 39.133
10.74900 1446.75 38.2639
10.75200 1437.82 39.8726
10.75500 1430.64 38.1802
10.75800 1424.93 38.7202
10.76100 1420.44 38.0143
10.76400 1416.92 36.9611
10.76700 1414.18 38.7783
10.77000 1412.02 38.4331
10.77300 1410.3 38.208
10.77600 1408.86 38.5758
10.77900 1407.6 38.5758
10.78200 1406.42 39.8726
10.78500 1405.23 37.8506
10.78800 1403.97 39.7779
10.79100 1402.59 38.4331
10.79400 1401.07 37.6089
10.79700 1399.38 38.5186
10.80000 1397.52 36.5881
10.80300 1395.5 37.3718
10.80600 1393.32 37.7964
10.80900 1391.02 37.0625
10.81200 1388.61 37.8777
10.81500 1386.13 36.9358
10.81800 1383.6 37.3979
10.82100 1381.05 39.2232
10.82400 1378.51 38.4615
10.82700 1376.01 37.5558
10.83000 1373.57 37.5293
10.83300 1371.23 36.8856
10.83600 1369 36.8105
10.83900 1366.91 37.3197
10.84200 1364.97 39.4976
10.84500 1363.21 37.3718
10.84800 1361.64 37.0117
10.85100 1360.27 37.9869
10.85400 1359.13 37.3457
10.85700 1358.22 37.5558
10.86000 1357.55 36.5392
10.86300 1357.14 38.2639
10.86600 1357 36.7359
10.86900 1357.13 37.3979
10.87200 1357.57 37.9595
10.87500 1358.31 37.9595
10.87800 1359.38 37.2419
10.88100 1360.8 38.8075
10.88400 1362.6 37.0625
10.88700 1364.79 37.4503
10.89000 1367.41 37.9869
10.89300 1370.5 38.208
10.89600 1374.09 36.9358
10.89900 1378.24 37.6089
10.90200 1382.99 38.8661
10.90500 1388.4 37.8777
10.90800 1394.53 37.7157
10.91100 1401.44 38.49
10.91400 1409.21 38.7783
10.91700 1417.9 38.0693
10.92000 1427.6 39.4669
10.92300 1438.36 39.133
10.92600 1450.28 38.6046
10.92900 1463.41 38.4048
10.93200 1477.83 40.1286
10.93500 1493.58 38.6334
10.93800 1510.74 38.9545
10.94100 1529.33 40.7231
10.94400 1549.37 39.6214
10.94700 1570.89 39.4055
10.95000 1593.87 41.3803
10.95300 1618.28 41.3803
10.95600 1644.07 41.0651
10.95900 1671.18 40.2911
10.96200 1699.48 42.0703
10.96500 1728.87 41.0651
10.96800 1759.19 42.3714
10.97100 1790.25 43.8108
10.97400 1821.84 42.7569
10.97700 1853.72 43.5607
10.98000 1885.63 44.0653
10.98300 1917.27 44.4116
10.98600 1948.32 44.8561
10.98900 1978.45 45.0835
10.99200 2007.3 46.0776
10.99500 2034.5 45.0377
10.99800 2059.67 45.2216
11.00100 2082.44 47.2456
11.00400 2102.47 46.1266
11.00700 2119.44 46.1266
11.01000 2133.07 47.7818
11.01300 2143.17 46.9841
11.01600 2149.6 47.619
11.01900 2152.32 47.0882
11.02200 2151.36 46.5242
11.02500 2146.86 47.5651
11.02800 2139.02 46.8293
11.03100 2128.1 46.8807
11.03400 2114.44 46.225
11.03700 2098.38 44.7214
11.04000 2080.3 46.7269
11.04300 2060.59 46.6252
11.04600 2039.62 45.4545
11.04900 2017.77 46.3241
11.05200 1995.39 45.1754
11.05500 1972.8 45.2679
11.05800 1950.32 45.7869
11.06100 1928.23 45.5961
11.06400 1906.78 44.1511
11.06700 1886.19 43.5607
11.07000 1866.67 43.5194
11.07300 1848.37 44.3678
11.07600 1831.46 43.6852
11.07900 1816.04 44.5435
11.08200 1802.2 43.8108
11.08500 1790.01 43.4783
11.08800 1779.51 43.3555
11.09100 1770.73 44.4116
11.09400 1763.68 44.1081
11.09700 1758.35 43.1934
11.10000 1754.71 43.6436
11.10300 1752.73 43.5194
11.10600 1752.36 43.073
11.10900 1753.57 43.3963
11.11200 1756.3 44.5878
11.11500 1760.49 43.7688
11.11800 1766.09 44.5878
11.12100 1773.04 45.8349
11.12400 1781.29 44.0653
11.12700 1790.8 44.3678
11.13000 1801.52 44.9467
11.13300 1813.41 44.8111
11.13600 1826.46 46.5242
11.13900 1840.62 45.3609
11.14200 1855.89 44.9467
11.14500 1872.25 46.225
11.14800 1889.71 44.8111
11.15100 1908.26 47.8913
11.15400 1927.94 45.6912
11.15700 1948.74 47.5651
11.16000 1970.72 48.1683
11.16300 1993.89 48.0015
11.16600 2018.33 49.029
11.16900 2044.07 48.737
11.17200 2071.19 48.9116
11.17500 2099.77 49.7519
11.17800 2129.9 48.6792
11.18100 2161.71 50.4433
11.18400 2195.32 50.702
11.18700 2230.9 51.6398
11.19000 2268.63 51.778
11.19300 2308.74 51.4344
11.19600 2351.52 52.8516
11.19900 2397.29 53.4522
11.20200 2446.49 54.965
11.20500 2499.6 53.3002
11.20800 2557.25 54.7176
11.21100 2620.2 56.7048
11.21400 2689.38 55.9893
11.21700 2765.92 56.5233
11.22000 2851.2 58.621
11.22300 2946.88 58.1238
11.22600 3054.98 61.0847
11.22900 3177.88 60.5228
11.23200 3318.46 64.8204
11.23500 3480.08 65.2328
11.23800 3666.69 65.2328
11.24100 3882.86 67.8844
11.24400 4133.87 68.6803
11.24700 4425.72 72.1688
11.25000 4765.18 74.3294
11.25300 5159.83 77.6151
11.25600 5617.99 80.8452
11.25900 6148.74 82.4786
11.26200 6761.84 89.0871
11.26500 7467.61 89.8027
11.26800 8276.8 94.9158
11.27100 9200.4 102.062
11.27400 10249.4 104.828
11.27700 11434.4 112.509
11.28000 12765.6 116.248
11.28300 14252 123.091
11.28600 15901.3 130.189
11.28900 17719.4 137.361
11.29200 19710 145.865
11.29500 21874.2 150.756
11.29800 24209.8 160.128
11.30100 26711.3 171.499
11.30400 29369.5 179.605
11.30700 32170.9 185.695
11.31000 35097.9 200
11.31300 38128.1 204.124
11.31600 41234.8 218.218
11.31900 44386.6 223.607
11.32200 47547.5 235.702
11.32500 50677.1 242.536
11.32800 53730.8 250
11.33100 56660.4 267.261
11.33400 59414.7 277.35
11.33700 61940.6 277.35
11.34000 64184.8 288.675
11.34300 66095.4 288.675
11.34600 67625 301.511
11.34900 68732.9 301.511
11.35200 69388.3 301.511
11.35500 69572.5 301.511
11.35800 69280.5 301.511
11.36100 68521.3 301.511
11.36400 67317.5 288.675
11.36700 65703 288.675
11.37000 63720.9 288.675
11.37300 61420.4 277.35
11.37600 58854 267.261
11.37900 56075.4 258.199
11.38200 53137.3 258.199
11.38500 50090.1 242.536
11.38800 46981 229.416
11.39100 43853.3 223.607
11.39400 40746 213.201
11.39700 37693.6 204.124
11.40000 34725.9 196.116
11.40300 31868.2 188.982
11.40600 29140.9 176.777
11.40900 26560.3 169.031
11.41200 24138.2 164.399
11.41500 21882.4 152.499
11.41800 19797 145.865
11.42100 17882.6 140.028
11.42400 16137.2 132.453
11.42700 14555.8 125.988
11.43000 13131.7 118.678
11.43300 11856.4 113.228
11.43600 10720.3 109.109
11.43900 9712.86 103.695
11.44200 8823.26 100
11.44500 8040.46 93.6586
11.44800 7353.64 88.7357
11.45100 6752.33 86.711
11.45400 6226.6 81.1107
11.45700 5767.23 78.0869
11.46000 5365.69 76.9231
11.46300 5014.27 72.3575
11.46600 4706.04 68.5189
11.46900 4434.88 67.42
11.47200 4195.41 66.519
11.47500 3982.95 62.2573
11.47800 3793.48 59.655
11.48100 3623.58 58.2223
11.48400 3470.36 57.073
11.48700 3331.41 54.7997
11.49000 3204.7 53.9164
11.49300 3088.56 52.4864
11.49600 2981.63 50.702
11.49900 2882.77 49.3264
11.50200 2791.06 49.8755
11.50500 2705.75 46.6252
11.50800 2626.2 47.036
11.51100 2551.9 45.9315
11.51400 2482.4 45.6435
11.51700 2417.33 44.5435
11.52000 2356.36 44.3242
11.52300 2299.21 43.6852
11.52600 2245.61 43.3148
11.52900 2195.32 41.9222
11.53200 2148.14 42.5628
11.53500 2103.85 42.0331
11.53800 2062.26 41.6667
11.54100 2023.19 41.0305
11.54400 1986.46 39.9043
11.54700 1951.9 40.522
11.55000 1919.37 39.7464
11.55300 1888.72 39.1031
11.55600 1859.79 39.9362
11.55900 1832.47 39.9043
11.56200 1806.64 40.7231
11.56500 1782.17 39.4362
11.56800 1758.96 39.6526
11.57100 1736.92 37.7964
11.57400 1715.95 38.0418
11.57700 1695.98 38.4048
11.58000 1676.93 38.5472
11.58300 1658.73 37.7695
11.58600 1641.32 36.3456
11.58900 1624.64 37.5823
11.59200 1608.65 38.7783
11.59500 1593.28 35.8517
11.59800 1578.52 38.0418
11.60100 1564.3 36.9863
11.60400 1550.61 37.6089
11.60700 1537.4 37.2419
11.61000 1524.66 36.0844
11.61300 1512.35 37.5823
11.61600 1500.46 36.9611
11.61900 1488.95 36.4662
11.62200 1477.82 36.9611
11.62500 1467.03 37.0117
11.62800 1456.58 36.9863
11.63100 1446.45 35.3775
11.63400 1436.63 35.6915
11.63700 1427.1 36.1787
11.64000 1417.85 35.3553
11.64300 1408.86 37.3718
11.64600 1400.13 35.5784
11.64900 1391.65 36.0375
11.65200 1383.4 36.3216
11.65500 1375.38 34.1793
11.65800 1367.58 35.5559
11.66100 1359.99 35.1581
11.66400 1352.6 36.25
11.66700 1345.4 35.05
11.67000 1338.4 35.7371
11.67300 1331.57 36.2738
11.67600 1324.92 35.3553
11.67900 1318.44 35.1581
11.68200 1312.12 35.3333
11.68500 1305.96 35.8287
11.68800 1299.95 34.7734
11.69100 1294.09 33.9227
11.69400 1288.37 35.3333
11.69700 1282.8 35.9211
11.70000 1277.35 34.7734
11.70300 1272.04 35.5559
11.70600 1266.86 35.6915
11.70900 1261.8 34.6479
11.71200 1256.87 35.1364
11.71500 1252.05 34.7314
11.71800 1247.34 35.7371
11.72100 1242.75 35.2235
11.72400 1238.27 34.8155
11.72700 1233.89 36.1079
11.73000 1229.62 35.2017
11.73300 1225.45 35.6462
11.73600 1221.39 35.2017
11.73900 1217.42 35.6462
11.74200 1213.55 35.6235
11.74500 1209.77 34.1993
11.74800 1206.08 34.3604
11.75100 1202.49 35.4887
11.75400 1198.98 35.511
11.75700 1195.56 34.7524
11.76000 1192.23 34.879
11.76300 1188.98 35.3775
11.76600 1185.82 34.6479
11.76900 1182.73 35.4887
11.77200 1179.74 35.1147
11.77500 1176.83 34.4418
11.77800 1174 34.9856
11.78100 1171.26 34.7314
11.78400 1168.62 34.0997
11.78700 1166.07 34.6272
11.79000 1163.62 34.9642
11.79300 1161.28 35.3996
11.79600 1159.05 34.0207
11.79900 1156.93 35.1799
11.80200 1154.93 35.5335
11.80500 1153.05 34.4214
11.80800 1151.29 35.05
11.81100 1149.63 34.7314
11.81400 1148.08 33.3704
11.81700 1146.61 34.401
11.82000 1145.21 34.9428
11.82300 1143.85 34.8367
11.82600 1142.5 34.8367
11.82900 1141.13 33.7292
11.83200 1139.7 34.6896
11.83500 1138.17 34.9428
11.83800 1136.51 32.686
11.84100 1134.68 34.7314
11.84400 1132.67 33.2411
11.84700 1130.48 33.3519
11.85000 1128.11 34.3807
11.85300 1125.6 33.7869
11.85600 1122.99 33.0771
11.85900 1120.33 33.389
11.86200 1117.66 33.9618
11.86500 1115.03 34.3199
11.86800 1112.47 34.2796
11.87100 1110.04 34.1196
11.87400 1107.76 34.7945
11.87700 1105.67 33.3519
11.88000 1103.78 33.6336
11.88300 1102.12 34.4828
11.88600 1100.72 34.0997
11.88900 1099.59 26.2251
11.89200 1098.75 28.8195
11.89500 1098.22 29.6565
11.89800 1098.03 30.3728
11.90100 1098.18 30.0557
11.90400 1098.72 30.9344
11.90700 1099.66 30.9938
11.91000 1101.04 31.9928
11.91300 1102.9 31.2348
11.91600 1105.27 32.0256
11.91900 1108.2 32.4956
11.92200 1111.73 33.2411
11.92500 1115.9 32.0092
11.92800 1120.77 32.7035
11.93100 1126.38 33.1862
11.93400 1132.78 31.75
11.93700 1140.02 32.8798
11.94000 1148.14 32.3932
11.94300 1157.17 32.53
11.94600 1167.15 33.7484
11.94900 1178.11 32.5472
11.95200 1190.08 32.2917
11.95500 1203.05 32.721
11.95800 1217.03 33.0049
11.96100 1232.01 33.8255
11.96400 1247.96 34.1196
11.96700 1264.86 34.1196
11.97000 1282.64 34.4214
11.97300 1301.23 34.9002
11.97600 1320.56 34.8367
11.97900 1340.53 34.0207
11.98200 1361 34.8155
11.98500 1381.85 35.0931
11.98800 1402.93 35.3333
11.99100 1424.06 36.5881
11.99400 1445.06 35.5784
11.99700 1465.72 37.1391
12.00000 1485.84 37.1647
12.00300 1505.17 38.0143
12.00600 1523.48 36.6864
12.00900 1540.53 36.8856
12.01200 1556.06 38.1802
12.01500 1569.84 37.7426
12.01800 1581.62 37.3979
12.02100 1591.21 37.8235
12.02400 1598.39 37.5029
12.02700 1603.04 38.6334
12.03000 1605.03 38.6046
12.03300 1604.31 38.6046
12.03600 1600.85 39.2232
12.03900 1594.72 37.5823
12.04200 1585.99 38.6622
12.04500 1574.81 38.2639
12.04800 1561.35 37.5293
12.05100 1545.81 37.0879
12.05400 1528.44 36.9107
12.05700 1509.47 36.3696
12.06000 1489.15 37.2419
12.06300 1467.74 35.6915
12.06600 1445.46 35.6462
12.06900 1422.57 36.0375
12.07200 1399.28 35.9211
12.07500 1375.8 34.4623
12.07800 1352.32 34.6272
12.08100 1329.03 35.6915
12.08400 1306.08 33.7676
12.08700 1283.6 33.5767
12.09000 1261.74 34.5444
12.09300 1240.59 33.9422
12.09600 1220.24 33.5013
12.09900 1200.77 34.6479
12.10200 1182.23 33.9814
12.10500 1164.66 32.8089
12.10800 1148.1 32.1412
12.11100 1132.55 33.389
12.11400 1118.01 31.7181
12.11700 1104.49 32.686
12.12000 1091.94 31.2959
12.12300 1080.36 31.7021
12.12600 1069.7 31.3574
12.12900 1059.93 31.9601
12.13200 1050.99 31.6862
12.13500 1042.84 30.7583
12.13800 1035.43 30.7729
12.14100 1028.71 31.6228
12.14400 1022.63 30.429
12.14700 1017.13 31.1437
12.15000 1012.17 31.4503
12.15300 1007.69 30.8021
12.15600 1003.65 29.5527
12.15900 1000.01 30.7438
12.16200 996.729 31.2195
12.16500 993.762 31.1588
12.16800 991.08 31.3112
12.17100 988.648 30.5709
12.17400 986.439 29.801
12.17700 984.427 31.2959
12.18000 982.588 30.2337
12.18300 980.902 30.7875
12.18600 979.35 30.3869
12.18900 977.916 29.7614
12.19200 976.586 30.8313
12.19500 975.347 30.5424
12.19800 974.19 30.9492
12.20100 973.105 30.7438
12.20400 972.084 30.657
12.20700 971.12 30.0557
12.21000 970.208 31.2959
12.21300 969.344 30.3869
12.21600 968.522 30.6138
12.21900 967.74 30.2475
12.22200 966.994 30.3588
12.22500 966.282 30.6282
12.22800 965.603 30.9938
12.23100 964.954 30.846
12.23400 964.334 29.1482
12.23700 963.742 30.7729
12.24000 963.177 30.8901
12.24300 962.638 30.0828
12.24600 962.124 30.3588
12.24900 961.635 30.2475
12.25200 961.171 30.3588
12.25500 960.731 30.6426
12.25800 960.314 29.5269
12.26100 959.922 30.1923
12.26400 959.552 30.1374
12.26700 959.206 30.8901
12.27000 958.883 31.0685
12.27300 958.583 30.9641
12.27600 958.307 29.9074
12.27900 958.053 30.9938
12.28200 957.823 30.3449
12.28500 957.617 30.1648
12.28800 957.434 30.317
12.29100 957.275 31.4814
12.29400 957.139 30.2475
12.29700 957.028 30.2199
12.30000 956.941 29.8275
12.30300 956.88 29.8941
12.30600 956.843 30.2891
12.30900 956.831 29.7482
12.31200 956.846 30.8901
12.31500 956.887 29.7878
12.31800 956.955 30.015
12.32100 957.05 30.7003
12.32400 957.173 29.2353
12.32700 957.325 29.1979
12.33000 957.505 31.1136
12.33300 957.716 29.3864
12.33600 957.958 30.0015
12.33900 958.232 30.657
12.34200 958.539 29.9476
12.34500 958.879 29.9611
12.34800 959.255 30.415
12.35100 959.667 30.317
12.35400 960.116 30.0015
12.35700 960.605 30.0965
12.36000 961.136 31.5127
12.36300 961.709 30.2061
12.36600 962.328 28.8675
12.36900 962.994 30.0421
12.37200 963.711 30.4431
12.37500 964.481 30.4572
12.37800 965.307 30.846
12.38100 966.195 30.6138
12.38400 967.147 31.0835
12.38700 968.17 30.1923
12.39000 969.268 30.5852
12.39300 970.447 30.2891
12.39600 971.716 29.5269
12.39900 973.082 30.7583
12.40200 974.554 31.0087
12.40500 976.143 29.7878
12.40800 977.861 30.5995
12.41100 979.721 31.544
12.41400 981.737 30.0015
12.41700 983.927 30.415
12.42000 986.309 31.4037
12.42300 988.904 30.7148
12.42600 991.733 30.5139
12.42900 994.821 31.2043
12.43200 998.195 31.4192
12.43500 1001.88 30.5281
12.43800 1005.91 31.4347
12.44100 1010.32 31.1286
12.44400 1015.14 32.075
12.44700 1020.41 31.1286
12.45000 1026.15 32.3085
12.45300 1032.4 31.7821
12.45600 1039.21 30.7293
12.45900 1046.6 31.607
12.46200 1054.6 32.3423
12.46500 1063.24 31.3112
12.46800 1072.55 31.4347
12.47100 1082.55 33.1862
12.47400 1093.27 32.4443
12.47700 1104.69 32.0915
12.48000 1116.84 32.53
12.48300 1129.69 33.7869
12.48600 1143.24 32.9511
12.48900 1157.46 34.3199
12.49200 1172.32 32.8089
12.49500 1187.78 32.7913
12.49800 1203.8 33.9618
12.50100 1220.31 35.05
12.50400 1237.25 34.2997
12.50700 1254.55 34.7945
12.51000 1272.14 34.879
12.51300 1289.92 34.8367
12.51600 1307.79 35.3996
12.51900 1325.65 35.2454
12.52200 1343.38 36.5881
12.52500 1360.83 35.7143
12.52800 1377.87 35.007
12.53100 1394.32 36.8856
12.53400 1410 36.9358
12.53700 1424.7 36.2024
12.54000 1438.23 36.9358
12.54300 1450.37 36.5881
12.54600 1460.92 36.3937
12.54900 1469.67 37.4766
12.55200 1476.46 37.3197
12.55500 1481.16 38.2639
12.55800 1483.67 37.1391
12.56100 1484 38.1802
12.56400 1482.25 37.3979
12.56700 1478.62 36.2977
12.57000 1473.38 36.8355
12.57300 1466.87 37.6355
12.57600 1459.44 37.1391
12.57900 1451.46 37.6622
12.58200 1443.25 37.037
12.58500 1435.13 37.0879
12.58800 1427.39 35.7143
12.59100 1420.26 36.5392
12.59400 1413.98 36.3216
12.59700 1408.74 36.4905
12.60000 1404.71 37.1391
12.60300 1402.05 35.8057
12.60600 1400.91 36.9611
12.60900 1401.43 36.9107
12.61200 1403.75 35.7371
12.61500 1408.02 35.8748
12.61800 1414.41 36.3216
12.62100 1423.1 38.3201
12.62400 1434.29 36.9611
12.62700 1448.22 37.0625
12.63000 1465.15 37.8777
12.63300 1485.39 38.1802
12.63600 1509.27 38.8955
12.63900 1537.2 38.7783
12.64200 1569.61 40.0963
12.64500 1607 40.6222
12.64800 1649.93 40.6894
12.65100 1699.02 40.7231
12.65400 1754.95 42.4476
12.65700 1818.5 41.9591
12.66000 1890.49 42.22
12.66300 1971.83 44.5435
12.66600 2063.51 45.6912
12.66900 2166.57 45.3143
12.67200 2282.15 47.5114
12.67500 2411.42 48.3934
12.67800 2555.64 49.029
12.68100 2716.09 50.8987
12.68400 2894.1 51.031
12.68700 3091.01 53.9949
12.69000 3308.18 56.4333
12.69300 3546.93 57.8315
12.69600 3808.56 59.3391
12.69900 4094.31 61.4295
12.70200 4405.34 64.2824
12.70500 4742.67 66.2266
12.70800 5107.2 68.6803
12.71100 5499.66 70.7107
12.71400 5920.56 73.721
12.71700 6370.19 76.2493
12.72000 6848.57 80.0641
12.72300 7355.46 81.9232
12.72600 7890.25 84.2152
12.72900 8452.03 88.0451
12.73200 9039.52 91.2871
12.73500 9651.04 94.0721
12.73800 10284.5 97.1286
12.74100 10937.5 100.504
12.74400 11607.1 103.142
12.74700 12289.9 106
12.75000 12982.3 110.432
12.75300 13680 113.228
12.75600 14378.5 114.708
12.75900 15072.7 119.523
12.76200 15757.3 124.035
12.76500 16426.5 125
12.76800 17074.1 128.037
12.77100 17694 132.453
12.77400 18279.5 133.631
12.77700 18823.9 133.631
12.78000 19320.6 137.361
12.78300 19763.2 140.028
12.78600 20145.5 140.028
12.78900 20462 140.028
12.79200 20707.7 142.857
12.79500 20878.8 141.421
12.79800 20972.4 141.421
12.80100 20987 142.857
12.80400 20922.3 142.857
12.80700 20779.3 141.421
12.81000 20560.5 141.421
12.81300 20269.3 141.421
12.81600 19910.2 138.675
12.81900 19488.6 138.675
12.82200 19010.5 137.361
12.82500 18482.1 133.631
12.82800 17910.1 130.189
12.83100 17301.2 131.306
12.83400 16662 127
12.83700 15998.9 125
12.84000 15318 122.169
12.84300 14625.4 118.678
12.84600 13926.6 116.248
12.84900 13226.6 112.509
12.85200 12530.3 109.109
12.85500 11842 106
12.85800 11165.6 101.535
12.86100 10504.6 100
12.86400 9862.11 97.1286
12.86700 9240.71 93.2505
12.87000 8642.64 89.8027
12.87300 8069.72 86.3868
12.87600 7523.38 83.6242
12.87900 7004.69 79.0569
12.88200 6514.33 76.9231
12.88500 6052.71 73.3236
12.88800 5619.89 70.014
12.89100 5215.68 68.5189
12.89400 4839.64 65.938
12.89700 4491.13 63.1194
12.90000 4169.3 61.0847
12.90300 3873.17 58.0259
12.90600 3601.62 56.9803
12.90900 3353.44 54.7997
12.91200 3127.34 52.1996
12.91500 2922 50.702
12.91800 2736.07 49.0881
12.92100 2568.18 48.3934
12.92400 2416.99 46.225
12.92700 2281.19 44.1511
12.93000 2159.49 43.9799
12.93300 2050.69 42.7569
12.93600 1953.6 42.4859
12.93900 1867.13 40.0642
12.94200 1790.26 39.7779
12.94500 1722.02 39.2232
12.94800 1661.53 39.0732
12.95100 1607.97 37.9049
12.95400 1560.6 37.8235
12.95700 1518.74 35.9908
12.96000 1481.79 36.0609
12.96300 1449.2 35.6915
12.96600 1420.47 35.8287
12.96900 1395.16 34.8155
12.97200 1372.88 34.0799
12.97500 1353.28 34.0997
12.97800 1336.05 33.6146
12.98100 1320.92 33.7676
12.98400 1307.64 32.969
12.98700 1296 32.7385
12.99000 1285.79 32.7737
12.99300 1276.85 32.5818
12.99600 1269.02 32.4272
12.99900 1262.15 32.1412
13.00200 1256.12 32.4785
13.00500 1250.8 31.0985
13.00800 1246.08 31.9765
13.01100 1241.85 32.1578
13.01400 1238.01 33.0409
13.01700 1234.47 32.7561
13.02000 1231.13 30.6426
13.02300 1227.9 31.342
13.02600 1224.69 31.544
13.02900 1221.42 32.2581
13.03200 1218.02 31.7982
13.03500 1214.39 31.2653
13.03800 1210.47 31.5283
13.04100 1206.21 31.9113
13.04400 1201.53 31.1588
13.04700 1196.4 31.6386
13.05000 1190.79 32.2078
13.05300 1184.65 31.9438
13.05600 1178 30.4997
13.05900 1170.81 31.4192
13.06200 1163.12 30.2614
13.06500 1154.93 30.8313
13.06800 1146.27 31.8304
13.07100 1137.2 31.8142
13.07400 1127.75 31.5283
13.07700 1117.97 30.4572
13.08000 1107.91 30.3728
13.08300 1097.63 29.801
13.08600 1087.18 31.0835
13.08900 1076.62 29.2979
13.09200 1065.98 29.6174
13.09500 1055.33 31.4814
13.09800 1044.7 29.8941
13.10100 1034.14 29.4884
13.10400 1023.7 29.7878
13.10700 1013.4 29.988
13.11000 1003.28 30.2337
13.11300 993.375 29.9074
13.11600 983.704 29.5269
13.11900 974.293 30.0692
13.12200 965.161 28.9157
13.12500 956.324 29.5915
13.12800 947.796 29.3484
13.13100 939.585 28.2504
13.13400 931.699 27.6501
13.13700 924.141 27.9727
13.14000 916.913 28.341
13.14300 910.013 28.9278
13.14600 903.437 27.7243
13.14900 897.18 28.8315
13.15200 891.235 27.9618
13.15500 885.592 28.2391
13.15800 880.242 28.0276
13.16100 875.174 27.8964
13.16400 870.375 27.1763
13.16700 865.832 26.8414
13.17000 861.534 28.5365
13.17300 857.465 27.2468
13.17600 853.614 27.6079
13.17900 849.967 27.7137
13.18200 846.511 27.4825
13.18500 843.233 26.8608
13.18800 840.122 27.3281
13.19100 837.165 28.3183
13.19400 834.352 26.7644
13.19700 831.672 26.9093
13.20000 829.115 27.7671
13.20300 826.672 27.8747
13.20600 824.334 28.2054
13.20900 822.095 26.9191
13.21200 819.946 26.3982
13.21500 817.882 26.9289
13.21800 815.896 27.9508
13.22100 813.983 27.9727
13.22400 812.138 27.735
13.22700 810.358 27.5241
13.23000 808.638 27.0073
13.23300 806.977 26.7071
13.23600 805.37 27.3998
13.23900 803.816 26.7836
13.24200 802.313 27.8531
13.24500 800.86 26.7071
13.24800 799.455 26.2613
13.25100 798.1 27.3383
13.25400 796.792 25.7855
13.25700 795.534 27.5764
13.26000 794.325 28.5017
13.26300 793.167 26.3706
13.26600 792.062 27.9837
13.26900 791.012 27.8423
13.27200 790.02 27.3179
13.27500 789.089 25.8544
13.27800 788.223 26.8124
13.28100 787.428 27.7564
13.28400 786.708 26.7836
13.28700 786.07 27.0666
13.29000 785.521 27.0864
13.29300 785.069 26.4074
13.29600 784.723 27.8315
13.29900 784.493 26.9386
13.30200 784.389 26.6785
13.30500 784.425 27.1663
13.30800 784.613 26.6501
13.31100 784.967 26.688
13.31400 785.504 25.9412
13.31700 786.239 27.5764
13.32000 787.191 26.8028
13.32300 788.379 27.6924
13.32600 789.823 27.7671
13.32900 791.543 27.0468
13.33200 793.563 26.7548
13.33500 795.904 26.3706
13.33800 798.591 26.6975
13.34100 801.645 27.7778
13.34400 805.093 27.3077
13.34700 808.957 27.8639
13.35000 813.26 26.8705
13.35300 818.026 27.6818
13.35600 823.275 27.6712
13.35900 829.029 26.9289
13.36200 835.305 27.4307
13.36500 842.12 27.257
13.36800 849.486 27.2874
13.37100 857.413 29.0129
13.37400 865.908 28.7361
13.37700 874.973 28.1495
13.38000 884.604 28.2279
13.38300 894.795 26.8028
13.38600 905.531 28.1606
13.38900 916.792 29.0252
13.39200 928.553 28.105
13.39500 940.781 28.5598
13.39800 953.435 29.7088
13.40100 966.468 31.766
13.40400 979.823 29.9476
13.40700 993.437 30.1923
13.41000 1007.24 30.7148
13.41300 1021.14 30.5709
13.41600 1035.06 30.3588
13.41900 1048.92 30.2199
13.42200 1062.61 31.6228
13.42500 1076.01 30.3869
13.42800 1089.02 30.8754
13.43100 1101.51 32.0585
13.43400 1113.37 32.2245
13.43700 1124.47 32.5472
13.44000 1134.69 31.6862
13.44300 1143.92 31.4658
13.44600 1152.06 31.9765
13.44900 1159 33.2045
13.45200 1164.66 33.7484
13.45500 1168.97 32.0092
13.45800 1171.87 33.1497
13.46100 1173.33 33.9814
13.46400 1173.33 31.9601
13.46700 1171.89 32.5818
13.47000 1169.02 33.5201
13.47300 1164.78 31.9928
13.47600 1159.21 32.5472
13.47900 1152.39 31.766
13.48200 1144.42 31.1437
13.48500 1135.38 31.497
13.48800 1125.39 32.5991
13.49100 1114.55 32.0421
13.49400 1102.97 31.0685
13.49700 1090.77 30.7148
13.50000 1078.07 31.1286
13.50300 1064.96 31.2195
13.50600 1051.56 30.7148
13.50900 1037.98 30.015
13.51200 1024.31 31.1437
13.51500 1010.63 29.6174
13.51800 997.046 29.8541
13.52100 983.62 31.734
13.52400 970.422 29.4372
13.52700 957.511 30.2475
13.53000 944.937 29.2353
13.53300 932.74 28.9521
13.53600 920.958 28.6888
13.53900 909.612 29.5915
13.54200 898.716 29.1854
13.54500 888.28 27.929
13.54800 878.306 28.9037
13.55100 868.789 28.444
13.55400 859.72 27.7031
13.55700 851.087 28.8315
13.56000 842.872 26.9778
13.56300 835.059 27.8531
13.56600 827.626 28.0939
13.56900 820.554 27.6395
13.57200 813.821 27.6395
13.57500 807.409 27.7564
13.57800 801.298 27.7885
13.58100 795.47 27.3383
13.58400 789.91 27.6924
13.58700 784.601 28.0056
13.59000 779.532 27.6818
13.59300 774.688 26.8124
13.59600 770.059 27.4618
13.59900 765.636 27.4825
13.60200 761.408 27.1063
13.60500 757.368 26.4166
13.60800 753.51 26.4166
13.61100 749.825 25.9938
13.61400 746.309 25.5155
13.61700 742.958 26.3982
13.62000 739.767 26.389
13.62300 736.733 26.4351
13.62600 733.853 26.6501
13.62900 731.125 26.1533
13.63200 728.547 26.0201
13.63500 726.119 25.777
13.63800 723.838 26.4258
13.64100 721.705 26.0732
13.64400 719.718 26.0998
13.64700 717.878 24.9145
13.65000 716.183 25.1577
13.65300 714.633 25.1577
13.65600 713.229 26.6596
13.65900 711.969 25.641
13.66200 710.853 26.3249
13.66500 709.88 25.4741
13.66800 709.049 25.5238
13.67100 708.359 25.1101
13.67400 707.808 25.4164
13.67700 707.395 26.1354
13.68000 707.118 25.5822
13.68300 706.975 25.2699
13.68600 706.963 25.7684
13.68900 707.08 25.4164
13.69200 707.323 24.6332
13.69500 707.689 24.961
13.69800 708.176 25.3673
13.70100 708.782 25.6242
13.70400 709.505 26.1176
13.70700 710.347 25.8285
13.71000 711.309 26.688
13.71300 712.399 26.5466
13.71600 713.627 26.4999
13.71900 715.009 25.2942
13.72200 716.572 26.8221
13.72500 718.346 25.351
13.72800 720.375 24.4851
13.73100 722.709 26.5093
13.73400 725.405 26.9191
13.73700 728.523 26.5279
13.74000 732.121 25.6242
13.74300 736.248 26.2885
13.74600 740.931 26.334
13.74900 746.174 26.9582
13.75200 751.937 26.6123
13.75500 758.139 27.1563
13.75800 764.644 26.6123
13.76100 771.26 25.9064
13.76400 777.738 26.5653
13.76700 783.779 26.2613
13.77000 789.041 27.2874
13.77300 793.171 25.7257
13.77600 795.849 26.556
13.77900 796.849 26.9975
13.78200 796.094 26.9191
13.78500 793.68 27.1363
13.78800 789.846 27.2166
13.79100 784.926 27.1563
13.79400 779.278 25.9675
13.79700 773.248 26.8899
13.80000 767.135 27.257
13.80300 761.187 25.9587
13.80600 755.594 26.9876
13.80900 750.489 26.0732
13.81200 745.953 26.0378
13.81500 742.02 26.6975
13.81800 738.689 27.0765
13.82100 735.927 26.8317
13.82400 733.684 25.0785
13.82700 731.9 26.4999
13.83000 730.512 26.4074
13.83300 729.458 25.5571
13.83600 728.682 25.8371
13.83900 728.137 26.7071
13.84200 727.783 25.6917
13.84500 727.585 26.7166
13.84800 727.517 26.5841
13.85100 727.555 26.2613
13.85400 727.68 26.4166
13.85700 727.875 26.4535
13.86000 728.122 26.2342
13.86300 728.407 26.1891
13.86600 728.714 26.9582
13.86900 729.026 26.669
13.87200 729.327 26.9386
13.87500 729.601 26.7836
13.87800 729.833 24.9688
13.88100 730.006 25.8027
13.88400 730.108 25.8544
13.88700 730.126 26.7261
13.89000 730.052 26.0732
13.89300 729.879 25.9238
13.89600 729.605 26.7548
13.89900 729.232 25.278
13.90200 728.766 27.0864
13.90500 728.219 24.8146
13.90800 727.604 26.082
13.91100 726.94 26.3982
13.91400 726.25 26.8414
13.91700 725.558 26.3523
13.92000 724.892 26.2703
13.92300 724.279 27.9618
13.92600 723.751 26.6975
13.92900 723.336 26.4999
13.93200 723.066 26.9093
13.93500 722.971 26.0909
13.93800 723.081 26.1265
13.94100 723.426 27.0964
13.94400 724.033 26.3615
13.94700 724.929 26.0732
13.95000 726.142 26.4258
13.95300 727.693 27.4411
13.95600 729.606 26.7836
13.95900 731.902 26.1622
13.96200 734.597 26.3158
13.96500 737.707 25.641
13.96800 741.247 27.0765
13.97100 745.224 26.8028
13.97400 749.648 26.8124
13.97700 754.522 26.8705
13.98000 759.846 26.9386
13.98300 765.619 27.027
13.98600 771.834 26.7452
13.98900 778.481 26.0732
13.99200 785.547 23.5441
13.99500 793.015 25.2377
13.99800 800.864 26.3249
14.00100 809.068 26.2794
14.00400 817.598 26.9289
14.00700 826.42 26.0555
14.01000 835.497 26.9582
14.01300 844.788 27.9618
14.01600 854.245 26.556
14.01900 863.819 27.929
14.02200 873.457 28.6417
14.02500 883.1 26.9093
14.02800 892.69 27.5137
14.03100 902.164 27.9182
14.03400 911.46 28.5831
14.03700 920.515 28.105
14.04000 929.267 28.5948
14.04300 937.659 28.9642
14.04600 945.636 28.5598
14.04900 953.149 28.5481
14.05200 960.155 28.94
14.05500 966.62 29.1358
14.05800 972.512 28.105
14.06100 977.811 29.7482
14.06400 982.5 28.7242
14.06700 986.566 28.7361
14.07000 990.003 28.9886
14.07300 992.803 29.4118
14.07600 994.963 29.3737
14.07900 996.48 29.7746
14.08200 997.35 30.3588
14.08500 997.567 29.5527
14.08800 997.129 29.7088
14.09100 996.031 28.8315
14.09400 994.272 28.1606
14.09700 991.852 28.7718
14.10000 988.777 28.9157
14.10300 985.059 29.4372
14.10600 980.716 29.3484
14.10900 975.776 30.0828
14.11200 970.277 29.9208
14.11500 964.267 28.7124
14.11800 957.802 28.8555
14.12100 950.948 30.0015
14.12400 943.778 29.6826
14.12700 936.372 29.1235
14.13000 928.814 30.4431
14.13300 921.191 28.6299
14.13600 913.589 28.4786
14.13900 906.097 28.8555
14.14200 898.799 28.6417
14.14500 891.778 28.1495
14.14800 885.113 27.5659
14.15100 878.876 27.3896
14.15400 873.138 27.7564
14.15700 867.96 28.273
14.16000 863.399 27.9508
14.16300 859.507 27.9508
14.16600 856.326 26.9289
14.16900 853.895 27.6501
14.17200 852.243 28.0496
14.17500 851.392 26.688
14.17800 851.36 26.7071
14.18100 852.152 28.2956
14.18400 853.771 26.1802
14.18700 856.209 27.1864
14.19000 859.451 27.7031
14.19300 863.474 27.3588
14.19600 868.249 26.7836
14.19900 873.737 28.1606
14.20200 879.895 27.545
14.20500 886.668 28.105
14.20800 893.998 28.5714
14.21100 901.818 29.0865
14.21400 910.053 28.3866
14.21700 918.626 28.748
14.22000 927.448 29.0129
14.22300 936.429 28.677
14.22600 945.471 28.4095
14.22900 954.472 29.2728
14.23200 963.329 29.8142
14.23500 971.932 28.5948
14.23800 980.172 29.2478
14.24100 987.942 29.4245
14.24400 995.133 29.0988
14.24700 1001.65 28.5831
14.25000 1007.38 29.7088
14.25300 1012.25 29.6695
14.25600 1016.19 28.341
14.25900 1019.12 29.6826
14.26200 1021 29.6826
14.26500 1021.79 29.6435
14.26800 1021.48 29.801
14.27100 1020.05 30.4714
14.27400 1017.52 28.3981
14.27700 1013.91 29.801
14.28000 1009.25 29.2353
14.28300 1003.59 29.9208
14.28600 996.978 28.748
14.28900 989.465 27.8964
14.29200 981.117 28.9037
14.29500 972.002 28.9764
14.29800 962.189 27.9508
14.30100 951.751 29.3991
14.30400 940.765 28.2391
14.30700 929.307 28.3296
14.31000 917.456 28.2279
14.31300 905.291 28.4325
14.31600 892.888 27.6079
14.31900 880.325 26.6501
14.32200 867.675 27.3077
14.32500 855.01 25.7941
14.32800 842.396 26.9582
14.33100 829.897 27.1563
14.33400 817.569 26.2432
14.33700 805.466 26.4443
14.34000 793.633 26.2432
14.34300 782.114 25.4824
14.34600 770.942 24.1473
14.34900 760.15 24.731
14.35200 749.762 26.3523
14.35500 739.797 24.4631
14.35800 730.272 25.1101
14.36100 721.196 25.8457
14.36400 712.575 23.749
14.36700 704.413 24.0493
14.37000 696.707 24.3396
14.37300 689.453 24.6632
14.37600 682.643 24.7613
14.37900 676.267 23.4146
14.38200 670.312 25.0156
14.38500 664.765 24.2893
14.38800 659.61 24.0911
14.39100 654.829 24.3324
14.39400 650.404 23.749
14.39700 646.317 24.1825
14.40000 642.548 23.749
14.40300 639.079 23.7423
14.40600 635.89 23.0205
14.40900 632.961 22.5935
14.41200 630.275 23.5506
14.41500 627.812 22.479
14.41800 625.556 23.7089
14.42100 623.49 23.8298
14.42400 621.597 23.9457
14.42700 619.863 22.6166
14.43000 618.274 23.237
14.43300 616.815 22.4224
14.43600 615.476 22.7685
14.43900 614.244 22.9355
14.44200 613.108 22.8396
14.44500 612.061 22.6397
14.44800 611.092 22.9718
14.45100 610.194 23.518
14.45400 609.36 21.9054
14.45700 608.583 23.2119
14.46000 607.859 23.0327
14.46300 607.181 22.7214
14.46600 606.546 22.2828
14.46900 605.95 22.6513
14.47200 605.391 23.505
14.47500 604.864 22.9416
14.47800 604.368 22.5132
14.48100 603.901 23.5245
14.48400 603.462 21.6777
14.48700 603.05 22.605
14.49000 602.663 23.8163
14.49300 602.302 22.7155
14.49600 601.966 22.3328
14.49900 601.655 22.6513
14.50200 601.369 22.7508
14.50500 601.109 22.4168
14.50800 600.874 22.7449
14.51100 600.666 21.853
14.51400 600.485 23.1002
14.51700 600.331 23.6228
14.52000 600.206 22.8874
14.52300 600.109 22.2662
14.52600 600.04 22.6805
14.52900 600.001 22.7803
14.53200 599.99 23.1807
14.53500 600.008 22.7038
14.53800 600.057 21.2959
14.54100 600.134 22.5589
14.54400 600.239 22.6281
14.54700 600.37 22.2607
14.55000 600.526 23.0756
14.55300 600.705 23.531
14.55600 600.905 22.5704
14.55900 601.123 22.5075
14.56200 601.357 22.5704
14.56500 601.603 22.3831
14.56800 601.858 22.7567
14.57100 602.118 23.4018
14.57400 602.378 22.479
14.57700 602.636 22.6805
14.58000 602.885 22.7862
14.58300 603.123 23.3316
14.58600 603.343 22.1894
14.58900 603.542 22.305
14.59200 603.716 22.7921
14.59500 603.86 22.7626
14.59800 603.972 22.6224
14.60100 604.051 22.8515
14.60400 604.093 21.8322
14.60700 604.101 22.7744
14.61000 604.076 23.1558
14.61300 604.02 23.2621
14.61600 603.939 22.5589
14.61900 603.838 22.2662
14.62200 603.722 22.173
14.62500 603.599 22.5819
14.62800 603.476 23.7691
14.63100 603.36 22.4677
14.63400 603.261 22.6572
14.63700 603.184 22.9114
14.64000 603.137 22.1894
14.64300 603.126 22.6397
14.64600 603.158 21.974
14.64900 603.237 22.1349
14.65200 603.368 22.9114
14.65500 603.555 22.1567
14.65800 603.8 23.0449
14.66100 604.105 23.9525
14.66400 604.471 22.99
14.66700 604.899 22.479
14.67000 605.387 22.804
14.67300 605.934 23.319
14.67600 606.536 22.2662
14.67900 607.191 22.7273
14.68200 607.893 23.2558
14.68500 608.637 23.5506
14.68800 609.417 22.1567
14.69100 610.225 23.1002
14.69400 611.055 23.0144
14.69700 611.897 23.338
14.70000 612.742 23.505
14.70300 613.581 23.0817
14.70600 614.404 23.7423
14.70900 615.201 22.9175
14.71200 615.962 24.1121
14.71500 616.676 21.3638
14.71800 617.333 23.2747
14.72100 617.924 23.0388
14.72400 618.44 22.8635
14.72700 618.874 22.7921
14.73000 619.219 23.4018
14.73300 619.471 22.7449
14.73600 619.627 22.9175
14.73900 619.686 22.3551
14.74200 619.65 23.2936
14.74500 619.522 23.319
14.74800 619.309 22.9054
14.75100 619.017 22.7921
14.75400 618.657 22.3887
14.75700 618.24 22.7273
14.76000 617.78 22.6281
14.76300 617.29 23.5965
14.76600 616.784 23.0083
14.76900 616.279 23.6162
14.77200 615.79 23.4404
14.77500 615.333 23.3126
14.77800 614.924 22.2607
14.78100 614.579 22.6921
14.78400 614.313 23.1807
14.78700 614.143 22.6281
14.79000 614.083 22.6166
14.79300 614.147 22.2773
14.79600 614.35 22.9175
14.79900 614.704 22.0059
14.80200 615.221 24.1192
14.80500 615.914 23.3
14.80800 616.792 22.3775
14.81100 617.865 23.0388
14.81400 619.142 21.801
14.81700 620.629 22.9476
14.82000 622.332 22.1079
14.82300 624.256 22.3943
14.82600 626.404 23.518
14.82900 628.778 22.7626
14.83200 631.377 22.7214
14.83500 634.201 23.2182
14.83800 637.245 23.0817
14.84100 640.506 22.8337
14.84400 643.978 23.3507
14.84700 647.651 24.0424
14.85000 651.516 22.8158
14.85300 655.562 23.9319
14.85600 659.777 23.4082
14.85900 664.144 23.5899
14.86200 668.648 24.0842
14.86500 673.271 23.3126
14.86800 677.993 24.3108
14.87100 682.792 24.0632
14.87400 687.647 24.0146
14.87700 692.531 24.7765
14.88000 697.421 23.7156
14.88300 702.287 24.2464
14.88600 707.104 24.0981
14.88900 711.841 24.6108
14.89200 716.47 24.2607
14.89500 720.963 23.9182
14.89800 725.293 25.1022
14.90100 729.431 25.4658
14.90400 733.356 24.6857
14.90700 737.044 24.8146
14.91000 740.48 24.5662
14.91300 743.65 25.3104
14.91600 746.547 24.7008
14.91900 749.169 25.9238
14.92200 751.518 24.3252
14.92500 753.604 24.5959
14.92800 755.439 24.9377
14.93100 757.042 25.6326
14.93400 758.432 23.6228
14.93700 759.634 25.0627
14.94000 760.67 25.8717
14.94300 761.564 25.7941
14.94600 762.338 24.6034
14.94900 763.01 25.599
14.95200 763.594 25.1657
14.95500 764.096 25.4329
14.95800 764.519 24.731
14.96100 764.856 25.1657
14.96400 765.09 24.3902
14.96700 765.199 25.3185
14.97000 765.151 25.351
14.97300 764.905 25.3592
14.97600 764.414 25.4082
14.97900 763.624 26.4166
14.98200 762.476 25.5155
14.98500 760.908 25.2619
14.98800 758.858 25.4329
14.99100 756.266 25.2377
14.99400 753.084 25.3023
14.99700 749.276 24.8682
15.00000 744.829 26.2251
15.00300 739.755 25.5822
15.00600 734.091 25.118
15.00900 727.899 25.3104
15.01200 721.257 24.4778
15.01500 714.256 24.4924
15.01800 706.992 25.2377
15.02100 699.558 23.7624
15.02400 692.046 23.9801
15.02700 684.536 24.0285
15.03000 677.103 23.4597
15.03300 669.811 23.2244
15.03600 662.715 24.2322
15.03900 655.861 23.1869
15.04200 649.284 24.5662
15.04500 643.011 23.636
15.04800 637.061 24.2393
15.05100 631.444 23.6162
15.05400 626.167 23.1249
15.05700 621.227 23.603
15.06000 616.62 23.1063
15.06300 612.336 22.4055
15.06600 608.365 22.698
15.06900 604.694 22.9597
15.07200 601.31 22.9597
15.07500 598.198 23.1683
15.07800 595.344 22.0326
15.08100 592.737 22.479
15.08400 590.362 22.5647
15.08700 588.21 22.8099
15.09000 586.27 23.281
15.09300 584.533 22.1948
15.09600 582.99 21.3541
15.09900 581.634 22.9961
15.10200 580.458 21.9847
15.10500 579.455 22.6513
15.10800 578.62 21.7649
15.11100 577.948 22.605
15.11400 577.433 22.2607
15.11700 577.071 22.0273
15.12000 576.856 21.2334
15.12300 576.783 22.2662
15.12600 576.847 22.7921
15.12900 577.044 21.6574
15.13200 577.364 21.6219
15.13500 577.804 22.3663
15.13800 578.356 21.801
15.14100 579.013 22.8515
15.14400 579.768 22.2497
15.14700 580.611 22.1621
15.15000 581.533 22.6746
15.15300 582.525 23.1372
15.15600 583.576 21.5166
15.15900 584.675 22.5819
15.16200 585.81 21.9847
15.16500 586.969 23.2057
15.16800 588.138 21.974
15.17100 589.303 23.4791
15.17400 590.451 22.6108
15.17700 591.568 22.7097
15.18000 592.637 22.5475
15.18300 593.646 22.2442
15.18600 594.58 22.9175
15.18900 595.427 23.0022
15.19200 596.175 22.7803
15.19500 596.816 21.8374
15.19800 597.342 22.2058
15.20100 597.749 22.2058
15.20400 598.037 22.0541
15.20700 598.208 21.9476
15.21000 598.267 22.9175
15.21300 598.222 23.1994
15.21600 598.084 23.5768
15.21900 597.865 22.6572
15.22200 597.578 23.1002
15.22500 597.238 22.4847
15.22800 596.858 22.0702
15.23100 596.454 22.9054
15.23400 596.037 22.462
15.23700 595.621 22.5877
15.24000 595.216 23.3
15.24300 594.833 22.6166
15.24600 594.48 21.5716
15.24900 594.163 22.6513
15.25200 593.887 22.8515
15.25500 593.657 22.2003
15.25800 593.475 22.4847
15.26100 593.34 23.0571
15.26400 593.252 22.305
15.26700 593.209 22.8814
15.27000 593.206 23.2432
15.27300 593.239 21.7494
15.27600 593.3 22.1567
15.27900 593.384 22.9235
15.28200 593.482 23.1621
15.28500 593.587 23.0817
15.28800 593.69 22.2277
15.29100 593.785 23.9182
15.29400 593.863 23.5115
15.29700 593.92 23.5441
15.30000 593.95 22.6339
15.30300 593.949 23.5965
15.30600 593.916 22.8218
15.30900 593.85 22.3663
15.31200 593.75 22.7038
15.31500 593.617 23.3316
15.31800 593.455 23.3063
15.32100 593.265 23.281
15.32400 593.051 22.5647
15.32700 592.816 22.3663
15.33000 592.563 23.4275
15.33300 592.295 23.3698
15.33600 592.016 22.8218
15.33900 591.726 22.0809
15.34200 591.427 22.1295
15.34500 591.12 22.3272
15.34800 590.805 22.2277
15.35100 590.48 23.5571
15.35400 590.143 23.0756
15.35700 589.791 23.1807
15.36000 589.421 23.5768
15.36300 589.027 21.937
15.36600 588.605 22.4055
15.36900 588.148 23.1063
15.37200 587.651 23.237
15.37500 587.107 22.8575
15.37800 586.51 21.9847
15.38100 585.855 22.9961
15.38400 585.137 23.5768
15.38700 584.353 22.7273
15.39000 583.5 23.0388
15.39300 582.577 22.5647
15.39600 581.585 22.6513
15.39900 580.526 22.1295
15.40200 579.404 23.0571
15.40500 578.223 22.6863
15.40800 576.991 23.0327
15.41100 575.714 22.698
15.41400 574.401 21.8218
15.41700 573.059 22.0917
15.42000 571.697 22.0006
15.42300 570.324 22.8396
15.42600 568.948 22.9235
15.42900 567.577 22.0809
15.43200 566.221 21.6676
15.43500 564.886 21.6068
15.43800 563.58 22.6513
15.44100 562.311 22.8456
15.44400 561.084 22.2773
15.44700 559.907 22.5075
15.45000 558.785 21.6371
15.45300 557.724 21.827
15.45600 556.729 21.9581
15.45900 555.804 22.4055
15.46200 554.954 21.7649
15.46500 554.183 22.3719
15.46800 553.496 22.2718
15.47100 552.895 22.6224
15.47400 552.384 21.7907
15.47700 551.965 22.0702
15.48000 551.64 21.8062
15.48300 551.412 22.3999
15.48600 551.283 22.3999
15.48900 551.255 22.3943
15.49200 551.328 22.038
15.49500 551.505 22.479
15.49800 551.787 22.0863
15.50100 552.173 21.7186
15.50400 552.666 21.462
15.50700 553.265 22.0219
15.51000 553.971 22.3831
15.51300 554.784 21.462
15.51600 555.703 20.8108
15.51900 556.728 22.2113
15.52200 557.858 23.2119
15.52500 559.093 22.1621
15.52800 560.43 21.5666
15.53100 561.868 22.4507
15.53400 563.404 22.0648
15.53700 565.037 22.0059
15.54000 566.762 22.4677
15.54300 568.576 22.4507
15.54600 570.475 22.3328
15.54900 572.455 22.7331
15.55200 574.509 22.5132
15.55500 576.631 21.0631
15.55800 578.816 22.5303
15.56100 581.056 22.3607
15.56400 583.343 23.3762
15.56700 585.668 22.9718
15.57000 588.022 21.8687
15.57300 590.396 22.9476
15.57600 592.778 21.7907
15.57900 595.157 23.2244
15.58200 597.523 23.796
15.58500 599.861 22.5246
15.58800 602.16 24.0772
15.59100 604.405 23.636
15.59400 606.583 23.4082
15.59700 608.68 23.1558
15.60000 610.681 22.5303
15.60300 612.573 23.3635
15.60600 614.34 23.2119
15.60900 615.97 23.2432
15.61200 617.45 23.051
15.61500 618.767 23.0817
15.61800 619.91 23.319
15.62100 620.871 23.5115
15.62400 621.642 23.492
15.62700 622.217 23.5833
15.63000 622.593 22.9114
15.63300 622.769 23.0571
15.63600 622.746 22.7155
15.63900 622.528 23.0879
15.64200 622.121 23.1496
15.64500 621.532 23.3063
15.64800 620.772 24.0008
15.65100 619.851 23.6624
15.65400 618.782 22.7921
15.65700 617.579 22.9537
15.66000 616.257 22.1349
15.66300 614.832 23.7089
15.66600 613.319 22.5475
15.66900 611.735 23.1063
15.67200 610.095 22.8158
15.67500 608.417 22.8277
15.67800 606.718 22.0648
15.68100 605.012 22.5704
15.68400 603.318 23.0633
15.68700 601.652 22.8337
15.69000 600.03 22.7803
15.69300 598.469 23.7826
15.69600 596.986 22.6166
15.69900 595.598 22.9658
15.70200 594.324 22.4281
15.70500 593.182 22.3999
15.70800 592.191 22.8158
15.71100 591.371 23.1621
15.71400 590.745 22.6863
15.71700 590.336 22.4507
15.72000 590.169 22.2387
15.72300 590.27 22.804
15.72600 590.669 23.1434
15.72900 591.398 21.6879
15.73200 592.491 23.0756
15.73500 593.987 23.0266
15.73800 595.927 22.6921
15.74100 598.354 23.0879
15.74400 601.317 23.338
15.74700 604.869 22.6397
15.75000 609.066 23.3698
15.75300 613.967 23.6492
15.75600 619.636 23.1932
15.75900 626.141 24.1262
15.76200 633.552 23.2119
15.76500 641.944 23.9801
15.76800 651.393 24.731
15.77100 661.976 23.8433
15.77400 673.775 24.7385
15.77700 686.867 24.8991
15.78000 701.332 25.2056
15.78300 717.248 23.8705
15.78600 734.687 24.3685
15.78900 753.719 24.9222
15.79200 774.408 26.029
15.79500 796.807 26.0732
15.79800 820.965 26.8221
15.80100 846.916 26.2432
15.80400 874.684 26.5186
15.80700 904.277 27.7671
15.81000 935.688 28.4901
15.81300 968.895 29.0252
15.81600 1003.86 27.9399
15.81900 1040.51 28.9886
15.82200 1078.78 30.7729
15.82500 1118.58 30.415
15.82800 1159.77 30.5281
15.83100 1202.23 32.8266
15.83400 1245.82 31.9275
15.83700 1290.36 33.6718
15.84000 1335.69 32.075
15.84300 1381.63 33.0049
15.84600 1427.98 33.8255
15.84900 1474.56 33.9227
15.85200 1521.14 35.2235
15.85500 1567.5 35.9908
15.85800 1613.39 35.7599
15.86100 1658.52 37.2161
15.86400 1702.56 38.7492
15.86700 1745.1 38.8075
15.87000 1785.69 37.6089
15.87300 1823.78 39.7151
15.87600 1858.76 39.841
15.87900 1889.97 40.032
15.88200 1916.67 41.2393
15.88500 1938.1 40.5887
15.88800 1953.53 41.0651
15.89100 1962.29 41.6305
15.89400 1963.91 41.5227
15.89700 1958.24 41.3803
15.90000 1945.47 40.9616
15.90300 1926.13 40.9616
15.90600 1900.97 39.6214
15.90900 1870.86 40.7909
15.91200 1836.69 40.8589
15.91500 1799.29 40.1934
15.91800 1759.42 38.8368
15.92100 1717.74 38.9841
15.92400 1674.81 39.1031
15.92700 1631.11 38.7202
15.93000 1587.02 33.8643
15.93300 1542.82 31.8465
15.93600 1498.75 32.9154
15.93900 1455.01 33.3333
15.94200 1411.75 32.8798
15.94500 1369.1 32.7385
15.94800 1327.18 33.1862
15.95100 1286.09 32.0915
15.95400 1245.96 31.2959
15.95700 1206.88 30.4572
15.96000 1168.95 30.0692
15.96300 1132.26 29.8941
15.96600 1096.9 30.1238
15.96900 1062.94 29.45
15.97200 1030.44 28.5249
15.97500 999.445 26.9975
15.97800 969.994 27.4204
15.98100 942.109 28.2956
15.98400 915.797 27.4514
15.98700 891.056 26.2251
15.99000 867.869 26.2613
15.99300 846.213 25.7855
15.99600 826.05 25.0706
15.99900 807.34 26.1354
16.00200 790.031 25.5822
16.00500 774.067 23.9114
16.00800 759.389 24.2464
16.01100 745.932 25.0235
16.01400 733.629 23.505
16.01700 722.41 23.6558
16.02000 712.205 23.7423
16.02300 702.943 23.1807
16.02600 694.552 22.5992
16.02900 686.962 24.1684
16.03200 680.102 23.987
16.03500 673.903 24.0911
16.03800 668.296 22.3663
16.04100 663.215 23.5965
16.04400 658.596 23.3063
16.04700 654.376 22.984
16.05000 650.496 23.0633
16.05300 646.897 23.0327
16.05600 643.525 22.4281
16.05900 640.328 23.0756
16.06200 637.259 21.9107
16.06500 634.271 23.1187
16.06800 631.325 21.8896
16.07100 628.385 22.5935
16.07400 625.422 22.0219
16.07700 622.41 21.8949
16.08000 619.333 22.5589
16.08300 616.18 22.4563
16.08600 612.946 21.3443
16.08900 609.635 22.2332
16.09200 606.253 21.9159
16.09500 602.813 22.3831
16.09800 599.331 21.937
16.10100 595.823 21.7803
16.10400 592.31 21.9634
16.10700 588.809 21.0445
16.11000 585.341 21.9159
16.11300 581.924 21.4967
16.11600 578.574 21.7649
16.11900 575.307 22.2939
16.12200 572.138 20.7973
16.12500 569.079 20.3027
16.12800 566.141 21.1762
16.13100 563.333 21.6727
16.13400 560.662 20.7928
16.13700 558.135 21.3249
16.14000 555.753 21.0959
16.14300 553.517 21.8635
16.14600 551.43 20.4508
16.14900 549.486 20.5023
16.15200 547.698 20.1252
16.15500 546.057 20.4124
16.15800 544.556 20.5152
16.16100 543.191 20.8018
16.16400 541.955 20.2527
16.16700 540.843 20.1701
16.17000 539.849 20.8153
16.17300 538.966 20.7838
16.17600 538.187 21.6727
16.17900 537.506 20.5369
16.18200 536.917 20.5282
16.18500 536.413 20.1743
16.18800 535.988 20.0482
16.19100 535.639 19.1671
16.19400 535.359 20.739
16.19700 535.144 21.0119
16.20000 534.992 21.0073
16.20300 534.898 19.0623
16.20600 534.86 19.988
16.20900 534.877 20.8741
16.21200 534.947 21.4176
16.21500 535.07 20.4422
16.21800 535.244 20.2693
16.22100 535.47 20.1825
16.22400 535.749 19.8263
16.22700 536.081 20.3363
16.23000 536.465 19.8458
16.23300 536.904 20.2403
16.23600 537.397 20.4765
16.23900 537.945 20.9289
16.24200 538.547 20.4594
16.24500 539.203 20.1948
16.24800 539.91 20.8605
16.25100 540.668 21.0212
16.25400 541.473 20.8018
16.25700 542.322 19.7411
16.26000 543.21 21.3785
16.26300 544.133 20.4937
16.26600 545.083 20.8514
16.26900 546.053 20.7123
16.27200 547.036 20.3954
16.27500 548.021 20.6548
16.27800 549 20.9106
16.28100 549.961 20.9888
16.28400 550.893 20.4209
16.28700 551.782 20.6857
16.29000 552.616 21.4078
16.29300 553.381 21.1289
16.29600 554.064 20.8333
16.29900 554.649 20.3827
16.30200 555.125 21.1241
16.30500 555.478 20.4124
16.30800 555.696 20.7883
16.31100 555.77 21.3104
16.31400 555.692 20.8243
16.31700 555.456 21.11
16.32000 555.059 21.7494
16.32300 554.501 20.6328
16.32600 553.784 20.6946
16.32900 552.913 21.5315
16.33200 551.896 20.7614
16.33500 550.743 20.7928
16.33800 549.464 20.0321
16.34100 548.071 20.7973
16.34400 546.578 21.3104
16.34700 544.999 20.0603
16.35000 543.348 20.8198
16.35300 541.637 20.1252
16.35600 539.88 20.2527
16.35900 538.091 20.3997
16.36200 536.281 21.3104
16.36500 534.462 21.1857
16.36800 532.645 19.5628
16.37100 530.839 20.0764
16.37400 529.054 20.4679
16.37700 527.299 19.7758
16.38000 525.581 19.6951
16.38300 523.906 20.1048
16.38600 522.282 20.3616
16.38900 520.713 19.3383
16.39200 519.204 19.7874
16.39500 517.76 20.4294
16.39800 516.383 20.4039
16.40100 515.076 20.0522
16.40400 513.841 20.0321
16.40700 512.681 19.9681
16.41000 511.597 19.6229
16.41300 510.588 20.0683
16.41600 509.656 20.1374
16.41900 508.802 19.4514
16.42200 508.024 20.8333
16.42500 507.324 18.9185
16.42800 506.699 19.5329
16.43100 506.151 18.735
16.43400 505.679 20
16.43700 505.282 19.98
16.44000 504.96 19.9442
16.44300 504.713 19.2201
16.44600 504.541 19.2166
16.44900 504.443 20.8018
16.45200 504.419 19.9522
16.45500 504.47 20.668
16.45800 504.596 20
16.46100 504.797 19.4331
16.46400 505.074 20.3954
16.46700 505.426 19.9284
16.47000 505.855 19.8693
16.47300 506.361 20.0361
16.47600 506.944 19.5106
16.47900 507.605 19.3456
16.48200 508.343 20.2403
16.48500 509.159 20.699
16.48800 510.052 19.5217
16.49100 511.021 19.4625
16.49400 512.066 19.4809
16.49700 513.186 20.3869
16.50000 514.378 20.1907
16.50300 515.641 19.5069
16.50600 516.971 19.5928
16.50900 518.366 20.3742
16.51200 519.822 21.0865
16.51500 521.335 20.3153
16.51800 522.899 19.8654
16.52100 524.509 21.2047
16.52400 526.159 20.3997
16.52700 527.842 20.2072
16.53000 529.551 20.4209
16.53300 531.278 21.4226
16.53600 533.013 20.117
16.53900 534.748 20.6592
16.54200 536.473 20.5196
16.54500 538.176 20.9152
16.54800 539.848 20.5978
16.55100 541.477 20.2361
16.55400 543.05 20.7703
16.55700 544.555 20.498
16.56000 545.98 21.2911
16.56300 547.312 20.0926
16.56600 548.54 20.8243
16.56900 549.649 21.8426
16.57200 550.63 21.3492
16.57500 551.471 20.6504
16.57800 552.162 20.8878
16.58100 552.695 22.0755
16.58400 553.062 20.3279
16.58700 553.259 20.4808
16.59000 553.282 20.9657
16.59300 553.13 21.1194
16.59600 552.803 21.4423
16.59900 552.305 21.4472
16.60200 551.641 21.3104
16.60500 550.818 21.1241
16.60800 549.843 20.7614
16.61100 548.727 20.9427
16.61400 547.481 20.9888
16.61700 546.117 20.0845
16.62000 544.646 20.3869
16.62300 543.083 20.9381
16.62600 541.44 20.5629
16.62900 539.729 20.8514
16.63200 537.964 20.7838
16.63500 536.158 20.0441
16.63800 534.321 19.6837
16.64100 532.468 21.2143
16.64400 530.607 20.2986
16.64700 528.75 19.8146
16.65000 526.907 20.3997
16.65300 525.087 19.8693
16.65600 523.298 20.9519
16.65900 521.55 20.7838
16.66200 519.849 20.8605
16.66500 518.2 20.7301
16.66800 516.612 19.9403
16.67100 515.087 20.7435
16.67400 513.631 19.9561
16.67700 512.246 20.7748
16.68000 510.937 20.3616
16.68300 509.704 19.3383
16.68600 508.55 20.117
16.68900 507.474 19.6192
16.69200 506.478 20.0441
16.69500 505.56 19.4625
16.69800 504.719 19.5106
16.70100 503.953 20.6109
16.70400 503.261 19.5553
16.70700 502.638 20.2693
16.71000 502.082 21.3736
16.71300 501.59 20.1619
16.71600 501.156 18.5344
16.71900 500.777 18.9934
16.72200 500.447 20.2237
16.72500 500.162 18.7022
16.72800 499.916 19.8068
16.73100 499.704 19.2557
16.73400 499.521 19.996
16.73700 499.36 20.5109
16.74000 499.215 19.9681
16.74300 499.082 19.992
16.74600 498.953 20.2031
16.74900 498.825 19.0071
16.75200 498.691 19.7488
16.75500 498.546 19.9007
16.75800 498.385 19.6078
16.76100 498.205 18.8445
16.76400 498.002 20.024
16.76700 497.772 19.6684
16.77000 497.514 20.9611
16.77300 497.226 19.6343
16.77600 496.907 20.1374
16.77900 496.557 19.1882
16.78200 496.176 19.8497
16.78500 495.766 19.4147
16.78800 495.329 20.3827
16.79100 494.865 19.5441
16.79400 494.379 20.0886
16.79700 493.872 20.5023
16.80000 493.348 19.6305
16.80300 492.808 20.6021
16.80600 492.257 19.6722
16.80900 491.698 19.7758
16.81200 491.132 19.0037
16.81500 490.563 19.7296
16.81800 489.993 18.7945
16.82100 489.426 19.2343
16.82400 488.863 19.8341
16.82700 488.306 19.2987
16.83000 487.758 19.6267
16.83300 487.22 19.3965
16.83600 486.694 19.9086
16.83900 486.182 20.0805
16.84200 485.685 20.1292
16.84500 485.204 19.132
16.84800 484.739 19.3059
16.85100 484.293 19.7104
16.85400 483.865 18.6761
16.85700 483.455 19.3855
16.86000 483.065 19.2593
16.86300 482.694 20.2902
16.86600 482.342 20.0482
16.86900 482.009 19.2343
16.87200 481.695 18.8915
16.87500 481.4 19.3383
16.87800 481.124 20.1129
16.88100 480.865 19.1565
16.88400 480.624 19.4698
16.88700 480.4 19.1145
16.89000 480.192 19.6419
16.89300 480 20.6548
16.89600 479.823 18.6242
16.89900 479.661 19.7066
16.90200 479.513 20.1252
16.90500 479.379 20.1252
16.90800 479.257 18.8982
16.91100 479.148 18.6274
16.91400 479.05 19.7181
16.91700 478.964 19.518
16.92000 478.889 19.3637
16.92300 478.824 20.4894
16.92600 478.769 19.6456
16.92900 478.724 18.6696
16.93200 478.689 20.4337
16.93500 478.662 18.7978
16.93800 478.644 17.4901
16.94100 478.635 18.3742
16.94400 478.633 18.1878
16.94700 478.64 18.7219
16.95000 478.654 19.1145
16.95300 478.676 18.6826
16.95600 478.706 19.5366
16.95900 478.742 19.2772
16.96200 478.786 19.8263
16.96500 478.836 18.768
16.96800 478.893 18.9525
16.97100 478.956 19.0589
16.97400 479.026 18.9219
16.97700 479.101 18.8915
16.98000 479.183 18.7482
16.98300 479.27 19.8575
16.98600 479.362 19.153
16.98900 479.46 19.6951
16.99200 479.562 18.7055
16.99500 479.67 19.988
16.99800 479.782 19.996
17.00100 479.899 19.9641
17.00400 480.019 19.9284
17.00700 480.144 19.6192
17.01000 480.273 19.5815
17.01300 480.405 19.097
17.01600 480.541 19.1953
17.01900 480.68 19.1918
17.02200 480.823 19.4111
17.02500 480.968 19.3528
17.02800 481.116 19.6646
17.03100 481.268 18.9695
17.03400 481.422 18.7647
17.03700 481.578 19.4809
17.04000 481.737 19.9482
17.04300 481.899 18.4616
17.04600 482.063 18.9525
17.04900 482.23 19.5403
17.05200 482.399 19.5441
17.05500 482.57 18.8411
17.05800 482.744 19.1215
17.06100 482.921 18.9934
17.06400 483.099 19.1706
17.06700 483.28 18.7055
17.07000 483.464 19.6116
17.07300 483.649 18.8915
17.07600 483.837 20.5934
17.07900 484.027 18.9559
17.08200 484.219 19.4846
17.08500 484.412 19.8419
17.08800 484.605 19.7874
17.09100 484.8 19.1988
17.09400 484.994 19.1777
17.09700 485.186 18.8814
17.10000 485.377 20.2693
17.10300 485.564 19.4662
17.10600 485.747 19.1741
17.10900 485.924 18.8982
17.11200 486.092 19.4735
17.11500 486.252 19.559
17.11800 486.4 19.6116
17.12100 486.535 19.8615
17.12400 486.655 19.0693
17.12700 486.758 18.9422
17.13000 486.842 18.7548
17.13300 486.906 20.6197
17.13600 486.949 19.7991
17.13900 486.969 18.5281
17.14200 486.966 19.4588
17.14500 486.942 19.213
17.14800 486.897 19.245
17.15100 486.832 19.3203
17.15400 486.752 19.8929
17.15700 486.658 18.4932
17.16000 486.555 19.1741
17.16300 486.448 18.7153
17.16600 486.342 19.146
17.16900 486.242 18.8579
17.17200 486.154 19.4625
17.17500 486.084 19.2414
17.17800 486.038 19.6305
17.18100 486.023 19.7181
17.18400 486.044 19.3347
17.18700 486.107 18.1339
17.19000 486.219 19.4147
17.19300 486.384 18.9797
17.19600 486.609 19.0381
17.19900 486.899 19.885
17.20200 487.258 19.7104
17.20500 487.692 19.2807
17.20800 488.204 19.5106
17.21100 488.798 19.4994
17.21400 489.478 18.8478
17.21700 490.247 18.9219
17.22000 491.106 19.7219
17.22300 492.057 20.0522
17.22600 493.102 19.2521
17.22900 494.241 19.2915
17.23200 495.473 19.6456
17.23500 496.797 20.004
17.23800 498.211 19.8419
17.24100 499.712 19.3673
17.24400 501.298 18.8177
17.24700 502.962 19.3746
17.25000 504.702 19.1847
17.25300 506.509 20.0281
17.25600 508.377 19.589
17.25900 510.298 20.0845
17.26200 512.265 19.2843
17.26500 514.266 19.885
17.26800 516.291 19.4038
17.27100 518.331 19.4846
17.27400 520.372 20.3912
17.27700 522.402 19.9721
17.28000 524.408 19.6116
17.28300 526.376 19.4404
17.28600 528.291 20.1784
17.28900 530.139 18.9321
17.29200 531.905 20.5325
17.29500 533.573 19.6041
17.29800 535.13 20.4937
17.30100 536.561 20.2777
17.30400 537.853 20.3111
17.30700 538.994 20.3237
17.31000 539.973 21.4176
17.31300 540.782 18.9456
17.31600 541.413 19.6646
17.31900 541.862 19.4809
17.32200 542.126 20.3153
17.32500 542.224 19.7681
17.32800 542.148 19.4257
17.33100 541.907 20.9842
17.33400 541.51 19.0936
17.33700 540.968 20.3321
17.34000 540.294 20.1497
17.34300 539.503 20.3869
17.34600 538.61 19.6989
17.34900 537.631 20.3195
17.35200 536.582 20.012
17.35500 535.478 20.4636
17.35800 534.337 20.7524
17.36100 533.173 21.1477
17.36400 532.003 20.1456
17.36700 530.841 19.3023
17.37000 529.701 19.5441
17.37300 528.598 20.1743
17.37600 527.545 20.1456
17.37900 526.556 19.988
17.38200 525.643 20.5542
17.38500 524.818 19.7681
17.38800 524.094 19.7219
17.39100 523.48 19.6875
17.39400 522.987 19.7219
17.39700 522.625 20.5239
17.40000 522.403 19.8302
17.40300 522.328 20.2569
17.40600 522.406 19.7142
17.40900 522.643 19.4809
17.41200 523.041 19.7642
17.41500 523.602 18.9321
17.41800 524.325 20.2569
17.42100 525.207 20.1374
17.42400 526.242 19.559
17.42700 527.422 20.1578
17.43000 528.735 19.3637
17.43300 530.166 19.8068
17.43600 531.698 20.4209
17.43900 533.31 20.0281
17.44200 534.979 19.8732
17.44500 536.677 21.0538
17.44800 538.375 20.5716
17.45100 540.039 20.1538
17.45400 541.634 19.3565
17.45700 543.123 20.4679
17.46000 544.465 20.1211
17.46300 545.62 20.5978
17.46600 546.547 20.0926
17.46900 547.207 20.8288
17.47200 547.565 20.7973
17.47500 547.59 20.1619
17.47800 547.261 21.1383
17.48100 546.566 20.4465
17.48400 545.503 20.3574
17.48700 544.084 20.9749
17.49000 542.329 20.8514
17.49300 540.268 20.004
17.49600 537.936 20.5325
17.49900 535.374 20.0562
17.50200 532.624 20.1578
17.50500 529.73 20.0805
17.50800 526.731 20.624
17.51100 523.67 20.7168
17.51400 520.584 20.0683
17.51700 517.505 19.9721
17.52000 514.462 19.4038
17.52300 511.484 19.4074
17.52600 508.592 19.7257
17.52900 505.806 20.1907
17.53200 503.141 19.8654
17.53500 500.609 19.6192
17.53800 498.22 19.9561
17.54100 495.98 19.6267
17.54400 493.89 19.0312
17.54700 491.952 20.1252
17.55000 490.163 19.2166
17.55300 488.521 19.5366
17.55600 487.021 19.2486
17.55900 485.655 19.2629
17.56200 484.417 19.6722
17.56500 483.3 19.213
17.56800 482.294 19.7066
17.57100 481.392 19.2736
17.57400 480.585 18.4396
17.57700 479.867 19.27
17.58000 479.23 18.9695
17.58300 478.666 19.3131
17.58600 478.169 19.3023
17.58900 477.735 19.2629
17.59200 477.356 18.1939
17.59500 477.029 18.6631
17.59800 476.75 20.1374
17.60100 476.515 18.7912
17.60400 476.322 18.8646
17.60700 476.166 19.153
17.61000 476.047 19.0693
17.61300 475.962 18.9866
17.61600 475.909 18.8746
17.61900 475.888 18.0746
17.62200 475.898 19.1215
17.62500 475.937 18.8612
17.62800 476.004 18.6989
17.63100 476.1 19.2772
17.63400 476.224 18.3928
17.63700 476.375 19.1075
17.64000 476.553 18.5217
17.64300 476.759 19.574
17.64600 476.991 18.1548
17.64900 477.251 18.9661
17.65200 477.538 19.6494
17.65500 477.852 18.7055
17.65800 478.194 19.0519
17.66100 478.564 18.8111
17.66400 478.961 19.4404
17.66700 479.388 18.3959
17.67000 479.844 18.5535
17.67300 480.331 19.8341
17.67600 480.849 19.3059
17.67900 481.4 18.9969
17.68200 481.986 19.2736
17.68500 482.609 19.5628
17.68800 483.272 19.2166
17.69100 483.978 18.215
17.69400 484.731 19.27
17.69700 485.535 19.6041
17.70000 486.397 19.3311
17.70300 487.323 18.9219
17.70600 488.32 20.5196
17.70900 489.397 19.4147
17.71200 490.562 19.3167
17.71500 491.827 19.3059
17.71800 493.201 19.7758
17.72100 494.696 18.7449
17.72400 496.325 19.5853
17.72700 498.101 19.2987
17.73000 500.043 19.5853
17.73300 502.159 19.9482
17.73600 504.46 19.2772
17.73900 506.956 19.7181
17.74200 509.656 19.885
17.74500 512.566 20.5152
17.74800 515.687 20.5023
17.75100 519.02 19.8263
17.75400 522.56 19.8224
17.75700 526.297 19.2987
17.76000 530.215 20.2154
17.76300 534.296 19.9126
17.76600 538.513 20.8878
17.76900 542.835 20.3616
17.77200 547.223 21.1477
17.77500 551.635 20.2278
17.77800 556.022 19.7219
17.78100 560.329 20.3574
17.78400 564.496 20.8198
17.78700 568.462 19.8146
17.79000 572.16 20.8333
17.79300 575.526 20.7435
17.79600 578.498 20.8651
17.79900 581.02 20.8108
17.80200 583.05 20.8787
17.80500 584.558 20.8787
17.80800 585.531 20.7346
17.81100 585.976 21.0585
17.81400 585.916 21.143
17.81700 585.39 20.8651
17.82000 584.446 20.576
17.82300 583.142 21.6574
17.82600 581.539 20.5066
17.82900 579.695 20.3869
17.83200 577.67 21.7443
17.83500 575.518 20.8243
17.83800 573.288 21.9476
17.84100 571.023 20.4722
17.84400 568.761 21.2574
17.84700 566.536 21.3007
17.85000 564.372 21.2622
17.85300 562.291 20.9335
17.85600 560.308 20.7658
17.85900 558.435 20.9842
17.86200 556.678 21.7752
17.86500 555.04 20.4294
17.86800 553.521 20.8514
17.87100 552.117 20.9198
17.87400 550.822 20.2735
17.87700 549.631 21.4078
17.88000 548.533 21.2478
17.88300 547.521 20.699
17.88600 546.584 20.5369
17.88900 545.711 20.9565
17.89200 544.894 20.5934
17.89500 544.121 19.3131
17.89800 543.385 20.4124
17.90100 542.676 20.8063
17.90400 541.986 20.5282
17.90700 541.308 20.3447
17.91000 540.636 20.3658
17.91300 539.963 20.8924
17.91600 539.286 20.5239
17.91900 538.601 21.2766
17.92200 537.903 20.5542
17.92500 537.19 20.748
17.92800 536.46 20.5847
17.93100 535.712 20.7034
17.93400 534.945 20.2818
17.93700 534.156 20.8333
17.94000 533.348 20.7346
17.94300 532.517 20.3616
17.94600 531.666 20.1948
17.94900 530.794 20.4039
17.95200 529.901 20.7168
17.95500 528.987 19.6532
17.95800 528.054 20.5282
17.96100 527.102 20.8243
17.96400 526.131 16.92
17.96700 525.142 17.392
17.97000 524.138 19.3456
17.97300 523.118 19.0901
17.97600 522.085 18.768
17.97900 521.041 19.245
17.98200 519.988 18.6728
17.98500 518.927 19.4404
17.98800 517.861 18.621
17.99100 516.794 18.8278
17.99400 515.727 19.1741
17.99700 514.664 18.4616
18.00000 513.607 19.2807
18.00300 512.559 19.1706
18.00600 511.524 18.3463
18.00900 510.504 19.1741
18.01200 509.503 18.9084
18.01500 508.522 18.6081
18.01800 507.565 18.6566
18.02100 506.634 19.3637
18.02400 505.732 19.5031
18.02700 504.862 19.1145
18.03000 504.024 20.1415
18.03300 503.222 19.5329
18.03600 502.459 18.7548
18.03900 501.735 18.3186
18.04200 501.054 19.2521
18.04500 500.419 18.3432
18.04800 499.834 18.4428
18.05100 499.303 19.4074
18.05400 498.833 19.3131
18.05700 498.432 18.3432
18.06000 498.112 18.9661
18.06300 497.885 18.4679
18.06600 497.772 17.9925
18.06900 497.796 18.6177
18.07200 497.984 18.9389
18.07500 498.37 18.7647
18.07800 498.993 19.2736
18.08100 499.895 18.8646
18.08400 501.118 18.8579
18.08700 502.706 18.9559
18.09000 504.697 19.1005
18.09300 507.119 19.4698
18.09600 509.987 19.0554
18.09900 513.297 19.0347
18.10200 517.023 18.9969
18.10500 521.11 19.5143
18.10800 525.474 19.0554
18.11100 529.999 19.7991
18.11400 534.535 19.6684
18.11700 538.904 18.8311
18.12000 542.897 20.1907
18.12300 546.29 20.2278
18.12600 548.859 20.3869
18.12900 550.409 19.8224
18.13200 550.808 19.574
18.13500 550.014 19.2237
18.13800 548.083 19.4698
18.14100 545.16 19.7991
18.14400 541.447 20.1578
18.14700 537.17 19.2237
18.15000 532.55 19.6116
18.15300 527.792 19.3383
18.15600 523.068 18.7713
18.15900 518.522 18.2971
18.16200 514.264 19.2272
18.16500 510.371 19.1918
18.16800 506.892 19.2736
18.17100 503.848 19.2736
18.17400 501.237 18.7055
18.17700 499.041 18.9832
18.18000 497.227 18.8278
18.18300 495.754 18.5185
18.18600 494.577 19.342
18.18900 493.652 18.8078
18.19200 492.935 18.334
18.19500 492.387 19.1706
18.19800 491.972 18.0158
18.20100 491.663 19.2486
18.20400 491.434 19.1882
18.20700 491.267 18.5888
18.21000 491.146 19.1882
18.21300 491.06 18.9866
18.21600 490.998 18.3401
18.21900 490.956 19.1777
18.22200 490.926 19.4588
18.22500 490.906 18.6924
18.22800 490.891 18.99
18.23100 490.88 19.0312
18.23400 490.871 18.6081
18.23700 490.861 17.9808
18.24000 490.851 18.2483
18.24300 490.839 18.6307
18.24600 490.824 17.8202
18.24900 490.806 19.6799
18.25200 490.785 18.9355
18.25500 490.76 19.3928
18.25800 490.733 18.8044
18.26100 490.702 19.16
18.26400 490.668 18.2574
18.26700 490.632 18.0834
18.27000 490.595 19.2664
18.27300 490.554 19.3239
18.27600 490.469 18.4209
18.27900 490.29 18.0246
18.28200 490.012 18.878
18.28500 489.721 18.1969
18.28800 489.687 18.0598
18.29100 489.657 17.7808
18.29400 489.63 17.8971
18.29700 489.607 18.0628
18.30000 489.589 18.4585
18.30300 489.576 18.6598
18.30600 489.569 18.9593
18.30900 489.568 18.5153
18.31200 489.574 18.5856
18.31500 489.586 18.3247
18.31800 489.606 18.2392
18.32100 489.633 18.0393
18.32400 489.668 18.4334
18.32700 489.71 18.4459
18.33000 489.761 18.735
18.33300 489.819 18.3432
18.33600 489.886 18.8211
18.33900 489.96 19.213
18.34200 490.043 19.3347
18.34500 490.134 18.4522
18.34800 490.233 18.9389
18.35100 490.34 19.7066
18.35400 490.455 18.7614
18.35700 490.578 18.7647
18.36000 490.709 19.5928
18.36300 490.849 19.0901
18.36600 490.996 17.8828
18.36900 491.152 18.5567
18.37200 491.317 19.2951
18.37500 491.489 18.7812
18.37800 491.671 18.6989
18.38100 491.862 19.2915
18.38400 492.062 18.9832
18.38700 492.271 19.0831
18.39000 492.49 18.7878
18.39300 492.72 19.1565
18.39600 492.959 19.0243
18.39900 493.21 18.5472
18.40200 493.472 19.045
18.40500 493.746 18.5249
18.40800 494.031 17.9287
18.41100 494.33 19.045
18.41400 494.641 19.1215
18.41700 494.966 18.735
18.42000 495.306 19.3528
18.42300 495.66 19.045
18.42600 496.03 18.8915
18.42900 496.417 18.5824
18.43200 496.82 18.7317
18.43500 497.241 19.153
18.43800 497.682 18.6728
18.44100 498.142 19.589
18.44400 498.623 18.5027
18.44700 499.126 18.8378
18.45000 499.653 19.0727
18.45300 500.205 19.3347
18.45600 500.784 19.7411
18.45900 501.391 19.4111
18.46200 502.027 18.9797
18.46500 502.696 18.8278
18.46800 503.399 18.5535
18.47100 504.139 19.6078
18.47400 504.917 19.245
18.47700 505.737 18.9151
18.48000 506.601 18.9422
18.48300 507.513 18.3804
18.48600 508.475 19.745
18.48900 509.491 19.7681
18.49200 510.565 19.6229
18.49500 511.7 19.3819
18.49800 512.9 19.371
18.50100 514.17 19.6343
18.50400 515.513 19.3275
18.50700 516.934 19.3892
18.51000 518.439 19.245
18.51300 520.031 19.1953
18.51600 521.715 18.8746
18.51900 523.497 19.6041
18.52200 525.381 19.2521
18.52500 527.374 19.5403
18.52800 529.48 19.4221
18.53100 531.704 19.3492
18.53400 534.053 19.3965
18.53700 536.531 19.5069
18.54000 539.145 19.7642
18.54300 541.9 20.0643
18.54600 544.803 20.2237
18.54900 547.859 19.2414
18.55200 551.075 21.3007
18.55500 554.457 19.8929
18.55800 558.011 19.8889
18.56100 561.745 20.2944
18.56400 565.665 20.3616
18.56700 569.78 19.996
18.57000 574.097 20.6901
18.57300 578.625 19.7527
18.57600 583.372 20.498
18.57900 588.349 20.3447
18.58200 593.566 20.0724
18.58500 599.033 21.1904
18.58800 604.764 20.4039
18.59100 610.77 20.9015
18.59400 617.066 20.1907
18.59700 623.668 20.2569
18.60000 630.591 22.1079
18.60300 637.854 21.8582
18.60600 645.477 21.8166
18.60900 653.481 21.6371
18.61200 661.891 22.1621
18.61500 670.732 22.2277
18.61800 680.035 21.7135
18.62100 689.829 21.8166
18.62400 700.152 21.9847
18.62700 711.039 22.2058
18.63000 722.534 23.6558
18.63300 734.68 23.0817
18.63600 747.526 22.7097
18.63900 761.12 23.1496
18.64200 775.516 24.3685
18.64500 790.767 23.8705
18.64800 806.931 23.4791
18.65100 824.062 24.3324
18.65400 842.218 24.6258
18.65700 861.455 24.5737
18.66000 881.828 24.6782
18.66300 903.39 25.7172
18.66600 926.191 25.8717
18.66900 950.282 26.2161
18.67200 975.706 26.2885
18.67500 1002.5 26.2161
18.67800 1030.71 26.0466
18.68100 1060.36 27.1763
18.68400 1091.49 26.9386
18.68700 1124.1 27.0369
18.69000 1158.21 28.2054
18.69300 1193.84 28.7242
18.69600 1230.97 29.0007
18.69900 1269.61 29.2103
18.70200 1309.74 30.6282
18.70500 1351.33 30.4855
18.70800 1394.36 30.4855
18.71100 1438.77 31.5127
18.71400 1484.52 32.3592
18.71700 1531.55 31.497
18.72000 1579.79 32.5128
18.72300 1629.15 34.0601
18.72600 1679.56 33.9227
18.72900 1730.89 34.3807
18.73200 1783.06 35.4441
18.73500 1835.93 35.5335
18.73800 1889.38 36.5881
18.74100 1943.26 37.5029
18.74400 1997.43 37.4766
18.74700 2051.72 38.4615
18.75000 2105.97 37.6622
18.75300 2160 38.7202
18.75600 2213.62 39.6214
18.75900 2266.64 39.968
18.76200 2318.84 41.2393
18.76500 2370.03 41.2043
18.76800 2419.99 41.5586
18.77100 2468.49 42.5243
18.77400 2515.31 42.4094
18.77700 2560.22 43.3555
18.78000 2602.98 43.5194
18.78300 2643.38 43.8529
18.78600 2681.19 43.8529
18.78900 2716.19 42.8746
18.79200 2748.17 44.4554
18.79500 2776.93 43.8529
18.79800 2802.3 44.7661
18.80100 2824.09 44.2374
18.80400 2842.18 45.2216
18.80700 2856.43 44.7214
18.81000 2866.76 44.4116
18.81300 2873.1 45.7389
18.81600 2875.41 44.5435
18.81900 2873.69 44.0225
18.82200 2867.96 44.6322
18.82500 2858.27 43.7688
18.82800 2844.71 45.3143
18.83100 2827.38 43.6852
18.83400 2806.43 44.7661
18.83700 2782 44.1081
18.84000 2754.27 43.7269
18.84300 2723.44 43.7688
18.84600 2689.7 43.6852
18.84900 2653.27 43.9375
18.85200 2614.37 43.6436
18.85500 2573.23 43.3148
18.85800 2530.06 42.22
18.86100 2485.09 42.796
18.86400 2438.55 42.4859
18.86700 2390.66 40.9616
18.87000 2341.62 40.6558
18.87300 2291.64 41.2043
18.87600 2240.92 40.4226
18.87900 2189.65 40
18.88200 2138 39.5594
18.88500 2086.16 38.8955
18.88800 2034.29 38.5758
18.89100 1982.52 38.1246
18.89400 1931.01 37.3718
18.89700 1879.89 36.4905
18.90000 1829.27 36.7607
18.90300 1779.27 36.3456
18.90600 1729.99 34.7524
18.90900 1681.52 34.9856
18.91200 1633.94 34.1394
18.91500 1587.32 33.5578
18.91800 1541.73 32.8266
18.92100 1497.21 33.1862
18.92400 1453.82 33.2045
18.92700 1411.6 31.2043
18.93000 1370.57 31.4658
18.93300 1330.77 31.7021
18.93600 1292.21 30.0421
18.93900 1254.91 29.9611
18.94200 1218.88 29.7088
18.94500 1184.13 29.2854
18.94800 1150.66 28.1161
18.95100 1118.46 28.2054
18.95400 1087.54 28.341
18.95700 1057.88 27.9182
18.96000 1029.47 27.3077
18.96300 1002.29 27.4618
18.96600 976.318 26.5935
18.96900 951.533 26.1265
18.97200 927.906 25.3673
18.97500 905.409 26.2976
18.97800 884.011 25.7599
18.98100 863.678 24.4851
18.98400 844.375 24.7613
18.98700 826.068 24.8991
18.99000 808.719 24.1402
18.99300 792.293 24.0493
18.99600 776.751 23.8028
18.99900 762.058 24.3975
19.00200 748.177 24.0842
19.00500 735.072 23.3826
19.00800 722.708 21.0631
19.01100 711.049 21.6676
19.01400 700.062 21.3931
19.01700 689.714 21.2095
19.02000 679.971 21.5166
19.02300 670.802 21.3931
19.02600 662.177 21.1904
19.02900 654.065 21.5565
19.03200 646.437 20.3954
19.03500 639.266 21.0073
19.03800 632.523 20.4039
19.04100 626.183 21.2
19.04400 620.22 20.37
19.04700 614.611 21.1006
19.05000 609.331 20.3827
19.05300 604.358 20.8198
19.05600 599.672 20.589
19.05900 595.251 19.4588
19.06200 591.076 19.5106
19.06500 587.13 20.3363
19.06800 583.395 19.7836
19.07100 579.854 19.8263
19.07400 576.494 19.9244
19.07700 573.299 20.3997
19.08000 570.256 20.2527
19.08300 567.354 19.4331
19.08600 564.582 19.5329
19.08900 561.929 19.9681
19.09200 559.387 19.5441
19.09500 556.947 19.4551
19.09800 554.602 19.1706
19.10100 552.346 19.2343
19.10400 550.172 19.2343
19.10700 548.077 18.7614
19.11000 546.055 19.7642
19.11300 544.102 18.9934
19.11600 542.216 18.8982
19.11900 540.394 19.4625
19.12200 538.633 19.4625
19.12500 536.93 18.6989
19.12800 535.285 18.8881
19.13100 533.695 19.3637
19.13400 532.159 17.7304
19.13700 530.676 19.5441
19.14000 529.244 19.7257
19.14300 527.863 18.9661
19.14600 526.531 18.9219
19.14900 525.248 19.0209
19.15200 524.013 18.8111
19.15500 522.825 19.7334
19.15800 521.682 18.3278
19.16100 520.585 18.2029
19.16400 519.533 18.6598
19.16700 518.524 18.4084
19.17000 517.557 18.1758
19.17300 516.631 18.2301
19.17600 515.746 18.4146
19.17900 514.9 17.7527
19.18200 514.092 19.0278
19.18500 513.32 18.5599
19.18800 512.583 18.4995
19.19100 511.881 19.1075
19.19400 511.21 19.111
19.19700 510.57 19.6419
19.20000 509.959 18.119
19.20300 509.375 18.4084
19.20600 508.817 18.9321
19.20900 508.281 18.7614
19.21200 507.768 17.722
19.21500 507.274 18.291
19.21800 506.797 18.6049
19.22100 506.336 18.9627
19.22400 505.889 18.9016
19.22700 505.454 18.2029
19.23000 505.029 18.6794
19.23300 504.612 19.1741
19.23600 504.202 19.3023
19.23900 503.798 18.4711
19.24200 503.398 18.7812
19.24500 503.003 18.3094
19.24800 502.611 18.5344
19.25100 502.222 17.8486
19.25400 501.836 18.6566
19.25700 501.454 18.1339
19.26000 501.076 17.7639
19.26300 500.703 18.2666
19.26600 500.334 18.1939
19.26900 499.972 18.221
19.27200 499.617 18.6081
19.27500 499.27 18.9525
19.27800 498.931 18.0334
19.28100 498.602 19.0727
19.28400 498.284 18.4963
19.28700 497.977 17.9316
19.29000 497.682 18.2666
19.29300 497.399 18.8746
19.29600 497.13 18.8311
19.29900 496.875 18.3371
19.30200 496.634 19.16
19.30500 496.408 18.0481
19.30800 496.197 17.8344
19.31100 496.002 18.4963
19.31400 495.823 18.1818
19.31700 495.659 18.3618
19.32000 495.511 18.9321
19.32300 495.379 17.8714
19.32600 495.263 18.5058
19.32900 495.162 18.9016
19.33200 495.077 18.5727
19.33500 495.007 17.7723
19.33800 494.951 18.1012
19.34100 494.911 18.7845
19.34400 494.884 18.6177
19.34700 494.87 18.5535
19.35000 494.87 17.9896
19.35300 494.882 18.1518
19.35600 494.906 18.0305
19.35900 494.942 18.1668
19.36200 494.989 17.6694
19.36500 495.045 18.6274
19.36800 495.11 18.49
19.37100 495.183 18.1161
19.37400 495.264 18.7548
19.37700 495.351 18.7746
19.38000 495.445 18.6016
19.38300 495.544 18.3959
19.38600 495.648 18.3835
19.38900 495.755 18.8111
19.39200 495.866 18.4271
19.39500 495.978 17.9518
19.39800 496.092 18.4805
19.40100 496.207 18.9422
19.40400 496.321 18.544
19.40700 496.435 18.9661
19.41000 496.547 18.3155
19.41300 496.656 18.4742
19.41600 496.763 18.0953
19.41900 496.865 17.552
19.42200 496.964 18.8646
19.42500 497.057 18.8044
19.42800 497.144 18.1071
19.43100 497.226 19.0003
19.43400 497.301 18.5217
19.43700 497.369 18.6501
19.44000 497.429 18.5727
19.44300 497.482 18.6339
19.44600 497.527 18.8713
19.44900 497.563 18.9219
19.45200 497.592 17.7611
19.45500 497.612 17.9896
19.45800 497.624 18.7383
19.46100 497.627 18.4084
19.46400 497.623 18.5376
19.46700 497.611 17.8458
19.47000 497.591 18.5824
19.47300 497.565 17.9692
19.47600 497.532 18.4084
19.47900 497.494 17.9721
19.48200 497.45 18.8881
19.48500 497.401 18.8378
19.48800 497.349 18.4365
19.49100 497.295 18.3032
19.49400 497.238 17.6998
19.49700 497.18 18.509
19.50000 497.122 18.2971
19.50300 497.065 18.3032
19.50600 497.01 18.4868
19.50900 496.957 18.3186
19.51200 496.909 18.3401
19.51500 496.865 17.9808
19.51800 496.828 17.8202
19.52100 496.798 17.9201
19.52400 496.776 17.949
19.52700 496.763 18.9866
19.53000 496.76 18.7284
19.53300 496.769 18.054
19.53600 496.791 18.4837
19.53900 496.826 18.3094
19.54200 496.876 19.3492
19.54500 496.942 17.9518
19.54800 497.025 17.9057
19.55100 497.126 18.5472
19.55400 497.247 18.2544
19.55700 497.389 17.9287
19.56000 497.552 18.4021
19.56300 497.739 18.4084
19.56600 497.949 19.118
19.56900 498.186 18.399
19.57200 498.449 18.8814
19.57500 498.74 18.1848
19.57800 499.061 18.6469
19.58100 499.412 18.7812
19.58400 499.795 17.8005
19.58700 500.211 18.5791
19.59000 500.661 17.7304
19.59300 501.146 17.9576
19.59600 501.667 18.4616
19.59900 502.225 18.7912
19.60200 502.822 18.6859
19.60500 503.463 17.9605
19.60800 504.148 18.3247
19.61100 504.878 19.0936
19.61400 505.654 18.4115
19.61700 506.48 18.878
19.62000 507.357 18.1668
19.62300 508.29 18.3494
19.62600 509.28 19.045
19.62900 510.332 18.3124
19.63200 511.451 19.3203
19.63500 512.641 18.2301
19.63800 513.908 19.111
19.64100 515.256 19.3601
19.64400 516.693 18.8746
19.64700 518.225 19.125
19.65000 519.859 19.1495
19.65300 521.6 17.6063
19.65600 523.456 18.9593
19.65900 525.433 18.9287
19.66200 527.534 18.6081
19.66500 529.765 19.0797
19.66800 532.126 19.2987
19.67100 534.619 19.0003
19.67400 537.242 18.8713
19.67700 539.991 19.0797
19.68000 542.858 18.8445
19.68300 545.835 19.4367
19.68600 548.908 19.6684
19.68900 552.061 19.3819
19.69200 555.277 19.4588
19.69500 558.533 19.3637
19.69800 561.805 19.6684
19.70100 565.066 19.153
19.70400 568.289 19.1355
19.70700 571.444 19.6837
19.71000 574.505 19.518
19.71300 577.448 19.745
19.71600 580.255 20.4209
19.71900 582.915 20.2361
19.72200 585.429 18.7317
19.72500 587.807 18.6598
19.72800 590.067 19.984
19.73100 592.237 19.7373
19.73400 594.349 19.3528
19.73700 596.435 19.772
19.74000 598.532 20.4594
19.74300 600.673 19.745
19.74600 602.89 20.4765
19.74900 605.212 20.1497
19.75200 607.665 20.2278
19.75500 610.271 20.1578
19.75800 613.05 20.3237
19.76100 616.017 20.7703
19.76400 619.185 20.3658
19.76700 622.562 20.9289
19.77000 626.154 21.1289
19.77300 629.965 20.4937
19.77600 633.993 20.4508
19.77900 638.237 20.6328
19.78200 642.691 21.9423
19.78500 647.348 20.6109
19.78800 652.201 21.3152
19.79100 657.24 20.0441
19.79400 662.453 20.3827
19.79700 667.828 20.9335
19.80000 673.353 21.3104
19.80300 679.013 21.7443
19.80600 684.794 22.462
19.80900 690.68 20.8018
19.81200 696.655 22.2222
19.81500 702.702 21.2911
19.81800 708.804 21.9529
19.82100 714.941 22.0433
19.82400 721.095 21.6523
19.82700 727.244 21.9054
19.83000 733.368 22.4847
19.83300 739.444 23.0327
19.83600 745.449 22.2277
19.83900 751.359 23.2432
19.84200 757.148 22.6224
19.84500 762.791 22.5075
19.84800 768.262 23.3762
19.85100 773.534 22.9295
19.85400 778.578 23.749
19.85700 783.369 23.3954
19.86000 787.88 22.99
19.86300 792.083 23.1558
19.86600 795.953 23.0756
19.86900 799.466 23.7624
19.87200 802.6 23.8298
19.87500 805.334 22.8635
19.87800 807.65 23.5506
19.88100 809.534 23.281
19.88400 810.972 23.1249
19.88700 811.957 24.0842
19.89000 812.484 24.6258
19.89300 812.552 24.0285
19.89600 812.164 23.338
19.89900 811.326 23.9388
19.90200 810.048 23.9319
19.90500 808.343 22.2994
19.90800 806.227 23.1807
19.91100 803.72 23.492
19.91400 800.841 23.6096
19.91700 797.614 23.1683
19.92000 794.063 23.2244
19.92300 790.212 23.3698
19.92600 786.087 23.2621
19.92900 781.713 23.7023
19.93200 777.116 22.9537
19.93500 772.32 22.4394
19.93800 767.349 23.1807
19.94100 762.228 22.5018
19.94400 756.976 22.663
19.94700 751.617 22.3943
19.95000 746.169 21.77
19.95300 740.65 21.8426
19.95600 735.077 22.9235
19.95900 729.465 22.2387
19.96200 723.828 22.3105
19.96500 718.179 22.3384
19.96800 712.527 21.6777
19.97100 706.884 21.7494
19.97400 701.257 22.0113
19.97700 695.654 22.1621
19.98000 690.082 21.8687
19.98300 684.547 21.7443
19.98600 679.054 21.5365
19.98900 673.611 21.5465
19.99200 668.224 20.8424
19.99500 662.897 21.9423
19.99800 657.638 21.1572
20.00100 652.455 21.6321
20.00400 647.353 20.498
20.00700 642.341 21.0166
20.01000 637.426 21.1667
20.01300 632.615 20.8333
20.01600 627.914 20.2902
20.01900 623.332 19.8693
20.02200 618.872 22.0487
20.02500 614.542 20.5152
20.02800 610.345 20.5542
20.03100 606.286 20.8108
20.03400 602.368 20.1374
20.03700 598.594 19.9007
20.04000 594.965 20.6946
20.04300 591.484 20.1743
20.04600 588.15 19.3782
20.04900 584.964 20.286
20.05200 581.924 19.98
20.05500 579.03 19.8968
20.05800 576.28 20.1948
20.06100 573.672 19.4772
20.06400 571.201 18.9151
20.06700 568.866 19.7411
20.07000 566.663 19.8654
20.07300 564.588 19.4994
20.07600 562.637 19.9403
20.07900 560.805 19.1882
20.08200 559.088 19.492
20.08500 557.481 19.4001
20.08800 555.981 19.0519
20.09100 554.581 19.3637
20.09400 553.278 19.3528
20.09700 552.067 18.6891
20.10000 550.943 19.4404
20.10300 549.903 18.99
20.10600 548.941 19.2843
20.10900 548.054 19.4184
20.11200 547.237 18.99
20.11500 546.487 18.2696
20.11800 545.8 18.8545
20.12100 545.173 19.2879
20.12400 544.602 19.132
20.12700 544.084 18.9389
20.13000 543.616 19.139
20.13300 543.196 18.9661
20.13600 542.821 18.9525
20.13900 542.49 19.5031
20.14200 542.199 19.0589
20.14500 541.948 18.4084
20.14800 541.736 19.1145
20.15100 541.56 19.2736
20.15400 541.421 18.7022
20.15700 541.318 18.7978
20.16000 541.251 19.3892
20.16300 541.22 18.5153
20.16600 541.225 19.4957
20.16900 541.266 18.7383
20.17200 541.346 19.1355
20.17500 541.465 18.4396
20.17800 541.624 19.5143
20.18100 541.826 19.2915
20.18400 542.073 18.5535
20.18700 542.366 18.7845
20.19000 542.709 19.3601
20.19300 543.104 19.111
20.19600 543.556 19.0936
20.19900 544.068 19.6608
20.20200 544.644 19.097
20.20500 545.29 19.3819
20.20800 546.01 19.3965
20.21100 546.811 19.4625
20.21400 547.7 19.5553
20.21700 548.683 18.9627
20.22000 549.77 19.5478
20.22300 550.969 19.0554
20.22600 552.291 19.4111
20.22900 553.747 19.0693
20.23200 555.35 20.0724
20.23500 557.113 19.6078
20.23800 559.051 18.8512
20.24100 561.183 18.5408
20.24400 563.525 19.4441
20.24700 566.098 19.5292
20.25000 568.925 20.4594
20.25300 572.029 19.7991
20.25600 575.438 19.7758
20.25900 579.179 19.6305
20.26200 583.284 20.3237
20.26500 587.786 20.0562
20.26800 592.722 19.4588
20.27100 598.13 20.117
20.27400 604.053 20.7212
20.27700 610.534 19.7219
20.28000 617.621 21.2095
20.28300 625.365 20.0562
20.28600 633.819 20.008
20.28900 643.038 20.5412
20.29200 653.081 21.5816
20.29500 664.009 21.4571
20.29800 675.885 20.2944
20.30100 688.776 21.2622
20.30400 702.748 21.5716
20.30700 717.87 21.0865
20.31000 734.211 21.6982
20.31300 751.842 22.5704
20.31600 770.833 21.4176
20.31900 791.254 22.5647
20.32200 813.172 23.1496
20.32500 836.654 23.5376
20.32800 861.763 24.1755
20.33100 888.558 24.1825
20.33400 917.093 25.1418
20.33700 947.419 25.6748
20.34000 979.576 25.6664
20.34300 1013.6 26.0555
20.34600 1049.52 27.5659
20.34900 1087.34 26.9386
20.35200 1127.08 27.5974
20.35500 1168.72 27.9727
20.35800 1212.25 29.0252
20.36100 1257.63 29.6565
20.36400 1304.81 30.2891
20.36700 1353.73 31.1891
20.37000 1404.31 32.7913
20.37300 1456.44 32.8976
20.37600 1510.02 33.3333
20.37900 1564.9 34.1793
20.38200 1620.93 35.007
20.38500 1677.94 36.0844
20.38800 1735.74 36.4179
20.39100 1794.11 37.7695
20.39400 1852.82 37.1647
20.39700 1911.61 38.4331
20.40000 1970.22 39.4055
20.40300 2028.34 40.522
20.40600 2085.67 41.487
20.40900 2141.88 41.2043
20.41200 2196.61 41.7392
20.41500 2249.51 42.0331
20.41800 2300.2 42.796
20.42100 2348.29 44.3678
20.42400 2393.4 44.0225
20.42700 2435.13 44.1511
20.43000 2473.11 44.7214
20.43300 2506.95 44.7214
20.43600 2536.3 45.7869
20.43900 2560.83 45.5488
20.44200 2580.24 46.2745
20.44500 2594.28 45.0835
20.44800 2602.76 44.9467
20.45100 2605.52 45.3143
20.45400 2602.51 45.5016
20.45700 2593.73 44.7661
20.46000 2579.28 44.9467
20.46300 2559.3 44.2374
20.46600 2534.05 43.6852
20.46900 2503.8 44.1511
20.47200 2468.89 44.0225
20.47500 2429.71 42.1076
20.47800 2386.63 41.3449
20.48100 2340.09 42.9141
20.48400 2290.5 40.1286
20.48700 2238.28 40.4226
20.49000 2183.86 39.6214
20.49300 2127.64 39.0732
20.49600 2070.01 38.292
20.49900 2011.34 37.1391
20.50200 1952 37.6889
20.50500 1892.3 37.2161
20.50800 1832.57 36.3456
20.51100 1773.08 35.4218
20.51400 1714.11 35.1364
20.51700 1655.89 34.1593
20.52000 1598.64 33.7292
20.52300 1542.56 33.5957
20.52600 1487.83 32.6164
20.52900 1434.6 31.9438
20.53200 1383 32.8266
20.53500 1333.16 31.5912
20.53800 1285.15 30.8021
20.54100 1239.07 30.9196
20.54400 1194.96 29.7746
20.54700 1152.87 30.1238
20.55000 1112.82 28.8435
20.55300 1074.82 29.0496
20.55600 1038.87 28.1942
20.55900 1004.94 27.7137
20.56200 973.003 27.4514
20.56500 943.023 27.0964
20.56800 914.946 26.2703
20.57100 888.713 26.9191
20.57400 864.256 25.7257
20.57700 841.504 25.3429
20.58000 820.38 24.6407
20.58300 800.805 24.9145
20.58600 782.695 24.7689
20.58900 765.966 23.8637
20.59200 750.535 24.8222
20.59500 736.317 23.5637
20.59800 723.23 23.9457
20.60100 711.192 23.4856
20.60400 700.126 22.7097
20.60700 689.954 22.9355
20.61000 680.605 23.505
20.61300 672.012 22.6805
20.61600 664.109 22.6455
20.61900 656.834 21.8322
20.62200 650.131 22.4055
20.62500 643.946 21.4176
20.62800 638.23 21.2622
20.63100 632.939 22.0917
20.63400 628.03 20.6592
20.63700 623.467 21.5315
20.64000 619.214 21.8582
20.64300 615.24 21.1572
20.64600 611.518 21.2095
20.64900 608.021 20.6769
20.65200 604.729 21.0631
20.65500 601.619 21.462
20.65800 598.675 21.2862
20.66100 595.881 20.6946
20.66400 593.221 20.2278
20.66700 590.685 20.6197
20.67000 588.26 19.7334
20.67300 585.937 20.6901
20.67600 583.708 20.1333
20.67900 581.566 19.8497
20.68200 579.503 20.8605
20.68500 577.514 19.1812
20.68800 575.594 19.6532
20.69100 573.739 20.1497
20.69400 571.944 19.3023
20.69700 570.207 19.7334
20.70000 568.524 19.6419
20.70300 566.893 20.0321
20.70600 565.312 19.7913
20.70900 563.778 19.3528
20.71200 562.289 20.3658
20.71500 560.844 19.992
20.71800 559.442 19.6267
20.72100 558.08 19.2915
20.72400 556.758 18.9355
20.72700 555.475 19.992
20.73000 554.23 19.0658
20.73300 553.021 19.9721
20.73600 551.849 19.8732
20.73900 550.711 19.4883
20.74200 549.608 19.7257
20.74500 548.54 19.2237
20.74800 547.504 19.0831
20.75100 546.501 19.6343
20.75400 545.531 19.3311
20.75700 544.595 18.509
20.76000 543.69 19.6913
20.76300 542.818 19.7604
20.76600 541.978 18.8579
20.76900 541.169 19.0831
20.77200 540.392 18.9797
20.77500 539.646 19.0519
20.77800 538.931 18.7878
20.78100 538.248 19.7527
20.78400 537.596 18.6957
20.78700 536.974 19.4001
20.79000 536.384 19.2272
20.79300 535.824 18.949
20.79600 535.295 19.1953
20.79900 534.797 19.2843
20.80200 534.329 18.7548
20.80500 533.892 18.7449
20.80800 533.485 19.0003
20.81100 533.108 18.6794
20.81400 532.762 18.7912
20.81700 532.446 19.4221
20.82000 532.159 18.9422
20.82300 531.904 20.0603
20.82600 531.678 18.7912
20.82900 531.482 19.2593
20.83200 531.316 19.2915
20.83500 531.181 19.27
20.83800 531.075 19.0037
20.84100 531 19.4735
20.84400 530.955 19.4294
20.84700 530.941 19.6419
20.85000 530.956 18.7219
20.85300 531.003 19.2557
20.85600 531.08 19.3637
20.85900 531.187 19.3311
20.86200 531.326 18.544
20.86500 531.495 19.4772
20.86800 531.695 19.4001
20.87100 531.927 19.5665
20.87400 532.19 19.1671
20.87700 532.484 19.8458
20.88000 532.81 18.6049
20.88300 533.167 18.8948
20.88600 533.557 18.3525
20.88900 533.978 19.1706
20.89200 534.431 19.4001
20.89500 534.917 18.8948
20.89800 535.435 18.4837
20.90100 535.985 19.6799
20.90400 536.568 20.02
20.90700 537.183 19.4957
20.91000 537.831 19.1636
20.91300 538.511 19.2951
20.91600 539.224 18.9117
20.91900 539.969 19.0693
20.92200 540.746 19.153
20.92500 541.555 19.2308
20.92800 542.396 19.1075
20.93100 543.268 18.6957
20.93400 544.17 19.9047
20.93700 545.103 19.3565
20.94000 546.065 19.6116
20.94300 547.056 19.146
20.94600 548.075 18.9151
20.94900 549.12 19.8654
20.95200 550.19 18.9934
20.95500 551.284 19.3528
20.95800 552.401 19.838
20.96100 553.539 19.0037
20.96400 554.695 19.6494
20.96700 555.868 19.8693
20.97000 557.056 18.9832
20.97300 558.256 20.2777
20.97600 559.466 19.6419
20.97900 560.683 20.3574
20.98200 561.905 17.7611
20.98500 563.128 18.3649
20.98800 564.35 18.7746
20.99100 565.568 18.7713
20.99400 566.778 19.2095
20.99700 567.978 18.5824
21.00000 569.164 19.5069
21.00300 570.334 19.0312
21.00600 571.484 18.1042
21.00900 572.611 19.5815
21.01200 573.713 20.4167
21.01500 574.786 20.2693
21.01800 575.829 19.6003
21.02100 576.838 19.574
21.02400 577.811 19.9721
21.02700 578.747 19.3601
21.03000 579.642 19.8341
21.03300 580.496 19.153
21.03600 581.306 19.9681
21.03900 582.071 19.988
21.04200 582.79 19.4772
21.04500 583.461 19.9403
21.04800 584.084 19.0347
21.05100 584.657 20.012
21.05400 585.179 20.4851
21.05700 585.651 20.0724
21.06000 586.071 20.6813
21.06300 586.44 20.261
21.06600 586.758 20.1866
21.06900 587.025 19.7991
21.07200 587.242 19.7758
21.07500 587.41 19.772
21.07800 587.53 19.8929
21.08100 587.605 20.5716
21.08400 587.637 19.7836
21.08700 587.627 19.2951
21.09000 587.58 20.166
21.09300 587.498 20.1497
21.09600 587.385 19.3819
21.09900 587.245 19.8654
21.10200 587.082 19.7565
21.10500 586.9 20.016
21.10800 586.705 20.6946
21.11100 586.5 20.6592
21.11400 586.291 19.3601
21.11700 586.082 19.4367
21.12000 585.878 20.4039
21.12300 585.685 20.0281
21.12600 585.508 20.2237
21.12900 585.351 19.8263
21.13200 585.219 19.5254
21.13500 585.118 20.1619
21.13800 585.053 19.213
21.14100 585.028 20.004
21.14400 585.049 19.5965
21.14700 585.12 19.6989
21.15000 585.247 20.6946
21.15300 585.435 19.9522
21.15600 585.69 19.7527
21.15900 586.016 19.9681
21.16200 586.42 20.4124
21.16500 586.907 19.8068
21.16800 587.484 19.676
21.17100 588.156 19.7874
21.17400 588.931 19.5553
21.17700 589.816 19.4809
21.18000 590.818 19.574
21.18300 591.946 19.984
21.18600 593.208 20.2735
21.18900 594.614 18.6989
21.19200 596.173 20.0361
21.19500 597.897 19.7104
21.19800 599.797 19.6608
21.20100 601.887 20.6065
21.20400 604.18 19.7642
21.20700 606.69 19.98
21.21000 609.435 20.5673
21.21300 612.432 20.3027
21.21600 615.699 20.6857
21.21900 619.257 20.1129
21.22200 623.127 20.8198
21.22500 627.334 20.9427
21.22800 631.903 20.5934
21.23100 636.86 21.4571
21.23400 642.235 19.9522
21.23700 648.059 21.2
21.24000 654.364 20.576
21.24300 661.185 21.1667
21.24600 668.56 21.3104
21.24900 676.526 20.8018
21.25200 685.126 21.3249
21.25500 694.401 21.6625
21.25800 704.396 20.5934
21.26100 715.158 22.0059
21.26400 726.736 21.7237
21.26700 739.179 22.7921
21.27000 752.539 22.2497
21.27300 766.868 22.3551
21.27600 782.219 22.1512
21.27900 798.649 23.1249
21.28200 816.21 23.2873
21.28500 834.958 23.5115
21.28800 854.949 23.8366
21.29100 876.236 24.5219
21.29400 898.872 23.8501
21.29700 922.91 24.4339
21.30000 948.398 25.0549
21.30300 975.385 25.0392
21.30600 1003.91 24.4339
21.30900 1034.03 25.1259
21.31200 1065.76 25.4246
21.31500 1099.15 27.1263
21.31800 1134.21 27.2166
21.32100 1170.97 27.5345
21.32400 1209.45 27.7992
21.32700 1249.66 28.273
21.33000 1291.58 29.361
21.33300 1335.22 29.4884
21.33600 1380.55 29.5527
21.33900 1427.56 29.9208
21.34200 1476.2 30.8167
21.34500 1526.44 31.1286
21.34800 1578.2 31.9928
21.35100 1631.44 33.0952
21.35400 1686.07 33.4263
21.35700 1741.99 34.3401
21.36000 1799.11 34.7945
21.36300 1857.32 35.5559
21.36600 1916.49 36.0141
21.36900 1976.47 36.1551
21.37200 2037.13 36.9863
21.37500 2098.3 37.1904
21.37800 2159.81 38.097
21.38100 2221.46 38.6046
21.38400 2283.06 38.6046
21.38700 2344.4 40.3239
21.39000 2405.27 40.4557
21.39300 2465.42 40.757
21.39600 2524.62 41.3449
21.39900 2582.61 41.6667
21.40200 2639.15 42.5243
21.40500 2693.96 42.6401
21.40800 2746.78 43.1934
21.41100 2797.33 44.7214
21.41400 2845.33 43.8529
21.41700 2890.52 44.8111
21.42000 2932.63 45.3143
21.42300 2971.39 44.8561
21.42600 3006.56 44.9921
21.42900 3037.9 45.5961
21.43200 3065.18 46.225
21.43500 3088.23 46.5242
21.43800 3106.86 46.5746
21.44100 3120.93 46.8807
21.44400 3130.33 45.3609
21.44700 3135 46.8807
21.45000 3134.88 45.98
21.45300 3129.98 46.0776
21.45600 3120.33 46.5242
21.45900 3106.01 45.1754
21.46200 3087.11 45.3609
21.46500 3063.79 45.0377
21.46800 3036.21 45.0835
21.47100 3004.56 46.778
21.47400 2969.06 44.5878
21.47700 2929.96 44.3242
21.48000 2887.5 43.9799
21.48300 2841.95 44.4554
21.48600 2793.58 43.7688
21.48900 2742.67 42.3714
21.49200 2689.49 43.6852
21.49500 2634.32 41.7756
21.49800 2577.43 41.7756
21.50100 2519.1 41.8854
21.50400 2459.57 41.1345
21.50700 2399.11 40.6558
21.51000 2337.95 40.161
21.51300 2276.33 39.4976
21.51600 2214.48 37.9322
21.51900 2152.6 37.9595
21.52200 2090.89 38.0418
21.52500 2029.55 37.0117
21.52800 1968.74 36.7359
21.53100 1908.63 36.0375
21.53400 1849.38 35.1364
21.53700 1791.13 34.879
21.54000 1733.99 34.4418
21.54300 1678.09 33.9618
21.54600 1623.52 33.3519
21.54900 1570.39 32.4443
21.55200 1518.77 33.4825
21.55500 1468.72 31.6386
21.55800 1420.32 30.5709
21.56100 1373.59 30.6282
21.56400 1328.58 30.4572
21.56700 1285.32 29.2353
21.57000 1243.81 28.7956
21.57300 1204.08 28.5948
21.57600 1166.12 27.6818
21.57900 1129.93 27.7457
21.58200 1095.48 27.7885
21.58500 1062.76 26.9191
21.58800 1031.74 26.7166
21.59100 1002.39 27.4514
21.59400 974.674 25.5155
21.59700 948.543 25.641
21.60000 923.955 25.9675
21.60300 900.862 24.2251
21.60600 879.212 24.7993
21.60900 858.954 23.7089
21.61200 840.031 24.4266
21.61500 822.388 23.8163
21.61800 805.968 23.8501
21.62100 790.713 23.4404
21.62400 776.567 23.3
21.62700 763.473 23.4468
21.63000 751.374 23.1372
21.63300 740.215 22.4337
21.63600 729.941 22.5132
21.63900 720.499 23.0694
21.64200 711.838 21.5365
21.64500 703.907 22.4168
21.64800 696.659 22.0273
21.65100 690.046 21.5816
21.65400 684.024 21.3541
21.65700 678.551 21.0912
21.66000 673.586 21.8478
21.66300 669.089 21.2334
21.66600 665.026 21.1147
21.66900 661.36 21.3346
21.67200 658.061 21.5515
21.67500 655.097 20.4465
21.67800 652.44 20.2486
21.68100 650.066 21.1336
21.68400 647.949 20.6901
21.68700 646.069 20.3153
21.69000 644.406 20.6548
21.69300 642.943 21.0491
21.69600 641.665 20.4252
21.69900 640.558 19.8458
21.70200 639.613 21.1952
21.70500 638.82 20.4252
21.70800 638.171 20.4167
21.71100 637.661 20.024
21.71400 637.284 20.2569
21.71700 637.036 20.5152
21.72000 636.915 20.9473
21.72300 636.914 20.3658
21.72600 637.031 21.0027
21.72900 637.257 20.6109
21.73200 637.587 20.6504
21.73500 638.008 20.261
21.73800 638.51 20.4551
21.74100 639.077 19.8615
21.74400 639.689 20.2237
21.74700 640.325 20.8469
21.75000 640.958 20.3954
21.75300 641.561 20.8696
21.75600 642.1 20.2444
21.75900 642.542 20.7569
21.76200 642.85 20.7079
21.76500 642.989 19.7104
21.76800 642.926 19.803
21.77100 642.635 20.3531
21.77400 642.099 19.984
21.77700 641.314 20.6416
21.78000 640.286 20.2072
21.78300 639.036 19.3892
21.78600 637.593 20.5847
21.78900 635.992 19.8419
21.79200 634.27 20.0281
21.79500 632.465 20.5282
21.79800 630.613 19.7028
21.80100 628.748 20.7257
21.80400 626.9 18.9287
21.80700 625.093 20.4422
21.81000 623.349 19.5665
21.81300 621.686 20.2031
21.81600 620.118 20.008
21.81900 618.655 20.3912
21.82200 617.304 20.4082
21.82500 616.067 20.624
21.82800 614.946 18.7912
21.83100 613.94 20.2278
21.83400 613.045 19.7527
21.83700 612.258 19.9721
21.84000 611.572 19.7411
21.84300 610.983 19.9442
21.84600 610.484 20.2486
21.84900 610.069 19.4625
21.85200 609.734 20.1866
21.85500 609.472 20.1497
21.85800 609.279 19.6229
21.86100 609.153 20.1948
21.86400 609.088 19.7565
21.86700 609.082 20.9795
21.87000 609.133 19.3023
21.87300 609.238 19.9681
21.87600 609.396 19.4514
21.87900 609.606 19.9442
21.88200 609.866 20.589
21.88500 610.176 19.2272
21.88800 610.534 20.4636
21.89100 610.94 20.0845
21.89400 611.393 20.6372
21.89700 611.892 19.996
21.90000 612.436 20.3195
21.90300 613.026 20.0401
21.90600 613.66 19.9244
21.90900 614.338 19.9641
21.91200 615.058 20.5196
21.91500 615.821 20.1866
21.91800 616.626 19.885
21.92100 617.471 19.9363
21.92400 618.357 20.624
21.92700 619.282 20.6153
21.93000 620.247 19.4846
21.93300 621.25 20.5455
21.93600 622.29 20.3237
21.93900 623.368 20.2361
21.94200 624.483 20.646
21.94500 625.635 19.4257
21.94800 626.824 20.0967
21.95100 628.05 20.6504
21.95400 629.313 19.8693
21.95700 630.614 21.0352
21.96000 631.953 20.1743
21.96300 633.333 20.668
21.96600 634.753 21.0725
21.96900 636.218 19.9323
21.97200 637.728 20.646
21.97500 639.287 20.3954
21.97800 640.898 20.3531
21.98100 642.565 21.3395
21.98400 644.292 21.0819
21.98700 646.085 20.5499
21.99000 647.949 20.8288
21.99300 649.891 21.3638
21.99600 651.917 21.5365
21.99900 654.034 21.0912
22.00200 656.252 21.7546
22.00500 658.578 21.11
22.00800 661.022 21.0119
22.01100 663.594 21.3007
22.01400 666.304 21.3882
22.01700 669.164 21.0538
22.02000 672.185 21.5716
22.02300 675.367 21.1289
22.02600 678.701 22.0219
22.02900 682.186 21.7443
22.03200 685.942 21.7752
22.03500 689.971 21.0491
22.03800 694.247 22.0487
22.04100 698.785 22.4394
22.04400 703.604 21.8844
22.04700 708.721 21.7186
22.05000 714.157 22.4281
22.05300 719.93 22.1241
22.05600 726.061 22.2332
22.05900 732.571 21.8218
22.06200 739.481 22.99
22.06500 746.812 22.2113
22.06800 754.587 23.4275
22.07100 762.826 23.1496
22.07400 771.55 22.8218
22.07700 780.781 23.7223
22.08000 790.538 23.0022
22.08300 800.842 23.5833
22.08600 811.709 23.6096
22.08900 823.159 24.0285
22.09200 835.206 24.2038
22.09500 847.867 23.8028
22.09800 861.153 24.2536
22.10100 875.079 25.2942
22.10400 889.653 25.6074
22.10700 904.884 25.0235
22.11000 920.78 25.0313
22.11300 937.344 25.6833
22.11600 954.579 26.389
22.11900 972.484 26.2071
22.12200 991.059 26.4721
22.12500 1010.3 26.1176
22.12800 1030.19 26.2613
22.13100 1050.74 27.6395
22.13400 1071.91 27.9618
22.13700 1093.71 27.6395
22.14000 1116.1 28.2279
22.14300 1139.08 28.7006
22.14600 1162.6 29.0374
22.14900 1186.65 29.5012
22.15200 1211.2 29.2478
22.15500 1236.2 30.2061
22.15800 1261.62 30.0015
22.16100 1287.42 31.0236
22.16400 1313.55 30.7438
22.16700 1339.97 30.2614
22.17000 1366.63 30.8021
22.17300 1393.45 32.2581
22.17600 1420.4 32.6164
22.17900 1447.4 32.2245
22.18200 1474.4 33.6718
22.18500 1501.31 32.7385
22.18800 1528.07 32.7385
22.19100 1554.61 34.0601
22.19400 1580.84 33.7869
22.19700 1606.69 34.2193
22.20000 1632.07 35.05
22.20300 1656.9 34.4418
22.20600 1681.08 34.7105
22.20900 1704.53 35.5784
22.21200 1727.16 35.5335
22.21500 1748.88 35.5784
22.21800 1769.6 35.8748
22.22100 1789.21 36.0609
22.22400 1807.65 36.2977
22.22700 1824.81 36.4905
22.23000 1840.62 36.8355
22.23300 1855 37.5558
22.23600 1867.86 37.2678
22.23900 1879.14 36.9863
22.24200 1888.79 37.2161
22.24500 1896.73 36.9611
22.24800 1902.93 37.4766
22.25100 1907.35 37.3979
22.25400 1909.96 37.037
22.25700 1910.75 36.6618
22.26000 1909.7 37.3718
22.26300 1906.83 37.7157
22.26600 1902.15 37.5558
22.26900 1895.68 37.4766
22.27200 1887.47 37.2937
22.27500 1877.54 38.0418
22.27800 1865.96 37.0117
22.28100 1852.79 37.2161
22.28400 1838.09 36.6864
22.28700 1821.94 37.3457
22.29000 1804.41 36.7856
22.29300 1785.59 36.6126
22.29600 1765.56 35.8057
22.29900 1744.41 35.6688
22.30200 1722.23 35.6688
22.30500 1699.1 35.0285
22.30800 1675.12 34.7734
22.31100 1650.37 34.7105
22.31400 1624.95 34.3401
22.31700 1598.93 33.6718
22.32000 1572.4 33.4263
22.32300 1545.45 33.5389
22.32600 1518.15 33.389
22.32900 1490.59 32.969
22.33200 1462.83 32.7737
22.33500 1434.95 32.0092
22.33800 1407.02 31.8465
22.34100 1379.1 31.1136
22.34400 1351.27 31.4192
22.34700 1323.57 30.3869
22.35000 1296.06 30.1374
22.35300 1268.81 30.5424
22.35600 1241.85 29.8807
22.35900 1215.24 29.4756
22.36200 1189.03 30.0557
22.36500 1163.24 28.7361
22.36800 1137.93 28.3069
22.37100 1113.12 28.8795
22.37400 1088.84 28.5831
22.37700 1065.13 27.6924
22.38000 1042.01 27.0964
22.38300 1019.49 27.1864
22.38600 997.614 26.9975
22.38900 976.381 27.027
22.39200 955.808 27.0567
22.39500 935.906 25.777
22.39800 916.684 24.9533
22.40100 898.148 25.7002
22.40400 880.301 25.118
22.40700 863.146 24.3037
22.41000 846.68 24.5885
22.41300 830.902 25.0627
22.41600 815.806 23.4791
22.41900 801.387 23.319
22.42200 787.637 24.1825
22.42500 774.547 24.0008
22.42800 762.105 23.9388
22.43100 750.3 23.3444
22.43400 739.119 23.3126
22.43700 728.547 23.5768
22.44000 718.571 22.8814
22.44300 709.174 22.984
22.44600 700.341 22.6921
22.44900 692.053 22.2939
22.45200 684.294 22.4733
22.45500 677.047 22.2497
22.45800 670.292 21.8426
22.46100 664.011 21.8218
22.46400 658.186 21.7186
22.46700 652.799 21.398
22.47000 647.831 21.3298
22.47300 643.263 21.8792
22.47600 639.076 21.7033
22.47900 635.253 21.8792
22.48200 631.774 21.9159
22.48500 628.623 21.5016
22.48800 625.78 20.8243
22.49100 623.229 21.5917
22.49400 620.953 21.5866
22.49700 618.935 21.0305
22.50000 617.158 21.2622
22.50300 615.606 21.5816
22.50600 614.265 20.4594
22.50900 613.12 20.9749
22.51200 612.157 21.4324
22.51500 611.362 20.37
22.51800 610.724 20.576
22.52100 610.232 21.0678
22.52400 609.876 20.5023
22.52700 609.646 20.1374
22.53000 609.535 21.0819
22.53300 609.537 21.2
22.53600 609.645 20.4422
22.53900 609.857 20.012
22.54200 610.167 21.1525
22.54500 610.574 20.6857
22.54800 611.076 20.8424
22.55100 611.671 19.98
22.55400 612.36 20.1252
22.55700 613.142 20.2902
22.56000 614.017 20.8108
22.56300 614.987 20.4294
22.56600 616.052 19.9165
22.56900 617.214 20.3912
22.57200 618.474 20.2569
22.57500 619.834 20.3447
22.57800 621.297 20.6813
22.58100 622.865 21.2718
22.58400 624.541 20.166
22.58700 626.327 20.2902
22.59000 628.228 21.2574
22.59300 630.247 21.0445
22.59600 632.388 21.0212
22.59900 634.655 20.3742
22.60200 637.053 21.4373
22.60500 639.588 20.4337
22.60800 642.266 20.5499
22.61100 645.091 20.3531
22.61400 648.072 20.9381
22.61700 651.215 21.2238
22.62000 654.527 21.3395
22.62300 658.017 20.9289
22.62600 661.695 20.6021
22.62900 665.57 21.4472
22.63200 669.652 21.4423
22.63500 673.951 21.0772
22.63800 678.479 20.286
22.64100 683.248 21.0491
22.64400 688.271 22.0487
22.64700 693.559 20.9381
22.65000 699.127 20.6065
22.65300 704.988 21.6321
22.65600 711.156 21.0212
22.65900 717.646 21.0819
22.66200 724.472 22.0219
22.66500 731.647 21.9476
22.66800 739.188 21.8478
22.67100 747.106 22.8515
22.67400 755.416 22.3943
22.67700 764.129 22.3607
22.68000 773.259 22.3105
22.68300 782.816 22.6281
22.68600 792.809 21.8322
22.68900 803.248 22.0273
22.69200 814.139 23.2873
22.69500 825.488 22.3999
22.69800 837.298 23.2747
22.70100 849.57 23.3826
22.70400 862.305 22.5935
22.70700 875.498 23.3
22.71000 889.146 22.9597
22.71300 903.239 23.9732
22.71600 917.767 23.3316
22.71900 932.718 23.6691
22.72200 948.073 24.8913
22.72500 963.815 24.1614
22.72800 979.92 23.7624
22.73100 996.363 24.9844
22.73400 1013.12 24.8222
22.73700 1030.14 24.4485
22.74000 1047.41 24.7993
22.74300 1064.89 25.7343
22.74600 1082.52 25.8977
22.74900 1100.27 25.2056
22.75200 1118.09 25.9587
22.75500 1135.92 25.8113
22.75800 1153.7 26.1533
22.76100 1171.39 26.5747
22.76400 1188.92 26.9876
22.76700 1206.22 26.9975
22.77000 1223.22 27.6395
22.77300 1239.86 27.1964
22.77600 1256.06 28.5365
22.77900 1271.75 27.8856
22.78200 1286.84 28.5598
22.78500 1301.27 29.1111
22.78800 1314.95 28.1718
22.79100 1327.79 28.9642
22.79400 1339.73 28.6299
22.79700 1350.68 29.3105
22.80000 1360.57 28.0939
22.80300 1369.32 28.9886
22.80600 1376.87 29.6045
22.80900 1383.15 29.5786
22.81200 1388.12 29.8807
22.81500 1391.72 29.2979
22.81800 1393.91 28.4786
22.82100 1394.67 30.4009
22.82400 1393.97 29.8408
22.82700 1391.8 29.6174
22.83000 1388.17 30.1511
22.83300 1383.1 29.7351
22.83600 1376.59 30.2752
22.83900 1368.7 29.2728
22.84200 1359.48 29.5398
22.84500 1348.97 29.6826
22.84800 1337.24 29.1358
22.85100 1324.38 28.5948
22.85400 1310.47 29.2353
22.85700 1295.59 28.1718
22.86000 1279.83 27.7885
22.86300 1263.29 28.0496
22.86600 1246.04 27.7031
22.86900 1228.19 27.5869
22.87200 1209.83 28.2617
22.87500 1191.03 27.0765
22.87800 1171.87 27.3485
22.88100 1152.45 26.8414
22.88400 1132.83 26.3432
22.88700 1113.09 26.968
22.89000 1093.3 26.3706
22.89300 1073.51 25.4082
22.89600 1053.79 26.1712
22.89900 1034.2 24.7917
22.90200 1014.79 26.2432
22.90500 995.598 25.1657
22.90800 976.679 24.3108
22.91100 958.071 24.7841
22.91400 939.81 24.3396
22.91700 921.929 21.8949
22.92000 904.456 22.305
22.92300 887.419 21.801
22.92600 870.84 22.5303
22.92900 854.738 21.7289
22.93200 839.132 23.5965
22.93500 824.031 22.7803
22.93800 809.448 21.4917
22.94100 795.39 21.734
22.94400 781.864 22.0541
22.94700 768.872 21.9001
22.95000 756.414 21.8166
22.95300 744.489 20.9289
22.95600 733.092 21.7391
22.95900 722.22 21.2862
22.96200 711.863 21.0631
22.96500 702.013 21.4719
22.96800 692.66 20.5629
22.97100 683.791 20.1784
22.97400 675.394 20.5109
22.97700 667.456 20.5673
22.98000 659.96 20.589
22.98300 652.892 19.4735
22.98600 646.236 19.2272
22.98900 639.975 19.6078
22.99200 634.093 20.2986
22.99500 628.572 19.2664
22.99800 623.397 19.7913
23.00100 618.549 19.3637
23.00400 614.012 18.6404
23.00700 609.77 19.5366
23.01000 605.805 19.3456
23.01300 602.103 19.996
23.01600 598.646 20.0482
23.01900 595.421 19.8693
23.02200 592.411 19.0831
23.02500 589.604 19.2843
23.02800 586.986 19.492
23.03100 584.542 19.5217
23.03400 582.262 18.3835
23.03700 580.132 19.3095
23.04000 578.143 18.9866
23.04300 576.282 19.4625
23.04600 574.541 19.0623
23.04900 572.91 18.6436
23.05200 571.38 19.0485
23.05500 569.942 18.6663
23.05800 568.59 19.0037
23.06100 567.315 18.6989
23.06400 566.112 19.1812
23.06700 564.974 19.6456
23.07000 563.895 18.294
23.07300 562.87 18.8445
23.07600 561.895 19.0693
23.07900 560.964 18.6663
23.08200 560.073 19.1565
23.08500 559.219 18.3463
23.08800 558.397 19.0589
23.09100 557.606 18.1012
23.09400 556.84 18.4365
23.09700 556.098 19.0312
23.10000 555.377 18.8244
23.10300 554.673 18.5856
23.10600 553.986 18.6242
23.10900 553.312 18.7449
23.11200 552.649 18.1818
23.11500 551.995 18.8078
23.11800 551.349 18.8144
23.12100 550.708 18.7978
23.12400 550.072 17.9983
23.12700 549.437 19.4957
23.13000 548.804 18.8579
23.13300 548.171 18.8111
23.13600 547.537 18.621
23.13900 546.9 18.4553
23.14200 546.259 18.7581
23.14500 545.615 17.8914
23.14800 544.966 18.7812
23.15100 544.312 19.097
23.15400 543.653 18.4209
23.15700 542.987 18.0481
23.16000 542.316 18.2483
23.16300 541.639 17.722
23.16600 540.957 18.1878
23.16900 540.269 18.509
23.17200 539.577 19.2521
23.17500 538.88 18.0894
23.17800 538.181 19.111
23.18100 537.478 18.2757
23.18400 536.774 18.7186
23.18700 536.069 18.1818
23.19000 535.364 18.4648
23.19300 534.661 18.0334
23.19600 533.96 18.2513
23.19900 533.263 18.5472
23.20200 532.571 18.6696
23.20500 531.885 18.2331
23.20800 531.207 18.8144
23.21100 530.538 18.4585
23.21400 529.879 18.3002
23.21700 529.231 18.5185
23.22000 528.596 18.054
23.22300 527.976 18.6145
23.22600 527.37 18.1071
23.22900 526.781 18.2574
23.23200 526.21 17.9634
23.23500 525.658 18.0422
23.23800 525.126 18.7912
23.24100 524.616 17.9259
23.24400 524.128 18.3928
23.24700 523.664 17.5169
23.25000 523.225 18.1638
23.25300 522.811 19.2095
23.25600 522.424 18.6501
23.25900 522.065 18.4365
23.26200 521.734 18.01
23.26500 521.433 17.1904
23.26800 521.162 18.1818
23.27100 520.922 18.5599
23.27400 520.714 18.0716
23.27700 520.539 17.6364
23.28000 520.396 18.0657
23.28300 520.287 18.4115
23.28600 520.213 18.4115
23.28900 520.172 17.7948
23.29200 520.165 18.2331
23.29500 520.194 17.2516
23.29800 520.259 19.2879
23.30100 520.359 18.0129
23.30400 520.495 18.0805
23.30700 520.666 18.3959
23.31000 520.872 18.0217
23.31300 521.113 18.1518
23.31600 521.389 18.0716
23.31900 521.699 18.3649
23.32200 522.043 17.8743
23.32500 522.42 18.1939
23.32800 522.829 17.4501
23.33100 523.27 18.0041
23.33400 523.741 18.1848
23.33700 524.242 18.3002
23.34000 524.772 17.5089
23.34300 525.329 18.1459
23.34600 525.912 18.6177
23.34900 526.519 18.5027
23.35200 527.15 17.7165
23.35500 527.802 17.7611
23.35800 528.474 18.5408
23.36100 529.164 18.7317
23.36400 529.87 18.1399
23.36700 530.59 17.736
23.37000 531.322 18.4428
23.37300 532.065 18.5122
23.37600 532.814 18.5058
23.37900 533.569 18.4271
23.38200 534.327 18.5281
23.38500 535.086 18.0305
23.38800 535.842 18.9321
23.39100 536.594 18.8746
23.39400 537.338 18.3155
23.39700 538.072 18.5312
23.40000 538.794 18.5535
23.40300 539.501 18.7978
23.40600 540.189 18.4271
23.40900 540.857 19.1285
23.41200 541.502 19.0901
23.41500 542.122 18.4648
23.41800 542.713 18.2879
23.42100 543.274 18.1668
23.42400 543.803 18.6307
23.42700 544.298 18.294
23.43000 544.756 19.3275
23.43300 545.178 17.6694
23.43600 545.562 18.0569
23.43900 545.906 18.3371
23.44200 546.21 18.4868
23.44500 546.475 18.6598
23.44800 546.699 18.1489
23.45100 546.884 18.6924
23.45400 547.03 17.9
23.45700 547.138 18.6242
23.46000 547.208 19.0347
23.46300 547.243 18.99
23.46600 547.243 18.7581
23.46900 547.211 18.6145
23.47200 547.148 18.8144
23.47500 547.056 19.1741
23.47800 546.938 18.0363
23.48100 546.794 18.6501
23.48400 546.628 18.218
23.48700 546.44 18.294
23.49000 546.234 18.8512
23.49300 546.01 18.1518
23.49600 545.771 18.7416
23.49900 545.519 18.3866
23.50200 545.254 18.2666
23.50500 544.979 18.2059
23.50800 544.695 17.9576
23.51100 544.403 18.3309
23.51400 544.104 18.1489
23.51700 543.8 18.6826
23.52000 543.49 19.213
23.52300 543.177 18.4585
23.52600 542.859 18.509
23.52900 542.539 18.4995
23.53200 542.215 18.8545
23.53500 541.889 18.6307
23.53800 541.56 18.4021
23.54100 541.229 17.5466
23.54400 540.895 18.4428
23.54700 540.558 17.5791
23.55000 540.217 18.1848
23.55300 539.873 18.3866
23.55600 539.525 18.0628
23.55900 539.173 18.6049
23.56200 538.816 17.9518
23.56500 538.453 18.5504
23.56800 538.084 17.8571
23.57100 537.709 18.0657
23.57400 537.327 18.5824
23.57700 536.937 18.0187
23.58000 536.54 18.8278
23.58300 536.134 17.9518
23.58600 535.72 18.1999
23.58900 535.297 18.4805
23.59200 534.865 18.3309
23.59500 534.424 17.86
23.59800 533.973 17.8486
23.60100 533.514 17.86
23.60400 533.046 18.0481
23.60700 532.569 18.3525
23.61000 532.084 18.215
23.61300 531.591 18.3032
23.61600 531.091 18.3063
23.61900 530.585 17.7332
23.62200 530.073 18.3866
23.62500 529.557 17.778
23.62800 529.036 17.949
23.63100 528.513 17.9808
23.63400 527.989 17.5493
23.63700 527.464 17.8089
23.64000 526.939 18.2362
23.64300 526.417 18.0598
23.64600 525.898 18.5281
23.64900 525.384 17.9201
23.65200 524.876 17.5981
23.65500 524.375 17.7695
23.65800 523.882 17.697
23.66100 523.399 17.8771
23.66400 522.927 17.9029
23.66700 522.468 17.4687
23.67000 522.021 18.5249
23.67300 521.59 17.6309
23.67600 521.174 18.6696
23.67900 520.775 17.8515
23.68200 520.394 18.4115
23.68500 520.032 17.8771
23.68800 519.69 18.0746
23.69100 519.37 17.6364
23.69400 519.071 18.4146
23.69700 518.796 17.4928
23.70000 518.545 17.9605
23.70300 518.319 17.6694
23.70600 518.119 17.2286
23.70900 517.945 17.324
23.71200 517.799 17.9
23.71500 517.681 18.334
23.71800 517.592 18.1788
23.72100 517.532 17.8914
23.72400 517.502 18.5185
23.72700 517.503 17.9057
23.73000 517.533 18.7219
23.73300 517.594 17.9576
23.73600 517.686 17.8231
23.73900 517.808 18.122
23.74200 517.961 18.2635
23.74500 518.142 17.9547
23.74800 518.353 17.7304
23.75100 518.593 17.7109
23.75400 518.859 18.4553
23.75700 519.151 18.0363
23.76000 519.468 18.1518
23.76300 519.808 18.4553
23.76600 520.169 18.3371
23.76900 520.549 18.2818
23.77200 520.946 18.1161
23.77500 521.357 18.215
23.77800 521.78 18.2422
23.78100 522.212 18.6404
23.78400 522.65 19.2843
23.78700 523.092 18.4209
23.79000 523.533 17.8771
23.79300 523.971 17.8344
23.79600 524.403 18.1608
23.79900 524.825 18.3556
23.80200 525.235 17.6943
23.80500 525.63 17.8743
23.80800 526.007 18.8311
23.81100 526.365 17.88
23.81400 526.702 18.051
23.81700 527.019 17.6556
23.82000 527.315 18.6469
23.82300 527.591 18.218
23.82600 527.848 18.1638
23.82900 528.089 18.3866
23.83200 528.318 18.9084
23.83500 528.537 18.4995
23.83800 528.749 18.119
23.84100 528.959 18.0217
23.84400 529.17 18.1548
23.84700 529.388 17.8685
23.85000 529.615 19.16
23.85300 529.858 18.1939
23.85600 530.122 18.5663
23.85900 530.41 18.6728
23.86200 530.728 17.778
23.86500 531.081 18.0305
23.86800 531.476 18.4209
23.87100 531.917 19.1145
23.87400 532.409 19.5928
23.87700 532.959 18.054
23.88000 533.571 18.0923
23.88300 534.251 18.2849
23.88600 535.004 19.4441
23.88900 535.834 18.5122
23.89200 536.743 18.0393
23.89500 537.736 18.119
23.89800 538.814 18.3217
23.90100 539.977 19.3131
23.90400 541.225 17.9867
23.90700 542.557 19.139
23.91000 543.971 18.4209
23.91300 545.461 18.4774
23.91600 547.023 18.5376
23.91900 548.652 18.99
23.92200 550.339 19.2095
23.92500 552.076 18.592
23.92800 553.857 18.4365
23.93100 555.674 18.9355
23.93400 557.521 18.6794
23.93700 559.397 19.0936
23.94000 561.302 19.3492
23.94300 563.243 19.2343
23.94600 565.231 19.0727
23.94900 567.282 18.5122
23.95200 569.412 19.5329
23.95500 571.643 18.424
23.95800 573.995 19.2951
23.96100 576.49 19.7373
23.96400 579.146 19.5254
23.96700 581.984 18.7251
23.97000 585.022 19.803
23.97300 588.275 19.5366
23.97600 591.761 18.8746
23.97900 595.492 19.6229
23.98200 599.481 19.8107
23.98500 603.741 18.8982
23.98800 608.282 19.4477
23.99100 613.113 20.8333
23.99400 618.242 19.5965
23.99700 623.677 19.9601
24.00000 629.424 20.0926
24.00300 635.49 19.745
24.00600 641.88 20.016
24.00900 648.6 20.0603
24.01200 655.654 20.6109
24.01500 663.047 19.98
24.01800 670.783 20.4209
24.02100 678.866 22.5819
24.02400 687.3 20.7703
24.02700 696.087 21.2718
24.03000 705.232 21.6828
24.03300 714.735 20.5803
24.03600 724.598 21.3785
24.03900 734.824 21.5265
24.04200 745.411 21.5917
24.04500 756.36 21.6676
24.04800 767.668 21.8949
24.05100 779.335 23.2432
24.05400 791.355 22.6863
24.05700 803.726 22.3775
24.06000 816.441 22.3887
24.06300 829.493 23.8366
24.06600 842.874 23.7356
24.06900 856.576 23.5637
24.07200 870.586 24.218
24.07500 884.894 24.0354
24.07800 899.486 23.9801
24.08100 914.346 24.7765
24.08400 929.458 23.9319
24.08700 944.805 23.749
24.09000 960.367 25.2538
24.09300 976.123 25.047
24.09600 992.05 25.5238
24.09900 1008.13 25.4824
24.10200 1024.32 26.1891
24.10500 1040.62 26.0201
24.10800 1056.97 26.3523
24.11100 1073.37 27.2772
24.11400 1089.77 26.0909
24.11700 1106.14 27.1363
24.12000 1122.45 27.1363
24.12300 1138.67 26.7452
24.12600 1154.74 27.9073
24.12900 1170.65 26.774
24.13200 1186.34 28.5598
24.13500 1201.78 28.6534
24.13800 1216.92 28.0496
24.14100 1231.73 28.7242
24.14400 1246.15 28.7006
24.14700 1260.16 29.0252
24.15000 1273.69 29.7614
24.15300 1286.71 28.9037
24.15600 1299.18 29.6435
24.15900 1311.05 29.0865
24.16200 1322.28 30.4997
24.16500 1332.82 29.6826
24.16800 1342.63 29.8541
24.17100 1351.69 30.4997
24.17400 1359.94 30.4714
24.17700 1367.36 29.9476
24.18000 1373.92 29.361
24.18300 1379.57 31.0685
24.18600 1384.32 30.3449
24.18900 1388.12 30.2614
24.19200 1390.96 30.0965
24.19500 1392.83 30.1786
24.19800 1393.72 29.5786
24.20100 1393.63 30.0421
24.20400 1392.56 29.7219
24.20700 1390.51 30.2061
24.21000 1387.5 30.8021
24.21300 1383.53 31.1437
24.21600 1378.62 30.4714
24.21900 1372.81 29.4628
24.22200 1366.1 30.9049
24.22500 1358.54 29.7351
24.22800 1350.16 29.2478
24.23100 1340.98 30.3728
24.23400 1331.05 29.3357
24.23700 1320.4 29.4756
24.24000 1309.08 29.7746
24.24300 1297.13 29.4245
24.24600 1284.58 29.4628
24.24900 1271.49 28.9886
24.25200 1257.89 28.8675
24.25500 1243.83 28.4555
24.25800 1229.36 27.6818
24.26100 1214.51 28.5714
24.26400 1199.32 27.8207
24.26700 1183.85 27.1063
24.27000 1168.12 27.6606
24.27300 1152.18 26.774
24.27600 1136.06 26.7644
24.27900 1119.81 26.7836
24.28200 1103.46 27.0864
24.28500 1087.04 26.2976
24.28800 1070.59 25.9064
24.29100 1054.14 25.863
24.29400 1037.72 26.1087
24.29700 1021.36 25.9064
24.30000 1005.09 25.2056
24.30300 988.929 25.599
24.30600 972.91 25.5155
24.30900 957.055 24.7613
24.31200 941.385 25.3755
24.31500 925.922 25.0943
24.31800 910.686 23.6558
24.32100 895.694 23.9801
24.32400 880.963 23.6691
24.32700 866.509 23.9251
24.33000 852.345 23.9525
24.33300 838.485 23.4533
24.33600 824.94 22.9114
24.33900 811.719 23.7223
24.34200 798.832 22.9114
24.34500 786.286 21.9159
24.34800 774.087 22.7155
24.35100 762.241 22.5246
24.35400 750.752 21.3931
24.35700 739.622 22.2607
24.36000 728.853 22.7331
24.36300 718.447 22.0059
24.36600 708.402 21.7752
24.36900 698.719 22.2442
24.37200 689.394 21.2814
24.37500 680.426 20.6284
24.37800 671.811 20.8424
24.38100 663.545 21.5766
24.38400 655.623 20.3489
24.38700 648.039 20.3616
24.39000 640.789 20.286
24.39300 633.865 20.8333
24.39600 627.261 20.1252
24.39900 620.969 20.3954
24.40200 614.982 20.8787
24.40500 609.293 20.2154
24.40800 603.894 19.9601
24.41100 598.776 20.4337
24.41400 593.931 19.8693
24.41700 589.351 19.3095
24.42000 585.027 19.7142
24.42300 580.95 20.0522
24.42600 577.112 19.3746
24.42900 573.505 18.8512
24.43200 570.121 19.7913
24.43500 566.95 18.5249
24.43800 563.985 19.0936
24.44100 561.217 19.9047
24.44400 558.639 18.4679
24.44700 556.243 19.1812
24.45000 554.02 19.1355
24.45300 551.964 19.104
24.45600 550.068 19.118
24.45900 548.323 19.118
24.46200 546.724 19.8693
24.46500 545.264 19.4994
24.46800 543.936 18.1668
24.47100 542.733 18.509
24.47400 541.651 18.5249
24.47700 540.683 18.8411
24.48000 539.824 19.7913
24.48300 539.069 18.6404
24.48600 538.412 18.8411
24.48900 537.848 19.1988
24.49200 537.373 18.8579
24.49500 536.983 18.1758
24.49800 536.672 18.0864
24.50100 536.438 19.0037
24.50400 536.275 18.4459
24.50700 536.181 17.8743
24.51000 536.151 18.0687
24.51300 536.183 19.5441
24.51600 536.272 18.1608
24.51900 536.416 18.6728
24.52200 536.612 18.1999
24.52500 536.856 17.9896
24.52800 537.146 17.6998
24.53100 537.478 18.5631
24.53400 537.851 18.5567
24.53700 538.261 18.712
24.54000 538.705 17.9925
24.54300 539.182 18.5058
24.54600 539.688 18.4177
24.54900 540.221 18.6371
24.55200 540.778 18.5249
24.55500 541.357 18.9016
24.55800 541.956 18.1012
24.56100 542.571 19.2414
24.56400 543.2 18.9525
24.56700 543.841 18.1698
24.57000 544.491 19.2414
24.57300 545.148 19.0278
24.57600 545.808 18.3432
24.57900 546.47 18.768
24.58200 547.13 18.6371
24.58500 547.786 19.6951
24.58800 548.435 17.736
24.59100 549.074 18.878
24.59400 549.7 18.4053
24.59700 550.312 18.6631
24.60000 550.905 19.1918
24.60300 551.478 18.9695
24.60600 552.027 18.7713
24.60900 552.55 18.4209
24.61200 553.043 18.7251
24.61500 553.505 18.4365
24.61800 553.933 18.9253
24.62100 554.323 18.7548
24.62400 554.675 19.0727
24.62700 554.984 18.8278
24.63000 555.25 19.104
24.63300 555.47 19.3239
24.63600 555.642 19.7642
24.63900 555.765 19.8107
24.64200 555.837 19.0175
24.64500 555.856 18.9729
24.64800 555.822 18.8344
24.65100 555.734 18.7186
24.65400 555.59 19.2237
24.65700 555.391 19.0866
24.66000 555.137 19.4735
24.66300 554.827 19.2095
24.66600 554.462 18.6728
24.66900 554.042 19.125
24.67200 553.568 19.7527
24.67500 553.042 18.3928
24.67800 552.464 18.3063
24.68100 551.836 18.544
24.68400 551.16 18.621
24.68700 550.438 18.2818
24.69000 549.671 18.3773
24.69300 548.863 18.5281
24.69600 548.014 19.1215
24.69900 547.129 18.9389
24.70200 546.209 18.99
24.70500 545.257 18.334
24.70800 544.276 18.3804
24.71100 543.269 18.3959
24.71400 542.238 18.1698
24.71700 541.187 18.9016
24.72000 540.117 18.1728
24.72300 539.032 18.3124
24.72600 537.935 18.509
24.72900 536.827 18.5856
24.73200 535.712 18.1758
24.73500 534.592 18.8746
24.73800 533.47 18.7878
24.74100 532.348 18.5791
24.74400 531.228 18.1369
24.74700 530.112 18.2971
24.75000 529.002 18.9355
24.75300 527.901 18.9934
24.75600 526.811 18.4146
24.75900 525.732 18.1668
24.76200 524.667 17.6474
24.76500 523.618 18.0716
24.76800 522.586 16.976
24.77100 521.572 18.3897
24.77400 520.577 18.0953
24.77700 519.604 17.9432
24.78000 518.652 18.1668
24.78300 517.724 18.0657
24.78600 516.819 18.8078
24.78900 515.94 18.1999
24.79200 515.086 18.1369
24.79500 514.258 17.8743
24.79800 513.457 17.4448
24.80100 512.684 18.1758
24.80400 511.939 18.3928
24.80700 511.223 17.7332
24.81000 510.536 17.7499
24.81300 509.878 18.3309
24.81600 509.249 17.8146
24.81900 508.65 17.1574
24.82200 508.081 18.7482
24.82500 507.542 17.9259
24.82800 507.033 17.5385
24.83100 506.553 18.1429
24.83400 506.104 17.86
24.83700 505.684 17.8401
24.84000 505.294 16.9419
24.84300 504.933 17.1172
24.84600 504.602 17.4316
24.84900 504.299 18.1698
24.85200 504.024 18.1908
24.85500 503.777 18.0746
24.85800 503.558 17.2388
24.86100 503.365 18.1758
24.86400 503.199 17.1272
24.86700 503.058 17.9808
24.87000 502.941 18.4302
24.87300 502.849 17.5358
24.87600 502.781 17.7639
24.87900 502.735 17.8543
24.88200 502.71 18.3618
24.88500 502.707 17.9954
24.88800 502.724 17.2671
24.89100 502.76 18.3247
24.89400 502.814 18.0129
24.89700 502.885 18.2544
24.90000 502.973 17.5089
24.90300 503.077 17.7611
24.90600 503.195 17.9779
24.90900 503.327 17.6227
24.91200 503.471 17.9115
24.91500 503.627 17.6172
24.91800 503.794 17.0474
24.92100 503.972 18.8646
24.92400 504.158 17.5358
24.92700 504.353 17.0647
24.93000 504.556 17.6063
24.93300 504.766 18.3155
24.93600 504.982 17.86
24.93900 505.203 17.1499
24.94200 505.43 17.7527
24.94500 505.661 17.0946
24.94800 505.895 17.5981
24.95100 506.133 17.736
24.95400 506.374 18.5631
24.95700 506.617 17.5682
24.96000 506.861 18.0598
24.96300 507.107 18.0393
24.96600 507.354 18.6566
24.96900 507.601 17.2465
24.97200 507.849 18.4995
24.97500 508.096 17.4289
24.97800 508.342 17.4767
24.98100 508.588 18.4679
24.98400 508.833 18.0598
24.98700 509.076 17.413
24.99000 509.318 17.9287
24.99300 509.559 18.0569
24.99600 509.797 17.5763
24.99900 510.034 16.7483
25.00200 510.268 16.5115
25.00500 510.5 16.8766
25.00800 510.73 16.9297
25.01100 510.957 17.0573
25.01400 511.182 16.8886
25.01700 511.404 17.6501
25.02000 511.623 17.6227
25.02300 511.839 17.2056
25.02600 512.051 17.4289
25.02900 512.261 16.9031
25.03200 512.468 16.9638
25.03500 512.67 17.6832
25.03800 512.87 17.6943
25.04100 513.065 17.7137
25.04400 513.256 17.5547
25.04700 513.444 17.324
25.05000 513.627 17.5412
25.05300 513.805 17.5655
25.05600 513.979 17.9115
25.05900 514.149 18.3063
25.06200 514.313 17.7611
25.06500 514.473 18.4868
25.06800 514.629 17.3999
25.07100 514.779 17.6336
25.07400 514.925 17.9403
25.07700 515.066 18.3587
25.08000 515.204 17.5709
25.08300 515.337 17.9983
25.08600 515.466 17.8515
25.08900 515.592 17.8005
25.09200 515.715 17.6063
25.09500 515.835 17.8401
25.09800 515.954 18.2513
25.10100 516.071 17.6309
25.10400 516.187 17.3605
25.10700 516.303 17.0251
25.11000 516.419 18.2635
25.11300 516.535 17.6199
25.11600 516.652 17.6721
25.11900 516.771 18.1042
25.12200 516.892 17.9838
25.12500 517.015 17.8857
25.12800 517.14 17.8316
25.13100 517.269 18.2422
25.13400 517.4 17.9029
25.13700 517.535 17.8628
25.14000 517.673 17.7751
25.14300 517.815 18.1131
25.14600 517.96 17.5169
25.14900 518.109 17.9547
25.15200 518.262 17.4554
25.15500 518.418 17.0054
25.15800 518.579 17.9692
25.16100 518.743 18.054
25.16400 518.911 17.3344
25.16700 519.083 18.218
25.17000 519.258 18.4053
25.17300 519.438 17.9287
25.17600 519.62 17.923
25.17900 519.807 18.3649
25.18200 519.997 18.1878
25.18500 520.191 18.5888
25.18800 520.387 18.2666
25.19100 520.587 17.9115
25.19400 520.79 17.792
25.19700 520.995 17.9925
25.20000 521.202 18.2879
25.20300 521.411 17.9692
25.20600 521.62 17.86
25.20900 521.83 18.4271
25.21200 522.04 18.0129
25.21500 522.248 18.4932
25.21800 522.454 18.4084
25.22100 522.656 18.2301
25.22400 522.853 18.4396
25.22700 523.043 18.1459
25.23000 523.226 18.4522
25.23300 523.398 17.7109
25.23600 523.558 17.7443
25.23900 523.705 18.6859
25.24200 523.835 17.8543
25.24500 523.948 17.6227
25.24800 524.039 17.4928
25.25100 524.107 17.6391
25.25400 524.15 18.218
25.25700 524.165 18.0569
25.26000 524.15 18.1459
25.26300 524.102 18.0393
25.26600 524.021 18.0716
25.26900 523.903 18.1999
25.27200 523.749 18.5824
25.27500 523.557 17.4369
25.27800 523.327 18.1908
25.28100 523.06 18.6924
25.28400 522.755 17.7583
25.28700 522.416 17.6749
25.29000 522.042 17.8033
25.29300 521.636 18.5472
25.29600 521.2 17.7443
25.29900 520.737 17.7555
25.30200 520.248 17.5872
25.30500 519.737 18.1638
25.30800 519.205 18.2696
25.31100 518.654 17.9029
25.31400 518.088 18.1818
25.31700 517.509 18.6728
25.32000 516.917 17.4078
25.32300 516.316 17.6584
25.32600 515.708 17.9838
25.32900 515.095 18.8746
25.33200 514.478 17.6998
25.33500 513.859 18.3401
25.33800 513.24 17.8685
25.34100 512.622 17.6364
25.34400 512.007 17.686
25.34700 511.397 18.119
25.35000 510.792 17.298
25.35300 510.194 17.5196
25.35600 509.604 17.4342
25.35900 509.023 18.424
25.36200 508.453 17.7165
25.36500 507.895 17.8914
25.36800 507.349 17.9403
25.37100 506.817 17.722
25.37400 506.299 17.9518
25.37700 505.798 17.8005
25.38000 505.313 17.6943
25.38300 504.846 17.8743
25.38600 504.398 17.4369
25.38900 503.97 17.8486
25.39200 503.562 18.0983
25.39500 503.176 17.8486
25.39800 502.813 17.6804
25.40100 502.471 17.6117
25.40400 502.15 17.311
25.40700 501.858 17.6721
25.41000 501.596 17.0847
25.41300 501.362 17.697
25.41600 501.156 17.311
25.41900 500.98 17.7026
25.42200 500.835 17.9259
25.42500 500.722 17.4342
25.42800 500.642 17.5547
25.43100 500.596 17.8429
25.43400 500.584 16.7671
25.43700 500.609 17.9779
25.44000 500.672 17.4901
25.44300 500.772 17.3214
25.44600 500.912 17.5466
25.44900 501.093 17.4342
25.45200 501.316 17.6199
25.45500 501.582 18.3032
25.45800 501.892 17.6804
25.46100 502.248 17.1448
25.46400 502.651 17.8458
25.46700 503.103 17.3058
25.47000 503.605 17.7836
25.47300 504.158 17.4928
25.47600 504.764 16.9687
25.47900 505.424 17.4528
25.48200 506.14 18.2119
25.48500 506.914 18.2331
25.48800 507.748 17.8061
25.49100 508.642 17.8118
25.49400 509.6 17.0424
25.49700 510.622 17.8743
25.50000 511.711 17.7137
25.50300 512.869 17.6915
25.50600 514.097 17.0079
25.50900 515.398 17.5008
25.51200 516.774 17.7388
25.51500 518.226 17.8372
25.51800 519.757 18.0129
25.52100 521.369 18.6761
25.52400 523.064 17.6584
25.52700 524.844 17.6666
25.53000 526.712 17.8828
25.53300 528.669 17.525
25.53600 530.718 18.3897
25.53900 532.86 18.1848
25.54200 535.099 17.9634
25.54500 537.435 18.1818
25.54800 539.872 17.8202
25.55100 542.41 18.0334
25.55400 545.052 18.0746
25.55700 547.799 17.9057
25.56000 550.654 17.8202
25.56300 553.618 17.8714
25.56600 556.693 18.2574
25.56900 559.88 18.6794
25.57200 563.18 18.0953
25.57500 566.595 19.342
25.57800 570.126 18.8211
25.58100 573.774 17.8543
25.58400 577.539 18.4648
25.58700 581.423 18.1818
25.59000 585.425 18.6696
25.59300 589.545 18.2696
25.59600 593.785 18.2301
25.59900 598.143 18.3587
25.60200 602.62 19.1741
25.60500 607.213 18.6274
25.60800 611.924 19.2024
25.61100 616.749 19.5815
25.61400 621.689 19.0866
25.61700 626.74 18.8044
25.62000 631.901 19.984
25.62300 637.169 19.4111
25.62600 642.541 19.838
25.62900 648.015 19.1005
25.63200 653.586 19.6646
25.63500 659.25 20.0805
25.63800 665.003 19.7913
25.64100 670.841 19.7874
25.64400 676.756 19.2521
25.64700 682.745 19.4735
25.65000 688.8 20.0845
25.65300 694.916 20.1578
25.65600 701.083 19.7104
25.65900 707.295 20.6197
25.66200 713.543 20.699
25.66500 719.819 21.0166
25.66800 726.112 20.6153
25.67100 732.414 20.4894
25.67400 738.713 21.2526
25.67700 744.998 20.4465
25.68000 751.257 20.9106
25.68300 757.479 20.2652
25.68600 763.651 21.3007
25.68900 769.759 20.5196
25.69200 775.79 22.5819
25.69500 781.73 21.7597
25.69800 787.564 21.2382
25.70100 793.277 21.2622
25.70400 798.853 21.5967
25.70700 804.279 21.7803
25.71000 809.537 21.853
25.71300 814.612 21.5666
25.71600 819.488 21.937
25.71900 824.151 22.1458
25.72200 828.585 22.3272
25.72500 832.775 21.974
25.72800 836.707 22.6281
25.73100 840.369 22.8755
25.73400 843.749 22.2884
25.73700 846.834 22.6455
25.74000 849.617 22.2113
25.74300 852.086 22.8755
25.74600 854.236 22.6455
25.74900 856.059 22.7273
25.75200 857.551 21.7803
25.75500 858.708 21.7803
25.75800 859.527 23.1994
25.76100 860.007 22.1676
25.76400 860.148 22.5532
25.76700 859.951 22.9476
25.77000 859.42 22.5475
25.77300 858.558 23.1807
25.77600 857.37 22.2387
25.77900 855.863 22.7862
25.78200 854.044 22.5018
25.78500 851.922 22.5417
25.78800 849.506 22.2497
25.79100 846.806 22.6572
25.79400 843.834 22.4337
25.79700 840.6 23.237
25.80000 837.118 22.1079
25.80300 833.4 22.8396
25.80600 829.459 21.8218
25.80900 825.307 22.5532
25.81200 820.959 22.5189
25.81500 816.429 21.9634
25.81800 811.729 22.2277
25.82100 806.873 21.7546
25.82400 801.874 21.7855
25.82700 796.747 22.1458
25.83000 791.503 22.1621
25.83300 786.157 21.7649
25.83600 780.72 21.5816
25.83900 775.206 20.7703
25.84200 769.625 21.627
25.84500 763.991 21.3736
25.84800 758.314 20.9611
25.85100 752.606 20.4167
25.85400 746.877 20.9289
25.85700 741.137 20.3321
25.86000 735.398 21.5116
25.86300 729.668 20.3742
25.86600 723.956 21.1809
25.86900 718.271 20.4894
25.87200 712.622 20.9243
25.87500 707.017 20.6813
25.87800 701.463 19.9363
25.88100 695.967 21.0445
25.88400 690.536 20.3405
25.88700 685.176 19.7104
25.89000 679.894 19.6154
25.89300 674.694 19.7797
25.89600 669.581 19.6875
25.89900 664.562 20.2196
25.90200 659.638 19.6875
25.90500 654.816 19.2879
25.90800 650.098 20.2818
25.91100 645.487 19.3892
25.91400 640.986 19.3095
25.91700 636.598 19.8889
25.92000 632.325 19.3456
25.92300 628.169 19.6989
25.92600 624.13 19.1706
25.92900 620.211 19.4111
25.93200 616.412 19.2664
25.93500 612.733 19.2915
25.93800 609.175 18.1638
25.94100 605.737 19.2557
25.94400 602.419 19.139
25.94700 599.221 19.1882
25.95000 596.141 18.9661
25.95300 593.179 18.2696
25.95600 590.332 18.7153
25.95900 587.6 19.1425
25.96200 584.98 19.1075
25.96500 582.471 19.0658
25.96800 580.07 18.6533
25.97100 577.775 19.245
25.97400 575.583 18.7153
25.97700 573.493 18.2666
25.98000 571.501 20.004
25.98300 569.604 18.4648
25.98600 567.801 18.0275
25.98900 566.088 18.4491
25.99200 564.462 18.4679
25.99500 562.92 17.9115
25.99800 561.46 17.9518
26.00100 560.079 18.8847
26.00400 558.774 18.0894
26.00700 557.542 18.6533
26.01000 556.38 18.6826
26.01300 555.285 17.7977
26.01600 554.255 18.7088
26.01900 553.287 18.3711
26.02200 552.378 18.8612
26.02500 551.526 18.3401
26.02800 550.727 17.9692
26.03100 549.98 18.4616
26.03400 549.281 18.1369
26.03700 548.629 18.3959
26.04000 548.02 18.7284
26.04300 547.452 17.9925
26.04600 546.923 18.2818
26.04900 546.43 17.6501
26.05200 545.971 18.3494
26.05500 545.544 18.0569
26.05800 545.146 18.3124
26.06100 544.776 18.2635
26.06400 544.431 18.0805
26.06700 544.108 18.01
26.07000 543.808 17.9057
26.07300 543.526 17.7695
26.07600 543.262 18.4522
26.07900 543.014 18.4553
26.08200 542.78 18.5567
26.08500 542.559 18.1848
26.08800 542.35 17.2645
26.09100 542.151 18.7581
26.09400 541.962 18.4522
26.09700 541.782 17.8146
26.10000 541.61 18.0687
26.10300 541.446 18.4837
26.10600 541.289 18.0953
26.10900 541.14 17.6998
26.11200 540.998 18.2788
26.11500 540.864 17.8571
26.11800 540.738 17.6227
26.12100 540.62 17.8685
26.12400 540.512 18.3494
26.12700 540.414 18.592
26.13000 540.327 18.1339
26.13300 540.252 17.9983
26.13600 540.189 17.7304
26.13900 540.139 17.5412
26.14200 540.104 18.2119
26.14500 540.084 18.6728
26.14800 540.079 18.0657
26.15100 540.091 18.291
26.15400 540.119 18.1309
26.15700 540.164 18.7284
26.16000 540.227 18.2453
26.16300 540.307 18.3401
26.16600 540.403 18.592
26.16900 540.517 17.371
26.17200 540.646 18.5122
26.17500 540.792 17.88
26.17800 540.952 17.7527
26.18100 541.127 18.0628
26.18400 541.316 18.0012
26.18700 541.518 17.8685
26.19000 541.733 18.949
26.19300 541.963 18.399
26.19600 542.207 18.4302
26.19900 542.467 17.8885
26.20200 542.744 17.8971
26.20500 543.04 18.4021
26.20800 543.356 17.9896
26.21100 543.695 18.0923
26.21400 544.056 18.0422
26.21700 544.443 17.371
26.22000 544.854 17.4714
26.22300 545.293 17.5872
26.22600 545.758 17.8857
26.22900 546.25 17.975
26.23200 546.769 18.0716
26.23500 547.315 17.8571
26.23800 547.887 18.7416
26.24100 548.485 18.5312
26.24400 549.108 18.8144
26.24700 549.755 18.509
26.25000 550.424 18.3309
26.25300 551.114 17.7667
26.25600 551.824 18.5058
26.25900 552.551 17.88
26.26200 553.294 18.8982
26.26500 554.052 17.9838
26.26800 554.822 17.5981
26.27100 555.602 19.0175
26.27400 556.391 18.0363
26.27700 557.185 18.1758
26.28000 557.984 18.3217
26.28300 558.785 18.0598
26.28600 559.586 18.5408
26.28900 560.385 18.4177
26.29200 561.18 18.7449
26.29500 561.969 18.4491
26.29800 562.749 19.1706
26.30100 563.519 18.6598
26.30400 564.277 18.5504
26.30700 565.02 18.8746
26.31000 565.748 18.9695
26.31300 566.457 18.7912
26.31600 567.147 18.334
26.31900 567.815 18.1608
26.32200 568.46 18.3556
26.32500 569.08 19.0485
26.32800 569.674 18.3928
26.33100 570.241 19.2272
26.33400 570.778 18.6339
26.33700 571.285 18.8814
26.34000 571.761 18.119
26.34300 572.204 18.7581
26.34600 572.613 18.4396
26.34900 572.989 18.8948
26.35200 573.329 18.7945
26.35500 573.632 18.4932
26.35800 573.899 18.6177
26.36100 574.128 19.5106
26.36400 574.32 18.8982
26.36700 574.472 18.6242
26.37000 574.585 18.4553
26.37300 574.658 18.2727
26.37600 574.692 18.7317
26.37900 574.684 17.6804
26.38200 574.636 18.3959
26.38500 574.547 18.1101
26.38800 574.416 19.0243
26.39100 574.245 19.132
26.39400 574.032 19.0797
26.39700 573.777 18.3525
26.40000 573.481 19.2414
26.40300 573.144 18.8847
26.40600 572.766 18.5695
26.40900 572.347 18.7055
26.41200 571.889 18.9525
26.41500 571.39 18.8679
26.41800 570.852 18.8579
26.42100 570.276 18.5856
26.42400 569.663 19.3239
26.42700 569.012 18.7449
26.43000 568.326 18.2362
26.43300 567.605 18.6274
26.43600 566.849 18.6598
26.43900 566.062 18.1758
26.44200 565.244 19.3492
26.44500 564.396 18.0041
26.44800 563.519 17.949
26.45100 562.616 18.5185
26.45400 561.687 18.4491
26.45700 560.735 18.1999
26.46000 559.76 18.7088
26.46300 558.764 18.3804
26.46600 557.75 18.5535
26.46900 556.718 17.9779
26.47200 555.671 18.7779
26.47500 554.609 18.9559
26.47800 553.535 18.7945
26.48100 552.45 18.6728
26.48400 551.355 18.8713
26.48700 550.252 18.1908
26.49000 549.143 18.2849
26.49300 548.029 18.3217
26.49600 546.91 18.7317
26.49900 545.789 18.3711
26.50200 544.666 18.7022
26.50500 543.543 18.8612
26.50800 542.421 17.9779
26.51100 541.3 19.0381
26.51400 540.183 18.2392
26.51700 539.069 18.2089
26.52000 537.96 17.8685
26.52300 536.857 18.0775
26.52600 535.76 18.4837
26.52900 534.671 17.6529
26.53200 533.591 18.3186
26.53500 532.52 17.7555
26.53800 531.46 18.1698
26.54100 530.412 18.3094
26.54400 529.376 18.1638
26.54700 528.354 17.5899
26.55000 527.347 18.5567
26.55300 526.356 19.139
26.55600 525.382 17.9721
26.55900 524.427 17.4741
26.56200 523.491 18.3587
26.56500 522.576 18.0894
26.56800 521.682 17.3814
26.57100 520.811 17.7054
26.57400 519.965 17.8146
26.57700 519.143 18.0598
26.58000 518.347 17.8146
26.58300 517.577 18.5599
26.58600 516.836 17.6172
26.58900 516.123 17.4741
26.59200 515.44 18.6145
26.59500 514.786 17.7836
26.59800 514.164 17.1147
26.60100 513.573 17.7304
26.60400 513.014 17.6419
26.60700 512.489 17.8344
26.61000 511.996 17.2568
26.61300 511.538 18.6177
26.61600 511.115 17.6336
26.61900 510.726 17.7555
26.62200 510.373 18.0041
26.62500 510.057 17.9925
26.62800 509.777 18.125
26.63100 509.534 17.7639
26.63400 509.329 18.224
26.63700 509.162 17.6915
26.64000 509.033 17.5628
26.64300 508.945 18.3032
26.64600 508.895 17.1197
26.64900 508.887 18.1012
26.65200 508.92 17.949
26.65500 508.994 18.2879
26.65800 509.112 17.7276
26.66100 509.273 17.6446
26.66400 509.478 17.4263
26.66700 509.729 18.3063
26.67000 510.026 18.1489
26.67300 510.372 18.5408
26.67600 510.766 17.8685
26.67900 511.21 18.1548
26.68200 511.707 18.4522
26.68500 512.256 17.7555
26.68800 512.861 17.8005
26.69100 513.523 18.4963
26.69400 514.244 18.1131
26.69700 515.026 17.9432
26.70000 515.872 18.2271
26.70300 516.783 18.1489
26.70600 517.763 18.2818
26.70900 518.815 17.8061
26.71200 519.941 17.3292
26.71500 521.144 18.1758
26.71800 522.428 18.0305
26.72100 523.797 17.8714
26.72400 525.253 17.686
26.72700 526.802 17.923
26.73000 528.447 17.7583
26.73300 530.193 18.4084
26.73600 532.045 18.6566
26.73900 534.006 18.4553
26.74200 536.083 18.4585
26.74500 538.28 18.1939
26.74800 540.604 18.2574
26.75100 543.059 18.8646
26.75400 545.653 19.125
26.75700 548.391 17.9403
26.76000 551.279 17.9983
26.76300 554.325 18.8814
26.76600 557.535 18.735
26.76900 560.918 18.3866
26.77200 564.479 18.218
26.77500 568.227 19.2059
26.77800 572.169 18.6404
26.78100 576.314 19.4441
26.78400 580.67 18.9287
26.78700 585.246 19.4331
26.79000 590.05 19.0003
26.79300 595.09 19.6646
26.79600 600.376 18.8612
26.79900 605.917 19.6913
26.80200 611.722 19.6494
26.80500 617.8 19.7565
26.80800 624.161 20.0643
26.81100 630.814 19.3167
26.81400 637.767 20.0805
26.81700 645.031 19.6419
26.82000 652.615 19.5928
26.82300 660.528 19.9205
26.82600 668.779 21.1383
26.82900 677.376 19.7758
26.83200 686.329 20.6021
26.83500 695.647 20.1989
26.83800 705.336 20.8333
26.84100 715.405 20.6857
26.84400 725.862 21.2862
26.84700 736.713 20.9749
26.85000 747.965 21.6068
26.85300 759.625 21.5465
26.85600 771.696 21.7597
26.85900 784.185 21.5265
26.86200 797.096 21.8739
26.86500 810.431 22.7097
26.86800 824.194 22.2167
26.87100 838.387 21.3882
26.87400 853.009 23.1063
26.87700 868.061 22.4507
26.88000 883.543 22.5877
26.88300 899.451 23.7893
26.88600 915.782 23.8705
26.88900 932.532 20.9749
26.89200 949.695 22.5246
26.89500 967.264 23.1932
26.89800 985.232 23.1187
26.90100 1003.59 23.9801
26.90400 1022.32 23.7223
26.90700 1041.42 24.412
26.91000 1060.86 24.8759
26.91300 1080.64 24.7993
26.91600 1100.74 24.544
26.91900 1121.14 24.8452
26.92200 1141.82 25.4493
26.92500 1162.75 25.6495
26.92800 1183.92 26.1533
26.93100 1205.29 26.5466
26.93400 1226.84 26.2251
26.93700 1248.55 25.8113
26.94000 1270.38 26.1802
26.94300 1292.29 27.1864
26.94600 1314.26 27.1363
26.94900 1336.26 27.7137
26.95200 1358.23 27.8964
26.95500 1380.15 28.3069
26.95800 1401.98 27.9946
26.96100 1423.67 29.3231
26.96400 1445.18 29.5269
26.96700 1466.47 29.4756
26.97000 1487.48 29.8275
26.97300 1508.18 30.0828
26.97600 1528.52 30.2752
26.97900 1548.44 30.4572
26.98200 1567.91 30.2061
26.98500 1586.85 30.8901
26.98800 1605.24 31.1588
26.99100 1623.01 31.9601
26.99400 1640.11 31.5912
26.99700 1656.5 31.6703
27.00000 1672.12 31.6386
27.00300 1686.92 31.7181
27.00600 1700.86 32.2078
27.00900 1713.88 31.3882
27.01200 1725.95 32.1081
27.01500 1737.02 32.4272
27.01800 1747.04 32.1745
27.02100 1755.99 32.4443
27.02400 1763.82 32.7561
27.02700 1770.51 32.53
27.03000 1776.02 32.0421
27.03300 1780.34 32.8798
27.03600 1783.45 33.7292
27.03900 1785.34 32.1246
27.04200 1786 33.2779
27.04500 1785.42 32.2413
27.04800 1783.6 32.8266
27.05100 1780.57 33.4825
27.05400 1776.32 32.2245
27.05700 1770.88 32.721
27.06000 1764.27 32.1911
27.06300 1756.51 32.9332
27.06600 1747.64 32.8976
27.06900 1737.69 31.75
27.07200 1726.71 32.5128
27.07500 1714.72 31.9275
27.07800 1701.78 32.1246
27.08100 1687.93 31.2043
27.08400 1673.23 31.7021
27.08700 1657.71 31.3728
27.09000 1641.43 30.8167
27.09300 1624.45 30.6714
27.09600 1606.81 30.9789
27.09900 1588.56 30.846
27.10200 1569.76 30.317
27.10500 1550.47 30.3869
27.10800 1530.72 29.9476
27.11100 1510.57 29.6435
27.11400 1490.07 28.7956
27.11700 1469.27 29.3864
27.12000 1448.22 30.0015
27.12300 1426.95 28.5948
27.12600 1405.52 29.2979
27.12900 1383.97 28.5133
27.13200 1362.34 27.735
27.13500 1340.67 27.8856
27.13800 1319 28.0166
27.14100 1297.36 27.0172
27.14400 1275.8 27.2772
27.14700 1254.34 27.3485
27.15000 1233.01 27.5241
27.15300 1211.86 26.688
27.15600 1190.9 26.9975
27.15900 1170.16 26.6123
27.16200 1149.67 26.5747
27.16500 1129.45 25.95
27.16800 1109.53 25.1101
27.17100 1089.92 25.0943
27.17400 1070.65 25.5238
27.17700 1051.72 25.047
27.18000 1033.17 24.7993
27.18300 1015 24.4339
27.18600 997.216 24.0702
27.18900 979.844 23.4404
27.19200 962.889 23.9801
27.19500 946.358 23.3126
27.19800 930.261 23.3635
27.20100 914.604 22.8515
27.20400 899.39 22.3943
27.20700 884.626 22.7331
27.21000 870.313 23.0083
27.21300 856.453 22.804
27.21600 843.048 22.5475
27.21900 830.098 22.0809
27.22200 817.601 22.5475
27.22500 805.556 22.0006
27.22800 793.96 22.663
27.23100 782.812 21.5515
27.23400 772.106 21.3882
27.23700 761.838 21.5917
27.24000 752.004 20.9565
27.24300 742.598 20.8696
27.24600 733.615 21.0027
27.24900 725.048 21.1147
27.25200 716.891 20.6416
27.25500 709.136 20.8787
27.25800 701.777 20.9427
27.26100 694.806 20.3069
27.26400 688.216 20.5978
27.26700 681.998 20.1866
27.27000 676.145 19.745
27.27300 670.649 20.4465
27.27600 665.502 20.4551
27.27900 660.695 20.3195
27.28200 656.22 20.2196
27.28500 652.068 19.7913
27.28800 648.232 19.9284
27.29100 644.703 20.1374
27.29400 641.472 19.6913
27.29700 638.532 20.1089
27.30000 635.873 19.2343
27.30300 633.488 19.6305
27.30600 631.368 19.5853
27.30900 629.505 19.0175
27.31200 627.891 19.3275
27.31500 626.517 19.3167
27.31800 625.376 19.1565
27.32100 624.459 18.7449
27.32400 623.758 18.9084
27.32700 623.265 18.7978
27.33000 622.972 19.2024
27.33300 622.871 19.0797
27.33600 622.954 19.0727
27.33900 623.214 19.1075
27.34200 623.641 19.1741
27.34500 624.228 18.8679
27.34800 624.967 19.3637
27.35100 625.851 19.3746
27.35400 626.87 19.1918
27.35700 628.017 19.3965
27.36000 629.284 18.9763
27.36300 630.663 18.6696
27.36600 632.145 18.99
27.36900 633.722 18.6859
27.37200 635.386 19.0762
27.37500 637.129 19.0209
27.37800 638.942 18.7978
27.38100 640.817 18.949
27.38400 642.744 19.1565
27.38700 644.717 19.2629
27.39000 646.725 19.4994
27.39300 648.761 18.7219
27.39600 650.814 19.4957
27.39900 652.878 18.9219
27.40200 654.941 19.342
27.40500 656.996 19.3928
27.40800 659.034 19.4147
27.41100 661.045 19.6532
27.41400 663.021 19.2308
27.41700 664.952 19.8107
27.42000 666.829 19.3239
27.42300 668.644 19.6229
27.42600 670.388 19.7913
27.42900 672.052 19.4957
27.43200 673.627 19.4404
27.43500 675.106 19.6913
27.43800 676.48 19.7028
27.44100 677.742 19.6722
27.44400 678.884 19.8458
27.44700 679.9 19.3347
27.45000 680.783 19.2987
27.45300 681.528 18.7647
27.45600 682.129 20.1089
27.45900 682.581 19.3965
27.46200 682.882 19.3383
27.46500 683.027 19.6116
27.46800 683.014 19.6078
27.47100 682.842 19.6305
27.47400 682.51 19.4221
27.47700 682.017 19.2807
27.48000 681.364 19.6989
27.48300 680.553 19.3131
27.48600 679.586 19.984
27.48900 678.465 19.8615
27.49200 677.193 19.9403
27.49500 675.776 19.4625
27.49800 674.217 19.0381
27.50100 672.522 18.9287
27.50400 670.696 19.2024
27.50700 668.745 19.16
27.51000 666.675 19.676
27.51300 664.492 19.3965
27.51600 662.204 19.4551
27.51900 659.816 19.4038
27.52200 657.337 18.99
27.52500 654.772 18.9627
27.52800 652.129 19.4957
27.53100 649.415 19.4404
27.53400 646.637 19.2095
27.53700 643.801 18.9016
27.54000 640.915 19.5853
27.54300 637.984 19.0866
27.54600 635.016 18.7945
27.54900 632.016 19.0936
27.55200 628.991 18.9355
27.55500 625.947 19.118
27.55800 622.889 18.7647
27.56100 619.823 18.6404
27.56400 616.755 18.8512
27.56700 613.688 18.99
27.57000 610.63 18.4522
27.57300 607.583 18.621
27.57600 604.553 18.9559
27.57900 601.543 18.5535
27.58200 598.558 18.5888
27.58500 595.602 19.213
27.58800 592.678 18.119
27.59100 589.789 18.2331
27.59400 586.938 18.4932
27.59700 584.129 18.221
27.60000 581.363 18.7251
27.60300 578.644 18.7845
27.60600 575.974 18.0628
27.60900 573.354 17.8828
27.61200 570.786 18.1489
27.61500 568.272 17.8486
27.61800 565.814 17.6227
27.62100 563.412 18.5663
27.62400 561.068 18.3494
27.62700 558.783 17.7555
27.63000 556.557 17.8885
27.63300 554.391 17.9808
27.63600 552.285 17.9518
27.63900 550.241 17.2337
27.64200 548.257 17.337
27.64500 546.334 18.1578
27.64800 544.473 17.4767
27.65100 542.673 17.6777
27.65400 540.934 17.6832
27.65700 539.255 17.9461
27.66000 537.638 17.5412
27.66300 536.08 17.7808
27.66600 534.582 17.1071
27.66900 533.143 17.8543
27.67200 531.763 17.4051
27.67500 530.442 17.3553
27.67800 529.177 16.8097
27.68100 527.97 17.2056
27.68400 526.819 17.1297
27.68700 525.723 16.9321
27.69000 524.682 16.9297
27.69300 523.695 17.6036
27.69600 522.76 17.8146
27.69900 521.878 17.4157
27.70200 521.047 17.1853
27.70500 520.265 17.2619
27.70800 519.533 17.0054
27.71100 518.848 17.0822
27.71400 518.211 17.1322
27.71700 517.62 17.8971
27.72000 517.073 17.3396
27.72300 516.569 17.5493
27.72600 516.108 16.8168
27.72900 515.688 17.3162
27.73200 515.308 17.0996
27.73500 514.966 16.7765
27.73800 514.661 17.3448
27.74100 514.393 17.392
27.74400 514.159 16.8026
27.74700 513.959 17.16
27.75000 513.792 17.4848
27.75300 513.656 17.0227
27.75600 513.55 17.5277
27.75900 513.474 17.2929
27.76200 513.426 17.3736
27.76500 513.406 16.7553
27.76800 513.415 17.5358
27.77100 513.45 17.2593
27.77400 513.512 17.2825
27.77700 513.6 16.5385
27.78000 513.72 17.2825
27.78300 513.86 17.2696
27.78600 514.027 16.8478
27.78900 514.219 18.0864
27.79200 514.437 17.5385
27.79500 514.68 16.7718
27.79800 514.949 17.1549
27.80100 515.243 16.8502
27.80400 515.563 17.2851
27.80700 515.909 17.2056
27.81000 516.28 17.0722
27.81300 516.676 16.891
27.81600 517.097 17.8146
27.81900 517.544 17.5628
27.82200 518.017 17.198
27.82500 518.515 16.6321
27.82800 519.039 17.5547
27.83100 519.589 17.9576
27.83400 520.164 17.6584
27.83700 520.766 17.3605
27.84000 521.394 17.7109
27.84300 522.049 17.3396
27.84600 522.731 17.8061
27.84900 523.441 16.891
27.85200 524.179 17.778
27.85500 524.946 16.9956
27.85800 525.742 17.7276
27.86100 526.568 17.9954
27.86400 527.425 17.9057
27.86700 528.313 17.9721
27.87000 529.235 17.4183
27.87300 530.191 17.165
27.87600 531.182 17.7054
27.87900 532.211 17.1272
27.88200 533.277 17.1827
27.88500 534.383 17.5655
27.88800 535.532 17.4981
27.89100 536.723 18.0716
27.89400 537.961 17.8571
27.89700 539.246 17.6915
27.90000 540.582 17.7836
27.90300 541.97 17.2005
27.90600 543.413 17.7471
27.90900 544.913 17.2465
27.91200 546.474 18.0953
27.91500 548.099 17.8458
27.91800 549.789 17.7723
27.92100 551.549 18.2362
27.92400 553.381 18.0451
27.92700 555.289 18.1638
27.93000 557.276 18.4585
27.93300 559.344 18.4177
27.93600 561.499 18.0569
27.93900 563.742 18.0716
27.94200 566.079 18.119
27.94500 568.511 18.2119
27.94800 571.043 18.1042
27.95100 573.678 18.8378
27.95400 576.421 18.3032
27.95700 579.273 18.3649
27.96000 582.24 18.5727
27.96300 585.325 19.4221
27.96600 588.531 18.6598
27.96900 591.862 18.7251
27.97200 595.321 18.6631
27.97500 598.912 17.8458
27.97800 602.638 18.4491
27.98100 606.503 18.6957
27.98400 610.509 18.5408
27.98700 614.66 19.6722
27.99000 618.959 19.2664
27.99300 623.409 19.3892
27.99600 628.012 19.4662
27.99900 632.771 18.5791
28.00200 637.689 18.7647
28.00500 642.768 19.4001
28.00800 648.009 19.342
28.01100 653.416 20.2113
28.01400 658.989 19.9681
28.01700 664.73 19.4331
28.02000 670.641 19.6951
28.02300 676.722 19.6003
28.02600 682.973 20.024
28.02900 689.397 19.0866
28.03200 695.991 19.8968
28.03500 702.757 20.3489
28.03800 709.695 20.498
28.04100 716.802 20.6328
28.04400 724.078 20.016
28.04700 731.522 20.0401
28.05000 739.132 20.6901
28.05300 746.906 20.4937
28.05600 754.84 20.5586
28.05900 762.933 21.0959
28.06200 771.18 21.5166
28.06500 779.578 21.3104
28.06800 788.123 21.5116
28.07100 796.81 20.9427
28.07400 805.635 21.1857
28.07700 814.591 21.6169
28.08000 823.672 22.3161
28.08300 832.873 21.8218
28.08600 842.187 22.1241
28.08900 851.605 22.3999
28.09200 861.121 22.6805
28.09500 870.726 22.462
28.09800 880.411 22.4055
28.10100 890.168 22.3775
28.10400 899.985 22.5132
28.10700 909.854 22.8635
28.11000 919.764 22.7038
28.11300 929.703 23.7624
28.11600 939.66 23.281
28.11900 949.622 23.603
28.12200 959.578 23.9732
28.12500 969.514 23.6294
28.12800 979.416 24.0842
28.13100 989.272 23.8705
28.13400 999.066 23.823
28.13700 1008.78 24.318
28.14000 1018.41 23.9663
28.14300 1027.93 24.6482
28.14600 1037.33 24.5366
28.14900 1046.58 24.8991
28.15200 1055.69 24.93
28.15500 1064.62 24.9377
28.15800 1073.36 24.4704
28.16100 1081.89 24.7385
28.16400 1090.21 25.3185
28.16700 1098.28 25.8717
28.17000 1106.09 25.4164
28.17300 1113.62 25.4824
28.17600 1120.87 25.3673
28.17900 1127.8 25
28.18200 1134.41 26.5186
28.18500 1140.67 25.7599
28.18800 1146.57 25.8285
28.19100 1152.1 26.5466
28.19400 1157.24 26.0732
28.19700 1161.97 25.9064
28.20000 1166.29 25.9938
28.20300 1170.18 26.0378
28.20600 1173.62 25.8371
28.20900 1176.61 26.0998
28.21200 1179.15 26.4443
28.21500 1181.21 25.9762
28.21800 1182.8 26.2071
28.22100 1183.9 25.9938
28.22400 1184.52 26.7548
28.22700 1184.66 27.0369
28.23000 1184.3 25.8113
28.23300 1183.46 26.2432
28.23600 1182.13 25.8457
28.23900 1180.32 26.1981
28.24200 1178.04 27.369
28.24500 1175.28 26.2522
28.24800 1172.06 26.2342
28.25100 1168.38 25.9412
28.25400 1164.26 26.4074
28.25700 1159.71 26.556
28.26000 1154.74 26.8317
28.26300 1149.36 26.688
28.26600 1143.58 26.1443
28.26900 1137.43 25.5488
28.27200 1130.91 25.5321
28.27500 1124.05 25.95
28.27800 1116.86 25.2458
28.28100 1109.35 26.1354
28.28400 1101.55 25.1737
28.28700 1093.46 25.4329
28.29000 1085.12 24.4048
28.29300 1076.53 25
28.29600 1067.72 25.5571
28.29900 1058.7 24.9145
28.30200 1049.48 24.5366
28.30500 1040.09 24.3685
28.30800 1030.55 24.4778
28.31100 1020.86 24.4704
28.31400 1011.05 24.4193
28.31700 1001.13 24.0772
28.32000 991.116 23.0817
28.32300 981.028 23.4985
28.32600 970.878 24.0563
28.32900 960.681 23.051
28.33200 950.451 23.6956
28.33500 940.202 22.8635
28.33800 929.948 22.7567
28.34100 919.701 23.492
28.34400 909.473 22.6166
28.34700 899.278 22.6746
28.35000 889.126 22.3439
28.35300 879.028 22.5075
28.35600 868.995 23.1994
28.35900 859.037 22.8158
28.36200 849.164 22.7626
28.36500 839.385 22.3217
28.36800 829.709 21.8896
28.37100 820.143 22.1404
28.37400 810.696 21.6219
28.37700 801.375 21.77
28.38000 792.187 21.801
28.38300 783.137 21.4571
28.38600 774.232 21.0725
28.38900 765.478 20.9657
28.39200 756.878 21.0212
28.39500 748.438 20.7123
28.39800 740.162 21.2095
28.40100 732.053 20.1538
28.40400 724.115 20.2072
28.40700 716.35 21.2095
28.41000 708.761 20.2361
28.41300 701.349 20.9519
28.41600 694.117 20.1989
28.41900 687.066 19.6154
28.42200 680.196 19.4514
28.42500 673.508 19.9363
28.42800 667.003 19.125
28.43100 660.679 19.8263
28.43400 654.538 19.1882
28.43700 648.577 19.8497
28.44000 642.795 19.4441
28.44300 637.192 19.3601
28.44600 631.766 19.1988
28.44900 626.514 19.0936
28.45200 621.435 19.2343
28.45500 616.526 19.2772
28.45800 611.784 19.1215
28.46100 607.206 19.2414
28.46400 602.789 19.2059
28.46700 598.53 18.6761
28.47000 594.424 19.5366
28.47300 590.469 19.5217
28.47600 586.661 18.5727
28.47900 582.995 18.6113
28.48200 579.467 18.4837
28.48500 576.073 18.122
28.48800 572.808 18.7088
28.49100 569.669 17.6832
28.49400 566.65 18.01
28.49700 563.749 17.86
28.50000 560.959 17.8146
28.50300 558.278 18.4053
28.50600 555.701 17.9172
28.50900 553.224 18.6826
28.51200 550.844 17.6309
28.51500 548.557 18.0451
28.51800 546.361 18.0894
28.52100 544.251 17.8202
28.52400 542.225 17.8344
28.52700 540.281 18.1878
28.53000 538.416 17.6199
28.53300 536.628 17.4794
28.53600 534.915 17.0697
28.53900 533.275 18.3649
28.54200 531.705 18.221
28.54500 530.205 17.778
28.54800 528.771 18.128
28.55100 527.403 17.923
28.55400 526.099 18.01
28.55700 524.857 17.7723
28.56000 523.675 17.7527
28.56300 522.553 17.6063
28.56600 521.487 17.9172
28.56900 520.477 16.8311
28.57200 519.521 17.3762
28.57500 518.617 17.7499
28.57800 517.765 17.5439
28.58100 516.961 17.6474
28.58400 516.205 17.2954
28.58700 515.496 16.8814
28.59000 514.831 17.1574
28.59300 514.209 17.7443
28.59600 513.628 17.16
28.59900 513.088 17.3788
28.60200 512.587 17.5845
28.60500 512.122 17.4714
28.60800 511.693 17.2235
28.61100 511.298 16.662
28.61400 510.936 17.0128
28.61700 510.606 17.1929
28.62000 510.305 17.0424
28.62300 510.033 17.8005
28.62600 509.788 17.1096
28.62900 509.57 17.3657
28.63200 509.376 17.3841
28.63500 509.205 16.8478
28.63800 509.056 17.0996
28.64100 508.929 16.9007
28.64400 508.821 16.954
28.64700 508.732 16.6852
28.65000 508.661 17.4289
28.65300 508.606 17.3396
28.65600 508.566 17.7723
28.65900 508.541 17.2516
28.66200 508.53 17.3631
28.66500 508.531 18.2483
28.66800 508.543 17.2516
28.67100 508.567 17.2491
28.67400 508.6 17.5574
28.67700 508.642 17.0697
28.68000 508.693 18.0628
28.68300 508.752 17.0996
28.68600 508.818 17.1954
28.68900 508.89 17.4821
28.69200 508.968 17.1398
28.69500 509.052 16.9031
28.69800 509.141 17.311
28.70100 509.234 17.3032
28.70400 509.331 17.6804
28.70700 509.431 16.9931
28.71000 509.536 17.1524
28.71300 509.643 17.2082
28.71600 509.754 17.2082
28.71900 509.868 16.7718
28.72200 509.985 17.1827
28.72500 510.104 17.4767
28.72800 510.227 17.3553
28.73100 510.353 17.5574
28.73400 510.482 17.6036
28.73700 510.614 17.6145
28.74000 510.75 16.9443
28.74300 510.891 16.4399
28.74600 511.036 17.1929
28.74900 511.185 17.1473
28.75200 511.341 16.6528
28.75500 511.501 17.4955
28.75800 511.669 17.0772
28.76100 511.843 17.3396
28.76400 512.025 16.9589
28.76700 512.215 17.3999
28.77000 512.414 17.4025
28.77300 512.623 16.8598
28.77600 512.842 17.6639
28.77900 513.072 17.3136
28.78200 513.313 17.311
28.78500 513.568 17.4104
28.78800 513.835 17.4236
28.79100 514.117 17.4741
28.79400 514.414 17.5791
28.79700 514.726 17.3344
28.80000 515.056 17.324
28.80300 515.403 17.6721
28.80600 515.768 17.0896
28.80900 516.153 17.1675
28.81200 516.559 17.5954
28.81500 516.985 17.8914
28.81800 517.434 17.0079
28.82100 517.906 16.8598
28.82400 518.403 17.2184
28.82700 518.925 17.421
28.83000 519.473 17.8174
28.83300 520.05 17.311
28.83600 520.655 17.2465
28.83900 521.29 17.2235
28.84200 521.956 17.4848
28.84500 522.655 17.8372
28.84800 523.388 17.2107
28.85100 524.155 17.5736
28.85400 524.959 17.7695
28.85700 525.801 17.1322
28.86000 526.682 17.3162
28.86300 527.603 17.8486
28.86600 528.567 17.0747
28.86900 529.573 17.4078
28.87200 530.624 17.421
28.87500 531.72 16.7907
28.87800 532.864 17.8714
28.88100 534.056 17.3657
28.88400 535.298 17.3058
28.88700 536.591 17.88
28.89000 537.937 17.9144
28.89300 539.336 17.8885
28.89600 540.79 17.9867
28.89900 542.3 17.9779
28.90200 543.868 17.6832
28.90500 545.494 17.6117
28.90800 547.179 17.4874
28.91100 548.925 17.8943
28.91400 550.733 17.5089
28.91700 552.604 18.051
28.92000 554.539 17.9029
28.92300 556.539 18.01
28.92600 558.605 17.9172
28.92900 560.737 18.1818
28.93200 562.937 18.221
28.93500 565.206 17.9057
28.93800 567.544 17.923
28.94100 569.953 18.3773
28.94400 572.432 18.4115
28.94700 574.983 17.722
28.95000 577.605 18.4868
28.95300 580.3 18.0481
28.95600 583.068 17.9547
28.95900 585.91 18.1309
28.96200 588.824 18.6145
28.96500 591.812 18.6274
28.96800 594.874 18.0569
28.97100 598.009 18.509
28.97400 601.217 18.7614
28.97700 604.497 18.7713
28.98000 607.85 18.3094
28.98300 611.274 18.4177
28.98600 614.769 19.0209
28.98900 618.333 18.3618
28.99200 621.966 17.371
28.99500 625.667 18.0305
28.99800 629.433 18.6404
29.00100 633.263 18.7614
29.00400 637.156 18.2301
29.00700 641.109 17.8828
29.01000 645.121 18.1578
29.01300 649.188 18.2483
29.01600 653.31 18.2483
29.01900 657.482 18.4742
29.02200 661.702 18.8445
29.02500 665.968 18.8378
29.02800 670.276 18.9355
29.03100 674.622 19.7296
29.03400 679.004 19.3565
29.03700 683.417 19.5254
29.04000 687.857 19.0623
29.04300 692.321 19.4184
29.04600 696.805 19.045
29.04900 701.303 19.6532
29.05200 705.812 20.1252
29.05500 710.326 19.8068
29.05800 714.842 19.7642
29.06100 719.353 20.1211
29.06400 723.856 19.6913
29.06700 728.344 20.012
29.07000 732.813 20.6328
29.07300 737.258 20.2693
29.07600 741.672 20.3363
29.07900 746.052 20.498
29.08200 750.39 20.1743
29.08500 754.684 20.6284
29.08800 758.926 20.7614
29.09100 763.112 20.6416
29.09400 767.237 20.0321
29.09700 771.296 20.5716
29.10000 775.285 20.5023
29.10300 779.2 20.2361
29.10600 783.035 20.3195
29.10900 786.788 20.2154
29.11200 790.454 20.9888
29.11500 794.032 20.7973
29.11800 797.517 20.8333
29.12100 800.908 20.7524
29.12400 804.203 20.8832
29.12700 807.4 21.11
29.13000 810.497 20.7658
29.13300 813.494 21.9581
29.13600 816.391 21.1336
29.13900 819.186 20.9611
29.14200 821.882 20.9289
29.14500 824.477 21.3638
29.14800 826.974 21.3056
29.15100 829.373 21.4669
29.15400 831.675 21.1336
29.15700 833.883 20.9427
29.16000 835.997 21.219
29.16300 838.02 21.801
29.16600 839.953 20.5586
29.16900 841.8 21.6118
29.17200 843.561 21.8635
29.17500 845.24 21.3395
29.17800 846.837 21.7443
29.18100 848.354 21.2526
29.18400 849.794 20.8832
29.18700 851.158 21.2911
29.19000 852.447 21.0678
29.19300 853.663 21.3638
29.19600 854.807 21.8949
29.19900 855.879 22.2497
29.20200 856.881 21.974
29.20500 857.812 21.0959
29.20800 858.673 21.9159
29.21100 859.464 21.1572
29.21400 860.184 21.734
29.21700 860.832 21.3638
29.22000 861.407 22.0433
29.22300 861.909 21.9847
29.22600 862.336 21.7597
29.22900 862.686 21.4226
29.23200 862.957 21.7855
29.23500 863.147 21.8374
29.23800 863.254 21.3056
29.24100 863.275 22.2222
29.24400 863.207 21.9423
29.24700 863.048 22.3663
29.25000 862.794 22.3439
29.25300 862.443 22.0326
29.25600 861.99 21.7135
29.25900 861.434 22.0971
29.26200 860.771 22.4677
29.26500 859.997 21.5515
29.26800 859.111 22.2442
29.27100 858.107 22.1621
29.27400 856.985 21.4226
29.27700 855.741 21.5766
29.28000 854.372 21.9529
29.28300 852.878 21.7084
29.28600 851.254 21.243
29.28900 849.501 21.3882
29.29200 847.617 21.7135
29.29500 845.6 21.693
29.29800 843.451 21.6879
29.30100 841.169 21.8582
29.30400 838.754 22.0059
29.30700 836.207 21.5066
29.31000 833.53 21.7033
29.31300 830.723 22.3495
29.31600 827.789 21.1952
29.31900 824.73 21.5816
29.32200 821.549 21.4669
29.32500 818.249 21.0772
29.32800 814.833 21.1857
29.33100 811.305 21.5465
29.33400 807.669 21.6574
29.33700 803.929 20.7614
29.34000 800.091 20.37
29.34300 796.158 21.2911
29.34600 792.137 21.2286
29.34900 788.031 21.1383
29.35200 783.846 21.3395
29.35500 779.588 20.5629
29.35800 775.261 20.016
29.36100 770.871 20.668
29.36400 766.424 20.9703
29.36700 761.925 20.8018
29.37000 757.379 20.5023
29.37300 752.792 20.4465
29.37600 748.168 20.008
29.37900 743.513 20.2444
29.38200 738.831 20.1456
29.38500 734.129 20.0522
29.38800 729.41 19.9641
29.39100 724.679 20.2693
29.39400 719.941 19.9165
29.39700 715.199 19.5628
29.40000 710.459 19.4441
29.40300 705.725 19.3383
29.40600 701 18.9661
29.40900 696.289 19.1812
29.41200 691.594 19.2772
29.41500 686.92 19.1075
29.41800 682.27 19.4588
29.42100 677.648 19.7836
29.42400 673.057 19.245
29.42700 668.499 19.0936
29.43000 663.978 18.1999
29.43300 659.496 18.6631
29.43600 655.057 19.1565
29.43900 650.663 19.3456
29.44200 646.316 18.8814
29.44500 642.019 19.2951
29.44800 637.775 18.8044
29.45100 633.585 18.5058
29.45400 629.451 18.6663
29.45700 625.376 18.5312
29.46000 621.36 18.4742
29.46300 617.407 18.2483
29.46600 613.518 18.2271
29.46900 609.693 18.0983
29.47200 605.936 18.7284
29.47500 602.246 18.5344
29.47800 598.625 18.0012
29.48100 595.074 18.6989
29.48400 591.593 18.0481
29.48700 588.185 17.7583
29.49000 584.85 18.399
29.49300 581.587 18.3618
29.49600 578.398 17.736
29.49900 575.284 17.3162
29.50200 572.243 17.5062
29.50500 569.277 17.311
29.50800 566.386 17.4528
29.51100 563.569 18.0334
29.51400 560.826 17.7054
29.51700 558.158 17.8543
29.52000 555.564 17.4687
29.52300 553.043 17.778
29.52600 550.594 17.5358
29.52900 548.219 17.6309
29.53200 545.915 17.0598
29.53500 543.682 17.0449
29.53800 541.519 16.9176
29.54100 539.425 17.2133
29.54400 537.4 16.7248
29.54700 535.442 16.0231
29.55000 533.551 16.8766
29.55300 531.725 17.0573
29.55600 529.963 17.3058
29.55900 528.264 17.4157
29.56200 526.627 17.4078
29.56500 525.05 16.6022
29.56800 523.533 16.9711
29.57100 522.073 16.2693
29.57400 520.67 17.4501
29.57700 519.323 16.3408
29.58000 518.029 16.4155
29.58300 516.788 16.498
29.58600 515.598 16.4644
29.58900 514.458 16.5092
29.59200 513.366 17.1046
29.59500 512.321 16.4067
29.59800 511.322 16.6736
29.60100 510.367 16.5227
29.60400 509.454 16.2974
29.60700 508.583 16.6713
29.61000 507.752 16.489
29.61300 506.959 17.1272
29.61600 506.204 16.2457
29.61900 505.484 16.8622
29.62200 504.799 16.4622
29.62500 504.147 16.4532
29.62800 503.526 16.4332
29.63100 502.937 17.2082
29.63400 502.376 16.7178
29.63700 501.843 16.0768
29.64000 501.338 16.2051
29.64300 500.857 16.3234
29.64600 500.401 16.4532
29.64900 499.968 16.1754
29.65200 499.557 16.6644
29.65500 499.167 17.0996
29.65800 498.797 16.498
29.66100 498.446 16.1501
29.66400 498.112 15.7877
29.66700 497.795 15.9903
29.67000 497.493 16.3474
29.67300 497.206 16.9346
29.67600 496.933 16.4288
29.67900 496.673 16.4399
29.68200 496.425 16.2051
29.68500 496.188 15.9212
29.68800 495.962 16.2909
29.69100 495.745 16.5771
29.69400 495.537 16.3104
29.69700 495.337 16.1123
29.70000 495.145 15.8292
29.70300 494.959 16.9931
29.70600 494.779 16.48
29.70900 494.605 16.3715
29.71200 494.436 17.3162
29.71500 494.272 16.8958
29.71800 494.111 15.887
29.72100 493.953 16.8814
29.72400 493.799 16.0149
29.72700 493.647 16.0354
29.73000 493.496 16.0768
29.73300 493.348 16.3386
29.73600 493.201 16.4177
29.73900 493.054 16.1775
29.74200 492.908 16.3299
29.74500 492.763 16.1479
29.74800 492.617 16.2909
29.75100 492.471 16.3082
29.75400 492.324 16.3605
29.75700 492.177 15.8411
29.76000 492.028 16.568
29.76300 491.878 16.1206
29.76600 491.727 16.2521
29.76900 491.575 16.7412
29.77200 491.42 16.2801
29.77500 491.264 16.937
29.77800 491.106 16.186
29.78100 490.946 16.3125
29.78400 490.784 16.2801
29.78700 490.62 16.7342
29.79000 490.454 16.7718
29.79300 490.286 16.4332
29.79600 490.116 16.3125
29.79900 489.944 16.1501
29.80200 489.77 16.8002
29.80500 489.595 16.6899
29.80800 489.418 16.1479
29.81100 489.239 16.7365
29.81400 489.06 16.4377
29.81700 488.879 16.389
29.82000 488.697 16.6783
29.82300 488.514 15.8332
29.82600 488.331 16.0478
29.82900 488.148 16.3017
29.83200 487.964 16.2564
29.83500 487.781 16.4488
29.83800 487.597 16.1712
29.84100 487.415 16.3912
29.84400 487.233 16.4155
29.84700 487.051 16.7202
29.85000 486.872 16.0499
29.85300 486.693 16.021
29.85600 486.516 16.6574
29.85900 486.34 16.8383
29.86200 486.167 16.0831
29.86500 485.995 16.489
29.86800 485.826 16.1881
29.87100 485.659 16.7813
29.87400 485.495 15.857
29.87700 485.333 15.8451
29.88000 485.174 16.8359
29.88300 485.018 16.25
29.88600 484.865 16.1102
29.88900 484.715 16.0437
29.89200 484.569 16.2457
29.89500 484.427 16.3474
29.89800 484.289 16.2094
29.90100 484.155 15.8951
29.90400 484.027 16.1039
29.90700 483.903 15.9658
29.91000 483.786 16.3169
29.91300 483.675 15.7897
29.91600 483.57 16.6275
29.91900 483.473 15.6136
29.92200 483.383 16.4155
29.92500 483.3 16.6945
29.92800 483.226 16.2094
29.93100 483.16 17.1347
29.93400 483.103 16.9297
29.93700 483.056 15.9333
29.94000 483.017 15.8491
29.94300 482.988 15.6079
29.94600 482.969 16.081
29.94900 482.961 16.2136
29.95200 482.962 15.7681
29.95500 482.974 15.865
29.95800 482.996 16.1458
29.96100 483.03 16.021
29.96400 483.074 16.7459
29.96700 483.128 15.9354
29.97000 483.194 16.3365
29.97300 483.271 16.4177
29.97600 483.359 15.6652
29.97900 483.458 16.4443
29.98200 483.568 16.2371
29.98500 483.69 16.6968
29.98800 483.822 15.8094
29.99100 483.965 15.8531
29.99400 484.119 15.9455
29.99700 484.284 16.3256
30.00000 484.459 15.893
30.00300 484.645 16.2371
30.00600 484.842 16.4177
30.00900 485.048 16.1186
30.01200 485.265 16.8026
30.01500 485.492 17.0573
30.01800 485.729 16.6644
30.02100 485.974 16.2974
30.02400 486.229 16.2801
30.02700 486.493 16.2392
30.03000 486.766 16.5499
30.03300 487.047 15.978
30.03600 487.336 16.3212
30.03900 487.632 16.4199
30.04200 487.936 16.3605
30.04500 488.246 16.3082
30.04800 488.563 15.6269
30.05100 488.886 16.1966
30.05400 489.214 16.7577
30.05700 489.547 15.887
30.06000 489.885 15.8371
30.06300 490.227 16.2179
30.06600 490.572 16.4155
30.06900 490.92 16.4756
30.07200 491.271 16.4089
30.07500 491.623 16.3017
30.07800 491.976 16.5385
30.08100 492.33 16.6574
30.08400 492.684 15.7799
30.08700 493.037 16.4001
30.09000 493.388 16.6114
30.09300 493.738 16.1669
30.09600 494.085 16.4488
30.09900 494.428 16.4045
30.10200 494.768 16.7577
30.10500 495.103 16.516
30.10800 495.433 16.1501
30.11100 495.756 16.3343
30.11400 496.073 16.3278
30.11700 496.382 16.4756
30.12000 496.684 16.1648
30.12300 496.976 16.6806
30.12600 497.259 16.753
30.12900 497.533 16.1923
30.13200 497.795 16.9711
30.13500 498.047 17.6501
30.13800 498.286 16.6644
30.14100 498.514 17.3972
30.14400 498.728 16.1522
30.14700 498.929 16.5092
30.15000 499.116 16.0685
30.15300 499.289 15.8332
30.15600 499.447 16.8862
30.15900 499.59 16.7319
30.16200 499.717 16.8026
30.16500 499.829 16.7295
30.16800 499.925 16.0313
30.17100 500.005 15.9903
30.17400 500.069 15.9801
30.17700 500.116 16.5977
30.18000 500.147 15.8411
30.18300 500.162 16.2521
30.18600 500.16 16.8383
30.18900 500.143 16.1018
30.19200 500.109 16.4266
30.19500 500.059 16.4756
30.19800 499.993 16.6068
30.20100 499.912 16.8502
30.20400 499.816 16.1817
30.20700 499.705 16.5047
30.21000 499.579 16.3671
30.21300 499.439 16.3125
30.21600 499.286 16.7436
30.21900 499.119 16.293
30.22200 498.939 16.9346
30.22500 498.746 16.516
30.22800 498.542 16.2887
30.23100 498.325 16.4778
30.23400 498.098 16.293
30.23700 497.861 16.7553
30.24000 497.613 16.891
30.24300 497.356 16.7836
30.24600 497.09 16.3321
30.24900 496.815 16.4577
30.25200 496.533 15.8991
30.25500 496.244 16.2607
30.25800 495.948 16.0582
30.26100 495.647 16.7038
30.26400 495.34 16.389
30.26700 495.028 16.5476
30.27000 494.712 16.891
30.27300 494.393 16.616
30.27600 494.072 17.1373
30.27900 493.748 16.5521
30.28200 493.423 16.6229
30.28500 493.097 16.1923
30.28800 492.771 16.129
30.29100 492.445 16.1269
30.29400 492.12 16.5521
30.29700 491.797 16.2801
30.30000 491.476 15.6825
30.30300 491.157 15.9273
30.30600 490.841 16.639
30.30900 490.529 16.4488
30.31200 490.221 16.2844
30.31500 489.917 16.4868
30.31800 489.617 16.5025
30.32100 489.323 16.451
30.32400 489.033 16.1945
30.32700 488.749 15.8213
30.33000 488.471 16.2779
30.33300 488.199 16.5025
30.33600 487.933 16.1248
30.33900 487.672 15.9354
30.34200 487.419 16.4023
30.34500 487.171 16.8862
30.34800 486.93 16.0893
30.35100 486.696 16.7647
30.35400 486.467 16.4689
30.35700 486.246 16.3169
30.36000 486.031 16.6045
30.36300 485.822 16.1987
30.36600 485.619 16.0623
30.36900 485.423 16.4023
30.37200 485.232 15.9354
30.37500 485.048 16.1227
30.37800 484.87 16.5047
30.38100 484.697 16.7459
30.38400 484.531 16.8934
30.38700 484.369 15.8491
30.39000 484.213 16.235
30.39300 484.063 16.5862
30.39600 483.918 17.0276
30.39900 483.777 16.7978
30.40200 483.642 16.4023
30.40500 483.512 16.6528
30.40800 483.386 16.5703
30.41100 483.265 16.5476
30.41400 483.149 16.2995
30.41700 483.038 16.3605
30.42000 482.931 16.306
30.42300 482.828 15.9394
30.42600 482.731 16.9419
30.42900 482.638 15.9051
30.43200 482.549 16.7436
30.43500 482.466 16.9662
30.43800 482.387 16.8694
30.44100 482.313 16.0458
30.44400 482.244 15.9374
30.44700 482.181 16.9079
30.45000 482.122 15.8193
30.45300 482.069 16.6644
30.45600 482.022 16.3758
30.45900 481.98 16.1018
30.46200 481.945 16.1564
30.46500 481.915 16.4622
30.46800 481.892 16.3343
30.47100 481.875 16.5137
30.47400 481.865 16.451
30.47700 481.862 16.76
30.48000 481.866 16.3256
30.48300 481.876 16.2758
30.48600 481.894 16.7765
30.48900 481.92 15.9903
30.49200 481.953 16.6968
30.49500 481.993 15.7897
30.49800 482.041 16.2457
30.50100 482.096 16.7108
30.50400 482.159 15.4969
30.50700 482.229 16.9079
30.51000 482.306 16.5137
30.51300 482.39 16.2693
30.51600 482.481 16.7108
30.51900 482.579 16.5295
30.52200 482.682 16.3408
30.52500 482.792 16.6045
30.52800 482.907 16.1902
30.53100 483.026 16.3583
30.53400 483.15 16.507
30.53700 483.277 16.3934
30.54000 483.407 16.3737
30.54300 483.54 16.639
30.54600 483.674 16.4111
30.54900 483.808 16.5453
30.55200 483.941 16.4443
30.55500 484.074 16.5317
30.55800 484.203 16.5385
30.56100 484.33 16.786
30.56400 484.451 15.9577
30.56700 484.567 16.954
30.57000 484.676 16.1479
30.57300 484.777 16.0026
30.57600 484.87 16.4199
30.57900 484.952 16.0067
30.58200 485.023 16.2607
30.58500 485.082 15.871
30.58800 485.129 16.2179
30.59100 485.162 16.5726
30.59400 485.181 16.293
30.59700 485.186 16.4288
30.60000 485.178 16.2521
30.60300 485.154 16.4421
30.60600 485.117 16.0831
30.60900 485.067 16.2157
30.61200 485.003 16.6436
30.61500 484.927 16.2307
30.61800 484.839 16.2179
30.62100 484.741 16.867
30.62400 484.633 16.2952
30.62700 484.516 16.498
30.63000 484.392 16.3737
30.63300 484.262 16.6321
30.63600 484.126 16.1543
30.63900 483.986 16.3256
30.64200 483.843 16.568
30.64500 483.698 16.6459
30.64800 483.551 16.343
30.65100 483.405 16.5499
30.65400 483.259 16.6922
30.65700 483.115 16.7365
30.66000 482.973 16.5115
30.66300 482.834 16.6114
30.66600 482.699 16.2887
30.66900 482.567 16.6783
30.67200 482.441 16.3256
30.67500 482.32 16.1543
30.67800 482.205 16.5771
30.68100 482.095 16.9931
30.68400 481.992 16.6367
30.68700 481.896 15.7427
30.69000 481.806 16.7295
30.69300 481.722 16.616
30.69600 481.646 16.0272
30.69900 481.577 16.9711
30.70200 481.514 17.0697
30.70500 481.458 16.0602
30.70800 481.408 16.9152
30.71100 481.365 16.2974
30.71400 481.329 16.5431
30.71700 481.298 17.2877
30.72000 481.273 16.2866
30.72300 481.254 15.9435
30.72600 481.24 16.7789
30.72900 481.231 15.861
30.73200 481.226 16.639
30.73500 481.226 16.2887
30.73800 481.23 16.3737
30.74100 481.238 15.8971
30.74400 481.25 16.7742
30.74700 481.265 15.8055
30.75000 481.283 17.4157
30.75300 481.304 16.3539
30.75600 481.328 16.0831
30.75900 481.354 16.662
30.76200 481.383 16.753
30.76500 481.414 16.976
30.76800 481.448 16.5635
30.77100 481.484 16.3758
30.77400 481.523 15.885
30.77700 481.565 16.4332
30.78000 481.609 16.5544
30.78300 481.657 16.2392
30.78600 481.708 16.5182
30.78900 481.762 16.7202
30.79200 481.821 15.6003
30.79500 481.884 16.5047
30.79800 481.952 16.3212
30.80100 482.025 16.2844
30.80400 482.104 16.4377
30.80700 482.189 16.5748
30.81000 482.281 16.7506
30.81300 482.379 16.1945
30.81600 482.485 16.6206
30.81900 482.599 16.4001
30.82200 482.721 16.1648
30.82500 482.851 16.4133
30.82800 482.99 16.0582
30.83100 483.137 16.0789
30.83400 483.294 16.1479
30.83700 483.459 16.4644
30.84000 483.633 16.9467
30.84300 483.816 16.9176
30.84600 484.006 15.9475
30.84900 484.205 15.7154
30.85200 484.411 16.891
30.85500 484.624 16.0582
30.85800 484.842 16.0977
30.86100 485.066 16.8335
30.86400 485.294 16.2672
30.86700 485.526 16.4023
30.87000 485.759 16.3758
30.87300 485.994 16.4689
30.87600 486.229 16.3278
30.87900 486.464 16.7931
30.88200 486.696 16.0561
30.88500 486.926 16.2179
30.88800 487.153 16.0956
30.89100 487.376 16.8144
30.89400 487.596 16.4599
30.89700 487.813 16.7225
30.90000 488.027 17.2877
30.90300 488.238 16.4935
30.90600 488.449 16.5092
30.90900 488.659 16.9249
30.91200 488.87 16.2672
30.91500 489.083 16.8192
30.91800 489.299 16.4355
30.92100 489.518 17.2774
30.92400 489.743 16.516
30.92700 489.974 16.2822
30.93000 490.211 16.129
30.93300 490.456 15.2499
30.93600 490.709 15.731
30.93900 490.972 15.9597
30.94200 491.244 16.6321
30.94500 491.527 16.0046
30.94800 491.821 16.1332
30.95100 492.127 16.3517
30.95400 492.445 16.1648
30.95700 492.777 16.3539
30.96000 493.123 16.3017
30.96300 493.485 16.5295
30.96600 493.862 16.2157
30.96900 494.255 15.7446
30.97200 494.667 16.4778
30.97500 495.098 16.669
30.97800 495.548 16.5385
30.98100 496.02 15.458
30.98400 496.515 15.2481
30.98700 497.033 15.8094
30.99000 497.576 15.6961
30.99300 498.146 15.9333
30.99600 498.744 16.0334
30.99900 499.371 16.1039
31.00200 500.029 15.5984
31.00500 500.72 15.9597
31.00800 501.443 16.1248
31.01100 502.202 16.169
31.01400 502.995 16.3365
31.01700 503.82 16.1902
31.02000 504.69 15.6903
31.02300 505.602 16.0623
31.02600 506.556 16.4577
31.02900 507.552 16.5431
31.03200 508.592 15.9658
31.03500 509.676 16.8168
31.03800 510.806 16.2285
31.04100 511.982 16.5977
31.04400 513.205 16.203
31.04700 514.477 16.3561
31.05000 515.796 16.4288
31.05300 517.165 16.4488
31.05600 518.583 16.5748
31.05900 520.051 15.8471
31.06200 521.568 17.1878
31.06500 523.136 16.7483
31.06800 524.753 16.6482
31.07100 526.42 16.4756
31.07400 528.137 16.534
31.07700 529.902 16.3039
31.08000 531.716 16.2736
31.08300 533.578 16.6482
31.08600 535.487 16.4399
31.08900 537.442 16.1543
31.09200 539.442 16.4244
31.09500 541.486 16.5567
31.09800 543.573 16.3212
31.10100 545.702 17.1929
31.10400 547.87 16.8073
31.10700 550.076 17.3526
31.11000 552.319 16.8502
31.11300 554.596 16.7365
31.11600 556.905 16.7085
31.11900 559.245 16.8983
31.12200 561.613 16.8886
31.12500 564.006 16.4666
31.12800 566.422 16.5431
31.13100 568.859 17.0054
31.13400 571.313 17.2568
31.13700 573.781 16.9638
31.14000 576.261 16.8192
31.14300 578.75 17.0153
31.14600 581.244 17.1122
31.14900 583.74 17.324
31.15200 586.234 17.6556
31.15500 588.723 17.4928
31.15800 591.203 17.2056
31.16100 593.671 17.0251
31.16400 596.122 18.0983
31.16700 598.552 17.4078
31.17000 600.959 17.6777
31.17300 603.336 17.7443
31.17600 605.681 17.7026
31.17900 607.989 17.6036
31.18200 610.256 17.5547
31.18500 612.477 17.923
31.18800 614.649 17.2107
31.19100 616.766 17.3683
31.19400 618.825 17.7751
31.19700 620.821 17.3058
31.20000 622.75 18.3032
31.20300 624.608 17.7192
31.20600 626.391 17.7695
31.20900 628.094 17.6721
31.21200 629.715 18.3032
31.21500 631.249 17.9086
31.21800 632.693 18.4491
31.22100 634.044 18.294
31.22400 635.298 18.3711
31.22700 636.454 17.6887
31.23000 637.508 18.0716
31.23300 638.459 18.2422
31.23600 639.305 17.8287
31.23900 640.045 18.5122
31.24200 640.677 18.3928
31.24500 641.202 18.0012
31.24800 641.619 17.7977
31.25100 641.928 18.4774
31.25400 642.13 17.7026
31.25700 642.227 18.1728
31.26000 642.22 18.0805
31.26300 642.11 17.9605
31.26600 641.901 18.0334
31.26900 641.594 17.8118
31.27200 641.194 18.2089
31.27500 640.703 18.2483
31.27800 640.125 17.5331
31.28100 639.465 18.0158
31.28400 638.726 17.8372
31.28700 637.913 17.8033
31.29000 637.031 18.1939
31.29300 636.084 18.3587
31.29600 635.078 18.3309
31.29900 634.018 18.2331
31.30200 632.909 18.3618
31.30500 631.756 18.1309
31.30800 630.565 17.8486
31.31100 629.342 17.8089
31.31400 628.091 18.3002
31.31700 626.819 17.9547
31.32000 625.53 18.2849
31.32300 624.23 18.051
31.32600 622.925 17.3553
31.32900 621.619 18.1131
31.33200 620.318 17.8914
31.33500 619.028 17.6474
31.33800 617.753 17.9547
31.34100 616.498 18.1999
31.34400 615.269 17.7276
31.34700 614.069 17.9896
31.35000 612.905 17.9576
31.35300 611.78 17.9576
31.35600 610.698 17.6199
31.35900 609.665 17.6474
31.36200 608.685 17.8628
31.36500 607.761 17.4342
31.36800 606.897 17.4183
31.37100 606.098 18.1969
31.37400 605.367 17.4263
31.37700 604.708 17.8061
31.38000 604.123 17.5062
31.38300 603.617 17.6282
31.38600 603.193 17.1322
31.38900 602.852 17.1172
31.39200 602.599 17.722
31.39500 602.436 17.5899
31.39800 602.365 17.6501
31.40100 602.389 18.0158
31.40400 602.509 17.9172
31.40700 602.729 17.5628
31.41000 603.049 17.6639
31.41300 603.471 17.3058
31.41600 603.997 17.7388
31.41900 604.629 17.4051
31.42200 605.366 18.0894
31.42500 606.211 17.1853
31.42800 607.164 17.6063
31.43100 608.226 17.6199
31.43400 609.398 17.5845
31.43700 610.679 17.7583
31.44000 612.07 17.3058
31.44300 613.571 17.7026
31.44600 615.182 17.9057
31.44900 616.902 17.5277
31.45200 618.731 17.2696
31.45500 620.668 17.4848
31.45800 622.713 17.4475
31.46100 624.864 17.8033
31.46400 627.121 17.5845
31.46700 629.483 18.0334
31.47000 631.946 18.49
31.47300 634.512 18.1608
31.47600 637.176 17.8743
31.47900 639.939 18.0628
31.48200 642.797 18.7812
31.48500 645.749 18.1668
31.48800 648.791 17.9201
31.49100 651.923 17.9374
31.49400 655.141 18.4365
31.49700 658.442 18.4679
31.50000 661.825 17.9374
31.50300 665.285 18.5217
31.50600 668.82 18.3463
31.50900 672.426 18.122
31.51200 676.1 18.7022
31.51500 679.84 18.4648
31.51800 683.64 18.9016
31.52100 687.498 18.5599
31.52400 691.409 18.4837
31.52700 695.371 18.7945
31.53000 699.378 18.2331
31.53300 703.426 19.0003
31.53600 707.512 18.5984
31.53900 711.631 18.5599
31.54200 715.779 19.4221
31.54500 719.951 19.1953
31.54800 724.142 18.6826
31.55100 728.348 19.16
31.55400 732.563 19.0312
31.55700 736.784 19.3601
31.56000 741.005 19.4772
31.56300 745.221 19.1953
31.56600 749.427 19.1882
31.56900 753.618 19.1285
31.57200 757.788 19.3311
31.57500 761.933 19.1988
31.57800 766.047 18.9729
31.58100 770.125 19.7411
31.58400 774.161 19.4735
31.58700 778.151 19.2166
31.59000 782.088 19.5628
31.59300 785.968 20.0926
31.59600 789.785 19.6494
31.59900 793.533 20.3069
31.60200 797.207 19.6989
31.60500 800.802 20.0643
31.60800 804.312 19.4735
31.61100 807.731 19.8811
31.61400 811.055 20.0321
31.61700 814.278 19.2557
31.62000 817.394 19.6799
31.62300 820.398 20.004
31.62600 823.286 20.4465
31.62900 826.051 19.745
31.63200 828.689 20.232
31.63500 831.195 20.6416
31.63800 833.564 20.3531
31.64100 835.791 20.4294
31.64400 837.873 20.5716
31.64700 839.804 20.1538
31.65000 841.582 20.9703
31.65300 843.201 20.2777
31.65600 844.658 19.6343
31.65900 845.951 20.4337
31.66200 847.075 20.5369
31.66500 848.03 20.1415
31.66800 848.811 20.3616
31.67100 849.417 20.739
31.67400 849.847 20.5369
31.67700 850.1 20.5369
31.68000 850.173 20.6065
31.68300 850.068 20.5239
31.68600 849.783 20.4209
31.68900 849.319 19.9007
31.69200 848.677 20.4124
31.69500 847.857 19.745
31.69800 846.861 20.7973
31.70100 845.692 20.4124
31.70400 844.35 19.6305
31.70700 842.838 20.4722
31.71000 841.16 20.286
31.71300 839.318 20.1989
31.71600 837.317 20.2652
31.71900 835.158 20.3912
31.72200 832.848 21.1241
31.72500 830.389 20.5109
31.72800 827.786 20.7301
31.73100 825.045 20.261
31.73400 822.169 20.3954
31.73700 819.164 20.4851
31.74000 816.036 20.286
31.74300 812.788 19.7991
31.74600 809.427 19.7991
31.74900 805.958 20.2278
31.75200 802.387 19.8341
31.75500 798.719 20.6725
31.75800 794.96 20.3237
31.76100 791.115 19.996
31.76400 787.19 19.992
31.76700 783.19 20.2278
31.77000 779.122 19.8185
31.77300 774.99 19.9681
31.77600 770.801 19.3782
31.77900 766.559 20.0603
31.78200 762.271 19.1285
31.78500 757.94 19.98
31.78800 753.574 19.9561
31.79100 749.176 19.8185
31.79400 744.752 19.6646
31.79700 740.307 19.5815
31.80000 735.846 19.4441
31.80300 731.374 20.0683
31.80600 726.895 19.7104
31.80900 722.414 19.097
31.81200 717.936 19.5254
31.81500 713.465 19.27
31.81800 709.006 19.1953
31.82100 704.562 18.9389
31.82400 700.139 19.0554
31.82700 695.74 19.0866
31.83000 691.369 18.9355
31.83300 687.03 18.7219
31.83600 682.728 19.5217
31.83900 678.465 19.1495
31.84200 674.245 19.0071
31.84500 670.072 18.5695
31.84800 665.95 18.6339
31.85100 661.881 18.4963
31.85400 657.868 18.7284
31.85700 653.915 18.0422
31.86000 650.025 18.6081
31.86300 646.2 18.0834
31.86600 642.442 18.3371
31.86900 638.755 18.3002
31.87200 635.141 17.6474
31.87500 631.602 17.6419
31.87800 628.14 18.5727
31.88100 624.757 17.9345
31.88400 621.455 18.2513
31.88700 618.236 18.2392
31.89000 615.1 18.2271
31.89300 612.05 18.3094
31.89600 609.087 18.0275
31.89900 606.212 18.119
31.90200 603.425 18.4868
31.90500 600.728 17.7248
31.90800 598.122 17.8061
31.91100 595.606 17.8259
31.91400 593.182 17.6639
31.91700 590.85 17.6419
31.92000 588.61 18.0569
31.92300 586.461 17.6364
31.92600 584.404 17.311
31.92900 582.438 17.4714
31.93200 580.564 17.6501
31.93500 578.78 17.5601
31.93800 577.085 18.0012
31.94100 575.48 18.1878
31.94400 573.963 18.1638
31.94700 572.533 17.9663
31.95000 571.189 18.0983
31.95300 569.93 17.9029
31.95600 568.753 17.3946
31.95900 567.659 17.7165
31.96200 566.645 18.8378
31.96500 565.709 18.0953
31.96800 564.85 17.5818
31.97100 564.066 17.8118
31.97400 563.355 17.5331
31.97700 562.714 17.9
31.98000 562.143 17.7695
31.98300 561.637 17.8685
31.98600 561.196 17.4104
31.98900 560.816 18.0246
31.99200 560.496 17.8628
31.99500 560.233 17.8543
31.99800 560.025 17.371
32.00100 559.868 17.9547
32.00400 559.76 17.8515
32.00700 559.699 17.5682
32.01000 559.682 17.5736
32.01300 559.706 18.2513
32.01600 559.769 17.3788
32.01900 559.866 17.949
32.02200 559.996 17.7081
32.02500 560.156 17.7667
32.02800 560.341 17.5709
32.03100 560.55 17.5116
32.03400 560.779 17.7808
32.03700 561.024 18.0305
32.04000 561.281 18.1758
32.04300 561.548 18.0834
32.04600 561.821 17.6282
32.04900 562.095 18.5217
32.05200 562.367 18.2362
32.05500 562.633 16.9103
32.05800 562.889 17.9605
32.06100 563.13 17.975
32.06400 563.352 17.7499
32.06700 563.551 17.792
32.07000 563.723 18.4459
32.07300 563.863 18.7713
32.07600 563.966 17.8685
32.07900 564.03 18.5281
32.08200 564.048 18.1012
32.08500 564.018 17.9374
32.08800 563.936 17.2133
32.09100 563.797 18.3309
32.09400 563.599 17.8146
32.09700 563.339 17.4157
32.10000 563.015 17.975
32.10300 562.626 18.119
32.10600 562.171 18.6049
32.10900 561.65 17.7443
32.11200 561.064 18.1369
32.11500 560.415 17.6887
32.11800 559.706 17.7723
32.12100 558.94 18.0481
32.12400 558.119 18.0657
32.12700 557.247 18.0275
32.13000 556.328 18.1758
32.13300 555.366 17.9721
32.13600 554.365 17.778
32.13900 553.327 17.4051
32.14200 552.258 18.2089
32.14500 551.16 18.1012
32.14800 550.037 17.7471
32.15100 548.892 18.3186
32.15400 547.728 18.5824
32.15700 546.548 17.2568
32.16000 545.355 17.6584
32.16300 544.151 17.9779
32.16600 542.939 17.6804
32.16900 541.721 17.778
32.17200 540.498 17.9432
32.17500 539.273 17.3422
32.17800 538.048 17.3605
32.18100 536.823 17.1929
32.18400 535.6 18.0657
32.18700 534.382 17.6529
32.19000 533.168 17.5385
32.19300 531.959 17.4263
32.19600 530.758 17.4767
32.19900 529.565 17.9
32.20200 528.38 17.3893
32.20500 527.205 17.1904
32.20800 526.04 17.5035
32.21100 524.886 17.0971
32.21400 523.744 18.0864
32.21700 522.615 17.4874
32.22000 521.499 17.7892
32.22300 520.397 16.9833
32.22600 519.309 17.5439
32.22900 518.237 17.3553
32.23200 517.18 16.9055
32.23500 516.139 17.3946
32.23800 515.115 17.7583
32.24100 514.108 17.7639
32.24400 513.12 17.4608
32.24700 512.149 17.2311
32.25000 511.197 17.5601
32.25300 510.265 17.3893
32.25600 509.352 16.6597
32.25900 508.458 17.1071
32.26200 507.586 17.5304
32.26500 506.733 17.7892
32.26800 505.902 16.6252
32.27100 505.092 17.1802
32.27400 504.304 16.7577
32.27700 503.537 17.5035
32.28000 502.792 16.3343
32.28300 502.07 17.5899
32.28600 501.37 16.954
32.28900 500.693 16.5521
32.29200 500.038 17.4051
32.29500 499.407 17.1524
32.29800 498.799 17.2671
32.30100 498.214 17.0598
32.30400 497.652 17.3058
32.30700 497.115 17.2825
32.31000 496.601 16.824
32.31300 496.111 17.4051
32.31600 495.645 17.3188
32.31900 495.203 18.2574
32.32200 494.785 17.337
32.32500 494.392 17.4848
32.32800 494.024 16.7553
32.33100 493.68 16.8168
32.33400 493.361 17.1021
32.33700 493.067 17.0921
32.34000 492.798 17.1197
32.34300 492.554 17.949
32.34600 492.336 17.0598
32.34900 492.143 16.9613
32.35200 491.976 16.6899
32.35500 491.834 17.2748
32.35800 491.719 17.3266
32.36100 491.628 17.7165
32.36400 491.564 17.0177
32.36700 491.526 16.867
32.37000 491.514 17.2311
32.37300 491.527 17.2929
32.37600 491.567 17.1046
32.37900 491.632 17.1448
32.38200 491.723 17.1701
32.38500 491.84 17.0548
32.38800 491.978 16.9394
32.39100 492.14 17.4157
32.39400 492.333 17.0054
32.39700 492.551 17.4236
32.40000 492.794 17.4183
32.40300 493.061 17.2491
32.40600 493.351 16.8742
32.40900 493.666 17.3814
32.41200 494.004 17.7388
32.41500 494.364 17.2877
32.41800 494.747 17.7137
32.42100 495.152 17.5601
32.42400 495.578 17.686
32.42700 496.024 17.4342
32.43000 496.491 17.3006
32.43300 496.977 17.8061
32.43600 497.481 17.1448
32.43900 498.004 17.4634
32.44200 498.543 17.4316
32.44500 499.099 17.3214
32.44800 499.671 17.4316
32.45100 500.258 16.9589
32.45400 500.858 16.7955
32.45700 501.472 17.6474
32.46000 502.099 17.2722
32.46300 502.738 17.5466
32.46600 503.388 17.3526
32.46900 504.048 17.3867
32.47200 504.719 17.9954
32.47500 505.4 17.7555
32.47800 506.091 17.6309
32.48100 506.792 18.0983
32.48400 507.502 17.0647
32.48700 508.222 17.1021
32.49000 508.953 17.3006
32.49300 509.695 17.7443
32.49600 510.449 17.5304
32.49900 511.215 16.5862
32.50200 511.996 17.6391
32.50500 512.791 18.119
32.50800 513.603 17.4342
32.51100 514.433 17.8885
32.51400 515.282 17.9201
32.51700 516.152 17.0722
32.52000 517.044 17.9547
32.52300 517.96 17.3657
32.52600 518.902 17.1122
32.52900 519.87 17.8543
32.53200 520.868 18.119
32.53500 521.895 18.3711
32.53800 522.953 17.697
32.54100 524.043 17.7332
32.54400 525.168 17.9461
32.54700 526.327 17.9201
32.55000 527.521 17.8657
32.55300 528.752 18.224
32.55600 530.02 18.1999
32.55900 531.326 17.9287
32.56200 532.67 18.2453
32.56500 534.053 17.9983
32.56800 535.474 17.4794
32.57100 536.935 18.3711
32.57400 538.435 18.5567
32.57700 539.973 18.6663
32.58000 541.55 18.5695
32.58300 543.166 17.7611
32.58600 544.819 17.7611
32.58900 546.51 17.9663
32.59200 548.237 17.9
32.59500 549.999 18.5027
32.59800 551.796 18.1969
32.60100 553.626 17.6501
32.60400 555.489 18.3432
32.60700 557.383 17.8943
32.61000 559.305 18.224
32.61300 561.256 18.3897
32.61600 563.233 18.5567
32.61900 565.235 18.3032
32.62200 567.259 18.9016
32.62500 569.304 18.3278
32.62800 571.367 18.49
32.63100 573.446 18.3002
32.63400 575.54 18.8612
32.63700 577.645 17.7639
32.64000 579.76 19.0416
32.64300 581.881 18.8713
32.64600 584.007 17.8231
32.64900 586.134 19.2915
32.65200 588.26 19.1075
32.65500 590.382 18.5856
32.65800 592.497 19.3383
32.66100 594.602 18.399
32.66400 596.695 18.9832
32.66700 598.771 19.014
32.67000 600.828 19.1075
32.67300 602.863 18.8011
32.67600 604.872 18.9321
32.67900 606.853 18.6339
32.68200 608.802 19.1355
32.68500 610.715 19.0554
32.68800 612.589 19.2736
32.69100 614.421 19.1425
32.69400 616.208 19.2024
32.69700 617.946 20.0603
32.70000 619.632 19.2343
32.70300 621.262 19.5254
32.70600 622.833 19.8263
32.70900 624.342 19.3167
32.71200 625.786 19.153
32.71500 627.162 19.5778
32.71800 628.466 19.5292
32.72100 629.696 19.0175
32.72400 630.848 19.7066
32.72700 631.921 19.6381
32.73000 632.911 19.3855
32.73300 633.816 19.1953
32.73600 634.634 19.7527
32.73900 635.363 19.4957
32.74200 636.001 18.7482
32.74500 636.546 19.7219
32.74800 636.989 19.8302
32.75100 637.33 19.518
32.75400 637.59 19.8811
32.75700 637.753 19.2557
32.76000 637.819 19.0485
32.76300 637.788 19.27
32.76600 637.66 20.0643
32.76900 637.436 19.4809
32.77200 637.116 18.8579
32.77500 636.702 19.9244
32.77800 636.195 19.5069
32.78100 635.598 19.3673
32.78400 634.91 19.8929
32.78700 634.137 19.4883
32.79000 633.278 19.3456
32.79300 632.338 19.5628
32.79600 631.319 19.1005
32.79900 630.224 19.4698
32.80200 629.057 19.342
32.80500 627.819 18.878
32.80800 626.516 19.7836
32.81100 625.151 18.7945
32.81400 623.726 18.5824
32.81700 622.246 18.9389
32.82000 620.715 19.2593
32.82300 619.136 19.2272
32.82600 617.512 19.5441
32.82900 615.848 19.0797
32.83200 614.147 19.976
32.83500 612.413 19.5366
32.83800 610.65 18.368
32.84100 608.861 19.1285
32.84400 607.05 18.9763
32.84700 605.22 19.1285
32.85000 603.374 19.0312
32.85300 601.516 18.8211
32.85600 599.65 19.4994
32.85900 597.778 18.334
32.86200 595.903 19.559
32.86500 594.028 19.4001
32.86800 592.157 18.99
32.87100 590.291 18.4711
32.87400 588.434 19.6722
32.87700 586.588 19.0831
32.88000 584.755 18.4428
32.88300 582.938 18.4084
32.88600 581.14 18.5567
32.88900 579.361 18.1608
32.89200 577.604 18.7449
32.89500 575.872 18.7912
32.89800 574.165 18.1788
32.90100 572.486 18.4334
32.90400 570.836 18.49
32.90700 569.217 18.5599
32.91000 567.63 17.8714
32.91300 566.076 19.2987
32.91600 564.557 17.8714
32.91900 563.073 17.2542
32.92200 561.626 17.609
32.92500 560.216 16.8574
32.92800 558.845 17.8401
32.93100 557.512 17.421
32.93400 556.22 17.9316
32.93700 554.967 17.7751
32.94000 553.755 17.3422
32.94300 552.584 18.2666
32.94600 551.454 17.8771
32.94900 550.365 17.5035
32.95200 549.318 18.0041
32.95500 548.312 17.697
32.95800 547.348 18.2818
32.96100 546.424 18.122
32.96400 545.542 16.507
32.96700 544.7 17.4928
32.97000 543.898 17.2184
32.97300 543.135 17.4289
32.97600 542.412 17.0474
32.97900 541.728 16.5544
32.98200 541.081 17.975
32.98500 540.471 17.4581
32.98800 539.897 17.2414
32.99100 539.359 17.7332
32.99400 538.855 17.2722
32.99700 538.385 17.9374
33.00000 537.946 17.9663
33.00300 537.54 17.4767
33.00600 537.163 17.4821
33.00900 536.815 17.1853
33.01200 536.495 17.4183
33.01500 536.201 17.7332
33.01800 535.932 17.2825
33.02100 535.687 17.8486
33.02400 535.464 17.1524
33.02700 535.261 17.7977
33.03000 535.079 16.9467
33.03300 534.914 16.9419
33.03600 534.765 17.5899
33.03900 534.631 17.3006
33.04200 534.511 16.8934
33.04500 534.402 17.1574
33.04800 534.304 17.8657
33.05100 534.214 16.7553
33.05400 534.132 17.4955
33.05700 534.055 17.1398
33.06000 533.982 16.8983
33.06300 533.911 17.4289
33.06600 533.842 18.0363
33.06900 533.772 17.2825
33.07200 533.7 18.0217
33.07500 533.625 17.1954
33.07800 533.545 17.6639
33.08100 533.46 17.0424
33.08400 533.367 17.7026
33.08700 533.265 17.6529
33.09000 533.154 17.6446
33.09300 533.033 17.4078
33.09600 532.899 17.4316
33.09900 532.753 17.778
33.10200 532.593 17.2056
33.10500 532.418 17.2877
33.10800 532.229 17.2645
33.11100 532.023 17.9086
33.11400 531.801 17.3867
33.11700 531.562 17.0996
33.12000 531.305 17.5981
33.12300 531.031 17.4316
33.12600 530.738 17.7499
33.12900 530.427 18.0422
33.13200 530.098 17.5547
33.13500 529.75 17.0647
33.13800 529.384 17.2619
33.14100 529 17.1322
33.14400 528.598 16.7624
33.14700 528.178 17.0005
33.15000 527.74 16.9711
33.15300 527.286 16.8958
33.15600 526.815 17.1071
33.15900 526.328 17.1726
33.16200 525.825 18.0628
33.16500 525.308 17.3422
33.16800 524.777 17.4848
33.17100 524.233 17.4289
33.17400 523.676 17.4581
33.17700 523.108 17.7109
33.18000 522.53 17.3006
33.18300 521.941 16.9613
33.18600 521.345 16.8216
33.18900 520.74 17.3893
33.19200 520.129 17.1802
33.19500 519.513 17.4369
33.19800 518.893 17.198
33.20100 518.269 16.7225
33.20400 517.643 17.3214
33.20700 517.017 17.1272
33.21000 516.391 17.0747
33.21300 515.767 17.003
33.21600 515.146 17.0847
33.21900 514.529 17.3893
33.22200 513.917 16.7459
33.22500 513.311 17.5547
33.22800 512.713 16.9443
33.23100 512.123 17.5062
33.23400 511.542 16.9128
33.23700 510.972 16.9956
33.24000 510.414 17.1122
33.24300 509.867 17.6364
33.24600 509.333 16.7319
33.24900 508.813 17.5655
33.25200 508.307 16.9249
33.25500 507.815 17.6036
33.25800 507.338 17.2363
33.26100 506.876 17.0996
33.26400 506.429 16.4756
33.26700 505.998 17.0623
33.27000 505.581 17.5466
33.27300 505.179 16.9907
33.27600 504.791 17.6391
33.27900 504.417 17.0128
33.28200 504.056 16.7931
33.28500 503.708 17.0573
33.28800 503.371 17.1373
33.29100 503.045 16.8168
33.29400 502.729 16.8359
33.29700 502.422 16.855
33.30000 502.122 16.8574
33.30300 501.828 16.5385
33.30600 501.54 17.0797
33.30900 501.256 16.48
33.31200 500.975 17.1398
33.31500 500.698 17.3032
33.31800 500.423 16.843
33.32100 500.151 17.5412
33.32400 499.882 16.8073
33.32700 499.616 16.4644
33.33000 499.353 17.0177
33.33300 499.096 16.9956
33.33600 498.846 16.6759
33.33900 498.603 16.9931
33.34200 498.37 16.9981
33.34500 498.148 16.8311
33.34800 497.938 16.5002
33.35100 497.743 16.5295
33.35400 497.564 16.3278
33.35700 497.401 16.7365
33.36000 497.257 16.753
33.36300 497.133 16.3934
33.36600 497.029 16.7718
33.36900 496.947 16.6992
33.37200 496.887 16.6667
33.37500 496.85 16.3627
33.37800 496.836 16.3846
33.38100 496.846 16.6992
33.38400 496.879 16.7272
33.38700 496.936 17.0227
33.39000 497.016 17.035
33.39300 497.119 16.4711
33.39600 497.245 16.4155
33.39900 497.393 16.6574
33.40200 497.562 16.451
33.40500 497.752 16.6992
33.40800 497.961 16.7483
33.41100 498.19 16.1987
33.41400 498.436 16.2157
33.41700 498.698 16.9007
33.42000 498.977 17.2516
33.42300 499.269 16.6667
33.42600 499.575 16.9273
33.42900 499.892 16.4823
33.43200 500.221 16.8478
33.43500 500.559 16.5954
33.43800 500.906 17.0772
33.44100 501.261 16.4399
33.44400 501.623 16.5703
33.44700 501.991 16.7978
33.45000 502.365 16.6367
33.45300 502.744 17.2877
33.45600 503.128 16.5363
33.45900 503.516 16.4266
33.46200 503.91 17.4236
33.46500 504.308 17.2158
33.46800 504.711 17.4928
33.47100 505.12 17.0697
33.47400 505.536 16.9273
33.47700 505.958 16.8168
33.48000 506.389 17.1701
33.48300 506.829 17.0971
33.48600 507.279 16.4622
33.48900 507.74 17.0054
33.49200 508.215 16.8192
33.49500 508.704 16.3715
33.49800 509.209 17.2877
33.50100 509.731 17.1827
33.50400 510.272 16.0789
33.50700 510.834 16.9687
33.51000 511.418 17.035
33.51300 512.026 16.92
33.51600 512.66 17.4316
33.51900 513.321 17.1147
33.52200 514.012 17.5089
33.52500 514.733 16.7132
33.52800 515.487 17.6336
33.53100 516.274 17.5412
33.53400 517.098 16.8814
33.53700 517.96 16.9907
33.54000 518.86 16.92
33.54300 519.802 17.4821
33.54600 520.786 16.6229
33.54900 521.814 17.165
33.55200 522.887 17.5736
33.55500 524.007 16.954
33.55800 525.176 16.7436
33.56100 526.395 17.6282
33.56400 527.665 17.2337
33.56700 528.988 17.1423
33.57000 530.364 17.0872
33.57300 531.796 17.2439
33.57600 533.284 17.2645
33.57900 534.829 17.5008
33.58200 536.432 17.3032
33.58500 538.095 17.5736
33.58800 539.819 17.1929
33.59100 541.603 17.6117
33.59400 543.45 17.4874
33.59700 545.359 17.1853
33.60000 547.331 17.3058
33.60300 549.368 18.1429
33.60600 551.469 17.5547
33.60900 553.635 17.4501
33.61200 555.866 16.9711
33.61500 558.162 17.7137
33.61800 560.523 17.4078
33.62100 562.951 18.0041
33.62400 565.446 18.0894
33.62700 568.006 18.1012
33.63000 570.633 17.8429
33.63300 573.325 17.9057
33.63600 576.082 17.8118
33.63900 578.904 18.0805
33.64200 581.792 18.6274
33.64500 584.743 17.6832
33.64800 587.757 17.9201
33.65100 590.834 18.0923
33.65400 593.974 18.1638
33.65700 597.174 18.8512
33.66000 600.434 18.4115
33.66300 603.753 18.9219
33.66600 607.129 18.1131
33.66900 610.562 17.8971
33.67200 614.05 18.215
33.67500 617.591 17.9403
33.67800 621.184 18.0305
33.68100 624.827 18.4963
33.68400 628.519 18.1939
33.68700 632.256 19.342
33.69000 636.039 18.8612
33.69300 639.864 18.6436
33.69600 643.728 18.7219
33.69900 647.631 18.2301
33.70200 651.569 18.7647
33.70500 655.541 18.7647
33.70800 659.542 19.0175
33.71100 663.572 19.0866
33.71400 667.626 19.3347
33.71700 671.703 18.7482
33.72000 675.8 18.509
33.72300 679.912 19.4111
33.72600 684.038 18.712
33.72900 688.175 19.146
33.73200 692.318 19.574
33.73500 696.466 18.9084
33.73800 700.614 19.1495
33.74100 704.759 19.2272
33.74400 708.899 18.9287
33.74700 713.029 19.1565
33.75000 717.146 19.7257
33.75300 721.247 19.8341
33.75600 725.327 19.6875
33.75900 729.385 20.004
33.76200 733.415 20.2154
33.76500 737.414 20.008
33.76800 741.379 19.7066
33.77100 745.306 20.2986
33.77400 749.191 20.8333
33.77700 753.031 19.9284
33.78000 756.821 19.996
33.78300 760.558 21.1006
33.78600 764.238 19.6684
33.78900 767.857 20.4808
33.79200 771.411 20.4765
33.79500 774.896 20.0724
33.79800 778.309 20.576
33.80100 781.644 20.4124
33.80400 784.9 20.7883
33.80700 788.07 20.7301
33.81000 791.152 20.438
33.81300 794.141 20.7569
33.81600 797.033 20.6813
33.81900 799.824 20.2237
33.82200 802.51 20.4465
33.82500 805.088 20.8018
33.82800 807.553 20.3279
33.83100 809.901 20.856
33.83400 812.128 21.0865
33.83700 814.232 20.699
33.84000 816.208 20.5412
33.84300 818.053 20.856
33.84600 819.764 20.9473
33.84900 821.337 20.9061
33.85200 822.771 21.0491
33.85500 824.061 20.5196
33.85800 825.207 21.3882
33.86100 826.206 21.1619
33.86400 827.056 21.9317
33.86700 827.755 21.2766
33.87000 828.302 21.3249
33.87300 828.696 21.4521
33.87600 828.936 21.1572
33.87900 829.022 20.9335
33.88200 828.953 21.3541
33.88500 828.729 21.3443
33.88800 828.35 21.3346
33.89100 827.817 20.9152
33.89400 827.13 21.3201
33.89700 826.29 21.0073
33.90000 825.298 21.4275
33.90300 824.155 21.5716
33.90600 822.864 21.3298
33.90900 821.425 20.5847
33.91200 819.841 20.7928
33.91500 818.114 21.2574
33.91800 816.246 20.8108
33.92100 814.24 21.219
33.92400 812.099 20.6769
33.92700 809.825 20.8424
33.93000 807.422 20.6769
33.93300 804.893 20.8924
33.93600 802.242 20.9289
33.93900 799.471 21.2334
33.94200 796.585 20.9289
33.94500 793.588 20.8018
33.94800 790.482 20.624
33.95100 787.274 20.2569
33.95400 783.966 20.2818
33.95700 780.563 20.5109
33.96000 777.069 20.6197
33.96300 773.489 21.1383
33.96600 769.828 20.3531
33.96900 766.09 20.5629
33.97200 762.28 20.3069
33.97500 758.402 19.8811
33.97800 754.462 20.3027
33.98100 750.465 20.37
33.98400 746.415 20.7748
33.98700 742.318 20.3279
33.99000 738.178 20.7973
33.99300 734 20.3997
33.99600 729.789 19.7334
33.99900 725.549 20.0562
34.00200 721.286 20.0441
34.00500 717.004 20.498
34.00800 712.707 19.996
34.01100 708.401 20.4465
34.01400 704.088 20.856
34.01700 699.774 20
34.02000 695.462 20.7168
34.02300 691.156 19.9721
34.02600 686.861 20.1374
34.02900 682.58 20.1701
34.03200 678.315 20.8288
34.03500 674.072 20.2196
34.03800 669.853 19.7028
34.04100 665.661 19.996
34.04400 661.5 20.5325
34.04700 657.372 20.6946
34.05000 653.28 20.0522
34.05300 649.226 20.2569
34.05600 645.214 20.0805
34.05900 641.245 19.6154
34.06200 637.322 19.7296
34.06500 633.446 20.1129
34.06800 629.621 20.2902
34.07100 625.847 19.4184
34.07400 622.126 19.4883
34.07700 618.46 19.5069
34.08000 614.851 19.125
34.08300 611.299 19.8811
34.08600 607.806 20.5716
34.08900 604.373 19.7028
34.09200 601.002 18.8244
34.09500 597.692 19.745
34.09800 594.445 19.4514
34.10100 591.261 19.5292
34.10400 588.141 19.045
34.10700 585.085 18.7088
34.11000 582.095 18.905
34.11300 579.169 19.8693
34.11600 576.309 18.6242
34.11900 573.514 19.2772
34.12200 570.784 19.5441
34.12500 568.12 18.9219
34.12800 565.522 18.8982
34.13100 562.988 19.1215
34.13400 560.519 18.6274
34.13700 558.115 18.8044
34.14000 555.775 18.5185
34.14300 553.499 19.1777
34.14600 551.287 18.1758
34.14900 549.137 18.544
34.15200 547.049 17.9721
34.15500 545.024 18.8378
34.15800 543.057 18.9016
34.16100 541.148 18.6989
34.16400 539.303 18.0012
34.16700 537.517 18.2392
34.17000 535.79 18.8445
34.17300 534.119 19.2308
34.17600 532.506 17.6529
34.17900 530.948 18.7945
34.18200 529.445 18.2483
34.18500 527.997 18.3094
34.18800 526.601 18.0393
34.19100 525.258 17.7332
34.19400 523.967 17.7415
34.19700 522.727 18.4711
34.20000 521.536 17.9779
34.20300 520.395 18.7284
34.20600 519.302 18.0657
34.20900 518.257 17.4981
34.21200 517.258 18.3959
34.21500 516.306 18.8311
34.21800 515.399 18.054
34.22100 514.537 18.1939
34.22400 513.719 18.4053
34.22700 512.944 18.2301
34.23000 512.213 18.0569
34.23300 511.524 19.4883
34.23600 510.877 17.7109
34.23900 510.272 18.5122
34.24200 509.708 18.2696
34.24500 509.186 18.2727
34.24800 508.705 17.5547
34.25100 508.265 17.7555
34.25400 507.866 17.4767
34.25700 507.509 18.3494
34.26000 507.195 18.1608
34.26300 506.922 18.3124
34.26600 506.693 18.0129
34.26900 506.507 18.3928
34.27200 506.367 17.8174
34.27500 506.272 18.4995
34.27800 506.224 17.8971
34.28100 506.225 18.0129
34.28400 506.276 18.5185
34.28700 506.378 17.4794
34.29000 506.533 17.9983
34.29300 506.744 18.4837
34.29600 507.011 18.1668
34.29900 507.336 17.4183
34.30200 507.722 17.9432
34.30500 508.171 18.5249
34.30800 508.682 18.1758
34.31100 509.259 17.9605
34.31400 509.902 17.4955
34.31700 510.612 17.923
34.32000 511.389 18.5408
34.32300 512.234 18.9763
34.32600 513.147 18.3155
34.32900 514.126 18.735
34.33200 515.169 18.3247
34.33500 516.276 18.1518
34.33800 517.442 18.1548
34.34100 518.666 18.1042
34.34400 519.942 18.1429
34.34700 521.266 18.4711
34.35000 522.633 18.1459
34.35300 524.035 19.2024
34.35600 525.467 18.4459
34.35900 526.92 18.9661
34.36200 528.386 19.3311
34.36500 529.857 19.3167
34.36800 531.322 18.4491
34.37100 532.773 18.0687
34.37400 534.199 18.6696
34.37700 535.591 19.0071
34.38000 536.941 18.7812
34.38300 538.24 18.0187
34.38600 539.483 18.7912
34.38900 540.666 18.6242
34.39200 541.785 17.7611
34.39500 542.84 19.0209
34.39800 543.832 18.5504
34.40100 544.765 18.4302
34.40400 545.643 18.8311
34.40700 546.472 18.4616
34.41000 547.256 18.424
34.41300 548.003 19.2987
34.41600 548.719 18.6663
34.41900 549.408 18.4522
34.42200 550.076 18.1608
34.42500 550.727 18.8378
34.42800 551.366 18.6177
34.43100 551.994 18.9661
34.43400 552.615 18.7647
34.43700 553.228 17.792
34.44000 553.836 18.9559
34.44300 554.438 19.2343
34.44600 555.033 19.1565
34.44900 555.619 18.6794
34.45200 556.194 18.8646
34.45500 556.755 18.5249
34.45800 557.3 18.8646
34.46100 557.824 18.3309
34.46400 558.324 19.9323
34.46700 558.795 18.6081
34.47000 559.234 18.544
34.47300 559.636 18.735
34.47600 559.997 19.1005
34.47900 560.314 19.3637
34.48200 560.582 18.8948
34.48500 560.798 19.4111
34.48800 560.959 19.1636
34.49100 561.064 18.905
34.49400 561.11 18.7383
34.49700 561.096 19.5329
34.50000 561.02 18.3866
34.50300 560.883 18.2422
34.50600 560.683 18.7515
34.50900 560.422 19.0762
34.51200 560.1 19.1988
34.51500 559.719 18.7548
34.51800 559.279 18.5408
34.52100 558.782 18.8011
34.52400 558.23 18.9695
34.52700 557.625 19.676
34.53000 556.969 18.2574
34.53300 556.265 19.0901
34.53600 555.514 18.8545
34.53900 554.72 19.1565
34.54200 553.885 18.9934
34.54500 553.012 18.4177
34.54800 552.103 18.3124
34.55100 551.16 17.7415
34.55400 550.188 19.6419
34.55700 549.187 18.7022
34.56000 548.161 18.621
34.56300 547.113 18.4021
34.56600 546.045 18.9321
34.56900 544.959 19.3311
34.57200 543.858 18.4053
34.57500 542.744 18.7779
34.57800 541.619 18.1969
34.58100 540.486 18.5058
34.58400 539.346 18.7515
34.58700 538.202 18.5984
34.59000 537.054 18.2362
34.59300 535.907 18.5472
34.59600 534.759 18.6891
34.59900 533.614 18.5727
34.60200 532.473 18.1578
34.60500 531.336 18.1758
34.60800 530.206 18.7978
34.61100 529.083 18.9456
34.61400 527.969 18.4963
34.61700 526.864 18.9219
34.62000 525.769 18.3217
34.62300 524.685 18.5217
34.62600 523.613 18.3556
34.62900 522.554 19.0347
34.63200 521.507 17.9925
34.63500 520.474 17.9287
34.63800 519.455 18.1012
34.64100 518.451 18.7812
34.64400 517.461 18.3401
34.64700 516.486 18.4396
34.65000 515.527 17.7808
34.65300 514.584 18.592
34.65600 513.656 18.4742
34.65900 512.744 18.0393
34.66200 511.849 18.0451
34.66500 510.97 19.0866
34.66800 510.107 18.0657
34.67100 509.261 17.6639
34.67400 508.432 18.1369
34.67700 507.619 18.4774
34.68000 506.823 17.8429
34.68300 506.044 17.2799
34.68600 505.281 17.8943
34.68900 504.536 18.0275
34.69200 503.807 17.9115
34.69500 503.094 18.6274
34.69800 502.399 17.4316
34.70100 501.72 18.1698
34.70400 501.057 17.6998
34.70700 500.411 17.5899
34.71000 499.781 17.4157
34.71300 499.168 18.0187
34.71600 498.57 18.5376
34.71900 497.989 17.2414
34.72200 497.423 18.4053
34.72500 496.873 18.6049
34.72800 496.338 17.7388
34.73100 495.818 18.2089
34.73400 495.313 18.0158
34.73700 494.823 17.7667
34.74000 494.348 17.2645
34.74300 493.886 17.4714
34.74600 493.439 17.8828
34.74900 493.005 18.1788
34.75200 492.584 17.5089
34.75500 492.176 17.0722
34.75800 491.78 17.8231
34.76100 491.397 17.2414
34.76400 491.025 17.3579
34.76700 490.665 18.1518
34.77000 490.316 17.7808
34.77300 489.977 17.7639
34.77600 489.648 17.6915
34.77900 489.329 17.5008
34.78200 489.019 17.6501
34.78500 488.718 17.6777
34.78800 488.426 18.0363
34.79100 488.141 17.4395
34.79400 487.864 17.4316
34.79700 487.594 17.1726
34.80000 487.331 17.2877
34.80300 487.074 17.8657
34.80600 486.823 17.3972
34.80900 486.578 18.3928
34.81200 486.338 17.7808
34.81500 486.102 17.1549
34.81800 485.872 17.6887
34.82100 485.645 17.9115
34.82400 485.422 17.9403
34.82700 485.202 17.0946
34.83000 484.987 17.9374
34.83300 484.774 17.1904
34.83600 484.564 17.8714
34.83900 484.357 17.5791
34.84200 484.152 17.792
34.84500 483.95 17.3814
34.84800 483.75 18.3032
34.85100 483.553 18.2483
34.85400 483.358 17.4395
34.85700 483.165 17.3058
34.86000 482.975 17.4263
34.86300 482.787 17.8401
34.86600 482.601 17.3526
34.86900 482.417 18.7515
34.87200 482.237 17.2465
34.87500 482.058 17.923
34.87800 481.883 17.9808
34.88100 481.71 17.226
34.88400 481.54 17.2388
34.88700 481.373 17.5601
34.89000 481.209 17.2929
34.89300 481.049 17.2516
34.89600 480.892 17.7527
34.89900 480.739 17.9925
34.90200 480.589 18.2059
34.90500 480.443 17.6446
34.90800 480.301 17.5601
34.91100 480.163 17.8174
34.91400 480.03 17.8005
34.91700 479.9 17.0921
34.92000 479.775 17.8259
34.92300 479.653 16.8478
34.92600 479.537 18.2089
34.92900 479.424 17.7054
34.93200 479.316 17.6721
34.93500 479.212 17.5682
34.93800 479.113 16.8216
34.94100 479.018 17.3136
34.94400 478.927 16.9224
34.94700 478.84 17.1853
34.95000 478.757 17.5439
34.95300 478.678 17.3214
34.95600 478.603 17.7081
34.95900 478.532 17.3188
34.96200 478.463 17.7332
34.96500 478.399 17.6887
34.96800 478.337 17.9461
34.97100 478.277 18.1161
34.97400 478.221 17.5439
34.97700 478.166 16.8983
34.98000 478.114 17.8287
34.98300 478.063 17.8828
34.98600 478.013 17.8857
34.98900 477.965 17.697
34.99200 477.917 17.8771
34.99500 477.87 17.1172
34.99800 477.823 17.8231
35.00100 477.776 16.0914
35.00400 477.728 16.5182
35.00700 477.681 16.431
35.01000 477.632 16.8838
35.01300 477.584 16.9565
35.01600 477.534 16.6783
35.01900 477.484 17.3448
35.02200 477.433 18.0894
35.02500 477.382 17.4661
35.02800 477.331 17.9692
35.03100 477.28 17.3553
35.03400 477.229 17.5981
35.03700 477.178 17.0598
35.04000 477.129 17.3214
35.04300 477.08 17.5818
35.04600 477.033 17.2619
35.04900 476.987 17.35
35.05200 476.944 17.8259
35.05500 476.903 17.2516
35.05800 476.865 17.8429
35.06100 476.83 17.2722
35.06400 476.798 16.4023
35.06700 476.769 17.371
35.07000 476.745 17.2414
35.07300 476.725 17.7165
35.07600 476.708 16.7389
35.07900 476.697 16.7789
35.08200 476.69 18.2089
35.08500 476.688 16.3934
35.08800 476.69 17.3683
35.09100 476.699 17.5954
35.09400 476.712 17.7864
35.09700 476.73 16.7647
35.10000 476.754 16.8694
35.10300 476.784 17.4078
35.10600 476.819 16.5227
35.10900 476.859 17.0227
35.11200 476.905 17.8857
35.11500 476.957 17.1373
35.11800 477.013 17.9838
35.12100 477.076 17.1398
35.12400 477.143 16.9297
35.12700 477.217 17.2619
35.13000 477.295 17.5655
35.13300 477.378 16.5999
35.13600 477.467 17.8231
35.13900 477.56 17.1701
35.14200 477.659 16.9128
35.14500 477.762 16.7978
35.14800 477.87 16.9224
35.15100 477.982 17.371
35.15400 478.099 17.5466
35.15700 478.22 17.2337
35.16000 478.345 17.3214
35.16300 478.474 17.4955
35.16600 478.607 16.8958
35.16900 478.744 17.2133
35.17200 478.884 17.2645
35.17500 479.028 17.5818
35.17800 479.176 17.1878
35.18100 479.327 17.2133
35.18400 479.481 17.6998
35.18700 479.638 16.7319
35.19000 479.798 17.2825
35.19300 479.961 17.5899
35.19600 480.127 16.7365
35.19900 480.296 17.5709
35.20200 480.468 17.0276
35.20500 480.642 17.5196
35.20800 480.818 17.6446
35.21100 480.997 16.9007
35.21400 481.179 16.3125
35.21700 481.362 17.3631
35.22000 481.548 17.311
35.22300 481.737 17.1423
35.22600 481.927 17.2286
35.22900 482.12 17.2209
35.23200 482.314 17.5709
35.23500 482.511 17.9576
35.23800 482.709 16.9784
35.24100 482.909 17.8685
35.24400 483.103 17.7499
35.24700 483.302 17.1499
35.25000 483.507 17.0921
35.25300 483.709 17.4955
35.25600 483.918 17.4369
35.25900 484.128 17.3631
35.26200 484.339 17.337
35.26500 484.552 17.3736
35.26800 484.765 16.9662
35.27100 484.98 17.4263
35.27400 485.195 17.2005
35.27700 485.412 17.6584
35.28000 485.628 17.5872
35.28300 485.845 17.7137
35.28600 486.063 17.2235
35.28900 486.28 17.3526
35.29200 486.498 17.6777
35.29500 486.714 16.7931
35.29800 486.931 17.2107
35.30100 487.146 17.6943
35.30400 487.361 16.662
35.30700 487.574 17.5981
35.31000 487.786 16.954
35.31300 487.997 17.3422
35.31600 488.205 17.2107
35.31900 488.411 17.4422
35.32200 488.614 17.4501
35.32500 488.815 17.1726
35.32800 489.013 16.9443
35.33100 489.207 17.5385
35.33400 489.397 16.9176
35.33700 489.584 17.0177
35.34000 489.767 17.88
35.34300 489.944 18.1878
35.34600 490.118 17.2748
35.34900 490.286 17.5655
35.35200 490.448 18.1071
35.35500 490.605 17.2774
35.35800 490.757 16.8526
35.36100 490.902 17.8146
35.36400 491.04 17.5412
35.36700 491.173 17.16
35.37000 491.298 18.01
35.37300 491.417 17.3474
35.37600 491.529 17.165
35.37900 491.634 17.4395
35.38200 491.731 17.4687
35.38500 491.822 17.5116
35.38800 491.906 17.0301
35.39100 491.983 17.226
35.39400 492.052 17.7527
35.39700 492.116 17.7808
35.40000 492.172 18.3278
35.40300 492.222 17.6915
35.40600 492.266 17.7639
35.40900 492.304 17.2903
35.41200 492.337 18.0746
35.41500 492.364 17.6998
35.41800 492.385 17.9954
35.42100 492.402 17.0499
35.42400 492.415 17.2439
35.42700 492.423 17.2748
35.43000 492.427 17.5062
35.43300 492.428 17.4528
35.43600 492.425 17.5818
35.43900 492.42 17.1423
35.44200 492.412 17.609
35.44500 492.401 17.3946
35.44800 492.389 17.6915
35.45100 492.375 17.6117
35.45400 492.359 17.0996
35.45700 492.342 17.0128
35.46000 492.324 17.8657
35.46300 492.306 17.0301
35.46600 492.288 18.224
35.46900 492.269 17.4475
35.47200 492.251 17.792
35.47500 492.233 17.0672
35.47800 492.216 16.9931
35.48100 492.2 17.1473
35.48400 492.185 17.3526
35.48700 492.171 17.2107
35.49000 492.159 17.2311
35.49300 492.148 16.9565
35.49600 492.14 17.9663
35.49900 492.134 16.824
35.50200 492.13 17.3762
35.50500 492.128 16.9249
35.50800 492.129 16.8886
35.51100 492.132 17.2107
35.51400 492.138 17.7667
35.51700 492.147 17.6639
35.52000 492.159 17.7109
35.52300 492.174 17.8033
35.52600 492.192 16.7836
35.52900 492.213 17.9518
35.53200 492.238 17.2184
35.53500 492.265 17.4051
35.53800 492.296 17.421
35.54100 492.33 16.879
35.54400 492.367 17.0872
35.54700 492.407 17.3841
35.55000 492.45 17.1247
35.55300 492.497 17.4501
35.55600 492.547 17.337
35.55900 492.6 16.9176
35.56200 492.657 17.5872
35.56500 492.716 17.1122
35.56800 492.779 17.2929
35.57100 492.845 17.9808
35.57400 492.914 17.3474
35.57700 492.986 17.1071
35.58000 493.061 17.2439
35.58300 493.14 17.4078
35.58600 493.221 17.5927
35.58900 493.306 17.6446
35.59200 493.394 17.0921
35.59500 493.485 17.4316
35.59800 493.58 18.054
35.60100 493.679 17.5763
35.60400 493.781 17.6666
35.60700 493.887 16.7015
35.61000 493.997 17.4901
35.61300 494.112 17.2774
35.61600 494.231 17.8146
35.61900 494.356 17.421
35.62200 494.486 17.035
35.62500 494.621 17.9663
35.62800 494.763 16.3912
35.63100 494.913 17.5304
35.63400 495.069 17.0523
35.63700 495.234 17.4104
35.64000 495.408 17.3006
35.64300 495.591 17.2516
35.64600 495.785 18.1459
35.64900 495.991 17.3318
35.65200 496.208 17.6832
35.65500 496.439 17.4874
35.65800 496.685 17.9634
35.66100 496.946 17.7137
35.66400 497.223 16.9809
35.66700 497.518 16.6574
35.67000 497.832 17.6008
35.67300 498.165 17.1071
35.67600 498.519 18.0422
35.67900 498.896 17.4874
35.68200 499.295 17.8174
35.68500 499.718 17.298
35.68800 500.166 17.5035
35.69100 500.639 18.0246
35.69400 501.138 17.5412
35.69700 501.664 17.8914
35.70000 502.217 18.3494
35.70300 502.797 17.6584
35.70600 503.404 17.5412
35.70900 504.038 17.3526
35.71200 504.699 17.3006
35.71500 505.386 17.392
35.71800 506.098 17.1046
35.72100 506.833 17.3999
35.72400 507.591 17.1147
35.72700 508.37 18.0187
35.73000 509.167 17.2929
35.73300 509.981 17.5116
35.73600 510.809 17.6364
35.73900 511.649 17.2133
35.74200 512.496 17.9634
35.74500 513.348 18.1908
35.74800 514.201 17.4901
35.75100 515.051 18.1969
35.75400 515.894 17.5682
35.75700 516.725 17.6666
35.76000 517.54 17.4395
35.76300 518.334 17.198
35.76600 519.102 17.9954
35.76900 519.839 16.891
35.77200 520.54 17.8486
35.77500 521.2 17.3867
35.77800 521.814 17.4448
35.78100 522.378 17.9057
35.78400 522.887 17.4289
35.78700 523.339 18.1698
35.79000 523.732 17.4661
35.79300 524.062 17.6998
35.79600 524.329 17.9172
35.79900 524.533 17.5655
35.80200 524.676 18.0953
35.80500 524.759 17.6611
35.80800 524.784 17.7192
35.81100 524.757 18.1908
35.81400 524.68 17.7443
35.81700 524.56 18.1578
35.82000 524.401 17.5981
35.82300 524.21 17.7667
35.82600 523.992 17.5981
35.82900 523.754 18.0393
35.83200 523.502 18.4146
35.83500 523.242 17.8771
35.83800 522.98 17.8231
35.84100 522.722 18.5663
35.84400 522.474 18.1101
35.84700 522.24 18.2696
35.85000 522.027 18.9832
35.85300 521.838 17.9057
35.85600 521.679 18.1999
35.85900 521.553 18.5888
35.86200 521.465 17.8885
35.86500 521.418 18.4365
35.86800 521.415 18.1309
35.87100 521.459 18.1969
35.87400 521.552 17.421
35.87700 521.697 18.8746
35.88000 521.895 18.621
35.88300 522.146 18.2788
35.88600 522.453 18.5599
35.88900 522.815 17.9287
35.89200 523.232 18.2301
35.89500 523.703 18.2453
35.89800 524.229 17.8657
35.90100 524.807 18.3897
35.90400 525.436 18.2605
35.90700 526.113 18.8982
35.91000 526.837 17.736
35.91300 527.604 18.5153
35.91600 528.411 18.4711
35.91900 529.255 18.9389
35.92200 530.132 18.5599
35.92500 531.037 18.6663
35.92800 531.966 18.7978
35.93100 532.915 18.1698
35.93400 533.878 17.923
35.93700 534.851 18.6924
35.94000 535.828 18.5888
35.94300 536.803 17.9172
35.94600 537.772 18.9355
35.94900 538.728 18.224
35.95200 539.667 18.7614
35.95500 540.583 17.5466
35.95800 541.472 18.6242
35.96100 542.33 19.1847
35.96400 543.153 18.6274
35.96700 543.937 18.368
35.97000 544.682 19.0243
35.97300 545.386 18.8646
35.97600 546.049 19.1005
35.97900 546.671 18.7845
35.98200 547.253 19.657
35.98500 547.799 19.3965
35.98800 548.31 19.1882
35.99100 548.79 19.3673
35.99400 549.243 18.9695
35.99700 549.673 19.5703
36.00000 550.084 19.4957
36.00300 550.481 19.8068
36.00600 550.867 19.6608
36.00900 551.249 19.984
36.01200 551.629 20.2818
36.01500 552.014 19.7257
36.01800 552.406 20.2403
36.02100 552.811 19.5143
36.02400 553.232 19.518
36.02700 553.674 18.9797
36.03000 554.14 20.1743
36.03300 554.634 19.2664
36.03600 555.159 19.5478
36.03900 555.719 19.7836
36.04200 556.317 20.3237
36.04500 556.956 19.3601
36.04800 557.637 19.5928
36.05100 558.365 19.4551
36.05400 559.14 19.7527
36.05700 559.965 20.3321
36.06000 560.842 19.7565
36.06300 561.772 19.4514
36.06600 562.757 19.8575
36.06900 563.799 20.1456
36.07200 564.897 20.3912
36.07500 566.054 19.7488
36.07800 567.27 20.498
36.08100 568.547 20.5152
36.08400 569.884 19.8263
36.08700 571.282 20.286
36.09000 572.742 20.4851
36.09300 574.265 21.0259
36.09600 575.85 20.1089
36.09900 577.498 20.699
36.10200 579.209 20.4808
36.10500 580.983 20.5455
36.10800 582.821 19.574
36.11100 584.722 20.4252
36.11400 586.687 20.5066
36.11700 588.715 20.5369
36.12000 590.807 20.4679
36.12300 592.961 20.0441
36.12600 595.179 19.5703
36.12900 597.459 20.6548
36.13200 599.801 19.6229
36.13500 602.206 20.6416
36.13800 604.671 19.3637
36.14100 607.198 21.3201
36.14400 609.785 20.3321
36.14700 612.431 20.7257
36.15000 615.136 19.8771
36.15300 617.9 20.1866
36.15600 620.72 20.8969
36.15900 623.596 19.7104
36.16200 626.528 20.3742
36.16500 629.514 20.3237
36.16800 632.552 21.0073
36.17100 635.642 21.2334
36.17400 638.782 21.3833
36.17700 641.972 21.1525
36.18000 645.208 20.2902
36.18300 648.49 21.3152
36.18600 651.816 21.2047
36.18900 655.185 20.5803
36.19200 658.594 21.3249
36.19500 662.042 21.5116
36.19800 665.527 20.646
36.20100 669.047 21.7649
36.20400 672.599 21.3056
36.20700 676.183 20.4808
36.21000 679.794 21.6321
36.21300 683.432 22.1404
36.21600 687.094 19.9482
36.21900 690.777 21.7546
36.22200 694.479 21.627
36.22500 698.198 22.0971
36.22800 701.93 21.2814
36.23100 705.673 22.4904
36.23400 709.425 21.4029
36.23700 713.182 22.1948
36.24000 716.941 21.5016
36.24300 720.7 22.4677
36.24600 724.455 21.3785
36.24900 728.203 22.5246
36.25200 731.941 22.536
36.25500 735.666 22.0702
36.25800 739.374 22.3272
36.26100 743.062 22.5075
36.26400 746.725 21.7907
36.26700 750.361 22.1404
36.27000 753.966 22.3663
36.27300 757.536 24.0146
36.27600 761.067 22.0594
36.27900 764.554 23.0694
36.28200 767.995 22.9416
36.28500 771.384 22.8934
36.28800 774.718 23.0205
36.29100 777.992 22.798
36.29400 781.203 22.3775
36.29700 784.345 22.6572
36.30000 787.415 22.6108
36.30300 790.408 22.8814
36.30600 793.319 22.7744
36.30900 796.145 22.8755
36.31200 798.88 23.603
36.31500 801.521 22.8158
36.31800 804.064 23.2873
36.32100 806.503 23.4018
36.32400 808.835 23.9457
36.32700 811.055 24.3037
36.33000 813.16 23.1621
36.33300 815.146 22.99
36.33600 817.008 23.3826
36.33900 818.744 23.3316
36.34200 820.349 23.749
36.34500 821.82 24.1051
36.34800 823.155 23.3063
36.35100 824.349 23.531
36.35400 825.401 23.9594
36.35700 826.308 23.1807
36.36000 827.067 23.7893
36.36300 827.677 24.6034
36.36600 828.136 23.1558
36.36900 828.443 23.7691
36.37200 828.596 23.2684
36.37500 828.595 23.1249
36.37800 828.44 23.4082
36.38100 828.131 24.0911
36.38400 827.668 23.9663
36.38700 827.053 23.9319
36.39000 826.287 23.4275
36.39300 825.373 23.3126
36.39600 824.312 23.4533
36.39900 823.109 23.4791
36.40200 821.766 23.3954
36.40500 820.288 22.7508
36.40800 818.68 23.1745
36.41100 816.946 23.7289
36.41400 815.093 24.6407
36.41700 813.126 23.6492
36.42000 811.051 23.3698
36.42300 808.875 24.7841
36.42600 806.606 23.7893
36.42900 804.249 23.1807
36.43200 801.812 23.6624
36.43500 799.302 24.3108
36.43800 796.727 23.7423
36.44100 794.093 23.1869
36.44400 791.408 23.518
36.44700 788.679 23.5376
36.45000 785.913 22.8755
36.45300 783.116 23.5899
36.45600 780.295 23.3571
36.45900 777.456 23.9663
36.46200 774.606 23.4856
36.46500 771.749 23.1125
36.46800 768.891 23.1496
36.47100 766.037 23.2747
36.47400 763.192 23.094
36.47700 760.36 22.7097
36.48000 757.545 23.5702
36.48300 754.75 23.4339
36.48600 751.979 23.7289
36.48900 749.234 22.798
36.49200 746.517 22.8994
36.49500 743.831 22.5589
36.49800 741.177 22.5704
36.50100 738.555 23.5376
36.50400 735.967 22.9961
36.50700 733.413 22.536
36.51000 730.892 22.6166
36.51300 728.405 22.8337
36.51600 725.949 22.9961
36.51900 723.524 22.4563
36.52200 721.128 23.2936
36.52500 718.759 22.038
36.52800 716.414 22.3719
36.53100 714.093 22.663
36.53400 711.791 21.8844
36.53700 709.507 22.2607
36.54000 707.238 22.445
36.54300 704.981 22.2058
36.54600 702.734 21.9793
36.54900 700.496 22.3887
36.55200 698.264 22.4394
36.55500 696.039 22.173
36.55800 693.82 21.7907
36.56100 691.608 22.5819
36.56400 689.407 22.5532
36.56700 687.221 21.8844
36.57000 685.053 22.3272
36.57300 682.913 22.1948
36.57600 680.808 21.6473
36.57900 678.751 22.2773
36.58200 676.755 22.1676
36.58500 674.835 22.2607
36.58800 673.01 22.038
36.59100 671.302 22.4168
36.59400 669.733 22.2113
36.59700 668.331 21.7084
36.60000 667.124 22.0166
36.60300 666.144 21.3249
36.60600 665.427 21.8896
36.60900 665.01 22.6281
36.61200 664.932 22.0219
36.61500 665.239 21.8426
36.61800 665.974 21.5866
36.62100 667.185 22.0219
36.62400 668.922 21.7597
36.62700 671.235 21.7494
36.63000 674.177 22.3607
36.63300 677.799 21.2238
36.63600 682.153 21.9317
36.63900 687.288 22.2884
36.64200 693.253 22.1349
36.64500 700.092 22.0594
36.64800 707.845 22.5819
36.65100 716.548 22.0755
36.65400 726.229 22.0755
36.65700 736.908 23.051
36.66000 748.595 23.4082
36.66300 761.293 22.8456
36.66600 774.99 24.0702
36.66900 789.662 24.3757
36.67200 805.275 24.9688
36.67500 821.776 24.3037
36.67800 839.099 24.6557
36.68100 857.163 25.4906
36.68400 875.869 25.7513
36.68700 895.103 26.1981
36.69000 914.734 26.3798
36.69300 934.612 26.6406
36.69600 954.573 27.2065
36.69900 974.436 27.0468
36.70200 994.002 28.7361
36.70500 1013.06 27.8423
36.70800 1031.39 28.5365
36.71100 1048.74 28.8795
36.71400 1064.89 28.1383
36.71700 1079.58 29.4245
36.72000 1092.56 28.7718
36.72300 1103.63 29.6957
36.72600 1112.55 28.7599
36.72900 1119.15 29.361
36.73200 1123.28 30.1101
36.73500 1124.85 28.94
36.73800 1123.81 28.1161
36.74100 1120.17 28.5714
36.74400 1113.99 28.3069
36.74700 1105.37 28.2279
36.75000 1094.47 27.6184
36.75300 1081.47 27.5241
36.75600 1066.6 27.5659
36.75900 1050.09 27.1663
36.76200 1032.17 27.3077
36.76500 1013.09 27.3179
36.76800 993.096 26.3158
36.77100 972.41 25.5072
36.77400 951.256 26.082
36.77700 929.84 24.9688
36.78000 908.354 24.8913
36.78300 886.975 25.0785
36.78600 865.861 23.7356
36.78900 845.156 24.5219
36.79200 824.986 24.9068
36.79500 805.46 23.6228
36.79800 786.672 23.8298
36.80100 768.699 23.5571
36.80400 751.603 23.1063
36.80700 735.431 23.4339
36.81000 720.217 23.1683
36.81300 705.981 23.6558
36.81600 692.731 22.4847
36.81900 680.464 23.4275
36.82200 669.168 21.6422
36.82500 658.822 22.5475
36.82800 649.397 22.5075
36.83100 640.859 22.1621
36.83400 633.168 23.094
36.83700 626.281 21.9317
36.84000 620.152 21.9476
36.84300 614.734 22.8515
36.84600 609.978 21.8687
36.84900 605.834 22.0594
36.85200 602.257 21.5415
36.85500 599.197 21.4967
36.85800 596.612 22.0809
36.86100 594.457 21.1904
36.86400 592.693 21.8478
36.86700 591.281 22.0166
36.87000 590.186 21.8844
36.87300 589.376 21.7084
36.87600 588.82 20.8288
36.87900 588.493 21.3249
36.88200 588.367 21.2238
36.88500 588.42 20.7034
36.88800 588.64 19.2807
36.89100 589.005 19.1355
36.89400 589.499 19.1953
36.89700 590.109 20.9152
36.90000 590.822 19.9442
36.90300 591.629 20.166
36.90600 592.519 20.6284
36.90900 593.486 21.2286
36.91200 594.521 20.9519
36.91500 595.618 20.498
36.91800 596.773 20.624
36.92100 597.98 20.6153
36.92400 599.236 19.8771
36.92700 600.535 21.2095
36.93000 601.876 20.7212
36.93300 603.254 20.9335
36.93600 604.667 19.8497
36.93900 606.112 20.1784
36.94200 607.587 20.5239
36.94500 609.09 21.0212
36.94800 610.618 21.1762
36.95100 612.169 20.9198
36.95400 613.741 20.3111
36.95700 615.332 19.9442
36.96000 616.94 20.8787
36.96300 618.563 20.8243
36.96600 620.199 20.7838
36.96900 621.846 20.1907
36.97200 623.502 21.0538
36.97500 625.165 19.6646
36.97800 626.834 20.438
36.98100 628.505 20.7212
36.98400 630.178 20.8018
36.98700 631.85 20.7928
36.99000 633.519 20.8651
36.99300 635.183 21.4127
36.99600 636.84 20.9888
36.99900 638.489 21.2334
37.00200 640.126 21.1525
37.00500 641.75 21.5016
37.00800 643.359 21.4423
37.01100 644.951 21.1904
37.01400 646.524 20.5847
37.01700 648.075 21.0959
37.02000 649.603 21.6828
37.02300 651.105 21.219
37.02600 652.579 20.9243
37.02900 654.024 21.4669
37.03200 655.437 21.2286
37.03500 656.816 20.8787
37.03800 658.16 20.9934
37.04100 659.465 21.627
37.04400 660.73 21.4127
37.04700 661.953 20.6946
37.05000 663.133 21.6321
37.05300 664.266 21.8166
37.05600 665.352 21.9847
37.05900 666.388 20.3447
37.06200 667.373 21.1336
37.06500 668.305 21.3007
37.06800 669.182 21.7752
37.07100 670.003 21.9476
37.07400 670.766 21.3882
37.07700 671.469 21.0352
37.08000 672.112 22.0863
37.08300 672.694 21.7803
37.08600 673.212 21.0678
37.08900 673.666 21.5465
37.09200 674.056 21.3931
37.09500 674.379 21.1667
37.09800 674.637 20.4252
37.10100 674.827 22.2497
37.10400 674.949 20.8108
37.10700 675.004 20.7257
37.11000 674.991 20.5673
37.11300 674.909 20.9703
37.11600 674.76 22.0326
37.11900 674.543 22.8099
37.12200 674.258 20.8469
37.12500 673.906 21.2382
37.12800 673.487 21.9847
37.13100 673.002 21.1053
37.13400 672.452 21.693
37.13700 671.838 20.624
37.14000 671.161 21.627
37.14300 670.422 21.1477
37.14600 669.621 21.7546
37.14900 668.761 20.9427
37.15200 667.843 21.0678
37.15500 666.868 21.2911
37.15800 665.838 21.1006
37.16100 664.755 21.2622
37.16400 663.619 20.9519
37.16700 662.434 21.0445
37.17000 661.2 21.3249
37.17300 659.92 22.0541
37.17600 658.595 21.5866
37.17900 657.228 20.1211
37.18200 655.819 21.2862
37.18500 654.373 20.6636
37.18800 652.889 21.2526
37.19100 651.371 20.699
37.19400 649.82 20.6592
37.19700 648.238 20.1415
37.20000 646.628 21.7597
37.20300 644.991 20.5196
37.20600 643.329 20.4465
37.20900 641.644 20.646
37.21200 639.939 20.739
37.21500 638.214 20.7257
37.21800 636.473 20.9611
37.22100 634.717 20.9473
37.22400 632.947 20.2986
37.22700 631.165 20.9519
37.23000 629.374 21.1053
37.23300 627.575 20.3153
37.23600 625.768 20.8108
37.23900 623.957 21.1289
37.24200 622.143 20.7524
37.24500 620.326 20.6901
37.24800 618.509 20.4594
37.25100 616.692 20.3954
37.25400 614.877 20.5369
37.25700 613.066 20.1252
37.26000 611.259 21.1619
37.26300 609.457 20.6946
37.26600 607.662 20.1008
37.26900 605.874 19.589
37.27200 604.094 21.2862
37.27500 602.324 20.8787
37.27800 600.563 19.7411
37.28100 598.813 21.0073
37.28400 597.074 20.5803
37.28700 595.347 21.3249
37.29000 593.633 20.2777
37.29300 591.931 20.2403
37.29600 590.242 21.3298
37.29900 588.568 20.5282
37.30200 586.907 19.976
37.30500 585.261 19.5106
37.30800 583.629 19.6305
37.31100 582.013 20.2944
37.31400 580.413 20.4594
37.31700 578.829 20.0281
37.32000 577.262 19.5254
37.32300 575.712 20.2196
37.32600 574.18 19.5441
37.32900 572.667 20.0603
37.33200 571.173 19.6305
37.33500 569.7 19.4772
37.33800 568.248 20.1129
37.34100 566.819 19.772
37.34400 565.413 19.6078
37.34700 564.033 20.0482
37.35000 562.678 19.6456
37.35300 561.351 20.2569
37.35600 560.052 19.9244
37.35900 558.783 19.1075
37.36200 557.545 20.5282
37.36500 556.339 19.7527
37.36800 555.168 20.4808
37.37100 554.03 19.3275
37.37400 552.929 19.9721
37.37700 551.864 20.1048
37.38000 550.838 19.676
37.38300 549.851 20.4337
37.38600 548.903 19.7219
37.38900 547.997 20.1825
37.39200 547.132 19.4588
37.39500 546.309 19.342
37.39800 545.53 19.7952
37.40100 544.794 20.2735
37.40400 544.103 19.9007
37.40700 543.457 19.5853
37.41000 542.857 20.3069
37.41300 542.302 20.0361
37.41600 541.794 18.49
37.41900 541.332 19.803
37.42200 540.917 19.988
37.42500 540.549 18.8746
37.42800 540.229 19.4625
37.43100 539.956 20.0805
37.43400 539.73 19.8185
37.43700 539.552 19.4994
37.44000 539.421 19.8889
37.44300 539.338 19.9086
37.44600 539.302 19.6381
37.44900 539.313 19.0554
37.45200 539.37 19.7797
37.45500 539.474 20.0281
37.45800 539.625 19.7797
37.46100 539.821 18.8211
37.46400 540.063 19.2736
37.46700 540.35 18.7088
37.47000 540.681 19.1812
37.47300 541.056 20.008
37.47600 541.476 19.3746
37.47900 541.938 19.6494
37.48200 542.442 19.2201
37.48500 542.988 19.1285
37.48800 543.576 20.5109
37.49100 544.203 19.4957
37.49400 544.871 20.1415
37.49700 545.577 19.4957
37.50000 546.321 19.8068
37.50300 547.103 19.8732
37.50600 547.921 19.6154
37.50900 548.774 20.1129
37.51200 549.662 19.2308
37.51500 550.584 19.2237
37.51800 551.538 20.4422
37.52100 552.523 19.9165
37.52400 553.539 19.9284
37.52700 554.585 20.1907
37.53000 555.658 20.1048
37.53300 556.759 19.9126
37.53600 557.885 20.1743
37.53900 559.036 20.2237
37.54200 560.21 20.8243
37.54500 561.406 19.574
37.54800 562.623 19.98
37.55100 563.859 19.7257
37.55400 565.112 20.2154
37.55700 566.382 19.9721
37.56000 567.666 20.1825
37.56300 568.964 20.498
37.56600 570.273 20.8243
37.56900 571.593 20.7793
37.57200 572.92 19.98
37.57500 574.255 19.2201
37.57800 575.594 20.0401
37.58100 576.936 19.8419
37.58400 578.28 19.6875
37.58700 579.623 19.2772
37.59000 580.964 19.7991
37.59300 582.3 21.3492
37.59600 583.631 19.745
37.59900 584.953 19.9482
37.60200 586.265 20.7703
37.60500 587.565 20.3447
37.60800 588.851 20.2196
37.61100 590.12 19.3456
37.61400 591.371 20.2113
37.61700 592.602 20.2361
37.62000 593.81 19.6229
37.62300 594.993 20.1211
37.62600 596.15 20.1784
37.62900 597.277 20.7212
37.63200 598.374 20.498
37.63500 599.437 21.1383
37.63800 600.464 20.5282
37.64100 601.455 20.3531
37.64400 602.405 20.5412
37.64700 603.314 20.7614
37.65000 604.18 20.5586
37.65300 605 21.2622
37.65600 605.773 20.2818
37.65900 606.496 20.4765
37.66200 607.169 20.9381
37.66500 607.789 20.0886
37.66800 608.355 20.8379
37.67100 608.866 20.6109
37.67400 609.32 20.7658
37.67700 609.716 20.4937
37.68000 610.053 20.8787
37.68300 610.331 20.5934
37.68600 610.547 20.4722
37.68900 610.703 20.3405
37.69200 610.797 20.2569
37.69500 610.828 21.0259
37.69800 610.798 20.7524
37.70100 610.706 21.0352
37.70400 610.551 21.267
37.70700 610.336 21.3007
37.71000 610.059 20.3574
37.71300 609.721 21.6625
37.71600 609.324 20.3027
37.71900 608.869 20.9749
37.72200 608.355 20.3195
37.72500 607.785 20.589
37.72800 607.16 21.5116
37.73100 606.481 21.1289
37.73400 605.75 21.4521
37.73700 604.968 20.5455
37.74000 604.138 20.6946
37.74300 603.26 20.5847
37.74600 602.336 20.3531
37.74900 601.369 20.6372
37.75200 600.36 20.739
37.75500 599.311 19.9482
37.75800 598.225 20.1619
37.76100 597.103 20.9749
37.76400 595.947 20.5282
37.76700 594.759 20.1252
37.77000 593.541 20.3616
37.77300 592.296 20.4167
37.77600 591.025 21.1619
37.77900 589.73 20.1252
37.78200 588.413 20.9934
37.78500 587.076 20.7973
37.78800 585.722 21.5166
37.79100 584.351 20.3869
37.79400 582.966 20.576
37.79700 581.569 21.1477
37.80000 580.162 20.6153
37.80300 578.746 20.9795
37.80600 577.323 20.0401
37.80900 575.895 20.7748
37.81200 574.463 20.2527
37.81500 573.03 20.4082
37.81800 571.596 20.7212
37.82100 570.164 20.5109
37.82400 568.734 20.1619
37.82700 567.309 20.576
37.83000 565.89 20.748
37.83300 564.478 20.7748
37.83600 563.074 20.004
37.83900 561.681 20.8605
37.84200 560.299 21.2959
37.84500 558.929 19.8068
37.84800 557.573 20.1497
37.85100 556.233 19.7565
37.85400 554.908 20.2278
37.85700 553.6 20.3447
37.86000 552.311 21.0912
37.86300 551.041 21.1241
37.86600 549.791 20.1743
37.86900 548.562 20.0562
37.87200 547.355 20.3912
37.87500 546.171 20.2693
37.87800 545.011 20.2818
37.88100 543.875 20.589
37.88400 542.764 20.6284
37.88700 541.678 19.9323
37.89000 540.62 20.5803
37.89300 539.588 20.0361
37.89600 538.583 19.3492
37.89900 537.606 20.2237
37.90200 536.657 20.1497
37.90500 535.737 20.37
37.90800 534.846 20.4808
37.91100 533.984 20.0845
37.91400 533.151 20.8333
37.91700 532.347 20.5847
37.92000 531.573 21.2334
37.92300 530.829 21.7494
37.92600 530.114 20.7883
37.92900 529.428 21.1619
37.93200 528.772 22.2552
37.93500 528.144 21.6523
37.93800 527.546 20.9703
37.94100 526.976 21.8478
37.94400 526.435 22.5877
37.94700 525.921 21.2862
37.95000 525.435 20.7257
37.95300 524.976 21.5967
37.95600 524.543 21.2911
37.95900 524.137 21.7186
37.96200 523.756 20.9198
37.96500 523.399 21.243
37.96800 523.067 21.6727
37.97100 522.758 21.7391
37.97400 522.472 21.5515
37.97700 522.209 21.9107
37.98000 521.966 22.1133
37.98300 521.745 22.1025
37.98600 521.543 20.4937
37.98900 521.361 21.6473
37.99200 521.197 21.2286
37.99500 521.052 21.1525
37.99800 520.924 21.5666
38.00100 520.814 20.2569
38.00400 520.72 21.5216
38.00700 520.643 21.2047
38.01000 520.581 21.4423
38.01300 520.536 21.7289
38.01600 520.506 21.6625
38.01900 520.492 21.0445
38.02200 520.494 21.8322
38.02500 520.512 21.7391
38.02800 520.545 21.6118
38.03100 520.595 21.7803
38.03400 520.661 22.0971
38.03700 520.743 21.3152
38.04000 520.843 21.4917
38.04300 520.959 21.6727
38.04600 521.093 21.7494
38.04900 521.244 20.739
38.05200 521.414 21.2814
38.05500 521.601 21.3104
38.05800 521.804 22.4847
38.06100 522.019 22.2939
38.06400 522.263 22.605
38.06700 522.526 20.3321
38.07000 522.809 21.827
38.07300 523.111 22.3328
38.07600 523.434 21.3882
38.07900 523.775 22.0113
38.08200 524.137 21.7649
38.08500 524.519 21.853
38.08800 524.92 21.6422
38.09100 525.342 21.2
38.09400 525.783 21.4917
38.09700 526.243 21.3007
38.10000 526.724 21.5465
38.10300 527.223 22.2607
38.10600 527.742 21.801
38.10900 528.279 21.1809
38.11200 528.834 21.8949
38.11500 529.408 22.2662
38.11800 529.999 21.6574
38.12100 530.607 21.9265
38.12400 531.232 22.4507
38.12700 531.873 21.1194
38.13000 532.529 21.0398
38.13300 533.201 22.1404
38.13600 533.888 21.8322
38.13900 534.588 22.8695
38.14200 535.302 21.8426
38.14500 536.029 21.9634
38.14800 536.769 21.7649
38.15100 537.52 21.3152
38.15400 538.284 22.7626
38.15700 539.059 21.4176
38.16000 539.845 21.9476
38.16300 540.643 21.9423
38.16600 541.452 22.3105
38.16900 542.272 21.8792
38.17200 543.105 22.984
38.17500 543.95 23.051
38.17800 544.809 21.4472
38.18100 545.682 21.7237
38.18400 546.57 22.8277
38.18700 547.476 22.2442
38.19000 548.399 22.3384
38.19300 549.342 21.5515
38.19600 550.306 22.0594
38.19900 551.292 21.8374
38.20200 552.302 21.462
38.20500 553.338 21.3541
38.20800 554.401 22.2222
38.21100 555.494 21.827
38.21400 556.617 22.6397
38.21700 557.772 21.974
38.22000 558.962 22.0273
38.22300 560.187 23.4146
38.22600 561.45 22.6224
38.22900 562.752 21.801
38.23200 564.095 22.1894
38.23500 565.48 22.8099
38.23800 566.909 22.1621
38.24100 568.385 23.2182
38.24400 569.908 22.0059
38.24700 571.481 21.8374
38.25000 573.105 21.6676
38.25300 574.782 22.3831
38.25600 576.514 22.3272
38.25900 578.303 21.9581
38.26200 580.15 22.4112
38.26500 582.058 22.0219
38.26800 584.028 23.3698
38.27100 586.064 22.7331
38.27400 588.166 21.4176
38.27700 590.337 23.0449
38.28000 592.579 23.3635
38.28300 594.895 23.9388
38.28600 597.287 22.5647
38.28900 599.758 22.9658
38.29200 602.311 22.5532
38.29500 604.948 24.3757
38.29800 607.673 22.2773
38.30100 610.487 21.5666
38.30400 613.396 22.5246
38.30700 616.402 23.3698
38.31000 619.508 23.4791
38.31300 622.719 23.8095
38.31600 626.038 23.2495
38.31900 629.47 23.8095
38.32200 633.018 23.505
38.32500 636.687 23.9388
38.32800 640.482 23.8366
38.33100 644.407 23.9594
38.33400 648.467 24.1473
38.33700 652.666 22.5935
38.34000 657.012 24.1051
38.34300 661.507 23.6956
38.34600 666.159 24.5219
38.34900 670.972 23.4791
38.35200 675.952 24.4851
38.35500 681.104 22.9416
38.35800 686.435 24.3108
38.36100 691.951 23.4404
38.36400 697.656 23.9388
38.36700 703.557 24.8682
38.37000 709.66 23.9319
38.37300 715.971 24.412
38.37600 722.495 24.1192
38.37900 729.238 24.2607
38.38200 736.205 25.2297
38.38500 743.402 25.278
38.38800 750.835 24.3396
38.39100 758.507 24.8529
38.39400 766.424 25.985
38.39700 774.591 26.1891
38.40000 783.011 24.4998
38.40300 791.689 26.2432
38.40600 800.627 26.4443
38.40900 809.828 25.1101
38.41200 819.296 27.1663
38.41500 829.032 27.2166
38.41800 839.037 26.5279
38.42100 849.312 26.5093
38.42400 859.857 26.5935
38.42700 870.672 26.8028
38.43000 881.755 26.9975
38.43300 893.104 27.81
38.43600 904.716 27.2367
38.43900 916.586 27.7243
38.44200 928.712 28.421
38.44500 941.085 28.5365
38.44800 953.7 28.6534
38.45100 966.55 28.3866
38.45400 979.624 29.6826
38.45700 992.913 29.0007
38.46000 1006.41 28.7599
38.46300 1020.09 29.1854
38.46600 1033.95 29.2979
38.46900 1047.98 30.2891
38.47200 1062.15 30.7729
38.47500 1076.46 30.4009
38.47800 1090.87 30.5139
38.48100 1105.38 31.2195
38.48400 1119.96 31.0535
38.48700 1134.59 31.3266
38.49000 1149.25 31.0087
38.49300 1163.91 31.5283
38.49600 1178.55 32.1412
38.49900 1193.13 31.6544
38.50200 1207.64 32.53
38.50500 1222.04 32.3592
38.50800 1236.3 33.0049
38.51100 1250.39 33.2411
38.51400 1264.28 33.0409
38.51700 1277.94 32.8443
38.52000 1291.33 33.0409
38.52300 1304.42 33.3704
38.52600 1317.17 33.9618
38.52900 1329.55 33.6146
38.53200 1341.53 33.6336
38.53500 1353.07 34.6064
38.53800 1364.14 34.6896
38.54100 1374.7 34.8155
38.54400 1384.71 35.1364
38.54700 1394.15 33.7292
38.55000 1402.99 35.0285
38.55300 1411.2 35.3333
38.55600 1418.75 35.05
38.55900 1425.61 34.5651
38.56200 1431.77 35.2235
38.56500 1437.2 33.8255
38.56800 1441.89 34.7945
38.57100 1445.82 35.9675
38.57400 1448.99 34.3401
38.57700 1451.39 34.5033
38.58000 1453.02 35.1147
38.58300 1453.88 33.8643
38.58600 1453.97 34.0799
38.58900 1453.31 34.9215
38.59200 1451.9 33.7292
38.59500 1449.76 34.9642
38.59800 1446.92 33.9032
38.60100 1443.38 34.1394
38.60400 1439.18 34.1394
38.60700 1434.35 34.2193
38.61000 1428.9 34.5444
38.61300 1422.86 33.2779
38.61600 1416.28 33.389
38.61900 1409.17 34.3199
38.62200 1401.58 33.71
38.62500 1393.52 32.686
38.62800 1385.03 34.3199
38.63100 1376.15 32.0915
38.63400 1366.91 33.0049
38.63700 1357.33 32.6686
38.64000 1347.44 33.5578
38.64300 1337.28 33.5957
38.64600 1326.87 33.1133
38.64900 1316.25 32.4785
38.65200 1305.43 32.9332
38.65500 1294.44 32.2413
38.65800 1283.3 31.6703
38.66100 1272.05 32.1911
38.66400 1260.7 31.5597
38.66700 1249.28 32.1246
38.67000 1237.8 30.9344
38.67300 1226.28 30.8021
38.67600 1214.74 31.4347
38.67900 1203.2 30.1374
38.68200 1191.68 31.8626
38.68500 1180.19 30.657
38.68800 1168.74 31.2348
38.69100 1157.35 31.5754
38.69400 1146.03 31.0535
38.69700 1134.79 30.429
38.70000 1123.64 30.2614
38.70300 1112.6 30.429
38.70600 1101.66 30.846
38.70900 1090.85 29.8807
38.71200 1080.16 30.4997
38.71500 1069.6 28.8916
38.71800 1059.18 29.7219
38.72100 1048.9 29.3484
38.72400 1038.77 28.0939
38.72700 1028.8 28.6299
38.73000 1018.97 29.0496
38.73300 1009.31 28.9521
38.73600 999.812 28.2054
38.73900 990.474 27.9727
38.74200 981.302 28.5948
38.74500 972.296 30.0965
38.74800 963.457 28.8916
38.75100 954.787 28.9764
38.75400 946.285 28.6652
38.75700 937.953 27.8856
38.76000 929.789 27.3485
38.76300 921.795 28.2843
38.76600 913.969 28.3296
38.76900 906.312 28.341
38.77200 898.823 27.7564
38.77500 891.501 26.7166
38.77800 884.346 26.3706
38.78100 877.357 26.8511
38.78400 870.534 26.5466
38.78700 863.877 26.8317
38.79000 857.383 26.2613
38.79300 851.054 27.9073
38.79600 844.888 27.2266
38.79900 838.885 27.0369
38.80200 833.045 27.3281
38.80500 827.367 26.7261
38.80800 821.851 27.0765
38.81100 816.497 26.3158
38.81400 811.305 26.8511
38.81700 806.275 26.5372
38.82000 801.407 25.8113
38.82300 796.701 26.2613
38.82600 792.157 24.6258
38.82900 787.776 26.1087
38.83200 783.557 26.8705
38.83500 779.502 25.4989
38.83800 775.61 26.4443
38.84100 771.882 26.1712
38.84400 768.318 25.7428
38.84700 764.919 25.5906
38.85000 761.685 25.5571
38.85300 758.617 25.6917
38.85600 755.714 25.2377
38.85900 752.978 25.863
38.86200 750.408 25.9238
38.86500 748.004 24.5737
38.86800 745.767 25.5155
38.87100 743.697 24.3324
38.87400 741.793 25.7087
38.87700 740.055 25.0706
38.88000 738.482 25.0156
38.88300 737.075 26.6406
38.88600 735.831 24.9922
38.88900 734.751 24.93
38.89200 733.833 25.2699
38.89500 733.075 26.4258
38.89800 732.477 24.8529
38.90100 732.035 26.1712
38.90400 731.749 26.1622
38.90700 731.615 25.8457
38.91000 731.632 25.7257
38.91300 731.796 25.5155
38.91600 732.105 24.1402
38.91900 732.555 24.6482
38.92200 733.142 26.1443
38.92500 733.863 26.2251
38.92800 734.713 25.6917
38.93100 735.688 24.6857
38.93400 736.783 26.9876
38.93700 737.993 25.3429
38.94000 739.313 25.1816
38.94300 740.737 25.3755
38.94600 742.259 24.8529
38.94900 743.873 24.6258
38.95200 745.572 25.6579
38.95500 747.351 26.4074
38.95800 749.2 26.2161
38.96100 751.115 25.8113
38.96400 753.086 26.1265
38.96700 755.106 25.8113
38.97000 757.166 25.5906
38.97300 759.26 26.9191
38.97600 761.377 26.3982
38.97900 763.509 26.4535
38.98200 765.647 26.029
38.98500 767.782 26.1265
38.98800 769.904 25.4411
38.99100 772.004 22.5935
38.99400 774.073 25.0078
38.99700 776.1 24.3396
39.00000 778.075 24.3902
39.00300 779.99 25.863
39.00600 781.833 25.118
39.00900 783.596 25.4246
39.01200 785.268 25.5739
39.01500 786.841 25.4164
39.01800 788.304 24.9222
39.02100 789.649 25.6579
39.02400 790.867 26.7644
39.02700 791.95 26.2885
39.03000 792.89 25.3918
39.03300 793.68 25.3918
39.03600 794.312 25.8199
39.03900 794.782 26.6029
39.04200 795.082 25.6495
39.04500 795.21 25.9412
39.04800 795.16 25.8371
39.05100 794.931 25.351
39.05400 794.518 26.0643
39.05700 793.922 25.0864
39.06000 793.141 25.8027
39.06300 792.176 25.7941
39.06600 791.028 25.1896
39.06900 789.698 25.8113
39.07200 788.19 25.5405
39.07500 786.507 24.9222
39.07800 784.653 24.2038
39.08100 782.632 24.9688
39.08400 780.45 25.3266
39.08700 778.113 25.3185
39.09000 775.627 25.0706
39.09300 772.998 25.2217
39.09600 770.234 24.9068
39.09900 767.342 25.8199
39.10200 764.329 24.8991
39.10500 761.203 24.8299
39.10800 757.972 24.9145
39.11100 754.643 25.047
39.11400 751.224 24.5514
39.11700 747.723 24.7159
39.12000 744.147 25.8457
39.12300 740.505 25.7172
39.12600 736.804 24.2607
39.12900 733.051 23.8095
39.13200 729.253 24.0772
39.13500 725.418 24.5145
39.13800 721.552 23.492
39.14100 717.662 23.4211
39.14400 713.754 24.3108
39.14700 709.835 23.9663
39.15000 705.911 24.5514
39.15300 701.988 25.3837
39.15600 698.07 23.4791
39.15900 694.164 23.4597
39.16200 690.274 23.0571
39.16500 686.405 23.281
39.16800 682.563 23.3316
39.17100 678.75 23.7893
39.17400 674.971 24.1825
39.17700 671.23 22.7155
39.18000 667.53 24.1896
39.18300 663.875 24.2607
39.18600 660.267 22.6281
39.18900 656.709 24.0702
39.19200 653.205 23.1621
39.19500 649.755 23.2057
39.19800 646.362 22.7921
39.20100 643.028 22.4168
39.20400 639.755 23.1932
39.20700 636.543 23.1249
39.21000 633.394 23.6228
39.21300 630.308 22.6863
39.21600 627.287 23.6757
39.21900 624.331 21.9687
39.22200 621.441 23.0266
39.22500 618.615 22.6921
39.22800 615.855 21.4226
39.23100 613.161 23.4662
39.23400 610.531 22.9355
39.23700 607.966 23.5702
39.24000 605.465 22.8814
39.24300 603.028 22.5246
39.24600 600.653 21.8114
39.24900 598.34 22.3495
39.25200 596.087 21.7033
39.25500 593.894 22.3663
39.25800 591.76 22.0433
39.26100 589.682 22.1404
39.26400 587.661 23.3571
39.26700 585.695 23.5702
39.27000 583.782 22.8158
39.27300 581.921 21.8739
39.27600 580.111 22.4112
39.27900 578.35 21.7597
39.28200 576.636 21.5315
39.28500 574.969 21.1525
39.28800 573.347 22.0006
39.29100 571.768 22.4337
39.29400 570.231 22.6281
39.29700 568.734 21.734
39.30000 567.276 21.4275
39.30300 565.856 21.8166
39.30600 564.472 21.5666
39.30900 563.122 21.4669
39.31200 561.806 21.2959
39.31500 560.523 21.8218
39.31800 559.27 20.8514
39.32100 558.046 22.173
39.32400 556.851 21.4127
39.32700 555.684 21.5917
39.33000 554.542 21.2766
39.33300 553.426 21.5515
39.33600 552.333 21.6473
39.33900 551.264 22.0487
39.34200 550.216 22.9961
39.34500 549.19 21.3785
39.34800 548.183 21.3201
39.35100 547.197 21.7084
39.35400 546.228 22.2387
39.35700 545.278 21.1525
39.36000 544.345 22.038
39.36300 543.428 21.9001
39.36600 542.527 21.2862
39.36900 541.641 20.3742
39.37200 540.769 22.6863
39.37500 539.912 21.974
39.37800 539.068 21.6676
39.38100 538.237 20.8243
39.38400 537.419 21.3687
39.38700 536.613 21.3492
39.39000 535.819 21.0398
39.39300 535.036 21.8635
39.39600 534.264 20.7212
39.39900 533.503 21.0398
39.40200 532.752 21.8896
39.40500 532.012 21.5565
39.40800 531.281 20.6416
39.41100 530.56 21.6676
39.41400 529.849 21.3056
39.41700 529.147 19.7257
39.42000 528.453 21.3395
39.42300 527.769 20.5978
39.42600 527.093 21.1241
39.42900 526.426 21.1667
39.43200 525.768 21.2334
39.43500 525.117 21.3638
39.43800 524.475 20.0643
39.44100 523.84 20.6021
39.44400 523.214 20.012
39.44700 522.595 20.2818
39.45000 521.984 20.1907
39.45300 521.381 20.2818
39.45600 520.785 20.2902
39.45900 520.197 20.998
39.46200 519.616 20.7928
39.46500 519.043 21.0491
39.46800 518.476 20.2735
39.47100 517.917 21.0073
39.47400 517.365 20.8741
39.47700 516.82 20.7748
39.48000 516.282 19.8771
39.48300 515.75 20.2818
39.48600 515.226 20.2237
39.48900 514.708 21.6017
39.49200 514.198 21.0772
39.49500 513.693 19.7028
39.49800 513.196 19.7296
39.50100 512.705 19.9323
39.50400 512.22 20.3912
39.50700 511.742 20.5282
39.51000 511.27 20.1743
39.51300 510.804 20.5847
39.51600 510.345 21.1194
39.51900 509.892 20.1456
39.52200 509.445 19.8224
39.52500 509.004 20.6065
39.52800 508.568 20.9289
39.53100 508.139 19.772
39.53400 507.716 20.3069
39.53700 507.298 20.589
39.54000 506.886 20.9289
39.54300 506.48 20.9381
39.54600 506.079 20.5282
39.54900 505.684 19.153
39.55200 505.294 20.6065
39.55500 504.909 20.589
39.55800 504.53 19.9047
39.56100 504.156 20.3405
39.56400 503.788 20.5282
39.56700 503.424 20.7257
39.57000 503.066 20.5803
39.57300 502.712 20.9381
39.57600 502.363 19.6951
39.57900 502.02 19.7066
39.58200 501.681 20.1292
39.58500 501.346 21.9634
39.58800 501.017 19.7527
39.59100 500.692 21.243
39.59400 500.371 20.7257
39.59700 500.055 19.7991
39.60000 499.743 20.9795
39.60300 499.436 20.1456
39.60600 499.133 19.7527
39.60900 498.834 21.0725
39.61200 498.539 20.7838
39.61500 498.248 19.4257
39.61800 497.962 20.3827
39.62100 497.679 21.4818
39.62400 497.4 20.1048
39.62700 497.124 20.0724
39.63000 496.853 20.2154
39.63300 496.584 20.7168
39.63600 496.32 20.37
39.63900 496.059 20.4167
39.64200 495.801 19.9403
39.64500 495.546 20.6504
39.64800 495.295 21.4967
39.65100 495.047 19.8536
39.65400 494.802 19.9047
39.65700 494.559 19.4551
39.66000 494.32 19.5329
39.66300 494.083 20.1619
39.66600 493.849 19.7991
39.66900 493.618 20.024
39.67200 493.389 19.7952
39.67500 493.162 20.5109
39.67800 492.938 19.2557
39.68100 492.716 19.6913
39.68400 492.496 20.5673
39.68700 492.279 19.772
39.69000 492.063 20.4209
39.69300 491.849 19.772
39.69600 491.637 19.9442
39.69900 491.426 20.5196
39.70200 491.218 20.2237
39.70500 491.01 19.9244
39.70800 490.805 20.3742
39.71100 490.6 20.2031
39.71400 490.397 20.1333
39.71700 490.195 20.6504
39.72000 489.994 20.9473
39.72300 489.795 21.5666
39.72600 489.596 19.8615
39.72900 489.398 21.1147
39.73200 489.201 20.4894
39.73500 489.005 19.885
39.73800 488.81 20.8605
39.74100 488.615 19.9641
39.74400 488.421 20.5542
39.74700 488.227 19.885
39.75000 488.033 19.657
39.75300 487.84 20.5369
39.75600 487.648 19.8185
39.75900 487.455 20.1333
39.76200 487.263 20.2486
39.76500 487.071 20.3279
39.76800 486.879 19.6532
39.77100 486.687 18.949
39.77400 486.495 20.748
39.77700 486.303 19.2024
39.78000 486.111 20.4252
39.78300 485.919 20.9427
39.78600 485.726 19.8693
39.78900 485.534 19.9403
39.79200 485.341 20.5673
39.79500 485.148 19.4367
39.79800 484.954 20.7168
39.80100 484.76 20.6725
39.80400 484.566 20.6109
39.80700 484.372 20.3827
39.81000 484.177 20.3869
39.81300 483.982 20.2361
39.81600 483.786 20.4551
39.81900 483.59 19.4625
39.82200 483.393 20.6065
39.82500 483.196 19.9482
39.82800 482.999 20.012
39.83100 482.801 20.3827
39.83400 482.602 19.5478
39.83700 482.403 20.2154
39.84000 482.204 19.6154
39.84300 482.004 19.8224
39.84600 481.804 20.576
39.84900 481.603 20.2361
39.85200 481.402 20.3574
39.85500 481.2 19.371
39.85800 480.998 20.4808
39.86100 480.795 20.9795
39.86400 480.592 20.6813
39.86700 480.389 20.37
39.87000 480.185 20.3405
39.87300 479.981 21.0073
39.87600 479.776 20.0482
39.87900 479.571 20.016
39.88200 479.366 21.1762
39.88500 479.16 21.1289
39.88800 478.954 20.5455
39.89100 478.748 21.0491
39.89400 478.541 20.8651
39.89700 478.334 20.5586
39.90000 478.127 20.6065
39.90300 477.919 20.7301
39.90600 477.712 21.2143
39.90900 477.504 20.166
39.91200 477.296 19.7681
39.91500 477.087 20.8243
39.91800 476.878 19.9522
39.92100 476.669 19.4735
39.92400 476.46 20.2403
39.92700 476.251 20.4209
39.93000 476.041 19.7642
39.93300 475.832 20.5978
39.93600 475.622 20.2902
39.93900 475.412 20.2902
39.94200 475.201 21.2574
39.94500 474.991 20.4808
39.94800 474.78 20.6504
39.95100 474.569 20.5023
39.95400 474.358 21.5166
39.95700 474.147 20.5412
39.96000 473.936 20.646
39.96300 473.724 21.853
39.96600 473.512 20.2569
39.96900 473.3 22.0166
39.97200 473.088 20.2278
39.97500 472.875 20.5716
39.97800 472.662 20.739
39.98100 472.449 20.6328
39.98400 472.236 21.5716
39.98700 472.022 20.1619
39.99000 471.808 21.2862
39.99300 471.594 20.9749
39.99600 471.379 19.98
39.99900 471.164 20.4551
