# columns: two_theta_deg intensity sigma
2.00000 1303 36.0375
2.01000 1399 37.5293
2.02000 1340 36.5148
2.03000 1311 36.2738
2.04000 1403 37.5293
2.05000 1343 36.7607
2.06000 1353 36.7607
2.07000 1372 37.0117
2.08000 1367 37.0117
2.09000 1390 37.2678
2.10000 1399 37.5293
2.11000 1395 37.2678
2.12000 1389 37.2678
2.13000 1409 37.5293
2.14000 1429 37.7964
2.15000 1450 38.0693
2.16000 1522 38.9249
2.17000 1474 38.3482
2.18000 1443 38.0693
2.19000 1501 38.6334
2.20000 1458 38.0693
2.21000 1520 38.9249
2.22000 1493 38.6334
2.23000 1529 39.2232
2.24000 1566 39.5285
2.25000 1522 38.9249
2.26000 1481 38.3482
2.27000 1470 38.3482
2.28000 1544 39.2232
2.29000 1520 38.9249
2.30000 1577 39.841
2.31000 1561 39.5285
2.32000 1610 40.161
2.33000 1615 40.161
2.34000 1576 39.841
2.35000 1572 39.5285
2.36000 1538 39.2232
2.37000 1502 38.6334
2.38000 1570 39.5285
2.39000 1598 39.841
2.40000 1542 39.2232
2.41000 1597 39.841
2.42000 1549 39.2232
2.43000 1574 39.5285
2.44000 1567 39.5285
2.45000 1593 39.841
2.46000 1594 39.841
2.47000 1610 40.161
2.48000 1631 40.4888
2.49000 1626 40.161
2.50000 1616 40.161
2.51000 1557 39.5285
2.52000 1547 39.2232
2.53000 1616 40.161
2.54000 1614 40.161
2.55000 1562 39.5285
2.56000 1595 39.841
2.57000 1541 39.2232
2.58000 1556 39.5285
2.59000 1512 38.9249
2.60000 1528 39.2232
2.61000 1575 39.841
2.62000 1611 40.161
2.63000 1541 39.2232
2.64000 1576 39.841
2.65000 1557 39.5285
2.66000 1624 40.161
2.67000 1598 39.841
2.68000 1632 40.4888
2.69000 1643 40.4888
2.70000 1608 40.161
2.71000 1536 39.2232
2.72000 1618 40.161
2.73000 1593 39.841
2.74000 1535 39.2232
2.75000 1622 40.161
2.76000 1561 39.5285
2.77000 1558 39.5285
2.78000 1577 39.841
2.79000 1566 39.5285
2.80000 1625 40.161
2.81000 1545 39.2232
2.82000 1558 39.5285
2.83000 1562 39.5285
2.84000 1615 40.161
2.85000 1585 39.841
2.86000 1578 39.841
2.87000 1529 39.2232
2.88000 1560 39.5285
2.89000 1575 39.841
2.90000 1601 40.161
2.91000 1603 40.161
2.92000 1610 40.161
2.93000 1614 40.161
2.94000 1611 40.161
2.95000 1592 39.841
2.96000 1607 40.161
2.97000 1563 39.5285
2.98000 1624 40.161
2.99000 1662 40.8248
3.00000 1568 39.5285
3.01000 1573 39.5285
3.02000 1646 40.4888
3.03000 1536 39.2232
3.04000 1598 39.841
3.05000 1653 40.8248
3.06000 1681 41.1693
3.07000 1603 40.161
3.08000 1600 39.841
3.09000 1576 39.841
3.10000 1621 40.161
3.11000 1632 40.4888
3.12000 1583 39.841
3.13000 1631 40.4888
3.14000 1660 40.8248
3.15000 1651 40.4888
3.16000 1552 39.5285
3.17000 1526 38.9249
3.18000 1614 40.161
3.19000 1641 40.4888
3.20000 1616 40.161
3.21000 1615 40.161
3.22000 1582 39.841
3.23000 1569 39.5285
3.24000 1572 39.5285
3.25000 1627 40.4888
3.26000 1643 40.4888
3.27000 1657 40.8248
3.28000 1574 39.5285
3.29000 1627 40.4888
3.30000 1628 40.4888
3.31000 1705 41.1693
3.32000 1617 40.161
3.33000 1589 39.841
3.34000 1634 40.4888
3.35000 1587 39.841
3.36000 1548 39.2232
3.37000 1612 40.161
3.38000 1628 40.4888
3.39000 1631 40.4888
3.40000 1694 41.1693
3.41000 1694 41.1693
3.42000 1717 41.5227
3.43000 1577 39.841
3.44000 1602 40.161
3.45000 1669 40.8248
3.46000 1651 40.4888
3.47000 1629 40.4888
3.48000 1598 39.841
3.49000 1566 39.5285
3.50000 1653 40.8248
3.51000 1612 40.161
3.52000 1662 40.8248
3.53000 1566 39.5285
3.54000 1677 40.8248
3.55000 1681 41.1693
3.56000 1606 40.161
3.57000 1641 40.4888
3.58000 1658 40.8248
3.59000 1648 40.4888
3.60000 1660 40.8248
3.61000 1606 40.161
3.62000 1674 40.8248
3.63000 1606 40.161
3.64000 1680 40.8248
3.65000 1614 40.161
3.66000 1634 40.4888
3.67000 1668 40.8248
3.68000 1638 40.4888
3.69000 1672 40.8248
3.70000 1645 40.4888
3.71000 1670 40.8248
3.72000 1703 41.1693
3.73000 1744 41.8854
3.74000 1714 41.5227
3.75000 1713 41.5227
3.76000 1675 40.8248
3.77000 1625 40.161
3.78000 1689 41.1693
3.79000 1666 40.8248
3.80000 1647 40.4888
3.81000 1730 41.5227
3.82000 1681 41.1693
3.83000 1667 40.8248
3.84000 1658 40.8248
3.85000 1672 40.8248
3.86000 1707 41.1693
3.87000 1675 40.8248
3.88000 1682 41.1693
3.89000 1693 41.1693
3.90000 1617 40.161
3.91000 1575 39.841
3.92000 1690 41.1693
3.93000 1671 40.8248
3.94000 1666 40.8248
3.95000 1721 41.5227
3.96000 1626 40.161
3.97000 1626 40.161
3.98000 1646 40.4888
3.99000 1646 40.4888
4.00000 1659 40.8248
4.01000 1669 40.8248
4.02000 1643 40.4888
4.03000 1634 40.4888
4.04000 1656 40.8248
4.05000 1706 41.1693
4.06000 1659 40.8248
4.07000 1756 41.8854
4.08000 1697 41.1693
4.09000 1695 41.1693
4.10000 1752 41.8854
4.11000 1691 41.1693
4.12000 1786 42.2577
4.13000 1700 41.1693
4.14000 1634 40.4888
4.15000 1686 41.1693
4.16000 1670 40.8248
4.17000 1681 41.1693
4.18000 1704 41.1693
4.19000 1705 41.1693
4.20000 1716 41.5227
4.21000 1759 41.8854
4.22000 1695 41.1693
4.23000 1664 40.8248
4.24000 1675 40.8248
4.25000 1669 40.8248
4.26000 1734 41.5227
4.27000 1659 40.8248
4.28000 1663 40.8248
4.29000 1739 41.5227
4.30000 1683 41.1693
4.31000 1615 40.161
4.32000 1755 41.8854
4.33000 1725 41.5227
4.34000 1679 40.8248
4.35000 1692 41.1693
4.36000 1622 40.161
4.37000 1650 40.4888
4.38000 1702 41.1693
4.39000 1735 41.5227
4.40000 1753 41.8854
4.41000 1680 40.8248
4.42000 1667 40.8248
4.43000 1633 40.4888
4.44000 1695 41.1693
4.45000 1791 42.2577
4.46000 1762 41.8854
4.47000 1722 41.5227
4.48000 1695 41.1693
4.49000 1724 41.5227
4.50000 1741 41.8854
4.51000 1734 41.5227
4.52000 1762 41.8854
4.53000 1719 41.5227
4.54000 1720 41.5227
4.55000 1771 42.2577
4.56000 1762 41.8854
4.57000 1734 41.5227
4.58000 1796 42.2577
4.59000 1777 42.2577
4.60000 1802 42.6401
4.61000 1778 42.2577
4.62000 1796 42.2577
4.63000 1736 41.5227
4.64000 1796 42.2577
4.65000 1801 42.2577
4.66000 1799 42.2577
4.67000 1713 41.5227
4.68000 1735 41.5227
4.69000 1819 42.6401
4.70000 1831 42.6401
4.71000 1809 42.6401
4.72000 1859 43.0331
4.73000 1821 42.6401
4.74000 1849 43.0331
4.75000 1882 43.4372
4.76000 1851 43.0331
4.77000 1817 42.6401
4.78000 1739 41.5227
4.79000 1890 43.4372
4.80000 1833 42.6401
4.81000 1839 43.0331
4.82000 1880 43.4372
4.83000 1807 42.6401
4.84000 1849 43.0331
4.85000 1871 43.4372
4.86000 1806 42.6401
4.87000 1860 43.0331
4.88000 1845 43.0331
4.89000 1942 44.2807
4.90000 1932 43.8529
4.91000 1962 44.2807
4.92000 1928 43.8529
4.93000 1879 43.4372
4.94000 1948 44.2807
4.95000 1934 43.8529
4.96000 1892 43.4372
4.97000 1937 43.8529
4.98000 1962 44.2807
4.99000 2053 45.1754
5.00000 2007 44.7214
5.01000 2049 45.1754
5.02000 2155 46.6252
5.03000 2068 45.6435
5.04000 2021 45.1754
5.05000 2137 46.1266
5.06000 2147 46.1266
5.07000 2124 46.1266
5.08000 2160 46.6252
5.09000 2204 47.1405
5.10000 2174 46.6252
5.11000 2117 46.1266
5.12000 2226 47.1405
5.13000 2181 46.6252
5.14000 2210 47.1405
5.15000 2266 47.6731
5.16000 2213 47.1405
5.17000 2264 47.6731
5.18000 2305 48.2243
5.19000 2348 48.2243
5.20000 2324 48.2243
5.21000 2387 48.795
5.22000 2563 50.637
5.23000 2459 49.3865
5.24000 2505 50
5.25000 2592 50.637
5.26000 2657 51.2989
5.27000 2804 52.7046
5.28000 2736 51.9875
5.29000 2861 53.4522
5.30000 2977 54.2326
5.31000 3125 55.9017
5.32000 3304 57.735
5.33000 3341 57.735
5.34000 3429 58.722
5.35000 3521 59.7614
5.36000 3452 58.722
5.37000 3489 58.722
5.38000 3431 58.722
5.39000 3153 55.9017
5.40000 2905 54.2326
5.41000 2749 52.7046
5.42000 2426 49.3865
5.43000 2215 47.1405
5.44000 2106 46.1266
5.45000 1993 44.7214
5.46000 1850 43.0331
5.47000 1892 43.4372
5.48000 1805 42.6401
5.49000 1781 42.2577
5.50000 1783 42.2577
5.51000 1682 41.1693
5.52000 1801 42.2577
5.53000 1685 41.1693
5.54000 1738 41.5227
5.55000 1825 42.6401
5.56000 1736 41.5227
5.57000 1738 41.5227
5.58000 1626 40.161
5.59000 1738 41.5227
5.60000 1742 41.8854
5.61000 1700 41.1693
5.62000 1707 41.1693
5.63000 1737 41.5227
5.64000 1715 41.5227
5.65000 1752 41.8854
5.66000 1740 41.8854
5.67000 1707 41.1693
5.68000 1720 41.5227
5.69000 1766 41.8854
5.70000 1708 41.1693
5.71000 1696 41.1693
5.72000 1736 41.5227
5.73000 1739 41.5227
5.74000 1725 41.5227
5.75000 1807 42.6401
5.76000 1721 41.5227
5.77000 1730 41.5227
5.78000 1720 41.5227
5.79000 1718 41.5227
5.80000 1691 41.1693
5.81000 1738 41.5227
5.82000 1662 40.8248
5.83000 1777 42.2577
5.84000 1732 41.5227
5.85000 1797 42.2577
5.86000 1689 41.1693
5.87000 1846 43.0331
5.88000 1725 41.5227
5.89000 1685 41.1693
5.90000 1811 42.6401
5.91000 1732 41.5227
5.92000 1741 41.8854
5.93000 1777 42.2577
5.94000 1749 41.8854
5.95000 1731 41.5227
5.96000 1724 41.5227
5.97000 1684 41.1693
5.98000 1746 41.8854
5.99000 1801 42.2577
6.00000 1721 41.5227
6.01000 1774 42.2577
6.02000 1742 41.8854
6.03000 1737 41.5227
6.04000 1700 41.1693
6.05000 1777 42.2577
6.06000 1760 41.8854
6.07000 1759 41.8854
6.08000 1702 41.1693
6.09000 1696 41.1693
6.10000 1771 42.2577
6.11000 1676 40.8248
6.12000 1661 40.8248
6.13000 1700 41.1693
6.14000 1720 41.5227
6.15000 1751 41.8854
6.16000 1741 41.8854
6.17000 1742 41.8854
6.18000 1730 41.5227
6.19000 1706 41.1693
6.20000 1731 41.5227
6.21000 1747 41.8854
6.22000 1678 40.8248
6.23000 1781 42.2577
6.24000 1749 41.8854
6.25000 1717 41.5227
6.26000 1804 42.6401
6.27000 1780 42.2577
6.28000 1752 41.8854
6.29000 1770 42.2577
6.30000 1765 41.8854
6.31000 1762 41.8854
6.32000 1745 41.8854
6.33000 1757 41.8854
6.34000 1727 41.5227
6.35000 1660 40.8248
6.36000 1703 41.1693
6.37000 1749 41.8854
6.38000 1788 42.2577
6.39000 1760 41.8854
6.40000 1668 40.8248
6.41000 1721 41.5227
6.42000 1762 41.8854
6.43000 1715 41.5227
6.44000 1690 41.1693
6.45000 1775 42.2577
6.46000 1745 41.8854
6.47000 1816 42.6401
6.48000 1738 41.5227
6.49000 1761 41.8854
6.50000 1746 41.8854
6.51000 1729 41.5227
6.52000 1762 41.8854
6.53000 1709 41.1693
6.54000 1754 41.8854
6.55000 1760 41.8854
6.56000 1708 41.1693
6.57000 1784 42.2577
6.58000 1755 41.8854
6.59000 1790 42.2577
6.60000 1769 41.8854
6.61000 1781 42.2577
6.62000 1787 42.2577
6.63000 1687 41.1693
6.64000 1783 42.2577
6.65000 1732 41.5227
6.66000 1669 40.8248
6.67000 1770 42.2577
6.68000 1740 41.8854
6.69000 1799 42.2577
6.70000 1670 40.8248
6.71000 1678 40.8248
6.72000 1757 41.8854
6.73000 1720 41.5227
6.74000 1675 40.8248
6.75000 1806 42.6401
6.76000 1767 41.8854
6.77000 1772 42.2577
6.78000 1738 41.5227
6.79000 1771 42.2577
6.80000 1717 41.5227
6.81000 1736 41.5227
6.82000 1751 41.8854
6.83000 1733 41.5227
6.84000 1719 41.5227
6.85000 1744 41.8854
6.86000 1739 41.5227
6.87000 1831 42.6401
6.88000 1767 41.8854
6.89000 1649 40.4888
6.90000 1751 41.8854
6.91000 1732 41.5227
6.92000 1756 41.8854
6.93000 1817 42.6401
6.94000 1813 42.6401
6.95000 1788 42.2577
6.96000 1772 42.2577
6.97000 1738 41.5227
6.98000 1736 41.5227
6.99000 1770 42.2577
7.00000 1702 41.1693
7.01000 1757 41.8854
7.02000 1797 42.2577
7.03000 1723 41.5227
7.04000 1761 41.8854
7.05000 1725 41.5227
7.06000 1779 42.2577
7.07000 1764 41.8854
7.08000 1694 41.1693
7.09000 1736 41.5227
7.10000 1786 42.2577
7.11000 1757 41.8854
7.12000 1787 42.2577
7.13000 1722 41.5227
7.14000 1740 41.8854
7.15000 1811 42.6401
7.16000 1769 41.8854
7.17000 1784 42.2577
7.18000 1795 42.2577
7.19000 1744 41.8854
7.20000 1696 41.1693
7.21000 1817 42.6401
7.22000 1831 42.6401
7.23000 1773 42.2577
7.24000 1716 41.5227
7.25000 1852 43.0331
7.25999 1757 41.8854
7.27000 1763 41.8854
7.27999 1724 41.5227
7.29000 1727 41.5227
7.29999 1771 42.2577
7.31000 1775 42.2577
7.31999 1756 41.8854
7.33000 1696 41.1693
7.33999 1793 42.2577
7.35000 1772 42.2577
7.35999 1786 42.2577
7.37000 1715 41.5227
7.37999 1792 42.2577
7.39000 1763 41.8854
7.39999 1715 41.5227
7.41000 1773 42.2577
7.41999 1825 42.6401
7.43000 1704 41.1693
7.43999 1808 42.6401
7.45000 1809 42.6401
7.45999 1784 42.2577
7.47000 1818 42.6401
7.47999 1769 41.8854
7.49000 1786 42.2577
7.49999 1807 42.6401
7.50999 1708 41.1693
7.51999 1763 41.8854
7.52999 1691 41.1693
7.53999 1767 41.8854
7.54999 1800 42.2577
7.55999 1804 42.6401
7.56999 1733 41.5227
7.57999 1762 41.8854
7.58999 1717 41.5227
7.59999 1764 41.8854
7.60999 1770 42.2577
7.61999 1775 42.2577
7.62999 1775 42.2577
7.63999 1769 41.8854
7.64999 1821 42.6401
7.65999 1805 42.6401
7.66999 1827 42.6401
7.67999 1797 42.2577
7.68999 1810 42.6401
7.69999 1768 41.8854
7.70999 1798 42.2577
7.71999 1807 42.6401
7.72999 1714 41.5227
7.73999 1768 41.8854
7.74999 1741 41.8854
7.75999 1687 41.1693
7.76999 1780 42.2577
7.77999 1783 42.2577
7.78999 1796 42.2577
7.79999 1794 42.2577
7.80999 1815 42.6401
7.81999 1711 41.5227
7.82999 1774 42.2577
7.83999 1796 42.2577
7.84999 1805 42.6401
7.85999 1836 43.0331
7.86999 1759 41.8854
7.87999 1746 41.8854
7.88999 1783 42.2577
7.89999 1820 42.6401
7.90999 1778 42.2577
7.91999 1737 41.5227
7.92999 1775 42.2577
7.93999 1728 41.5227
7.94999 1835 43.0331
7.95999 1747 41.8854
7.96999 1839 43.0331
7.97999 1796 42.2577
7.98999 1753 41.8854
7.99999 1740 41.8854
8.00999 1834 42.6401
8.01999 1689 41.1693
8.02999 1723 41.5227
8.03999 1773 42.2577
8.04999 1756 41.8854
8.05999 1737 41.5227
8.06999 1828 42.6401
8.07999 1816 42.6401
8.08999 1761 41.8854
8.09999 1749 41.8854
8.10999 1703 41.1693
8.11999 1769 41.8854
8.12999 1731 41.5227
8.13999 1713 41.5227
8.14999 1716 41.5227
8.15999 1752 41.8854
8.16999 1746 41.8854
8.17999 1771 42.2577
8.18999 1773 42.2577
8.19999 1814 42.6401
8.20999 1762 41.8854
8.21999 1749 41.8854
8.22999 1709 41.1693
8.23999 1745 41.8854
8.24999 1800 42.2577
8.25999 1809 42.6401
8.26999 1739 41.5227
8.27999 1678 40.8248
8.28999 1723 41.5227
8.29999 1787 42.2577
8.30999 1700 41.1693
8.31999 1734 41.5227
8.32999 1688 41.1693
8.33999 1722 41.5227
8.34999 1756 41.8854
8.35999 1811 42.6401
8.36999 1739 41.5227
8.37999 1795 42.2577
8.38999 1771 42.2577
8.39999 1724 41.5227
8.40999 1761 41.8854
8.41999 1796 42.2577
8.42999 1813 42.6401
8.43999 1825 42.6401
8.44999 1795 42.2577
8.45999 1774 42.2577
8.46999 1841 43.0331
8.47999 1779 42.2577
8.48999 1722 41.5227
8.49999 1763 41.8854
8.50999 1732 41.5227
8.51999 1814 42.6401
8.52999 1783 42.2577
8.53999 1787 42.2577
8.54999 1793 42.2577
8.55999 1761 41.8854
8.56999 1764 41.8854
8.57999 1821 42.6401
8.58999 1773 42.2577
8.59999 1687 41.1693
8.60999 1830 42.6401
8.61999 1785 42.2577
8.62999 1765 41.8854
8.63999 1747 41.8854
8.64999 1731 41.5227
8.65999 1764 41.8854
8.66999 1791 42.2577
8.67999 1803 42.6401
8.68999 1838 43.0331
8.69999 1761 41.8854
8.70999 1785 42.2577
8.71999 1839 43.0331
8.72999 1846 43.0331
8.73999 1792 42.2577
8.74999 1857 43.0331
8.75999 1867 43.0331
8.76999 1723 41.5227
8.77999 1845 43.0331
8.78999 1831 42.6401
8.79999 1770 42.2577
8.80999 1868 43.0331
8.81999 1836 43.0331
8.82999 1864 43.0331
8.83999 1848 43.0331
8.84999 1947 44.2807
8.85999 1800 42.2577
8.86999 1889 43.4372
8.87999 1861 43.0331
8.88999 1901 43.4372
8.89999 1886 43.4372
8.90999 1894 43.4372
8.91999 1914 43.8529
8.92999 1875 43.4372
8.93999 1877 43.4372
8.94999 1844 43.0331
8.95999 1826 42.6401
8.96999 1791 42.2577
8.97999 1811 42.6401
8.98999 1789 42.2577
8.99999 1722 41.5227
9.00999 1854 43.0331
9.01999 1793 42.2577
9.02999 1736 41.5227
9.03999 1786 42.2577
9.04999 1782 42.2577
9.05999 1781 42.2577
9.06999 1705 41.1693
9.07999 1764 41.8854
9.08999 1761 41.8854
9.09999 1746 41.8854
9.10999 1808 42.6401
9.11999 1790 42.2577
9.12999 1719 41.5227
9.13999 1718 41.5227
9.14999 1766 41.8854
9.15999 1694 41.1693
9.16999 1777 42.2577
9.17999 1760 41.8854
9.18999 1780 42.2577
9.19999 1768 41.8854
9.20999 1759 41.8854
9.21999 1766 41.8854
9.22999 1717 41.5227
9.23999 1779 42.2577
9.24999 1779 42.2577
9.25999 1799 42.2577
9.26999 1813 42.6401
9.27999 1812 42.6401
9.28999 1832 42.6401
9.29999 1757 41.8854
9.30999 1826 42.6401
9.31999 1791 42.2577
9.32999 1727 41.5227
9.33999 1850 43.0331
9.34999 1778 42.2577
9.35999 1750 41.8854
9.36999 1839 43.0331
9.37999 1776 42.2577
9.38999 1898 43.4372
9.39999 1868 43.0331
9.40999 1893 43.4372
9.41999 1875 43.4372
9.42999 1857 43.0331
9.43999 1843 43.0331
9.44999 1902 43.4372
9.45999 1920 43.8529
9.46999 1982 44.7214
9.47999 2030 45.1754
9.48999 2004 44.7214
9.49999 1955 44.2807
9.50999 2044 45.1754
9.51999 2060 45.1754
9.52999 2054 45.1754
9.53999 2143 46.1266
9.54999 2241 47.1405
9.55999 2227 47.1405
9.56999 2264 47.6731
9.57999 2295 47.6731
9.58999 2345 48.2243
9.59999 2396 48.795
9.60999 2457 49.3865
9.61999 2559 50.637
9.62999 2570 50.637
9.63999 2653 51.2989
9.64999 2884 53.4522
9.65999 2931 54.2326
9.66999 3087 55.9017
9.67999 3200 56.7962
9.68999 3386 57.735
9.69999 3605 59.7614
9.70999 3712 60.8581
9.71999 3948 63.2456
9.72999 4266 65.938
9.73999 4709 69.0066
9.74999 5119 70.7107
9.75999 5248 72.5476
9.76999 5822 76.6965
9.77999 6427 79.0569
9.78999 7152 84.5154
9.79999 7688 87.7058
9.80999 8552 91.2871
9.81999 9203 95.3463
9.82999 9529 100
9.83999 10038 100
9.84999 10047 100
9.85999 9649 100
9.86999 9117 95.3463
9.87999 8184 91.2871
9.88999 7294 84.5154
9.89999 6304 79.0569
9.90999 5139 72.5476
9.91999 4280 65.938
9.92999 3529 59.7614
9.93999 3031 55.0482
9.94999 2696 51.9875
9.95999 2246 47.1405
9.96999 2154 46.6252
9.97999 2102 45.6435
9.98999 2033 45.1754
9.99999 1918 43.8529
10.00999 1894 43.4372
10.01999 1837 43.0331
10.02999 1830 42.6401
10.03999 1838 43.0331
10.04999 1868 43.0331
10.05999 1852 43.0331
10.06999 1818 42.6401
10.07999 1828 42.6401
10.08999 1804 42.6401
10.09999 1892 43.4372
10.10999 1774 42.2577
10.11999 1787 42.2577
10.12999 1752 41.8854
10.13999 1769 41.8854
10.14999 1777 42.2577
10.15999 1772 42.2577
10.16999 1781 42.2577
10.17999 1742 41.8854
10.18999 1827 42.6401
10.19999 1755 41.8854
10.20999 1768 41.8854
10.21999 1840 43.0331
10.22999 1770 42.2577
10.23999 1804 42.6401
10.24999 1809 42.6401
10.25999 1820 42.6401
10.26999 1821 42.6401
10.27999 1855 43.0331
10.28999 1790 42.2577
10.29999 1809 42.6401
10.30999 1814 42.6401
10.31999 1837 43.0331
10.32999 1798 42.2577
10.33999 1766 41.8854
10.34999 1867 43.0331
10.35999 1801 42.2577
10.36999 1815 42.6401
10.37999 1841 43.0331
10.38999 1927 43.8529
10.39999 1849 43.0331
10.40999 1820 42.6401
10.41999 1872 43.4372
10.42999 1911 43.8529
10.43999 1950 44.2807
10.44999 1925 43.8529
10.45999 2019 44.7214
10.46999 1990 44.7214
10.47999 2012 44.7214
10.48999 2028 45.1754
10.49999 2032 45.1754
10.50999 2120 46.1266
10.51999 2058 45.1754
10.52999 2067 45.6435
10.53999 2086 45.6435
10.54999 2177 46.6252
10.55999 2156 46.6252
10.56999 2140 46.1266
10.57999 2165 46.6252
10.58999 2119 46.1266
10.59999 2115 46.1266
10.60999 2140 46.1266
10.61999 2107 46.1266
10.62999 2149 46.1266
10.63999 2058 45.1754
10.64999 2142 46.1266
10.65999 2122 46.1266
10.66999 2206 47.1405
10.67999 2355 48.795
10.68999 2285 47.6731
10.69999 2333 48.2243
10.70999 2413 49.3865
10.71999 2501 50
10.72999 2579 50.637
10.73999 2582 50.637
10.74999 2681 51.9875
10.75999 2681 51.9875
10.76999 2627 51.2989
10.77999 2764 52.7046
10.78999 2699 51.9875
10.79999 2579 50.637
10.80999 2485 50
10.81999 2399 48.795
10.82999 2148 46.1266
10.83999 2084 45.6435
10.84999 1997 44.7214
10.85999 1893 43.4372
10.86999 1909 43.8529
10.87999 1824 42.6401
10.88999 1860 43.0331
10.89999 1809 42.6401
10.90999 1811 42.6401
10.91999 1859 43.0331
10.92999 1830 42.6401
10.93999 1768 41.8854
10.94999 1808 42.6401
10.95999 1801 42.2577
10.96999 1706 41.1693
10.97999 1745 41.8854
10.98999 1863 43.0331
10.99999 1781 42.2577
11.00999 1716 41.5227
11.01999 1730 41.5227
11.02999 1759 41.8854
11.03999 1725 41.5227
11.04999 1802 42.6401
11.05999 1734 41.5227
11.06999 1725 41.5227
11.07999 1749 41.8854
11.08999 1825 42.6401
11.09999 1805 42.6401
11.10999 1783 42.2577
11.11999 1774 42.2577
11.12999 1784 42.2577
11.13999 1700 41.1693
11.14999 1767 41.8854
11.15999 1747 41.8854
11.16999 1763 41.8854
11.17999 1793 42.2577
11.18999 1772 42.2577
11.19999 1664 40.8248
11.20999 1764 41.8854
11.21999 1779 42.2577
11.22999 1722 41.5227
11.23999 1697 41.1693
11.24999 1769 41.8854
11.25999 1734 41.5227
11.26999 1752 41.8854
11.27999 1805 42.6401
11.28999 1838 43.0331
11.29999 1781 42.2577
11.30999 1717 41.5227
11.31999 1771 42.2577
11.32999 1734 41.5227
11.33999 1821 42.6401
11.34999 1799 42.2577
11.35999 1766 41.8854
11.36999 1741 41.8854
11.37999 1703 41.1693
11.38999 1779 42.2577
11.39999 1806 42.6401
11.40999 1813 42.6401
11.41999 1786 42.2577
11.42999 1711 41.5227
11.43999 1752 41.8854
11.44999 1818 42.6401
11.45999 1758 41.8854
11.46999 1748 41.8854
11.47999 1854 43.0331
11.48999 1809 42.6401
11.49999 1791 42.2577
11.50999 1819 42.6401
11.51999 1880 43.4372
11.52999 1749 41.8854
11.53999 1771 42.2577
11.54999 1816 42.6401
11.55999 1753 41.8854
11.56999 1755 41.8854
11.57999 1849 43.0331
11.58999 1782 42.2577
11.59999 1808 42.6401
11.60999 1737 41.5227
11.61999 1795 42.2577
11.62999 1826 42.6401
11.63999 1793 42.2577
11.64999 1850 43.0331
11.65999 1937 43.8529
11.66999 1848 43.0331
11.67999 1964 44.2807
11.68999 1857 43.0331
11.69999 1958 44.2807
11.70999 2007 44.7214
11.71999 1982 44.7214
11.72999 1950 44.2807
11.73999 2000 44.7214
11.74999 2029 45.1754
11.75999 2075 45.6435
11.76999 2120 46.1266
11.77999 2201 47.1405
11.78999 2239 47.1405
11.79999 2263 47.6731
11.80999 2347 48.2243
11.81999 2485 50
11.82999 2530 50
11.83999 2660 51.2989
11.84999 2736 51.9875
11.85999 2899 54.2326
11.86999 2899 54.2326
11.87999 2922 54.2326
11.88999 2922 54.2326
11.89999 2779 52.7046
11.90999 2607 51.2989
11.91999 2524 50
11.92999 2311 48.2243
11.93999 2277 47.6731
11.94999 2112 46.1266
11.95999 2021 45.1754
11.96999 1943 44.2807
11.97999 1856 43.0331
11.98999 1867 43.0331
11.99999 1819 42.6401
12.00999 1732 41.5227
12.01999 1843 43.0331
12.02999 1735 41.5227
12.03999 1807 42.6401
12.04999 1744 41.8854
12.05999 1821 42.6401
12.06999 1824 42.6401
12.07999 1780 42.2577
12.08999 1723 41.5227
12.09999 1764 41.8854
12.10999 1709 41.1693
12.11999 1818 42.6401
12.12999 1723 41.5227
12.13999 1794 42.2577
12.14999 1748 41.8854
12.15999 1709 41.1693
12.16999 1733 41.5227
12.17999 1785 42.2577
12.18999 1701 41.1693
12.19999 1710 41.5227
12.20999 1769 41.8854
12.21999 1730 41.5227
12.22999 1790 42.2577
12.23999 1718 41.5227
12.24999 1782 42.2577
12.25999 1637 40.4888
12.26999 1775 42.2577
12.27999 1807 42.6401
12.28999 1735 41.5227
12.29999 1795 42.2577
12.30999 1707 41.1693
12.31999 1741 41.8854
12.32999 1728 41.5227
12.33999 1818 42.6401
12.34999 1798 42.2577
12.35999 1748 41.8854
12.36999 1754 41.8854
12.37999 1787 42.2577
12.38999 1835 43.0331
12.39999 1692 41.1693
12.40999 1719 41.5227
12.41999 1784 42.2577
12.42999 1707 41.1693
12.43999 1784 42.2577
12.44999 1785 42.2577
12.45999 1702 41.1693
12.46999 1730 41.5227
12.47999 1710 41.5227
12.48999 1748 41.8854
12.49999 1812 42.6401
12.50999 1782 42.2577
12.51999 1782 42.2577
12.52999 1720 41.5227
12.53999 1795 42.2577
12.54999 1764 41.8854
12.55999 1736 41.5227
12.56999 1749 41.8854
12.57999 1759 41.8854
12.58999 1800 42.2577
12.59999 1729 41.5227
12.60999 1723 41.5227
12.61999 1813 42.6401
12.62999 1761 41.8854
12.63999 1694 41.1693
12.64999 1809 42.6401
12.65999 1707 41.1693
12.66999 1718 41.5227
12.67999 1733 41.5227
12.68999 1832 42.6401
12.69999 1750 41.8854
12.70999 1722 41.5227
12.71999 1784 42.2577
12.72999 1821 42.6401
12.73999 1792 42.2577
12.74999 1850 43.0331
12.75999 1864 43.0331
12.76999 1792 42.2577
12.77999 1822 42.6401
12.78999 1790 42.2577
12.79999 1777 42.2577
12.80999 1864 43.0331
12.81999 1901 43.4372
12.82999 1814 42.6401
12.83999 1886 43.4372
12.84999 1861 43.0331
12.85999 1936 43.8529
12.86999 1955 44.2807
12.87999 1887 43.4372
12.88999 1942 44.2807
12.89999 2004 44.7214
12.90999 1977 44.2807
12.91999 1947 44.2807
12.92999 1989 44.7214
12.93999 1917 43.8529
12.94999 1988 44.7214
12.95999 1911 43.8529
12.96999 1929 43.8529
12.97999 1932 43.8529
12.98999 1851 43.0331
12.99999 1849 43.0331
13.00999 1856 43.0331
13.01999 1839 43.0331
13.02999 1829 42.6401
13.03999 1839 43.0331
13.04999 1818 42.6401
13.05999 1904 43.4372
13.06999 1876 43.4372
13.07999 1935 43.8529
13.08999 1877 43.4372
13.09999 1914 43.8529
13.10999 1858 43.0331
13.11999 1947 44.2807
13.12999 1946 44.2807
13.13999 1971 44.2807
13.14999 1989 44.7214
13.15999 1981 44.7214
13.16999 1974 44.2807
13.17999 1973 44.2807
13.18999 2000 44.7214
13.19999 2077 45.6435
13.20999 2071 45.6435
13.21999 2074 45.6435
13.22999 2052 45.1754
13.23999 2116 46.1266
13.24999 2193 46.6252
13.25999 2180 46.6252
13.26999 2066 45.6435
13.27999 2228 47.1405
13.28999 2177 46.6252
13.29999 2166 46.6252
13.30999 2233 47.1405
13.31999 2248 47.6731
13.32999 2282 47.6731
13.33999 2397 48.795
13.34999 2477 50
13.35999 2502 50
13.36999 2642 51.2989
13.37999 2776 52.7046
13.38999 2896 53.4522
13.39999 3014 55.0482
13.40999 3276 56.7962
13.41999 3414 58.722
13.42999 3675 60.8581
13.43999 3888 62.0174
13.44999 4093 64.5497
13.45999 4551 67.42
13.46999 5023 70.7107
13.47999 5534 74.5356
13.48999 5953 76.6965
13.49999 6705 81.6497
13.50999 7410 87.7058
13.51999 8595 91.2871
13.52999 9437 95.3463
13.53999 10773 105.409
13.54999 12319 119.523
13.55999 13490 141.421
13.56999 15350 158.114
13.57999 16916 182.574
13.58999 18571 182.574
13.59999 19799 182.574
13.60999 21216 223.607
13.61999 21315 223.607
13.62999 20724 223.607
13.63999 20241 223.607
13.64999 18906 182.574
13.65999 16629 158.114
13.66999 14689 141.421
13.67999 11939 119.523
13.68999 9802 100
13.69999 7851 87.7058
13.70999 6214 79.0569
13.71999 4985 70.7107
13.72999 3935 63.2456
13.73999 3343 57.735
13.74999 2852 53.4522
13.75999 2517 50
13.76999 2277 47.6731
13.77999 2122 46.1266
13.78999 2100 45.6435
13.79999 1974 44.2807
13.80999 1955 44.2807
13.81999 1978 44.2807
13.82999 1882 43.4372
13.83999 1924 43.8529
13.84999 1900 43.4372
13.85999 1868 43.0331
13.86999 1829 42.6401
13.87999 1820 42.6401
13.88999 1842 43.0331
13.89999 1853 43.0331
13.90999 1849 43.0331
13.91999 1840 43.0331
13.92999 1810 42.6401
13.93999 1845 43.0331
13.94999 1873 43.4372
13.95999 1764 41.8854
13.96999 1806 42.6401
13.97999 1732 41.5227
13.98999 1847 43.0331
13.99999 1737 41.5227
14.00999 1812 42.6401
14.01999 1761 41.8854
14.02999 1787 42.2577
14.03999 1895 43.4372
14.04999 1811 42.6401
14.05999 1844 43.0331
14.06999 1873 43.4372
14.07999 1868 43.0331
14.08999 1887 43.4372
14.09999 1883 43.4372
14.10999 1851 43.0331
14.11999 1981 44.7214
14.12999 1901 43.4372
14.13999 1927 43.8529
14.14999 1928 43.8529
14.15999 1988 44.7214
14.16999 2016 44.7214
14.17999 2028 45.1754
14.18999 2129 46.1266
14.19999 2119 46.1266
14.20999 2193 46.6252
14.21999 2264 47.6731
14.22999 2238 47.1405
14.23999 2373 48.795
14.24999 2540 50.637
14.25999 2580 50.637
14.26999 2545 50.637
14.27999 2548 50.637
14.28999 2503 50
14.29999 2356 48.795
14.30999 2316 48.2243
14.31999 2217 47.1405
14.32999 2095 45.6435
14.33999 2039 45.1754
14.34999 2041 45.1754
14.35999 1972 44.2807
14.36999 1881 43.4372
14.37999 1870 43.4372
14.38999 1916 43.8529
14.39999 1815 42.6401
14.40999 1850 43.0331
14.41999 1871 43.4372
14.42999 1765 41.8854
14.43999 1780 42.2577
14.44999 1858 43.0331
14.45999 1842 43.0331
14.46999 1825 42.6401
14.47999 1828 42.6401
14.48999 1792 42.2577
14.49999 1780 42.2577
14.50999 1769 41.8854
14.51999 1827 42.6401
14.52999 1782 42.2577
14.53999 1894 43.4372
14.54999 1842 43.0331
14.55999 1764 41.8854
14.56999 1811 42.6401
14.57999 1828 42.6401
14.58999 1781 42.2577
14.59999 1828 42.6401
14.60999 1805 42.6401
14.61999 1823 42.6401
14.62999 1739 41.5227
14.63999 1757 41.8854
14.64999 1749 41.8854
14.65999 1776 42.2577
14.66999 1794 42.2577
14.67999 1867 43.0331
14.68999 1813 42.6401
14.69999 1810 42.6401
14.70999 1749 41.8854
14.71999 1853 43.0331
14.72999 1846 43.0331
14.73999 1844 43.0331
14.74999 1826 42.6401
14.75999 1777 42.2577
14.76999 1824 42.6401
14.77999 1849 43.0331
14.78999 1904 43.4372
14.79999 1726 41.5227
14.80999 1778 42.2577
14.81999 1802 42.6401
14.82999 1820 42.6401
14.83999 1807 42.6401
14.84999 1826 42.6401
14.85999 1878 43.4372
14.86999 1872 43.4372
14.87999 1782 42.2577
14.88999 1843 43.0331
14.89999 1858 43.0331
14.90999 1817 42.6401
14.91999 1770 42.2577
14.92999 1782 42.2577
14.93999 1824 42.6401
14.94999 1906 43.8529
14.95999 1848 43.0331
14.96999 1807 42.6401
14.97999 1866 43.0331
14.98999 1881 43.4372
14.99999 1844 43.0331
15.00999 1875 43.4372
15.01999 1913 43.8529
15.02999 1816 42.6401
15.03999 1873 43.4372
15.04999 1973 44.2807
15.05999 1935 43.8529
15.06999 1973 44.2807
15.07999 2042 45.1754
15.08999 2098 45.6435
15.09999 2107 46.1266
15.10999 2012 44.7214
15.11999 2241 47.1405
15.12999 2147 46.1266
15.13999 2231 47.1405
15.14999 2357 48.795
15.15999 2463 49.3865
15.16999 2476 50
15.17999 2721 51.9875
15.18999 2714 51.9875
15.19999 2888 53.4522
15.20999 3034 55.0482
15.21999 3335 57.735
15.22999 3609 59.7614
15.23999 3629 59.7614
15.24999 4068 63.2456
15.25999 4418 65.938
15.26999 4698 69.0066
15.27999 5124 70.7107
15.28999 5363 72.5476
15.29999 5882 76.6965
15.30999 6332 79.0569
15.31999 6922 84.5154
15.32999 7546 87.7058
15.33999 8118 91.2871
15.34999 8947 95.3463
15.35999 9501 95.3463
15.36999 10128 100
15.37999 10706 105.409
15.38999 10705 105.409
15.39999 10476 105.409
15.40999 9844 100
15.41999 9417 95.3463
15.42999 8280 91.2871
15.43999 7284 84.5154
15.44999 6412 79.0569
15.45999 5574 74.5356
15.46999 4891 70.7107
15.47999 4177 64.5497
15.48999 3877 62.0174
15.49999 3604 59.7614
15.50999 3355 57.735
15.51999 3362 57.735
15.52999 3234 56.7962
15.53999 3357 57.735
15.54999 3475 58.722
15.55999 3463 58.722
15.56999 3727 60.8581
15.57999 4075 63.2456
15.58999 4367 65.938
15.59999 4693 69.0066
15.60999 5196 72.5476
15.61999 5406 74.5356
15.62999 5624 74.5356
15.63999 6076 79.0569
15.64999 6562 81.6497
15.65999 6860 81.6497
15.66999 7406 84.5154
15.67999 8005 91.2871
15.68999 8449 91.2871
15.69999 9228 95.3463
15.70999 10012 100
15.71999 11051 111.803
15.72999 12021 119.523
15.73999 13833 141.421
15.74999 15798 158.114
15.75999 17511 182.574
15.76999 20125 223.607
15.77999 22974 223.607
15.78999 25796 223.607
15.79999 28021 316.228
15.80999 30532 316.228
15.81999 32159 316.228
15.82999 31877 316.228
15.83999 31780 316.228
15.84999 30441 316.228
15.85999 27474 316.228
15.86999 24319 223.607
15.87999 20647 223.607
15.88999 17402 182.574
15.89999 14342 141.421
15.90999 11467 111.803
15.91999 9165 95.3463
15.92999 7254 84.5154
15.93999 5900 76.6965
15.94999 4999 70.7107
15.95999 4221 64.5497
15.96999 3647 60.8581
15.97999 3476 58.722
15.98999 3346 57.735
15.99999 3174 55.9017
16.00999 3132 55.9017
16.01999 3149 55.9017
16.02999 3148 55.9017
16.03999 3211 56.7962
16.04999 3368 57.735
16.05999 3513 59.7614
16.06999 3699 60.8581
16.07999 3796 62.0174
16.08999 4089 64.5497
16.09999 4338 65.938
16.10999 4729 69.0066
16.11999 5099 70.7107
16.12999 5561 74.5356
16.13999 6104 79.0569
16.14999 6557 81.6497
16.15999 7274 84.5154
16.16999 7887 87.7058
16.17999 8512 91.2871
16.18999 9084 95.3463
16.19999 9532 100
16.20999 10050 100
16.21999 10131 100
16.22999 9823 100
16.23999 9806 100
16.24999 9414 95.3463
16.25999 8886 95.3463
16.26999 8342 91.2871
16.27999 7590 87.7058
16.28999 7101 84.5154
16.29999 6312 79.0569
16.30999 5687 74.5356
16.31999 5055 70.7107
16.32999 4437 65.938
16.33999 3965 63.2456
16.34999 3427 58.722
16.35999 3083 55.9017
16.37000 2730 51.9875
16.38000 2561 50.637
16.39000 2383 48.795
16.40000 2270 47.6731
16.41000 2178 46.6252
16.42000 2070 45.6435
16.43000 2088 45.6435
16.44000 2044 45.1754
16.45000 2034 45.1754
16.46000 2026 45.1754
16.47000 2012 44.7214
16.48000 2041 45.1754
16.49000 2029 45.1754
16.50000 2036 45.1754
16.51000 1960 44.2807
16.52000 1932 43.8529
16.53000 1940 43.8529
16.54000 2043 45.1754
16.55000 2014 44.7214
16.56000 1956 44.2807
16.57000 1948 44.2807
16.58000 1927 43.8529
16.59000 1910 43.8529
16.60000 1963 44.2807
16.61000 1894 43.4372
16.62000 1915 43.8529
16.63000 1902 43.4372
16.64000 1854 43.0331
16.65000 1923 43.8529
16.66000 1821 42.6401
16.67000 1816 42.6401
16.68000 1776 42.2577
16.69000 1794 42.2577
16.70000 1839 43.0331
16.71000 1792 42.2577
16.72000 1855 43.0331
16.73000 1847 43.0331
16.74000 1886 43.4372
16.75000 1852 43.0331
16.76000 1873 43.4372
16.77000 1824 42.6401
16.78000 1950 44.2807
16.79000 1868 43.0331
16.80000 1866 43.0331
16.81001 1915 43.8529
16.82001 1865 43.0331
16.83001 1891 43.4372
16.84001 1928 43.8529
16.85001 1881 43.4372
16.86001 1847 43.0331
16.87001 1917 43.8529
16.88001 1804 42.6401
16.89001 1870 43.4372
16.90001 1853 43.0331
16.91001 1976 44.2807
16.92001 1890 43.4372
16.93001 1924 43.8529
16.94001 1953 44.2807
16.95001 2038 45.1754
16.96001 2008 44.7214
16.97001 2013 44.7214
16.98001 2035 45.1754
16.99001 2136 46.1266
17.00001 2138 46.1266
17.01001 2265 47.6731
17.02001 2300 48.2243
17.03001 2473 50
17.04001 2584 50.637
17.05001 2713 51.9875
17.06001 2809 52.7046
17.07001 3009 55.0482
17.08001 3103 55.9017
17.09001 3524 59.7614
17.10001 3815 62.0174
17.11001 4169 64.5497
17.12001 4391 65.938
17.13001 4760 69.0066
17.14001 5236 72.5476
17.15001 5601 74.5356
17.16001 5785 76.6965
17.17001 5945 76.6965
17.18001 6079 79.0569
17.19001 5931 76.6965
17.20001 5605 74.5356
17.21001 5332 72.5476
17.22001 4983 70.7107
17.23001 4413 65.938
17.24002 4079 63.2456
17.25002 3672 60.8581
17.26002 3198 56.7962
17.27002 2871 53.4522
17.28002 2649 51.2989
17.29002 2374 48.795
17.30002 2334 48.2243
17.31002 2173 46.6252
17.32002 2175 46.6252
17.33002 2023 45.1754
17.34002 1971 44.2807
17.35002 1962 44.2807
17.36002 1865 43.0331
17.37002 1861 43.0331
17.38002 1927 43.8529
17.39002 1843 43.0331
17.40002 1839 43.0331
17.41002 1898 43.4372
17.42002 1899 43.4372
17.43002 1861 43.0331
17.44002 1906 43.8529
17.45002 1993 44.7214
17.46002 1870 43.4372
17.47002 1940 43.8529
17.48002 1881 43.4372
17.49002 1963 44.2807
17.50002 1921 43.8529
17.51002 1889 43.4372
17.52002 1970 44.2807
17.53002 1952 44.2807
17.54002 1929 43.8529
17.55002 1845 43.0331
17.56002 1886 43.4372
17.57002 1881 43.4372
17.58002 1917 43.8529
17.59002 1955 44.2807
17.60002 1972 44.2807
17.61002 1949 44.2807
17.62002 1966 44.2807
17.63002 1971 44.2807
17.64002 1959 44.2807
17.65002 2141 46.1266
17.66002 2091 45.6435
17.67002 2093 45.6435
17.68003 2125 46.1266
17.69003 2165 46.6252
17.70003 2252 47.6731
17.71003 2220 47.1405
17.72003 2377 48.795
17.73003 2469 49.3865
17.74003 2573 50.637
17.75003 2630 51.2989
17.76003 2671 51.9875
17.77003 2667 51.9875
17.78003 2798 52.7046
17.79003 2897 53.4522
17.80003 2868 53.4522
17.81003 2840 53.4522
17.82003 2953 54.2326
17.83003 2894 53.4522
17.84003 2947 54.2326
17.85003 2981 54.2326
17.86003 3106 55.9017
17.87003 3285 57.735
17.88003 3314 57.735
17.89003 3503 58.722
17.90003 3581 59.7614
17.91003 3605 59.7614
17.92003 3664 60.8581
17.93003 3672 60.8581
17.94003 3667 60.8581
17.95003 3580 59.7614
17.96003 3330 57.735
17.97003 3095 55.9017
17.98003 2897 53.4522
17.99003 2704 51.9875
18.00003 2571 50.637
18.01003 2432 49.3865
18.02003 2332 48.2243
18.03003 2149 46.1266
18.04003 2157 46.6252
18.05003 2044 45.1754
18.06003 2035 45.1754
18.07003 1999 44.7214
18.08003 1940 43.8529
18.09003 1973 44.2807
18.10003 1956 44.2807
18.11003 1924 43.8529
18.12004 1932 43.8529
18.13004 1913 43.8529
18.14004 1963 44.2807
18.15004 1959 44.2807
18.16004 1811 42.6401
18.17004 1911 43.8529
18.18004 1920 43.8529
18.19004 2008 44.7214
18.20004 1890 43.4372
18.21004 1960 44.2807
18.22004 2021 45.1754
18.23004 1895 43.4372
18.24004 1990 44.7214
18.25004 2060 45.1754
18.26004 2058 45.1754
18.27004 2055 45.1754
18.28004 1988 44.7214
18.29004 2133 46.1266
18.30004 2127 46.1266
18.31004 2155 46.6252
18.32004 2242 47.1405
18.33004 2234 47.1405
18.34004 2263 47.6731
18.35004 2449 49.3865
18.36004 2385 48.795
18.37004 2476 50
18.38004 2527 50
18.39004 2478 50
18.40004 2503 50
18.41004 2614 51.2989
18.42004 2480 50
18.43004 2389 48.795
18.44004 2359 48.795
18.45004 2368 48.795
18.46004 2217 47.1405
18.47004 2181 46.6252
18.48004 2129 46.1266
18.49004 2062 45.6435
18.50004 1988 44.7214
18.51004 1954 44.2807
18.52004 1888 43.4372
18.53004 1892 43.4372
18.54004 1934 43.8529
18.55005 1922 43.8529
18.56005 1884 43.4372
18.57005 1807 42.6401
18.58005 1894 43.4372
18.59005 1876 43.4372
18.60005 1874 43.4372
18.61005 1864 43.0331
18.62005 1849 43.0331
18.63005 1881 43.4372
18.64005 1875 43.4372
18.65005 1883 43.4372
18.66005 1867 43.0331
18.67005 1916 43.8529
18.68005 1917 43.8529
18.69005 1944 44.2807
18.70005 1909 43.8529
18.71005 1880 43.4372
18.72005 1874 43.4372
18.73005 1968 44.2807
18.74005 1946 44.2807
18.75005 1925 43.8529
18.76005 1925 43.8529
18.77005 1847 43.0331
18.78005 1946 44.2807
18.79005 1995 44.7214
18.80005 1898 43.4372
18.81005 1968 44.2807
18.82005 1986 44.7214
18.83005 2048 45.1754
18.84005 2107 46.1266
18.85005 2077 45.6435
18.86005 2158 46.6252
18.87005 2149 46.1266
18.88005 2144 46.1266
18.89005 2189 46.6252
18.90005 2244 47.1405
18.91005 2191 46.6252
18.92005 2388 48.795
18.93005 2496 50
18.94005 2571 50.637
18.95005 2760 52.7046
18.96005 2765 52.7046
18.97005 2739 51.9875
18.98005 2853 53.4522
18.99006 2968 54.2326
19.00006 2899 54.2326
19.01006 2834 53.4522
19.02006 2997 55.0482
19.03006 2944 54.2326
19.04006 2906 54.2326
19.05006 2748 52.7046
19.06006 2570 50.637
19.07006 2624 51.2989
19.08006 2480 50
19.09006 2433 49.3865
19.10006 2401 48.795
19.11006 2258 47.6731
19.12006 2192 46.6252
19.13006 2161 46.6252
19.14006 2164 46.6252
19.15006 2119 46.1266
19.16006 2080 45.6435
19.17006 1997 44.7214
19.18006 2028 45.1754
19.19006 2015 44.7214
19.20006 1997 44.7214
19.21006 1952 44.2807
19.22006 1968 44.2807
19.23006 1887 43.4372
19.24006 1902 43.4372
19.25006 1931 43.8529
19.26006 1913 43.8529
19.27006 1958 44.2807
19.28006 1956 44.2807
19.29006 1966 44.2807
19.30006 1996 44.7214
19.31006 1911 43.8529
19.32006 1959 44.2807
19.33006 1918 43.8529
19.34006 2009 44.7214
19.35006 1945 44.2807
19.36006 1956 44.2807
19.37006 1918 43.8529
19.38006 2013 44.7214
19.39006 1999 44.7214
19.40006 1876 43.4372
19.41006 1959 44.2807
19.42006 2089 45.6435
19.43007 2067 45.6435
19.44007 2076 45.6435
19.45007 2010 44.7214
19.46007 1973 44.2807
19.47007 2012 44.7214
19.48007 1985 44.7214
19.49007 2087 45.6435
19.50007 2019 44.7214
19.51007 2057 45.1754
19.52007 2130 46.1266
19.53007 2152 46.6252
19.54007 2148 46.1266
19.55007 2290 47.6731
19.56007 2286 47.6731
19.57007 2276 47.6731
19.58007 2447 49.3865
19.59007 2423 49.3865
19.60007 2532 50.637
19.61007 2673 51.9875
19.62007 2837 53.4522
19.63007 2917 54.2326
19.64007 3196 56.7962
19.65007 3410 58.722
19.66007 3651 60.8581
19.67007 4012 63.2456
19.68007 4427 65.938
19.69007 5018 70.7107
19.70007 5587 74.5356
19.71007 6206 79.0569
19.72007 7181 84.5154
19.73007 7972 87.7058
19.74007 9258 95.3463
19.75007 10565 105.409
19.76007 11374 111.803
19.77007 12355 119.523
19.78007 13497 141.421
19.79007 14097 141.421
19.80007 14191 141.421
19.81007 14178 141.421
19.82007 13829 141.421
19.83007 12800 129.099
19.84007 11990 119.523
19.85007 11037 111.803
19.86007 9813 100
19.87008 8712 95.3463
19.88008 7443 87.7058
19.89008 6477 81.6497
19.90008 5764 76.6965
19.91008 5095 70.7107
19.92008 4836 69.0066
19.93008 4395 65.938
19.94008 4290 65.938
19.95008 4321 65.938
19.96008 4141 64.5497
19.97008 4049 63.2456
19.98008 4119 64.5497
19.99008 4012 63.2456
20.00008 3957 63.2456
20.01008 3872 62.0174
20.02008 3732 60.8581
20.03008 3617 59.7614
20.04008 3562 59.7614
20.05008 3465 58.722
20.06008 3436 58.722
20.07008 3567 59.7614
20.08008 3731 60.8581
20.09008 3938 63.2456
20.10008 4021 63.2456
20.11008 4174 64.5497
20.12008 4452 67.42
20.13008 4597 67.42
20.14008 4830 69.0066
20.15008 5086 70.7107
20.16008 5064 70.7107
20.17008 5067 70.7107
20.18008 5042 70.7107
20.19008 4905 70.7107
20.20008 4545 67.42
20.21008 4365 65.938
20.22008 3941 63.2456
20.23008 3699 60.8581
20.24008 3402 58.722
20.25008 3146 55.9017
20.26008 2799 52.7046
20.27008 2687 51.9875
20.28008 2499 50
20.29008 2337 48.2243
20.30009 2336 48.2243
20.31009 2220 47.1405
20.32009 2206 47.1405
20.33009 2173 46.6252
20.34009 2041 45.1754
20.35009 2189 46.6252
20.36009 2129 46.1266
20.37009 2055 45.1754
20.38009 2061 45.1754
20.39009 2093 45.6435
20.40009 2041 45.1754
20.41009 1986 44.7214
20.42009 1965 44.2807
20.43009 2018 44.7214
20.44009 2000 44.7214
20.45009 2048 45.1754
20.46009 2066 45.6435
20.47009 2087 45.6435
20.48009 2013 44.7214
20.49009 2015 44.7214
20.50009 1935 43.8529
20.51009 1967 44.2807
20.52009 2038 45.1754
20.53009 1970 44.2807
20.54009 1978 44.2807
20.55009 2026 45.1754
20.56009 1989 44.7214
20.57009 2011 44.7214
20.58009 1974 44.2807
20.59009 1981 44.7214
20.60009 1979 44.2807
20.61009 2016 44.7214
20.62009 2033 45.1754
20.63009 1989 44.7214
20.64009 2001 44.7214
20.65009 1991 44.7214
20.66009 1927 43.8529
20.67009 1959 44.2807
20.68009 1980 44.2807
20.69009 2041 45.1754
20.70009 1907 43.8529
20.71009 1898 43.4372
20.72009 1884 43.4372
20.73009 2010 44.7214
20.74010 2065 45.6435
20.75010 2043 45.1754
20.76010 2019 44.7214
20.77010 1962 44.2807
20.78010 1912 43.8529
20.79010 1996 44.7214
20.80010 1930 43.8529
20.81010 2045 45.1754
20.82010 1979 44.2807
20.83010 1946 44.2807
20.84010 2098 45.6435
20.85010 2005 44.7214
20.86010 1915 43.8529
20.87010 2019 44.7214
20.88010 2011 44.7214
20.89010 1984 44.7214
20.90010 1974 44.2807
20.91010 1982 44.7214
20.92010 1983 44.7214
20.93010 1856 43.0331
20.94010 1951 44.2807
20.95010 2047 45.1754
20.96010 2018 44.7214
20.97010 1966 44.2807
20.98010 2054 45.1754
20.99010 2047 45.1754
21.00010 1979 44.2807
21.01010 1954 44.2807
21.02010 2020 44.7214
21.03010 2025 45.1754
21.04010 2049 45.1754
21.05010 2071 45.6435
21.06010 1990 44.7214
21.07010 2090 45.6435
21.08010 2082 45.6435
21.09010 2039 45.1754
21.10010 2168 46.6252
21.11010 2167 46.6252
21.12010 2208 47.1405
21.13010 2149 46.1266
21.14010 2276 47.6731
21.15010 2264 47.6731
21.16010 2242 47.1405
21.17010 2432 49.3865
21.18011 2529 50
21.19011 2486 50
21.20011 2554 50.637
21.21011 2655 51.2989
21.22011 2689 51.9875
21.23011 2736 51.9875
21.24011 2839 53.4522
21.25011 2914 54.2326
21.26011 2938 54.2326
21.27011 2944 54.2326
21.28011 2993 55.0482
21.29011 3237 56.7962
21.30011 3342 57.735
21.31011 3522 59.7614
21.32011 3791 62.0174
21.33011 4026 63.2456
21.34011 4404 65.938
21.35011 4816 69.0066
21.36011 5007 70.7107
21.37011 5264 72.5476
21.38011 5806 76.6965
21.39011 5872 76.6965
21.40011 5964 76.6965
21.41011 5937 76.6965
21.42011 5917 76.6965
21.43011 5656 74.5356
21.44011 5284 72.5476
21.45011 5027 70.7107
21.46011 4586 67.42
21.47011 4170 64.5497
21.48011 3932 63.2456
21.49011 3614 59.7614
21.50011 3272 56.7962
21.51011 3040 55.0482
21.52011 2985 54.2326
21.53011 2928 54.2326
21.54011 2941 54.2326
21.55011 3032 55.0482
21.56011 2951 54.2326
21.57011 3093 55.9017
21.58011 3230 56.7962
21.59011 3455 58.722
21.60011 3785 62.0174
21.61012 3980 63.2456
21.62012 4513 67.42
21.63012 4811 69.0066
21.64012 5287 72.5476
21.65012 5997 76.6965
21.66012 6625 81.6497
21.67012 7206 84.5154
21.68012 7944 87.7058
21.69012 9067 95.3463
21.70012 9930 100
21.71012 10712 105.409
21.72012 11806 119.523
21.73012 12922 129.099
21.74012 13687 141.421
21.75012 14543 141.421
21.76012 14389 141.421
21.77012 14286 141.421
21.78012 14498 141.421
21.79012 13741 141.421
21.80012 12459 129.099
21.81012 11739 119.523
21.82012 10584 105.409
21.83012 9136 95.3463
21.84012 7933 87.7058
21.85012 6880 81.6497
21.86012 5806 76.6965
21.87012 4866 69.0066
21.88012 4197 64.5497
21.89012 3630 59.7614
21.90012 3324 57.735
21.91012 2882 53.4522
21.92012 2727 51.9875
21.93012 2600 51.2989
21.94012 2551 50.637
21.95012 2435 49.3865
21.96012 2465 49.3865
21.97012 2404 48.795
21.98012 2358 48.795
21.99012 2439 49.3865
22.00012 2502 50
22.01012 2603 51.2989
22.02012 2616 51.2989
22.03012 2799 52.7046
22.04012 2914 54.2326
22.05013 3025 55.0482
22.06013 3316 57.735
22.07013 3547 59.7614
22.08013 3687 60.8581
22.09013 4003 63.2456
22.10013 4410 65.938
22.11013 4782 69.0066
22.12013 5106 70.7107
22.13013 5521 74.5356
22.14013 6050 76.6965
22.15013 6396 79.0569
22.16013 6533 81.6497
22.17013 6609 81.6497
22.18013 6752 81.6497
22.19013 6635 81.6497
22.20013 6133 79.0569
22.21013 5846 76.6965
22.22013 5488 74.5356
22.23013 5110 70.7107
22.24013 4851 69.0066
22.25013 4504 67.42
22.26013 4378 65.938
22.27013 4283 65.938
22.28013 4251 64.5497
22.29013 4295 65.938
22.30013 4598 67.42
22.31013 4843 69.0066
22.32013 5533 74.5356
22.33013 5717 76.6965
22.34013 6460 81.6497
22.35013 7091 84.5154
22.36013 7555 87.7058
22.37013 8009 91.2871
22.38013 8497 91.2871
22.39013 8845 95.3463
22.40013 8686 91.2871
22.41013 8786 95.3463
22.42013 8427 91.2871
22.43013 7981 87.7058
22.44013 7256 84.5154
22.45013 6896 81.6497
22.46013 6119 79.0569
22.47013 5569 74.5356
22.48013 4747 69.0066
22.49014 4279 65.938
22.50014 3797 62.0174
22.51014 3323 57.735
22.52014 3182 56.7962
22.53014 2900 54.2326
22.54014 2827 53.4522
22.55014 2717 51.9875
22.56014 2538 50.637
22.57014 2534 50.637
22.58014 2574 50.637
22.59014 2512 50
22.60014 2400 48.795
22.61014 2386 48.795
22.62014 2395 48.795
22.63014 2251 47.6731
22.64014 2242 47.1405
22.65014 2201 47.1405
22.66014 2291 47.6731
22.67014 2302 48.2243
22.68014 2175 46.6252
22.69014 2214 47.1405
22.70014 2302 48.2243
22.71014 2311 48.2243
22.72014 2473 50
22.73014 2537 50.637
22.74014 2696 51.9875
22.75014 2880 53.4522
22.76014 3002 55.0482
22.77014 3242 56.7962
22.78014 3652 60.8581
22.79014 4018 63.2456
22.80014 4501 67.42
22.81014 4945 70.7107
22.82014 5518 74.5356
22.83014 5942 76.6965
22.84014 6468 81.6497
22.85014 7333 84.5154
22.86014 7750 87.7058
22.87014 8361 91.2871
22.88014 8424 91.2871
22.89014 8714 95.3463
22.90014 8816 95.3463
22.91014 8445 91.2871
22.92015 8150 91.2871
22.93015 7376 84.5154
22.94015 6866 81.6497
22.95015 6333 79.0569
22.96015 5425 74.5356
22.97015 4807 69.0066
22.98015 4276 65.938
22.99015 3710 60.8581
23.00015 3311 57.735
23.01015 2907 54.2326
23.02015 2742 52.7046
23.03015 2546 50.637
23.04015 2518 50
23.05015 2254 47.6731
23.06015 2291 47.6731
23.07015 2267 47.6731
23.08015 2271 47.6731
23.09015 2209 47.1405
23.10015 2212 47.1405
23.11015 2237 47.1405
23.12015 2219 47.1405
23.13015 2173 46.6252
23.14015 2378 48.795
23.15015 2405 48.795
23.16015 2319 48.2243
23.17015 2454 49.3865
23.18015 2513 50
23.19015 2447 49.3865
23.20015 2475 50
23.21015 2581 50.637
23.22015 2572 50.637
23.23015 2539 50.637
23.24015 2551 50.637
23.25015 2545 50.637
23.26015 2499 50
23.27015 2437 49.3865
23.28015 2552 50.637
23.29015 2462 49.3865
23.30015 2400 48.795
23.31015 2472 50
23.32015 2595 50.637
23.33015 2492 50
23.34015 2600 51.2989
23.35015 2581 50.637
23.36016 2648 51.2989
23.37016 2754 52.7046
23.38016 2872 53.4522
23.39016 2990 55.0482
23.40016 3078 55.9017
23.41016 3234 56.7962
23.42016 3402 58.722
23.43016 3347 57.735
23.44016 3459 58.722
23.45016 3655 60.8581
23.46016 3615 59.7614
23.47016 3634 59.7614
23.48016 3524 59.7614
23.49016 3590 59.7614
23.50016 3654 60.8581
23.51016 3621 59.7614
23.52016 3626 59.7614
23.53016 3586 59.7614
23.54016 3565 59.7614
23.55016 3606 59.7614
23.56016 3464 58.722
23.57016 3229 56.7962
23.58016 3229 56.7962
23.59016 3116 55.9017
23.60016 2904 54.2326
23.61016 2722 51.9875
23.62016 2530 50
23.63016 2403 48.795
23.64016 2232 47.1405
23.65016 2209 47.1405
23.66016 2113 46.1266
23.67016 2058 45.1754
23.68016 1985 44.7214
23.69016 1944 44.2807
23.70016 1968 44.2807
23.71016 1996 44.7214
23.72016 1941 43.8529
23.73016 1897 43.4372
23.74016 1921 43.8529
23.75016 1981 44.7214
23.76016 1887 43.4372
23.77016 1861 43.0331
23.78016 1951 44.2807
23.79016 1911 43.8529
23.80017 1809 42.6401
23.81017 1891 43.4372
23.82017 1899 43.4372
23.83017 1927 43.8529
23.84017 1929 43.8529
23.85017 1892 43.4372
23.86017 1871 43.4372
23.87017 1956 44.2807
23.88017 1929 43.8529
23.89017 1975 44.2807
23.90017 1965 44.2807
23.91017 1959 44.2807
23.92017 1928 43.8529
23.93017 1935 43.8529
23.94017 1947 44.2807
23.95017 1970 44.2807
23.96017 1923 43.8529
23.97017 2008 44.7214
23.98017 1959 44.2807
23.99017 1919 43.8529
24.00017 1915 43.8529
24.01017 2029 45.1754
24.02017 1997 44.7214
24.03017 1945 44.2807
24.04017 2059 45.1754
24.05017 2135 46.1266
24.06017 2214 47.1405
24.07017 2293 47.6731
24.08017 2243 47.1405
24.09017 2305 48.2243
24.10017 2353 48.795
24.11017 2227 47.1405
24.12017 2330 48.2243
24.13017 2278 47.6731
24.14017 2195 46.6252
24.15017 2215 47.1405
24.16017 2149 46.1266
24.17017 2162 46.6252
24.18017 2104 45.6435
24.19017 2054 45.1754
24.20017 2034 45.1754
24.21017 1913 43.8529
24.22017 1971 44.2807
24.23018 1804 42.6401
24.24018 1976 44.2807
24.25018 1988 44.7214
24.26018 1927 43.8529
24.27018 2074 45.6435
24.28018 2005 44.7214
24.29018 2068 45.6435
24.30018 2082 45.6435
24.31018 2222 47.1405
24.32018 2278 47.6731
24.33018 2347 48.2243
24.34018 2466 49.3865
24.35018 2576 50.637
24.36018 2732 51.9875
24.37018 2786 52.7046
24.38018 3019 55.0482
24.39018 3051 55.0482
24.40018 3151 55.9017
24.41018 3243 56.7962
24.42018 3196 56.7962
24.43018 3225 56.7962
24.44018 3206 56.7962
24.45018 3272 56.7962
24.46018 3042 55.0482
24.47018 3067 55.0482
24.48018 3004 55.0482
24.49018 2848 53.4522
24.50018 2837 53.4522
24.51018 2704 51.9875
24.52018 2636 51.2989
24.53018 2579 50.637
24.54018 2542 50.637
24.55018 2510 50
24.56018 2509 50
24.57018 2429 49.3865
24.58018 2505 50
24.59018 2674 51.9875
24.60018 2733 51.9875
24.61018 2797 52.7046
24.62018 2955 54.2326
24.63018 2990 55.0482
24.64018 3078 55.9017
24.65018 3394 58.722
24.66018 3583 59.7614
24.67019 3868 62.0174
24.68019 4204 64.5497
24.69019 4643 67.42
24.70019 5222 72.5476
24.71019 5522 74.5356
24.72019 6340 79.0569
24.73019 7035 84.5154
24.74019 7732 87.7058
24.75019 8709 95.3463
24.76019 9268 95.3463
24.77019 9975 100
24.78019 10246 100
24.79019 10193 100
24.80019 10184 100
24.81019 10029 100
24.82019 9423 95.3463
24.83019 8707 95.3463
24.84019 8116 91.2871
24.85019 7643 87.7058
24.86019 6682 81.6497
24.87019 5769 76.6965
24.88019 4922 70.7107
24.89019 4319 65.938
24.90019 3768 60.8581
24.91019 3264 56.7962
24.92019 2893 53.4522
24.93019 2544 50.637
24.94019 2392 48.795
24.95019 2244 47.1405
24.96019 2125 46.1266
24.97019 2041 45.1754
24.98019 1998 44.7214
24.99019 2000 44.7214
25.00019 1883 43.4372
25.01019 1957 44.2807
25.02019 1958 44.2807
25.03019 1887 43.4372
25.04019 1942 44.2807
25.05019 2007 44.7214
25.06019 1953 44.2807
25.07019 2051 45.1754
25.08019 2004 44.7214
25.09019 2050 45.1754
25.10019 2005 44.7214
25.11020 2100 45.6435
25.12020 2079 45.6435
25.13020 2063 45.6435
25.14020 1975 44.2807
25.15020 1979 44.2807
25.16020 1915 43.8529
25.17020 1916 43.8529
25.18020 1950 44.2807
25.19020 1843 43.0331
25.20020 1696 41.1693
25.21020 1792 42.2577
25.22020 1852 43.0331
25.23020 1813 42.6401
25.24020 1783 42.2577
25.25020 1785 42.2577
25.26020 1722 41.5227
25.27020 1767 41.8854
25.28020 1783 42.2577
25.29020 1781 42.2577
25.30020 1733 41.5227
25.31020 1777 42.2577
25.32020 1843 43.0331
25.33020 1842 43.0331
25.34020 1892 43.4372
25.35020 1897 43.4372
25.36020 1997 44.7214
25.37020 1998 44.7214
25.38020 2116 46.1266
25.39020 2195 46.6252
25.40020 2327 48.2243
25.41020 2525 50
25.42020 2776 52.7046
25.43020 2902 54.2326
25.44020 3304 57.735
25.45020 3620 59.7614
25.46020 3996 63.2456
25.47020 4506 67.42
25.48020 4946 70.7107
25.49020 5508 74.5356
25.50020 5987 76.6965
25.51020 6554 81.6497
25.52020 6828 81.6497
25.53020 7145 84.5154
25.54021 7445 87.7058
25.55021 7590 87.7058
25.56021 7551 87.7058
25.57021 7469 87.7058
25.58021 7685 87.7058
25.59021 7432 87.7058
25.60021 7420 87.7058
25.61021 7219 84.5154
25.62021 7298 84.5154
25.63021 6936 84.5154
25.64021 7041 84.5154
25.65021 7094 84.5154
25.66021 6949 84.5154
25.67021 6893 81.6497
25.68021 6717 81.6497
25.69021 6434 79.0569
25.70021 6007 76.6965
25.71021 5753 76.6965
25.72021 5386 72.5476
25.73021 4840 69.0066
25.74021 4430 65.938
25.75021 3981 63.2456
25.76021 3544 59.7614
25.77021 3119 55.9017
25.78021 2803 52.7046
25.79021 2674 51.9875
25.80021 2359 48.795
25.81021 2231 47.1405
25.82021 2186 46.6252
25.83021 1960 44.2807
25.84021 2012 44.7214
25.85021 1910 43.8529
25.86021 1848 43.0331
25.87021 1835 43.0331
25.88021 1819 42.6401
25.89021 1811 42.6401
25.90021 1818 42.6401
25.91021 1814 42.6401
25.92021 1855 43.0331
25.93021 1848 43.0331
25.94021 1950 44.2807
25.95021 1957 44.2807
25.96021 2022 45.1754
25.97021 2011 44.7214
25.98022 2124 46.1266
25.99022 2193 46.6252
26.00022 2109 46.1266
26.01022 2295 47.6731
26.02022 2392 48.795
26.03022 2363 48.795
26.04022 2501 50
26.05022 2575 50.637
26.06022 2564 50.637
26.07022 2469 49.3865
26.08022 2483 50
26.09022 2472 50
26.10022 2381 48.795
26.11022 2316 48.2243
26.12022 2235 47.1405
26.13022 2124 46.1266
26.14022 2074 45.6435
26.15022 1948 44.2807
26.16022 1850 43.0331
26.17022 1809 42.6401
26.18022 1839 43.0331
26.19022 1739 41.5227
26.20022 1686 41.1693
26.21022 1737 41.5227
26.22022 1685 41.1693
26.23022 1648 40.4888
26.24022 1687 41.1693
26.25022 1699 41.1693
26.26022 1605 40.161
26.27022 1633 40.4888
26.28022 1637 40.4888
26.29022 1727 41.5227
26.30022 1692 41.1693
26.31022 1644 40.4888
26.32022 1614 40.161
26.33022 1656 40.8248
26.34022 1637 40.4888
26.35022 1727 41.5227
26.36022 1654 40.8248
26.37022 1646 40.4888
26.38022 1644 40.4888
26.39022 1680 40.8248
26.40022 1675 40.8248
26.41022 1656 40.8248
26.42023 1682 41.1693
26.43023 1669 40.8248
26.44023 1681 41.1693
26.45023 1733 41.5227
26.46023 1684 41.1693
26.47023 1686 41.1693
26.48023 1682 41.1693
26.49023 1726 41.5227
26.50023 1772 42.2577
26.51023 1798 42.2577
26.52023 1860 43.0331
26.53023 1828 42.6401
26.54023 1842 43.0331
26.55023 1937 43.8529
26.56023 1985 44.7214
26.57023 1955 44.2807
26.58023 2039 45.1754
26.59023 2097 45.6435
26.60023 2172 46.6252
26.61023 2173 46.6252
26.62023 2321 48.2243
26.63023 2387 48.795
26.64023 2413 49.3865
26.65023 2513 50
26.66023 2644 51.2989
26.67023 2745 52.7046
26.68023 2805 52.7046
26.69023 2833 53.4522
26.70023 2841 53.4522
26.71023 2962 54.2326
26.72023 3013 55.0482
26.73023 2965 54.2326
26.74023 2951 54.2326
26.75023 2950 54.2326
26.76023 2823 53.4522
26.77023 2770 52.7046
26.78023 2825 53.4522
26.79023 2834 53.4522
26.80023 2934 54.2326
26.81023 3032 55.0482
26.82023 3302 57.735
26.83023 3453 58.722
26.84023 3747 60.8581
26.85023 4107 64.5497
26.86024 4674 69.0066
26.87024 5143 72.5476
26.88024 5708 74.5356
26.89024 6411 79.0569
26.90024 6971 84.5154
26.91024 7347 84.5154
26.92024 8017 91.2871
26.93024 8259 91.2871
26.94024 8593 91.2871
26.95024 8859 95.3463
26.96024 8647 91.2871
26.97024 8487 91.2871
26.98024 8427 91.2871
26.99024 8197 91.2871
27.00024 7651 87.7058
27.01024 7441 87.7058
27.02024 7069 84.5154
27.03024 6534 81.6497
27.04024 6132 79.0569
27.05024 5689 74.5356
27.06024 5469 74.5356
27.07024 5148 72.5476
27.08024 4588 67.42
27.09024 4268 65.938
27.10024 3983 63.2456
27.11024 3619 59.7614
27.12024 3321 57.735
27.13024 2957 54.2326
27.14024 2692 51.9875
27.15024 2514 50
27.16024 2254 47.6731
27.17024 2000 44.7214
27.18024 1943 44.2807
27.19024 1827 42.6401
27.20024 1774 42.2577
27.21024 1816 42.6401
27.22024 1784 42.2577
27.23024 1646 40.4888
27.24024 1675 40.8248
27.25024 1727 41.5227
27.26024 1591 39.841
27.27024 1647 40.4888
27.28024 1642 40.4888
27.29025 1630 40.4888
27.30025 1637 40.4888
27.31025 1565 39.5285
27.32025 1598 39.841
27.33025 1620 40.161
27.34025 1596 39.841
27.35025 1628 40.4888
27.36025 1655 40.8248
27.37025 1723 41.5227
27.38025 1732 41.5227
27.39025 1772 42.2577
27.40025 1842 43.0331
27.41025 1900 43.4372
27.42025 1927 43.8529
27.43025 1979 44.2807
27.44025 2085 45.6435
27.45025 2142 46.1266
27.46025 2178 46.6252
27.47025 2314 48.2243
27.48025 2300 48.2243
27.49025 2369 48.795
27.50025 2461 49.3865
27.51025 2478 50
27.52025 2478 50
27.53025 2469 49.3865
27.54025 2447 49.3865
27.55025 2525 50
27.56025 2564 50.637
27.57025 2578 50.637
27.58025 2613 51.2989
27.59025 2714 51.9875
27.60025 2577 50.637
27.61025 2730 51.9875
27.62025 2684 51.9875
27.63025 2579 50.637
27.64025 2647 51.2989
27.65025 2745 52.7046
27.66025 2694 51.9875
27.67025 2583 50.637
27.68025 2535 50.637
27.69025 2486 50
27.70025 2543 50.637
27.71025 2445 49.3865
27.72025 2510 50
27.73026 2271 47.6731
27.74026 2310 48.2243
27.75026 2346 48.2243
27.76026 2265 47.6731
27.77026 2235 47.1405
27.78026 2219 47.1405
27.79026 2233 47.1405
27.80026 2190 46.6252
27.81026 2192 46.6252
27.82026 2332 48.2243
27.83026 2255 47.6731
27.84026 2317 48.2243
27.85026 2347 48.2243
27.86026 2352 48.2243
27.87026 2454 49.3865
27.88026 2457 49.3865
27.89026 2556 50.637
27.90026 2566 50.637
27.91026 2440 49.3865
27.92026 2484 50
27.93026 2432 49.3865
27.94026 2432 49.3865
27.95026 2391 48.795
27.96026 2279 47.6731
27.97026 2247 47.1405
27.98026 2113 46.1266
27.99026 2089 45.6435
28.00026 1991 44.7214
28.01026 1978 44.2807
28.02026 2016 44.7214
28.03026 1964 44.2807
28.04026 1974 44.2807
28.05026 2074 45.6435
28.06026 2200 47.1405
28.07026 2176 46.6252
28.08026 2262 47.6731
28.09026 2382 48.795
28.10026 2465 49.3865
28.11026 2576 50.637
28.12026 2644 51.2989
28.13026 2613 51.2989
28.14026 2662 51.2989
28.15026 2760 52.7046
28.16026 2655 51.2989
28.17027 2640 51.2989
28.18027 2594 50.637
28.19027 2522 50
28.20027 2375 48.795
28.21027 2363 48.795
28.22027 2229 47.1405
28.23027 2074 45.6435
28.24027 2007 44.7214
28.25027 1980 44.2807
28.26027 1888 43.4372
28.27027 1911 43.8529
28.28027 1931 43.8529
28.29027 1990 44.7214
28.30027 2096 45.6435
28.31027 2211 47.1405
28.32027 2267 47.6731
28.33027 2387 48.795
28.34027 2634 51.2989
28.35027 2848 53.4522
28.36027 3220 56.7962
28.37027 3469 58.722
28.38027 3826 62.0174
28.39027 4308 65.938
28.40027 4664 69.0066
28.41027 5050 70.7107
28.42027 5384 72.5476
28.43027 5500 74.5356
28.44027 5847 76.6965
28.45027 5971 76.6965
28.46027 5976 76.6965
28.47027 5894 76.6965
28.48027 5683 74.5356
28.49027 5458 74.5356
28.50027 5237 72.5476
28.51027 4811 69.0066
28.52027 4494 67.42
28.53027 4119 64.5497
28.54027 3680 60.8581
28.55027 3285 57.735
28.56027 2906 54.2326
28.57027 2619 51.2989
28.58027 2403 48.795
28.59027 2141 46.1266
28.60028 2013 44.7214
28.61028 1903 43.4372
28.62028 1809 42.6401
28.63028 1714 41.5227
28.64028 1645 40.4888
28.65028 1656 40.8248
28.66028 1656 40.8248
28.67028 1703 41.1693
28.68028 1685 41.1693
28.69028 1693 41.1693
28.70028 1795 42.2577
28.71028 1895 43.4372
28.72028 2006 44.7214
28.73028 2001 44.7214
28.74028 2128 46.1266
28.75028 2422 49.3865
28.76028 2435 49.3865
28.77028 2516 50
28.78028 2662 51.2989
28.79028 2751 52.7046
28.80028 2799 52.7046
28.81028 2965 54.2326
28.82028 2952 54.2326
28.83028 2920 54.2326
28.84028 2840 53.4522
28.85028 2814 52.7046
28.86028 2771 52.7046
28.87028 2636 51.2989
28.88028 2595 50.637
28.89028 2390 48.795
28.90028 2365 48.795
28.91028 2220 47.1405
28.92028 2212 47.1405
28.93028 2161 46.6252
28.94028 2121 46.1266
28.95028 2103 45.6435
28.96028 2009 44.7214
28.97028 1986 44.7214
28.98028 2006 44.7214
28.99028 2075 45.6435
29.00028 2106 46.1266
29.01028 2183 46.6252
29.02028 2193 46.6252
29.03028 2162 46.6252
29.04029 2187 46.6252
29.05029 2200 47.1405
29.06029 2159 46.6252
29.07029 2132 46.1266
29.08029 2126 46.1266
29.09029 2067 45.6435
29.10029 2036 45.1754
29.11029 1936 43.8529
29.12029 1898 43.4372
29.13029 1748 41.8854
29.14029 1784 42.2577
29.15029 1649 40.4888
29.16029 1609 40.161
29.17029 1565 39.5285
29.18029 1585 39.841
29.19029 1555 39.5285
29.20029 1452 38.0693
29.21029 1402 37.5293
29.22029 1444 38.0693
29.23029 1402 37.5293
29.24029 1383 37.2678
29.25029 1382 37.2678
29.26029 1402 37.5293
29.27029 1410 37.5293
29.28029 1333 36.5148
29.29029 1393 37.2678
29.30029 1379 37.0117
29.31029 1309 36.2738
29.32029 1430 37.7964
29.33029 1294 36.0375
29.34029 1323 36.2738
29.35029 1315 36.2738
29.36029 1367 37.0117
29.37029 1362 37.0117
29.38029 1338 36.5148
29.39029 1312 36.2738
29.40029 1376 37.0117
29.41029 1364 37.0117
29.42029 1394 37.2678
29.43029 1364 37.0117
29.44029 1428 37.7964
29.45029 1421 37.7964
29.46029 1431 37.7964
29.47029 1548 39.2232
29.48030 1501 38.6334
29.49030 1580 39.841
29.50030 1630 40.4888
29.51030 1681 41.1693
29.52030 1837 43.0331
29.53030 1866 43.0331
29.54030 2084 45.6435
29.55030 2220 47.1405
29.56030 2308 48.2243
29.57030 2534 50.637
29.58030 2744 52.7046
29.59030 2960 54.2326
29.60030 3037 55.0482
29.61030 3190 56.7962
29.62030 3344 57.735
29.63030 3352 57.735
29.64030 3314 57.735
29.65030 3260 56.7962
29.66030 3247 56.7962
29.67030 3077 55.9017
29.68030 2893 53.4522
29.69030 2816 52.7046
29.70030 2579 50.637
29.71030 2374 48.795
29.72030 2309 48.2243
29.73030 2177 46.6252
29.74030 2060 45.1754
29.75030 2027 45.1754
29.76030 1885 43.4372
29.77030 1722 41.5227
29.78030 1749 41.8854
29.79030 1689 41.1693
29.80030 1775 42.2577
29.81030 1845 43.0331
29.82030 1825 42.6401
29.83030 1804 42.6401
29.84030 1924 43.8529
29.85030 2026 45.1754
29.86030 2018 44.7214
29.87030 2100 45.6435
29.88030 2045 45.1754
29.89030 2111 46.1266
29.90030 2147 46.1266
29.91031 2187 46.6252
29.92031 2130 46.1266
29.93031 2109 46.1266
29.94031 2100 45.6435
29.95031 2160 46.6252
29.96031 2135 46.1266
29.97031 1975 44.2807
29.98031 2058 45.1754
29.99031 2065 45.6435
30.00031 1988 44.7214
30.01031 1982 44.7214
30.02031 1997 44.7214
30.03031 1891 43.4372
30.04031 1806 42.6401
30.05031 1912 43.8529
30.06031 1793 42.2577
30.07031 1808 42.6401
30.08031 1799 42.2577
30.09031 1710 41.5227
30.10031 1785 42.2577
30.11031 1664 40.8248
30.12031 1648 40.4888
30.13031 1602 40.161
30.14031 1526 38.9249
30.15031 1525 38.9249
30.16031 1550 39.2232
30.17031 1539 39.2232
30.18031 1527 39.2232
30.19031 1566 39.5285
30.20031 1545 39.2232
30.21031 1649 40.4888
30.22031 1645 40.4888
30.23031 1691 41.1693
30.24031 1754 41.8854
30.25031 1835 43.0331
30.26031 1970 44.2807
30.27031 2053 45.1754
30.28031 2045 45.1754
30.29031 2055 45.1754
30.30031 2242 47.1405
30.31031 2253 47.6731
30.32031 2315 48.2243
30.33031 2388 48.795
30.34031 2407 48.795
30.35032 2499 50
30.36032 2404 48.795
30.37032 2248 47.6731
30.38032 2238 47.1405
30.39032 2254 47.6731
30.40032 2153 46.6252
30.41032 2084 45.6435
30.42032 2047 45.1754
30.43032 1969 44.2807
30.44032 1862 43.0331
30.45032 1797 42.2577
30.46032 1658 40.8248
30.47032 1593 39.841
30.48032 1611 40.161
30.49032 1592 39.841
30.50032 1565 39.5285
30.51032 1572 39.5285
30.52032 1590 39.841
30.53032 1551 39.5285
30.54032 1534 39.2232
30.55032 1605 40.161
30.56032 1585 39.841
30.57032 1601 40.161
30.58032 1748 41.8854
30.59032 1718 41.5227
30.60032 1660 40.8248
30.61032 1868 43.0331
30.62032 1843 43.0331
30.63032 1805 42.6401
30.64032 1795 42.2577
30.65032 1914 43.8529
30.66032 1912 43.8529
30.67032 1843 43.0331
30.68032 1896 43.4372
30.69032 1927 43.8529
30.70032 1968 44.2807
30.71032 1963 44.2807
30.72032 2024 45.1754
30.73032 1977 44.2807
30.74032 2131 46.1266
30.75032 2293 47.6731
30.76032 2289 47.6731
30.77032 2500 50
30.78032 2460 49.3865
30.79033 2767 52.7046
30.80033 2853 53.4522
30.81033 2844 53.4522
30.82033 2936 54.2326
30.83033 2984 54.2326
30.84033 3161 55.9017
30.85033 3158 55.9017
30.86033 3046 55.0482
30.87033 2902 54.2326
30.88033 2806 52.7046
30.89033 2767 52.7046
30.90033 2636 51.2989
30.91033 2479 50
30.92033 2376 48.795
30.93033 2213 47.1405
30.94033 2121 46.1266
30.95033 2173 46.6252
30.96033 2069 45.6435
30.97033 2091 45.6435
30.98033 2222 47.1405
30.99033 2260 47.6731
31.00033 2403 48.795
31.01033 2582 50.637
31.02033 2823 53.4522
31.03033 3056 55.0482
31.04033 3370 57.735
31.05033 3737 60.8581
31.06033 3974 63.2456
31.07033 4252 64.5497
31.08033 4529 67.42
31.09033 4665 69.0066
31.10033 4864 69.0066
31.11033 4826 69.0066
31.12033 4947 70.7107
31.13033 4796 69.0066
31.14033 4624 67.42
31.15033 4495 67.42
31.16033 4196 64.5497
31.17033 3845 62.0174
31.18033 3604 59.7614
31.19033 3288 57.735
31.20033 2898 53.4522
31.21033 2695 51.9875
31.22034 2422 49.3865
31.23034 2265 47.6731
31.24034 2025 45.1754
31.25034 1924 43.8529
31.26034 1790 42.2577
31.27034 1704 41.1693
31.28034 1595 39.841
31.29034 1519 38.9249
31.30034 1528 39.2232
31.31034 1467 38.3482
31.32034 1377 37.0117
31.33034 1362 37.0117
31.34034 1358 36.7607
31.35034 1386 37.2678
31.36034 1355 36.7607
31.37034 1271 35.5784
31.38034 1417 37.5293
31.39034 1389 37.2678
31.40034 1332 36.5148
31.41034 1384 37.2678
31.42034 1421 37.7964
31.43034 1494 38.6334
31.44034 1425 37.7964
31.45034 1571 39.5285
31.46034 1601 40.161
31.47034 1686 41.1693
31.48034 1614 40.161
31.49034 1845 43.0331
31.50034 1925 43.8529
31.51034 1948 44.2807
31.52034 2078 45.6435
31.53034 2002 44.7214
31.54034 2042 45.1754
31.55034 2129 46.1266
31.56034 2130 46.1266
31.57034 2104 45.6435
31.58034 2119 46.1266
31.59034 2129 46.1266
31.60034 2027 45.1754
31.61034 2016 44.7214
31.62034 2052 45.1754
31.63034 1895 43.4372
31.64034 1812 42.6401
31.65034 1746 41.8854
31.66035 1792 42.2577
31.67035 1757 41.8854
31.68035 1620 40.161
31.69035 1677 40.8248
31.70035 1588 39.841
31.71035 1678 40.8248
31.72035 1700 41.1693
31.73035 1703 41.1693
31.74035 1798 42.2577
31.75035 1949 44.2807
31.76035 2029 45.1754
31.77035 2108 46.1266
31.78035 2321 48.2243
31.79035 2491 50
31.80035 2649 51.2989
31.81035 2756 52.7046
31.82035 2919 54.2326
31.83035 3055 55.0482
31.84035 3134 55.9017
31.85035 3264 56.7962
31.86035 3347 57.735
31.87035 3386 57.735
31.88035 3281 57.735
31.89035 3241 56.7962
31.90035 3248 56.7962
31.91035 3072 55.0482
31.92035 3048 55.0482
31.93035 2926 54.2326
31.94035 2855 53.4522
31.95035 2942 54.2326
31.96035 2757 52.7046
31.97035 2786 52.7046
31.98035 2708 51.9875
31.99035 2764 52.7046
32.00035 2758 52.7046
32.01035 2798 52.7046
32.02035 2831 53.4522
32.03035 2912 54.2326
32.04035 2888 53.4522
32.05035 2915 54.2326
32.06035 2888 53.4522
32.07035 3040 55.0482
32.08035 2907 54.2326
32.09035 2967 54.2326
32.10035 2968 54.2326
32.11036 2766 52.7046
32.12035 2710 51.9875
32.13036 2596 50.637
32.14035 2531 50
32.15036 2366 48.795
32.16035 2222 47.1405
32.17036 2028 45.1754
32.18036 1885 43.4372
32.19036 1832 42.6401
32.20036 1723 41.5227
32.21036 1751 41.8854
32.22036 1487 38.6334
32.23036 1480 38.3482
32.24036 1395 37.2678
32.25036 1328 36.5148
32.26036 1390 37.2678
32.27036 1263 35.5784
32.28036 1289 35.8057
32.29036 1335 36.5148
32.30036 1248 35.3553
32.31036 1255 35.3553
32.32036 1262 35.5784
32.33036 1166 34.0997
32.34036 1273 35.5784
32.35036 1313 36.2738
32.36036 1252 35.3553
32.37036 1301 36.0375
32.38036 1319 36.2738
32.39036 1301 36.0375
32.40036 1312 36.2738
32.41036 1342 36.5148
32.42036 1396 37.2678
32.43036 1374 37.0117
32.44036 1449 38.0693
32.45036 1502 38.6334
32.46036 1559 39.5285
32.47036 1616 40.161
32.48036 1616 40.161
32.49036 1571 39.5285
32.50036 1696 41.1693
32.51036 1710 41.5227
32.52036 1724 41.5227
32.53036 1719 41.5227
32.54036 1813 42.6401
32.55037 1795 42.2577
32.56036 1800 42.2577
32.57037 1758 41.8854
32.58036 1761 41.8854
32.59037 1725 41.5227
32.60036 1713 41.5227
32.61037 1717 41.5227
32.62037 1649 40.4888
32.63037 1597 39.841
32.64037 1572 39.5285
32.65037 1522 38.9249
32.66037 1488 38.6334
32.67037 1463 38.3482
32.68037 1374 37.0117
32.69037 1440 38.0693
32.70037 1368 37.0117
32.71037 1321 36.2738
32.72037 1354 36.7607
32.73037 1326 36.5148
32.74037 1292 36.0375
32.75037 1326 36.5148
32.76037 1356 36.7607
32.77037 1316 36.2738
32.78037 1382 37.2678
32.79037 1365 37.0117
32.80037 1441 38.0693
32.81037 1486 38.6334
32.82037 1447 38.0693
32.83037 1415 37.5293
32.84037 1572 39.5285
32.85037 1634 40.4888
32.86037 1623 40.161
32.87037 1626 40.161
32.88037 1629 40.4888
32.89037 1809 42.6401
32.90037 1784 42.2577
32.91037 1866 43.0331
32.92037 1868 43.0331
32.93037 1802 42.6401
32.94037 1823 42.6401
32.95037 1880 43.4372
32.96037 1851 43.0331
32.97038 1835 43.0331
32.98037 1737 41.5227
32.99038 1671 40.8248
33.00037 1622 40.161
33.01038 1592 39.841
33.02037 1579 39.841
33.03038 1506 38.9249
33.04037 1418 37.5293
33.05038 1394 37.2678
33.06038 1308 36.2738
33.07038 1321 36.2738
33.08038 1342 36.5148
33.09038 1294 36.0375
33.10038 1292 36.0375
33.11038 1232 35.1364
33.12038 1276 35.8057
33.13038 1337 36.5148
33.14038 1333 36.5148
33.15038 1426 37.7964
33.16038 1430 37.7964
33.17038 1395 37.2678
33.18038 1565 39.5285
33.19038 1532 39.2232
33.20038 1531 39.2232
33.21038 1575 39.841
33.22038 1675 40.8248
33.23038 1683 41.1693
33.24038 1756 41.8854
33.25038 1757 41.8854
33.26038 1703 41.1693
33.27038 1762 41.8854
33.28038 1737 41.5227
33.29038 1684 41.1693
33.30038 1703 41.1693
33.31038 1588 39.841
33.32038 1632 40.4888
33.33038 1502 38.6334
33.34038 1504 38.9249
33.35038 1502 38.6334
33.36038 1391 37.2678
33.37038 1403 37.5293
33.38038 1315 36.2738
33.39038 1327 36.5148
33.40038 1222 34.9215
33.41039 1262 35.5784
33.42038 1231 35.1364
33.43039 1201 34.7105
33.44038 1157 34.0997
33.45039 1196 34.5033
33.46038 1167 34.0997
33.47039 1162 34.0997
33.48038 1155 33.9032
33.49039 1072 32.7913
33.50039 1023 31.9438
33.51039 1097 33.1497
33.52039 1126 33.5201
33.53039 1047 32.2749
33.54039 1060 32.6164
33.55039 1063 32.6164
33.56039 1064 32.6164
33.57039 1077 32.7913
33.58039 1090 32.969
33.59039 1101 33.1497
33.60039 1114 33.3333
33.61039 1146 33.9032
33.62039 1079 32.7913
33.63039 1032 32.1081
33.64039 1029 32.1081
33.65039 1095 33.1497
33.66039 1096 33.1497
33.67039 1049 32.4443
33.68039 1063 32.6164
33.69039 1082 32.969
33.70039 1130 33.71
33.71039 1105 33.3333
33.72039 1020 31.9438
33.73039 1142 33.71
33.74039 1103 33.1497
33.75039 1084 32.969
33.76039 1130 33.71
33.77039 1081 32.7913
33.78039 1110 33.3333
33.79039 1057 32.4443
33.80039 1122 33.5201
33.81039 1128 33.5201
33.82039 1085 32.969
33.83039 1120 33.5201
33.84039 1036 32.1081
33.85040 1159 34.0997
33.86039 1154 33.9032
33.87040 1098 33.1497
33.88039 1120 33.5201
33.89040 1091 32.969
33.90039 1047 32.2749
33.91040 1074 32.7913
33.92039 1114 33.3333
33.93040 1029 32.1081
33.94040 1042 32.2749
33.95040 1062 32.6164
33.96040 1080 32.7913
33.97040 1074 32.7913
33.98040 1101 33.1497
33.99040 1075 32.7913
34.00040 1017 31.9438
34.01040 1032 32.1081
34.02040 1049 32.4443
34.03040 1060 32.6164
34.04040 1129 33.5201
34.05040 1079 32.7913
34.06040 1061 32.6164
34.07040 1031 32.1081
34.08040 1056 32.4443
34.09040 1044 32.2749
34.10040 1064 32.6164
34.11040 1075 32.7913
34.12040 1018 31.9438
34.13040 1050 32.4443
34.14040 1089 32.969
34.15040 1089 32.969
34.16040 1082 32.969
34.17040 1082 32.969
34.18040 1037 32.2749
34.19040 1056 32.4443
34.20040 1044 32.2749
34.21040 1008 31.7821
34.22040 1085 32.969
34.23040 1052 32.4443
34.24040 1064 32.6164
34.25040 1048 32.4443
34.26040 1069 32.6164
34.27040 1064 32.6164
34.28040 961 31.0087
34.29041 1079 32.7913
34.30040 1090 32.969
34.31041 1075 32.7913
34.32040 1099 33.1497
34.33041 1013 31.7821
34.34040 1067 32.6164
34.35041 1061 32.6164
34.36040 1026 32.1081
34.37041 1047 32.2749
34.38041 1064 32.6164
34.39041 1099 33.1497
34.40041 1048 32.4443
34.41041 1085 32.969
34.42041 1100 33.1497
34.43041 1049 32.4443
34.44041 1051 32.4443
34.45041 1066 32.6164
34.46041 1043 32.2749
34.47041 1130 33.71
34.48041 1089 32.969
34.49041 1147 33.9032
34.50041 1099 33.1497
34.51041 1082 32.969
34.52041 1118 33.5201
34.53041 1161 34.0997
34.54041 1198 34.7105
34.55041 1225 34.9215
34.56041 1199 34.7105
34.57041 1245 35.3553
34.58041 1317 36.2738
34.59041 1324 36.2738
34.60041 1402 37.5293
34.61041 1417 37.5293
34.62041 1403 37.5293
34.63041 1541 39.2232
34.64041 1507 38.9249
34.65041 1538 39.2232
34.66041 1570 39.5285
34.67041 1644 40.4888
34.68041 1725 41.5227
34.69041 1714 41.5227
34.70041 1744 41.8854
34.71041 1759 41.8854
34.72041 1825 42.6401
34.73042 1776 42.2577
34.74041 1947 44.2807
34.75042 1956 44.2807
34.76041 1901 43.4372
34.77042 1963 44.2807
34.78041 2003 44.7214
34.79042 2041 45.1754
34.80042 2020 44.7214
34.81042 2006 44.7214
34.82042 1983 44.7214
34.83042 1939 43.8529
34.84042 2009 44.7214
34.85042 2011 44.7214
34.86042 2044 45.1754
34.87042 2079 45.6435
34.88042 2056 45.1754
34.89042 1998 44.7214
34.90042 1974 44.2807
34.91042 1909 43.8529
34.92042 1998 44.7214
34.93042 1866 43.0331
34.94042 1961 44.2807
34.95042 1845 43.0331
34.96042 1823 42.6401
34.97042 1715 41.5227
34.98042 1686 41.1693
34.99042 1643 40.4888
35.00042 1640 40.4888
35.01042 1508 38.9249
35.02042 1475 38.3482
35.03042 1398 37.2678
35.04042 1348 36.7607
35.05042 1385 37.2678
35.06042 1361 37.0117
35.07042 1310 36.2738
35.08042 1323 36.2738
35.09042 1375 37.0117
35.10042 1327 36.5148
35.11042 1352 36.7607
35.12042 1440 38.0693
35.13042 1448 38.0693
35.14042 1449 38.0693
35.15042 1599 39.841
35.16042 1518 38.9249
35.17043 1532 39.2232
35.18042 1513 38.9249
35.19043 1590 39.841
35.20042 1608 40.161
35.21043 1652 40.4888
35.22042 1712 41.5227
35.23043 1674 40.8248
35.24043 1651 40.4888
35.25043 1713 41.5227
35.26043 1733 41.5227
35.27043 1797 42.2577
35.28043 1854 43.0331
35.29043 1871 43.4372
35.30043 1942 44.2807
35.31043 2016 44.7214
35.32043 2305 48.2243
35.33043 2375 48.795
35.34043 2536 50.637
35.35043 2712 51.9875
35.36043 2818 53.4522
35.37043 2955 54.2326
35.38043 3111 55.9017
35.39043 3149 55.9017
35.40043 3098 55.9017
35.41043 3176 56.7962
35.42043 3104 55.9017
35.43043 3042 55.0482
35.44043 3004 55.0482
35.45043 2889 53.4522
35.46043 2782 52.7046
35.47043 2561 50.637
35.48043 2531 50
35.49043 2389 48.795
35.50043 2183 46.6252
35.51043 2023 45.1754
35.52043 1971 44.2807
35.53043 1781 42.2577
35.54043 1708 41.1693
35.55043 1640 40.4888
35.56043 1527 39.2232
35.57043 1435 37.7964
35.58043 1414 37.5293
35.59044 1339 36.5148
35.60043 1293 36.0375
35.61044 1271 35.5784
35.62043 1353 36.7607
35.63044 1264 35.5784
35.64043 1268 35.5784
35.65044 1265 35.5784
35.66043 1251 35.3553
35.67044 1203 34.7105
35.68044 1246 35.3553
35.69044 1199 34.7105
35.70044 1207 34.7105
35.71044 1139 33.71
35.72044 1242 35.1364
35.73044 1172 34.2997
35.74044 1152 33.9032
35.75044 1123 33.5201
35.76044 1147 33.9032
35.77044 1142 33.71
35.78044 1116 33.3333
35.79044 1192 34.5033
35.80044 1118 33.5201
35.81044 1165 34.0997
35.82044 1097 33.1497
35.83044 1110 33.3333
35.84044 1153 33.9032
35.85044 1221 34.9215
35.86044 1215 34.9215
35.87044 1199 34.7105
35.88044 1225 34.9215
35.89044 1298 36.0375
35.90044 1327 36.5148
35.91044 1324 36.2738
35.92044 1315 36.2738
35.93044 1371 37.0117
35.94044 1410 37.5293
35.95044 1383 37.2678
35.96044 1509 38.9249
35.97044 1476 38.3482
35.98044 1436 37.7964
35.99044 1649 40.4888
36.00044 1712 41.5227
36.01044 1720 41.5227
36.02044 1750 41.8854
36.03045 1892 43.4372
36.04044 1910 43.8529
36.05045 1999 44.7214
36.06044 2094 45.6435
36.07045 2157 46.6252
36.08044 2225 47.1405
36.09045 2278 47.6731
36.10044 2428 49.3865
36.11045 2436 49.3865
36.12045 2461 49.3865
36.13045 2458 49.3865
36.14045 2529 50
36.15045 2533 50.637
36.16045 2460 49.3865
36.17045 2475 50
36.18045 2493 50
36.19045 2366 48.795
36.20045 2222 47.1405
36.21045 2222 47.1405
36.22045 2121 46.1266
36.23045 1970 44.2807
36.24045 1949 44.2807
36.25045 1862 43.0331
36.26045 1703 41.1693
36.27045 1595 39.841
36.28045 1481 38.3482
36.29045 1362 37.0117
36.30045 1422 37.7964
36.31045 1280 35.8057
36.32045 1280 35.8057
36.33045 1209 34.7105
36.34045 1248 35.3553
36.35045 1191 34.5033
36.36045 1159 34.0997
36.37045 1137 33.71
36.38045 1187 34.5033
36.39045 1140 33.71
36.40045 1123 33.5201
36.41045 1160 34.0997
36.42045 1101 33.1497
36.43045 1128 33.5201
36.44045 1187 34.5033
36.45045 1140 33.71
36.46045 1099 33.1497
36.47046 1131 33.71
36.48045 1143 33.9032
36.49046 1113 33.3333
36.50045 1103 33.1497
36.51046 1106 33.3333
36.52045 1112 33.3333
36.53046 1109 33.3333
36.54045 1148 33.9032
36.55046 1092 32.969
36.56046 1066 32.6164
36.57046 1090 32.969
36.58046 1042 32.2749
36.59046 1066 32.6164
36.60046 1043 32.2749
36.61046 1023 31.9438
36.62046 1045 32.2749
36.63046 1033 32.1081
36.64046 1070 32.7913
36.65046 1124 33.5201
36.66046 1093 33.1497
36.67046 1077 32.7913
36.68046 1109 33.3333
36.69046 1121 33.5201
36.70046 1132 33.71
36.71046 1104 33.1497
36.72046 1156 33.9032
36.73046 1090 32.969
36.74046 1173 34.2997
36.75046 1165 34.0997
36.76046 1174 34.2997
36.77046 1183 34.2997
36.78046 1245 35.3553
36.79046 1273 35.5784
36.80046 1225 34.9215
36.81046 1233 35.1364
36.82046 1262 35.5784
36.83046 1200 34.7105
36.84046 1291 36.0375
36.85046 1281 35.8057
36.86046 1344 36.7607
36.87046 1401 37.5293
36.88046 1377 37.0117
36.89046 1475 38.3482
36.90046 1494 38.6334
36.91047 1515 38.9249
36.92046 1585 39.841
36.93047 1583 39.841
36.94046 1572 39.5285
36.95047 1625 40.161
36.96046 1645 40.4888
36.97047 1576 39.841
36.98046 1640 40.4888
36.99047 1609 40.161
37.00047 1587 39.841
37.01047 1556 39.5285
37.02047 1535 39.2232
37.03047 1504 38.9249
37.04047 1529 39.2232
37.05047 1474 38.3482
37.06047 1491 38.6334
37.07047 1516 38.9249
37.08047 1495 38.6334
37.09047 1536 39.2232
37.10047 1511 38.9249
37.11047 1496 38.6334
37.12047 1569 39.5285
37.13047 1613 40.161
37.14047 1604 40.161
37.15047 1609 40.161
37.16047 1505 38.9249
37.17047 1482 38.6334
37.18047 1544 39.2232
37.19047 1438 37.7964
37.20047 1457 38.0693
37.21047 1482 38.6334
37.22047 1425 37.7964
37.23047 1302 36.0375
37.24047 1287 35.8057
37.25047 1222 34.9215
37.26047 1172 34.2997
37.27047 1160 34.0997
37.28047 1161 34.0997
37.29047 1093 33.1497
37.30047 1104 33.1497
37.31047 1075 32.7913
37.32047 1072 32.7913
37.33047 1114 33.3333
37.34047 1144 33.9032
37.35048 1139 33.71
37.36047 1091 32.969
37.37048 1124 33.5201
37.38047 1138 33.71
37.39048 1224 34.9215
37.40047 1181 34.2997
37.41048 1233 35.1364
37.42048 1220 34.9215
37.43048 1293 36.0375
37.44048 1329 36.5148
37.45048 1353 36.7607
37.46048 1366 37.0117
37.47048 1519 38.9249
37.48048 1485 38.6334
37.49048 1654 40.8248
37.50048 1676 40.8248
37.51048 1792 42.2577
37.52048 1804 42.6401
37.53048 1808 42.6401
37.54048 1928 43.8529
37.55048 1932 43.8529
37.56048 1802 42.6401
37.57048 1879 43.4372
37.58048 1885 43.4372
37.59048 1832 42.6401
37.60048 1868 43.0331
37.61048 1779 42.2577
37.62048 1770 42.2577
37.63048 1674 40.8248
37.64048 1616 40.161
37.65048 1533 39.2232
37.66048 1518 38.9249
37.67048 1485 38.6334
37.68048 1473 38.3482
37.69048 1480 38.3482
37.70048 1370 37.0117
37.71048 1453 38.0693
37.72048 1439 38.0693
37.73048 1450 38.0693
37.74048 1513 38.9249
37.75048 1448 38.0693
37.76048 1423 37.7964
37.77048 1501 38.6334
37.78048 1502 38.6334
37.79049 1519 38.9249
37.80048 1478 38.3482
37.81049 1490 38.6334
37.82048 1475 38.3482
37.83049 1430 37.7964
37.84048 1398 37.2678
37.85049 1327 36.5148
37.86049 1279 35.8057
37.87049 1246 35.3553
37.88049 1165 34.0997
37.89049 1215 34.9215
37.90049 1229 35.1364
37.91049 1159 34.0997
37.92049 1100 33.1497
37.93049 1028 32.1081
37.94049 1032 32.1081
37.95049 1076 32.7913
37.96049 1040 32.2749
37.97049 999 31.6228
37.98049 1013 31.7821
37.99049 1023 31.9438
38.00049 1060 32.6164
38.01049 1023 31.9438
38.02049 1010 31.7821
38.03049 1014 31.7821
38.04049 1038 32.2749
38.05049 1008 31.7821
38.06049 1074 32.7913
38.07049 1077 32.7913
38.08049 1069 32.6164
38.09049 1113 33.3333
38.10049 1171 34.2997
38.11049 1147 33.9032
38.12049 1195 34.5033
38.13049 1213 34.9215
38.14049 1235 35.1364
38.15049 1282 35.8057
38.16049 1205 34.7105
38.17049 1269 35.5784
38.18049 1244 35.3553
38.19049 1283 35.8057
38.20049 1214 34.9215
38.21049 1219 34.9215
38.22049 1188 34.5033
38.23050 1167 34.0997
38.24049 1146 33.9032
38.25050 1105 33.3333
38.26049 1075 32.7913
38.27050 1085 32.969
38.28049 1062 32.6164
38.29050 1029 32.1081
38.30050 1011 31.7821
38.31050 999 31.6228
38.32050 1051 32.4443
38.33050 1010 31.7821
38.34050 1033 32.1081
38.35050 952 30.8607
38.36050 1007 31.7821
38.37050 961 31.0087
38.38050 950 30.8607
38.39050 967 31.1588
38.40050 1006 31.7821
38.41050 987 31.4658
38.42050 962 31.0087
38.43050 966 31.0087
38.44050 948 30.8607
38.45050 961 31.0087
38.46050 992 31.4658
38.47050 1035 32.1081
38.48050 1034 32.1081
38.49050 1034 32.1081
38.50050 1087 32.969
38.51050 1080 32.7913
38.52050 1124 33.5201
38.53050 1127 33.5201
38.54050 1168 34.0997
38.55050 1267 35.5784
38.56050 1216 34.9215
38.57050 1234 35.1364
38.58050 1294 36.0375
38.59050 1364 37.0117
38.60050 1333 36.5148
38.61050 1378 37.0117
38.62050 1377 37.0117
38.63050 1395 37.2678
38.64050 1364 37.0117
38.65051 1427 37.7964
38.66050 1357 36.7607
38.67051 1358 36.7607
38.68050 1282 35.8057
38.69051 1325 36.5148
38.70050 1221 34.9215
38.71051 1277 35.8057
38.72050 1212 34.7105
38.73051 1163 34.0997
38.74051 1142 33.71
38.75051 1164 34.0997
38.76051 1104 33.1497
38.77051 1103 33.1497
38.78051 1047 32.2749
38.79051 1037 32.2749
38.80051 1059 32.6164
38.81051 1094 33.1497
38.82051 1076 32.7913
38.83051 1063 32.6164
38.84051 1053 32.4443
38.85051 1082 32.969
38.86051 1046 32.2749
38.87051 1016 31.9438
38.88051 1121 33.5201
38.89051 1035 32.1081
38.90051 1067 32.6164
38.91051 1058 32.4443
38.92051 1058 32.4443
38.93051 1073 32.7913
38.94051 1131 33.71
38.95051 1109 33.3333
38.96051 1129 33.5201
38.97051 1119 33.5201
38.98051 1066 32.6164
38.99051 1097 33.1497
39.00051 1127 33.5201
39.01051 1068 32.6164
39.02051 1108 33.3333
39.03051 1089 32.969
39.04051 1072 32.7913
39.05051 1067 32.6164
39.06051 1050 32.4443
39.07051 1050 32.4443
39.08051 1083 32.969
39.09052 1071 32.7913
39.10051 1078 32.7913
39.11052 1071 32.7913
39.12051 1191 34.5033
39.13052 1169 34.0997
39.14051 1155 33.9032
39.15052 1141 33.71
39.16051 1151 33.9032
39.17052 1248 35.3553
39.18052 1273 35.5784
39.19052 1245 35.3553
39.20052 1256 35.3553
39.21052 1312 36.2738
39.22052 1276 35.8057
39.23052 1244 35.3553
39.24052 1343 36.7607
39.25052 1332 36.5148
39.26052 1293 36.0375
39.27052 1229 35.1364
39.28052 1288 35.8057
39.29052 1281 35.8057
39.30052 1230 35.1364
39.31052 1277 35.8057
39.32052 1265 35.5784
39.33052 1224 34.9215
39.34052 1174 34.2997
39.35052 1163 34.0997
39.36052 1121 33.5201
39.37052 1037 32.2749
39.38052 1168 34.0997
39.39052 1116 33.3333
39.40052 1069 32.6164
39.41052 1070 32.7913
39.42052 1029 32.1081
39.43052 1049 32.4443
39.44052 934 30.5709
39.45052 985 31.3112
39.46052 963 31.0087
39.47052 959 31.0087
39.48052 992 31.4658
39.49052 1014 31.7821
39.50052 1031 32.1081
39.51052 1061 32.6164
39.52052 1050 32.4443
39.53053 1005 31.6228
39.54052 1007 31.7821
39.55053 1074 32.7913
39.56052 1079 32.7913
39.57053 1063 32.6164
39.58052 1124 33.5201
39.59053 1146 33.9032
39.60052 1242 35.1364
39.61053 1175 34.2997
39.62053 1248 35.3553
39.63053 1233 35.1364
39.64053 1301 36.0375
39.65053 1281 35.8057
39.66053 1341 36.5148
39.67053 1342 36.5148
39.68053 1343 36.7607
39.69053 1316 36.2738
39.70053 1326 36.5148
39.71053 1361 37.0117
39.72053 1289 35.8057
39.73053 1290 35.8057
39.74053 1280 35.8057
39.75053 1315 36.2738
39.76053 1214 34.9215
39.77053 1165 34.0997
39.78053 1129 33.5201
39.79053 1201 34.7105
39.80053 1154 33.9032
39.81053 1127 33.5201
39.82053 1141 33.71
39.83053 1128 33.5201
39.84053 1153 33.9032
39.85053 1193 34.5033
39.86053 1132 33.71
39.87053 1218 34.9215
39.88053 1210 34.7105
39.89053 1243 35.3553
39.90053 1346 36.7607
39.91053 1332 36.5148
39.92053 1364 37.0117
39.93053 1365 37.0117
39.94053 1391 37.2678
39.95053 1447 38.0693
39.96053 1465 38.3482
39.97054 1470 38.3482
39.98053 1451 38.0693
39.99054 1479 38.3482
40.00053 1402 37.5293
40.01054 1420 37.7964
40.02053 1369 37.0117
40.03054 1361 37.0117
40.04053 1289 35.8057
40.05054 1252 35.3553
40.06054 1205 34.7105
40.07054 1181 34.2997
40.08054 1135 33.71
40.09054 1110 33.3333
40.10054 1047 32.2749
40.11054 1017 31.9438
40.12054 1021 31.9438
40.13054 981 31.3112
40.14054 1051 32.4443
40.15054 966 31.0087
40.16054 926 30.429
40.17054 918 30.2891
40.18054 970 31.1588
40.19054 951 30.8607
40.20054 907 30.1511
40.21054 1015 31.7821
40.22054 892 29.8807
40.23054 919 30.2891
40.24054 918 30.2891
40.25054 967 31.1588
40.26054 887 29.7482
40.27054 905 30.1511
40.28054 871 29.4884
40.29054 900 30.015
40.30054 935 30.5709
40.31054 955 30.8607
40.32054 961 31.0087
40.33054 913 30.1511
40.34054 932 30.5709
40.35054 906 30.1511
40.36054 912 30.1511
40.37054 949 30.8607
40.38054 962 31.0087
40.39054 957 31.0087
40.40054 973 31.1588
40.41055 879 29.6174
40.42054 962 31.0087
40.43055 934 30.5709
40.44054 969 31.1588
40.45055 981 31.3112
40.46054 988 31.4658
40.47055 993 31.4658
40.48055 999 31.6228
40.49055 1010 31.7821
40.50055 1016 31.9438
40.51055 1021 31.9438
40.52055 1052 32.4443
40.53055 1081 32.7913
40.54055 1067 32.6164
40.55055 1086 32.969
40.56055 1118 33.5201
40.57055 1141 33.71
40.58055 1165 34.0997
40.59055 1203 34.7105
40.60055 1233 35.1364
40.61055 1276 35.8057
40.62055 1248 35.3553
40.63055 1227 35.1364
40.64055 1326 36.5148
40.65055 1330 36.5148
40.66055 1325 36.5148
40.67055 1366 37.0117
40.68055 1338 36.5148
40.69055 1289 35.8057
40.70055 1265 35.5784
40.71055 1286 35.8057
40.72055 1256 35.3553
40.73055 1209 34.7105
40.74055 1206 34.7105
40.75055 1167 34.0997
40.76055 1094 33.1497
40.77055 1044 32.2749
40.78055 1100 33.1497
40.79055 1100 33.1497
40.80055 1037 32.2749
40.81055 1079 32.7913
40.82055 1041 32.2749
40.83055 973 31.1588
40.84055 1011 31.7821
40.85056 1032 32.1081
40.86055 1022 31.9438
40.87056 983 31.3112
40.88055 978 31.3112
40.89056 1012 31.7821
40.90055 1096 33.1497
40.91056 1116 33.3333
40.92056 1161 34.0997
40.93056 1214 34.9215
40.94056 1272 35.5784
40.95056 1295 36.0375
40.96056 1332 36.5148
40.97056 1355 36.7607
40.98056 1386 37.2678
40.99056 1525 38.9249
41.00056 1573 39.5285
41.01056 1555 39.5285
41.02056 1505 38.9249
41.03056 1564 39.5285
41.04056 1589 39.841
41.05056 1620 40.161
41.06056 1613 40.161
41.07056 1634 40.4888
41.08056 1657 40.8248
41.09056 1552 39.5285
41.10056 1535 39.2232
41.11056 1586 39.841
41.12056 1566 39.5285
41.13056 1647 40.4888
41.14056 1631 40.4888
41.15056 1669 40.8248
41.16056 1631 40.4888
41.17056 1699 41.1693
41.18056 1773 42.2577
41.19056 1733 41.5227
41.20056 1765 41.8854
41.21056 1729 41.5227
41.22056 1757 41.8854
41.23056 1839 43.0331
41.24056 1771 42.2577
41.25056 1738 41.5227
41.26056 1721 41.5227
41.27057 1685 41.1693
41.28056 1666 40.8248
41.29057 1618 40.161
41.30056 1605 40.161
41.31057 1520 38.9249
41.32056 1507 38.9249
41.33057 1485 38.6334
41.34056 1434 37.7964
41.35057 1422 37.7964
41.36057 1389 37.2678
41.37057 1341 36.5148
41.38057 1301 36.0375
41.39057 1302 36.0375
41.40057 1301 36.0375
41.41057 1286 35.8057
41.42057 1317 36.2738
41.43057 1302 36.0375
41.44057 1309 36.2738
41.45057 1267 35.5784
41.46057 1336 36.5148
41.47057 1281 35.8057
41.48057 1242 35.1364
41.49057 1320 36.2738
41.50057 1357 36.7607
41.51057 1252 35.3553
41.52057 1335 36.5148
41.53057 1379 37.0117
41.54057 1322 36.2738
41.55057 1430 37.7964
41.56057 1417 37.5293
41.57057 1484 38.6334
41.58057 1521 38.9249
41.59057 1605 40.161
41.60057 1586 39.841
41.61057 1679 40.8248
41.62057 1669 40.8248
41.63057 1588 39.841
41.64057 1715 41.5227
41.65057 1725 41.5227
41.66057 1757 41.8854
41.67057 1716 41.5227
41.68057 1727 41.5227
41.69057 1766 41.8854
41.70057 1782 42.2577
41.71058 1808 42.6401
41.72057 1735 41.5227
41.73058 1699 41.1693
41.74057 1674 40.8248
41.75058 1758 41.8854
41.76057 1681 41.1693
41.77058 1636 40.4888
41.78057 1669 40.8248
41.79058 1598 39.841
41.80058 1575 39.841
41.81058 1668 40.8248
41.82058 1522 38.9249
41.83058 1514 38.9249
41.84058 1546 39.2232
41.85058 1494 38.6334
41.86058 1449 38.0693
41.87058 1433 37.7964
41.88058 1392 37.2678
41.89058 1380 37.2678
41.90058 1278 35.8057
41.91058 1288 35.8057
41.92058 1224 34.9215
41.93058 1151 33.9032
41.94058 1079 32.7913
41.95058 1065 32.6164
41.96058 992 31.4658
41.97058 1007 31.7821
41.98058 1013 31.7821
41.99058 1062 32.6164
42.00058 998 31.6228
42.01058 1015 31.7821
42.02058 983 31.3112
42.03058 1025 31.9438
42.04058 1011 31.7821
42.05058 1073 32.7913
42.06058 1077 32.7913
42.07058 993 31.4658
42.08058 1029 32.1081
42.09058 1053 32.4443
42.10058 1001 31.6228
42.11058 1079 32.7913
42.12058 1112 33.3333
42.13058 1048 32.4443
42.14058 1081 32.7913
42.15059 1158 34.0997
42.16058 1086 32.969
42.17059 1110 33.3333
42.18058 1057 32.4443
42.19059 1069 32.6164
42.20058 973 31.1588
42.21059 1082 32.969
42.22058 1064 32.6164
42.23059 1033 32.1081
42.24059 966 31.0087
42.25059 1031 32.1081
42.26059 1012 31.7821
42.27059 1041 32.2749
42.28059 984 31.3112
42.29059 1019 31.9438
42.30059 1012 31.7821
42.31059 1051 32.4443
42.32059 1049 32.4443
42.33059 1125 33.5201
42.34059 1147 33.9032
42.35059 1163 34.0997
42.36059 1204 34.7105
42.37059 1268 35.5784
42.38059 1387 37.2678
42.39059 1409 37.5293
42.40059 1500 38.6334
42.41059 1568 39.5285
42.42059 1675 40.8248
42.43059 1630 40.4888
42.44059 1701 41.1693
42.45059 1756 41.8854
42.46059 1758 41.8854
42.47059 1748 41.8854
42.48059 1745 41.8854
42.49059 1805 42.6401
42.50059 1741 41.8854
42.51059 1696 41.1693
42.52059 1732 41.5227
42.53059 1711 41.5227
42.54059 1618 40.161
42.55059 1642 40.4888
42.56059 1533 39.2232
42.57059 1464 38.3482
42.58059 1391 37.2678
42.59060 1374 37.0117
42.60059 1339 36.5148
42.61060 1313 36.2738
42.62059 1285 35.8057
42.63060 1222 34.9215
42.64059 1193 34.5033
42.65060 1196 34.5033
42.66059 1154 33.9032
42.67060 1172 34.2997
42.68060 1100 33.1497
42.69060 1148 33.9032
42.70060 1107 33.3333
42.71060 1089 32.969
42.72060 998 31.6228
42.73060 992 31.4658
42.74060 1056 32.4443
42.75060 960 31.0087
42.76060 940 30.7148
42.77060 942 30.7148
42.78060 984 31.3112
42.79060 905 30.1511
42.80060 953 30.8607
42.81060 944 30.7148
42.82060 945 30.7148
42.83060 1001 31.6228
42.84060 987 31.4658
42.85060 958 31.0087
42.86060 993 31.4658
42.87060 1049 32.4443
42.88060 996 31.6228
42.89060 1021 31.9438
42.90060 1034 32.1081
42.91060 1057 32.4443
42.92060 1062 32.6164
42.93060 1024 31.9438
42.94060 1062 32.6164
42.95060 1092 32.969
42.96060 1076 32.7913
42.97060 1040 32.2749
42.98060 1123 33.5201
42.99060 1184 34.5033
43.00060 1117 33.3333
43.01060 1124 33.5201
43.02060 1134 33.71
43.03061 1104 33.1497
43.04060 1079 32.7913
43.05061 1095 33.1497
43.06060 1090 32.969
43.07061 1088 32.969
43.08060 1089 32.969
43.09061 1083 32.969
43.10061 1080 32.7913
43.11061 1095 33.1497
43.12061 1117 33.3333
43.13061 1138 33.71
43.14061 1214 34.9215
43.15061 1235 35.1364
43.16061 1260 35.5784
43.17061 1218 34.9215
43.18061 1291 36.0375
43.19061 1299 36.0375
43.20061 1346 36.7607
43.21061 1433 37.7964
43.22061 1487 38.6334
43.23061 1443 38.0693
43.24061 1454 38.0693
43.25061 1496 38.6334
43.26061 1455 38.0693
43.27061 1435 37.7964
43.28061 1465 38.3482
43.29061 1519 38.9249
43.30061 1433 37.7964
43.31061 1337 36.5148
43.32061 1365 37.0117
43.33061 1299 36.0375
43.34061 1323 36.2738
43.35061 1266 35.5784
43.36061 1172 34.2997
43.37061 1120 33.5201
43.38061 1096 33.1497
43.39061 1118 33.5201
43.40061 1067 32.6164
43.41061 1015 31.7821
43.42061 1049 32.4443
43.43061 1039 32.2749
43.44061 926 30.429
43.45061 959 31.0087
43.46061 988 31.4658
43.47062 984 31.3112
43.48061 937 30.5709
43.49062 996 31.6228
43.50061 995 31.4658
43.51062 949 30.8607
43.52061 965 31.0087
43.53062 1043 32.2749
43.54062 999 31.6228
43.55062 1051 32.4443
43.56062 1029 32.1081
43.57062 1081 32.7913
43.58062 1069 32.6164
43.59062 1105 33.3333
43.60062 1137 33.71
43.61062 1164 34.0997
43.62062 1194 34.5033
43.63062 1171 34.2997
43.64062 1226 34.9215
43.65062 1231 35.1364
43.66062 1177 34.2997
43.67062 1210 34.7105
43.68062 1193 34.5033
43.69062 1171 34.2997
43.70062 1208 34.7105
43.71062 1189 34.5033
43.72062 1206 34.7105
43.73062 1219 34.9215
43.74062 1162 34.0997
43.75062 1100 33.1497
43.76062 1107 33.3333
43.77062 1140 33.71
43.78062 1101 33.1497
43.79062 1102 33.1497
43.80062 1078 32.7913
43.81062 1121 33.5201
43.82062 1053 32.4443
43.83062 1014 31.7821
43.84062 1110 33.3333
43.85062 1031 32.1081
43.86062 1094 33.1497
43.87062 1060 32.6164
43.88062 1010 31.7821
43.89062 1076 32.7913
43.90062 1138 33.71
43.91063 1058 32.4443
43.92062 1122 33.5201
43.93063 1109 33.3333
43.94062 1095 33.1497
43.95063 1132 33.71
43.96062 1052 32.4443
43.97063 1113 33.3333
43.98063 1100 33.1497
43.99063 1096 33.1497
44.00063 1078 32.7913
44.01063 1043 32.2749
44.02063 1073 32.7913
44.03063 1050 32.4443
44.04063 1092 32.969
44.05063 1028 32.1081
44.06063 1115 33.3333
44.07063 1092 32.969
44.08063 996 31.6228
44.09063 1066 32.6164
44.10063 1115 33.3333
44.11063 1107 33.3333
44.12063 1124 33.5201
44.13063 1056 32.4443
44.14063 1172 34.2997
44.15063 1280 35.8057
44.16063 1295 36.0375
44.17063 1333 36.5148
44.18063 1322 36.2738
44.19063 1429 37.7964
44.20063 1527 39.2232
44.21063 1453 38.0693
44.22063 1444 38.0693
44.23063 1548 39.2232
44.24063 1653 40.8248
44.25063 1613 40.161
44.26063 1631 40.4888
44.27063 1706 41.1693
44.28063 1684 41.1693
44.29063 1705 41.1693
44.30063 1727 41.5227
44.31063 1694 41.1693
44.32063 1695 41.1693
44.33064 1698 41.1693
44.34063 1703 41.1693
44.35064 1672 40.8248
44.36063 1692 41.1693
44.37064 1665 40.8248
44.38063 1645 40.4888
44.39064 1565 39.5285
44.40063 1574 39.5285
44.41064 1638 40.4888
44.42064 1672 40.8248
44.43064 1608 40.161
44.44064 1590 39.841
44.45064 1578 39.841
44.46064 1634 40.4888
44.47064 1627 40.4888
44.48064 1585 39.841
44.49064 1554 39.5285
44.50064 1578 39.841
44.51064 1585 39.841
44.52064 1555 39.5285
44.53064 1443 38.0693
44.54064 1509 38.9249
44.55064 1486 38.6334
44.56064 1458 38.0693
44.57064 1460 38.3482
44.58064 1474 38.3482
44.59064 1425 37.7964
44.60064 1487 38.6334
44.61064 1470 38.3482
44.62064 1396 37.2678
44.63064 1367 37.0117
44.64064 1375 37.0117
44.65064 1352 36.7607
44.66064 1309 36.2738
44.67064 1316 36.2738
44.68064 1268 35.5784
44.69064 1282 35.8057
44.70064 1279 35.8057
44.71064 1193 34.5033
44.72064 1216 34.9215
44.73064 1171 34.2997
44.74064 1106 33.3333
44.75064 1130 33.71
44.76064 1071 32.7913
44.77065 1066 32.6164
44.78064 1130 33.71
44.79065 1084 32.969
44.80064 1046 32.2749
44.81065 1097 33.1497
44.82064 1031 32.1081
44.83065 968 31.1588
44.84064 1072 32.7913
44.85065 1046 32.2749
44.86065 1049 32.4443
44.87065 998 31.6228
44.88065 1038 32.2749
44.89065 987 31.4658
44.90065 956 30.8607
44.91065 954 30.8607
44.92065 1034 32.1081
44.93065 1014 31.7821
44.94065 1043 32.2749
44.95065 1046 32.2749
44.96065 987 31.4658
44.97065 1022 31.9438
44.98065 1026 32.1081
44.99065 1026 32.1081
45.00065 1008 31.7821
45.01065 1025 31.9438
45.02065 1099 33.1497
45.03065 1003 31.6228
45.04065 1007 31.7821
45.05065 1065 32.6164
45.06065 1061 32.6164
45.07065 1102 33.1497
45.08065 1070 32.7913
45.09065 1114 33.3333
45.10065 1099 33.1497
45.11065 1044 32.2749
45.12065 1158 34.0997
45.13065 1177 34.2997
45.14065 1186 34.5033
45.15065 1233 35.1364
45.16065 1240 35.1364
45.17065 1203 34.7105
45.18065 1251 35.3553
45.19065 1207 34.7105
45.20065 1276 35.8057
45.21066 1329 36.5148
45.22065 1349 36.7607
45.23066 1357 36.7607
45.24065 1332 36.5148
45.25066 1365 37.0117
45.26065 1350 36.7607
45.27066 1344 36.7607
45.28065 1383 37.2678
45.29066 1317 36.2738
45.30066 1268 35.5784
45.31066 1327 36.5148
45.32066 1304 36.0375
45.33066 1233 35.1364
45.34066 1261 35.5784
45.35066 1277 35.8057
45.36066 1113 33.3333
45.37066 1115 33.3333
45.38066 1147 33.9032
45.39066 1066 32.6164
45.40066 1134 33.71
45.41066 1109 33.3333
45.42066 1025 31.9438
45.43066 1028 32.1081
45.44066 1090 32.969
45.45066 1052 32.4443
45.46066 1063 32.6164
45.47066 1027 32.1081
45.48066 1128 33.5201
45.49066 1140 33.71
45.50066 1085 32.969
45.51066 1111 33.3333
45.52066 1132 33.71
45.53066 1168 34.0997
45.54066 1161 34.0997
45.55066 1262 35.5784
45.56066 1284 35.8057
45.57066 1252 35.3553
45.58066 1255 35.3553
45.59066 1295 36.0375
45.60066 1271 35.5784
45.61066 1359 36.7607
45.62066 1278 35.8057
45.63066 1287 35.8057
45.64066 1283 35.8057
45.65067 1253 35.3553
45.66066 1222 34.9215
45.67067 1214 34.9215
45.68066 1240 35.1364
45.69067 1263 35.5784
45.70066 1267 35.5784
45.71067 1241 35.1364
45.72066 1155 33.9032
45.73067 1167 34.0997
45.74067 1175 34.2997
45.75067 1152 33.9032
45.76067 1111 33.3333
45.77067 1124 33.5201
45.78067 1167 34.0997
45.79067 1158 34.0997
45.80067 1162 34.0997
45.81067 1176 34.2997
45.82067 1192 34.5033
45.83067 1187 34.5033
45.84067 1217 34.9215
45.85067 1234 35.1364
45.86067 1237 35.1364
45.87067 1267 35.5784
45.88067 1236 35.1364
45.89067 1161 34.0997
45.90067 1170 34.2997
45.91067 1213 34.9215
45.92067 1205 34.7105
45.93067 1193 34.5033
45.94067 1176 34.2997
45.95067 1248 35.3553
45.96067 1150 33.9032
45.97067 1206 34.7105
45.98067 1191 34.5033
45.99067 1203 34.7105
46.00067 1160 34.0997
46.01067 1199 34.7105
46.02067 1196 34.5033
46.03067 1207 34.7105
46.04067 1240 35.1364
46.05067 1233 35.1364
46.06067 1298 36.0375
46.07067 1297 36.0375
46.08067 1326 36.5148
46.09068 1293 36.0375
46.10067 1292 36.0375
46.11068 1222 34.9215
46.12067 1274 35.8057
46.13068 1247 35.3553
46.14067 1272 35.5784
46.15068 1217 34.9215
46.16068 1207 34.7105
46.17068 1278 35.8057
46.18068 1167 34.0997
46.19068 1151 33.9032
46.20068 1113 33.3333
46.21068 1145 33.9032
46.22068 1067 32.6164
46.23068 1079 32.7913
46.24068 1098 33.1497
46.25068 1067 32.6164
46.26068 1083 32.969
46.27068 1024 31.9438
46.28068 1042 32.2749
46.29068 1007 31.7821
46.30068 944 30.7148
46.31068 965 31.0087
46.32068 961 31.0087
46.33068 961 31.0087
46.34068 907 30.1511
46.35068 916 30.2891
46.36068 904 30.015
46.37068 848 29.1111
46.38068 945 30.7148
46.39068 931 30.5709
46.40068 879 29.6174
46.41068 869 29.4884
46.42068 854 29.2353
46.43068 852 29.2353
46.44068 856 29.2353
46.45068 843 28.9886
46.46068 811 28.5133
46.47068 835 28.8675
46.48068 831 28.8675
46.49068 860 29.361
46.50068 860 29.361
46.51068 873 29.4884
46.52068 813 28.5133
46.53069 844 29.1111
46.54068 868 29.4884
46.55069 862 29.361
46.56068 905 30.1511
46.57069 911 30.1511
46.58068 871 29.4884
46.59069 865 29.361
46.60069 914 30.2891
46.61069 925 30.429
46.62069 948 30.8607
46.63069 956 30.8607
46.64069 1050 32.4443
46.65069 1071 32.7913
46.66069 1090 32.969
46.67069 1173 34.2997
46.68069 1217 34.9215
46.69069 1269 35.5784
46.70069 1353 36.7607
46.71069 1450 38.0693
46.72069 1526 38.9249
46.73069 1521 38.9249
46.74069 1575 39.841
46.75069 1689 41.1693
46.76069 1712 41.5227
46.77069 1751 41.8854
46.78069 1697 41.1693
46.79069 1725 41.5227
46.80069 1828 42.6401
46.81069 1819 42.6401
46.82069 1747 41.8854
46.83069 1702 41.1693
46.84069 1686 41.1693
46.85069 1642 40.4888
46.86069 1554 39.5285
46.87069 1543 39.2232
46.88069 1478 38.3482
46.89069 1387 37.2678
46.90069 1403 37.5293
46.91069 1325 36.5148
46.92069 1274 35.8057
46.93069 1215 34.9215
46.94069 1170 34.2997
46.95070 1182 34.2997
46.96069 1126 33.5201
46.97070 1128 33.5201
46.98069 1078 32.7913
46.99070 1002 31.6228
47.00069 990 31.4658
47.01070 1051 32.4443
47.02069 989 31.4658
47.03070 945 30.7148
47.04070 946 30.7148
47.05070 995 31.4658
47.06070 975 31.1588
47.07070 977 31.3112
47.08070 1009 31.7821
47.09070 931 30.5709
47.10070 936 30.5709
47.11070 930 30.429
47.12070 978 31.3112
47.13070 1006 31.7821
47.14070 1026 32.1081
47.15070 1009 31.7821
47.16070 976 31.3112
47.17070 939 30.7148
47.18070 898 30.015
47.19070 935 30.5709
47.20070 966 31.0087
47.21070 960 31.0087
47.22070 936 30.5709
47.23070 944 30.7148
47.24070 886 29.7482
47.25070 963 31.0087
47.26070 943 30.7148
47.27070 963 31.0087
47.28070 886 29.7482
47.29070 905 30.1511
47.30070 907 30.1511
47.31070 928 30.429
47.32070 928 30.429
47.33070 909 30.1511
47.34070 956 30.8607
47.35070 948 30.8607
47.36070 954 30.8607
47.37070 917 30.2891
47.38070 976 31.3112
47.39071 975 31.1588
47.40070 970 31.1588
47.41071 1006 31.7821
47.42070 1102 33.1497
47.43071 1045 32.2749
47.44070 1125 33.5201
47.45071 1163 34.0997
47.46070 1114 33.3333
47.47071 1088 32.969
47.48071 1113 33.3333
47.49071 1188 34.5033
47.50071 1138 33.71
47.51071 1186 34.5033
47.52071 1195 34.5033
47.53071 1157 34.0997
47.54071 1145 33.9032
47.55071 1139 33.71
47.56071 1104 33.1497
47.57071 1043 32.2749
47.58071 1073 32.7913
47.59071 1038 32.2749
47.60071 999 31.6228
47.61071 932 30.5709
47.62071 955 30.8607
47.63071 929 30.429
47.64071 906 30.1511
47.65071 949 30.8607
47.66071 901 30.015
47.67071 888 29.7482
47.68071 883 29.7482
47.69071 861 29.361
47.70071 860 29.361
47.71071 853 29.2353
47.72071 884 29.7482
47.73071 848 29.1111
47.74071 815 28.5133
47.75071 840 28.9886
47.76071 854 29.2353
47.77071 832 28.8675
47.78071 798 28.2843
47.79071 845 29.1111
47.80071 857 29.2353
47.81071 905 30.1511
47.82071 885 29.7482
47.83072 850 29.1111
47.84071 829 28.748
47.85072 822 28.6299
47.86071 868 29.4884
47.87072 782 27.9508
47.88071 802 28.2843
47.89072 827 28.748
47.90071 857 29.2353
47.91072 851 29.1111
47.92072 857 29.2353
47.93072 820 28.6299
47.94072 840 28.9886
47.95072 829 28.748
47.96072 786 28.0607
47.97072 821 28.6299
47.98072 829 28.748
47.99072 833 28.8675
48.00072 856 29.2353
48.01072 855 29.2353
48.02072 853 29.2353
48.03072 853 29.2353
48.04072 915 30.2891
48.05072 947 30.7148
48.06072 933 30.5709
48.07072 886 29.7482
48.08072 976 31.3112
48.09072 923 30.429
48.10072 932 30.5709
48.11072 973 31.1588
48.12072 962 31.0087
48.13072 984 31.3112
48.14072 979 31.3112
48.15072 976 31.3112
48.16072 996 31.6228
48.17072 959 31.0087
48.18072 998 31.6228
48.19072 933 30.5709
48.20072 979 31.3112
48.21072 968 31.1588
48.22072 965 31.0087
48.23072 989 31.4658
48.24072 977 31.3112
48.25072 938 30.5709
48.26072 971 31.1588
48.27073 959 31.0087
48.28072 940 30.7148
48.29073 911 30.1511
48.30072 950 30.8607
48.31073 932 30.5709
48.32072 998 31.6228
48.33073 901 30.015
48.34072 934 30.5709
48.35073 944 30.7148
48.36073 910 30.1511
48.37073 968 31.1588
48.38073 952 30.8607
48.39073 939 30.7148
48.40073 950 30.8607
48.41073 990 31.4658
48.42073 1006 31.7821
48.43073 952 30.8607
48.44073 951 30.8607
48.45073 971 31.1588
48.46073 904 30.015
48.47073 996 31.6228
48.48073 926 30.429
48.49073 979 31.3112
48.50073 955 30.8607
48.51073 981 31.3112
48.52073 969 31.1588
48.53073 889 29.8807
48.54073 978 31.3112
48.55073 967 31.1588
48.56073 974 31.1588
48.57073 1030 32.1081
48.58073 1059 32.6164
48.59073 993 31.4658
48.60073 1111 33.3333
48.61073 1159 34.0997
48.62073 1145 33.9032
48.63073 1098 33.1497
48.64073 1251 35.3553
48.65073 1283 35.8057
48.66073 1278 35.8057
48.67073 1278 35.8057
48.68073 1349 36.7607
48.69073 1356 36.7607
48.70073 1440 38.0693
48.71074 1435 37.7964
48.72073 1424 37.7964
48.73074 1508 38.9249
48.74073 1437 37.7964
48.75074 1469 38.3482
48.76073 1402 37.5293
48.77074 1389 37.2678
48.78074 1374 37.0117
48.79074 1263 35.5784
48.80074 1347 36.7607
48.81074 1297 36.0375
48.82074 1237 35.1364
48.83074 1193 34.5033
48.84074 1185 34.5033
48.85074 1150 33.9032
48.86074 1067 32.6164
48.87074 1114 33.3333
48.88074 1012 31.7821
48.89074 1028 32.1081
48.90074 1053 32.4443
48.91074 1021 31.9438
48.92074 1049 32.4443
48.93074 931 30.5709
48.94074 934 30.5709
48.95074 917 30.2891
48.96074 944 30.7148
48.97074 943 30.7148
48.98074 951 30.8607
48.99074 884 29.7482
49.00074 926 30.429
49.01074 920 30.2891
49.02074 919 30.2891
49.03074 944 30.7148
49.04074 890 29.8807
49.05074 959 31.0087
49.06074 914 30.2891
49.07074 962 31.0087
49.08074 981 31.3112
49.09074 1024 31.9438
49.10074 1018 31.9438
49.11074 1023 31.9438
49.12074 1107 33.3333
49.13074 1077 32.7913
49.14074 1063 32.6164
49.15075 1078 32.7913
49.16074 1113 33.3333
49.17075 1099 33.1497
49.18074 1124 33.5201
49.19075 1130 33.71
49.20074 1067 32.6164
49.21075 1001 31.6228
49.22075 1122 33.5201
49.23075 1064 32.6164
49.24075 1054 32.4443
49.25075 1018 31.9438
49.26075 1020 31.9438
49.27075 1015 31.7821
49.28075 1007 31.7821
49.29075 1004 31.6228
49.30075 966 31.0087
49.31075 929 30.429
49.32075 967 31.1588
49.33075 953 30.8607
49.34075 932 30.5709
49.35075 946 30.7148
49.36075 922 30.429
49.37075 931 30.5709
49.38075 985 31.3112
49.39075 905 30.1511
49.40075 925 30.429
49.41075 850 29.1111
49.42075 901 30.015
49.43075 868 29.4884
49.44075 885 29.7482
49.45075 886 29.7482
49.46075 853 29.2353
49.47075 817 28.6299
49.48075 800 28.2843
49.49075 798 28.2843
49.50075 808 28.3981
49.51075 841 28.9886
49.52075 838 28.9886
49.53075 800 28.2843
49.54075 828 28.748
49.55075 788 28.0607
49.56075 825 28.748
49.57076 826 28.748
49.58075 805 28.3981
49.59076 808 28.3981
49.60075 827 28.748
49.61076 854 29.2353
49.62075 886 29.7482
49.63076 868 29.4884
49.64075 870 29.4884
49.65076 960 31.0087
49.66076 937 30.5709
49.67076 968 31.1588
49.68076 947 30.7148
49.69076 1004 31.6228
49.70076 958 31.0087
49.71076 922 30.429
49.72076 1008 31.7821
49.73076 941 30.7148
49.74076 958 31.0087
49.75076 1011 31.7821
49.76076 1010 31.7821
49.77076 986 31.4658
49.78076 1035 32.1081
49.79076 986 31.4658
49.80076 991 31.4658
49.81076 1014 31.7821
49.82076 1033 32.1081
49.83076 1020 31.9438
49.84076 985 31.3112
49.85076 993 31.4658
49.86076 1006 31.7821
49.87076 1008 31.7821
49.88076 939 30.7148
49.89076 912 30.1511
49.90076 926 30.429
49.91076 931 30.5709
49.92076 887 29.7482
49.93076 842 28.9886
49.94076 838 28.9886
49.95076 893 29.8807
49.96076 879 29.6174
49.97076 844 29.1111
49.98076 782 27.9508
49.99076 766 27.6289
50.00076 748 27.3179
50.01077 756 27.5241
50.02076 769 27.735
50.03077 778 27.8423
50.04076 759 27.5241
50.05077 824 28.748
50.06076 742 27.2166
50.07077 746 27.3179
50.08076 768 27.735
50.09077 765 27.6289
50.10077 735 27.1163
50.11077 760 27.5241
50.12077 720 26.8221
50.13077 762 27.6289
50.14077 763 27.6289
50.15077 760 27.5241
50.16077 737 27.1163
50.17077 779 27.9508
50.18077 790 28.0607
50.19077 807 28.3981
50.20077 813 28.5133
50.21077 776 27.8423
50.22077 802 28.2843
50.23077 813 28.5133
50.24077 792 28.1718
50.25077 866 29.4884
50.26077 845 29.1111
50.27077 871 29.4884
50.28077 857 29.2353
50.29077 820 28.6299
50.30077 830 28.8675
50.31077 930 30.429
50.32077 906 30.1511
50.33077 884 29.7482
50.34077 881 29.6174
50.35077 929 30.429
50.36077 928 30.429
50.37077 920 30.2891
50.38077 982 31.3112
50.39077 967 31.1588
50.40077 1018 31.9438
50.41077 1031 32.1081
50.42077 1128 33.5201
50.43077 1084 32.969
50.44077 1073 32.7913
50.45078 1101 33.1497
50.46077 1080 32.7913
50.47078 1083 32.969
50.48077 1062 32.6164
50.49078 1091 32.969
50.50077 1120 33.5201
50.51078 1128 33.5201
50.52077 1145 33.9032
50.53078 1089 32.969
50.54078 1121 33.5201
50.55078 1163 34.0997
50.56078 1076 32.7913
50.57078 1141 33.71
50.58078 1145 33.9032
50.59078 1130 33.71
50.60078 1111 33.3333
50.61078 1140 33.71
50.62078 1154 33.9032
50.63078 1060 32.6164
50.64078 1088 32.969
50.65078 1061 32.6164
50.66078 1066 32.6164
50.67078 1087 32.969
50.68078 1047 32.2749
50.69078 997 31.6228
50.70078 1066 32.6164
50.71078 984 31.3112
50.72078 1030 32.1081
50.73078 1009 31.7821
50.74078 950 30.8607
50.75078 984 31.3112
50.76078 962 31.0087
50.77078 973 31.1588
50.78078 934 30.5709
50.79078 893 29.8807
50.80078 913 30.1511
50.81078 903 30.015
50.82078 854 29.2353
50.83078 948 30.8607
50.84078 904 30.015
50.85078 897 30.015
50.86078 901 30.015
50.87078 922 30.429
50.88078 912 30.1511
50.89079 952 30.8607
50.90078 911 30.1511
50.91079 988 31.4658
50.92078 942 30.7148
50.93079 876 29.6174
50.94078 895 29.8807
50.95079 867 29.4884
50.96078 870 29.4884
50.97079 820 28.6299
50.98079 872 29.4884
50.99079 877 29.6174
51.00079 852 29.2353
51.01079 846 29.1111
51.02079 877 29.6174
51.03079 787 28.0607
51.04079 824 28.748
51.05079 868 29.4884
51.06079 837 28.9886
51.07079 832 28.8675
51.08079 823 28.6299
51.09079 817 28.6299
51.10079 823 28.6299
51.11079 752 27.4204
51.12079 808 28.3981
51.13079 763 27.6289
51.14079 806 28.3981
51.15079 792 28.1718
51.16079 745 27.3179
51.17079 780 27.9508
51.18079 806 28.3981
51.19079 765 27.6289
51.20079 796 28.1718
51.21079 792 28.1718
51.22079 805 28.3981
51.23079 739 27.2166
51.24079 706 26.5372
51.25079 758 27.5241
51.26079 698 26.4443
51.27079 748 27.3179
51.28079 803 28.2843
51.29079 793 28.1718
51.30079 772 27.735
51.31079 793 28.1718
51.32079 733 27.1163
51.33080 768 27.735
51.34079 750 27.4204
51.35080 771 27.735
51.36079 804 28.3981
51.37080 772 27.735
51.38079 781 27.9508
51.39080 806 28.3981
51.40079 788 28.0607
51.41080 793 28.1718
51.42080 788 28.0607
51.43080 847 29.1111
51.44080 803 28.2843
51.45080 828 28.748
51.46080 824 28.748
51.47080 858 29.2353
51.48080 840 28.9886
51.49080 839 28.9886
51.50080 877 29.6174
51.51080 913 30.1511
51.52080 870 29.4884
51.53080 883 29.7482
51.54080 850 29.1111
51.55080 888 29.7482
51.56080 865 29.361
51.57080 842 28.9886
51.58080 825 28.748
51.59080 820 28.6299
51.60080 783 27.9508
51.61080 776 27.8423
51.62080 840 28.9886
51.63080 831 28.8675
51.64080 770 27.735
51.65080 811 28.5133
51.66080 751 27.4204
51.67080 753 27.4204
51.68080 772 27.735
51.69080 727 26.9191
51.70080 756 27.5241
51.71080 754 27.4204
51.72080 741 27.2166
51.73080 708 26.6312
51.74080 735 27.1163
51.75080 729 27.0172
51.76080 714 26.7261
51.77081 710 26.6312
51.78080 706 26.5372
51.79081 720 26.8221
51.80080 721 26.8221
51.81081 705 26.5372
51.82080 722 26.8221
51.83081 703 26.5372
51.84081 710 26.6312
51.85081 717 26.8221
51.86081 692 26.2613
51.87081 740 27.2166
51.88081 756 27.5241
51.89081 790 28.0607
51.90081 741 27.2166
51.91081 727 26.9191
51.92081 769 27.735
51.93081 699 26.4443
51.94081 781 27.9508
51.95081 746 27.3179
51.96081 714 26.7261
51.97081 763 27.6289
51.98081 782 27.9508
51.99081 783 27.9508
52.00081 773 27.8423
52.01081 817 28.6299
52.02081 858 29.2353
52.03081 826 28.748
52.04081 834 28.8675
52.05081 864 29.361
52.06081 863 29.361
52.07081 918 30.2891
52.08081 978 31.3112
52.09081 986 31.4658
52.10081 1068 32.6164
52.11081 992 31.4658
52.12081 1034 32.1081
52.13081 1010 31.7821
52.14081 1075 32.7913
52.15081 1114 33.3333
52.16081 1083 32.969
52.17081 1068 32.6164
52.18081 1095 33.1497
52.19081 1101 33.1497
52.20081 1082 32.969
52.21082 1137 33.71
52.22081 1117 33.3333
52.23082 1097 33.1497
52.24081 1073 32.7913
52.25082 1072 32.7913
52.26081 998 31.6228
52.27082 965 31.0087
52.28082 998 31.6228
52.29082 949 30.8607
52.30082 960 31.0087
52.31082 901 30.015
52.32082 933 30.5709
52.33082 922 30.429
52.34082 899 30.015
52.35082 853 29.2353
52.36082 848 29.1111
52.37082 836 28.8675
52.38082 876 29.6174
52.39082 840 28.9886
52.40082 851 29.1111
52.41082 863 29.361
52.42082 846 29.1111
52.43082 793 28.1718
52.44082 807 28.3981
52.45082 830 28.8675
52.46082 811 28.5133
52.47082 821 28.6299
52.48082 822 28.6299
52.49082 846 29.1111
52.50082 896 29.8807
52.51082 845 29.1111
52.52082 932 30.5709
52.53082 925 30.429
52.54082 906 30.1511
52.55082 960 31.0087
52.56082 960 31.0087
52.57082 957 31.0087
52.58082 1006 31.7821
52.59082 982 31.3112
52.60082 905 30.1511
52.61082 1027 32.1081
52.62082 1026 32.1081
52.63083 980 31.3112
52.64082 1038 32.2749
52.65083 1036 32.1081
52.66082 981 31.3112
52.67083 998 31.6228
52.68082 1010 31.7821
52.69083 969 31.1588
52.70082 987 31.4658
52.71083 966 31.0087
52.72083 947 30.7148
52.73083 934 30.5709
52.74083 974 31.1588
52.75083 937 30.5709
52.76083 946 30.7148
52.77083 881 29.6174
52.78083 897 30.015
52.79083 888 29.7482
52.80083 882 29.7482
52.81083 859 29.361
52.82083 877 29.6174
52.83083 889 29.8807
52.84083 858 29.2353
52.85083 852 29.2353
52.86083 820 28.6299
52.87083 849 29.1111
52.88083 792 28.1718
52.89083 800 28.2843
52.90083 850 29.1111
52.91083 783 27.9508
52.92083 836 28.8675
52.93083 855 29.2353
52.94083 842 28.9886
52.95083 863 29.361
52.96083 784 27.9508
52.97083 768 27.735
52.98083 823 28.6299
52.99083 791 28.1718
53.00083 828 28.748
53.01083 776 27.8423
53.02083 832 28.8675
53.03083 769 27.735
53.04083 799 28.2843
53.05083 762 27.6289
53.06083 809 28.3981
53.07084 834 28.8675
53.08083 751 27.4204
53.09084 793 28.1718
53.10083 818 28.6299
53.11084 757 27.5241
53.12083 795 28.1718
53.13084 767 27.735
53.14083 819 28.6299
53.15084 819 28.6299
53.16084 808 28.3981
53.17084 802 28.2843
53.18084 813 28.5133
53.19084 826 28.748
53.20084 856 29.2353
53.21084 779 27.9508
53.22084 829 28.748
53.23084 802 28.2843
53.24084 811 28.5133
53.25084 880 29.6174
53.26084 810 28.5133
53.27084 880 29.6174
53.28084 880 29.6174
53.29084 881 29.6174
53.30084 933 30.5709
53.31084 946 30.7148
53.32084 930 30.429
53.33084 911 30.1511
53.34084 958 31.0087
53.35084 1052 32.4443
53.36084 1008 31.7821
53.37084 995 31.4658
53.38084 1044 32.2749
53.39084 1058 32.4443
53.40084 1030 32.1081
53.41084 1126 33.5201
53.42084 1116 33.3333
53.43084 1067 32.6164
53.44084 1087 32.969
53.45084 1116 33.3333
53.46084 1116 33.3333
53.47084 1187 34.5033
53.48084 1130 33.71
53.49084 1099 33.1497
53.50084 1136 33.71
53.51085 1103 33.1497
53.52084 1077 32.7913
53.53085 1062 32.6164
53.54084 1064 32.6164
53.55085 1028 32.1081
53.56084 989 31.4658
53.57085 964 31.0087
53.58084 972 31.1588
53.59085 949 30.8607
53.60085 942 30.7148
53.61085 947 30.7148
53.62085 823 28.6299
53.63085 846 29.1111
53.64085 857 29.2353
53.65085 825 28.748
53.66085 868 29.4884
53.67085 835 28.8675
53.68085 853 29.2353
53.69085 850 29.1111
53.70085 829 28.748
53.71085 811 28.5133
53.72085 832 28.8675
53.73085 795 28.1718
53.74085 791 28.1718
53.75085 818 28.6299
53.76085 798 28.2843
53.77085 814 28.5133
53.78085 808 28.3981
53.79085 796 28.1718
53.80085 797 28.2843
53.81085 811 28.5133
53.82085 812 28.5133
53.83085 819 28.6299
53.84085 827 28.748
53.85085 863 29.361
53.86085 848 29.1111
53.87085 868 29.4884
53.88085 858 29.2353
53.89085 846 29.1111
53.90085 870 29.4884
53.91085 872 29.4884
53.92085 910 30.1511
53.93085 888 29.7482
53.94085 893 29.8807
53.95086 941 30.7148
53.96085 898 30.015
53.97086 894 29.8807
53.98085 958 31.0087
53.99086 911 30.1511
54.00085 901 30.015
54.01086 968 31.1588
54.02085 959 31.0087
54.03086 893 29.8807
54.04086 862 29.361
54.05086 941 30.7148
54.06086 936 30.5709
54.07086 911 30.1511
54.08086 913 30.1511
54.09086 861 29.361
54.10086 877 29.6174
54.11086 846 29.1111
54.12086 857 29.2353
54.13086 831 28.8675
54.14086 846 29.1111
54.15086 803 28.2843
54.16086 818 28.6299
54.17086 788 28.0607
54.18086 836 28.8675
54.19086 797 28.2843
54.20086 793 28.1718
54.21086 815 28.5133
54.22086 831 28.8675
54.23086 756 27.5241
54.24086 724 26.9191
54.25086 749 27.3179
54.26086 797 28.2843
54.27086 777 27.8423
54.28086 750 27.4204
54.29086 806 28.3981
54.30086 822 28.6299
54.31086 730 27.0172
54.32086 758 27.5241
54.33086 737 27.1163
54.34086 780 27.9508
54.35086 759 27.5241
54.36086 724 26.9191
54.37086 759 27.5241
54.38086 772 27.735
54.39087 740 27.2166
54.40086 757 27.5241
54.41087 714 26.7261
54.42086 749 27.3179
54.43087 759 27.5241
54.44086 733 27.1163
54.45087 749 27.3179
54.46087 741 27.2166
54.47087 728 27.0172
54.48087 728 27.0172
54.49087 732 27.0172
54.50087 727 26.9191
54.51087 717 26.8221
54.52087 742 27.2166
54.53087 729 27.0172
54.54087 748 27.3179
54.55087 735 27.1163
54.56087 776 27.8423
54.57087 778 27.8423
54.58087 757 27.5241
54.59087 766 27.6289
54.60087 782 27.9508
54.61087 777 27.8423
54.62087 741 27.2166
54.63087 752 27.4204
54.64087 746 27.3179
54.65087 739 27.2166
54.66087 716 26.7261
54.67087 774 27.8423
54.68087 790 28.0607
54.69087 761 27.6289
54.70087 753 27.4204
54.71087 766 27.6289
54.72087 786 28.0607
54.73087 736 27.1163
54.74087 776 27.8423
54.75087 780 27.9508
54.76087 725 26.9191
54.77087 686 26.1712
54.78087 745 27.3179
54.79087 704 26.5372
54.80087 753 27.4204
54.81087 757 27.5241
54.82087 730 27.0172
54.83088 690 26.2613
54.84087 706 26.5372
54.85088 748 27.3179
54.86087 687 26.1712
54.87088 762 27.6289
54.88087 722 26.8221
54.89088 799 28.2843
54.90088 720 26.8221
54.91088 777 27.8423
54.92088 691 26.2613
54.93088 753 27.4204
54.94088 726 26.9191
54.95088 805 28.3981
54.96088 775 27.8423
54.97088 776 27.8423
54.98088 801 28.2843
54.99088 768 27.735
55.00088 714 26.7261
55.01088 747 27.3179
55.02088 835 28.8675
55.03088 814 28.5133
55.04088 825 28.748
55.05088 833 28.8675
55.06088 803 28.2843
55.07088 819 28.6299
55.08088 849 29.1111
55.09088 834 28.8675
55.10088 842 28.9886
55.11088 823 28.6299
55.12088 811 28.5133
55.13088 779 27.9508
55.14088 835 28.8675
55.15088 844 29.1111
55.16088 807 28.3981
55.17088 732 27.0172
55.18088 788 28.0607
55.19088 753 27.4204
55.20088 816 28.5133
55.21088 764 27.6289
55.22088 727 26.9191
55.23088 708 26.6312
55.24088 686 26.1712
55.25089 684 26.1712
55.26088 742 27.2166
55.27089 761 27.6289
55.28088 754 27.4204
55.29089 703 26.5372
55.30088 687 26.1712
55.31089 689 26.2613
55.32088 730 27.0172
55.33089 751 27.4204
55.34089 717 26.8221
55.35089 787 28.0607
55.36089 763 27.6289
55.37089 806 28.3981
55.38089 775 27.8423
55.39089 826 28.748
55.40089 830 28.8675
55.41089 769 27.735
55.42089 848 29.1111
55.43089 835 28.8675
55.44089 898 30.015
55.45089 931 30.5709
55.46089 888 29.7482
55.47089 884 29.7482
55.48089 958 31.0087
55.49089 931 30.5709
55.50089 951 30.8607
55.51089 940 30.7148
55.52089 936 30.5709
55.53089 944 30.7148
55.54089 954 30.8607
55.55089 903 30.015
55.56089 879 29.6174
55.57089 921 30.2891
55.58089 919 30.2891
55.59089 899 30.015
55.60089 852 29.2353
55.61089 821 28.6299
55.62089 866 29.4884
55.63089 834 28.8675
55.64089 805 28.3981
55.65089 814 28.5133
55.66089 797 28.2843
55.67089 790 28.0607
55.68089 780 27.9508
55.69090 761 27.6289
55.70089 768 27.735
55.71090 794 28.1718
55.72089 809 28.3981
55.73090 791 28.1718
55.74089 847 29.1111
55.75090 841 28.9886
55.76089 812 28.5133
55.77090 821 28.6299
55.78090 906 30.1511
55.79090 899 30.015
55.80090 929 30.429
55.81090 937 30.5709
55.82090 935 30.5709
55.83090 983 31.3112
55.84090 1037 32.2749
55.85090 1013 31.7821
55.86090 1077 32.7913
55.87090 1131 33.71
55.88090 1144 33.9032
55.89090 1142 33.71
55.90090 1082 32.969
55.91090 1141 33.71
55.92090 1152 33.9032
55.93090 1137 33.71
55.94090 1055 32.4443
55.95090 1078 32.7913
55.96090 1057 32.4443
55.97090 1040 32.2749
55.98090 1038 32.2749
55.99090 1071 32.7913
56.00090 982 31.3112
56.01090 977 31.3112
56.02090 971 31.1588
56.03090 910 30.1511
56.04090 881 29.6174
56.05090 936 30.5709
56.06090 878 29.6174
56.07090 867 29.4884
56.08090 867 29.4884
56.09090 927 30.429
56.10090 888 29.7482
56.11090 846 29.1111
56.12090 819 28.6299
56.13091 867 29.4884
56.14090 839 28.9886
56.15091 812 28.5133
56.16090 792 28.1718
56.17091 835 28.8675
56.18090 820 28.6299
56.19091 807 28.3981
56.20090 831 28.8675
56.21091 790 28.0607
56.22091 807 28.3981
56.23091 742 27.2166
56.24091 786 28.0607
56.25091 789 28.0607
56.26091 764 27.6289
56.27091 720 26.8221
56.28091 743 27.2166
56.29091 728 27.0172
56.30091 725 26.9191
56.31091 665 25.8199
56.32091 676 25.9938
56.33091 703 26.5372
56.34091 741 27.2166
56.35091 727 26.9191
56.36091 739 27.2166
56.37091 710 26.6312
56.38091 768 27.735
56.39091 769 27.735
56.40091 727 26.9191
56.41091 711 26.6312
56.42091 745 27.3179
56.43091 735 27.1163
56.44091 692 26.2613
56.45091 757 27.5241
56.46091 748 27.3179
56.47091 768 27.735
56.48091 732 27.0172
56.49091 760 27.5241
56.50091 779 27.9508
56.51091 727 26.9191
56.52091 713 26.7261
56.53091 747 27.3179
56.54091 730 27.0172
56.55091 784 27.9508
56.56091 792 28.1718
56.57092 733 27.1163
56.58091 707 26.6312
56.59092 763 27.6289
56.60091 756 27.5241
56.61092 777 27.8423
56.62091 732 27.0172
56.63092 754 27.4204
56.64091 816 28.5133
56.65092 755 27.5241
56.66092 733 27.1163
56.67092 732 27.0172
56.68092 728 27.0172
56.69092 764 27.6289
56.70092 747 27.3179
56.71092 764 27.6289
56.72092 737 27.1163
56.73092 738 27.1163
56.74092 738 27.1163
56.75092 753 27.4204
56.76092 696 26.3523
56.77092 714 26.7261
56.78092 682 26.082
56.79092 691 26.2613
56.80092 682 26.082
56.81092 705 26.5372
56.82092 708 26.6312
56.83092 697 26.4443
56.84092 685 26.1712
56.85092 708 26.6312
56.86092 711 26.6312
56.87092 681 26.082
56.88092 683 26.1712
56.89092 688 26.2613
56.90092 685 26.1712
56.91092 665 25.8199
56.92092 713 26.7261
56.93092 677 25.9938
56.94092 667 25.8199
56.95092 622 24.9222
56.96092 699 26.4443
56.97092 664 25.7343
56.98092 686 26.1712
56.99092 667 25.8199
57.00092 692 26.2613
57.01093 723 26.9191
57.02092 703 26.5372
57.03093 695 26.3523
57.04092 672 25.9064
57.05093 705 26.5372
57.06092 747 27.3179
57.07093 689 26.2613
57.08092 743 27.2166
57.09093 748 27.3179
57.10093 728 27.0172
57.11093 789 28.0607
57.12093 792 28.1718
57.13093 734 27.1163
57.14093 738 27.1163
57.15093 798 28.2843
57.16093 774 27.8423
57.17093 741 27.2166
57.18093 780 27.9508
57.19093 757 27.5241
57.20093 782 27.9508
57.21093 812 28.5133
57.22093 781 27.9508
57.23093 782 27.9508
57.24093 806 28.3981
57.25093 773 27.8423
57.26093 770 27.735
57.27093 799 28.2843
57.28093 782 27.9508
57.29093 817 28.6299
57.30093 819 28.6299
57.31093 787 28.0607
57.32093 829 28.748
57.33093 781 27.9508
57.34093 772 27.735
57.35093 782 27.9508
57.36093 788 28.0607
57.37093 746 27.3179
57.38093 816 28.5133
57.39093 794 28.1718
57.40093 782 27.9508
57.41093 788 28.0607
57.42093 749 27.3179
57.43093 807 28.3981
57.44093 785 28.0607
57.45094 804 28.3981
57.46093 782 27.9508
57.47094 749 27.3179
57.48093 793 28.1718
57.49094 780 27.9508
57.50093 764 27.6289
57.51094 748 27.3179
57.52094 810 28.5133
57.53094 780 27.9508
57.54094 743 27.2166
57.55094 786 28.0607
57.56094 750 27.4204
57.57094 768 27.735
57.58094 795 28.1718
57.59094 740 27.2166
57.60094 752 27.4204
57.61094 752 27.4204
57.62094 746 27.3179
57.63094 717 26.8221
57.64094 694 26.3523
57.65094 697 26.4443
57.66094 767 27.735
57.67094 705 26.5372
57.68094 745 27.3179
57.69094 706 26.5372
57.70094 690 26.2613
57.71094 711 26.6312
57.72094 685 26.1712
57.73094 707 26.6312
57.74094 692 26.2613
57.75094 649 25.4824
57.76094 659 25.6495
57.77094 670 25.9064
57.78094 706 26.5372
57.79094 682 26.082
57.80094 634 25.1577
57.81094 651 25.4824
57.82094 620 24.9222
57.83094 683 26.1712
57.84094 662 25.7343
57.85094 679 26.082
57.86094 646 25.4
57.87094 691 26.2613
57.88094 663 25.7343
57.89095 700 26.4443
57.90094 658 25.6495
57.91095 670 25.9064
57.92094 695 26.3523
57.93095 665 25.8199
57.94094 757 27.5241
57.95095 738 27.1163
57.96095 688 26.2613
57.97095 743 27.2166
57.98095 731 27.0172
57.99095 698 26.4443
58.00095 737 27.1163
58.01095 727 26.9191
58.02095 796 28.1718
58.03095 738 27.1163
58.04095 744 27.3179
58.05095 766 27.6289
58.06095 738 27.1163
58.07095 697 26.4443
58.08095 699 26.4443
58.09095 718 26.8221
58.10095 723 26.9191
58.11095 689 26.2613
58.12095 691 26.2613
58.13095 677 25.9938
58.14095 657 25.6495
58.15095 680 26.082
58.16095 609 24.6932
58.17095 618 24.8452
58.18095 621 24.9222
58.19095 596 24.3975
58.20095 624 25
58.21095 687 26.1712
58.22095 631 25.1577
58.23095 638 25.2377
58.24095 602 24.544
58.25095 649 25.4824
58.26095 673 25.9064
58.27095 648 25.4824
58.28095 585 24.1825
58.29095 630 25.0785
58.30095 664 25.7343
58.31096 654 25.5655
58.32095 596 24.3975
58.33096 623 24.9222
58.34095 636 25.2377
58.35096 660 25.6495
58.36095 652 25.5655
58.37096 608 24.6932
58.38095 606 24.6183
58.39096 612 24.7689
58.40096 627 25.0785
58.41096 675 25.9938
58.42096 641 25.3185
58.43096 544 23.3126
58.44096 610 24.6932
58.45096 669 25.9064
58.46096 635 25.2377
58.47096 646 25.4
58.48096 673 25.9064
58.49096 654 25.5655
58.50096 591 24.3252
58.51096 639 25.3185
58.52096 666 25.8199
58.53096 614 24.7689
58.54096 607 24.6183
58.55096 633 25.1577
58.56096 619 24.8452
58.57096 653 25.5655
58.58096 720 26.8221
58.59096 684 26.1712
58.60096 596 24.3975
58.61096 683 26.1712
58.62096 617 24.8452
58.63096 629 25.0785
58.64096 638 25.2377
58.65096 643 25.3185
58.66096 651 25.4824
58.67096 669 25.9064
58.68096 686 26.1712
58.69096 698 26.4443
58.70096 715 26.7261
58.71096 694 26.3523
58.72096 708 26.6312
58.73096 645 25.4
58.74096 687 26.1712
58.75097 743 27.2166
58.76096 646 25.4
58.77097 703 26.5372
58.78096 743 27.2166
58.79097 689 26.2613
58.80096 709 26.6312
58.81097 696 26.3523
58.82096 669 25.9064
58.83097 695 26.3523
58.84097 694 26.3523
58.85097 701 26.4443
58.86097 688 26.2613
58.87097 687 26.1712
58.88097 691 26.2613
58.89097 646 25.4
58.90097 697 26.4443
58.91097 624 25
58.92097 638 25.2377
58.93097 635 25.2377
58.94097 651 25.4824
58.95097 647 25.4
58.96097 653 25.5655
58.97097 610 24.6932
58.98097 645 25.4
58.99097 635 25.2377
59.00097 661 25.7343
59.01097 645 25.4
59.02097 698 26.4443
59.03097 679 26.082
59.04097 672 25.9064
59.05097 632 25.1577
59.06097 653 25.5655
59.07097 628 25.0785
59.08097 657 25.6495
59.09097 634 25.1577
59.10097 706 26.5372
59.11097 663 25.7343
59.12097 653 25.5655
59.13097 652 25.5655
59.14097 667 25.8199
59.15097 712 26.7261
59.16097 660 25.6495
59.17097 684 26.1712
59.18097 674 25.9938
59.19098 658 25.6495
59.20097 651 25.4824
59.21098 671 25.9064
59.22097 648 25.4824
59.23098 665 25.8199
59.24097 622 24.9222
59.25098 660 25.6495
59.26097 619 24.8452
59.27098 610 24.6932
59.28098 652 25.5655
59.29098 703 26.5372
59.30098 684 26.1712
59.31098 651 25.4824
59.32098 653 25.5655
59.33098 670 25.9064
59.34098 671 25.9064
59.35098 667 25.8199
59.36098 675 25.9938
59.37098 659 25.6495
59.38098 716 26.7261
59.39098 686 26.1712
59.40098 713 26.7261
59.41098 686 26.1712
59.42098 685 26.1712
59.43098 672 25.9064
59.44098 695 26.3523
59.45098 696 26.3523
59.46098 709 26.6312
59.47098 739 27.2166
59.48098 694 26.3523
59.49098 688 26.2613
59.50098 687 26.1712
59.51098 668 25.8199
59.52098 715 26.7261
59.53098 699 26.4443
59.54098 691 26.2613
59.55098 671 25.9064
59.56098 696 26.3523
59.57098 660 25.6495
59.58098 749 27.3179
59.59098 659 25.6495
59.60098 678 26.082
59.61098 689 26.2613
59.62098 693 26.3523
59.63099 671 25.9064
59.64098 641 25.3185
59.65099 664 25.7343
59.66098 663 25.7343
59.67099 655 25.5655
59.68098 684 26.1712
59.69099 650 25.4824
59.70098 663 25.7343
59.71099 626 25
59.72099 659 25.6495
59.73099 650 25.4824
59.74099 660 25.6495
59.75099 630 25.0785
59.76099 655 25.5655
59.77099 652 25.5655
59.78099 669 25.9064
59.79099 628 25.0785
59.80099 624 25
59.81099 655 25.5655
59.82099 651 25.4824
59.83099 634 25.1577
59.84099 647 25.4
59.85099 681 26.082
59.86099 656 25.6495
59.87099 691 26.2613
59.88099 657 25.6495
59.89099 637 25.2377
59.90099 659 25.6495
59.91099 646 25.4
59.92099 656 25.6495
59.93099 645 25.4
59.94099 618 24.8452
59.95099 631 25.1577
59.96099 637 25.2377
59.97099 651 25.4824
59.98099 625 25
59.99099 643 25.3185
60.00099 631 25.1577
60.01099 646 25.4
60.02099 638 25.2377
60.03099 651 25.4824
60.04099 640 25.3185
60.05099 677 25.9938
60.06099 679 26.082
60.07100 690 26.2613
60.08099 690 26.2613
60.09100 690 26.2613
60.10099 664 25.7343
60.11100 684 26.1712
60.12099 676 25.9938
60.13100 713 26.7261
60.14100 674 25.9938
60.15100 730 27.0172
60.16100 706 26.5372
60.17100 725 26.9191
60.18100 716 26.7261
60.19100 729 27.0172
60.20100 740 27.2166
60.21100 750 27.4204
60.22100 776 27.8423
60.23100 748 27.3179
60.24100 786 28.0607
60.25100 804 28.3981
60.26100 791 28.1718
60.27100 793 28.1718
60.28100 786 28.0607
60.29100 829 28.748
60.30100 808 28.3981
60.31100 784 27.9508
60.32100 846 29.1111
60.33100 767 27.735
60.34100 764 27.6289
60.35100 814 28.5133
60.36100 757 27.5241
60.37100 728 27.0172
60.38100 749 27.3179
60.39100 730 27.0172
60.40100 742 27.2166
60.41100 728 27.0172
60.42100 706 26.5372
60.43100 741 27.2166
60.44100 733 27.1163
60.45100 747 27.3179
60.46100 748 27.3179
60.47100 715 26.7261
60.48100 741 27.2166
60.49100 678 26.082
60.50100 662 25.7343
60.51101 686 26.1712
60.52100 683 26.1712
60.53101 655 25.5655
60.54100 694 26.3523
60.55101 658 25.6495
60.56100 661 25.7343
60.57101 671 25.9064
60.58101 622 24.9222
60.59101 698 26.4443
60.60101 654 25.5655
60.61101 664 25.7343
60.62101 653 25.5655
60.63101 651 25.4824
60.64101 656 25.6495
60.65101 603 24.544
60.66101 656 25.6495
60.67101 678 26.082
60.68101 648 25.4824
60.69101 642 25.3185
60.70101 665 25.8199
60.71101 599 24.4704
60.72101 626 25
60.73101 604 24.544
60.74101 654 25.5655
60.75101 676 25.9938
60.76101 605 24.6183
60.77101 632 25.1577
60.78101 603 24.544
60.79101 642 25.3185
60.80101 644 25.4
60.81101 726 26.9191
60.82101 683 26.1712
60.83101 630 25.0785
60.84101 670 25.9064
60.85101 660 25.6495
60.86101 704 26.5372
60.87101 688 26.2613
60.88101 654 25.5655
60.89101 692 26.2613
60.90101 672 25.9064
60.91101 655 25.5655
60.92101 653 25.5655
60.93102 684 26.1712
60.94101 680 26.082
60.95102 710 26.6312
60.96101 701 26.4443
60.97102 686 26.1712
60.98101 678 26.082
60.99102 654 25.5655
61.00101 686 26.1712
61.01102 621 24.9222
61.02102 677 25.9938
61.03102 672 25.9064
61.04102 664 25.7343
61.05102 690 26.2613
61.06102 662 25.7343
61.07102 657 25.6495
61.08102 683 26.1712
61.09102 681 26.082
61.10102 670 25.9064
61.11102 681 26.082
61.12102 667 25.8199
61.13102 635 25.2377
61.14102 667 25.8199
61.15102 637 25.2377
61.16102 630 25.0785
61.17102 620 24.9222
61.18102 637 25.2377
61.19102 644 25.4
61.20102 595 24.3975
61.21102 616 24.8452
61.22102 640 25.3185
61.23102 622 24.9222
61.24102 646 25.4
61.25102 619 24.8452
61.26102 658 25.6495
61.27102 651 25.4824
61.28102 674 25.9938
61.29102 714 26.7261
61.30102 698 26.4443
61.31102 641 25.3185
61.32102 682 26.082
61.33102 686 26.1712
61.34102 695 26.3523
61.35102 740 27.2166
61.36102 695 26.3523
61.37103 674 25.9938
61.38102 720 26.8221
61.39103 703 26.5372
61.40102 734 27.1163
61.41103 766 27.6289
61.42102 714 26.7261
61.43103 658 25.6495
61.44102 712 26.7261
61.45103 730 27.0172
61.46103 769 27.735
61.47103 696 26.3523
61.48103 695 26.3523
61.49103 674 25.9938
61.50103 681 26.082
61.51103 678 26.082
61.52103 713 26.7261
61.53103 718 26.8221
61.54103 668 25.8199
61.55103 624 25
61.56103 630 25.0785
61.57103 646 25.4
61.58103 648 25.4824
61.59103 652 25.5655
61.60103 617 24.8452
61.61103 647 25.4
61.62103 641 25.3185
61.63103 608 24.6932
61.64103 651 25.4824
61.65103 653 25.5655
61.66103 609 24.6932
61.67103 663 25.7343
61.68103 676 25.9938
61.69103 643 25.3185
61.70103 693 26.3523
61.71103 644 25.4
61.72103 611 24.6932
61.73103 603 24.544
61.74103 610 24.6932
61.75103 603 24.544
61.76103 620 24.9222
61.77103 625 25
61.78103 631 25.1577
61.79103 614 24.7689
61.80103 606 24.6183
61.81104 651 25.4824
61.82103 607 24.6183
61.83104 602 24.544
61.84103 597 24.3975
61.85104 615 24.7689
61.86103 618 24.8452
61.87104 647 25.4
61.88103 597 24.3975
61.89104 608 24.6932
61.90104 618 24.8452
61.91104 645 25.4
61.92104 651 25.4824
61.93104 653 25.5655
61.94104 621 24.9222
61.95104 674 25.9938
61.96104 659 25.6495
61.97104 657 25.6495
61.98104 658 25.6495
61.99104 636 25.2377
62.00104 664 25.7343
62.01104 735 27.1163
62.02104 690 26.2613
62.03104 699 26.4443
62.04104 696 26.3523
62.05104 669 25.9064
62.06104 675 25.9938
62.07104 674 25.9938
62.08104 745 27.3179
62.09104 691 26.2613
62.10104 702 26.5372
62.11104 748 27.3179
62.12104 699 26.4443
62.13104 745 27.3179
62.14104 760 27.5241
62.15104 754 27.4204
62.16104 704 26.5372
62.17104 736 27.1163
62.18104 758 27.5241
62.19104 723 26.9191
62.20104 787 28.0607
62.21104 827 28.748
62.22104 785 28.0607
62.23104 717 26.8221
62.24104 775 27.8423
62.25105 794 28.1718
62.26104 787 28.0607
62.27105 750 27.4204
62.28104 787 28.0607
62.29105 798 28.2843
62.30104 729 27.0172
62.31105 753 27.4204
62.32104 744 27.3179
62.33105 750 27.4204
62.34105 721 26.8221
62.35105 762 27.6289
62.36105 735 27.1163
62.37105 723 26.9191
62.38105 754 27.4204
62.39105 757 27.5241
62.40105 733 27.1163
62.41105 706 26.5372
62.42105 699 26.4443
62.43105 703 26.5372
62.44105 627 25.0785
62.45105 670 25.9064
62.46105 666 25.8199
62.47105 702 26.5372
62.48105 647 25.4
62.49105 659 25.6495
62.50105 642 25.3185
62.51105 641 25.3185
62.52105 648 25.4824
62.53105 668 25.8199
62.54105 681 26.082
62.55105 667 25.8199
62.56105 686 26.1712
62.57105 608 24.6932
62.58105 613 24.7689
62.59105 590 24.3252
62.60105 609 24.6932
62.61105 648 25.4824
62.62105 651 25.4824
62.63105 643 25.3185
62.64105 641 25.3185
62.65105 633 25.1577
62.66105 629 25.0785
62.67105 637 25.2377
62.68105 588 24.2536
62.69106 598 24.4704
62.70105 614 24.7689
62.71106 662 25.7343
62.72105 642 25.3185
62.73106 625 25
62.74105 682 26.082
62.75106 656 25.6495
62.76105 643 25.3185
62.77106 642 25.3185
62.78106 646 25.4
62.79106 641 25.3185
62.80106 602 24.544
62.81106 643 25.3185
62.82106 637 25.2377
62.83106 644 25.4
62.84106 678 26.082
62.85106 629 25.0785
62.86106 649 25.4824
62.87106 627 25.0785
62.88106 632 25.1577
62.89106 643 25.3185
62.90106 633 25.1577
62.91106 633 25.1577
62.92106 645 25.4
62.93106 678 26.082
62.94106 666 25.8199
62.95106 649 25.4824
62.96106 633 25.1577
62.97106 610 24.6932
62.98106 629 25.0785
62.99106 651 25.4824
63.00106 681 26.082
63.01106 664 25.7343
63.02106 662 25.7343
63.03106 642 25.3185
63.04106 661 25.7343
63.05106 623 24.9222
63.06106 683 26.1712
63.07106 731 27.0172
63.08106 649 25.4824
63.09106 709 26.6312
63.10106 686 26.1712
63.11106 695 26.3523
63.12106 711 26.6312
63.13107 703 26.5372
63.14106 688 26.2613
63.15107 701 26.4443
63.16106 684 26.1712
63.17107 674 25.9938
63.18106 691 26.2613
63.19107 684 26.1712
63.20107 745 27.3179
63.21107 722 26.8221
63.22107 704 26.5372
63.23107 680 26.082
63.24107 721 26.8221
63.25107 679 26.082
63.26107 695 26.3523
63.27107 684 26.1712
63.28107 691 26.2613
63.29107 696 26.3523
63.30107 693 26.3523
63.31107 687 26.1712
63.32107 695 26.3523
63.33107 683 26.1712
63.34107 649 25.4824
63.35107 683 26.1712
63.36107 654 25.5655
63.37107 601 24.544
63.38107 639 25.3185
63.39107 628 25.0785
63.40107 619 24.8452
63.41107 636 25.2377
63.42107 668 25.8199
63.43107 611 24.6932
63.44107 581 24.1121
63.45107 602 24.544
63.46107 618 24.8452
63.47107 623 24.9222
63.48107 588 24.2536
63.49107 597 24.3975
63.50107 621 24.9222
63.51107 594 24.3975
63.52107 639 25.3185
63.53107 597 24.3975
63.54107 619 24.8452
63.55107 650 25.4824
63.56107 615 24.7689
63.57108 590 24.3252
63.58107 633 25.1577
63.59108 587 24.2536
63.60107 612 24.7689
63.61108 629 25.0785
63.62107 617 24.8452
63.63108 625 25
63.64108 617 24.8452
63.65108 646 25.4
63.66108 653 25.5655
63.67108 644 25.4
63.68108 624 25
63.69108 644 25.4
63.70108 663 25.7343
63.71108 682 26.082
63.72108 649 25.4824
63.73108 687 26.1712
63.74108 684 26.1712
63.75108 683 26.1712
63.76108 690 26.2613
63.77108 643 25.3185
63.78108 753 27.4204
63.79108 702 26.5372
63.80108 683 26.1712
63.81108 699 26.4443
63.82108 685 26.1712
63.83108 694 26.3523
63.84108 698 26.4443
63.85108 723 26.9191
63.86108 686 26.1712
63.87108 715 26.7261
63.88108 699 26.4443
63.89108 723 26.9191
63.90108 697 26.4443
63.91108 681 26.082
63.92108 698 26.4443
63.93108 635 25.2377
63.94108 731 27.0172
63.95108 736 27.1163
63.96108 651 25.4824
63.97108 697 26.4443
63.98108 772 27.735
63.99109 751 27.4204
64.00108 712 26.7261
64.01109 697 26.4443
64.02108 745 27.3179
64.03108 722 26.8221
64.04108 682 26.082
64.05109 750 27.4204
64.06108 731 27.0172
64.07108 753 27.4204
64.08109 753 27.4204
64.09109 732 27.0172
64.10108 686 26.1712
64.11108 701 26.4443
64.12109 683 26.1712
64.13109 684 26.1712
64.14108 739 27.2166
64.15108 732 27.0172
64.16109 709 26.6312
64.17109 717 26.8221
64.18108 703 26.5372
64.19109 689 26.2613
64.20109 723 26.9191
64.21109 659 25.6495
64.22108 697 26.4443
64.23109 700 26.4443
64.24109 710 26.6312
64.25109 692 26.2613
64.26109 647 25.4
64.27109 665 25.8199
64.28109 676 25.9938
64.29109 716 26.7261
64.30109 678 26.082
64.31109 649 25.4824
64.32109 681 26.082
64.33109 641 25.3185
64.34109 689 26.2613
64.35109 717 26.8221
64.36109 680 26.082
64.37109 631 25.1577
64.38109 619 24.8452
64.39109 647 25.4
64.40109 643 25.3185
64.41109 709 26.6312
64.42109 680 26.082
64.43109 643 25.3185
64.44109 621 24.9222
64.45110 652 25.5655
64.46109 672 25.9064
64.47109 651 25.4824
64.48109 703 26.5372
64.49110 669 25.9064
64.50109 657 25.6495
64.51109 610 24.6932
64.52110 660 25.6495
64.53110 672 25.9064
64.54109 630 25.0785
64.55109 632 25.1577
64.56110 616 24.8452
64.57110 696 26.3523
64.58109 702 26.5372
64.59109 656 25.6495
64.60110 635 25.2377
64.61110 663 25.7343
64.62109 677 25.9938
64.63110 643 25.3185
64.64110 694 26.3523
64.65110 688 26.2613
64.66109 634 25.1577
64.67110 645 25.4
64.68110 662 25.7343
64.69110 667 25.8199
64.70110 660 25.6495
64.71110 683 26.1712
64.72110 655 25.5655
64.73110 614 24.7689
64.74110 633 25.1577
64.75110 643 25.3185
64.76110 649 25.4824
64.77110 631 25.1577
64.78110 620 24.9222
64.79110 659 25.6495
64.80110 628 25.0785
64.81110 601 24.544
64.82110 609 24.6932
64.83110 625 25
64.84110 622 24.9222
64.85110 613 24.7689
64.86110 634 25.1577
64.87110 633 25.1577
64.88110 616 24.8452
64.89111 604 24.544
64.90110 632 25.1577
64.91110 613 24.7689
64.92110 634 25.1577
64.93111 603 24.544
64.94110 640 25.3185
64.95110 629 25.0785
64.96111 647 25.4
64.97111 614 24.7689
64.98110 602 24.544
64.99110 612 24.7689
65.00111 590 24.3252
65.01111 669 25.9064
65.02110 585 24.1825
65.03111 630 25.0785
65.04111 596 24.3975
65.05111 591 24.3252
65.06110 646 25.4
65.07111 629 25.0785
65.08111 631 25.1577
65.09111 583 24.1121
65.10110 635 25.2377
65.11111 580 24.1121
65.12111 650 25.4824
65.13111 610 24.6932
65.14111 598 24.4704
65.15111 612 24.7689
65.16111 569 23.8366
65.17111 625 25
65.18111 624 25
65.19111 618 24.8452
65.20111 608 24.6932
65.21111 586 24.1825
65.22111 615 24.7689
65.23111 622 24.9222
65.24111 604 24.544
65.25111 608 24.6932
65.26111 585 24.1825
65.27111 633 25.1577
65.28111 616 24.8452
65.29111 568 23.8366
65.30111 585 24.1825
65.31111 633 25.1577
65.32111 554 23.505
65.33112 595 24.3975
65.34111 665 25.8199
65.35111 634 25.1577
65.36111 595 24.3975
65.37112 656 25.6495
65.38111 624 25
65.39111 604 24.544
65.40112 585 24.1825
65.41112 609 24.6932
65.42111 640 25.3185
65.43111 576 23.9732
65.44112 613 24.7689
65.45112 623 24.9222
65.46111 593 24.3252
65.47112 599 24.4704
65.48112 610 24.6932
65.49112 601 24.544
65.50111 598 24.4704
65.51112 600 24.4704
65.52112 629 25.0785
65.53112 603 24.544
65.54111 624 25
65.55112 655 25.5655
65.56112 633 25.1577
65.57112 645 25.4
65.58112 643 25.3185
65.59112 642 25.3185
65.60112 628 25.0785
65.61112 664 25.7343
65.62112 646 25.4
65.63112 627 25.0785
65.64112 624 25
65.65112 648 25.4824
65.66112 647 25.4
65.67112 655 25.5655
65.68112 655 25.5655
65.69112 622 24.9222
65.70112 616 24.8452
65.71112 641 25.3185
65.72112 657 25.6495
65.73112 658 25.6495
65.74112 643 25.3185
65.75112 681 26.082
65.76112 595 24.3975
65.77113 600 24.4704
65.78112 620 24.9222
65.79112 619 24.8452
65.80112 638 25.2377
65.81113 637 25.2377
65.82112 607 24.6183
65.83112 578 24.0424
65.84113 592 24.3252
65.85113 617 24.8452
65.86112 576 23.9732
65.87112 627 25.0785
65.88113 582 24.1121
65.89113 580 24.1121
65.90112 571 23.9046
65.91113 601 24.544
65.92113 567 23.8366
65.93113 648 25.4824
65.94112 608 24.6932
65.95113 625 25
65.96113 533 23.0633
65.97113 602 24.544
65.98112 618 24.8452
65.99113 603 24.544
66.00113 597 24.3975
66.01113 623 24.9222
66.02113 622 24.9222
66.03113 619 24.8452
66.04113 603 24.544
66.05113 637 25.2377
66.06113 603 24.544
66.07113 601 24.544
66.08113 606 24.6183
66.09113 600 24.4704
66.10113 621 24.9222
66.11113 668 25.8199
66.12113 660 25.6495
66.13113 654 25.5655
66.14113 623 24.9222
66.15113 637 25.2377
66.16113 653 25.5655
66.17113 646 25.4
66.18113 661 25.7343
66.19113 713 26.7261
66.20113 612 24.7689
66.21114 636 25.2377
66.22113 679 26.082
66.23113 671 25.9064
66.24113 673 25.9064
66.25114 643 25.3185
66.26113 695 26.3523
66.27113 722 26.8221
66.28114 649 25.4824
66.29114 648 25.4824
66.30113 669 25.9064
66.31113 668 25.8199
66.32114 681 26.082
66.33114 642 25.3185
66.34113 703 26.5372
66.35114 668 25.8199
66.36114 691 26.2613
66.37114 696 26.3523
66.38113 628 25.0785
66.39114 656 25.6495
66.40114 663 25.7343
66.41114 680 26.082
66.42113 656 25.6495
66.43114 605 24.6183
66.44114 624 25
66.45114 624 25
66.46114 643 25.3185
66.47114 665 25.8199
66.48114 659 25.6495
66.49114 612 24.7689
66.50114 611 24.6932
66.51114 590 24.3252
66.52114 610 24.6932
66.53114 578 24.0424
66.54114 580 24.1121
66.55114 630 25.0785
66.56114 617 24.8452
66.57114 572 23.9046
66.58114 584 24.1825
66.59114 612 24.7689
66.60114 565 23.7691
66.61115 580 24.1121
66.62114 596 24.3975
66.63114 595 24.3975
66.64114 632 25.1577
66.65115 603 24.544
66.66114 610 24.6932
66.67114 616 24.8452
66.68114 565 23.7691
66.69115 582 24.1121
66.70114 609 24.6932
66.71114 607 24.6183
66.72115 621 24.9222
66.73115 617 24.8452
66.74114 611 24.6932
66.75114 637 25.2377
66.76115 600 24.4704
66.77115 578 24.0424
66.78114 582 24.1121
66.79115 661 25.7343
66.80115 608 24.6932
66.81115 644 25.4
66.82114 620 24.9222
66.83115 617 24.8452
66.84115 588 24.2536
66.85115 652 25.5655
66.86115 643 25.3185
66.87115 630 25.0785
66.88115 602 24.544
66.89115 645 25.4
66.90115 637 25.2377
66.91115 567 23.8366
66.92115 610 24.6932
66.93115 593 24.3252
66.94115 635 25.2377
66.95115 618 24.8452
66.96115 630 25.0785
66.97115 618 24.8452
66.98115 595 24.3975
66.99115 628 25.0785
67.00115 619 24.8452
67.01115 624 25
67.02115 607 24.6183
67.03115 594 24.3975
67.04115 595 24.3975
67.05116 642 25.3185
67.06115 588 24.2536
67.07115 574 23.9732
67.08115 555 23.5702
67.09116 563 23.7023
67.10115 589 24.2536
67.11115 555 23.5702
67.12115 605 24.6183
67.13116 596 24.3975
67.14115 607 24.6183
67.15115 607 24.6183
67.16116 597 24.3975
67.17116 618 24.8452
67.18115 548 23.4404
67.19115 588 24.2536
67.20116 614 24.7689
67.21116 596 24.3975
67.22115 603 24.544
67.23116 606 24.6183
67.24116 580 24.1121
67.25116 599 24.4704
67.26115 617 24.8452
67.27116 572 23.9046
67.28116 581 24.1121
67.29116 605 24.6183
67.30116 585 24.1825
67.31116 576 23.9732
67.32116 634 25.1577
67.33116 588 24.2536
67.34116 576 23.9732
67.35116 620 24.9222
67.36116 583 24.1121
67.37116 586 24.1825
67.38116 609 24.6932
67.39116 560 23.636
67.40116 558 23.636
67.41116 552 23.505
67.42116 573 23.9046
67.43116 553 23.505
67.44116 559 23.636
67.45116 584 24.1825
67.46116 577 24.0424
67.47116 592 24.3252
67.48116 560 23.636
67.49117 582 24.1121
67.50116 589 24.2536
67.51116 582 24.1121
67.52116 559 23.636
67.53117 595 24.3975
67.54116 588 24.2536
67.55116 636 25.2377
67.56116 589 24.2536
67.57117 612 24.7689
67.58116 588 24.2536
67.59116 621 24.9222
67.60117 592 24.3252
67.61117 603 24.544
67.62116 592 24.3252
67.63116 595 24.3975
67.64117 628 25.0785
67.65117 635 25.2377
67.66116 587 24.2536
67.67117 609 24.6932
67.68117 583 24.1121
67.69117 594 24.3975
67.70116 635 25.2377
67.71117 628 25.0785
67.72117 579 24.0424
67.73117 604 24.544
67.74117 611 24.6932
67.75117 644 25.4
67.76117 600 24.4704
67.77117 596 24.3975
67.78117 612 24.7689
67.79117 647 25.4
67.80117 660 25.6495
67.81117 638 25.2377
67.82117 615 24.7689
67.83117 575 23.9732
67.84117 661 25.7343
67.85117 659 25.6495
67.86117 634 25.1577
67.87117 620 24.9222
67.88117 651 25.4824
67.89117 622 24.9222
67.90117 638 25.2377
67.91117 680 26.082
67.92117 649 25.4824
67.93118 712 26.7261
67.94117 697 26.4443
67.95117 669 25.9064
67.96117 615 24.7689
67.97118 655 25.5655
67.98117 635 25.2377
67.99117 682 26.082
68.00117 663 25.7343
68.01118 634 25.1577
68.02117 652 25.5655
68.03117 664 25.7343
68.04118 673 25.9064
68.05118 708 26.6312
68.06117 662 25.7343
68.07117 638 25.2377
68.08118 630 25.0785
68.09118 690 26.2613
68.10117 680 26.082
68.11118 696 26.3523
68.12118 717 26.8221
68.13118 652 25.5655
68.14117 708 26.6312
68.15118 688 26.2613
68.16118 649 25.4824
68.17118 670 25.9064
68.18118 680 26.082
68.19118 650 25.4824
68.20118 701 26.4443
68.21118 669 25.9064
68.22118 671 25.9064
68.23118 669 25.9064
68.24118 647 25.4
68.25118 651 25.4824
68.26118 682 26.082
68.27118 663 25.7343
68.28118 623 24.9222
68.29118 663 25.7343
68.30118 672 25.9064
68.31118 630 25.0785
68.32118 643 25.3185
68.33118 639 25.3185
68.34118 664 25.7343
68.35118 665 25.8199
68.36118 672 25.9064
68.37119 669 25.9064
68.38118 718 26.8221
68.39118 679 26.082
68.40118 663 25.7343
68.41119 674 25.9938
68.42118 639 25.3185
68.43118 690 26.2613
68.44118 636 25.2377
68.45119 706 26.5372
68.46118 670 25.9064
68.47118 686 26.1712
68.48119 650 25.4824
68.49119 671 25.9064
68.50118 679 26.082
68.51118 698 26.4443
68.52119 645 25.4
68.53119 672 25.9064
68.54118 682 26.082
68.55119 677 25.9938
68.56119 649 25.4824
68.57119 672 25.9064
68.58118 675 25.9938
68.59119 646 25.4
68.60119 674 25.9938
68.61119 686 26.1712
68.62119 653 25.5655
68.63119 642 25.3185
68.64119 661 25.7343
68.65119 662 25.7343
68.66119 677 25.9938
68.67119 628 25.0785
68.68119 621 24.9222
68.69119 618 24.8452
68.70119 623 24.9222
68.71119 665 25.8199
68.72119 597 24.3975
68.73119 648 25.4824
68.74119 664 25.7343
68.75119 654 25.5655
68.76119 629 25.0785
68.77119 641 25.3185
68.78119 626 25
68.79119 647 25.4
68.80119 629 25.0785
68.81120 651 25.4824
68.82119 635 25.2377
68.83119 617 24.8452
68.84119 653 25.5655
68.85120 606 24.6183
68.86119 652 25.5655
68.87119 646 25.4
68.88120 660 25.6495
68.89120 652 25.5655
68.90119 631 25.1577
68.91119 586 24.1825
68.92120 599 24.4704
68.93120 642 25.3185
68.94119 593 24.3252
68.95119 612 24.7689
68.96120 609 24.6932
68.97120 587 24.2536
68.98119 618 24.8452
68.99120 609 24.6932
69.00120 605 24.6183
69.01120 621 24.9222
69.02119 625 25
69.03120 597 24.3975
69.04120 605 24.6183
69.05120 593 24.3252
69.06120 592 24.3252
69.07120 589 24.2536
69.08120 578 24.0424
69.09120 604 24.544
69.10120 655 25.5655
69.11120 580 24.1121
69.12120 588 24.2536
69.13120 603 24.544
69.14120 624 25
69.15120 572 23.9046
69.16120 557 23.5702
69.17120 577 24.0424
69.18120 581 24.1121
69.19120 551 23.505
69.20120 583 24.1121
69.21120 615 24.7689
69.22120 630 25.0785
69.23120 585 24.1825
69.24120 645 25.4
69.25121 650 25.4824
69.26120 625 25
69.27120 632 25.1577
69.28120 582 24.1121
69.29121 649 25.4824
69.30120 608 24.6932
69.31120 625 25
69.32121 640 25.3185
69.33121 616 24.8452
69.34120 600 24.4704
69.35120 652 25.5655
69.36121 614 24.7689
69.37121 611 24.6932
69.38120 637 25.2377
69.39120 620 24.9222
69.40121 621 24.9222
69.41121 608 24.6932
69.42120 597 24.3975
69.43121 648 25.4824
69.44121 596 24.3975
69.45121 632 25.1577
69.46120 615 24.7689
69.47121 607 24.6183
69.48121 602 24.544
69.49121 614 24.7689
69.50121 648 25.4824
69.51121 595 24.3975
69.52121 629 25.0785
69.53121 614 24.7689
69.54121 623 24.9222
69.55121 571 23.9046
69.56121 556 23.5702
69.57121 581 24.1121
69.58121 640 25.3185
69.59121 612 24.7689
69.60121 572 23.9046
69.61121 625 25
69.62121 614 24.7689
69.63121 569 23.8366
69.64121 565 23.7691
69.65121 564 23.7691
69.66121 593 24.3252
69.67121 591 24.3252
69.68121 595 24.3975
69.69122 588 24.2536
69.70121 589 24.2536
69.71121 563 23.7023
69.72121 585 24.1825
69.73122 573 23.9046
69.74121 633 25.1577
69.75121 594 24.3975
69.76122 590 24.3252
69.77122 595 24.3975
69.78121 599 24.4704
69.79121 615 24.7689
69.80122 608 24.6932
69.81122 633 25.1577
69.82121 606 24.6183
69.83121 624 25
69.84122 604 24.544
69.85122 575 23.9732
69.86121 576 23.9732
69.87122 614 24.7689
69.88122 609 24.6932
69.89122 602 24.544
69.90121 641 25.3185
69.91122 640 25.3185
69.92122 583 24.1121
69.93122 588 24.2536
69.94122 649 25.4824
69.95122 626 25
69.96122 638 25.2377
69.97122 634 25.1577
69.98122 611 24.6932
69.99122 632 25.1577
70.00122 591 24.3252
70.01122 614 24.7689
70.02122 621 24.9222
70.03122 618 24.8452
70.04122 606 24.6183
70.05122 585 24.1825
70.06122 611 24.6932
70.07122 624 25
70.08122 616 24.8452
70.09122 578 24.0424
70.10122 615 24.7689
70.11122 644 25.4
70.12122 602 24.544
70.13123 644 25.4
70.14122 630 25.0785
70.15122 653 25.5655
70.16122 624 25
70.17123 646 25.4
70.18122 673 25.9064
70.19122 595 24.3975
70.20123 622 24.9222
70.21123 637 25.2377
70.22122 599 24.4704
70.23122 630 25.0785
70.24123 605 24.6183
70.25123 619 24.8452
70.26122 641 25.3185
70.27122 631 25.1577
70.28123 694 26.3523
70.29123 662 25.7343
70.30122 605 24.6183
70.31123 644 25.4
70.32123 639 25.3185
70.33123 649 25.4824
70.34122 634 25.1577
70.35123 654 25.5655
70.36123 688 26.2613
70.37123 652 25.5655
70.38123 675 25.9938
70.39123 645 25.4
70.40123 617 24.8452
70.41123 668 25.8199
70.42123 632 25.1577
70.43123 661 25.7343
70.44123 659 25.6495
70.45123 632 25.1577
70.46123 650 25.4824
70.47123 668 25.8199
70.48123 652 25.5655
70.49123 673 25.9064
70.50123 646 25.4
70.51123 660 25.6495
70.52123 640 25.3185
70.53123 647 25.4
70.54123 641 25.3185
70.55123 644 25.4
70.56123 623 24.9222
70.57124 643 25.3185
70.58123 667 25.8199
70.59123 682 26.082
70.60123 659 25.6495
70.61124 642 25.3185
70.62123 643 25.3185
70.63123 666 25.8199
70.64124 593 24.3252
70.65124 589 24.2536
70.66123 594 24.3975
70.67123 663 25.7343
70.68124 626 25
70.69124 654 25.5655
70.70123 609 24.6932
70.71124 573 23.9046
70.72124 603 24.544
70.73124 605 24.6183
70.74123 581 24.1121
70.75124 592 24.3252
70.76124 561 23.7023
70.77124 572 23.9046
70.78123 549 23.4404
70.79124 610 24.6932
70.80124 572 23.9046
70.81124 567 23.8366
70.82124 604 24.544
70.83124 565 23.7691
70.84124 609 24.6932
70.85124 599 24.4704
70.86124 624 25
70.87124 574 23.9732
70.88124 589 24.2536
70.89124 646 25.4
70.90124 606 24.6183
70.91124 615 24.7689
70.92124 627 25.0785
70.93124 633 25.1577
70.94124 653 25.5655
70.95124 660 25.6495
70.96124 636 25.2377
70.97124 638 25.2377
70.98124 689 26.2613
70.99124 664 25.7343
71.00124 599 24.4704
71.01125 657 25.6495
71.02124 649 25.4824
71.03124 666 25.8199
71.04124 648 25.4824
71.05125 649 25.4824
71.06124 710 26.6312
71.07124 667 25.8199
71.08125 669 25.9064
71.09125 646 25.4
71.10124 709 26.6312
71.11124 688 26.2613
71.12125 665 25.8199
71.13125 681 26.082
71.14124 668 25.8199
71.15125 673 25.9064
71.16125 678 26.082
71.17125 681 26.082
71.18124 699 26.4443
71.19125 701 26.4443
71.20125 673 25.9064
71.21125 657 25.6495
71.22124 672 25.9064
71.23125 624 25
71.24125 669 25.9064
71.25125 671 25.9064
71.26125 653 25.5655
71.27125 685 26.1712
71.28125 675 25.9938
71.29125 662 25.7343
71.30125 676 25.9938
71.31125 655 25.5655
71.32125 654 25.5655
71.33125 646 25.4
71.34125 677 25.9938
71.35125 663 25.7343
71.36125 649 25.4824
71.37125 647 25.4
71.38125 667 25.8199
71.39125 650 25.4824
71.40125 634 25.1577
71.41125 636 25.2377
71.42125 675 25.9938
71.43125 610 24.6932
71.44125 662 25.7343
71.45126 634 25.1577
71.46125 617 24.8452
71.47125 619 24.8452
71.48125 623 24.9222
71.49126 604 24.544
71.50125 607 24.6183
71.51125 639 25.3185
71.52126 623 24.9222
71.53126 580 24.1121
71.54125 605 24.6183
71.55125 666 25.8199
71.56126 597 24.3975
71.57126 618 24.8452
71.58125 626 25
71.59126 590 24.3252
71.60126 614 24.7689
71.61126 592 24.3252
71.62125 607 24.6183
71.63126 620 24.9222
71.64126 625 25
71.65126 608 24.6932
71.66125 606 24.6183
71.67126 623 24.9222
71.68126 569 23.8366
71.69126 616 24.8452
71.70126 623 24.9222
71.71126 658 25.6495
71.72126 618 24.8452
71.73126 563 23.7023
71.74126 621 24.9222
71.75126 644 25.4
71.76126 639 25.3185
71.77126 646 25.4
71.78126 668 25.8199
71.79126 659 25.6495
71.80126 633 25.1577
71.81126 657 25.6495
71.82126 622 24.9222
71.83126 587 24.2536
71.84126 622 24.9222
71.85126 695 26.3523
71.86126 661 25.7343
71.87126 593 24.3252
71.88126 607 24.6183
71.89127 647 25.4
71.90126 640 25.3185
71.91126 640 25.3185
71.92126 660 25.6495
71.93127 592 24.3252
71.94126 609 24.6932
71.95126 605 24.6183
71.96127 615 24.7689
71.97127 569 23.8366
71.98126 590 24.3252
71.99126 597 24.3975
72.00127 645 25.4
72.01127 622 24.9222
72.02126 587 24.2536
72.03127 604 24.544
72.04127 586 24.1825
72.05127 601 24.544
72.06126 602 24.544
72.07127 614 24.7689
72.08127 582 24.1121
72.09127 591 24.3252
72.10126 619 24.8452
72.11127 567 23.8366
72.12127 570 23.9046
72.13127 565 23.7691
72.14127 553 23.505
72.15127 578 24.0424
72.16127 572 23.9046
72.17127 572 23.9046
72.18127 594 24.3975
72.19127 615 24.7689
72.20127 580 24.1121
72.21127 566 23.7691
72.22127 576 23.9732
72.23127 614 24.7689
72.24127 547 23.3762
72.25127 520 22.8218
72.26127 531 23.0633
72.27127 543 23.3126
72.28127 561 23.7023
72.29128 545 23.3762
72.30127 569 23.8366
72.31127 593 24.3252
72.32127 582 24.1121
72.33128 555 23.5702
72.34127 575 23.9732
72.35127 562 23.7023
72.36127 539 23.1869
72.37128 584 24.1825
72.38127 565 23.7691
72.39127 542 23.2495
72.40128 559 23.636
72.41128 624 25
72.42127 602 24.544
72.43127 606 24.6183
72.44128 586 24.1825
72.45128 573 23.9046
72.46127 621 24.9222
72.47128 535 23.1249
72.48128 573 23.9046
72.49128 567 23.8366
72.50127 592 24.3252
72.51128 589 24.2536
72.52128 561 23.7023
72.53128 606 24.6183
72.54128 648 25.4824
72.55128 624 25
72.56128 628 25.0785
72.57128 595 24.3975
72.58128 598 24.4704
72.59128 631 25.1577
72.60128 608 24.6932
72.61128 607 24.6183
72.62128 601 24.544
72.63128 574 23.9732
72.64128 614 24.7689
72.65128 618 24.8452
72.66128 620 24.9222
72.67128 603 24.544
72.68128 598 24.4704
72.69128 654 25.5655
72.70128 677 25.9938
72.71128 643 25.3185
72.72128 608 24.6932
72.73129 630 25.0785
72.74128 587 24.2536
72.75128 644 25.4
72.76128 626 25
72.77129 553 23.505
72.78128 608 24.6932
72.79128 625 25
72.80128 668 25.8199
72.81129 642 25.3185
72.82128 600 24.4704
72.83128 658 25.6495
72.84129 624 25
72.85129 624 25
72.86128 654 25.5655
72.87128 608 24.6932
72.88129 625 25
72.89129 652 25.5655
72.90128 615 24.7689
72.91129 636 25.2377
72.92129 613 24.7689
72.93129 611 24.6932
72.94128 648 25.4824
72.95129 646 25.4
72.96129 644 25.4
72.97129 635 25.2377
72.98129 661 25.7343
72.99129 624 25
73.00129 633 25.1577
73.01129 613 24.7689
73.02129 650 25.4824
73.03129 666 25.8199
73.04129 659 25.6495
73.05129 651 25.4824
73.06129 615 24.7689
73.07129 667 25.8199
73.08129 643 25.3185
73.09129 664 25.7343
73.10129 627 25.0785
73.11129 633 25.1577
73.12129 608 24.6932
73.13129 625 25
73.14129 636 25.2377
73.15129 619 24.8452
73.16129 616 24.8452
73.17130 615 24.7689
73.18129 658 25.6495
73.19129 648 25.4824
73.20129 628 25.0785
73.21130 635 25.2377
73.22129 662 25.7343
73.23129 638 25.2377
73.24129 688 26.2613
73.25130 625 25
73.26129 618 24.8452
73.27129 680 26.082
73.28130 650 25.4824
73.29130 665 25.8199
73.30129 630 25.0785
73.31129 672 25.9064
73.32130 638 25.2377
73.33130 651 25.4824
73.34129 617 24.8452
73.35130 628 25.0785
73.36130 622 24.9222
73.37130 658 25.6495
73.38129 652 25.5655
73.39130 641 25.3185
73.40130 602 24.544
73.41130 625 25
73.42130 612 24.7689
73.43130 643 25.3185
73.44130 624 25
73.45130 659 25.6495
73.46130 629 25.0785
73.47130 637 25.2377
73.48130 641 25.3185
73.49130 653 25.5655
73.50130 635 25.2377
73.51130 618 24.8452
73.52130 615 24.7689
73.53130 576 23.9732
73.54130 577 24.0424
73.55130 600 24.4704
73.56130 609 24.6932
73.57130 622 24.9222
73.58130 642 25.3185
73.59130 593 24.3252
73.60130 625 25
73.61131 626 25
73.62130 617 24.8452
73.63130 559 23.636
73.64130 631 25.1577
73.65131 601 24.544
73.66130 633 25.1577
73.67130 654 25.5655
73.68130 618 24.8452
73.69131 633 25.1577
73.70130 648 25.4824
73.71130 589 24.2536
73.72131 629 25.0785
73.73131 612 24.7689
73.74130 625 25
73.75130 632 25.1577
73.76131 636 25.2377
73.77131 601 24.544
73.78130 617 24.8452
73.79131 625 25
73.80131 625 25
73.81131 641 25.3185
73.82130 652 25.5655
73.83131 650 25.4824
73.84131 644 25.4
73.85131 659 25.6495
73.86131 632 25.1577
73.87131 633 25.1577
73.88131 674 25.9938
73.89131 634 25.1577
73.90131 629 25.0785
73.91131 624 25
73.92131 618 24.8452
73.93131 639 25.3185
73.94131 624 25
73.95131 651 25.4824
73.96131 666 25.8199
73.97131 679 26.082
73.98131 645 25.4
73.99131 655 25.5655
74.00131 646 25.4
74.01131 655 25.5655
74.02131 668 25.8199
74.03131 642 25.3185
74.04131 635 25.2377
74.05132 655 25.5655
74.06131 629 25.0785
74.07131 672 25.9064
74.08131 643 25.3185
74.09132 629 25.0785
74.10131 604 24.544
74.11131 644 25.4
74.12132 619 24.8452
74.13132 619 24.8452
74.14131 605 24.6183
74.15131 616 24.8452
74.16132 636 25.2377
74.17132 588 24.2536
74.18131 632 25.1577
74.19131 565 23.7691
74.20132 546 23.3762
74.21132 612 24.7689
74.22131 555 23.5702
74.23132 586 24.1825
74.24132 608 24.6932
74.25132 611 24.6932
74.26131 621 24.9222
74.27132 614 24.7689
74.28132 569 23.8366
74.29132 554 23.505
74.30132 605 24.6183
74.31132 584 24.1825
74.32132 592 24.3252
74.33132 552 23.505
74.34132 555 23.5702
74.35132 588 24.2536
74.36132 588 24.2536
74.37132 579 24.0424
74.38132 597 24.3975
74.39132 601 24.544
74.40132 619 24.8452
74.41132 592 24.3252
74.42132 613 24.7689
74.43132 616 24.8452
74.44132 588 24.2536
74.45132 576 23.9732
74.46132 577 24.0424
74.47132 596 24.3975
74.48132 619 24.8452
74.49133 525 22.9416
74.50132 587 24.2536
74.51132 597 24.3975
74.52132 574 23.9732
74.53133 586 24.1825
74.54132 607 24.6183
74.55132 566 23.7691
74.56133 561 23.7023
74.57133 610 24.6932
74.58132 606 24.6183
74.59132 596 24.3975
74.60133 573 23.9046
74.61133 610 24.6932
74.62132 622 24.9222
74.63132 588 24.2536
74.64133 613 24.7689
74.65133 617 24.8452
74.66132 593 24.3252
74.67133 594 24.3975
74.68133 616 24.8452
74.69133 634 25.1577
74.70132 625 25
74.71133 592 24.3252
74.72133 592 24.3252
74.73133 600 24.4704
74.74133 585 24.1825
74.75133 577 24.0424
74.76133 589 24.2536
74.77133 576 23.9732
74.78133 569 23.8366
74.79133 585 24.1825
74.80133 600 24.4704
74.81133 558 23.636
74.82133 616 24.8452
74.83133 617 24.8452
74.84133 598 24.4704
74.85133 576 23.9732
74.86133 639 25.3185
74.87133 609 24.6932
74.88133 599 24.4704
74.89133 606 24.6183
74.90133 595 24.3975
74.91133 630 25.0785
74.92133 611 24.6932
74.93134 624 25
74.94133 617 24.8452
74.95133 639 25.3185
74.96133 601 24.544
74.97134 565 23.7691
74.98133 638 25.2377
74.99133 633 25.1577
75.00134 625 25
75.01134 660 25.6495
75.02133 655 25.5655
75.03133 604 24.544
75.04134 653 25.5655
75.05134 680 26.082
75.06133 625 25
75.07133 639 25.3185
75.08134 655 25.5655
75.09134 637 25.2377
75.10133 618 24.8452
75.11134 641 25.3185
75.12134 615 24.7689
75.13134 640 25.3185
75.14133 622 24.9222
75.15134 649 25.4824
75.16134 656 25.6495
75.17134 619 24.8452
75.18134 619 24.8452
75.19134 609 24.6932
75.20134 669 25.9064
75.21134 639 25.3185
75.22134 645 25.4
75.23134 590 24.3252
75.24134 606 24.6183
75.25134 628 25.0785
75.26134 555 23.5702
75.27134 619 24.8452
75.28134 616 24.8452
75.29134 596 24.3975
75.30134 574 23.9732
75.31134 619 24.8452
75.32134 631 25.1577
75.33134 622 24.9222
75.34134 596 24.3975
75.35134 614 24.7689
75.36134 630 25.0785
75.37135 585 24.1825
75.38134 631 25.1577
75.39134 601 24.544
75.40134 549 23.4404
75.41135 603 24.544
75.42134 633 25.1577
75.43134 618 24.8452
75.44135 640 25.3185
75.45135 658 25.6495
75.46134 657 25.6495
75.47134 615 24.7689
75.48135 649 25.4824
75.49135 644 25.4
75.50134 626 25
75.51134 621 24.9222
75.52135 632 25.1577
75.53135 637 25.2377
75.54134 678 26.082
75.55135 645 25.4
75.56135 662 25.7343
75.57135 614 24.7689
75.58134 619 24.8452
75.59135 629 25.0785
75.60135 607 24.6183
75.61135 652 25.5655
75.62135 610 24.6932
75.63135 611 24.6932
75.64135 668 25.8199
75.65135 635 25.2377
75.66135 614 24.7689
75.67135 680 26.082
75.68135 651 25.4824
75.69135 574 23.9732
75.70135 667 25.8199
75.71135 659 25.6495
75.72135 659 25.6495
75.73135 612 24.7689
75.74135 612 24.7689
75.75135 617 24.8452
75.76135 614 24.7689
75.77135 610 24.6932
75.78135 653 25.5655
75.79135 626 25
75.80135 635 25.2377
75.81136 641 25.3185
75.82135 627 25.0785
75.83135 640 25.3185
75.84135 667 25.8199
75.85136 645 25.4
75.86135 640 25.3185
75.87135 665 25.8199
75.88136 634 25.1577
75.89136 624 25
75.90135 639 25.3185
75.91135 617 24.8452
75.92136 621 24.9222
75.93136 640 25.3185
75.94135 688 26.2613
75.95135 637 25.2377
75.96136 674 25.9938
75.97136 628 25.0785
75.98135 644 25.4
75.99136 644 25.4
76.00136 613 24.7689
76.01136 615 24.7689
76.02135 649 25.4824
76.03136 670 25.9064
76.04136 625 25
76.05136 622 24.9222
76.06136 624 25
76.07136 618 24.8452
76.08136 617 24.8452
76.09136 589 24.2536
76.10136 598 24.4704
76.11136 606 24.6183
76.12136 573 23.9046
76.13136 577 24.0424
76.14136 589 24.2536
76.15136 592 24.3252
76.16136 623 24.9222
76.17136 630 25.0785
76.18136 615 24.7689
76.19136 568 23.8366
76.20136 541 23.2495
76.21136 556 23.5702
76.22136 553 23.505
76.23136 548 23.4404
76.24136 615 24.7689
76.25137 570 23.9046
76.26136 582 24.1121
76.27136 554 23.505
76.28136 536 23.1249
76.29137 606 24.6183
76.30136 578 24.0424
76.31136 554 23.505
76.32137 568 23.8366
76.33137 568 23.8366
76.34136 606 24.6183
76.35136 558 23.636
76.36137 557 23.5702
76.37137 566 23.7691
76.38136 584 24.1825
76.39137 591 24.3252
76.40137 562 23.7023
76.41137 560 23.636
76.42136 549 23.4404
76.43137 563 23.7023
76.44137 525 22.9416
76.45137 569 23.8366
76.46136 553 23.505
76.47137 595 24.3975
76.48137 555 23.5702
76.49137 561 23.7023
76.50137 578 24.0424
76.51137 620 24.9222
76.52137 562 23.7023
76.53137 589 24.2536
76.54137 562 23.7023
76.55137 574 23.9732
76.56137 593 24.3252
76.57137 540 23.2495
76.58137 547 23.3762
76.59137 642 25.3185
76.60137 575 23.9732
76.61137 582 24.1121
76.62137 566 23.7691
76.63137 559 23.636
76.64137 589 24.2536
76.65137 556 23.5702
76.66137 560 23.636
76.67137 547 23.3762
76.68137 573 23.9046
76.69138 576 23.9732
76.70137 548 23.4404
76.71137 568 23.8366
76.72137 588 24.2536
76.73138 540 23.2495
76.74137 596 24.3975
76.75137 590 24.3252
76.76138 614 24.7689
76.77138 550 23.4404
76.78137 584 24.1825
76.79137 589 24.2536
76.80138 556 23.5702
76.81138 596 24.3975
76.82137 615 24.7689
76.83138 629 25.0785
76.84138 537 23.1869
76.85138 571 23.9046
76.86137 568 23.8366
76.87138 574 23.9732
76.88138 618 24.8452
76.89138 542 23.2495
76.90137 559 23.636
76.91138 625 25
76.92138 569 23.8366
76.93138 603 24.544
76.94138 586 24.1825
76.95138 595 24.3975
76.96138 586 24.1825
76.97138 606 24.6183
76.98138 618 24.8452
76.99138 603 24.544
77.00138 572 23.9046
77.01138 605 24.6183
77.02138 598 24.4704
77.03138 621 24.9222
77.04138 581 24.1121
77.05138 607 24.6183
77.06138 580 24.1121
77.07138 585 24.1825
77.08138 580 24.1121
77.09138 604 24.544
77.10138 559 23.636
77.11138 581 24.1121
77.12138 633 25.1577
77.13139 597 24.3975
77.14138 614 24.7689
77.15138 583 24.1121
77.16138 625 25
77.17139 618 24.8452
77.18138 609 24.6932
77.19138 625 25
77.20139 628 25.0785
77.21139 578 24.0424
77.22138 615 24.7689
77.23138 619 24.8452
77.24139 581 24.1121
77.25139 628 25.0785
77.26138 570 23.9046
77.27139 617 24.8452
77.28139 599 24.4704
77.29139 613 24.7689
77.30138 568 23.8366
77.31139 589 24.2536
77.32139 599 24.4704
77.33139 566 23.7691
77.34138 582 24.1121
77.35139 626 25
77.36139 594 24.3975
77.37139 611 24.6932
77.38139 597 24.3975
77.39139 569 23.8366
77.40139 581 24.1121
77.41139 608 24.6932
77.42139 611 24.6932
77.43139 627 25.0785
77.44139 561 23.7023
77.45139 577 24.0424
77.46139 608 24.6932
77.47139 604 24.544
77.48139 632 25.1577
77.49139 612 24.7689
77.50139 571 23.9046
77.51139 572 23.9046
77.52139 590 24.3252
77.53139 557 23.5702
77.54139 610 24.6932
77.55139 623 24.9222
77.56139 571 23.9046
77.57140 579 24.0424
77.58139 561 23.7023
77.59139 587 24.2536
77.60139 612 24.7689
77.61140 567 23.8366
77.62139 635 25.2377
77.63139 610 24.6932
77.64140 575 23.9732
77.65140 553 23.505
77.66139 561 23.7023
77.67139 574 23.9732
77.68140 574 23.9732
77.69140 576 23.9732
77.70139 562 23.7023
77.71140 576 23.9732
77.72140 563 23.7023
77.73140 569 23.8366
77.74139 605 24.6183
77.75140 603 24.544
77.76140 554 23.505
77.77140 541 23.2495
77.78139 528 23.0022
77.79140 617 24.8452
77.80140 609 24.6932
77.81140 553 23.505
77.82140 627 25.0785
77.83140 571 23.9046
77.84140 602 24.544
77.85140 596 24.3975
77.86140 583 24.1121
77.87140 594 24.3975
77.88140 581 24.1121
77.89140 621 24.9222
77.90140 580 24.1121
77.91140 601 24.544
77.92140 590 24.3252
77.93140 658 25.6495
77.94140 623 24.9222
77.95140 628 25.0785
77.96140 601 24.544
77.97141 585 24.1825
77.98140 617 24.8452
77.99140 602 24.544
78.00140 620 24.9222
78.01141 592 24.3252
78.02140 634 25.1577
78.03140 604 24.544
78.04140 642 25.3185
78.05141 619 24.8452
78.06140 608 24.6932
78.07140 646 25.4
78.08141 610 24.6932
78.09141 623 24.9222
78.10140 637 25.2377
78.11140 613 24.7689
78.12141 620 24.9222
78.13141 641 25.3185
78.14140 640 25.3185
78.15141 627 25.0785
78.16141 608 24.6932
78.17141 622 24.9222
78.18140 669 25.9064
78.19141 639 25.3185
78.20141 629 25.0785
78.21141 621 24.9222
78.22141 666 25.8199
78.23141 633 25.1577
78.24141 636 25.2377
78.25141 635 25.2377
78.26141 634 25.1577
78.27141 644 25.4
78.28141 610 24.6932
78.29141 613 24.7689
78.30141 638 25.2377
78.31141 590 24.3252
78.32141 576 23.9732
78.33141 627 25.0785
78.34141 591 24.3252
78.35141 637 25.2377
78.36141 611 24.6932
78.37141 555 23.5702
78.38141 644 25.4
78.39141 633 25.1577
78.40141 569 23.8366
78.41142 605 24.6183
78.42141 589 24.2536
78.43141 538 23.1869
78.44141 602 24.544
78.45142 630 25.0785
78.46141 583 24.1121
78.47141 629 25.0785
78.48141 554 23.505
78.49142 600 24.4704
78.50141 564 23.7691
78.51141 589 24.2536
78.52142 566 23.7691
78.53142 594 24.3975
78.54141 594 24.3975
78.55141 596 24.3975
78.56142 614 24.7689
78.57142 577 24.0424
78.58141 611 24.6932
78.59142 614 24.7689
78.60142 580 24.1121
78.61142 585 24.1825
78.62141 612 24.7689
78.63142 636 25.2377
78.64142 623 24.9222
78.65142 622 24.9222
78.66142 637 25.2377
78.67142 600 24.4704
78.68142 606 24.6183
78.69142 570 23.9046
78.70142 601 24.544
78.71142 583 24.1121
78.72142 619 24.8452
78.73142 595 24.3975
78.74142 609 24.6932
78.75142 654 25.5655
78.76142 616 24.8452
78.77142 630 25.0785
78.78142 606 24.6183
78.79142 636 25.2377
78.80142 670 25.9064
78.81142 611 24.6932
78.82142 668 25.8199
78.83142 665 25.8199
78.84142 630 25.0785
78.85143 649 25.4824
78.86142 625 25
78.87142 651 25.4824
78.88142 655 25.5655
78.89143 665 25.8199
78.90142 647 25.4
78.91142 641 25.3185
78.92142 634 25.1577
78.93143 609 24.6932
78.94142 668 25.8199
78.95142 640 25.3185
78.96143 596 24.3975
78.97143 615 24.7689
78.98142 649 25.4824
78.99142 647 25.4
79.00143 622 24.9222
79.01143 645 25.4
79.02142 590 24.3252
79.03143 538 23.1869
79.04143 620 24.9222
79.05143 617 24.8452
79.06142 567 23.8366
79.07143 576 23.9732
79.08143 529 23.0022
79.09143 596 24.3975
79.10143 610 24.6932
79.11143 616 24.8452
79.12143 615 24.7689
79.13143 602 24.544
79.14143 573 23.9046
79.15143 592 24.3252
79.16143 557 23.5702
79.17143 584 24.1825
79.18143 620 24.9222
79.19143 630 25.0785
79.20143 569 23.8366
79.21143 612 24.7689
79.22143 588 24.2536
79.23143 617 24.8452
79.24143 609 24.6932
79.25143 651 25.4824
79.26143 577 24.0424
79.27143 619 24.8452
79.28143 611 24.6932
79.29144 601 24.544
79.30143 603 24.544
79.31143 621 24.9222
79.32143 605 24.6183
79.33144 580 24.1121
79.34143 618 24.8452
79.35143 608 24.6932
79.36143 644 25.4
79.37144 622 24.9222
79.38143 586 24.1825
79.39143 623 24.9222
79.40144 582 24.1121
79.41144 608 24.6932
79.42143 587 24.2536
79.43143 591 24.3252
79.44144 578 24.0424
79.45144 612 24.7689
79.46143 599 24.4704
79.47144 624 25
79.48144 536 23.1249
79.49144 611 24.6932
79.50143 600 24.4704
79.51144 599 24.4704
79.52144 591 24.3252
79.53144 580 24.1121
79.54144 608 24.6932
79.55144 635 25.2377
79.56144 597 24.3975
79.57144 643 25.3185
79.58144 583 24.1121
79.59144 580 24.1121
79.60144 668 25.8199
79.61144 631 25.1577
79.62144 615 24.7689
79.63144 592 24.3252
79.64144 624 25
79.65144 598 24.4704
79.66144 602 24.544
79.67144 580 24.1121
79.68144 627 25.0785
79.69144 551 23.505
79.70144 610 24.6932
79.71144 543 23.3126
79.72144 613 24.7689
79.73145 618 24.8452
79.74144 550 23.4404
79.75144 574 23.9732
79.76144 573 23.9046
79.77145 553 23.505
79.78144 530 23.0022
79.79144 573 23.9046
79.80145 570 23.9046
79.81145 576 23.9732
79.82144 523 22.8814
79.83144 523 22.8814
79.84145 569 23.8366
79.85145 557 23.5702
79.86144 536 23.1249
79.87144 566 23.7691
79.88145 513 22.6455
79.89145 589 24.2536
79.90144 575 23.9732
79.91145 551 23.505
79.92145 552 23.505
79.93145 537 23.1869
79.94144 566 23.7691
79.95145 609 24.6932
79.96145 579 24.0424
79.97145 561 23.7023
79.98145 552 23.505
79.99145 576 23.9732
80.00145 534 23.1249
80.01145 561 23.7023
80.02145 604 24.544
80.03145 556 23.5702
80.04145 638 25.2377
80.05145 622 24.9222
80.06145 619 24.8452
80.07145 607 24.6183
80.08145 535 23.1249
80.09145 583 24.1121
80.10145 576 23.9732
80.11145 598 24.4704
80.12145 597 24.3975
80.13145 572 23.9046
80.14145 604 24.544
80.15145 579 24.0424
80.16145 593 24.3252
80.17146 574 23.9732
80.18145 612 24.7689
80.19145 601 24.544
80.20145 590 24.3252
80.21146 593 24.3252
80.22145 555 23.5702
80.23145 569 23.8366
80.24146 578 24.0424
80.25146 585 24.1825
80.26145 560 23.636
80.27145 530 23.0022
80.28146 593 24.3252
80.29146 583 24.1121
80.30145 554 23.505
80.31145 573 23.9046
80.32146 586 24.1825
80.33146 531 23.0633
80.34145 571 23.9046
80.35146 574 23.9732
80.36146 522 22.8218
80.37146 585 24.1825
80.38145 565 23.7691
80.39146 580 24.1121
80.40146 576 23.9732
80.41146 593 24.3252
80.42146 537 23.1869
80.43146 584 24.1825
80.44146 560 23.636
80.45146 603 24.544
80.46146 597 24.3975
80.47146 567 23.8366
80.48146 591 24.3252
80.49146 598 24.4704
80.50146 580 24.1121
80.51146 619 24.8452
80.52146 590 24.3252
80.53146 588 24.2536
80.54146 537 23.1869
80.55146 591 24.3252
80.56146 553 23.505
80.57146 577 24.0424
80.58146 556 23.5702
80.59146 540 23.2495
80.60146 548 23.4404
80.61147 581 24.1121
80.62146 601 24.544
80.63146 587 24.2536
80.64146 572 23.9046
80.65147 573 23.9046
80.66146 578 24.0424
80.67146 563 23.7023
80.68147 589 24.2536
80.69147 595 24.3975
80.70146 569 23.8366
80.71146 573 23.9046
80.72147 564 23.7691
80.73147 579 24.0424
80.74146 596 24.3975
80.75146 596 24.3975
80.76147 556 23.5702
80.77147 580 24.1121
80.78146 585 24.1825
80.79147 594 24.3975
80.80147 552 23.505
80.81147 543 23.3126
80.82146 612 24.7689
80.83147 560 23.636
80.84147 565 23.7691
80.85147 596 24.3975
80.86147 564 23.7691
80.87147 551 23.505
80.88147 526 22.9416
80.89147 597 24.3975
80.90147 578 24.0424
80.91147 582 24.1121
80.92147 615 24.7689
80.93147 617 24.8452
80.94147 571 23.9046
80.95147 609 24.6932
80.96147 558 23.636
80.97147 603 24.544
80.98147 610 24.6932
80.99147 575 23.9732
81.00147 598 24.4704
81.01147 587 24.2536
81.02147 610 24.6932
81.03147 604 24.544
81.04147 580 24.1121
81.05148 598 24.4704
81.06147 585 24.1825
81.07147 605 24.6183
81.08147 593 24.3252
81.09148 597 24.3975
81.10147 631 25.1577
81.11147 610 24.6932
81.12148 613 24.7689
81.13148 597 24.3975
81.14147 630 25.0785
81.15147 655 25.5655
81.16148 606 24.6183
81.17148 557 23.5702
81.18147 584 24.1825
81.19147 641 25.3185
81.20148 612 24.7689
81.21148 614 24.7689
81.22147 609 24.6932
81.23148 622 24.9222
81.24148 641 25.3185
81.25148 578 24.0424
81.26147 584 24.1825
81.27148 661 25.7343
81.28148 609 24.6932
81.29148 619 24.8452
81.30148 624 25
81.31148 634 25.1577
81.32148 617 24.8452
81.33148 608 24.6932
81.34148 642 25.3185
81.35148 599 24.4704
81.36148 655 25.5655
81.37148 649 25.4824
81.38148 587 24.2536
81.39148 592 24.3252
81.40148 597 24.3975
81.41148 629 25.0785
81.42148 614 24.7689
81.43148 609 24.6932
81.44148 589 24.2536
81.45148 590 24.3252
81.46148 596 24.3975
81.47148 600 24.4704
81.48148 589 24.2536
81.49149 575 23.9732
81.50148 641 25.3185
81.51148 600 24.4704
81.52148 607 24.6183
81.53149 630 25.0785
81.54148 609 24.6932
81.55148 564 23.7691
81.56149 580 24.1121
81.57149 624 25
81.58148 589 24.2536
81.59148 619 24.8452
81.60149 564 23.7691
81.61149 551 23.505
81.62148 586 24.1825
81.63148 615 24.7689
81.64149 603 24.544
81.65149 583 24.1121
81.66148 587 24.2536
81.67149 588 24.2536
81.68149 585 24.1825
81.69149 590 24.3252
81.70148 623 24.9222
81.71149 584 24.1825
81.72149 576 23.9732
81.73149 601 24.544
81.74149 581 24.1121
81.75149 591 24.3252
81.76149 582 24.1121
81.77149 561 23.7023
81.78149 611 24.6932
81.79149 600 24.4704
81.80149 602 24.544
81.81149 618 24.8452
81.82149 589 24.2536
81.83149 552 23.505
81.84149 661 25.7343
81.85149 587 24.2536
81.86149 588 24.2536
81.87149 573 23.9046
81.88149 541 23.2495
81.89149 588 24.2536
81.90149 601 24.544
81.91149 589 24.2536
81.92149 574 23.9732
81.93150 553 23.505
81.94149 547 23.3762
81.95149 577 24.0424
81.96149 559 23.636
81.97150 588 24.2536
81.98149 559 23.636
81.99149 609 24.6932
82.00150 612 24.7689
82.01150 610 24.6932
82.02149 596 24.3975
82.03149 578 24.0424
82.04150 616 24.8452
82.05150 555 23.5702
82.06149 559 23.636
82.07150 569 23.8366
82.08150 568 23.8366
82.09150 562 23.7023
82.10149 602 24.544
82.11150 610 24.6932
82.12150 595 24.3975
82.13150 570 23.9046
82.14149 603 24.544
82.15150 585 24.1825
82.16150 578 24.0424
82.17150 541 23.2495
82.18150 581 24.1121
82.19150 574 23.9732
82.20150 562 23.7023
82.21150 587 24.2536
82.22150 551 23.505
82.23150 567 23.8366
82.24150 567 23.8366
82.25150 589 24.2536
82.26150 563 23.7023
82.27150 574 23.9732
82.28150 561 23.7023
82.29150 581 24.1121
82.30150 534 23.1249
82.31150 542 23.2495
82.32150 588 24.2536
82.33150 538 23.1869
82.34150 567 23.8366
82.35150 564 23.7691
82.36150 589 24.2536
82.37151 601 24.544
82.38150 608 24.6932
82.39150 586 24.1825
82.40150 566 23.7691
82.41151 569 23.8366
82.42150 568 23.8366
82.43150 594 24.3975
82.44151 569 23.8366
82.45151 583 24.1121
82.46150 579 24.0424
82.47150 534 23.1249
82.48151 535 23.1249
82.49151 582 24.1121
82.50150 584 24.1825
82.51151 622 24.9222
82.52151 560 23.636
82.53151 560 23.636
82.54150 565 23.7691
82.55151 508 22.5303
82.56151 576 23.9732
82.57151 557 23.5702
82.58150 555 23.5702
82.59151 557 23.5702
82.60151 560 23.636
82.61151 548 23.4404
82.62151 547 23.3762
82.63151 589 24.2536
82.64151 534 23.1249
82.65151 536 23.1249
82.66151 539 23.1869
82.67151 569 23.8366
82.68151 559 23.636
82.69151 570 23.9046
82.70151 588 24.2536
82.71151 553 23.505
82.72151 552 23.505
82.73151 568 23.8366
82.74151 567 23.8366
82.75151 550 23.4404
82.76151 528 23.0022
82.77151 534 23.1249
82.78151 558 23.636
82.79151 562 23.7023
82.80151 568 23.8366
82.81152 541 23.2495
82.82151 552 23.505
82.83151 555 23.5702
82.84151 564 23.7691
82.85152 546 23.3762
82.86151 535 23.1249
82.87151 562 23.7023
82.88152 552 23.505
82.89152 553 23.505
82.90151 519 22.7626
82.91151 548 23.4404
82.92152 559 23.636
82.93152 511 22.5877
82.94151 521 22.8218
82.95152 578 24.0424
82.96152 528 23.0022
82.97152 514 22.6455
82.98151 517 22.7626
82.99152 540 23.2495
83.00152 511 22.5877
83.01152 486 22.0326
83.02151 543 23.3126
83.03152 522 22.8218
83.04152 516 22.7038
83.05152 520 22.8218
83.06152 496 22.2497
83.07152 514 22.6455
83.08152 526 22.9416
83.09152 522 22.8218
83.10152 542 23.2495
83.11152 533 23.0633
83.12152 537 23.1869
83.13152 494 22.2497
83.14152 504 22.4733
83.15152 556 23.5702
83.16152 543 23.3126
83.17152 523 22.8814
83.18152 560 23.636
83.19152 523 22.8814
83.20152 497 22.305
83.21152 543 23.3126
83.22152 502 22.4168
83.23152 523 22.8814
83.24152 522 22.8218
83.25153 521 22.8218
83.26152 550 23.4404
83.27152 558 23.636
83.28152 525 22.9416
83.29153 529 23.0022
83.30152 550 23.4404
83.31152 553 23.505
83.32153 552 23.505
83.33153 516 22.7038
83.34152 518 22.7626
83.35152 550 23.4404
83.36153 515 22.7038
83.37153 536 23.1249
83.38152 525 22.9416
83.39153 530 23.0022
83.40153 498 22.305
83.41153 549 23.4404
83.42152 511 22.5877
83.43153 525 22.9416
83.44153 507 22.5303
83.45153 508 22.5303
83.46152 517 22.7626
83.47153 523 22.8814
83.48153 519 22.7626
83.49153 508 22.5303
83.50153 505 22.4733
83.51153 509 22.5877
83.52153 497 22.305
83.53153 515 22.7038
83.54153 527 22.9416
83.55153 538 23.1869
83.56153 485 22.0326
83.57153 503 22.4168
83.58153 514 22.6455
83.59153 521 22.8218
83.60153 554 23.505
83.61153 523 22.8814
83.62153 456 21.3687
83.63153 541 23.2495
83.64153 519 22.7626
83.65154 524 22.8814
83.66153 550 23.4404
83.67153 523 22.8814
83.68153 519 22.7626
83.69154 501 22.3607
83.70153 536 23.1249
83.71153 502 22.4168
83.72153 528 23.0022
83.73154 547 23.3762
83.74153 519 22.7626
83.75153 511 22.5877
83.76154 518 22.7626
83.77154 492 22.1948
83.78153 498 22.305
83.79153 552 23.505
83.80154 519 22.7626
83.81154 535 23.1249
83.82153 540 23.2495
83.83154 485 22.0326
83.84154 517 22.7626
83.85154 515 22.7038
83.86153 497 22.305
83.87154 507 22.5303
83.88154 514 22.6455
83.89154 556 23.5702
83.90154 583 24.1121
83.91154 541 23.2495
83.92154 549 23.4404
83.93154 512 22.6455
83.94154 509 22.5877
83.95154 536 23.1249
83.96154 526 22.9416
83.97154 516 22.7038
83.98154 559 23.636
83.99154 545 23.3762
84.00154 548 23.4404
84.01154 535 23.1249
84.02154 526 22.9416
84.03154 549 23.4404
84.04154 549 23.4404
84.05154 576 23.9732
84.06154 503 22.4168
84.07154 525 22.9416
84.08154 504 22.4733
84.09155 533 23.0633
84.10154 551 23.505
84.11154 519 22.7626
84.12154 501 22.3607
84.13155 532 23.0633
84.14154 546 23.3762
84.15154 563 23.7023
84.16154 518 22.7626
84.17155 540 23.2495
84.18154 552 23.505
84.19154 558 23.636
84.20155 484 21.9793
84.21155 530 23.0022
84.22154 556 23.5702
84.23154 520 22.8218
84.24155 564 23.7691
84.25155 531 23.0633
84.26154 566 23.7691
84.27155 536 23.1249
84.28155 555 23.5702
84.29155 545 23.3762
84.30154 511 22.5877
84.31155 533 23.0633
84.32155 514 22.6455
84.33155 510 22.5877
84.34155 530 23.0022
84.35155 534 23.1249
84.36155 553 23.505
84.37155 562 23.7023
84.38155 495 22.2497
84.39155 516 22.7038
84.40155 563 23.7023
84.41155 528 23.0022
84.42155 519 22.7626
84.43155 527 22.9416
84.44155 515 22.7038
84.45155 538 23.1869
84.46155 566 23.7691
84.47155 552 23.505
84.48155 560 23.636
84.49155 512 22.6455
84.50155 530 23.0022
84.51155 502 22.4168
84.52155 532 23.0633
84.53156 534 23.1249
84.54155 573 23.9046
84.55155 575 23.9732
84.56155 539 23.1869
84.57156 504 22.4733
84.58155 529 23.0022
84.59155 538 23.1869
84.60155 528 23.0022
84.61156 535 23.1249
84.62155 527 22.9416
84.63155 544 23.3126
84.64156 503 22.4168
84.65156 526 22.9416
84.66155 532 23.0633
84.67155 533 23.0633
84.68156 525 22.9416
84.69156 520 22.8218
84.70155 541 23.2495
84.71156 538 23.1869
84.72156 533 23.0633
84.73156 511 22.5877
84.74155 554 23.505
84.75156 548 23.4404
84.76156 543 23.3126
84.77156 512 22.6455
84.78156 518 22.7626
84.79156 558 23.636
84.80156 517 22.7626
84.81156 519 22.7626
84.82156 551 23.505
84.83156 544 23.3126
84.84156 515 22.7038
84.85156 536 23.1249
84.86156 545 23.3762
84.87156 543 23.3126
84.88156 543 23.3126
84.89156 526 22.9416
84.90156 504 22.4733
84.91156 524 22.8814
84.92156 536 23.1249
84.93156 513 22.6455
84.94156 507 22.5303
84.95156 487 22.0863
84.96156 533 23.0633
84.97157 511 22.5877
84.98156 541 23.2495
84.99156 542 23.2495
85.00156 491 22.1404
85.01157 517 22.7626
85.02156 550 23.4404
85.03156 529 23.0022
85.04156 546 23.3762
85.05157 541 23.2495
85.06156 515 22.7038
85.07156 552 23.505
85.08157 497 22.305
85.09157 488 22.0863
85.10156 526 22.9416
85.11156 519 22.7626
85.12157 506 22.4733
85.13157 525 22.9416
85.14156 528 23.0022
85.15157 545 23.3762
85.16157 520 22.8218
85.17157 513 22.6455
85.18156 511 22.5877
85.19157 533 23.0633
85.20157 524 22.8814
85.21157 545 23.3762
85.22157 542 23.2495
85.23157 506 22.4733
85.24157 503 22.4168
85.25157 490 22.1404
85.26157 537 23.1869
85.27157 518 22.7626
85.28157 506 22.4733
85.29157 481 21.9265
85.30157 536 23.1249
85.31157 547 23.3762
85.32157 535 23.1249
85.33157 525 22.9416
85.34157 528 23.0022
85.35157 542 23.2495
85.36157 507 22.5303
85.37157 516 22.7038
85.38157 528 23.0022
85.39157 552 23.505
85.40157 588 24.2536
85.41158 548 23.4404
85.42157 522 22.8218
85.43157 533 23.0633
85.44157 555 23.5702
85.45158 552 23.505
85.46157 557 23.5702
85.47157 520 22.8218
85.48158 497 22.305
85.49158 502 22.4168
85.50157 507 22.5303
85.51157 518 22.7626
85.52158 500 22.3607
85.53158 527 22.9416
85.54157 511 22.5877
85.55157 538 23.1869
85.56158 523 22.8814
85.57158 548 23.4404
85.58157 521 22.8218
85.59158 569 23.8366
85.60158 565 23.7691
85.61158 509 22.5877
85.62157 508 22.5303
85.63158 535 23.1249
85.64158 533 23.0633
85.65158 542 23.2495
85.66158 490 22.1404
85.67158 575 23.9732
85.68158 525 22.9416
85.69158 544 23.3126
85.70158 543 23.3126
85.71158 549 23.4404
85.72158 573 23.9046
85.73158 525 22.9416
85.74158 539 23.1869
85.75158 579 24.0424
85.76158 556 23.5702
85.77158 523 22.8814
85.78158 529 23.0022
85.79158 544 23.3126
85.80158 498 22.305
85.81158 540 23.2495
85.82158 543 23.3126
85.83158 534 23.1249
85.84158 538 23.1869
85.85159 528 23.0022
85.86158 568 23.8366
85.87158 568 23.8366
85.88158 559 23.636
85.89159 535 23.1249
85.90158 566 23.7691
85.91158 570 23.9046
85.92159 547 23.3762
85.93159 565 23.7691
85.94158 602 24.544
85.95158 594 24.3975
85.96159 591 24.3252
85.97159 528 23.0022
85.98158 538 23.1869
85.99158 529 23.0022
86.00159 552 23.505
86.01159 557 23.5702
86.02158 557 23.5702
86.03159 550 23.4404
86.04159 589 24.2536
86.05159 604 24.544
86.06158 551 23.505
86.07159 612 24.7689
86.08159 560 23.636
86.09159 550 23.4404
86.10159 591 24.3252
86.11159 562 23.7023
86.12159 577 24.0424
86.13159 580 24.1121
86.14159 498 22.305
86.15159 523 22.8814
86.16159 535 23.1249
86.17159 501 22.3607
86.18159 534 23.1249
86.19159 525 22.9416
86.20159 504 22.4733
86.21159 555 23.5702
86.22159 546 23.3762
86.23159 526 22.9416
86.24159 541 23.2495
86.25159 577 24.0424
86.26159 520 22.8218
86.27159 568 23.8366
86.28159 562 23.7023
86.29160 513 22.6455
86.30159 572 23.9046
86.31159 553 23.505
86.32159 519 22.7626
86.33160 560 23.636
86.34159 560 23.636
86.35159 550 23.4404
86.36160 559 23.636
86.37160 505 22.4733
86.38159 546 23.3762
86.39159 529 23.0022
86.40160 523 22.8814
86.41160 550 23.4404
86.42159 503 22.4168
86.43159 513 22.6455
86.44160 503 22.4168
86.45160 493 22.1948
86.46159 524 22.8814
86.47160 517 22.7626
86.48160 516 22.7038
86.49160 549 23.4404
86.50159 529 23.0022
86.51160 556 23.5702
86.52160 485 22.0326
86.53160 524 22.8814
86.54160 512 22.6455
86.55160 513 22.6455
86.56160 483 21.9793
86.57160 522 22.8218
86.58160 557 23.5702
86.59160 513 22.6455
86.60160 478 21.8739
86.61160 533 23.0633
86.62160 511 22.5877
86.63160 484 21.9793
86.64160 479 21.8739
86.65160 511 22.5877
86.66160 505 22.4733
86.67160 510 22.5877
86.68160 513 22.6455
86.69160 491 22.1404
86.70160 510 22.5877
86.71160 467 21.6169
86.72160 476 21.8218
86.73161 508 22.5303
86.74160 528 23.0022
86.75160 502 22.4168
86.76160 485 22.0326
86.77161 498 22.305
86.78160 517 22.7626
86.79160 489 22.1404
86.80161 508 22.5303
86.81161 537 23.1869
86.82160 498 22.305
86.83160 524 22.8814
86.84161 510 22.5877
86.85161 519 22.7626
86.86160 529 23.0022
86.87160 557 23.5702
86.88161 492 22.1948
86.89161 543 23.3126
86.90160 514 22.6455
86.91161 505 22.4733
86.92161 574 23.9732
86.93161 516 22.7038
86.94160 511 22.5877
86.95161 524 22.8814
86.96161 483 21.9793
86.97161 544 23.3126
86.98161 544 23.3126
86.99161 519 22.7626
87.00161 518 22.7626
87.01161 517 22.7626
87.02161 568 23.8366
87.03161 503 22.4168
87.04161 524 22.8814
87.05161 492 22.1948
87.06161 529 23.0022
87.07161 522 22.8218
87.08161 526 22.9416
87.09161 509 22.5877
87.10161 530 23.0022
87.11161 524 22.8814
87.12161 520 22.8218
87.13161 540 23.2495
87.14161 535 23.1249
87.15161 494 22.2497
87.16161 506 22.4733
87.17162 529 23.0022
87.18161 532 23.0633
87.19161 559 23.636
87.20161 524 22.8814
87.21162 546 23.3762
87.22161 553 23.505
87.23161 526 22.9416
87.24162 520 22.8218
87.25162 558 23.636
87.26161 528 23.0022
87.27161 555 23.5702
87.28162 546 23.3762
87.29162 574 23.9732
87.30161 522 22.8218
87.31161 519 22.7626
87.32162 575 23.9732
87.33162 581 24.1121
87.34161 569 23.8366
87.35162 529 23.0022
87.36162 513 22.6455
87.37162 504 22.4733
87.38161 525 22.9416
87.39162 511 22.5877
87.40162 511 22.5877
87.41162 526 22.9416
87.42162 540 23.2495
87.43162 497 22.305
87.44162 554 23.505
87.45162 573 23.9046
87.46162 530 23.0022
87.47162 519 22.7626
87.48162 561 23.7023
87.49162 516 22.7038
87.50162 521 22.8218
87.51162 554 23.505
87.52162 558 23.636
87.53162 531 23.0633
87.54162 500 22.3607
87.55162 520 22.8218
87.56162 528 23.0022
87.57162 533 23.0633
87.58162 523 22.8814
87.59162 557 23.5702
87.60162 537 23.1869
87.61163 539 23.1869
87.62162 515 22.7038
87.63162 529 23.0022
87.64162 534 23.1249
87.65163 536 23.1249
87.66162 542 23.2495
87.67162 600 24.4704
87.68163 531 23.0633
87.69163 562 23.7023
87.70162 562 23.7023
87.71162 506 22.4733
87.72163 501 22.3607
87.73163 503 22.4168
87.74162 530 23.0022
87.75163 508 22.5303
87.76163 508 22.5303
87.77163 506 22.4733
87.78162 528 23.0022
87.79163 546 23.3762
87.80163 545 23.3762
87.81163 506 22.4733
87.82162 505 22.4733
87.83163 533 23.0633
87.84163 488 22.0863
87.85163 540 23.2495
87.86163 527 22.9416
87.87163 510 22.5877
87.88163 487 22.0863
87.89163 522 22.8218
87.90163 501 22.3607
87.91163 523 22.8814
87.92163 550 23.4404
87.93163 510 22.5877
87.94163 490 22.1404
87.95163 539 23.1869
87.96163 539 23.1869
87.97163 520 22.8218
87.98163 560 23.636
87.99163 566 23.7691
88.00163 513 22.6455
88.01163 503 22.4168
88.02163 511 22.5877
88.03163 505 22.4733
88.04163 553 23.505
88.05164 508 22.5303
88.06163 542 23.2495
88.07163 521 22.8218
88.08163 519 22.7626
88.09164 533 23.0633
88.10163 562 23.7023
88.11163 513 22.6455
88.12164 551 23.505
88.13164 546 23.3762
88.14163 526 22.9416
88.15163 563 23.7023
88.16164 525 22.9416
88.17164 540 23.2495
88.18163 511 22.5877
88.19164 573 23.9046
88.20164 562 23.7023
88.21164 542 23.2495
88.22163 549 23.4404
88.23164 521 22.8218
88.24164 523 22.8814
88.25164 527 22.9416
88.26163 539 23.1869
88.27164 552 23.505
88.28164 498 22.305
88.29164 481 21.9265
88.30164 545 23.3762
88.31164 545 23.3762
88.32164 519 22.7626
88.33164 497 22.305
88.34164 511 22.5877
88.35164 526 22.9416
88.36164 510 22.5877
88.37164 529 23.0022
88.38164 555 23.5702
88.39164 534 23.1249
88.40164 517 22.7626
88.41164 475 21.77
88.42164 519 22.7626
88.43164 491 22.1404
88.44164 516 22.7038
88.45164 504 22.4733
88.46164 492 22.1948
88.47164 478 21.8739
88.48164 488 22.0863
88.49165 527 22.9416
88.50164 531 23.0633
88.51164 532 23.0633
88.52164 527 22.9416
88.53165 522 22.8218
88.54164 520 22.8218
88.55164 549 23.4404
88.56165 516 22.7038
88.57165 520 22.8218
88.58164 526 22.9416
88.59164 550 23.4404
88.60165 528 23.0022
88.61165 565 23.7691
88.62164 512 22.6455
88.63165 516 22.7038
88.64165 555 23.5702
88.65165 564 23.7691
88.66164 476 21.8218
88.67165 507 22.5303
88.68165 511 22.5877
88.69165 514 22.6455
88.70164 508 22.5303
88.71165 520 22.8218
88.72165 572 23.9046
88.73165 546 23.3762
88.74165 545 23.3762
88.75165 508 22.5303
88.76165 520 22.8218
88.77165 523 22.8814
88.78165 543 23.3126
88.79165 502 22.4168
88.80165 535 23.1249
88.81165 484 21.9793
88.82165 505 22.4733
88.83165 524 22.8814
88.84165 509 22.5877
88.85165 570 23.9046
88.86165 535 23.1249
88.87165 532 23.0633
88.88165 559 23.636
88.89165 536 23.1249
88.90165 518 22.7626
88.91165 486 22.0326
88.92165 530 23.0022
88.93166 531 23.0633
88.94165 510 22.5877
88.95165 529 23.0022
88.96165 542 23.2495
88.97166 522 22.8218
88.98165 499 22.3607
88.99165 554 23.505
89.00166 516 22.7038
89.01166 544 23.3126
89.02165 520 22.8218
89.03165 517 22.7626
89.04166 541 23.2495
89.05166 549 23.4404
89.06165 537 23.1869
89.07166 504 22.4733
89.08166 513 22.6455
89.09166 513 22.6455
89.10165 495 22.2497
89.11166 553 23.505
89.12166 561 23.7023
89.13166 521 22.8218
89.14165 521 22.8218
89.15166 542 23.2495
89.16166 482 21.9793
89.17166 511 22.5877
89.18166 500 22.3607
89.19166 495 22.2497
89.20166 498 22.305
89.21166 492 22.1948
89.22166 505 22.4733
89.23166 472 21.7186
89.24166 466 21.5666
89.25166 481 21.9265
89.26166 493 22.1948
89.27166 512 22.6455
89.28166 481 21.9265
89.29166 504 22.4733
89.30166 481 21.9265
89.31166 490 22.1404
89.32166 513 22.6455
89.33167 442 21.0352
89.34166 513 22.6455
89.35166 514 22.6455
89.36166 497 22.305
89.37167 518 22.7626
89.38166 517 22.7626
89.39166 486 22.0326
89.40166 475 21.77
89.41167 521 22.8218
89.42166 506 22.4733
89.43166 522 22.8218
89.44167 538 23.1869
89.45167 538 23.1869
89.46166 515 22.7038
89.47166 525 22.9416
89.48167 484 21.9793
89.49167 551 23.505
89.50166 551 23.505
89.51167 516 22.7038
89.52167 537 23.1869
89.53167 482 21.9793
89.54166 508 22.5303
89.55167 505 22.4733
89.56167 515 22.7038
89.57167 494 22.2497
89.58167 524 22.8814
89.59167 496 22.2497
89.60167 473 21.77
89.61167 514 22.6455
89.62167 533 23.0633
89.63167 482 21.9793
89.64167 497 22.305
89.65167 503 22.4168
89.66167 542 23.2495
89.67167 525 22.9416
89.68167 499 22.3607
89.69167 514 22.6455
89.70167 512 22.6455
89.71167 500 22.3607
89.72167 537 23.1869
89.73167 516 22.7038
89.74167 518 22.7626
89.75167 523 22.8814
89.76167 509 22.5877
89.77168 524 22.8814
89.78167 547 23.3762
89.79167 529 23.0022
89.80167 527 22.9416
89.81168 514 22.6455
89.82167 553 23.505
89.83167 513 22.6455
89.84167 513 22.6455
89.85168 569 23.8366
89.86167 509 22.5877
89.87167 507 22.5303
89.88168 510 22.5877
89.89168 534 23.1249
89.90167 529 23.0022
89.91167 507 22.5303
89.92168 495 22.2497
89.93168 505 22.4733
89.94167 487 22.0863
89.95168 522 22.8218
89.96168 501 22.3607
89.97168 509 22.5877
89.98167 498 22.305
89.99168 518 22.7626
90.00168 503 22.4168
90.01168 475 21.77
90.02168 495 22.2497
90.03168 501 22.3607
90.04168 485 22.0326
90.05168 514 22.6455
90.06168 509 22.5877
90.07168 491 22.1404
90.08168 480 21.9265
90.09168 494 22.2497
90.10168 490 22.1404
90.11168 487 22.0863
90.12168 507 22.5303
90.13168 526 22.9416
90.14168 500 22.3607
90.15168 518 22.7626
90.16168 475 21.77
90.17168 491 22.1404
90.18168 499 22.3607
90.19168 523 22.8814
90.20168 469 21.6676
90.21169 465 21.5666
90.22168 466 21.5666
90.23168 491 22.1404
90.24168 518 22.7626
90.25169 499 22.3607
90.26168 486 22.0326
90.27168 501 22.3607
90.28168 528 23.0022
90.29169 494 22.2497
90.30168 513 22.6455
90.31168 459 21.4176
90.32169 537 23.1869
90.33169 511 22.5877
90.34168 494 22.2497
90.35168 505 22.4733
90.36169 477 21.8218
90.37169 512 22.6455
90.38168 480 21.9265
90.39169 495 22.2497
90.40169 506 22.4733
90.41169 507 22.5303
90.42168 529 23.0022
90.43169 498 22.305
90.44169 487 22.0863
90.45169 505 22.4733
90.46169 481 21.9265
90.47169 496 22.2497
90.48169 552 23.505
90.49169 531 23.0633
90.50169 516 22.7038
90.51169 497 22.305
90.52169 496 22.2497
90.53169 471 21.7186
90.54169 478 21.8739
90.55169 538 23.1869
90.56169 515 22.7038
90.57169 478 21.8739
90.58169 501 22.3607
90.59169 511 22.5877
90.60169 496 22.2497
90.61169 507 22.5303
90.62169 516 22.7038
90.63169 527 22.9416
90.64169 484 21.9793
90.65170 494 22.2497
90.66169 505 22.4733
90.67169 487 22.0863
90.68169 493 22.1948
90.69170 515 22.7038
90.70169 482 21.9793
90.71169 490 22.1404
90.72169 450 21.2238
90.73170 479 21.8739
90.74169 504 22.4733
90.75169 514 22.6455
90.76170 499 22.3607
90.77170 476 21.8218
90.78169 525 22.9416
90.79169 488 22.0863
90.80170 474 21.77
90.81170 493 22.1948
90.82169 527 22.9416
90.83170 482 21.9793
90.84170 497 22.305
90.85170 461 21.4669
90.86169 475 21.77
90.87170 490 22.1404
90.88170 479 21.8739
90.89170 499 22.3607
90.90170 520 22.8218
90.91170 469 21.6676
90.92170 486 22.0326
90.93170 499 22.3607
90.94170 521 22.8218
90.95170 506 22.4733
90.96170 481 21.9265
90.97170 488 22.0863
90.98170 483 21.9793
90.99170 475 21.77
91.00170 486 22.0326
91.01170 514 22.6455
91.02170 495 22.2497
91.03170 461 21.4669
91.04170 484 21.9793
91.05170 525 22.9416
91.06170 478 21.8739
91.07170 491 22.1404
91.08170 490 22.1404
91.09171 492 22.1948
91.10170 487 22.0863
91.11170 506 22.4733
91.12170 529 23.0022
91.13171 510 22.5877
91.14170 487 22.0863
91.15170 487 22.0863
91.16171 445 21.0819
91.17171 480 21.9265
91.18170 515 22.7038
91.19170 514 22.6455
91.20171 484 21.9793
91.21171 517 22.7626
91.22170 518 22.7626
91.23170 462 21.5166
91.24171 545 23.3762
91.25171 483 21.9793
91.26170 525 22.9416
91.27171 523 22.8814
91.28171 535 23.1249
91.29171 449 21.1762
91.30170 479 21.8739
91.31171 529 23.0022
91.32171 494 22.2497
91.33171 510 22.5877
91.34171 525 22.9416
91.35171 512 22.6455
91.36171 515 22.7038
91.37171 478 21.8739
91.38171 499 22.3607
91.39171 473 21.77
91.40171 482 21.9793
91.41171 462 21.5166
91.42171 532 23.0633
91.43171 503 22.4168
91.44171 522 22.8218
91.45171 488 22.0863
91.46171 487 22.0863
91.47171 484 21.9793
91.48171 475 21.77
91.49171 506 22.4733
91.50171 503 22.4168
91.51171 499 22.3607
91.52171 516 22.7038
91.53172 521 22.8218
91.54171 511 22.5877
91.55171 459 21.4176
91.56171 499 22.3607
91.57172 516 22.7038
91.58171 520 22.8218
91.59171 495 22.2497
91.60172 474 21.77
91.61172 501 22.3607
91.62171 520 22.8218
91.63171 497 22.305
91.64172 526 22.9416
91.65172 524 22.8814
91.66171 464 21.5166
91.67171 472 21.7186
91.68172 500 22.3607
91.69172 504 22.4733
91.70171 510 22.5877
91.71172 503 22.4168
91.72172 494 22.2497
91.73172 551 23.505
91.74171 516 22.7038
91.75172 513 22.6455
91.76172 488 22.0863
91.77172 482 21.9793
91.78172 499 22.3607
91.79172 521 22.8218
91.80172 486 22.0326
91.81172 528 23.0022
91.82172 540 23.2495
91.83172 475 21.77
91.84172 490 22.1404
91.85172 447 21.1289
91.86172 497 22.305
91.87172 523 22.8814
91.88172 486 22.0326
91.89172 501 22.3607
91.90172 466 21.5666
91.91172 511 22.5877
91.92172 498 22.305
91.93172 508 22.5303
91.94172 515 22.7038
91.95172 463 21.5166
91.96172 463 21.5166
91.97173 452 21.2718
91.98172 473 21.77
91.99172 456 21.3687
92.00172 477 21.8218
92.01173 499 22.3607
92.02172 468 21.6169
92.03172 483 21.9793
92.04173 501 22.3607
92.05173 499 22.3607
92.06172 450 21.2238
92.07172 491 22.1404
92.08173 476 21.8218
92.09173 455 21.3201
92.10172 464 21.5166
92.11172 482 21.9793
92.12173 475 21.77
92.13173 438 20.9427
92.14172 510 22.5877
92.15173 508 22.5303
92.16173 478 21.8739
92.17173 489 22.1404
92.18172 501 22.3607
92.19173 507 22.5303
92.20173 470 21.6676
92.21173 486 22.0326
92.22173 454 21.3201
92.23173 459 21.4176
92.24173 476 21.8218
92.25173 487 22.0863
92.26173 479 21.8739
92.27173 453 21.2718
92.28173 463 21.5166
92.29173 494 22.2497
92.30173 460 21.4669
92.31173 474 21.77
92.32173 474 21.77
92.33173 424 20.5847
92.34173 440 20.9888
92.35173 492 22.1948
92.36173 471 21.7186
92.37173 458 21.4176
92.38173 480 21.9265
92.39173 476 21.8218
92.40173 458 21.4176
92.41174 460 21.4669
92.42173 484 21.9793
92.43173 442 21.0352
92.44173 449 21.1762
92.45174 461 21.4669
92.46173 502 22.4168
92.47173 475 21.77
92.48174 485 22.0326
92.49174 499 22.3607
92.50173 498 22.305
92.51173 466 21.5666
92.52174 492 22.1948
92.53174 499 22.3607
92.54173 495 22.2497
92.55173 462 21.5166
92.56174 476 21.8218
92.57174 451 21.2238
92.58173 490 22.1404
92.59174 519 22.7626
92.60174 502 22.4168
92.61174 502 22.4168
92.62173 502 22.4168
92.63174 505 22.4733
92.64174 471 21.7186
92.65174 494 22.2497
92.66174 489 22.1404
92.67174 497 22.305
92.68174 477 21.8218
92.69174 484 21.9793
92.70174 484 21.9793
92.71174 477 21.8218
92.72174 508 22.5303
92.73174 491 22.1404
92.74174 519 22.7626
92.75174 476 21.8218
92.76174 482 21.9793
92.77174 484 21.9793
92.78174 511 22.5877
92.79174 503 22.4168
92.80174 488 22.0863
92.81174 498 22.305
92.82174 516 22.7038
92.83174 510 22.5877
92.84174 562 23.7023
92.85175 523 22.8814
92.86174 455 21.3201
92.87174 508 22.5303
92.88174 504 22.4733
92.89175 475 21.77
92.90174 478 21.8739
92.91174 494 22.2497
92.92175 498 22.305
92.93175 451 21.2238
92.94174 464 21.5166
92.95174 504 22.4733
92.96175 458 21.4176
92.97175 498 22.305
92.98174 467 21.6169
92.99174 502 22.4168
93.00175 489 22.1404
93.01175 491 22.1404
93.02174 499 22.3607
93.03175 516 22.7038
93.04175 497 22.305
93.05175 499 22.3607
93.06174 509 22.5877
93.07175 534 23.1249
93.08175 490 22.1404
93.09175 501 22.3607
93.10175 535 23.1249
93.11175 521 22.8218
93.12175 450 21.2238
93.13175 488 22.0863
93.14175 482 21.9793
93.15175 520 22.8218
93.16175 486 22.0326
93.17175 510 22.5877
93.18175 485 22.0326
93.19175 515 22.7038
93.20175 471 21.7186
93.21175 517 22.7626
93.22175 496 22.2497
93.23175 489 22.1404
93.24175 524 22.8814
93.25175 469 21.6676
93.26175 505 22.4733
93.27175 480 21.9265
93.28175 482 21.9793
93.29176 512 22.6455
93.30175 459 21.4176
93.31175 492 22.1948
93.32175 486 22.0326
93.33176 497 22.305
93.34175 476 21.8218
93.35175 479 21.8739
93.36176 514 22.6455
93.37176 483 21.9793
93.38175 476 21.8218
93.39175 453 21.2718
93.40176 469 21.6676
93.41176 484 21.9793
93.42175 533 23.0633
93.43176 472 21.7186
93.44176 455 21.3201
93.45176 504 22.4733
93.46175 468 21.6169
93.47176 488 22.0863
93.48176 499 22.3607
93.49176 501 22.3607
93.50175 502 22.4168
93.51176 495 22.2497
93.52176 504 22.4733
93.53176 498 22.305
93.54176 497 22.305
93.55176 490 22.1404
93.56176 495 22.2497
93.57176 473 21.77
93.58176 502 22.4168
93.59176 464 21.5166
93.60176 466 21.5666
93.61176 509 22.5877
93.62176 475 21.77
93.63176 488 22.0863
93.64176 506 22.4733
93.65176 509 22.5877
93.66176 468 21.6169
93.67176 487 22.0863
93.68176 458 21.4176
93.69176 495 22.2497
93.70176 476 21.8218
93.71176 471 21.7186
93.72176 456 21.3687
93.73177 525 22.9416
93.74176 504 22.4733
93.75176 512 22.6455
93.76176 520 22.8218
93.77177 491 22.1404
93.78176 492 22.1948
93.79176 547 23.3762
93.80177 491 22.1404
93.81177 449 21.1762
93.82176 498 22.305
93.83176 513 22.6455
93.84177 471 21.7186
93.85177 508 22.5303
93.86176 490 22.1404
93.87177 483 21.9793
93.88177 513 22.6455
93.89177 518 22.7626
93.90176 511 22.5877
93.91177 494 22.2497
93.92177 471 21.7186
93.93177 467 21.6169
93.94176 515 22.7038
93.95177 519 22.7626
93.96177 497 22.305
93.97177 521 22.8218
93.98177 494 22.2497
93.99177 495 22.2497
94.00177 495 22.2497
94.01177 509 22.5877
94.02177 455 21.3201
94.03177 478 21.8739
94.04177 490 22.1404
94.05177 489 22.1404
94.06177 486 22.0326
94.07177 439 20.9427
94.08177 468 21.6169
94.09177 497 22.305
94.10177 484 21.9793
94.11177 490 22.1404
94.12177 467 21.6169
94.13177 445 21.0819
94.14177 462 21.5166
94.15177 472 21.7186
94.16177 452 21.2718
94.17178 482 21.9793
94.18177 477 21.8218
94.19177 492 22.1948
94.20177 465 21.5666
94.21178 450 21.2238
94.22177 482 21.9793
94.23177 485 22.0326
94.24178 486 22.0326
94.25178 516 22.7038
94.26177 488 22.0863
94.27177 506 22.4733
94.28178 482 21.9793
94.29178 471 21.7186
94.30177 495 22.2497
94.31178 459 21.4176
94.32178 485 22.0326
94.33178 453 21.2718
94.34177 449 21.1762
94.35178 452 21.2718
94.36178 467 21.6169
94.37178 480 21.9265
94.38177 481 21.9265
94.39178 471 21.7186
94.40178 453 21.2718
94.41178 474 21.77
94.42178 467 21.6169
94.43178 471 21.7186
94.44178 502 22.4168
94.45178 500 22.3607
94.46178 473 21.77
94.47178 481 21.9265
94.48178 476 21.8218
94.49178 457 21.3687
94.50178 479 21.8739
94.51178 472 21.7186
94.52178 483 21.9793
94.53178 471 21.7186
94.54178 473 21.77
94.55178 473 21.77
94.56178 464 21.5166
94.57178 461 21.4669
94.58178 476 21.8218
94.59178 485 22.0326
94.60178 495 22.2497
94.61179 479 21.8739
94.62178 469 21.6676
94.63178 467 21.6169
94.64178 449 21.1762
94.65179 463 21.5166
94.66178 487 22.0863
94.67178 477 21.8218
94.68179 458 21.4176
94.69179 497 22.305
94.70178 494 22.2497
94.71178 453 21.2718
94.72179 466 21.5666
94.73179 482 21.9793
94.74178 480 21.9265
94.75179 475 21.77
94.76179 492 22.1948
94.77179 455 21.3201
94.78178 479 21.8739
94.79179 495 22.2497
94.80179 456 21.3687
94.81179 496 22.2497
94.82178 472 21.7186
94.83179 467 21.6169
94.84179 479 21.8739
94.85179 469 21.6676
94.86179 466 21.5666
94.87179 490 22.1404
94.88179 478 21.8739
94.89179 489 22.1404
94.90179 477 21.8218
94.91179 433 20.8063
94.92179 495 22.2497
94.93179 501 22.3607
94.94179 489 22.1404
94.95179 472 21.7186
94.96179 471 21.7186
94.97179 515 22.7038
94.98179 521 22.8218
94.99179 515 22.7038
95.00179 468 21.6169
95.01180 489 22.1404
95.02179 515 22.7038
95.03179 455 21.3201
95.04179 460 21.4669
95.05180 514 22.6455
95.06179 497 22.305
95.07179 442 21.0352
95.08179 504 22.4733
95.09180 502 22.4168
95.10179 460 21.4669
95.11179 471 21.7186
95.12180 485 22.0326
95.13180 477 21.8218
95.14179 480 21.9265
95.15179 498 22.305
95.16180 438 20.9427
95.17180 474 21.77
95.18179 479 21.8739
95.19180 483 21.9793
95.20180 469 21.6676
95.21180 498 22.305
95.22179 482 21.9793
95.23180 486 22.0326
95.24180 473 21.77
95.25180 444 21.0819
95.26180 440 20.9888
95.27180 490 22.1404
95.28180 472 21.7186
95.29180 464 21.5166
95.30180 484 21.9793
95.31180 467 21.6169
95.32180 474 21.77
95.33180 469 21.6676
95.34180 465 21.5666
95.35180 484 21.9793
95.36180 453 21.2718
95.37180 460 21.4669
95.38180 455 21.3201
95.39180 492 22.1948
95.40180 467 21.6169
95.41180 477 21.8218
95.42180 471 21.7186
95.43180 446 21.1289
95.44180 466 21.5666
95.45181 463 21.5166
95.46180 467 21.6169
95.47180 489 22.1404
95.48180 482 21.9793
95.49181 501 22.3607
95.50180 484 21.9793
95.51180 476 21.8218
95.52180 494 22.2497
95.53181 472 21.7186
95.54180 458 21.4176
95.55180 454 21.3201
95.56181 482 21.9793
95.57181 480 21.9265
95.58180 468 21.6169
95.59180 474 21.77
95.60181 449 21.1762
95.61181 477 21.8218
95.62180 458 21.4176
95.63181 435 20.8514
95.64181 464 21.5166
95.65181 492 22.1948
95.66180 516 22.7038
95.67181 481 21.9265
95.68181 457 21.3687
95.69181 480 21.9265
95.70181 494 22.2497
95.71181 510 22.5877
95.72181 492 22.1948
95.73181 493 22.1948
95.74181 480 21.9265
95.75181 473 21.77
95.76181 501 22.3607
95.77181 485 22.0326
95.78181 510 22.5877
95.79181 481 21.9265
95.80181 453 21.2718
95.81181 483 21.9793
95.82181 459 21.4176
95.83181 459 21.4176
95.84181 480 21.9265
95.85181 468 21.6169
95.86181 498 22.305
95.87181 492 22.1948
95.88181 525 22.9416
95.89182 497 22.305
95.90181 487 22.0863
95.91181 498 22.305
95.92181 515 22.7038
95.93182 476 21.8218
95.94181 492 22.1948
95.95181 467 21.6169
95.96181 478 21.8739
95.97182 431 20.7614
95.98181 443 21.0352
95.99181 479 21.8739
96.00182 479 21.8739
96.01182 480 21.9265
96.02181 497 22.305
96.03181 461 21.4669
96.04182 491 22.1404
96.05182 490 22.1404
96.06181 452 21.2718
96.07182 497 22.305
96.08182 492 22.1948
96.09182 523 22.8814
96.10181 483 21.9793
96.11182 470 21.6676
96.12182 467 21.6169
96.13182 476 21.8218
96.14182 496 22.2497
96.15182 503 22.4168
96.16182 493 22.1948
96.17182 471 21.7186
96.18182 488 22.0863
96.19182 464 21.5166
96.20182 458 21.4176
96.21182 466 21.5666
96.22182 486 22.0326
96.23182 487 22.0863
96.24182 492 22.1948
96.25182 509 22.5877
96.26182 504 22.4733
96.27182 479 21.8739
96.28182 486 22.0326
96.29182 492 22.1948
96.30182 504 22.4733
96.31182 469 21.6676
96.32182 480 21.9265
96.33183 469 21.6676
96.34182 494 22.2497
96.35182 475 21.77
96.36182 452 21.2718
96.37183 477 21.8218
96.38182 467 21.6169
96.39182 499 22.3607
96.40182 471 21.7186
96.41183 460 21.4669
96.42182 533 23.0633
96.43182 489 22.1404
96.44183 470 21.6676
96.45183 483 21.9793
96.46182 475 21.77
96.47182 493 22.1948
96.48183 505 22.4733
96.49183 473 21.77
96.50182 484 21.9793
96.51183 509 22.5877
96.52183 476 21.8218
96.53183 524 22.8814
96.54182 478 21.8739
96.55183 474 21.77
96.56183 513 22.6455
96.57183 492 22.1948
96.58183 520 22.8218
96.59183 477 21.8218
96.60183 485 22.0326
96.61183 492 22.1948
96.62183 466 21.5666
96.63183 475 21.77
96.64183 494 22.2497
96.65183 466 21.5666
96.66183 474 21.77
96.67183 515 22.7038
96.68183 478 21.8739
96.69183 503 22.4168
96.70183 509 22.5877
96.71183 503 22.4168
96.72183 519 22.7626
96.73183 503 22.4168
96.74183 510 22.5877
96.75183 511 22.5877
96.76183 482 21.9793
96.77184 529 23.0022
96.78183 555 23.5702
96.79183 510 22.5877
96.80183 491 22.1404
96.81184 516 22.7038
96.82183 496 22.2497
96.83183 509 22.5877
96.84184 512 22.6455
96.85184 553 23.505
96.86183 489 22.1404
96.87183 501 22.3607
96.88184 467 21.6169
96.89184 464 21.5166
96.90183 488 22.0863
96.91183 514 22.6455
96.92184 510 22.5877
96.93184 507 22.5303
96.94183 512 22.6455
96.95184 492 22.1948
96.96184 465 21.5666
96.97184 454 21.3201
96.98183 510 22.5877
96.99184 507 22.5303
97.00184 457 21.3687
97.01184 503 22.4168
97.02184 488 22.0863
97.03184 515 22.7038
97.04184 478 21.8739
97.05184 511 22.5877
97.06184 524 22.8814
97.07184 486 22.0326
97.08184 453 21.2718
97.09184 505 22.4733
97.10184 514 22.6455
97.11184 564 23.7691
97.12184 509 22.5877
97.13184 491 22.1404
97.14184 502 22.4168
97.15184 501 22.3607
97.16184 498 22.305
97.17184 495 22.2497
97.18184 493 22.1948
97.19184 518 22.7626
97.20184 470 21.6676
97.21185 476 21.8218
97.22184 514 22.6455
97.23184 488 22.0863
97.24184 487 22.0863
97.25185 502 22.4168
97.26184 494 22.2497
97.27184 487 22.0863
97.28185 472 21.7186
97.29185 462 21.5166
97.30184 497 22.305
97.31184 480 21.9265
97.32185 471 21.7186
97.33185 468 21.6169
97.34184 487 22.0863
97.35184 495 22.2497
97.36185 524 22.8814
97.37185 477 21.8218
97.38184 511 22.5877
97.39185 505 22.4733
97.40185 532 23.0633
97.41185 513 22.6455
97.42184 501 22.3607
97.43185 463 21.5166
97.44185 464 21.5166
97.45185 490 22.1404
97.46185 486 22.0326
97.47185 455 21.3201
97.48185 486 22.0326
97.49185 537 23.1869
97.50185 482 21.9793
97.51185 463 21.5166
97.52185 503 22.4168
97.53185 498 22.305
97.54185 491 22.1404
97.55185 525 22.9416
97.56185 474 21.77
97.57185 513 22.6455
97.58185 479 21.8739
97.59185 508 22.5303
97.60185 488 22.0863
97.61185 461 21.4669
97.62185 523 22.8814
97.63185 484 21.9793
97.64185 453 21.2718
97.65186 474 21.77
97.66185 472 21.7186
97.67185 462 21.5166
97.68185 433 20.8063
97.69186 438 20.9427
97.70185 498 22.305
97.71185 485 22.0326
97.72186 456 21.3687
97.73186 491 22.1404
97.74185 462 21.5166
97.75185 478 21.8739
97.76186 487 22.0863
97.77186 449 21.1762
97.78185 491 22.1404
97.79185 477 21.8218
97.80186 463 21.5166
97.81186 498 22.305
97.82185 496 22.2497
97.83186 485 22.0326
97.84186 459 21.4176
97.85186 531 23.0633
97.86185 490 22.1404
97.87186 485 22.0326
97.88186 454 21.3201
97.89186 494 22.2497
97.90186 514 22.6455
97.91186 495 22.2497
97.92186 474 21.77
97.93186 497 22.305
97.94186 507 22.5303
97.95186 521 22.8218
97.96186 481 21.9265
97.97186 525 22.9416
97.98186 510 22.5877
97.99186 500 22.3607
98.00186 486 22.0326
98.01186 497 22.305
98.02186 496 22.2497
98.03186 471 21.7186
98.04186 493 22.1948
98.05186 491 22.1404
98.06186 482 21.9793
98.07186 507 22.5303
98.08186 524 22.8814
98.09187 525 22.9416
98.10186 502 22.4168
98.11186 471 21.7186
98.12186 494 22.2497
98.13187 478 21.8739
98.14186 518 22.7626
98.15186 537 23.1869
98.16187 500 22.3607
98.17187 484 21.9793
98.18186 455 21.3201
98.19186 467 21.6169
98.20187 482 21.9793
98.21187 496 22.2497
98.22186 488 22.0863
98.23186 465 21.5666
98.24187 466 21.5666
98.25187 458 21.4176
98.26186 454 21.3201
98.27187 467 21.6169
98.28187 462 21.5166
98.29187 491 22.1404
98.30186 503 22.4168
98.31187 472 21.7186
98.32187 465 21.5666
98.33187 489 22.1404
98.34187 459 21.4176
98.35187 500 22.3607
98.36187 473 21.77
98.37187 507 22.5303
98.38187 478 21.8739
98.39187 444 21.0819
98.40187 468 21.6169
98.41187 469 21.6676
98.42187 491 22.1404
98.43187 473 21.77
98.44187 505 22.4733
98.45187 520 22.8218
98.46187 511 22.5877
98.47187 486 22.0326
98.48187 457 21.3687
98.49187 443 21.0352
98.50187 527 22.9416
98.51187 471 21.7186
98.52187 477 21.8218
98.53188 482 21.9793
98.54187 478 21.8739
98.55187 465 21.5666
98.56187 466 21.5666
98.57188 460 21.4669
98.58187 498 22.305
98.59187 472 21.7186
98.60188 473 21.77
98.61188 490 22.1404
98.62187 525 22.9416
98.63187 475 21.77
98.64188 491 22.1404
98.65188 514 22.6455
98.66187 498 22.305
98.67188 463 21.5166
98.68188 479 21.8739
98.69188 515 22.7038
98.70187 469 21.6676
98.71188 484 21.9793
98.72188 521 22.8218
98.73188 473 21.77
98.74187 474 21.77
98.75188 487 22.0863
98.76188 486 22.0326
98.77188 490 22.1404
98.78188 488 22.0863
98.79188 507 22.5303
98.80188 497 22.305
98.81188 533 23.0633
98.82188 502 22.4168
98.83188 505 22.4733
98.84188 487 22.0863
98.85188 499 22.3607
98.86188 472 21.7186
98.87188 499 22.3607
98.88188 514 22.6455
98.89188 504 22.4733
98.90188 516 22.7038
98.91188 495 22.2497
98.92188 522 22.8218
98.93188 476 21.8218
98.94188 516 22.7038
98.95188 469 21.6676
98.96188 489 22.1404
98.97189 474 21.77
98.98188 503 22.4168
98.99188 478 21.8739
99.00188 465 21.5666
99.01189 492 22.1948
99.02188 446 21.1289
99.03188 434 20.8514
99.04189 456 21.3687
99.05189 490 22.1404
99.06188 460 21.4669
99.07188 479 21.8739
99.08189 508 22.5303
99.09189 480 21.9265
99.10188 536 23.1249
99.11189 507 22.5303
99.12189 497 22.305
99.13189 457 21.3687
99.14188 454 21.3201
99.15189 504 22.4733
99.16189 505 22.4733
99.17189 457 21.3687
99.18188 532 23.0633
99.19189 503 22.4168
99.20189 488 22.0863
99.21189 489 22.1404
99.22189 471 21.7186
99.23189 456 21.3687
99.24189 458 21.4176
99.25189 493 22.1948
99.26189 465 21.5666
99.27189 524 22.8814
99.28189 507 22.5303
99.29189 515 22.7038
99.30189 543 23.3126
99.31189 495 22.2497
99.32189 472 21.7186
99.33189 470 21.6676
99.34189 467 21.6169
99.35189 533 23.0633
99.36189 488 22.0863
99.37189 457 21.3687
99.38189 496 22.2497
99.39189 492 22.1948
99.40189 467 21.6169
99.41190 524 22.8814
99.42189 533 23.0633
99.43189 484 21.9793
99.44189 487 22.0863
99.45190 501 22.3607
99.46189 518 22.7626
99.47189 454 21.3201
99.48190 494 22.2497
99.49190 469 21.6676
99.50189 454 21.3201
99.51189 497 22.305
99.52190 476 21.8218
99.53190 496 22.2497
99.54189 477 21.8218
99.55190 462 21.5166
99.56190 501 22.3607
99.57190 472 21.7186
99.58189 437 20.8969
99.59190 490 22.1404
99.60190 502 22.4168
99.61190 505 22.4733
99.62189 513 22.6455
99.63190 522 22.8218
99.64190 511 22.5877
99.65190 480 21.9265
99.66190 464 21.5166
99.67190 495 22.2497
99.68190 481 21.9265
99.69190 484 21.9793
99.70190 501 22.3607
99.71190 480 21.9265
99.72190 515 22.7038
99.73190 472 21.7186
99.74190 484 21.9793
99.75190 509 22.5877
99.76190 509 22.5877
99.77190 476 21.8218
99.78190 474 21.77
99.79190 474 21.77
99.80190 480 21.9265
99.81190 475 21.77
99.82190 469 21.6676
99.83190 462 21.5166
99.84190 480 21.9265
99.85191 489 22.1404
99.86190 487 22.0863
99.87190 481 21.9265
99.88190 479 21.8739
99.89191 470 21.6676
99.90190 505 22.4733
99.91190 489 22.1404
99.92191 517 22.7626
99.93191 473 21.77
99.94190 453 21.2718
99.95190 511 22.5877
99.96191 488 22.0863
99.97191 493 22.1948
99.98190 486 22.0326
99.99191 459 21.4176
100.00191 471 21.7186
100.01191 489 22.1404
100.02190 467 21.6169
100.03191 460 21.4669
100.04191 496 22.2497
100.05191 443 21.0352
100.06190 466 21.5666
100.07191 483 21.9793
100.08191 482 21.9793
100.09191 452 21.2718
100.10191 491 22.1404
100.11191 491 22.1404
100.12191 491 22.1404
100.13191 454 21.3201
100.14191 482 21.9793
100.15191 467 21.6169
100.16191 464 21.5166
100.17191 501 22.3607
100.18191 533 23.0633
100.18999 510 22.5877
