# columns: two_theta_deg intensity sigma
5.00000 21056 145.107
5.02000 20893 144.544
5.04000 20709 143.906
5.06000 20489 143.14
5.08000 20540 143.318
5.10000 20641 143.67
5.12000 20548 143.346
5.14000 20792 144.194
5.16000 20586 143.478
5.18000 20412 142.871
5.20000 20497 143.168
5.22000 20600 143.527
5.24000 20761 144.087
5.26000 21138 145.389
5.28000 20975 144.827
5.30000 21466 146.513
5.32000 21730 147.411
5.34000 21403 146.298
5.36000 20783 144.163
5.38000 20792 144.194
5.40000 20761 144.087
5.42000 21290 145.911
5.44000 21216 145.657
5.46000 22159 148.859
5.48000 23226 152.401
5.50000 24284 155.833
5.52000 25987 161.205
5.54000 27615 166.178
5.56000 29926 172.991
5.58000 33279 182.425
5.60000 37274 193.065
5.62000 42690 206.616
5.64000 49984 223.571
5.66000 58839 242.568
5.68000 70323 265.185
5.70000 85624 292.616
5.72000 104517 323.291
5.74000 127248 356.718
5.76000 156287 395.332
5.78000 193423 439.799
5.80000 240058 489.957
5.82000 300965 548.603
5.84000 382466 618.438
5.86000 487471 698.191
5.88000 603196 776.657
5.90000 652756 807.933
5.92000 489360 699.543
5.94000 199099 446.205
5.96000 73333 270.801
5.98000 50031 223.676
6.00000 42792 206.862
6.02000 38313 195.737
6.04000 34527 185.814
6.06000 31452 177.347
6.08000 27637 166.244
6.10000 25237 158.862
6.12000 23598 153.616
6.14000 22907 151.351
6.16000 22492 149.973
6.18000 21906 148.007
6.20000 21441 146.427
6.22000 20994 144.893
6.24000 20805 144.239
6.26000 20521 143.252
6.28000 20345 142.636
6.30000 19986 141.372
6.32000 19696 140.342
6.34000 19766 140.592
6.36000 19669 140.246
6.38000 19469 139.531
6.40000 19182 138.499
6.42000 19169 138.452
6.44000 19048 138.014
6.46000 18367 135.525
6.48000 18098 134.529
6.50000 17986 134.112
6.52000 17644 132.831
6.54000 17438 132.053
6.56000 17486 132.235
6.58000 17353 131.731
6.60000 17119 130.84
6.62000 17134 130.897
6.64000 17264 131.393
6.66000 17115 130.824
6.68000 16871 129.888
6.70000 16803 129.626
6.72000 16718 129.298
6.74000 16709 129.263
6.76000 16386 128.008
6.78000 16667 129.101
6.80000 16243 127.448
6.82000 16337 127.816
6.84000 16169 127.157
6.86000 15990 126.452
6.88000 15764 125.555
6.90000 15827 125.805
6.92000 15979 126.408
6.94000 15758 125.531
6.96000 15845 125.877
6.98000 15540 124.66
7.00000 15324 123.79
7.02000 15562 124.748
7.04000 15622 124.988
7.06000 15252 123.499
7.08000 15074 122.776
7.10000 15223 123.382
7.12000 15198 123.28
7.14000 15256 123.515
7.16000 15084 122.817
7.18000 15258 123.523
7.20000 14857 121.889
7.22000 15075 122.78
7.24000 14953 122.282
7.26000 14898 122.057
7.28000 14837 121.807
7.30000 14811 121.7
7.32000 14756 121.474
7.34000 14797 121.643
7.36000 14649 121.033
7.38000 15136 123.028
7.40000 15092 122.85
7.42000 15113 122.935
7.44000 14955 122.291
7.46000 14531 120.545
7.48000 14699 121.239
7.50000 14733 121.38
7.52000 14626 120.938
7.54000 14591 120.793
7.56000 14619 120.909
7.58000 14682 121.169
7.60000 14666 121.103
7.62000 14376 119.9
7.64000 14126 118.853
7.66000 13955 118.131
7.68000 14152 118.962
7.70000 14205 119.185
7.72000 14136 118.895
7.74000 14126 118.853
7.76000 14123 118.84
7.78000 13901 117.903
7.80000 14033 118.461
7.82000 14008 118.355
7.84000 14109 118.781
7.86000 14038 118.482
7.88000 14201 119.168
7.90000 14328 119.7
7.92000 14462 120.258
7.94000 14685 121.182
7.96000 14894 122.041
7.98000 15364 123.952
8.00000 15427 124.205
8.02000 16194 127.256
8.04000 16586 128.787
8.06000 17677 132.955
8.08000 18970 137.732
8.10000 20252 142.31
8.12000 22089 148.624
8.14000 24589 156.809
8.16000 27492 165.807
8.18000 31263 176.813
8.20000 37031 192.434
8.22000 44772 211.594
8.24000 54977 234.472
8.26000 70164 264.885
8.28000 88990 298.312
8.30000 112105 334.821
8.32000 138183 371.73
8.34000 166596 408.162
8.36000 197324 444.212
8.38000 224267 473.568
8.40000 234614 484.37
8.42000 210625 458.939
8.44000 148871 385.838
8.46000 85328 292.11
8.48000 49660 222.845
8.50000 36025 189.803
8.52000 29869 172.827
8.54000 26614 163.138
8.56000 23815 154.321
8.58000 21864 147.865
8.60000 20680 143.805
8.62000 19462 139.506
8.64000 18536 136.147
8.66000 17912 133.836
8.68000 17496 132.272
8.70000 17493 132.261
8.72000 17205 131.168
8.74000 16818 129.684
8.76000 16661 129.077
8.78000 16544 128.623
8.80000 16374 127.961
8.82000 16168 127.153
8.84000 15969 126.369
8.86000 15754 125.515
8.88000 15595 124.88
8.90000 15551 124.704
8.92000 15779 125.614
8.94000 15588 124.852
8.96000 15579 124.816
8.98000 15377 124.004
9.00000 15474 124.395
9.02000 15498 124.491
9.04000 15385 124.036
9.06000 15447 124.286
9.08000 15277 123.6
9.10000 15508 124.531
9.12000 15250 123.491
9.14000 15192 123.256
9.16000 15111 122.927
9.18000 15212 123.337
9.20000 14688 121.194
9.22000 14920 122.147
9.24000 14605 120.851
9.26000 14845 121.84
9.28000 14845 121.84
9.30000 14757 121.478
9.32000 14786 121.598
9.34000 14976 122.376
9.36000 14695 121.223
9.38000 14900 122.066
9.40000 14846 121.844
9.42000 15105 122.902
9.44000 15116 122.947
9.46000 14935 122.209
9.48000 14999 122.47
9.50000 14847 121.848
9.52000 14556 120.648
9.54000 14435 120.146
9.56000 14521 120.503
9.58000 14472 120.3
9.60000 14476 120.316
9.62000 14381 119.921
9.64000 14227 119.277
9.66000 14219 119.243
9.68000 14320 119.666
9.70000 14415 120.062
9.72000 14324 119.683
9.74000 14541 120.586
9.76000 14635 120.975
9.78000 14596 120.814
9.80000 14495 120.395
9.82000 14594 120.806
9.84000 14478 120.325
9.86000 14370 119.875
9.88000 14239 119.327
9.90000 13982 118.246
9.92000 13896 117.881
9.94000 13740 117.218
9.96000 13637 116.778
9.98000 13788 117.422
10.00000 13685 116.983
10.02000 13716 117.115
10.04000 13472 116.069
10.06000 13730 117.175
10.08000 13453 115.987
10.10000 13608 116.653
10.12000 13598 116.61
10.14000 13807 117.503
10.16000 13518 116.267
10.18000 13436 115.914
10.20000 13448 115.966
10.22000 13273 115.209
10.24000 13408 115.793
10.26000 13476 116.086
10.28000 13437 115.918
10.30000 13271 115.2
10.32000 13342 115.508
10.34000 13109 114.495
10.36000 13066 114.307
10.38000 13212 114.943
10.40000 13293 115.295
10.42000 13239 115.061
10.44000 13258 115.143
10.46000 13148 114.665
10.48000 13192 114.856
10.50000 13121 114.547
10.52000 13213 114.948
10.54000 13391 115.719
10.56000 13192 114.856
10.58000 13379 115.668
10.60000 13170 114.761
10.62000 13312 115.378
10.64000 13121 114.547
10.66000 13031 114.153
10.68000 13136 114.612
10.70000 13106 114.481
10.72000 12737 112.858
10.74000 12728 112.818
10.76000 12782 113.058
10.78000 12723 112.796
10.80000 12793 113.106
10.82000 12782 113.058
10.84000 12881 113.494
10.86000 12765 112.982
10.88000 12491 111.763
10.90000 12680 112.606
10.92000 12492 111.768
10.94000 12349 111.126
10.96000 12374 111.238
10.98000 12751 112.92
11.00000 12653 112.486
11.02000 12904 113.596
11.04000 12484 111.732
11.06000 12625 112.361
11.08000 12685 112.628
11.10000 12337 111.072
11.12000 12529 111.933
11.14000 12403 111.369
11.16000 12597 112.236
11.18000 12393 111.324
11.20000 12345 111.108
11.22000 12361 111.18
11.24000 12390 111.31
11.26000 12532 111.946
11.28000 12416 111.427
11.30000 12618 112.33
11.32000 12534 111.955
11.34000 12727 112.814
11.36000 13044 114.21
11.38000 13081 114.372
11.40000 13307 115.356
11.42000 13215 114.957
11.44000 13395 115.737
11.46000 13764 117.32
11.48000 13495 116.168
11.50000 13990 118.279
11.52000 14123 118.84
11.54000 14843 121.832
11.56000 15428 124.21
11.58000 16559 128.682
11.60000 17897 133.78
11.62000 20021 141.496
11.64000 23115 152.036
11.66000 27134 164.724
11.68000 32438 180.106
11.70000 39369 198.416
11.72000 48319 219.816
11.74000 57510 239.812
11.76000 68060 260.883
11.78000 78278 279.782
11.80000 83373 288.744
11.82000 81180 284.921
11.84000 73957 271.95
11.86000 60469 245.904
11.88000 42609 206.419
11.90000 28878 169.935
11.92000 20962 144.783
11.94000 17244 131.316
11.96000 15666 125.164
11.98000 14752 121.458
12.00000 13894 117.873
12.02000 13469 116.056
12.04000 12965 113.864
12.06000 12730 112.827
12.08000 12567 112.103
12.10000 12274 110.788
12.12000 12222 110.553
12.14000 12138 110.173
12.16000 11977 109.439
12.18000 11999 109.54
12.20000 11861 108.908
12.22000 11981 109.458
12.24000 11672 108.037
12.26000 11838 108.803
12.28000 11784 108.554
12.30000 11610 107.75
12.32000 11565 107.541
12.34000 11515 107.308
12.36000 11407 106.804
12.38000 11522 107.341
12.40000 11478 107.135
12.42000 11501 107.243
12.44000 11344 106.508
12.46000 11400 106.771
12.48000 11433 106.925
12.50000 11309 106.344
12.52000 11384 106.696
12.54000 11115 105.428
12.56000 11328 106.433
12.58000 11091 105.314
12.60000 11100 105.357
12.62000 11352 106.546
12.64000 11289 106.25
12.66000 11208 105.868
12.68000 11461 107.056
12.70000 11150 105.594
12.72000 11058 105.157
12.74000 11095 105.333
12.76000 10956 104.671
12.78000 11113 105.418
12.80000 11084 105.281
12.82000 11180 105.736
12.84000 11141 105.551
12.86000 11036 105.052
12.88000 10901 104.408
12.90000 10722 103.547
12.92000 10908 104.441
12.94000 11008 104.919
12.96000 10840 104.115
12.98000 10856 104.192
13.00000 10927 104.532
13.02000 10596 102.937
13.04000 10790 103.875
13.06000 10949 104.637
13.08000 10737 103.619
13.10000 10557 102.747
13.12000 10968 104.728
13.14000 10811 103.976
13.16000 10749 103.677
13.18000 10885 104.331
13.20000 10965 104.714
13.22000 10584 102.879
13.24000 10541 102.669
13.26000 10598 102.947
13.28000 10750 103.682
13.30000 10892 104.365
13.32000 10801 103.928
13.34000 10700 103.441
13.36000 10559 102.757
13.38000 10548 102.703
13.40000 10795 103.899
13.42000 10831 104.072
13.44000 10983 104.8
13.46000 10538 102.655
13.48000 10511 102.523
13.50000 10854 104.183
13.52000 10731 103.591
13.54000 10560 102.762
13.56000 10729 103.581
13.58000 10910 104.451
13.60000 10850 104.163
13.62000 10858 104.202
13.64000 10699 103.436
13.66000 10787 103.86
13.68000 10906 104.432
13.70000 10759 103.726
13.72000 11053 105.133
13.74000 11057 105.152
13.76000 11123 105.466
13.78000 11087 105.295
13.80000 11313 106.363
13.82000 11306 106.33
13.84000 11382 106.686
13.86000 11385 106.701
13.88000 11628 107.833
13.90000 11765 108.467
13.92000 11953 109.33
13.94000 12454 111.597
13.96000 13046 114.219
13.98000 13911 117.945
14.00000 15138 123.037
14.02000 17314 131.583
14.04000 20191 142.095
14.06000 24035 155.032
14.08000 28072 167.547
14.10000 31794 178.309
14.12000 36689 191.544
14.14000 41623 204.017
14.16000 45800 214.009
14.18000 47055 216.922
14.20000 42251 205.55
14.22000 33366 182.664
14.24000 24589 156.809
14.26000 18268 135.159
14.28000 15013 122.528
14.30000 13758 117.295
14.32000 12905 113.6
14.34000 12440 111.535
14.36000 12075 109.886
14.38000 11820 108.72
14.40000 11594 107.675
14.42000 11538 107.415
14.44000 11698 108.157
14.46000 11469 107.093
14.48000 11521 107.336
14.50000 11434 106.93
14.52000 11611 107.754
14.54000 11791 108.586
14.56000 11568 107.555
14.58000 11726 108.287
14.60000 11815 108.697
14.62000 11553 107.485
14.64000 11734 108.324
14.66000 11991 109.503
14.68000 12157 110.259
14.70000 12145 110.204
14.72000 12281 110.82
14.74000 12462 111.633
14.76000 12723 112.796
14.78000 12808 113.172
14.80000 13023 114.118
14.82000 13685 116.983
14.84000 14511 120.462
14.86000 15410 124.137
14.88000 16755 129.441
14.90000 18075 134.443
14.92000 20093 141.75
14.94000 22579 150.263
14.96000 24241 155.695
14.98000 26175 161.787
15.00000 26787 163.667
15.02000 27553 165.991
15.04000 26827 163.789
15.06000 25929 161.025
15.08000 24981 158.054
15.10000 24626 156.927
15.12000 25975 161.168
15.14000 29135 170.69
15.16000 34311 185.232
15.18000 41829 204.521
15.20000 50991 225.812
15.22000 60422 245.809
15.24000 69357 263.357
15.26000 76732 277.005
15.28000 80918 284.461
15.30000 80970 284.552
15.32000 75424 274.634
15.34000 65048 255.045
15.36000 52033 228.107
15.38000 39945 199.862
15.40000 30562 174.82
15.42000 24982 158.057
15.44000 21450 146.458
15.46000 19313 138.971
15.48000 17793 133.39
15.50000 17510 132.325
15.52000 16698 129.221
15.54000 16186 127.224
15.56000 16387 128.012
15.58000 16550 128.647
15.60000 16611 128.884
15.62000 17043 130.549
15.64000 17392 131.879
15.66000 18544 136.176
15.68000 19643 140.153
15.70000 20625 143.614
15.72000 21632 147.078
15.74000 22407 149.69
15.76000 23096 151.974
15.78000 22741 150.801
15.80000 22052 148.499
15.82000 21238 145.733
15.84000 20595 143.51
15.86000 20607 143.551
15.88000 21062 145.128
15.90000 22295 149.315
15.92000 24183 155.509
15.94000 27588 166.096
15.96000 32110 179.193
15.98000 38948 197.352
16.00000 48111 219.342
16.02000 60170 245.296
16.04000 75456 274.693
16.06000 90111 300.185
16.08000 104135 322.7
16.10000 115651 340.075
16.12000 121043 347.912
16.14000 120679 347.389
16.16000 110896 333.011
16.18000 93323 305.488
16.20000 73301 270.742
16.22000 55713 236.036
16.24000 42164 205.339
16.26000 34250 185.068
16.28000 29589 172.015
16.30000 26684 163.352
16.32000 24616 156.895
16.34000 23647 153.776
16.36000 22578 150.26
16.38000 22179 148.926
16.40000 21790 147.614
16.42000 21636 147.092
16.44000 22337 149.456
16.46000 22652 150.506
16.48000 23671 153.854
16.50000 25264 158.947
16.52000 27426 165.608
16.54000 30878 175.721
16.56000 36524 191.113
16.58000 44170 210.167
16.60000 54022 232.426
16.62000 65217 255.376
16.64000 79315 281.629
16.66000 96769 311.077
16.68000 119847 346.189
16.70000 146390 382.609
16.72000 176921 420.62
16.74000 201506 448.894
16.76000 216294 465.074
16.78000 228932 478.468
16.80000 244133 494.098
16.82000 256174 506.136
16.84000 256214 506.176
16.86000 235333 485.111
16.88000 189191 434.961
16.90000 139854 373.971
16.92000 98100 313.209
16.94000 68385 261.505
16.96000 51705 227.387
16.98000 43446 208.437
17.00000 38766 196.891
17.02000 36793 191.815
17.04000 36147 190.124
17.06000 36523 191.11
17.08000 39706 199.264
17.10000 43518 208.61
17.12000 49910 223.405
17.14000 56255 237.181
17.16000 63314 251.623
17.18000 68805 262.307
17.20000 72718 269.663
17.22000 73817 271.693
17.24000 71296 267.013
17.26000 64942 254.837
17.28000 56477 237.649
17.30000 48619 220.497
17.32000 43723 209.1
17.34000 40531 201.323
17.36000 40033 200.082
17.38000 40677 201.685
17.40000 42238 205.519
17.42000 43667 208.967
17.44000 44883 211.856
17.46000 46273 215.112
17.48000 47553 218.067
17.50000 51527 226.996
17.52000 59192 243.294
17.54000 74520 272.984
17.56000 95776 309.477
17.58000 120022 346.442
17.60000 147182 383.643
17.62000 177631 421.463
17.64000 212650 461.14
17.66000 252955 502.946
17.68000 296571 544.583
17.70000 325754 570.749
17.72000 320974 566.546
17.74000 255810 505.777
17.76000 175927 419.437
17.78000 114646 338.594
17.80000 67553 259.91
17.82000 47003 216.802
17.84000 43369 208.252
17.86000 44219 210.283
17.88000 47496 217.936
17.90000 50988 225.805
17.92000 54515 233.484
17.94000 58132 241.106
17.96000 59200 243.311
17.98000 58505 241.878
18.00000 54490 233.431
18.02000 48246 219.65
18.04000 41182 202.933
18.06000 35012 187.115
18.08000 30811 175.531
18.10000 27188 164.888
18.12000 25105 158.446
18.14000 22902 151.334
18.16000 21109 145.289
18.18000 19620 140.071
18.20000 19021 137.917
18.22000 18235 135.037
18.24000 17531 132.405
18.26000 17366 131.78
18.28000 17055 130.595
18.30000 16804 129.63
18.32000 16557 128.674
18.34000 16587 128.791
18.36000 16491 128.417
18.38000 16225 127.377
18.40000 16206 127.303
18.42000 16130 127.004
18.44000 16177 127.189
18.46000 16051 126.693
18.48000 15974 126.388
18.50000 15994 126.467
18.52000 16194 127.256
18.54000 16296 127.656
18.56000 16072 126.775
18.58000 16168 127.153
18.60000 16323 127.761
18.62000 16338 127.82
18.64000 16611 128.884
18.66000 16714 129.283
18.68000 16934 130.131
18.70000 16922 130.085
18.72000 17090 130.729
18.74000 17493 132.261
18.76000 17443 132.072
18.78000 17670 132.929
18.80000 18031 134.28
18.82000 18390 135.61
18.84000 18566 136.257
18.86000 18726 136.843
18.88000 19644 140.157
18.90000 21044 145.066
18.92000 21897 147.976
18.94000 23922 154.667
18.96000 26547 162.933
18.98000 30157 173.658
19.00000 35267 187.795
19.02000 42212 205.456
19.04000 49580 222.666
19.06000 57361 239.502
19.08000 64664 254.291
19.10000 71501 267.397
19.12000 75171 274.173
19.14000 76285 276.197
19.16000 72855 269.917
19.18000 66304 257.496
19.20000 60142 245.239
19.22000 56096 236.846
19.24000 56546 237.794
19.26000 62433 249.866
19.28000 71461 267.322
19.30000 83085 288.245
19.32000 96619 310.836
19.34000 111903 334.519
19.36000 126347 355.453
19.38000 139558 373.575
19.40000 142670 377.717
19.42000 129270 359.541
19.44000 100620 317.207
19.46000 73978 271.989
19.48000 52061 228.169
19.50000 35667 188.857
19.52000 27438 165.644
19.54000 23721 154.016
19.56000 21880 147.919
19.58000 20581 143.461
19.60000 20249 142.299
19.62000 19971 141.319
19.64000 20204 142.141
19.66000 20345 142.636
19.68000 21303 145.955
19.70000 21213 145.647
19.72000 21395 146.27
19.74000 20887 144.523
19.76000 19730 140.464
19.78000 18434 135.772
19.80000 17287 131.48
19.82000 16422 128.148
19.84000 15858 125.929
19.86000 15430 124.218
19.88000 15238 123.442
19.90000 15177 123.195
19.92000 15174 123.183
19.94000 14918 122.139
19.96000 15134 123.02
19.98000 14732 121.375
20.00000 14961 122.315
20.02000 14913 122.119
20.04000 15020 122.556
20.06000 14634 120.971
20.08000 14858 121.893
20.10000 15088 122.833
20.12000 14989 122.43
20.14000 14812 121.705
20.16000 15074 122.776
20.18000 15065 122.74
20.20000 15243 123.463
20.22000 15539 124.656
20.24000 15630 125.02
20.26000 15483 124.431
20.28000 15561 124.744
20.30000 15916 126.159
20.32000 16215 127.338
20.34000 16435 128.199
20.36000 16799 129.611
20.38000 17099 130.763
20.40000 17523 132.374
20.42000 18101 134.54
20.44000 18677 136.664
20.46000 19443 139.438
20.48000 20075 141.686
20.50000 21702 147.316
20.52000 23868 154.493
20.54000 26850 163.86
20.56000 31350 177.059
20.58000 36843 191.945
20.60000 43756 209.179
20.62000 51446 226.817
20.64000 59137 243.181
20.66000 65578 256.082
20.68000 70952 266.368
20.70000 72897 269.994
20.72000 70383 265.298
20.74000 64180 253.338
20.76000 54323 233.073
20.78000 45757 213.909
20.80000 38791 196.954
20.82000 33403 182.765
20.84000 30689 175.183
20.86000 29701 172.34
20.88000 29983 173.156
20.90000 32719 180.884
20.92000 35801 189.212
20.94000 42647 206.512
20.96000 51469 226.868
20.98000 63401 251.796
21.00000 77052 277.582
21.02000 91641 302.723
21.04000 105854 325.352
21.06000 118081 343.629
21.08000 127514 357.091
21.10000 128223 358.082
21.12000 119234 345.303
21.14000 101083 317.936
21.16000 81425 285.351
21.18000 63002 251.002
21.20000 48118 219.358
21.22000 37218 192.92
21.24000 31129 176.434
21.26000 26665 163.294
21.28000 24440 156.333
21.30000 22515 150.05
21.32000 21160 145.465
21.34000 20375 142.741
21.36000 19801 140.716
21.38000 19749 140.531
21.40000 19071 138.098
21.42000 19145 138.365
21.44000 19081 138.134
21.46000 19364 139.155
21.48000 19766 140.592
21.50000 20799 144.219
21.52000 21938 148.115
21.54000 23431 153.072
21.56000 25279 158.994
21.58000 27154 164.785
21.60000 29367 171.368
21.62000 31451 177.344
21.64000 33399 182.754
21.66000 34435 185.567
21.68000 35863 189.375
21.70000 38233 195.533
21.72000 42422 205.966
21.74000 47692 218.385
21.76000 53888 232.138
21.78000 60279 245.518
21.80000 66461 257.8
21.82000 70549 265.611
21.84000 71284 266.991
21.86000 68824 262.343
21.88000 63046 251.09
21.90000 55942 236.521
21.92000 50260 224.187
21.94000 45872 214.177
21.96000 43492 208.547
21.98000 42571 206.327
22.00000 43677 208.99
22.02000 45033 212.21
22.04000 46542 215.736
22.06000 46178 214.891
22.08000 44590 211.163
22.10000 43252 207.971
22.12000 41902 204.7
22.14000 40863 202.146
22.16000 39162 197.894
22.18000 36402 190.793
22.20000 32537 180.38
22.22000 28756 169.576
22.24000 25878 160.866
22.26000 23769 154.172
22.28000 22308 149.359
22.30000 22261 149.201
22.32000 22927 151.417
22.34000 24076 155.164
22.36000 25513 159.728
22.38000 27988 167.296
22.40000 31993 178.866
22.42000 37369 193.311
22.44000 44329 210.545
22.46000 52018 228.075
22.48000 61395 247.78
22.50000 71221 266.873
22.52000 80307 283.385
22.54000 88186 296.961
22.56000 93664 306.046
22.58000 93587 305.92
22.60000 90117 300.195
22.62000 85762 292.851
22.64000 78860 280.82
22.66000 69825 264.244
22.68000 59643 244.219
22.70000 49863 223.3
22.72000 41444 203.578
22.74000 34278 185.143
22.76000 29084 170.54
22.78000 25348 159.211
22.80000 22497 149.99
22.82000 21089 145.221
22.84000 19798 140.705
22.86000 19254 138.759
22.88000 18444 135.809
22.90000 18146 134.707
22.92000 17553 132.488
22.94000 17158 130.989
22.96000 17269 131.412
22.98000 16953 130.204
23.00000 16885 129.942
23.02000 16910 130.038
23.04000 16857 129.835
23.06000 17013 130.434
23.08000 16864 129.861
23.10000 17279 131.45
23.12000 17669 132.925
23.14000 18480 135.941
23.16000 19160 138.42
23.18000 20507 143.203
23.20000 22015 148.375
23.22000 23021 151.727
23.24000 24601 156.847
23.26000 25921 161
23.28000 26541 162.914
23.30000 27030 164.408
23.32000 26322 162.241
23.34000 25177 158.673
23.36000 23538 153.421
23.38000 22826 151.083
23.40000 22293 149.308
23.42000 22519 150.063
23.44000 23322 152.715
23.46000 25566 159.894
23.48000 28149 167.777
23.50000 32343 179.842
23.52000 36793 191.815
23.54000 42764 206.795
23.56000 48820 220.952
23.58000 54810 234.115
23.60000 61922 248.841
23.62000 70123 264.807
23.64000 79842 282.563
23.66000 91253 302.081
23.68000 102062 319.471
23.70000 108715 329.72
23.72000 112655 335.641
23.74000 118456 344.174
23.76000 123722 351.741
23.78000 124806 353.279
23.80000 118884 344.796
23.82000 103162 321.188
23.84000 85207 291.902
23.86000 68952 262.587
23.88000 54619 233.707
23.90000 40801 201.993
23.92000 32779 181.05
23.94000 27766 166.631
23.96000 25162 158.625
23.98000 22875 151.245
24.00000 21404 146.301
24.02000 20470 143.073
24.04000 19376 139.198
24.06000 18791 137.08
24.08000 18384 135.588
24.10000 18122 134.618
24.12000 17635 132.797
24.14000 17687 132.992
24.16000 17677 132.955
24.18000 17680 132.966
24.20000 17644 132.831
24.22000 17284 131.469
24.24000 17910 133.828
24.26000 18339 135.422
24.28000 18713 136.795
24.30000 19175 138.474
24.32000 19724 140.442
24.34000 20617 143.586
24.36000 21514 146.677
24.38000 23331 152.745
24.40000 25137 158.547
24.42000 28305 168.241
24.44000 32963 181.557
24.46000 39284 198.202
24.48000 47725 218.461
24.50000 59654 244.242
24.52000 72425 269.119
24.54000 85552 292.493
24.56000 99193 314.949
24.58000 111081 333.288
24.60000 119590 345.818
24.62000 122227 349.61
24.64000 114996 339.111
24.66000 101262 318.217
24.68000 84961 291.481
24.70000 70467 265.456
24.72000 57854 240.529
24.74000 48409 220.02
24.76000 44192 210.219
24.78000 42629 206.468
24.80000 43598 208.801
24.82000 45691 213.755
24.84000 47684 218.367
24.86000 49180 221.766
24.88000 49361 222.173
24.90000 46767 216.257
24.92000 42128 205.251
24.94000 37383 193.347
24.96000 32542 180.394
24.98000 28253 168.086
25.00000 24571 156.751
25.02000 21512 146.67
25.04000 19937 141.198
25.06000 18421 135.724
25.08000 17404 131.924
25.10000 17156 130.981
25.12000 16382 127.992
25.14000 15866 125.96
25.16000 15644 125.076
25.18000 15325 123.794
25.20000 15171 123.171
25.22000 15036 122.621
25.24000 14758 121.483
25.26000 15002 122.483
25.28000 14883 121.996
25.30000 15004 122.491
25.32000 14949 122.266
25.34000 15394 124.073
25.36000 15351 123.899
25.38000 15226 123.394
25.40000 15279 123.608
25.42000 14809 121.692
25.44000 14605 120.851
25.46000 14747 121.437
25.48000 14584 120.764
25.50000 14226 119.273
25.52000 14404 120.017
25.54000 14382 119.925
25.56000 14420 120.083
25.58000 14524 120.516
25.60000 14618 120.905
25.62000 14520 120.499
25.64000 14337 119.737
25.66000 14442 120.175
25.68000 14420 120.083
25.70000 14249 119.369
25.72000 14258 119.407
25.74000 14100 118.743
25.76000 13686 116.987
25.78000 13849 117.682
25.80000 13673 116.932
25.82000 13866 117.754
25.84000 13689 117
25.86000 13827 117.588
25.88000 13779 117.384
25.90000 14047 118.52
25.92000 14008 118.355
25.94000 14235 119.311
25.96000 14112 118.794
25.98000 14486 120.358
26.00000 14970 122.352
26.02000 15382 124.024
26.04000 15981 126.416
26.06000 16215 127.338
26.08000 16770 129.499
26.10000 16887 129.95
26.12000 17307 131.556
26.14000 17271 131.419
26.16000 17320 131.605
26.18000 17488 132.242
26.20000 17830 133.529
26.22000 17992 134.134
26.24000 18910 137.514
26.26000 20535 143.3
26.28000 22958 151.519
26.30000 26175 161.787
26.32000 30753 175.365
26.34000 35616 188.722
26.36000 41591 203.939
26.38000 47125 217.083
26.40000 53122 230.482
26.42000 57741 240.294
26.44000 60903 246.785
26.46000 60128 245.21
26.48000 56547 237.796
26.50000 51202 226.279
26.52000 46067 214.632
26.54000 41673 204.14
26.56000 36906 192.109
26.58000 32983 181.612
26.60000 29630 172.134
26.62000 26592 163.071
26.64000 24362 156.083
26.66000 22362 149.539
26.68000 20913 144.613
26.70000 19585 139.946
26.72000 19201 138.568
26.74000 19658 140.207
26.76000 20553 143.363
26.78000 21617 147.027
26.80000 22698 150.659
26.82000 23899 154.593
26.84000 25141 158.559
26.86000 26284 162.123
26.88000 25830 160.717
26.90000 24666 157.054
26.92000 22693 150.642
26.94000 20879 144.496
26.96000 19278 138.845
26.98000 17410 131.947
27.00000 15914 126.151
27.02000 14896 122.049
27.04000 14394 119.975
27.06000 13707 117.077
27.08000 13455 115.996
27.10000 13514 116.25
27.12000 13119 114.538
27.14000 13154 114.691
27.16000 13025 114.127
27.18000 13022 114.114
27.20000 12989 113.969
27.22000 13129 114.582
27.24000 12927 113.697
27.26000 12882 113.499
27.28000 12951 113.802
27.30000 12904 113.596
27.32000 12688 112.641
27.34000 12714 112.756
27.36000 13028 114.14
27.38000 13044 114.21
27.40000 12614 112.312
27.42000 12624 112.357
27.44000 12717 112.77
27.46000 13041 114.197
27.48000 13066 114.307
27.50000 12627 112.37
27.52000 13262 115.161
27.54000 13219 114.974
27.56000 13021 114.11
27.58000 13276 115.222
27.60000 13358 115.577
27.62000 13398 115.75
27.64000 13774 117.363
27.66000 13901 117.903
27.68000 14345 119.771
27.70000 14812 121.705
27.72000 15603 124.912
27.74000 16346 127.851
27.76000 17372 131.803
27.78000 18391 135.613
27.80000 19185 138.51
27.82000 20326 142.569
27.84000 21480 146.561
27.86000 22200 148.997
27.88000 22268 149.225
27.90000 21853 147.828
27.92000 21749 147.475
27.94000 22402 149.673
27.96000 23007 151.681
27.98000 23689 153.912
28.00000 25365 159.264
28.02000 27124 164.694
28.04000 29807 172.647
28.06000 32517 180.325
28.08000 34863 186.716
28.10000 37158 192.764
28.12000 40273 200.681
28.14000 43982 209.719
28.16000 47246 217.361
28.18000 50010 223.629
28.20000 52047 228.138
28.22000 54055 232.497
28.24000 55228 235.006
28.26000 54843 234.186
28.28000 53730 231.797
28.30000 51875 227.761
28.32000 50419 224.542
28.34000 49123 221.637
28.36000 46912 216.592
28.38000 44122 210.052
28.40000 40295 200.736
28.42000 36115 190.039
28.44000 32151 179.307
28.46000 28610 169.145
28.48000 25215 158.792
28.50000 22340 149.466
28.52000 19909 141.099
28.54000 18607 136.407
28.56000 17346 131.704
28.58000 16857 129.835
28.60000 16174 127.177
28.62000 15864 125.952
28.64000 15668 125.172
28.66000 15617 124.968
28.68000 15741 125.463
28.70000 15974 126.388
28.72000 16567 128.713
28.74000 17472 132.182
28.76000 18274 135.181
28.78000 19434 139.406
28.80000 20349 142.65
28.82000 20880 144.499
28.84000 21055 145.103
28.86000 20963 144.786
28.88000 20071 141.672
28.90000 18983 137.779
28.92000 17876 133.701
28.94000 16929 130.111
28.96000 15825 125.797
28.98000 15226 123.394
29.00000 14267 119.445
29.02000 14272 119.465
29.04000 13938 118.059
29.06000 13938 118.059
29.08000 14071 118.621
29.10000 14305 119.604
29.12000 14895 122.045
29.14000 15930 126.214
29.16000 17043 130.549
29.18000 18297 135.266
29.20000 19474 139.549
29.22000 20634 143.645
29.24000 22199 148.993
29.26000 22899 151.324
29.28000 22898 151.321
29.30000 22447 149.823
29.32000 21523 146.707
29.34000 19805 140.73
29.36000 18518 136.081
29.38000 17839 133.563
29.40000 16604 128.857
29.42000 16542 128.616
29.44000 16399 128.059
29.46000 17144 130.935
29.48000 18292 135.248
29.50000 20030 141.527
29.52000 21904 148
29.54000 23647 153.776
29.56000 25584 159.95
29.58000 27369 165.436
29.60000 29520 171.814
29.62000 29769 172.537
29.64000 29251 171.029
29.66000 27918 167.087
29.68000 26301 162.176
29.70000 24910 157.829
29.72000 23640 153.753
29.74000 21999 148.321
29.76000 20806 144.243
29.78000 19430 139.392
29.80000 18171 134.8
29.82000 17064 130.629
29.84000 15996 126.475
29.86000 15096 122.866
29.88000 14369 119.871
29.90000 13839 117.639
29.92000 13371 115.633
29.94000 13223 114.991
29.96000 12822 113.234
29.98000 12788 113.084
30.00000 12801 113.142
30.02000 12559 112.067
30.04000 12691 112.654
30.06000 12779 113.044
30.08000 12794 113.111
30.10000 12760 112.96
30.12000 13362 115.594
30.14000 13640 116.79
30.16000 14210 119.206
30.18000 14571 120.71
30.20000 15254 123.507
30.22000 15518 124.571
30.24000 16053 126.7
30.26000 16286 127.617
30.28000 16037 126.637
30.30000 15855 125.917
30.32000 15535 124.639
30.34000 15321 123.778
30.36000 15131 123.008
30.38000 15111 122.927
30.40000 15180 123.207
30.42000 15304 123.709
30.44000 15885 126.036
30.46000 16212 127.326
30.48000 16930 130.115
30.50000 17755 133.248
30.52000 19018 137.906
30.54000 20752 144.056
30.56000 23054 151.835
30.58000 25946 161.078
30.60000 29602 172.052
30.62000 33565 183.208
30.64000 39421 198.547
30.66000 45016 212.17
30.68000 49205 221.822
30.70000 53045 230.315
30.72000 57240 239.249
30.74000 61690 248.375
30.76000 64977 254.906
30.78000 66932 258.712
30.80000 64403 253.777
30.82000 57135 239.029
30.84000 47898 218.856
30.86000 41080 202.682
30.88000 35523 188.475
30.90000 29644 172.174
30.92000 23768 154.169
30.94000 19841 140.858
30.96000 17708 133.071
30.98000 16356 127.891
31.00000 15746 125.483
31.02000 15021 122.56
31.04000 14810 121.696
31.06000 14577 120.735
31.08000 14246 119.357
31.10000 14080 118.659
31.12000 14536 120.565
31.14000 14420 120.083
31.16000 14421 120.087
31.18000 14588 120.781
31.20000 14559 120.661
31.22000 14765 121.511
31.24000 15550 124.7
31.26000 15971 126.376
31.28000 16663 129.085
31.30000 17013 130.434
31.32000 17515 132.344
31.34000 18299 135.274
31.36000 19343 139.079
31.38000 19815 140.766
31.40000 20092 141.746
31.42000 20821 144.295
31.44000 21426 146.376
31.46000 21553 146.809
31.48000 21746 147.465
31.50000 21711 147.347
31.52000 21410 146.322
31.54000 21380 146.219
31.56000 20476 143.094
31.58000 20015 141.474
31.60000 19451 139.467
31.62000 19143 138.358
31.64000 18734 136.872
31.66000 19185 138.51
31.68000 19208 138.593
31.70000 19652 140.186
31.72000 20247 142.292
31.74000 20613 143.572
31.76000 21359 146.147
31.78000 22409 149.696
31.80000 23129 152.082
31.82000 24618 156.901
31.84000 25819 160.683
31.86000 27103 164.63
31.88000 29001 170.297
31.90000 30287 174.032
31.92000 31718 178.095
31.94000 32808 181.13
31.96000 33302 182.488
31.98000 32981 181.607
32.00000 31060 176.238
32.02000 29036 170.4
32.04000 26742 163.53
32.06000 24317 155.939
32.08000 22330 149.432
32.10000 20330 142.583
32.12000 18292 135.248
32.14000 17340 131.681
32.16000 16488 128.406
32.18000 16279 127.589
32.20000 16310 127.711
32.22000 16359 127.902
32.24000 16785 129.557
32.26000 17959 134.011
32.28000 19333 139.043
32.30000 21527 146.721
32.32000 23756 154.13
32.34000 26073 161.471
32.36000 29086 170.546
32.38000 31183 176.587
32.40000 33326 182.554
32.42000 34615 186.051
32.44000 34668 186.193
32.46000 32846 181.235
32.48000 31186 176.596
32.50000 29926 172.991
32.52000 28769 169.614
32.54000 28059 167.508
32.56000 26979 164.253
32.58000 26714 163.444
32.60000 26827 163.789
32.62000 26612 163.132
32.64000 26057 161.422
32.66000 25324 159.135
32.68000 23922 154.667
32.70000 22471 149.903
32.72000 20969 144.807
32.74000 19350 139.104
32.76000 18095 134.518
32.78000 16596 128.825
32.80000 15754 125.515
32.82000 15010 122.515
32.84000 14544 120.599
32.86000 14331 119.712
32.88000 13855 117.707
32.90000 13988 118.271
32.92000 14430 120.125
32.94000 14853 121.873
32.96000 15553 124.712
32.98000 16730 129.345
33.00000 18146 134.707
33.02000 19803 140.723
33.04000 21177 145.523
33.06000 22701 150.669
33.08000 24118 155.3
33.10000 24841 157.61
33.12000 24834 157.588
33.14000 23341 152.778
33.16000 21956 148.176
33.18000 20494 143.157
33.20000 19502 139.65
33.22000 18237 135.044
33.24000 16627 128.946
33.26000 15817 125.766
33.28000 14906 122.09
33.30000 14799 121.651
33.32000 14662 121.087
33.34000 14944 122.246
33.36000 15507 124.527
33.38000 16006 126.515
33.40000 16930 130.115
33.42000 17567 132.541
33.44000 18177 134.822
33.46000 18564 136.25
33.48000 18749 136.927
33.50000 18682 136.682
33.52000 18501 136.018
33.54000 18304 135.292
33.56000 18377 135.562
33.58000 18279 135.2
33.60000 18237 135.044
33.62000 18868 137.361
33.64000 19341 139.072
33.66000 20475 143.091
33.68000 22005 148.341
33.70000 23980 154.855
33.72000 26366 162.376
33.74000 28594 169.098
33.76000 31076 176.284
33.78000 32999 181.656
33.80000 33881 184.068
33.82000 34453 185.615
33.84000 33073 181.86
33.86000 31737 178.149
33.88000 28954 170.159
33.90000 26980 164.256
33.92000 24387 156.163
33.94000 21894 147.966
33.96000 19508 139.671
33.98000 17579 132.586
34.00000 16404 128.078
34.02000 14942 122.237
34.04000 14399 119.996
34.06000 13986 118.262
34.08000 13239 115.061
34.10000 12922 113.675
34.12000 12522 111.902
34.14000 12586 112.187
34.16000 12418 111.436
34.18000 12297 110.892
34.20000 12414 111.418
34.22000 12426 111.472
34.24000 12440 111.535
34.26000 12675 112.583
34.28000 12856 113.384
34.30000 13230 115.022
34.32000 13159 114.713
34.34000 13474 116.078
34.36000 13880 117.813
34.38000 14109 118.781
34.40000 14153 118.966
34.42000 14117 118.815
34.44000 14184 119.097
34.46000 14068 118.609
34.48000 13980 118.237
34.50000 13905 117.919
34.52000 13550 116.404
34.54000 13388 115.707
34.56000 13556 116.43
34.58000 13680 116.962
34.60000 14069 118.613
34.62000 14682 121.169
34.64000 15154 123.102
34.66000 16183 127.212
34.68000 17310 131.567
34.70000 18489 135.974
34.72000 19646 140.164
34.74000 20643 143.677
34.76000 21571 146.871
34.78000 22240 149.131
34.80000 21917 148.044
34.82000 22100 148.661
34.84000 21927 148.078
34.86000 20946 144.727
34.88000 20192 142.099
34.90000 18921 137.554
34.92000 17609 132.699
34.94000 16845 129.788
34.96000 15999 126.487
34.98000 15075 122.78
35.00000 14266 119.44
35.02000 13821 117.563
35.04000 13234 115.039
35.06000 13182 114.813
35.08000 13029 114.145
35.10000 13020 114.105
35.12000 13366 115.611
35.14000 13299 115.321
35.16000 13664 116.893
35.18000 14026 118.431
35.20000 14465 120.271
35.22000 14751 121.454
35.24000 15114 122.939
35.26000 15223 123.382
35.28000 15223 123.382
35.30000 15039 122.634
35.32000 14930 122.188
35.34000 14599 120.826
35.36000 14162 119.004
35.38000 13891 117.86
35.40000 13539 116.357
35.42000 13474 116.078
35.44000 13103 114.468
35.46000 13046 114.219
35.48000 13010 114.061
35.50000 12684 112.623
35.52000 12986 113.956
35.54000 12780 113.049
35.56000 12476 111.696
35.58000 12726 112.81
35.60000 12649 112.468
35.62000 12743 112.885
35.64000 12881 113.494
35.66000 13014 114.079
35.68000 13325 115.434
35.70000 13866 117.754
35.72000 14323 119.679
35.74000 15008 122.507
35.76000 15330 123.814
35.78000 16143 127.055
35.80000 17066 130.637
35.82000 18598 136.374
35.84000 19693 140.332
35.86000 21415 146.339
35.88000 23280 152.578
35.90000 25618 160.056
35.92000 28657 169.284
35.94000 31358 177.082
35.96000 34182 184.884
35.98000 36794 191.818
36.00000 39273 198.174
36.02000 40487 201.214
36.04000 39612 199.028
36.06000 37229 192.948
36.08000 34875 186.748
36.10000 34072 184.586
36.12000 33936 184.217
36.14000 33229 182.288
36.16000 32452 180.144
36.18000 32026 178.958
36.20000 32202 179.449
36.22000 31937 178.709
36.24000 31064 176.25
36.26000 29215 170.924
36.28000 26455 162.65
36.30000 24213 155.605
36.32000 22693 150.642
36.34000 20925 144.655
36.36000 19081 138.134
36.38000 17349 131.716
36.40000 16175 127.181
36.42000 15584 124.836
36.44000 15473 124.391
36.46000 15331 123.818
36.48000 15377 124.004
36.50000 15625 125
36.52000 15927 126.202
36.54000 16635 128.977
36.56000 16969 130.265
36.58000 17402 131.917
36.60000 17853 133.615
36.62000 18838 137.252
36.64000 19573 139.904
36.66000 20366 142.709
36.68000 20855 144.413
36.70000 21637 147.095
36.72000 21736 147.431
36.74000 22233 149.107
36.76000 22055 148.509
36.78000 21362 146.157
36.80000 19839 140.851
36.82000 18298 135.27
36.84000 17620 132.74
36.86000 17032 130.507
36.88000 16450 128.258
36.90000 15763 125.551
36.92000 15114 122.939
36.94000 15206 123.313
36.96000 15617 124.968
36.98000 15937 126.242
37.00000 16480 128.374
37.02000 17569 132.548
37.04000 18567 136.261
37.06000 19773 140.616
37.08000 21443 146.434
37.10000 22672 150.572
37.12000 24206 155.583
37.14000 25041 158.243
37.16000 25366 159.267
37.18000 25066 158.322
37.20000 23871 154.502
37.22000 22919 151.39
37.24000 21272 145.849
37.26000 20128 141.873
37.28000 18848 137.288
37.30000 17667 132.917
37.32000 16654 129.05
37.34000 15887 126.044
37.36000 15450 124.298
37.38000 15243 123.463
37.40000 15064 122.735
37.42000 14960 122.311
37.44000 15094 122.858
37.46000 15063 122.731
37.48000 15043 122.65
37.50000 15208 123.321
37.52000 15031 122.601
37.54000 14920 122.147
37.56000 14662 121.087
37.58000 14232 119.298
37.60000 14011 118.368
37.62000 13533 116.331
37.64000 13501 116.194
37.66000 13047 114.223
37.68000 12777 113.035
37.70000 12371 111.225
37.72000 12341 111.09
37.74000 12299 110.901
37.76000 12107 110.032
37.78000 12261 110.729
37.80000 12258 110.716
37.82000 12396 111.337
37.84000 12458 111.615
37.86000 12491 111.763
37.88000 12576 112.143
37.90000 12229 110.585
37.92000 12166 110.3
37.94000 11979 109.449
37.96000 11756 108.425
37.98000 11583 107.624
38.00000 11702 108.176
38.02000 11390 106.724
38.04000 11312 106.358
38.06000 11098 105.347
38.08000 11143 105.56
38.10000 11183 105.75
38.12000 11181 105.74
38.14000 11230 105.972
38.16000 11241 106.024
38.18000 11364 106.602
38.20000 11696 108.148
38.22000 11464 107.07
38.24000 12339 111.081
38.26000 12604 112.268
38.28000 12934 113.728
38.30000 13533 116.331
38.32000 14032 118.457
38.34000 14685 121.182
38.36000 14963 122.323
38.38000 15120 122.963
38.40000 15127 122.992
38.42000 15093 122.854
38.44000 14298 119.574
38.46000 14057 118.562
38.48000 13697 117.034
38.50000 13430 115.888
38.52000 13087 114.398
38.54000 12267 110.756
38.56000 12119 110.086
38.58000 12121 110.095
38.60000 11804 108.646
38.62000 11903 109.101
38.64000 11667 108.014
38.66000 11860 108.904
38.68000 11916 109.16
38.70000 11938 109.261
38.72000 11970 109.407
38.74000 12089 109.95
38.76000 12447 111.566
38.78000 12714 112.756
38.80000 13076 114.35
38.82000 13665 116.897
38.84000 13883 117.826
38.86000 13920 117.983
38.88000 14390 119.958
38.90000 14803 121.668
38.92000 15321 123.778
38.94000 15764 125.555
38.96000 16198 127.271
38.98000 16713 129.279
39.00000 17447 132.087
39.02000 18179 134.83
39.04000 19251 138.748
39.06000 20148 141.944
39.08000 20849 144.392
39.10000 22360 149.533
39.12000 23641 153.756
39.14000 25310 159.091
39.16000 26806 163.725
39.18000 28691 169.384
39.20000 30517 174.691
39.22000 32027 178.961
39.24000 32574 180.483
39.26000 33000 181.659
39.28000 32618 180.605
39.30000 32486 180.239
39.32000 33138 182.038
39.34000 32923 181.447
39.36000 33045 181.783
39.38000 31921 178.664
39.40000 29323 171.24
39.42000 27109 164.648
39.44000 24517 156.579
39.46000 23432 153.075
39.48000 22377 149.589
39.50000 21816 147.702
39.52000 20624 143.611
39.54000 20087 141.729
39.56000 20304 142.492
39.58000 20987 144.869
39.60000 22112 148.701
39.62000 23265 152.529
39.64000 24223 155.637
39.66000 25055 158.288
39.68000 25451 159.534
39.70000 25938 161.053
39.72000 26017 161.298
39.74000 25344 159.198
39.76000 24782 157.423
39.78000 24174 155.48
39.80000 23704 153.961
39.82000 23052 151.829
39.84000 22106 148.681
39.86000 20740 144.014
39.88000 20097 141.764
39.90000 19717 140.417
39.92000 19040 137.986
39.94000 18284 135.218
39.96000 17169 131.031
39.98000 16154 127.098
40.00000 15690 125.26
40.02000 15229 123.406
40.04000 14887 122.012
40.06000 14268 119.449
40.08000 13825 117.58
40.10000 13420 115.845
40.12000 12860 113.402
40.14000 13015 114.083
40.16000 12732 112.836
40.18000 12333 111.054
40.20000 12209 110.494
40.22000 12103 110.014
40.24000 12352 111.14
40.26000 12275 110.793
40.28000 12463 111.638
40.30000 12814 113.199
40.32000 13011 114.066
40.34000 13385 115.694
40.36000 13906 117.924
40.38000 13881 117.818
40.40000 14457 120.237
40.42000 14655 121.058
40.44000 14930 122.188
40.46000 14544 120.599
40.48000 14639 120.992
40.50000 14348 119.783
40.52000 14428 120.117
40.54000 14368 119.867
40.56000 14241 119.336
40.58000 13767 117.333
40.60000 13880 117.813
40.62000 13784 117.405
40.64000 13296 115.308
40.66000 13610 116.662
40.68000 13822 117.567
40.70000 13889 117.852
40.72000 14096 118.727
40.74000 14292 119.549
40.76000 14592 120.797
40.78000 14611 120.876
40.80000 14499 120.412
40.82000 14467 120.279
40.84000 14172 119.046
40.86000 13884 117.83
40.88000 13679 116.957
40.90000 13366 115.611
40.92000 12928 113.701
40.94000 12927 113.697
40.96000 12917 113.653
40.98000 12576 112.143
41.00000 12587 112.192
41.02000 12914 113.64
41.04000 13094 114.429
41.06000 13699 117.043
41.08000 13886 117.839
41.10000 14392 119.967
41.12000 15221 123.373
41.14000 15524 124.595
41.16000 15829 125.813
41.18000 15999 126.487
41.20000 15918 126.167
41.22000 16207 127.307
41.24000 16389 128.02
41.26000 16927 130.104
41.28000 17479 132.208
41.30000 17791 133.383
41.32000 18100 134.536
41.34000 18679 136.671
41.36000 18370 135.536
41.38000 18317 135.34
41.40000 18240 135.056
41.42000 18024 134.253
41.44000 17861 133.645
41.46000 17566 132.537
41.48000 16768 129.491
41.50000 15571 124.784
41.52000 15506 124.523
41.54000 15137 123.033
41.56000 14835 121.799
41.58000 14608 120.864
41.60000 14292 119.549
41.62000 14318 119.658
41.64000 14264 119.432
41.66000 13981 118.241
41.68000 13907 117.928
41.70000 14049 118.528
41.72000 13660 116.876
41.74000 13477 116.09
41.76000 13571 116.495
41.78000 13508 116.224
41.80000 13459 116.013
41.82000 13483 116.116
41.84000 13334 115.473
41.86000 13525 116.297
41.88000 13531 116.323
41.90000 13410 115.802
41.92000 13689 117
41.94000 13787 117.418
41.96000 13635 116.769
41.98000 13502 116.198
42.00000 13374 115.646
42.02000 13098 114.446
42.04000 12734 112.845
42.06000 12507 111.835
42.08000 12415 111.423
42.10000 12268 110.761
42.12000 11937 109.257
42.14000 11967 109.394
42.16000 11916 109.16
42.18000 11743 108.365
42.20000 11760 108.444
42.22000 11858 108.894
42.24000 12079 109.905
42.26000 11919 109.174
42.28000 11874 108.968
42.30000 11439 106.953
42.32000 11443 106.972
42.34000 11160 105.641
42.36000 11270 106.16
42.38000 10841 104.12
42.40000 11026 105.005
42.42000 10888 104.346
42.44000 10826 104.048
42.46000 10731 103.591
42.48000 11007 104.914
42.50000 10944 104.614
42.52000 10922 104.508
42.54000 11161 105.646
42.56000 11484 107.163
42.58000 11586 107.638
42.60000 12037 109.713
42.62000 12668 112.552
42.64000 13047 114.223
42.66000 13992 118.288
42.68000 14646 121.021
42.70000 15776 125.603
42.72000 16604 128.857
42.74000 17455 132.117
42.76000 18296 135.263
42.78000 18541 136.165
42.80000 18667 136.627
42.82000 19122 138.282
42.84000 19144 138.362
42.86000 19657 140.203
42.88000 19673 140.26
42.90000 19548 139.814
42.92000 18630 136.492
42.94000 18676 136.66
42.96000 17997 134.153
42.98000 17687 132.992
43.00000 17375 131.814
43.02000 16503 128.464
43.04000 16051 126.693
43.06000 15714 125.355
43.08000 15285 123.633
43.10000 14983 122.405
43.12000 14479 120.329
43.14000 14162 119.004
43.16000 13728 117.167
43.18000 13342 115.508
43.20000 13115 114.521
43.22000 12729 112.823
43.24000 12089 109.95
43.26000 11997 109.531
43.28000 11724 108.277
43.30000 11683 108.088
43.32000 11386 106.705
43.34000 11346 106.518
43.36000 11278 106.198
43.38000 10959 104.685
43.40000 11293 106.269
43.42000 11036 105.052
43.44000 10987 104.819
43.46000 11168 105.679
43.48000 10912 104.461
43.50000 11011 104.933
43.52000 11312 106.358
43.54000 10948 104.633
43.56000 11188 105.773
43.58000 10950 104.642
43.60000 11299 106.297
43.62000 11408 106.808
43.64000 11689 108.116
43.66000 12021 109.64
43.68000 12105 110.023
43.70000 12553 112.04
43.72000 12779 113.044
43.74000 13280 115.239
43.76000 13603 116.632
43.78000 13728 117.167
43.80000 13794 117.448
43.82000 13635 116.769
43.84000 13486 116.129
43.86000 13681 116.966
43.88000 14028 118.44
43.90000 14431 120.129
43.92000 14921 122.152
43.94000 15456 124.322
43.96000 16284 127.609
43.98000 17204 131.164
44.00000 17746 133.214
44.02000 18592 136.352
44.04000 19429 139.388
44.06000 19480 139.571
44.08000 19817 140.773
44.10000 19455 139.481
44.12000 19190 138.528
44.14000 18556 136.22
44.16000 17551 132.48
44.18000 16773 129.511
44.20000 15676 125.204
44.22000 15045 122.658
44.24000 14432 120.133
44.26000 13813 117.529
44.28000 13121 114.547
44.30000 12658 112.508
44.32000 12522 111.902
44.34000 12089 109.95
44.36000 11982 109.462
44.38000 11987 109.485
44.40000 11893 109.055
44.42000 11968 109.398
44.44000 12259 110.72
44.46000 11979 109.449
44.48000 12081 109.914
44.50000 11881 109
44.52000 11947 109.302
44.54000 11867 108.936
44.56000 11972 109.417
44.58000 11524 107.35
44.60000 11421 106.869
44.62000 11171 105.693
44.64000 11154 105.612
44.66000 10983 104.8
44.68000 11161 105.646
44.70000 10882 104.317
44.72000 10957 104.676
44.74000 10825 104.043
44.76000 11189 105.778
44.78000 11124 105.47
44.80000 11142 105.556
44.82000 11328 106.433
44.84000 11430 106.911
44.86000 11488 107.182
44.88000 11563 107.531
44.90000 11536 107.406
44.92000 11618 107.787
44.94000 11582 107.62
44.96000 11516 107.313
44.98000 11384 106.696
45.00000 11692 108.13
45.02000 11736 108.333
45.04000 11926 109.206
45.06000 11860 108.904
45.08000 12057 109.804
45.10000 12241 110.639
45.12000 12604 112.268
45.14000 12628 112.374
45.16000 12821 113.23
45.18000 13068 114.315
45.20000 13310 115.369
45.22000 13402 115.767
45.24000 13282 115.248
45.26000 12804 113.155
45.28000 12794 113.111
45.30000 12223 110.558
45.32000 12165 110.295
45.34000 11715 108.236
45.36000 11401 106.775
45.38000 11325 106.419
45.40000 10967 104.723
45.42000 10960 104.69
45.44000 10592 102.917
45.46000 10948 104.633
45.48000 10733 103.6
45.50000 10913 104.465
45.52000 10889 104.35
45.54000 11173 105.702
45.56000 11282 106.217
45.58000 11641 107.893
45.60000 11842 108.821
45.62000 12075 109.886
45.64000 12332 111.05
45.66000 12615 112.317
45.68000 12689 112.645
45.70000 12619 112.334
45.72000 12642 112.437
45.74000 12494 111.777
45.76000 12264 110.743
45.78000 12250 110.68
45.80000 11915 109.156
45.82000 12044 109.745
45.84000 12031 109.686
45.86000 12408 111.391
45.88000 12525 111.915
45.90000 13009 114.057
45.92000 13415 115.823
45.94000 13837 117.631
45.96000 14345 119.771
45.98000 14846 121.844
46.00000 15425 124.197
46.02000 15615 124.96
46.04000 16037 126.637
46.06000 15959 126.329
46.08000 16233 127.409
46.10000 16680 129.151
46.12000 16997 130.373
46.14000 17307 131.556
46.16000 17376 131.818
46.18000 17276 131.438
46.20000 17353 131.731
46.22000 17202 131.156
46.24000 17290 131.491
46.26000 16810 129.653
46.28000 16148 127.075
46.30000 15613 124.952
46.32000 15066 122.744
46.34000 14649 121.033
46.36000 14211 119.21
46.38000 13535 116.34
46.40000 12952 113.807
46.42000 12172 110.327
46.44000 11840 108.812
46.46000 11412 106.827
46.48000 10930 104.547
46.50000 10827 104.053
46.52000 10466 102.303
46.54000 10356 101.764
46.56000 10209 101.04
46.58000 10089 100.444
46.60000 10021 100.105
46.62000 10117 100.583
46.64000 10037 100.185
46.66000 10141 100.703
46.68000 10158 100.787
46.70000 10256 101.272
46.72000 10218 101.084
46.74000 10642 103.16
46.76000 10758 103.721
46.78000 10984 104.805
46.80000 11487 107.177
46.82000 11362 106.593
46.84000 11477 107.131
46.86000 11673 108.042
46.88000 11880 108.995
46.90000 11585 107.634
46.92000 11380 106.677
46.94000 11584 107.629
46.96000 11186 105.764
46.98000 10876 104.288
47.00000 10861 104.216
47.02000 10802 103.933
47.04000 10587 102.893
47.06000 10390 101.931
47.08000 10397 101.966
47.10000 10240 101.193
47.12000 10157 100.782
47.14000 10064 100.319
47.16000 10071 100.354
47.18000 10150 100.747
47.20000 10061 100.305
47.22000 9982 99.91
47.24000 10239 101.188
47.26000 10017 100.085
47.28000 10072 100.359
47.30000 10162 100.807
47.32000 10194 100.965
47.34000 10188 100.936
47.36000 10154 100.767
47.38000 10073 100.364
47.40000 10179 100.891
47.42000 10017 100.085
47.44000 10145 100.722
47.46000 10158 100.787
47.48000 10327 101.622
47.50000 10388 101.922
47.52000 10559 102.757
47.54000 10600 102.956
47.56000 10688 103.383
47.58000 10924 104.518
47.60000 10993 104.848
47.62000 11268 106.151
47.64000 11569 107.559
47.66000 11529 107.373
47.68000 11633 107.856
47.70000 11736 108.333
47.72000 11916 109.16
47.74000 12037 109.713
47.76000 12361 111.18
47.78000 12518 111.884
47.80000 12783 113.062
47.82000 13172 114.769
47.84000 13416 115.827
47.86000 13618 116.696
47.88000 13967 118.182
47.90000 13986 118.262
47.92000 14399 119.996
47.94000 13889 117.852
47.96000 13719 117.128
47.98000 13687 116.991
48.00000 13342 115.508
48.02000 13458 116.009
48.04000 13705 117.068
48.06000 13770 117.346
48.08000 14279 119.495
48.10000 14964 122.327
48.12000 15231 123.414
48.14000 16167 127.15
48.16000 16650 129.035
48.18000 17054 130.591
48.20000 17523 132.374
48.22000 17775 133.323
48.24000 17516 132.348
48.26000 17116 130.828
48.28000 16528 128.561
48.30000 16133 127.016
48.32000 15511 124.543
48.34000 15096 122.866
48.36000 14388 119.95
48.38000 14006 118.347
48.40000 13146 114.656
48.42000 12665 112.539
48.44000 12382 111.274
48.46000 12048 109.763
48.48000 11923 109.192
48.50000 11804 108.646
48.52000 11843 108.826
48.54000 12178 110.354
48.56000 12508 111.839
48.58000 12655 112.494
48.60000 13299 115.321
48.62000 13286 115.265
48.64000 13791 117.435
48.66000 14281 119.503
48.68000 14190 119.122
48.70000 14470 120.291
48.72000 14395 119.979
48.74000 14439 120.162
48.76000 14570 120.706
48.78000 14342 119.758
48.80000 14411 120.046
48.82000 14161 119
48.84000 14126 118.853
48.86000 13589 116.572
48.88000 13042 114.202
48.90000 12649 112.468
48.92000 12585 112.183
48.94000 12244 110.653
48.96000 11722 108.268
48.98000 11457 107.037
49.00000 11472 107.107
49.02000 10877 104.293
49.04000 10910 104.451
49.06000 10772 103.788
49.08000 10672 103.305
49.10000 10532 102.626
49.12000 10531 102.621
49.14000 10495 102.445
49.16000 10369 101.828
49.18000 10417 102.064
49.20000 10335 101.661
49.22000 10203 101.01
49.24000 10233 101.158
49.26000 10111 100.553
49.28000 10005 100.025
49.30000 9959 99.7948
49.32000 9929 99.6444
49.34000 9802 99.0051
49.36000 9973 99.8649
49.38000 9931 99.6544
49.40000 9982 99.91
49.42000 10172 100.856
49.44000 10311 101.543
49.46000 10512 102.528
49.48000 10386 101.912
49.50000 10528 102.606
49.52000 10533 102.63
49.54000 10430 102.127
49.56000 10724 103.557
49.58000 10718 103.528
49.60000 10863 104.226
49.62000 10787 103.86
49.64000 10909 104.446
49.66000 11038 105.062
49.68000 11306 106.33
49.70000 11383 106.691
49.72000 11089 105.304
49.74000 10978 104.776
49.76000 11091 105.314
49.78000 10959 104.685
49.80000 10974 104.757
49.82000 10750 103.682
49.84000 10749 103.677
49.86000 10539 102.66
49.88000 10375 101.858
49.90000 10300 101.489
49.92000 10226 101.124
49.94000 10263 101.306
49.96000 10283 101.405
49.98000 10067 100.334
50.00000 10265 101.316
50.02000 10444 102.196
50.04000 10633 103.116
50.06000 10291 101.445
50.08000 10713 103.504
50.10000 10911 104.456
50.12000 10822 104.029
50.14000 10662 103.257
50.16000 10669 103.291
50.18000 10363 101.799
50.20000 10358 101.774
50.22000 10217 101.079
50.24000 10222 101.104
50.26000 10070 100.349
50.28000 10033 100.165
50.30000 10107 100.534
50.32000 10101 100.504
50.34000 9859 99.2925
50.36000 9982 99.91
50.38000 10065 100.324
50.40000 10241 101.198
50.42000 10277 101.376
50.44000 10585 102.883
50.46000 10780 103.827
50.48000 10828 104.058
50.50000 10829 104.062
50.52000 10776 103.808
50.54000 10894 104.374
50.56000 10982 104.795
50.58000 10917 104.484
50.60000 10919 104.494
50.62000 11141 105.551
50.64000 11222 105.934
50.66000 11443 106.972
50.68000 11552 107.48
50.70000 11592 107.666
50.72000 11762 108.453
50.74000 11810 108.674
50.76000 11928 109.215
50.78000 11927 109.211
50.80000 12141 110.186
50.82000 11906 109.115
50.84000 12144 110.2
50.86000 12029 109.677
50.88000 12149 110.223
50.90000 12357 111.162
50.92000 12578 112.152
50.94000 12874 113.464
50.96000 13465 116.039
50.98000 13369 115.624
51.00000 13716 117.115
51.02000 13815 117.537
51.04000 13582 116.542
51.06000 13612 116.67
51.08000 13509 116.228
51.10000 13344 115.516
51.12000 13285 115.261
51.14000 13274 115.213
51.16000 13300 115.326
51.18000 13387 115.702
51.20000 13079 114.363
51.22000 13208 114.926
51.24000 13011 114.066
51.26000 13020 114.105
51.28000 12755 112.938
51.30000 12760 112.96
51.32000 12845 113.336
51.34000 12633 112.397
51.36000 13017 114.092
51.38000 12899 113.574
51.40000 12937 113.741
51.42000 13144 114.647
51.44000 13215 114.957
51.46000 13015 114.083
51.48000 12755 112.938
51.50000 12564 112.089
51.52000 12514 111.866
51.54000 12237 110.621
51.56000 12070 109.864
51.58000 12243 110.648
51.60000 12198 110.445
51.62000 12412 111.409
51.64000 12010 109.59
51.66000 12197 110.44
51.68000 12251 110.684
51.70000 12313 110.964
51.72000 12165 110.295
51.74000 12088 109.945
51.76000 11812 108.683
51.78000 11530 107.378
51.80000 11392 106.733
51.82000 11303 106.316
51.84000 11127 105.485
51.86000 10896 104.384
51.88000 10788 103.865
51.90000 10220 101.094
51.92000 10012 100.06
51.94000 10266 101.321
51.96000 9984 99.92
51.98000 9983 99.915
52.00000 9908 99.5389
52.02000 9824 99.1161
52.04000 9662 98.2955
52.06000 9513 97.5346
52.08000 9379 96.8452
52.10000 9312 96.4987
52.12000 9477 97.3499
52.14000 9325 96.566
52.16000 8979 94.7576
52.18000 9121 95.5039
52.20000 9178 95.8019
52.22000 8938 94.541
52.24000 8899 94.3345
52.26000 9118 95.4882
52.28000 9044 95.0999
52.30000 9003 94.8841
52.32000 8962 94.6678
52.34000 9161 95.7131
52.36000 9007 94.9052
52.38000 9084 95.31
52.40000 9243 96.1405
52.42000 9247 96.1613
52.44000 9265 96.2549
52.46000 9294 96.4054
52.48000 9386 96.8814
52.50000 9693 98.453
52.52000 9814 99.0656
52.54000 10017 100.085
52.56000 10431 102.132
52.58000 10763 103.745
52.60000 10984 104.805
52.62000 11221 105.929
52.64000 11754 108.416
52.66000 12040 109.727
52.68000 11999 109.54
52.70000 12401 111.36
52.72000 11994 109.517
52.74000 12057 109.804
52.76000 11844 108.83
52.78000 11462 107.061
52.80000 11158 105.631
52.82000 11058 105.157
52.84000 10771 103.783
52.86000 10555 102.738
52.88000 10238 101.183
52.90000 10057 100.285
52.92000 9833 99.1615
52.94000 9631 98.1377
52.96000 9483 97.3807
52.98000 9424 97.0773
53.00000 9406 96.9845
53.02000 9460 97.2625
53.04000 9489 97.4115
53.06000 9638 98.1733
53.08000 9627 98.1173
53.10000 9659 98.2802
53.12000 9844 99.2169
53.14000 9943 99.7146
53.16000 10168 100.837
53.18000 10357 101.769
53.20000 10606 102.985
53.22000 10533 102.63
53.24000 10477 102.357
53.26000 10484 102.391
53.28000 10604 102.976
53.30000 10679 103.339
53.32000 10650 103.199
53.34000 10862 104.221
53.36000 10743 103.648
53.38000 10733 103.6
53.40000 10734 103.605
53.42000 10775 103.803
53.44000 10634 103.121
53.46000 10403 101.995
53.48000 10198 100.985
53.50000 10275 101.366
53.52000 10398 101.971
53.54000 10354 101.755
53.56000 10251 101.247
53.58000 10248 101.232
53.60000 10067 100.334
53.62000 10153 100.762
53.64000 10027 100.135
53.66000 9819 99.0909
53.68000 9891 99.4535
53.70000 9538 97.6627
53.72000 9523 97.5859
53.74000 9555 97.7497
53.76000 9456 97.242
53.78000 9489 97.4115
53.80000 9314 96.5091
53.82000 9200 95.9166
53.84000 9267 96.2653
53.86000 9258 96.2185
53.88000 9175 95.7862
53.90000 8888 94.2762
53.92000 8897 94.3239
53.94000 8921 94.451
53.96000 8780 93.7017
53.98000 8812 93.8723
54.00000 8825 93.9415
54.02000 8772 93.659
54.04000 8859 94.1223
54.06000 8716 93.3595
54.08000 8849 94.0691
54.10000 9148 95.6452
54.12000 9059 95.1788
54.14000 9066 95.2155
54.16000 8973 94.7259
54.18000 8857 94.1116
54.20000 8977 94.747
54.22000 8989 94.8103
54.24000 9217 96.0052
54.26000 9241 96.1301
54.28000 9231 96.0781
54.30000 9397 96.9381
54.32000 9583 97.8928
54.34000 9714 98.5596
54.36000 9874 99.368
54.38000 10052 100.26
54.40000 10149 100.742
54.42000 10692 103.402
54.44000 10767 103.764
54.46000 11022 104.986
54.48000 11046 105.1
54.50000 11345 106.513
54.52000 11519 107.327
54.54000 11404 106.79
54.56000 11368 106.621
54.58000 11431 106.916
54.60000 11687 108.106
54.62000 11264 106.132
54.64000 11438 106.949
54.66000 11419 106.86
54.68000 11677 108.06
54.70000 11896 109.069
54.72000 12250 110.68
54.74000 12072 109.873
54.76000 12295 110.883
54.78000 12311 110.955
54.80000 12243 110.648
54.82000 12170 110.318
54.84000 12104 110.018
54.86000 11967 109.394
54.88000 11664 108
54.90000 11380 106.677
54.92000 11271 106.165
54.94000 11237 106.005
54.96000 10851 104.168
54.98000 10368 101.823
55.00000 10222 101.104
55.02000 9882 99.4082
55.04000 9498 97.4577
55.06000 9277 96.3172
55.08000 9370 96.7988
55.10000 9149 95.6504
55.12000 9126 95.5301
55.14000 8658 93.0484
55.16000 8859 94.1223
55.18000 8626 92.8763
55.20000 8355 91.4057
55.22000 8432 91.8259
55.24000 8440 91.8695
55.26000 8158 90.3216
55.28000 8205 90.5815
55.30000 8227 90.7028
55.32000 8129 90.161
55.34000 8173 90.4046
55.36000 8162 90.3438
55.38000 8023 89.5712
55.40000 8076 89.8666
55.42000 7921 89
55.44000 8031 89.6158
55.46000 8021 89.56
55.48000 7960 89.2188
55.50000 7942 89.1179
55.52000 8058 89.7664
55.54000 7998 89.4315
55.56000 7950 89.1628
55.58000 8003 89.4595
55.60000 8014 89.5209
55.62000 7900 88.8819
55.64000 8033 89.627
55.66000 7925 89.0225
55.68000 8185 90.471
55.70000 8201 90.5594
55.72000 8040 89.666
55.74000 8075 89.861
55.76000 8041 89.6716
55.78000 8131 90.1721
55.80000 8168 90.377
55.82000 8160 90.3327
55.84000 8170 90.3881
55.86000 8152 90.2884
55.88000 8191 90.5041
55.90000 8366 91.4658
55.92000 8181 90.4489
55.94000 8328 91.2579
55.96000 8311 91.1647
55.98000 8519 92.2984
56.00000 8724 93.4024
56.02000 8833 93.984
56.04000 8999 94.8631
56.06000 9290 96.3846
56.08000 9294 96.4054
56.10000 9470 97.3139
56.12000 9325 96.566
56.14000 9473 97.3293
56.16000 9283 96.3483
56.18000 9165 95.734
56.20000 9138 95.5929
56.22000 9124 95.5196
56.24000 9226 96.0521
56.26000 9005 94.8947
56.28000 8980 94.7629
56.30000 9117 95.483
56.32000 8935 94.5251
56.34000 9074 95.2575
56.36000 9026 95.0053
56.38000 8888 94.2762
56.40000 9189 95.8593
56.42000 8856 94.1063
56.44000 8845 94.0479
56.46000 8719 93.3756
56.48000 8916 94.4246
56.50000 8908 94.3822
56.52000 8662 93.0699
56.54000 8821 93.9202
56.56000 8583 92.6445
56.58000 8684 93.188
56.60000 8457 91.9619
56.62000 8643 92.9677
56.64000 8463 91.9946
56.66000 8353 91.3947
56.68000 8429 91.8096
56.70000 8498 92.1846
56.72000 8417 91.7442
56.74000 8568 92.5635
56.76000 8266 90.9175
56.78000 8276 90.9725
56.80000 8338 91.3126
56.82000 8237 90.7579
56.84000 8259 90.879
56.86000 8205 90.5815
56.88000 8203 90.5704
56.90000 8252 90.8405
56.92000 8231 90.7249
56.94000 8380 91.5423
56.96000 8343 91.34
56.98000 8450 91.9239
57.00000 8533 92.3742
57.02000 8701 93.2792
57.04000 8674 93.1343
57.06000 8768 93.6376
57.08000 8771 93.6536
57.10000 8816 93.8936
57.12000 8827 93.9521
57.14000 8685 93.1933
57.16000 8924 94.4669
57.18000 8872 94.1913
57.20000 9000 94.8683
57.22000 9137 95.5877
57.24000 9059 95.1788
57.26000 9003 94.8841
57.28000 9264 96.2497
57.30000 9143 95.619
57.32000 9114 95.4673
57.34000 9057 95.1683
57.36000 8917 94.4299
57.38000 8788 93.7443
57.40000 8719 93.3756
57.42000 8933 94.5145
57.44000 8906 94.3716
57.46000 8938 94.541
57.48000 8976 94.7418
57.50000 8895 94.3133
57.52000 8935 94.5251
57.54000 8713 93.3435
57.56000 8940 94.5516
57.58000 8887 94.2709
57.60000 8651 93.0108
57.62000 8436 91.8477
57.64000 8502 92.2063
57.66000 8379 91.5369
57.68000 8353 91.3947
57.70000 8125 90.1388
57.72000 8192 90.5097
57.74000 8154 90.2995
57.76000 7935 89.0786
57.78000 8049 89.7162
57.80000 7808 88.3629
57.82000 7994 89.4092
57.84000 7988 89.3756
57.86000 7919 88.9888
57.88000 7973 89.2917
57.90000 8049 89.7162
57.92000 8079 89.8833
57.94000 8087 89.9277
57.96000 8258 90.8735
57.98000 8285 91.022
58.00000 8180 90.4434
58.02000 8367 91.4713
58.04000 8097 89.9833
58.06000 8165 90.3604
58.08000 8022 89.5656
58.10000 7979 89.3252
58.12000 7920 88.9944
58.14000 8199 90.5483
58.16000 8023 89.5712
58.18000 8126 90.1443
58.20000 8071 89.8387
58.22000 8076 89.8666
58.24000 7985 89.3588
58.26000 8096 89.9778
58.28000 8091 89.95
58.30000 8433 91.8314
58.32000 8361 91.4385
58.34000 8422 91.7715
58.36000 8685 93.1933
58.38000 8727 93.4184
58.40000 8901 94.3451
58.42000 8961 94.6626
58.44000 9343 96.6592
58.46000 9339 96.6385
58.48000 9316 96.5194
58.50000 9446 97.1905
58.52000 9508 97.509
58.54000 9584 97.8979
58.56000 9841 99.2018
58.58000 9929 99.6444
58.60000 10021 100.105
58.62000 10090 100.449
58.64000 10374 101.853
58.66000 9974 99.8699
58.68000 10086 100.429
58.70000 9718 98.5799
58.72000 9668 98.326
58.74000 9497 97.4526
58.76000 9348 96.6851
58.78000 9225 96.0469
58.80000 9013 94.9368
58.82000 8901 94.3451
58.84000 8849 94.0691
58.86000 8670 93.1128
58.88000 8473 92.0489
58.90000 8366 91.4658
58.92000 8361 91.4385
58.94000 8175 90.4157
58.96000 7921 89
58.98000 7744 88
59.00000 7762 88.1022
59.02000 7625 87.3212
59.04000 7628 87.3384
59.06000 7362 85.8021
59.08000 7592 87.1321
59.10000 7294 85.4049
59.12000 7493 86.5621
59.14000 7468 86.4176
59.16000 7374 85.872
59.18000 7401 86.0291
59.20000 7186 84.7703
59.22000 7285 85.3522
59.24000 7232 85.0412
59.26000 7324 85.5804
59.28000 7309 85.4927
59.30000 7279 85.3171
59.32000 7267 85.2467
59.34000 7446 86.2902
59.36000 7310 85.4985
59.38000 7337 85.6563
59.40000 7300 85.44
59.42000 7103 84.2793
59.44000 7201 84.8587
59.46000 7340 85.6738
59.48000 7285 85.3522
59.50000 7180 84.7349
59.52000 7203 84.8705
59.54000 7305 85.4693
59.56000 7146 84.534
59.58000 7173 84.6936
59.60000 7150 84.5577
59.62000 7349 85.7263
59.64000 7373 85.8662
59.66000 7520 86.7179
59.68000 7414 86.1046
59.70000 7362 85.8021
59.72000 7492 86.5563
59.74000 7737 87.9602
59.76000 7583 87.0804
59.78000 7550 86.8907
59.80000 7631 87.3556
59.82000 7855 88.6284
59.84000 7799 88.3119
59.86000 7966 89.2525
59.88000 8058 89.7664
59.90000 8063 89.7942
59.92000 7890 88.8257
59.94000 7937 89.0898
59.96000 7826 88.4647
59.98000 7854 88.6228
60.00000 7754 88.0568
60.02000 7684 87.6584
60.04000 7653 87.4814
60.06000 7789 88.2553
60.08000 7462 86.3829
60.10000 7542 86.8447
60.12000 7512 86.6718
60.14000 7403 86.0407
60.16000 7519 86.7122
60.18000 7288 85.3698
60.20000 7414 86.1046
60.22000 7404 86.0465
60.24000 7343 85.6913
60.26000 7315 85.5278
60.28000 7364 85.8138
60.30000 7321 85.5628
60.32000 7390 85.9651
60.34000 7398 86.0116
60.36000 7551 86.8965
60.38000 7392 85.9767
60.40000 7539 86.8274
60.42000 7356 85.7671
60.44000 7545 86.862
60.46000 7420 86.1394
60.48000 7660 87.5214
60.50000 7423 86.1568
60.52000 7710 87.8066
60.54000 7807 88.3572
60.56000 7822 88.4421
60.58000 7737 87.9602
60.60000 7795 88.2893
60.62000 7771 88.1533
60.64000 7784 88.227
60.66000 7767 88.1306
60.68000 7790 88.261
60.70000 7908 88.9269
60.72000 7820 88.4308
60.74000 7850 88.6002
60.76000 7766 88.1249
60.78000 7971 89.2805
60.80000 7827 88.4703
60.82000 7727 87.9034
60.84000 7606 87.2124
60.86000 7629 87.3441
60.88000 7637 87.3899
60.90000 7587 87.1034
60.92000 7333 85.6329
60.94000 7765 88.1192
60.96000 7482 86.4986
60.98000 7664 87.5443
61.00000 7661 87.5271
61.02000 7749 88.0284
61.04000 7896 88.8594
61.06000 7931 89.0562
61.08000 8129 90.161
61.10000 8389 91.5915
61.12000 8313 91.1757
61.14000 8618 92.8332
61.16000 8811 93.8669
61.18000 8583 92.6445
61.20000 8749 93.5361
61.22000 8547 92.45
61.24000 8710 93.3274
61.26000 8450 91.9239
61.28000 8297 91.0879
61.30000 8277 90.978
61.32000 8215 90.6366
61.34000 8140 90.2219
61.36000 8054 89.7441
61.38000 8015 89.5265
61.40000 7821 88.4364
61.42000 7942 89.1179
61.44000 7820 88.4308
61.46000 7824 88.4534
61.48000 7723 87.8806
61.50000 7767 88.1306
61.52000 7811 88.3799
61.54000 7917 88.9775
61.56000 8006 89.4763
61.58000 8135 90.1942
61.60000 8109 90.05
61.62000 8212 90.6201
61.64000 8353 91.3947
61.66000 8608 92.7793
61.68000 8665 93.086
61.70000 8740 93.488
61.72000 8815 93.8882
61.74000 8862 94.1382
61.76000 8873 94.1966
61.78000 8767 93.6323
61.80000 8636 92.9301
61.82000 8532 92.3688
61.84000 8532 92.3688
61.86000 8440 91.8695
61.88000 8349 91.3729
61.90000 8095 89.9722
61.92000 8202 90.5649
61.94000 8170 90.3881
61.96000 8083 89.9055
61.98000 7947 89.1459
62.00000 7957 89.202
62.02000 7848 88.5889
62.04000 7765 88.1192
62.06000 7788 88.2496
62.08000 7657 87.5043
62.10000 7592 87.1321
62.12000 7488 86.5332
62.14000 7505 86.6314
62.16000 7394 85.9884
62.18000 7303 85.4576
62.20000 7119 84.3742
62.22000 7278 85.3112
62.24000 7179 84.729
62.26000 7010 83.7257
62.28000 6969 83.4805
62.30000 7120 84.3801
62.32000 6880 82.9458
62.34000 6913 83.1445
62.36000 6700 81.8535
62.38000 6870 82.8855
62.40000 6911 83.1324
62.42000 6829 82.6378
62.44000 6619 81.3572
62.46000 6893 83.0241
62.48000 6724 82
62.50000 6742 82.1097
62.52000 6725 82.0061
62.54000 6833 82.662
62.56000 6848 82.7526
62.58000 6749 82.1523
62.60000 6890 83.006
62.62000 6905 83.0963
62.64000 6912 83.1384
62.66000 6904 83.0903
62.68000 6875 82.9156
62.70000 6999 83.66
62.72000 6960 83.4266
62.74000 7077 84.1249
62.76000 7077 84.1249
62.78000 7123 84.3979
62.80000 6981 83.5524
62.82000 7170 84.6759
62.84000 7127 84.4216
62.86000 6955 83.3966
62.88000 7051 83.9702
62.90000 7128 84.4275
62.92000 7084 84.1665
62.94000 7200 84.8528
62.96000 7020 83.7854
62.98000 7172 84.6877
63.00000 6820 82.5833
63.02000 6960 83.4266
63.04000 7067 84.0655
63.06000 6793 82.4197
63.08000 6928 83.2346
63.10000 6773 82.2982
63.12000 6844 82.7285
63.14000 6796 82.4379
63.16000 6820 82.5833
63.18000 6928 83.2346
63.20000 6686 81.768
63.22000 6755 82.1888
63.24000 6706 81.8902
63.26000 6626 81.4002
63.28000 6601 81.2465
63.30000 6533 80.827
63.32000 6582 81.1295
63.34000 6655 81.5782
63.36000 6696 81.8291
63.38000 6756 82.1949
63.40000 6688 81.7802
63.42000 6552 80.9444
63.44000 6615 81.3327
63.46000 6659 81.6027
63.48000 6650 81.5475
63.50000 6907 83.1084
63.52000 6653 81.5659
63.54000 6796 82.4379
63.56000 6919 83.1805
63.58000 6859 82.8191
63.60000 6847 82.7466
63.62000 6818 82.5712
63.64000 6828 82.6317
63.66000 7021 83.7914
63.68000 7075 84.113
63.70000 7183 84.7526
63.72000 7081 84.1487
63.74000 7193 84.8116
63.76000 7261 85.2115
63.78000 7394 85.9884
63.80000 7446 86.2902
63.82000 7317 85.5395
63.84000 7607 87.2181
63.86000 7736 87.9545
63.88000 7612 87.2468
63.90000 7563 86.9655
63.92000 7593 87.1378
63.94000 7604 87.2009
63.96000 7642 87.4185
63.98000 7631 87.3556
64.00000 7650 87.4643
64.02000 7775 88.176
64.04000 7569 87
64.06000 7736 87.9545
64.08000 7636 87.3842
64.10000 7696 87.7268
64.12000 7677 87.6185
64.14000 7489 86.539
64.16000 7625 87.3212
64.18000 7418 86.1278
64.20000 7672 87.59
64.22000 7391 85.9709
64.24000 7283 85.3405
64.26000 7402 86.0349
64.28000 7255 85.1763
64.30000 7275 85.2936
64.32000 7268 85.2526
64.34000 7152 84.5695
64.36000 7353 85.7496
64.38000 7041 83.9107
64.40000 7164 84.6404
64.42000 7169 84.6699
64.44000 6970 83.4865
64.46000 6876 82.9216
64.48000 6810 82.5227
64.50000 6879 82.9397
64.52000 6903 83.0843
64.54000 6884 82.9699
64.56000 6982 83.5584
64.58000 6821 82.5893
64.60000 6588 81.1665
64.62000 6849 82.7587
64.64000 6750 82.1584
64.66000 6639 81.4801
64.68000 6759 82.2131
64.70000 6752 82.1706
64.72000 6773 82.2982
64.74000 6764 82.2435
64.76000 6796 82.4379
64.78000 6883 82.9638
64.80000 6869 82.8794
64.82000 6952 83.3787
64.84000 7305 85.4693
64.86000 7239 85.0823
64.88000 7131 84.4452
64.90000 7200 84.8528
64.92000 7206 84.8882
64.94000 7398 86.0116
64.96000 7237 85.0706
64.98000 7351 85.738
65.00000 7152 84.5695
65.02000 7140 84.4985
65.04000 7260 85.2056
65.06000 7073 84.1011
65.08000 7049 83.9583
65.10000 7155 84.5872
65.12000 7055 83.994
65.14000 7091 84.2081
65.16000 7101 84.2674
65.18000 6907 83.1084
65.20000 6894 83.0301
65.22000 6857 82.807
65.24000 6889 83
65.26000 6885 82.9759
65.28000 6826 82.6196
65.30000 6880 82.9458
65.32000 6853 82.7828
65.34000 6777 82.3225
65.36000 6843 82.7224
65.38000 6881 82.9518
65.40000 6874 82.9096
65.42000 6627 81.4064
65.44000 6797 82.4439
65.46000 6663 81.6272
65.48000 6771 82.2861
65.50000 6691 81.7985
65.52000 6778 82.3286
65.54000 6824 82.6075
65.56000 6872 82.8975
65.58000 6823 82.6015
65.60000 6647 81.5291
65.62000 6855 82.7949
65.64000 6768 82.2679
65.66000 6723 81.9939
65.68000 6770 82.28
65.70000 6836 82.6801
65.72000 6839 82.6982
65.74000 6876 82.9216
65.76000 7069 84.0773
65.78000 6884 82.9699
65.80000 6760 82.2192
65.82000 6724 82
65.84000 6783 82.359
65.86000 6911 83.1324
65.88000 6666 81.6456
65.90000 6808 82.5106
65.92000 6765 82.2496
65.94000 6759 82.2131
65.96000 6898 83.0542
65.98000 6737 82.0792
66.00000 6689 81.7863
66.02000 6613 81.3204
66.04000 6760 82.2192
66.06000 6735 82.067
66.08000 6805 82.4924
66.10000 6861 82.8312
66.12000 6965 83.4566
66.14000 6986 83.5823
66.16000 6854 82.7889
66.18000 6984 83.5703
66.20000 7012 83.7377
66.22000 7073 84.1011
66.24000 6898 83.0542
66.26000 7153 84.5754
66.28000 7030 83.8451
66.30000 7118 84.3682
66.32000 7146 84.534
66.34000 7216 84.947
66.36000 7217 84.9529
66.38000 7294 85.4049
66.40000 7513 86.6776
66.42000 7310 85.4985
66.44000 7493 86.5621
66.46000 7405 86.0523
66.48000 7639 87.4014
66.50000 7472 86.4407
66.52000 7582 87.0747
66.54000 7523 86.7352
66.56000 7280 85.3229
66.58000 7500 86.6025
66.60000 7552 86.9022
66.62000 7575 87.0345
66.64000 7454 86.3366
66.66000 7587 87.1034
66.68000 7734 87.9432
66.70000 7329 85.6096
66.72000 7477 86.4696
66.74000 7452 86.325
66.76000 7656 87.4986
66.78000 7538 86.8217
66.80000 7504 86.6256
66.82000 7493 86.5621
66.84000 7288 85.3698
66.86000 7305 85.4693
66.88000 7298 85.4283
66.90000 7216 84.947
66.92000 7087 84.1843
66.94000 7054 83.9881
66.96000 7011 83.7317
66.98000 7111 84.3267
67.00000 6953 83.3847
67.02000 6833 82.662
67.04000 7028 83.8332
67.06000 6939 83.3007
67.08000 6846 82.7406
67.10000 6941 83.3127
67.12000 6860 82.8251
67.14000 6829 82.6378
67.16000 6781 82.3468
67.18000 6701 81.8596
67.20000 6866 82.8613
67.22000 6671 81.6762
67.24000 6647 81.5291
67.26000 6711 81.9207
67.28000 6785 82.3711
67.30000 6784 82.365
67.32000 6859 82.8191
67.34000 6645 81.5169
67.36000 6696 81.8291
67.38000 6589 81.1727
67.40000 6656 81.5843
67.42000 6588 81.1665
67.44000 6625 81.3941
67.46000 6716 81.9512
67.48000 6711 81.9207
67.50000 6787 82.3833
67.52000 6726 82.0122
67.54000 6652 81.5598
67.56000 6712 81.9268
67.58000 6590 81.1788
67.60000 6810 82.5227
67.62000 6681 81.7374
67.64000 6709 81.9085
67.66000 6705 81.8841
67.68000 6594 81.2034
67.70000 6673 81.6884
67.72000 6741 82.1036
67.74000 6804 82.4864
67.76000 6649 81.5414
67.78000 6830 82.6438
67.80000 6738 82.0853
67.82000 6962 83.4386
67.84000 6944 83.3307
67.86000 6931 83.2526
67.88000 6874 82.9096
67.90000 6950 83.3667
67.92000 7075 84.113
67.94000 6915 83.1565
67.96000 6973 83.5045
67.98000 6716 81.9512
68.00000 6785 82.3711
68.02000 6824 82.6075
68.04000 6765 82.2496
68.06000 6873 82.9036
68.08000 6868 82.8734
68.10000 6740 82.0975
68.12000 6879 82.9397
68.14000 6725 82.0061
68.16000 6642 81.4985
68.18000 6680 81.7313
68.20000 6623 81.3818
68.22000 6745 82.1279
68.24000 6814 82.547
68.26000 6684 81.7557
68.28000 6686 81.768
68.30000 6770 82.28
68.32000 6609 81.2958
68.34000 6413 80.0812
68.36000 6689 81.7863
68.38000 6584 81.1419
68.40000 6483 80.5171
68.42000 6615 81.3327
68.44000 6688 81.7802
68.46000 6543 80.8888
68.48000 6599 81.2342
68.50000 6436 80.2247
68.52000 6572 81.0679
68.54000 6635 81.4555
68.56000 6704 81.878
68.58000 6547 80.9135
68.60000 6615 81.3327
68.62000 6784 82.365
68.64000 6517 80.7279
68.66000 6413 80.0812
68.68000 6706 81.8902
68.70000 6449 80.3057
68.72000 6745 82.1279
68.74000 6575 81.0864
68.76000 6582 81.1295
68.78000 6474 80.4612
68.80000 6703 81.8719
68.82000 6473 80.455
68.84000 6519 80.7403
68.86000 6690 81.7924
68.88000 6622 81.3757
68.90000 6556 80.9691
68.92000 6816 82.5591
68.94000 6623 81.3818
68.96000 6828 82.6317
68.98000 6796 82.4379
69.00000 6784 82.365
69.02000 6749 82.1523
69.04000 6914 83.1505
69.06000 6933 83.2646
69.08000 6940 83.3067
69.10000 7120 84.3801
69.12000 7330 85.6154
69.14000 7377 85.8895
69.16000 7553 86.908
69.18000 7449 86.3076
69.20000 7413 86.0988
69.22000 7675 87.6071
69.24000 7683 87.6527
69.26000 7516 86.6949
69.28000 7378 85.8953
69.30000 7343 85.6913
69.32000 7324 85.5804
69.34000 7484 86.5101
69.36000 7437 86.238
69.38000 7395 85.9942
69.40000 7544 86.8562
69.42000 7399 86.0174
69.44000 7420 86.1394
69.46000 7359 85.7846
69.48000 7269 85.2584
69.50000 7218 84.9588
69.52000 7235 85.0588
69.54000 7172 84.6877
69.56000 7168 84.664
69.58000 7129 84.4334
69.60000 7058 84.0119
69.62000 7127 84.4216
69.64000 7174 84.6995
69.66000 7090 84.2021
69.68000 7016 83.7616
69.70000 6781 82.3468
69.72000 6818 82.5712
69.74000 6729 82.0305
69.76000 6886 82.9819
69.78000 6718 81.9634
69.80000 6817 82.5651
69.82000 6631 81.431
69.84000 6668 81.6578
69.86000 6536 80.8455
69.88000 6531 80.8146
69.90000 6439 80.2434
69.92000 6582 81.1295
69.94000 6426 80.1623
69.96000 6360 79.7496
69.98000 6310 79.4355
70.00000 6389 79.9312
70.02000 6477 80.4798
70.04000 6410 80.0625
70.06000 6417 80.1062
70.08000 6416 80.0999
70.10000 6588 81.1665
70.12000 6478 80.486
70.14000 6394 79.9625
70.16000 6343 79.643
70.18000 6370 79.8123
70.20000 6330 79.5613
70.22000 6420 80.1249
70.24000 6487 80.5419
70.26000 6357 79.7308
70.28000 6431 80.1935
70.30000 6503 80.6412
70.32000 6687 81.7741
70.34000 6634 81.4494
70.36000 6699 81.8474
70.38000 6716 81.9512
70.40000 6635 81.4555
70.42000 6802 82.4742
70.44000 6775 82.3104
70.46000 6690 81.7924
70.48000 6761 82.2253
70.50000 6726 82.0122
70.52000 6750 82.1584
70.54000 6685 81.7618
70.56000 6652 81.5598
70.58000 6591 81.185
70.60000 6819 82.5772
70.62000 6707 81.8963
70.64000 6842 82.7164
70.66000 6702 81.8657
70.68000 6572 81.0679
70.70000 6453 80.3306
70.72000 6563 81.0123
70.74000 6547 80.9135
70.76000 6376 79.8499
70.78000 6498 80.6102
70.80000 6498 80.6102
70.82000 6501 80.6288
70.84000 6234 78.9557
70.86000 6322 79.511
70.88000 6320 79.4984
70.90000 6237 78.9747
70.92000 6422 80.1374
70.94000 6381 79.8812
70.96000 6416 80.0999
70.98000 6303 79.3914
71.00000 6275 79.2149
71.02000 6257 79.1012
71.04000 6240 78.9937
71.06000 6368 79.7997
71.08000 6356 79.7245
71.10000 6414 80.0875
71.12000 6381 79.8812
71.14000 6165 78.5175
71.16000 6233 78.9494
71.18000 6210 78.8036
71.20000 6191 78.6829
71.22000 6398 79.9875
71.24000 6333 79.5801
71.26000 6351 79.6932
71.28000 6214 78.8289
71.30000 6340 79.6241
71.32000 6395 79.9687
71.34000 6480 80.4984
71.36000 6509 80.6784
71.38000 6570 81.0555
71.40000 6528 80.796
71.42000 6588 81.1665
71.44000 6612 81.3142
71.46000 6675 81.7007
71.48000 6616 81.3388
71.50000 6601 81.2465
71.52000 6811 82.5288
71.54000 6659 81.6027
71.56000 6764 82.2435
71.58000 6578 81.1049
71.60000 6582 81.1295
71.62000 6573 81.074
71.64000 6724 82
71.66000 6669 81.6639
71.68000 6619 81.3572
71.70000 6570 81.0555
71.72000 6516 80.7217
71.74000 6594 81.2034
71.76000 6624 81.388
71.78000 6466 80.4114
71.80000 6505 80.6536
71.82000 6509 80.6784
71.84000 6443 80.2683
71.86000 6373 79.8311
71.88000 6505 80.6536
71.90000 6475 80.4674
71.92000 6343 79.643
71.94000 6295 79.341
71.96000 6293 79.3284
71.98000 6088 78.0256
72.00000 6201 78.7464
72.02000 6253 79.0759
72.04000 6183 78.6321
72.06000 6228 78.9177
72.08000 6196 78.7147
72.10000 6167 78.5302
72.12000 6229 78.924
72.14000 6234 78.9557
72.16000 6270 79.1833
72.18000 6327 79.5424
72.20000 6322 79.511
72.22000 6254 79.0822
72.24000 6625 81.3941
72.26000 6405 80.0312
72.28000 6539 80.8641
72.30000 6437 80.2309
72.32000 6342 79.6367
72.34000 6513 80.7032
72.36000 6411 80.0687
72.38000 6465 80.4052
72.40000 6436 80.2247
72.42000 6722 81.9878
72.44000 6565 81.0247
72.46000 6763 82.2375
72.48000 6746 82.134
72.50000 6822 82.5954
72.52000 6654 81.5721
72.54000 6692 81.8046
72.56000 6801 82.4682
72.58000 6749 82.1523
72.60000 6850 82.7647
72.62000 6826 82.6196
72.64000 6819 82.5772
72.66000 6681 81.7374
72.68000 6740 82.0975
72.70000 6624 81.388
72.72000 6677 81.7129
72.74000 6688 81.7802
72.76000 6473 80.455
72.78000 6687 81.7741
72.80000 6750 82.1584
72.82000 6602 81.2527
72.84000 6416 80.0999
72.86000 6532 80.8208
72.88000 6662 81.6211
72.90000 6506 80.6598
72.92000 6535 80.8393
72.94000 6447 80.2932
72.96000 6430 80.1873
72.98000 6553 80.9506
73.00000 6620 81.3634
73.02000 6648 81.5353
73.04000 6681 81.7374
73.06000 6662 81.6211
73.08000 6752 82.1706
73.10000 6602 81.2527
73.12000 6498 80.6102
73.14000 6646 81.523
73.16000 6829 82.6378
73.18000 6561 81
73.20000 6453 80.3306
73.22000 6461 80.3803
73.24000 6555 80.963
73.26000 6296 79.3473
73.28000 6445 80.2808
73.30000 6358 79.7371
73.32000 6390 79.9375
73.34000 6448 80.2994
73.36000 6328 79.5487
73.38000 6391 79.9437
73.40000 6298 79.3599
73.42000 6314 79.4607
73.44000 6164 78.5111
73.46000 6353 79.7057
73.48000 6351 79.6932
73.50000 6367 79.7935
73.52000 6246 79.0316
73.54000 6448 80.2994
73.56000 6195 78.7083
73.58000 6359 79.7433
73.60000 6337 79.6053
73.62000 6330 79.5613
73.64000 6335 79.5927
73.66000 6289 79.3032
73.68000 6200 78.7401
73.70000 6255 79.0886
73.72000 6194 78.702
73.74000 6039 77.711
73.76000 6132 78.3071
73.78000 6041 77.7239
73.80000 6099 78.0961
73.82000 5960 77.201
73.84000 6197 78.721
73.86000 6204 78.7655
73.88000 6208 78.7909
73.90000 6229 78.924
73.92000 6021 77.5951
73.94000 6183 78.6321
73.96000 6167 78.5302
73.98000 6183 78.6321
74.00000 5995 77.4274
74.02000 6237 78.9747
74.04000 6249 79.0506
74.06000 6189 78.6702
74.08000 6171 78.5557
74.10000 6318 79.4858
74.12000 6206 78.7782
74.14000 6282 79.2591
74.16000 6317 79.4796
74.18000 6294 79.3347
74.20000 6250 79.0569
74.22000 6336 79.599
74.24000 6424 80.1499
74.26000 6442 80.2621
74.28000 6399 79.9937
74.30000 6381 79.8812
74.32000 6540 80.8703
74.34000 6451 80.3181
74.36000 6423 80.1436
74.38000 6482 80.5109
74.40000 6490 80.5605
74.42000 6270 79.1833
74.44000 6469 80.4301
74.46000 6341 79.6304
74.48000 6403 80.0187
74.50000 6373 79.8311
74.52000 6517 80.7279
74.54000 6346 79.6618
74.56000 6491 80.5667
74.58000 6281 79.2528
74.60000 6330 79.5613
74.62000 6258 79.1075
74.64000 6223 78.886
74.66000 6175 78.5812
74.68000 6174 78.5748
74.70000 6079 77.9679
74.72000 6157 78.4666
74.74000 6027 77.6338
74.76000 6202 78.7528
74.78000 6109 78.1601
74.80000 6170 78.5493
74.82000 6056 77.8203
74.84000 6235 78.962
74.86000 6219 78.8606
74.88000 6076 77.9487
74.90000 6104 78.1281
74.92000 5948 77.1233
74.94000 6074 77.9359
74.96000 5948 77.1233
74.98000 6130 78.2943
75.00000 6138 78.3454
75.02000 6387 79.9187
75.04000 6230 78.9303
75.06000 6283 79.2654
75.08000 6387 79.9187
75.10000 6323 79.5173
75.12000 6263 79.1391
75.14000 6486 80.5357
75.16000 6357 79.7308
75.18000 6476 80.4736
75.20000 6544 80.895
75.22000 6599 81.2342
75.24000 6608 81.2896
75.26000 6565 81.0247
75.28000 6556 80.9691
75.30000 6563 81.0123
75.32000 6613 81.3204
75.34000 6761 82.2253
75.36000 6752 82.1706
75.38000 6827 82.6257
75.40000 6729 82.0305
75.42000 6778 82.3286
75.44000 6723 81.9939
75.46000 6376 79.8499
75.48000 6551 80.9382
75.50000 6519 80.7403
75.52000 6376 79.8499
75.54000 6438 80.2371
75.56000 6452 80.3243
75.58000 6407 80.0437
75.60000 6549 80.9259
75.62000 6337 79.6053
75.64000 6401 80.0062
75.66000 6344 79.6492
75.68000 6428 80.1748
75.70000 6219 78.8606
75.72000 6354 79.712
75.74000 6421 80.1311
75.76000 6294 79.3347
75.78000 6360 79.7496
75.80000 6215 78.8353
75.82000 6234 78.9557
75.84000 6223 78.886
75.86000 6324 79.5236
75.88000 6128 78.2815
75.90000 6314 79.4607
75.92000 6263 79.1391
75.94000 6458 80.3617
75.96000 6269 79.177
75.98000 6295 79.341
76.00000 6309 79.4292
76.02000 6335 79.5927
76.04000 6292 79.3221
76.06000 6127 78.2752
76.08000 6255 79.0886
76.10000 6276 79.2212
76.12000 6258 79.1075
76.14000 6345 79.6555
76.16000 6408 80.05
76.18000 6282 79.2591
76.20000 6443 80.2683
76.22000 6261 79.1265
76.24000 6484 80.5233
76.26000 6533 80.827
76.28000 6483 80.5171
76.30000 6460 80.3741
76.32000 6447 80.2932
76.34000 6455 80.343
76.36000 6474 80.4612
76.38000 6339 79.6178
76.40000 6701 81.8596
76.42000 6708 81.9024
76.44000 6633 81.4432
76.46000 6646 81.523
76.48000 6556 80.9691
76.50000 6497 80.604
76.52000 6655 81.5782
76.54000 6614 81.3265
76.56000 6520 80.7465
76.58000 6647 81.5291
76.60000 6561 81
76.62000 6518 80.7341
76.64000 6578 81.1049
76.66000 6539 80.8641
76.68000 6523 80.7651
76.70000 6612 81.3142
76.72000 6638 81.4739
76.74000 6491 80.5667
76.76000 6591 81.185
76.78000 6490 80.5605
76.80000 6607 81.2835
76.82000 6610 81.3019
76.84000 6524 80.7713
76.86000 6449 80.3057
76.88000 6462 80.3866
76.90000 6244 79.019
76.92000 6321 79.5047
76.94000 6375 79.8436
76.96000 6377 79.8561
76.98000 6267 79.1644
77.00000 6321 79.5047
77.02000 6206 78.7782
77.04000 6052 77.7946
77.06000 6073 77.9295
77.08000 6274 79.2086
77.10000 6092 78.0513
77.12000 6007 77.5048
77.14000 6007 77.5048
77.16000 6139 78.3518
77.18000 6330 79.5613
77.20000 6144 78.3837
77.22000 6044 77.7432
77.24000 6077 77.9551
77.26000 6098 78.0897
77.28000 5988 77.3822
77.30000 6068 77.8974
77.32000 6039 77.711
77.34000 6094 78.0641
77.36000 6144 78.3837
77.38000 6042 77.7303
77.40000 6017 77.5693
77.42000 5895 76.7789
77.44000 6032 77.666
77.46000 6034 77.6788
77.48000 6108 78.1537
77.50000 5992 77.408
77.52000 5981 77.3369
77.54000 5940 77.0714
77.56000 6027 77.6338
77.58000 6055 77.8139
77.60000 6051 77.7882
77.62000 6124 78.256
77.64000 6000 77.4597
77.66000 6039 77.711
77.68000 6000 77.4597
77.70000 6076 77.9487
77.72000 5934 77.0325
77.74000 6112 78.1793
77.76000 6173 78.5684
77.78000 6089 78.032
77.80000 6069 77.9038
77.82000 5977 77.3111
77.84000 6138 78.3454
77.86000 6038 77.7046
77.88000 6170 78.5493
77.90000 6189 78.6702
77.92000 6145 78.3901
77.94000 6186 78.6511
77.96000 6144 78.3837
77.98000 6290 79.3095
78.00000 6261 79.1265
78.02000 6178 78.6003
78.04000 6192 78.6893
78.06000 6156 78.4602
78.08000 6128 78.2815
78.10000 6255 79.0886
78.12000 6234 78.9557
78.14000 6415 80.0937
78.16000 6215 78.8353
78.18000 6277 79.2275
78.20000 6290 79.3095
78.22000 6193 78.6956
78.24000 6270 79.1833
78.26000 6144 78.3837
78.28000 6172 78.5621
78.30000 6347 79.6681
78.32000 6233 78.9494
78.34000 6272 79.196
78.36000 6134 78.3199
78.38000 6131 78.3007
78.40000 6329 79.555
78.42000 6114 78.1921
78.44000 6337 79.6053
78.46000 6290 79.3095
78.48000 6324 79.5236
78.50000 6265 79.1518
78.52000 6371 79.8185
78.54000 6267 79.1644
78.56000 6343 79.643
78.58000 6261 79.1265
78.60000 6324 79.5236
78.62000 6299 79.3662
78.64000 6407 80.0437
78.66000 6322 79.511
78.68000 6271 79.1896
78.70000 6332 79.5739
78.72000 6267 79.1644
78.74000 6242 79.0063
78.76000 6247 79.038
78.78000 6359 79.7433
78.80000 6247 79.038
78.82000 6238 78.981
78.84000 6289 79.3032
78.86000 6198 78.7274
78.88000 6304 79.3977
78.90000 6314 79.4607
78.92000 6263 79.1391
78.94000 6065 77.8781
78.96000 6215 78.8353
78.98000 6241 79
79.00000 6228 78.9177
79.02000 6269 79.177
79.04000 6172 78.5621
79.06000 6168 78.5366
79.08000 6293 79.3284
79.10000 6168 78.5366
79.12000 6369 79.806
79.14000 6173 78.5684
79.16000 6227 78.9113
79.18000 6209 78.7972
79.20000 6111 78.1729
79.22000 6180 78.613
79.24000 6118 78.2176
79.26000 6183 78.6321
79.28000 6112 78.1793
79.30000 6168 78.5366
79.32000 6091 78.0449
79.34000 6212 78.8162
79.36000 6164 78.5111
79.38000 6104 78.1281
79.40000 6083 77.9936
79.42000 5928 76.9935
79.44000 6129 78.2879
79.46000 6103 78.1217
79.48000 6065 77.8781
79.50000 5959 77.1946
79.52000 6077 77.9551
79.54000 6208 78.7909
79.56000 6056 77.8203
79.58000 6046 77.756
79.60000 6156 78.4602
79.62000 6273 79.2023
79.64000 6203 78.7591
79.66000 6048 77.7689
79.68000 6176 78.5875
79.70000 6182 78.6257
79.72000 6262 79.1328
79.74000 6135 78.3262
79.76000 6272 79.196
79.78000 6042 77.7303
79.80000 5876 76.6551
79.82000 5997 77.4403
79.84000 6077 77.9551
79.86000 6043 77.7367
79.88000 5974 77.2917
79.90000 6050 77.7817
79.92000 5908 76.8635
79.94000 6026 77.6273
79.96000 6052 77.7946
79.98000 5818 76.2758
80.00000 6014 77.55
80.02000 5976 77.3046
80.04000 5925 76.974
80.06000 5924 76.9675
80.08000 5829 76.3479
80.10000 5782 76.0395
80.12000 5837 76.4003
80.14000 5851 76.4918
80.16000 5887 76.7268
80.18000 5771 75.9671
80.20000 5898 76.7984
80.22000 5785 76.0592
80.24000 5869 76.6094
80.26000 5955 77.1686
80.28000 5894 76.7724
80.30000 5869 76.6094
80.32000 5793 76.1118
80.34000 5815 76.2561
80.36000 5841 76.4264
80.38000 5923 76.961
80.40000 5924 76.9675
80.42000 5664 75.2596
80.44000 5824 76.3151
80.46000 5770 75.9605
80.48000 5891 76.7529
80.50000 5847 76.4657
80.52000 5807 76.2037
80.54000 5824 76.3151
80.56000 5785 76.0592
80.58000 5828 76.3413
80.60000 5737 75.743
80.62000 5789 76.0855
80.64000 5844 76.4461
80.66000 5862 76.5637
80.68000 5862 76.5637
80.70000 5868 76.6029
80.72000 5962 77.214
80.74000 5828 76.3413
80.76000 5874 76.642
80.78000 5977 77.3111
80.80000 6052 77.7946
80.82000 5873 76.6355
80.84000 6021 77.5951
80.86000 5886 76.7203
80.88000 6116 78.2049
80.90000 6017 77.5693
80.92000 6023 77.608
80.94000 5954 77.1622
80.96000 6164 78.5111
80.98000 6151 78.4283
81.00000 6069 77.9038
81.02000 6026 77.6273
81.04000 6192 78.6893
81.06000 6015 77.5564
81.08000 5962 77.214
81.10000 6245 79.0253
81.12000 5926 76.9805
81.14000 6022 77.6015
81.16000 6138 78.3454
81.18000 5892 76.7594
81.20000 6034 77.6788
81.22000 5792 76.1052
81.24000 6130 78.2943
81.26000 5903 76.831
81.28000 5918 76.9285
81.30000 5811 76.2299
81.32000 5946 77.1103
81.34000 6051 77.7882
81.36000 5852 76.4984
81.38000 5893 76.7659
81.40000 5957 77.1816
81.42000 5916 76.9155
81.44000 5940 77.0714
81.46000 5830 76.3544
81.48000 5869 76.6094
81.50000 5790 76.092
81.52000 5892 76.7594
81.54000 5915 76.909
81.56000 5827 76.3348
81.58000 5950 77.1362
81.60000 5923 76.961
81.62000 5783 76.046
81.64000 5868 76.6029
81.66000 6024 77.6144
81.68000 6083 77.9936
81.70000 5981 77.3369
81.72000 5825 76.3217
81.74000 6035 77.6853
81.76000 6002 77.4726
81.78000 5895 76.7789
81.80000 5867 76.5963
81.82000 5855 76.518
81.84000 5982 77.3434
81.86000 5769 75.9539
81.88000 5783 76.046
81.90000 5946 77.1103
81.92000 5817 76.2693
81.94000 5942 77.0844
81.96000 5797 76.138
81.98000 5797 76.138
82.00000 5620 74.9667
82.02000 5667 75.2795
82.04000 5774 75.9868
82.06000 5669 75.2928
82.08000 5694 75.4586
82.10000 5791 76.0986
82.12000 5606 74.8732
82.14000 5550 74.4983
82.16000 5768 75.9474
82.18000 5763 75.9144
82.20000 5766 75.9342
82.22000 5692 75.4453
82.24000 5663 75.2529
82.26000 5727 75.6769
82.28000 5776 76
82.30000 5766 75.9342
82.32000 5632 75.0467
82.34000 5850 76.4853
82.36000 5804 76.184
82.38000 5671 75.306
82.40000 5853 76.5049
82.42000 5723 75.6505
82.44000 5813 76.243
82.46000 5791 76.0986
82.48000 5772 75.9737
82.50000 5749 75.8222
82.52000 5791 76.0986
82.54000 5762 75.9078
82.56000 5901 76.818
82.58000 5884 76.7072
82.60000 5684 75.3923
82.62000 5772 75.9737
82.64000 5700 75.4983
82.66000 5845 76.4526
82.68000 5735 75.7298
82.70000 5704 75.5248
82.72000 5639 75.0933
82.74000 5748 75.8156
82.76000 5738 75.7496
82.78000 5733 75.7166
82.80000 5712 75.5778
82.82000 5503 74.1822
82.84000 5556 74.5386
82.86000 5573 74.6525
82.88000 5462 73.9053
82.90000 5639 75.0933
82.92000 5333 73.0274
82.94000 5648 75.1532
82.96000 5499 74.1552
82.98000 5601 74.8398
83.00000 5467 73.9392
83.02000 5570 74.6324
83.04000 5437 73.736
83.06000 5449 73.8173
83.08000 5472 73.973
83.10000 5380 73.3485
83.12000 5440 73.7564
83.14000 5522 74.3102
83.16000 5476 74
83.18000 5680 75.3658
83.20000 5437 73.736
83.22000 5485 74.0608
83.24000 5574 74.6592
83.26000 5572 74.6458
83.28000 5564 74.5922
83.30000 5542 74.4446
83.32000 5528 74.3505
83.34000 5489 74.0878
83.36000 5659 75.2263
83.38000 5503 74.1822
83.40000 5699 75.4917
83.42000 5620 74.9667
83.44000 5509 74.2226
83.46000 5695 75.4652
83.48000 5637 75.08
83.50000 5623 74.9867
83.52000 5636 75.0733
83.54000 5613 74.92
83.56000 5542 74.4446
83.58000 5609 74.8933
83.60000 5731 75.7034
83.62000 5688 75.4188
83.64000 5665 75.2662
83.66000 5573 74.6525
83.68000 5636 75.0733
83.70000 5755 75.8617
83.72000 5623 74.9867
83.74000 5686 75.4056
83.76000 5616 74.94
83.78000 5650 75.1665
83.80000 5708 75.5513
83.82000 5700 75.4983
83.84000 5683 75.3857
83.86000 5680 75.3658
83.88000 5691 75.4387
83.90000 5850 76.4853
83.92000 5656 75.2064
83.94000 5736 75.7364
83.96000 5676 75.3392
83.98000 5716 75.6042
84.00000 5728 75.6836
84.02000 5701 75.505
84.04000 5805 76.1906
84.06000 6074 77.9359
84.08000 5848 76.4722
84.10000 5862 76.5637
84.12000 5806 76.1971
84.14000 5842 76.433
84.16000 6012 77.5371
84.18000 5761 75.9013
84.20000 5912 76.8895
84.22000 5613 74.92
84.24000 5689 75.4255
84.26000 5753 75.8485
84.28000 5591 74.773
84.30000 5677 75.3459
84.32000 5596 74.8064
84.34000 5702 75.5116
84.36000 5845 76.4526
84.38000 5755 75.8617
84.40000 5761 75.9013
84.42000 5803 76.1774
84.44000 5574 74.6592
84.46000 5704 75.5248
84.48000 5733 75.7166
84.50000 5543 74.4513
84.52000 5657 75.213
84.54000 5600 74.8331
84.56000 5629 75.0267
84.58000 5586 74.7395
84.60000 5609 74.8933
84.62000 5660 75.233
84.64000 5722 75.6439
84.66000 5627 75.0133
84.68000 5536 74.4043
84.70000 5432 73.7021
84.72000 5655 75.1997
84.74000 5564 74.5922
84.76000 5421 73.6274
84.78000 5524 74.3236
84.80000 5517 74.2765
84.82000 5565 74.5989
84.84000 5511 74.2361
84.86000 5546 74.4715
84.88000 5499 74.1552
84.90000 5651 75.1731
84.92000 5495 74.1283
84.94000 5521 74.3034
84.96000 5567 74.6123
84.98000 5480 74.027
85.00000 5389 73.4098
85.02000 5431 73.6953
85.04000 5570 74.6324
85.06000 5522 74.3102
85.08000 5379 73.3417
85.10000 5582 74.7128
85.12000 5374 73.3076
85.14000 5424 73.6478
85.16000 5407 73.5323
85.18000 5526 74.3371
85.20000 5434 73.7157
85.22000 5300 72.8011
85.24000 5472 73.973
85.26000 5412 73.5663
85.28000 5433 73.7089
85.30000 5484 74.054
85.32000 5386 73.3894
85.34000 5478 74.0135
85.36000 5453 73.8444
85.38000 5628 75.02
85.40000 5464 73.9189
85.42000 5631 75.04
85.44000 5544 74.458
85.46000 5493 74.1148
85.48000 5458 73.8783
85.50000 5648 75.1532
85.52000 5435 73.7225
85.54000 5572 74.6458
85.56000 5488 74.081
85.58000 5582 74.7128
85.60000 5566 74.6056
85.62000 5515 74.263
85.64000 5616 74.94
85.66000 5587 74.7462
85.68000 5555 74.5319
85.70000 5494 74.1215
85.72000 5514 74.2563
85.74000 5444 73.7835
85.76000 5507 74.2092
85.78000 5510 74.2294
85.80000 5502 74.1755
85.82000 5569 74.6257
85.84000 5651 75.1731
85.86000 5500 74.162
85.88000 5652 75.1798
85.90000 5522 74.3102
85.92000 5640 75.0999
85.94000 5550 74.4983
85.96000 5516 74.2698
85.98000 5386 73.3894
86.00000 5530 74.364
86.02000 5661 75.2396
86.04000 5521 74.3034
86.06000 5472 73.973
86.08000 5490 74.0945
86.10000 5523 74.3169
86.12000 5463 73.9121
86.14000 5375 73.3144
86.16000 5582 74.7128
86.18000 5523 74.3169
86.20000 5599 74.8265
86.22000 5471 73.9662
86.24000 5490 74.0945
86.26000 5510 74.2294
86.28000 5531 74.3707
86.30000 5389 73.4098
86.32000 5389 73.4098
86.34000 5503 74.1822
86.36000 5469 73.9527
86.38000 5386 73.3894
86.40000 5527 74.3438
86.42000 5413 73.5731
86.44000 5487 74.0743
86.46000 5693 75.452
86.48000 5462 73.9053
86.50000 5505 74.1957
86.52000 5519 74.29
86.54000 5592 74.7797
86.56000 5566 74.6056
86.58000 5435 73.7225
86.60000 5461 73.8986
86.62000 5489 74.0878
86.64000 5599 74.8265
86.66000 5584 74.7262
86.68000 5469 73.9527
86.70000 5616 74.94
86.72000 5439 73.7496
86.74000 5520 74.2967
86.76000 5562 74.5788
86.78000 5534 74.3909
86.80000 5479 74.0203
86.82000 5485 74.0608
86.84000 5578 74.686
86.86000 5584 74.7262
86.88000 5412 73.5663
86.90000 5584 74.7262
86.92000 5529 74.3572
86.94000 5545 74.4648
86.96000 5401 73.4915
86.98000 5457 73.8715
87.00000 5403 73.5051
87.02000 5539 74.4245
87.04000 5312 72.8835
87.06000 5339 73.0685
87.08000 5447 73.8038
87.10000 5438 73.7428
87.12000 5382 73.3621
87.14000 5463 73.9121
87.16000 5523 74.3169
87.18000 5586 74.7395
87.20000 5545 74.4648
87.22000 5330 73.0068
87.24000 5544 74.458
87.26000 5361 73.2189
87.28000 5359 73.2052
87.30000 5423 73.641
87.32000 5368 73.2666
87.34000 5416 73.5935
87.36000 5429 73.6817
87.38000 5367 73.2598
87.40000 5285 72.698
87.42000 5448 73.8106
87.44000 5237 72.3671
87.46000 5392 73.4302
87.48000 5298 72.7874
87.50000 5420 73.6206
87.52000 5294 72.7599
87.54000 5294 72.7599
87.56000 5373 73.3008
87.58000 5355 73.1779
87.60000 5542 74.4446
87.62000 5494 74.1215
87.64000 5231 72.3257
87.66000 5171 71.9097
87.68000 5217 72.2288
87.70000 5204 72.1388
87.72000 5258 72.5121
87.74000 5257 72.5052
87.76000 5315 72.904
87.78000 5295 72.7668
87.80000 5299 72.7942
87.82000 5195 72.0763
87.84000 5193 72.0625
87.86000 5210 72.1803
87.88000 5348 73.13
87.90000 5303 72.8217
87.92000 5195 72.0763
87.94000 5149 71.7565
87.96000 5235 72.3533
87.98000 5333 73.0274
88.00000 5206 72.1526
88.02000 5316 72.9109
88.04000 5214 72.208
88.06000 5204 72.1388
88.08000 5201 72.118
88.10000 5245 72.4224
88.12000 5042 71.007
88.14000 5152 71.7774
88.16000 5144 71.7217
88.18000 5230 72.3187
88.20000 5176 71.9444
88.22000 5236 72.3602
88.24000 5272 72.6085
88.26000 5228 72.3049
88.28000 5245 72.4224
88.30000 5256 72.4983
88.32000 5303 72.8217
88.34000 5213 72.2011
88.36000 5237 72.3671
88.38000 5364 73.2393
88.40000 5253 72.4776
88.42000 5144 71.7217
88.44000 5217 72.2288
88.46000 5321 72.9452
88.48000 5388 73.403
88.50000 5296 72.7736
88.52000 5407 73.5323
88.54000 5250 72.4569
88.56000 5206 72.1526
88.58000 5315 72.904
88.60000 5331 73.0137
88.62000 5237 72.3671
88.64000 5309 72.8629
88.66000 5329 73
88.68000 5263 72.5465
88.70000 5330 73.0068
88.72000 5204 72.1388
88.74000 5202 72.1249
88.76000 5138 71.6798
88.78000 5358 73.1984
88.80000 5294 72.7599
88.82000 5380 73.3485
88.84000 5228 72.3049
88.86000 5344 73.1027
88.88000 5284 72.6911
88.90000 5274 72.6223
88.92000 5194 72.0694
88.94000 5255 72.4914
88.96000 5219 72.2426
88.98000 5316 72.9109
89.00000 5237 72.3671
89.02000 5286 72.7049
89.04000 5276 72.6361
89.06000 5253 72.4776
89.08000 5236 72.3602
89.10000 5283 72.6842
89.12000 5124 71.5821
89.14000 5335 73.0411
89.16000 5267 72.5741
89.18000 5224 72.2772
89.20000 5254 72.4845
89.22000 5381 73.3553
89.24000 5227 72.298
89.26000 5289 72.7255
89.28000 5261 72.5328
89.30000 5229 72.3118
89.32000 5295 72.7668
89.34000 5327 72.9863
89.36000 5149 71.7565
89.38000 5239 72.3809
89.40000 5104 71.4423
89.42000 5264 72.5534
89.44000 5220 72.2496
89.46000 5281 72.6705
89.48000 5021 70.859
89.50000 5146 71.7356
89.52000 5100 71.4143
89.54000 5150 71.7635
89.56000 5226 72.2911
89.58000 5184 72
89.60000 5111 71.4913
89.62000 5246 72.4293
89.64000 5190 72.0417
89.66000 5174 71.9305
89.68000 5176 71.9444
89.70000 5198 72.0972
89.72000 5263 72.5465
89.74000 5230 72.3187
89.76000 5268 72.581
89.78000 5126 71.5961
89.80000 5339 73.0685
89.82000 5024 70.8802
89.84000 5292 72.7461
89.86000 5185 72.0069
89.88000 5183 71.9931
89.90000 5204 72.1388
89.92000 5065 71.1688
89.94000 5071 71.211
89.96000 5158 71.8192
89.98000 5082 71.2881
90.00000 5209 72.1734
90.02000 5325 72.9726
90.04000 5093 71.3653
90.06000 5068 71.1899
90.08000 5242 72.4017
90.10000 5160 71.8331
90.12000 5216 72.2219
90.14000 5187 72.0208
90.16000 5076 71.2461
90.18000 5080 71.2741
90.20000 5212 72.1942
90.22000 5322 72.952
90.24000 5290 72.7324
90.26000 5073 71.225
90.28000 5193 72.0625
90.30000 5132 71.638
90.32000 5023 70.8731
90.34000 5026 70.8943
90.36000 5204 72.1388
90.38000 5132 71.638
90.40000 5088 71.3302
90.42000 5218 72.2357
90.44000 5127 71.6031
90.46000 5202 72.1249
90.48000 5169 71.8958
90.50000 5181 71.9792
90.52000 5197 72.0902
90.54000 5255 72.4914
90.56000 5055 71.0985
90.58000 5217 72.2288
90.60000 5134 71.6519
90.62000 5185 72.0069
90.64000 5176 71.9444
90.66000 5191 72.0486
90.68000 5184 72
90.70000 5075 71.239
90.72000 5116 71.5262
90.74000 5022 70.8661
90.76000 5267 72.5741
90.78000 5140 71.6938
90.80000 5122 71.5681
90.82000 5178 71.9583
90.84000 5077 71.2531
90.86000 5006 70.7531
90.88000 5121 71.5612
90.90000 5151 71.7705
90.92000 5142 71.7077
90.94000 5082 71.2881
90.96000 5196 72.0833
90.98000 5096 71.3863
91.00000 5088 71.3302
91.02000 5078 71.2601
91.04000 5288 72.7186
91.06000 5181 71.9792
91.08000 5158 71.8192
91.10000 5273 72.6154
91.12000 5119 71.5472
91.14000 5071 71.211
91.16000 5063 71.1548
91.18000 5126 71.5961
91.20000 5191 72.0486
91.22000 5062 71.1477
91.24000 5136 71.6659
91.26000 5218 72.2357
91.28000 5374 73.3076
91.30000 5183 71.9931
91.32000 5122 71.5681
91.34000 5100 71.4143
91.36000 5103 71.4353
91.38000 5209 72.1734
91.40000 5302 72.8148
91.42000 5240 72.3878
91.44000 5206 72.1526
91.46000 5243 72.4086
91.48000 5221 72.2565
91.50000 5238 72.374
91.52000 5326 72.9794
91.54000 5206 72.1526
91.56000 5200 72.111
91.58000 5243 72.4086
91.60000 5293 72.753
91.62000 5153 71.7844
91.64000 5146 71.7356
91.66000 5202 72.1249
91.68000 5052 71.0774
91.70000 5138 71.6798
91.72000 5310 72.8697
91.74000 5135 71.6589
91.76000 5300 72.8011
91.78000 5110 71.4843
91.80000 5231 72.3257
91.82000 5273 72.6154
91.84000 5182 71.9861
91.86000 5201 72.118
91.88000 5042 71.007
91.90000 5108 71.4703
91.92000 5166 71.8749
91.94000 5189 72.0347
91.96000 5190 72.0417
91.98000 5121 71.5612
92.00000 5057 71.1126
92.02000 5148 71.7496
92.04000 5081 71.2811
92.06000 5261 72.5328
92.08000 5336 73.0479
92.10000 5073 71.225
92.12000 5045 71.0282
92.14000 5231 72.3257
92.16000 5162 71.8471
92.18000 5340 73.0753
92.20000 5330 73.0068
92.22000 5124 71.5821
92.24000 5134 71.6519
92.26000 5168 71.8888
92.28000 5209 72.1734
92.30000 5153 71.7844
92.32000 5117 71.5332
92.34000 5260 72.5259
92.36000 5155 71.7983
92.38000 5266 72.5672
92.40000 5072 71.218
92.42000 5162 71.8471
92.44000 5234 72.3464
92.46000 5223 72.2703
92.48000 5137 71.6729
92.50000 5275 72.6292
92.52000 5305 72.8354
92.54000 5293 72.753
92.56000 5210 72.1803
92.58000 5180 71.9722
92.60000 5107 71.4633
92.62000 5120 71.5542
92.64000 5181 71.9792
92.66000 5179 71.9653
92.68000 5053 71.0845
92.70000 5084 71.3022
92.72000 5163 71.854
92.74000 5095 71.3793
92.76000 4988 70.6258
92.78000 5093 71.3653
92.80000 5113 71.5052
92.82000 5145 71.7287
92.84000 5132 71.638
92.86000 5154 71.7914
92.88000 5175 71.9375
92.90000 5105 71.4493
92.92000 4892 69.9428
92.94000 4977 70.5479
92.96000 5118 71.5402
92.98000 4943 70.3065
93.00000 5145 71.7287
93.02000 5094 71.3723
93.04000 5144 71.7217
93.06000 5042 71.007
93.08000 5190 72.0417
93.10000 5101 71.4213
93.12000 5135 71.6589
93.14000 5068 71.1899
93.16000 5185 72.0069
93.18000 5135 71.6589
93.20000 5001 70.7177
93.22000 5069 71.1969
93.24000 5093 71.3653
93.26000 5025 70.8872
93.28000 5082 71.2881
93.30000 5107 71.4633
93.32000 5047 71.0422
93.34000 5125 71.5891
93.36000 5045 71.0282
93.38000 5167 71.8818
93.40000 4954 70.3847
93.42000 5103 71.4353
93.44000 5204 72.1388
93.46000 5105 71.4493
93.48000 5181 71.9792
93.50000 5024 70.8802
93.52000 5166 71.8749
93.54000 5120 71.5542
93.56000 4916 70.1142
93.58000 5157 71.8123
93.60000 5096 71.3863
93.62000 5204 72.1388
93.64000 5251 72.4638
93.66000 5314 72.8972
93.68000 5237 72.3671
93.70000 5214 72.208
93.72000 5181 71.9792
93.74000 5269 72.5879
93.76000 5185 72.0069
93.78000 5268 72.581
93.80000 5239 72.3809
93.82000 5323 72.9589
93.84000 5313 72.8903
93.86000 5275 72.6292
93.88000 5272 72.6085
93.90000 5362 73.2257
93.92000 5343 73.0958
93.94000 5270 72.5948
93.96000 5371 73.2871
93.98000 5365 73.2462
94.00000 5198 72.0972
94.02000 5373 73.3008
94.04000 5253 72.4776
94.06000 5227 72.298
94.08000 5255 72.4914
94.10000 5231 72.3257
94.12000 5079 71.2671
94.14000 5274 72.6223
94.16000 5286 72.7049
94.18000 5210 72.1803
94.20000 5370 73.2803
94.22000 5301 72.808
94.24000 5179 71.9653
94.26000 5232 72.3326
94.28000 5184 72
94.30000 5258 72.5121
94.32000 5213 72.2011
94.34000 5263 72.5465
94.36000 5240 72.3878
94.38000 5265 72.5603
94.40000 5284 72.6911
94.42000 5180 71.9722
94.44000 5211 72.1873
94.46000 5144 71.7217
94.48000 5194 72.0694
94.50000 5176 71.9444
94.52000 5124 71.5821
94.54000 5191 72.0486
94.56000 5108 71.4703
94.58000 5081 71.2811
94.60000 5131 71.631
94.62000 4925 70.1783
94.64000 5103 71.4353
94.66000 5166 71.8749
94.68000 5224 72.2772
94.70000 5199 72.1041
94.72000 5019 70.8449
94.74000 5040 70.993
94.76000 5145 71.7287
94.78000 4976 70.5408
94.80000 4970 70.4982
94.82000 5135 71.6589
94.84000 5168 71.8888
94.86000 5094 71.3723
94.88000 5026 70.8943
94.90000 4939 70.278
94.92000 4892 69.9428
94.94000 5014 70.8096
94.96000 5117 71.5332
94.98000 4955 70.3918
95.00000 5014 70.8096
95.02000 5040 70.993
95.04000 5162 71.8471
95.06000 4956 70.3989
95.08000 4996 70.6824
95.10000 5049 71.0563
95.12000 5016 70.8237
95.14000 4978 70.5549
95.16000 4989 70.6329
95.18000 4956 70.3989
95.20000 5093 71.3653
95.22000 4975 70.5337
95.24000 4955 70.3918
95.26000 5066 71.1758
95.28000 4910 70.0714
95.30000 4901 70.0071
95.32000 4932 70.2282
95.34000 4899 69.9929
95.36000 5010 70.7814
95.38000 5024 70.8802
95.40000 4973 70.5195
95.42000 5046 71.0352
95.44000 5189 72.0347
95.46000 5032 70.9366
95.48000 4884 69.8856
95.50000 5009 70.7743
95.52000 5031 70.9295
95.54000 4951 70.3633
95.56000 5103 71.4353
95.58000 4803 69.3037
95.60000 5027 70.9013
95.62000 4877 69.8355
95.64000 5041 71
95.66000 5081 71.2811
95.68000 5040 70.993
95.70000 5099 71.4073
95.72000 5015 70.8167
95.74000 4859 69.7065
95.76000 4882 69.8713
95.78000 4967 70.4769
95.80000 4862 69.728
95.82000 4930 70.214
95.84000 4821 69.4334
95.86000 4868 69.7711
95.88000 4866 69.7567
95.90000 4909 70.0643
95.92000 4857 69.6922
95.94000 5230 72.3187
95.96000 4942 70.2994
95.98000 4930 70.214
96.00000 4965 70.4628
96.02000 5053 71.0845
96.04000 4936 70.2567
96.06000 5040 70.993
96.08000 4998 70.6965
96.10000 5078 71.2601
96.12000 4965 70.4628
96.14000 4929 70.2068
96.16000 5118 71.5402
96.18000 5027 70.9013
96.20000 5069 71.1969
96.22000 5023 70.8731
96.24000 5209 72.1734
96.26000 5059 71.1266
96.28000 5177 71.9514
96.30000 5106 71.4563
96.32000 5089 71.3372
96.34000 5052 71.0774
96.36000 5082 71.2881
96.38000 5081 71.2811
96.40000 5033 70.9436
96.42000 4958 70.4131
96.44000 5220 72.2496
96.46000 5239 72.3809
96.48000 5113 71.5052
96.50000 5043 71.0141
96.52000 5079 71.2671
96.54000 5177 71.9514
96.56000 5188 72.0278
96.58000 5129 71.617
96.60000 5099 71.4073
96.62000 5211 72.1873
96.64000 4921 70.1498
96.66000 4978 70.5549
96.68000 5166 71.8749
96.70000 5138 71.6798
96.72000 4983 70.5904
96.74000 5203 72.1318
96.76000 5108 71.4703
96.78000 5004 70.739
96.80000 5126 71.5961
96.82000 5039 70.9859
96.84000 5008 70.7672
96.86000 5020 70.852
96.88000 5134 71.6519
96.90000 5124 71.5821
96.92000 5132 71.638
96.94000 5040 70.993
96.96000 5127 71.6031
96.98000 5073 71.225
97.00000 4956 70.3989
97.02000 4980 70.5691
97.04000 5023 70.8731
97.06000 4988 70.6258
97.08000 5045 71.0282
97.10000 4966 70.4699
97.12000 5059 71.1266
97.14000 5210 72.1803
97.16000 4942 70.2994
97.18000 4998 70.6965
97.20000 5021 70.859
97.22000 5009 70.7743
97.24000 4954 70.3847
97.26000 4994 70.6682
97.28000 5038 70.9789
97.30000 4935 70.2496
97.32000 5031 70.9295
97.34000 5130 71.624
97.36000 4941 70.2922
97.38000 5081 71.2811
97.40000 5071 71.211
97.42000 4852 69.6563
97.44000 5049 71.0563
97.46000 5080 71.2741
97.48000 5083 71.2952
97.50000 5058 71.1196
97.52000 4949 70.3491
97.54000 4844 69.5989
97.56000 5024 70.8802
97.58000 4816 69.3974
97.60000 4956 70.3989
97.62000 5030 70.9225
97.64000 4918 70.1285
97.66000 5018 70.8378
97.68000 4952 70.3704
97.70000 4876 69.8284
97.72000 4868 69.7711
97.74000 4973 70.5195
97.76000 5058 71.1196
97.78000 4828 69.4838
97.80000 4844 69.5989
97.82000 5029 70.9154
97.84000 4993 70.6612
97.86000 5019 70.8449
97.88000 4934 70.2424
97.90000 4940 70.2851
97.92000 4906 70.0428
97.94000 4846 69.6132
97.96000 4933 70.2353
97.98000 4879 69.8498
98.00000 4907 70.05
98.02000 4819 69.419
98.04000 4938 70.2709
98.06000 4817 69.4046
98.08000 4873 69.8069
98.10000 5090 71.3442
98.12000 4947 70.3349
98.14000 5014 70.8096
98.16000 4960 70.4273
98.18000 5029 70.9154
98.20000 4866 69.7567
98.22000 4783 69.1592
98.24000 5001 70.7177
98.26000 4946 70.3278
98.28000 4976 70.5408
98.30000 4957 70.406
98.32000 4884 69.8856
98.34000 4891 69.9357
98.36000 4912 70.0857
98.38000 4833 69.5198
98.40000 4909 70.0643
98.42000 5019 70.8449
98.44000 4944 70.3136
98.46000 5121 71.5612
98.48000 4886 69.8999
98.50000 4879 69.8498
98.52000 5115 71.5192
98.54000 4881 69.8642
98.56000 4998 70.6965
98.58000 4897 69.9786
98.60000 5024 70.8802
98.62000 4831 69.5054
98.64000 5086 71.3162
98.66000 5010 70.7814
98.68000 5118 71.5402
98.70000 4936 70.2567
98.72000 4971 70.5053
98.74000 4854 69.6707
98.76000 4936 70.2567
98.78000 4956 70.3989
98.80000 5006 70.7531
98.82000 5079 71.2671
98.84000 4947 70.3349
98.86000 5036 70.9648
98.88000 4923 70.1641
98.90000 5042 71.007
98.92000 4915 70.1071
98.94000 4973 70.5195
98.96000 5054 71.0915
98.98000 4877 69.8355
99.00000 4934 70.2424
99.02000 5004 70.739
99.04000 4985 70.6045
99.06000 5098 71.4003
99.08000 4922 70.157
99.10000 4957 70.406
99.12000 5074 71.232
99.14000 4930 70.214
99.16000 4920 70.1427
99.18000 4978 70.5549
99.20000 5150 71.7635
99.22000 4931 70.2211
99.24000 4977 70.5479
99.26000 5009 70.7743
99.28000 5003 70.7319
99.30000 4931 70.2211
99.32000 5057 71.1126
99.34000 4963 70.4486
99.36000 5046 71.0352
99.38000 4974 70.5266
99.40000 4982 70.5833
99.42000 4937 70.2638
99.44000 4974 70.5266
99.46000 5079 71.2671
99.48000 4918 70.1285
99.50000 4999 70.7036
99.52000 4874 69.814
99.54000 5034 70.9507
99.56000 4868 69.7711
99.58000 4962 70.4415
99.60000 4923 70.1641
99.62000 5153 71.7844
99.64000 5029 70.9154
99.66000 4931 70.2211
99.68000 4890 69.9285
99.70000 5109 71.4773
99.72000 5038 70.9789
99.74000 4989 70.6329
99.76000 4993 70.6612
99.78000 5001 70.7177
99.80000 4993 70.6612
99.82000 5120 71.5542
99.84000 4952 70.3704
99.86000 4969 70.4911
99.88000 4898 69.9857
99.90000 4954 70.3847
99.92000 5129 71.617
99.94000 5001 70.7177
99.96000 4973 70.5195
99.98000 5074 71.232
100.00000 4984 70.5975
100.02000 5025 70.8872
100.04000 5044 71.0211
100.06000 4967 70.4769
100.08000 5012 70.7955
100.10000 5020 70.852
100.12000 5035 70.9577
100.14000 5189 72.0347
100.16000 4958 70.4131
100.18000 5140 71.6938
100.20000 4958 70.4131
100.22000 5091 71.3512
100.24000 5010 70.7814
100.26000 5216 72.2219
100.28000 4984 70.5975
100.30000 5160 71.8331
100.32000 5061 71.1407
100.34000 4974 70.5266
100.36000 5063 71.1548
100.38000 5088 71.3302
100.40000 5091 71.3512
100.42000 5021 70.859
100.44000 4981 70.5762
100.46000 5102 71.4283
100.48000 5006 70.7531
100.50000 4897 69.9786
100.52000 5146 71.7356
100.54000 5211 72.1873
100.56000 5030 70.9225
100.58000 5079 71.2671
100.60000 5040 70.993
100.62000 4965 70.4628
100.64000 4964 70.4557
100.66000 5040 70.993
100.68000 4878 69.8427
100.70000 5192 72.0555
100.72000 4992 70.6541
100.74000 5000 70.7107
100.76000 5015 70.8167
100.78000 5020 70.852
100.80000 5079 71.2671
100.82000 5064 71.1618
100.84000 4904 70.0286
100.86000 4901 70.0071
100.88000 4979 70.562
100.90000 4918 70.1285
100.92000 4991 70.647
100.94000 5035 70.9577
100.96000 5039 70.9859
100.98000 5013 70.8025
101.00000 4945 70.3207
101.02000 4866 69.7567
101.04000 5010 70.7814
101.06000 4955 70.3918
101.08000 5013 70.8025
101.10000 4940 70.2851
101.12000 4932 70.2282
101.14000 4851 69.6491
101.16000 4857 69.6922
101.18000 4942 70.2994
101.20000 4993 70.6612
101.22000 4985 70.6045
101.24000 4960 70.4273
101.26000 4879 69.8498
101.28000 4931 70.2211
101.30000 4993 70.6612
101.32000 5028 70.9084
101.34000 4896 69.9714
101.36000 5026 70.8943
101.38000 4945 70.3207
101.40000 4935 70.2496
101.42000 4881 69.8642
101.44000 4873 69.8069
101.46000 4852 69.6563
101.48000 4949 70.3491
101.50000 5167 71.8818
101.52000 5061 71.1407
101.54000 4978 70.5549
101.56000 5032 70.9366
101.58000 4995 70.6753
101.60000 5018 70.8378
101.62000 4944 70.3136
101.64000 5096 71.3863
101.66000 5092 71.3583
101.68000 5089 71.3372
101.70000 4868 69.7711
101.72000 4997 70.6895
101.74000 5045 71.0282
101.76000 5054 71.0915
101.78000 4978 70.5549
101.80000 4942 70.2994
101.82000 5058 71.1196
101.84000 4896 69.9714
101.86000 4892 69.9428
101.88000 4971 70.5053
101.90000 4975 70.5337
101.92000 4940 70.2851
101.94000 5001 70.7177
101.96000 5009 70.7743
101.98000 4916 70.1142
102.00000 4897 69.9786
102.02000 4970 70.4982
102.04000 4964 70.4557
102.06000 5109 71.4773
102.08000 4880 69.857
102.10000 4996 70.6824
102.12000 4938 70.2709
102.14000 5050 71.0634
102.16000 5012 70.7955
102.18000 4982 70.5833
102.20000 5061 71.1407
102.22000 5080 71.2741
102.24000 4924 70.1712
102.26000 4984 70.5975
102.28000 5046 71.0352
102.30000 5076 71.2461
102.32000 5132 71.638
102.34000 5066 71.1758
102.36000 5078 71.2601
102.38000 4952 70.3704
102.40000 4851 69.6491
102.42000 4887 69.9071
102.44000 5009 70.7743
102.46000 4883 69.8785
102.48000 4985 70.6045
102.50000 5024 70.8802
102.52000 4998 70.6965
102.54000 5025 70.8872
102.56000 5035 70.9577
102.58000 5037 70.9718
102.60000 4927 70.1926
102.62000 5020 70.852
102.64000 5070 71.2039
102.66000 5080 71.2741
102.68000 5013 70.8025
102.70000 4954 70.3847
102.72000 5040 70.993
102.74000 5048 71.0493
102.76000 5080 71.2741
102.78000 5022 70.8661
102.80000 5132 71.638
102.82000 5163 71.854
102.84000 5050 71.0634
102.86000 5127 71.6031
102.88000 4995 70.6753
102.90000 4963 70.4486
102.92000 5116 71.5262
102.94000 5035 70.9577
102.96000 5131 71.631
102.98000 5053 71.0845
103.00000 5102 71.4283
103.02000 4947 70.3349
103.04000 4986 70.6116
103.06000 5016 70.8237
103.08000 5001 70.7177
103.10000 5010 70.7814
103.12000 5182 71.9861
103.14000 5123 71.5751
103.16000 5027 70.9013
103.18000 5116 71.5262
103.20000 5086 71.3162
103.22000 5202 72.1249
103.24000 5070 71.2039
103.26000 5002 70.7248
103.28000 4945 70.3207
103.30000 4890 69.9285
103.32000 4959 70.4202
103.34000 4931 70.2211
103.36000 5065 71.1688
103.38000 4907 70.05
103.40000 4966 70.4699
103.42000 4994 70.6682
103.44000 5043 71.0141
103.46000 5010 70.7814
103.48000 4979 70.562
103.50000 4992 70.6541
103.52000 5031 70.9295
103.54000 5005 70.746
103.56000 4969 70.4911
103.58000 5057 71.1126
103.60000 5043 71.0141
103.62000 5071 71.211
103.64000 4944 70.3136
103.66000 5042 71.007
103.68000 5088 71.3302
103.70000 4974 70.5266
103.72000 5037 70.9718
103.74000 5065 71.1688
103.76000 5110 71.4843
103.78000 4889 69.9214
103.80000 5045 71.0282
103.82000 5014 70.8096
103.84000 5099 71.4073
103.86000 5077 71.2531
103.88000 5021 70.859
103.90000 5058 71.1196
103.92000 4993 70.6612
103.94000 5033 70.9436
103.96000 5129 71.617
103.98000 5194 72.0694
104.00000 5103 71.4353
104.02000 5058 71.1196
104.04000 4980 70.5691
104.06000 5101 71.4213
104.08000 4984 70.5975
104.10000 5099 71.4073
104.12000 5027 70.9013
104.14000 5138 71.6798
104.16000 4943 70.3065
104.18000 5012 70.7955
104.20000 5102 71.4283
104.22000 5141 71.7008
104.24000 5053 71.0845
104.26000 5143 71.7147
104.28000 5067 71.1829
104.30000 5096 71.3863
104.32000 5011 70.7884
104.34000 5026 70.8943
104.36000 5130 71.624
104.38000 5078 71.2601
104.40000 5137 71.6729
104.42000 5032 70.9366
104.44000 4948 70.342
104.46000 4996 70.6824
104.48000 5086 71.3162
104.50000 4913 70.0928
104.52000 5070 71.2039
104.54000 5009 70.7743
104.56000 5045 71.0282
104.58000 5076 71.2461
104.60000 5031 70.9295
104.62000 4987 70.6187
104.64000 5079 71.2671
104.66000 5089 71.3372
104.68000 5061 71.1407
104.70000 5094 71.3723
104.72000 5076 71.2461
104.74000 4964 70.4557
104.76000 4992 70.6541
104.78000 5243 72.4086
104.80000 5079 71.2671
104.82000 5054 71.0915
104.84000 4994 70.6682
104.86000 4861 69.7209
