# columns: two_theta_deg intensity sigma
3.50000 7884 8.87357
3.51000 7964 8.90871
3.52000 7991 8.94427
3.53000 7992 8.94427
3.54000 7954 8.90871
3.55000 8104 9.0167
3.56000 8125 9.0167
3.57000 8141 9.0167
3.58000 8192 9.05357
3.59000 8289 9.09091
3.60000 8392 9.16698
3.61000 8383 9.16698
3.62000 8380 9.16698
3.63000 8407 9.16698
3.64000 8333 9.12871
3.65000 8440 9.20575
3.66000 8479 9.20575
3.67000 8558 9.245
3.68000 8492 9.20575
3.69000 8500 9.20575
3.70000 8464 9.20575
3.71000 8443 9.20575
3.72000 8456 9.20575
3.73000 8522 9.245
3.74000 8628 9.28477
3.75000 8629 9.28477
3.76000 8592 9.28477
3.77000 8653 9.28477
3.78000 8625 9.28477
3.79000 8582 9.245
3.80000 8606 9.28477
3.81000 8686 9.32505
3.82000 8768 9.36586
3.83000 8741 9.36586
3.84000 8760 9.36586
3.85000 8779 9.36586
3.86000 8890 9.44911
3.87000 8869 9.40721
3.88000 8872 9.40721
3.89000 9058 9.53463
3.90000 9078 9.53463
3.91000 9025 9.49158
3.92000 9063 9.53463
3.93000 8959 9.44911
3.94000 8923 9.44911
3.95000 8903 9.44911
3.96000 8952 9.44911
3.97000 8989 9.49158
3.98000 8945 9.44911
3.99000 9019 9.49158
4.00000 8943 9.44911
4.01000 9047 9.49158
4.02000 8985 9.49158
4.03000 8960 9.44911
4.04000 9010 9.49158
4.05000 9056 9.53463
4.06000 9165 9.57826
4.07000 9193 9.57826
4.08000 9290 9.6225
4.09000 9325 9.66736
4.10000 9298 9.6225
4.11000 9331 9.66736
4.12000 9377 9.66736
4.13000 9432 9.71286
4.14000 9422 9.71286
4.15000 9536 9.759
4.16000 9525 9.759
4.17000 9601 9.80581
4.18000 9630 9.80581
4.19000 9703 9.85329
4.20000 9726 9.85329
4.21000 9802 9.90148
4.22000 9842 9.90148
4.23000 9779 9.90148
4.24000 9847 9.90148
4.25000 9926 9.95037
4.26000 9992 10
4.27000 9990 10
4.28000 10051 10.0504
4.29000 9995 10
4.30000 10001 10
4.31000 9987 10
4.32000 10181 10.1015
4.33000 10118 10.0504
4.34000 10124 10.0504
4.35000 10212 10.1015
4.36000 10303 10.1535
4.37000 10430 10.2062
4.38000 10429 10.2062
4.39000 10506 10.2598
4.40000 10545 10.2598
4.41000 10645 10.3142
4.42000 10634 10.3142
4.43000 10785 10.3695
4.44000 10896 10.4257
4.45000 10933 10.4828
4.46000 10979 10.4828
4.47000 11005 10.4828
4.48000 11166 10.5409
4.49000 11228 10.6
4.50000 11209 10.6
4.51000 11329 10.66
4.52000 11204 10.6
4.53000 11224 10.6
4.54000 11276 10.6
4.55000 11319 10.66
4.56000 11303 10.66
4.57000 11354 10.66
4.58000 11453 10.7211
4.59000 11596 10.7833
4.60000 11638 10.7833
4.61000 11612 10.7833
4.62000 11739 10.8465
4.63000 11901 10.9109
4.64000 11939 10.9109
4.65000 11941 10.9109
4.66000 12050 10.9764
4.67000 12201 11.0432
4.68000 12275 11.1111
4.69000 12287 11.1111
4.70000 12269 11.0432
4.71000 12265 11.0432
4.72000 12459 11.1803
4.73000 12548 11.1803
4.74000 12539 11.1803
4.75000 12650 11.2509
4.76000 12749 11.3228
4.77000 12709 11.2509
4.78000 12751 11.3228
4.79000 13004 11.3961
4.80000 13122 11.4708
4.81000 13182 11.4708
4.82000 13351 11.547
4.83000 13363 11.547
4.84000 13456 11.6248
4.85000 13750 11.7041
4.86000 13882 11.7851
4.87000 13967 11.7851
4.88000 14107 11.8678
4.89000 14229 11.9523
4.90000 14382 11.9523
4.91000 14434 12.0386
4.92000 14530 12.0386
4.93000 14533 12.0386
4.94000 14809 12.1268
4.95000 14854 12.2169
4.96000 14926 12.2169
4.97000 14964 12.2169
4.98000 15123 12.3091
4.99000 15131 12.3091
5.00000 15192 12.3091
5.01000 15505 12.5
5.02000 15676 12.5
5.03000 15765 12.5988
5.04000 15965 12.5988
5.05000 16083 12.7
5.06000 16162 12.7
5.07000 16237 12.7
5.08000 16471 12.8037
5.09000 16518 12.8037
5.10000 16585 12.9099
5.11000 16816 13.0189
5.12000 16965 13.0189
5.13000 17060 13.0189
5.14000 17211 13.1306
5.15000 17319 13.1306
5.16000 17540 13.2453
5.17000 17804 13.3631
5.18000 17886 13.3631
5.19000 18088 13.484
5.20000 18392 13.6083
5.21000 18506 13.6083
5.22000 18670 13.6083
5.23000 18749 13.7361
5.24000 18983 13.7361
5.25000 19298 13.8675
5.26000 19649 14.0028
5.27000 19900 14.1421
5.28000 20152 14.1421
5.29000 20297 14.2857
5.30000 20386 14.2857
5.31000 20803 14.4338
5.32000 21099 14.5865
5.33000 21200 14.5865
5.34000 21474 14.5865
5.35000 21867 14.7442
5.36000 22145 14.9071
5.37000 22531 15.0756
5.38000 22739 15.0756
5.39000 23129 15.2499
5.40000 23680 15.4303
5.41000 24200 15.6174
5.42000 24789 15.8114
5.43000 25458 16.0128
5.44000 26095 16.2221
5.45000 26814 16.4399
5.46000 27616 16.6667
5.47000 28367 16.9031
5.48000 29363 17.1499
5.49000 30641 17.4078
5.50000 31675 17.6777
5.51000 32929 18.2574
5.52000 34394 18.5695
5.53000 35957 18.8982
5.54000 37863 19.6116
5.55000 39807 20
5.56000 41686 20.4124
5.57000 43510 20.8514
5.58000 44888 21.3201
5.59000 45345 21.3201
5.60000 45107 21.3201
5.61000 43407 20.8514
5.62000 40735 20
5.63000 37444 19.245
5.64000 33465 18.2574
5.65000 29161 17.1499
5.66000 25015 15.8114
5.67000 21610 14.7442
5.68000 18566 13.6083
5.69000 16072 12.7
5.70000 14110 11.8678
5.71000 12601 11.2509
5.72000 11555 10.7211
5.73000 10737 10.3695
5.74000 10107 10.0504
5.75000 9557 9.759
5.76000 9167 9.57826
5.77000 8818 9.40721
5.78000 8541 9.245
5.79000 8419 9.16698
5.80000 8246 9.09091
5.81000 8134 9.0167
5.82000 8073 8.98027
5.83000 8009 8.94427
5.84000 7872 8.87357
5.85000 7722 8.77058
5.86000 7736 8.80451
5.87000 7682 8.77058
5.88000 7603 8.70388
5.89000 7651 8.73704
5.90000 7572 8.70388
5.91000 7495 8.6711
5.92000 7505 8.6711
5.93000 7534 8.6711
5.94000 7369 8.57493
5.95000 7314 8.54358
5.96000 7278 8.54358
5.97000 7327 8.57493
5.98000 7302 8.54358
5.99000 7255 8.51257
6.00000 7311 8.54358
6.01000 7275 8.54358
6.02000 7178 8.48189
6.03000 7234 8.51257
6.04000 7166 8.45154
6.05000 7249 8.51257
6.06000 7260 8.51257
6.07000 7245 8.51257
6.08000 7240 8.51257
6.09000 7147 8.45154
6.10000 7076 8.42152
6.11000 7070 8.42152
6.12000 7061 8.39181
6.13000 7106 8.42152
6.14000 7163 8.45154
6.15000 7178 8.48189
6.16000 7094 8.42152
6.17000 7185 8.48189
6.18000 7126 8.45154
6.19000 7031 8.39181
6.20000 7016 8.36242
6.21000 7039 8.39181
6.22000 7096 8.42152
6.23000 7077 8.42152
6.24000 7097 8.42152
6.25000 7083 8.42152
6.26000 7033 8.39181
6.27000 6944 8.33333
6.28000 6985 8.36242
6.29000 7083 8.42152
6.30000 7082 8.42152
6.31000 7104 8.42152
6.32000 7065 8.39181
6.33000 7024 8.39181
6.34000 7003 8.36242
6.35000 7021 8.39181
6.36000 7119 8.45154
6.37000 7105 8.42152
6.38000 7131 8.45154
6.39000 7070 8.42152
6.40000 7133 8.45154
6.41000 7056 8.39181
6.42000 7032 8.39181
6.43000 7036 8.39181
6.44000 7000 8.36242
6.45000 6994 8.36242
6.46000 7002 8.36242
6.47000 7011 8.36242
6.48000 6995 8.36242
6.49000 6990 8.36242
6.50000 7020 8.39181
6.51000 7067 8.39181
6.52000 7026 8.39181
6.53000 7011 8.36242
6.54000 7075 8.42152
6.55000 7090 8.42152
6.56000 7094 8.42152
6.57000 7056 8.39181
6.58000 7111 8.42152
6.59000 7154 8.45154
6.60000 7190 8.48189
6.61000 7176 8.48189
6.62000 7191 8.48189
6.63000 7229 8.51257
6.64000 7218 8.48189
6.65000 7190 8.48189
6.66000 7156 8.45154
6.67000 7147 8.45154
6.68000 7133 8.45154
6.69000 7181 8.48189
6.70000 7091 8.42152
6.71000 7117 8.42152
6.72000 7128 8.45154
6.73000 7288 8.54358
6.74000 7175 8.48189
6.75000 7249 8.51257
6.76000 7304 8.54358
6.77000 7246 8.51257
6.78000 7245 8.51257
6.79000 7334 8.57493
6.80000 7376 8.57493
6.81000 7516 8.6711
6.82000 7438 8.63868
6.83000 7429 8.60663
6.84000 7418 8.60663
6.85000 7431 8.60663
6.86000 7428 8.60663
6.87000 7515 8.6711
6.88000 7404 8.60663
6.89000 7373 8.57493
6.90000 7402 8.60663
6.91000 7402 8.60663
6.92000 7372 8.57493
6.93000 7367 8.57493
6.94000 7412 8.60663
6.95000 7378 8.57493
6.96000 7338 8.57493
6.97000 7348 8.57493
6.98000 7228 8.51257
6.99000 7219 8.48189
7.00000 7211 8.48189
7.01000 7278 8.54358
7.02000 7303 8.54358
7.03000 7233 8.51257
7.04000 7284 8.54358
7.05000 7249 8.51257
7.06000 7265 8.51257
7.07000 7281 8.54358
7.08000 7243 8.51257
7.09000 7220 8.48189
7.10000 7307 8.54358
7.11000 7347 8.57493
7.12000 7331 8.57493
7.13000 7301 8.54358
7.14000 7333 8.57493
7.15000 7387 8.60663
7.16000 7417 8.60663
7.17000 7432 8.60663
7.18000 7437 8.63868
7.19000 7431 8.60663
7.20000 7423 8.60663
7.21000 7403 8.60663
7.22000 7391 8.60663
7.23000 7494 8.6711
7.24000 7526 8.6711
7.25000 7494 8.6711
7.26000 7435 8.63868
7.27000 7387 8.60663
7.28000 7508 8.6711
7.29000 7460 8.63868
7.30000 7351 8.57493
7.31000 7469 8.63868
7.32000 7492 8.6711
7.33000 7566 8.70388
7.34000 7621 8.73704
7.35000 7557 8.70388
7.36000 7619 8.73704
7.37000 7663 8.77058
7.38000 7659 8.73704
7.39000 7647 8.73704
7.40000 7590 8.70388
7.41000 7540 8.6711
7.42000 7722 8.77058
7.43000 7775 8.80451
7.44000 7725 8.80451
7.45000 7792 8.83883
7.46000 7838 8.83883
7.47000 7832 8.83883
7.48000 7850 8.87357
7.49000 7739 8.80451
7.50000 7793 8.83883
7.51000 7846 8.87357
7.52000 7765 8.80451
7.53000 7862 8.87357
7.54000 7818 8.83883
7.55000 7829 8.83883
7.56000 7846 8.87357
7.57000 7878 8.87357
7.58000 7900 8.87357
7.59000 7900 8.87357
7.60000 7942 8.90871
7.61000 7839 8.83883
7.62000 7826 8.83883
7.63000 8066 8.98027
7.64000 7990 8.94427
7.65000 7997 8.94427
7.66000 8142 9.0167
7.67000 8138 9.0167
7.68000 8083 8.98027
7.69000 8041 8.98027
7.70000 8057 8.98027
7.71000 8127 9.0167
7.72000 8165 9.05357
7.73000 8153 9.0167
7.74000 8225 9.05357
7.75000 8322 9.12871
7.76000 8360 9.12871
7.77000 8322 9.12871
7.78000 8372 9.16698
7.79000 8406 9.16698
7.80000 8563 9.245
7.81000 8529 9.245
7.82000 8492 9.20575
7.83000 8495 9.20575
7.84000 8642 9.28477
7.85000 8626 9.28477
7.86000 8796 9.36586
7.87000 8812 9.40721
7.88000 8894 9.44911
7.89000 8878 9.40721
7.90000 8859 9.40721
7.91000 8854 9.40721
7.92000 8869 9.40721
7.93000 8958 9.44911
7.94000 9031 9.49158
7.95000 9197 9.57826
7.96000 9205 9.57826
7.97000 9313 9.66736
7.98000 9332 9.66736
7.99000 9382 9.66736
8.00000 9321 9.66736
8.01000 9458 9.71286
8.02000 9496 9.759
8.03000 9595 9.80581
8.04000 9739 9.85329
8.05000 9827 9.90148
8.06000 9865 9.95037
8.07000 10072 10.0504
8.08000 10155 10.1015
8.09000 10385 10.2062
8.10000 10313 10.1535
8.11000 10353 10.1535
8.12000 10610 10.3142
8.13000 10794 10.3695
8.14000 11068 10.5409
8.15000 11260 10.6
8.16000 11324 10.66
8.17000 11521 10.7211
8.18000 11917 10.9109
8.19000 12199 11.0432
8.20000 12656 11.2509
8.21000 13104 11.4708
8.22000 13435 11.6248
8.23000 13608 11.7041
8.24000 13719 11.7041
8.25000 13538 11.6248
8.26000 13299 11.547
8.27000 12667 11.2509
8.28000 12077 10.9764
8.29000 11420 10.66
8.30000 10748 10.3695
8.31000 10006 10
8.32000 9453 9.71286
8.33000 8751 9.36586
8.34000 8301 9.12871
8.35000 8090 8.98027
8.36000 7880 8.87357
8.37000 7605 8.73704
8.38000 7499 8.6711
8.39000 7320 8.54358
8.40000 7235 8.51257
8.41000 7227 8.51257
8.42000 7195 8.48189
8.43000 7145 8.45154
8.44000 7104 8.42152
8.45000 6991 8.36242
8.46000 6983 8.36242
8.47000 6996 8.36242
8.48000 6944 8.33333
8.49000 6943 8.33333
8.50000 7020 8.39181
8.51000 6953 8.33333
8.52000 6964 8.33333
8.53000 6942 8.33333
8.54000 6887 8.30455
8.55000 6896 8.30455
8.56000 6782 8.24786
8.57000 6880 8.30455
8.58000 6907 8.30455
8.59000 6829 8.27606
8.60000 6943 8.33333
8.61000 6838 8.27606
8.62000 6851 8.27606
8.63000 6884 8.30455
8.64000 6937 8.33333
8.65000 7001 8.36242
8.66000 6953 8.33333
8.67000 6913 8.30455
8.68000 6938 8.33333
8.69000 6846 8.27606
8.70000 6905 8.30455
8.71000 6854 8.27606
8.72000 6825 8.24786
8.73000 6836 8.27606
8.74000 6751 8.21995
8.75000 6758 8.21995
8.76000 6773 8.21995
8.77000 6875 8.30455
8.78000 6871 8.27606
8.79000 6762 8.21995
8.80000 6775 8.21995
8.81000 6789 8.24786
8.82000 6760 8.21995
8.83000 6741 8.21995
8.84000 6763 8.21995
8.85000 6851 8.27606
8.86000 6817 8.24786
8.87000 6795 8.24786
8.88000 6846 8.27606
8.89000 6897 8.30455
8.90000 6872 8.27606
8.91000 6832 8.27606
8.92000 6917 8.30455
8.93000 6902 8.30455
8.94000 6844 8.27606
8.95000 6864 8.27606
8.96000 6879 8.30455
8.97000 6997 8.36242
8.98000 6965 8.33333
8.99000 6961 8.33333
9.00000 6907 8.30455
9.01000 6846 8.27606
9.02000 6835 8.27606
9.03000 6867 8.27606
9.04000 6853 8.27606
9.05000 6924 8.33333
9.06000 6888 8.30455
9.07000 6933 8.33333
9.08000 6896 8.30455
9.09000 6867 8.27606
9.10000 6846 8.27606
9.11000 6918 8.30455
9.12000 6934 8.33333
9.13000 6942 8.33333
9.14000 6857 8.27606
9.15000 6896 8.30455
9.16000 6866 8.27606
9.17000 6844 8.27606
9.18000 6867 8.27606
9.19000 6876 8.30455
9.20000 6805 8.24786
9.21000 6843 8.27606
9.22000 6865 8.27606
9.23000 6804 8.24786
9.24000 6756 8.21995
9.25000 6785 8.24786
9.26000 6792 8.24786
9.27000 6803 8.24786
9.28000 6830 8.27606
9.29000 6840 8.27606
9.30000 6845 8.27606
9.31000 6812 8.24786
9.32000 6778 8.21995
9.33000 6800 8.24786
9.34000 6801 8.24786
9.35000 6817 8.24786
9.36000 6768 8.21995
9.37000 6748 8.21995
9.38000 6757 8.21995
9.39000 6779 8.21995
9.40000 6826 8.27606
9.41000 6830 8.27606
9.42000 6773 8.21995
9.43000 6842 8.27606
9.44000 6852 8.27606
9.45000 6878 8.30455
9.46000 6825 8.24786
9.47000 6863 8.27606
9.48000 6886 8.30455
9.49000 6878 8.30455
9.50000 6850 8.27606
9.51000 6867 8.27606
9.52000 6791 8.24786
9.53000 6728 8.19232
9.54000 6798 8.24786
9.55000 6754 8.21995
9.56000 6831 8.27606
9.57000 6886 8.30455
9.58000 6863 8.27606
9.59000 6882 8.30455
9.60000 6849 8.27606
9.61000 6817 8.24786
9.62000 6858 8.27606
9.63000 6903 8.30455
9.64000 6887 8.30455
9.65000 6880 8.30455
9.66000 6897 8.30455
9.67000 6929 8.33333
9.68000 6804 8.24786
9.69000 6840 8.27606
9.70000 6902 8.30455
9.71000 6974 8.36242
9.72000 6929 8.33333
9.73000 6949 8.33333
9.74000 6976 8.36242
9.75000 7032 8.39181
9.76000 6945 8.33333
9.77000 6954 8.33333
9.78000 6950 8.33333
9.79000 6969 8.36242
9.80000 6970 8.36242
9.81000 6969 8.36242
9.82000 6979 8.36242
9.83000 7029 8.39181
9.84000 7110 8.42152
9.85000 7064 8.39181
9.86000 7136 8.45154
9.87000 7143 8.45154
9.88000 7080 8.42152
9.89000 7106 8.42152
9.90000 7093 8.42152
9.91000 7064 8.39181
9.92000 7169 8.48189
9.93000 7123 8.45154
9.94000 7067 8.39181
9.95000 7136 8.45154
9.96000 7113 8.42152
9.97000 7133 8.45154
9.98000 7172 8.48189
9.99000 7248 8.51257
10.00000 7290 8.54358
10.01000 7273 8.54358
10.02000 7309 8.54358
10.03000 7304 8.54358
10.04000 7336 8.57493
10.05000 7346 8.57493
10.06000 7439 8.63868
10.07000 7531 8.6711
10.08000 7482 8.63868
10.09000 7414 8.60663
10.10000 7438 8.63868
10.11000 7418 8.60663
10.12000 7401 8.60663
10.13000 7447 8.63868
10.14000 7576 8.70388
10.15000 7573 8.70388
10.16000 7502 8.6711
10.17000 7529 8.6711
10.18000 7489 8.63868
10.19000 7590 8.70388
10.20000 7621 8.73704
10.21000 7711 8.77058
10.22000 7670 8.77058
10.23000 7725 8.80451
10.24000 7647 8.73704
10.25000 7629 8.73704
10.26000 7844 8.87357
10.27000 7904 8.87357
10.28000 7878 8.87357
10.29000 7842 8.83883
10.30000 7908 8.90871
10.31000 7881 8.87357
10.32000 7969 8.94427
10.33000 8033 8.98027
10.34000 8050 8.98027
10.35000 8070 8.98027
10.36000 8210 9.05357
10.37000 8264 9.09091
10.38000 8285 9.09091
10.39000 8367 9.12871
10.40000 8450 9.20575
10.41000 8512 9.245
10.42000 8572 9.245
10.43000 8577 9.245
10.44000 8596 9.28477
10.45000 8602 9.28477
10.46000 8729 9.32505
10.47000 8651 9.28477
10.48000 8753 9.36586
10.49000 8874 9.40721
10.50000 8889 9.44911
10.51000 9012 9.49158
10.52000 9113 9.53463
10.53000 9084 9.53463
10.54000 9191 9.57826
10.55000 9383 9.66736
10.56000 9317 9.66736
10.57000 9481 9.759
10.58000 9555 9.759
10.59000 9631 9.80581
10.60000 9695 9.85329
10.61000 9710 9.85329
10.62000 9902 9.95037
10.63000 10138 10.0504
10.64000 10258 10.1535
10.65000 10302 10.1535
10.66000 10376 10.2062
10.67000 10515 10.2598
10.68000 10552 10.2598
10.69000 10490 10.2598
10.70000 10528 10.2598
10.71000 10651 10.3142
10.72000 10865 10.4257
10.73000 10890 10.4257
10.74000 11023 10.4828
10.75000 11204 10.6
10.76000 11327 10.66
10.77000 11425 10.66
10.78000 11656 10.7833
10.79000 11735 10.8465
10.80000 11923 10.9109
10.81000 11980 10.9764
10.82000 12000 10.9764
10.83000 12235 11.0432
10.84000 12425 11.1803
10.85000 12583 11.2509
10.86000 12785 11.3228
10.87000 13005 11.3961
10.88000 13068 11.3961
10.89000 13155 11.4708
10.90000 13329 11.547
10.91000 13431 11.6248
10.92000 13592 11.6248
10.93000 13686 11.7041
10.94000 13825 11.7851
10.95000 14094 11.8678
10.96000 14278 11.9523
10.97000 14470 12.0386
10.98000 14726 12.1268
10.99000 15082 12.3091
11.00000 15348 12.4035
11.01000 15796 12.5988
11.02000 16099 12.7
11.03000 16501 12.8037
11.04000 16974 13.0189
11.05000 17402 13.2453
11.06000 17722 13.3631
11.07000 18154 13.484
11.08000 18549 13.6083
11.09000 19017 13.7361
11.10000 19321 13.8675
11.11000 19837 14.1421
11.12000 20298 14.2857
11.13000 20735 14.4338
11.14000 21164 14.5865
11.15000 21933 14.7442
11.16000 22422 14.9071
11.17000 23004 15.2499
11.18000 23424 15.2499
11.19000 24062 15.4303
11.20000 24417 15.6174
11.21000 24692 15.8114
11.22000 24900 15.8114
11.23000 25158 15.8114
11.24000 25140 15.8114
11.25000 25137 15.8114
11.26000 24840 15.8114
11.27000 24466 15.6174
11.28000 24064 15.4303
11.29000 23764 15.4303
11.30000 23734 15.4303
11.31000 23482 15.2499
11.32000 23401 15.2499
11.33000 23374 15.2499
11.34000 23699 15.4303
11.35000 24224 15.6174
11.36000 24520 15.6174
11.37000 25050 15.8114
11.38000 25441 16.0128
11.39000 25680 16.0128
11.40000 26036 16.2221
11.41000 26395 16.2221
11.42000 26948 16.4399
11.43000 27707 16.6667
11.44000 28324 16.9031
11.45000 29254 17.1499
11.46000 30308 17.4078
11.47000 31659 17.6777
11.48000 32839 18.2574
11.49000 34339 18.5695
11.50000 35750 18.8982
11.51000 37748 19.6116
11.52000 39808 20
11.53000 42070 20.4124
11.54000 44511 21.3201
11.55000 46620 21.8218
11.56000 48518 21.8218
11.57000 49173 22.3607
11.58000 48772 21.8218
11.59000 47221 21.8218
11.60000 44284 20.8514
11.61000 40820 20.4124
11.62000 36593 19.245
11.63000 32438 17.9605
11.64000 28229 16.9031
11.65000 24359 15.6174
11.66000 20716 14.4338
11.67000 17975 13.3631
11.68000 15872 12.5988
11.69000 14147 11.8678
11.70000 12839 11.3228
11.71000 11847 10.9109
11.72000 11089 10.5409
11.73000 10344 10.1535
11.74000 9901 9.95037
11.75000 9521 9.759
11.76000 9297 9.6225
11.77000 9032 9.49158
11.78000 8769 9.36586
11.79000 8652 9.28477
11.80000 8422 9.16698
11.81000 8323 9.12871
11.82000 8359 9.12871
11.83000 8280 9.09091
11.84000 8233 9.09091
11.85000 8109 9.0167
11.86000 8125 9.0167
11.87000 8048 8.98027
11.88000 8017 8.94427
11.89000 8004 8.94427
11.90000 7868 8.87357
11.91000 7824 8.83883
11.92000 7819 8.83883
11.93000 7843 8.83883
11.94000 7910 8.90871
11.95000 7917 8.90871
11.96000 7876 8.87357
11.97000 7975 8.94427
11.98000 7916 8.90871
11.99000 7854 8.87357
12.00000 7760 8.80451
12.01000 7882 8.87357
12.02000 7882 8.87357
12.03000 7899 8.87357
12.04000 7836 8.83883
12.05000 7919 8.90871
12.06000 7833 8.83883
12.07000 7922 8.90871
12.08000 7938 8.90871
12.09000 7931 8.90871
12.10000 8037 8.98027
12.11000 8033 8.98027
12.12000 8024 8.94427
12.13000 8059 8.98027
12.14000 8142 9.0167
12.15000 8289 9.09091
12.16000 8420 9.16698
12.17000 8554 9.245
12.18000 8633 9.28477
12.19000 8673 9.32505
12.20000 8765 9.36586
12.21000 8852 9.40721
12.22000 8971 9.49158
12.23000 8974 9.49158
12.24000 9101 9.53463
12.25000 8994 9.49158
12.26000 9011 9.49158
12.27000 8915 9.44911
12.28000 8767 9.36586
12.29000 8589 9.28477
12.30000 8273 9.09091
12.31000 8039 8.98027
12.32000 8021 8.94427
12.33000 7890 8.87357
12.34000 7699 8.77058
12.35000 7539 8.6711
12.36000 7444 8.63868
12.37000 7347 8.57493
12.38000 7320 8.54358
12.39000 7263 8.51257
12.40000 7202 8.48189
12.41000 7160 8.45154
12.42000 7063 8.39181
12.43000 7060 8.39181
12.44000 7088 8.42152
12.45000 7079 8.42152
12.46000 7114 8.42152
12.47000 7121 8.45154
12.48000 7097 8.42152
12.49000 7095 8.42152
12.50000 7145 8.45154
12.51000 7158 8.45154
12.52000 7140 8.45154
12.53000 7162 8.45154
12.54000 7202 8.48189
12.55000 7213 8.48189
12.56000 7162 8.45154
12.57000 7204 8.48189
12.58000 7155 8.45154
12.59000 7163 8.45154
12.60000 7155 8.45154
12.61000 7258 8.51257
12.62000 7205 8.48189
12.63000 7165 8.45154
12.64000 7284 8.54358
12.65000 7308 8.54358
12.66000 7307 8.54358
12.67000 7331 8.57493
12.68000 7350 8.57493
12.69000 7358 8.57493
12.70000 7326 8.54358
12.71000 7395 8.60663
12.72000 7357 8.57493
12.73000 7326 8.54358
12.74000 7263 8.51257
12.75000 7410 8.60663
12.76000 7499 8.6711
12.77000 7512 8.6711
12.78000 7578 8.70388
12.79000 7528 8.6711
12.80000 7449 8.63868
12.81000 7495 8.6711
12.82000 7487 8.63868
12.83000 7587 8.70388
12.84000 7675 8.77058
12.85000 7690 8.77058
12.86000 7681 8.77058
12.87000 7797 8.83883
12.88000 7844 8.87357
12.89000 7801 8.83883
12.90000 7832 8.83883
12.91000 7861 8.87357
12.92000 7849 8.87357
12.93000 7874 8.87357
12.94000 7909 8.90871
12.95000 8005 8.94427
12.96000 8197 9.05357
12.97000 8317 9.12871
12.98000 8235 9.09091
12.99000 8319 9.12871
13.00000 8388 9.16698
13.01000 8388 9.16698
13.02000 8541 9.245
13.03000 8463 9.20575
13.04000 8503 9.20575
13.05000 8554 9.245
13.06000 8590 9.28477
13.07000 8571 9.245
13.08000 8599 9.28477
13.09000 8664 9.32505
13.10000 8707 9.32505
13.11000 8698 9.32505
13.12000 8784 9.36586
13.13000 8906 9.44911
13.14000 9118 9.53463
13.15000 9219 9.6225
13.16000 9347 9.66736
13.17000 9422 9.71286
13.18000 9545 9.759
13.19000 9565 9.759
13.20000 9627 9.80581
13.21000 9943 9.95037
13.22000 10125 10.0504
13.23000 10273 10.1535
13.24000 10527 10.2598
13.25000 10798 10.3695
13.26000 10998 10.4828
13.27000 11132 10.5409
13.28000 11366 10.66
13.29000 11610 10.7833
13.30000 11557 10.7211
13.31000 11372 10.66
13.32000 11366 10.66
13.33000 11053 10.5409
13.34000 10732 10.3695
13.35000 10466 10.2062
13.36000 10181 10.1015
13.37000 9965 10
13.38000 9827 9.90148
13.39000 9686 9.85329
13.40000 9430 9.71286
13.41000 9422 9.71286
13.42000 9321 9.66736
13.43000 9358 9.66736
13.44000 9245 9.6225
13.45000 9364 9.66736
13.46000 9417 9.71286
13.47000 9594 9.80581
13.48000 9796 9.90148
13.49000 9988 10
13.50000 10102 10.0504
13.51000 10242 10.1015
13.52000 10446 10.2062
13.53000 10575 10.2598
13.54000 10594 10.3142
13.55000 10454 10.2062
13.56000 10326 10.1535
13.57000 10071 10.0504
13.58000 9963 10
13.59000 9619 9.80581
13.60000 9302 9.6225
13.61000 9088 9.53463
13.62000 8664 9.32505
13.63000 8449 9.20575
13.64000 8253 9.09091
13.65000 8087 8.98027
13.66000 7830 8.83883
13.67000 7659 8.73704
13.68000 7519 8.6711
13.69000 7430 8.60663
13.70000 7389 8.60663
13.71000 7382 8.60663
13.72000 7371 8.57493
13.73000 7339 8.57493
13.74000 7293 8.54358
13.75000 7301 8.54358
13.76000 7321 8.54358
13.77000 7318 8.54358
13.78000 7316 8.54358
13.79000 7301 8.54358
13.80000 7327 8.57493
13.81000 7190 8.48189
13.82000 7253 8.51257
13.83000 7314 8.54358
13.84000 7409 8.60663
13.85000 7366 8.57493
13.86000 7512 8.6711
13.87000 7427 8.60663
13.88000 7470 8.63868
13.89000 7445 8.63868
13.90000 7495 8.6711
13.91000 7503 8.6711
13.92000 7522 8.6711
13.93000 7472 8.63868
13.94000 7410 8.60663
13.95000 7375 8.57493
13.96000 7436 8.63868
13.97000 7505 8.6711
13.98000 7533 8.6711
13.99000 7577 8.70388
14.00000 7536 8.6711
14.01000 7613 8.73704
14.02000 7660 8.73704
14.03000 7690 8.77058
14.04000 7653 8.73704
14.05000 7689 8.77058
14.06000 7806 8.83883
14.07000 8021 8.94427
14.08000 8056 8.98027
14.09000 8047 8.98027
14.10000 8115 9.0167
14.11000 8226 9.05357
14.12000 8252 9.09091
14.13000 8299 9.12871
14.14000 8480 9.20575
14.15000 8626 9.28477
14.16000 8550 9.245
14.17000 8758 9.36586
14.18000 8972 9.49158
14.19000 8960 9.44911
14.20000 9156 9.57826
14.21000 9296 9.6225
14.22000 9477 9.71286
14.23000 9602 9.80581
14.24000 9739 9.85329
14.25000 9732 9.85329
14.26000 9718 9.85329
14.27000 9621 9.80581
14.28000 9548 9.759
14.29000 9230 9.6225
14.30000 8910 9.44911
14.31000 8718 9.32505
14.32000 8421 9.16698
14.33000 8126 9.0167
14.34000 7891 8.87357
14.35000 7742 8.80451
14.36000 7496 8.6711
14.37000 7338 8.57493
14.38000 7273 8.54358
14.39000 7194 8.48189
14.40000 7207 8.48189
14.41000 7266 8.51257
14.42000 7168 8.45154
14.43000 7070 8.42152
14.44000 7099 8.42152
14.45000 7109 8.42152
14.46000 7144 8.45154
14.47000 7149 8.45154
14.48000 7223 8.51257
14.49000 7276 8.54358
14.50000 7186 8.48189
14.51000 7154 8.45154
14.52000 7225 8.51257
14.53000 7203 8.48189
14.54000 7159 8.45154
14.55000 7295 8.54358
14.56000 7287 8.54358
14.57000 7266 8.51257
14.58000 7320 8.54358
14.59000 7334 8.57493
14.60000 7386 8.60663
14.61000 7378 8.57493
14.62000 7352 8.57493
14.63000 7418 8.60663
14.64000 7404 8.60663
14.65000 7429 8.60663
14.66000 7575 8.70388
14.67000 7569 8.70388
14.68000 7620 8.73704
14.69000 7651 8.73704
14.70000 7530 8.6711
14.71000 7712 8.77058
14.72000 7715 8.77058
14.73000 7749 8.80451
14.74000 7765 8.80451
14.75000 7780 8.80451
14.76000 7808 8.83883
14.77000 7851 8.87357
14.78000 7964 8.90871
14.79000 7983 8.94427
14.80000 7988 8.94427
14.81000 8037 8.98027
14.82000 8049 8.98027
14.83000 8065 8.98027
14.84000 8120 9.0167
14.85000 8237 9.09091
14.86000 8280 9.09091
14.87000 8355 9.12871
14.88000 8396 9.16698
14.89000 8494 9.20575
14.90000 8588 9.28477
14.91000 8600 9.28477
14.92000 8736 9.36586
14.93000 8783 9.36586
14.94000 8918 9.44911
14.95000 8902 9.44911
14.96000 9101 9.53463
14.97000 9240 9.6225
14.98000 9229 9.6225
14.99000 9208 9.57826
15.00000 9328 9.66736
15.01000 9455 9.71286
15.02000 9613 9.80581
15.03000 9776 9.90148
15.04000 9867 9.95037
15.05000 10005 10
15.06000 10172 10.1015
15.07000 10363 10.2062
15.08000 10543 10.2598
15.09000 10586 10.3142
15.10000 10707 10.3695
15.11000 10913 10.4257
15.12000 11162 10.5409
15.13000 11253 10.6
15.14000 11425 10.66
15.15000 11848 10.9109
15.16000 12034 10.9764
15.17000 12331 11.1111
15.18000 12499 11.1803
15.19000 12703 11.2509
15.20000 13006 11.3961
15.21000 13303 11.547
15.22000 13704 11.7041
15.23000 14003 11.8678
15.24000 14362 11.9523
15.25000 14749 12.1268
15.26000 15253 12.3091
15.27000 15607 12.5
15.28000 15954 12.5988
15.29000 16305 12.8037
15.30000 16652 12.9099
15.31000 16906 13.0189
15.32000 17142 13.1306
15.33000 17062 13.0189
15.34000 17105 13.1306
15.35000 16982 13.0189
15.36000 16687 12.9099
15.37000 16423 12.8037
15.38000 16136 12.7
15.39000 15500 12.4035
15.40000 15083 12.3091
15.41000 14545 12.0386
15.42000 13914 11.7851
15.43000 13517 11.6248
15.44000 13032 11.3961
15.45000 12562 11.1803
15.46000 12072 10.9764
15.47000 11864 10.9109
15.48000 11690 10.7833
15.49000 11541 10.7211
15.50000 11452 10.7211
15.51000 11431 10.7211
15.52000 11298 10.6
15.53000 11428 10.66
15.54000 11389 10.66
15.55000 11602 10.7833
15.56000 11696 10.8465
15.57000 11783 10.8465
15.58000 11809 10.8465
15.59000 11998 10.9764
15.60000 12173 11.0432
15.61000 12423 11.1803
15.62000 12604 11.2509
15.63000 12912 11.3961
15.64000 13218 11.4708
15.65000 13521 11.6248
15.66000 13669 11.7041
15.67000 14070 11.8678
15.68000 14344 11.9523
15.69000 14489 12.0386
15.70000 14707 12.1268
15.71000 15218 12.3091
15.72000 15738 12.5
15.73000 15935 12.5988
15.74000 16368 12.8037
15.75000 16677 12.9099
15.76000 17054 13.0189
15.77000 17527 13.2453
15.78000 17991 13.3631
15.79000 18370 13.6083
15.80000 18863 13.7361
15.81000 19255 13.8675
15.82000 19831 14.1421
15.83000 20143 14.1421
15.84000 20550 14.2857
15.85000 20844 14.4338
15.86000 21385 14.5865
15.87000 21717 14.7442
15.88000 21934 14.7442
15.89000 22188 14.9071
15.90000 22619 15.0756
15.91000 22761 15.0756
15.92000 23018 15.2499
15.93000 23309 15.2499
15.94000 23445 15.2499
15.95000 23535 15.4303
15.96000 23478 15.2499
15.97000 23261 15.2499
15.98000 22842 15.0756
15.99000 22294 14.9071
16.00000 21636 14.7442
16.01000 20920 14.4338
16.02000 20139 14.1421
16.03000 19331 13.8675
16.04000 18650 13.6083
16.05000 17850 13.3631
16.06000 17187 13.1306
16.07000 16847 13.0189
16.08000 16354 12.8037
16.09000 16247 12.7
16.10000 16103 12.7
16.11000 16427 12.8037
16.12000 16562 12.9099
16.13000 16704 12.9099
16.14000 16995 13.0189
16.15000 17435 13.2453
16.16000 17889 13.3631
16.17000 18347 13.484
16.18000 18743 13.7361
16.19000 18985 13.7361
16.20000 19377 13.8675
16.21000 19610 14.0028
16.22000 19748 14.0028
16.23000 19531 14.0028
16.24000 19325 13.8675
16.25000 19033 13.7361
16.26000 18529 13.6083
16.27000 17925 13.3631
16.28000 17294 13.1306
16.29000 16778 12.9099
16.30000 16294 12.8037
16.31000 15600 12.5
16.32000 15246 12.3091
16.33000 15066 12.3091
16.34000 14854 12.2169
16.35000 14755 12.1268
16.36000 14725 12.1268
16.37000 14857 12.2169
16.38000 15059 12.3091
16.39000 15228 12.3091
16.40000 15525 12.5
16.41000 15890 12.5988
16.42000 16525 12.8037
16.43000 17100 13.1306
16.44000 17751 13.3631
16.45000 18396 13.6083
16.46000 19034 13.7361
16.47000 19731 14.0028
16.48000 20575 14.2857
16.49000 21294 14.5865
16.50000 21788 14.7442
16.51000 22087 14.9071
16.52000 22373 14.9071
16.53000 22336 14.9071
16.54000 21994 14.9071
16.55000 21502 14.5865
16.56000 20732 14.4338
16.57000 19935 14.1421
16.58000 19152 13.8675
16.59000 18159 13.484
16.60000 17413 13.2453
16.61000 16440 12.8037
16.62000 15642 12.5
16.63000 14945 12.2169
16.64000 14213 11.9523
16.65000 13538 11.6248
16.66000 13185 11.4708
16.67000 12762 11.3228
16.68000 12492 11.1803
16.69000 12348 11.1111
16.70000 12199 11.0432
16.71000 12082 10.9764
16.72000 12110 10.9764
16.73000 12132 11.0432
16.74000 12343 11.1111
16.75000 12664 11.2509
16.76000 12659 11.2509
16.77000 12861 11.3228
16.78000 12906 11.3961
16.79000 13089 11.4708
16.80000 13328 11.547
16.81000 13550 11.6248
16.82000 13747 11.7041
16.83000 14002 11.8678
16.84000 14545 12.0386
16.85000 14754 12.1268
16.86000 14825 12.2169
16.87000 14937 12.2169
16.88000 15018 12.2169
16.89000 15096 12.3091
16.90000 15011 12.2169
16.91000 14771 12.1268
16.92000 14480 12.0386
16.93000 14106 11.8678
16.94000 13751 11.7041
16.95000 13324 11.547
16.96000 13107 11.4708
16.97000 12848 11.3228
16.98000 12577 11.1803
16.99000 12558 11.1803
17.00000 12514 11.1803
17.01000 12566 11.1803
17.02000 12626 11.2509
17.03000 12790 11.3228
17.04000 12824 11.3228
17.05000 12827 11.3228
17.06000 12801 11.3228
17.07000 12739 11.3228
17.08000 12657 11.2509
17.09000 12418 11.1111
17.10000 12027 10.9764
17.11000 11842 10.9109
17.12000 11352 10.66
17.13000 10879 10.4257
17.14000 10539 10.2598
17.15000 10101 10.0504
17.16000 9711 9.85329
17.17000 9420 9.71286
17.18000 9041 9.49158
17.19000 8772 9.36586
17.20000 8638 9.28477
17.21000 8335 9.12871
17.22000 8207 9.05357
17.23000 8082 8.98027
17.24000 8001 8.94427
17.25000 7923 8.90871
17.26000 7826 8.83883
17.27000 7755 8.80451
17.28000 7720 8.77058
17.29000 7666 8.77058
17.30000 7628 8.73704
17.31000 7526 8.6711
17.32000 7513 8.6711
17.33000 7585 8.70388
17.34000 7500 8.6711
17.35000 7470 8.63868
17.36000 7466 8.63868
17.37000 7511 8.6711
17.38000 7442 8.63868
17.39000 7367 8.57493
17.40000 7428 8.60663
17.41000 7568 8.70388
17.42000 7567 8.70388
17.43000 7566 8.70388
17.44000 7664 8.77058
17.45000 7634 8.73704
17.46000 7694 8.77058
17.47000 7691 8.77058
17.48000 7712 8.77058
17.49000 7662 8.73704
17.50000 7754 8.80451
17.51000 7712 8.77058
17.52000 7766 8.80451
17.53000 7759 8.80451
17.54000 7797 8.83883
17.55000 7808 8.83883
17.56000 7917 8.90871
17.57000 7959 8.90871
17.58000 7963 8.90871
17.59000 7993 8.94427
17.60000 8072 8.98027
17.61000 8147 9.0167
17.62000 8198 9.05357
17.63000 8281 9.09091
17.64000 8319 9.12871
17.65000 8349 9.12871
17.66000 8342 9.12871
17.67000 8456 9.20575
17.68000 8698 9.32505
17.69000 8901 9.44911
17.70000 9108 9.53463
17.71000 9180 9.57826
17.72000 9295 9.6225
17.73000 9439 9.71286
17.74000 9447 9.71286
17.75000 9532 9.759
17.76000 9641 9.80581
17.77000 9679 9.85329
17.78000 9692 9.85329
17.79000 9690 9.85329
17.80000 9692 9.85329
17.81000 9852 9.90148
17.82000 10084 10.0504
17.83000 10203 10.1015
17.84000 10237 10.1015
17.85000 10487 10.2598
17.86000 10663 10.3142
17.87000 10905 10.4257
17.88000 11066 10.5409
17.89000 11306 10.66
17.90000 11636 10.7833
17.91000 11919 10.9109
17.92000 12133 11.0432
17.93000 12442 11.1803
17.94000 12705 11.2509
17.95000 12783 11.3228
17.96000 13042 11.3961
17.97000 13283 11.547
17.98000 13474 11.6248
17.99000 13832 11.7851
18.00000 14186 11.9523
18.01000 14376 11.9523
18.02000 14782 12.1268
18.03000 15241 12.3091
18.04000 15591 12.5
18.05000 16234 12.7
18.06000 16774 12.9099
18.07000 17169 13.1306
18.08000 17617 13.2453
18.09000 18103 13.484
18.10000 18739 13.7361
18.11000 19336 13.8675
18.12000 19617 14.0028
18.13000 20336 14.2857
18.14000 21041 14.4338
18.15000 21697 14.7442
18.16000 22485 15.0756
18.17000 23066 15.2499
18.18000 23822 15.4303
18.19000 24617 15.6174
18.20000 25629 16.0128
18.21000 26664 16.2221
18.22000 27774 16.6667
18.23000 28933 16.9031
18.24000 30535 17.4078
18.25000 32159 17.9605
18.26000 34037 18.5695
18.27000 35706 18.8982
18.28000 37819 19.6116
18.29000 39913 20
18.30000 41986 20.4124
18.31000 43562 20.8514
18.32000 45178 21.3201
18.33000 46062 21.3201
18.34000 46019 21.3201
18.35000 45509 21.3201
18.36000 44121 20.8514
18.37000 42113 20.4124
18.38000 39601 20
18.39000 36531 19.245
18.40000 33288 18.2574
18.41000 30105 17.4078
18.42000 26870 16.4399
18.43000 24165 15.6174
18.44000 21546 14.7442
18.45000 19315 13.8675
18.46000 17368 13.1306
18.47000 15875 12.5988
18.48000 14711 12.1268
18.49000 13885 11.7851
18.50000 13171 11.4708
18.51000 12663 11.2509
18.52000 12230 11.0432
18.53000 11867 10.9109
18.54000 11738 10.8465
18.55000 11570 10.7833
18.56000 11570 10.7833
18.57000 11576 10.7833
18.58000 11528 10.7211
18.59000 11575 10.7833
18.60000 11629 10.7833
18.61000 11641 10.7833
18.62000 11732 10.8465
18.63000 11902 10.9109
18.64000 12153 11.0432
18.65000 12334 11.1111
18.66000 12679 11.2509
18.67000 12701 11.2509
18.68000 13001 11.3961
18.69000 13396 11.547
18.70000 13725 11.7041
18.71000 14046 11.8678
18.72000 14356 11.9523
18.73000 14673 12.1268
18.74000 15130 12.3091
18.75000 15427 12.4035
18.76000 15653 12.5
18.77000 15748 12.5
18.78000 15769 12.5988
18.79000 15480 12.4035
18.80000 15109 12.3091
18.81000 14794 12.1268
18.82000 14374 11.9523
18.83000 13844 11.7851
18.84000 13283 11.547
18.85000 12799 11.3228
18.86000 12310 11.1111
18.87000 11716 10.8465
18.88000 11353 10.66
18.89000 11043 10.4828
18.90000 10771 10.3695
18.91000 10636 10.3142
18.92000 10445 10.2062
18.93000 10395 10.2062
18.94000 10418 10.2062
18.95000 10432 10.2062
18.96000 10479 10.2598
18.97000 10609 10.3142
18.98000 10739 10.3695
18.99000 10796 10.3695
19.00000 10882 10.4257
19.01000 10851 10.4257
19.02000 11006 10.4828
19.03000 11203 10.6
19.04000 11392 10.66
19.05000 11596 10.7833
19.06000 11935 10.9109
19.07000 12253 11.0432
19.08000 12462 11.1803
19.09000 12720 11.2509
19.10000 13053 11.3961
19.11000 13361 11.547
19.12000 13724 11.7041
19.13000 14041 11.8678
19.14000 14451 12.0386
19.15000 14886 12.2169
19.16000 15200 12.3091
19.17000 15663 12.5
19.18000 16114 12.7
19.19000 16414 12.8037
19.20000 17047 13.0189
19.21000 17195 13.1306
19.22000 17740 13.3631
19.23000 18294 13.484
19.24000 18630 13.6083
19.25000 18820 13.7361
19.26000 19148 13.8675
19.27000 19349 13.8675
19.28000 19643 14.0028
19.29000 19783 14.0028
19.30000 19862 14.1421
19.31000 19918 14.1421
19.32000 19799 14.0028
19.33000 19603 14.0028
19.34000 19698 14.0028
19.35000 19492 14.0028
19.36000 19446 14.0028
19.37000 19500 14.0028
19.38000 19433 14.0028
19.39000 19275 13.8675
19.40000 19488 14.0028
19.41000 19558 14.0028
19.42000 19637 14.0028
19.43000 19838 14.1421
19.44000 20105 14.1421
19.45000 20431 14.2857
19.46000 20792 14.4338
19.47000 21217 14.5865
19.48000 21685 14.7442
19.49000 22159 14.9071
19.50000 22612 15.0756
19.51000 23209 15.2499
19.52000 23758 15.4303
19.53000 24447 15.6174
19.54000 25156 15.8114
19.55000 26031 16.2221
19.56000 26974 16.4399
19.57000 27892 16.6667
19.58000 28840 16.9031
19.59000 29935 17.4078
19.60000 30928 17.6777
19.61000 31774 17.9605
19.62000 32946 18.2574
19.63000 34240 18.5695
19.64000 35032 18.5695
19.65000 36006 18.8982
19.66000 37125 19.245
19.67000 37644 19.245
19.68000 37864 19.6116
19.69000 37505 19.245
19.70000 36839 19.245
19.71000 35503 18.8982
19.72000 34258 18.5695
19.73000 33053 18.2574
19.74000 31076 17.6777
19.75000 28720 16.9031
19.76000 26364 16.2221
19.77000 24008 15.4303
19.78000 21853 14.7442
19.79000 19934 14.1421
19.80000 18314 13.484
19.81000 16733 12.9099
19.82000 15611 12.5
19.83000 14560 12.0386
19.84000 13569 11.6248
19.85000 12892 11.3228
19.86000 12404 11.1111
19.87000 12038 10.9764
19.88000 11633 10.7833
19.89000 11256 10.6
19.90000 11044 10.4828
19.91000 10963 10.4828
19.92000 10947 10.4828
19.93000 10766 10.3695
19.94000 10715 10.3695
19.95000 10611 10.3142
19.96000 10513 10.2598
19.97000 10458 10.2062
19.98000 10514 10.2598
19.99000 10627 10.3142
20.00000 10678 10.3142
20.01000 10755 10.3695
20.02000 10797 10.3695
20.03000 11034 10.4828
20.04000 11290 10.6
20.05000 11307 10.66
20.06000 11551 10.7211
20.07000 11647 10.7833
20.08000 11936 10.9109
20.09000 12141 11.0432
20.10000 12351 11.1111
20.11000 12523 11.1803
20.12000 12700 11.2509
20.13000 12912 11.3961
20.14000 13253 11.547
20.15000 13844 11.7851
20.16000 14220 11.9523
20.17000 14549 12.0386
20.18000 15142 12.3091
20.19000 15734 12.5
20.20000 16495 12.8037
20.21000 17184 13.1306
20.22000 17677 13.2453
20.23000 18607 13.6083
20.24000 19274 13.8675
20.25000 20036 14.1421
20.26000 20560 14.2857
20.27000 21303 14.5865
20.28000 21835 14.7442
20.29000 21941 14.7442
20.30000 21791 14.7442
20.31000 21591 14.7442
20.32000 21011 14.4338
20.33000 20133 14.1421
20.34000 19152 13.8675
20.35000 18032 13.484
20.36000 16752 12.9099
20.37000 15643 12.5
20.38000 14683 12.1268
20.39000 13612 11.7041
20.40000 12694 11.2509
20.41000 11941 10.9109
20.42000 11366 10.66
20.43000 10890 10.4257
20.44000 10658 10.3142
20.45000 10343 10.1535
20.46000 10184 10.1015
20.47000 10118 10.0504
20.48000 10040 10
20.49000 9949 9.95037
20.50000 10141 10.0504
20.51000 10128 10.0504
20.52000 10252 10.1015
20.53000 10391 10.2062
20.54000 10523 10.2598
20.55000 10495 10.2598
20.56000 10639 10.3142
20.57000 10877 10.4257
20.58000 11148 10.5409
20.59000 11254 10.6
20.60000 11465 10.7211
20.61000 11647 10.7833
20.62000 11886 10.9109
20.63000 12240 11.0432
20.64000 12435 11.1803
20.65000 12775 11.3228
20.66000 13042 11.3961
20.67000 13539 11.6248
20.68000 13935 11.7851
20.69000 14472 12.0386
20.70000 14803 12.1268
20.71000 15332 12.4035
20.72000 15922 12.5988
20.73000 16161 12.7
20.74000 16562 12.9099
20.75000 16804 12.9099
20.76000 17019 13.0189
20.77000 17056 13.0189
20.78000 17055 13.0189
20.79000 16572 12.9099
20.80000 16370 12.8037
20.81000 16054 12.7
20.82000 15477 12.4035
20.83000 14972 12.2169
20.84000 14353 11.9523
20.85000 13814 11.7851
20.86000 13213 11.4708
20.87000 12953 11.3961
20.88000 12584 11.2509
20.89000 12125 11.0432
20.90000 11860 10.9109
20.91000 11627 10.7833
20.92000 11591 10.7833
20.93000 11401 10.66
20.94000 11371 10.66
20.95000 11369 10.66
20.96000 11416 10.66
20.97000 11538 10.7211
20.98000 11681 10.7833
20.99000 11644 10.7833
21.00000 11826 10.8465
21.01000 12038 10.9764
21.02000 11885 10.9109
21.03000 12044 10.9764
21.04000 12045 10.9764
21.05000 11933 10.9109
21.06000 11719 10.8465
21.07000 11482 10.7211
21.08000 11237 10.6
21.09000 10899 10.4257
21.10000 10560 10.2598
21.11000 10295 10.1535
21.12000 10099 10.0504
21.13000 9893 9.95037
21.14000 9679 9.85329
21.15000 9463 9.71286
21.16000 9287 9.6225
21.17000 9209 9.57826
21.18000 9142 9.57826
21.19000 9196 9.57826
21.20000 9172 9.57826
21.21000 9188 9.57826
21.22000 9136 9.57826
21.23000 9216 9.57826
21.24000 9264 9.6225
21.25000 9334 9.66736
21.26000 9389 9.66736
21.27000 9439 9.71286
21.28000 9491 9.759
21.29000 9747 9.85329
21.30000 9867 9.95037
21.31000 9974 10
21.32000 10324 10.1535
21.33000 10411 10.2062
21.34000 10596 10.3142
21.35000 10592 10.3142
21.36000 10716 10.3695
21.37000 10808 10.3695
21.38000 10880 10.4257
21.39000 10925 10.4257
21.40000 10806 10.3695
21.41000 10816 10.4257
21.42000 10689 10.3142
21.43000 10676 10.3142
21.44000 10652 10.3142
21.45000 10440 10.2062
21.46000 10386 10.2062
21.47000 10348 10.1535
21.48000 10240 10.1015
21.49000 10282 10.1535
21.50000 10370 10.2062
21.51000 10305 10.1535
21.52000 10410 10.2062
21.53000 10423 10.2062
21.54000 10531 10.2598
21.55000 10784 10.3695
21.56000 10972 10.4828
21.57000 11135 10.5409
21.58000 11514 10.7211
21.59000 11765 10.8465
21.60000 12019 10.9764
21.61000 12290 11.1111
21.62000 12683 11.2509
21.63000 13107 11.4708
21.64000 13542 11.6248
21.65000 14035 11.8678
21.66000 14466 12.0386
21.67000 14916 12.2169
21.68000 15302 12.4035
21.69000 15674 12.5
21.70000 15857 12.5988
21.71000 16029 12.7
21.72000 16138 12.7
21.73000 15978 12.5988
21.74000 15683 12.5
21.75000 15124 12.3091
21.76000 14627 12.1268
21.77000 14122 11.8678
21.78000 13503 11.6248
21.79000 12829 11.3228
21.80000 12148 11.0432
21.81000 11463 10.7211
21.82000 11069 10.5409
21.83000 10655 10.3142
21.84000 10257 10.1535
21.85000 10028 10
21.86000 9935 9.95037
21.87000 9674 9.85329
21.88000 9477 9.71286
21.89000 9464 9.71286
21.90000 9448 9.71286
21.91000 9377 9.66736
21.92000 9344 9.66736
21.93000 9366 9.66736
21.94000 9510 9.759
21.95000 9639 9.80581
21.96000 9898 9.95037
21.97000 9954 10
21.98000 10003 10
21.99000 10137 10.0504
22.00000 10296 10.1535
22.01000 10524 10.2598
22.02000 10546 10.2598
22.03000 10921 10.4257
22.04000 11227 10.6
22.05000 11427 10.66
22.06000 11679 10.7833
22.07000 11941 10.9109
22.08000 12217 11.0432
22.09000 12433 11.1803
22.10000 12654 11.2509
22.11000 12861 11.3228
22.12000 13218 11.4708
22.13000 13523 11.6248
22.14000 13813 11.7851
22.15000 13991 11.8678
22.16000 14162 11.8678
22.17000 14395 12.0386
22.18000 14494 12.0386
22.19000 14672 12.1268
22.20000 14833 12.2169
22.21000 14747 12.1268
22.22000 14797 12.1268
22.23000 14643 12.1268
22.24000 14416 12.0386
22.25000 14219 11.9523
22.26000 13791 11.7041
22.27000 13336 11.547
22.28000 12820 11.3228
22.29000 12384 11.1111
22.30000 11972 10.9109
22.31000 11503 10.7211
22.32000 11014 10.4828
22.33000 10721 10.3695
22.34000 10442 10.2062
22.35000 10207 10.1015
22.36000 10078 10.0504
22.37000 9998 10
22.38000 10116 10.0504
22.39000 10165 10.1015
22.40000 10218 10.1015
22.41000 10241 10.1015
22.42000 10486 10.2598
22.43000 10729 10.3695
22.44000 10947 10.4828
22.45000 11236 10.6
22.46000 11290 10.6
22.47000 11548 10.7211
22.48000 11843 10.9109
22.49000 12080 10.9764
22.50000 12248 11.0432
22.51000 12556 11.1803
22.52000 12855 11.3228
22.53000 13125 11.4708
22.54000 13403 11.547
22.55000 13687 11.7041
22.56000 13922 11.7851
22.57000 14100 11.8678
22.58000 14276 11.9523
22.59000 14341 11.9523
22.60000 14408 12.0386
22.61000 14408 12.0386
22.62000 14437 12.0386
22.63000 14281 11.9523
22.64000 14226 11.9523
22.65000 14377 11.9523
22.66000 14326 11.9523
22.67000 14481 12.0386
22.68000 14586 12.0386
22.69000 14725 12.1268
22.70000 14977 12.2169
22.71000 15176 12.3091
22.72000 15279 12.4035
22.73000 15489 12.4035
22.74000 15761 12.5988
22.75000 15996 12.5988
22.76000 16189 12.7
22.77000 16477 12.8037
22.78000 16782 12.9099
22.79000 16965 13.0189
22.80000 17452 13.2453
22.81000 17782 13.3631
22.82000 18209 13.484
22.83000 18758 13.7361
22.84000 19223 13.8675
22.85000 20016 14.1421
22.86000 20771 14.4338
22.87000 21430 14.5865
22.88000 22407 14.9071
22.89000 23404 15.2499
22.90000 24578 15.6174
22.91000 25882 16.0128
22.92000 27299 16.4399
22.93000 28790 16.9031
22.94000 30509 17.4078
22.95000 32216 17.9605
22.96000 33792 18.2574
22.97000 35154 18.8982
22.98000 36691 19.245
22.99000 37822 19.6116
23.00000 38582 19.6116
23.01000 38851 19.6116
23.02000 38705 19.6116
23.03000 37803 19.6116
23.04000 36597 19.245
23.05000 35215 18.8982
23.06000 33476 18.2574
23.07000 31858 17.9605
23.08000 30148 17.4078
23.09000 28363 16.9031
23.10000 27037 16.4399
23.11000 25685 16.0128
23.12000 24610 15.6174
23.13000 24064 15.4303
23.14000 23699 15.4303
23.15000 23618 15.4303
23.16000 23729 15.4303
23.17000 24206 15.6174
23.18000 24655 15.6174
23.19000 25103 15.8114
23.20000 25945 16.0128
23.21000 26899 16.4399
23.22000 27782 16.6667
23.23000 28676 16.9031
23.24000 29462 17.1499
23.25000 30153 17.4078
23.26000 31245 17.6777
23.27000 32044 17.9605
23.28000 32737 17.9605
23.29000 33406 18.2574
23.30000 33782 18.2574
23.31000 34319 18.5695
23.32000 34573 18.5695
23.33000 34682 18.5695
23.34000 34907 18.5695
23.35000 34952 18.5695
23.36000 34889 18.5695
23.37000 34766 18.5695
23.38000 33859 18.2574
23.39000 33062 18.2574
23.40000 32140 17.9605
23.41000 30793 17.6777
23.42000 29324 17.1499
23.43000 27533 16.6667
23.44000 25565 16.0128
23.45000 23575 15.4303
23.46000 21789 14.7442
23.47000 20100 14.1421
23.48000 18344 13.484
23.49000 16933 13.0189
23.50000 15471 12.4035
23.51000 14415 12.0386
23.52000 13625 11.7041
23.53000 12682 11.2509
23.54000 11989 10.9764
23.55000 11524 10.7211
23.56000 10934 10.4828
23.57000 10559 10.2598
23.58000 10244 10.1015
23.59000 9954 10
23.60000 9825 9.90148
23.61000 9644 9.80581
23.62000 9498 9.759
23.63000 9438 9.71286
23.64000 9413 9.71286
23.65000 9397 9.71286
23.66000 9456 9.71286
23.67000 9409 9.71286
23.68000 9403 9.71286
23.69000 9459 9.71286
23.70000 9369 9.66736
23.71000 9313 9.66736
23.72000 9285 9.6225
23.73000 9339 9.66736
23.74000 9231 9.6225
23.75000 9157 9.57826
23.76000 9079 9.53463
23.77000 9048 9.49158
23.78000 8888 9.40721
23.79000 8744 9.36586
23.80000 8584 9.28477
23.81000 8625 9.28477
23.82000 8508 9.20575
23.83000 8327 9.12871
23.84000 8294 9.09091
23.85000 8212 9.05357
23.86000 8174 9.05357
23.87000 8148 9.0167
23.88000 8097 8.98027
23.89000 7956 8.90871
23.90000 7863 8.87357
23.91000 7821 8.83883
23.92000 7826 8.83883
23.93000 7836 8.83883
23.94000 7735 8.80451
23.95000 7776 8.80451
23.96000 7787 8.83883
23.97000 7753 8.80451
23.98000 7701 8.77058
23.99000 7713 8.77058
24.00000 7763 8.80451
24.01000 7978 8.94427
24.02000 7971 8.94427
24.03000 8000 8.94427
24.04000 8051 8.98027
24.05000 8078 8.98027
24.06000 8275 9.09091
24.07000 8383 9.16698
24.08000 8563 9.245
24.09000 8651 9.28477
24.10000 8755 9.36586
24.11000 8995 9.49158
24.12000 8990 9.49158
24.13000 9238 9.6225
24.14000 9455 9.71286
24.15000 9636 9.80581
24.16000 9823 9.90148
24.17000 10123 10.0504
24.18000 10358 10.1535
24.19000 10561 10.2598
24.20000 10928 10.4257
24.21000 11251 10.6
24.22000 11599 10.7833
24.23000 11909 10.9109
24.24000 12292 11.1111
24.25000 12776 11.3228
24.26000 13119 11.4708
24.27000 13654 11.7041
24.28000 14009 11.8678
24.29000 14515 12.0386
24.30000 15082 12.3091
24.31000 15556 12.5
24.32000 16177 12.7
24.33000 16709 12.9099
24.34000 17360 13.1306
24.35000 17919 13.3631
24.36000 18562 13.6083
24.37000 19291 13.8675
24.38000 19783 14.0028
24.39000 20186 14.1421
24.40000 20440 14.2857
24.41000 20558 14.2857
24.42000 20530 14.2857
24.43000 20595 14.2857
24.44000 20328 14.2857
24.45000 19950 14.1421
24.46000 19519 14.0028
24.47000 19143 13.8675
24.48000 18751 13.7361
24.49000 18466 13.6083
24.50000 18116 13.484
24.51000 17809 13.3631
24.52000 17719 13.3631
24.53000 17669 13.2453
24.54000 17635 13.2453
24.55000 17752 13.3631
24.56000 17586 13.2453
24.57000 17197 13.1306
24.58000 16861 13.0189
24.59000 16369 12.8037
24.60000 15956 12.5988
24.61000 15413 12.4035
24.62000 15001 12.2169
24.63000 14377 11.9523
24.64000 13869 11.7851
24.65000 13359 11.547
24.66000 12938 11.3961
24.67000 12563 11.1803
24.68000 12337 11.1111
24.69000 12066 10.9764
24.70000 11935 10.9109
24.71000 11645 10.7833
24.72000 11548 10.7211
24.73000 11498 10.7211
24.74000 11483 10.7211
24.75000 11292 10.6
24.76000 11375 10.66
24.77000 11511 10.7211
24.78000 11688 10.7833
24.79000 11723 10.8465
24.80000 11885 10.9109
24.81000 12001 10.9764
24.82000 12144 11.0432
24.83000 12295 11.1111
24.84000 12529 11.1803
24.85000 12800 11.3228
24.86000 13077 11.4708
24.87000 13296 11.547
24.88000 13397 11.547
24.89000 13461 11.6248
24.90000 13791 11.7041
24.91000 14136 11.8678
24.92000 14468 12.0386
24.93000 14801 12.1268
24.94000 15052 12.3091
24.95000 15295 12.4035
24.96000 15556 12.5
24.97000 15887 12.5988
24.98000 16332 12.8037
24.99000 16581 12.9099
25.00000 16852 13.0189
25.01000 17277 13.1306
25.02000 17720 13.3631
25.03000 18238 13.484
25.04000 18852 13.7361
25.05000 19420 14.0028
25.06000 19913 14.1421
25.07000 20281 14.2857
25.08000 20771 14.4338
25.09000 21046 14.4338
25.10000 21286 14.5865
25.11000 21235 14.5865
25.12000 21231 14.5865
25.13000 21029 14.4338
25.14000 20934 14.4338
25.15000 20647 14.4338
25.16000 20179 14.1421
25.17000 19881 14.1421
25.18000 19519 14.0028
25.19000 19290 13.8675
25.20000 19029 13.7361
25.21000 18820 13.7361
25.22000 18737 13.7361
25.23000 18783 13.7361
25.24000 18866 13.7361
25.25000 18899 13.7361
25.26000 19016 13.7361
25.27000 19086 13.8675
25.28000 19120 13.8675
25.29000 19314 13.8675
25.30000 19630 14.0028
25.31000 19694 14.0028
25.32000 19645 14.0028
25.33000 19946 14.1421
25.34000 20050 14.1421
25.35000 20301 14.2857
25.36000 20428 14.2857
25.37000 20720 14.4338
25.38000 20755 14.4338
25.39000 20768 14.4338
25.40000 20812 14.4338
25.41000 20666 14.4338
25.42000 20567 14.2857
25.43000 20250 14.2857
25.44000 19757 14.0028
25.45000 19152 13.8675
25.46000 18316 13.484
25.47000 17265 13.1306
25.48000 16226 12.7
25.49000 15072 12.3091
25.50000 14039 11.8678
25.51000 12894 11.3228
25.52000 11921 10.9109
25.53000 11016 10.4828
25.54000 10133 10.0504
25.55000 9439 9.71286
25.56000 8788 9.36586
25.57000 8335 9.12871
25.58000 7943 8.90871
25.59000 7592 8.70388
25.60000 7328 8.57493
25.61000 7203 8.48189
25.62000 6976 8.36242
25.63000 6836 8.27606
25.64000 6737 8.21995
25.65000 6627 8.13788
25.66000 6557 8.08452
25.67000 6427 8.00641
25.68000 6439 8.03219
25.69000 6457 8.03219
25.70000 6353 7.98087
25.71000 6257 7.90569
25.72000 6309 7.93052
25.73000 6273 7.93052
25.74000 6293 7.93052
25.75000 6272 7.93052
25.76000 6189 7.85674
25.77000 6190 7.85674
25.78000 6120 7.8326
25.79000 6111 7.80869
25.80000 6050 7.78499
25.81000 6095 7.80869
25.82000 6062 7.78499
25.83000 6073 7.78499
25.84000 6123 7.8326
25.85000 6134 7.8326
25.86000 6096 7.80869
25.87000 6100 7.80869
25.88000 6147 7.8326
25.89000 6130 7.8326
25.90000 6082 7.80869
25.91000 6076 7.78499
25.92000 6223 7.8811
25.93000 6226 7.8811
25.94000 6242 7.90569
25.95000 6174 7.85674
25.96000 6190 7.85674
25.97000 6287 7.93052
25.98000 6317 7.95557
25.99000 6407 8.00641
26.00000 6400 8.00641
26.01000 6366 7.98087
26.02000 6449 8.03219
26.03000 6535 8.08452
26.04000 6634 8.13788
26.05000 6655 8.16497
26.06000 6680 8.16497
26.07000 6651 8.16497
26.08000 6813 8.24786
26.09000 6823 8.24786
26.10000 6849 8.27606
26.11000 6934 8.33333
26.12000 6954 8.33333
26.13000 6963 8.33333
26.14000 7096 8.42152
26.15000 7182 8.48189
26.16000 7311 8.54358
26.17000 7286 8.54358
26.18000 7459 8.63868
26.19000 7504 8.6711
26.20000 7702 8.77058
26.21000 7846 8.87357
26.22000 7965 8.90871
26.23000 8154 9.0167
26.24000 8386 9.16698
26.25000 8599 9.28477
26.26000 8989 9.49158
26.27000 9103 9.53463
26.28000 9364 9.66736
26.29000 9617 9.80581
26.30000 9881 9.95037
26.31000 10215 10.1015
26.32000 10473 10.2598
26.33000 11015 10.4828
26.34000 11411 10.66
26.35000 11821 10.8465
26.36000 12264 11.0432
26.37000 12800 11.3228
26.38000 13253 11.547
26.39000 13587 11.6248
26.40000 14048 11.8678
26.41000 14273 11.9523
26.42000 14689 12.1268
26.43000 15133 12.3091
26.44000 15251 12.3091
26.45000 15578 12.5
26.46000 15782 12.5988
26.47000 15864 12.5988
26.48000 16087 12.7
26.49000 16331 12.8037
26.50000 16752 12.9099
26.51000 17049 13.0189
26.52000 17414 13.2453
26.53000 17700 13.3631
26.54000 18023 13.484
26.55000 18425 13.6083
26.56000 18804 13.7361
26.57000 19155 13.8675
26.58000 20081 14.1421
26.59000 20567 14.2857
26.60000 21003 14.4338
26.61000 21821 14.7442
26.62000 22644 15.0756
26.63000 23586 15.4303
26.64000 24445 15.6174
26.65000 25152 15.8114
26.66000 25856 16.0128
26.67000 26650 16.2221
26.68000 27550 16.6667
26.69000 28156 16.6667
26.70000 28850 16.9031
26.71000 29895 17.4078
26.72000 30939 17.6777
26.73000 32097 17.9605
26.74000 33271 18.2574
26.75000 34346 18.5695
26.76000 35628 18.8982
26.77000 37058 19.245
26.78000 37870 19.6116
26.79000 38807 19.6116
26.80000 39058 19.6116
26.81000 39071 19.6116
26.82000 38570 19.6116
26.83000 37761 19.6116
26.84000 36337 18.8982
26.85000 34389 18.5695
26.86000 32389 17.9605
26.87000 30300 17.4078
26.88000 28033 16.6667
26.89000 25636 16.0128
26.90000 23401 15.2499
26.91000 21038 14.4338
26.92000 18920 13.7361
26.93000 16934 13.0189
26.94000 15421 12.4035
26.95000 14004 11.8678
26.96000 12789 11.3228
26.97000 11828 10.8465
26.98000 11031 10.4828
26.99000 10327 10.1535
27.00000 9717 9.85329
27.01000 9342 9.66736
27.02000 8859 9.40721
27.03000 8662 9.32505
27.04000 8412 9.16698
27.05000 8094 8.98027
27.06000 7890 8.87357
27.07000 7753 8.80451
27.08000 7727 8.80451
27.09000 7618 8.73704
27.10000 7511 8.6711
27.11000 7533 8.6711
27.12000 7281 8.54358
27.13000 7275 8.54358
27.14000 7383 8.60663
27.15000 7400 8.60663
27.16000 7285 8.54358
27.17000 7235 8.51257
27.18000 7288 8.54358
27.19000 7318 8.54358
27.20000 7372 8.57493
27.21000 7469 8.63868
27.22000 7458 8.63868
27.23000 7550 8.70388
27.24000 7628 8.73704
27.25000 7764 8.80451
27.26000 7721 8.77058
27.27000 7770 8.80451
27.28000 7866 8.87357
27.29000 7942 8.90871
27.30000 8082 8.98027
27.31000 8235 9.09091
27.32000 8269 9.09091
27.33000 8274 9.09091
27.34000 8372 9.16698
27.35000 8528 9.245
27.36000 8556 9.245
27.37000 8592 9.28477
27.38000 8708 9.32505
27.39000 8778 9.36586
27.40000 8834 9.40721
27.41000 8772 9.36586
27.42000 8933 9.44911
27.43000 8960 9.44911
27.44000 8841 9.40721
27.45000 8923 9.44911
27.46000 8795 9.36586
27.47000 8627 9.28477
27.48000 8517 9.245
27.49000 8399 9.16698
27.50000 8217 9.05357
27.51000 7961 8.90871
27.52000 7806 8.83883
27.53000 7555 8.70388
27.54000 7341 8.57493
27.55000 7175 8.48189
27.56000 6961 8.33333
27.57000 6718 8.19232
27.58000 6637 8.13788
27.59000 6581 8.11107
27.60000 6426 8.00641
27.61000 6288 7.93052
27.62000 6238 7.90569
27.63000 6146 7.8326
27.64000 6055 7.78499
27.65000 6013 7.76151
27.66000 5980 7.73823
27.67000 5922 7.69231
27.68000 5903 7.69231
27.69000 5829 7.62493
27.70000 5873 7.66965
27.71000 5918 7.69231
27.72000 5923 7.69231
27.73000 5874 7.66965
27.74000 5894 7.66965
27.75000 5980 7.73823
27.76000 6004 7.73823
27.77000 5973 7.73823
27.78000 6058 7.78499
27.79000 6149 7.8326
27.80000 6200 7.8811
27.81000 6223 7.8811
27.82000 6338 7.95557
27.83000 6361 7.98087
27.84000 6435 8.03219
27.85000 6482 8.05823
27.86000 6475 8.05823
27.87000 6562 8.11107
27.88000 6530 8.08452
27.89000 6619 8.13788
27.90000 6564 8.11107
27.91000 6571 8.11107
27.92000 6664 8.16497
27.93000 6668 8.16497
27.94000 6626 8.13788
27.95000 6715 8.19232
27.96000 6737 8.21995
27.97000 6800 8.24786
27.98000 6877 8.30455
27.99000 7000 8.36242
28.00000 7048 8.39181
28.01000 7318 8.54358
28.02000 7458 8.63868
28.03000 7593 8.70388
28.04000 7715 8.77058
28.05000 7797 8.83883
28.06000 7904 8.87357
28.07000 8008 8.94427
28.08000 8025 8.94427
28.09000 8091 8.98027
28.10000 8128 9.0167
28.11000 8086 8.98027
28.12000 8127 9.0167
28.13000 8158 9.0167
28.14000 8056 8.98027
28.15000 8014 8.94427
28.16000 7893 8.87357
28.17000 7820 8.83883
28.18000 7683 8.77058
28.19000 7568 8.70388
28.20000 7424 8.60663
28.21000 7323 8.54358
28.22000 7229 8.51257
28.23000 7206 8.48189
28.24000 7082 8.42152
28.25000 6994 8.36242
28.26000 6917 8.30455
28.27000 6905 8.30455
28.28000 6806 8.24786
28.29000 6756 8.21995
28.30000 6767 8.21995
28.31000 6720 8.19232
28.32000 6650 8.16497
28.33000 6554 8.08452
28.34000 6523 8.08452
28.35000 6431 8.03219
28.36000 6374 7.98087
28.37000 6384 7.98087
28.38000 6205 7.8811
28.39000 6173 7.85674
28.40000 6152 7.8326
28.41000 6154 7.85674
28.42000 5986 7.73823
28.43000 5787 7.60286
28.44000 5779 7.60286
28.45000 5798 7.62493
28.46000 5724 7.55929
28.47000 5616 7.49532
28.48000 5577 7.47435
28.49000 5562 7.45356
28.50000 5572 7.47435
28.51000 5530 7.43294
28.52000 5491 7.41249
28.53000 5508 7.41249
28.54000 5518 7.43294
28.55000 5567 7.45356
28.56000 5542 7.45356
28.57000 5558 7.45356
28.58000 5593 7.47435
28.59000 5614 7.49532
28.60000 5714 7.55929
28.61000 5848 7.64719
28.62000 5918 7.69231
28.63000 6008 7.76151
28.64000 5982 7.73823
28.65000 6064 7.78499
28.66000 6091 7.80869
28.67000 6190 7.85674
28.68000 6320 7.95557
28.69000 6402 8.00641
28.70000 6465 8.03219
28.71000 6571 8.11107
28.72000 6662 8.16497
28.73000 6753 8.21995
28.74000 6837 8.27606
28.75000 6782 8.24786
28.76000 6839 8.27606
28.77000 6830 8.27606
28.78000 6893 8.30455
28.79000 6953 8.33333
28.80000 6902 8.30455
28.81000 6743 8.21995
28.82000 6672 8.16497
28.83000 6573 8.11107
28.84000 6378 7.98087
28.85000 6307 7.93052
28.86000 6209 7.8811
28.87000 6132 7.8326
28.88000 6073 7.78499
28.89000 5976 7.73823
28.90000 5987 7.73823
28.91000 5961 7.71517
28.92000 5918 7.69231
28.93000 5934 7.69231
28.94000 5975 7.73823
28.95000 5988 7.73823
28.96000 6038 7.76151
28.97000 6046 7.78499
28.98000 6030 7.76151
28.99000 6122 7.8326
29.00000 6230 7.8811
29.01000 6161 7.85674
29.02000 6179 7.85674
29.03000 6248 7.90569
29.04000 6328 7.95557
29.05000 6361 7.98087
29.06000 6347 7.95557
29.07000 6330 7.95557
29.08000 6302 7.93052
29.09000 6404 8.00641
29.10000 6439 8.03219
29.11000 6444 8.03219
29.12000 6481 8.05823
29.13000 6499 8.05823
29.14000 6595 8.11107
29.15000 6671 8.16497
29.16000 6706 8.19232
29.17000 6724 8.19232
29.18000 6814 8.24786
29.19000 6867 8.27606
29.20000 6951 8.33333
29.21000 7149 8.45154
29.22000 7287 8.54358
29.23000 7316 8.54358
29.24000 7411 8.60663
29.25000 7466 8.63868
29.26000 7518 8.6711
29.27000 7574 8.70388
29.28000 7483 8.63868
29.29000 7549 8.70388
29.30000 7482 8.63868
29.31000 7498 8.6711
29.32000 7449 8.63868
29.33000 7430 8.60663
29.34000 7342 8.57493
29.35000 7319 8.54358
29.36000 7224 8.51257
29.37000 7200 8.48189
29.38000 7245 8.51257
29.39000 7222 8.51257
29.40000 7238 8.51257
29.41000 7283 8.54358
29.42000 7411 8.60663
29.43000 7529 8.6711
29.44000 7679 8.77058
29.45000 7771 8.80451
29.46000 7946 8.90871
29.47000 8058 8.98027
29.48000 8050 8.98027
29.49000 8050 8.98027
29.50000 8059 8.98027
29.51000 8085 8.98027
29.52000 8124 9.0167
29.53000 8098 9.0167
29.54000 7930 8.90871
29.55000 7809 8.83883
29.56000 7658 8.73704
29.57000 7464 8.63868
29.58000 7325 8.54358
29.59000 7062 8.39181
29.60000 6966 8.33333
29.61000 6714 8.19232
29.62000 6528 8.08452
29.63000 6359 7.98087
29.64000 6092 7.80869
29.65000 5935 7.71517
29.66000 5860 7.64719
29.67000 5736 7.58098
29.68000 5537 7.43294
29.69000 5474 7.39221
29.70000 5409 7.35215
29.71000 5302 7.27393
29.72000 5284 7.27393
29.73000 5218 7.21688
29.74000 5083 7.1247
29.75000 5055 7.10669
29.76000 5030 7.08881
29.77000 4970 7.05346
29.78000 4987 7.05346
29.79000 4936 7.01862
29.80000 4870 6.9843
29.81000 4861 6.96733
29.82000 4827 6.95048
29.83000 4841 6.95048
29.84000 4894 7.0014
29.85000 4873 6.9843
29.86000 4847 6.96733
29.87000 4861 6.96733
29.88000 4783 6.91714
29.89000 4867 6.9843
29.90000 4897 7.0014
29.91000 4813 6.93375
29.92000 4741 6.88428
29.93000 4685 6.85189
29.94000 4734 6.88428
29.95000 4807 6.93375
29.96000 4703 6.85189
29.97000 4784 6.91714
29.98000 4775 6.91714
29.99000 4701 6.85189
30.00000 4667 6.83586
30.01000 4644 6.81994
30.02000 4680 6.83586
30.03000 4725 6.86803
30.04000 4815 6.93375
30.05000 4805 6.93375
30.06000 4755 6.90066
30.07000 4779 6.91714
30.08000 4692 6.85189
30.09000 4749 6.88428
30.10000 4776 6.91714
30.11000 4786 6.91714
30.12000 4814 6.93375
30.13000 4755 6.90066
30.14000 4735 6.88428
30.15000 4736 6.88428
30.16000 4656 6.81994
30.17000 4657 6.81994
30.18000 4753 6.90066
30.19000 4729 6.88428
30.20000 4749 6.88428
30.21000 4833 6.95048
30.22000 4753 6.90066
30.23000 4746 6.88428
30.24000 4763 6.90066
30.25000 4715 6.86803
30.26000 4703 6.85189
30.27000 4682 6.83586
30.28000 4700 6.85189
30.29000 4708 6.86803
30.30000 4658 6.81994
30.31000 4563 6.75737
30.32000 4606 6.78844
30.33000 4612 6.78844
30.34000 4652 6.81994
30.35000 4650 6.81994
30.36000 4641 6.81994
30.37000 4543 6.742
30.38000 4574 6.75737
30.39000 4664 6.83586
30.40000 4754 6.90066
30.41000 4640 6.80414
30.42000 4654 6.81994
30.43000 4734 6.88428
30.44000 4755 6.90066
30.45000 4820 6.95048
30.46000 4755 6.90066
30.47000 4768 6.90066
30.48000 4846 6.96733
30.49000 4834 6.95048
30.50000 4848 6.96733
30.51000 4854 6.96733
30.52000 4904 7.0014
30.53000 4889 6.9843
30.54000 4915 7.01862
30.55000 4973 7.05346
30.56000 5073 7.1247
30.57000 5034 7.08881
30.58000 4994 7.07107
30.59000 5019 7.08881
30.60000 5034 7.08881
30.61000 5057 7.10669
30.62000 5095 7.14286
30.63000 5125 7.16115
30.64000 5145 7.17958
30.65000 5206 7.21688
30.66000 5266 7.25476
30.67000 5267 7.25476
30.68000 5277 7.25476
30.69000 5339 7.31272
30.70000 5377 7.33236
30.71000 5478 7.39221
30.72000 5558 7.45356
30.73000 5626 7.49532
30.74000 5750 7.58098
30.75000 5861 7.64719
30.76000 6006 7.73823
30.77000 6082 7.80869
30.78000 6255 7.90569
30.79000 6349 7.95557
30.80000 6413 8.00641
30.81000 6506 8.05823
30.82000 6597 8.11107
30.83000 6728 8.19232
30.84000 6876 8.30455
30.85000 6995 8.36242
30.86000 7183 8.48189
30.87000 7293 8.54358
30.88000 7537 8.6711
30.89000 7622 8.73704
30.90000 7676 8.77058
30.91000 7786 8.83883
30.92000 7931 8.90871
30.93000 7909 8.90871
30.94000 7997 8.94427
30.95000 8034 8.98027
30.96000 8138 9.0167
30.97000 8152 9.0167
30.98000 8145 9.0167
30.99000 8139 9.0167
31.00000 8143 9.0167
31.01000 8159 9.0167
31.02000 8102 9.0167
31.03000 8142 9.0167
31.04000 8120 9.0167
31.05000 8032 8.94427
31.06000 8019 8.94427
31.07000 8050 8.98027
31.08000 7882 8.87357
31.09000 7838 8.83883
31.10000 7712 8.77058
31.11000 7503 8.6711
31.12000 7363 8.57493
31.13000 7121 8.45154
31.14000 6914 8.30455
31.15000 6829 8.27606
31.16000 6648 8.16497
31.17000 6432 8.03219
31.18000 6241 7.90569
31.19000 6092 7.80869
31.20000 5984 7.73823
31.21000 5972 7.73823
31.22000 5955 7.71517
31.23000 5824 7.62493
31.24000 5815 7.62493
31.25000 5700 7.55929
31.26000 5716 7.55929
31.27000 5728 7.55929
31.28000 5742 7.58098
31.29000 5718 7.55929
31.30000 5816 7.62493
31.31000 5852 7.64719
31.32000 5831 7.64719
31.33000 5862 7.64719
31.34000 5969 7.71517
31.35000 5912 7.69231
31.36000 5903 7.69231
31.37000 5930 7.69231
31.38000 5872 7.66965
31.39000 5828 7.62493
31.40000 5794 7.60286
31.41000 5794 7.60286
31.42000 5769 7.60286
31.43000 5773 7.60286
31.44000 5739 7.58098
31.45000 5691 7.53778
31.46000 5605 7.49532
31.47000 5534 7.43294
31.48000 5509 7.41249
31.49000 5499 7.41249
31.50000 5456 7.39221
31.51000 5443 7.3721
31.52000 5425 7.3721
31.53000 5372 7.33236
31.54000 5353 7.31272
31.55000 5480 7.41249
31.56000 5461 7.39221
31.57000 5462 7.39221
31.58000 5377 7.33236
31.59000 5378 7.33236
31.60000 5408 7.35215
31.61000 5450 7.39221
31.62000 5463 7.39221
31.63000 5498 7.41249
31.64000 5553 7.45356
31.65000 5549 7.45356
31.66000 5567 7.45356
31.67000 5563 7.45356
31.68000 5525 7.43294
31.69000 5578 7.47435
31.70000 5529 7.43294
31.71000 5399 7.35215
31.72000 5441 7.3721
31.73000 5414 7.35215
31.74000 5374 7.33236
31.75000 5337 7.31272
31.76000 5339 7.31272
31.77000 5380 7.33236
31.78000 5371 7.33236
31.79000 5346 7.31272
31.80000 5281 7.27393
31.81000 5318 7.29325
31.82000 5393 7.35215
31.83000 5403 7.35215
31.84000 5495 7.41249
31.85000 5491 7.41249
31.86000 5497 7.41249
31.87000 5555 7.45356
31.88000 5523 7.43294
31.89000 5641 7.51646
31.90000 5735 7.58098
31.91000 5888 7.66965
31.92000 5868 7.66965
31.93000 6009 7.76151
31.94000 6093 7.80869
31.95000 6101 7.80869
31.96000 6176 7.85674
31.97000 6311 7.95557
31.98000 6449 8.03219
31.99000 6459 8.03219
32.00000 6483 8.05823
32.01000 6465 8.03219
32.02000 6613 8.13788
32.03000 6758 8.21995
32.04000 6737 8.21995
32.05000 6671 8.16497
32.06000 6738 8.21995
32.07000 6850 8.27606
32.08000 6815 8.24786
32.09000 6882 8.30455
32.10000 6954 8.33333
32.11000 7063 8.39181
32.12000 7067 8.39181
32.13000 7141 8.45154
32.14000 7292 8.54358
32.15000 7259 8.51257
32.16000 7331 8.57493
32.17000 7446 8.63868
32.18000 7486 8.63868
32.19000 7456 8.63868
32.20000 7440 8.63868
32.21000 7384 8.60663
32.22000 7359 8.57493
32.23000 7342 8.57493
32.24000 7182 8.48189
32.25000 7122 8.45154
32.26000 7070 8.42152
32.27000 7014 8.36242
32.28000 7007 8.36242
32.29000 6901 8.30455
32.30000 6844 8.27606
32.31000 6841 8.27606
32.32000 6757 8.21995
32.33000 6790 8.24786
32.34000 6790 8.24786
32.35000 6842 8.27606
32.36000 6818 8.24786
32.37000 6818 8.24786
32.38000 6848 8.27606
32.39000 6783 8.24786
32.40000 6786 8.24786
32.41000 6845 8.27606
32.42000 6881 8.30455
32.43000 6892 8.30455
32.44000 6881 8.30455
32.45000 6905 8.30455
32.46000 6878 8.30455
32.47000 6852 8.27606
32.48000 6826 8.27606
32.49000 6756 8.21995
32.50000 6588 8.11107
32.51000 6534 8.08452
32.52000 6312 7.95557
32.53000 6205 7.8811
32.54000 6001 7.73823
32.55000 5784 7.60286
32.56000 5628 7.49532
32.57000 5503 7.41249
32.58000 5410 7.35215
32.59000 5369 7.33236
32.60000 5229 7.23575
32.61000 5160 7.17958
32.62000 5117 7.16115
32.63000 5143 7.17958
32.64000 5255 7.25476
32.65000 5256 7.25476
32.66000 5266 7.25476
32.67000 5292 7.27393
32.68000 5302 7.27393
32.69000 5365 7.33236
32.70000 5389 7.33236
32.71000 5496 7.41249
32.72000 5522 7.43294
32.73000 5514 7.43294
32.74000 5545 7.45356
32.75000 5556 7.45356
32.76000 5462 7.39221
32.77000 5449 7.3721
32.78000 5383 7.33236
32.79000 5402 7.35215
32.80000 5340 7.31272
32.81000 5315 7.29325
32.82000 5219 7.21688
32.83000 5161 7.17958
32.84000 5032 7.08881
32.85000 5029 7.08881
32.86000 4901 7.0014
32.87000 4827 6.95048
32.88000 4786 6.91714
32.89000 4714 6.86803
32.90000 4642 6.81994
32.91000 4592 6.77285
32.92000 4532 6.72673
32.93000 4474 6.68153
32.94000 4403 6.63723
32.95000 4397 6.63723
32.96000 4351 6.5938
32.97000 4314 6.56532
32.98000 4293 6.55122
32.99000 4239 6.50945
33.00000 4218 6.4957
33.01000 4239 6.50945
33.02000 4267 6.5372
33.03000 4225 6.4957
33.04000 4187 6.46846
33.05000 4200 6.48204
33.06000 4238 6.50945
33.07000 4135 6.42824
33.08000 4170 6.45497
33.09000 4170 6.45497
33.10000 4222 6.4957
33.11000 4259 6.52328
33.12000 4210 6.48204
33.13000 4237 6.50945
33.14000 4249 6.52328
33.15000 4288 6.55122
33.16000 4324 6.57952
33.17000 4316 6.56532
33.18000 4412 6.63723
33.19000 4339 6.5938
33.20000 4382 6.62266
33.21000 4434 6.6519
33.22000 4502 6.71156
33.23000 4491 6.6965
33.24000 4481 6.6965
33.25000 4557 6.75737
33.26000 4612 6.78844
33.27000 4669 6.83586
33.28000 4700 6.85189
33.29000 4770 6.90066
33.30000 4835 6.95048
33.31000 4983 7.05346
33.32000 5038 7.10669
33.33000 5045 7.10669
33.34000 5144 7.17958
33.35000 5211 7.21688
33.36000 5236 7.23575
33.37000 5222 7.23575
33.38000 5333 7.29325
33.39000 5462 7.39221
33.40000 5506 7.41249
33.41000 5556 7.45356
33.42000 5602 7.47435
33.43000 5629 7.49532
33.44000 5673 7.53778
33.45000 5728 7.55929
33.46000 5692 7.53778
33.47000 5626 7.49532
33.48000 5591 7.47435
33.49000 5558 7.45356
33.50000 5488 7.41249
33.51000 5373 7.33236
33.52000 5406 7.35215
33.53000 5348 7.31272
33.54000 5205 7.21688
33.55000 5160 7.17958
33.56000 5099 7.14286
33.57000 5024 7.08881
33.58000 5023 7.08881
33.59000 5029 7.08881
33.60000 4925 7.01862
33.61000 4960 7.03598
33.62000 4909 7.0014
33.63000 4821 6.95048
33.64000 4866 6.96733
33.65000 4834 6.95048
33.66000 4831 6.95048
33.67000 4770 6.90066
33.68000 4862 6.96733
33.69000 4884 6.9843
33.70000 4805 6.93375
33.71000 4822 6.95048
33.72000 4908 7.0014
33.73000 4961 7.03598
33.74000 4940 7.03598
33.75000 5027 7.08881
33.76000 4977 7.05346
33.77000 5021 7.08881
33.78000 5074 7.1247
33.79000 5031 7.08881
33.80000 5126 7.16115
33.81000 5096 7.14286
33.82000 5145 7.17958
33.83000 5137 7.16115
33.84000 5149 7.17958
33.85000 5253 7.25476
33.86000 5212 7.21688
33.87000 5210 7.21688
33.88000 5241 7.23575
33.89000 5255 7.25476
33.90000 5331 7.29325
33.91000 5497 7.41249
33.92000 5553 7.45356
33.93000 5641 7.51646
33.94000 5820 7.62493
33.95000 5909 7.69231
33.96000 6149 7.8326
33.97000 6191 7.85674
33.98000 6191 7.85674
33.99000 6347 7.95557
34.00000 6388 7.98087
34.01000 6486 8.05823
34.02000 6602 8.13788
34.03000 6662 8.16497
34.04000 6664 8.16497
34.05000 6686 8.16497
34.06000 6814 8.24786
34.07000 6725 8.19232
34.08000 6687 8.16497
34.09000 6682 8.16497
34.10000 6604 8.13788
34.11000 6578 8.11107
34.12000 6534 8.08452
34.13000 6588 8.11107
34.14000 6540 8.08452
34.15000 6567 8.11107
34.16000 6618 8.13788
34.17000 6578 8.11107
34.18000 6626 8.13788
34.19000 6737 8.21995
34.20000 6864 8.27606
34.21000 6961 8.33333
34.22000 7021 8.39181
34.23000 7067 8.39181
34.24000 7196 8.48189
34.25000 7256 8.51257
34.26000 7320 8.54358
34.27000 7368 8.57493
34.28000 7415 8.60663
34.29000 7417 8.60663
34.30000 7367 8.57493
34.31000 7382 8.60663
34.32000 7244 8.51257
34.33000 7220 8.48189
34.34000 7235 8.51257
34.35000 7140 8.45154
34.36000 6981 8.36242
34.37000 6884 8.30455
34.38000 6758 8.21995
34.39000 6700 8.19232
34.40000 6645 8.16497
34.41000 6587 8.11107
34.42000 6526 8.08452
34.43000 6491 8.05823
34.44000 6362 7.98087
34.45000 6276 7.93052
34.46000 6218 7.8811
34.47000 6151 7.8326
34.48000 6130 7.8326
34.49000 6174 7.85674
34.50000 6189 7.85674
34.51000 6121 7.8326
34.52000 6120 7.8326
34.53000 6106 7.80869
34.54000 6057 7.78499
34.55000 6026 7.76151
34.56000 6042 7.76151
34.57000 5967 7.71517
34.58000 5850 7.64719
34.59000 5818 7.62493
34.60000 5729 7.55929
34.61000 5572 7.47435
34.62000 5516 7.43294
34.63000 5401 7.35215
34.64000 5308 7.29325
34.65000 5225 7.23575
34.66000 5240 7.23575
34.67000 5084 7.1247
34.68000 5001 7.07107
34.69000 5016 7.08881
34.70000 4987 7.05346
34.71000 5033 7.08881
34.72000 5035 7.08881
34.73000 5074 7.1247
34.74000 5134 7.16115
34.75000 5205 7.21688
34.76000 5240 7.23575
34.77000 5422 7.3721
34.78000 5495 7.41249
34.79000 5591 7.47435
34.80000 5792 7.60286
34.81000 5842 7.64719
34.82000 5909 7.69231
34.83000 6043 7.78499
34.84000 6208 7.8811
34.85000 6396 8.00641
34.86000 6462 8.03219
34.87000 6442 8.03219
34.88000 6372 7.98087
34.89000 6512 8.05823
34.90000 6381 7.98087
34.91000 6333 7.95557
34.92000 6313 7.95557
34.93000 6244 7.90569
34.94000 6121 7.8326
34.95000 5948 7.71517
34.96000 5843 7.64719
34.97000 5767 7.60286
34.98000 5746 7.58098
34.99000 5637 7.51646
35.00000 5574 7.47435
35.01000 5520 7.43294
35.02000 5516 7.43294
35.03000 5479 7.39221
35.04000 5502 7.41249
35.05000 5452 7.39221
35.06000 5483 7.41249
35.07000 5486 7.41249
35.08000 5521 7.43294
35.09000 5526 7.43294
35.10000 5603 7.49532
35.11000 5595 7.47435
35.12000 5547 7.45356
35.13000 5629 7.49532
35.14000 5650 7.51646
35.15000 5626 7.49532
35.16000 5585 7.47435
35.17000 5689 7.53778
35.18000 5667 7.53778
35.19000 5636 7.51646
35.20000 5564 7.45356
35.21000 5655 7.51646
35.22000 5639 7.51646
35.23000 5638 7.51646
35.24000 5610 7.49532
35.25000 5702 7.55929
35.26000 5760 7.58098
35.27000 5744 7.58098
35.28000 5762 7.58098
35.29000 5746 7.58098
35.30000 5802 7.62493
35.31000 5745 7.58098
35.32000 5725 7.55929
35.33000 5641 7.51646
35.34000 5617 7.49532
35.35000 5600 7.47435
35.36000 5545 7.45356
35.37000 5507 7.41249
35.38000 5460 7.39221
35.39000 5330 7.29325
35.40000 5192 7.19816
35.41000 5122 7.16115
35.42000 5028 7.08881
35.43000 4852 6.96733
35.44000 4741 6.88428
35.45000 4619 6.80414
35.46000 4580 6.77285
35.47000 4545 6.742
35.48000 4444 6.66667
35.49000 4343 6.5938
35.50000 4269 6.5372
35.51000 4235 6.50945
35.52000 4245 6.50945
35.53000 4138 6.42824
35.54000 4113 6.415
35.55000 4044 6.36285
35.56000 4004 6.32456
35.57000 4019 6.33724
35.58000 4079 6.38877
35.59000 4063 6.37577
35.60000 4050 6.36285
35.61000 4099 6.40184
35.62000 4072 6.37577
35.63000 4141 6.44157
35.64000 4217 6.4957
35.65000 4182 6.46846
35.66000 4230 6.50945
35.67000 4296 6.55122
35.68000 4301 6.55122
35.69000 4353 6.5938
35.70000 4404 6.63723
35.71000 4473 6.68153
35.72000 4498 6.71156
35.73000 4591 6.77285
35.74000 4698 6.85189
35.75000 4774 6.91714
35.76000 4849 6.96733
35.77000 4902 7.0014
35.78000 4991 7.07107
35.79000 5103 7.14286
35.80000 5237 7.23575
35.81000 5344 7.31272
35.82000 5370 7.33236
35.83000 5412 7.35215
35.84000 5478 7.39221
35.85000 5473 7.39221
35.86000 5546 7.45356
35.87000 5570 7.45356
35.88000 5553 7.45356
35.89000 5595 7.47435
35.90000 5633 7.49532
35.91000 5699 7.55929
35.92000 5679 7.53778
35.93000 5672 7.53778
35.94000 5694 7.53778
35.95000 5780 7.60286
35.96000 5746 7.58098
35.97000 5658 7.51646
35.98000 5630 7.49532
35.99000 5605 7.49532
36.00000 5570 7.45356
36.01000 5454 7.39221
36.02000 5372 7.33236
36.03000 5401 7.35215
36.04000 5382 7.33236
36.05000 5273 7.25476
36.06000 5252 7.25476
36.07000 5210 7.21688
36.08000 5200 7.21688
36.09000 5191 7.19816
36.10000 5187 7.19816
36.11000 5035 7.08881
36.12000 4963 7.05346
36.13000 5021 7.08881
36.14000 5012 7.07107
36.15000 4955 7.03598
36.16000 5016 7.08881
36.17000 4890 7.0014
36.18000 4889 6.9843
36.19000 4871 6.9843
36.20000 4785 6.91714
36.21000 4862 6.96733
36.22000 4822 6.95048
36.23000 4793 6.91714
36.24000 4756 6.90066
36.25000 4787 6.91714
36.26000 4681 6.83586
36.27000 4659 6.81994
36.28000 4606 6.78844
36.29000 4577 6.77285
36.30000 4530 6.72673
36.31000 4461 6.68153
36.32000 4477 6.6965
36.33000 4381 6.62266
36.34000 4391 6.62266
36.35000 4368 6.60819
36.36000 4334 6.57952
36.37000 4377 6.62266
36.38000 4356 6.5938
36.39000 4335 6.57952
36.40000 4272 6.5372
36.41000 4254 6.52328
36.42000 4300 6.55122
36.43000 4276 6.5372
36.44000 4385 6.62266
36.45000 4382 6.62266
36.46000 4356 6.5938
36.47000 4419 6.6519
36.48000 4409 6.63723
36.49000 4415 6.63723
36.50000 4451 6.66667
36.51000 4482 6.6965
36.52000 4513 6.71156
36.53000 4619 6.80414
36.54000 4715 6.86803
36.55000 4701 6.85189
36.56000 4800 6.93375
36.57000 4854 6.96733
36.58000 4972 7.05346
36.59000 4957 7.03598
36.60000 5082 7.1247
36.61000 5082 7.1247
36.62000 5058 7.10669
36.63000 5149 7.17958
36.64000 5188 7.19816
36.65000 5179 7.19816
36.66000 5220 7.21688
36.67000 5230 7.23575
36.68000 5255 7.25476
36.69000 5154 7.17958
36.70000 5077 7.1247
36.71000 5089 7.1247
36.72000 4949 7.03598
36.73000 4864 6.96733
36.74000 4797 6.93375
36.75000 4774 6.91714
36.76000 4667 6.83586
36.77000 4550 6.742
36.78000 4470 6.68153
36.79000 4362 6.60819
36.80000 4226 6.4957
36.81000 4192 6.46846
36.82000 4141 6.44157
36.83000 4063 6.37577
36.84000 4026 6.35001
36.85000 4012 6.33724
36.86000 4016 6.33724
36.87000 3989 6.31194
36.88000 3925 6.26224
36.89000 3915 6.26224
36.90000 3852 6.20174
36.91000 3874 6.22573
36.92000 3945 6.28695
36.93000 3908 6.25
36.94000 3860 6.2137
36.95000 3871 6.22573
36.96000 3848 6.20174
36.97000 3848 6.20174
36.98000 3855 6.2137
36.99000 3860 6.2137
37.00000 3832 6.18984
37.01000 3860 6.2137
37.02000 3882 6.22573
37.03000 3920 6.26224
37.04000 3903 6.25
37.05000 3970 6.29941
37.06000 4044 6.36285
37.07000 4046 6.36285
37.08000 3992 6.31194
37.09000 4023 6.33724
37.10000 4068 6.37577
37.11000 4092 6.40184
37.12000 4117 6.415
37.13000 4199 6.48204
37.14000 4231 6.50945
37.15000 4278 6.5372
37.16000 4285 6.55122
37.17000 4296 6.55122
37.18000 4236 6.50945
37.19000 4249 6.52328
37.20000 4269 6.5372
37.21000 4322 6.57952
37.22000 4371 6.60819
37.23000 4365 6.60819
37.24000 4379 6.62266
37.25000 4401 6.63723
37.26000 4430 6.6519
37.27000 4363 6.60819
37.28000 4327 6.57952
37.29000 4332 6.57952
37.30000 4359 6.60819
37.31000 4338 6.57952
37.32000 4338 6.57952
37.33000 4305 6.56532
37.34000 4342 6.5938
37.35000 4344 6.5938
37.36000 4357 6.5938
37.37000 4385 6.62266
37.38000 4379 6.62266
37.39000 4368 6.60819
37.40000 4340 6.5938
37.41000 4435 6.66667
37.42000 4415 6.63723
37.43000 4400 6.63723
37.44000 4437 6.66667
37.45000 4421 6.6519
37.46000 4377 6.62266
37.47000 4388 6.62266
37.48000 4360 6.60819
37.49000 4405 6.63723
37.50000 4357 6.5938
37.51000 4336 6.57952
37.52000 4419 6.6519
37.53000 4433 6.6519
37.54000 4421 6.6519
37.55000 4378 6.62266
37.56000 4400 6.63723
37.57000 4409 6.63723
37.58000 4364 6.60819
37.59000 4409 6.63723
37.60000 4413 6.63723
37.61000 4431 6.6519
37.62000 4436 6.66667
37.63000 4462 6.68153
37.64000 4495 6.71156
37.65000 4538 6.742
37.66000 4623 6.80414
37.67000 4698 6.85189
37.68000 4828 6.95048
37.69000 4975 7.05346
37.70000 4994 7.07107
37.71000 4995 7.07107
37.72000 5146 7.17958
37.73000 5237 7.23575
37.74000 5361 7.31272
37.75000 5348 7.31272
37.76000 5418 7.35215
37.77000 5431 7.3721
37.78000 5479 7.39221
37.79000 5568 7.45356
37.80000 5474 7.39221
37.81000 5408 7.35215
37.82000 5424 7.3721
37.83000 5436 7.3721
37.84000 5448 7.3721
37.85000 5363 7.33236
37.86000 5269 7.25476
37.87000 5204 7.21688
37.88000 5167 7.17958
37.89000 5059 7.10669
37.90000 4976 7.05346
37.91000 4849 6.96733
37.92000 4763 6.90066
37.93000 4735 6.88428
37.94000 4701 6.85189
37.95000 4659 6.81994
37.96000 4613 6.78844
37.97000 4576 6.75737
37.98000 4543 6.742
37.99000 4561 6.75737
38.00000 4559 6.75737
38.01000 4493 6.6965
38.02000 4480 6.6965
38.03000 4408 6.63723
38.04000 4397 6.63723
38.05000 4446 6.66667
38.06000 4404 6.63723
38.07000 4408 6.63723
38.08000 4378 6.62266
38.09000 4368 6.60819
38.10000 4411 6.63723
38.11000 4432 6.6519
38.12000 4401 6.63723
38.13000 4375 6.60819
38.14000 4420 6.6519
38.15000 4459 6.68153
38.16000 4503 6.71156
38.17000 4550 6.742
38.18000 4552 6.742
38.19000 4556 6.75737
38.20000 4610 6.78844
38.21000 4666 6.83586
38.22000 4716 6.86803
38.23000 4757 6.90066
38.24000 4884 6.9843
38.25000 4938 7.01862
38.26000 4959 7.03598
38.27000 5095 7.14286
38.28000 4997 7.07107
38.29000 5149 7.17958
38.30000 5116 7.16115
38.31000 5127 7.16115
38.32000 5105 7.14286
38.33000 5153 7.17958
38.34000 5137 7.16115
38.35000 5092 7.14286
38.36000 5083 7.1247
38.37000 5044 7.10669
38.38000 5006 7.07107
38.39000 5022 7.08881
38.40000 4918 7.01862
38.41000 4766 6.90066
38.42000 4801 6.93375
38.43000 4690 6.85189
38.44000 4648 6.81994
38.45000 4628 6.80414
38.46000 4590 6.77285
38.47000 4512 6.71156
38.48000 4443 6.66667
38.49000 4428 6.6519
38.50000 4431 6.6519
38.51000 4434 6.6519
38.52000 4421 6.6519
38.53000 4378 6.62266
38.54000 4369 6.60819
38.55000 4349 6.5938
38.56000 4378 6.62266
38.57000 4340 6.5938
38.58000 4419 6.6519
38.59000 4444 6.66667
38.60000 4408 6.63723
38.61000 4366 6.60819
38.62000 4333 6.57952
38.63000 4367 6.60819
38.64000 4405 6.63723
38.65000 4441 6.66667
38.66000 4430 6.6519
38.67000 4365 6.60819
38.68000 4384 6.62266
38.69000 4366 6.60819
38.70000 4393 6.62266
38.71000 4399 6.63723
38.72000 4324 6.57952
38.73000 4205 6.48204
38.74000 4192 6.46846
38.75000 4208 6.48204
38.76000 4114 6.415
38.77000 4055 6.36285
38.78000 4042 6.36285
38.79000 4050 6.36285
38.80000 4058 6.37577
38.81000 4038 6.35001
38.82000 4001 6.32456
38.83000 3964 6.29941
38.84000 3912 6.25
38.85000 3888 6.23783
38.86000 3875 6.22573
38.87000 3867 6.2137
38.88000 3871 6.22573
38.89000 3824 6.17802
38.90000 3802 6.16626
38.91000 3739 6.1199
38.92000 3774 6.14295
38.93000 3790 6.15457
38.94000 3734 6.10847
38.95000 3696 6.07457
38.96000 3750 6.1199
38.97000 3685 6.07457
38.98000 3728 6.10847
38.99000 3763 6.13139
39.00000 3807 6.16626
39.01000 3808 6.16626
39.02000 3700 6.08581
39.03000 3688 6.07457
39.04000 3787 6.15457
39.05000 3833 6.18984
39.06000 3868 6.2137
39.07000 3817 6.17802
39.08000 3785 6.15457
39.09000 3787 6.15457
39.10000 3812 6.17802
39.11000 3801 6.16626
39.12000 3771 6.14295
39.13000 3712 6.09711
39.14000 3704 6.08581
39.15000 3669 6.05228
39.16000 3718 6.09711
39.17000 3657 6.05228
39.18000 3618 6.01929
39.19000 3628 6.01929
39.20000 3665 6.05228
39.21000 3610 6.00842
39.22000 3592 5.9976
39.23000 3597 5.9976
39.24000 3588 5.98684
39.25000 3602 5.9976
39.26000 3618 6.01929
39.27000 3612 6.00842
39.28000 3610 6.00842
39.29000 3616 6.00842
39.30000 3612 6.00842
39.31000 3661 6.05228
39.32000 3665 6.05228
39.33000 3653 6.04122
39.34000 3628 6.01929
39.35000 3635 6.03023
39.36000 3596 5.9976
39.37000 3611 6.00842
39.38000 3640 6.03023
39.39000 3609 6.00842
39.40000 3503 5.92349
39.41000 3508 5.92349
39.42000 3539 5.94438
39.43000 3533 5.94438
39.44000 3635 6.03023
39.45000 3580 5.98684
39.46000 3558 5.9655
39.47000 3536 5.94438
39.48000 3550 5.95491
39.49000 3608 6.00842
39.50000 3603 5.9976
39.51000 3601 5.9976
39.52000 3536 5.94438
39.53000 3580 5.98684
39.54000 3652 6.04122
39.55000 3597 5.9976
39.56000 3674 6.06339
39.57000 3651 6.04122
39.58000 3651 6.04122
39.59000 3719 6.09711
39.60000 3774 6.14295
39.61000 3840 6.20174
39.62000 3855 6.2137
39.63000 3873 6.22573
39.64000 3875 6.22573
39.65000 3916 6.26224
39.66000 3964 6.29941
39.67000 3976 6.29941
39.68000 4079 6.38877
39.69000 4092 6.40184
39.70000 4062 6.37577
39.71000 4142 6.44157
39.72000 4242 6.50945
39.73000 4333 6.57952
39.74000 4392 6.62266
39.75000 4403 6.63723
39.76000 4511 6.71156
39.77000 4537 6.742
39.78000 4680 6.83586
39.79000 4762 6.90066
39.80000 4863 6.96733
39.81000 4864 6.96733
39.82000 4953 7.03598
39.83000 5039 7.10669
39.84000 5132 7.16115
39.85000 5125 7.16115
39.86000 5112 7.14286
39.87000 5221 7.21688
39.88000 5311 7.29325
39.89000 5358 7.31272
39.90000 5413 7.35215
39.91000 5363 7.33236
39.92000 5427 7.3721
39.93000 5499 7.41249
39.94000 5618 7.49532
39.95000 5747 7.58098
39.96000 5848 7.64719
39.97000 5891 7.66965
39.98000 5949 7.71517
39.99000 5976 7.73823
40.00000 6025 7.76151
40.01000 6151 7.8326
40.02000 6094 7.80869
40.03000 6140 7.8326
40.04000 6164 7.85674
40.05000 6178 7.85674
40.06000 6073 7.78499
40.07000 6111 7.80869
40.08000 6104 7.80869
40.09000 6079 7.78499
40.10000 6021 7.76151
40.11000 5863 7.64719
40.12000 5867 7.66965
40.13000 5715 7.55929
40.14000 5662 7.51646
40.15000 5618 7.49532
40.16000 5570 7.45356
40.17000 5500 7.41249
40.18000 5353 7.31272
40.19000 5252 7.25476
40.20000 5174 7.19816
40.21000 5147 7.17958
40.22000 5014 7.08881
40.23000 4961 7.03598
40.24000 4981 7.05346
40.25000 4985 7.05346
40.26000 4911 7.0014
40.27000 4946 7.03598
40.28000 4910 7.0014
40.29000 4864 6.96733
40.30000 4953 7.03598
40.31000 5003 7.07107
40.32000 4973 7.05346
40.33000 5012 7.07107
40.34000 5116 7.16115
40.35000 5117 7.16115
40.36000 5100 7.14286
40.37000 5129 7.16115
40.38000 5213 7.21688
40.39000 5290 7.27393
40.40000 5322 7.29325
40.41000 5269 7.25476
40.42000 5310 7.29325
40.43000 5397 7.35215
40.44000 5349 7.31272
40.45000 5309 7.29325
40.46000 5280 7.27393
40.47000 5247 7.23575
40.48000 5180 7.19816
40.49000 5167 7.17958
40.50000 5054 7.10669
40.51000 5007 7.07107
40.52000 4990 7.07107
40.53000 4893 7.0014
40.54000 4793 6.91714
40.55000 4785 6.91714
40.56000 4829 6.95048
40.57000 4768 6.90066
40.58000 4697 6.85189
40.59000 4740 6.88428
40.60000 4729 6.88428
40.61000 4740 6.88428
40.62000 4828 6.95048
40.63000 4841 6.95048
40.64000 4831 6.95048
40.65000 4915 7.01862
40.66000 5044 7.10669
40.67000 5087 7.1247
40.68000 5139 7.16115
40.69000 5201 7.21688
40.70000 5270 7.25476
40.71000 5345 7.31272
40.72000 5379 7.33236
40.73000 5424 7.3721
40.74000 5404 7.35215
40.75000 5334 7.31272
40.76000 5337 7.31272
40.77000 5335 7.31272
40.78000 5361 7.31272
40.79000 5374 7.33236
40.80000 5365 7.33236
40.81000 5344 7.31272
40.82000 5307 7.29325
40.83000 5374 7.33236
40.84000 5452 7.39221
40.85000 5508 7.41249
40.86000 5564 7.45356
40.87000 5650 7.51646
40.88000 5693 7.53778
40.89000 5746 7.58098
40.90000 5851 7.64719
40.91000 5846 7.64719
40.92000 5845 7.64719
40.93000 5910 7.69231
40.94000 6007 7.76151
40.95000 5994 7.73823
40.96000 5931 7.69231
40.97000 5918 7.69231
40.98000 5946 7.71517
40.99000 6000 7.73823
41.00000 6046 7.78499
41.01000 6038 7.76151
41.02000 5988 7.73823
41.03000 5955 7.71517
41.04000 5865 7.64719
41.05000 5826 7.62493
41.06000 5779 7.60286
41.07000 5622 7.49532
41.08000 5529 7.43294
41.09000 5394 7.35215
41.10000 5307 7.29325
41.11000 5147 7.17958
41.12000 5085 7.1247
41.13000 4967 7.05346
41.14000 4896 7.0014
41.15000 4820 6.95048
41.16000 4701 6.85189
41.17000 4685 6.85189
41.18000 4641 6.81994
41.19000 4543 6.742
41.20000 4473 6.68153
41.21000 4511 6.71156
41.22000 4549 6.742
41.23000 4513 6.71156
41.24000 4503 6.71156
41.25000 4541 6.742
41.26000 4532 6.72673
41.27000 4603 6.78844
41.28000 4655 6.81994
41.29000 4642 6.81994
41.30000 4650 6.81994
41.31000 4622 6.80414
41.32000 4623 6.80414
41.33000 4680 6.83586
41.34000 4630 6.80414
41.35000 4622 6.80414
41.36000 4604 6.78844
41.37000 4691 6.85189
41.38000 4630 6.80414
41.39000 4574 6.75737
41.40000 4640 6.80414
41.41000 4568 6.75737
41.42000 4599 6.78844
41.43000 4544 6.742
41.44000 4514 6.71156
41.45000 4487 6.6965
41.46000 4423 6.6519
41.47000 4418 6.6519
41.48000 4422 6.6519
41.49000 4376 6.60819
41.50000 4494 6.6965
41.51000 4481 6.6965
41.52000 4467 6.68153
41.53000 4420 6.6519
41.54000 4477 6.6965
41.55000 4401 6.63723
41.56000 4470 6.68153
41.57000 4463 6.68153
41.58000 4507 6.71156
41.59000 4498 6.71156
41.60000 4596 6.77285
41.61000 4570 6.75737
41.62000 4646 6.81994
41.63000 4693 6.85189
41.64000 4785 6.91714
41.65000 4901 7.0014
41.66000 4963 7.05346
41.67000 5059 7.10669
41.68000 5073 7.1247
41.69000 5110 7.14286
41.70000 5213 7.21688
41.71000 5163 7.17958
41.72000 5215 7.21688
41.73000 5248 7.23575
41.74000 5186 7.19816
41.75000 5182 7.19816
41.76000 5153 7.17958
41.77000 5048 7.10669
41.78000 5030 7.08881
41.79000 4924 7.01862
41.80000 4848 6.96733
41.81000 4832 6.95048
41.82000 4754 6.90066
41.83000 4663 6.83586
41.84000 4552 6.742
41.85000 4453 6.66667
41.86000 4432 6.6519
41.87000 4413 6.63723
41.88000 4376 6.60819
41.89000 4265 6.5372
41.90000 4190 6.46846
41.91000 4187 6.46846
41.92000 4150 6.44157
41.93000 4130 6.42824
41.94000 4096 6.40184
41.95000 4162 6.45497
41.96000 4178 6.46846
41.97000 4168 6.45497
41.98000 4109 6.415
41.99000 4135 6.42824
42.00000 4211 6.4957
42.01000 4183 6.46846
42.02000 4188 6.46846
42.03000 4275 6.5372
42.04000 4299 6.55122
42.05000 4287 6.55122
42.06000 4303 6.56532
42.07000 4362 6.60819
42.08000 4365 6.60819
42.09000 4458 6.68153
42.10000 4462 6.68153
42.11000 4425 6.6519
42.12000 4427 6.6519
42.13000 4398 6.63723
42.14000 4387 6.62266
42.15000 4420 6.6519
42.16000 4475 6.6965
42.17000 4417 6.6519
42.18000 4411 6.63723
42.19000 4443 6.66667
42.20000 4498 6.71156
42.21000 4517 6.72673
42.22000 4479 6.6965
42.23000 4474 6.68153
42.24000 4407 6.63723
42.25000 4310 6.56532
42.26000 4310 6.56532
42.27000 4337 6.57952
42.28000 4280 6.5372
42.29000 4272 6.5372
42.30000 4250 6.52328
42.31000 4170 6.45497
42.32000 4149 6.44157
42.33000 4099 6.40184
42.34000 4044 6.36285
42.35000 4060 6.37577
42.36000 4032 6.35001
42.37000 3912 6.25
42.38000 3887 6.23783
42.39000 3821 6.17802
42.40000 3897 6.23783
42.41000 3862 6.2137
42.42000 3814 6.17802
42.43000 3865 6.2137
42.44000 3828 6.18984
42.45000 3854 6.2137
42.46000 3884 6.23783
42.47000 3878 6.22573
42.48000 3913 6.25
42.49000 3879 6.22573
42.50000 3907 6.25
42.51000 3970 6.29941
42.52000 4053 6.36285
42.53000 4072 6.37577
42.54000 4160 6.45497
42.55000 4281 6.5372
42.56000 4324 6.57952
42.57000 4385 6.62266
42.58000 4362 6.60819
42.59000 4431 6.6519
42.60000 4441 6.66667
42.61000 4440 6.66667
42.62000 4498 6.71156
42.63000 4462 6.68153
42.64000 4427 6.6519
42.65000 4463 6.68153
42.66000 4388 6.62266
42.67000 4386 6.62266
42.68000 4343 6.5938
42.69000 4244 6.50945
42.70000 4224 6.4957
42.71000 4223 6.4957
42.72000 4145 6.44157
42.73000 4097 6.40184
42.74000 4042 6.36285
42.75000 4042 6.36285
42.76000 4054 6.36285
42.77000 4028 6.35001
42.78000 3933 6.27456
42.79000 3864 6.2137
42.80000 3847 6.20174
42.81000 3892 6.23783
42.82000 3814 6.17802
42.83000 3802 6.16626
42.84000 3823 6.17802
42.85000 3813 6.17802
42.86000 3742 6.1199
42.87000 3825 6.18984
42.88000 3863 6.2137
42.89000 3862 6.2137
42.90000 3847 6.20174
42.91000 3794 6.15457
42.92000 3725 6.10847
42.93000 3713 6.09711
42.94000 3757 6.13139
42.95000 3814 6.17802
42.96000 3764 6.13139
42.97000 3796 6.16626
42.98000 3747 6.1199
42.99000 3768 6.14295
43.00000 3729 6.10847
43.01000 3704 6.08581
43.02000 3756 6.13139
43.03000 3782 6.15457
43.04000 3776 6.14295
43.05000 3805 6.16626
43.06000 3885 6.23783
43.07000 3795 6.15457
43.08000 3830 6.18984
43.09000 3857 6.2137
43.10000 3908 6.25
43.11000 3980 6.31194
43.12000 4041 6.36285
43.13000 4104 6.40184
43.14000 4095 6.40184
43.15000 4089 6.38877
43.16000 4176 6.46846
43.17000 4253 6.52328
43.18000 4254 6.52328
43.19000 4284 6.55122
43.20000 4323 6.57952
43.21000 4412 6.63723
43.22000 4506 6.71156
43.23000 4534 6.72673
43.24000 4498 6.71156
43.25000 4541 6.742
43.26000 4572 6.75737
43.27000 4559 6.75737
43.28000 4540 6.742
43.29000 4543 6.742
43.30000 4546 6.742
43.31000 4510 6.71156
43.32000 4492 6.6965
43.33000 4538 6.742
43.34000 4533 6.72673
43.35000 4489 6.6965
43.36000 4511 6.71156
43.37000 4554 6.742
43.38000 4472 6.68153
43.39000 4444 6.66667
43.40000 4470 6.68153
43.41000 4465 6.68153
43.42000 4456 6.68153
43.43000 4445 6.66667
43.44000 4532 6.72673
43.45000 4544 6.742
43.46000 4513 6.71156
43.47000 4510 6.71156
43.48000 4551 6.742
43.49000 4608 6.78844
43.50000 4691 6.85189
43.51000 4682 6.83586
43.52000 4764 6.90066
43.53000 4777 6.91714
43.54000 4848 6.96733
43.55000 4776 6.91714
43.56000 4858 6.96733
43.57000 4803 6.93375
43.58000 4771 6.90066
43.59000 4818 6.93375
43.60000 4823 6.95048
43.61000 4736 6.88428
43.62000 4749 6.88428
43.63000 4763 6.90066
43.64000 4720 6.86803
43.65000 4668 6.83586
43.66000 4676 6.83586
43.67000 4532 6.72673
43.68000 4488 6.6965
43.69000 4483 6.6965
43.70000 4484 6.6965
43.71000 4441 6.66667
43.72000 4440 6.66667
43.73000 4450 6.66667
43.74000 4434 6.6519
43.75000 4424 6.6519
43.76000 4434 6.6519
43.77000 4407 6.63723
43.78000 4496 6.71156
43.79000 4529 6.72673
43.80000 4548 6.742
43.81000 4575 6.75737
43.82000 4687 6.85189
43.83000 4702 6.85189
43.84000 4765 6.90066
43.85000 4730 6.88428
43.86000 4829 6.95048
43.87000 4814 6.93375
43.88000 4789 6.91714
43.89000 4824 6.95048
43.90000 4823 6.95048
43.91000 4797 6.93375
43.92000 4731 6.88428
43.93000 4697 6.85189
43.94000 4670 6.83586
43.95000 4675 6.83586
43.96000 4626 6.80414
43.97000 4533 6.72673
43.98000 4467 6.68153
43.99000 4406 6.63723
44.00000 4369 6.60819
44.01000 4320 6.57952
44.02000 4287 6.55122
44.03000 4352 6.5938
44.04000 4314 6.56532
44.05000 4270 6.5372
44.06000 4261 6.52328
44.07000 4255 6.52328
44.08000 4247 6.52328
44.09000 4188 6.46846
44.10000 4171 6.45497
44.11000 4203 6.48204
44.12000 4235 6.50945
44.13000 4208 6.48204
44.14000 4156 6.44157
44.15000 4153 6.44157
44.16000 4114 6.415
44.17000 4058 6.37577
44.18000 4046 6.36285
44.19000 3994 6.32456
44.20000 3967 6.29941
44.21000 3952 6.28695
44.22000 3953 6.28695
44.23000 3852 6.20174
44.24000 3858 6.2137
44.25000 3800 6.16626
44.26000 3716 6.09711
44.27000 3731 6.10847
44.28000 3722 6.09711
44.29000 3713 6.09711
44.30000 3732 6.10847
44.31000 3687 6.07457
44.32000 3676 6.06339
44.33000 3681 6.06339
44.34000 3666 6.05228
44.35000 3639 6.03023
44.36000 3592 5.9976
44.37000 3601 5.9976
44.38000 3603 5.9976
44.39000 3560 5.9655
44.40000 3563 5.9655
44.41000 3640 6.03023
44.42000 3580 5.98684
44.43000 3579 5.98684
44.44000 3586 5.98684
44.45000 3604 6.00842
44.46000 3631 6.03023
44.47000 3651 6.04122
44.48000 3678 6.06339
44.49000 3609 6.00842
44.50000 3576 5.97614
44.51000 3568 5.97614
44.52000 3601 5.9976
44.53000 3634 6.03023
44.54000 3656 6.04122
44.55000 3640 6.03023
44.56000 3734 6.10847
44.57000 3749 6.1199
44.58000 3724 6.09711
44.59000 3727 6.10847
44.60000 3853 6.20174
44.61000 3910 6.25
44.62000 3920 6.26224
44.63000 3915 6.26224
44.64000 3921 6.26224
44.65000 3940 6.27456
44.66000 4000 6.32456
44.67000 3962 6.29941
44.68000 4054 6.36285
44.69000 4067 6.37577
44.70000 4103 6.40184
44.71000 4075 6.38877
44.72000 4083 6.38877
44.73000 4047 6.36285
44.74000 4067 6.37577
44.75000 4090 6.40184
44.76000 4075 6.38877
44.77000 4050 6.36285
44.78000 4024 6.33724
44.79000 4019 6.33724
44.80000 4042 6.36285
44.81000 3918 6.26224
44.82000 3943 6.27456
44.83000 3980 6.31194
44.84000 3957 6.28695
44.85000 3905 6.25
44.86000 3929 6.26224
44.87000 3888 6.23783
44.88000 3879 6.22573
44.89000 3902 6.25
44.90000 3854 6.2137
44.91000 3803 6.16626
44.92000 3890 6.23783
44.93000 3915 6.26224
44.94000 3909 6.25
44.95000 3904 6.25
44.96000 3838 6.18984
44.97000 3802 6.16626
44.98000 3842 6.20174
44.99000 3821 6.17802
45.00000 3785 6.15457
45.01000 3822 6.17802
45.02000 3833 6.18984
45.03000 3848 6.20174
45.04000 3836 6.18984
45.05000 3768 6.14295
45.06000 3767 6.14295
45.07000 3779 6.14295
45.08000 3769 6.14295
45.09000 3780 6.14295
45.10000 3829 6.18984
45.11000 3834 6.18984
45.12000 3864 6.2137
45.13000 3836 6.18984
45.14000 3813 6.17802
45.15000 3827 6.18984
45.16000 3859 6.2137
45.17000 3859 6.2137
45.18000 3889 6.23783
45.19000 4000 6.32456
45.20000 3975 6.29941
45.21000 3962 6.29941
45.22000 3958 6.28695
45.23000 3983 6.31194
45.24000 3997 6.32456
45.25000 4019 6.33724
45.26000 4058 6.37577
45.27000 4057 6.37577
45.28000 4126 6.42824
45.29000 4232 6.50945
45.30000 4215 6.4957
45.31000 4191 6.46846
45.32000 4201 6.48204
45.33000 4163 6.45497
45.34000 4169 6.45497
45.35000 4174 6.45497
45.36000 4182 6.46846
45.37000 4111 6.415
45.38000 4121 6.415
45.39000 4062 6.37577
45.40000 4046 6.36285
45.41000 4054 6.36285
45.42000 4080 6.38877
45.43000 3987 6.31194
45.44000 3986 6.31194
45.45000 3891 6.23783
45.46000 3883 6.22573
45.47000 3898 6.23783
45.48000 3879 6.22573
45.49000 3819 6.17802
45.50000 3807 6.16626
45.51000 3802 6.16626
45.52000 3786 6.15457
45.53000 3771 6.14295
45.54000 3716 6.09711
45.55000 3802 6.16626
45.56000 3773 6.14295
45.57000 3753 6.13139
45.58000 3727 6.10847
45.59000 3701 6.08581
45.60000 3677 6.06339
45.61000 3685 6.07457
45.62000 3650 6.04122
45.63000 3692 6.07457
45.64000 3684 6.07457
45.65000 3734 6.10847
45.66000 3738 6.10847
45.67000 3752 6.1199
45.68000 3681 6.06339
45.69000 3694 6.07457
45.70000 3671 6.06339
45.71000 3693 6.07457
45.72000 3591 5.9976
45.73000 3680 6.06339
45.74000 3649 6.04122
45.75000 3681 6.06339
45.76000 3676 6.06339
45.77000 3666 6.05228
45.78000 3661 6.05228
45.79000 3731 6.10847
45.80000 3714 6.09711
45.81000 3655 6.04122
45.82000 3672 6.06339
45.83000 3624 6.01929
45.84000 3626 6.01929
45.85000 3586 5.98684
45.86000 3605 6.00842
45.87000 3580 5.98684
45.88000 3573 5.97614
45.89000 3566 5.97614
45.90000 3549 5.95491
45.91000 3543 5.95491
45.92000 3563 5.9655
45.93000 3551 5.95491
45.94000 3502 5.91312
45.95000 3502 5.91312
45.96000 3501 5.91312
45.97000 3502 5.91312
45.98000 3514 5.92349
45.99000 3512 5.92349
46.00000 3465 5.88235
46.01000 3449 5.8722
46.02000 3490 5.90281
46.03000 3482 5.90281
46.04000 3548 5.95491
46.05000 3579 5.98684
46.06000 3564 5.9655
46.07000 3542 5.95491
46.08000 3567 5.97614
46.09000 3572 5.97614
46.10000 3569 5.97614
46.11000 3556 5.9655
46.12000 3592 5.9976
46.13000 3621 6.01929
46.14000 3704 6.08581
46.15000 3833 6.18984
46.16000 3763 6.13139
46.17000 3688 6.07457
46.18000 3714 6.09711
46.19000 3742 6.1199
46.20000 3747 6.1199
46.21000 3735 6.10847
46.22000 3766 6.13139
46.23000 3819 6.17802
46.24000 3882 6.22573
46.25000 3926 6.26224
46.26000 3976 6.29941
46.27000 3883 6.22573
46.28000 3925 6.26224
46.29000 4004 6.32456
46.30000 4090 6.40184
46.31000 4083 6.38877
46.32000 4141 6.44157
46.33000 4120 6.415
46.34000 4210 6.48204
46.35000 4199 6.48204
46.36000 4252 6.52328
46.37000 4292 6.55122
46.38000 4335 6.57952
46.39000 4316 6.56532
46.40000 4387 6.62266
46.41000 4384 6.62266
46.42000 4392 6.62266
46.43000 4446 6.66667
46.44000 4455 6.68153
46.45000 4386 6.62266
46.46000 4461 6.68153
46.47000 4422 6.6519
46.48000 4360 6.60819
46.49000 4391 6.62266
46.50000 4447 6.66667
46.51000 4394 6.62266
46.52000 4432 6.6519
46.53000 4369 6.60819
46.54000 4290 6.55122
46.55000 4305 6.56532
46.56000 4325 6.57952
46.57000 4304 6.56532
46.58000 4272 6.5372
46.59000 4228 6.4957
46.60000 4199 6.48204
46.61000 4275 6.5372
46.62000 4288 6.55122
46.63000 4391 6.62266
46.64000 4368 6.60819
46.65000 4311 6.56532
46.66000 4334 6.57952
46.67000 4387 6.62266
46.68000 4415 6.63723
46.69000 4343 6.5938
46.70000 4356 6.5938
46.71000 4315 6.56532
46.72000 4358 6.60819
46.73000 4329 6.57952
46.74000 4274 6.5372
46.75000 4292 6.55122
46.76000 4277 6.5372
46.77000 4254 6.52328
46.78000 4272 6.5372
46.79000 4221 6.4957
46.80000 4232 6.50945
46.81000 4170 6.45497
46.82000 4170 6.45497
46.83000 4246 6.50945
46.84000 4225 6.4957
46.85000 4205 6.48204
46.86000 4113 6.415
46.87000 4103 6.40184
46.88000 4119 6.415
46.89000 4097 6.40184
46.90000 4085 6.38877
46.91000 4072 6.37577
46.92000 4081 6.38877
46.93000 4160 6.45497
46.94000 4150 6.44157
46.95000 4118 6.415
46.96000 4085 6.38877
46.97000 3986 6.31194
46.98000 4074 6.38877
46.99000 4112 6.415
47.00000 4189 6.46846
47.01000 4169 6.45497
47.02000 4089 6.38877
47.03000 4106 6.40184
47.04000 4203 6.48204
47.05000 4281 6.5372
47.06000 4282 6.5372
47.07000 4265 6.5372
47.08000 4229 6.50945
47.09000 4298 6.55122
47.10000 4337 6.57952
47.11000 4349 6.5938
47.12000 4295 6.55122
47.13000 4285 6.55122
47.14000 4324 6.57952
47.15000 4342 6.5938
47.16000 4291 6.55122
47.17000 4294 6.55122
47.18000 4267 6.5372
47.19000 4291 6.55122
47.20000 4178 6.46846
47.21000 4152 6.44157
47.22000 4155 6.44157
47.23000 4133 6.42824
47.24000 4078 6.38877
47.25000 4101 6.40184
47.26000 4051 6.36285
47.27000 4059 6.37577
47.28000 4046 6.36285
47.29000 3973 6.29941
47.30000 3901 6.25
47.31000 3926 6.26224
47.32000 3892 6.23783
47.33000 3903 6.25
47.34000 3893 6.23783
47.35000 3886 6.23783
47.36000 3875 6.22573
47.37000 3821 6.17802
47.38000 3862 6.2137
47.39000 3886 6.23783
47.40000 3887 6.23783
47.41000 3919 6.26224
47.42000 3958 6.28695
47.43000 3942 6.27456
47.44000 3977 6.31194
47.45000 3995 6.32456
47.46000 4092 6.40184
47.47000 4139 6.42824
47.48000 4129 6.42824
47.49000 4220 6.4957
47.50000 4343 6.5938
47.51000 4401 6.63723
47.52000 4425 6.6519
47.53000 4469 6.68153
47.54000 4531 6.72673
47.55000 4566 6.75737
47.56000 4651 6.81994
47.57000 4689 6.85189
47.58000 4733 6.88428
47.59000 4790 6.91714
47.60000 4783 6.91714
47.61000 4886 6.9843
47.62000 4844 6.96733
47.63000 4807 6.93375
47.64000 4830 6.95048
47.65000 4847 6.96733
47.66000 4920 7.01862
47.67000 4822 6.95048
47.68000 4807 6.93375
47.69000 4812 6.93375
47.70000 4853 6.96733
47.71000 4784 6.91714
47.72000 4763 6.90066
47.73000 4738 6.88428
47.74000 4682 6.83586
47.75000 4597 6.77285
47.76000 4608 6.78844
47.77000 4588 6.77285
47.78000 4523 6.72673
47.79000 4478 6.6965
47.80000 4488 6.6965
47.81000 4497 6.71156
47.82000 4500 6.71156
47.83000 4468 6.68153
47.84000 4489 6.6965
47.85000 4505 6.71156
47.86000 4467 6.68153
47.87000 4432 6.6519
47.88000 4407 6.63723
47.89000 4375 6.60819
47.90000 4356 6.5938
47.91000 4393 6.62266
47.92000 4324 6.57952
47.93000 4342 6.5938
47.94000 4223 6.4957
47.95000 4263 6.52328
47.96000 4280 6.5372
47.97000 4227 6.4957
47.98000 4128 6.42824
47.99000 4058 6.37577
48.00000 4070 6.37577
48.01000 4085 6.38877
48.02000 4029 6.35001
48.03000 4001 6.32456
48.04000 4000 6.32456
48.05000 4051 6.36285
48.06000 4006 6.32456
48.07000 3991 6.31194
48.08000 3932 6.27456
48.09000 3990 6.31194
48.10000 3989 6.31194
48.11000 3934 6.27456
48.12000 3909 6.25
48.13000 3945 6.28695
48.14000 4000 6.32456
48.15000 4005 6.32456
48.16000 3959 6.28695
48.17000 3968 6.29941
48.18000 3984 6.31194
48.19000 3962 6.29941
48.20000 3927 6.26224
48.21000 3943 6.27456
48.22000 4009 6.33724
48.23000 3925 6.26224
48.24000 3941 6.27456
48.25000 3902 6.25
48.26000 3940 6.27456
48.27000 3982 6.31194
48.28000 3967 6.29941
48.29000 3980 6.31194
48.30000 3929 6.26224
48.31000 3952 6.28695
48.32000 3975 6.29941
48.33000 4014 6.33724
48.34000 4048 6.36285
48.35000 4009 6.33724
48.36000 4018 6.33724
48.37000 4159 6.45497
48.38000 4081 6.38877
48.39000 4081 6.38877
48.40000 4146 6.44157
48.41000 4128 6.42824
48.42000 4144 6.44157
48.43000 4198 6.48204
48.44000 4265 6.5372
48.45000 4263 6.52328
48.46000 4255 6.52328
48.47000 4317 6.56532
48.48000 4308 6.56532
48.49000 4183 6.46846
48.50000 4214 6.4957
48.51000 4240 6.50945
48.52000 4253 6.52328
48.53000 4216 6.4957
48.54000 4205 6.48204
48.55000 4192 6.46846
48.56000 4106 6.40184
48.57000 4063 6.37577
48.58000 4086 6.38877
48.59000 4073 6.37577
48.60000 4086 6.38877
48.61000 4073 6.37577
48.62000 4011 6.33724
48.63000 3976 6.29941
48.64000 3994 6.32456
48.65000 4008 6.32456
48.66000 3962 6.29941
48.67000 3996 6.32456
48.68000 3961 6.29941
48.69000 3920 6.26224
48.70000 3940 6.27456
48.71000 3924 6.26224
48.72000 3965 6.29941
48.73000 3951 6.28695
48.74000 3941 6.27456
48.75000 4008 6.32456
48.76000 4040 6.35001
48.77000 4008 6.32456
48.78000 4035 6.35001
48.79000 4108 6.415
48.80000 4070 6.37577
48.81000 4078 6.38877
48.82000 4058 6.37577
48.83000 4058 6.37577
48.84000 4163 6.45497
48.85000 4217 6.4957
48.86000 4161 6.45497
48.87000 4196 6.48204
48.88000 4162 6.45497
48.89000 4202 6.48204
48.90000 4138 6.42824
48.91000 4188 6.46846
48.92000 4218 6.4957
48.93000 4207 6.48204
48.94000 4213 6.4957
48.95000 4186 6.46846
48.96000 4121 6.415
48.97000 4071 6.37577
48.98000 4146 6.44157
48.99000 4123 6.415
49.00000 4100 6.40184
49.01000 4094 6.40184
49.02000 4066 6.37577
49.03000 4013 6.33724
49.04000 4056 6.36285
49.05000 4038 6.35001
49.06000 3973 6.29941
49.07000 4006 6.32456
49.08000 3992 6.31194
49.09000 3939 6.27456
49.10000 3897 6.23783
49.11000 3858 6.2137
49.12000 3849 6.20174
49.13000 3866 6.2137
49.14000 3810 6.17802
49.15000 3771 6.14295
49.16000 3730 6.10847
49.17000 3711 6.09711
49.18000 3665 6.05228
49.19000 3636 6.03023
49.20000 3705 6.08581
49.21000 3644 6.04122
49.22000 3614 6.00842
49.23000 3610 6.00842
49.24000 3593 5.9976
49.25000 3603 5.9976
49.26000 3640 6.03023
49.27000 3586 5.98684
49.28000 3518 5.93391
49.29000 3506 5.92349
49.30000 3589 5.98684
49.31000 3579 5.98684
49.32000 3562 5.9655
49.33000 3546 5.95491
49.34000 3595 5.9976
49.35000 3567 5.97614
49.36000 3594 5.9976
49.37000 3597 5.9976
49.38000 3596 5.9976
49.39000 3665 6.05228
49.40000 3594 5.9976
49.41000 3684 6.07457
49.42000 3642 6.03023
49.43000 3654 6.04122
49.44000 3707 6.08581
49.45000 3729 6.10847
49.46000 3758 6.13139
49.47000 3751 6.1199
49.48000 3766 6.13139
49.49000 3696 6.07457
49.50000 3725 6.10847
49.51000 3743 6.1199
49.52000 3746 6.1199
49.53000 3756 6.13139
49.54000 3748 6.1199
49.55000 3748 6.1199
49.56000 3701 6.08581
49.57000 3639 6.03023
49.58000 3650 6.04122
49.59000 3686 6.07457
49.60000 3677 6.06339
49.61000 3674 6.06339
49.62000 3646 6.04122
49.63000 3696 6.07457
49.64000 3722 6.09711
49.65000 3686 6.07457
49.66000 3682 6.06339
49.67000 3685 6.07457
49.68000 3601 5.9976
49.69000 3637 6.03023
49.70000 3613 6.00842
49.71000 3683 6.06339
49.72000 3624 6.01929
49.73000 3657 6.05228
49.74000 3651 6.04122
49.75000 3698 6.08581
49.76000 3695 6.07457
49.77000 3719 6.09711
49.78000 3772 6.14295
49.79000 3693 6.07457
49.80000 3698 6.08581
49.81000 3645 6.04122
49.82000 3675 6.06339
49.83000 3698 6.08581
49.84000 3754 6.13139
49.85000 3791 6.15457
49.86000 3819 6.17802
49.87000 3862 6.2137
49.88000 3845 6.20174
49.89000 3846 6.20174
49.90000 3882 6.22573
49.91000 3878 6.22573
49.92000 3943 6.27456
49.93000 3997 6.32456
49.94000 4013 6.33724
49.95000 4065 6.37577
49.96000 4040 6.35001
49.97000 4143 6.44157
49.98000 4140 6.42824
49.99000 4138 6.42824
50.00000 4213 6.4957
50.01000 4260 6.52328
50.02000 4271 6.5372
50.03000 4260 6.52328
50.04000 4260 6.52328
50.05000 4278 6.5372
50.06000 4227 6.4957
50.07000 4322 6.57952
50.08000 4386 6.62266
50.09000 4334 6.57952
50.10000 4238 6.50945
50.11000 4232 6.50945
50.12000 4291 6.55122
50.13000 4310 6.56532
50.14000 4237 6.50945
50.15000 4269 6.5372
50.16000 4273 6.5372
50.17000 4237 6.50945
50.18000 4281 6.5372
50.19000 4212 6.4957
50.20000 4232 6.50945
50.21000 4236 6.50945
50.22000 4267 6.5372
50.23000 4275 6.5372
50.24000 4207 6.48204
50.25000 4218 6.4957
50.26000 4237 6.50945
50.27000 4241 6.50945
50.28000 4269 6.5372
50.29000 4262 6.52328
50.30000 4260 6.52328
50.31000 4315 6.56532
50.32000 4315 6.56532
50.33000 4334 6.57952
50.34000 4331 6.57952
50.35000 4289 6.55122
50.36000 4299 6.55122
50.37000 4475 6.6965
50.38000 4468 6.68153
50.39000 4500 6.71156
50.40000 4486 6.6965
50.41000 4531 6.72673
50.42000 4471 6.68153
50.43000 4562 6.75737
50.44000 4572 6.75737
50.45000 4535 6.72673
50.46000 4498 6.71156
50.47000 4532 6.72673
50.48000 4564 6.75737
50.49000 4585 6.77285
50.50000 4532 6.72673
50.51000 4574 6.75737
50.52000 4608 6.78844
50.53000 4611 6.78844
50.54000 4630 6.80414
50.55000 4753 6.90066
50.56000 4813 6.93375
50.57000 4799 6.93375
50.58000 4737 6.88428
50.59000 4724 6.86803
50.60000 4724 6.86803
50.61000 4719 6.86803
50.62000 4758 6.90066
50.63000 4708 6.86803
50.64000 4668 6.83586
50.65000 4628 6.80414
50.66000 4586 6.77285
50.67000 4608 6.78844
50.68000 4645 6.81994
50.69000 4595 6.77285
50.70000 4495 6.71156
50.71000 4451 6.66667
50.72000 4420 6.6519
50.73000 4370 6.60819
50.74000 4359 6.60819
50.75000 4307 6.56532
50.76000 4283 6.55122
50.77000 4253 6.52328
50.78000 4197 6.48204
50.79000 4176 6.46846
50.80000 4123 6.415
50.81000 4079 6.38877
50.82000 4073 6.37577
50.83000 4118 6.415
50.84000 4169 6.45497
50.85000 4159 6.45497
50.86000 4113 6.415
50.87000 4049 6.36285
50.88000 4024 6.33724
50.89000 4033 6.35001
50.90000 4023 6.33724
50.91000 3982 6.31194
50.92000 3998 6.32456
50.93000 3985 6.31194
50.94000 3936 6.27456
50.95000 3891 6.23783
50.96000 3896 6.23783
50.97000 3972 6.29941
50.98000 3920 6.26224
50.99000 3843 6.20174
51.00000 3842 6.20174
51.01000 3840 6.20174
51.02000 3803 6.16626
51.03000 3812 6.17802
51.04000 3802 6.16626
51.05000 3754 6.13139
51.06000 3755 6.13139
51.07000 3767 6.14295
51.08000 3730 6.10847
51.09000 3761 6.13139
51.10000 3778 6.14295
51.11000 3763 6.13139
51.12000 3782 6.15457
51.13000 3833 6.18984
51.14000 3848 6.20174
51.15000 3836 6.18984
51.16000 3833 6.18984
51.17000 3890 6.23783
51.18000 3835 6.18984
51.19000 3790 6.15457
51.20000 3789 6.15457
51.21000 3840 6.20174
51.22000 3858 6.2137
51.23000 3899 6.25
51.24000 3886 6.23783
51.25000 3924 6.26224
51.26000 3835 6.18984
51.27000 3897 6.23783
51.28000 3852 6.20174
51.29000 3824 6.17802
51.30000 3762 6.13139
51.31000 3753 6.13139
51.32000 3723 6.09711
51.33000 3726 6.10847
51.34000 3705 6.08581
51.35000 3619 6.01929
51.36000 3631 6.03023
51.37000 3604 6.00842
51.38000 3591 5.9976
51.39000 3628 6.01929
51.40000 3554 5.9655
51.41000 3555 5.9655
51.42000 3562 5.9655
51.43000 3552 5.95491
51.44000 3515 5.93391
51.45000 3476 5.89256
51.46000 3513 5.92349
51.47000 3499 5.91312
51.48000 3524 5.93391
51.49000 3541 5.95491
51.50000 3559 5.9655
51.51000 3541 5.95491
51.52000 3556 5.9655
51.53000 3637 6.03023
51.54000 3609 6.00842
51.55000 3653 6.04122
51.56000 3694 6.07457
51.57000 3731 6.10847
51.58000 3730 6.10847
51.59000 3752 6.1199
51.60000 3676 6.06339
51.61000 3739 6.1199
51.62000 3780 6.14295
51.63000 3830 6.18984
51.64000 3934 6.27456
51.65000 3925 6.26224
51.66000 3909 6.25
51.67000 3971 6.29941
51.68000 4014 6.33724
51.69000 4042 6.36285
51.70000 4031 6.35001
51.71000 4059 6.37577
51.72000 4176 6.46846
51.73000 4182 6.46846
51.74000 4236 6.50945
51.75000 4319 6.56532
51.76000 4377 6.62266
51.77000 4388 6.62266
51.78000 4398 6.63723
51.79000 4442 6.66667
51.80000 4463 6.68153
51.81000 4519 6.72673
51.82000 4536 6.742
51.83000 4539 6.742
51.84000 4505 6.71156
51.85000 4501 6.71156
51.86000 4534 6.72673
51.87000 4563 6.75737
51.88000 4589 6.77285
51.89000 4579 6.77285
51.90000 4568 6.75737
51.91000 4644 6.81994
51.92000 4674 6.83586
51.93000 4581 6.77285
51.94000 4611 6.78844
51.95000 4662 6.81994
51.96000 4674 6.83586
51.97000 4729 6.88428
51.98000 4723 6.86803
51.99000 4851 6.96733
52.00000 4760 6.90066
52.01000 4714 6.86803
52.02000 4740 6.88428
52.03000 4742 6.88428
52.04000 4761 6.90066
52.05000 4667 6.83586
52.06000 4705 6.85189
52.07000 4678 6.83586
52.08000 4657 6.81994
52.09000 4686 6.85189
52.10000 4690 6.85189
52.11000 4618 6.78844
52.12000 4574 6.75737
52.13000 4621 6.80414
52.14000 4556 6.75737
52.15000 4524 6.72673
52.16000 4372 6.60819
52.17000 4384 6.62266
52.18000 4335 6.57952
52.19000 4240 6.50945
52.20000 4188 6.46846
52.21000 4140 6.42824
52.22000 4082 6.38877
52.23000 4058 6.37577
52.24000 3973 6.29941
52.25000 3992 6.31194
52.26000 3896 6.23783
52.27000 3856 6.2137
52.28000 3839 6.20174
52.29000 3781 6.15457
52.30000 3810 6.17802
52.31000 3743 6.1199
52.32000 3721 6.09711
52.33000 3742 6.1199
52.34000 3760 6.13139
52.35000 3751 6.1199
52.36000 3720 6.09711
52.37000 3695 6.07457
52.38000 3667 6.05228
52.39000 3697 6.08581
52.40000 3766 6.13139
52.41000 3707 6.08581
52.42000 3653 6.04122
52.43000 3735 6.10847
52.44000 3706 6.08581
52.45000 3700 6.08581
52.46000 3701 6.08581
52.47000 3735 6.10847
52.48000 3713 6.09711
52.49000 3631 6.03023
52.50000 3643 6.04122
52.51000 3628 6.01929
52.52000 3580 5.98684
52.53000 3565 5.9655
52.54000 3579 5.98684
52.55000 3557 5.9655
52.56000 3574 5.97614
52.57000 3555 5.9655
52.58000 3534 5.94438
52.59000 3502 5.91312
52.60000 3469 5.89256
52.61000 3452 5.8722
52.62000 3372 5.80259
52.63000 3368 5.80259
52.64000 3417 5.84206
52.65000 3339 5.78315
52.66000 3347 5.78315
52.67000 3322 5.7639
52.68000 3334 5.7735
52.69000 3282 5.72598
52.70000 3232 5.6888
52.71000 3203 5.66139
52.72000 3198 5.65233
52.73000 3260 5.7073
52.74000 3274 5.72598
52.75000 3240 5.6888
52.76000 3213 5.67048
52.77000 3212 5.67048
52.78000 3233 5.6888
52.79000 3244 5.69803
52.80000 3222 5.67962
52.81000 3239 5.6888
52.82000 3211 5.67048
52.83000 3273 5.71662
52.84000 3274 5.72598
52.85000 3257 5.7073
52.86000 3306 5.75435
52.87000 3258 5.7073
52.88000 3266 5.71662
52.89000 3304 5.74485
52.90000 3292 5.73539
52.91000 3265 5.71662
52.92000 3285 5.73539
52.93000 3318 5.7639
52.94000 3328 5.7735
52.95000 3359 5.79284
52.96000 3372 5.80259
52.97000 3334 5.7735
52.98000 3369 5.80259
52.99000 3404 5.83212
53.00000 3360 5.79284
53.01000 3339 5.78315
53.02000 3312 5.75435
53.03000 3356 5.79284
53.04000 3357 5.79284
53.05000 3365 5.80259
53.06000 3330 5.7735
53.07000 3341 5.78315
53.08000 3336 5.7735
53.09000 3309 5.75435
53.10000 3361 5.79284
53.11000 3350 5.78315
53.12000 3308 5.75435
53.13000 3257 5.7073
53.14000 3290 5.73539
53.15000 3322 5.7639
53.16000 3311 5.75435
53.17000 3303 5.74485
53.18000 3213 5.67048
53.19000 3193 5.65233
53.20000 3218 5.67048
53.21000 3172 5.63436
53.22000 3167 5.62544
53.23000 3188 5.64333
53.24000 3205 5.66139
53.25000 3235 5.6888
53.26000 3167 5.62544
53.27000 3203 5.66139
53.28000 3211 5.67048
53.29000 3219 5.67048
53.30000 3246 5.69803
53.31000 3249 5.69803
53.32000 3296 5.74485
53.33000 3294 5.73539
53.34000 3268 5.71662
53.35000 3279 5.72598
53.36000 3344 5.78315
53.37000 3337 5.7735
53.38000 3252 5.69803
53.39000 3360 5.79284
53.40000 3323 5.7639
53.41000 3312 5.75435
53.42000 3312 5.75435
53.43000 3305 5.74485
53.44000 3312 5.75435
53.45000 3359 5.79284
53.46000 3379 5.81238
53.47000 3438 5.8621
53.48000 3456 5.88235
53.49000 3448 5.8722
53.50000 3447 5.8722
53.51000 3415 5.84206
53.52000 3505 5.92349
53.53000 3508 5.92349
53.54000 3417 5.84206
53.55000 3449 5.8722
53.56000 3452 5.8722
53.57000 3481 5.90281
53.58000 3512 5.92349
53.59000 3483 5.90281
53.60000 3537 5.94438
53.61000 3459 5.88235
53.62000 3434 5.8621
53.63000 3444 5.8722
53.64000 3426 5.85206
53.65000 3499 5.91312
53.66000 3464 5.88235
53.67000 3492 5.91312
53.68000 3500 5.91312
53.69000 3525 5.93391
53.70000 3487 5.90281
53.71000 3520 5.93391
53.72000 3574 5.97614
53.73000 3559 5.9655
53.74000 3555 5.9655
53.75000 3565 5.9655
53.76000 3547 5.95491
53.77000 3538 5.94438
53.78000 3599 5.9976
53.79000 3664 6.05228
53.80000 3658 6.05228
53.81000 3651 6.04122
53.82000 3627 6.01929
53.83000 3636 6.03023
53.84000 3568 5.97614
53.85000 3582 5.98684
53.86000 3645 6.04122
53.87000 3554 5.9655
53.88000 3554 5.9655
53.89000 3514 5.92349
53.90000 3493 5.91312
53.91000 3508 5.92349
53.92000 3496 5.91312
53.93000 3466 5.88235
53.94000 3436 5.8621
53.95000 3455 5.88235
53.96000 3435 5.8621
53.97000 3407 5.83212
53.98000 3424 5.85206
53.99000 3410 5.84206
54.00000 3370 5.80259
54.01000 3369 5.80259
54.02000 3324 5.7639
54.03000 3317 5.7639
54.04000 3366 5.80259
54.05000 3340 5.78315
54.06000 3369 5.80259
54.07000 3361 5.79284
54.08000 3314 5.75435
54.09000 3308 5.75435
54.10000 3317 5.7639
54.11000 3339 5.78315
54.12000 3327 5.7639
54.13000 3265 5.71662
54.14000 3272 5.71662
54.15000 3265 5.71662
54.16000 3304 5.74485
54.17000 3246 5.69803
54.18000 3193 5.65233
54.19000 3198 5.65233
54.20000 3215 5.67048
54.21000 3272 5.71662
54.22000 3245 5.69803
54.23000 3220 5.67048
54.24000 3228 5.67962
54.25000 3223 5.67962
54.26000 3232 5.6888
54.27000 3269 5.71662
54.28000 3195 5.65233
54.29000 3200 5.65233
54.30000 3225 5.67962
54.31000 3230 5.67962
54.32000 3272 5.71662
54.33000 3247 5.69803
54.34000 3285 5.73539
54.35000 3260 5.7073
54.36000 3302 5.74485
54.37000 3299 5.74485
54.38000 3305 5.74485
54.39000 3315 5.75435
54.40000 3335 5.7735
54.41000 3391 5.82223
54.42000 3368 5.80259
54.43000 3345 5.78315
54.44000 3347 5.78315
54.45000 3331 5.7735
54.46000 3357 5.79284
54.47000 3314 5.75435
54.48000 3222 5.67962
54.49000 3265 5.71662
54.50000 3235 5.6888
54.51000 3194 5.65233
54.52000 3240 5.6888
54.53000 3235 5.6888
54.54000 3225 5.67962
54.55000 3244 5.69803
54.56000 3224 5.67962
54.57000 3193 5.65233
54.58000 3220 5.67048
54.59000 3247 5.69803
54.60000 3244 5.69803
54.61000 3174 5.63436
54.62000 3275 5.72598
54.63000 3207 5.66139
54.64000 3193 5.65233
54.65000 3210 5.66139
54.66000 3248 5.69803
54.67000 3287 5.73539
54.68000 3211 5.67048
54.69000 3177 5.63436
54.70000 3212 5.67048
54.71000 3270 5.71662
54.72000 3240 5.6888
54.73000 3264 5.71662
54.74000 3247 5.69803
54.75000 3294 5.73539
54.76000 3259 5.7073
54.77000 3289 5.73539
54.78000 3287 5.73539
54.79000 3374 5.81238
54.80000 3385 5.82223
54.81000 3383 5.81238
54.82000 3412 5.84206
54.83000 3421 5.85206
54.84000 3401 5.83212
54.85000 3430 5.85206
54.86000 3466 5.88235
54.87000 3491 5.91312
54.88000 3584 5.98684
54.89000 3574 5.97614
54.90000 3534 5.94438
54.91000 3637 6.03023
54.92000 3599 5.9976
54.93000 3617 6.01929
54.94000 3626 6.01929
54.95000 3619 6.01929
54.96000 3681 6.06339
54.97000 3663 6.05228
54.98000 3704 6.08581
54.99000 3760 6.13139
55.00000 3743 6.1199
55.01000 3792 6.15457
55.02000 3829 6.18984
55.03000 3772 6.14295
55.04000 3817 6.17802
55.05000 3774 6.14295
55.06000 3853 6.20174
55.07000 3829 6.18984
55.08000 3922 6.26224
55.09000 3871 6.22573
55.10000 3885 6.23783
55.11000 3895 6.23783
55.12000 3879 6.22573
55.13000 3906 6.25
55.14000 3900 6.25
55.15000 3899 6.25
55.16000 3890 6.23783
55.17000 3866 6.2137
55.18000 3915 6.26224
55.19000 3895 6.23783
55.20000 3931 6.27456
55.21000 3952 6.28695
55.22000 3961 6.29941
55.23000 3875 6.22573
55.24000 3830 6.18984
55.25000 3792 6.15457
55.26000 3759 6.13139
55.27000 3799 6.16626
55.28000 3747 6.1199
55.29000 3750 6.1199
55.30000 3685 6.07457
55.31000 3653 6.04122
55.32000 3653 6.04122
55.33000 3661 6.05228
55.34000 3640 6.03023
55.35000 3589 5.98684
55.36000 3599 5.9976
55.37000 3566 5.97614
55.38000 3499 5.91312
55.39000 3455 5.88235
55.40000 3447 5.8722
55.41000 3429 5.85206
55.42000 3332 5.7735
55.43000 3370 5.80259
55.44000 3367 5.80259
55.45000 3283 5.72598
55.46000 3329 5.7735
55.47000 3259 5.7073
55.48000 3234 5.6888
55.49000 3211 5.67048
55.50000 3214 5.67048
55.51000 3264 5.71662
55.52000 3228 5.67962
55.53000 3186 5.64333
55.54000 3244 5.69803
55.55000 3277 5.72598
55.56000 3222 5.67962
55.57000 3218 5.67048
55.58000 3196 5.65233
55.59000 3203 5.66139
55.60000 3203 5.66139
55.61000 3256 5.7073
55.62000 3269 5.71662
55.63000 3193 5.65233
55.64000 3236 5.6888
55.65000 3269 5.71662
55.66000 3279 5.72598
55.67000 3259 5.7073
55.68000 3314 5.75435
55.69000 3329 5.7735
55.70000 3307 5.75435
55.71000 3280 5.72598
55.72000 3273 5.71662
55.73000 3302 5.74485
55.74000 3364 5.80259
55.75000 3360 5.79284
55.76000 3380 5.81238
55.77000 3282 5.72598
55.78000 3290 5.73539
55.79000 3348 5.78315
55.80000 3366 5.80259
55.81000 3402 5.83212
55.82000 3424 5.85206
55.83000 3472 5.89256
55.84000 3485 5.90281
55.85000 3473 5.89256
55.86000 3563 5.9655
55.87000 3578 5.98684
55.88000 3609 6.00842
55.89000 3615 6.00842
55.90000 3641 6.03023
55.91000 3598 5.9976
55.92000 3594 5.9976
55.93000 3630 6.03023
55.94000 3657 6.05228
55.95000 3673 6.06339
55.96000 3693 6.07457
55.97000 3718 6.09711
55.98000 3710 6.08581
55.99000 3742 6.1199
56.00000 3734 6.10847
56.01000 3750 6.1199
56.02000 3753 6.13139
56.03000 3747 6.1199
56.04000 3799 6.16626
56.05000 3773 6.14295
56.06000 3743 6.1199
56.07000 3690 6.07457
56.08000 3679 6.06339
56.09000 3725 6.10847
56.10000 3705 6.08581
56.11000 3697 6.08581
56.12000 3630 6.03023
56.13000 3613 6.00842
56.14000 3599 5.9976
56.15000 3527 5.93391
56.16000 3516 5.93391
56.17000 3427 5.85206
56.18000 3387 5.82223
56.19000 3404 5.83212
56.20000 3388 5.82223
56.21000 3357 5.79284
56.22000 3344 5.78315
56.23000 3315 5.75435
56.24000 3291 5.73539
56.25000 3266 5.71662
56.26000 3272 5.71662
56.27000 3242 5.69803
56.28000 3176 5.63436
56.29000 3190 5.65233
56.30000 3236 5.6888
56.31000 3174 5.63436
56.32000 3165 5.62544
56.33000 3155 5.61656
56.34000 3120 5.58146
56.35000 3138 5.59893
56.36000 3120 5.58146
56.37000 3097 5.56415
56.38000 3120 5.58146
56.39000 3134 5.59893
56.40000 3119 5.58146
56.41000 3112 5.58146
56.42000 3120 5.58146
56.43000 3119 5.58146
56.44000 3142 5.60772
56.45000 3111 5.58146
56.46000 3106 5.57278
56.47000 3067 5.53849
56.48000 3072 5.53849
56.49000 3114 5.58146
56.50000 3157 5.61656
56.51000 3158 5.61656
56.52000 3183 5.64333
56.53000 3192 5.65233
56.54000 3216 5.67048
56.55000 3185 5.64333
56.56000 3222 5.67962
56.57000 3239 5.6888
56.58000 3288 5.73539
56.59000 3270 5.71662
56.60000 3264 5.71662
56.61000 3321 5.7639
56.62000 3310 5.75435
56.63000 3314 5.75435
56.64000 3324 5.7639
56.65000 3273 5.71662
56.66000 3318 5.7639
56.67000 3336 5.7735
56.68000 3361 5.79284
56.69000 3323 5.7639
56.70000 3314 5.75435
56.71000 3347 5.78315
56.72000 3388 5.82223
56.73000 3409 5.84206
56.74000 3342 5.78315
56.75000 3336 5.7735
56.76000 3324 5.7639
56.77000 3321 5.7639
56.78000 3355 5.79284
56.79000 3368 5.80259
56.80000 3312 5.75435
56.81000 3277 5.72598
56.82000 3215 5.67048
56.83000 3225 5.67962
56.84000 3239 5.6888
56.85000 3163 5.62544
56.86000 3192 5.65233
56.87000 3145 5.60772
56.88000 3082 5.55556
56.89000 3131 5.59893
56.90000 3156 5.61656
56.91000 3176 5.63436
56.92000 3135 5.59893
56.93000 3096 5.56415
56.94000 3094 5.56415
56.95000 3084 5.55556
56.96000 3036 5.51318
56.97000 3041 5.51318
56.98000 3091 5.55556
56.99000 3048 5.52158
57.00000 2973 5.45545
57.01000 2984 5.46358
57.02000 2965 5.44735
57.03000 2958 5.43928
57.04000 2895 5.38382
57.05000 2908 5.39164
57.06000 2900 5.38382
57.07000 2842 5.33002
57.08000 2865 5.35288
57.09000 2857 5.34522
57.10000 2861 5.34522
57.11000 2867 5.35288
57.12000 2861 5.34522
57.13000 2821 5.31494
57.14000 2876 5.36056
57.15000 2847 5.33761
57.16000 2857 5.34522
57.17000 2860 5.34522
57.18000 2856 5.34522
57.19000 2802 5.29256
57.20000 2887 5.37603
57.21000 2880 5.36828
57.22000 2874 5.36056
57.23000 2892 5.37603
57.24000 2853 5.33761
57.25000 2829 5.32246
57.26000 2820 5.30745
57.27000 2836 5.32246
57.28000 2832 5.32246
57.29000 2822 5.31494
57.30000 2850 5.33761
57.31000 2837 5.33002
57.32000 2764 5.25588
57.33000 2759 5.25588
57.34000 2788 5.2778
57.35000 2758 5.24864
57.36000 2785 5.2778
57.37000 2763 5.25588
57.38000 2798 5.29256
57.39000 2810 5.29999
57.40000 2792 5.28516
57.41000 2797 5.28516
57.42000 2823 5.31494
57.43000 2821 5.31494
57.44000 2776 5.27046
57.45000 2799 5.29256
57.46000 2793 5.28516
57.47000 2805 5.29256
57.48000 2817 5.30745
57.49000 2780 5.27046
57.50000 2805 5.29256
57.51000 2823 5.31494
57.52000 2810 5.29999
57.53000 2780 5.27046
57.54000 2830 5.32246
57.55000 2819 5.30745
57.56000 2853 5.33761
57.57000 2813 5.30745
57.58000 2816 5.30745
57.59000 2803 5.29256
57.60000 2823 5.31494
57.61000 2831 5.32246
57.62000 2884 5.36828
57.63000 2822 5.31494
57.64000 2802 5.29256
57.65000 2827 5.31494
57.66000 2844 5.33002
57.67000 2794 5.28516
57.68000 2790 5.28516
57.69000 2799 5.29256
57.70000 2804 5.29256
57.71000 2819 5.30745
57.72000 2784 5.2778
57.73000 2777 5.27046
57.74000 2765 5.25588
57.75000 2721 5.21286
57.76000 2756 5.24864
57.77000 2795 5.28516
57.78000 2838 5.33002
57.79000 2840 5.33002
57.80000 2870 5.36056
57.81000 2892 5.37603
57.82000 2860 5.34522
57.83000 2869 5.35288
57.84000 2880 5.36828
57.85000 2891 5.37603
57.86000 2896 5.38382
57.87000 2888 5.37603
57.88000 2887 5.37603
57.89000 2874 5.36056
57.90000 2916 5.39949
57.91000 2935 5.4153
57.92000 2882 5.36828
57.93000 2871 5.36056
57.94000 2875 5.36056
57.95000 2887 5.37603
57.96000 2871 5.36056
57.97000 2880 5.36828
57.98000 2905 5.39164
57.99000 2918 5.39949
58.00000 2929 5.4153
58.01000 2937 5.42326
58.02000 2936 5.4153
58.03000 2994 5.47176
58.04000 2945 5.42326
58.05000 2912 5.39949
58.06000 2985 5.46358
58.07000 2988 5.46358
58.08000 2993 5.47176
58.09000 2997 5.47176
58.10000 2950 5.43125
58.11000 2957 5.43928
58.12000 3027 5.50482
58.13000 2998 5.47176
58.14000 3036 5.51318
58.15000 2993 5.47176
58.16000 2974 5.45545
58.17000 2982 5.46358
58.18000 3033 5.50482
58.19000 3017 5.4965
58.20000 3070 5.53849
58.21000 3001 5.47997
58.22000 2996 5.47176
58.23000 3005 5.47997
58.24000 3007 5.47997
58.25000 3014 5.48821
58.26000 3040 5.51318
58.27000 3021 5.4965
58.28000 3025 5.4965
58.29000 3046 5.52158
58.30000 3067 5.53849
58.31000 3002 5.47997
58.32000 3033 5.50482
58.33000 3085 5.55556
58.34000 3075 5.547
58.35000 3067 5.53849
58.36000 3021 5.4965
58.37000 2987 5.46358
58.38000 2992 5.47176
58.39000 2998 5.47176
58.40000 2961 5.43928
58.41000 2994 5.47176
58.42000 2992 5.47176
58.43000 3016 5.48821
58.44000 3051 5.52158
58.45000 3089 5.55556
58.46000 3028 5.50482
58.47000 2979 5.45545
58.48000 3037 5.51318
58.49000 3073 5.547
58.50000 3002 5.47997
58.51000 2987 5.46358
58.52000 3060 5.53001
58.53000 3060 5.53001
58.54000 3020 5.4965
58.55000 3029 5.50482
58.56000 3043 5.51318
58.57000 3061 5.53001
58.58000 3037 5.51318
58.59000 3006 5.47997
58.60000 3066 5.53849
58.61000 3088 5.55556
58.62000 3071 5.53849
58.63000 3046 5.52158
58.64000 3055 5.53001
58.65000 3075 5.547
58.66000 3080 5.547
58.67000 3096 5.56415
58.68000 3082 5.55556
58.69000 3037 5.51318
58.70000 3074 5.547
58.71000 3064 5.53849
58.72000 3068 5.53849
58.73000 3060 5.53001
58.74000 3051 5.52158
58.75000 3096 5.56415
58.76000 3126 5.59017
58.77000 3140 5.60772
58.78000 3106 5.57278
58.79000 3072 5.53849
58.80000 3121 5.59017
58.81000 3131 5.59893
58.82000 3110 5.57278
58.83000 3111 5.58146
58.84000 3108 5.57278
58.85000 3169 5.62544
58.86000 3147 5.60772
58.87000 3194 5.65233
58.88000 3133 5.59893
58.89000 3133 5.59893
58.90000 3162 5.62544
58.91000 3153 5.61656
58.92000 3227 5.67962
58.93000 3146 5.60772
58.94000 3148 5.60772
58.95000 3146 5.60772
58.96000 3152 5.61656
58.97000 3169 5.62544
58.98000 3101 5.57278
58.99000 3151 5.61656
59.00000 3151 5.61656
59.01000 3152 5.61656
59.02000 3213 5.67048
59.03000 3171 5.63436
59.04000 3171 5.63436
59.05000 3143 5.60772
59.06000 3119 5.58146
59.07000 3086 5.55556
59.08000 3064 5.53849
59.09000 3123 5.59017
59.10000 3060 5.53001
59.11000 3065 5.53849
59.12000 3124 5.59017
59.13000 3066 5.53849
59.14000 3012 5.48821
59.15000 3019 5.4965
59.16000 3066 5.53849
59.17000 3074 5.547
59.18000 3087 5.55556
59.19000 3063 5.53849
59.20000 3025 5.4965
59.21000 3065 5.53849
59.22000 3065 5.53849
59.23000 3036 5.51318
59.24000 3038 5.51318
59.25000 3024 5.4965
59.26000 3033 5.50482
59.27000 3019 5.4965
59.28000 3017 5.4965
59.29000 3036 5.51318
59.30000 3067 5.53849
59.31000 3111 5.58146
59.32000 3048 5.52158
59.33000 3070 5.53849
59.34000 3141 5.60772
59.35000 3143 5.60772
59.36000 3129 5.59017
59.37000 3131 5.59893
59.38000 3191 5.65233
59.39000 3201 5.66139
59.40000 3217 5.67048
59.41000 3203 5.66139
59.42000 3183 5.64333
59.43000 3150 5.61656
59.44000 3147 5.60772
59.45000 3161 5.62544
59.46000 3193 5.65233
59.47000 3233 5.6888
59.48000 3235 5.6888
59.49000 3279 5.72598
59.50000 3236 5.6888
59.51000 3266 5.71662
59.52000 3259 5.7073
59.53000 3258 5.7073
59.54000 3312 5.75435
59.55000 3331 5.7735
59.56000 3317 5.7639
59.57000 3208 5.66139
59.58000 3268 5.71662
59.59000 3241 5.6888
59.60000 3249 5.69803
59.61000 3283 5.72598
59.62000 3313 5.75435
59.63000 3290 5.73539
59.64000 3282 5.72598
59.65000 3333 5.7735
59.66000 3322 5.7639
59.67000 3260 5.7073
59.68000 3333 5.7735
59.69000 3356 5.79284
59.70000 3350 5.78315
59.71000 3423 5.85206
59.72000 3416 5.84206
59.73000 3402 5.83212
59.74000 3436 5.8621
59.75000 3420 5.85206
59.76000 3415 5.84206
59.77000 3379 5.81238
59.78000 3423 5.85206
59.79000 3445 5.8722
59.80000 3426 5.85206
59.81000 3437 5.8621
59.82000 3454 5.8722
59.83000 3431 5.8621
59.84000 3404 5.83212
59.85000 3402 5.83212
59.86000 3402 5.83212
59.87000 3314 5.75435
59.88000 3343 5.78315
59.89000 3310 5.75435
59.90000 3298 5.74485
59.91000 3300 5.74485
59.92000 3306 5.75435
59.93000 3248 5.69803
59.94000 3268 5.71662
59.95000 3226 5.67962
59.96000 3235 5.6888
59.97000 3183 5.64333
59.98000 3168 5.62544
59.99000 3200 5.65233
60.00000 3168 5.62544
60.01000 3192 5.65233
60.02000 3141 5.60772
60.03000 3175 5.63436
60.04000 3166 5.62544
60.05000 3212 5.67048
60.06000 3137 5.59893
60.07000 3166 5.62544
60.08000 3127 5.59017
60.09000 3160 5.62544
60.10000 3190 5.65233
60.11000 3122 5.59017
60.12000 3123 5.59017
60.13000 3096 5.56415
60.14000 3113 5.58146
60.15000 3117 5.58146
60.16000 3096 5.56415
60.17000 3078 5.547
60.18000 3105 5.57278
60.19000 3093 5.56415
60.20000 3049 5.52158
60.21000 3017 5.4965
60.22000 3067 5.53849
60.23000 3052 5.52158
60.24000 2978 5.45545
60.25000 3009 5.48821
60.26000 2999 5.47997
60.27000 3010 5.48821
60.28000 3016 5.48821
60.29000 2940 5.42326
60.30000 2906 5.39164
60.31000 2906 5.39164
60.32000 2938 5.42326
60.33000 2942 5.42326
60.34000 2962 5.43928
60.35000 2963 5.44735
60.36000 2971 5.44735
60.37000 2924 5.40738
60.38000 2983 5.46358
60.39000 2948 5.43125
60.40000 2884 5.36828
60.41000 2880 5.36828
60.42000 2960 5.43928
60.43000 2976 5.45545
60.44000 2985 5.46358
60.45000 3022 5.4965
60.46000 3013 5.48821
60.47000 2958 5.43928
60.48000 2929 5.4153
60.49000 2960 5.43928
60.50000 2934 5.4153
60.51000 2894 5.37603
60.52000 2871 5.36056
60.53000 2916 5.39949
60.54000 2918 5.39949
60.55000 2929 5.4153
60.56000 2884 5.36828
60.57000 2915 5.39949
60.58000 2829 5.32246
60.59000 2871 5.36056
60.60000 2906 5.39164
60.61000 2941 5.42326
60.62000 2925 5.40738
60.63000 2962 5.43928
60.64000 2919 5.39949
60.65000 2938 5.42326
60.66000 2966 5.44735
60.67000 2944 5.42326
60.68000 2933 5.4153
60.69000 2935 5.4153
60.70000 2926 5.40738
60.71000 2899 5.38382
60.72000 2929 5.4153
60.73000 2899 5.38382
60.74000 2896 5.38382
60.75000 2913 5.39949
60.76000 2916 5.39949
60.77000 2890 5.37603
60.78000 2870 5.36056
60.79000 2854 5.34522
60.80000 2894 5.37603
60.81000 2887 5.37603
60.82000 2888 5.37603
60.83000 2876 5.36056
60.84000 2872 5.36056
60.85000 2922 5.40738
60.86000 2901 5.38382
60.87000 2920 5.40738
60.88000 2917 5.39949
60.89000 2877 5.36056
60.90000 2851 5.33761
60.91000 2868 5.35288
60.92000 2870 5.36056
60.93000 2868 5.35288
60.94000 2889 5.37603
60.95000 2920 5.40738
60.96000 2887 5.37603
60.97000 2888 5.37603
60.98000 2914 5.39949
60.99000 2929 5.4153
61.00000 2882 5.36828
61.01000 2877 5.36056
61.02000 2911 5.39164
61.03000 2909 5.39164
61.04000 2873 5.36056
61.05000 2890 5.37603
61.06000 2888 5.37603
61.07000 2837 5.33002
61.08000 2855 5.34522
61.09000 2864 5.35288
61.10000 2813 5.30745
61.11000 2798 5.29256
61.12000 2782 5.2778
61.13000 2774 5.27046
61.14000 2780 5.27046
61.15000 2767 5.26316
61.16000 2760 5.25588
61.17000 2762 5.25588
61.18000 2791 5.28516
61.19000 2767 5.26316
61.20000 2733 5.22708
61.21000 2720 5.21286
61.22000 2765 5.25588
61.23000 2782 5.2778
61.24000 2805 5.29256
61.25000 2785 5.2778
61.26000 2728 5.21996
61.27000 2783 5.2778
61.28000 2787 5.2778
61.29000 2799 5.29256
61.30000 2793 5.28516
61.31000 2771 5.26316
61.32000 2807 5.29999
61.33000 2814 5.30745
61.34000 2828 5.31494
61.35000 2798 5.29256
61.36000 2768 5.26316
61.37000 2762 5.25588
61.38000 2784 5.2778
61.39000 2774 5.27046
61.40000 2760 5.25588
61.41000 2779 5.27046
61.42000 2823 5.31494
61.43000 2812 5.29999
61.44000 2824 5.31494
61.45000 2818 5.30745
61.46000 2820 5.30745
61.47000 2860 5.34522
61.48000 2895 5.38382
61.49000 2832 5.32246
61.50000 2841 5.33002
61.51000 2833 5.32246
61.52000 2853 5.33761
61.53000 2819 5.30745
61.54000 2823 5.31494
61.55000 2789 5.2778
61.56000 2786 5.2778
61.57000 2747 5.24142
61.58000 2822 5.31494
61.59000 2814 5.30745
61.60000 2764 5.25588
61.61000 2825 5.31494
61.62000 2832 5.32246
61.63000 2843 5.33002
61.64000 2839 5.33002
61.65000 2821 5.31494
61.66000 2873 5.36056
61.67000 2898 5.38382
61.68000 2842 5.33002
61.69000 2799 5.29256
61.70000 2812 5.29999
61.71000 2883 5.36828
61.72000 2829 5.32246
61.73000 2782 5.2778
61.74000 2764 5.25588
61.75000 2810 5.29999
61.76000 2773 5.26316
61.77000 2756 5.24864
61.78000 2755 5.24864
61.79000 2781 5.27046
61.80000 2728 5.21996
61.81000 2762 5.25588
61.82000 2785 5.2778
61.83000 2716 5.21286
61.84000 2717 5.21286
61.85000 2808 5.29999
61.86000 2772 5.26316
61.87000 2789 5.2778
61.88000 2737 5.23424
61.89000 2753 5.24864
61.90000 2750 5.24142
61.91000 2790 5.28516
61.92000 2806 5.29999
61.93000 2733 5.22708
61.94000 2728 5.21996
61.95000 2755 5.24864
61.96000 2763 5.25588
61.97000 2784 5.2778
61.98000 2778 5.27046
61.99000 2770 5.26316
62.00000 2784 5.2778
62.01000 2821 5.31494
62.02000 2808 5.29999
62.03000 2802 5.29256
62.04000 2797 5.28516
62.05000 2803 5.29256
62.06000 2826 5.31494
62.07000 2864 5.35288
62.08000 2875 5.36056
62.09000 2884 5.36828
62.10000 2926 5.40738
62.11000 2901 5.38382
62.12000 2929 5.4153
62.13000 2875 5.36056
62.14000 2914 5.39949
62.15000 2966 5.44735
62.16000 2885 5.36828
62.17000 2943 5.42326
62.18000 2911 5.39164
62.19000 2927 5.40738
62.20000 2905 5.39164
62.21000 2944 5.42326
62.22000 2973 5.45545
62.23000 2933 5.4153
62.24000 2951 5.43125
62.25000 2949 5.43125
62.26000 2948 5.43125
62.27000 2959 5.43928
62.28000 2955 5.43928
62.29000 2929 5.4153
62.30000 2937 5.42326
62.31000 2954 5.43125
62.32000 2991 5.47176
62.33000 2961 5.43928
62.34000 2981 5.46358
62.35000 3038 5.51318
62.36000 2997 5.47176
62.37000 3053 5.52158
62.38000 3056 5.53001
62.39000 3014 5.48821
62.40000 2972 5.45545
62.41000 2992 5.47176
62.42000 3017 5.4965
62.43000 3001 5.47997
62.44000 2990 5.47176
62.45000 3004 5.47997
62.46000 2989 5.46358
62.47000 2989 5.46358
62.48000 2982 5.46358
62.49000 2995 5.47176
62.50000 2982 5.46358
62.51000 3009 5.48821
62.52000 2977 5.45545
62.53000 3013 5.48821
62.54000 2962 5.43928
62.55000 2960 5.43928
62.56000 2999 5.47997
62.57000 2974 5.45545
62.58000 2960 5.43928
62.59000 2933 5.4153
62.60000 2966 5.44735
62.61000 2946 5.43125
62.62000 2952 5.43125
62.63000 2972 5.45545
62.64000 2991 5.47176
62.65000 2954 5.43125
62.66000 2991 5.47176
62.67000 2919 5.39949
62.68000 2930 5.4153
62.69000 2928 5.40738
62.70000 2932 5.4153
62.71000 2931 5.4153
62.72000 2896 5.38382
62.73000 2866 5.35288
62.74000 2868 5.35288
62.75000 2857 5.34522
62.76000 2848 5.33761
62.77000 2855 5.34522
62.78000 2858 5.34522
62.79000 2820 5.30745
62.80000 2840 5.33002
62.81000 2803 5.29256
62.82000 2751 5.24142
62.83000 2782 5.2778
62.84000 2805 5.29256
62.85000 2853 5.33761
62.86000 2839 5.33002
62.87000 2817 5.30745
62.88000 2834 5.32246
62.89000 2822 5.31494
62.90000 2844 5.33002
62.91000 2840 5.33002
62.92000 2882 5.36828
62.93000 2874 5.36056
62.94000 2801 5.29256
62.95000 2813 5.30745
62.96000 2862 5.35288
62.97000 2874 5.36056
62.98000 2854 5.34522
62.99000 2822 5.31494
63.00000 2857 5.34522
63.01000 2836 5.32246
63.02000 2854 5.34522
63.03000 2920 5.40738
63.04000 2915 5.39949
63.05000 2947 5.43125
63.06000 2933 5.4153
63.07000 2889 5.37603
63.08000 2903 5.39164
63.09000 2917 5.39949
63.10000 2952 5.43125
63.11000 2981 5.46358
63.12000 2984 5.46358
63.13000 2993 5.47176
63.14000 2987 5.46358
63.15000 2960 5.43928
63.16000 2948 5.43125
63.17000 2950 5.43125
63.18000 2998 5.47176
63.19000 2970 5.44735
63.20000 2974 5.45545
63.21000 2968 5.44735
63.22000 2973 5.45545
63.23000 2941 5.42326
63.24000 2974 5.45545
63.25000 2998 5.47176
63.26000 2992 5.47176
63.27000 2946 5.43125
63.28000 2984 5.46358
63.29000 3002 5.47997
63.30000 2962 5.43928
63.31000 2937 5.42326
63.32000 2877 5.36056
63.33000 2884 5.36828
63.34000 2900 5.38382
63.35000 2878 5.36828
63.36000 2898 5.38382
63.37000 2901 5.38382
63.38000 2875 5.36056
63.39000 2920 5.40738
63.40000 2901 5.38382
63.41000 2884 5.36828
63.42000 2874 5.36056
63.43000 2927 5.40738
63.44000 2872 5.36056
63.45000 2874 5.36056
63.46000 2891 5.37603
63.47000 2939 5.42326
63.48000 2969 5.44735
63.49000 2922 5.40738
63.50000 2938 5.42326
63.51000 2879 5.36828
63.52000 2893 5.37603
63.53000 2905 5.39164
63.54000 2889 5.37603
63.55000 2907 5.39164
63.56000 2865 5.35288
63.57000 2914 5.39949
63.58000 2921 5.40738
63.59000 2945 5.42326
63.60000 2924 5.40738
63.61000 2929 5.4153
63.62000 2902 5.38382
63.63000 2901 5.38382
63.64000 2865 5.35288
63.65000 2894 5.37603
63.66000 2882 5.36828
63.67000 2897 5.38382
63.68000 2871 5.36056
63.69000 2848 5.33761
63.70000 2832 5.32246
63.71000 2812 5.29999
63.72000 2786 5.2778
63.73000 2829 5.32246
63.74000 2819 5.30745
63.75000 2767 5.26316
63.76000 2776 5.27046
63.77000 2829 5.32246
63.78000 2838 5.33002
63.79000 2782 5.2778
63.80000 2854 5.34522
63.81000 2870 5.36056
63.82000 2828 5.31494
63.83000 2811 5.29999
63.84000 2842 5.33002
63.85000 2785 5.2778
63.86000 2805 5.29256
63.87000 2793 5.28516
63.88000 2807 5.29999
63.89000 2804 5.29256
63.90000 2783 5.2778
63.91000 2787 5.2778
63.92000 2812 5.29999
63.93000 2819 5.30745
63.94000 2797 5.28516
63.95000 2739 5.23424
63.96000 2774 5.27046
63.97000 2788 5.2778
63.98000 2833 5.32246
63.99000 2757 5.24864
64.00000 2814 5.30745
64.01000 2828 5.31494
64.02000 2783 5.2778
64.03000 2760 5.25588
64.04000 2795 5.28516
64.05000 2834 5.32246
64.06000 2807 5.29999
64.07000 2795 5.28516
64.08000 2837 5.33002
64.09000 2823 5.31494
64.10000 2813 5.30745
64.11000 2798 5.29256
64.12000 2789 5.2778
64.13000 2815 5.30745
64.14000 2810 5.29999
64.15000 2778 5.27046
64.16000 2803 5.29256
64.17000 2776 5.27046
64.18000 2803 5.29256
64.19000 2771 5.26316
64.20000 2802 5.29256
64.21000 2834 5.32246
64.22000 2828 5.31494
64.23000 2809 5.29999
64.24000 2794 5.28516
64.25000 2822 5.31494
64.26000 2813 5.30745
64.27000 2775 5.27046
64.28000 2810 5.29999
64.29000 2811 5.29999
64.30000 2802 5.29256
64.31000 2769 5.26316
64.32000 2808 5.29999
64.33000 2795 5.28516
64.34000 2761 5.25588
64.35000 2792 5.28516
64.36000 2761 5.25588
64.37000 2777 5.27046
64.38000 2803 5.29256
64.39000 2839 5.33002
64.40000 2828 5.31494
64.41000 2811 5.29999
64.42000 2820 5.30745
64.43000 2833 5.32246
64.44000 2837 5.33002
64.45000 2855 5.34522
64.46000 2848 5.33761
64.47000 2834 5.32246
64.48000 2848 5.33761
64.49000 2863 5.35288
64.50000 2879 5.36828
64.51000 2816 5.30745
64.52000 2830 5.32246
64.53000 2871 5.36056
64.54000 2896 5.38382
64.55000 2835 5.32246
64.56000 2843 5.33002
64.57000 2809 5.29999
64.58000 2808 5.29999
64.59000 2843 5.33002
64.60000 2818 5.30745
64.61000 2848 5.33761
64.62000 2887 5.37603
64.63000 2876 5.36056
64.64000 2852 5.33761
64.65000 2786 5.2778
64.66000 2790 5.28516
64.67000 2837 5.33002
64.68000 2864 5.35288
64.69000 2850 5.33761
64.70000 2818 5.30745
64.71000 2836 5.32246
64.72000 2864 5.35288
64.73000 2871 5.36056
64.74000 2871 5.36056
64.75000 2830 5.32246
64.76000 2866 5.35288
64.77000 2806 5.29999
64.78000 2849 5.33761
64.79000 2874 5.36056
64.80000 2801 5.29256
64.81000 2793 5.28516
64.82000 2792 5.28516
64.83000 2810 5.29999
64.84000 2795 5.28516
64.85000 2851 5.33761
64.86000 2815 5.30745
64.87000 2869 5.35288
64.88000 2840 5.33002
64.89000 2815 5.30745
64.90000 2814 5.30745
64.91000 2812 5.29999
64.92000 2845 5.33761
64.93000 2850 5.33761
64.94000 2831 5.32246
64.95000 2817 5.30745
64.96000 2848 5.33761
64.97000 2855 5.34522
64.98000 2865 5.35288
64.99000 2840 5.33002
65.00000 2836 5.32246
65.01000 2834 5.32246
65.02000 2795 5.28516
65.03000 2778 5.27046
65.04000 2765 5.25588
65.05000 2790 5.28516
65.06000 2771 5.26316
65.07000 2774 5.27046
65.08000 2795 5.28516
65.09000 2793 5.28516
65.10000 2808 5.29999
65.11000 2795 5.28516
65.12000 2797 5.28516
65.13000 2793 5.28516
65.14000 2765 5.25588
65.15000 2789 5.2778
65.16000 2754 5.24864
65.17000 2774 5.27046
65.18000 2751 5.24142
65.19000 2730 5.22708
65.20000 2748 5.24142
65.21000 2788 5.2778
65.22000 2769 5.26316
65.23000 2742 5.23424
65.24000 2753 5.24864
65.25000 2741 5.23424
65.26000 2674 5.17088
65.27000 2704 5.19875
65.28000 2714 5.21286
65.29000 2730 5.22708
65.30000 2800 5.29256
65.31000 2796 5.28516
65.32000 2769 5.26316
65.33000 2763 5.25588
65.34000 2764 5.25588
65.35000 2755 5.24864
65.36000 2780 5.27046
65.37000 2772 5.26316
65.38000 2741 5.23424
65.39000 2755 5.24864
65.40000 2801 5.29256
65.41000 2820 5.30745
65.42000 2837 5.33002
65.43000 2767 5.26316
65.44000 2745 5.24142
65.45000 2798 5.29256
65.46000 2780 5.27046
65.47000 2696 5.19174
65.48000 2728 5.21996
65.49000 2747 5.24142
65.50000 2671 5.17088
65.51000 2678 5.1778
65.52000 2705 5.19875
65.53000 2733 5.22708
65.54000 2756 5.24864
65.55000 2718 5.21286
65.56000 2691 5.18476
65.57000 2709 5.20579
65.58000 2694 5.19174
65.59000 2721 5.21286
65.60000 2691 5.18476
65.61000 2682 5.1778
65.62000 2707 5.20579
65.63000 2707 5.20579
65.64000 2678 5.1778
65.65000 2660 5.15711
65.66000 2665 5.16398
65.67000 2626 5.12316
65.68000 2650 5.15026
65.69000 2683 5.1778
65.70000 2681 5.1778
65.71000 2656 5.15026
65.72000 2697 5.19174
65.73000 2720 5.21286
65.74000 2661 5.15711
65.75000 2656 5.15026
65.76000 2654 5.15026
65.77000 2669 5.16398
65.78000 2667 5.16398
65.79000 2676 5.17088
65.80000 2719 5.21286
65.81000 2684 5.1778
65.82000 2662 5.15711
65.83000 2661 5.15711
65.84000 2680 5.1778
65.85000 2706 5.19875
65.86000 2755 5.24864
65.87000 2699 5.19174
65.88000 2709 5.20579
65.89000 2717 5.21286
65.90000 2677 5.17088
65.91000 2689 5.18476
65.92000 2672 5.17088
65.93000 2677 5.17088
65.94000 2666 5.16398
65.95000 2648 5.14344
65.96000 2655 5.15026
65.97000 2618 5.11645
65.98000 2638 5.13665
65.99000 2657 5.15711
66.00000 2674 5.17088
66.01000 2658 5.15711
66.02000 2645 5.14344
66.03000 2635 5.12989
66.04000 2615 5.11645
66.05000 2675 5.17088
66.06000 2657 5.15711
66.07000 2652 5.15026
66.08000 2632 5.12989
66.09000 2660 5.15711
66.10000 2628 5.12316
66.11000 2603 5.1031
66.12000 2606 5.1031
66.13000 2607 5.1031
66.14000 2638 5.13665
66.15000 2636 5.13665
66.16000 2632 5.12989
66.17000 2628 5.12316
66.18000 2631 5.12989
66.19000 2633 5.12989
66.20000 2615 5.11645
66.21000 2586 5.08329
66.22000 2617 5.11645
66.23000 2610 5.10976
66.24000 2589 5.08987
66.25000 2600 5.09647
66.26000 2593 5.08987
66.27000 2626 5.12316
66.28000 2665 5.16398
66.29000 2611 5.10976
66.30000 2618 5.11645
66.31000 2588 5.08987
66.32000 2595 5.09647
66.33000 2638 5.13665
66.34000 2622 5.12316
66.35000 2620 5.11645
66.36000 2625 5.12316
66.37000 2696 5.19174
66.38000 2671 5.17088
66.39000 2680 5.1778
66.40000 2680 5.1778
66.41000 2701 5.19875
66.42000 2681 5.1778
66.43000 2698 5.19174
66.44000 2675 5.17088
66.45000 2673 5.17088
66.46000 2691 5.18476
66.47000 2665 5.16398
66.48000 2678 5.1778
66.49000 2666 5.16398
66.50000 2659 5.15711
66.51000 2721 5.21286
66.52000 2770 5.26316
66.53000 2716 5.21286
66.54000 2658 5.15711
66.55000 2673 5.17088
66.56000 2687 5.18476
66.57000 2682 5.1778
66.58000 2717 5.21286
66.59000 2690 5.18476
66.60000 2699 5.19174
66.61000 2711 5.20579
66.62000 2724 5.21996
66.63000 2714 5.21286
66.64000 2735 5.22708
66.65000 2689 5.18476
66.66000 2669 5.16398
66.67000 2641 5.13665
66.68000 2701 5.19875
66.69000 2701 5.19875
66.70000 2650 5.15026
66.71000 2676 5.17088
66.72000 2679 5.1778
66.73000 2678 5.1778
66.74000 2707 5.20579
66.75000 2698 5.19174
66.76000 2654 5.15026
66.77000 2678 5.1778
66.78000 2723 5.21996
66.79000 2688 5.18476
66.80000 2688 5.18476
66.81000 2687 5.18476
66.82000 2684 5.1778
66.83000 2661 5.15711
66.84000 2734 5.22708
66.85000 2753 5.24864
66.86000 2741 5.23424
66.87000 2736 5.23424
66.88000 2755 5.24864
66.89000 2720 5.21286
66.90000 2782 5.2778
66.91000 2784 5.2778
66.92000 2794 5.28516
66.93000 2761 5.25588
66.94000 2765 5.25588
66.95000 2763 5.25588
66.96000 2797 5.28516
66.97000 2784 5.2778
66.98000 2832 5.32246
66.99000 2817 5.30745
67.00000 2877 5.36056
67.01000 2856 5.34522
67.02000 2879 5.36828
67.03000 2892 5.37603
67.04000 2878 5.36828
67.05000 2889 5.37603
67.06000 2885 5.36828
67.07000 2913 5.39949
67.08000 2940 5.42326
67.09000 2879 5.36828
67.10000 2883 5.36828
67.11000 2960 5.43928
67.12000 2915 5.39949
67.13000 2983 5.46358
67.14000 2954 5.43125
67.15000 2938 5.42326
67.16000 2882 5.36828
67.17000 2887 5.37603
67.18000 2871 5.36056
67.19000 2815 5.30745
67.20000 2848 5.33761
67.21000 2838 5.33002
67.22000 2841 5.33002
67.23000 2841 5.33002
67.24000 2808 5.29999
67.25000 2775 5.27046
67.26000 2767 5.26316
67.27000 2806 5.29999
67.28000 2805 5.29256
67.29000 2833 5.32246
67.30000 2762 5.25588
67.31000 2741 5.23424
67.32000 2736 5.23424
67.33000 2739 5.23424
67.34000 2724 5.21996
67.35000 2685 5.18476
67.36000 2726 5.21996
67.37000 2781 5.27046
67.38000 2750 5.24142
67.39000 2739 5.23424
67.40000 2733 5.22708
67.41000 2738 5.23424
67.42000 2718 5.21286
67.43000 2792 5.28516
67.44000 2810 5.29999
67.45000 2797 5.28516
67.46000 2791 5.28516
67.47000 2793 5.28516
67.48000 2780 5.27046
67.49000 2767 5.26316
67.50000 2759 5.25588
67.51000 2756 5.24864
67.52000 2804 5.29256
67.53000 2824 5.31494
67.54000 2854 5.34522
67.55000 2840 5.33002
67.56000 2840 5.33002
67.57000 2870 5.36056
67.58000 2834 5.32246
67.59000 2819 5.30745
67.60000 2843 5.33002
67.61000 2829 5.32246
67.62000 2854 5.34522
67.63000 2850 5.33761
67.64000 2898 5.38382
67.65000 2863 5.35288
67.66000 2842 5.33002
67.67000 2818 5.30745
67.68000 2862 5.35288
67.69000 2886 5.36828
67.70000 2853 5.33761
67.71000 2898 5.38382
67.72000 2882 5.36828
67.73000 2842 5.33002
67.74000 2837 5.33002
67.75000 2844 5.33002
67.76000 2854 5.34522
67.77000 2875 5.36056
67.78000 2882 5.36828
67.79000 2823 5.31494
67.80000 2800 5.29256
67.81000 2811 5.29999
67.82000 2776 5.27046
67.83000 2779 5.27046
67.84000 2783 5.2778
67.85000 2792 5.28516
67.86000 2789 5.2778
67.87000 2744 5.24142
67.88000 2750 5.24142
67.89000 2763 5.25588
67.90000 2755 5.24864
67.91000 2752 5.24864
67.92000 2765 5.25588
67.93000 2743 5.23424
67.94000 2726 5.21996
67.95000 2725 5.21996
67.96000 2751 5.24142
67.97000 2730 5.22708
67.98000 2752 5.24864
67.99000 2735 5.22708
68.00000 2771 5.26316
68.01000 2755 5.24864
68.02000 2751 5.24142
68.03000 2751 5.24142
68.04000 2755 5.24864
68.05000 2791 5.28516
68.06000 2784 5.2778
68.07000 2763 5.25588
68.08000 2743 5.23424
68.09000 2729 5.22708
68.10000 2735 5.22708
68.11000 2735 5.22708
68.12000 2755 5.24864
68.13000 2746 5.24142
68.14000 2741 5.23424
68.15000 2725 5.21996
68.16000 2786 5.2778
68.17000 2758 5.24864
68.18000 2707 5.20579
68.19000 2670 5.16398
68.20000 2686 5.18476
68.21000 2722 5.21996
68.22000 2713 5.20579
68.23000 2757 5.24864
68.24000 2720 5.21286
68.25000 2723 5.21996
68.26000 2722 5.21996
68.27000 2771 5.26316
68.28000 2749 5.24142
68.29000 2769 5.26316
68.30000 2768 5.26316
68.31000 2757 5.24864
68.32000 2771 5.26316
68.33000 2734 5.22708
68.34000 2729 5.22708
68.35000 2713 5.20579
68.36000 2730 5.22708
68.37000 2734 5.22708
68.38000 2704 5.19875
68.39000 2785 5.2778
68.40000 2759 5.25588
68.41000 2707 5.20579
68.42000 2683 5.1778
68.43000 2682 5.1778
68.44000 2684 5.1778
68.45000 2702 5.19875
68.46000 2712 5.20579
68.47000 2713 5.20579
68.48000 2664 5.16398
68.49000 2708 5.20579
68.50000 2711 5.20579
68.51000 2734 5.22708
68.52000 2668 5.16398
68.53000 2659 5.15711
68.54000 2682 5.1778
68.55000 2721 5.21286
68.56000 2696 5.19174
68.57000 2723 5.21996
68.58000 2687 5.18476
68.59000 2718 5.21286
68.60000 2694 5.19174
68.61000 2665 5.16398
68.62000 2691 5.18476
68.63000 2677 5.17088
68.64000 2686 5.18476
68.65000 2714 5.21286
68.66000 2722 5.21996
68.67000 2691 5.18476
68.68000 2705 5.19875
68.69000 2712 5.20579
68.70000 2722 5.21996
68.71000 2692 5.19174
68.72000 2712 5.20579
68.73000 2754 5.24864
68.74000 2750 5.24142
68.75000 2798 5.29256
68.76000 2782 5.2778
68.77000 2790 5.28516
68.78000 2802 5.29256
68.79000 2808 5.29999
68.80000 2848 5.33761
68.81000 2843 5.33002
68.82000 2814 5.30745
68.83000 2826 5.31494
68.84000 2872 5.36056
68.85000 2879 5.36828
68.86000 2862 5.35288
68.87000 2832 5.32246
68.88000 2804 5.29256
68.89000 2786 5.2778
68.90000 2786 5.2778
68.91000 2851 5.33761
68.92000 2848 5.33761
68.93000 2830 5.32246
68.94000 2843 5.33002
68.95000 2829 5.32246
68.96000 2831 5.32246
68.97000 2824 5.31494
68.98000 2796 5.28516
68.99000 2766 5.25588
69.00000 2785 5.2778
69.01000 2724 5.21996
69.02000 2737 5.23424
69.03000 2701 5.19875
69.04000 2731 5.22708
69.05000 2761 5.25588
69.06000 2756 5.24864
69.07000 2709 5.20579
69.08000 2730 5.22708
69.09000 2702 5.19875
69.10000 2689 5.18476
69.11000 2675 5.17088
69.12000 2670 5.16398
69.13000 2733 5.22708
69.14000 2687 5.18476
69.15000 2665 5.16398
69.16000 2692 5.19174
69.17000 2677 5.17088
69.18000 2653 5.15026
69.19000 2729 5.22708
69.20000 2710 5.20579
69.21000 2682 5.1778
69.22000 2677 5.17088
69.23000 2685 5.18476
69.24000 2684 5.1778
69.25000 2646 5.14344
69.26000 2651 5.15026
69.27000 2679 5.1778
69.28000 2664 5.16398
69.29000 2686 5.18476
69.30000 2699 5.19174
69.31000 2669 5.16398
69.32000 2638 5.13665
69.33000 2682 5.1778
69.34000 2662 5.15711
69.35000 2696 5.19174
69.36000 2708 5.20579
69.37000 2699 5.19174
69.38000 2633 5.12989
69.39000 2648 5.14344
69.40000 2666 5.16398
69.41000 2667 5.16398
69.42000 2619 5.11645
69.43000 2650 5.15026
69.44000 2695 5.19174
69.45000 2725 5.21996
69.46000 2659 5.15711
69.47000 2678 5.1778
69.48000 2694 5.19174
69.49000 2741 5.23424
69.50000 2748 5.24142
69.51000 2718 5.21286
69.52000 2695 5.19174
69.53000 2712 5.20579
69.54000 2717 5.21286
69.55000 2724 5.21996
69.56000 2738 5.23424
69.57000 2706 5.19875
69.58000 2697 5.19174
69.59000 2716 5.21286
69.60000 2752 5.24864
69.61000 2749 5.24142
69.62000 2719 5.21286
69.63000 2731 5.22708
69.64000 2738 5.23424
69.65000 2726 5.21996
69.66000 2716 5.21286
69.67000 2752 5.24864
69.68000 2733 5.22708
69.69000 2732 5.22708
69.70000 2726 5.21996
69.71000 2765 5.25588
69.72000 2778 5.27046
69.73000 2769 5.26316
69.74000 2758 5.24864
69.75000 2776 5.27046
69.76000 2827 5.31494
69.77000 2826 5.31494
69.78000 2815 5.30745
69.79000 2751 5.24142
69.80000 2818 5.30745
69.81000 2828 5.31494
69.82000 2835 5.32246
69.83000 2840 5.33002
69.84000 2832 5.32246
69.85000 2794 5.28516
69.86000 2829 5.32246
69.87000 2853 5.33761
69.88000 2824 5.31494
69.89000 2821 5.31494
69.90000 2828 5.31494
69.91000 2824 5.31494
69.92000 2823 5.31494
69.93000 2807 5.29999
69.94000 2775 5.27046
69.95000 2834 5.32246
69.96000 2799 5.29256
69.97000 2797 5.28516
69.98000 2822 5.31494
69.99000 2853 5.33761
70.00000 2798 5.29256
70.01000 2846 5.33761
70.02000 2856 5.34522
70.03000 2813 5.30745
70.04000 2794 5.28516
70.05000 2813 5.30745
70.06000 2828 5.31494
70.07000 2846 5.33761
70.08000 2862 5.35288
70.09000 2855 5.34522
70.10000 2848 5.33761
70.11000 2835 5.32246
70.12000 2803 5.29256
70.13000 2786 5.2778
70.14000 2775 5.27046
70.15000 2762 5.25588
70.16000 2788 5.2778
70.17000 2786 5.2778
70.18000 2807 5.29999
70.19000 2782 5.2778
70.20000 2769 5.26316
70.21000 2799 5.29256
70.22000 2786 5.2778
70.23000 2747 5.24142
70.24000 2809 5.29999
70.25000 2778 5.27046
70.26000 2754 5.24864
70.27000 2804 5.29256
70.28000 2802 5.29256
70.29000 2787 5.2778
70.30000 2818 5.30745
70.31000 2778 5.27046
70.32000 2784 5.2778
70.33000 2742 5.23424
70.34000 2768 5.26316
70.35000 2778 5.27046
70.36000 2789 5.2778
70.37000 2742 5.23424
70.38000 2753 5.24864
70.39000 2739 5.23424
70.40000 2736 5.23424
70.41000 2774 5.27046
70.42000 2748 5.24142
70.43000 2740 5.23424
70.44000 2771 5.26316
70.45000 2772 5.26316
70.46000 2744 5.24142
70.47000 2751 5.24142
70.48000 2763 5.25588
70.49000 2760 5.25588
70.50000 2770 5.26316
70.51000 2752 5.24864
70.52000 2779 5.27046
70.53000 2781 5.27046
70.54000 2797 5.28516
70.55000 2804 5.29256
70.56000 2795 5.28516
70.57000 2806 5.29999
70.58000 2755 5.24864
70.59000 2758 5.24864
70.60000 2759 5.25588
70.61000 2764 5.25588
70.62000 2776 5.27046
70.63000 2782 5.2778
70.64000 2801 5.29256
70.65000 2841 5.33002
70.66000 2764 5.25588
70.67000 2759 5.25588
70.68000 2792 5.28516
70.69000 2808 5.29999
70.70000 2735 5.22708
70.71000 2753 5.24864
70.72000 2734 5.22708
70.73000 2746 5.24142
70.74000 2794 5.28516
70.75000 2755 5.24864
70.76000 2754 5.24864
70.77000 2782 5.2778
70.78000 2731 5.22708
70.79000 2751 5.24142
70.80000 2775 5.27046
70.81000 2802 5.29256
70.82000 2790 5.28516
70.83000 2771 5.26316
70.84000 2743 5.23424
70.85000 2741 5.23424
70.86000 2751 5.24142
70.87000 2754 5.24864
70.88000 2770 5.26316
70.89000 2748 5.24142
70.90000 2758 5.24864
70.91000 2746 5.24142
70.92000 2730 5.22708
70.93000 2711 5.20579
70.94000 2729 5.22708
70.95000 2704 5.19875
70.96000 2714 5.21286
70.97000 2705 5.19875
70.98000 2737 5.23424
70.99000 2678 5.1778
71.00000 2657 5.15711
71.01000 2646 5.14344
71.02000 2693 5.19174
71.03000 2656 5.15026
71.04000 2657 5.15711
71.05000 2662 5.15711
71.06000 2683 5.1778
71.07000 2715 5.21286
71.08000 2679 5.1778
71.09000 2631 5.12989
71.10000 2706 5.19875
71.11000 2720 5.21286
71.12000 2702 5.19875
71.13000 2748 5.24142
71.14000 2678 5.1778
71.15000 2661 5.15711
71.16000 2622 5.12316
71.17000 2633 5.12989
71.18000 2632 5.12989
71.19000 2663 5.15711
71.20000 2636 5.13665
71.21000 2687 5.18476
71.22000 2662 5.15711
71.23000 2674 5.17088
71.24000 2650 5.15026
71.25000 2632 5.12989
71.26000 2642 5.13665
71.27000 2644 5.14344
71.28000 2642 5.13665
71.29000 2667 5.16398
71.30000 2635 5.12989
71.31000 2655 5.15026
71.32000 2682 5.1778
71.33000 2688 5.18476
71.34000 2686 5.18476
71.35000 2680 5.1778
71.36000 2675 5.17088
71.37000 2683 5.1778
71.38000 2690 5.18476
71.39000 2700 5.19875
71.40000 2766 5.25588
71.41000 2747 5.24142
71.42000 2736 5.23424
71.43000 2787 5.2778
71.44000 2750 5.24142
71.45000 2744 5.24142
71.46000 2729 5.22708
71.47000 2779 5.27046
71.48000 2764 5.25588
71.49000 2741 5.23424
71.50000 2697 5.19174
71.51000 2732 5.22708
71.52000 2774 5.27046
71.53000 2798 5.29256
71.54000 2748 5.24142
71.55000 2798 5.29256
71.56000 2822 5.31494
71.57000 2847 5.33761
71.58000 2826 5.31494
71.59000 2768 5.26316
71.60000 2784 5.2778
71.61000 2808 5.29999
71.62000 2828 5.31494
71.63000 2808 5.29999
71.64000 2816 5.30745
71.65000 2780 5.27046
71.66000 2747 5.24142
71.67000 2849 5.33761
71.68000 2822 5.31494
71.69000 2827 5.31494
71.70000 2901 5.38382
71.71000 2846 5.33761
71.72000 2843 5.33002
71.73000 2829 5.32246
71.74000 2785 5.2778
71.75000 2833 5.32246
71.76000 2852 5.33761
71.77000 2852 5.33761
71.78000 2868 5.35288
71.79000 2813 5.30745
71.80000 2760 5.25588
71.81000 2797 5.28516
71.82000 2804 5.29256
71.83000 2774 5.27046
71.84000 2764 5.25588
71.85000 2772 5.26316
71.86000 2798 5.29256
71.87000 2797 5.28516
71.88000 2796 5.28516
71.89000 2820 5.30745
71.90000 2799 5.29256
71.91000 2807 5.29999
71.92000 2833 5.32246
71.93000 2823 5.31494
71.94000 2783 5.2778
71.95000 2808 5.29999
71.96000 2774 5.27046
71.97000 2788 5.2778
71.98000 2740 5.23424
71.99000 2793 5.28516
72.00000 2826 5.31494
72.01000 2812 5.29999
72.02000 2806 5.29999
72.03000 2800 5.29256
72.04000 2788 5.2778
72.05000 2805 5.29256
72.06000 2813 5.30745
72.07000 2793 5.28516
72.08000 2794 5.28516
72.09000 2790 5.28516
72.10000 2833 5.32246
72.11000 2849 5.33761
72.12000 2818 5.30745
72.13000 2852 5.33761
72.14000 2869 5.35288
72.15000 2836 5.32246
72.16000 2862 5.35288
72.17000 2845 5.33761
72.18000 2875 5.36056
72.19000 2881 5.36828
72.20000 2858 5.34522
72.21000 2893 5.37603
72.22000 2892 5.37603
72.23000 2932 5.4153
72.24000 2940 5.42326
72.25000 2949 5.43125
72.26000 2945 5.42326
72.27000 2937 5.42326
72.28000 2941 5.42326
72.29000 2966 5.44735
72.30000 2940 5.42326
72.31000 2964 5.44735
72.32000 2975 5.45545
72.33000 2952 5.43125
72.34000 2989 5.46358
72.35000 2933 5.4153
72.36000 2925 5.40738
72.37000 2906 5.39164
72.38000 2939 5.42326
72.39000 2894 5.37603
72.40000 2900 5.38382
72.41000 2915 5.39949
72.42000 2902 5.38382
72.43000 2924 5.40738
72.44000 2898 5.38382
72.45000 2901 5.38382
72.46000 2858 5.34522
72.47000 2900 5.38382
72.48000 2905 5.39164
72.49000 2881 5.36828
72.50000 2885 5.36828
72.51000 2874 5.36056
72.52000 2897 5.38382
72.53000 2874 5.36056
72.54000 2881 5.36828
72.55000 2843 5.33002
72.56000 2811 5.29999
72.57000 2807 5.29999
72.58000 2840 5.33002
72.59000 2853 5.33761
72.60000 2814 5.30745
72.61000 2766 5.25588
72.62000 2746 5.24142
72.63000 2781 5.27046
72.64000 2832 5.32246
72.65000 2795 5.28516
72.66000 2787 5.2778
72.67000 2789 5.2778
72.68000 2788 5.2778
72.69000 2718 5.21286
72.70000 2727 5.21996
72.71000 2715 5.21286
72.72000 2721 5.21286
72.73000 2740 5.23424
72.74000 2732 5.22708
72.75000 2774 5.27046
72.76000 2805 5.29256
72.77000 2775 5.27046
72.78000 2744 5.24142
72.79000 2762 5.25588
72.80000 2726 5.21996
72.81000 2732 5.22708
72.82000 2741 5.23424
72.83000 2728 5.21996
72.84000 2724 5.21996
72.85000 2702 5.19875
72.86000 2740 5.23424
72.87000 2718 5.21286
72.88000 2716 5.21286
72.89000 2664 5.16398
72.90000 2738 5.23424
72.91000 2704 5.19875
72.92000 2738 5.23424
72.93000 2696 5.19174
72.94000 2729 5.22708
72.95000 2684 5.1778
72.96000 2675 5.17088
72.97000 2673 5.17088
72.98000 2738 5.23424
72.99000 2747 5.24142
73.00000 2729 5.22708
73.01000 2763 5.25588
73.02000 2749 5.24142
73.03000 2760 5.25588
73.04000 2745 5.24142
73.05000 2758 5.24864
73.06000 2727 5.21996
73.07000 2734 5.22708
73.08000 2751 5.24142
73.09000 2739 5.23424
73.10000 2702 5.19875
73.11000 2694 5.19174
73.12000 2681 5.1778
73.13000 2652 5.15026
73.14000 2667 5.16398
73.15000 2673 5.17088
73.16000 2665 5.16398
73.17000 2693 5.19174
73.18000 2655 5.15026
73.19000 2669 5.16398
73.20000 2690 5.18476
73.21000 2678 5.1778
73.22000 2685 5.18476
73.23000 2702 5.19875
73.24000 2673 5.17088
73.25000 2653 5.15026
73.26000 2660 5.15711
73.27000 2734 5.22708
73.28000 2714 5.21286
73.29000 2721 5.21286
73.30000 2705 5.19875
73.31000 2675 5.17088
73.32000 2658 5.15711
73.33000 2644 5.14344
73.34000 2656 5.15026
73.35000 2639 5.13665
73.36000 2666 5.16398
73.37000 2646 5.14344
73.38000 2692 5.19174
73.39000 2664 5.16398
73.40000 2703 5.19875
73.41000 2690 5.18476
73.42000 2684 5.1778
73.43000 2720 5.21286
73.44000 2698 5.19174
73.45000 2684 5.1778
73.46000 2668 5.16398
73.47000 2716 5.21286
73.48000 2695 5.19174
73.49000 2684 5.1778
73.50000 2677 5.17088
73.51000 2747 5.24142
73.52000 2760 5.25588
73.53000 2749 5.24142
73.54000 2739 5.23424
73.55000 2730 5.22708
73.56000 2760 5.25588
73.57000 2752 5.24864
73.58000 2795 5.28516
73.59000 2791 5.28516
73.60000 2805 5.29256
73.61000 2820 5.30745
73.62000 2815 5.30745
73.63000 2770 5.26316
73.64000 2783 5.2778
73.65000 2830 5.32246
73.66000 2858 5.34522
73.67000 2857 5.34522
73.68000 2814 5.30745
73.69000 2736 5.23424
73.70000 2756 5.24864
73.71000 2831 5.32246
73.72000 2799 5.29256
73.73000 2811 5.29999
73.74000 2840 5.33002
73.75000 2809 5.29999
73.76000 2775 5.27046
73.77000 2769 5.26316
73.78000 2756 5.24864
73.79000 2782 5.2778
73.80000 2769 5.26316
73.81000 2804 5.29256
73.82000 2762 5.25588
73.83000 2751 5.24142
73.84000 2773 5.26316
73.85000 2775 5.27046
73.86000 2712 5.20579
73.87000 2710 5.20579
73.88000 2763 5.25588
73.89000 2742 5.23424
73.90000 2735 5.22708
73.91000 2753 5.24864
73.92000 2759 5.25588
73.93000 2701 5.19875
73.94000 2718 5.21286
73.95000 2730 5.22708
73.96000 2738 5.23424
73.97000 2723 5.21996
73.98000 2791 5.28516
73.99000 2765 5.25588
74.00000 2778 5.27046
74.01000 2744 5.24142
74.02000 2764 5.25588
74.03000 2740 5.23424
74.04000 2729 5.22708
74.05000 2755 5.24864
74.06000 2808 5.29999
74.07000 2808 5.29999
74.08000 2770 5.26316
74.09000 2733 5.22708
74.10000 2749 5.24142
74.11000 2731 5.22708
74.12000 2760 5.25588
74.13000 2794 5.28516
74.14000 2805 5.29256
74.15000 2789 5.2778
74.16000 2794 5.28516
74.17000 2729 5.22708
74.18000 2776 5.27046
74.19000 2796 5.28516
74.20000 2784 5.2778
74.21000 2779 5.27046
74.22000 2800 5.29256
74.23000 2810 5.29999
74.24000 2762 5.25588
74.25000 2774 5.27046
74.26000 2779 5.27046
74.27000 2812 5.29999
74.28000 2794 5.28516
74.29000 2762 5.25588
74.30000 2783 5.2778
74.31000 2795 5.28516
74.32000 2847 5.33761
74.33000 2816 5.30745
74.34000 2786 5.2778
74.35000 2771 5.26316
74.36000 2789 5.2778
74.37000 2817 5.30745
74.38000 2802 5.29256
74.39000 2761 5.25588
74.40000 2796 5.28516
74.41000 2819 5.30745
74.42000 2780 5.27046
74.43000 2810 5.29999
74.44000 2825 5.31494
74.45000 2813 5.30745
74.46000 2833 5.32246
74.47000 2846 5.33761
74.48000 2855 5.34522
74.49000 2866 5.35288
74.50000 2850 5.33761
74.51000 2844 5.33002
74.52000 2868 5.35288
74.53000 2819 5.30745
74.54000 2850 5.33761
74.55000 2842 5.33002
74.56000 2811 5.29999
74.57000 2795 5.28516
74.58000 2800 5.29256
74.59000 2802 5.29256
74.60000 2783 5.2778
74.61000 2812 5.29999
74.62000 2848 5.33761
74.63000 2840 5.33002
74.64000 2829 5.32246
74.65000 2773 5.26316
74.66000 2795 5.28516
74.67000 2787 5.2778
74.68000 2828 5.31494
74.69000 2812 5.29999
74.70000 2768 5.26316
74.71000 2794 5.28516
74.72000 2805 5.29256
74.73000 2807 5.29999
74.74000 2814 5.30745
74.75000 2814 5.30745
74.76000 2833 5.32246
74.77000 2844 5.33002
74.78000 2802 5.29256
74.79000 2775 5.27046
74.80000 2782 5.2778
74.81000 2785 5.2778
74.82000 2792 5.28516
74.83000 2798 5.29256
74.84000 2819 5.30745
74.85000 2811 5.29999
74.86000 2837 5.33002
74.87000 2768 5.26316
74.88000 2748 5.24142
74.89000 2768 5.26316
74.90000 2837 5.33002
74.91000 2784 5.2778
74.92000 2760 5.25588
74.93000 2814 5.30745
74.94000 2822 5.31494
74.95000 2745 5.24142
74.96000 2752 5.24864
74.97000 2748 5.24142
74.98000 2844 5.33002
74.99000 2790 5.28516
75.00000 2757 5.24864
75.01000 2756 5.24864
75.02000 2778 5.27046
75.03000 2734 5.22708
75.04000 2790 5.28516
75.05000 2759 5.25588
75.06000 2773 5.26316
75.07000 2758 5.24864
75.08000 2775 5.27046
75.09000 2782 5.2778
75.10000 2742 5.23424
75.11000 2767 5.26316
75.12000 2767 5.26316
75.13000 2774 5.27046
75.14000 2751 5.24142
75.15000 2765 5.25588
75.16000 2765 5.25588
75.17000 2738 5.23424
75.18000 2733 5.22708
75.19000 2782 5.2778
75.20000 2779 5.27046
75.21000 2785 5.2778
75.22000 2791 5.28516
75.23000 2735 5.22708
75.24000 2726 5.21996
75.25000 2728 5.21996
75.26000 2771 5.26316
75.27000 2821 5.31494
75.28000 2800 5.29256
75.29000 2745 5.24142
75.30000 2737 5.23424
75.31000 2756 5.24864
75.32000 2746 5.24142
75.33000 2771 5.26316
75.34000 2791 5.28516
75.35000 2786 5.2778
75.36000 2772 5.26316
75.37000 2776 5.27046
75.38000 2838 5.33002
75.39000 2793 5.28516
75.40000 2819 5.30745
75.41000 2797 5.28516
75.42000 2812 5.29999
75.43000 2803 5.29256
75.44000 2802 5.29256
75.45000 2836 5.32246
75.46000 2784 5.2778
75.47000 2809 5.29999
75.48000 2811 5.29999
75.49000 2766 5.25588
75.50000 2738 5.23424
75.51000 2765 5.25588
75.52000 2803 5.29256
75.53000 2805 5.29256
75.54000 2791 5.28516
75.55000 2782 5.2778
75.56000 2779 5.27046
75.57000 2782 5.2778
75.58000 2790 5.28516
75.59000 2769 5.26316
75.60000 2803 5.29256
75.61000 2797 5.28516
75.62000 2845 5.33761
75.63000 2842 5.33002
75.64000 2853 5.33761
75.65000 2815 5.30745
75.66000 2868 5.35288
75.67000 2846 5.33761
75.68000 2820 5.30745
75.69000 2772 5.26316
75.70000 2709 5.20579
75.71000 2765 5.25588
75.72000 2757 5.24864
75.73000 2728 5.21996
75.74000 2745 5.24142
75.75000 2776 5.27046
75.76000 2775 5.27046
75.77000 2738 5.23424
75.78000 2696 5.19174
75.79000 2694 5.19174
75.80000 2727 5.21996
75.81000 2810 5.29999
75.82000 2820 5.30745
75.83000 2782 5.2778
75.84000 2779 5.27046
75.85000 2807 5.29999
75.86000 2809 5.29999
75.87000 2746 5.24142
75.88000 2754 5.24864
75.89000 2809 5.29999
75.90000 2823 5.31494
75.91000 2796 5.28516
75.92000 2830 5.32246
75.93000 2863 5.35288
75.94000 2804 5.29256
75.95000 2761 5.25588
75.96000 2767 5.26316
75.97000 2769 5.26316
75.98000 2796 5.28516
75.99000 2819 5.30745
76.00000 2771 5.26316
76.01000 2796 5.28516
76.02000 2824 5.31494
76.03000 2791 5.28516
76.04000 2828 5.31494
76.05000 2808 5.29999
76.06000 2787 5.2778
76.07000 2802 5.29256
76.08000 2808 5.29999
76.09000 2888 5.37603
76.10000 2824 5.31494
76.11000 2801 5.29256
76.12000 2791 5.28516
76.13000 2762 5.25588
76.14000 2740 5.23424
76.15000 2776 5.27046
76.16000 2802 5.29256
76.17000 2810 5.29999
76.18000 2814 5.30745
76.19000 2783 5.2778
76.20000 2748 5.24142
76.21000 2773 5.26316
76.22000 2794 5.28516
76.23000 2758 5.24864
76.24000 2772 5.26316
76.25000 2814 5.30745
76.26000 2784 5.2778
76.27000 2763 5.25588
76.28000 2747 5.24142
76.29000 2787 5.2778
76.30000 2843 5.33002
76.31000 2786 5.2778
76.32000 2766 5.25588
76.33000 2756 5.24864
76.34000 2751 5.24142
76.35000 2746 5.24142
76.36000 2771 5.26316
76.37000 2816 5.30745
76.38000 2776 5.27046
76.39000 2760 5.25588
76.40000 2749 5.24142
76.41000 2797 5.28516
76.42000 2769 5.26316
76.43000 2764 5.25588
76.44000 2746 5.24142
76.45000 2756 5.24864
76.46000 2773 5.26316
76.47000 2763 5.25588
76.48000 2792 5.28516
76.49000 2833 5.32246
76.50000 2816 5.30745
76.51000 2783 5.2778
76.52000 2793 5.28516
76.53000 2731 5.22708
76.54000 2738 5.23424
76.55000 2725 5.21996
76.56000 2762 5.25588
76.57000 2777 5.27046
76.58000 2744 5.24142
76.59000 2744 5.24142
76.60000 2764 5.25588
76.61000 2791 5.28516
76.62000 2760 5.25588
76.63000 2712 5.20579
76.64000 2780 5.27046
76.65000 2778 5.27046
76.66000 2755 5.24864
76.67000 2806 5.29999
76.68000 2791 5.28516
76.69000 2802 5.29256
76.70000 2802 5.29256
76.71000 2789 5.2778
76.72000 2807 5.29999
76.73000 2779 5.27046
76.74000 2849 5.33761
76.75000 2815 5.30745
76.76000 2770 5.26316
76.77000 2806 5.29999
76.78000 2826 5.31494
76.79000 2813 5.30745
76.80000 2814 5.30745
76.81000 2774 5.27046
76.82000 2777 5.27046
76.83000 2829 5.32246
76.84000 2843 5.33002
76.85000 2853 5.33761
76.86000 2844 5.33002
76.87000 2825 5.31494
76.88000 2837 5.33002
76.89000 2853 5.33761
76.90000 2853 5.33761
76.91000 2876 5.36056
76.92000 2865 5.35288
76.93000 2836 5.32246
76.94000 2820 5.30745
76.95000 2839 5.33002
76.96000 2828 5.31494
76.97000 2862 5.35288
76.98000 2874 5.36056
76.99000 2852 5.33761
77.00000 2864 5.35288
77.01000 2835 5.32246
77.02000 2802 5.29256
77.03000 2812 5.29999
77.04000 2808 5.29999
77.05000 2846 5.33761
77.06000 2805 5.29256
77.07000 2777 5.27046
77.08000 2777 5.27046
77.09000 2796 5.28516
77.10000 2771 5.26316
77.11000 2808 5.29999
77.12000 2769 5.26316
77.13000 2781 5.27046
77.14000 2800 5.29256
77.15000 2819 5.30745
77.16000 2808 5.29999
77.17000 2822 5.31494
77.18000 2816 5.30745
77.19000 2843 5.33002
77.20000 2828 5.31494
77.21000 2842 5.33002
77.22000 2861 5.34522
77.23000 2853 5.33761
77.24000 2821 5.31494
77.25000 2849 5.33761
77.26000 2850 5.33761
77.27000 2851 5.33761
77.28000 2863 5.35288
77.29000 2812 5.29999
77.30000 2801 5.29256
77.31000 2790 5.28516
77.32000 2809 5.29999
77.33000 2790 5.28516
77.34000 2811 5.29999
77.35000 2810 5.29999
77.36000 2858 5.34522
77.37000 2813 5.30745
77.38000 2753 5.24864
77.39000 2824 5.31494
77.40000 2819 5.30745
77.41000 2859 5.34522
77.42000 2832 5.32246
77.43000 2804 5.29256
77.44000 2823 5.31494
77.45000 2835 5.32246
77.46000 2805 5.29256
77.47000 2846 5.33761
77.48000 2797 5.28516
77.49000 2783 5.2778
77.50000 2785 5.2778
77.51000 2782 5.2778
77.52000 2813 5.30745
77.53000 2812 5.29999
77.54000 2820 5.30745
77.55000 2787 5.2778
77.56000 2828 5.31494
77.57000 2751 5.24142
77.58000 2777 5.27046
77.59000 2809 5.29999
77.60000 2820 5.30745
77.61000 2811 5.29999
77.62000 2799 5.29256
77.63000 2854 5.34522
77.64000 2826 5.31494
77.65000 2821 5.31494
77.66000 2821 5.31494
77.67000 2783 5.2778
77.68000 2793 5.28516
77.69000 2833 5.32246
77.70000 2840 5.33002
77.71000 2831 5.32246
77.72000 2818 5.30745
77.73000 2843 5.33002
77.74000 2847 5.33761
77.75000 2845 5.33761
77.76000 2851 5.33761
77.77000 2862 5.35288
77.78000 2820 5.30745
77.79000 2805 5.29256
77.80000 2832 5.32246
77.81000 2861 5.34522
77.82000 2861 5.34522
77.83000 2864 5.35288
77.84000 2869 5.35288
77.85000 2873 5.36056
77.86000 2896 5.38382
77.87000 2904 5.39164
77.88000 2909 5.39164
77.89000 2931 5.4153
77.90000 2932 5.4153
77.91000 2924 5.40738
77.92000 2903 5.39164
77.93000 2898 5.38382
77.94000 2857 5.34522
77.95000 2837 5.33002
77.96000 2852 5.33761
77.97000 2872 5.36056
77.98000 2878 5.36828
77.99000 2918 5.39949
78.00000 2873 5.36056
78.01000 2870 5.36056
78.02000 2900 5.38382
78.03000 2922 5.40738
78.04000 2892 5.37603
78.05000 2872 5.36056
78.06000 2826 5.31494
78.07000 2869 5.35288
78.08000 2903 5.39164
78.09000 2932 5.4153
78.10000 2966 5.44735
78.11000 2949 5.43125
78.12000 2946 5.43125
78.13000 2899 5.38382
78.14000 2934 5.4153
78.15000 2911 5.39164
78.16000 2894 5.37603
78.17000 2891 5.37603
78.18000 2911 5.39164
78.19000 2945 5.42326
78.20000 2916 5.39949
78.21000 2949 5.43125
78.22000 2941 5.42326
78.23000 2958 5.43928
78.24000 2972 5.45545
78.25000 2909 5.39164
78.26000 2869 5.35288
78.27000 2892 5.37603
78.28000 2935 5.4153
78.29000 2953 5.43125
78.30000 2930 5.4153
78.31000 2882 5.36828
78.32000 2870 5.36056
78.33000 2912 5.39949
78.34000 2864 5.35288
78.35000 2893 5.37603
78.36000 2896 5.38382
78.37000 2875 5.36056
78.38000 2878 5.36828
78.39000 2873 5.36056
78.40000 2908 5.39164
78.41000 2882 5.36828
78.42000 2879 5.36828
78.43000 2933 5.4153
78.44000 2895 5.38382
78.45000 2815 5.30745
78.46000 2795 5.28516
78.47000 2809 5.29999
78.48000 2923 5.40738
78.49000 2867 5.35288
78.50000 2813 5.30745
78.51000 2853 5.33761
78.52000 2870 5.36056
78.53000 2861 5.34522
78.54000 2875 5.36056
78.55000 2871 5.36056
78.56000 2866 5.35288
78.57000 2865 5.35288
78.58000 2864 5.35288
78.59000 2870 5.36056
78.60000 2887 5.37603
78.61000 2881 5.36828
78.62000 2871 5.36056
78.63000 2856 5.34522
78.64000 2823 5.31494
78.65000 2860 5.34522
78.66000 2844 5.33002
78.67000 2883 5.36828
78.68000 2863 5.35288
78.69000 2841 5.33002
78.70000 2819 5.30745
78.71000 2849 5.33761
78.72000 2786 5.2778
78.73000 2842 5.33002
78.74000 2905 5.39164
78.75000 2892 5.37603
78.76000 2890 5.37603
78.77000 2864 5.35288
78.78000 2840 5.33002
78.79000 2815 5.30745
78.80000 2782 5.2778
78.81000 2825 5.31494
78.82000 2871 5.36056
78.83000 2865 5.35288
78.84000 2883 5.36828
78.85000 2948 5.43125
78.86000 2899 5.38382
78.87000 2904 5.39164
78.88000 2975 5.45545
78.89000 2868 5.35288
78.90000 2867 5.35288
78.91000 2884 5.36828
78.92000 2840 5.33002
78.93000 2884 5.36828
78.94000 2896 5.38382
78.95000 2933 5.4153
78.96000 2870 5.36056
78.97000 2847 5.33761
78.98000 2873 5.36056
78.99000 2879 5.36828
79.00000 2879 5.36828
79.01000 2878 5.36828
79.02000 2849 5.33761
79.03000 2833 5.32246
79.04000 2818 5.30745
79.05000 2867 5.35288
79.06000 2873 5.36056
79.07000 2952 5.43125
79.08000 2969 5.44735
79.09000 2946 5.43125
79.10000 2942 5.42326
79.11000 2874 5.36056
79.12000 2906 5.39164
79.13000 2891 5.37603
79.14000 2914 5.39949
79.15000 2938 5.42326
79.16000 2900 5.38382
79.17000 2913 5.39949
79.18000 2912 5.39949
79.19000 2896 5.38382
79.20000 2902 5.38382
79.21000 2861 5.34522
79.22000 2837 5.33002
79.23000 2839 5.33002
79.24000 2882 5.36828
79.25000 2892 5.37603
79.26000 2891 5.37603
79.27000 2908 5.39164
79.28000 2952 5.43125
79.29000 2923 5.40738
79.30000 2969 5.44735
79.31000 2994 5.47176
79.32000 2938 5.42326
79.33000 2959 5.43928
79.34000 2943 5.42326
79.35000 2936 5.4153
79.36000 2913 5.39949
79.37000 2886 5.36828
79.38000 2929 5.4153
79.39000 2891 5.37603
79.40000 2914 5.39949
79.41000 2873 5.36056
79.42000 2838 5.33002
79.43000 2859 5.34522
79.44000 2890 5.37603
79.45000 2912 5.39949
79.46000 2930 5.4153
79.47000 2925 5.40738
79.48000 2920 5.40738
79.49000 2931 5.4153
79.50000 2946 5.43125
79.51000 2936 5.4153
79.52000 2934 5.4153
79.53000 2930 5.4153
79.54000 2977 5.45545
79.55000 3034 5.50482
79.56000 2945 5.42326
79.57000 2950 5.43125
79.58000 3010 5.48821
79.59000 3000 5.47997
79.60000 2930 5.4153
79.61000 2963 5.44735
79.62000 2951 5.43125
79.63000 2959 5.43928
79.64000 2976 5.45545
79.65000 2957 5.43928
79.66000 2972 5.45545
79.67000 2952 5.43125
79.68000 2942 5.42326
79.69000 2988 5.46358
79.70000 2896 5.38382
79.71000 2901 5.38382
79.72000 2894 5.37603
79.73000 2886 5.36828
79.74000 2914 5.39949
79.75000 2917 5.39949
79.76000 2914 5.39949
79.77000 2953 5.43125
79.78000 2909 5.39164
79.79000 2921 5.40738
79.80000 2914 5.39949
79.81000 2876 5.36056
79.82000 2941 5.42326
79.83000 2965 5.44735
79.84000 2925 5.40738
79.85000 2899 5.38382
79.86000 2950 5.43125
79.87000 2945 5.42326
79.88000 2960 5.43928
79.89000 2966 5.44735
79.90000 2955 5.43928
79.91000 2928 5.40738
79.92000 2912 5.39949
79.93000 2940 5.42326
79.94000 2959 5.43928
79.95000 2936 5.4153
79.96000 2923 5.40738
79.97000 2925 5.40738
79.98000 2929 5.4153
79.99000 2886 5.36828
80.00000 2917 5.39949
80.01000 2927 5.40738
80.02000 2920 5.40738
80.03000 2924 5.40738
80.04000 2961 5.43928
80.05000 2932 5.4153
80.06000 2953 5.43125
80.07000 2951 5.43125
80.08000 3016 5.48821
80.09000 2976 5.45545
80.10000 2954 5.43125
80.11000 2949 5.43125
80.12000 2962 5.43928
80.13000 2925 5.40738
80.14000 2879 5.36828
80.15000 2915 5.39949
80.16000 2980 5.45545
80.17000 2970 5.44735
80.18000 2992 5.47176
80.19000 3017 5.4965
80.20000 2956 5.43928
80.21000 2923 5.40738
80.22000 2951 5.43125
80.23000 2933 5.4153
80.24000 2932 5.4153
80.25000 2973 5.45545
80.26000 2956 5.43928
80.27000 2995 5.47176
80.28000 2981 5.46358
80.29000 3011 5.48821
80.30000 2980 5.45545
80.31000 2976 5.45545
80.32000 2934 5.4153
80.33000 2966 5.44735
80.34000 2989 5.46358
80.35000 2984 5.46358
80.36000 2984 5.46358
80.37000 2992 5.47176
80.38000 3050 5.52158
80.39000 3027 5.50482
80.40000 3008 5.48821
80.41000 2977 5.45545
80.42000 3011 5.48821
80.43000 3046 5.52158
80.44000 3050 5.52158
80.45000 3087 5.55556
80.46000 3084 5.55556
80.47000 3029 5.50482
80.48000 3089 5.55556
80.49000 3086 5.55556
80.50000 3089 5.55556
80.51000 3037 5.51318
80.52000 3040 5.51318
80.53000 3076 5.547
80.54000 3051 5.52158
80.55000 3075 5.547
80.56000 3081 5.547
80.57000 3102 5.57278
80.58000 3073 5.547
80.59000 3046 5.52158
80.60000 3026 5.50482
80.61000 3034 5.50482
80.62000 3042 5.51318
80.63000 3029 5.50482
80.64000 3047 5.52158
80.65000 3085 5.55556
80.66000 3083 5.55556
80.67000 3058 5.53001
80.68000 3040 5.51318
80.69000 3041 5.51318
80.70000 3056 5.53001
80.71000 3063 5.53849
80.72000 3042 5.51318
80.73000 3066 5.53849
80.74000 3103 5.57278
80.75000 3114 5.58146
80.76000 3079 5.547
80.77000 3063 5.53849
80.78000 3090 5.55556
80.79000 3083 5.55556
80.80000 3024 5.4965
80.81000 3050 5.52158
80.82000 3095 5.56415
80.83000 3077 5.547
80.84000 3026 5.50482
80.85000 3061 5.53001
80.86000 3084 5.55556
80.87000 3082 5.55556
80.88000 3092 5.56415
80.89000 3126 5.59017
80.90000 3092 5.56415
80.91000 3038 5.51318
80.92000 3042 5.51318
80.93000 3030 5.50482
80.94000 3067 5.53849
80.95000 3060 5.53001
80.96000 3023 5.4965
80.97000 3073 5.547
80.98000 3111 5.58146
80.99000 3053 5.52158
81.00000 3078 5.547
81.01000 3067 5.53849
81.02000 3033 5.50482
81.03000 3059 5.53001
81.04000 3075 5.547
81.05000 3105 5.57278
81.06000 3113 5.58146
81.07000 3084 5.55556
81.08000 3103 5.57278
81.09000 3097 5.56415
81.10000 3087 5.55556
81.11000 3092 5.56415
81.12000 3048 5.52158
81.13000 3132 5.59893
81.14000 3133 5.59893
81.15000 3163 5.62544
81.16000 3131 5.59893
81.17000 3182 5.64333
81.18000 3191 5.65233
81.19000 3190 5.65233
81.20000 3148 5.60772
81.21000 3201 5.66139
81.22000 3170 5.63436
81.23000 3115 5.58146
81.24000 3070 5.53849
81.25000 3131 5.59893
81.26000 3120 5.58146
81.27000 3102 5.57278
81.28000 3080 5.547
81.29000 3103 5.57278
81.30000 3091 5.55556
81.31000 3150 5.61656
81.32000 3108 5.57278
81.33000 3116 5.58146
81.34000 3094 5.56415
81.35000 3129 5.59017
81.36000 3192 5.65233
81.37000 3146 5.60772
81.38000 3134 5.59893
81.39000 3097 5.56415
81.40000 3096 5.56415
81.41000 3098 5.56415
81.42000 3141 5.60772
81.43000 3100 5.56415
81.44000 3159 5.61656
81.45000 3140 5.60772
81.46000 3103 5.57278
81.47000 3154 5.61656
81.48000 3120 5.58146
81.49000 3085 5.55556
81.50000 3127 5.59017
81.51000 3127 5.59017
81.52000 3140 5.60772
81.53000 3114 5.58146
81.54000 3149 5.60772
81.55000 3142 5.60772
81.56000 3160 5.62544
81.57000 3193 5.65233
81.58000 3163 5.62544
81.59000 3135 5.59893
81.60000 3158 5.61656
81.61000 3126 5.59017
81.62000 3119 5.58146
81.63000 3103 5.57278
81.64000 3139 5.59893
81.65000 3183 5.64333
81.66000 3215 5.67048
81.67000 3204 5.66139
81.68000 3215 5.67048
81.69000 3197 5.65233
81.70000 3189 5.64333
81.71000 3217 5.67048
81.72000 3240 5.6888
81.73000 3291 5.73539
81.74000 3216 5.67048
81.75000 3234 5.6888
81.76000 3230 5.67962
81.77000 3245 5.69803
81.78000 3255 5.7073
81.79000 3214 5.67048
81.80000 3240 5.6888
81.81000 3270 5.71662
81.82000 3208 5.66139
81.83000 3207 5.66139
81.84000 3188 5.64333
81.85000 3174 5.63436
81.86000 3181 5.64333
81.87000 3205 5.66139
81.88000 3181 5.64333
81.89000 3163 5.62544
81.90000 3186 5.64333
81.91000 3147 5.60772
81.92000 3142 5.60772
81.93000 3178 5.63436
81.94000 3187 5.64333
81.95000 3230 5.67962
81.96000 3206 5.66139
81.97000 3161 5.62544
81.98000 3140 5.60772
81.99000 3175 5.63436
82.00000 3199 5.65233
82.01000 3166 5.62544
82.02000 3150 5.61656
82.03000 3136 5.59893
82.04000 3157 5.61656
82.05000 3138 5.59893
82.06000 3228 5.67962
82.07000 3182 5.64333
82.08000 3162 5.62544
82.09000 3109 5.57278
82.10000 3141 5.60772
82.11000 3110 5.57278
82.12000 3157 5.61656
82.13000 3153 5.61656
82.14000 3134 5.59893
82.15000 3127 5.59017
82.16000 3119 5.58146
82.17000 3107 5.57278
82.18000 3123 5.59017
82.19000 3131 5.59893
82.20000 3164 5.62544
82.21000 3152 5.61656
82.22000 3130 5.59893
82.23000 3072 5.53849
82.24000 3076 5.547
82.25000 3058 5.53001
82.26000 3110 5.57278
82.27000 3151 5.61656
82.28000 3147 5.60772
82.29000 3151 5.61656
82.30000 3148 5.60772
82.31000 3164 5.62544
82.32000 3161 5.62544
82.33000 3118 5.58146
82.34000 3100 5.56415
82.35000 3094 5.56415
82.36000 3087 5.55556
82.37000 3139 5.59893
82.38000 3102 5.57278
82.39000 3115 5.58146
82.40000 3111 5.58146
82.41000 3081 5.547
82.42000 3069 5.53849
82.43000 3084 5.55556
82.44000 3111 5.58146
82.45000 3134 5.59893
82.46000 3111 5.58146
82.47000 3148 5.60772
82.48000 3107 5.57278
82.49000 3070 5.53849
82.50000 3103 5.57278
82.51000 3128 5.59017
82.52000 3112 5.58146
82.53000 3167 5.62544
82.54000 3203 5.66139
82.55000 3121 5.59017
82.56000 3066 5.53849
82.57000 3114 5.58146
82.58000 3067 5.53849
82.59000 3069 5.53849
82.60000 3149 5.60772
82.61000 3087 5.55556
82.62000 3067 5.53849
82.63000 3047 5.52158
82.64000 3083 5.55556
82.65000 3043 5.51318
82.66000 3074 5.547
82.67000 3078 5.547
82.68000 3087 5.55556
82.69000 3101 5.57278
82.70000 3071 5.53849
82.71000 3065 5.53849
82.72000 3105 5.57278
82.73000 3101 5.57278
82.74000 3043 5.51318
82.75000 3065 5.53849
82.76000 3091 5.55556
82.77000 3049 5.52158
82.78000 3051 5.52158
82.79000 3055 5.53001
82.80000 2968 5.44735
82.81000 3042 5.51318
82.82000 3080 5.547
82.83000 3097 5.56415
82.84000 3048 5.52158
82.85000 3023 5.4965
82.86000 3043 5.51318
82.87000 3011 5.48821
82.88000 3020 5.4965
82.89000 3014 5.48821
82.90000 3061 5.53001
82.91000 3060 5.53001
82.92000 3027 5.50482
82.93000 3050 5.52158
82.94000 3047 5.52158
82.95000 3139 5.59893
82.96000 3086 5.55556
82.97000 3010 5.48821
82.98000 3034 5.50482
82.99000 3038 5.51318
83.00000 3025 5.4965
83.01000 3055 5.53001
83.02000 3076 5.547
83.03000 3041 5.51318
83.04000 3041 5.51318
83.05000 3101 5.57278
83.06000 3061 5.53001
83.07000 3011 5.48821
83.08000 2990 5.47176
83.09000 3018 5.4965
83.10000 3021 5.4965
83.11000 2988 5.46358
83.12000 3003 5.47997
83.13000 2969 5.44735
83.14000 3035 5.51318
83.15000 3040 5.51318
83.16000 3019 5.4965
83.17000 3006 5.47997
83.18000 2976 5.45545
83.19000 3038 5.51318
83.20000 3071 5.53849
83.21000 3029 5.50482
83.22000 2991 5.47176
83.23000 3016 5.48821
83.24000 3020 5.4965
83.25000 3015 5.48821
83.26000 3001 5.47997
83.27000 3006 5.47997
83.28000 3031 5.50482
83.29000 2997 5.47176
83.30000 2980 5.45545
83.31000 2974 5.45545
83.32000 3022 5.4965
83.33000 3003 5.47997
83.34000 2976 5.45545
83.35000 2990 5.47176
83.36000 3009 5.48821
83.37000 2972 5.45545
83.38000 2983 5.46358
83.39000 3029 5.50482
83.40000 2944 5.42326
83.41000 2980 5.45545
83.42000 2938 5.42326
83.43000 2930 5.4153
83.44000 2959 5.43928
83.45000 2942 5.42326
83.46000 2913 5.39949
83.47000 2914 5.39949
83.48000 2907 5.39164
83.49000 2943 5.42326
83.50000 2914 5.39949
83.51000 2942 5.42326
83.52000 2979 5.45545
83.53000 2948 5.43125
83.54000 2949 5.43125
83.55000 2927 5.40738
83.56000 2960 5.43928
83.57000 3017 5.4965
83.58000 2978 5.45545
83.59000 2981 5.46358
83.60000 3021 5.4965
83.61000 3006 5.47997
83.62000 3024 5.4965
83.63000 3024 5.4965
83.64000 2970 5.44735
83.65000 3039 5.51318
83.66000 3050 5.52158
83.67000 3081 5.547
83.68000 3047 5.52158
83.69000 3023 5.4965
83.70000 3019 5.4965
83.71000 3001 5.47997
83.72000 3011 5.48821
83.73000 2991 5.47176
83.74000 2959 5.43928
83.75000 3001 5.47997
83.76000 3000 5.47997
83.77000 2960 5.43928
83.78000 2965 5.44735
83.79000 3011 5.48821
83.80000 2997 5.47176
83.81000 2986 5.46358
83.82000 3026 5.50482
83.83000 3002 5.47997
83.84000 3029 5.50482
83.85000 2998 5.47176
83.86000 3010 5.48821
83.87000 2996 5.47176
83.88000 3040 5.51318
83.89000 2997 5.47176
83.90000 3009 5.48821
83.91000 3034 5.50482
83.92000 3054 5.53001
83.93000 3035 5.51318
83.94000 3036 5.51318
83.95000 3031 5.50482
83.96000 3088 5.55556
83.97000 3073 5.547
83.98000 3038 5.51318
83.99000 3034 5.50482
84.00000 3017 5.4965
84.01000 3026 5.50482
84.02000 3016 5.48821
84.03000 2995 5.47176
84.04000 2990 5.47176
84.05000 3006 5.47997
84.06000 2978 5.45545
84.07000 3018 5.4965
84.08000 3029 5.50482
84.09000 2994 5.47176
84.10000 2995 5.47176
84.11000 2986 5.46358
84.12000 3012 5.48821
84.13000 3019 5.4965
84.14000 3022 5.4965
84.15000 3059 5.53001
84.16000 3107 5.57278
84.17000 3086 5.55556
84.18000 3030 5.50482
84.19000 3077 5.547
84.20000 3086 5.55556
84.21000 3019 5.4965
84.22000 3035 5.51318
84.23000 3021 5.4965
84.24000 3055 5.53001
84.25000 3097 5.56415
84.26000 3094 5.56415
84.27000 3093 5.56415
84.28000 3116 5.58146
84.29000 3080 5.547
84.30000 3147 5.60772
84.31000 3130 5.59893
84.32000 3092 5.56415
84.33000 3018 5.4965
84.34000 3013 5.48821
84.35000 2972 5.45545
84.36000 3036 5.51318
84.37000 3063 5.53849
84.38000 3071 5.53849
84.39000 3053 5.52158
84.40000 3038 5.51318
84.41000 3057 5.53001
84.42000 3084 5.55556
84.43000 3102 5.57278
84.44000 3048 5.52158
84.45000 3034 5.50482
84.46000 3001 5.47997
84.47000 3084 5.55556
84.48000 3049 5.52158
84.49000 3024 5.4965
84.50000 3004 5.47997
84.51000 3020 5.4965
84.52000 3028 5.50482
84.53000 3044 5.51318
84.54000 2976 5.45545
84.55000 2951 5.43125
84.56000 2953 5.43125
84.57000 2960 5.43928
84.58000 2981 5.46358
84.59000 2982 5.46358
84.60000 2972 5.45545
84.61000 3013 5.48821
84.62000 3023 5.4965
84.63000 3050 5.52158
84.64000 3020 5.4965
84.65000 3064 5.53849
84.66000 3022 5.4965
84.67000 3029 5.50482
84.68000 2998 5.47176
84.69000 2979 5.45545
84.70000 3021 5.4965
84.71000 3017 5.4965
84.72000 2998 5.47176
84.73000 3032 5.50482
84.74000 2964 5.44735
84.75000 2962 5.43928
84.76000 2992 5.47176
84.77000 3008 5.48821
84.78000 2969 5.44735
84.79000 2929 5.4153
84.80000 2954 5.43125
84.81000 2971 5.44735
84.82000 3007 5.47997
84.83000 3006 5.47997
84.84000 2993 5.47176
84.85000 2999 5.47997
84.86000 2977 5.45545
84.87000 2983 5.46358
84.88000 2959 5.43928
84.89000 2982 5.46358
84.90000 3002 5.47997
84.91000 3008 5.48821
84.92000 3011 5.48821
84.93000 2997 5.47176
84.94000 2965 5.44735
84.95000 2945 5.42326
84.96000 2998 5.47176
84.97000 3018 5.4965
84.98000 2988 5.46358
84.99000 2982 5.46358
85.00000 2964 5.44735
