# columns: two_theta_deg intensity sigma
2.01500 7221.31 0.154506
2.01900 7163.53 0.154377
2.02300 7209.53 0.153956
2.02700 7198.4 0.154065
2.03100 7195.47 0.154083
2.03500 7153.53 0.154469
2.03900 7146.4 0.154543
2.04300 7176.06 0.154932
2.04700 7173.67 0.154285
2.05100 7166.07 0.154358
2.05500 7212.13 0.153937
2.05900 7212 0.153937
2.06300 7181.47 0.154212
2.06700 7176 0.154267
2.07100 7164.6 0.154377
2.07500 7196.2 0.154083
2.07900 7131.33 0.154691
2.08300 7144.93 0.154561
2.08700 7176.67 0.154267
2.09100 7128.07 0.154709
2.09500 7152.71 0.153737
2.09900 7120.14 0.154047
2.10300 7174.71 0.153538
2.10700 7155.79 0.153719
2.11100 7141.57 0.153846
2.11500 7150.79 0.153755
2.11900 7148.36 0.153773
2.12300 7166.64 0.15361
2.12700 7108.14 0.154157
2.13100 7127.71 0.153974
2.13500 7187.86 0.153411
2.13900 7157.29 0.153701
2.14300 7080.86 0.154414
2.14700 7130.79 0.153937
2.15100 7110.93 0.154876
2.15500 7136.21 0.153901
2.15900 7152.64 0.153737
2.16300 7159.14 0.153683
2.16700 7155.57 0.153719
2.17100 7156.79 0.153701
2.17500 7150.14 0.153773
2.17900 7142.93 0.153828
2.18300 7121.14 0.154029
2.18700 7174.29 0.153538
2.19100 7120.29 0.154047
2.19500 7156.5 0.153701
2.19900 7150 0.153773
2.20300 7147.64 0.153792
2.20700 7146.29 0.153792
2.21100 7123.07 0.15401
2.21500 7162.5 0.153646
2.21900 7135 0.153901
2.22300 7090.73 0.155062
2.22700 7109.93 0.154876
2.23100 7087.36 0.15434
2.23500 7099.93 0.154969
2.23900 7083.27 0.155137
2.24300 7087.07 0.154358
2.24700 7119 0.154047
2.25100 7156.43 0.153701
2.25500 7134.93 0.153901
2.25900 7161.64 0.153664
2.26300 7100.5 0.15423
2.26700 7094.21 0.154285
2.27100 7062.79 0.15458
2.27500 7056 0.154635
2.27900 7099.57 0.15423
2.28300 7112.86 0.154102
2.28700 7121.36 0.154029
2.29100 7105.93 0.154175
2.29500 7133.93 0.153919
2.29900 7106.71 0.154175
2.30300 7109.93 0.154138
2.30700 7065.86 0.154543
2.31100 7092.71 0.154303
2.31500 7133.71 0.153919
2.31900 7073.43 0.154469
2.32300 7097.43 0.154248
2.32700 7111.43 0.15412
2.33100 7053.79 0.154654
2.33500 7110.5 0.154138
2.33900 7097.64 0.154248
2.34300 7061.29 0.154598
2.34700 7106.21 0.154175
2.35100 7115.43 0.154083
2.35500 7036 0.15482
2.35900 7095.73 0.155025
2.36300 7054 0.154654
2.36700 7129.64 0.153956
2.37100 7053.93 0.154654
2.37500 7077.21 0.154451
2.37900 7065.43 0.154543
2.38300 7102.64 0.154212
2.38700 7086.07 0.154358
2.39100 7010.79 0.155062
2.39500 7071.86 0.154487
2.39900 7122.93 0.15401
2.40300 7063 0.15458
2.40700 7060.43 0.154598
2.41100 7047.14 0.154728
2.41500 7105.93 0.154175
2.41900 7043 0.154765
2.42300 7058.93 0.154617
2.42700 7099.07 0.15423
2.43100 7053.5 0.154672
2.43500 7006.93 0.155099
2.43900 7065.29 0.154561
2.44300 7067.71 0.154524
2.44700 7053.14 0.154672
2.45100 7090.71 0.154322
2.45500 7057.79 0.154617
2.45900 7041.57 0.154783
2.46300 7020.29 0.154969
2.46700 7095 0.154285
2.47100 7123.71 0.15401
2.47500 7101.73 0.15495
2.47900 7078.57 0.154432
2.48300 7070.8 0.155249
2.48700 7081.29 0.154395
2.49100 7078.21 0.154432
2.49500 7058.21 0.154617
2.49900 7034.77 0.153992
2.50300 7058.5 0.154617
2.50700 7022.46 0.154102
2.51100 7082.69 0.153556
2.51500 7095.69 0.153429
2.51900 7118.38 0.153213
2.52300 7070.15 0.153664
2.52700 7127.54 0.153141
2.53100 7037.85 0.153956
2.53500 7044.85 0.153901
2.53900 7063.08 0.153737
2.54300 7068.64 0.154524
2.54700 7065.38 0.153701
2.55100 7035.08 0.153992
2.55500 7052.92 0.153828
2.55900 7010.38 0.154212
2.56300 7047.69 0.153864
2.56700 7060.38 0.153755
2.57100 7020.2 0.155738
2.57500 6974.36 0.155417
2.57900 6993.86 0.15523
2.58300 6975.57 0.155399
2.58700 6984.4 0.156079
2.59100 6996.57 0.155193
2.59500 6980.71 0.155342
2.59900 7067.5 0.154524
2.60300 7033.43 0.154857
2.60700 7009.29 0.155081
2.61100 6973.43 0.155417
2.61500 7040.14 0.154783
2.61900 6942.21 0.155719
2.62300 7001.86 0.155155
2.62700 6999.71 0.155174
2.63100 7026.27 0.155681
2.63500 7002.57 0.155137
2.63900 7047.5 0.154728
2.64300 7053.86 0.154654
2.64700 7035.64 0.154839
2.65100 6999.64 0.155174
2.65500 7017.36 0.155006
2.65900 7043.79 0.154746
2.66300 6992 0.155249
2.66700 7021.86 0.154969
2.67100 6982.21 0.155342
2.67500 7014.29 0.155025
2.67900 6972.5 0.155436
2.68300 7032.36 0.154857
2.68700 6948.36 0.155662
2.69100 6918.21 0.155946
2.69500 6978.07 0.15538
2.69900 6978.79 0.155361
2.70300 7063.5 0.154561
2.70700 7003.36 0.155137
2.71100 6948.57 0.155662
2.71500 6993.21 0.15523
2.71900 7000.86 0.155155
2.72300 6983.93 0.155324
2.72700 6977.64 0.15538
2.73100 6938.6 0.156518
2.73500 7000.8 0.155927
2.73900 7007.07 0.155099
2.74300 7015.71 0.155025
2.74700 6987.86 0.155286
2.75100 6961.86 0.15553
2.75500 6953.5 0.155606
2.75900 7028.21 0.154895
2.76300 6981.36 0.155342
2.76700 6957.21 0.155568
2.77100 6969.07 0.155455
2.77500 6947.71 0.155662
2.77900 7038.43 0.154802
2.78300 6947.5 0.155662
2.78700 6957.54 0.154709
2.79100 6990.62 0.154395
2.79500 6955.23 0.154728
2.79900 6994.07 0.15523
2.80300 6995.77 0.154358
2.80700 7009.92 0.15423
2.81100 7034 0.153992
2.81500 7032.92 0.15401
2.81900 6996.92 0.15434
2.82300 6923.08 0.155043
2.82700 6992.85 0.154377
2.83100 6961.54 0.154672
2.83500 7020.69 0.15412
2.83900 6992.23 0.154395
2.84300 6973.62 0.154561
2.84700 6923.38 0.155043
2.85100 6969.08 0.154598
2.85500 6955.43 0.155587
2.85900 6931.36 0.155832
2.86300 6977.71 0.15538
2.86700 6943.57 0.1557
2.87100 6923.57 0.155889
2.87500 6978.79 0.155361
2.87900 6980.43 0.155361
2.88300 6994.64 0.155211
2.88700 6949.21 0.155643
2.89100 6903.21 0.156098
2.89500 6963.79 0.155511
2.89900 6952 0.155624
2.90300 6984.64 0.155305
2.90700 6971.64 0.155436
2.91100 6905.86 0.15606
2.91500 6907.5 0.15606
2.91900 6908 0.156825
2.92300 6934 0.155794
2.92700 6911.5 0.156022
2.93100 6946 0.155681
2.93500 6930 0.155832
2.93900 6945.93 0.156441
2.94300 6944.86 0.1557
2.94700 6950.29 0.155643
2.95100 6981.79 0.155342
2.95500 6943 0.155719
2.95900 6966.53 0.15625
2.96300 7016.29 0.155006
2.96700 6997.79 0.155193
2.97100 6947.36 0.155662
2.97500 7048.71 0.154709
2.97900 7073.86 0.154469
2.98300 7080 0.154414
2.98700 7103.14 0.154193
2.99100 7004.71 0.155118
2.99500 6983.71 0.155324
2.99900 7005.07 0.155118
3.00300 6964.86 0.155511
3.00700 6956.5 0.155587
3.01100 6932.14 0.155813
3.01500 6979.93 0.156117
3.01900 6907 0.15606
3.02300 6944.5 0.1557
3.02700 6904.86 0.156079
3.03100 6926.14 0.15587
3.03500 6860.57 0.156499
3.03900 6897.64 0.156155
3.04300 6906.36 0.15606
3.04700 6911.93 0.156003
3.05100 6879.07 0.156326
3.05500 6902.36 0.156098
3.05900 6929.57 0.155832
3.06300 6893.36 0.156193
3.06700 6894 0.156174
3.07100 6924.43 0.155889
3.07500 6888.07 0.156231
3.07900 6906.21 0.15606
3.08300 6857.64 0.156537
3.08700 6925.93 0.15587
3.09100 6850.14 0.156614
3.09500 6871.92 0.15553
3.09900 6891.08 0.155342
3.10300 6891.38 0.155342
3.10700 6870.23 0.155549
3.11100 6920.46 0.155062
3.11500 6856.31 0.155681
3.11900 6896.15 0.155286
3.12300 6872.15 0.15553
3.12700 6869.38 0.155549
3.13100 6867.54 0.155568
3.13500 6934.31 0.154932
3.13900 6822.69 0.156003
3.14300 6797.31 0.15625
3.14700 6842.08 0.155813
3.15100 6844.36 0.156671
3.15500 6864.85 0.155587
3.15900 6874.54 0.155493
3.16300 6889.23 0.155361
3.16700 6844 0.155794
3.17100 6918.46 0.155081
3.17500 6920.38 0.155062
3.17900 6841.77 0.155813
3.18300 6915.69 0.155118
3.18700 6891.23 0.155342
3.19100 6896.15 0.155286
3.19500 6835.08 0.155889
3.19900 6839.77 0.155832
3.20300 6862.15 0.155624
3.20700 6884 0.155417
3.21100 6855.08 0.155681
3.21500 6825.54 0.155965
3.21900 6815.92 0.15606
3.22300 6812.57 0.15698
3.22700 6898.36 0.156136
3.23100 6830.77 0.155927
3.23500 6799.36 0.157115
3.23900 6826.29 0.156845
3.24300 6836.46 0.15587
3.24700 6815.15 0.156079
3.25100 6832.46 0.155908
3.25500 6861 0.155624
3.25900 6858.77 0.155643
3.26300 6849.54 0.155738
3.26700 6871.14 0.156403
3.27100 6783.43 0.157271
3.27500 6826.93 0.156845
3.27900 6815.14 0.156941
3.28300 6834 0.156768
3.28700 6847.79 0.156633
3.29100 6851.36 0.156594
3.29500 6905.86 0.15606
3.29900 6852.43 0.156594
3.30300 6810.36 0.156999
3.30700 6775.21 0.157349
3.31100 6803 0.157077
3.31500 6840.64 0.15671
3.31900 6887.93 0.15625
3.32300 6840.07 0.15671
3.32700 6847.64 0.156633
3.33100 6764.64 0.157446
3.33500 6800.64 0.157096
3.33900 6815.36 0.156941
3.34300 6792.64 0.157174
3.34700 6813.43 0.156961
3.35100 6824.79 0.156864
3.35500 6820.5 0.156903
3.35900 6836.33 0.157524
3.36300 6805.29 0.157057
3.36700 6852.43 0.156594
3.37100 6815.57 0.156941
3.37500 6836.29 0.156748
3.37900 6819.86 0.156903
3.38300 6816.79 0.156941
3.38700 6766.14 0.157427
3.39100 6795.5 0.157135
3.39500 6802.5 0.157077
3.39900 6804.43 0.157057
3.40300 6824.64 0.156864
3.40700 6825.79 0.156845
3.41100 6777 0.157329
3.41500 6829.36 0.156806
3.41900 6788.14 0.157212
3.42300 6816 0.156941
3.42700 6782.71 0.157271
3.43100 6792.29 0.157174
3.43500 6803.57 0.157057
3.43900 6812.07 0.15698
3.44300 6832.71 0.156787
3.44700 6876.86 0.156345
3.45100 6935.86 0.155775
3.45500 6978.14 0.15538
3.45900 7049.71 0.154691
3.46300 7138.57 0.153864
3.46700 7222.29 0.153105
3.47100 7293.29 0.152463
3.47500 7204.47 0.153992
3.47900 7213.29 0.153195
3.48300 7076.2 0.155193
3.48700 7020.71 0.154969
3.49100 7015.14 0.155025
3.49500 7030.07 0.154876
3.49900 6985.85 0.154451
3.50300 6964.29 0.155511
3.50700 6889.38 0.155361
3.51100 6941.77 0.154857
3.51500 6895.31 0.155305
3.51900 6929.23 0.154988
3.52300 6851.23 0.155719
3.52700 6884.38 0.155399
3.53100 6840.46 0.155832
3.53500 6857.85 0.155662
3.53900 6859 0.155643
3.54300 6892.5 0.156193
3.54700 6863.38 0.155606
3.55100 6886.92 0.15538
3.55500 6790.54 0.156307
3.55900 6830.07 0.156806
3.56300 6807.92 0.156136
3.56700 6822.62 0.156003
3.57100 6822.27 0.157661
3.57500 6777 0.157329
3.57900 6738.64 0.1577
3.58300 6814.86 0.156961
3.58700 6810.6 0.157779
3.59100 6821.14 0.156883
3.59500 6747.57 0.157622
3.59900 6820.36 0.156903
3.60300 6792 0.157174
3.60700 6791.36 0.157193
3.61100 6774.79 0.157349
3.61500 6805.57 0.157038
3.61900 6734.29 0.157759
3.62300 6802.14 0.157077
3.62700 6776.71 0.157329
3.63100 6776.47 0.158114
3.63500 6764.57 0.157446
3.63900 6808.21 0.157019
3.64300 6800.64 0.157096
3.64700 6807.5 0.157019
3.65100 6734.36 0.157759
3.65500 6799.86 0.157096
3.65900 6782.93 0.157271
3.66300 6817.21 0.156922
3.66700 6742.71 0.157661
3.67100 6755.29 0.157544
3.67500 6782.07 0.157271
3.67900 6767 0.157427
3.68300 6778.86 0.15731
3.68700 6770.14 0.157388
3.69100 6760.14 0.157485
3.69500 6745.36 0.157642
3.69900 6785.36 0.157251
3.70300 6831.14 0.156787
3.70700 6762.57 0.157466
3.71100 6736.93 0.15772
3.71500 6730.36 0.157799
3.71900 6747.79 0.157622
3.72300 6791.64 0.157174
3.72700 6715.43 0.157936
3.73100 6788.8 0.157995
3.73500 6742.79 0.157661
3.73900 6825.36 0.156845
3.74300 6772.29 0.157368
3.74700 6732.86 0.157759
3.75100 6757.86 0.157524
3.75500 6681.21 0.158292
3.75900 6776.71 0.157329
3.76300 6705.71 0.158035
3.76700 6726.79 0.157818
3.77100 6706.86 0.158015
3.77500 6733.93 0.157759
3.77900 6770.14 0.157388
3.78300 6761.86 0.157485
3.78700 6699.46 0.157193
3.79100 6782.08 0.156384
3.79500 6769.23 0.156518
3.79900 6774.57 0.157349
3.80300 6768 0.156537
3.80700 6840.38 0.155832
3.81100 6788.46 0.156326
3.81500 6781.08 0.156403
3.81900 6774.92 0.15646
3.82300 6730.85 0.156903
3.82700 6763.23 0.156575
3.83100 6727.46 0.156922
3.83500 6804 0.156174
3.83900 6737.15 0.156825
3.84300 6782.46 0.156384
3.84700 6733 0.156864
3.85100 6764.77 0.156556
3.85500 6749.07 0.157603
3.85900 6725.57 0.157838
3.86300 6774.14 0.157349
3.86700 6730.57 0.157779
3.87100 6775.21 0.157349
3.87500 6717.43 0.157917
3.87900 6776.14 0.157329
3.88300 6805.64 0.157038
3.88700 6730.86 0.157779
3.89100 6707.86 0.158015
3.89500 6726.5 0.157838
3.89900 6757.36 0.157524
3.90300 6742 0.157681
3.90700 6786.79 0.157232
3.91100 6730.79 0.157779
3.91500 6721.5 0.157877
3.91900 6700.93 0.15889
3.92300 6718.71 0.157897
3.92700 6683.79 0.158252
3.93100 6739.57 0.1577
3.93500 6744.21 0.157661
3.93900 6711.6 0.15877
3.94300 6668.07 0.158411
3.94700 6699.21 0.158094
3.95100 6720.71 0.157877
3.95500 6764.29 0.157446
3.95900 6736.73 0.158511
3.96300 6741.43 0.157681
3.96700 6710.21 0.157995
3.97100 6681.86 0.158272
3.97500 6710.36 0.157995
3.97900 6723.64 0.157858
3.98300 6710.07 0.157995
3.98700 6700.36 0.158094
3.99100 6689.14 0.158193
3.99500 6679.43 0.158292
3.99900 6700.07 0.158094
4.00300 6722.93 0.157858
4.00700 6769.71 0.157407
4.01100 6651.14 0.15859
4.01500 6714.67 0.15875
4.01900 6708.14 0.158015
4.02300 6715.93 0.157936
4.02700 6712.36 0.157976
4.03100 6688.36 0.158213
4.03500 6610.5 0.158991
4.03900 6643.21 0.15867
4.04300 6698.93 0.158114
4.04700 6693.64 0.158153
4.05100 6665.29 0.158451
4.05500 6730.79 0.157779
4.05900 6673.71 0.158352
4.06300 6668.21 0.158411
4.06700 6659.86 0.158491
4.07100 6653.07 0.15857
4.07500 6670.79 0.158391
4.07900 6699.29 0.158094
4.08300 6656.36 0.158531
4.08700 6656.86 0.158531
4.09100 6659.64 0.158491
4.09500 6694.54 0.157251
4.09900 6631.85 0.157877
4.10300 6686.15 0.157329
4.10700 6699.38 0.157212
4.11100 6681 0.157388
4.11500 6687.31 0.157329
4.11900 6685.46 0.157349
4.12300 6642.85 0.157759
4.12700 6621 0.157976
4.13100 6647.15 0.15772
4.13500 6664.38 0.157544
4.13900 6685.62 0.157349
4.14300 6637.15 0.157818
4.14700 6633.08 0.157858
4.15100 6651.64 0.15859
4.15500 6666.31 0.157524
4.15900 6673.31 0.157466
4.16300 6692.31 0.157271
4.16700 6669.77 0.157505
4.17100 6685.31 0.157349
4.17500 6662.64 0.158471
4.17900 6620.15 0.157995
4.18300 6620.92 0.157976
4.18700 6651.77 0.157681
4.19100 6697.77 0.157212
4.19500 6705.62 0.157135
4.19900 6638.54 0.157818
4.20300 6655.92 0.157642
4.20700 6637.77 0.157818
4.21100 6643.54 0.157759
4.21500 6663.92 0.157563
4.21900 6624.38 0.157956
4.22300 6658.21 0.158511
4.22700 6661 0.158491
4.23100 6586 0.158332
4.23500 6639.93 0.15869
4.23900 6639.93 0.15869
4.24300 6633.92 0.157858
4.24700 6680.85 0.157388
4.25100 6637.46 0.157818
4.25500 6652.31 0.157681
4.25900 6661.54 0.157583
4.26300 6633.77 0.157858
4.26700 6725.57 0.157838
4.27100 6597.21 0.159132
4.27500 6623.07 0.15887
4.27900 6682.57 0.158272
4.28300 6632.64 0.15877
4.28700 6637.29 0.15873
4.29100 6614.29 0.158971
4.29500 6659.71 0.158491
4.29900 6606.86 0.159031
4.30300 6689.21 0.158193
4.30700 6568.86 0.159435
4.31100 6685.5 0.158233
4.31500 6635.86 0.15875
4.31900 6605.14 0.159051
4.32300 6663.43 0.158471
4.32700 6637.36 0.15873
4.33100 6585.29 0.159253
4.33500 6606.57 0.159031
4.33900 6603.5 0.159071
4.34300 6617.14 0.15893
4.34700 6637 0.15873
4.35100 6628.71 0.15881
4.35500 6623.79 0.15887
4.35900 6652.07 0.159374
4.36300 6588.21 0.159232
4.36700 6668.71 0.158411
4.37100 6650.64 0.15859
4.37500 6631.64 0.15879
4.37900 6611.86 0.158991
4.38300 6648.43 0.15861
4.38700 6571.57 0.159394
4.39100 6620.71 0.15889
4.39500 6687.86 0.158213
4.39900 6630.36 0.15879
4.40300 6631.71 0.15879
4.40700 6657.14 0.158531
4.41100 6666.86 0.158431
4.41500 6704.43 0.158055
4.41900 6713.29 0.157956
4.42300 6697.93 0.158114
4.42700 6706.93 0.158015
4.43100 6749.36 0.157603
4.43500 6705.36 0.158035
4.43900 6768 0.157407
4.44300 6870.07 0.156422
4.44700 6976.29 0.155399
4.45100 7160.43 0.153664
4.45500 7568.86 0.150041
4.45900 8439 0.14312
4.46300 9949.43 0.133109
4.46700 12488.6 0.120194
4.47100 16175.9 0.106764
4.47500 19479.2 0.0979216
4.47900 20613.4 0.0953549
4.48300 19210.9 0.098773
4.48700 16707.6 0.105176
4.49100 13096 0.117631
4.49500 9611.36 0.13516
4.49900 8040.46 0.145448
4.50300 7405.64 0.151463
4.50700 7089.62 0.153483
4.51100 6916.31 0.155099
4.51500 6824.15 0.155984
4.51900 6762.15 0.156594
4.52300 6707.85 0.157115
4.52700 6693.92 0.157251
4.53100 6647.46 0.15772
4.53500 6655 0.157642
4.53900 6639.85 0.157799
4.54300 6608.36 0.159031
4.54700 6598.85 0.158213
4.55100 6595.54 0.158233
4.55500 6562.62 0.15857
4.55900 6637.14 0.15873
4.56300 6574.54 0.158451
4.56700 6622.85 0.157956
4.57100 6599.87 0.159923
4.57500 6572.93 0.159394
4.57900 6583.43 0.159273
4.58300 6573.29 0.159374
4.58700 6564.13 0.160293
4.59100 6607.07 0.159031
4.59500 6576.07 0.159354
4.59900 6561 0.159516
4.60300 6524.36 0.159882
4.60700 6534.86 0.15978
4.61100 6556.21 0.159556
4.61500 6603.93 0.159071
4.61900 6503.43 0.160108
4.62300 6572.14 0.159394
4.62700 6573.07 0.159374
4.63100 6555.33 0.160375
4.63500 6515.86 0.159985
4.63900 6569.36 0.159414
4.64300 6531.07 0.159821
4.64700 6558.21 0.159536
4.65100 6573.36 0.159374
4.65500 6556.86 0.159556
4.65900 6513.57 0.160005
4.66300 6557.71 0.159536
4.66700 6503.71 0.160108
4.67100 6513.64 0.160005
4.67500 6534.86 0.15978
4.67900 6517.93 0.159944
4.68300 6538.86 0.15974
4.68700 6471 0.160437
4.69100 6467.5 0.160478
4.69500 6511.79 0.160026
4.69900 6518.64 0.159944
4.70300 6552.07 0.159597
4.70700 6502.5 0.160108
4.71100 6506.36 0.160067
4.71500 6474.93 0.160396
4.71900 6539.71 0.159719
4.72300 6529.5 0.159842
4.72700 6477.36 0.160375
4.73100 6508.07 0.160872
4.73500 6510.79 0.160026
4.73900 6514.21 0.159985
4.74300 6519.71 0.159944
4.74700 6473.21 0.160416
4.75100 6484.64 0.160293
4.75500 6508.64 0.160046
4.75900 6502.5 0.160108
4.76300 6487.71 0.160272
4.76700 6474.64 0.160396
4.77100 6489.43 0.160251
4.77500 6487.57 0.160272
4.77900 6533.86 0.15978
4.78300 6493.5 0.16021
4.78700 6498.62 0.159232
4.79100 6535.69 0.15885
4.79500 6516.92 0.159031
4.79900 6525.43 0.159882
4.80300 6530.23 0.15891
4.80700 6488.31 0.159333
4.81100 6502.23 0.159192
4.81500 6485 0.159374
4.81900 6512.08 0.159091
4.82300 6486.69 0.159354
4.82700 6517.85 0.159031
4.83100 6520.69 0.159011
4.83500 6505.92 0.159152
4.83900 6468.77 0.159536
4.84300 6450.38 0.159719
4.84700 6479.54 0.159414
4.85100 6479.54 0.159414
4.85500 6472 0.161269
4.85900 6507.86 0.160067
4.86300 6467.64 0.160478
4.86700 6449.43 0.160665
4.87100 6436.36 0.16081
4.87500 6475.93 0.160396
4.87900 6514.86 0.159985
4.88300 6532.93 0.159801
4.88700 6468.5 0.160478
4.89100 6508.36 0.160046
4.89500 6527.86 0.159842
4.89900 6474.5 0.160416
4.90300 6483.79 0.160313
4.90700 6496.43 0.160169
4.91100 6459.79 0.160561
4.91500 6498.43 0.160149
4.91900 6453.53 0.161458
4.92300 6451.71 0.160644
4.92700 6488.86 0.160251
4.93100 6460.79 0.160561
4.93500 6511.64 0.160026
4.93900 6494.8 0.161018
4.94300 6418.29 0.160997
4.94700 6508.21 0.160046
4.95100 6483.14 0.160313
4.95500 6478.14 0.160375
4.95900 6475.8 0.161227
4.96300 6477.57 0.160375
4.96700 6494.29 0.16019
4.97100 6468.29 0.160478
4.97500 6489.29 0.160251
4.97900 6456 0.160602
4.98300 6454.14 0.160623
4.98700 6474.36 0.160416
4.99100 6528.5 0.159842
4.99500 6443.29 0.160727
4.99900 6488.14 0.160272
5.00300 6477.43 0.160375
5.00700 6518.29 0.159944
5.01100 6430.36 0.160872
5.01500 6469.53 0.16129
5.01900 6442.5 0.160748
5.02300 6504.71 0.160087
5.02700 6454.71 0.160623
5.03100 6514.07 0.159985
5.03500 6419.36 0.160997
5.03900 6429.86 0.160872
5.04300 6467.79 0.160478
5.04700 6490.21 0.160251
5.05100 6398.07 0.161206
5.05500 6454.71 0.160623
5.05900 6479.43 0.160354
5.06300 6401.36 0.161186
5.06700 6438.79 0.160789
5.07100 6471.5 0.160437
5.07500 6466.43 0.160499
5.07900 6465.5 0.160499
5.08300 6432.14 0.160852
5.08700 6452.64 0.160644
5.09100 6452.14 0.160644
5.09500 6467.38 0.159556
5.09900 6415.69 0.160087
5.10300 6432.54 0.159903
5.10700 6435.38 0.159882
5.11100 6429.15 0.159944
5.11500 6448.38 0.15974
5.11900 6478.92 0.159435
5.12300 6431.38 0.159923
5.12700 6370.08 0.160561
5.13100 6425.54 0.159985
5.13500 6411.38 0.160128
5.13900 6453.31 0.159699
5.14300 6378.15 0.160478
5.14700 6423.31 0.160005
5.15100 6392.5 0.161269
5.15500 6448.77 0.15974
5.15900 6508.77 0.159132
5.16300 6451.77 0.159719
5.16700 6403.62 0.16021
5.17100 6416.62 0.160087
5.17500 6451.29 0.160644
5.17900 6391.08 0.160354
5.18300 6413.69 0.160108
5.18700 6424.23 0.160005
5.19100 6424.69 0.159985
5.19500 6409.08 0.160149
5.19900 6446.54 0.15976
5.20300 6442.92 0.159801
5.20700 6465.23 0.159577
5.21100 6428.23 0.159964
5.21500 6442.85 0.159801
5.21900 6426.08 0.159985
5.22300 6440.62 0.159821
5.22700 6428.64 0.160893
5.23100 6421.38 0.160026
5.23500 6395.79 0.161248
5.23900 6398.14 0.161206
5.24300 6382.69 0.160437
5.24700 6397.08 0.160293
5.25100 6395.69 0.160293
5.25500 6435.85 0.159882
5.25900 6435.15 0.159882
5.26300 6398.38 0.160272
5.26700 6470.57 0.160458
5.27100 6397.57 0.161227
5.27500 6407.71 0.161123
5.27900 6431.64 0.160852
5.28300 6444.71 0.160727
5.28700 6457.93 0.160582
5.29100 6427.93 0.160893
5.29500 6451 0.160665
5.29900 6407.64 0.161123
5.30300 6399.86 0.161206
5.30700 6363.71 0.161585
5.31100 6432.29 0.160852
5.31500 6451.5 0.160644
5.31900 6429.93 0.160872
5.32300 6474.93 0.160396
5.32700 6536.64 0.15976
5.33100 6564.21 0.159475
5.33500 6687.57 0.158213
5.33900 6692.14 0.158173
5.34300 6634.29 0.15875
5.34700 6641.14 0.15869
5.35100 6545.21 0.159678
5.35500 6447.86 0.160685
5.35900 6444.8 0.161564
5.36300 6403 0.161165
5.36700 6469.71 0.160458
5.37100 6421.36 0.160977
5.37500 6451 0.160665
5.37900 6422.86 0.160956
5.38300 6431.07 0.160872
5.38700 6383.29 0.161374
5.39100 6422.71 0.160956
5.39500 6373.14 0.161479
5.39900 6391.71 0.16129
5.40300 6415.07 0.161039
5.40700 6389.64 0.161311
5.41100 6400.93 0.161186
5.41500 6384.71 0.161353
5.41900 6391.21 0.16129
5.42300 6403.07 0.161165
5.42700 6432.86 0.160852
5.43100 6396.14 0.161227
5.43500 6394.21 0.161248
5.43900 6423.43 0.160956
5.44300 6386.93 0.161332
5.44700 6403.21 0.161165
5.45100 6407.64 0.161123
5.45500 6390.43 0.16129
5.45900 6393.57 0.161269
5.46300 6409.57 0.161102
5.46700 6417.43 0.161018
5.47100 6420.79 0.160977
5.47500 6368.86 0.161522
5.47900 6448.71 0.160685
5.48300 6380.87 0.162243
5.48700 6413.71 0.161039
5.49100 6372.5 0.161479
5.49500 6398 0.161206
5.49900 6395.15 0.160293
5.50300 6417.21 0.161018
5.50700 6360.31 0.160665
5.51100 6387.77 0.160375
5.51500 6422.38 0.160026
5.51900 6406.15 0.16019
5.52300 6418.23 0.160067
5.52700 6452.31 0.159699
5.53100 6378.69 0.160478
5.53500 6396.46 0.160293
5.53900 6390.85 0.160354
5.54300 6389.86 0.161311
5.54700 6435.08 0.159882
5.55100 6399.77 0.160251
5.55500 6363.15 0.160644
5.55900 6393.21 0.161269
5.56300 6409.46 0.160149
5.56700 6407.23 0.160169
5.57100 6440.87 0.161606
5.57500 6372.36 0.161479
5.57900 6365.87 0.162414
5.58300 6398.07 0.161206
5.58700 6385 0.1622
5.59100 6399.71 0.161206
5.59500 6350.93 0.161712
5.59900 6408 0.161102
5.60300 6367.64 0.161543
5.60700 6386.36 0.161332
5.61100 6386.07 0.161353
5.61500 6368.79 0.161522
5.61900 6445.43 0.160706
5.62300 6382.86 0.161374
5.62700 6387.57 0.161332
5.63100 6372.2 0.162328
5.63500 6374.64 0.161458
5.63900 6371.93 0.161501
5.64300 6400.43 0.161186
5.64700 6421.86 0.160956
5.65100 6362.79 0.161585
5.65500 6432.64 0.160852
5.65900 6402.64 0.161165
5.66300 6401.79 0.161186
5.66700 6378.64 0.161416
5.67100 6397.5 0.161227
5.67500 6375.79 0.161458
5.67900 6369.36 0.161522
5.68300 6401.86 0.161165
5.68700 6393.86 0.161269
5.69100 6370.86 0.161501
5.69500 6386.36 0.161332
5.69900 6425.79 0.160914
5.70300 6399.64 0.161206
5.70700 6347.5 0.161754
5.71100 6368.79 0.161522
5.71500 6395.86 0.161248
5.71900 6350.57 0.161733
5.72300 6366.71 0.161543
5.72700 6355.86 0.161669
5.73100 6348.87 0.162586
5.73500 6370.07 0.161522
5.73900 6398.07 0.161206
5.74300 6396.36 0.161227
5.74700 6332.21 0.161923
5.75100 6345.57 0.161775
5.75500 6336.86 0.161881
5.75900 6378.43 0.161416
5.76300 6358.71 0.161627
5.76700 6353.57 0.16169
5.77100 6340.86 0.161839
5.77500 6305.64 0.1622
5.77900 6416 0.161018
5.78300 6369.79 0.161522
5.78700 6404.77 0.16021
5.79100 6416.62 0.160087
5.79500 6382.08 0.160437
5.79900 6397.86 0.161227
5.80300 6426.92 0.159964
5.80700 6439.62 0.159842
5.81100 6341.38 0.160872
5.81500 6404.31 0.16021
5.81900 6399.23 0.160251
5.82300 6360.15 0.160665
5.82700 6405.38 0.16019
5.83100 6406.62 0.16019
5.83500 6379.62 0.160458
5.83900 6355.31 0.160727
5.84300 6369.92 0.160561
5.84700 6355.85 0.160727
5.85100 6346.38 0.16081
5.85500 6378.6 0.162264
5.85900 6397.64 0.161227
5.86300 6344.79 0.161796
5.86700 6352.79 0.16169
5.87100 6377.93 0.161437
5.87500 6382.57 0.161374
5.87900 6369.07 0.161522
5.88300 6449.43 0.160665
5.88700 6372.14 0.161501
5.89100 6398.5 0.161206
5.89500 6444.36 0.160727
5.89900 6398.14 0.161206
5.90300 6412.36 0.16106
5.90700 6412.57 0.16106
5.91100 6409.14 0.161102
5.91500 6443.64 0.160727
5.91900 6447.27 0.161522
5.92300 6476.64 0.160375
5.92700 6453.21 0.160623
5.93100 6520.57 0.159923
5.93500 6574.57 0.159374
5.93900 6609.36 0.159011
5.94300 6678.5 0.158312
5.94700 6858.36 0.156537
5.95100 7153.79 0.153737
5.95500 7875.57 0.14749
5.95900 9348.07 0.137374
5.96300 11861.2 0.123036
5.96700 14818.9 0.111166
5.97100 16738.2 0.105089
5.97500 16952.5 0.104467
5.97900 15864.9 0.107726
5.98300 13672.1 0.115347
5.98700 10729.7 0.128703
5.99100 8510.5 0.142595
5.99500 7499.29 0.150653
5.99900 7101 0.154212
6.00300 6836.07 0.156748
6.00700 6728.5 0.157818
6.01100 6581.86 0.159293
6.01500 6550.27 0.160437
6.01900 6518.64 0.159944
6.02300 6477.64 0.160375
6.02700 6442 0.160748
6.03100 6454.29 0.160623
6.03500 6393.57 0.161269
6.03900 6381.93 0.161395
6.04300 6404.5 0.161144
6.04700 6407.21 0.161123
6.05100 6329.14 0.161945
6.05500 6391.86 0.16129
6.05900 6381.5 0.161395
6.06300 6344.57 0.161796
6.06700 6342.29 0.161817
6.07100 6383.36 0.161374
6.07500 6308.21 0.162179
6.07900 6339.86 0.161839
6.08300 6345.21 0.161775
6.08700 6353.79 0.16169
6.09100 6349.5 0.161733
6.09500 6352.38 0.160748
6.09900 6329.69 0.160997
6.10300 6368.46 0.160582
6.10700 6382.85 0.160437
6.11100 6347 0.16081
6.11500 6304.85 0.161269
6.11900 6351 0.160768
6.12300 6332.92 0.160956
6.12700 6353.15 0.160748
6.13100 6312.92 0.161165
6.13500 6335.62 0.160935
6.13900 6360.92 0.160665
6.14300 6314.92 0.161144
6.14700 6329.69 0.160997
6.15100 6286.21 0.162414
6.15500 6301.77 0.16129
6.15900 6373.23 0.16054
6.16300 6389.15 0.160375
6.16700 6293.92 0.161374
6.17100 6364.46 0.160623
6.17500 6359.21 0.161627
6.17900 6330.46 0.160977
6.18300 6358.15 0.160685
6.18700 6318.92 0.161102
6.19100 6317 0.161123
6.19500 6341.08 0.160872
6.19900 6339.23 0.160893
6.20300 6295.15 0.161353
6.20700 6340.92 0.160872
6.21100 6334 0.160956
6.21500 6279.92 0.161522
6.21900 6310.15 0.161206
6.22300 6342.69 0.160852
6.22700 6375.71 0.161458
6.23100 6323.46 0.16106
6.23500 6259.71 0.162715
6.23900 6250.57 0.162801
6.24300 6315.85 0.161144
6.24700 6276.38 0.161564
6.25100 6329.54 0.160997
6.25500 6344.46 0.160831
6.25900 6382.62 0.160437
6.26300 6295.08 0.161374
6.26700 6370.5 0.161501
6.27100 6327.21 0.161966
6.27500 6359.86 0.161627
6.27900 6285.79 0.162435
6.28300 6343.64 0.161796
6.28700 6350.07 0.161733
6.29100 6298.14 0.162285
6.29500 6329.14 0.161945
6.29900 6327 0.161987
6.30300 6316.93 0.162094
6.30700 6301.86 0.162243
6.31100 6307.57 0.162179
6.31500 6352.4 0.162543
6.31900 6311.64 0.162136
6.32300 6367 0.161543
6.32700 6353.79 0.16169
6.33100 6309.93 0.162157
6.33500 6384.21 0.161353
6.33900 6322.93 0.16203
6.34300 6266.5 0.162629
6.34700 6357.71 0.161648
6.35100 6327.64 0.161966
6.35500 6305.93 0.1622
6.35900 6331.67 0.162779
6.36300 6317.36 0.162072
6.36700 6339.86 0.161839
6.37100 6319.43 0.162051
6.37500 6305.29 0.162221
6.37900 6298.79 0.162285
6.38300 6360.57 0.161606
6.38700 6279.14 0.1625
6.39100 6293.14 0.16235
6.39500 6343.07 0.161796
6.39900 6314.29 0.162115
6.40300 6289.43 0.162392
6.40700 6311.29 0.162157
6.41100 6331.21 0.161923
6.41500 6363.93 0.161585
6.41900 6319.93 0.162051
6.42300 6328.71 0.161966
6.42700 6300.93 0.162264
6.43100 6325 0.162008
6.43500 6293.36 0.16235
6.43900 6301.29 0.162264
6.44300 6338.07 0.16186
6.44700 6371.93 0.161501
6.45100 6329 0.161966
6.45500 6328.43 0.161966
6.45900 6314.86 0.162115
6.46300 6333.29 0.161902
6.46700 6324.21 0.162008
6.47100 6364.14 0.161585
6.47500 6357.43 0.161648
6.47900 6408.36 0.161102
6.48300 6324.93 0.162844
6.48700 6301 0.162264
6.49100 6316.64 0.162094
6.49500 6317.21 0.162094
6.49900 6336.15 0.160935
6.50300 6347.79 0.161754
6.50700 6288.15 0.161437
6.51100 6354.31 0.160727
6.51500 6386.15 0.160396
6.51900 6343 0.160852
6.52300 6371.85 0.16054
6.52700 6374.38 0.16052
6.53100 6327.54 0.161018
6.53500 6347.77 0.16081
6.53900 6336.31 0.160914
6.54300 6302.14 0.162243
6.54700 6354.38 0.160727
6.55100 6308.62 0.161227
6.55500 6333.85 0.160956
6.55900 6347.5 0.161754
6.56300 6321 0.161081
6.56700 6347.46 0.16081
6.57100 6362 0.162457
6.57500 6304.14 0.162221
6.57900 6286.13 0.163278
6.58300 6336.5 0.161881
6.58700 6327.21 0.161966
6.59100 6379.64 0.161416
6.59500 6358.71 0.161627
6.59900 6363.21 0.161585
6.60300 6322.86 0.16203
6.60700 6319.07 0.162072
6.61100 6347 0.161754
6.61500 6351.43 0.161712
6.61900 6325 0.162008
6.62300 6336.5 0.161881
6.62700 6313.36 0.162136
6.63100 6312.2 0.162995
6.63500 6368.21 0.161543
6.63900 6353.29 0.16169
6.64300 6341.07 0.161817
6.64700 6356.93 0.161648
6.65100 6344.57 0.161796
6.65500 6353.93 0.16169
6.65900 6334.64 0.161902
6.66300 6365.57 0.161564
6.66700 6358 0.161648
6.67100 6358.5 0.161648
6.67500 6317.93 0.162072
6.67900 6346.71 0.161775
6.68300 6355.36 0.161669
6.68700 6322.36 0.16203
6.69100 6317.29 0.162094
6.69500 6359.93 0.161627
6.69900 6403.07 0.161165
6.70300 6381.43 0.161395
6.70700 6363.14 0.161585
6.71100 6349.21 0.161733
6.71500 6369 0.161522
6.71900 6383.79 0.161374
6.72300 6361.86 0.161606
6.72700 6357.57 0.161648
6.73100 6402.4 0.162008
6.73500 6368.43 0.161522
6.73900 6380.07 0.161416
6.74300 6382 0.161395
6.74700 6384.57 0.161353
6.75100 6378.71 0.161416
6.75500 6337.14 0.16186
6.75900 6360.5 0.161627
6.76300 6383.79 0.161374
6.76700 6378.93 0.161416
6.77100 6379.5 0.161416
6.77500 6338.14 0.16186
6.77900 6400.21 0.161186
6.78300 6384 0.161374
6.78700 6407.62 0.160169
6.79100 6407.23 0.160169
6.79500 6405.08 0.16019
6.79900 6442.43 0.160748
6.80300 6426.62 0.159964
6.80700 6469.15 0.159536
6.81100 6434.69 0.159882
6.81500 6418.08 0.160067
6.81900 6424.08 0.160005
6.82300 6484.77 0.159374
6.82700 6501.15 0.159192
6.83100 6479.92 0.159414
6.83500 6430.23 0.159944
6.83900 6485 0.159374
6.84300 6440 0.159842
6.84700 6470.31 0.159516
6.85100 6497 0.159253
6.85500 6496.6 0.160997
6.85900 6461.36 0.16054
6.86300 6534.57 0.15978
6.86700 6495 0.16019
6.87100 6527.07 0.159862
6.87500 6570.29 0.159414
6.87900 6593.57 0.159172
6.88300 6660.86 0.158491
6.88700 6661.21 0.158491
6.89100 6689.36 0.158193
6.89500 6746.5 0.157622
6.89900 6773.79 0.157368
6.90300 6864.43 0.15646
6.90700 6963.93 0.155511
6.91100 7141.14 0.153846
6.91500 7342.43 0.152022
6.91900 7719.6 0.149454
6.92300 8401.07 0.1434
6.92700 9438 0.13626
6.93100 11240.6 0.126048
6.93500 13712 0.115186
6.93900 16206.4 0.106673
6.94300 17294.2 0.103506
6.94700 17188.8 0.103801
6.95100 15740.6 0.108116
6.95500 13662.1 0.115385
6.95900 12290.9 0.121455
6.96300 12341.9 0.120842
6.96700 13567.6 0.115748
6.97100 14205.7 0.113344
6.97500 13949.9 0.114288
6.97900 13301.1 0.116801
6.98300 12171.1 0.121608
6.98700 10625.1 0.129272
6.99100 9643.71 0.134963
6.99500 9752.29 0.134292
6.99900 10791.5 0.128374
7.00300 12600.7 0.119711
7.00700 15925.1 0.107539
7.01100 21088.4 0.0943396
7.01500 29258.9 0.0809989
7.01900 37210.2 0.0719704
7.02300 40531.4 0.0690592
7.02700 38707 0.0706137
7.03100 32559.4 0.0767439
7.03500 24015.1 0.0887287
7.03900 17002.2 0.104325
7.04300 12886.1 0.118495
7.04700 10587.1 0.129478
7.05100 9231.43 0.137594
7.05500 8421.79 0.143252
7.05900 7976.07 0.146679
7.06300 7589.07 0.149873
7.06700 7326.93 0.152163
7.07100 7163.29 0.153646
7.07500 6984.36 0.155324
7.07900 6895.64 0.156174
7.08300 6871.57 0.156403
7.08700 6749.29 0.157603
7.09100 6756.5 0.157524
7.09500 6748.07 0.157622
7.09900 6686.79 0.158233
7.10300 6678.79 0.158312
7.10700 6636.57 0.15873
7.11100 6647.57 0.15863
7.11500 6631.21 0.15879
7.11900 6633.21 0.15877
7.12300 6629.36 0.15881
7.12700 6626.71 0.15883
7.13100 6632.5 0.15877
7.13500 6660.36 0.158491
7.13900 6704 0.158055
7.14300 6761.14 0.157485
7.14700 6804.14 0.157057
7.15100 6913.47 0.156768
7.15500 7116 0.154083
7.15900 7577.71 0.149974
7.16300 8095.21 0.145741
7.16700 9049.86 0.138809
7.17100 10816.6 0.128237
7.17500 13192.5 0.11759
7.17900 15048.1 0.110384
7.18300 15596.1 0.10858
7.18700 14842.3 0.111084
7.19100 12900.6 0.118437
7.19500 10588.8 0.129467
7.19900 8758.5 0.140817
7.20300 7828.5 0.147877
7.20700 7331.36 0.152128
7.21100 7077.71 0.154432
7.21500 6860.29 0.156518
7.21900 6751.86 0.157583
7.22300 6657.86 0.158511
7.22700 6639.13 0.159516
7.23100 6558.64 0.159536
7.23500 6557.33 0.160354
7.23900 6512.53 0.160831
7.24300 6522.86 0.159903
7.24700 6534.21 0.15978
7.25100 6526.43 0.159862
7.25500 6518.14 0.159944
7.25900 6515.43 0.159985
7.26300 6485.29 0.160293
7.26700 6523.73 0.160706
7.27100 6475.8 0.161227
7.27500 6467.47 0.161311
7.27900 6465.47 0.161332
7.28300 6474 0.161248
7.28700 6508.53 0.160872
7.29100 6522.07 0.160727
7.29500 6519.73 0.160748
7.29900 6475 0.161227
7.30300 6509.93 0.160852
7.30700 6427.93 0.161733
7.31100 6475 0.161227
7.31500 6536.88 0.161311
7.31900 6478.4 0.161186
7.32300 6492.47 0.161039
7.32700 6463.13 0.161353
7.33100 6435.8 0.161648
7.33500 6512.4 0.160831
7.33900 6494.67 0.161018
7.34300 6463.07 0.161353
7.34700 6502.4 0.160935
7.35100 6529.67 0.160644
7.35500 6523.93 0.160706
7.35900 6527.56 0.161416
7.36300 6478.27 0.161206
7.36700 6556 0.160375
7.37100 6533.2 0.160623
7.37500 6556 0.160375
7.37900 6568.4 0.160251
7.38300 6587.47 0.160046
7.38700 6548.47 0.160458
7.39100 6640.53 0.159496
7.39500 6750.73 0.158371
7.39900 6901.33 0.156883
7.40300 7015 0.155775
7.40700 7145.93 0.154543
7.41100 7211.53 0.153937
7.41500 7183.4 0.154193
7.41900 7035.6 0.155587
7.42300 6873.73 0.157154
7.42700 6766.4 0.158213
7.43100 6719.8 0.15869
7.43500 6721.4 0.15867
7.43900 6845.87 0.157427
7.44300 6799.73 0.157877
7.44700 6908.73 0.156806
7.45100 7113.6 0.154839
7.45500 7528.73 0.151082
7.45900 8282.27 0.144928
7.46300 9343.13 0.137412
7.46700 10011.4 0.133239
7.47100 10182.7 0.132233
7.47500 9825.6 0.134352
7.47900 9282.4 0.137803
7.48300 8227.12 0.145912
7.48700 7461.8 0.151672
7.49100 7114 0.154839
7.49500 6929.73 0.156614
7.49900 6877.93 0.156345
7.50300 6767.33 0.158213
7.50700 6737.79 0.15772
7.51100 6759.21 0.157505
7.51500 6786.21 0.157232
7.51900 6728.86 0.157799
7.52300 6709.64 0.157995
7.52700 6707.86 0.158015
7.53100 6700.5 0.158094
7.53500 6662.14 0.158471
7.53900 6721.07 0.157877
7.54300 6731.33 0.15857
7.54700 6779.07 0.15731
7.55100 6766.64 0.157427
7.55500 6761.21 0.157485
7.55900 6777.87 0.158114
7.56300 6786.86 0.157232
7.56700 6844.36 0.156671
7.57100 6846.88 0.158114
7.57500 6833.8 0.157544
7.57900 6847.69 0.158114
7.58300 6892.47 0.156961
7.58700 6910.07 0.156806
7.59100 6907.67 0.156825
7.59500 6949.4 0.156422
7.59900 7010.2 0.155832
7.60300 7043.93 0.155511
7.60700 7106.73 0.154913
7.61100 7199.47 0.154047
7.61500 7233.4 0.153737
7.61900 7251.47 0.153574
7.62300 7341.53 0.152747
7.62700 7415.93 0.152075
7.63100 7506 0.151917
7.63500 7680.2 0.149789
7.63900 7900.93 0.147941
7.64300 8073.4 0.146553
7.64700 8292.93 0.144836
7.65100 8584.47 0.142653
7.65500 8990.53 0.139768
7.65900 9464.38 0.137089
7.66300 10132.8 0.132523
7.66700 10987.6 0.127786
7.67100 12304 0.121393
7.67500 14170.3 0.113791
7.67900 17374.9 0.103528
7.68300 22669.1 0.0913518
7.68700 31372.9 0.0782301
7.69100 45590.7 0.0652995
7.69500 66576.9 0.0542733
7.69900 90528.3 0.0466628
7.70300 108500 0.0426739
7.70700 110234 0.042341
7.71100 99403.9 0.0445595
7.71500 79156.7 0.0498513
7.71900 54641.8 0.0597828
7.72300 34125.7 0.0751285
7.72700 21877.9 0.0929037
7.73100 15915.9 0.108084
7.73500 12727.1 0.119531
7.73900 11032.9 0.127546
7.74300 9996.73 0.133321
7.74700 9194.27 0.138396
7.75100 8631.53 0.142306
7.75500 8257.2 0.145111
7.75900 7967.2 0.14741
7.76300 7710.4 0.149537
7.76700 7562.8 0.15079
7.77100 7417.8 0.152075
7.77500 7338.87 0.152765
7.77900 7270.73 0.153393
7.78300 7173.27 0.154285
7.78700 7120.21 0.154047
7.79100 7116.07 0.154083
7.79500 7062.79 0.15458
7.79900 7011 0.155813
7.80300 7039.79 0.154783
7.80700 7009.14 0.155081
7.81100 6982.43 0.155342
7.81500 6930.93 0.155832
7.81900 6908.64 0.156041
7.82300 6926.07 0.15587
7.82700 6898.36 0.156136
7.83100 6934.79 0.155794
7.83500 6943.36 0.1557
7.83900 6881.5 0.156307
7.84300 6867.86 0.156441
7.84700 6818.21 0.156922
7.85100 6835 0.156748
7.85500 6855.6 0.157329
7.85900 6877.57 0.156345
7.86300 6901.93 0.156098
7.86700 6875 0.156365
7.87100 6803.86 0.157057
7.87500 6837.64 0.156729
7.87900 6865.86 0.15646
7.88300 6905.36 0.156079
7.88700 6851.57 0.156594
7.89100 6832.93 0.156768
7.89500 6891.93 0.156212
7.89900 6869.29 0.156422
7.90300 6951.71 0.155624
7.90700 6908.5 0.156041
7.91100 6881 0.156307
7.91500 6889.71 0.156231
7.91900 6923.8 0.156671
7.92300 6932 0.155813
7.92700 6904.14 0.156079
7.93100 6955.36 0.155587
7.93500 6990.07 0.155268
7.93900 6998.79 0.155174
7.94300 6912.21 0.156003
7.94700 6976.93 0.15538
7.95100 6987.93 0.155286
7.95500 7007.64 0.155099
7.95900 7043.4 0.155511
7.96300 7026.29 0.154913
7.96700 7095.86 0.154267
7.97100 7072.21 0.154487
7.97500 7156.57 0.153701
7.97900 7108.79 0.154157
7.98300 7161.71 0.153664
7.98700 7208.5 0.153231
7.99100 7251.79 0.152837
7.99500 7331.07 0.152128
7.99900 7433.07 0.15122
8.00300 7449.14 0.151082
8.00700 7583.21 0.149923
8.01100 7621.79 0.149604
8.01500 7837.88 0.149055
8.01900 8059.29 0.14602
8.02300 8437.64 0.143135
8.02700 8828.21 0.140331
8.03100 9462.93 0.136095
8.03500 10423.5 0.130377
8.03900 12146.3 0.121716
8.04300 14974.4 0.110634
8.04700 19926.9 0.0968821
8.05100 26961.7 0.0839862
8.05500 34899.2 0.074227
8.05900 39736.1 0.0697241
8.06300 39579.4 0.0698584
8.06700 34038.2 0.0751243
8.07100 25883.3 0.0856329
8.07500 19073.5 0.0988888
8.07900 15192.9 0.109897
8.08300 13570.1 0.11574
8.08700 12916.4 0.11837
8.09100 13106.9 0.117582
8.09500 14020.9 0.11402
8.09900 15426.6 0.109128
8.10300 18195.8 0.101087
8.10700 23137.6 0.0903066
8.11100 31390.6 0.0781012
8.11500 44313.4 0.0661396
8.11900 58458.5 0.0577977
8.12300 67403.6 0.0539093
8.12700 67700.5 0.0537938
8.13100 59518.8 0.0572927
8.13500 45428.7 0.0653469
8.13900 29826.1 0.0800359
8.14300 18821.3 0.0995037
8.14700 13552.8 0.115802
8.15100 10974 0.127859
8.15500 9624.43 0.135086
8.15900 9019.36 0.13901
8.16300 8538 0.142393
8.16700 8069.79 0.145943
8.17100 7895.93 0.14733
8.17500 7713.93 0.149504
8.17900 7622.14 0.149587
8.18300 7496.57 0.15067
8.18700 7419.57 0.151342
8.19100 7358.21 0.151882
8.19500 7266.57 0.152712
8.19900 7254.69 0.151987
8.20300 7230.08 0.152216
8.20700 7191.23 0.152552
8.21100 7171.46 0.152747
8.21500 7118.77 0.153213
8.21900 7075.23 0.15361
8.22300 7067.08 0.153701
8.22700 7141.29 0.153846
8.23100 7043.08 0.153919
8.23500 7081.29 0.154395
8.23900 7076.93 0.154451
8.24300 7079 0.153574
8.24700 7114.92 0.153249
8.25100 7168.85 0.152765
8.25500 7125.38 0.153159
8.25900 7175.77 0.152694
8.26300 7234.92 0.152163
8.26700 7264 0.15273
8.27100 7240.86 0.152944
8.27500 7303.79 0.152375
8.27900 7398.21 0.151533
8.28300 7499.29 0.150653
8.28700 7699.07 0.148939
8.29100 7841.93 0.147764
8.29500 8163.36 0.145218
8.29900 8606.29 0.141905
8.30300 9298.71 0.137154
8.30700 10128.6 0.13206
8.31100 11314.4 0.125679
8.31500 12135.1 0.12216
8.31900 12527.2 0.12003
8.32300 12490.3 0.120186
8.32700 12140.6 0.121743
8.33100 11540.1 0.124563
8.33500 11225.4 0.126118
8.33900 10823 0.128205
8.34300 10548.8 0.129684
8.34700 10370.8 0.130677
8.35100 10211.4 0.131579
8.35500 10128.4 0.13206
8.35900 10038 0.132581
8.36300 10027.9 0.13264
8.36700 10097.9 0.132233
8.37100 10074.9 0.132372
8.37500 10086.3 0.132302
8.37900 10137.4 0.132002
8.38300 10251.6 0.131352
8.38700 10239.3 0.13142
8.39100 10324.3 0.130934
8.39500 10384.9 0.130599
8.39900 10509.8 0.129903
8.40300 10574.4 0.129543
8.40700 10696.4 0.128885
8.41100 10870 0.127953
8.41500 11116.4 0.126674
8.41900 11283.1 0.125828
8.42300 11509.4 0.124718
8.42700 11813.3 0.12326
8.43100 12241.5 0.121286
8.43500 12910.1 0.118395
8.43900 13843.2 0.114693
8.44300 15543.9 0.108747
8.44700 18270 0.100897
8.45100 23614.5 0.0894391
8.45500 34400.8 0.0747435
8.45900 53435.8 0.0603869
8.46300 75595.6 0.0509614
8.46700 89252 0.046966
8.47100 92119.5 0.0462403
8.47500 84226.6 0.0483244
8.47900 67947.7 0.0536975
8.48300 44425.5 0.0661252
8.48700 27611.5 0.0830398
8.49100 20227.9 0.0962028
8.49500 16673.6 0.105275
8.49900 14698.9 0.111235
8.50300 13426.1 0.116303
8.50700 12580.9 0.119369
8.51100 12099.8 0.121482
8.51500 11659.7 0.123523
8.51900 11352.5 0.12501
8.52300 11165.7 0.125938
8.52700 10886.3 0.12736
8.53100 10628.5 0.128725
8.53500 10553.7 0.129132
8.53900 10417.9 0.129881
8.54300 10329.8 0.130901
8.54700 10196.3 0.131114
8.55100 10152.2 0.131374
8.55500 10054.1 0.131933
8.55900 10037.9 0.132581
8.56300 9914 0.132756
8.56700 9886.38 0.13292
8.57100 9829.47 0.13434
8.57500 9765.71 0.134219
8.57900 9728.13 0.134963
8.58300 9694.36 0.134656
8.58700 9706.43 0.134583
8.59100 9609.36 0.135172
8.59500 9564.79 0.135457
8.59900 9545.57 0.135582
8.60300 9513.79 0.135781
8.60700 9494.79 0.135894
8.61100 9471.36 0.136045
8.61500 9439.57 0.136247
8.61900 9435.71 0.136272
8.62300 9425.64 0.136335
8.62700 9398.57 0.136513
8.63100 9370.93 0.137231
8.63500 9397.64 0.136513
8.63900 9469.5 0.136058
8.64300 9384 0.136602
8.64700 9418.36 0.136386
8.65100 9371.79 0.136679
8.65500 9379.36 0.136628
8.65900 9304 0.13766
8.66300 9298.64 0.137154
8.66700 9230.93 0.137594
8.67100 9114.21 0.138369
8.67500 9008.14 0.13909
8.67900 8975.07 0.139306
8.68300 8827.86 0.140331
8.68700 8706.86 0.141182
8.69100 8641.57 0.141648
8.69500 8638.5 0.141662
8.69900 8621.57 0.14179
8.70300 8605.71 0.141905
8.70700 8476.14 0.142843
8.71100 8437.86 0.143135
8.71500 8370.79 0.143636
8.71900 8325.21 0.143978
8.72300 8260.71 0.144458
8.72700 8186.07 0.145034
8.73100 8145.13 0.145989
8.73500 8165.64 0.145187
8.73900 8165.29 0.145202
8.74300 8123 0.145525
8.74700 8085.43 0.145818
8.75100 8042.79 0.146161
8.75500 8042.93 0.146145
8.75900 8083.93 0.145834
8.76300 8103.57 0.145679
8.76700 8102.64 0.145679
8.77100 8244.36 0.144594
8.77500 8461.57 0.142959
8.77900 8819.64 0.140386
8.78300 8997.5 0.139158
8.78700 8980.77 0.138635
8.79100 8849.23 0.139523
8.79500 8517.15 0.141862
8.79900 8216.64 0.144806
8.80300 7990.08 0.145834
8.80700 7828.23 0.147122
8.81100 7701.69 0.148152
8.81500 7624.31 0.148807
8.81900 7630.77 0.148741
8.82300 7585.23 0.149121
8.82700 7556.69 0.14937
8.83100 7547.77 0.149437
8.83500 7533.92 0.149571
8.83900 7462.54 0.150177
8.84300 7461.23 0.150177
8.84700 7472 0.150092
8.85100 7468.77 0.150126
8.85500 7400.86 0.151498
8.85900 7401.92 0.150687
8.86300 7476.31 0.150058
8.86700 7440.15 0.150363
8.87100 7396 0.150739
8.87500 7448.15 0.150295
8.87900 7467.77 0.150126
8.88300 7551.23 0.14942
8.88700 7471.77 0.150092
8.89100 7557.31 0.14937
8.89500 7733.92 0.147893
8.89900 8024.77 0.145571
8.90300 8480.46 0.142134
8.90700 9184.69 0.137283
8.91100 9917.92 0.132733
8.91500 10471.6 0.129575
8.91900 10488.8 0.130013
8.92300 9888.69 0.132897
8.92700 9022.38 0.138356
8.93100 8386.23 0.142828
8.93500 7978.77 0.145927
8.93900 7808 0.147298
8.94300 7782.92 0.14749
8.94700 8020.62 0.145602
8.95100 8560.38 0.141563
8.95500 9543.15 0.135
8.95900 10832.4 0.128152
8.96300 11817.2 0.122785
8.96700 12100.5 0.121482
8.97100 11887.8 0.122453
8.97500 11157.5 0.125978
8.97900 9780.07 0.134123
8.98300 8603.07 0.141919
8.98700 7974.93 0.146694
8.99100 7561.64 0.150109
8.99500 7360.21 0.151864
8.99900 7295.57 0.152445
9.00300 7158.07 0.153701
9.00700 7143.93 0.153828
9.01100 7077.86 0.154432
9.01500 7062.4 0.155324
9.01900 7029.93 0.154876
9.02300 7080.36 0.154414
9.02700 7068.14 0.154524
9.03100 7021.29 0.154969
9.03500 6940.57 0.155738
9.03900 6984.57 0.155324
9.04300 7025 0.154932
9.04700 6957.07 0.155568
9.05100 6949.79 0.155643
9.05500 6955.86 0.155587
9.05900 6984.21 0.155324
9.06300 6928.14 0.155851
9.06700 6872.29 0.156403
9.07100 6932.64 0.155813
9.07500 6916.64 0.155965
9.07900 6912.29 0.156003
9.08300 6892.79 0.156193
9.08700 6931.36 0.155832
9.09100 6932.07 0.155813
9.09500 6976.43 0.155399
9.09900 6912.86 0.156003
9.10300 6932.86 0.155813
9.10700 6959.21 0.155549
9.11100 6923.57 0.155889
9.11500 6925.29 0.155889
9.11900 6954.93 0.155606
9.12300 6894 0.156174
9.12700 6931.07 0.155832
9.13100 6914.93 0.155984
9.13500 6947.5 0.155662
9.13900 6951.5 0.155624
9.14300 6939.07 0.155756
9.14700 6965.79 0.155493
9.15100 6951.27 0.156403
9.15500 6911.43 0.156022
9.15900 7019 0.154988
9.16300 7047.64 0.154728
9.16700 6990.6 0.156022
9.17100 7067.29 0.154543
9.17500 7226.13 0.15381
9.17900 7318.36 0.152233
9.18300 7406.57 0.151463
9.18700 7470.14 0.150893
9.19100 7416.93 0.151359
9.19500 7335.43 0.152092
9.19900 7172.69 0.15273
9.20300 7157.23 0.152872
9.20700 7148.46 0.152944
9.21100 7080.15 0.153574
9.21500 7001.08 0.154303
9.21900 7008.23 0.15423
9.22300 7028.23 0.154047
9.22700 7086.07 0.154358
9.23100 6973.31 0.154561
9.23500 7014.79 0.155025
9.23900 7043.36 0.154765
9.24300 7042.08 0.153919
9.24700 7047.77 0.153864
9.25100 7060.31 0.153755
9.25500 7060.31 0.153755
9.25900 7117.23 0.153231
9.26300 7077.85 0.153592
9.26700 7152.64 0.153737
9.27100 7034.5 0.154839
9.27500 7132.64 0.153919
9.27900 7137.21 0.153883
9.28300 7142 0.153846
9.28700 7143.5 0.153828
9.29100 7192.5 0.153375
9.29500 7206.21 0.153249
9.29900 7165.29 0.153628
9.30300 7207.21 0.153249
9.30700 7127.07 0.153974
9.31100 7228.07 0.153051
9.31500 7297.87 0.153141
9.31900 7205.64 0.153249
9.32300 7231 0.153033
9.32700 7273.86 0.152641
9.33100 7240.29 0.152944
9.33500 7342.36 0.152022
9.33900 7313 0.152286
9.34300 7330.14 0.152128
9.34700 7412.79 0.151394
9.35100 7579.07 0.149957
9.35500 7624.71 0.149571
9.35900 7777.5 0.148299
9.36300 7776.14 0.148299
9.36700 7800.43 0.148103
9.37100 7780.79 0.148266
9.37500 7769.57 0.148364
9.37900 7901.57 0.147282
9.38300 8231.43 0.144685
9.38700 8731.43 0.140999
9.39100 9810.43 0.133942
9.39500 12286.6 0.12109
9.39900 16156.5 0.106825
9.40300 20020.5 0.0966691
9.40700 21810.1 0.0928597
9.41100 21832.9 0.0928117
9.41500 20242.9 0.0961716
9.41900 16976.1 0.104399
9.42300 12859.6 0.118611
9.42700 9998.64 0.132815
9.43100 8716.21 0.141111
9.43500 8112.14 0.145602
9.43900 7853.86 0.147667
9.44300 7629.57 0.149537
9.44700 7523.43 0.150431
9.45100 7367 0.151812
9.45500 7353.86 0.151917
9.45900 7251.21 0.152837
9.46300 7260.79 0.152747
9.46700 7218.43 0.153141
9.47100 7178.79 0.153501
9.47500 7178.57 0.153501
9.47900 7227.86 0.153051
9.48300 7126.27 0.154728
9.48700 7119.36 0.154047
9.49100 7111.43 0.15412
9.49500 7078.21 0.154432
9.49900 7116.54 0.153231
9.50300 7055.07 0.154654
9.50700 7035.92 0.153974
9.51100 7054 0.15381
9.51500 7097.92 0.153411
9.51900 7101 0.153375
9.52300 7028.54 0.154047
9.52700 7035.62 0.153992
9.53100 7020.31 0.15412
9.53500 7012.15 0.154193
9.53900 6946 0.15482
9.54300 6982.93 0.155324
9.54700 7008.15 0.154248
9.55100 7010.62 0.154212
9.55500 6993.46 0.154377
9.55900 7026.57 0.154913
9.56300 6961.69 0.154672
9.56700 7054.23 0.15381
9.57100 7005.47 0.15587
9.57500 6997.29 0.155193
9.57900 6978.47 0.156136
9.58300 6980.71 0.155342
9.58700 6966.43 0.155493
9.59100 7017.79 0.155006
9.59500 7026.36 0.154913
9.59900 7018 0.155006
9.60300 6984.36 0.155324
9.60700 6998.21 0.155193
9.61100 7114 0.154102
9.61500 7163.5 0.153646
9.61900 7252.21 0.152837
9.62300 7467.21 0.150927
9.62700 7728.29 0.148708
9.63100 8028.87 0.146916
9.63500 8206.86 0.144882
9.63900 8160.57 0.145233
9.64300 7974.21 0.146694
9.64700 7628.14 0.149537
9.65100 7285.14 0.152534
9.65500 7153.21 0.153737
9.65900 7033.8 0.155606
9.66300 6957.36 0.155568
9.66700 6932.36 0.155813
9.67100 6943.71 0.1557
9.67500 6908.21 0.156041
9.67900 6914.64 0.155984
9.68300 6920.14 0.155927
9.68700 6912.29 0.156003
9.69100 6892.86 0.156193
9.69500 6901.07 0.156117
9.69900 6934.64 0.155794
9.70300 6943.86 0.1557
9.70700 6898.43 0.156136
9.71100 6885.21 0.156269
9.71500 6901.64 0.156117
9.71900 6912.14 0.156003
9.72300 6869.43 0.156422
9.72700 6847.21 0.156633
9.73100 6859.57 0.156518
9.73500 6882.29 0.156288
9.73900 6943.71 0.1557
9.74300 6882.93 0.156288
9.74700 6833.14 0.156768
9.75100 6853.14 0.156575
9.75500 6759.57 0.157505
9.75900 6847.21 0.156633
9.76300 6824.14 0.156864
9.76700 6817.29 0.156922
9.77100 6780.07 0.15729
9.77500 6766.2 0.158213
9.77900 6760.71 0.157485
9.78300 6785.07 0.157251
9.78700 6735.85 0.156845
9.79100 6815.46 0.15606
9.79500 6768.85 0.156518
9.79900 6767.21 0.157427
9.80300 6793.92 0.156269
9.80700 6820.69 0.156022
9.81100 6778.85 0.156422
9.81500 6774.08 0.156479
9.81900 6774.08 0.156479
9.82300 6794.38 0.156269
9.82700 6741.54 0.156787
9.83100 6794.31 0.156269
9.83500 6812.92 0.156098
9.83900 6757.08 0.156633
9.84300 6781.85 0.156403
9.84700 6779.15 0.156422
9.85100 6765.15 0.156556
9.85500 6779.21 0.15731
9.85900 6772.38 0.156479
9.86300 6790.54 0.156307
9.86700 6831.46 0.155908
9.87100 6804.31 0.156174
9.87500 6865.69 0.155587
9.87900 6853.62 0.1557
9.88300 6875.08 0.155493
9.88700 6875.69 0.155493
9.89100 6944.62 0.154839
9.89500 7030.54 0.154029
9.89900 7134.15 0.153069
9.90300 7368.85 0.150979
9.90700 7686.77 0.148282
9.91100 8295 0.143503
9.91500 9288.77 0.136602
9.91900 10731.7 0.128693
9.92300 11932.9 0.122242
9.92700 12390.5 0.120194
9.93100 12044.5 0.121734
9.93500 10635.2 0.128693
9.93900 9150.92 0.137503
9.94300 8124.08 0.144791
9.94700 7538.54 0.14952
9.95100 7224.92 0.152251
9.95500 7053.54 0.15381
9.95900 6979.57 0.155361
9.96300 6908.69 0.155174
9.96700 6845.85 0.155775
9.97100 6813.85 0.156079
9.97500 6816.15 0.15606
9.97900 6796.79 0.157135
9.98300 6759.86 0.157505
9.98700 6719.21 0.157897
9.99100 6663.71 0.158451
9.99500 6703.29 0.158055
9.99900 6774.21 0.157349
10.00300 6670.64 0.158391
10.00700 6742 0.157681
10.01100 6663.14 0.158471
10.01500 6681.73 0.159071
10.01900 6693.57 0.158153
10.02300 6709.14 0.157995
10.02700 6669.07 0.158411
10.03100 6639 0.15871
10.03500 6629.57 0.15881
10.03900 6683.43 0.158252
10.04300 6705.43 0.158035
10.04700 6630.71 0.15879
10.05100 6625.79 0.15885
10.05500 6631.07 0.15879
10.05900 6664 0.158451
10.06300 6646.93 0.15863
10.06700 6673.36 0.158371
10.07100 6662.57 0.158471
10.07500 6586.14 0.159253
10.07900 6682.29 0.158272
10.08300 6662.93 0.158471
10.08700 6664.71 0.158451
10.09100 6661.43 0.158491
10.09500 6714.64 0.157956
10.09900 6624.5 0.15885
10.10300 6646.07 0.15863
10.10700 6681.79 0.158272
10.11100 6681.64 0.158272
10.11500 6691.21 0.158173
10.11900 6701.57 0.158074
10.12300 6639.86 0.15871
10.12700 6641.14 0.15869
10.13100 6678.43 0.158312
10.13500 6698 0.158114
10.13900 6708.57 0.158015
10.14300 6699.71 0.158094
10.14700 6700.14 0.158094
10.15100 6686 0.159031
10.15500 6711.5 0.157976
10.15900 6788.93 0.157212
10.16300 6738.71 0.1577
10.16700 6722.6 0.15867
10.17100 6772.57 0.157368
10.17500 6745.87 0.158431
10.17900 6748.93 0.157603
10.18300 6765.57 0.157446
10.18700 6781.64 0.15729
10.19100 6807.86 0.157019
10.19500 6781 0.15729
10.19900 6797.54 0.15625
10.20300 6833.15 0.155889
10.20700 6902.69 0.15523
10.21100 6901.23 0.155249
10.21500 6937.31 0.154913
10.21900 6977 0.154524
10.22300 7077.54 0.153592
10.22700 7172 0.153556
10.23100 7230.77 0.152198
10.23500 7456.93 0.151013
10.23900 7593.5 0.149839
10.24300 7942.77 0.146208
10.24700 8510 0.141919
10.25100 9208.38 0.137128
10.25500 10119.8 0.131556
10.25900 11324.3 0.125147
10.26300 12380.7 0.120238
10.26700 12957.6 0.118196
10.27100 12717.9 0.119208
10.27500 11985.1 0.122453
10.27900 10710.4 0.12881
10.28300 9483.64 0.13597
10.28700 8647 0.141606
10.29100 8112.86 0.145602
10.29500 7823.07 0.147925
10.29900 7755.71 0.148478
10.30300 7816.36 0.147974
10.30700 7878.71 0.147458
10.31100 8252.14 0.144533
10.31500 8537.33 0.143003
10.31900 8711.5 0.141153
10.32300 8714.29 0.141125
10.32700 8592.71 0.142005
10.33100 8163.79 0.145202
10.33500 7838.07 0.147796
10.33900 7530.29 0.15038
10.34300 7323.21 0.152198
10.34700 7175.14 0.153538
10.35100 7121.86 0.154029
10.35500 7059.93 0.154598
10.35900 7059.43 0.154617
10.36300 7051.14 0.154691
10.36700 7082.86 0.154395
10.37100 7037.36 0.15482
10.37500 7050.57 0.154691
10.37900 7058.21 0.154617
10.38300 7166.36 0.15361
10.38700 7102.93 0.154193
10.39100 7094.36 0.154285
10.39500 7205.5 0.153249
10.39900 7252.43 0.152837
10.40300 7312.71 0.152286
10.40700 7471.5 0.150893
10.41100 7645.29 0.149404
10.41500 7775.71 0.148315
10.41900 8066.07 0.145974
10.42300 8520.64 0.142523
10.42700 8842.14 0.140234
10.43100 9257.14 0.137425
10.43500 9623.71 0.135086
10.43900 9839.93 0.133762
10.44300 9963.53 0.133523
10.44700 10006.7 0.132768
10.45100 10194.9 0.13167
10.45500 10616.1 0.129315
10.45900 11709.3 0.123749
10.46300 14496.9 0.112289
10.46700 20099 0.0964935
10.47100 28158.4 0.0822662
10.47500 34288.9 0.0748607
10.47900 36304.4 0.0728299
10.48300 34771.1 0.0743582
10.48700 30829.3 0.0787792
10.49100 24191.6 0.0884229
10.49500 16761.5 0.105019
10.49900 12161.5 0.121205
10.50300 10053.9 0.132488
10.50700 9071.15 0.138026
10.51100 8560.54 0.141549
10.51500 8239.23 0.143918
10.51900 7937.69 0.146254
10.52300 7817.62 0.147218
10.52700 7686.77 0.148282
10.53100 7566.85 0.149287
10.53500 7509.92 0.149772
10.53900 7473.92 0.150075
10.54300 7474.14 0.150859
10.54700 7499.62 0.149856
10.55100 7455.15 0.150227
10.55500 7594 0.149055
10.55900 7603.86 0.149755
10.56300 7713.69 0.148055
10.56700 7965.38 0.146036
10.57100 8150.8 0.145943
10.57500 8532 0.142436
10.57900 8892.87 0.140456
10.58300 9441.36 0.136234
10.58700 9738.93 0.134377
10.59100 9810.07 0.133942
10.59500 9677.43 0.134754
10.59900 9524 0.135719
10.60300 9289.79 0.137218
10.60700 9431.21 0.136297
10.61100 9888.64 0.133476
10.61500 11077.7 0.126877
10.61900 13327.6 0.116698
10.62300 16305.9 0.106371
10.62700 18509.3 0.100286
10.63100 19035.6 0.0991948
10.63500 18308.4 0.100794
10.63900 16569.9 0.105579
10.64300 13704.2 0.115217
10.64700 10960.1 0.127484
10.65100 9201.21 0.13779
10.65500 8320.79 0.144008
10.65900 7924.67 0.147747
10.66300 7690.86 0.149022
10.66700 7562.21 0.150109
10.67100 7504.86 0.150602
10.67500 7439.57 0.151169
10.67900 7423.93 0.151307
10.68300 7464.57 0.150944
10.68700 7466.43 0.150927
10.69100 7427.29 0.151272
10.69500 7468.79 0.15091
10.69900 7447.07 0.151099
10.70300 7487.93 0.150739
10.70700 7330.14 0.152128
10.71100 7292.86 0.152463
10.71500 7357.64 0.151882
10.71900 7354.57 0.151917
10.72300 7361.57 0.151847
10.72700 7326.21 0.152163
10.73100 7394.07 0.151567
10.73500 7416.43 0.151376
10.73900 7518.71 0.150482
10.74300 7580.57 0.14994
10.74700 7652.29 0.149337
10.75100 7756.43 0.148462
10.75500 7844.57 0.147747
10.75900 8080.29 0.145865
10.76300 8315.14 0.144053
10.76700 8624.29 0.141776
10.77100 9131.57 0.13825
10.77500 9830.67 0.134328
10.77900 10986.9 0.12735
10.78300 12550.8 0.119926
10.78700 14899.5 0.110546
10.79100 18117.3 0.101026
10.79500 21308.3 0.0936709
10.79900 23557.6 0.0895395
10.80300 23674.3 0.0891472
10.80700 21610.2 0.0930524
10.81100 18320.5 0.100504
10.81500 14640 0.111435
10.81900 11928.2 0.12227
10.82300 10109.6 0.131613
10.82700 9020 0.138369
10.83100 8467.08 0.142234
10.83500 8106.38 0.144928
10.83900 7821.77 0.147186
10.84300 7669.85 0.148429
10.84700 7541.38 0.149504
10.85100 7538.08 0.14952
10.85500 7494.14 0.150687
10.85900 7415.85 0.150568
10.86300 7422.31 0.150516
10.86700 7378.15 0.15091
10.87100 7325.77 0.151359
10.87500 7378.23 0.15091
10.87900 7378.46 0.150893
10.88300 7401.23 0.150704
10.88700 7321.54 0.151394
10.89100 7356.69 0.151082
10.89500 7384.08 0.150859
10.89900 7382.15 0.150876
10.90300 7404.62 0.15067
10.90700 7412.31 0.150602
10.91100 7411.77 0.150602
10.91500 7413.85 0.150585
10.91900 7442.29 0.151134
10.92300 7465.54 0.150143
10.92700 7477.69 0.150041
10.93100 7613.23 0.148889
10.93500 7666.15 0.148446
10.93900 7712 0.148071
10.94300 7764.85 0.147635
10.94700 7833.08 0.147091
10.95100 7984.92 0.145881
10.95500 8107.62 0.144928
10.95900 8352.43 0.14377
10.96300 8628.46 0.141069
10.96700 8742.62 0.140262
10.97100 8816.69 0.139754
10.97500 8806.15 0.139823
10.97900 8616.64 0.141819
10.98300 8462.86 0.142945
10.98700 8297.86 0.144187
10.99100 8118.71 0.145556
10.99500 8105.21 0.145664
10.99900 8204.5 0.144897
11.00300 8195.57 0.144958
11.00700 8413.43 0.143311
11.01100 8601 0.141933
11.01500 8860.13 0.140678
11.01900 9292.86 0.137192
11.02300 9935.5 0.133191
11.02700 10856.4 0.128026
11.03100 12212 0.12142
11.03500 14394.1 0.112659
11.03900 17846.1 0.102004
11.04300 22310.8 0.0918708
11.04700 26864.4 0.0841317
11.05100 29595.1 0.0803349
11.05500 29718.1 0.0801747
11.05900 27454.4 0.083264
11.06300 23548.1 0.0895574
11.06700 19273.6 0.0984088
11.07100 15510.7 0.108857
11.07500 12628.4 0.119591
11.07900 10779.9 0.128438
11.08300 9729.43 0.134437
11.08700 9003.86 0.139117
11.09100 8614.29 0.141848
11.09500 8359.86 0.14371
11.09900 8100.14 0.145695
11.10300 7957.93 0.146821
11.10700 7883.79 0.147426
11.11100 7775.64 0.148315
11.11500 7674.43 0.149154
11.11900 7610.21 0.149688
11.12300 7575 0.149991
11.12700 7520.43 0.150465
11.13100 7481.43 0.150807
11.13500 7489.21 0.150739
11.13900 7479.57 0.150824
11.14300 7369.86 0.151777
11.14700 7362.93 0.151847
11.15100 7379.4 0.15241
11.15500 7358.43 0.151882
11.15900 7360.79 0.151864
11.16300 7374.29 0.151742
11.16700 7310.13 0.153683
11.17100 7358.29 0.151882
11.17500 7327.27 0.152872
11.17900 7287.36 0.152516
11.18300 7309 0.152322
11.18700 7322.21 0.152198
11.19100 7296.86 0.152428
11.19500 7288.29 0.152516
11.19900 7252.38 0.152004
11.20300 7300 0.151585
11.20700 7311.46 0.15148
11.21100 7277.62 0.151794
11.21500 7301.62 0.151567
11.21900 7304.54 0.15155
11.22300 7298.77 0.151602
11.22700 7280.69 0.151759
11.23100 7230.38 0.152216
11.23500 7244.79 0.152908
11.23900 7281.93 0.15257
11.24300 7243.69 0.152092
11.24700 7267.54 0.151882
11.25100 7307.15 0.151533
11.25500 7286.85 0.151707
11.25900 7314.62 0.151463
11.26300 7269.38 0.151864
11.26700 7310.43 0.152304
11.27100 7306.36 0.152339
11.27500 7296.29 0.152428
11.27900 7320.29 0.152216
11.28300 7300.79 0.152392
11.28700 7369.93 0.151777
11.29100 7413.64 0.151394
11.29500 7438.43 0.151169
11.29900 7504.21 0.150602
11.30300 7556.57 0.15016
11.30700 7579.14 0.149957
11.31100 7768.36 0.148364
11.31500 7882.53 0.148103
11.31900 7967.79 0.146742
11.32300 8246.5 0.144564
11.32700 8580.93 0.142076
11.33100 9116.43 0.138356
11.33500 9764.07 0.134219
11.33900 11001.2 0.127267
11.34300 12799.8 0.118862
11.34700 15411.3 0.109174
11.35100 18284.5 0.100856
11.35500 20277.4 0.0960961
11.35900 20905.5 0.0947282
11.36300 19557.8 0.0977344
11.36700 17099.9 0.104048
11.37100 13781.2 0.114927
11.37500 11297.9 0.125759
11.37900 9551.43 0.135544
11.38300 8694 0.141266
11.38700 8095.79 0.145741
11.39100 7792.14 0.148168
11.39500 7691.57 0.149005
11.39900 7546.79 0.150244
11.40300 7416.14 0.151376
11.40700 7374.57 0.151742
11.41100 7366.29 0.151812
11.41500 7283.93 0.152552
11.41900 7240.86 0.152944
11.42300 7261 0.152747
11.42700 7207 0.153249
11.43100 7158.79 0.153683
11.43500 7190.43 0.153393
11.43900 7148.14 0.153792
11.44300 7178.33 0.154248
11.44700 7161.79 0.153664
11.45100 7160.64 0.153664
11.45500 7124.21 0.15401
11.45900 7074.79 0.154469
11.46300 7146.93 0.153792
11.46700 7137.57 0.153883
11.47100 7160.07 0.153664
11.47500 7114.29 0.154102
11.47900 7135.07 0.153901
11.48300 7065 0.154561
11.48700 7082.5 0.154395
11.49100 7100.43 0.15423
11.49500 7136.64 0.153883
11.49900 7112.38 0.153285
11.50300 7130.29 0.153956
11.50700 7086.92 0.153501
11.51100 7064.23 0.153719
11.51500 7143.31 0.152998
11.51900 7111.38 0.153285
11.52300 7198.92 0.152499
11.52700 7159.31 0.152854
11.53100 7147.23 0.152962
11.53500 7074.85 0.153628
11.53900 7137.15 0.153051
11.54300 7145.5 0.15381
11.54700 7176 0.152694
11.55100 7226.08 0.152251
11.55500 7146.77 0.152962
11.55900 7199.79 0.153303
11.56300 7224.85 0.152251
11.56700 7251.92 0.152022
11.57100 7193.4 0.154102
11.57500 7301.5 0.152392
11.57900 7288.8 0.153231
11.58300 7298.07 0.152428
11.58700 7348.93 0.151969
11.59100 7432.57 0.15122
11.59500 7525.71 0.150414
11.59900 7584.21 0.149923
11.60300 7531.71 0.150363
11.60700 7573.36 0.150008
11.61100 7540.86 0.150295
11.61500 7582.14 0.14994
11.61900 7608.86 0.149705
11.62300 7727.36 0.148708
11.62700 7768.29 0.148364
11.63100 8043 0.146789
11.63500 8422.29 0.143252
11.63900 8849.36 0.140179
11.64300 9123.86 0.138303
11.64700 9383.5 0.136602
11.65100 9677.93 0.134754
11.65500 10119.4 0.132106
11.65900 10532.3 0.130244
11.66300 11245.4 0.126018
11.66700 12534.1 0.119995
11.67100 14560.1 0.11207
11.67500 17636.4 0.102565
11.67900 22634.1 0.0912491
11.68300 29800.9 0.0800692
11.68700 37773.4 0.0714504
11.69100 43984 0.0663796
11.69500 46293 0.0647524
11.69900 44344.6 0.0661165
11.70300 39139.8 0.0702347
11.70700 31283.1 0.0782301
11.71100 23453.1 0.0897303
11.71500 17486.4 0.102978
11.71900 13883.3 0.114535
11.72300 11848.5 0.123091
11.72700 10899.3 0.127807
11.73100 10255.4 0.131329
11.73500 9856.43 0.133666
11.73900 9321.93 0.136999
11.74300 8844 0.140221
11.74700 8291.5 0.144232
11.75100 7868.36 0.147554
11.75500 7524.43 0.150431
11.75900 7358.21 0.151882
11.76300 7260.64 0.152765
11.76700 7160.14 0.153664
11.77100 7083.21 0.154377
11.77500 6965.27 0.156269
11.77900 6980 0.155361
11.78300 6947.21 0.155662
11.78700 6928.54 0.154988
11.79100 6912.46 0.155137
11.79500 6852.31 0.155719
11.79900 6880.14 0.156326
11.80300 6842.85 0.155813
11.80700 6841.54 0.155813
11.81100 6813.92 0.156079
11.81500 6803.08 0.156193
11.81900 6838.92 0.155851
11.82300 6792 0.156288
11.82700 6795.69 0.156269
11.83100 6781.31 0.156403
11.83500 6785 0.156365
11.83900 6775.62 0.15646
11.84300 6810.77 0.156117
11.84700 6770.46 0.156499
11.85100 6782.15 0.156384
11.85500 6784.86 0.157251
11.85900 6814.85 0.156079
11.86300 6844.77 0.155794
11.86700 6865.23 0.155587
11.87100 6932.15 0.15495
11.87500 7008.92 0.15423
11.87900 7121.62 0.153195
11.88300 7293.08 0.151654
11.88700 7430.46 0.150448
11.89100 7643.23 0.148642
11.89500 7978.23 0.145927
11.89900 8330.62 0.143238
11.90300 8723 0.141069
11.90700 9008.23 0.138449
11.91100 8976.92 0.138662
11.91500 8697.85 0.14058
11.91900 8360.85 0.143003
11.92300 8014.77 0.145648
11.92700 7644.23 0.148642
11.93100 7303.31 0.151567
11.93500 7046.77 0.153883
11.93900 6918.69 0.155081
11.94300 6836.85 0.15587
11.94700 6799.31 0.156231
11.95100 6845.62 0.155775
11.95500 6960.08 0.154691
11.95900 7017.36 0.155006
11.96300 7086.31 0.153519
11.96700 7065.92 0.153701
11.97100 7025.08 0.154083
11.97500 6957.54 0.154709
11.97900 6810.79 0.156999
11.98300 6693.57 0.158153
11.98700 6676.07 0.158332
11.99100 6615.5 0.158951
11.99500 6526.71 0.159862
11.99900 6583.07 0.159273
12.00300 6562.64 0.159496
12.00700 6568.93 0.159435
12.01100 6538.07 0.15974
12.01500 6562.6 0.160313
12.01900 6593.57 0.159172
12.02300 6674.36 0.158352
12.02700 6762.29 0.157466
12.03100 6778.64 0.15731
12.03500 6864.07 0.156479
12.03900 6956.07 0.155587
12.04300 6978.79 0.155361
12.04700 6950.29 0.155643
12.05100 6940.29 0.155738
12.05500 6930.79 0.155832
12.05900 7002.57 0.155137
12.06300 7126.43 0.153992
12.06700 7308.43 0.152322
12.07100 7637.14 0.14947
12.07500 7754.93 0.148478
12.07900 7845 0.147747
12.08300 7794.64 0.148152
12.08700 7609.29 0.149705
12.09100 7502.64 0.150619
12.09500 7460.14 0.150979
12.09900 7502.86 0.150619
12.10300 7710.36 0.148856
12.10700 8064.21 0.145989
12.11100 8498.5 0.142683
12.11500 9060.86 0.138728
12.11900 9683.36 0.134718
12.12300 10069.1 0.132407
12.12700 10145.6 0.131956
12.13100 9864.14 0.133619
12.13500 9403.07 0.136475
12.13900 8831.29 0.140303
12.14300 8056.14 0.146052
12.14700 7486.36 0.150756
12.15100 7057.67 0.15538
12.15500 6810.93 0.156999
12.15900 6749.21 0.157603
12.16300 6641.64 0.15869
12.16700 6553.56 0.161144
12.17100 6527.43 0.159862
12.17500 6543.6 0.160499
12.17900 6526.64 0.159862
12.18300 6492 0.160231
12.18700 6554.07 0.159577
12.19100 6506.14 0.160067
12.19500 6540.93 0.159719
12.19900 6536.15 0.15885
12.20300 6573 0.158471
12.20700 6666.38 0.157524
12.21100 6677.69 0.157427
12.21500 6704.23 0.157154
12.21900 6816.54 0.15606
12.22300 6938.46 0.154895
12.22700 7157.69 0.152872
12.23100 7476.62 0.150058
12.23500 8319.36 0.144023
12.23900 9547.57 0.135569
12.24300 11196.3 0.125779
12.24700 12842.4 0.118271
12.25100 13739.7 0.114708
12.25500 13461.5 0.115779
12.25900 12204.2 0.121019
12.26300 10315.1 0.130443
12.26700 8801.36 0.140511
12.27100 7830 0.14786
12.27500 7337.93 0.152057
12.27900 7005.57 0.155118
12.28300 6797.5 0.157115
12.28700 6692.07 0.158173
12.29100 6672 0.158371
12.29500 6597.07 0.159132
12.29900 6552.64 0.159597
12.30300 6539.93 0.159719
12.30700 6464.07 0.16052
12.31100 6500.93 0.160128
12.31500 6438.53 0.161627
12.31900 6412.07 0.16106
12.32300 6407.79 0.161102
12.32700 6373.5 0.161479
12.33100 6384.43 0.161353
12.33500 6413.43 0.16106
12.33900 6385 0.161353
12.34300 6358 0.161648
12.34700 6360.57 0.161606
12.35100 6432.36 0.160852
12.35500 6381.86 0.161395
12.35900 6403.71 0.161165
12.36300 6439.29 0.160768
12.36700 6465.5 0.160499
12.37100 6435.64 0.16081
12.37500 6462.14 0.16054
12.37900 6419.29 0.160997
12.38300 6452.71 0.160644
12.38700 6433.21 0.160852
12.39100 6444.57 0.160727
12.39500 6455.86 0.160602
12.39900 6448.21 0.160685
12.40300 6491.14 0.160231
12.40700 6450.21 0.160665
12.41100 6512.07 0.160005
12.41500 6549.86 0.159617
12.41900 6577.79 0.159333
12.42300 6637.29 0.15873
12.42700 6679.71 0.158292
12.43100 6702.36 0.158074
12.43500 6816.21 0.156941
12.43900 6929.07 0.155851
12.44300 7077 0.155193
12.44700 7292.36 0.152463
12.45100 7573.64 0.150008
12.45500 7979.79 0.146647
12.45900 8563.79 0.142206
12.46300 9534.29 0.135644
12.46700 11111.1 0.126704
12.47100 13532.6 0.115888
12.47500 16523.3 0.105721
12.47900 19293.8 0.0983612
12.48300 20261.2 0.0961316
12.48700 19757.8 0.0972709
12.49100 18416.2 0.100519
12.49500 16096 0.107008
12.49900 13254.4 0.116595
12.50300 10558.6 0.12963
12.50700 8833.92 0.139632
12.51100 7953.46 0.14613
12.51500 7465.77 0.150143
12.51900 7112.38 0.153285
12.52300 6908.38 0.155174
12.52700 6732.69 0.156883
12.53100 6625.62 0.157936
12.53500 6527.38 0.15893
12.53900 6453.15 0.159699
12.54300 6436.62 0.159862
12.54700 6476.92 0.159455
12.55100 6392.15 0.160334
12.55500 6363.31 0.160644
12.55900 6355.79 0.161669
12.56300 6360.85 0.160665
12.56700 6335.23 0.160935
12.57100 6342.73 0.16265
12.57500 6321.64 0.16203
12.57900 6275.33 0.163408
12.58300 6264.29 0.16265
12.58700 6276.07 0.162521
12.59100 6280.93 0.162478
12.59500 6246.43 0.162866
12.59900 6290.93 0.162371
12.60300 6254.5 0.162758
12.60700 6263.86 0.162672
12.61100 6285.71 0.162435
12.61500 6240.27 0.16378
12.61900 6264.5 0.16265
12.62300 6288.57 0.162392
12.62700 6267.57 0.162629
12.63100 6251.27 0.163671
12.63500 6317.86 0.162072
12.63900 6290.21 0.162371
12.64300 6245.14 0.162866
12.64700 6240.5 0.16293
12.65100 6229.79 0.163039
12.65500 6290.21 0.162371
12.65900 6273.93 0.163408
12.66300 6278.5 0.1625
12.66700 6240.43 0.16293
12.67100 6242.57 0.162909
12.67500 6226.79 0.163082
12.67900 6272.36 0.162564
12.68300 6273.79 0.162564
12.68700 6258.29 0.162736
12.69100 6274.36 0.162543
12.69500 6296 0.162307
12.69900 6284.14 0.162435
12.70300 6298 0.162285
12.70700 6287.93 0.162392
12.71100 6309.07 0.162179
12.71500 6346 0.161775
12.71900 6318.21 0.162072
12.72300 6336.29 0.161881
12.72700 6324.43 0.162008
12.73100 6328 0.161966
12.73500 6399.79 0.161206
12.73900 6426.36 0.160914
12.74300 6487.14 0.160272
12.74700 6494.07 0.16021
12.75100 6557.71 0.159536
12.75500 6596.36 0.159152
12.75900 6649.64 0.15861
12.76300 6675.29 0.158352
12.76700 6759.36 0.157505
12.77100 6896.43 0.156155
12.77500 7037.47 0.155568
12.77900 7256.79 0.152783
12.78300 7483.14 0.15079
12.78700 7931.29 0.147043
12.79100 8523.21 0.142509
12.79500 9252.93 0.137451
12.79900 10278.9 0.13167
12.80300 11217.7 0.126158
12.80700 11891.2 0.122896
12.81100 11954.6 0.1226
12.81500 11166.2 0.12642
12.81900 9759.93 0.134255
12.82300 8543.79 0.14235
12.82700 7632.79 0.149504
12.83100 7241.29 0.152926
12.83500 7139.21 0.153864
12.83900 7115.93 0.154083
12.84300 7162.07 0.153646
12.84700 7364.5 0.151829
12.85100 7567.21 0.150058
12.85500 7901.6 0.147941
12.85900 8495 0.142712
12.86300 9211.64 0.137725
12.86700 10160.1 0.131876
12.87100 11300.9 0.125739
12.87500 12404.2 0.120569
12.87900 13118.2 0.117541
12.88300 13266.7 0.116937
12.88700 13043.9 0.117843
12.89100 12532 0.120004
12.89500 11947.4 0.122628
12.89900 11389.2 0.125304
12.90300 11308.9 0.126128
12.90700 11877.9 0.122952
12.91100 12588.1 0.119763
12.91500 13136.1 0.117468
12.91900 13476.1 0.116107
12.92300 13280.4 0.116881
12.92700 12986.6 0.118081
12.93100 12157.5 0.121671
12.93500 11159.2 0.126461
12.93900 10289.6 0.131137
12.94300 9501.29 0.135857
12.94700 9074.79 0.138635
12.95100 8747.5 0.140887
12.95500 8550.79 0.142306
12.95900 8497.53 0.143296
12.96300 8412.5 0.143326
12.96700 8415.79 0.143296
12.97100 8348.36 0.143799
12.97500 8397.79 0.143429
12.97900 8371.4 0.144247
12.98300 8339.4 0.144488
12.98700 8271.87 0.145004
12.99100 8223.8 0.145371
12.99500 8247.4 0.145187
12.99900 8213.47 0.145448
13.00300 8081.13 0.14649
13.00700 8076.07 0.146537
13.01100 7991 0.147218
13.01500 7948.38 0.148136
13.01900 7937.87 0.147651
13.02300 7901.6 0.147941
13.02700 7853.07 0.148331
13.03100 7873.87 0.148168
13.03500 7797.27 0.148807
13.03900 7744.53 0.149237
13.04300 7812 0.148675
13.04700 7786.33 0.148889
13.05100 7751.6 0.149187
13.05500 7766.47 0.149055
13.05900 7755.07 0.149154
13.06300 7693.27 0.149671
13.06700 7687.87 0.149721
13.07100 7759.33 0.149121
13.07500 7713.93 0.149504
13.07900 7731.87 0.149354
13.08300 7719.87 0.149454
13.08700 7681.87 0.149772
13.09100 7701.53 0.149604
13.09500 7696.13 0.149654
13.09900 7639.33 0.150126
13.10300 7631.33 0.15021
13.10700 7580.13 0.150636
13.11100 7563.6 0.15079
13.11500 7467.67 0.15162
13.11900 7376.33 0.152445
13.12300 7311.47 0.153015
13.12700 7219.27 0.153864
13.13100 7210.6 0.153937
13.13500 7142.6 0.15458
13.13900 7163.53 0.154377
13.14300 7044.93 0.155493
13.14700 6994.47 0.155984
13.15100 6907.31 0.157524
13.15500 6924.8 0.156652
13.15900 6905.93 0.156845
13.16300 6860.2 0.15729
13.16700 6795.47 0.159273
13.17100 6741.47 0.158471
13.17500 6719.06 0.159414
13.17900 6729.67 0.15859
13.18300 6677.47 0.159111
13.18700 6669.47 0.159212
13.19100 6649.67 0.159414
13.19500 6577.27 0.160149
13.19900 6563.29 0.159475
13.20300 6529.57 0.159842
13.20700 6496.71 0.160169
13.21100 6501.14 0.160128
13.21500 6446.57 0.160706
13.21900 6384.93 0.161353
13.22300 6440.86 0.160768
13.22700 6393.29 0.161269
13.23100 6384.79 0.161353
13.23500 6336.73 0.162715
13.23900 6333.2 0.162758
13.24300 6310 0.162157
13.24700 6273 0.162564
13.25100 6340.71 0.161839
13.25500 6306.64 0.1622
13.25900 6318.14 0.162072
13.26300 6235.29 0.162974
13.26700 6263.07 0.163539
13.27100 6180.56 0.16525
13.27500 6199.47 0.164244
13.27900 6181 0.164443
13.28300 6127.73 0.16507
13.28700 6177.8 0.164488
13.29100 6134.73 0.16498
13.29500 6189.73 0.164355
13.29900 6197.6 0.164266
13.30300 6183.2 0.164421
13.30700 6182.73 0.164443
13.31100 6215.73 0.164067
13.31500 6286.38 0.164045
13.31900 6288.93 0.163256
13.32300 6383.67 0.162221
13.32700 6396.07 0.162072
13.33100 6398.93 0.162051
13.33500 6357.73 0.1625
13.33900 6292.47 0.163212
13.34300 6322.93 0.162866
13.34700 6229.93 0.163912
13.35100 6243.87 0.163758
13.35500 6212.87 0.164089
13.35900 6266.27 0.163496
13.36300 6242.53 0.163758
13.36700 6390.87 0.162136
13.37100 6484.6 0.161123
13.37500 6690.13 0.158991
13.37900 7028.53 0.155662
13.38300 7553.87 0.150876
13.38700 8157.47 0.145896
13.39100 8653.87 0.142148
13.39500 8854.07 0.14072
13.39900 8812.47 0.141013
13.40300 8477.07 0.143444
13.40700 7916.4 0.147812
13.41100 7315 0.152998
13.41500 6815.6 0.15772
13.41900 6535.73 0.160582
13.42300 6338.53 0.162693
13.42700 6235.2 0.163846
13.43100 6146.6 0.164845
13.43500 6180.27 0.164466
13.43900 6133.87 0.16498
13.44300 6104.75 0.166114
13.44700 6103.33 0.16534
13.45100 6088.6 0.165499
13.45500 6070.27 0.165726
13.45900 6056.93 0.165862
13.46300 6078.67 0.165612
13.46700 6109.87 0.165272
13.47100 6095.4 0.165431
13.47500 6064.33 0.165794
13.47900 6086.93 0.165521
13.48300 6065.67 0.165771
13.48700 6103.27 0.16534
13.49100 6083.33 0.165567
13.49500 6161.73 0.164666
13.49900 6143.43 0.164001
13.50300 6226.13 0.163956
13.50700 6277.07 0.162521
13.51100 6430.57 0.160872
13.51500 6498.14 0.160169
13.51900 6520.21 0.159923
13.52300 6496.29 0.160169
13.52700 6399.21 0.161206
13.53100 6274.57 0.162543
13.53500 6190.93 0.163474
13.53900 6115.07 0.16431
13.54300 6115 0.16431
13.54700 6092.64 0.164577
13.55100 6069.64 0.164845
13.55500 6068.5 0.164845
13.55900 6066.87 0.165748
13.56300 6070.57 0.164823
13.56700 6089.29 0.164622
13.57100 6074.93 0.164778
13.57500 6077.57 0.164756
13.57900 6055.67 0.165885
13.58300 6060.43 0.164935
13.58700 6072 0.1648
13.59100 6090.93 0.164599
13.59500 6049.14 0.16507
13.59900 6042.79 0.165137
13.60300 5998.21 0.165657
13.60700 6041.5 0.16516
13.61100 6003.21 0.165589
13.61500 5986.93 0.16669
13.61900 5934.14 0.166413
13.62300 5985.21 0.165817
13.62700 5949.71 0.166229
13.63100 5984.33 0.166713
13.63500 5974.36 0.165931
13.63900 6025.43 0.16534
13.64300 5977.57 0.165885
13.64700 5926.36 0.166505
13.65100 5905.93 0.166736
13.65500 5953.21 0.166183
13.65900 5914.47 0.167553
13.66300 5971.5 0.165977
13.66700 5996.5 0.16568
13.67100 5927.14 0.166482
13.67500 5945.07 0.166275
13.67900 5925 0.166505
13.68300 5923.64 0.166528
13.68700 5908.07 0.166713
13.69100 5916.93 0.166597
13.69500 5977.5 0.165908
13.69900 5987.14 0.165794
13.70300 6003.07 0.165589
13.70700 5922.29 0.166551
13.71100 5939.93 0.166344
13.71500 5895.86 0.166852
13.71900 5884 0.166992
13.72300 5910.5 0.16669
13.72700 5912.5 0.166667
13.73100 5904.5 0.166759
13.73500 5884.86 0.166992
13.73900 5922.93 0.166528
13.74300 5941.71 0.166321
13.74700 5910.5 0.16669
13.75100 5899.14 0.166806
13.75500 5876.29 0.167085
13.75900 5883.43 0.166992
13.76300 5834.36 0.167577
13.76700 5865.29 0.167225
13.77100 5849.14 0.167412
13.77500 5872.27 0.168049
13.77900 5862 0.167248
13.78300 5858.79 0.167295
13.78700 5842.5 0.167483
13.79100 5829.57 0.167647
13.79500 5878.36 0.167062
13.79900 5910.2 0.1676
13.80300 5853.43 0.167365
13.80700 5833.57 0.1676
13.81100 5865.86 0.167202
13.81500 5865.79 0.167202
13.81900 5895.64 0.166852
13.82300 5913.07 0.166644
13.82700 5908.21 0.166713
13.83100 5947.79 0.166252
13.83500 5945.29 0.166275
13.83900 5942.43 0.166298
13.84300 5968.71 0.165999
13.84700 6077.21 0.164756
13.85100 6096.57 0.164532
13.85500 6136.53 0.164957
13.85900 6236.87 0.163824
13.86300 6368.43 0.161522
13.86700 6490.5 0.160231
13.87100 6733.64 0.157759
13.87500 7067.29 0.154543
13.87900 7577.64 0.149974
13.88300 8353.71 0.143755
13.88700 9238.5 0.137555
13.89100 10135.7 0.132014
13.89500 10864.1 0.127984
13.89900 11444.9 0.125029
13.90300 11909.1 0.123204
13.90700 12401.4 0.120151
13.91100 12733.5 0.118728
13.91500 12704.4 0.118846
13.91900 12238.1 0.120869
13.92300 11219.6 0.125669
13.92700 10109.8 0.131613
13.93100 9030.31 0.138303
13.93500 8049.46 0.145371
13.93900 7446.85 0.150312
13.94300 6963.08 0.154654
13.94700 6692.69 0.157271
13.95100 6479.46 0.159435
13.95500 6289.08 0.161437
13.95900 6192.43 0.163452
13.96300 6033.08 0.164244
13.96700 5934.77 0.165363
13.97100 5971.62 0.164957
13.97500 5897.31 0.165817
13.97900 5798.14 0.168026
13.98300 5795.21 0.168049
13.98700 5738.5 0.168742
13.99100 5694.86 0.169297
13.99500 5681.86 0.169443
13.99900 5709.64 0.169103
14.00300 5636.86 0.170005
14.00700 5657.71 0.16976
14.01100 5584.64 0.170672
14.01500 5587.53 0.1716
14.01900 5596.14 0.170523
14.02300 5586 0.170647
14.02700 5592.07 0.170573
14.03100 5567.86 0.170872
14.03500 5537.43 0.171272
14.03900 5481.86 0.17198
14.04300 5518.5 0.171524
14.04700 5541.5 0.171222
14.05100 5523.29 0.171448
14.05500 5486.71 0.171929
14.05900 5538.29 0.171272
14.06300 5510.36 0.171625
14.06700 5463.43 0.172235
14.07100 5503.21 0.171726
14.07500 5457.36 0.172311
14.07900 5494.36 0.171827
14.08300 5494.93 0.171827
14.08700 5471.79 0.172133
14.09100 5502.36 0.171726
14.09500 5576.71 0.170772
14.09900 5616.79 0.170276
14.10300 5577.86 0.170747
14.10700 5665.29 0.169662
14.11100 5674.43 0.16954
14.11500 5670.86 0.169589
14.11900 5694.21 0.169297
14.12300 5688 0.16937
14.12700 5649.36 0.169858
14.13100 5692.29 0.169321
14.13500 5702.21 0.1692
14.13900 5810.14 0.167884
14.14300 5929.36 0.166459
14.14700 6117.29 0.164288
14.15100 6544.14 0.159678
14.15500 7168.21 0.153592
14.15900 7743.43 0.148577
14.16300 8034.29 0.146223
14.16700 8015 0.147602
14.17100 7793.57 0.148168
14.17500 7353.8 0.152641
14.17900 6765.07 0.157446
14.18300 6268.21 0.162607
14.18700 5890.29 0.166922
14.19100 5719.21 0.168983
14.19500 5659.5 0.169736
14.19900 5539.85 0.170128
14.20300 5452 0.171247
14.20700 5498.77 0.170672
14.21100 5449.54 0.171297
14.21500 5398 0.171954
14.21900 5454.92 0.171222
14.22300 5417.38 0.171701
14.22700 5416.92 0.171701
14.23100 5402.92 0.171904
14.23500 5415.14 0.172877
14.23900 5394.79 0.173136
14.24300 5401.08 0.171929
14.24700 5392.54 0.172031
14.25100 5422.23 0.17165
14.25500 5383.31 0.172158
14.25900 5432.38 0.171524
14.26300 5383 0.172158
14.26700 5426.79 0.172722
14.27100 5402.47 0.174051
14.27500 5399.36 0.173084
14.27900 5387.29 0.17324
14.28300 5410.43 0.172929
14.28700 5393.21 0.173162
14.29100 5387.36 0.17324
14.29500 5435.14 0.172593
14.29900 5408.07 0.172954
14.30300 5426.57 0.172722
14.30700 5343.57 0.173814
14.31100 5439.29 0.172542
14.31500 5426.47 0.173736
14.31900 5434.64 0.172619
14.32300 5437.93 0.172568
14.32700 5451.29 0.172388
14.33100 5454.64 0.172337
14.33500 5462.64 0.172235
14.33900 5459.86 0.172286
14.34300 5471.64 0.172133
14.34700 5527.21 0.171398
14.35100 5556.29 0.171021
14.35500 5571.07 0.170847
14.35900 5602.14 0.170449
14.36300 5706.79 0.169152
14.36700 5796 0.168049
14.37100 5880.29 0.167038
14.37500 6118.79 0.164288
14.37900 6351.14 0.161712
14.38300 6643.36 0.15867
14.38700 6924.5 0.155889
14.39100 7123 0.15401
14.39500 7196.93 0.153339
14.39900 7036.71 0.15482
14.40300 6768.29 0.157407
14.40700 6412.21 0.16106
14.41100 6183.07 0.163561
14.41500 5989.79 0.165748
14.41900 5800.64 0.168002
14.42300 5733.86 0.168814
14.42700 5641.79 0.169956
14.43100 5572.64 0.170822
14.43500 5585.43 0.170672
14.43900 5519.07 0.171499
14.44300 5484.27 0.172954
14.44700 5480.36 0.172005
14.45100 5472.14 0.172107
14.45500 5468.14 0.172158
14.45900 5439.57 0.172542
14.46300 5394.5 0.173136
14.46700 5417.86 0.172825
14.47100 5431.14 0.172645
14.47500 5384.93 0.173266
14.47900 5372.36 0.173422
14.48300 5330.14 0.173999
14.48700 5380.71 0.173318
14.49100 5380.21 0.173318
14.49500 5395.14 0.173136
14.49900 5337.69 0.172748
14.50300 5358.79 0.173605
14.50700 5308.23 0.173136
14.51100 5327.69 0.172877
14.51500 5316.23 0.173032
14.51900 5302.77 0.173214
14.52300 5332.15 0.172825
14.52700 5309.85 0.17311
14.53100 5267.23 0.173683
14.53500 5258 0.173814
14.53900 5237.54 0.174078
14.54300 5228.46 0.17421
14.54700 5244.85 0.173999
14.55100 5243.08 0.174025
14.55500 5210.77 0.174448
14.55900 5230.43 0.175358
14.56300 5204.62 0.174528
14.56700 5277.54 0.173553
14.57100 5209.85 0.174475
14.57500 5222.31 0.174289
14.57900 5240.57 0.175223
14.58300 5250.69 0.17392
14.58700 5213.77 0.174422
14.59100 5273.92 0.173605
14.59500 5262.85 0.173736
14.59900 5233.54 0.174157
14.60300 5206 0.174528
14.60700 5232.85 0.174157
14.61100 5191.62 0.174714
14.61500 5185 0.175981
14.61900 5175 0.174955
14.62300 5163 0.175116
14.62700 5160.38 0.175142
14.63100 5173.14 0.176145
14.63500 5098.23 0.176008
14.63900 5139.08 0.175439
14.64300 5113.15 0.175791
14.64700 5083.31 0.176227
14.65100 5125.54 0.175628
14.65500 5142.38 0.175385
14.65900 5105.07 0.177109
14.66300 5108.92 0.175872
14.66700 5093.92 0.176063
14.67100 5094.08 0.176063
14.67500 5082.46 0.176227
14.67900 5123.93 0.17686
14.68300 5076.5 0.177527
14.68700 5071.86 0.177583
14.69100 5045.43 0.177977
14.69500 5085.57 0.177388
14.69900 5051.21 0.177892
14.70300 5059.79 0.177751
14.70700 5070.21 0.177611
14.71100 5074 0.177555
14.71500 5064.07 0.177695
14.71900 5056.36 0.177808
14.72300 5042.57 0.178005
14.72700 5010.86 0.178486
14.73100 5027.47 0.179316
14.73500 5048.14 0.17792
14.73900 4990.14 0.178771
14.74300 5019.14 0.178344
14.74700 5033.14 0.178146
14.75100 5031.21 0.178174
14.75500 4984.71 0.178857
14.75900 5014.86 0.178401
14.76300 5008.36 0.178515
14.76700 5000.86 0.178628
14.77100 4989.43 0.1788
14.77500 5017.2 0.17949
14.77900 5023.93 0.178287
14.78300 5020.29 0.178344
14.78700 5011.21 0.178458
14.79100 5049 0.17792
14.79500 4996.86 0.178685
14.79900 5027.71 0.178231
14.80300 5084.5 0.177415
14.80700 5163.64 0.176282
14.81100 5177.36 0.17609
14.81500 5282.57 0.174634
14.81900 5382.93 0.173292
14.82300 5559.71 0.170996
14.82700 5541.93 0.171222
14.83100 5512.07 0.1716
14.83500 5449.79 0.172414
14.83900 5293.79 0.174501
14.84300 5158.64 0.176364
14.84700 5069.36 0.177639
14.85100 5035.5 0.178118
14.85500 5032.87 0.179259
14.85900 4966.73 0.180217
14.86300 5010 0.178486
14.86700 4955.14 0.179287
14.87100 4907.21 0.180012
14.87500 4931.5 0.179634
14.87900 4874.71 0.180481
14.88300 4872.79 0.18051
14.88700 4861.43 0.180687
14.89100 4884.64 0.180334
14.89500 4867 0.180598
14.89900 4862.79 0.180657
14.90300 4874.53 0.181638
14.90700 4864.08 0.179403
14.91100 4870.62 0.179287
14.91500 4879.08 0.179172
14.91900 4883.15 0.179115
14.92300 4872 0.179259
14.92700 5004.77 0.177332
14.93100 5147.08 0.175331
14.93500 5251.23 0.173893
14.93900 5515.31 0.170449
14.94300 5750.38 0.167553
14.94700 5932.85 0.165385
14.95100 5949.31 0.165205
14.95500 5837.54 0.166505
14.95900 5650.14 0.169833
14.96300 5391.08 0.172056
14.96700 5128.92 0.175574
14.97100 5019.08 0.177137
14.97500 4965.54 0.177892
14.97900 4902.36 0.180071
14.98300 4841.57 0.180983
14.98700 4808.36 0.181489
14.99100 4770.29 0.182089
14.99500 4786.29 0.181848
14.99900 4782.64 0.181908
15.00300 4775.86 0.181999
15.00700 4724.14 0.182818
15.01100 4755.43 0.182331
15.01500 4719.93 0.184053
15.01900 4697.64 0.183217
15.02300 4687.21 0.183401
15.02700 4708.5 0.183063
15.03100 4726.86 0.182757
15.03500 4689.14 0.183371
15.03900 4685 0.183432
15.04300 4701.79 0.183155
15.04700 4693.93 0.183278
15.05100 4740.29 0.182544
15.05500 4686.14 0.183401
15.05900 4705.5 0.183094
15.06300 4691.21 0.18334
15.06700 4701.29 0.183155
15.07100 4708.86 0.183063
15.07500 4721.5 0.182849
15.07900 4718.29 0.18291
15.08300 4724.86 0.182788
15.08700 4747.71 0.182453
15.09100 4778.86 0.181969
15.09500 4797.5 0.181668
15.09900 4807.21 0.181518
15.10300 4842.21 0.180983
15.10700 4929.64 0.179663
15.11100 4927.36 0.179692
15.11500 5002.93 0.1786
15.11900 5018.64 0.178372
15.12300 5106.86 0.177081
15.12700 5233.21 0.175331
15.13100 5428.07 0.172696
15.13500 5605 0.170424
15.13900 5747.79 0.168646
15.14300 5768.14 0.168383
15.14700 5807.07 0.167907
15.15100 5600.93 0.170474
15.15500 5436.86 0.172568
15.15900 5256.57 0.175008
15.16300 5081.79 0.177443
15.16700 4935.31 0.181698
15.17100 4880.21 0.180422
15.17500 4846.8 0.182059
15.17900 4860.71 0.180716
15.18300 4868.29 0.180598
15.18700 4879.43 0.180422
15.19100 4943.21 0.179461
15.19500 5011.64 0.178458
15.19900 5111.23 0.175818
15.20300 5293.38 0.173344
15.20700 5430.15 0.171549
15.21100 5587.92 0.16954
15.21500 5689.92 0.168287
15.21900 5640.77 0.168886
15.22300 5545.08 0.170079
15.22700 5341.38 0.172696
15.23100 5131.23 0.175547
15.23500 4977.79 0.178943
15.23900 4845.07 0.180953
15.24300 4770.92 0.180805
15.24700 4723.46 0.181518
15.25100 4680.85 0.18218
15.25500 4694.38 0.181969
15.25900 4684.15 0.182119
15.26300 4697.46 0.181908
15.26700 4730.71 0.182696
15.27100 4697.93 0.184396
15.27500 4719.5 0.182879
15.27900 4739.29 0.182574
15.28300 4672.93 0.183618
15.28700 4687.07 0.183401
15.29100 4665.36 0.183742
15.29500 4672.71 0.183618
15.29900 4649.4 0.185185
15.30300 4641.29 0.184115
15.30700 4588.57 0.184963
15.31100 4640.29 0.184146
15.31500 4631.07 0.185472
15.31900 4611.07 0.184616
15.32300 4607.21 0.184679
15.32700 4621.29 0.184459
15.33100 4633.43 0.18424
15.33500 4646.29 0.184053
15.33900 4627.86 0.184334
15.34300 4638.5 0.184177
15.34700 4650.5 0.18399
15.35100 4638.36 0.184177
15.35500 4658.14 0.183866
15.35900 4670.43 0.183649
15.36300 4686.43 0.183401
15.36700 4718.07 0.18291
15.37100 4690.21 0.18334
15.37500 4734.79 0.182635
15.37900 4750.64 0.182392
15.38300 4830.5 0.181161
15.38700 4812.14 0.181429
15.39100 4858.21 0.180746
15.39500 4887.21 0.180305
15.39900 4915.14 0.179896
15.40300 5015.07 0.178401
15.40700 5139.36 0.176639
15.41100 5282.5 0.174634
15.41500 5464.93 0.172209
15.41900 5756.93 0.168526
15.42300 6154.29 0.163868
15.42700 6546.86 0.159658
15.43100 6959.57 0.155549
15.43500 7326.57 0.152163
15.43900 7384.14 0.151654
15.44300 7226.2 0.153792
15.44700 6858.71 0.156518
15.45100 6423.79 0.160935
15.45500 5948.36 0.166229
15.45900 5606.07 0.1704
15.46300 5356.86 0.173631
15.46700 5292.64 0.174501
15.47100 5227.79 0.175385
15.47500 5238 0.17525
15.47900 5326.29 0.174051
15.48300 5507.93 0.17165
15.48700 5907.07 0.166713
15.49100 6382.14 0.161395
15.49500 6821.93 0.156883
15.49900 7106.62 0.153321
15.50300 7071.38 0.153646
15.50700 6935.69 0.154913
15.51100 6718.31 0.157019
15.51500 6233.92 0.16203
15.51900 5910.85 0.165657
15.52300 5653.15 0.168718
15.52700 5600.92 0.16937
15.53100 5617.15 0.169176
15.53500 5731.69 0.167765
15.53900 5781 0.167178
15.54300 5841.69 0.166459
15.54700 5869.92 0.166137
15.55100 5817.46 0.166736
15.55500 5697.23 0.168192
15.55900 5550 0.171122
15.56300 5405.85 0.171853
15.56700 5280.77 0.1735
15.57100 5175.69 0.174928
15.57500 5113.31 0.175791
15.57900 5073.79 0.177555
15.58300 4951.31 0.178118
15.58700 4863.85 0.179403
15.59100 4871.77 0.179287
15.59500 4827.77 0.179925
15.59900 4796.85 0.180393
15.60300 4752.62 0.181071
15.60700 4713.23 0.181668
15.61100 4712.08 0.181698
15.61500 4673.71 0.183618
15.61900 4631.92 0.18294
15.62300 4664.23 0.182453
15.62700 4621.31 0.183124
15.63100 4621.43 0.184459
15.63500 4601.77 0.183432
15.63900 4584.23 0.183711
15.64300 4554.62 0.184177
15.64700 4530.62 0.184585
15.65100 4563.46 0.184053
15.65500 4618.92 0.183155
15.65900 4569.07 0.185281
15.66300 4525.23 0.184648
15.66700 4527 0.184616
15.67100 4579.69 0.183773
15.67500 4565.54 0.184021
15.67900 4635.07 0.18424
15.68300 4667.93 0.183711
15.68700 4714.14 0.182971
15.69100 4702.86 0.183155
15.69500 4794.29 0.181728
15.69900 4749.79 0.182422
15.70300 4738.29 0.182574
15.70700 4687.64 0.183371
15.71100 4690.07 0.18334
15.71500 4652.43 0.183959
15.71900 4619.64 0.184459
15.72300 4572.93 0.185217
15.72700 4579.79 0.185122
15.73100 4582.47 0.186274
15.73500 4598.57 0.184805
15.73900 4612.36 0.184585
15.74300 4628.29 0.184334
15.74700 4659.64 0.183835
15.75100 4630.07 0.184302
15.75500 4658.86 0.183835
15.75900 4659.57 0.183835
15.76300 4680.43 0.183494
15.76700 4690.79 0.18334
15.77100 4671.5 0.183649
15.77500 4664.33 0.184932
15.77900 4767.57 0.182119
15.78300 4774.86 0.182029
15.78700 4819.93 0.181309
15.79100 4862.14 0.180687
15.79500 4936.86 0.179547
15.79900 4973.43 0.179029
15.80300 4905.57 0.180041
15.80700 4966.93 0.179115
15.81100 4916.79 0.179867
15.81500 4956.29 0.179287
15.81900 4934.07 0.179605
15.82300 4982.5 0.178885
15.82700 5004.5 0.178571
15.83100 5090.07 0.177332
15.83500 5181.93 0.176036
15.83900 5271.71 0.174794
15.84300 5433.36 0.172619
15.84700 5462 0.17226
15.85100 5530.43 0.171373
15.85500 5488.8 0.172903
15.85900 5390 0.17421
15.86300 5326.07 0.174051
15.86700 5173.57 0.176145
15.87100 5055.64 0.177836
15.87500 5004.93 0.178571
15.87900 4984.86 0.178857
15.88300 4900.86 0.1801
15.88700 4924.29 0.17975
15.89100 4907.43 0.180012
15.89500 4918.07 0.179838
15.89900 4936.43 0.179576
15.90300 4950.67 0.180481
15.90700 4957.31 0.178033
15.91100 4986.92 0.177583
15.91500 4940.69 0.178259
15.91900 4964.23 0.17792
15.92300 4954.93 0.179287
15.92700 4986.69 0.177583
15.93100 5029.23 0.176998
15.93500 5005.46 0.177332
15.93900 5063.23 0.176501
15.94300 5071.54 0.176391
15.94700 5132 0.175547
15.95100 5177.31 0.174901
15.95500 5294.62 0.173318
15.95900 5442.21 0.172516
15.96300 5613.31 0.169224
15.96700 5830.15 0.166597
15.97100 6160.92 0.162822
15.97500 6555.77 0.15865
15.97900 6968.29 0.155474
15.98300 7545.86 0.150244
15.98700 8041.64 0.146161
15.99100 8407.64 0.143355
15.99500 8479.93 0.142828
15.99900 8226 0.14473
16.00300 7724.14 0.148741
16.00700 7123.93 0.15401
16.01100 6476.5 0.160396
16.01500 6039 0.166091
16.01900 5722.5 0.168958
16.02300 5499 0.171777
16.02700 5253.64 0.175035
16.03100 5142.57 0.176584
16.03500 5041.14 0.178033
16.03900 4978.86 0.178943
16.04300 4943.36 0.179461
16.04700 4963.36 0.179172
16.05100 4875 0.180481
16.05500 4890.14 0.180246
16.05900 4917.57 0.179838
16.06300 4904.5 0.180041
16.06700 4904.43 0.180041
16.07100 4936.79 0.179576
16.07500 4945.14 0.179432
16.07900 4884.71 0.180334
16.08300 4858.14 0.180746
16.08700 4795.79 0.181698
16.09100 4847.21 0.180894
16.09500 4779.86 0.181939
16.09900 4772.93 0.182059
16.10300 4778.93 0.181969
16.10700 4799 0.181638
16.11100 4833.29 0.181131
16.11500 4876.36 0.180481
16.11900 4885.43 0.180334
16.12300 4932.43 0.179634
16.12700 5039.93 0.178061
16.13100 5095.64 0.177248
16.13500 5205.5 0.175709
16.13900 5333.79 0.173946
16.14300 5546.5 0.171147
16.14700 5937.43 0.166367
16.15100 6443.93 0.160727
16.15500 7141.5 0.153846
16.15900 7941.5 0.146964
16.16300 8665.79 0.141478
16.16700 9058.81 0.139809
16.17100 9168.57 0.138013
16.17500 8719.53 0.141677
16.17900 7849.14 0.147699
16.18300 6935.14 0.155794
16.18700 6181 0.163583
16.19100 5668.79 0.169613
16.19500 5297.64 0.174448
16.19900 5106.38 0.175899
16.20300 4932.46 0.178372
16.20700 4859.46 0.179461
16.21100 4797.46 0.180393
16.21500 4725.54 0.181489
16.21900 4753.38 0.181071
16.22300 4801.38 0.180334
16.22700 4803.08 0.180305
16.23100 4749.69 0.181101
16.23500 4751.15 0.181101
16.23900 4734.64 0.182635
16.24300 4697.54 0.181908
16.24700 4696.92 0.181939
16.25100 4769.15 0.180805
16.25500 4784 0.180598
16.25900 4823.92 0.179983
16.26300 4859.62 0.179461
16.26700 4952.79 0.179316
16.27100 4989.73 0.179896
16.27500 5057.29 0.177808
16.27900 5121.14 0.176887
16.28300 5154 0.176419
16.28700 5226.86 0.175412
16.29100 5116.79 0.176943
16.29500 5065.21 0.177695
16.29900 4975.2 0.1801
16.30300 4829.57 0.18119
16.30700 4671.07 0.183649
16.31100 4569.93 0.185281
16.31500 4513.4 0.187449
16.31900 4419.93 0.187779
16.32300 4389.29 0.188311
16.32700 4396.07 0.188211
16.33100 4353.14 0.188948
16.33500 4349.57 0.189016
16.33900 4334.79 0.189253
16.34300 4317.64 0.189559
16.34700 4344.14 0.189084
16.35100 4286.79 0.190106
16.35500 4304.07 0.189797
16.35900 4280.93 0.190209
16.36300 4327.5 0.189389
16.36700 4295.93 0.189934
16.37100 4274.71 0.190312
16.37500 4282.43 0.190175
16.37900 4260.36 0.190589
16.38300 4264.57 0.190485
16.38700 4222 0.191285
16.39100 4263.36 0.190519
16.39500 4242.14 0.190901
16.39900 4267.79 0.19045
16.40300 4249.43 0.190762
16.40700 4228.71 0.191145
16.41100 4253.93 0.190693
16.41500 4222.21 0.19125
16.41900 4247.36 0.190797
16.42300 4233.79 0.19104
16.42700 4245.71 0.190831
16.43100 4256.86 0.190623
16.43500 4222.07 0.19125
16.43900 4279.86 0.190243
16.44300 4262.6 0.191847
16.44700 4273.5 0.190347
16.45100 4316.29 0.189593
16.45500 4350.29 0.188982
16.45900 4436.86 0.187515
16.46300 4552.71 0.185567
16.46700 4721.5 0.182849
16.47100 4920.71 0.179808
16.47500 5032.14 0.178174
16.47900 5083.57 0.177415
16.48300 5114.43 0.17697
16.48700 4981.93 0.178885
16.49100 4844.57 0.180953
16.49500 4692.71 0.183309
16.49900 4551.08 0.18424
16.50300 4403.92 0.186663
16.50700 4318 0.188144
16.51100 4325.62 0.188011
16.51500 4273.23 0.188915
16.51900 4248.31 0.189355
16.52300 4266.85 0.189016
16.52700 4195.54 0.190278
16.53100 4149.54 0.19111
16.53500 4154.62 0.191005
16.53900 4122.08 0.1916
16.54300 4153.62 0.19104
16.54700 4167.08 0.190797
16.55100 4156.15 0.191005
16.55500 4138.85 0.19132
16.55900 4160.86 0.192379
16.56300 4090.77 0.192201
16.56700 4166.85 0.190797
16.57100 4171.77 0.190693
16.57500 4132.85 0.191425
16.57900 4165.43 0.192308
16.58300 4154.15 0.19104
16.58700 4142.46 0.19125
16.59100 4176.08 0.190623
16.59500 4172.21 0.192166
16.59900 4182.92 0.190519
16.60300 4166.31 0.190797
16.60700 4190.69 0.190381
16.61100 4198.77 0.190209
16.61500 4198.43 0.191706
16.61900 4230.46 0.189661
16.62300 4284.77 0.188713
16.62700 4310.46 0.188278
16.63100 4398.71 0.188144
16.63500 4458.46 0.185759
16.63900 4551.23 0.18424
16.64300 4682.08 0.18215
16.64700 4937.77 0.178316
16.65100 5150.92 0.175277
16.65500 5449.38 0.171297
16.65900 5714.21 0.169055
16.66300 5913.46 0.165612
16.66700 6229.54 0.162072
16.67100 6377.69 0.160478
16.67500 6521.15 0.158991
16.67900 6632.5 0.15877
16.68300 6462.71 0.16054
16.68700 6321.71 0.16203
16.69100 5986.93 0.165794
16.69500 5668.64 0.169613
16.69900 5359 0.173605
16.70300 5098.36 0.17722
16.70700 4909.93 0.179954
16.71100 4753 0.182362
16.71500 4653.86 0.183928
16.71900 4524 0.186049
16.72300 4411.57 0.187945
16.72700 4321.43 0.18949
16.73100 4225.47 0.192521
16.73500 4193 0.191777
16.73900 4170.93 0.192201
16.74300 4173.5 0.192166
16.74700 4126.79 0.193023
16.75100 4166.14 0.192272
16.75500 4136.14 0.192843
16.75900 4165.79 0.192308
16.76300 4192.07 0.191812
16.76700 4242.43 0.190901
16.77100 4302.29 0.189832
16.77500 4426.47 0.188915
16.77900 4595.57 0.184868
16.78300 4695.14 0.183278
16.78700 4829.64 0.18119
16.79100 4831 0.181161
16.79500 4787.64 0.181818
16.79900 4667.71 0.183711
16.80300 4491.79 0.186566
16.80700 4336.64 0.189219
16.81100 4215.86 0.19139
16.81500 4151.71 0.192557
16.81900 4123.43 0.193059
16.82300 4131.64 0.192915
16.82700 4144.64 0.192664
16.83100 4176.21 0.192095
16.83500 4223.71 0.19125
16.83900 4298.57 0.1899
16.84300 4404.79 0.188044
16.84700 4611.71 0.184616
16.85100 4860.71 0.180716
16.85500 5160.27 0.177388
16.85900 5339.4 0.174901
16.86300 5427.79 0.172696
16.86700 5419.29 0.172799
16.87100 5396.29 0.17311
16.87500 5238.79 0.17525
16.87900 4999.71 0.178628
16.88300 4804.86 0.181548
16.88700 4682.79 0.183463
16.89100 4671.71 0.183649
16.89500 4612.86 0.184585
16.89900 4614.29 0.184553
16.90300 4583.53 0.186274
16.90700 4551.08 0.18424
16.91100 4491.69 0.185217
16.91500 4416.08 0.186469
16.91900 4359.62 0.187416
16.92300 4303.79 0.189797
16.92700 4308.92 0.188278
16.93100 4305.38 0.188344
16.93500 4247.69 0.189355
16.93900 4335.46 0.187845
16.94300 4364.92 0.187317
16.94700 4478.08 0.18544
16.95100 4613.31 0.183247
16.95500 4832.38 0.179867
16.95900 5124.85 0.175628
16.96300 5628.38 0.169031
16.96700 6410.31 0.160149
16.97100 7342.92 0.151203
16.97500 8399.23 0.142726
16.97900 9365.14 0.13673
16.98300 10168.5 0.13183
16.98700 10379.6 0.130621
16.99100 9973.64 0.132967
16.99500 9090.71 0.138529
16.99900 7905.29 0.14725
17.00300 6731.07 0.157779
17.00700 5845.14 0.167459
17.01100 5243.57 0.175169
17.01500 4878 0.181578
17.01900 4628.64 0.184334
17.02300 4457.43 0.187153
17.02700 4311.43 0.189661
17.03100 4144.71 0.192664
17.03500 4085.14 0.193782
17.03900 4037.21 0.194698
17.04300 4052.29 0.194404
17.04700 3984.5 0.195703
17.05100 3945.43 0.196494
17.05500 3905.14 0.197296
17.05900 3921.86 0.196951
17.06300 3909.71 0.197181
17.06700 3891.5 0.197565
17.07100 3893.21 0.197527
17.07500 3862.64 0.198146
17.07900 3877.79 0.197836
17.08300 3875.57 0.197874
17.08700 3833.43 0.198732
17.09100 3856.64 0.198263
17.09500 3869.71 0.197991
17.09900 3837 0.198654
17.10300 3882.64 0.19772
17.10700 3860.86 0.198185
17.11100 3854 0.198302
17.11500 3873.14 0.197913
17.11900 3878.5 0.197797
17.12300 3884.5 0.197681
17.12700 3887.86 0.197642
17.13100 3911.5 0.197142
17.13500 3937.93 0.196646
17.13900 3939.93 0.196608
17.14300 3977 0.195853
17.14700 4023.29 0.194957
17.15100 4081.07 0.193855
17.15500 4148.07 0.192629
17.15900 4217 0.191355
17.16300 4338.86 0.189185
17.16700 4442.44 0.189763
17.17100 4585 0.185027
17.17500 4684.47 0.184616
17.17900 4765.29 0.18218
17.18300 4753.79 0.182331
17.18700 4788 0.181818
17.19100 4873.5 0.18051
17.19500 4965.21 0.179144
17.19900 5152.92 0.17525
17.20300 5509.46 0.170523
17.20700 5834.23 0.166551
17.21100 6240.92 0.161945
17.21500 6654.69 0.157642
17.21900 6899.46 0.155268
17.22300 6904.08 0.155211
17.22700 6788.08 0.156326
17.23100 6457.38 0.159658
17.23500 6205.31 0.162328
17.23900 6090.93 0.164599
17.24300 6149 0.162952
17.24700 6643.15 0.157759
17.25100 7551.69 0.149404
17.25500 8719.38 0.140428
17.25900 9914.77 0.132745
17.26300 10602.8 0.128863
17.26700 10555.5 0.129652
17.27100 9668.4 0.135333
17.27500 8305.29 0.144128
17.27900 6894.71 0.156174
17.28300 5777.43 0.168287
17.28700 5076.14 0.177527
17.29100 4628.71 0.184334
17.29500 4302.53 0.19111
17.29900 4175.33 0.193456
17.30300 4083.21 0.193819
17.30700 3969.5 0.196003
17.31100 3969.29 0.196003
17.31500 3887.87 0.199047
17.31900 3859.86 0.198185
17.32300 3830.64 0.198771
17.32700 3792.5 0.199561
17.33100 3779.71 0.19984
17.33500 3775.36 0.19992
17.33900 3770 0.20004
17.34300 3751.64 0.200401
17.34700 3777.43 0.19988
17.35100 3785 0.199721
17.35500 3758.71 0.200281
17.35900 3806.14 0.199284
17.36300 3859.86 0.198185
17.36700 3876.21 0.197874
17.37100 3865.07 0.198068
17.37500 3924.36 0.196913
17.37900 3880.86 0.197758
17.38300 3857.36 0.198224
17.38700 3811.21 0.199165
17.39100 3756.79 0.200321
17.39500 3755.43 0.200321
17.39900 3710.43 0.201292
17.40300 3700.79 0.201497
17.40700 3647.21 0.202652
17.41100 3636 0.202902
17.41500 3624.71 0.203111
17.41900 3650.36 0.202569
17.42300 3631.21 0.202986
17.42700 3606.43 0.203531
17.43100 3597.43 0.203742
17.43500 3627.07 0.203069
17.43900 3615.29 0.203321
17.44300 3592.93 0.205369
17.44700 3609.71 0.203447
17.45100 3606.93 0.203531
17.45500 3533.07 0.205152
17.45900 3609.86 0.203447
17.46300 3581.14 0.204082
17.46700 3572.29 0.204294
17.47100 3560.79 0.204551
17.47500 3581.93 0.204082
17.47900 3545.5 0.204894
17.48300 3544.79 0.204894
17.48700 3577.21 0.204167
17.49100 3567.64 0.20438
17.49500 3552.07 0.204722
17.49900 3597.46 0.202031
17.50300 3547.85 0.203111
17.50700 3533.15 0.203447
17.51100 3577 0.202486
17.51500 3559 0.20286
17.51900 3547.85 0.203111
17.52300 3567.39 0.202693
17.52700 3596.46 0.202031
17.53100 3564.15 0.202735
17.53500 3589.69 0.202196
17.53900 3585.69 0.202278
17.54300 3582.61 0.202361
17.54700 3613.69 0.20166
17.55100 3619.15 0.201578
17.55500 3596.31 0.202072
17.55900 3563 0.204508
17.56300 3580.69 0.202403
17.56700 3589.92 0.202196
17.57100 3597 0.202031
17.57500 3580.77 0.202403
17.57900 3606.14 0.203531
17.58300 3634 0.201252
17.58700 3649.15 0.200926
17.59100 3685.85 0.20016
17.59500 3680.5 0.201907
17.59900 3654.54 0.200805
17.60300 3677.31 0.200321
17.60700 3694.69 0.19996
17.61100 3703.85 0.19976
17.61500 3720.07 0.201089
17.61900 3746.39 0.198889
17.62300 3727.08 0.199284
17.62700 3749.46 0.198811
17.63100 3732.46 0.199165
17.63500 3642 0.201089
17.63900 3673.69 0.200401
17.64300 3604 0.201907
17.64700 3536.77 0.203363
17.65100 3550.61 0.203069
17.65500 3542.23 0.203237
17.65900 3521.29 0.205412
17.66300 3495.85 0.204252
17.66700 3504.61 0.204082
17.67100 3504.77 0.204082
17.67500 3494.15 0.204294
17.67900 3525.57 0.205325
17.68300 3492.71 0.206065
17.68700 3484.43 0.206284
17.69100 3494.07 0.206065
17.69500 3502.29 0.205847
17.69900 3505.36 0.205803
17.70300 3503.43 0.205847
17.70700 3469.57 0.206592
17.71100 3498.93 0.205934
17.71500 3506.64 0.20576
17.71900 3492.71 0.206065
17.72300 3487.93 0.206197
17.72700 3472.5 0.206548
17.73100 3466.8 0.208243
17.73500 3471.57 0.206548
17.73900 3474.79 0.206504
17.74300 3507.21 0.20576
17.74700 3491.07 0.206109
17.75100 3499.36 0.205934
17.75500 3489.43 0.206153
17.75900 3516.07 0.205542
17.76300 3472 0.206548
17.76700 3518.07 0.205499
17.77100 3506.07 0.20576
17.77500 3487.67 0.207793
17.77900 3534.86 0.205109
17.78300 3507.79 0.205716
17.78700 3532.29 0.205196
17.79100 3547.86 0.204851
17.79500 3533.43 0.205152
17.79900 3538.64 0.205023
17.80300 3511.29 0.205673
17.80700 3531.14 0.205196
17.81100 3551 0.204765
17.81500 3607.5 0.203489
17.81900 3583.14 0.204039
17.82300 3637.71 0.20286
17.82700 3656.57 0.202444
17.83100 3718.14 0.201129
17.83500 3773.29 0.19996
17.83900 3844.79 0.198497
17.84300 3945.5 0.196494
17.84700 4048.64 0.194477
17.85100 4294.5 0.189969
17.85500 4434.13 0.18878
17.85900 4582.07 0.186274
17.86300 4748.36 0.182422
17.86700 4860.29 0.180716
17.87100 4969 0.179086
17.87500 5004.57 0.178571
17.87900 5036.14 0.178118
17.88300 5087.43 0.17736
17.88700 5018.5 0.178372
17.89100 4924.07 0.17975
17.89500 4683.86 0.183432
17.89900 4477.64 0.186826
17.90300 4180.2 0.193347
17.90700 4033.69 0.193239
17.91100 3890.08 0.196003
17.91500 3767.85 0.198458
17.91900 3699 0.19988
17.92300 3636.93 0.20286
17.92700 3599.23 0.201989
17.93100 3573.92 0.202527
17.93500 3503.15 0.204082
17.93900 3535.08 0.203405
17.94300 3521.08 0.2037
17.94700 3517.46 0.203785
17.95100 3483 0.204551
17.95500 3491.46 0.20438
17.95900 3488 0.204422
17.96300 3481.61 0.204594
17.96700 3501 0.204167
17.97100 3486.08 0.204465
17.97500 3584.92 0.20232
17.97900 3572.71 0.204294
17.98300 3643.64 0.202735
17.98700 3799.87 0.200845
17.99100 3939.29 0.196608
17.99500 3991.14 0.19559
17.99900 4002.43 0.195366
18.00300 3874.93 0.197874
18.00700 3778.57 0.19984
18.01100 3640.07 0.202777
18.01500 3520.33 0.207034
18.01900 3486.29 0.20624
18.02300 3502.93 0.205847
18.02700 3438.57 0.207346
18.03100 3441.79 0.207257
18.03500 3449.71 0.207079
18.03900 3426.21 0.207614
18.04300 3448.07 0.207123
18.04700 3440.57 0.207301
18.05100 3455.57 0.206946
18.05500 3439.43 0.207301
18.05900 3474.57 0.206504
18.06300 3441.64 0.207257
18.06700 3452.07 0.207034
18.07100 3466.21 0.20668
18.07500 3478.79 0.206416
18.07900 3455.07 0.206946
18.08300 3493.07 0.206065
18.08700 3484.43 0.206284
18.09100 3523.79 0.205369
18.09500 3567.79 0.20438
18.09900 3552.29 0.204722
18.10300 3621.43 0.203195
18.10700 3622.5 0.203195
18.11100 3710 0.201292
18.11500 3783.86 0.19976
18.11900 3859.07 0.198224
18.12300 4027.57 0.194883
18.12700 4154.57 0.192486
18.13100 4304.93 0.189797
18.13500 4399.36 0.188144
18.13900 4504.93 0.186371
18.14300 4502.79 0.186404
18.14700 4422.21 0.187746
18.15100 4310.07 0.189695
18.15500 4153.93 0.192521
18.15900 3974 0.195928
18.16300 3838.86 0.198615
18.16700 3717.31 0.203954
18.17100 3642.93 0.202735
18.17500 3564.27 0.206021
18.17900 3538.86 0.205023
18.18300 3517.86 0.205499
18.18700 3489.86 0.206153
18.19100 3504.07 0.205803
18.19500 3469.71 0.206592
18.19900 3471.92 0.204808
18.20300 3467.92 0.204894
18.20700 3478 0.204679
18.21100 3442.69 0.205455
18.21500 3470.69 0.204808
18.21900 3430.15 0.20576
18.22300 3449.39 0.205325
18.22700 3471.31 0.204808
18.23100 3514.54 0.203827
18.23500 3588 0.202237
18.23900 3633.92 0.201252
18.24300 3689.61 0.20008
18.24700 3694 0.19996
18.25100 3721.61 0.199403
18.25500 3673.23 0.200401
18.25900 3704.61 0.19976
18.26300 3614.54 0.20166
18.26700 3556.21 0.204636
18.27100 3540.73 0.206548
18.27500 3493.5 0.206065
18.27900 3450.5 0.207034
18.28300 3431.21 0.20748
18.28700 3438.79 0.207346
18.29100 3455.29 0.206946
18.29500 3460.67 0.208424
18.29900 3417.67 0.209427
18.30300 3436.93 0.207346
18.30700 3452.07 0.207034
18.31100 3447.57 0.207123
18.31500 3473 0.208108
18.31900 3449.36 0.207079
18.32300 3452.64 0.20699
18.32700 3441.43 0.207257
18.33100 3457.07 0.206901
18.33500 3441.21 0.207257
18.33900 3460.43 0.206813
18.34300 3493.79 0.206065
18.34700 3488.86 0.206153
18.35100 3482.14 0.206328
18.35500 3524.14 0.205369
18.35900 3507.79 0.205716
18.36300 3510.14 0.205673
18.36700 3567.86 0.20438
18.37100 3567.79 0.20438
18.37500 3596.36 0.203742
18.37900 3591.43 0.203869
18.38300 3663.5 0.202278
18.38700 3674.79 0.202031
18.39100 3732.93 0.200805
18.39500 3810.14 0.199205
18.39900 3795 0.199522
18.40300 3927 0.196837
18.40700 4074.07 0.194001
18.41100 4176 0.192095
18.41500 4351.14 0.188982
18.41900 4545.29 0.185695
18.42300 4856.79 0.180775
18.42700 5174.79 0.176145
18.43100 5609.64 0.17035
18.43500 6062.71 0.164912
18.43900 6375.71 0.161458
18.44300 6434.2 0.161669
18.44700 6410.5 0.161081
18.45100 6113.14 0.164332
18.45500 5717.57 0.169007
18.45900 5304.93 0.174342
18.46300 4977.36 0.178971
18.46700 4711.93 0.183002
18.47100 4517.21 0.186145
18.47500 4507.07 0.186307
18.47900 4499.36 0.186436
18.48300 4608 0.184648
18.48700 4831.14 0.181161
18.49100 5020.29 0.178344
18.49500 5225.5 0.175439
18.49900 5326.36 0.174051
18.50300 5314.86 0.17421
18.50700 5080.43 0.177471
18.51100 4832.29 0.181131
18.51500 4507.07 0.186307
18.51900 4244.64 0.190866
18.52300 4081.07 0.193855
18.52700 3934.21 0.196684
18.53100 3849.14 0.198419
18.53500 3813.5 0.199126
18.53900 3742.29 0.200603
18.54300 3724.36 0.201008
18.54700 3694.71 0.201619
18.55100 3687.07 0.201784
18.55500 3653.79 0.202486
18.55900 3647.67 0.204124
18.56300 3628.14 0.203069
18.56700 3636.93 0.20286
18.57100 3636.5 0.20286
18.57500 3613.71 0.203363
18.57900 3635.07 0.204422
18.58300 3633 0.202944
18.58700 3642 0.202735
18.59100 3717.07 0.201129
18.59500 3741.73 0.202113
18.59900 3750.93 0.200441
18.60300 3813.43 0.199126
18.60700 3899.29 0.197411
18.61100 3928 0.196837
18.61500 3896.27 0.198889
18.61900 3873.86 0.197913
18.62300 3771.36 0.2
18.62700 3684.07 0.201825
18.63100 3661.5 0.20232
18.63500 3573.14 0.204252
18.63900 3560.21 0.204551
18.64300 3510.27 0.207257
18.64700 3508.5 0.205716
18.65100 3507.29 0.20576
18.65500 3571.64 0.204294
18.65900 3569.13 0.20589
18.66300 3571.29 0.204294
18.66700 3583.07 0.204039
18.67100 3586 0.203997
18.67500 3523.79 0.205369
18.67900 3541.4 0.206548
18.68300 3500.27 0.20748
18.68700 3503.07 0.207435
18.69100 3493.73 0.207614
18.69500 3494.07 0.207614
18.69900 3462.53 0.208379
18.70300 3472.47 0.208108
18.70700 3489.93 0.207703
18.71100 3479 0.207973
18.71500 3492.8 0.207658
18.71900 3514.53 0.207168
18.72300 3500.73 0.20748
18.72700 3498.67 0.207524
18.73100 3526.56 0.208288
18.73500 3556.73 0.206197
18.73900 3570.13 0.20589
18.74300 3622 0.204722
18.74700 3564.93 0.205978
18.75100 3585.73 0.205542
18.75500 3610.4 0.20498
18.75900 3635.33 0.204422
18.76300 3666.93 0.2037
18.76700 3629.4 0.204551
18.77100 3651.93 0.204039
18.77500 3712.06 0.204082
18.77900 3720.4 0.202569
18.78300 3750.4 0.201907
18.78700 3750.27 0.201907
18.79100 3742.4 0.202072
18.79500 3674.53 0.203531
18.79900 3690.4 0.203195
18.80300 3676.2 0.203531
18.80700 3634.4 0.204422
18.81100 3601.93 0.205152
18.81500 3608.6 0.205023
18.81900 3627 0.204594
18.82300 3608.27 0.205023
18.82700 3621.47 0.204722
18.83100 3617.2 0.204808
18.83500 3647.47 0.204124
18.83900 3689.6 0.203237
18.84300 3677.87 0.203489
18.84700 3693.87 0.203111
18.85100 3758.67 0.201743
18.85500 3790.25 0.202403
18.85900 3830.5 0.201538
18.86300 3916.73 0.198458
18.86700 4033.8 0.196154
18.87100 4217.47 0.192664
18.87500 4315.8 0.190866
18.87900 4384.73 0.189661
18.88300 4372.87 0.189866
18.88700 4278.67 0.19153
18.89100 4187.07 0.193239
18.89500 4045.6 0.19589
18.89900 3913.33 0.198536
18.90300 3826.56 0.201619
18.90700 3752.71 0.200401
18.91100 3723.14 0.201008
18.91500 3681.57 0.201907
18.91900 3715.64 0.20117
18.92300 3657.93 0.203912
18.92700 3671.86 0.202113
18.93100 3662 0.20232
18.93500 3675.79 0.202031
18.93900 3654.71 0.202486
18.94300 3636.43 0.20286
18.94700 3669.07 0.202154
18.95100 3639.29 0.202818
18.95500 3630.36 0.202986
18.95900 3631.71 0.202986
18.96300 3593.21 0.203827
18.96700 3574.14 0.204252
18.97100 3609 0.203489
18.97500 3590.36 0.203869
18.97900 3583 0.205586
18.98300 3558.93 0.206109
18.98700 3544.5 0.207883
18.99100 3536.6 0.206636
18.99500 3578.6 0.205673
18.99900 3530.13 0.206769
19.00300 3572.4 0.205803
19.00700 3573.47 0.205803
19.01100 3602.27 0.205152
19.01500 3615.56 0.20624
19.01900 3657.93 0.203912
19.02300 3655.33 0.203954
19.02700 3673.13 0.203574
19.03100 3679.07 0.203447
19.03500 3691.53 0.203195
19.03900 3653 0.204039
19.04300 3666.53 0.203742
19.04700 3610.33 0.20498
19.05100 3599 0.205239
19.05500 3555.33 0.206197
19.05900 3565 0.205978
19.06300 3552.53 0.206284
19.06700 3587.33 0.205499
19.07100 3586.8 0.205499
19.07500 3568.27 0.205934
19.07900 3547.2 0.206416
19.08300 3587 0.205499
19.08700 3588.4 0.205455
19.09100 3560.93 0.206065
19.09500 3614.93 0.204851
19.09900 3595.2 0.205325
19.10300 3651.07 0.204082
19.10700 3647.13 0.204167
19.11100 3686.4 0.203279
19.11500 3776.33 0.201374
19.11900 3822.4 0.200401
19.12300 3906.2 0.198654
19.12700 3946.4 0.197874
19.13100 3976.2 0.197257
19.13500 3925.67 0.198263
19.13900 3887.2 0.199047
19.14300 3811.4 0.200643
19.14700 3778.6 0.201333
19.15100 3689.2 0.203237
19.15500 3664.27 0.203785
19.15900 3630.73 0.204508
19.16300 3584.27 0.205542
19.16700 3566.12 0.208651
19.17100 3531.07 0.206769
19.17500 3491.75 0.209106
19.17900 3554.73 0.20624
19.18300 3495 0.207614
19.18700 3485.53 0.207838
19.19100 3495 0.207614
19.19500 3478.67 0.207973
19.19900 3481.93 0.206328
19.20300 3488.79 0.206153
19.20700 3516.14 0.205542
19.21100 3523 0.205369
19.21500 3497.5 0.205978
19.21900 3555.86 0.204636
19.22300 3524.07 0.205369
19.22700 3600 0.203658
19.23100 3605.79 0.203531
19.23500 3652.36 0.202527
19.23900 3663.6 0.203785
19.24300 3633.29 0.202944
19.24700 3625.86 0.203111
19.25100 3626.29 0.203111
19.25500 3570.79 0.204337
19.25900 3560.21 0.204551
19.26300 3493.36 0.206065
19.26700 3484.71 0.20624
19.27100 3491.33 0.207703
19.27500 3478.71 0.206416
19.27900 3481.14 0.206328
19.28300 3470.43 0.206592
19.28700 3516 0.205542
19.29100 3524.86 0.205369
19.29500 3544.6 0.20646
19.29900 3547.67 0.206372
19.30300 3582.64 0.204039
19.30700 3576.43 0.204209
19.31100 3628.93 0.203027
19.31500 3586.93 0.205499
19.31900 3605.86 0.203531
19.32300 3657.43 0.202403
19.32700 3618.21 0.203279
19.33100 3639.71 0.202818
19.33500 3620.79 0.203195
19.33900 3667.36 0.202196
19.34300 3645.86 0.202652
19.34700 3658.43 0.202403
19.35100 3640.79 0.202777
19.35500 3618 0.203279
19.35900 3582.29 0.204082
19.36300 3555.57 0.204636
19.36700 3556.86 0.204636
19.37100 3518.93 0.205499
19.37500 3587.07 0.203954
19.37900 3536.36 0.205109
19.38300 3548.71 0.204808
19.38700 3538.57 0.205023
19.39100 3530 0.205239
19.39500 3567.79 0.20438
19.39900 3535.79 0.205109
19.40300 3552.14 0.204722
19.40700 3532 0.205196
19.41100 3553.5 0.204722
19.41500 3561.43 0.204508
19.41900 3572.29 0.204294
19.42300 3666.64 0.202237
19.42700 3674.93 0.202031
19.43100 3726 0.200967
19.43500 3826.5 0.19885
19.43900 3869.57 0.197991
19.44300 3928 0.198224
19.44700 3967.71 0.196041
19.45100 3951.21 0.196381
19.45500 3842.79 0.198536
19.45900 3782.29 0.19976
19.46300 3711.64 0.201252
19.46700 3622.5 0.203195
19.47100 3564.14 0.204465
19.47500 3551.07 0.204765
19.47900 3520.71 0.205455
19.48300 3534.64 0.205109
19.48700 3549.36 0.204808
19.49100 3567.21 0.20438
19.49500 3584.57 0.203997
19.49900 3592.07 0.203827
19.50300 3585.36 0.203997
19.50700 3572 0.204294
19.51100 3591.93 0.203869
19.51500 3579.36 0.204124
19.51900 3561.79 0.204508
19.52300 3535 0.205109
19.52700 3491.79 0.206109
19.53100 3493.86 0.206065
19.53500 3460.07 0.206813
19.53900 3428.43 0.207569
19.54300 3442.57 0.207257
19.54700 3435.36 0.20739
19.55100 3382.36 0.208651
19.55500 3367.5 0.209015
19.55900 3380.71 0.208696
19.56300 3387.86 0.208514
19.56700 3386.93 0.20856
19.57100 3372.64 0.208878
19.57500 3364.36 0.209061
19.57900 3382.67 0.210259
19.58300 3332.71 0.209842
19.58700 3354.64 0.209335
19.59100 3343.64 0.209565
19.59500 3384.4 0.210212
19.59900 3386.86 0.20856
19.60300 3357.07 0.209243
19.60700 3354 0.207524
19.61100 3387.69 0.206725
19.61500 3374.07 0.208832
19.61900 3438.92 0.205542
19.62300 3432.31 0.205716
19.62700 3492.77 0.204337
19.63100 3558 0.202902
19.63500 3647.46 0.200967
19.63900 3806 0.197681
19.64300 4000.43 0.195403
19.64700 4244 0.189422
19.65100 4384.92 0.186989
19.65500 4488.31 0.185249
19.65900 4464.07 0.187055
19.66300 4426.31 0.186307
19.66700 4289.31 0.188612
19.67100 4097.62 0.192059
19.67500 3880.61 0.196192
19.67900 3720.21 0.201089
19.68300 3554.79 0.204679
19.68700 3492.79 0.206065
19.69100 3425.14 0.207658
19.69500 3404.64 0.208108
19.69900 3369.93 0.208969
19.70300 3352.71 0.209381
19.70700 3358.5 0.209243
19.71100 3353.43 0.209335
19.71500 3339.93 0.209657
19.71900 3315.21 0.210259
19.72300 3303.57 0.210538
19.72700 3293.5 0.210819
19.73100 3321.4 0.211762
19.73500 3306.07 0.210491
19.73900 3355 0.209289
19.74300 3336.43 0.209749
19.74700 3381.07 0.208696
19.75100 3391.29 0.208424
19.75500 3444.43 0.207212
19.75900 3524.57 0.205369
19.76300 3646.79 0.202652
19.76700 3739.36 0.200683
19.77100 3863.71 0.198107
19.77500 3928.67 0.198224
19.77900 3913.5 0.197104
19.78300 3832.21 0.198732
19.78700 3733.86 0.200805
19.79100 3597.43 0.203742
19.79500 3482.36 0.206328
19.79900 3403.5 0.208153
19.80300 3385.29 0.20856
19.80700 3297.07 0.210725
19.81100 3308.07 0.210445
19.81500 3298 0.210678
19.81900 3291.43 0.210865
19.82300 3279.14 0.211147
19.82700 3287.14 0.210959
19.83100 3271.14 0.211336
19.83500 3299.57 0.210631
19.83900 3287.93 0.210959
19.84300 3281.57 0.2111
19.84700 3270.21 0.211383
19.85100 3319.43 0.210166
19.85500 3335.87 0.21143
19.85900 3270.2 0.213056
19.86300 3331.93 0.209842
19.86700 3322 0.210119
19.87100 3339.71 0.209657
19.87500 3328.36 0.209934
19.87900 3330.29 0.209888
19.88300 3411.71 0.207973
19.88700 3415.57 0.207883
19.89100 3447.14 0.207123
19.89500 3485.79 0.20624
19.89900 3571.29 0.204294
19.90300 3641.4 0.204294
19.90700 3748.15 0.19885
19.91100 3903.39 0.19574
19.91500 4131 0.19146
19.91900 4375.54 0.187153
19.92300 4621.57 0.184428
19.92700 4795.23 0.180422
19.93100 4830.69 0.179896
19.93500 4712.31 0.181698
19.93900 4510 0.1849
19.94300 4248.23 0.189355
19.94700 3978.69 0.194294
19.95100 3760.39 0.198615
19.95500 3616.54 0.201619
19.95900 3515.92 0.203827
19.96300 3460.39 0.205066
19.96700 3392.15 0.206636
19.97100 3348.31 0.207658
19.97500 3365 0.207257
19.97900 3327.21 0.20998
19.98300 3280.29 0.211147
19.98700 3273.27 0.212959
19.99100 3278.79 0.211147
19.99500 3288.93 0.210912
19.99900 3260.93 0.211619
20.00300 3247.86 0.211952
20.00700 3241.14 0.212095
20.01100 3250 0.211857
20.01500 3253.2 0.213492
20.01900 3253.57 0.211809
20.02300 3243.14 0.212047
20.02700 3248.29 0.211904
20.03100 3210.64 0.212862
20.03500 3202.57 0.213056
20.03900 3191.86 0.213346
20.04300 3204.36 0.213007
20.04700 3191 0.213346
20.05100 3228.21 0.21243
20.05500 3198.57 0.213152
20.05900 3216.36 0.212718
20.06300 3206.86 0.212959
20.06700 3208 0.212911
20.07100 3218.86 0.21267
20.07500 3208.57 0.212911
20.07900 3196.21 0.213249
20.08300 3188.5 0.213443
20.08700 3194.79 0.213249
20.09100 3217.43 0.212718
20.09500 3228.29 0.21243
20.09900 3183.57 0.213541
20.10300 3192.29 0.213346
20.10700 3208.07 0.212911
20.11100 3209.29 0.212911
20.11500 3230.64 0.212382
20.11900 3213.43 0.212814
20.12300 3238.64 0.212143
20.12700 3217.21 0.212718
20.13100 3240.86 0.212095
20.13500 3205.29 0.213007
20.13900 3223 0.212574
20.14300 3221 0.212622
20.14700 3227.21 0.21243
20.15100 3183.57 0.213541
20.15500 3216.71 0.212718
20.15900 3214.71 0.212766
20.16300 3200.07 0.213152
20.16700 3207.69 0.216219
20.17100 3196.07 0.213249
20.17500 3195.64 0.213249
20.17900 3218.64 0.21267
20.18300 3198.14 0.213201
20.18700 3178.57 0.213687
20.19100 3162.64 0.214078
20.19500 3190.57 0.213395
20.19900 3191.92 0.21143
20.20300 3168.39 0.212047
20.20700 3194.85 0.211383
20.21100 3169.08 0.212
20.21500 3175.69 0.211857
20.21900 3160.15 0.212238
20.22300 3149.69 0.212526
20.22700 3183.92 0.211667
20.23100 3153.54 0.21243
20.23500 3186 0.211619
20.23900 3191.14 0.213346
20.24300 3156.15 0.212334
20.24700 3169.92 0.212
20.25100 3205.61 0.2111
20.25500 3172.69 0.211952
20.25900 3175.15 0.211857
20.26300 3156.77 0.212334
20.26700 3182.46 0.211667
20.27100 3177.5 0.213736
20.27500 3200.39 0.211241
20.27900 3203.85 0.211147
20.28300 3210.61 0.211006
20.28700 3227.39 0.210585
20.29100 3238.92 0.210305
20.29500 3248.93 0.211904
20.29900 3265.86 0.211477
20.30300 3316.61 0.208424
20.30700 3303.69 0.208696
20.31100 3380.69 0.206901
20.31500 3396.57 0.208333
20.31900 3462 0.205023
20.32300 3435.23 0.205629
20.32700 3498.77 0.204209
20.33100 3579.92 0.202403
20.33500 3646.15 0.200967
20.33900 3803.92 0.19772
20.34300 3952.08 0.194809
20.34700 4190.77 0.190381
20.35100 4430.38 0.18621
20.35500 4628.46 0.183002
20.35900 4771.62 0.180775
20.36300 4767.15 0.180834
20.36700 4608.08 0.18334
20.37100 4383.92 0.186989
20.37500 4163.46 0.190866
20.37900 3871.79 0.197952
20.38300 3755.21 0.200321
20.38700 3578.86 0.204124
20.39100 3477.86 0.206416
20.39500 3447.71 0.207123
20.39900 3411.86 0.207973
20.40300 3439.07 0.207301
20.40700 3480.71 0.206372
20.41100 3525.07 0.205325
20.41500 3600.64 0.203658
20.41900 3647.14 0.202652
20.42300 3655.14 0.202486
20.42700 3625.07 0.203111
20.43100 3512.71 0.205629
20.43500 3436.36 0.20739
20.43900 3353.21 0.209335
20.44300 3281.93 0.212766
20.44700 3262.71 0.211572
20.45100 3207.57 0.212959
20.45500 3192.21 0.213346
20.45900 3179.5 0.213638
20.46300 3198.21 0.213201
20.46700 3166.57 0.21398
20.47100 3153.86 0.214324
20.47500 3149.5 0.214423
20.47900 3135.5 0.214818
20.48300 3165.57 0.214029
20.48700 3160.57 0.214127
20.49100 3142.71 0.21462
20.49500 3167.36 0.21398
20.49900 3120.79 0.215166
20.50300 3125.71 0.215066
20.50700 3148.57 0.214472
20.51100 3137.79 0.214719
20.51500 3142 0.21462
20.51900 3148.43 0.214472
20.52300 3157.36 0.214226
20.52700 3153.57 0.214324
20.53100 3144.5 0.214571
20.53500 3162.79 0.214078
20.53900 3154.64 0.214324
20.54300 3152.36 0.214373
20.54700 3186.93 0.213492
20.55100 3161.86 0.214127
20.55500 3148.64 0.214472
20.55900 3168.64 0.213931
20.56300 3156.14 0.214275
20.56700 3189.14 0.213395
20.57100 3181.43 0.213589
20.57500 3179.14 0.213687
20.57900 3193.47 0.215016
20.58300 3220.14 0.212622
20.58700 3206.43 0.212959
20.59100 3216.93 0.212718
20.59500 3234.87 0.213931
20.59900 3260.43 0.211619
20.60300 3256.43 0.211714
20.60700 3238.54 0.210305
20.61100 3243.39 0.210166
20.61500 3271 0.211336
20.61900 3204.23 0.211147
20.62300 3227.92 0.210538
20.62700 3236.61 0.210352
20.63100 3198.23 0.211289
20.63500 3200.46 0.211241
20.63900 3191.54 0.211477
20.64300 3183.71 0.213541
20.64700 3164.77 0.212143
20.65100 3185.61 0.211619
20.65500 3189 0.211525
20.65900 3182.14 0.213589
20.66300 3153.15 0.21243
20.66700 3215.69 0.210865
20.67100 3186.85 0.211572
20.67500 3204.23 0.211147
20.67900 3208.86 0.212911
20.68300 3217.57 0.21267
20.68700 3222.29 0.212574
20.69100 3210 0.212862
20.69500 3211 0.212862
20.69900 3237.21 0.21219
20.70300 3244.57 0.212
20.70700 3259.64 0.211619
20.71100 3274.71 0.211241
20.71500 3282 0.2111
20.71900 3274.07 0.211289
20.72300 3287.79 0.210959
20.72700 3326.29 0.20998
20.73100 3336.47 0.211383
20.73500 3332.47 0.211477
20.73900 3332.36 0.209842
20.74300 3334.79 0.209795
20.74700 3332.79 0.209842
20.75100 3293.93 0.210772
20.75500 3305.79 0.210491
20.75900 3299.86 0.210631
20.76300 3283.93 0.211053
20.76700 3301.43 0.210585
20.77100 3271.36 0.211336
20.77500 3275.8 0.212911
20.77900 3291.71 0.210865
20.78300 3275.79 0.211241
20.78700 3301.79 0.210585
20.79100 3322.43 0.210073
20.79500 3340.43 0.209657
20.79900 3329 0.209934
20.80300 3311.64 0.210352
20.80700 3298.21 0.210678
20.81100 3305.21 0.210491
20.81500 3268.14 0.21143
20.81900 3280.5 0.2111
20.82300 3277.71 0.211194
20.82700 3233.29 0.212286
20.83100 3254.14 0.211762
20.83500 3271.29 0.211336
20.83900 3265.79 0.211477
20.84300 3238.14 0.21219
20.84700 3238.43 0.21219
20.85100 3270.21 0.211383
20.85500 3278.29 0.211194
20.85900 3260.2 0.213298
20.86300 3295.64 0.210725
20.86700 3298.14 0.210678
20.87100 3332.79 0.209842
20.87500 3305.5 0.210491
20.87900 3302.57 0.210585
20.88300 3307.43 0.210445
20.88700 3371.07 0.208924
20.89100 3395 0.208333
20.89500 3399.64 0.208243
20.89900 3457.71 0.206901
20.90300 3495 0.207614
20.90700 3475.15 0.204722
20.91100 3506.69 0.204039
20.91500 3516.46 0.203785
20.91900 3563.85 0.202777
20.92300 3571.64 0.204294
20.92700 3634.69 0.201211
20.93100 3624.08 0.201456
20.93500 3649.46 0.200926
20.93900 3671.46 0.200441
20.94300 3723.61 0.199363
20.94700 3729.77 0.199244
20.95100 3779.31 0.198224
20.95500 3763.31 0.198536
20.95900 3798.39 0.197836
20.96300 3775.85 0.198302
20.96700 3801.92 0.197758
20.97100 3847.77 0.196837
20.97500 3927.15 0.195292
20.97900 3997.71 0.195478
20.98300 4122.86 0.193095
20.98700 4251.27 0.192024
20.99100 4283.07 0.190175
20.99500 4326 0.189422
20.99900 4307.79 0.189729
21.00300 4266.07 0.190485
21.00700 4245.64 0.190831
21.01100 4250.71 0.190762
21.01500 4243.67 0.192166
21.01900 4224.07 0.191215
21.02300 4218.07 0.191355
21.02700 4107.5 0.193383
21.03100 4021.64 0.194994
21.03500 3945.21 0.196494
21.03900 3883 0.19772
21.04300 3798.43 0.199442
21.04700 3773.71 0.19996
21.05100 3723.07 0.201008
21.05500 3638.57 0.202818
21.05900 3604.93 0.203574
21.06300 3555.14 0.204679
21.06700 3562.36 0.204508
21.07100 3554.43 0.204679
21.07500 3577.57 0.204167
21.07900 3558.07 0.204594
21.08300 3605.57 0.203531
21.08700 3555.43 0.204679
21.09100 3533 0.205152
21.09500 3482.5 0.206328
21.09900 3402.43 0.208198
21.10300 3372.86 0.208878
21.10700 3287.86 0.210959
21.11100 3310.29 0.210398
21.11500 3243.36 0.212047
21.11900 3191.57 0.213346
21.12300 3235.43 0.212238
21.12700 3195.36 0.213249
21.13100 3190.5 0.213395
21.13500 3159.57 0.214176
21.13900 3159 0.214176
21.14300 3158.29 0.214226
21.14700 3159.71 0.214176
21.15100 3179.14 0.213687
21.15500 3162.64 0.214078
21.15900 3220.79 0.212622
21.16300 3182.14 0.213589
21.16700 3173.62 0.217084
21.17100 3189.71 0.213395
21.17500 3214.43 0.212766
21.17900 3225.29 0.212478
21.18300 3192.79 0.213298
21.18700 3194 0.213298
21.19100 3193.14 0.213298
21.19500 3150.5 0.214423
21.19900 3181.23 0.211714
21.20300 3137.31 0.212814
21.20700 3139 0.212766
21.21100 3135.15 0.212862
21.21500 3142.31 0.212718
21.21900 3169.85 0.212
21.22300 3178.85 0.211762
21.22700 3193.92 0.211383
21.23100 3183.92 0.211667
21.23500 3211 0.210959
21.23900 3262.07 0.211572
21.24300 3328.39 0.208108
21.24700 3356.69 0.207435
21.25100 3365.46 0.207257
21.25500 3370.46 0.207123
21.25900 3351.61 0.207569
21.26300 3335.92 0.207928
21.26700 3298.77 0.208832
21.27100 3320.71 0.210119
21.27500 3290 0.209061
21.27900 3262.69 0.209703
21.28300 3307 0.208651
21.28700 3303.69 0.208696
21.29100 3361.85 0.207346
21.29500 3360.93 0.209152
21.29900 3464.57 0.206725
21.30300 3523.23 0.203658
21.30700 3574.69 0.202527
21.31100 3753.15 0.198732
21.31500 3883.79 0.19772
21.31900 4001.93 0.195366
21.32300 4175 0.190658
21.32700 4344.85 0.18768
21.33100 4539.54 0.184428
21.33500 4629.62 0.182971
21.33900 4612.62 0.183247
21.34300 4532.15 0.184553
21.34700 4343.92 0.18768
21.35100 4116.92 0.191706
21.35500 3872.77 0.196343
21.35900 3684.54 0.20016
21.36300 3501.15 0.204124
21.36700 3412 0.206153
21.37100 3302.77 0.208741
21.37500 3273.15 0.209427
21.37900 3273.21 0.211289
21.38300 3234.5 0.212286
21.38700 3219.93 0.212622
21.39100 3176.86 0.213736
21.39500 3172.71 0.213833
21.39900 3146.71 0.214521
21.40300 3086.5 0.216068
21.40700 3111.36 0.215415
21.41100 3114.64 0.215365
21.41500 3057.29 0.216879
21.41900 3053.29 0.216982
21.42300 3059.43 0.216828
21.42700 3050 0.217084
21.43100 3053.29 0.216982
21.43500 3065.57 0.216625
21.43900 3070.93 0.216523
21.44300 3043.8 0.219001
21.44700 3053.79 0.216982
21.45100 3080.57 0.21627
21.45500 3066.14 0.216625
21.45900 3106.64 0.215565
21.46300 3106.21 0.215565
21.46700 3096.43 0.215816
21.47100 3095.93 0.215816
21.47500 3135.64 0.214818
21.47900 3127.36 0.215016
21.48300 3127.71 0.215016
21.48700 3156.79 0.214226
21.49100 3081.21 0.216219
21.49500 3098.36 0.215766
21.49900 3095.14 0.215866
21.50300 3078.93 0.21627
21.50700 3049.07 0.217084
21.51100 3074.21 0.216422
21.51500 3040.29 0.21734
21.51900 3059.71 0.216828
21.52300 3090.21 0.215967
21.52700 3108.79 0.215515
21.53100 3075.07 0.216371
21.53500 3124.21 0.215116
21.53900 3124.07 0.215116
21.54300 3076.21 0.216371
21.54700 3116.57 0.215315
21.55100 3113.43 0.215365
21.55500 3101.5 0.215716
21.55900 3090.36 0.215967
21.56300 3065.5 0.216676
21.56700 3085.64 0.216118
21.57100 3068.5 0.216574
21.57500 3049.07 0.217084
21.57900 3051.43 0.217033
21.58300 3033.79 0.217494
21.58700 3040.57 0.21734
21.59100 3041.21 0.217289
21.59500 3027 0.219476
21.59900 3053.5 0.216982
21.60300 3049.93 0.217084
21.60700 3058.77 0.214868
21.61100 3083.54 0.214226
21.61500 3080.86 0.216219
21.61900 3080.69 0.214275
21.62300 3153.61 0.21243
21.62700 3141.54 0.212718
21.63100 3122.54 0.213201
21.63500 3117.69 0.213346
21.63900 3154.54 0.212382
21.64300 3137.36 0.214768
21.64700 3148.31 0.212526
21.65100 3193.92 0.211383
21.65500 3247.61 0.210073
21.65900 3266.36 0.211477
21.66300 3254.39 0.209888
21.66700 3273.08 0.209473
21.67100 3296.85 0.208878
21.67500 3308.61 0.208605
21.67900 3352.36 0.209381
21.68300 3355.07 0.209289
21.68700 3438.71 0.207346
21.69100 3467 0.20668
21.69500 3520 0.205455
21.69900 3508.5 0.205716
21.70300 3507.93 0.205716
21.70700 3474.71 0.206504
21.71100 3402.43 0.208198
21.71500 3378.14 0.208741
21.71900 3315.79 0.210259
21.72300 3256.86 0.211714
21.72700 3227.86 0.21243
21.73100 3194.87 0.214967
21.73500 3164.67 0.215766
21.73900 3181.07 0.213638
21.74300 3170.79 0.213882
21.74700 3151.43 0.214373
21.75100 3125.07 0.215066
21.75500 3152.86 0.214373
21.75900 3169.21 0.213931
21.76300 3184.14 0.213541
21.76700 3236.21 0.212238
21.77100 3295.36 0.210772
21.77500 3381.93 0.210305
21.77900 3535.36 0.205109
21.78300 3634.79 0.202902
21.78700 3778.07 0.19988
21.79100 3938.29 0.196608
21.79500 4006 0.195292
21.79900 4017.64 0.195069
21.80300 3888.29 0.197604
21.80700 3733.71 0.200805
21.81100 3572.36 0.204294
21.81500 3431.07 0.207524
21.81900 3310.71 0.210398
21.82300 3240.79 0.212095
21.82700 3167.93 0.21398
21.83100 3159.21 0.214176
21.83500 3141.71 0.21462
21.83900 3140 0.214669
21.84300 3116.29 0.215315
21.84700 3088.21 0.216068
21.85100 3139.43 0.214719
21.85500 3097.93 0.215766
21.85900 3112.8 0.217135
21.86300 3098.64 0.215766
21.86700 3111.21 0.215415
21.87100 3098.57 0.215766
21.87500 3076.57 0.216371
21.87900 3048.29 0.217135
21.88300 3070.57 0.216523
21.88700 3043.5 0.217237
21.89100 3002.21 0.218374
21.89500 2998.14 0.218478
21.89900 2995.29 0.218582
21.90300 2984.73 0.220648
21.90700 2970.15 0.217237
21.91100 3001.69 0.216371
21.91500 2981.69 0.21693
21.91900 2997.92 0.216473
21.92300 2977.79 0.219054
21.92700 2966.39 0.21734
21.93100 3019 0.215917
21.93500 3002.69 0.216371
21.93900 2999.92 0.216422
21.94300 3022.23 0.215816
21.94700 3033.77 0.215515
21.95100 2985.85 0.216828
21.95500 2992.54 0.216625
21.95900 3022.64 0.217803
21.96300 3027.69 0.215666
21.96700 2997.69 0.216473
21.97100 2989.69 0.216727
21.97500 2994.39 0.216574
21.97900 2980.5 0.218949
21.98300 2998 0.218478
21.98700 2988.73 0.220541
21.99100 2983.79 0.218896
21.99500 2981.07 0.218949
21.99900 3003.79 0.218322
22.00300 3035.29 0.217443
22.00700 2985.43 0.218844
22.01100 3044.93 0.217186
22.01500 3086.27 0.217855
22.01900 3135.14 0.214818
22.02300 3175.71 0.213736
22.02700 3222 0.212574
22.03100 3195.71 0.213249
22.03500 3205.36 0.213007
22.03900 3188.64 0.213443
22.04300 3113.86 0.215365
22.04700 3117.29 0.215265
22.05100 3061.79 0.216727
22.05500 2986.36 0.218792
22.05900 2990.43 0.218687
22.06300 2968.29 0.219317
22.06700 2989.21 0.218739
22.07100 2991.43 0.218687
22.07500 2978.93 0.219001
22.07900 2956.86 0.219634
22.08300 2970.79 0.219265
22.08700 2960.71 0.219529
22.09100 2973.64 0.219159
22.09500 2990.21 0.218687
22.09900 2969.93 0.219265
22.10300 2981.5 0.218949
22.10700 2966.79 0.21937
22.11100 2963.07 0.219476
22.11500 2961 0.219529
22.11900 2955.43 0.219687
22.12300 2941.29 0.220059
22.12700 2950.5 0.219793
22.13100 2971.21 0.219212
22.13500 2976.14 0.219107
22.13900 2967.79 0.219317
22.14300 2979.21 0.219001
22.14700 2969.71 0.219265
22.15100 2991 0.218687
22.15500 3000.43 0.218426
22.15900 2983.21 0.218896
22.16300 3018.79 0.217907
22.16700 3023.06 0.221241
22.17100 3027.57 0.2177
22.17500 3084.5 0.216118
22.17900 3108.64 0.215515
22.18300 3116.79 0.215265
22.18700 3150.36 0.214423
22.19100 3205.5 0.213007
22.19500 3277 0.211194
22.19900 3400 0.20646
22.20300 3513.92 0.203869
22.20700 3655.23 0.200805
22.21100 3692.69 0.2
22.21500 3794.39 0.197913
22.21900 3820.46 0.197373
22.22300 3791.08 0.197991
22.22700 3763.31 0.198536
22.23100 3649.54 0.200926
22.23500 3542.85 0.203237
22.23900 3455.36 0.206946
22.24300 3372.46 0.207079
22.24700 3291.31 0.209015
22.25100 3307.92 0.208605
22.25500 3202.39 0.211194
22.25900 3225.54 0.210631
22.26300 3213.39 0.210912
22.26700 3196.31 0.211336
22.27100 3239.07 0.212143
22.27500 3283.39 0.209198
22.27900 3280.46 0.209289
22.28300 3285.08 0.209152
22.28700 3319.15 0.208333
22.29100 3291.85 0.209015
22.29500 3263.21 0.211572
22.29900 3251.86 0.211809
22.30300 3156.61 0.212334
22.30700 3100.31 0.213785
22.31100 3124.08 0.213152
22.31500 3065.23 0.214669
22.31900 3042.57 0.217289
22.32300 3016.15 0.216017
22.32700 3034.92 0.215515
22.33100 3030 0.215615
22.33500 2984.23 0.216879
22.33900 3017.69 0.215967
22.34300 3022.46 0.215816
22.34700 3059.69 0.214818
22.35100 3090.69 0.214029
22.35500 3097.23 0.213882
22.35900 3109.23 0.213541
22.36300 3142.61 0.21267
22.36700 3135.39 0.212862
22.37100 3137.46 0.212814
22.37500 3171 0.211952
22.37900 3114.14 0.215365
22.38300 3141 0.214669
22.38700 3077.14 0.216321
22.39100 3046.36 0.217186
22.39500 3039.64 0.21734
22.39900 3000.64 0.218426
22.40300 3012.86 0.218062
22.40700 3031.36 0.217597
22.41100 3025.79 0.2177
22.41500 3028.5 0.217649
22.41900 3021.57 0.217855
22.42300 2995.79 0.21853
22.42700 2983.14 0.218896
22.43100 2976.86 0.219054
22.43500 2970.71 0.219265
22.43900 2961.36 0.219529
22.44300 2930.33 0.222222
22.44700 2944.36 0.219953
22.45100 2945.07 0.219953
22.45500 2924.14 0.220541
22.45900 2925.93 0.220487
22.46300 2933.36 0.220273
22.46700 2932.14 0.220326
22.47100 2938.79 0.220113
22.47500 2909.93 0.220971
22.47900 2925.93 0.220487
22.48300 2968.21 0.219317
22.48700 2968.29 0.219317
22.49100 2957.5 0.219634
22.49500 2953.71 0.21974
22.49900 2994.36 0.218582
22.50300 3024.14 0.217752
22.50700 3025.79 0.2177
22.51100 3085.79 0.216118
22.51500 3102.43 0.215666
22.51900 3124.79 0.215066
22.52300 3152.64 0.214373
22.52700 3161.21 0.214127
22.53100 3171.79 0.213882
22.53500 3158 0.214226
22.53900 3163.64 0.214078
22.54300 3131.5 0.214917
22.54700 3144.5 0.214571
22.55100 3084.21 0.216169
22.55500 3035.21 0.217443
22.55900 3026.07 0.2177
22.56300 2959.64 0.219529
22.56700 3001 0.218426
22.57100 2981.5 0.218949
22.57500 2963.21 0.219476
22.57900 2954.71 0.219687
22.58300 2971.21 0.219212
22.58700 2957 0.219634
22.59100 2979.14 0.219001
22.59500 2995.73 0.22038
22.59900 2990.07 0.218687
22.60300 3039.29 0.21734
22.60700 3042.23 0.215315
22.61100 3066.85 0.214669
22.61500 3103.14 0.215666
22.61900 3207.15 0.211053
22.62300 3216 0.210865
22.62700 3279.15 0.209289
22.63100 3381.54 0.206857
22.63500 3398.36 0.208288
22.63900 3512.61 0.203869
22.64300 3550.71 0.204765
22.64700 3494.23 0.204294
22.65100 3475.39 0.204722
22.65500 3392.39 0.206636
22.65900 3290.57 0.210865
22.66300 3221.54 0.210725
22.66700 3117.92 0.213346
22.67100 3066 0.214669
22.67500 3022 0.215816
22.67900 3017 0.217959
22.68300 2979.57 0.219001
22.68700 2976.07 0.219107
22.69100 2956.21 0.219634
22.69500 2991.5 0.218687
22.69900 2982.14 0.218949
22.70300 2943.29 0.220006
22.70700 2949.14 0.219847
22.71100 2962.57 0.219476
22.71500 2980.14 0.219001
22.71900 3004 0.218322
22.72300 3011.79 0.218114
22.72700 3019 0.217907
22.73100 3050.67 0.218844
22.73500 3090.73 0.217752
22.73900 3100.86 0.215716
22.74300 3104.36 0.215615
22.74700 3054.43 0.21693
22.75100 3031.29 0.217597
22.75500 2966.79 0.21937
22.75900 2971.71 0.219212
22.76300 2977.5 0.219054
22.76700 2954.64 0.219687
22.77100 2973.07 0.219159
22.77500 2965.07 0.221241
22.77900 2989.07 0.218739
22.78300 3014.29 0.218062
22.78700 3019.86 0.217907
22.79100 3063.86 0.216676
22.79500 3124.36 0.215116
22.79900 3122.57 0.215116
22.80300 3171.36 0.213882
22.80700 3218.21 0.21267
22.81100 3264.14 0.211525
22.81500 3338.57 0.209703
22.81900 3412.64 0.207928
22.82300 3433.57 0.207435
22.82700 3477.07 0.206416
22.83100 3440.5 0.207301
22.83500 3417.43 0.207838
22.83900 3321.64 0.210119
22.84300 3260.57 0.211619
22.84700 3181 0.213638
22.85100 3140.71 0.214669
22.85500 3043.43 0.217237
22.85900 2986.6 0.220594
22.86300 2984.93 0.218844
22.86700 2963.57 0.219423
22.87100 2897.14 0.221295
22.87500 2895.36 0.221349
22.87900 2907.5 0.221025
22.88300 2875.29 0.221948
22.88700 2879.71 0.221839
22.89100 2848.36 0.222718
22.89500 2865.86 0.222222
22.89900 2851.14 0.222662
22.90300 2837.07 0.224961
22.90700 2826.54 0.221295
22.91100 2859.31 0.220326
22.91500 2818.46 0.221512
22.91900 2823.39 0.221349
22.92300 2829.29 0.223272
22.92700 2856.23 0.220433
22.93100 2886.23 0.219581
22.93500 2851.08 0.220541
22.93900 2879.61 0.21974
22.94300 2842.46 0.220809
22.94700 2853.77 0.220487
22.95100 2859.85 0.220326
22.95500 2835.54 0.221025
22.95900 2907.93 0.221025
22.96300 2887 0.219529
22.96700 2885.46 0.219581
22.97100 2878.61 0.219793
22.97500 2895.54 0.219317
22.97900 2881.43 0.221785
22.98300 2906.79 0.221025
22.98700 2909.8 0.222828
22.99100 2873.64 0.222003
22.99500 2916.5 0.220755
22.99900 2890.07 0.221512
23.00300 2885.64 0.221676
23.00700 2879.29 0.221839
23.01100 2906.21 0.221079
23.01500 2903.29 0.221133
23.01900 2863.43 0.222277
23.02300 2889.14 0.221567
23.02700 2880.93 0.221785
23.03100 2892.14 0.221458
23.03500 2897.14 0.221295
23.03900 2924.29 0.220541
23.04300 2894.93 0.221404
23.04700 2955.14 0.219687
23.05100 2980.29 0.219001
23.05500 2988.14 0.218739
23.05900 3012.64 0.218062
23.06300 3051.07 0.217033
23.06700 3043.36 0.217237
23.07100 3128.93 0.214967
23.07500 3143.29 0.21462
23.07900 3154.64 0.214324
23.08300 3217 0.212718
23.08700 3213.93 0.212766
23.09100 3275 0.211241
23.09500 3302.86 0.210585
23.09900 3241.29 0.212095
23.10300 3285.29 0.211006
23.10700 3229.21 0.212382
23.11100 3216.93 0.212718
23.11500 3160.29 0.214176
23.11900 3152.5 0.214373
23.12300 3128.5 0.214967
23.12700 3103.29 0.215666
23.13100 3135 0.214818
23.13500 3118.93 0.215216
23.13900 3141.07 0.214669
23.14300 3083.14 0.216169
23.14700 3113.14 0.215365
23.15100 3127 0.215016
23.15500 3110.29 0.215465
23.15900 3087.86 0.216068
23.16300 3076.29 0.216371
23.16700 3105.44 0.218949
23.17100 3091.36 0.215967
23.17500 3138.86 0.214719
23.17900 3140.86 0.214669
23.18300 3157.86 0.214226
23.18700 3141.86 0.21462
23.19100 3193.86 0.213298
23.19500 3133 0.214868
23.19900 3138.15 0.212814
23.20300 3106.61 0.213638
23.20700 3104.77 0.213687
23.21100 3165.85 0.212095
23.21500 3150.77 0.212478
23.21900 3175.08 0.211857
23.22300 3237.69 0.210305
23.22700 3313 0.208469
23.23100 3350.77 0.207614
23.23500 3457.69 0.205109
23.23900 3592.57 0.203827
23.24300 3664.54 0.200603
23.24700 3713.61 0.199561
23.25100 3734.15 0.199126
23.25500 3687 0.20012
23.25900 3659.85 0.200683
23.26300 3559.92 0.20286
23.26700 3461.23 0.205023
23.27100 3406.71 0.208063
23.27500 3353.77 0.207524
23.27900 3282.23 0.209243
23.28300 3213.69 0.210912
23.28700 3177.15 0.211809
23.29100 3189.54 0.211525
23.29500 3166.71 0.21398
23.29900 3193.07 0.213298
23.30300 3210.31 0.211006
23.30700 3201.77 0.211194
23.31100 3212.08 0.210959
23.31500 3216.69 0.210819
23.31900 3176.4 0.215465
23.32300 3178.31 0.211809
23.32700 3182.61 0.211667
23.33100 3189.15 0.211525
23.33500 3191.46 0.211477
23.33900 3225.92 0.210585
23.34300 3202.69 0.211194
23.34700 3236.61 0.210352
23.35100 3241 0.210212
23.35500 3294.92 0.208924
23.35900 3288.61 0.209061
23.36300 3328.54 0.208108
23.36700 3361 0.207346
23.37100 3343.61 0.207748
23.37500 3425.54 0.205847
23.37900 3491.07 0.206109
23.38300 3615.29 0.203321
23.38700 3682.79 0.201866
23.39100 3748.14 0.200482
23.39500 3761.79 0.2002
23.39900 3783.43 0.19976
23.40300 3810.21 0.199205
23.40700 3752.57 0.200401
23.41100 3700 0.201497
23.41500 3620.79 0.203195
23.41900 3571.57 0.204294
23.42300 3478.93 0.206416
23.42700 3414.43 0.207883
23.43100 3302.93 0.210585
23.43500 3317.14 0.210212
23.43900 3264.5 0.211525
23.44300 3232.6 0.214029
23.44700 3218.93 0.21267
23.45100 3264.36 0.211525
23.45500 3205.79 0.213007
23.45900 3234.57 0.212286
23.46300 3260.64 0.211619
23.46700 3240.71 0.212095
23.47100 3293.57 0.210819
23.47500 3374.79 0.208832
23.47900 3403.64 0.208153
23.48300 3481.79 0.206328
23.48700 3519.79 0.205455
23.49100 3600.07 0.203658
23.49500 3619.5 0.203237
23.49900 3682.5 0.201866
23.50300 3739 0.200683
23.50700 3800.36 0.199403
23.51100 3874.79 0.197874
23.51500 3909.93 0.197181
23.51900 3901.36 0.197373
23.52300 3856.36 0.198263
23.52700 3773.79 0.19996
23.53100 3641.93 0.202735
23.53500 3539.14 0.205023
23.53900 3436.64 0.20739
23.54300 3340 0.209657
23.54700 3261.21 0.211619
23.55100 3203.79 0.213056
23.55500 3153.79 0.214324
23.55900 3138.64 0.214719
23.56300 3144.36 0.214571
23.56700 3117.79 0.215265
23.57100 3116.71 0.215315
23.57500 3109.79 0.215465
23.57900 3137 0.214768
23.58300 3104.36 0.215615
23.58700 3139.5 0.214719
23.59100 3155.93 0.214275
23.59500 3116.93 0.217033
23.59900 3133.93 0.214818
23.60300 3146 0.214521
23.60700 3097.54 0.213833
23.61100 3092.69 0.21398
23.61500 3063.57 0.216727
23.61900 3024.39 0.215766
23.62300 2998.39 0.216473
23.62700 2981.77 0.21693
23.63100 2980.15 0.216982
23.63500 2977.79 0.219054
23.63900 2933.92 0.218218
23.64300 2915.57 0.220809
23.64700 2924.69 0.218478
23.65100 2899.85 0.219159
23.65500 2893.08 0.21937
23.65900 2879.92 0.21974
23.66300 2893 0.21937
23.66700 2858.54 0.220326
23.67100 2867.23 0.220113
23.67500 2836.31 0.220971
23.67900 2861.5 0.222332
23.68300 2866.07 0.222222
23.68700 2874.21 0.222003
23.69100 2853.21 0.222607
23.69500 2875 0.221948
23.69900 2843.71 0.222884
23.70300 2833.43 0.223161
23.70700 2831.43 0.223217
23.71100 2845.71 0.222828
23.71500 2823.43 0.223495
23.71900 2829.79 0.223272
23.72300 2838.71 0.222994
23.72700 2839.57 0.222994
23.73100 2852.67 0.224507
23.73500 2834.47 0.225075
23.73900 2841.79 0.222939
23.74300 2837.5 0.22305
23.74700 2866.29 0.222222
23.75100 2854.57 0.222552
23.75500 2830.14 0.223272
23.75900 2852.14 0.222607
23.76300 2868.64 0.222167
23.76700 2914.43 0.220809
23.77100 2888.07 0.221567
23.77500 2889.8 0.223384
23.77900 2929.07 0.220433
23.78300 2936.36 0.220219
23.78700 2964.14 0.219423
23.79100 2990.14 0.218687
23.79500 2979.36 0.219001
23.79900 2982.36 0.218896
23.80300 2942.71 0.220006
23.80700 2940.07 0.220113
23.81100 2922.5 0.220594
23.81500 2934.57 0.220273
23.81900 2923.64 0.220541
23.82300 2906.57 0.221025
23.82700 2927.29 0.220487
23.83100 2939.07 0.220113
23.83500 3004.14 0.218322
23.83900 2988.71 0.218739
23.84300 3044.86 0.217186
23.84700 3050.07 0.217084
23.85100 3095.57 0.215866
23.85500 3130.93 0.214917
23.85900 3153 0.216068
23.86300 3182.71 0.213589
23.86700 3156.43 0.214275
23.87100 3131.29 0.214917
23.87500 3103.64 0.215615
23.87900 3077 0.216321
23.88300 3084.5 0.216118
23.88700 2990.71 0.218687
23.89100 2993 0.218635
23.89500 2958.07 0.219581
23.89900 2968.64 0.219317
23.90300 2923.27 0.222442
23.90700 2892.77 0.21937
23.91100 2898.92 0.219212
23.91500 2886.85 0.219529
23.91900 2902.15 0.219107
23.92300 2896.64 0.221349
23.92700 2914.54 0.218792
23.93100 2915.08 0.218739
23.93500 2880.85 0.21974
23.93900 2862.08 0.220273
23.94300 2862.61 0.220219
23.94700 2895.85 0.219317
23.95100 2852.46 0.220541
23.95500 2878.92 0.219793
23.95900 2865 0.222277
23.96300 2877.54 0.219793
23.96700 2896.39 0.219265
23.97100 2883.92 0.219634
23.97500 2936.61 0.218166
23.97900 2890.36 0.221512
23.98300 2928.47 0.222277
23.98700 2947.73 0.22173
23.99100 2947.57 0.2199
23.99500 2966.57 0.21937
23.99900 2981.07 0.218949
24.00300 2985.86 0.218844
24.00700 3033.5 0.217494
24.01100 3034.43 0.217494
24.01500 3050.14 0.217084
24.01900 3067.79 0.216574
24.02300 3074 0.216422
24.02700 3034.93 0.217494
24.03100 3064.43 0.216676
24.03500 3007.43 0.218218
24.03900 3009.79 0.218166
24.04300 3010.14 0.218166
24.04700 2989 0.218739
24.05100 2985.93 0.218844
24.05500 3019.5 0.217907
24.05900 3048.93 0.217084
24.06300 3057.36 0.216879
24.06700 3072.93 0.216473
24.07100 3066.71 0.216625
24.07500 3080.43 0.21627
24.07900 3027.36 0.2177
24.08300 3038.79 0.217391
24.08700 3012.79 0.218062
24.09100 2999.36 0.218426
24.09500 2963.5 0.219423
24.09900 2950.79 0.219793
24.10300 2910.07 0.220971
24.10700 2890.14 0.221512
24.11100 2873.57 0.222003
24.11500 2864.93 0.222277
24.11900 2856.36 0.222497
24.12300 2808.71 0.223887
24.12700 2815.29 0.223719
24.13100 2814.57 0.223719
24.13500 2790.5 0.22445
24.13900 2826.07 0.223384
24.14300 2787.64 0.224563
24.14700 2785.29 0.22462
24.15100 2822.64 0.223495
24.15500 2810.21 0.223887
24.15900 2801.5 0.224112
24.16300 2815.5 0.223719
24.16700 2851.88 0.226281
24.17100 2856.93 0.222497
24.17500 2856.29 0.222497
24.17900 2895.79 0.221349
24.18300 2874.64 0.221948
24.18700 2872.29 0.222058
24.19100 2880.57 0.221785
24.19500 2909.43 0.220971
24.19900 2903.79 0.221133
24.20300 2903.57 0.221133
24.20700 2897.29 0.221295
24.21100 2926.86 0.220487
24.21500 2924.07 0.220541
24.21900 2912 0.220917
24.22300 2896.14 0.221349
24.22700 2927.43 0.220433
24.23100 2895.93 0.221349
24.23500 2867.79 0.222167
24.23900 2875.47 0.223831
24.24300 2890.36 0.221512
24.24700 2860.79 0.222387
24.25100 2876.93 0.221894
24.25500 2898.21 0.221295
24.25900 2940.21 0.220113
24.26300 2958.07 0.219581
24.26700 2972.5 0.219212
24.27100 3007.33 0.220059
24.27500 3078.86 0.21627
24.27900 3111.71 0.215415
24.28300 3108.71 0.215515
24.28700 3157.29 0.214226
24.29100 3129.79 0.214967
24.29500 3083.33 0.217959
24.29900 3066.07 0.218426
24.30300 2999.93 0.218426
24.30700 2943.86 0.220006
24.31100 2934.79 0.220273
24.31500 2905.14 0.221079
24.31900 2882.62 0.225303
24.32300 2871.57 0.222058
24.32700 2868.64 0.222167
24.33100 2917.21 0.220755
24.33500 2874.64 0.221948
24.33900 2885.43 0.221676
24.34300 2877.43 0.221894
24.34700 2894.43 0.221404
24.35100 2908.79 0.220971
24.35500 2915.79 0.220809
24.35900 2877.43 0.221894
24.36300 2885.64 0.221676
24.36700 2860.93 0.222387
24.37100 2823.5 0.223495
24.37500 2810.29 0.223887
24.37900 2795.87 0.226224
24.38300 2824.6 0.22536
24.38700 2806.33 0.225877
24.39100 2776.73 0.226805
24.39500 2795.27 0.226224
24.39900 2759.4 0.227331
24.40300 2773.67 0.226921
24.40700 2804.8 0.225935
24.41100 2770.13 0.227038
24.41500 2797.87 0.226166
24.41900 2772.4 0.226921
24.42300 2784.67 0.226572
24.42700 2759.33 0.227331
24.43100 2764.87 0.227155
24.43500 2798.13 0.226166
24.43900 2799.27 0.226108
24.44300 2791.06 0.228158
24.44700 2788 0.226455
24.45100 2817.6 0.225589
24.45500 2828.67 0.225246
24.45900 2871.67 0.223943
24.46300 2855.67 0.224394
24.46700 2891.93 0.223328
24.47100 2924.8 0.222387
24.47500 2974.33 0.220971
24.47900 3012.87 0.2199
24.48300 3088.4 0.217803
24.48700 3102.67 0.217443
24.49100 3087.73 0.217803
24.49500 3097.07 0.217597
24.49900 3114.67 0.217084
24.50300 3075.47 0.218166
24.50700 3031 0.21937
24.51100 3033.73 0.219317
24.51500 2952.2 0.221621
24.51900 2935.87 0.222058
24.52300 2903.67 0.222994
24.52700 2881.73 0.223663
24.53100 2861.93 0.224224
24.53500 2859.07 0.224337
24.53900 2821 0.225475
24.54300 2861.4 0.224224
24.54700 2856.47 0.224394
24.55100 2817.93 0.225532
24.55500 2812.6 0.225704
24.55900 2810.6 0.225762
24.56300 2791.8 0.226339
24.56700 2788.8 0.226455
24.57100 2770.73 0.22698
24.57500 2787.8 0.226455
24.57900 2763.93 0.227214
24.58300 2803.67 0.225992
24.58700 2768.2 0.227097
24.59100 2763.33 0.227214
24.59500 2797.75 0.227921
24.59900 2789.13 0.226455
24.60300 2813.69 0.227449
24.60700 2837.86 0.22305
24.61100 2868.07 0.222167
24.61500 2894.4 0.223272
24.61900 2980 0.219001
24.62300 2999.29 0.218426
24.62700 3069.21 0.216574
24.63100 3097.64 0.215816
24.63500 3122.13 0.216879
24.63900 3116 0.215315
24.64300 3135.33 0.216523
24.64700 3077 0.216321
24.65100 3039.5 0.21734
24.65500 2985.36 0.218844
24.65900 2897.86 0.221295
24.66300 2857.29 0.222497
24.66700 2845.71 0.222828
24.67100 2822.57 0.223495
24.67500 2781.93 0.224733
24.67900 2807.47 0.225877
24.68300 2798.33 0.226166
24.68700 2795.13 0.226224
24.69100 2816.87 0.225589
24.69500 2833.13 0.225075
24.69900 2825.67 0.225303
24.70300 2843 0.22479
24.70700 2853.6 0.224507
24.71100 2841.27 0.224847
24.71500 2830.8 0.225189
24.71900 2832.93 0.225075
24.72300 2813.27 0.225704
24.72700 2798.47 0.226166
24.73100 2791.12 0.228158
24.73500 2746.31 0.229537
24.73900 2731.07 0.228218
24.74300 2754.47 0.227508
24.74700 2749.13 0.227685
24.75100 2743.4 0.227862
24.75500 2720.73 0.228575
24.75900 2751 0.227626
24.76300 2729.2 0.228277
24.76700 2787.33 0.226513
24.77100 2746.4 0.227744
24.77500 2770.62 0.228755
24.77900 2793.33 0.226281
24.78300 2800.13 0.226108
24.78700 2773.47 0.226921
24.79100 2790.4 0.226397
24.79500 2738.2 0.22798
24.79900 2761.47 0.227273
24.80300 2761.6 0.227273
24.80700 2720.4 0.228575
24.81100 2694.8 0.229355
24.81500 2719.27 0.228635
24.81900 2712.13 0.228814
24.82300 2699.6 0.229235
24.82700 2704.53 0.229054
24.83100 2720.27 0.228575
24.83500 2738.33 0.22798
24.83900 2727 0.228337
24.84300 2712.93 0.228814
24.84700 2735.27 0.228099
24.85100 2703.13 0.229114
24.85500 2723.13 0.228456
24.85900 2706.19 0.230817
24.86300 2660.07 0.23051
24.86700 2684.33 0.229718
24.87100 2671.33 0.230144
24.87500 2683.87 0.229718
24.87900 2692.73 0.229476
24.88300 2698.4 0.229295
24.88700 2664.6 0.230327
24.89100 2689.87 0.229537
24.89500 2674.73 0.230022
24.89900 2709.13 0.228934
24.90300 2677.06 0.231807
24.90700 2688.93 0.227567
24.91100 2726.57 0.226397
24.91500 2708.36 0.22698
24.91900 2708.5 0.22698
24.92300 2740.73 0.227921
24.92700 2695 0.22739
24.93100 2718.79 0.22663
24.93500 2678.43 0.227921
24.93900 2693.21 0.227449
24.94300 2693.64 0.227449
24.94700 2693.93 0.22739
24.95100 2654.07 0.228695
24.95500 2675.71 0.22798
24.95900 2707.6 0.228994
24.96300 2707.21 0.22698
24.96700 2693.86 0.227449
24.97100 2704.93 0.227097
24.97500 2696.29 0.227331
24.97900 2695.71 0.22739
24.98300 2683.67 0.229718
24.98700 2713.33 0.228814
24.99100 2662.14 0.228396
24.99500 2722.71 0.226513
24.99900 2675 0.22804
25.00300 2708.29 0.22698
25.00700 2699.07 0.227273
25.01100 2675.57 0.22798
25.01500 2668.5 0.228218
25.01900 2690.93 0.227508
25.02300 2674.36 0.22804
25.02700 2676.43 0.22798
25.03100 2682 0.227803
25.03500 2673.07 0.228099
25.03900 2652.57 0.228755
25.04300 2660.71 0.228456
25.04700 2709.79 0.226921
25.05100 2683.79 0.227744
25.05500 2670.5 0.228158
25.05900 2680.93 0.227803
25.06300 2699.14 0.227273
25.06700 2733.71 0.226166
25.07100 2673.57 0.22804
25.07500 2714.71 0.226746
25.07900 2710.43 0.226921
25.08300 2727 0.226397
25.08700 2766.5 0.225189
25.09100 2754.93 0.225532
25.09500 2774.86 0.224904
25.09900 2782.57 0.224677
25.10300 2798.86 0.224224
25.10700 2801.29 0.224112
25.11100 2847.43 0.222773
25.11500 2910.57 0.220917
25.11900 2906.5 0.221079
25.12300 2868.93 0.222113
25.12700 2895.93 0.221349
25.13100 2903 0.221133
25.13500 2863.86 0.222277
25.13900 2864.21 0.222277
25.14300 2840.64 0.222939
25.14700 2849.21 0.222718
25.15100 2886 0.221621
25.15500 2862.21 0.222332
25.15900 2861.79 0.222332
25.16300 2905.64 0.221079
25.16700 2958.19 0.223105
25.17100 2953.14 0.21974
25.17500 2929.07 0.220433
25.17900 2920.43 0.220648
25.18300 2915.14 0.220809
25.18700 2861.79 0.222332
25.19100 2840.36 0.222994
25.19500 2815.93 0.223719
25.19900 2804.57 0.224055
25.20300 2825.36 0.223439
25.20700 2817.64 0.223663
25.21100 2797.5 0.224224
25.21500 2836.71 0.223105
25.21900 2852.57 0.222607
25.22300 2874.71 0.221948
25.22700 2942.79 0.220006
25.23100 2977.86 0.219054
25.23500 3060.14 0.216777
25.23900 3147.4 0.216219
25.24300 3270.14 0.211383
25.24700 3386.79 0.20856
25.25100 3466 0.20668
25.25500 3517 0.205542
25.25900 3540.64 0.20498
25.26300 3473.29 0.206504
25.26700 3359.21 0.209198
25.27100 3256.2 0.213395
25.27500 3155.07 0.214275
25.27900 3053.07 0.216982
25.28300 2971 0.219212
25.28700 2915.36 0.220809
25.29100 2877.86 0.221894
25.29500 2852.13 0.224507
25.29900 2827.67 0.225246
25.30300 2819.86 0.223551
25.30700 2800.23 0.222058
25.31100 2823.08 0.221349
25.31500 2802 0.222003
25.31900 2804.6 0.225935
25.32300 2763.15 0.223105
25.32700 2756.23 0.223328
25.33100 2747.15 0.223607
25.33500 2745.69 0.223663
25.33900 2739.54 0.223831
25.34300 2746.23 0.223663
25.34700 2746.77 0.223607
25.35100 2728.15 0.224168
25.35500 2718.61 0.22445
25.35900 2705.69 0.224847
25.36300 2710.77 0.224733
25.36700 2709.15 0.224733
25.37100 2680.85 0.225647
25.37500 2707.31 0.22479
25.37900 2677.36 0.227921
25.38300 2725.29 0.226455
25.38700 2700.71 0.227214
25.39100 2720.86 0.226572
25.39500 2747.86 0.225762
25.39900 2741.29 0.225935
25.40300 2739.64 0.225992
25.40700 2747 0.225762
25.41100 2691 0.227508
25.41500 2693.43 0.227449
25.41900 2703.07 0.227155
25.42300 2714.57 0.226746
25.42700 2707.43 0.22698
25.43100 2674.43 0.22804
25.43500 2687.29 0.227626
25.43900 2681.43 0.227803
25.44300 2696.6 0.229355
25.44700 2683.57 0.227744
25.45100 2679.14 0.227862
25.45500 2669.57 0.228158
25.45900 2698.5 0.227273
25.46300 2685.64 0.227685
25.46700 2688.21 0.227626
25.47100 2664.14 0.228337
25.47500 2683.57 0.227744
25.47900 2665 0.228337
25.48300 2664.57 0.228337
25.48700 2668 0.228218
25.49100 2665.36 0.228337
25.49500 2662.29 0.228396
25.49900 2658.64 0.228515
25.50300 2680.5 0.227862
25.50700 2679.36 0.227862
25.51100 2713.93 0.226805
25.51500 2686.5 0.227626
25.51900 2694.14 0.22739
25.52300 2708.5 0.22698
25.52700 2731.64 0.226224
25.53100 2681.14 0.227803
25.53500 2706.29 0.227038
25.53900 2687 0.227626
25.54300 2692.64 0.227449
25.54700 2697.86 0.227273
25.55100 2734.43 0.226166
25.55500 2704.71 0.227097
25.55900 2732.5 0.226224
25.56300 2719 0.22663
25.56700 2756 0.225475
25.57100 2747.36 0.225762
25.57500 2800.21 0.224168
25.57900 2804.64 0.224055
25.58300 2850.21 0.222662
25.58700 2891.86 0.221458
25.59100 2927.64 0.220433
25.59500 2917.67 0.222607
25.59900 2873.07 0.222003
25.60300 2898.47 0.223161
25.60700 2864.77 0.220166
25.61100 2848.69 0.220648
25.61500 2852.21 0.222607
25.61900 2813.77 0.221621
25.62300 2767.15 0.222994
25.62700 2785 0.222497
25.63100 2776.23 0.222718
25.63500 2757.57 0.225475
25.63900 2735 0.223999
25.64300 2749.07 0.225704
25.64700 2714.31 0.22462
25.65100 2733.77 0.223999
25.65500 2745.69 0.223663
25.65900 2674.85 0.225819
25.66300 2697.46 0.225132
25.66700 2702.23 0.224961
25.67100 2663 0.226166
25.67500 2691.46 0.225303
25.67900 2685 0.227685
25.68300 2683.36 0.227744
25.68700 2700.64 0.227214
25.69100 2703.5 0.227097
25.69500 2679.64 0.227862
25.69900 2687.64 0.227626
25.70300 2681.57 0.227803
25.70700 2657.29 0.228575
25.71100 2656.07 0.228635
25.71500 2686.36 0.227626
25.71900 2657.07 0.228575
25.72300 2651.79 0.228755
25.72700 2679.07 0.227862
25.73100 2691.13 0.229476
25.73500 2686.4 0.229658
25.73900 2665.5 0.228337
25.74300 2666.29 0.228277
25.74700 2665.93 0.228277
25.75100 2687.71 0.227626
25.75500 2676.93 0.22798
25.75900 2679.5 0.227862
25.76300 2695.5 0.22739
25.76700 2674.86 0.22804
25.77100 2709.07 0.226921
25.77500 2672.14 0.228099
25.77900 2680.93 0.227803
25.78300 2700.14 0.227214
25.78700 2724.79 0.226455
25.79100 2729.71 0.226281
25.79500 2741.71 0.225935
25.79900 2738.43 0.22605
25.80300 2740.71 0.225992
25.80700 2736.07 0.226108
25.81100 2749.21 0.225704
25.81500 2757.93 0.225417
25.81900 2717.57 0.226688
25.82300 2739.29 0.225992
25.82700 2726.57 0.226397
25.83100 2727.86 0.226339
25.83500 2678.14 0.227921
25.83900 2702.71 0.227155
25.84300 2704 0.227097
25.84700 2692.43 0.227449
25.85100 2709.5 0.226921
25.85500 2683.21 0.227744
25.85900 2726.2 0.228396
25.86300 2730.93 0.226281
25.86700 2733.14 0.226224
25.87100 2714.36 0.226805
25.87500 2704.93 0.227097
25.87900 2700.14 0.227214
25.88300 2703.14 0.227155
25.88700 2729.57 0.226281
25.89100 2698.79 0.227273
25.89500 2729.29 0.226339
25.89900 2720 0.22663
25.90300 2753.4 0.227508
25.90700 2753.23 0.223439
25.91100 2775.77 0.222773
25.91500 2812.15 0.221676
25.91900 2821.69 0.221404
25.92300 2864.64 0.222277
25.92700 2870.15 0.220006
25.93100 2878.69 0.219793
25.93500 2852.15 0.220541
25.93900 2873.54 0.2199
25.94300 2820.08 0.221458
25.94700 2801.92 0.222003
25.95100 2784.31 0.222497
25.95500 2774.77 0.222773
25.95900 2765.79 0.225189
25.96300 2765.54 0.22305
25.96700 2735.77 0.223943
25.97100 2741.23 0.223775
25.97500 2772.69 0.222828
25.97900 2774.54 0.222773
25.98300 2774.86 0.224904
25.98700 2813.71 0.223775
25.99100 2819.08 0.221512
25.99500 2857.08 0.22038
25.99900 2873.39 0.219953
26.00300 2894.85 0.219317
26.00700 2889.15 0.219476
26.01100 2915.61 0.218739
26.01500 2918.23 0.218687
26.01900 2927.61 0.218426
26.02300 2920.54 0.218582
26.02700 2899.39 0.219212
26.03100 2916.61 0.218687
26.03500 2894.08 0.21937
26.03900 2875.77 0.219847
26.04300 2839.92 0.220863
26.04700 2822.69 0.221404
26.05100 2775.61 0.222773
26.05500 2736.69 0.223943
26.05900 2732.23 0.224055
26.06300 2721.61 0.224394
26.06700 2717.15 0.224507
26.07100 2672.31 0.225877
26.07500 2666.61 0.22605
26.07900 2666.46 0.22605
26.08300 2665.08 0.226108
26.08700 2656.69 0.226397
26.09100 2642.23 0.226805
26.09500 2661.54 0.226224
26.09900 2665.54 0.226108
26.10300 2632.77 0.227097
26.10700 2613.46 0.227744
26.11100 2657.39 0.226339
26.11500 2662.92 0.226166
26.11900 2653.54 0.226455
26.12300 2666.08 0.226108
26.12700 2651 0.226572
26.13100 2657.46 0.226339
26.13500 2645.31 0.226746
26.13900 2658.39 0.226339
26.14300 2648 0.22663
26.14700 2651.39 0.226513
26.15100 2658.92 0.226281
26.15500 2650.31 0.226572
26.15900 2654.15 0.226455
26.16300 2661.39 0.226224
26.16700 2662.67 0.230449
26.17100 2687.31 0.225417
26.17500 2671.61 0.225935
26.17900 2673.92 0.225819
26.18300 2670.54 0.225935
26.18700 2659.39 0.226281
26.19100 2676.85 0.225762
26.19500 2643.54 0.226805
26.19900 2669.08 0.225992
26.20300 2647.31 0.226688
26.20700 2649.39 0.226572
26.21100 2650.69 0.226572
26.21500 2648.46 0.22663
26.21900 2652.85 0.226513
26.22300 2673.85 0.225819
26.22700 2684.77 0.225475
26.23100 2687.77 0.225417
26.23500 2667.15 0.22605
26.23900 2674.57 0.22804
26.24300 2688 0.225417
26.24700 2721.92 0.224394
26.25100 2729.69 0.224112
26.25500 2704.08 0.224904
26.25900 2785.77 0.222442
26.26300 2719.46 0.22445
26.26700 2745.77 0.223663
26.27100 2757.21 0.225475
26.27500 2768.39 0.222994
26.27900 2743 0.223719
26.28300 2755.31 0.223384
26.28700 2689 0.22536
26.29100 2698.39 0.225075
26.29500 2700.64 0.227214
26.29900 2698.5 0.227273
26.30300 2671.61 0.225935
26.30700 2656.17 0.223943
26.31100 2688.42 0.222939
26.31500 2656.33 0.223943
26.31900 2646.14 0.228934
26.32300 2675.67 0.223328
26.32700 2629.33 0.224733
26.33100 2639.5 0.22445
26.33500 2630.42 0.224733
26.33900 2657.42 0.223887
26.34300 2631.25 0.224677
26.34700 2635.75 0.224563
26.35100 2612.75 0.225246
26.35500 2609.75 0.22536
26.35900 2629.08 0.224733
26.36300 2630.25 0.224733
26.36700 2645.92 0.224224
26.37100 2606.67 0.225475
26.37500 2640.42 0.224394
26.37900 2643 0.226805
26.38300 2663.39 0.226166
26.38700 2641.85 0.226863
26.39100 2620.69 0.227508
26.39500 2656.08 0.226397
26.39900 2623.77 0.22739
26.40300 2623.92 0.22739
26.40700 2620.61 0.227508
26.41100 2631.46 0.227155
26.41500 2624.23 0.22739
26.41900 2649.54 0.226572
26.42300 2643.92 0.226746
26.42700 2619.77 0.227508
26.43100 2626.31 0.227331
26.43500 2629.61 0.227214
26.43900 2627.77 0.227273
26.44300 2642 0.226805
26.44700 2633.77 0.227097
26.45100 2655.39 0.226397
26.45500 2637.08 0.22698
26.45900 2679.31 0.225647
26.46300 2641.77 0.226863
26.46700 2660 0.226281
26.47100 2663.77 0.226166
26.47500 2682.31 0.225589
26.47900 2645.85 0.226688
26.48300 2711.54 0.224677
26.48700 2670.85 0.225935
26.49100 2730 0.224112
26.49500 2734.15 0.223999
26.49900 2770.39 0.222939
26.50300 2772.39 0.222884
26.50700 2762.85 0.223161
26.51100 2802.08 0.222003
26.51500 2757.61 0.223272
26.51900 2772.92 0.222828
26.52300 2737.61 0.223887
26.52700 2749.23 0.223551
26.53100 2711.77 0.224677
26.53500 2719.08 0.22445
26.53900 2733.08 0.224055
26.54300 2729.92 0.224112
26.54700 2730.23 0.224112
26.55100 2717.39 0.224507
26.55500 2693.92 0.225246
26.55900 2709.77 0.224733
26.56300 2701.08 0.225018
26.56700 2690.92 0.225303
26.57100 2697.31 0.225132
26.57500 2695.92 0.225132
26.57900 2694.39 0.225189
26.58300 2657.92 0.226339
26.58700 2679.46 0.225647
26.59100 2696.69 0.225132
26.59500 2638.57 0.229175
26.59900 2646.54 0.226688
26.60300 2676.79 0.22798
26.60700 2672.75 0.223439
26.61100 2682.92 0.223105
26.61500 2666.85 0.22605
26.61900 2690.75 0.222884
26.62300 2671.58 0.223439
26.62700 2692.17 0.222828
26.63100 2705.67 0.222442
26.63500 2680.46 0.225647
26.63900 2709.58 0.222332
26.64300 2699.92 0.225018
26.64700 2723.42 0.221894
26.65100 2696 0.222718
26.65500 2730.5 0.221676
26.65900 2709.67 0.222332
26.66300 2691.25 0.222884
26.66700 2673.75 0.223384
26.67100 2674.08 0.223384
26.67500 2674.83 0.223384
26.67900 2661.92 0.226224
26.68300 2653.61 0.226455
26.68700 2660.92 0.226224
26.69100 2670 0.225935
26.69500 2664.31 0.226108
26.69900 2653.61 0.226455
26.70300 2688.15 0.225417
26.70700 2699.39 0.225075
26.71100 2713.69 0.22462
26.71500 2689.46 0.22536
26.71900 2693.08 0.225246
26.72300 2715.08 0.224563
26.72700 2699.77 0.225018
26.73100 2675.64 0.22798
26.73500 2693.79 0.227449
26.73900 2681.23 0.225589
26.74300 2648.92 0.22663
26.74700 2661.61 0.226224
26.75100 2668.23 0.225992
26.75500 2648 0.22663
26.75900 2645.39 0.226746
26.76300 2657.46 0.226339
26.76700 2675.85 0.225762
26.77100 2686.61 0.225417
26.77500 2659.85 0.226281
26.77900 2679.08 0.225704
26.78300 2676.85 0.225762
26.78700 2659.23 0.226281
26.79100 2673.46 0.225877
26.79500 2723.77 0.224337
26.79900 2709.39 0.224733
26.80300 2669.08 0.225992
26.80700 2723.08 0.224337
26.81100 2702.92 0.224961
26.81500 2712.39 0.224677
26.81900 2687.08 0.225417
26.82300 2695.85 0.225189
26.82700 2666.15 0.22605
26.83100 2674.46 0.225819
26.83500 2683.77 0.225532
26.83900 2689.69 0.22536
26.84300 2680.54 0.225647
26.84700 2682.77 0.225589
26.85100 2693.61 0.225246
26.85500 2692.39 0.225246
26.85900 2708.5 0.22698
26.86300 2745.46 0.223663
26.86700 2734.08 0.223999
26.87100 2703.85 0.224904
26.87500 2706.08 0.224847
26.87900 2742.39 0.223775
26.88300 2747.69 0.223607
26.88700 2752.08 0.223439
26.89100 2757.08 0.223328
26.89500 2787.46 0.222387
26.89900 2789.54 0.222332
26.90300 2773.93 0.224961
26.90700 2792.83 0.2199
26.91100 2798.5 0.21974
26.91500 2797.17 0.21974
26.91900 2798.17 0.21974
26.92300 2781.85 0.222552
26.92700 2761.5 0.220809
26.93100 2772.58 0.220487
26.93500 2760.75 0.220809
26.93900 2742.08 0.221349
26.94300 2728.17 0.221785
26.94700 2722.42 0.221948
26.95100 2719.67 0.222003
26.95500 2717.25 0.222113
26.95900 2732.15 0.224055
26.96300 2754.75 0.220971
26.96700 2754.67 0.220971
26.97100 2748 0.221187
26.97500 2757 0.220917
26.97900 2711.67 0.222277
26.98300 2726.46 0.224224
26.98700 2708.92 0.22479
26.99100 2701.92 0.222552
26.99500 2706.83 0.222387
26.99900 2707.83 0.222387
27.00300 2692.33 0.222828
27.00700 2738.67 0.221458
27.01100 2725.67 0.221839
27.01500 2742.92 0.221349
27.01900 2781.25 0.220219
27.02300 2844.67 0.218426
27.02700 2853.42 0.218166
27.03100 2943.75 0.215716
27.03500 2957 0.215365
27.03900 2993.67 0.214373
27.04300 3034.92 0.213298
27.04700 3041.75 0.213104
27.05100 3034.42 0.213298
27.05500 2983.17 0.214669
27.05900 2954.25 0.215415
27.06300 2922.33 0.21627
27.06700 2861.75 0.217959
27.07100 2843.08 0.218478
27.07500 2817.83 0.219159
27.07900 2782.92 0.220166
27.08300 2740.42 0.221404
27.08700 2732.75 0.221621
27.09100 2721.58 0.221948
27.09500 2693.5 0.222773
27.09900 2678.58 0.223272
27.10300 2720.83 0.222003
27.10700 2666.5 0.223607
27.11100 2683.67 0.223105
27.11500 2696 0.222718
27.11900 2674.33 0.223384
27.12300 2650.5 0.224112
27.12700 2647.83 0.224168
27.13100 2664.08 0.223663
27.13500 2650.67 0.224112
27.13900 2671.92 0.223439
27.14300 2623.83 0.224904
27.14700 2622.92 0.224961
27.15100 2643.75 0.224281
27.15500 2648.92 0.224168
27.15900 2636 0.224563
27.16300 2661.42 0.223775
27.16700 2657.54 0.226339
27.17100 2611.33 0.225303
27.17500 2625.17 0.224904
27.17900 2636.92 0.224507
27.18300 2622.42 0.224961
27.18700 2598.83 0.225704
27.19100 2649.75 0.224112
27.19500 2636.33 0.224507
27.19900 2633.5 0.22462
27.20300 2642.5 0.224337
27.20700 2603.42 0.225532
27.21100 2637.92 0.224507
27.21500 2627.25 0.22479
27.21900 2634.92 0.224563
27.22300 2631.58 0.224677
27.22700 2657.67 0.223887
27.23100 2643.33 0.224337
27.23500 2659.08 0.223831
27.23900 2681.85 0.225589
27.24300 2659.17 0.223831
27.24700 2659.5 0.223831
27.25100 2674.08 0.223384
27.25500 2683.92 0.223105
27.25900 2737.08 0.221512
27.26300 2709.58 0.222332
27.26700 2700.67 0.222607
27.27100 2729.69 0.224112
27.27500 2708.75 0.222332
27.27900 2693 0.222828
27.28300 2692.58 0.222828
27.28700 2707.5 0.222387
27.29100 2683.42 0.223105
27.29500 2689.15 0.22536
27.29900 2684.31 0.225532
27.30300 2694.67 0.222773
27.30700 2698.36 0.219953
27.31100 2743.46 0.218635
27.31500 2719.27 0.219317
27.31900 2722.54 0.224337
27.32300 2735.73 0.218844
27.32700 2724 0.219212
27.33100 2735.64 0.218844
27.33500 2689.54 0.220219
27.33900 2714.82 0.219476
27.34300 2688.36 0.220219
27.34700 2681.64 0.220433
27.35100 2704 0.219793
27.35500 2704.73 0.21974
27.35900 2696.46 0.220006
27.36300 2654 0.221241
27.36700 2699.46 0.2199
27.37100 2655.18 0.221187
27.37500 2640.09 0.221676
27.37900 2669.42 0.223551
27.38300 2680.42 0.223217
27.38700 2673.17 0.223384
27.39100 2680.42 0.223217
27.39500 2669.75 0.223495
27.39900 2627.67 0.22479
27.40300 2628.25 0.22479
27.40700 2681.17 0.223161
27.41100 2612.92 0.225246
27.41500 2612.67 0.225246
27.41900 2609.67 0.22536
27.42300 2612.67 0.225246
27.42700 2595.5 0.225819
27.43100 2609.67 0.22536
27.43500 2605.25 0.225475
27.43900 2638 0.224507
27.44300 2644.17 0.224281
27.44700 2604.83 0.225532
27.45100 2654.33 0.223999
27.45500 2627.92 0.22479
27.45900 2633.67 0.22462
27.46300 2611.17 0.225303
27.46700 2612.58 0.225246
27.47100 2611.75 0.225303
27.47500 2640.5 0.224394
27.47900 2620.25 0.225018
27.48300 2627.58 0.22479
27.48700 2614.75 0.225189
27.49100 2618.42 0.225075
27.49500 2610.67 0.225303
27.49900 2637.75 0.224507
27.50300 2632.08 0.224677
27.50700 2649.5 0.224112
27.51100 2628.92 0.224733
27.51500 2633.42 0.22462
27.51900 2628.75 0.22479
27.52300 2646.08 0.224224
27.52700 2647.25 0.224224
27.53100 2615.08 0.225189
27.53500 2646.67 0.224224
27.53900 2658 0.223887
27.54300 2639.92 0.22445
27.54700 2640 0.224394
27.55100 2644.25 0.224281
27.55500 2648.42 0.224168
27.55900 2657.42 0.223887
27.56300 2666.42 0.223607
27.56700 2702.08 0.222552
27.57100 2695.25 0.222773
27.57500 2717.92 0.222058
27.57900 2724.08 0.221894
27.58300 2745.75 0.221241
27.58700 2740.83 0.221404
27.59100 2751.58 0.221079
27.59500 2743.23 0.223719
27.59900 2701.83 0.222552
27.60300 2722.54 0.224337
27.60700 2693.82 0.220059
27.61100 2772 0.217855
27.61500 2725.92 0.221839
27.61900 2660.46 0.221079
27.62300 2678.27 0.220541
27.62700 2695.27 0.220006
27.63100 2701.54 0.219847
27.63500 2696.67 0.222718
27.63900 2695 0.220059
27.64300 2727.33 0.221785
27.64700 2688.82 0.220219
27.65100 2731.18 0.219001
27.65500 2733.91 0.218896
27.65900 2711.82 0.219529
27.66300 2706.36 0.219687
27.66700 2723.54 0.219212
27.67100 2704 0.219793
27.67500 2723.73 0.219212
27.67900 2701.25 0.222552
27.68300 2707.08 0.222387
27.68700 2730 0.22173
27.69100 2711.67 0.222277
27.69500 2698.92 0.222662
27.69900 2662.25 0.223719
27.70300 2651.08 0.224055
27.70700 2656.33 0.223943
27.71100 2626.25 0.224847
27.71500 2661.17 0.223775
27.71900 2633 0.22462
27.72300 2651 0.224055
27.72700 2647.58 0.224168
27.73100 2618.15 0.227567
27.73500 2603.77 0.22804
27.73900 2627.17 0.22479
27.74300 2616.33 0.225132
27.74700 2593.17 0.225877
27.75100 2605.58 0.225475
27.75500 2588.42 0.225992
27.75900 2611.08 0.225303
27.76300 2596.25 0.225762
27.76700 2603.67 0.225532
27.77100 2603.83 0.225532
27.77500 2599.42 0.225647
27.77900 2587.08 0.22605
27.78300 2608.08 0.225417
27.78700 2575.5 0.226397
27.79100 2616.67 0.225132
27.79500 2629.5 0.224733
27.79900 2614.83 0.225189
27.80300 2625.25 0.224847
27.80700 2609.33 0.22536
27.81100 2599.92 0.225647
27.81500 2626.33 0.224847
27.81900 2632.33 0.224677
27.82300 2636.67 0.224507
27.82700 2618.25 0.225075
27.83100 2647.08 0.224224
27.83500 2617.67 0.225132
27.83900 2642.92 0.224337
27.84300 2623.67 0.224904
27.84700 2656.08 0.223943
27.85100 2664 0.223663
27.85500 2663.42 0.223719
27.85900 2675.46 0.225762
27.86300 2688.67 0.222939
27.86700 2684.08 0.223105
27.87100 2703.5 0.222497
27.87500 2699.17 0.222607
27.87900 2700.5 0.222607
27.88300 2719.83 0.222003
27.88700 2685.83 0.22305
27.89100 2680.58 0.223161
27.89500 2677.58 0.223272
27.89900 2665.67 0.223663
27.90300 2643.58 0.224337
27.90700 2617.09 0.222332
27.91100 2633.54 0.221839
27.91500 2623.82 0.222167
27.91900 2638.82 0.221676
27.92300 2613 0.225246
27.92700 2581.73 0.223439
27.93100 2598.91 0.222884
27.93500 2633.09 0.221839
27.93900 2621.64 0.222222
27.94300 2597.36 0.222939
27.94700 2624.46 0.222113
27.95100 2618.18 0.222332
27.95500 2619.46 0.222277
27.95900 2634.08 0.22462
27.96300 2632.27 0.221894
27.96700 2648.54 0.221404
27.97100 2637.27 0.22173
27.97500 2685.82 0.220326
27.97900 2647 0.221458
27.98300 2664.17 0.223663
27.98700 2703.92 0.222497
27.99100 2714 0.219476
27.99500 2694 0.220059
27.99900 2710.64 0.219581
28.00300 2707.46 0.219687
28.00700 2723.54 0.219212
28.01100 2743.36 0.218635
28.01500 2722.82 0.219212
28.01900 2710.64 0.219581
28.02300 2742.54 0.218687
28.02700 2713.82 0.219476
28.03100 2736.82 0.218844
28.03500 2737.27 0.218844
28.03900 2782.54 0.217546
28.04300 2767.54 0.217959
28.04700 2784.18 0.217494
28.05100 2739.82 0.218739
28.05500 2738.82 0.218792
28.05900 2764.64 0.218062
28.06300 2722.82 0.219212
28.06700 2707.91 0.219687
28.07100 2690.91 0.220166
28.07500 2697.09 0.219953
28.07900 2659.46 0.221079
28.08300 2693.36 0.220113
28.08700 2682.91 0.22038
28.09100 2681.18 0.220433
28.09500 2644.27 0.221512
28.09900 2650.09 0.221349
28.10300 2629.09 0.222003
28.10700 2650 0.221349
28.11100 2670.91 0.220755
28.11500 2660.46 0.221079
28.11900 2639.46 0.221676
28.12300 2654.46 0.221241
28.12700 2677.82 0.220541
28.13100 2671.46 0.220755
28.13500 2679.82 0.220487
28.13900 2686 0.220326
28.14300 2704.73 0.21974
28.14700 2714.64 0.219476
28.15100 2732.46 0.218949
28.15500 2738.54 0.218792
28.15900 2761.36 0.218114
28.16300 2754.54 0.218322
28.16700 2768.75 0.220594
28.17100 2719.18 0.219317
28.17500 2712 0.219529
28.17900 2719.64 0.219317
28.18300 2698 0.219953
28.18700 2660.36 0.221079
28.19100 2640.46 0.221621
28.19500 2628.91 0.222003
28.19900 2656.91 0.221133
28.20300 2608.18 0.222607
28.20700 2605.27 0.222718
28.21100 2611.91 0.222497
28.21500 2593.64 0.22305
28.21900 2613.27 0.222442
28.22300 2616.91 0.222332
28.22700 2595 0.222994
28.23100 2612.09 0.222497
28.23500 2589 0.223217
28.23900 2598.25 0.225704
28.24300 2617.46 0.222332
28.24700 2620 0.222277
28.25100 2654.91 0.221241
28.25500 2643 0.221567
28.25900 2676 0.220594
28.26300 2642.64 0.221567
28.26700 2647.73 0.221404
28.27100 2635.67 0.224563
28.27500 2646.82 0.221458
28.27900 2634.18 0.221839
28.28300 2633 0.221894
28.28700 2633.73 0.221839
28.29100 2649.91 0.221349
28.29500 2625.83 0.224847
28.29900 2654.25 0.223999
28.30300 2663.73 0.220971
28.30700 2664.7 0.217855
28.31100 2684.5 0.217289
28.31500 2645.4 0.218426
28.31900 2635.92 0.224563
28.32300 2608.9 0.219476
28.32700 2627.6 0.218896
28.33100 2620.2 0.219159
28.33500 2586.9 0.220113
28.33900 2611.4 0.21937
28.34300 2591.4 0.220006
28.34700 2609.6 0.219423
28.35100 2583.9 0.220219
28.35500 2618.1 0.219212
28.35900 2616.4 0.219265
28.36300 2588.9 0.220059
28.36700 2604.1 0.219581
28.37100 2587.6 0.220113
28.37500 2606.1 0.219529
28.37900 2638.36 0.22173
28.38300 2666.64 0.220863
28.38700 2664.18 0.220917
28.39100 2702.64 0.219793
28.39500 2747.82 0.21853
28.39900 2716 0.219423
28.40300 2733.18 0.218949
28.40700 2761.46 0.218114
28.41100 2759.09 0.218218
28.41500 2727 0.219107
28.41900 2743.27 0.218635
28.42300 2739.64 0.218739
28.42700 2640.73 0.221621
28.43100 2658.54 0.221133
28.43500 2630.27 0.221948
28.43900 2622.46 0.222167
28.44300 2595.09 0.222994
28.44700 2604.18 0.222718
28.45100 2601.09 0.222828
28.45500 2600.82 0.222828
28.45900 2598.64 0.222884
28.46300 2603.82 0.222773
28.46700 2576 0.223607
28.47100 2555.09 0.224224
28.47500 2582.73 0.223384
28.47900 2592.46 0.223105
28.48300 2587.82 0.223217
28.48700 2617.54 0.222332
28.49100 2578.82 0.223495
28.49500 2578.73 0.223495
28.49900 2561.82 0.224055
28.50300 2556.36 0.224224
28.50700 2597.09 0.222939
28.51100 2596 0.222994
28.51500 2573.09 0.223663
28.51900 2562.36 0.223999
28.52300 2573.46 0.223663
28.52700 2566.09 0.223887
28.53100 2596.09 0.222994
28.53500 2612.91 0.222497
28.53900 2574.09 0.223663
28.54300 2623.09 0.222167
28.54700 2614.18 0.222442
28.55100 2621.73 0.222222
28.55500 2617.18 0.222332
28.55900 2632.82 0.221894
28.56300 2628.09 0.222003
28.56700 2626.82 0.222058
28.57100 2611 0.222552
28.57500 2599.46 0.222884
28.57900 2631.46 0.221894
28.58300 2617 0.222332
28.58700 2599.73 0.222884
28.59100 2591.27 0.223105
28.59500 2606.5 0.225475
28.59900 2596.54 0.222994
28.60300 2616.08 0.225132
28.60700 2607.8 0.219476
28.61100 2620.2 0.219159
28.61500 2614.4 0.219317
28.61900 2585.7 0.220166
28.62300 2608.9 0.219476
28.62700 2620.5 0.219107
28.63100 2645.8 0.218374
28.63500 2646.73 0.221458
28.63900 2617.9 0.219212
28.64300 2663.46 0.220971
28.64700 2661.2 0.217959
28.65100 2734.7 0.215866
28.65500 2676.1 0.217546
28.65900 2680.8 0.217391
28.66300 2700.7 0.216828
28.66700 2688.9 0.217186
28.67100 2659.4 0.21801
28.67500 2703.4 0.216777
28.67900 2651.36 0.221295
28.68300 2617.18 0.222332
28.68700 2651.36 0.221295
28.69100 2611.46 0.222497
28.69500 2625.18 0.222113
28.69900 2596.82 0.222939
28.70300 2607.82 0.222607
28.70700 2605.64 0.222718
28.71100 2571.27 0.223719
28.71500 2566.54 0.223887
28.71900 2594.54 0.22305
28.72300 2564.27 0.223943
28.72700 2594.91 0.222994
28.73100 2560.58 0.226921
28.73500 2564.58 0.226746
28.73900 2563.64 0.223999
28.74300 2537.82 0.22479
28.74700 2584.73 0.223328
28.75100 2565.64 0.223943
28.75500 2540.09 0.224733
28.75900 2569.18 0.223831
28.76300 2549.18 0.22445
28.76700 2553.82 0.224281
28.77100 2567.73 0.223831
28.77500 2583.27 0.223384
28.77900 2556.82 0.224168
28.78300 2560.46 0.224055
28.78700 2556.09 0.224224
28.79100 2570.18 0.223775
28.79500 2588.27 0.223217
28.79900 2576.18 0.223607
28.80300 2573.27 0.223663
28.80700 2571.18 0.223719
28.81100 2581 0.223439
28.81500 2576.73 0.223551
28.81900 2540.18 0.224677
28.82300 2579.91 0.223495
28.82700 2549.91 0.224394
28.83100 2564.91 0.223943
28.83500 2562.82 0.223999
28.83900 2562.36 0.223999
28.84300 2549.36 0.224394
28.84700 2553.91 0.224281
28.85100 2565.91 0.223887
28.85500 2547.46 0.224507
28.85900 2559.17 0.226921
28.86300 2555.27 0.224224
28.86700 2556 0.224224
28.87100 2586.54 0.223272
28.87500 2567.73 0.223831
28.87900 2593.91 0.22305
28.88300 2572.46 0.223719
28.88700 2575.36 0.223607
28.89100 2579.27 0.223495
28.89500 2575.46 0.223607
28.89900 2587.46 0.223272
28.90300 2593.82 0.22305
28.90700 2586.1 0.220113
28.91100 2627 0.218949
28.91500 2639.6 0.218582
28.91900 2653.1 0.218166
28.92300 2637.27 0.22173
28.92700 2614.6 0.219317
28.93100 2637.8 0.218635
28.93500 2592.3 0.219953
28.93900 2601.8 0.219687
28.94300 2585.1 0.220166
28.94700 2626.3 0.218949
28.95100 2627.1 0.218949
28.95500 2641 0.21853
28.95900 2609 0.222607
28.96300 2604.8 0.219581
28.96700 2621.5 0.219107
28.97100 2638.5 0.218582
28.97500 2682.7 0.21734
28.97900 2663 0.217907
28.98300 2704.27 0.219793
28.98700 2720.64 0.219317
28.99100 2728.9 0.216017
28.99500 2734.1 0.215917
28.99900 2717.9 0.216371
29.00300 2770.5 0.214868
29.00700 2769.9 0.214917
29.01100 2703.2 0.216777
29.01500 2723.4 0.216169
29.01900 2720.3 0.21627
29.02300 2673 0.217597
29.02700 2676.1 0.217546
29.03100 2666 0.217803
29.03500 2665.6 0.217803
29.03900 2662.6 0.217907
29.04300 2681.2 0.217391
29.04700 2671.4 0.217649
29.05100 2639.3 0.218582
29.05500 2627.2 0.218949
29.05900 2667.6 0.217752
29.06300 2645.3 0.218426
29.06700 2628.2 0.218896
29.07100 2660.8 0.217959
29.07500 2631.8 0.218792
29.07900 2635.4 0.218687
29.08300 2646.1 0.218374
29.08700 2613.7 0.219317
29.09100 2626.3 0.218949
29.09500 2635.8 0.218687
29.09900 2610.5 0.219423
29.10300 2616.2 0.219265
29.10700 2614.5 0.219317
29.11100 2625.9 0.218949
29.11500 2610.3 0.219423
29.11900 2591 0.220006
29.12300 2599.4 0.21974
29.12700 2616.1 0.219265
29.13100 2601.8 0.219687
29.13500 2637.9 0.218635
29.13900 2617.8 0.219212
29.14300 2666.3 0.217803
29.14700 2640.1 0.218582
29.15100 2641.5 0.21853
29.15500 2672.7 0.217597
29.15900 2637.1 0.218635
29.16300 2630.7 0.218844
29.16700 2618.82 0.222277
29.17100 2597.9 0.219793
29.17500 2583.3 0.220219
29.17900 2600.4 0.21974
29.18300 2597 0.219793
29.18700 2575 0.220487
29.19100 2605.1 0.219581
29.19500 2572.6 0.220541
29.19900 2589.4 0.220059
29.20300 2592.7 0.219953
29.20700 2584.7 0.220166
29.21100 2579.1 0.220326
29.21500 2557 0.221025
29.21900 2560.1 0.220917
29.22300 2528.6 0.221839
29.22700 2568.4 0.220648
29.23100 2549 0.221241
29.23500 2522.3 0.222058
29.23900 2560.27 0.224055
29.24300 2573.2 0.220541
29.24700 2544 0.221404
29.25100 2527.2 0.221894
29.25500 2534.6 0.221676
29.25900 2578.6 0.22038
29.26300 2544.7 0.221404
29.26700 2523.5 0.222003
29.27100 2540.7 0.221512
29.27500 2533.1 0.22173
29.27900 2543.5 0.221404
29.28300 2520 0.222113
29.28700 2502.2 0.222662
29.29100 2527.7 0.221894
29.29500 2553.36 0.224281
29.29900 2534.18 0.224904
29.30300 2544.5 0.221404
29.30700 2528.67 0.218218
29.31100 2519.56 0.21853
29.31500 2539.78 0.217907
29.31900 2545.91 0.224507
29.32300 2554.44 0.217494
29.32700 2508.67 0.218844
29.33100 2552.78 0.217546
29.33500 2526.44 0.218322
29.33900 2596.22 0.21627
29.34300 2570.78 0.217033
29.34700 2599 0.216219
29.35100 2573.33 0.21693
29.35500 2584.56 0.216625
29.35900 2597.22 0.21627
29.36300 2572.11 0.216982
29.36700 2540 0.217907
29.37100 2559.44 0.21734
29.37500 2547.78 0.2177
29.37900 2564.6 0.220755
29.38300 2593.6 0.2199
29.38700 2573.9 0.220487
29.39100 2603.5 0.219634
29.39500 2595.6 0.219847
29.39900 2552.6 0.221133
29.40300 2586.1 0.220113
29.40700 2583.5 0.220219
29.41100 2570.2 0.220594
29.41500 2588.7 0.220059
29.41900 2586.9 0.220113
29.42300 2593.9 0.2199
29.42700 2626 0.218949
29.43100 2600 0.21974
29.43500 2585.3 0.220166
29.43900 2618.8 0.219159
29.44300 2609.7 0.219423
29.44700 2634 0.218739
29.45100 2598.8 0.21974
29.45500 2603.3 0.219634
29.45900 2606 0.219529
29.46300 2623.9 0.219054
29.46700 2590.7 0.220006
29.47100 2602.8 0.219634
29.47500 2598 0.219793
29.47900 2606.4 0.219529
29.48300 2643.5 0.218478
29.48700 2599.9 0.21974
29.49100 2590.8 0.220006
29.49500 2619.8 0.219159
29.49900 2603.7 0.219634
29.50300 2588 0.220059
29.50700 2571.1 0.220594
29.51100 2589.3 0.220059
29.51500 2613.7 0.219317
29.51900 2609.6 0.219423
29.52300 2574 0.220487
29.52700 2608 0.219476
29.53100 2637.7 0.218635
29.53500 2613.2 0.219317
29.53900 2633.4 0.218739
29.54300 2671.5 0.217649
29.54700 2701.9 0.216777
29.55100 2692.8 0.217033
29.55500 2675.9 0.217546
29.55900 2676.3 0.217494
29.56300 2658.8 0.21801
29.56700 2599.7 0.21974
29.57100 2635.4 0.218687
29.57500 2576.5 0.220433
29.57900 2561.9 0.220863
29.58300 2598.4 0.219793
29.58700 2585.3 0.220166
29.59100 2526.8 0.221894
29.59500 2545.36 0.224563
29.59900 2545.9 0.221349
29.60300 2553.73 0.224281
29.60700 2532.56 0.218114
29.61100 2567.89 0.217084
29.61500 2546.78 0.2177
29.61900 2511.89 0.218739
29.62300 2541 0.217855
29.62700 2525.56 0.218322
29.63100 2518 0.21853
29.63500 2534.3 0.221676
29.63900 2500.56 0.219054
29.64300 2551.4 0.221187
29.64700 2522.44 0.218426
29.65100 2523.44 0.218374
29.65500 2539.22 0.217907
29.65900 2539.11 0.217959
29.66300 2556.78 0.217443
29.66700 2557 0.217391
29.67100 2517.11 0.218582
29.67500 2531.44 0.218166
29.67900 2549.9 0.221241
29.68300 2517.5 0.222222
29.68700 2550.8 0.221187
29.69100 2539.3 0.221567
29.69500 2518.9 0.222167
29.69900 2544.4 0.221404
29.70300 2529.1 0.221839
29.70700 2564.7 0.220755
29.71100 2537.6 0.221567
29.71500 2571.4 0.220594
29.71900 2580.8 0.220273
29.72300 2566.3 0.220755
29.72700 2578.9 0.220326
29.73100 2587.36 0.223272
29.73500 2617 0.222332
29.73900 2623.6 0.219054
29.74300 2609.3 0.219476
29.74700 2633.6 0.218739
29.75100 2584.2 0.220219
29.75500 2556.6 0.221025
29.75900 2579.3 0.220326
29.76300 2551.8 0.221187
29.76700 2558.3 0.220971
29.77100 2578.2 0.22038
29.77500 2573.6 0.220487
29.77900 2557.7 0.220971
29.78300 2541.6 0.221458
29.78700 2557.7 0.220971
29.79100 2553.7 0.221133
29.79500 2574.4 0.220487
29.79900 2575.6 0.220433
29.80300 2562.1 0.220863
29.80700 2582 0.220273
29.81100 2566.9 0.220702
29.81500 2567.2 0.220702
29.81900 2597.7 0.219793
29.82300 2512.2 0.222387
29.82700 2570.5 0.220594
29.83100 2546.2 0.221349
29.83500 2552.5 0.221133
29.83900 2572.6 0.220541
29.84300 2572.5 0.220541
29.84700 2565.4 0.220755
29.85100 2597.8 0.219793
29.85500 2618.5 0.219159
29.85900 2578 0.22038
29.86300 2597.3 0.219793
29.86700 2599.7 0.21974
29.87100 2615.9 0.219265
29.87500 2623.6 0.219054
29.87900 2639.1 0.218582
29.88300 2585.2 0.220166
29.88700 2577.6 0.22038
29.89100 2575 0.220487
29.89500 2574.4 0.220487
29.89900 2575.4 0.220433
29.90300 2581.7 0.220273
29.90700 2580.3 0.220326
29.91100 2567.3 0.220702
29.91500 2595.3 0.219847
29.91900 2565.6 0.220755
29.92300 2569.46 0.223775
29.92700 2543.5 0.221404
29.93100 2591 0.220006
29.93500 2545.5 0.221349
29.93900 2528.1 0.221894
29.94300 2532.7 0.22173
29.94700 2546.8 0.221295
29.95100 2498.9 0.222773
29.95500 2551.6 0.221187
29.95900 2534.64 0.224904
29.96300 2530 0.221839
29.96700 2550.1 0.221241
29.97100 2549.3 0.221241
29.97500 2553.6 0.221133
29.97900 2592.9 0.219953
29.98300 2557.27 0.224168
29.98700 2555.09 0.224224
29.99100 2565.7 0.220755
29.99500 2584.5 0.220166
29.99900 2583.7 0.220219
30.00300 2594.2 0.2199
30.00700 2605.1 0.219581
30.01100 2596.1 0.219847
30.01500 2629.2 0.218896
30.01900 2619.9 0.219159
30.02300 2632.7 0.218792
30.02700 2565.2 0.220755
30.03100 2623.9 0.219054
30.03500 2604.7 0.219581
30.03900 2623.2 0.219054
30.04300 2560.5 0.220917
30.04700 2585.9 0.220166
30.05100 2549.4 0.221241
30.05500 2569.5 0.220648
30.05900 2558 0.220971
30.06300 2525.3 0.221948
30.06700 2544.9 0.221349
30.07100 2534.8 0.221676
30.07500 2523.5 0.222003
30.07900 2535.7 0.221676
30.08300 2525.3 0.221948
30.08700 2516.3 0.222222
30.09100 2564.9 0.220755
30.09500 2533.8 0.22173
30.09900 2516.5 0.222222
30.10300 2521.5 0.222058
30.10700 2525.2 0.221948
30.11100 2515 0.222277
30.11500 2520.5 0.222113
30.11900 2500.8 0.222718
30.12300 2507 0.222552
30.12700 2528.3 0.221894
30.13100 2544.8 0.221349
30.13500 2548 0.221295
30.13900 2583 0.220219
30.14300 2574.3 0.220487
30.14700 2573.7 0.220487
30.15100 2591.2 0.220006
30.15500 2612.6 0.21937
30.15900 2581.4 0.220273
30.16300 2589.5 0.220059
30.16700 2570.54 0.223775
30.17100 2565.8 0.220755
30.17500 2525.2 0.221948
30.17900 2521.8 0.222058
30.18300 2525.8 0.221948
30.18700 2497.8 0.222828
30.19100 2519.8 0.222113
30.19500 2515.9 0.222277
30.19900 2497.6 0.222828
30.20300 2498.5 0.222773
30.20700 2472.1 0.223607
30.21100 2499.2 0.222773
30.21500 2514.7 0.222277
30.21900 2499.9 0.222718
30.22300 2480.2 0.223328
30.22700 2517.6 0.222222
30.23100 2498.9 0.222773
30.23500 2449.8 0.224281
30.23900 2490.73 0.226281
30.24300 2492.5 0.222994
30.24700 2499.1 0.222773
30.25100 2511.2 0.222387
30.25500 2498.9 0.222773
30.25900 2544 0.221404
30.26300 2471.5 0.223607
30.26700 2502.7 0.222662
30.27100 2519.9 0.222113
30.27500 2507.8 0.222497
30.27900 2531 0.221785
30.28300 2506.4 0.222552
30.28700 2473.5 0.223551
30.29100 2502.6 0.222662
30.29500 2503.64 0.225877
30.29900 2468.36 0.22698
30.30300 2495.2 0.222884
30.30700 2510.89 0.218739
30.31100 2535 0.218062
30.31500 2465.56 0.220113
30.31900 2484.73 0.226455
30.32300 2483.78 0.219581
30.32700 2505.33 0.218949
30.33100 2484.22 0.219581
30.33500 2460.33 0.220273
30.33900 2478 0.21974
30.34300 2486.78 0.219476
30.34700 2502.67 0.219001
30.35100 2499.11 0.219107
30.35500 2486.67 0.219476
30.35900 2475.11 0.219847
30.36300 2506.56 0.218896
30.36700 2518.89 0.21853
30.37100 2481.78 0.219634
30.37500 2470.22 0.220006
30.37900 2495.3 0.222884
30.38300 2526.6 0.221948
30.38700 2491.9 0.222994
30.39100 2500.7 0.222718
30.39500 2493.9 0.222939
30.39900 2521.1 0.222113
30.40300 2521.4 0.222113
30.40700 2504.9 0.222607
30.41100 2515.7 0.222277
30.41500 2509.7 0.222442
30.41900 2502.1 0.222662
30.42300 2531.2 0.221785
30.42700 2540.7 0.221512
30.43100 2552.4 0.221133
30.43500 2542.1 0.221458
30.43900 2542.7 0.221458
30.44300 2558.9 0.220971
30.44700 2550.4 0.221187
30.45100 2602.7 0.219634
30.45500 2551.4 0.221187
30.45900 2588.9 0.220059
30.46300 2560.1 0.220917
30.46700 2499.9 0.222718
30.47100 2545.2 0.221349
30.47500 2546.9 0.221295
30.47900 2513.6 0.222332
30.48300 2540.7 0.221512
30.48700 2493.7 0.222939
30.49100 2507.1 0.222497
30.49500 2518.2 0.222167
30.49900 2519.4 0.222167
30.50300 2510.2 0.222442
30.50700 2491.2 0.222994
30.51100 2483.7 0.223272
30.51500 2507.9 0.222497
30.51900 2515 0.222277
30.52300 2501.8 0.222662
30.52700 2494.9 0.222884
30.53100 2520.9 0.222113
30.53500 2539.5 0.221512
30.53900 2529.6 0.221839
30.54300 2517.3 0.222222
30.54700 2528.2 0.221894
30.55100 2530.1 0.221839
30.55500 2527.5 0.221894
30.55900 2523.8 0.222003
30.56300 2505.7 0.222552
30.56700 2509.9 0.222442
30.57100 2486.4 0.223161
30.57500 2508 0.222497
30.57900 2523.9 0.222003
30.58300 2512.4 0.222387
30.58700 2494.3 0.222939
30.59100 2497.9 0.222828
30.59500 2505.73 0.225762
30.59900 2498.4 0.222773
30.60300 2493.18 0.226166
30.60700 2505.78 0.218896
30.61100 2551 0.217597
30.61500 2515.89 0.218635
30.61900 2497.67 0.219159
30.62300 2491.11 0.21937
30.62700 2487 0.219476
30.63100 2490.44 0.21937
30.63500 2518.9 0.222167
30.63900 2495.89 0.219212
30.64300 2546.8 0.221295
30.64700 2514.44 0.218635
30.65100 2519 0.21853
30.65500 2530.89 0.218166
30.65900 2480.33 0.219687
30.66300 2521.11 0.218478
30.66700 2516.44 0.218582
30.67100 2497.22 0.219159
30.67500 2534.44 0.218062
30.67900 2507.56 0.218844
30.68300 2511.22 0.218739
30.68700 2503.89 0.218949
30.69100 2499.56 0.219107
30.69500 2516.22 0.218582
30.69900 2515.78 0.218635
30.70300 2506.22 0.218896
30.70700 2542.89 0.217803
30.71100 2548.22 0.217649
30.71500 2509.78 0.218792
30.71900 2506.44 0.218896
30.72300 2539.33 0.217907
30.72700 2510.22 0.218792
30.73100 2530.33 0.218166
30.73500 2516.1 0.222222
30.73900 2535.67 0.21801
30.74300 2489.89 0.21937
30.74700 2505 0.218949
30.75100 2511.33 0.218739
30.75500 2478.56 0.21974
30.75900 2508.11 0.218844
30.76300 2512.33 0.218739
30.76700 2486.44 0.219476
30.77100 2492.33 0.219317
30.77500 2513.33 0.218687
30.77900 2483.33 0.219581
30.78300 2499.44 0.219107
30.78700 2478.11 0.21974
30.79100 2489.78 0.21937
30.79500 2503.11 0.219001
30.79900 2513.22 0.218687
30.80300 2511.44 0.218739
30.80700 2497.33 0.219159
30.81100 2501.33 0.219054
30.81500 2478.33 0.21974
30.81900 2497 0.219159
30.82300 2504.67 0.218949
30.82700 2464.22 0.220166
30.83100 2492.78 0.219317
30.83500 2453.89 0.220487
30.83900 2496.44 0.219212
30.84300 2499.22 0.219107
30.84700 2468.89 0.220006
30.85100 2470.56 0.219953
30.85500 2487.67 0.219476
30.85900 2503.22 0.219001
30.86300 2508.11 0.218844
30.86700 2482.44 0.219634
30.87100 2503.44 0.219001
30.87500 2493.11 0.219317
30.87900 2484.44 0.219529
30.88300 2491 0.21937
30.88700 2548 0.2177
30.89100 2538.67 0.217959
30.89500 2473.56 0.2199
30.89900 2514.56 0.218635
30.90300 2486.78 0.219476
30.90700 2491.67 0.219317
30.91100 2491.22 0.21937
30.91500 2503.44 0.219001
30.91900 2510.89 0.218739
30.92300 2485.7 0.223161
30.92700 2478.56 0.21974
30.93100 2473.33 0.2199
30.93500 2466.33 0.220113
30.93900 2456.56 0.22038
30.94300 2431.22 0.221187
30.94700 2488.56 0.219423
30.95100 2460.67 0.220273
30.95500 2517.67 0.218582
30.95900 2516.8 0.222222
30.96300 2440.11 0.220917
30.96700 2468.78 0.220006
30.97100 2478.89 0.21974
30.97500 2468.56 0.220006
30.97900 2469.11 0.220006
30.98300 2457.7 0.224055
30.98700 2409.4 0.225589
30.99100 2471.67 0.219953
30.99500 2466.89 0.220059
30.99900 2455.89 0.220433
31.00300 2483.56 0.219581
31.00700 2456.33 0.22038
31.01100 2461.33 0.220273
31.01500 2486.67 0.219476
31.01900 2493.22 0.219317
31.02300 2484.89 0.219529
31.02700 2468.44 0.220059
31.03100 2476.33 0.219793
31.03500 2471.78 0.219953
31.03900 2489.56 0.219423
31.04300 2485.56 0.219529
31.04700 2492.78 0.219317
31.05100 2448.44 0.220648
31.05500 2469.56 0.220006
31.05900 2503.89 0.218949
31.06300 2464.33 0.220166
31.06700 2472.44 0.2199
31.07100 2500 0.219107
31.07500 2505.67 0.218896
31.07900 2468.67 0.220006
31.08300 2510.22 0.218792
31.08700 2486 0.219529
31.09100 2480.56 0.219687
31.09500 2482.67 0.219581
31.09900 2487 0.219476
31.10300 2511.67 0.218739
31.10700 2475.22 0.219847
31.11100 2493.78 0.219265
31.11500 2497.33 0.219159
31.11900 2493 0.219317
31.12300 2499.11 0.219107
31.12700 2529.11 0.218218
31.13100 2509.78 0.218792
31.13500 2475.33 0.219847
31.13900 2500.89 0.219054
31.14300 2485.44 0.219529
31.14700 2495.44 0.219212
31.15100 2508.56 0.218844
31.15500 2533.33 0.218114
31.15900 2538.44 0.217959
31.16300 2499.11 0.219107
31.16700 2498.8 0.222773
31.17100 2524.22 0.218374
31.17500 2475.56 0.219847
31.17900 2537.33 0.21801
31.18300 2533.11 0.218114
31.18700 2506.33 0.218896
31.19100 2531.89 0.218166
31.19500 2502.44 0.219001
31.19900 2474 0.219847
31.20300 2506.44 0.218896
31.20700 2498.33 0.219159
31.21100 2540.56 0.217907
31.21500 2505 0.218949
31.21900 2533.89 0.218062
31.22300 2514.78 0.218635
31.22700 2494.22 0.219265
31.23100 2502.22 0.219001
31.23500 2487.33 0.219476
31.23900 2506.9 0.222552
31.24300 2495 0.219212
31.24700 2488.22 0.219423
31.25100 2499.44 0.219107
31.25500 2534.56 0.218062
31.25900 2512.33 0.218739
31.26300 2513.56 0.218687
31.26700 2501.78 0.219054
31.27100 2475 0.219847
31.27500 2504.89 0.218949
31.27900 2533.56 0.218114
31.28300 2514.89 0.218635
31.28700 2517.56 0.218582
31.29100 2508.67 0.218844
31.29500 2517.9 0.222167
31.29900 2483.56 0.219581
31.30300 2503.33 0.219001
31.30700 2480.88 0.215465
31.31100 2531 0.214029
31.31500 2527.75 0.214127
31.31900 2505.4 0.222552
31.32300 2491 0.215166
31.32700 2504.12 0.214818
31.33100 2513.62 0.214521
31.33500 2471.25 0.215766
31.33900 2485.88 0.215315
31.34300 2467.38 0.215866
31.34700 2477.38 0.215565
31.35100 2485.62 0.215315
31.35500 2477.12 0.215565
31.35900 2467.38 0.215866
31.36300 2487.38 0.215265
31.36700 2510 0.21462
31.37100 2476.88 0.215565
31.37500 2479.75 0.215515
31.37900 2443.22 0.220809
31.38300 2484.22 0.219581
31.38700 2454.33 0.220487
31.39100 2486 0.219529
31.39500 2481.78 0.219634
31.39900 2477.67 0.21974
31.40300 2469.22 0.220006
31.40700 2509.67 0.218792
31.41100 2484 0.219581
31.41500 2473.56 0.2199
31.41900 2493.33 0.219265
31.42300 2476.44 0.219793
31.42700 2478.44 0.21974
31.43100 2480.33 0.219687
31.43500 2489.78 0.21937
31.43900 2472.22 0.2199
31.44300 2497.67 0.219159
31.44700 2483.89 0.219581
31.45100 2506.22 0.218896
31.45500 2474.44 0.219847
31.45900 2490.67 0.21937
31.46300 2484.89 0.219529
31.46700 2520.89 0.218478
31.47100 2479.44 0.219687
31.47500 2490.44 0.21937
31.47900 2509 0.218844
31.48300 2539.89 0.217907
31.48700 2523.89 0.218374
31.49100 2531 0.218166
31.49500 2519 0.21853
31.49900 2507.56 0.218844
31.50300 2537 0.21801
31.50700 2513.44 0.218687
31.51100 2540.56 0.217907
31.51500 2530.56 0.218166
31.51900 2569.33 0.217033
31.52300 2578.78 0.216777
31.52700 2508.22 0.218844
31.53100 2485.89 0.219529
31.53500 2509.33 0.218792
31.53900 2530.33 0.218166
31.54300 2514.33 0.218687
31.54700 2477.78 0.21974
31.55100 2462.67 0.220219
31.55500 2469.89 0.220006
31.55900 2467.11 0.220059
31.56300 2453.89 0.220487
31.56700 2478.33 0.21974
31.57100 2498.11 0.219159
31.57500 2476.78 0.219793
31.57900 2506 0.218896
31.58300 2450.56 0.220594
31.58700 2481.78 0.219634
31.59100 2476.89 0.219793
31.59500 2503.1 0.222662
31.59900 2481.89 0.219634
31.60300 2489.8 0.22305
31.60700 2471.12 0.215766
31.61100 2499 0.214967
31.61500 2509.5 0.21462
31.61900 2569.25 0.212959
31.62300 2525.38 0.214176
31.62700 2478 0.215565
31.63100 2500.75 0.214868
31.63500 2501 0.219054
31.63900 2450 0.216371
31.64300 2480.44 0.219687
31.64700 2420.62 0.217237
31.65100 2462.88 0.215967
31.65500 2423.62 0.217135
31.65900 2441.38 0.216625
31.66300 2487.5 0.215265
31.66700 2481.75 0.215415
31.67100 2445.38 0.216523
31.67500 2477.75 0.215565
31.67900 2460.25 0.216068
31.68300 2437.38 0.216727
31.68700 2454.38 0.216219
31.69100 2472.38 0.215716
31.69500 2438.12 0.216727
31.69900 2406.12 0.217649
31.70300 2454.62 0.216219
31.70700 2433.5 0.216828
31.71100 2443.62 0.216574
31.71500 2418 0.217289
31.71900 2448.25 0.216422
31.72300 2442.12 0.216574
31.72700 2445.12 0.216523
31.73100 2457.5 0.216169
31.73500 2482.11 0.219634
31.73900 2464 0.215967
31.74300 2459.62 0.216068
31.74700 2468.5 0.215816
31.75100 2488.25 0.215265
31.75500 2446.62 0.216473
31.75900 2513.12 0.214521
31.76300 2486.12 0.215315
31.76700 2520.5 0.214324
31.77100 2484.88 0.215365
31.77500 2484 0.215365
31.77900 2457.12 0.216169
31.78300 2488.38 0.215265
31.78700 2477.12 0.215565
31.79100 2471.38 0.215716
31.79500 2499 0.214967
31.79900 2467.75 0.215866
31.80300 2489.25 0.215216
31.80700 2461.5 0.216017
31.81100 2480.75 0.215465
31.81500 2441 0.216625
31.81900 2480 0.215465
31.82300 2471 0.215766
31.82700 2445 0.216523
31.83100 2418.5 0.217289
31.83500 2446.38 0.216473
31.83900 2478.25 0.215565
31.84300 2490.25 0.215216
31.84700 2481.88 0.215415
31.85100 2490.62 0.215166
31.85500 2458.12 0.216118
31.85900 2450.5 0.216371
31.86300 2469 0.215816
31.86700 2511.88 0.214571
31.87100 2489.88 0.215216
31.87500 2466 0.215917
31.87900 2453.38 0.21627
31.88300 2470.12 0.215766
31.88700 2478 0.215565
31.89100 2455.5 0.216219
31.89500 2450.88 0.216321
31.89900 2473.5 0.215666
31.90300 2485.12 0.215365
31.90700 2493.38 0.215116
31.91100 2450.12 0.216371
31.91500 2478.75 0.215515
31.91900 2476.62 0.215565
31.92300 2467.75 0.215866
31.92700 2439.62 0.216676
31.93100 2493.62 0.215116
31.93500 2482.38 0.215415
31.93900 2457.62 0.216118
31.94300 2457.88 0.216118
31.94700 2434 0.216828
31.95100 2479 0.215515
31.95500 2457.38 0.216169
31.95900 2449.44 0.220594
31.96300 2452.12 0.216321
31.96700 2488.38 0.215265
31.97100 2407.75 0.217597
31.97500 2433.25 0.216879
31.97900 2439.5 0.216676
31.98300 2414.67 0.221676
31.98700 2438.56 0.220971
31.99100 2458.25 0.216118
31.99500 2474.38 0.215666
31.99900 2435 0.216828
32.00300 2474.75 0.215666
32.00700 2476.75 0.215565
32.01100 2490.25 0.215216
32.01500 2516.38 0.214423
32.01900 2517.62 0.214423
32.02300 2520.5 0.214324
32.02700 2519.62 0.214373
32.03100 2532.12 0.21398
32.03500 2519.75 0.214373
32.03900 2530.88 0.214029
32.04300 2496.75 0.215016
32.04700 2476.75 0.215565
32.05100 2477.25 0.215565
32.05500 2462.12 0.216017
32.05900 2482.12 0.215415
32.06300 2450.25 0.216371
32.06700 2450.75 0.216321
32.07100 2486.38 0.215315
32.07500 2461 0.216017
32.07900 2444.88 0.216523
32.08300 2433.25 0.216879
32.08700 2473.88 0.215666
32.09100 2450.88 0.216321
32.09500 2473.88 0.215666
32.09900 2443.12 0.216574
32.10300 2438.62 0.216676
32.10700 2439.5 0.216676
32.11100 2440.75 0.216625
32.11500 2459.12 0.216118
32.11900 2488.88 0.215216
32.12300 2456.62 0.216169
32.12700 2474.38 0.215666
32.13100 2503.5 0.214818
32.13500 2440.75 0.216625
32.13900 2458.12 0.216118
32.14300 2476.62 0.215565
32.14700 2455.75 0.216219
32.15100 2461.75 0.216017
32.15500 2488.88 0.215216
32.15900 2443.38 0.216574
32.16300 2475.62 0.215615
32.16700 2465.67 0.220113
32.17100 2479.5 0.215515
32.17500 2457.62 0.216118
32.17900 2491.88 0.215166
32.18300 2473.62 0.215666
32.18700 2461 0.216017
32.19100 2521.25 0.214324
32.19500 2447.5 0.216422
32.19900 2471.12 0.215766
32.20300 2456 0.216169
32.20700 2434.75 0.216828
32.21100 2483.12 0.215415
32.21500 2469 0.215816
32.21900 2455.5 0.216219
32.22300 2495.88 0.215016
32.22700 2502.5 0.214818
32.23100 2480.38 0.215465
32.23500 2469 0.215816
32.23900 2459.44 0.220326
32.24300 2510 0.21462
32.24700 2492 0.215166
32.25100 2521.5 0.214324
32.25500 2498.25 0.214967
32.25900 2482.62 0.215415
32.26300 2480 0.215465
32.26700 2449 0.216371
32.27100 2456.25 0.216169
32.27500 2474.38 0.215666
32.27900 2471.12 0.215766
32.28300 2467.75 0.215866
32.28700 2454.38 0.216219
32.29100 2445.88 0.216473
32.29500 2491.22 0.21937
32.29900 2449.88 0.216371
32.30300 2494 0.215066
32.30700 2455 0.211336
32.31100 2491.29 0.210305
32.31500 2486.14 0.210445
32.31900 2512.22 0.218739
32.32300 2511 0.209795
32.32700 2486.57 0.210445
32.33100 2523.29 0.209427
32.33500 2536 0.209106
32.33900 2492.43 0.210305
32.34300 2495.57 0.210212
32.34700 2533.43 0.209152
32.35100 2536.43 0.209106
32.35500 2535.57 0.209106
32.35900 2534.71 0.209152
32.36300 2527.43 0.209335
32.36700 2518.43 0.209565
32.37100 2479.71 0.210631
32.37500 2475.29 0.210772
32.37900 2472.25 0.215716
32.38300 2495.5 0.215066
32.38700 2502.38 0.214868
32.39100 2486.25 0.215315
32.39500 2481 0.215465
32.39900 2458.38 0.216118
32.40300 2504.88 0.214768
32.40700 2492.5 0.215116
32.41100 2436.5 0.216777
32.41500 2461 0.216017
32.41900 2448.75 0.216422
32.42300 2490.12 0.215216
32.42700 2465.12 0.215917
32.43100 2444.62 0.216523
32.43500 2472 0.215716
32.43900 2467.75 0.215866
32.44300 2445.25 0.216523
32.44700 2434 0.216828
32.45100 2450 0.216371
32.45500 2435.88 0.216777
32.45900 2470.12 0.215766
32.46300 2437.38 0.216727
32.46700 2459.5 0.216068
32.47100 2447 0.216473
32.47500 2457.38 0.216169
32.47900 2440.25 0.216625
32.48300 2443.38 0.216574
32.48700 2425.25 0.217084
32.49100 2405.12 0.2177
32.49500 2452.12 0.216321
32.49900 2447.25 0.216422
32.50300 2448.25 0.216422
32.50700 2450.25 0.216371
32.51100 2441.75 0.216625
32.51500 2446.75 0.216473
32.51900 2424.75 0.217084
32.52300 2452.62 0.21627
32.52700 2455.5 0.216219
32.53100 2397.88 0.217907
32.53500 2400.5 0.217855
32.53900 2461.5 0.216017
32.54300 2468.38 0.215816
32.54700 2464.88 0.215917
32.55100 2462.75 0.215967
32.55500 2453 0.21627
32.55900 2481.25 0.215465
32.56300 2470.5 0.215766
32.56700 2476.62 0.215565
32.57100 2435.62 0.216777
32.57500 2462 0.216017
32.57900 2447.25 0.216422
32.58300 2456.25 0.216169
32.58700 2462.38 0.216017
32.59100 2439.38 0.216676
32.59500 2479.12 0.215515
32.59900 2458.12 0.216118
32.60300 2439.22 0.220917
32.60700 2440.14 0.211762
32.61100 2434.86 0.211904
32.61500 2481.14 0.210585
32.61900 2473.57 0.210819
32.62300 2476.29 0.210725
32.62700 2474.86 0.210772
32.63100 2471.43 0.210865
32.63500 2481.25 0.215465
32.63900 2466.29 0.211006
32.64300 2505 0.214768
32.64700 2517.71 0.209611
32.65100 2526.29 0.209381
32.65500 2524.57 0.209427
32.65900 2534.71 0.209152
32.66300 2535.86 0.209106
32.66700 2505.14 0.209934
32.67100 2561.86 0.208424
32.67500 2553 0.208651
32.67900 2544.57 0.208878
32.68300 2583.14 0.207838
32.68700 2580.29 0.207928
32.69100 2521.57 0.209473
32.69500 2568.86 0.208243
32.69900 2516.86 0.209611
32.70300 2540.14 0.208969
32.70700 2556.14 0.20856
32.71100 2549.71 0.208741
32.71500 2612.29 0.207079
32.71900 2622.43 0.206813
32.72300 2665.71 0.205716
32.72700 2699.57 0.204851
32.73100 2689.14 0.205109
32.73500 2654.12 0.210631
32.73900 2690.43 0.205066
32.74300 2642.86 0.206284
32.74700 2604.71 0.207301
32.75100 2571.86 0.208153
32.75500 2562.71 0.208379
32.75900 2517.71 0.209611
32.76300 2552 0.208651
32.76700 2544.86 0.208878
32.77100 2506.57 0.209888
32.77500 2508.43 0.209842
32.77900 2467.57 0.210959
32.78300 2509.29 0.209842
32.78700 2493.86 0.210259
32.79100 2524.14 0.209427
32.79500 2527.29 0.209335
32.79900 2527.43 0.209335
32.80300 2509.86 0.209795
32.80700 2476.29 0.210725
32.81100 2515 0.209657
32.81500 2476.57 0.210725
32.81900 2485.14 0.210491
32.82300 2448.43 0.211525
32.82700 2489.29 0.210398
32.83100 2456.43 0.211289
32.83500 2449 0.211477
32.83900 2476.57 0.210725
32.84300 2488 0.210398
32.84700 2422.71 0.212238
32.85100 2461.14 0.211147
32.85500 2479.14 0.210678
32.85900 2454.57 0.211336
32.86300 2483.71 0.210538
32.86700 2503.71 0.20998
32.87100 2478.86 0.210678
32.87500 2486.29 0.210445
32.87900 2468.43 0.210959
32.88300 2473.43 0.210819
32.88700 2488.29 0.210398
32.89100 2479.86 0.210631
32.89500 2504.86 0.209934
32.89900 2518.71 0.209565
32.90300 2527.57 0.209335
32.90700 2489.71 0.210352
32.91100 2467 0.211006
32.91500 2515.43 0.209657
32.91900 2481.43 0.210585
32.92300 2483 0.210538
32.92700 2503 0.20998
32.93100 2508.71 0.209842
32.93500 2474.57 0.210772
32.93900 2497.14 0.210166
32.94300 2445.29 0.211619
32.94700 2452.14 0.21143
32.95100 2496.86 0.210166
32.95500 2459.71 0.211194
32.95900 2466.75 0.215866
32.96300 2493.14 0.210259
32.96700 2480.14 0.210631
32.97100 2459 0.211194
32.97500 2527.86 0.209335
32.97900 2490.29 0.210352
32.98300 2524.88 0.214226
32.98700 2510.12 0.21462
32.99100 2523.29 0.209427
32.99500 2523.86 0.209427
32.99900 2474.43 0.210772
33.00300 2523.86 0.209427
33.00700 2500.43 0.210073
33.01100 2488.71 0.210398
33.01500 2500.43 0.210073
33.01900 2473.14 0.210819
33.02300 2445.43 0.211619
33.02700 2465.57 0.211053
33.03100 2437.14 0.211809
33.03500 2449.71 0.211477
33.03900 2466.29 0.211006
33.04300 2398.71 0.212911
33.04700 2423.43 0.212238
33.05100 2406.14 0.212718
33.05500 2423.86 0.21219
33.05900 2453.57 0.211383
33.06300 2431.14 0.212
33.06700 2450 0.211477
33.07100 2448 0.211525
33.07500 2417.29 0.212382
33.07900 2417.43 0.212382
33.08300 2407.86 0.21267
33.08700 2407 0.21267
33.09100 2422.86 0.212238
33.09500 2426.43 0.212143
33.09900 2396.71 0.212959
33.10300 2437.43 0.211809
33.10700 2413.71 0.212478
33.11100 2395 0.213056
33.11500 2432.29 0.211952
33.11900 2423.86 0.21219
33.12300 2427.14 0.212095
33.12700 2403.14 0.212814
33.13100 2391.57 0.213152
33.13500 2427.57 0.212095
33.13900 2405.43 0.212718
33.14300 2416.57 0.21243
33.14700 2410.43 0.212574
33.15100 2407 0.21267
33.15500 2421.29 0.212286
33.15900 2416.14 0.21243
33.16300 2419.57 0.212334
33.16700 2436.62 0.216777
33.17100 2442.71 0.211667
33.17500 2370.43 0.213736
33.17900 2427.86 0.212095
33.18300 2460.71 0.211147
33.18700 2424.71 0.21219
33.19100 2447.71 0.211525
33.19500 2437.43 0.211809
33.19900 2454.43 0.211336
33.20300 2441.14 0.211714
33.20700 2442.14 0.211667
33.21100 2409.43 0.212622
33.21500 2433.14 0.211952
33.21900 2435.14 0.211904
33.22300 2411 0.212574
33.22700 2463.14 0.2111
33.23100 2416.71 0.21243
33.23500 2405.71 0.212718
33.23900 2444.38 0.216523
33.24300 2441.86 0.211714
33.24700 2431.71 0.212
33.25100 2435.29 0.211904
33.25500 2462.57 0.2111
33.25900 2431.43 0.212
33.26300 2476.86 0.210725
33.26700 2458.29 0.211241
33.27100 2441.57 0.211714
33.27500 2453.57 0.211383
33.27900 2453.71 0.211383
33.28300 2472.29 0.210865
33.28700 2435.29 0.211904
33.29100 2490 0.210352
33.29500 2500.14 0.210073
33.29900 2441.57 0.211714
33.30300 2455.29 0.211336
33.30700 2454.83 0.205586
33.31100 2461.67 0.205412
33.31500 2457.17 0.205542
33.31900 2508.75 0.214669
33.32300 2473 0.205109
33.32700 2433.33 0.206153
33.33100 2480.83 0.204894
33.33500 2418.33 0.206548
33.33900 2441.83 0.205934
33.34300 2426 0.206372
33.34700 2459.83 0.205455
33.35100 2474.17 0.205066
33.35500 2431.33 0.206197
33.35900 2434.67 0.206109
33.36300 2438.5 0.206021
33.36700 2442 0.205934
33.37100 2467.83 0.205239
33.37500 2456.5 0.205542
33.37900 2504.86 0.209934
33.38300 2482 0.210585
33.38700 2464.29 0.211053
33.39100 2452.86 0.211383
33.39500 2463.43 0.2111
33.39900 2449.14 0.211477
33.40300 2441.71 0.211714
33.40700 2481.71 0.210585
33.41100 2466.57 0.211006
33.41500 2439.57 0.211762
33.41900 2441 0.211714
33.42300 2496.43 0.210166
33.42700 2458.71 0.211241
33.43100 2431.57 0.212
33.43500 2453.29 0.211383
33.43900 2453.86 0.211336
33.44300 2453.14 0.211383
33.44700 2503.71 0.20998
33.45100 2449.57 0.211477
33.45500 2475.71 0.210772
33.45900 2501 0.210073
33.46300 2515.57 0.209657
33.46700 2510.29 0.209795
33.47100 2530.71 0.209243
33.47500 2550.57 0.208696
33.47900 2578.43 0.207973
33.48300 2579.43 0.207928
33.48700 2576.86 0.208018
33.49100 2584.43 0.207793
33.49500 2575.14 0.208063
33.49900 2552.57 0.208651
33.50300 2516.57 0.209611
33.50700 2501.86 0.210027
33.51100 2504.14 0.20998
33.51500 2538.43 0.209015
33.51900 2494.71 0.210212
33.52300 2473.14 0.210819
33.52700 2463.86 0.2111
33.53100 2486.14 0.210445
33.53500 2474.14 0.210772
33.53900 2529.71 0.209289
33.54300 2491.43 0.210305
33.54700 2466.43 0.211006
33.55100 2515.29 0.209657
33.55500 2460 0.211194
33.55900 2502.86 0.20998
33.56300 2468.43 0.210959
33.56700 2507.29 0.209888
33.57100 2545.43 0.208832
33.57500 2542 0.208924
33.57900 2527.71 0.209335
33.58300 2518.29 0.209565
33.58700 2509.29 0.209842
33.59100 2496 0.210212
33.59500 2538 0.209061
33.59900 2476.71 0.210725
33.60300 2492.62 0.215116
33.60700 2483.17 0.204851
33.61100 2497.67 0.204465
33.61500 2484 0.204808
33.61900 2470.5 0.205152
33.62300 2488 0.204722
33.62700 2474.83 0.205066
33.63100 2448 0.20576
33.63500 2407.57 0.21267
33.63900 2423.17 0.206416
33.64300 2472.14 0.210865
33.64700 2457.5 0.205499
33.65100 2484.83 0.204808
33.65500 2448.83 0.20576
33.65900 2428.17 0.206284
33.66300 2464.33 0.205325
33.66700 2508.67 0.204167
33.67100 2505.33 0.204252
33.67500 2516.5 0.203954
33.67900 2481.33 0.204894
33.68300 2504.5 0.204294
33.68700 2534.17 0.203531
33.69100 2514.5 0.204039
33.69500 2571 0.202569
33.69900 2521.33 0.203827
33.70300 2514.33 0.204039
33.70700 2495.67 0.204508
33.71100 2492.5 0.204594
33.71500 2476.83 0.205023
33.71900 2508 0.204209
33.72300 2552.5 0.203069
33.72700 2531.33 0.203574
33.73100 2497.33 0.204465
33.73500 2502.57 0.210027
33.73900 2496.83 0.204465
33.74300 2436 0.206109
33.74700 2495.67 0.204508
33.75100 2494.67 0.204551
33.75500 2511.67 0.204082
33.75900 2454.17 0.205586
33.76300 2449.5 0.205716
33.76700 2472.5 0.205109
33.77100 2517.67 0.203954
33.77500 2460.67 0.205412
33.77900 2495.17 0.204508
33.78300 2515.5 0.203997
33.78700 2513.17 0.204039
33.79100 2548.83 0.203153
33.79500 2491.67 0.204636
33.79900 2523.83 0.203785
33.80300 2515.17 0.203997
33.80700 2504.17 0.204294
33.81100 2537.17 0.203447
33.81500 2542 0.203321
33.81900 2506.33 0.204252
33.82300 2522.17 0.203827
33.82700 2514.67 0.204039
33.83100 2475.83 0.205023
33.83500 2514.5 0.204039
33.83900 2528.5 0.203658
33.84300 2523.17 0.203785
33.84700 2500 0.20438
33.85100 2479 0.204937
33.85500 2482.17 0.204851
33.85900 2498.33 0.204422
33.86300 2462.67 0.205369
33.86700 2519.83 0.203869
33.87100 2537.33 0.203447
33.87500 2531.83 0.203574
33.87900 2528 0.203658
33.88300 2518.33 0.203912
33.88700 2533.33 0.203531
33.89100 2505.83 0.204252
33.89500 2516.17 0.203997
33.89900 2492.33 0.204594
33.90300 2472.5 0.205109
33.90700 2487.67 0.204722
33.91100 2490.17 0.204636
33.91500 2470.83 0.205152
33.91900 2464.17 0.205325
33.92300 2473 0.205109
33.92700 2466 0.205282
33.93100 2488.83 0.204679
33.93500 2426.67 0.206328
33.93900 2449.67 0.205716
33.94300 2479.17 0.204937
33.94700 2449.83 0.205716
33.95100 2432 0.206197
33.95500 2432.83 0.206153
33.95900 2461.14 0.211147
33.96300 2437 0.206065
33.96700 2450.83 0.205673
33.97100 2426.67 0.206328
33.97500 2436.83 0.206065
33.97900 2417.67 0.206592
33.98300 2438.43 0.211809
33.98700 2431.67 0.206197
33.99100 2425 0.206372
33.99500 2489.5 0.204679
33.99900 2439 0.206021
34.00300 2376 0.207703
34.00700 2387.67 0.20739
34.01100 2394 0.207212
34.01500 2443.83 0.20589
34.01900 2435 0.206109
34.02300 2421.83 0.20646
34.02700 2405.33 0.206901
34.03100 2423.5 0.206416
34.03500 2448.17 0.20576
34.03900 2453.33 0.205629
34.04300 2394.33 0.207212
34.04700 2437.33 0.206065
34.05100 2447.33 0.205803
34.05500 2416.33 0.206636
34.05900 2391.67 0.207301
34.06300 2437 0.206065
34.06700 2471.5 0.205152
34.07100 2437.5 0.206065
34.07500 2426.5 0.206328
34.07900 2410.33 0.206769
34.08300 2441.67 0.205934
34.08700 2462.33 0.205369
34.09100 2463.67 0.205369
34.09500 2479.5 0.204937
34.09900 2468.5 0.205239
34.10300 2443.5 0.20589
34.10700 2481.17 0.204894
34.11100 2434.33 0.206153
34.11500 2432.17 0.206197
34.11900 2439.5 0.205978
34.12300 2457 0.205542
34.12700 2489 0.204679
34.13100 2465 0.205325
34.13500 2476.17 0.205023
34.13900 2438.5 0.206021
34.14300 2479.83 0.204937
34.14700 2408.5 0.206813
34.15100 2418.33 0.206548
34.15500 2460.33 0.205455
34.15900 2475.17 0.205066
34.16300 2470.67 0.205152
34.16700 2447.29 0.211525
34.17100 2472.5 0.205109
34.17500 2456.83 0.205542
34.17900 2455.67 0.205542
34.18300 2481.83 0.204894
34.18700 2485.5 0.204765
34.19100 2500 0.20438
34.19500 2488.17 0.204722
34.19900 2507.5 0.204209
34.20300 2540.83 0.203363
34.20700 2531.33 0.203574
34.21100 2503.83 0.204294
34.21500 2489.67 0.204679
34.21900 2497.67 0.204465
34.22300 2488.5 0.204679
34.22700 2501.33 0.20438
34.23100 2485.33 0.204765
34.23500 2478.83 0.204937
34.23900 2456 0.211289
34.24300 2454.83 0.205586
34.24700 2490.5 0.204636
34.25100 2477.5 0.20498
34.25500 2503.83 0.204294
34.25900 2475.33 0.205023
34.26300 2469.67 0.205196
34.26700 2459.83 0.205455
34.27100 2517.67 0.203954
34.27500 2441.17 0.205934
34.27900 2437.83 0.206021
34.28300 2438 0.206021
34.28700 2415.5 0.206636
34.29100 2432.5 0.206197
34.29500 2480.67 0.204894
34.29900 2432.5 0.206197
34.30300 2476.67 0.205023
34.30700 2430.6 0.199284
34.31100 2466.8 0.19838
34.31500 2453.2 0.198732
34.31900 2435.29 0.211904
34.32300 2440.6 0.199047
34.32700 2411.4 0.1998
34.33100 2423.4 0.199482
34.33500 2449.6 0.198811
34.33900 2443.6 0.198968
34.34300 2450.6 0.198811
34.34700 2485.2 0.197952
34.35100 2498.4 0.197604
34.35500 2478.8 0.198107
34.35900 2472.2 0.198263
34.36300 2493.4 0.19772
34.36700 2425.4 0.199442
34.37100 2459.2 0.198575
34.37500 2422.8 0.199482
34.37900 2490.33 0.204636
34.38300 2466.67 0.205282
34.38700 2465.5 0.205282
34.39100 2455.83 0.205542
34.39500 2473.83 0.205066
34.39900 2458.67 0.205499
34.40300 2526.33 0.2037
34.40700 2522.83 0.203827
34.41100 2472.33 0.205109
34.41500 2532.67 0.203574
34.41900 2526.33 0.2037
34.42300 2486.33 0.204765
34.42700 2509.83 0.204124
34.43100 2499.33 0.204422
34.43500 2485.67 0.204765
34.43900 2465.83 0.205282
34.44300 2480.5 0.204894
34.44700 2456.17 0.205542
34.45100 2457.17 0.205542
34.45500 2450 0.205716
34.45900 2464 0.205325
34.46300 2423.33 0.206416
34.46700 2409.5 0.206813
34.47100 2389.67 0.207346
34.47500 2467.17 0.205239
34.47900 2415.83 0.206636
34.48300 2455 0.205586
34.48700 2449.17 0.205716
34.49100 2425.5 0.206372
34.49500 2427.5 0.206328
34.49900 2404.17 0.206946
34.50300 2467 0.205282
34.50700 2422.17 0.20646
34.51100 2428.67 0.206284
34.51500 2443.5 0.20589
34.51900 2476.83 0.205023
34.52300 2461.5 0.205412
34.52700 2507.33 0.204209
34.53100 2433.5 0.206153
34.53500 2452.5 0.205629
34.53900 2476.83 0.205023
34.54300 2483.33 0.204851
34.54700 2461.5 0.205412
34.55100 2451 0.205673
34.55500 2488.33 0.204722
34.55900 2450 0.205716
34.56300 2435.67 0.206109
34.56700 2439.17 0.206021
34.57100 2414.17 0.20668
34.57500 2446.17 0.205803
34.57900 2441.67 0.205934
34.58300 2403.83 0.206946
34.58700 2485.5 0.204765
34.59100 2457.33 0.205499
34.59500 2485.17 0.204765
34.59900 2441.83 0.205934
34.60300 2433.43 0.211952
34.60700 2500.2 0.197565
34.61100 2478.6 0.198107
34.61500 2422.6 0.199522
34.61900 2458.6 0.198615
34.62300 2493 0.197758
34.62700 2492.4 0.197758
34.63100 2412.8 0.19976
34.63500 2439.67 0.205978
34.63900 2369.4 0.200886
34.64300 2412 0.19976
34.64700 2439.2 0.199086
34.65100 2465 0.198419
34.65500 2425 0.199442
34.65900 2409 0.19984
34.66300 2410.6 0.1998
34.66700 2416.4 0.199681
34.67100 2425.8 0.199403
34.67500 2404.4 0.19996
34.67900 2453.2 0.198732
34.68300 2423.8 0.199482
34.68700 2439.4 0.199086
34.69100 2440.8 0.199047
34.69500 2423 0.199482
34.69900 2444.2 0.198968
34.70300 2425.8 0.199403
34.70700 2428.8 0.199363
34.71100 2405.8 0.19992
34.71500 2465.8 0.198419
34.71900 2420 0.199561
34.72300 2448 0.19885
34.72700 2427.6 0.199363
34.73100 2456.6 0.198654
34.73500 2472.5 0.205109
34.73900 2432.6 0.199244
34.74300 2451.2 0.198771
34.74700 2446.2 0.198889
34.75100 2465.4 0.198419
34.75500 2488 0.197874
34.75900 2455.8 0.198654
34.76300 2431.2 0.199284
34.76700 2469.2 0.198341
34.77100 2442.6 0.199007
34.77500 2491.6 0.197797
34.77900 2442.6 0.199007
34.78300 2461 0.198536
34.78700 2439.4 0.199086
34.79100 2485.6 0.197913
34.79500 2531.8 0.196799
34.79900 2485 0.197952
34.80300 2506.8 0.197411
34.80700 2485.8 0.197913
34.81100 2498.6 0.197604
34.81500 2456.6 0.198654
34.81900 2447 0.198889
34.82300 2503.6 0.197488
34.82700 2499.2 0.197604
34.83100 2482.2 0.19803
34.83500 2480.4 0.198068
34.83900 2525 0.196951
34.84300 2549.8 0.196381
34.84700 2544.6 0.196494
34.85100 2534.8 0.196722
34.85500 2553.4 0.196267
34.85900 2559.4 0.196154
34.86300 2549.6 0.196381
34.86700 2555.2 0.196229
34.87100 2499.8 0.197565
34.87500 2470.8 0.198302
34.87900 2539.6 0.196608
34.88300 2512.8 0.197257
34.88700 2495 0.197681
34.89100 2443.6 0.198968
34.89500 2459.6 0.198575
34.89900 2463.4 0.198497
34.90300 2464.8 0.198458
34.90700 2445.4 0.198929
34.91100 2462.6 0.198497
34.91500 2452.2 0.198771
34.91900 2435.2 0.199165
34.92300 2459.8 0.198575
34.92700 2448.8 0.19885
34.93100 2451.6 0.198771
34.93500 2402.4 0.2
34.93900 2420.4 0.199561
34.94300 2404.2 0.19996
34.94700 2442.2 0.199007
34.95100 2451.2 0.198771
34.95500 2458.4 0.198615
34.95900 2447.17 0.205803
34.96300 2429 0.199323
34.96700 2463.2 0.198497
34.97100 2457.4 0.198615
34.97500 2496.8 0.197642
34.97900 2497.2 0.197642
34.98300 2473.67 0.205066
34.98700 2462.8 0.198497
34.99100 2410.2 0.1998
34.99500 2473.8 0.198224
34.99900 2413.2 0.19976
35.00300 2477 0.198146
35.00700 2407.2 0.19988
35.01100 2434.6 0.199205
35.01500 2410.4 0.1998
35.01900 2412.4 0.19976
35.02300 2405.2 0.19996
35.02700 2419.4 0.199601
35.03100 2436.4 0.199165
35.03500 2399 0.20012
35.03900 2438.8 0.199086
35.04300 2407.2 0.19988
35.04700 2429.8 0.199323
35.05100 2413.8 0.199721
35.05500 2386.6 0.200441
35.05900 2379 0.200603
35.06300 2391.8 0.200281
35.06700 2406.6 0.19992
35.07100 2386.8 0.200401
35.07500 2416.8 0.199641
35.07900 2436.4 0.199165
35.08300 2383.6 0.200522
35.08700 2408.4 0.19988
35.09100 2391 0.200321
35.09500 2383.4 0.200522
35.09900 2384.8 0.200482
35.10300 2347.4 0.201456
35.10700 2382.6 0.200522
35.11100 2408.6 0.19988
35.11500 2413.8 0.199721
35.11900 2379.4 0.200603
35.12300 2343.8 0.201538
35.12700 2376.2 0.200683
35.13100 2381.4 0.200562
35.13500 2410 0.19984
35.13900 2370 0.200845
35.14300 2407.2 0.19988
35.14700 2360.4 0.201089
35.15100 2409.2 0.19984
35.15500 2421.2 0.199522
35.15900 2405.6 0.19992
35.16300 2417.8 0.199641
35.16700 2416.83 0.206592
35.17100 2365 0.200967
35.17500 2419.2 0.199601
35.17900 2415.4 0.199681
35.18300 2428.8 0.199363
35.18700 2389.4 0.200361
35.19100 2463.4 0.198497
35.19500 2380 0.200603
35.19900 2446.6 0.198889
35.20300 2477.2 0.198146
35.20700 2473.6 0.198224
35.21100 2455.4 0.198693
35.21500 2445.4 0.198929
35.21900 2463.8 0.198458
35.22300 2448.8 0.19885
35.22700 2437.6 0.199126
35.23100 2458.6 0.198615
35.23500 2397 0.20016
35.23900 2468 0.19838
35.24300 2483.8 0.197991
35.24700 2441.8 0.199007
35.25100 2467.4 0.19838
35.25500 2461 0.198536
35.25900 2477.2 0.198146
35.26300 2411 0.1998
35.26700 2450 0.198811
35.27100 2421.6 0.199522
35.27500 2439 0.199086
35.27900 2393.6 0.20024
35.28300 2414.4 0.199721
35.28700 2440 0.199047
35.29100 2400 0.20008
35.29500 2439 0.199086
35.29900 2408 0.19988
35.30300 2401.8 0.20004
35.30700 2438.25 0.190554
35.31100 2437.25 0.190589
35.31500 2491.5 0.189355
35.31900 2450.5 0.205716
35.32300 2407.5 0.191285
35.32700 2433.75 0.190693
35.33100 2429.25 0.190797
35.33500 2440.25 0.190519
35.33900 2444.25 0.190416
35.34300 2405 0.191355
35.34700 2470.75 0.189832
35.35100 2432.25 0.190727
35.35500 2469.25 0.189866
35.35900 2511.75 0.188881
35.36300 2473 0.189763
35.36700 2470 0.189832
35.37100 2414 0.191145
35.37500 2445.5 0.190416
35.37900 2464.4 0.198458
35.38300 2469.8 0.198302
35.38700 2441.6 0.199007
35.39100 2422 0.199522
35.39500 2458.2 0.198615
35.39900 2410.2 0.1998
35.40300 2424.4 0.199442
35.40700 2430 0.199323
35.41100 2388.2 0.200401
35.41500 2373.4 0.200764
35.41900 2397 0.20016
35.42300 2399.2 0.20012
35.42700 2436.6 0.199165
35.43100 2380.8 0.200562
35.43500 2446.8 0.198889
35.43900 2436 0.199165
35.44300 2457.8 0.198615
35.44700 2446.8 0.198889
35.45100 2408.8 0.19984
35.45500 2431.8 0.199284
35.45900 2415 0.199681
35.46300 2423.4 0.199482
35.46700 2390.2 0.200321
35.47100 2399 0.20012
35.47500 2407.8 0.19988
35.47900 2416.8 0.199641
35.48300 2423.8 0.199482
35.48700 2426.4 0.199403
35.49100 2367.6 0.200926
35.49500 2351.6 0.201333
35.49900 2402.6 0.2
35.50300 2428.4 0.199363
35.50700 2369 0.200886
35.51100 2399.2 0.20012
35.51500 2386 0.200441
35.51900 2388.4 0.200361
35.52300 2424 0.199482
35.52700 2470 0.198302
35.53100 2425.2 0.199442
35.53500 2419.8 0.199561
35.53900 2420.2 0.199561
35.54300 2417.8 0.199641
35.54700 2468.2 0.198341
35.55100 2424.6 0.199442
35.55500 2441.2 0.199047
35.55900 2439.6 0.199086
35.56300 2392.4 0.200281
35.56700 2431.8 0.199284
35.57100 2448.8 0.19885
35.57500 2420.6 0.199561
35.57900 2401.6 0.20004
35.58300 2426.4 0.199403
35.58700 2416 0.199681
35.59100 2401.4 0.20004
35.59500 2377.4 0.200643
35.59900 2427 0.199403
35.60300 2387 0.207435
35.60700 2360.6 0.201089
35.61100 2431.6 0.199284
35.61500 2423.8 0.199482
35.61900 2408.6 0.19988
35.62300 2401 0.20004
35.62700 2417.2 0.199641
35.63100 2437.8 0.199126
35.63500 2423.33 0.206416
35.63900 2368.6 0.200886
35.64300 2430.8 0.199284
35.64700 2368.4 0.200886
35.65100 2439.8 0.199086
35.65500 2385.6 0.200441
35.65900 2402.4 0.2
35.66300 2419 0.199601
35.66700 2397 0.20016
35.67100 2358.2 0.20117
35.67500 2408 0.19988
35.67900 2419.8 0.199561
35.68300 2408.8 0.19984
35.68700 2425.4 0.199442
35.69100 2393.8 0.20024
35.69500 2413.8 0.199721
35.69900 2421 0.199561
35.70300 2415.6 0.199681
35.70700 2444.2 0.198968
35.71100 2414.8 0.199721
35.71500 2425.4 0.199442
35.71900 2465.4 0.198419
35.72300 2449.2 0.19885
35.72700 2409.6 0.19984
35.73100 2455.6 0.198654
35.73500 2410.83 0.206769
35.73900 2387 0.200401
35.74300 2453 0.198732
35.74700 2418.8 0.199601
35.75100 2408.4 0.19988
35.75500 2425.8 0.199403
35.75900 2426.6 0.199403
35.76300 2397.2 0.20016
35.76700 2375.8 0.200724
35.77100 2376.4 0.200683
35.77500 2335.8 0.201743
35.77900 2408.4 0.19988
35.78300 2361.2 0.201089
35.78700 2372 0.200805
35.79100 2410 0.19984
35.79500 2409.8 0.19984
35.79900 2397.6 0.20016
35.80300 2353.6 0.201292
35.80700 2363.6 0.201008
35.81100 2353.4 0.201292
35.81500 2385.8 0.200441
35.81900 2393.4 0.20024
35.82300 2323.4 0.202072
35.82700 2395.8 0.2002
35.83100 2294.8 0.20286
35.83500 2319 0.202196
35.83900 2338.2 0.201701
35.84300 2325.8 0.202031
35.84700 2379 0.200603
35.85100 2366.4 0.200967
35.85500 2377 0.200683
35.85900 2302.6 0.202652
35.86300 2310.2 0.202444
35.86700 2365.8 0.200967
35.87100 2373.2 0.200764
35.87500 2302.6 0.202652
35.87900 2378.6 0.200643
35.88300 2304.8 0.202569
35.88700 2337 0.201701
35.89100 2331 0.201866
35.89500 2347.6 0.201456
35.89900 2395.6 0.2002
35.90300 2341.8 0.201578
35.90700 2337.4 0.201701
35.91100 2362.8 0.201048
35.91500 2363.2 0.201048
35.91900 2350.2 0.201374
35.92300 2377.8 0.200643
35.92700 2316 0.202278
35.93100 2363.8 0.201008
35.93500 2325.8 0.202031
35.93900 2331.8 0.201866
35.94300 2321.2 0.202154
35.94700 2333.6 0.201825
35.95100 2376.4 0.200683
35.95500 2325.6 0.202031
35.95900 2348.33 0.208469
35.96300 2316.4 0.202278
35.96700 2370.6 0.200845
35.97100 2341.4 0.201619
35.97500 2399.2 0.20012
35.97900 2355.8 0.201211
35.98300 2388.17 0.20739
35.98700 2383.6 0.200522
35.99100 2401.8 0.20004
35.99500 2366 0.200967
35.99900 2327.2 0.201989
36.00300 2326 0.202031
36.00700 2339.2 0.20166
36.01100 2320.2 0.202154
36.01500 2377 0.200683
36.01900 2331.8 0.201866
36.02300 2309.4 0.202444
36.02700 2364 0.201008
36.03100 2329 0.201948
36.03500 2340.6 0.201619
36.03900 2353 0.201292
36.04300 2309.4 0.202444
36.04700 2355.2 0.201252
36.05100 2367.6 0.200926
36.05500 2368.2 0.200886
36.05900 2316.2 0.202278
36.06300 2314.4 0.20232
36.06700 2353.4 0.201292
36.07100 2349 0.201415
36.07500 2313 0.202361
36.07900 2341.4 0.201619
36.08300 2353.6 0.201292
36.08700 2310.4 0.202444
36.09100 2325.4 0.202031
36.09500 2335 0.201784
36.09900 2358 0.20117
36.10300 2348 0.201415
36.10700 2362.4 0.201048
36.11100 2377.4 0.200643
36.11500 2308.2 0.202486
36.11900 2364.2 0.201008
36.12300 2344.8 0.201497
36.12700 2383.6 0.200522
36.13100 2340.4 0.201619
36.13500 2369.6 0.200886
36.13900 2408.2 0.19988
36.14300 2383.8 0.200482
36.14700 2387.8 0.200401
36.15100 2403.2 0.2
36.15500 2381 0.200562
36.15900 2400.4 0.20008
36.16300 2401 0.20004
36.16700 2432.83 0.206153
36.17100 2439.2 0.199086
36.17500 2402.2 0.20004
36.17900 2412.8 0.19976
36.18300 2391.2 0.200321
36.18700 2379.4 0.200603
36.19100 2424.2 0.199482
36.19500 2352 0.201333
36.19900 2414.4 0.199721
36.20300 2419.4 0.199601
36.20700 2395 0.2002
36.21100 2364.2 0.201008
36.21500 2380.8 0.200562
36.21900 2352.8 0.201292
36.22300 2414.4 0.199721
36.22700 2346.8 0.201456
36.23100 2362.4 0.201048
36.23500 2306.6 0.202527
36.23900 2361.4 0.201089
36.24300 2348 0.201415
36.24700 2336 0.201743
36.25100 2371.4 0.200805
36.25500 2350.6 0.201374
36.25900 2314.6 0.20232
36.26300 2301.8 0.202652
36.26700 2355.2 0.201252
36.27100 2334 0.201784
36.27500 2365.6 0.200967
36.27900 2319.8 0.202196
36.28300 2314.8 0.20232
36.28700 2359.4 0.201129
36.29100 2335 0.201784
36.29500 2358 0.20117
36.29900 2362 0.201048
36.30300 2344.4 0.201538
36.30700 2328.5 0.193203
36.31100 2361.75 0.192379
36.31500 2356.25 0.192521
36.31900 2312.83 0.209473
36.32300 2354 0.192593
36.32700 2296.25 0.194001
36.33100 2306.25 0.193746
36.33500 2300.25 0.193892
36.33900 2272.75 0.194588
36.34300 2318 0.193456
36.34700 2316.25 0.193492
36.35100 2312.75 0.193601
36.35500 2295.75 0.194001
36.35900 2294.5 0.194038
36.36300 2329.5 0.193167
36.36700 2309 0.193673
36.37100 2303.5 0.193819
36.37500 2281.75 0.194367
36.37900 2328.25 0.193203
36.38300 2294.25 0.194074
36.38700 2304.5 0.193819
36.39100 2325.5 0.193275
36.39500 2369 0.192201
36.39900 2313.75 0.193565
36.40300 2363.25 0.192343
36.40700 2345.75 0.192772
36.41100 2328.25 0.193203
36.41500 2349 0.1927
36.41900 2367.25 0.192272
36.42300 2348.5 0.1927
36.42700 2311.25 0.193637
36.43100 2383.75 0.191847
36.43500 2389.5 0.191706
36.43900 2388 0.191777
36.44300 2378.75 0.191988
36.44700 2333.75 0.193059
36.45100 2377.5 0.192024
36.45500 2392.5 0.191636
36.45900 2311.25 0.193637
36.46300 2316 0.193528
36.46700 2351.25 0.192664
36.47100 2320 0.19342
36.47500 2362 0.192379
36.47900 2320.25 0.19342
36.48300 2305.5 0.193782
36.48700 2274.75 0.194551
36.49100 2324.25 0.193311
36.49500 2335.75 0.193023
36.49900 2301.75 0.193855
36.50300 2295 0.194038
36.50700 2325.75 0.193275
36.51100 2339 0.192951
36.51500 2322.25 0.193347
36.51900 2285.25 0.194294
36.52300 2288.5 0.194184
36.52700 2317.5 0.193492
36.53100 2271.25 0.194625
36.53500 2326 0.193275
36.53900 2361.25 0.192414
36.54300 2346.5 0.192772
36.54700 2300 0.193928
36.55100 2304.25 0.193819
36.55500 2273.5 0.194588
36.55900 2268 0.194735
36.56300 2277 0.194477
36.56700 2284.25 0.194294
36.57100 2310.75 0.193637
36.57500 2260.5 0.19492
36.57900 2323.25 0.193347
36.58300 2301.75 0.193855
36.58700 2323.75 0.193311
36.59100 2301.25 0.193892
36.59500 2294 0.194074
36.59900 2315.25 0.193528
36.60300 2332.6 0.201825
36.60700 2285.25 0.194294
36.61100 2305.75 0.193782
36.61500 2300.25 0.193892
36.61900 2287 0.194257
36.62300 2288 0.194221
36.62700 2321.25 0.193383
36.63100 2319.75 0.19342
36.63500 2302.8 0.202652
36.63900 2319.75 0.19342
36.64300 2295 0.194038
36.64700 2303.25 0.193819
36.65100 2325.75 0.193275
36.65500 2331.25 0.193131
36.65900 2336.5 0.193023
36.66300 2270.5 0.194662
36.66700 2314 0.193565
36.67100 2329.5 0.193167
36.67500 2327 0.193239
36.67900 2318 0.193456
36.68300 2300.5 0.193892
36.68700 2350.25 0.192664
36.69100 2311.75 0.193637
36.69500 2320.5 0.19342
36.69900 2294.5 0.194038
36.70300 2345.25 0.192807
36.70700 2309.25 0.193673
36.71100 2316.75 0.193492
36.71500 2338 0.192987
36.71900 2374 0.192095
36.72300 2338.25 0.192951
36.72700 2318.75 0.193456
36.73100 2353.25 0.192593
36.73500 2347.75 0.192736
36.73900 2300 0.193928
36.74300 2288.75 0.194184
36.74700 2317 0.193492
36.75100 2354.5 0.192557
36.75500 2323.75 0.193311
36.75900 2317.75 0.193456
36.76300 2329.75 0.193167
36.76700 2345.75 0.192772
36.77100 2390.75 0.191706
36.77500 2349.5 0.1927
36.77900 2326.75 0.193239
36.78300 2386.75 0.191777
36.78700 2319.25 0.19342
36.79100 2310 0.193673
36.79500 2343 0.192843
36.79900 2279.5 0.194441
36.80300 2339.25 0.192951
36.80700 2362.25 0.192379
36.81100 2314.5 0.193565
36.81500 2340 0.192915
36.81900 2359.25 0.19245
36.82300 2304.25 0.193819
36.82700 2338.5 0.192951
36.83100 2346 0.192772
36.83500 2287.25 0.194221
36.83900 2300.5 0.193892
36.84300 2278.5 0.194441
36.84700 2307.5 0.19371
36.85100 2312.5 0.193601
36.85500 2266.25 0.194772
36.85900 2282.25 0.194367
36.86300 2309 0.193673
36.86700 2302 0.193855
36.87100 2317.25 0.193492
36.87500 2317.75 0.193456
36.87900 2335.5 0.193023
36.88300 2318.75 0.193456
36.88700 2279.5 0.194441
36.89100 2329.25 0.193203
36.89500 2293.5 0.194074
36.89900 2348.75 0.1927
36.90300 2321.5 0.193383
36.90700 2314 0.193565
36.91100 2312.25 0.193601
36.91500 2267 0.194735
36.91900 2339.25 0.192951
36.92300 2295.5 0.194038
36.92700 2282.25 0.194367
36.93100 2341.5 0.192879
36.93500 2284.25 0.194294
36.93900 2262.5 0.194846
36.94300 2283.25 0.194331
36.94700 2323.25 0.193347
36.95100 2288.75 0.194184
36.95500 2312.5 0.193601
36.95900 2294.2 0.20286
36.96300 2273.25 0.194588
36.96700 2257.75 0.194994
36.97100 2279 0.194441
36.97500 2260 0.19492
36.97900 2243.75 0.195329
36.98300 2272.2 0.203447
36.98700 2276 0.194514
36.99100 2204 0.196381
36.99500 2266.5 0.194772
36.99900 2231.75 0.195665
37.00300 2296.25 0.194001
37.00700 2227.25 0.195778
37.01100 2247.25 0.195254
37.01500 2240.75 0.195403
37.01900 2266.25 0.194772
37.02300 2258.75 0.194957
37.02700 2292 0.194111
37.03100 2300.5 0.193892
37.03500 2229.5 0.195703
37.03900 2272.25 0.194625
37.04300 2295.25 0.194038
37.04700 2273.5 0.194588
37.05100 2237 0.195515
37.05500 2255.75 0.195031
37.05900 2265.5 0.194772
37.06300 2250 0.19518
37.06700 2286 0.194257
37.07100 2285.25 0.194294
37.07500 2268 0.194735
37.07900 2273.5 0.194588
37.08300 2233.75 0.19559
37.08700 2229.5 0.195703
37.09100 2271 0.194662
37.09500 2329.25 0.193203
37.09900 2249.25 0.195217
37.10300 2287 0.194257
37.10700 2257.75 0.194994
37.11100 2237 0.195515
37.11500 2226.5 0.195778
37.11900 2251 0.195143
37.12300 2253.75 0.195069
37.12700 2256.75 0.194994
37.13100 2212.75 0.196154
37.13500 2299.25 0.193928
37.13900 2227 0.195778
37.14300 2247.25 0.195254
37.14700 2263.75 0.194846
37.15100 2269.75 0.194662
37.15500 2242 0.195403
37.15900 2254.25 0.195069
37.16300 2219.75 0.195965
37.16700 2300.6 0.202693
37.17100 2264.75 0.194809
37.17500 2288 0.194221
37.17900 2272 0.194625
37.18300 2257.5 0.194994
37.18700 2247.75 0.195254
37.19100 2321 0.193383
37.19500 2314.25 0.193565
37.19900 2348.5 0.1927
37.20300 2304 0.193819
37.20700 2242.5 0.195366
37.21100 2315.75 0.193528
37.21500 2291.5 0.194111
37.21900 2274.25 0.194551
37.22300 2332.5 0.193095
37.22700 2358.5 0.192486
37.23100 2373.25 0.19213
37.23500 2353.25 0.192593
37.23900 2336.25 0.193023
37.24300 2375.25 0.192059
37.24700 2401.5 0.191425
37.25100 2365.5 0.192308
37.25500 2292.75 0.194111
37.25900 2391.75 0.191671
37.26300 2346.25 0.192772
37.26700 2313 0.193601
37.27100 2323.25 0.193347
37.27500 2336 0.193023
37.27900 2356.75 0.192521
37.28300 2314.5 0.193565
37.28700 2259.75 0.19492
37.29100 2262.5 0.194846
37.29500 2298.75 0.193928
37.29900 2268.75 0.194698
37.30300 2281 0.194404
37.30700 2271.33 0.183278
37.31100 2206.33 0.184805
37.31500 2301.67 0.182605
37.31900 2300.25 0.193892
37.32300 2268 0.183371
37.32700 2290.33 0.182849
37.33100 2277 0.183155
37.33500 2218 0.184522
37.33900 2262 0.183494
37.34300 2223.67 0.184396
37.34700 2225.67 0.184365
37.35100 2308 0.182453
37.35500 2329 0.181969
37.35900 2285.33 0.182971
37.36300 2229 0.184271
37.36700 2232.33 0.184209
37.37100 2240.67 0.18399
37.37500 2220.33 0.184491
37.37900 2299.67 0.182635
37.38300 2297.33 0.182696
37.38700 2252.67 0.183711
37.39100 2302 0.182574
37.39500 2302 0.182574
37.39900 2244 0.183928
37.40300 2273.33 0.183247
37.40700 2227 0.184334
37.41100 2186.33 0.185281
37.41500 2230.33 0.18424
37.41900 2241.67 0.18399
37.42300 2251.33 0.183742
37.42700 2210.67 0.184711
37.43100 2285.33 0.182971
37.43500 2263 0.183494
37.43900 2280.67 0.183063
37.44300 2217.67 0.184553
37.44700 2239.33 0.184021
37.45100 2281.67 0.183063
37.45500 2241.67 0.18399
37.45900 2265.33 0.183432
37.46300 2270.67 0.183309
37.46700 2217 0.184553
37.47100 2226.67 0.184334
37.47500 2244.67 0.183897
37.47900 2260.67 0.183525
37.48300 2252.33 0.183742
37.48700 2255.67 0.183649
37.49100 2265.33 0.183432
37.49500 2226.33 0.184334
37.49900 2236.33 0.184115
37.50300 2250 0.183773
37.50700 2266 0.183401
37.51100 2280.67 0.183063
37.51500 2290.67 0.182849
37.51900 2276.67 0.183155
37.52300 2229.67 0.184271
37.52700 2254.67 0.18368
37.53100 2275 0.183217
37.53500 2300.33 0.182635
37.53900 2234 0.184146
37.54300 2285.33 0.182971
37.54700 2289 0.182879
37.55100 2259.67 0.183556
37.55500 2266.33 0.183401
37.55900 2263 0.183494
37.56300 2256 0.183649
37.56700 2211 0.184711
37.57100 2245.33 0.183897
37.57500 2270.67 0.183309
37.57900 2217.33 0.184553
37.58300 2231 0.18424
37.58700 2243.67 0.183928
37.59100 2232.33 0.184209
37.59500 2260.67 0.183525
37.59900 2179.33 0.185472
37.60300 2270.25 0.194662
37.60700 2263.33 0.183463
37.61100 2238.67 0.184053
37.61500 2230.67 0.18424
37.61900 2198.33 0.184995
37.62300 2189.67 0.185217
37.62700 2213 0.184648
37.63100 2245 0.183897
37.63500 2202.5 0.196419
37.63900 2202.67 0.1849
37.64300 2201.67 0.184932
37.64700 2247 0.183866
37.65100 2211 0.184711
37.65500 2218 0.184522
37.65900 2233 0.184177
37.66300 2170.33 0.185695
37.66700 2269.33 0.18334
37.67100 2190.67 0.185185
37.67500 2261.33 0.183525
37.67900 2211 0.184711
37.68300 2289.67 0.182879
37.68700 2214.67 0.184616
37.69100 2234.67 0.184146
37.69500 2235.33 0.184115
37.69900 2218.67 0.184522
37.70300 2183 0.185376
37.70700 2223.67 0.184396
37.71100 2190 0.185217
37.71500 2238.33 0.184053
37.71900 2182.67 0.185376
37.72300 2188.33 0.185249
37.72700 2146.67 0.186274
37.73100 2281.67 0.183063
37.73500 2249.67 0.183804
37.73900 2249.67 0.183804
37.74300 2212 0.184679
37.74700 2243.67 0.183928
37.75100 2293.33 0.182788
37.75500 2245.33 0.183897
37.75900 2259 0.183587
37.76300 2220.33 0.184491
37.76700 2236.33 0.184115
37.77100 2222 0.184428
37.77500 2211.67 0.184679
37.77900 2220.33 0.184491
37.78300 2277.67 0.183155
37.78700 2250.33 0.183773
37.79100 2275 0.183217
37.79500 2231.67 0.184209
37.79900 2200.33 0.184963
37.80300 2247.67 0.183835
37.80700 2247.33 0.183835
37.81100 2311 0.182392
37.81500 2265.67 0.183432
37.81900 2230 0.18424
37.82300 2201.67 0.184932
37.82700 2257.67 0.183618
37.83100 2288.67 0.182879
37.83500 2241.67 0.18399
37.83900 2243.33 0.183928
37.84300 2228.33 0.184302
37.84700 2195 0.18509
37.85100 2200 0.184963
37.85500 2142 0.186371
37.85900 2213.67 0.184648
37.86300 2241.33 0.18399
37.86700 2201 0.184932
37.87100 2185 0.185312
37.87500 2236.67 0.184084
37.87900 2206.67 0.184805
37.88300 2173.33 0.185599
37.88700 2169.33 0.185695
37.89100 2145 0.186307
37.89500 2240.67 0.18399
37.89900 2209.33 0.184742
37.90300 2205.33 0.184837
37.90700 2206.33 0.184805
37.91100 2165.33 0.185791
37.91500 2221.67 0.184459
37.91900 2171 0.185663
37.92300 2164.67 0.185824
37.92700 2202 0.184932
37.93100 2213.67 0.184648
37.93500 2163.67 0.185856
37.93900 2206.33 0.184805
37.94300 2146.33 0.186274
37.94700 2177.67 0.185504
37.95100 2200.33 0.184963
37.95500 2155.33 0.186049
37.95900 2168.67 0.185727
37.96300 2220.67 0.184459
37.96700 2224.33 0.184396
37.97100 2173.33 0.185599
37.97500 2175 0.185567
37.97900 2171.67 0.185663
37.98300 2219.75 0.195965
37.98700 2196.33 0.185058
37.99100 2168.67 0.185727
37.99500 2171 0.185663
37.99900 2208.67 0.184774
38.00300 2231.33 0.184209
38.00700 2221.67 0.184459
38.01100 2185 0.185312
38.01500 2214 0.184616
38.01900 2239.67 0.184021
38.02300 2189.33 0.185217
38.02700 2163 0.185856
38.03100 2196 0.185058
38.03500 2242.67 0.183959
38.03900 2203 0.1849
38.04300 2199.67 0.184963
38.04700 2220.67 0.184459
38.05100 2282.67 0.183032
38.05500 2226.33 0.184334
38.05900 2255 0.18368
38.06300 2196 0.185058
38.06700 2260 0.183556
38.07100 2195.33 0.18509
38.07500 2163.67 0.185856
38.07900 2190 0.185217
38.08300 2232 0.184209
38.08700 2257.67 0.183618
38.09100 2209.67 0.184742
38.09500 2250 0.183773
38.09900 2156.33 0.186016
38.10300 2202.67 0.1849
38.10700 2150.67 0.186177
38.11100 2183.33 0.185376
38.11500 2194 0.185122
38.11900 2150 0.186177
38.12300 2168.33 0.185727
38.12700 2129 0.186696
38.13100 2217.33 0.184553
38.13500 2221.67 0.184459
38.13900 2206.67 0.184805
38.14300 2245.33 0.183897
38.14700 2199 0.184995
38.15100 2188.67 0.185249
38.15500 2232.33 0.184209
38.15900 2186.67 0.185281
38.16300 2148.33 0.18621
38.16700 2210.25 0.196229
38.17100 2164.67 0.185824
38.17500 2134.67 0.186566
38.17900 2232.67 0.184177
38.18300 2189.33 0.185217
38.18700 2239.33 0.184021
38.19100 2214 0.184616
38.19500 2167.33 0.185759
38.19900 2223.33 0.184396
38.20300 2177.67 0.185504
38.20700 2192 0.185153
38.21100 2199.33 0.184995
38.21500 2162 0.185888
38.21900 2166.33 0.185791
38.22300 2171.33 0.185663
38.22700 2174 0.185599
38.23100 2152.33 0.186113
38.23500 2172.33 0.185631
38.23900 2203.67 0.184868
38.24300 2161.33 0.18592
38.24700 2244.33 0.183928
38.25100 2231.33 0.184209
38.25500 2250.67 0.183773
38.25900 2206 0.184837
38.26300 2182.33 0.185408
38.26700 2176.33 0.185535
38.27100 2212.33 0.184679
38.27500 2216.33 0.184585
38.27900 2234.33 0.184146
38.28300 2194.67 0.18509
38.28700 2140.67 0.186404
38.29100 2176.67 0.185535
38.29500 2226.33 0.184334
38.29900 2200 0.184963
38.30300 2202.33 0.1849
38.30700 2196.5 0.169249
38.31100 2182 0.16954
38.31500 2188 0.169419
38.31900 2153 0.186113
38.32300 2231 0.168526
38.32700 2146.5 0.170325
38.33100 2163.5 0.169956
38.33500 2134 0.170598
38.33900 2176 0.169687
38.34300 2147.5 0.170301
38.34700 2172.5 0.16976
38.35100 2207 0.169031
38.35500 2242.5 0.168287
38.35900 2146 0.170325
38.36300 2144.5 0.17035
38.36700 2191.5 0.169346
38.37100 2100 0.171347
38.37500 2080 0.171802
38.37900 2173.5 0.169736
38.38300 2174.5 0.169711
38.38700 2153 0.170177
38.39100 2137.5 0.170523
38.39500 2110 0.171122
38.39900 2118.5 0.170921
38.40300 2143 0.1704
38.40700 2110.5 0.171096
38.41100 2149.5 0.170251
38.41500 2140 0.170449
38.41900 2097.5 0.171398
38.42300 2121 0.170872
38.42700 2106 0.171197
38.43100 2121.5 0.170872
38.43500 2198.5 0.1692
38.43900 2113 0.171046
38.44300 2136 0.170548
38.44700 2167 0.169882
38.45100 2127.5 0.170722
38.45500 2157 0.170079
38.45900 2148.5 0.170276
38.46300 2191.5 0.169346
38.46700 2139 0.170474
38.47100 2137.5 0.170523
38.47500 2133 0.170623
38.47900 2127 0.170747
38.48300 2213.5 0.168886
38.48700 2151.5 0.170202
38.49100 2151.5 0.170202
38.49500 2139 0.170474
38.49900 2159 0.170054
38.50300 2151 0.170227
38.50700 2140.5 0.170449
38.51100 2095 0.171448
38.51500 2147 0.170301
38.51900 2182.5 0.16954
38.52300 2129 0.170697
38.52700 2151 0.170227
38.53100 2120.5 0.170896
38.53500 2184.5 0.169492
38.53900 2195 0.169273
38.54300 2181.5 0.169565
38.54700 2130 0.170672
38.55100 2197.5 0.169224
38.55500 2173.5 0.169736
38.55900 2157 0.170079
38.56300 2146 0.170325
38.56700 2185 0.169492
38.57100 2147 0.170301
38.57500 2163 0.169956
38.57900 2162 0.169981
38.58300 2141 0.170424
38.58700 2121.5 0.170872
38.59100 2150 0.170251
38.59500 2140.5 0.170449
38.59900 2091 0.171549
38.60300 2120 0.186924
38.60700 2119.5 0.170896
38.61100 2174.5 0.169711
38.61500 2176.5 0.169662
38.61900 2116.5 0.170971
38.62300 2098.5 0.171373
38.62700 2213 0.168886
38.63100 2109 0.171147
38.63500 2120.5 0.170896
38.63900 2061.5 0.172209
38.64300 2133 0.170623
38.64700 2124 0.170797
38.65100 2170 0.169809
38.65500 2181 0.169565
38.65900 2057.5 0.172311
38.66300 2093 0.171499
38.66700 2128 0.170722
38.67100 2178.5 0.169638
38.67500 2127.5 0.170722
38.67900 2107.5 0.171172
38.68300 2062 0.172209
38.68700 2090 0.171574
38.69100 2134 0.170598
38.69500 2151.5 0.170202
38.69900 2179 0.169613
38.70300 2102.5 0.171297
38.70700 2172.5 0.16976
38.71100 2148 0.170276
38.71500 2158 0.170079
38.71900 2144.5 0.17035
38.72300 2075 0.171904
38.72700 2133 0.170623
38.73100 2149 0.170251
38.73500 2180.5 0.169589
38.73900 2126 0.170772
38.74300 2135 0.170573
38.74700 2122 0.170847
38.75100 2164.5 0.169931
38.75500 2155 0.170128
38.75900 2142.5 0.1704
38.76300 2179 0.169613
38.76700 2155 0.170128
38.77100 2187 0.169443
38.77500 2204 0.169079
38.77900 2175 0.169711
38.78300 2241.5 0.168311
38.78700 2123.5 0.170822
38.79100 2173 0.169736
38.79500 2138 0.170499
38.79900 2154.5 0.170153
38.80300 2153.5 0.170153
38.80700 2106 0.171197
38.81100 2150.5 0.170227
38.81500 2195.5 0.169273
38.81900 2179.5 0.169613
38.82300 2140 0.170449
38.82700 2160 0.17003
38.83100 2139.5 0.170474
38.83500 2198 0.1692
38.83900 2156.5 0.170103
38.84300 2155 0.170128
38.84700 2140 0.170449
38.85100 2151.5 0.170202
38.85500 2112.5 0.171071
38.85900 2145 0.17035
38.86300 2042 0.172671
38.86700 2133 0.170623
38.87100 2113.5 0.171046
38.87500 2187 0.169443
38.87900 2123.5 0.170822
38.88300 2136 0.170548
38.88700 2114 0.171021
38.89100 2143 0.1704
38.89500 2108 0.171172
38.89900 2134 0.170598
38.90300 2096.5 0.171423
38.90700 2116.5 0.170971
38.91100 2100.5 0.171322
38.91500 2133.5 0.170598
38.91900 2097.5 0.171398
38.92300 2087 0.171625
38.92700 2095 0.171448
38.93100 2082 0.171751
38.93500 2058.5 0.172286
38.93900 2122 0.170847
38.94300 2156.5 0.170103
38.94700 2110.5 0.171096
38.95100 2106.5 0.171197
38.95500 2095 0.171448
38.95900 2159.5 0.17003
38.96300 2134.5 0.170573
38.96700 2090.5 0.171549
38.97100 2153.5 0.170153
38.97500 2150 0.170251
38.97900 2153 0.170177
38.98300 2096.67 0.187515
38.98700 2117 0.170971
38.99100 2127.5 0.170722
38.99500 2141.5 0.170424
38.99900 2101.5 0.171297
39.00300 2107.5 0.171172
39.00700 2165.5 0.169907
39.01100 2120.5 0.170896
39.01500 2070 0.172005
39.01900 2080.5 0.171777
39.02300 2188 0.169419
39.02700 2130 0.170672
39.03100 2150 0.170251
39.03500 2169.5 0.169809
39.03900 2194 0.169297
39.04300 2161.5 0.169981
39.04700 2104 0.171247
39.05100 2146.5 0.170325
39.05500 2141.5 0.170424
39.05900 2141.5 0.170424
39.06300 2125.5 0.170772
39.06700 2161 0.170005
39.07100 2197.5 0.169224
39.07500 2236.5 0.168406
39.07900 2200 0.169176
39.08300 2167.5 0.169858
39.08700 2239 0.168359
39.09100 2268.5 0.167742
39.09500 2168 0.169858
39.09900 2132.5 0.170623
39.10300 2156.5 0.170103
39.10700 2130.5 0.170672
39.11100 2159 0.170054
39.11500 2192.5 0.169321
39.11900 2124.5 0.170797
39.12300 2136.5 0.170523
39.12700 2159.5 0.17003
39.13100 2097 0.171398
39.13500 2096 0.171423
39.13900 2152 0.170202
39.14300 2062 0.172209
39.14700 2094.5 0.171473
39.15100 2134 0.170598
39.15500 2180.5 0.169589
39.15900 2159.5 0.17003
39.16300 2131 0.170647
39.16700 2114 0.187088
39.17100 2126.5 0.170747
39.17500 2093 0.171499
39.17900 2094.5 0.171473
39.18300 2149.5 0.170251
39.18700 2035.5 0.172799
39.19100 2190 0.16937
39.19500 2188.5 0.169419
39.19900 2135 0.170573
39.20300 2185.5 0.169467
39.20700 2190 0.16937
39.21100 2165 0.169907
39.21500 2162 0.169981
39.21900 2138 0.170499
39.22300 2164 0.169931
39.22700 2176 0.169687
39.23100 2165 0.169907
39.23500 2131.5 0.170647
39.23900 2191.5 0.169346
39.24300 2179.5 0.169613
39.24700 2110 0.171122
39.25100 2168.5 0.169833
39.25500 2178.5 0.169638
39.25900 2128 0.170722
39.26300 2123 0.170822
39.26700 2208.5 0.168983
39.27100 2201 0.169152
39.27500 2100.5 0.171322
39.27900 2180.5 0.169589
39.28300 2187.5 0.169443
39.28700 2130 0.170672
39.29100 2170 0.169809
39.29500 2102 0.171297
39.29900 2132.5 0.170623
39.30300 2103 0.171272
39.30700 2143 0.145065
39.31100 2078 0.146254
39.31500 2089 0.146052
39.31900 2134 0.145233
39.32300 2052 0.146726
39.32700 2107 0.14571
39.33100 2112 0.145633
39.33500 1984 0.148039
39.33900 2092 0.145989
39.34300 2164 0.1447
39.34700 2198 0.144113
39.35100 2083 0.146161
39.35500 2108 0.145695
39.35900 2119 0.145494
39.36300 2045 0.146868
39.36700 2100 0.145849
39.37100 2075 0.146301
39.37500 2040 0.146964
39.37900 2074 0.146317
39.38300 2100 0.145849
39.38700 2024 0.147266
39.39100 2099 0.145865
39.39500 2099 0.145865
39.39900 2072 0.146364
39.40300 2045 0.146868
39.40700 2165 0.144685
39.41100 2113 0.145602
39.41500 2011 0.147506
39.41900 2132 0.145264
39.42300 2101 0.145818
39.42700 2139 0.145141
39.43100 2138 0.145156
39.43500 2209 0.143918
39.43900 2110 0.145664
39.44300 2158 0.144806
39.44700 2123 0.145432
39.45100 2035 0.147059
39.45500 2076 0.146286
39.45900 2127 0.145356
39.46300 2139 0.145141
39.46700 2074 0.146317
39.47100 2134 0.145233
39.47500 2146 0.145019
39.47900 2060 0.146584
39.48300 2010 0.147522
39.48700 2048 0.146805
39.49100 2070 0.146395
39.49500 2116 0.145556
39.49900 2074 0.146317
39.50300 2125 0.145386
39.50700 2086 0.146098
39.51100 2138 0.145156
39.51500 2097 0.145896
39.51900 2130 0.14531
39.52300 2098 0.145881
39.52700 2051 0.146758
39.53100 2034 0.147075
39.53500 2082 0.146176
39.53900 2076 0.146286
39.54300 2152 0.144912
39.54700 2116 0.145556
39.55100 2070 0.146395
39.55500 2113 0.145602
39.55900 2133 0.145248
39.56300 2112 0.145633
39.56700 2102 0.145803
39.57100 2054 0.146694
39.57500 2162 0.14473
39.57900 2136 0.145202
39.58300 2084 0.14613
39.58700 2088 0.146067
39.59100 2055 0.146679
39.59500 2129 0.145325
39.59900 2081 0.146192
39.60300 2105 0.171222
39.60700 1990 0.147909
39.61100 2160 0.144776
39.61500 2070 0.146395
39.61900 2093 0.145974
39.62300 2114 0.145586
39.62700 2068 0.146427
39.63100 2240 0.143385
39.63500 2017 0.147394
39.63900 2126 0.145371
39.64300 2105 0.145756
39.64700 2062 0.146553
39.65100 2080 0.146208
39.65500 2141 0.145111
39.65900 2090 0.14602
39.66300 2052 0.146726
39.66700 2106 0.145741
39.67100 2142 0.145095
39.67500 2071 0.14638
39.67900 2096 0.145912
39.68300 2148 0.144988
39.68700 2126 0.145371
39.69100 2019 0.147362
39.69500 2026 0.147218
39.69900 2181 0.144398
39.70300 2156 0.144836
39.70700 2155 0.144851
39.71100 2121 0.145463
39.71500 2073 0.146333
39.71900 2074 0.146317
39.72300 2172 0.144564
39.72700 2155 0.144851
39.73100 2095 0.145943
39.73500 2068 0.146427
39.73900 2074 0.146317
39.74300 2169 0.144609
39.74700 2181 0.144398
39.75100 2070 0.146395
39.75500 2149 0.144958
39.75900 2038 0.146995
39.76300 2044 0.146884
39.76700 2103 0.145787
39.77100 2059 0.1466
39.77500 2075 0.146301
39.77900 2124 0.145417
39.78300 2029 0.14717
39.78700 2102 0.145803
39.79100 2144 0.145049
39.79500 2090 0.14602
39.79900 2081 0.146192
39.80300 2104 0.145772
39.80700 2120 0.145479
39.81100 2070 0.146395
39.81500 2085 0.146114
39.81900 2058 0.146616
39.82300 2086 0.146098
39.82700 2185 0.144338
39.83100 2137 0.145172
39.83500 1971 0.148282
39.83900 2132 0.145264
39.84300 2066 0.146474
39.84700 2085 0.146114
39.85100 2129 0.145325
39.85500 2124 0.145417
39.85900 2087 0.146083
39.86300 2065 0.14649
39.86700 2128 0.14534
39.87100 2108 0.145695
39.87500 2049 0.146789
39.87900 2089 0.146052
39.88300 2073 0.146333
39.88700 2142 0.145095
39.89100 2044 0.146884
39.89500 2063 0.146521
39.89900 2148 0.144988
39.90300 2118 0.145525
39.90700 2109 0.145679
39.91100 2038 0.146995
39.91500 2119 0.145494
39.91900 2092 0.145989
39.92300 2063 0.146521
39.92700 2054 0.146694
39.93100 2162 0.14473
39.93500 2088 0.146067
39.93900 2134 0.145233
39.94300 2013 0.147474
39.94700 2064 0.146505
39.95100 1987 0.147974
39.95500 2133 0.145248
39.95900 2129 0.145325
39.96300 2072 0.146364
39.96700 2131 0.145279
39.97100 2169 0.144609
39.97500 2140 0.145126
39.97900 2137 0.145172
39.98300 2071 0.14638
39.98700 2060 0.146584
39.99100 2015 0.147426
39.99500 2069 0.146411
39.99900 2029 0.14717
40.00300 2135 0.145218
40.00700 2071 0.14638
40.01100 2112 0.145633
40.01500 1980 0.148103
40.01900 2037 0.147011
40.02300 2043 0.1469
40.02700 2084 0.14613
40.03100 2098 0.145881
40.03500 2106 0.145741
40.03900 2062 0.146553
40.04300 2103 0.145787
40.04700 2140 0.145126
40.05100 2103 0.145787
40.05500 2037 0.147011
40.05900 2093 0.145974
40.06300 2064 0.146505
40.06700 2162 0.14473
40.07100 2038 0.146995
40.07500 2052 0.146726
40.07900 2045 0.146868
40.08300 2099 0.145865
40.08700 2196 0.144143
40.09100 2119 0.145494
40.09500 2073 0.146333
40.09900 2100 0.145849
40.10300 2063 0.146521
40.10700 2174 0.144518
40.11100 2109 0.145679
40.11500 2034 0.147075
40.11900 2048 0.146805
40.12300 2121 0.145463
40.12700 2021 0.147314
40.13100 2197 0.144128
40.13500 2100 0.145849
40.13900 2092 0.145989
40.14300 2101 0.145818
40.14700 2190 0.144247
40.15100 2204 0.144008
40.15500 2081 0.146192
40.15900 2093 0.145974
40.16300 2084 0.14613
40.16700 2090 0.171574
40.17100 2064 0.146505
40.17500 2098 0.145881
40.17900 2094 0.145958
40.18300 2186 0.144308
40.18700 2011 0.147506
40.19100 2129 0.145325
40.19500 1999 0.147747
40.19900 1975 0.148217
40.20300 2106 0.145741
40.20700 2037 0.147011
40.21100 2093 0.145974
40.21500 2000 0.147715
40.21900 1947 0.148757
40.22300 2055 0.146679
40.22700 2058 0.146616
40.23100 2046 0.146837
40.23500 2034 0.147075
40.23900 2043 0.1469
40.24300 2175 0.144503
40.24700 2124 0.145417
40.25100 2066 0.146474
40.25500 2107 0.14571
40.25900 2106 0.145741
40.26300 2016 0.14741
40.26700 2112 0.145633
40.27100 2097 0.145896
40.27500 2004 0.147651
40.27900 2020 0.14733
40.28300 1998 0.147764
40.28700 2044 0.146884
40.29100 2020 0.14733
40.29500 2174 0.144518
40.29900 2073 0.146333
