# columns: two_theta_deg intensity sigma
3.00000 3006 5.47997
3.01000 3017 5.4965
3.02000 2986 5.46358
3.03000 3052 5.52158
3.04000 3069 5.53849
3.05000 3030 5.50482
3.06000 2999 5.47997
3.07000 3037 5.51318
3.08000 3023 5.4965
3.09000 3053 5.52158
3.10000 3070 5.53849
3.11000 3051 5.52158
3.12000 3080 5.547
3.13000 3091 5.55556
3.14000 3080 5.547
3.15000 3092 5.56415
3.16000 3066 5.53849
3.17000 3058 5.53001
3.18000 3089 5.55556
3.19000 3161 5.62544
3.20000 3126 5.59017
3.21000 3055 5.53001
3.22000 3036 5.51318
3.23000 3054 5.53001
3.24000 3112 5.58146
3.25000 3125 5.59017
3.26000 3046 5.52158
3.27000 3074 5.547
3.28000 3047 5.52158
3.29000 2981 5.46358
3.30000 2986 5.46358
3.31000 3078 5.547
3.32000 3100 5.56415
3.33000 3043 5.51318
3.34000 3034 5.50482
3.35000 3080 5.547
3.36000 3010 5.48821
3.37000 3075 5.547
3.38000 3107 5.57278
3.39000 3026 5.50482
3.40000 3103 5.57278
3.41000 3087 5.55556
3.42000 3052 5.52158
3.43000 3066 5.53849
3.44000 3092 5.56415
3.45000 3095 5.56415
3.46000 3091 5.55556
3.47000 3119 5.58146
3.48000 3055 5.53001
3.49000 3074 5.547
3.50000 3122 5.59017
3.51000 3124 5.59017
3.52000 3138 5.59893
3.53000 3170 5.63436
3.54000 3135 5.59893
3.55000 3048 5.52158
3.56000 3027 5.50482
3.57000 3010 5.48821
3.58000 3063 5.53849
3.59000 3104 5.57278
3.60000 3097 5.56415
3.61000 3142 5.60772
3.62000 3117 5.58146
3.63000 3063 5.53849
3.64000 3081 5.547
3.65000 3105 5.57278
3.66000 3070 5.53849
3.67000 3126 5.59017
3.68000 3048 5.52158
3.69000 3086 5.55556
3.70000 3096 5.56415
3.71000 3152 5.61656
3.72000 3158 5.61656
3.73000 3209 5.66139
3.74000 3150 5.61656
3.75000 3182 5.64333
3.76000 3116 5.58146
3.77000 3179 5.63436
3.78000 3107 5.57278
3.79000 3155 5.61656
3.80000 3123 5.59017
3.81000 3216 5.67048
3.82000 3164 5.62544
3.83000 3064 5.53849
3.84000 3083 5.55556
3.85000 3178 5.63436
3.86000 3118 5.58146
3.87000 3077 5.547
3.88000 3113 5.58146
3.89000 3161 5.62544
3.90000 3152 5.61656
3.91000 3174 5.63436
3.92000 3239 5.6888
3.93000 3236 5.6888
3.94000 3249 5.69803
3.95000 3151 5.61656
3.96000 3152 5.61656
3.97000 3156 5.61656
3.98000 3087 5.55556
3.99000 3158 5.61656
4.00000 3194 5.65233
4.01000 3200 5.65233
4.02000 3137 5.59893
4.03000 3178 5.63436
4.04000 3184 5.64333
4.05000 3305 5.74485
4.06000 3191 5.65233
4.07000 3224 5.67962
4.08000 3266 5.71662
4.09000 3295 5.74485
4.10000 3328 5.7735
4.11000 3347 5.78315
4.12000 3290 5.73539
4.13000 3322 5.7639
4.14000 3386 5.82223
4.15000 3409 5.84206
4.16000 3359 5.79284
4.17000 3295 5.74485
4.18000 3375 5.81238
4.19000 3339 5.78315
4.20000 3326 5.7639
4.21000 3434 5.8621
4.22000 3402 5.83212
4.23000 3450 5.8722
4.24000 3429 5.85206
4.25000 3339 5.78315
4.26000 3388 5.82223
4.27000 3415 5.84206
4.28000 3399 5.83212
4.29000 3377 5.81238
4.30000 3433 5.8621
4.31000 3316 5.75435
4.32000 3264 5.71662
4.33000 3355 5.79284
4.34000 3343 5.78315
4.35000 3189 5.64333
4.36000 3172 5.63436
4.37000 3194 5.65233
4.38000 3183 5.64333
4.39000 3174 5.63436
4.40000 3202 5.66139
4.41000 3233 5.6888
4.42000 3185 5.64333
4.43000 3174 5.63436
4.44000 3155 5.61656
4.45000 3273 5.71662
4.46000 3175 5.63436
4.47000 3091 5.55556
4.48000 3091 5.55556
4.49000 3175 5.63436
4.50000 3206 5.66139
4.51000 3207 5.66139
4.52000 3169 5.62544
4.53000 3104 5.57278
4.54000 3162 5.62544
4.55000 3131 5.59893
4.56000 3164 5.62544
4.57000 3220 5.67048
4.58000 3201 5.66139
4.59000 3247 5.69803
4.60000 3211 5.67048
4.61000 3198 5.65233
4.62000 3239 5.6888
4.63000 3146 5.60772
4.64000 3203 5.66139
4.65000 3271 5.71662
4.66000 3222 5.67962
4.67000 3242 5.69803
4.68000 3236 5.6888
4.69000 3270 5.71662
4.70000 3264 5.71662
4.71000 3298 5.74485
4.72000 3230 5.67962
4.73000 3121 5.59017
4.74000 3157 5.61656
4.75000 3190 5.65233
4.76000 3154 5.61656
4.77000 3216 5.67048
4.78000 3157 5.61656
4.79000 3224 5.67962
4.80000 3213 5.67048
4.81000 3328 5.7735
4.82000 3229 5.67962
4.83000 3244 5.69803
4.84000 3214 5.67048
4.85000 3243 5.69803
4.86000 3189 5.64333
4.87000 3271 5.71662
4.88000 3258 5.7073
4.89000 3221 5.67962
4.90000 3282 5.72598
4.91000 3305 5.74485
4.92000 3333 5.7735
4.93000 3207 5.66139
4.94000 3201 5.66139
4.95000 3183 5.64333
4.96000 3187 5.64333
4.97000 3266 5.71662
4.98000 3313 5.75435
4.99000 3233 5.6888
5.00000 3229 5.67962
5.01000 3326 5.7639
5.02000 3288 5.73539
5.03000 3217 5.67048
5.04000 3216 5.67048
5.05000 3389 5.82223
5.06000 3232 5.6888
5.07000 3230 5.67962
5.08000 3235 5.6888
5.09000 3230 5.67962
5.10000 3307 5.75435
5.11000 3310 5.75435
5.12000 3236 5.6888
5.13000 3220 5.67048
5.14000 3180 5.64333
5.15000 3213 5.67048
5.16000 3205 5.66139
5.17000 3313 5.75435
5.18000 3279 5.72598
5.19000 3281 5.72598
5.20000 3257 5.7073
5.21000 3288 5.73539
5.22000 3298 5.74485
5.23000 3269 5.71662
5.24000 3269 5.71662
5.25000 3274 5.72598
5.26000 3253 5.7073
5.27000 3291 5.73539
5.28000 3336 5.7735
5.29000 3277 5.72598
5.30000 3261 5.7073
5.31000 3400 5.83212
5.32000 3304 5.74485
5.33000 3350 5.78315
5.34000 3295 5.74485
5.35000 3298 5.74485
5.36000 3345 5.78315
5.37000 3321 5.7639
5.38000 3185 5.64333
5.39000 3255 5.7073
5.40000 3265 5.71662
5.41000 3250 5.69803
5.42000 3305 5.74485
5.43000 3273 5.71662
5.44000 3285 5.73539
5.45000 3308 5.75435
5.46000 3289 5.73539
5.47000 3350 5.78315
5.48000 3311 5.75435
5.49000 3269 5.71662
5.50000 3340 5.78315
5.51000 3398 5.83212
5.52000 3305 5.74485
5.53000 3362 5.80259
5.54000 3331 5.7735
5.55000 3305 5.74485
5.56000 3272 5.71662
5.57000 3244 5.69803
5.58000 3329 5.7735
5.59000 3383 5.81238
5.60000 3380 5.81238
5.61000 3386 5.82223
5.62000 3316 5.75435
5.63000 3321 5.7639
5.64000 3321 5.7639
5.65000 3297 5.74485
5.66000 3242 5.69803
5.67000 3355 5.79284
5.68000 3333 5.7735
5.69000 3335 5.7735
5.70000 3394 5.82223
5.71000 3398 5.83212
5.72000 3404 5.83212
5.73000 3374 5.81238
5.74000 3356 5.79284
5.75000 3322 5.7639
5.76000 3322 5.7639
5.77000 3343 5.78315
5.78000 3357 5.79284
5.79000 3373 5.81238
5.80000 3405 5.83212
5.81000 3358 5.79284
5.82000 3349 5.78315
5.83000 3328 5.7735
5.84000 3430 5.85206
5.85000 3416 5.84206
5.86000 3401 5.83212
5.87000 3417 5.84206
5.88000 3345 5.78315
5.89000 3365 5.80259
5.90000 3386 5.82223
5.91000 3427 5.85206
5.92000 3389 5.82223
5.93000 3476 5.89256
5.94000 3471 5.89256
5.95000 3443 5.8722
5.96000 3470 5.89256
5.97000 3403 5.83212
5.98000 3417 5.84206
5.99000 3426 5.85206
6.00000 3482 5.90281
6.01000 3455 5.88235
6.02000 3284 5.72598
6.03000 3450 5.8722
6.04000 3362 5.80259
6.05000 3412 5.84206
6.06000 3422 5.85206
6.07000 3471 5.89256
6.08000 3481 5.90281
6.09000 3528 5.94438
6.10000 3504 5.92349
6.11000 3496 5.91312
6.12000 3334 5.7735
6.13000 3328 5.7735
6.14000 3384 5.81238
6.15000 3450 5.8722
6.16000 3374 5.81238
6.17000 3413 5.84206
6.18000 3498 5.91312
6.19000 3467 5.89256
6.20000 3465 5.88235
6.21000 3503 5.92349
6.22000 3501 5.91312
6.23000 3529 5.94438
6.24000 3586 5.98684
6.25000 3608 6.00842
6.26000 3599 5.9976
6.27000 3569 5.97614
6.28000 3590 5.98684
6.29000 3570 5.97614
6.30000 3517 5.93391
6.31000 3595 5.9976
6.32000 3522 5.93391
6.33000 3521 5.93391
6.34000 3490 5.90281
6.35000 3499 5.91312
6.36000 3492 5.91312
6.37000 3511 5.92349
6.38000 3564 5.9655
6.39000 3489 5.90281
6.40000 3497 5.91312
6.41000 3576 5.97614
6.42000 3529 5.94438
6.43000 3560 5.9655
6.44000 3593 5.9976
6.45000 3582 5.98684
6.46000 3615 6.00842
6.47000 3661 6.05228
6.48000 3663 6.05228
6.49000 3676 6.06339
6.50000 3603 5.9976
6.51000 3557 5.9655
6.52000 3574 5.97614
6.53000 3648 6.04122
6.54000 3638 6.03023
6.55000 3619 6.01929
6.56000 3609 6.00842
6.57000 3703 6.08581
6.58000 3801 6.16626
6.59000 3732 6.10847
6.60000 3620 6.01929
6.61000 3622 6.01929
6.62000 3677 6.06339
6.63000 3683 6.06339
6.64000 3728 6.10847
6.65000 3670 6.06339
6.66000 3627 6.01929
6.67000 3706 6.08581
6.68000 3764 6.13139
6.69000 3765 6.13139
6.70000 3747 6.1199
6.71000 3822 6.17802
6.72000 3796 6.16626
6.73000 3874 6.22573
6.74000 3879 6.22573
6.75000 3810 6.17802
6.76000 3785 6.15457
6.77000 3823 6.17802
6.78000 3841 6.20174
6.79000 3749 6.1199
6.80000 3848 6.20174
6.81000 3815 6.17802
6.82000 3959 6.28695
6.83000 4007 6.32456
6.84000 3967 6.29941
6.85000 3883 6.22573
6.86000 3879 6.22573
6.87000 3958 6.28695
6.88000 3992 6.31194
6.89000 4061 6.37577
6.90000 3962 6.29941
6.91000 4008 6.32456
6.92000 4008 6.32456
6.93000 3972 6.29941
6.94000 4019 6.33724
6.95000 4138 6.42824
6.96000 3972 6.29941
6.97000 3963 6.29941
6.98000 4038 6.35001
6.99000 4192 6.46846
7.00000 4198 6.48204
7.01000 4142 6.44157
7.02000 4138 6.42824
7.03000 4249 6.52328
7.04000 4179 6.46846
7.05000 4172 6.45497
7.06000 4288 6.55122
7.07000 4326 6.57952
7.08000 4391 6.62266
7.09000 4403 6.63723
7.10000 4447 6.66667
7.11000 4418 6.6519
7.12000 4398 6.63723
7.13000 4507 6.71156
7.14000 4548 6.742
7.15000 4643 6.81994
7.16000 4696 6.85189
7.17000 4704 6.85189
7.18000 4796 6.91714
7.19000 4911 7.0014
7.20000 5008 7.07107
7.21000 5065 7.1247
7.22000 4977 7.05346
7.23000 5101 7.14286
7.24000 5134 7.16115
7.25000 5039 7.10669
7.26000 4955 7.03598
7.27000 4965 7.05346
7.28000 4805 6.93375
7.29000 4567 6.75737
7.30000 4494 6.6965
7.31000 4301 6.55122
7.32000 4178 6.46846
7.33000 4170 6.45497
7.34000 4097 6.40184
7.35000 4060 6.37577
7.36000 4000 6.32456
7.37000 4022 6.33724
7.38000 3995 6.32456
7.39000 3927 6.26224
7.40000 4001 6.32456
7.41000 3967 6.29941
7.42000 3900 6.25
7.43000 3918 6.26224
7.44000 3974 6.29941
7.45000 3949 6.28695
7.46000 3960 6.28695
7.47000 4057 6.37577
7.48000 4098 6.40184
7.49000 4062 6.37577
7.50000 4023 6.33724
7.51000 4028 6.35001
7.52000 4006 6.32456
7.53000 4007 6.32456
7.54000 4023 6.33724
7.55000 4091 6.40184
7.56000 4056 6.36285
7.57000 4068 6.37577
7.58000 4008 6.32456
7.59000 4097 6.40184
7.60000 4068 6.37577
7.61000 4107 6.415
7.62000 4045 6.36285
7.63000 4169 6.45497
7.64000 4178 6.46846
7.65000 4205 6.48204
7.66000 4154 6.44157
7.67000 4165 6.45497
7.68000 4234 6.50945
7.69000 4304 6.56532
7.70000 4216 6.4957
7.71000 4269 6.5372
7.72000 4310 6.56532
7.73000 4393 6.62266
7.74000 4421 6.6519
7.75000 4443 6.66667
7.76000 4329 6.57952
7.77000 4369 6.60819
7.78000 4474 6.68153
7.79000 4487 6.6965
7.80000 4511 6.71156
7.81000 4617 6.78844
7.82000 4548 6.742
7.83000 4557 6.75737
7.84000 4747 6.88428
7.85000 4750 6.88428
7.86000 4698 6.85189
7.87000 4735 6.88428
7.88000 4741 6.88428
7.89000 4814 6.93375
7.90000 4942 7.03598
7.91000 5107 7.14286
7.92000 4964 7.05346
7.93000 4972 7.05346
7.94000 5048 7.10669
7.95000 5044 7.10669
7.96000 4961 7.03598
7.97000 5113 7.14286
7.98000 5229 7.23575
7.99000 5330 7.29325
8.00000 5434 7.3721
8.01000 5540 7.43294
8.02000 5672 7.53778
8.03000 5774 7.60286
8.04000 5889 7.66965
8.05000 6039 7.76151
8.06000 6043 7.78499
8.07000 6286 7.93052
8.08000 6615 8.13788
8.09000 6632 8.13788
8.10000 6666 8.16497
8.11000 6840 8.27606
8.12000 7003 8.36242
8.13000 6983 8.36242
8.14000 6946 8.33333
8.15000 6791 8.24786
8.16000 6753 8.21995
8.17000 6485 8.05823
8.18000 6112 7.80869
8.19000 5724 7.55929
8.20000 5463 7.39221
8.21000 5187 7.19816
8.22000 4974 7.05346
8.23000 4821 6.95048
8.24000 4615 6.78844
8.25000 4577 6.77285
8.26000 4440 6.66667
8.27000 4293 6.55122
8.28000 4231 6.50945
8.29000 4204 6.48204
8.30000 4154 6.44157
8.31000 4130 6.42824
8.32000 4029 6.35001
8.33000 3990 6.31194
8.34000 4042 6.36285
8.35000 4070 6.37577
8.36000 4028 6.35001
8.37000 4041 6.36285
8.38000 4002 6.32456
8.39000 3986 6.31194
8.40000 3956 6.28695
8.41000 3988 6.31194
8.42000 4088 6.38877
8.43000 4125 6.42824
8.44000 4136 6.42824
8.45000 4163 6.45497
8.46000 4044 6.36285
8.47000 4107 6.415
8.48000 4228 6.4957
8.49000 4242 6.50945
8.50000 4209 6.48204
8.51000 4188 6.46846
8.52000 4312 6.56532
8.53000 4366 6.60819
8.54000 4358 6.60819
8.55000 4401 6.63723
8.56000 4415 6.63723
8.57000 4471 6.68153
8.58000 4412 6.63723
8.59000 4403 6.63723
8.60000 4341 6.5938
8.61000 4353 6.5938
8.62000 4302 6.56532
8.63000 4278 6.5372
8.64000 4302 6.56532
8.65000 4241 6.50945
8.66000 4163 6.45497
8.67000 4190 6.46846
8.68000 4186 6.46846
8.69000 4111 6.415
8.70000 4113 6.415
8.71000 4193 6.48204
8.72000 4191 6.46846
8.73000 4103 6.40184
8.74000 4088 6.38877
8.75000 4137 6.42824
8.76000 4122 6.415
8.77000 4182 6.46846
8.78000 4046 6.36285
8.79000 4142 6.44157
8.80000 4091 6.40184
8.81000 4244 6.50945
8.82000 4269 6.5372
8.83000 4221 6.4957
8.84000 4304 6.56532
8.85000 4199 6.48204
8.86000 4308 6.56532
8.87000 4278 6.5372
8.88000 4384 6.62266
8.89000 4333 6.57952
8.90000 4312 6.56532
8.91000 4443 6.66667
8.92000 4508 6.71156
8.93000 4493 6.6965
8.94000 4426 6.6519
8.95000 4410 6.63723
8.96000 4480 6.6965
8.97000 4510 6.71156
8.98000 4486 6.6965
8.99000 4602 6.78844
9.00000 4662 6.81994
9.01000 4632 6.80414
9.02000 4677 6.83586
9.03000 4679 6.83586
9.04000 4803 6.93375
9.05000 4835 6.95048
9.06000 4752 6.90066
9.07000 4865 6.96733
9.08000 4967 7.05346
9.09000 5021 7.08881
9.10000 5040 7.10669
9.11000 5132 7.16115
9.12000 5108 7.14286
9.13000 5170 7.19816
9.14000 5247 7.23575
9.15000 5266 7.25476
9.16000 5380 7.33236
9.17000 5433 7.3721
9.18000 5405 7.35215
9.19000 5435 7.3721
9.20000 5565 7.45356
9.21000 5716 7.55929
9.22000 5721 7.55929
9.23000 5824 7.62493
9.24000 5916 7.69231
9.25000 5995 7.73823
9.26000 6061 7.78499
9.27000 6146 7.8326
9.28000 6294 7.93052
9.29000 6419 8.00641
9.30000 6539 8.08452
9.31000 6617 8.13788
9.32000 6691 8.19232
9.33000 6869 8.27606
9.34000 7048 8.39181
9.35000 7255 8.51257
9.36000 7435 8.63868
9.37000 7672 8.77058
9.38000 7966 8.90871
9.39000 8152 9.0167
9.40000 8317 9.12871
9.41000 8704 9.32505
9.42000 9055 9.53463
9.43000 9270 9.6225
9.44000 9450 9.71286
9.45000 9436 9.71286
9.46000 9390 9.71286
9.47000 9261 9.6225
9.48000 9049 9.49158
9.49000 8562 9.245
9.50000 8000 8.94427
9.51000 7507 8.6711
9.52000 6972 8.36242
9.53000 6461 8.03219
9.54000 6037 7.76151
9.55000 5637 7.51646
9.56000 5291 7.27393
9.57000 4913 7.0014
9.58000 4733 6.88428
9.59000 4508 6.71156
9.60000 4315 6.56532
9.61000 4118 6.415
9.62000 3965 6.29941
9.63000 3959 6.28695
9.64000 3861 6.2137
9.65000 3792 6.15457
9.66000 3783 6.15457
9.67000 3720 6.09711
9.68000 3626 6.01929
9.69000 3748 6.1199
9.70000 3633 6.03023
9.71000 3627 6.01929
9.72000 3522 5.93391
9.73000 3537 5.94438
9.74000 3601 5.9976
9.75000 3630 6.03023
9.76000 3527 5.93391
9.77000 3491 5.91312
9.78000 3516 5.93391
9.79000 3456 5.88235
9.80000 3404 5.83212
9.81000 3378 5.81238
9.82000 3450 5.8722
9.83000 3455 5.88235
9.84000 3441 5.8621
9.85000 3391 5.82223
9.86000 3312 5.75435
9.87000 3370 5.80259
9.88000 3383 5.81238
9.89000 3406 5.83212
9.90000 3350 5.78315
9.91000 3446 5.8722
9.92000 3333 5.7735
9.93000 3347 5.78315
9.94000 3437 5.8621
9.95000 3370 5.80259
9.96000 3274 5.72598
9.97000 3304 5.74485
9.98000 3367 5.80259
9.99000 3366 5.80259
10.00000 3360 5.79284
10.01000 3347 5.78315
10.02000 3277 5.72598
10.03000 3241 5.6888
10.04000 3265 5.71662
10.05000 3298 5.74485
10.06000 3273 5.71662
10.07000 3295 5.74485
10.08000 3308 5.75435
10.09000 3265 5.71662
10.10000 3263 5.71662
10.11000 3280 5.72598
10.12000 3251 5.69803
10.13000 3216 5.67048
10.14000 3249 5.69803
10.15000 3293 5.73539
10.16000 3253 5.7073
10.17000 3293 5.73539
10.18000 3348 5.78315
10.19000 3318 5.7639
10.20000 3265 5.71662
10.21000 3261 5.7073
10.22000 3234 5.6888
10.23000 3295 5.74485
10.24000 3266 5.71662
10.25000 3280 5.72598
10.26000 3318 5.7639
10.27000 3261 5.7073
10.28000 3249 5.69803
10.29000 3285 5.73539
10.30000 3255 5.7073
10.31000 3292 5.73539
10.32000 3324 5.7639
10.33000 3259 5.7073
10.34000 3271 5.71662
10.35000 3338 5.7735
10.36000 3273 5.71662
10.37000 3220 5.67048
10.38000 3258 5.7073
10.39000 3227 5.67962
10.40000 3197 5.65233
10.41000 3282 5.72598
10.42000 3254 5.7073
10.43000 3394 5.82223
10.44000 3321 5.7639
10.45000 3348 5.78315
10.46000 3257 5.7073
10.47000 3360 5.79284
10.48000 3276 5.72598
10.49000 3255 5.7073
10.50000 3206 5.66139
10.51000 3220 5.67048
10.52000 3312 5.75435
10.53000 3362 5.80259
10.54000 3352 5.79284
10.55000 3272 5.71662
10.56000 3255 5.7073
10.57000 3305 5.74485
10.58000 3364 5.80259
10.59000 3344 5.78315
10.60000 3270 5.71662
10.61000 3331 5.7735
10.62000 3201 5.66139
10.63000 3236 5.6888
10.64000 3364 5.80259
10.65000 3375 5.81238
10.66000 3350 5.78315
10.67000 3319 5.7639
10.68000 3307 5.75435
10.69000 3249 5.69803
10.70000 3286 5.73539
10.71000 3274 5.72598
10.72000 3262 5.7073
10.73000 3222 5.67962
10.74000 3298 5.74485
10.75000 3222 5.67962
10.76000 3167 5.62544
10.77000 3189 5.64333
10.78000 3250 5.69803
10.79000 3287 5.73539
10.80000 3284 5.72598
10.81000 3340 5.78315
10.82000 3263 5.71662
10.83000 3258 5.7073
10.84000 3266 5.71662
10.85000 3257 5.7073
10.86000 3264 5.71662
10.87000 3297 5.74485
10.88000 3297 5.74485
10.89000 3282 5.72598
10.90000 3290 5.73539
10.91000 3261 5.7073
10.92000 3316 5.75435
10.93000 3282 5.72598
10.94000 3284 5.72598
10.95000 3282 5.72598
10.96000 3297 5.74485
10.97000 3365 5.80259
10.98000 3309 5.75435
10.99000 3268 5.71662
11.00000 3268 5.71662
11.01000 3345 5.78315
11.02000 3345 5.78315
11.03000 3316 5.75435
11.04000 3356 5.79284
11.05000 3324 5.7639
11.06000 3274 5.72598
11.07000 3319 5.7639
11.08000 3303 5.74485
11.09000 3318 5.7639
11.10000 3364 5.80259
11.11000 3345 5.78315
11.12000 3286 5.73539
11.13000 3302 5.74485
11.14000 3277 5.72598
11.15000 3284 5.72598
11.16000 3307 5.75435
11.17000 3238 5.6888
11.18000 3274 5.72598
11.19000 3315 5.75435
11.20000 3296 5.74485
11.21000 3243 5.69803
11.22000 3192 5.65233
11.23000 3230 5.67962
11.24000 3288 5.73539
11.25000 3271 5.71662
11.26000 3263 5.71662
11.27000 3331 5.7735
11.28000 3329 5.7735
11.29000 3252 5.69803
11.30000 3302 5.74485
11.31000 3267 5.71662
11.32000 3162 5.62544
11.33000 3290 5.73539
11.34000 3226 5.67962
11.35000 3257 5.7073
11.36000 3189 5.64333
11.37000 3297 5.74485
11.38000 3280 5.72598
11.39000 3254 5.7073
11.40000 3198 5.65233
11.41000 3271 5.71662
11.42000 3205 5.66139
11.43000 3252 5.69803
11.44000 3258 5.7073
11.45000 3250 5.69803
11.46000 3202 5.66139
11.47000 3288 5.73539
11.48000 3232 5.6888
11.49000 3166 5.62544
11.50000 3251 5.69803
11.51000 3292 5.73539
11.52000 3312 5.75435
11.53000 3310 5.75435
11.54000 3285 5.73539
11.55000 3349 5.78315
11.56000 3277 5.72598
11.57000 3305 5.74485
11.58000 3362 5.80259
11.59000 3271 5.71662
11.60000 3325 5.7639
11.61000 3364 5.80259
11.62000 3314 5.75435
11.63000 3301 5.74485
11.64000 3304 5.74485
11.65000 3340 5.78315
11.66000 3246 5.69803
11.67000 3269 5.71662
11.68000 3309 5.75435
11.69000 3336 5.7735
11.70000 3284 5.72598
11.71000 3362 5.80259
11.72000 3292 5.73539
11.73000 3328 5.7735
11.74000 3263 5.71662
11.75000 3311 5.75435
11.76000 3397 5.83212
11.77000 3407 5.83212
11.78000 3347 5.78315
11.79000 3363 5.80259
11.80000 3331 5.7735
11.81000 3337 5.7735
11.82000 3361 5.79284
11.83000 3316 5.75435
11.84000 3377 5.81238
11.85000 3312 5.75435
11.86000 3306 5.75435
11.87000 3348 5.78315
11.88000 3367 5.80259
11.89000 3362 5.80259
11.90000 3358 5.79284
11.91000 3376 5.81238
11.92000 3328 5.7735
11.93000 3354 5.79284
11.94000 3338 5.7735
11.95000 3320 5.7639
11.96000 3323 5.7639
11.97000 3402 5.83212
11.98000 3292 5.73539
11.99000 3337 5.7735
12.00000 3369 5.80259
12.01000 3509 5.92349
12.02000 3412 5.84206
12.03000 3458 5.88235
12.04000 3436 5.8621
12.05000 3417 5.84206
12.06000 3384 5.81238
12.07000 3440 5.8621
12.08000 3461 5.88235
12.09000 3387 5.82223
12.10000 3395 5.82223
12.11000 3428 5.85206
12.12000 3439 5.8621
12.13000 3383 5.81238
12.14000 3410 5.84206
12.15000 3465 5.88235
12.16000 3396 5.83212
12.17000 3426 5.85206
12.18000 3571 5.97614
12.19000 3544 5.95491
12.20000 3456 5.88235
12.21000 3466 5.88235
12.22000 3426 5.85206
12.23000 3572 5.97614
12.24000 3635 6.03023
12.25000 3566 5.97614
12.26000 3584 5.98684
12.27000 3658 6.05228
12.28000 3628 6.01929
12.29000 3624 6.01929
12.30000 3668 6.05228
12.31000 3662 6.05228
12.32000 3665 6.05228
12.33000 3670 6.06339
12.34000 3678 6.06339
12.35000 3684 6.07457
12.36000 3750 6.1199
12.37000 3780 6.14295
12.38000 3789 6.15457
12.39000 3815 6.17802
12.40000 3789 6.15457
12.41000 3799 6.16626
12.42000 3785 6.15457
12.43000 3720 6.09711
12.44000 3789 6.15457
12.45000 3780 6.14295
12.46000 3756 6.13139
12.47000 3924 6.26224
12.48000 3964 6.29941
12.49000 3936 6.27456
12.50000 4003 6.32456
12.51000 4033 6.35001
12.52000 4039 6.35001
12.53000 4078 6.38877
12.54000 4174 6.45497
12.55000 4190 6.46846
12.56000 4179 6.46846
12.57000 4201 6.48204
12.58000 4161 6.45497
12.59000 4128 6.42824
12.60000 4199 6.48204
12.61000 4314 6.56532
12.62000 4260 6.52328
12.63000 4363 6.60819
12.64000 4491 6.6965
12.65000 4512 6.71156
12.66000 4479 6.6965
12.67000 4551 6.742
12.68000 4631 6.80414
12.69000 4759 6.90066
12.70000 4669 6.83586
12.71000 4806 6.93375
12.72000 4883 6.9843
12.73000 4942 7.03598
12.74000 5064 7.1247
12.75000 5135 7.16115
12.76000 5156 7.17958
12.77000 5353 7.31272
12.78000 5415 7.35215
12.79000 5530 7.43294
12.80000 5612 7.49532
12.81000 5725 7.55929
12.82000 5832 7.64719
12.83000 6085 7.80869
12.84000 6251 7.90569
12.85000 6433 8.03219
12.86000 6379 7.98087
12.87000 6506 8.05823
12.88000 6697 8.19232
12.89000 6745 8.21995
12.90000 6866 8.27606
12.91000 6842 8.27606
12.92000 6863 8.27606
12.93000 6762 8.21995
12.94000 6582 8.11107
12.95000 6357 7.98087
12.96000 5953 7.71517
12.97000 5735 7.58098
12.98000 5467 7.39221
12.99000 5197 7.21688
13.00000 4991 7.07107
13.01000 4780 6.91714
13.02000 4622 6.80414
13.03000 4508 6.71156
13.04000 4484 6.6965
13.05000 4281 6.5372
13.06000 4235 6.50945
13.07000 4302 6.56532
13.08000 4216 6.4957
13.09000 4170 6.45497
13.10000 4056 6.36285
13.11000 4139 6.42824
13.12000 4063 6.37577
13.13000 4060 6.37577
13.14000 4074 6.38877
13.15000 4086 6.38877
13.16000 4061 6.37577
13.17000 4055 6.36285
13.18000 4102 6.40184
13.19000 4071 6.37577
13.20000 4012 6.33724
13.21000 3976 6.29941
13.22000 4067 6.37577
13.23000 4101 6.40184
13.24000 3996 6.32456
13.25000 4031 6.35001
13.26000 4112 6.415
13.27000 4114 6.415
13.28000 4241 6.50945
13.29000 4227 6.4957
13.30000 4206 6.48204
13.31000 4316 6.56532
13.32000 4263 6.52328
13.33000 4308 6.56532
13.34000 4381 6.62266
13.35000 4394 6.62266
13.36000 4388 6.62266
13.37000 4509 6.71156
13.38000 4542 6.742
13.39000 4571 6.75737
13.40000 4575 6.75737
13.41000 4669 6.83586
13.42000 4791 6.91714
13.43000 4721 6.86803
13.44000 4867 6.9843
13.45000 4974 7.05346
13.46000 4951 7.03598
13.47000 4971 7.05346
13.48000 4987 7.05346
13.49000 5081 7.1247
13.50000 5217 7.21688
13.51000 5268 7.25476
13.52000 5336 7.31272
13.53000 5518 7.43294
13.54000 5591 7.47435
13.55000 5593 7.47435
13.56000 5686 7.53778
13.57000 5827 7.62493
13.58000 5943 7.71517
13.59000 5994 7.73823
13.60000 6016 7.76151
13.61000 6200 7.8811
13.62000 6285 7.93052
13.63000 6399 8.00641
13.64000 6551 8.08452
13.65000 6742 8.21995
13.66000 6870 8.27606
13.67000 6925 8.33333
13.68000 6909 8.30455
13.69000 7097 8.42152
13.70000 7343 8.57493
13.71000 7483 8.63868
13.72000 7745 8.80451
13.73000 7982 8.94427
13.74000 8333 9.12871
13.75000 8508 9.20575
13.76000 8654 9.28477
13.77000 8933 9.44911
13.78000 9199 9.57826
13.79000 9605 9.80581
13.80000 9806 9.90148
13.81000 10165 10.1015
13.82000 10691 10.3142
13.83000 11044 10.4828
13.84000 11613 10.7833
13.85000 12185 11.0432
13.86000 12662 11.2509
13.87000 12805 11.3228
13.88000 13123 11.4708
13.89000 13533 11.6248
13.90000 13771 11.7041
13.91000 13734 11.7041
13.92000 13601 11.6248
13.93000 13435 11.6248
13.94000 13035 11.3961
13.95000 12552 11.1803
13.96000 12271 11.1111
13.97000 11971 10.9109
13.98000 11649 10.7833
13.99000 11518 10.7211
14.00000 11489 10.7211
14.01000 11627 10.7833
14.02000 11712 10.8465
14.03000 12054 10.9764
14.04000 12211 11.0432
14.05000 12340 11.1111
14.06000 12352 11.1111
14.07000 12499 11.1803
14.08000 12070 10.9764
14.09000 11543 10.7211
14.10000 11016 10.4828
14.11000 10330 10.1535
14.12000 9533 9.759
14.13000 8795 9.36586
14.14000 8040 8.98027
14.15000 7342 8.57493
14.16000 6727 8.19232
14.17000 6446 8.03219
14.18000 6079 7.78499
14.19000 5720 7.55929
14.20000 5471 7.39221
14.21000 5339 7.31272
14.22000 5254 7.25476
14.23000 5088 7.1247
14.24000 5026 7.08881
14.25000 4946 7.03598
14.26000 4979 7.05346
14.27000 5128 7.16115
14.28000 5087 7.1247
14.29000 5008 7.07107
14.30000 5096 7.14286
14.31000 5001 7.07107
14.32000 5031 7.08881
14.33000 5156 7.17958
14.34000 5145 7.17958
14.35000 5218 7.21688
14.36000 5320 7.29325
14.37000 5336 7.31272
14.38000 5323 7.29325
14.39000 5369 7.33236
14.40000 5508 7.41249
14.41000 5597 7.47435
14.42000 5744 7.58098
14.43000 5745 7.58098
14.44000 5846 7.64719
14.45000 5977 7.73823
14.46000 6006 7.73823
14.47000 6174 7.85674
14.48000 6389 7.98087
14.49000 6527 8.08452
14.50000 6639 8.13788
14.51000 6786 8.24786
14.52000 7005 8.36242
14.53000 7242 8.51257
14.54000 7422 8.60663
14.55000 7531 8.6711
14.56000 7515 8.6711
14.57000 7525 8.6711
14.58000 7295 8.54358
14.59000 7151 8.45154
14.60000 6926 8.33333
14.61000 6622 8.13788
14.62000 6363 7.98087
14.63000 6076 7.78499
14.64000 5913 7.69231
14.65000 5635 7.51646
14.66000 5483 7.41249
14.67000 5441 7.3721
14.68000 5322 7.29325
14.69000 5207 7.21688
14.70000 5164 7.17958
14.71000 5082 7.1247
14.72000 4916 7.01862
14.73000 4834 6.95048
14.74000 4834 6.95048
14.75000 4794 6.91714
14.76000 4624 6.80414
14.77000 4587 6.77285
14.78000 4515 6.72673
14.79000 4403 6.63723
14.80000 4294 6.55122
14.81000 4283 6.55122
14.82000 4192 6.46846
14.83000 4111 6.415
14.84000 4179 6.46846
14.85000 4210 6.48204
14.86000 4155 6.44157
14.87000 4132 6.42824
14.88000 4136 6.42824
14.89000 4225 6.4957
14.90000 4219 6.4957
14.91000 4204 6.48204
14.92000 4186 6.46846
14.93000 4241 6.50945
14.94000 4276 6.5372
14.95000 4313 6.56532
14.96000 4382 6.62266
14.97000 4545 6.742
14.98000 4511 6.71156
14.99000 4521 6.72673
15.00000 4539 6.742
15.01000 4685 6.85189
15.02000 4590 6.77285
15.03000 4669 6.83586
15.04000 4703 6.85189
15.05000 4846 6.96733
15.06000 4838 6.95048
15.07000 4964 7.05346
15.08000 4960 7.03598
15.09000 4940 7.03598
15.10000 5010 7.07107
15.11000 5122 7.16115
15.12000 5192 7.19816
15.13000 5170 7.19816
15.14000 5270 7.25476
15.15000 5425 7.3721
15.16000 5458 7.39221
15.17000 5692 7.53778
15.18000 5863 7.64719
15.19000 5943 7.71517
15.20000 6142 7.8326
15.21000 6180 7.85674
15.22000 6418 8.00641
15.23000 6676 8.16497
15.24000 6835 8.27606
15.25000 6948 8.33333
15.26000 7320 8.54358
15.27000 7615 8.73704
15.28000 7765 8.80451
15.29000 8062 8.98027
15.30000 8371 9.16698
15.31000 8623 9.28477
15.32000 8838 9.40721
15.33000 8939 9.44911
15.34000 9056 9.53463
15.35000 8927 9.44911
15.36000 8742 9.36586
15.37000 8394 9.16698
15.38000 7923 8.90871
15.39000 7340 8.57493
15.40000 6984 8.36242
15.41000 6432 8.03219
15.42000 5956 7.71517
15.43000 5590 7.47435
15.44000 5203 7.21688
15.45000 4872 6.9843
15.46000 4554 6.742
15.47000 4419 6.6519
15.48000 4338 6.57952
15.49000 4207 6.48204
15.50000 3984 6.31194
15.51000 3978 6.31194
15.52000 3872 6.22573
15.53000 3793 6.15457
15.54000 3797 6.16626
15.55000 3762 6.13139
15.56000 3656 6.04122
15.57000 3668 6.05228
15.58000 3606 6.00842
15.59000 3611 6.00842
15.60000 3649 6.04122
15.61000 3693 6.07457
15.62000 3579 5.98684
15.63000 3498 5.91312
15.64000 3558 5.9655
15.65000 3561 5.9655
15.66000 3489 5.90281
15.67000 3440 5.8621
15.68000 3486 5.90281
15.69000 3530 5.94438
15.70000 3514 5.92349
15.71000 3554 5.9655
15.72000 3364 5.80259
15.73000 3457 5.88235
15.74000 3481 5.90281
15.75000 3532 5.94438
15.76000 3462 5.88235
15.77000 3515 5.93391
15.78000 3572 5.97614
15.79000 3543 5.95491
15.80000 3506 5.92349
15.81000 3584 5.98684
15.82000 3527 5.93391
15.83000 3602 5.9976
15.84000 3609 6.00842
15.85000 3600 5.9976
15.86000 3516 5.93391
15.87000 3553 5.9655
15.88000 3619 6.01929
15.89000 3662 6.05228
15.90000 3681 6.06339
15.91000 3629 6.01929
15.92000 3668 6.05228
15.93000 3806 6.16626
15.94000 3847 6.20174
15.95000 3709 6.08581
15.96000 3701 6.08581
15.97000 3775 6.14295
15.98000 3803 6.16626
15.99000 3879 6.22573
16.00000 3841 6.20174
16.01000 3902 6.25
16.02000 3862 6.2137
16.03000 3912 6.25
16.04000 3916 6.26224
16.05000 4018 6.33724
16.06000 4013 6.33724
16.07000 4107 6.415
16.08000 4116 6.415
16.09000 4148 6.44157
16.10000 4195 6.48204
16.11000 4179 6.46846
16.12000 4183 6.46846
16.13000 4248 6.52328
16.14000 4320 6.57952
16.15000 4356 6.5938
16.16000 4427 6.6519
16.17000 4445 6.66667
16.18000 4484 6.6965
16.19000 4496 6.71156
16.20000 4594 6.77285
16.21000 4679 6.83586
16.22000 4695 6.85189
16.23000 4834 6.95048
16.24000 4820 6.95048
16.25000 4991 7.07107
16.26000 5105 7.14286
16.27000 5121 7.16115
16.28000 5282 7.27393
16.29000 5487 7.41249
16.30000 5697 7.53778
16.31000 5800 7.62493
16.32000 5960 7.71517
16.33000 6248 7.90569
16.34000 6322 7.95557
16.35000 6277 7.93052
16.36000 6338 7.95557
16.37000 6318 7.95557
16.38000 6314 7.95557
16.39000 6324 7.95557
16.40000 6266 7.90569
16.41000 6103 7.80869
16.42000 5895 7.66965
16.43000 5697 7.53778
16.44000 5572 7.47435
16.45000 5306 7.29325
16.46000 5052 7.10669
16.47000 4885 6.9843
16.48000 4587 6.77285
16.49000 4442 6.66667
16.50000 4322 6.57952
16.51000 4156 6.44157
16.52000 4087 6.38877
16.53000 4001 6.32456
16.54000 3982 6.31194
16.55000 4001 6.32456
16.56000 3893 6.23783
16.57000 3877 6.22573
16.58000 3847 6.20174
16.59000 3746 6.1199
16.60000 3714 6.09711
16.61000 3787 6.15457
16.62000 3760 6.13139
16.63000 3767 6.14295
16.64000 3787 6.15457
16.65000 3722 6.09711
16.66000 3781 6.15457
16.67000 3747 6.1199
16.68000 3688 6.07457
16.69000 3781 6.15457
16.70000 3751 6.1199
16.71000 3740 6.1199
16.72000 3799 6.16626
16.73000 3855 6.2137
16.74000 3797 6.16626
16.75000 3842 6.20174
16.76000 3747 6.1199
16.77000 3801 6.16626
16.78000 3887 6.23783
16.79000 3855 6.2137
16.80000 3862 6.2137
16.81000 3887 6.23783
16.82000 3856 6.2137
16.83000 3914 6.26224
16.84000 3943 6.27456
16.85000 3915 6.26224
16.86000 3976 6.29941
16.87000 4041 6.36285
16.88000 4090 6.40184
16.89000 4090 6.40184
16.90000 4072 6.37577
16.91000 4054 6.36285
16.92000 4108 6.415
16.93000 4202 6.48204
16.94000 4201 6.48204
16.95000 4215 6.4957
16.96000 4247 6.52328
16.97000 4264 6.52328
16.98000 4416 6.6519
16.99000 4411 6.63723
17.00000 4433 6.6519
17.01000 4519 6.72673
17.02000 4581 6.77285
17.03000 4659 6.81994
17.04000 4718 6.86803
17.05000 4767 6.90066
17.06000 4730 6.88428
17.07000 4864 6.96733
17.08000 4947 7.03598
17.09000 4998 7.07107
17.10000 5104 7.14286
17.11000 5226 7.23575
17.12000 5397 7.35215
17.13000 5530 7.43294
17.14000 5646 7.51646
17.15000 5654 7.51646
17.16000 5852 7.64719
17.17000 5987 7.73823
17.18000 6146 7.8326
17.19000 6227 7.8811
17.20000 6469 8.03219
17.21000 6687 8.16497
17.22000 6831 8.27606
17.23000 6952 8.33333
17.24000 7104 8.42152
17.25000 7150 8.45154
17.26000 7134 8.45154
17.27000 7214 8.48189
17.28000 7143 8.45154
17.29000 7106 8.42152
17.30000 6976 8.36242
17.31000 6706 8.19232
17.32000 6430 8.00641
17.33000 6251 7.90569
17.34000 5928 7.69231
17.35000 5740 7.58098
17.36000 5500 7.41249
17.37000 5393 7.35215
17.38000 5247 7.23575
17.39000 5158 7.17958
17.40000 4997 7.07107
17.41000 4878 6.9843
17.42000 4857 6.96733
17.43000 4772 6.90066
17.44000 4738 6.88428
17.45000 4729 6.88428
17.46000 4673 6.83586
17.47000 4664 6.83586
17.48000 4640 6.80414
17.49000 4665 6.83586
17.50000 4654 6.81994
17.51000 4615 6.78844
17.52000 4680 6.83586
17.53000 4726 6.86803
17.54000 4870 6.9843
17.55000 5032 7.08881
17.56000 5002 7.07107
17.57000 5088 7.1247
17.58000 5184 7.19816
17.59000 5251 7.25476
17.60000 5287 7.27393
17.61000 5450 7.39221
17.62000 5380 7.33236
17.63000 5419 7.35215
17.64000 5472 7.39221
17.65000 5343 7.31272
17.66000 5174 7.19816
17.67000 5009 7.07107
17.68000 4843 6.96733
17.69000 4879 6.9843
17.70000 4760 6.90066
17.71000 4643 6.81994
17.72000 4565 6.75737
17.73000 4426 6.6519
17.74000 4267 6.5372
17.75000 4301 6.55122
17.76000 4189 6.46846
17.77000 4195 6.48204
17.78000 4140 6.42824
17.79000 4076 6.38877
17.80000 4007 6.32456
17.81000 4067 6.37577
17.82000 4033 6.35001
17.83000 4046 6.36285
17.84000 3951 6.28695
17.85000 3988 6.31194
17.86000 3998 6.32456
17.87000 3997 6.32456
17.88000 3996 6.32456
17.89000 3950 6.28695
17.90000 3944 6.27456
17.91000 4077 6.38877
17.92000 4100 6.40184
17.93000 4045 6.36285
17.94000 4067 6.37577
17.95000 4107 6.415
17.96000 4058 6.37577
17.97000 4045 6.36285
17.98000 4172 6.45497
17.99000 4185 6.46846
18.00000 4151 6.44157
18.01000 4264 6.52328
18.02000 4306 6.56532
18.03000 4295 6.55122
18.04000 4271 6.5372
18.05000 4309 6.56532
18.06000 4315 6.56532
18.07000 4399 6.63723
18.08000 4507 6.71156
18.09000 4606 6.78844
18.10000 4532 6.72673
18.11000 4670 6.83586
18.12000 4611 6.78844
18.13000 4702 6.85189
18.14000 4705 6.85189
18.15000 4838 6.95048
18.16000 4915 7.01862
18.17000 4986 7.05346
18.18000 5157 7.17958
18.19000 5235 7.23575
18.20000 5184 7.19816
18.21000 5218 7.21688
18.22000 5275 7.25476
18.23000 5456 7.39221
18.24000 5541 7.45356
18.25000 5739 7.58098
18.26000 5887 7.66965
18.27000 5933 7.69231
18.28000 6002 7.73823
18.29000 6184 7.85674
18.30000 6258 7.90569
18.31000 6465 8.03219
18.32000 6546 8.08452
18.33000 6735 8.21995
18.34000 7051 8.39181
18.35000 7108 8.42152
18.36000 7216 8.48189
18.37000 7479 8.63868
18.38000 7733 8.80451
18.39000 7925 8.90871
18.40000 8132 9.0167
18.41000 8327 9.12871
18.42000 8542 9.245
18.43000 8784 9.36586
18.44000 8861 9.40721
18.45000 9288 9.6225
18.46000 9423 9.71286
18.47000 9690 9.85329
18.48000 9737 9.85329
18.49000 9924 9.95037
18.50000 10082 10.0504
18.51000 10223 10.1015
18.52000 10488 10.2598
18.53000 10535 10.2598
18.54000 10792 10.3695
18.55000 11076 10.5409
18.56000 11070 10.5409
18.57000 11283 10.6
18.58000 11393 10.66
18.59000 11475 10.7211
18.60000 11686 10.7833
18.61000 11696 10.8465
18.62000 11645 10.7833
18.63000 11678 10.7833
18.64000 11580 10.7833
18.65000 11466 10.7211
18.66000 11270 10.6
18.67000 10995 10.4828
18.68000 10757 10.3695
18.69000 10162 10.1015
18.70000 9821 9.90148
18.71000 9512 9.759
18.72000 9286 9.6225
18.73000 8962 9.44911
18.74000 8794 9.36586
18.75000 8351 9.12871
18.76000 8211 9.05357
18.77000 7986 8.94427
18.78000 7902 8.87357
18.79000 7966 8.90871
18.80000 7971 8.94427
18.81000 7786 8.83883
18.82000 7738 8.80451
18.83000 7846 8.87357
18.84000 7947 8.90871
18.85000 8059 8.98027
18.86000 8098 9.0167
18.87000 8073 8.98027
18.88000 8219 9.05357
18.89000 8215 9.05357
18.90000 8298 9.09091
18.91000 8509 9.20575
18.92000 8481 9.20575
18.93000 8605 9.28477
18.94000 8832 9.40721
18.95000 8806 9.36586
18.96000 8812 9.40721
18.97000 9085 9.53463
18.98000 9429 9.71286
18.99000 9517 9.759
19.00000 9741 9.85329
19.01000 9846 9.90148
19.02000 10088 10.0504
19.03000 10228 10.1015
19.04000 10281 10.1535
19.05000 10381 10.2062
19.06000 10191 10.1015
19.07000 9972 10
19.08000 9719 9.85329
19.09000 9164 9.57826
19.10000 8862 9.40721
19.11000 8598 9.28477
19.12000 8325 9.12871
19.13000 8108 9.0167
19.14000 7756 8.80451
19.15000 7476 8.63868
19.16000 7204 8.48189
19.17000 7068 8.42152
19.18000 6978 8.36242
19.19000 6873 8.30455
19.20000 6811 8.24786
19.21000 6886 8.30455
19.22000 7023 8.39181
19.23000 6983 8.36242
19.24000 7031 8.39181
19.25000 7104 8.42152
19.26000 7272 8.51257
19.27000 7315 8.54358
19.28000 7484 8.63868
19.29000 7729 8.80451
19.30000 7905 8.87357
19.31000 8123 9.0167
19.32000 8377 9.16698
19.33000 8633 9.28477
19.34000 9026 9.49158
19.35000 9257 9.6225
19.36000 9529 9.759
19.37000 9882 9.95037
19.38000 10138 10.0504
19.39000 10569 10.2598
19.40000 10874 10.4257
19.41000 11130 10.5409
19.42000 11432 10.7211
19.43000 11581 10.7833
19.44000 11734 10.8465
19.45000 12000 10.9764
19.46000 11997 10.9764
19.47000 12068 10.9764
19.48000 12079 10.9764
19.49000 11797 10.8465
19.50000 11582 10.7833
19.51000 11152 10.5409
19.52000 10779 10.3695
19.53000 10545 10.2598
19.54000 9947 9.95037
19.55000 9421 9.71286
19.56000 8957 9.44911
19.57000 8618 9.28477
19.58000 8138 9.0167
19.59000 7718 8.77058
19.60000 7171 8.48189
19.61000 6874 8.30455
19.62000 6485 8.05823
19.63000 6128 7.8326
19.64000 5712 7.55929
19.65000 5494 7.41249
19.66000 5249 7.23575
19.67000 5068 7.1247
19.68000 5017 7.08881
19.69000 4709 6.86803
19.70000 4549 6.742
19.71000 4527 6.72673
19.72000 4444 6.66667
19.73000 4326 6.57952
19.74000 4261 6.52328
19.75000 4162 6.45497
19.76000 4052 6.36285
19.77000 4048 6.36285
19.78000 3945 6.28695
19.79000 3951 6.28695
19.80000 3926 6.26224
19.81000 3902 6.25
19.82000 3955 6.28695
19.83000 3877 6.22573
19.84000 3795 6.15457
19.85000 3775 6.14295
19.86000 3737 6.10847
19.87000 3803 6.16626
19.88000 3768 6.14295
19.89000 3741 6.1199
19.90000 3649 6.04122
19.91000 3738 6.10847
19.92000 3683 6.06339
19.93000 3683 6.06339
19.94000 3687 6.07457
19.95000 3627 6.01929
19.96000 3567 5.97614
19.97000 3689 6.07457
19.98000 3740 6.1199
19.99000 3658 6.05228
20.00000 3619 6.01929
20.01000 3773 6.14295
20.02000 3714 6.09711
20.03000 3754 6.13139
20.04000 3773 6.14295
20.05000 3741 6.1199
20.06000 3723 6.09711
20.07000 3738 6.10847
20.08000 3726 6.10847
20.09000 3805 6.16626
20.10000 3807 6.16626
20.11000 3773 6.14295
20.12000 3821 6.17802
20.13000 3918 6.26224
20.14000 3913 6.25
20.15000 3864 6.2137
20.16000 3900 6.25
20.17000 3985 6.31194
20.18000 4005 6.32456
20.19000 3996 6.32456
20.20000 3959 6.28695
20.21000 4021 6.33724
20.22000 4074 6.38877
20.23000 4142 6.44157
20.24000 4185 6.46846
20.25000 4310 6.56532
20.26000 4275 6.5372
20.27000 4377 6.62266
20.28000 4388 6.62266
20.29000 4402 6.63723
20.30000 4463 6.68153
20.31000 4491 6.6965
20.32000 4622 6.80414
20.33000 4659 6.81994
20.34000 4761 6.90066
20.35000 4832 6.95048
20.36000 4836 6.95048
20.37000 4944 7.03598
20.38000 4994 7.07107
20.39000 4947 7.03598
20.40000 5093 7.14286
20.41000 5097 7.14286
20.42000 5177 7.19816
20.43000 5345 7.31272
20.44000 5394 7.35215
20.45000 5385 7.33236
20.46000 5510 7.43294
20.47000 5654 7.51646
20.48000 5711 7.55929
20.49000 5888 7.66965
20.50000 6063 7.78499
20.51000 6059 7.78499
20.52000 6179 7.85674
20.53000 6420 8.00641
20.54000 6723 8.19232
20.55000 6717 8.19232
20.56000 6846 8.27606
20.57000 7133 8.45154
20.58000 7292 8.54358
20.59000 7633 8.73704
20.60000 7773 8.80451
20.61000 8024 8.94427
20.62000 8233 9.09091
20.63000 8558 9.245
20.64000 8850 9.40721
20.65000 9039 9.49158
20.66000 9072 9.53463
20.67000 9580 9.80581
20.68000 9715 9.85329
20.69000 9864 9.95037
20.70000 9936 9.95037
20.71000 10303 10.1535
20.72000 10435 10.2062
20.73000 10762 10.3695
20.74000 10898 10.4257
20.75000 11153 10.5409
20.76000 11386 10.66
20.77000 11753 10.8465
20.78000 12104 10.9764
20.79000 12443 11.1803
20.80000 12744 11.3228
20.81000 13087 11.4708
20.82000 13705 11.7041
20.83000 14228 11.9523
20.84000 14847 12.2169
20.85000 15543 12.5
20.86000 16209 12.7
20.87000 16888 13.0189
20.88000 17499 13.2453
20.89000 18148 13.484
20.90000 18928 13.7361
20.91000 19751 14.0028
20.92000 20650 14.4338
20.93000 21342 14.5865
20.94000 22090 14.9071
20.95000 22463 14.9071
20.96000 22958 15.0756
20.97000 23362 15.2499
20.98000 23335 15.2499
20.99000 23387 15.2499
21.00000 23144 15.2499
21.01000 22627 15.0756
21.02000 22091 14.9071
21.03000 21519 14.7442
21.04000 20643 14.4338
21.05000 20033 14.1421
21.06000 19371 13.8675
21.07000 18472 13.6083
21.08000 17700 13.3631
21.09000 17092 13.0189
21.10000 16742 12.9099
21.11000 16394 12.8037
21.12000 15849 12.5988
21.13000 15530 12.5
21.14000 15485 12.4035
21.15000 15196 12.3091
21.16000 15128 12.3091
21.17000 15172 12.3091
21.18000 15408 12.4035
21.19000 15621 12.5
21.20000 15839 12.5988
21.21000 16305 12.8037
21.22000 16499 12.8037
21.23000 16815 13.0189
21.24000 17208 13.1306
21.25000 17364 13.1306
21.26000 17743 13.3631
21.27000 18252 13.484
21.28000 18558 13.6083
21.29000 19013 13.7361
21.30000 19753 14.0028
21.31000 20267 14.2857
21.32000 20741 14.4338
21.33000 21426 14.5865
21.34000 22094 14.9071
21.35000 22816 15.0756
21.36000 23260 15.2499
21.37000 24032 15.4303
21.38000 24229 15.6174
21.39000 24365 15.6174
21.40000 24823 15.8114
21.41000 24481 15.6174
21.42000 24208 15.6174
21.43000 23521 15.2499
21.44000 22660 15.0756
21.45000 21810 14.7442
21.46000 20763 14.4338
21.47000 19654 14.0028
21.48000 18339 13.484
21.49000 17305 13.1306
21.50000 16157 12.7
21.51000 15241 12.3091
21.52000 14119 11.8678
21.53000 13328 11.547
21.54000 12853 11.3228
21.55000 12387 11.1111
21.56000 11694 10.7833
21.57000 11262 10.6
21.58000 10974 10.4828
21.59000 10847 10.4257
21.60000 10635 10.3142
21.61000 10467 10.2062
21.62000 10234 10.1015
21.63000 10164 10.1015
21.64000 10011 10
21.65000 9947 9.95037
21.66000 9833 9.90148
21.67000 9620 9.80581
21.68000 9503 9.759
21.69000 9354 9.66736
21.70000 9301 9.6225
21.71000 9051 9.53463
21.72000 8894 9.44911
21.73000 8755 9.36586
21.74000 8735 9.36586
21.75000 8635 9.28477
21.76000 8496 9.20575
21.77000 8544 9.245
21.78000 8458 9.20575
21.79000 8396 9.16698
21.80000 8569 9.245
21.81000 8585 9.28477
21.82000 8587 9.28477
21.83000 8684 9.32505
21.84000 8715 9.32505
21.85000 8811 9.40721
21.86000 8963 9.44911
21.87000 9128 9.53463
21.88000 9222 9.6225
21.89000 9500 9.759
21.90000 9640 9.80581
21.91000 9748 9.85329
21.92000 9889 9.95037
21.93000 9902 9.95037
21.94000 9946 9.95037
21.95000 9881 9.95037
21.96000 9783 9.90148
21.97000 9635 9.80581
21.98000 9417 9.71286
21.99000 9124 9.53463
22.00000 8779 9.36586
22.01000 8474 9.20575
22.02000 8055 8.98027
22.03000 7714 8.77058
22.04000 7397 8.60663
22.05000 7162 8.45154
22.06000 6934 8.33333
22.07000 6582 8.11107
22.08000 6315 7.95557
22.09000 6040 7.76151
22.10000 5788 7.60286
22.11000 5766 7.60286
22.12000 5668 7.53778
22.13000 5588 7.47435
22.14000 5523 7.43294
22.15000 5502 7.41249
22.16000 5375 7.33236
22.17000 5384 7.33236
22.18000 5371 7.33236
22.19000 5434 7.3721
22.20000 5404 7.35215
22.21000 5485 7.41249
22.22000 5473 7.39221
22.23000 5448 7.3721
22.24000 5629 7.49532
22.25000 5619 7.49532
22.26000 5624 7.49532
22.27000 5819 7.62493
22.28000 5840 7.64719
22.29000 5924 7.69231
22.30000 6123 7.8326
22.31000 6240 7.90569
22.32000 6431 8.03219
22.33000 6566 8.11107
22.34000 6632 8.13788
22.35000 6876 8.30455
22.36000 7034 8.39181
22.37000 7354 8.57493
22.38000 7630 8.73704
22.39000 7901 8.87357
22.40000 8186 9.05357
22.41000 8306 9.12871
22.42000 8598 9.28477
22.43000 9004 9.49158
22.44000 9376 9.66736
22.45000 9811 9.90148
22.46000 9971 10
22.47000 10295 10.1535
22.48000 10573 10.2598
22.49000 11019 10.4828
22.50000 11318 10.66
22.51000 11706 10.8465
22.52000 11790 10.8465
22.53000 11776 10.8465
22.54000 11915 10.9109
22.55000 11912 10.9109
22.56000 11853 10.9109
22.57000 11729 10.8465
22.58000 11598 10.7833
22.59000 11317 10.66
22.60000 11040 10.4828
22.61000 10709 10.3695
22.62000 10290 10.1535
22.63000 10076 10.0504
22.64000 9839 9.90148
22.65000 9583 9.80581
22.66000 9330 9.66736
22.67000 9112 9.53463
22.68000 8974 9.49158
22.69000 8785 9.36586
22.70000 8607 9.28477
22.71000 8418 9.16698
22.72000 8368 9.12871
22.73000 8106 9.0167
22.74000 7854 8.87357
22.75000 7652 8.73704
22.76000 7374 8.57493
22.77000 7267 8.51257
22.78000 6920 8.30455
22.79000 6701 8.19232
22.80000 6418 8.00641
22.81000 6266 7.90569
22.82000 5976 7.73823
22.83000 5729 7.55929
22.84000 5462 7.39221
22.85000 5328 7.29325
22.86000 5124 7.16115
22.87000 4950 7.03598
22.88000 4836 6.95048
22.89000 4608 6.78844
22.90000 4437 6.66667
22.91000 4352 6.5938
22.92000 4313 6.56532
22.93000 4310 6.56532
22.94000 4199 6.48204
22.95000 4101 6.40184
22.96000 4051 6.36285
22.97000 4098 6.40184
22.98000 4134 6.42824
22.99000 4002 6.32456
23.00000 3922 6.26224
23.01000 3915 6.26224
23.02000 3864 6.2137
23.03000 3951 6.28695
23.04000 3954 6.28695
23.05000 3903 6.25
23.06000 3853 6.20174
23.07000 3878 6.22573
23.08000 3931 6.27456
23.09000 3932 6.27456
23.10000 3873 6.22573
23.11000 3877 6.22573
23.12000 3913 6.25
23.13000 4039 6.35001
23.14000 4107 6.415
23.15000 4087 6.38877
23.16000 4092 6.40184
23.17000 4140 6.42824
23.18000 4174 6.45497
23.19000 4215 6.4957
23.20000 4277 6.5372
23.21000 4444 6.66667
23.22000 4427 6.6519
23.23000 4389 6.62266
23.24000 4428 6.6519
23.25000 4407 6.63723
23.26000 4441 6.66667
23.27000 4583 6.77285
23.28000 4643 6.81994
23.29000 4776 6.91714
23.30000 4803 6.93375
23.31000 4934 7.01862
23.32000 5047 7.10669
23.33000 5075 7.1247
23.34000 5167 7.17958
23.35000 5240 7.23575
23.36000 5199 7.21688
23.37000 5387 7.33236
23.38000 5554 7.45356
23.39000 5709 7.55929
23.40000 5736 7.58098
23.41000 5830 7.62493
23.42000 6017 7.76151
23.43000 6211 7.8811
23.44000 6361 7.98087
23.45000 6500 8.05823
23.46000 6467 8.03219
23.47000 6556 8.08452
23.48000 6618 8.13788
23.49000 6611 8.13788
23.50000 6646 8.16497
23.51000 6805 8.24786
23.52000 6815 8.24786
23.53000 6764 8.21995
23.54000 6724 8.19232
23.55000 6762 8.21995
23.56000 6850 8.27606
23.57000 6987 8.36242
23.58000 6918 8.30455
23.59000 6960 8.33333
23.60000 7058 8.39181
23.61000 7135 8.45154
23.62000 7091 8.42152
23.63000 7066 8.39181
23.64000 7146 8.45154
23.65000 7112 8.42152
23.66000 6982 8.36242
23.67000 7038 8.39181
23.68000 7022 8.39181
23.69000 6932 8.33333
23.70000 7035 8.39181
23.71000 6999 8.36242
23.72000 7007 8.36242
23.73000 7069 8.42152
23.74000 7307 8.54358
23.75000 7360 8.57493
23.76000 7533 8.6711
23.77000 7684 8.77058
23.78000 7732 8.80451
23.79000 8095 8.98027
23.80000 8219 9.05357
23.81000 8433 9.16698
23.82000 8612 9.28477
23.83000 8699 9.32505
23.84000 8954 9.44911
23.85000 9096 9.53463
23.86000 9135 9.57826
23.87000 9327 9.66736
23.88000 9284 9.6225
23.89000 9319 9.66736
23.90000 9221 9.6225
23.91000 9094 9.53463
23.92000 8908 9.44911
23.93000 8667 9.32505
23.94000 8412 9.16698
23.95000 8180 9.05357
23.96000 7825 8.83883
23.97000 7510 8.6711
23.98000 7155 8.45154
23.99000 6810 8.24786
24.00000 6508 8.05823
24.01000 6170 7.85674
24.02000 5920 7.69231
24.03000 5659 7.51646
24.04000 5519 7.43294
24.05000 5183 7.19816
24.06000 4952 7.03598
24.07000 4878 6.9843
24.08000 4770 6.90066
24.09000 4545 6.742
24.10000 4447 6.66667
24.11000 4448 6.66667
24.12000 4334 6.57952
24.13000 4203 6.48204
24.14000 4204 6.48204
24.15000 4114 6.415
24.16000 4143 6.44157
24.17000 3978 6.31194
24.18000 3878 6.22573
24.19000 3836 6.18984
24.20000 3846 6.20174
24.21000 3876 6.22573
24.22000 3818 6.17802
24.23000 3824 6.17802
24.24000 3740 6.1199
24.25000 3837 6.18984
24.26000 3782 6.15457
24.27000 3767 6.14295
24.28000 3827 6.18984
24.29000 3804 6.16626
24.30000 3778 6.14295
24.31000 3849 6.20174
24.32000 3882 6.22573
24.33000 3884 6.23783
24.34000 3883 6.22573
24.35000 3869 6.22573
24.36000 3901 6.25
24.37000 3991 6.31194
24.38000 3921 6.26224
24.39000 3967 6.29941
24.40000 4005 6.32456
24.41000 4099 6.40184
24.42000 4123 6.415
24.43000 4217 6.4957
24.44000 4227 6.4957
24.45000 4237 6.50945
24.46000 4310 6.56532
24.47000 4556 6.75737
24.48000 4507 6.71156
24.49000 4543 6.742
24.50000 4649 6.81994
24.51000 4733 6.88428
24.52000 4911 7.0014
24.53000 5001 7.07107
24.54000 5044 7.10669
24.55000 5195 7.21688
24.56000 5304 7.27393
24.57000 5362 7.33236
24.58000 5520 7.43294
24.59000 5715 7.55929
24.60000 5853 7.64719
24.61000 5980 7.73823
24.62000 6114 7.80869
24.63000 6336 7.95557
24.64000 6573 8.11107
24.65000 6747 8.21995
24.66000 6948 8.33333
24.67000 7107 8.42152
24.68000 7119 8.45154
24.69000 7382 8.60663
24.70000 7581 8.70388
24.71000 7807 8.83883
24.72000 7817 8.83883
24.73000 7908 8.90871
24.74000 7811 8.83883
24.75000 7671 8.77058
24.76000 7482 8.63868
24.77000 7428 8.60663
24.78000 7096 8.42152
24.79000 6766 8.21995
24.80000 6540 8.08452
24.81000 6375 7.98087
24.82000 6136 7.8326
24.83000 5906 7.69231
24.84000 5705 7.55929
24.85000 5548 7.45356
24.86000 5395 7.35215
24.87000 5193 7.19816
24.88000 5004 7.07107
24.89000 5021 7.08881
24.90000 4921 7.01862
24.91000 4850 6.96733
24.92000 4833 6.95048
24.93000 4819 6.93375
24.94000 4764 6.90066
24.95000 4767 6.90066
24.96000 4732 6.88428
24.97000 4821 6.95048
24.98000 4818 6.93375
24.99000 4882 6.9843
25.00000 4892 7.0014
25.01000 4892 7.0014
25.02000 5009 7.07107
25.03000 5108 7.14286
25.04000 5199 7.21688
25.05000 5294 7.27393
25.06000 5379 7.33236
25.07000 5551 7.45356
25.08000 5481 7.41249
25.09000 5664 7.51646
25.10000 5838 7.64719
25.11000 5970 7.71517
25.12000 6132 7.8326
25.13000 6375 7.98087
25.14000 6587 8.11107
25.15000 6773 8.21995
25.16000 6946 8.33333
25.17000 7226 8.51257
25.18000 7410 8.60663
25.19000 7728 8.80451
25.20000 7897 8.87357
25.21000 8188 9.05357
25.22000 8480 9.20575
25.23000 8762 9.36586
25.24000 9181 9.57826
25.25000 9579 9.80581
25.26000 9842 9.90148
25.27000 10174 10.1015
25.28000 10438 10.2062
25.29000 10618 10.3142
25.30000 11055 10.5409
25.31000 11281 10.6
25.32000 11313 10.66
25.33000 11424 10.66
25.34000 11333 10.66
25.35000 11363 10.66
25.36000 11212 10.6
25.37000 11241 10.6
25.38000 11010 10.4828
25.39000 10472 10.2598
25.40000 10154 10.1015
25.41000 9843 9.90148
25.42000 9515 9.759
25.43000 9197 9.57826
25.44000 8737 9.36586
25.45000 8391 9.16698
25.46000 8011 8.94427
25.47000 7834 8.83883
25.48000 7590 8.70388
25.49000 7352 8.57493
25.50000 7048 8.39181
25.51000 6673 8.16497
25.52000 6471 8.03219
25.53000 6264 7.90569
25.54000 6150 7.8326
25.55000 6042 7.76151
25.56000 5944 7.71517
25.57000 5842 7.64719
25.58000 5785 7.60286
25.59000 5731 7.58098
25.60000 5790 7.60286
25.61000 5884 7.66965
25.62000 5932 7.69231
25.63000 5926 7.69231
25.64000 5982 7.73823
25.65000 6037 7.76151
25.66000 6100 7.80869
25.67000 6403 8.00641
25.68000 6463 8.03219
25.69000 6685 8.16497
25.70000 6744 8.21995
25.71000 6924 8.33333
25.72000 7152 8.45154
25.73000 7374 8.57493
25.74000 7640 8.73704
25.75000 8015 8.94427
25.76000 8144 9.0167
25.77000 8389 9.16698
25.78000 8802 9.36586
25.79000 9042 9.49158
25.80000 9204 9.57826
25.81000 9489 9.759
25.82000 9631 9.80581
25.83000 9879 9.95037
25.84000 10208 10.1015
25.85000 10411 10.2062
25.86000 10749 10.3695
25.87000 11206 10.6
25.88000 11441 10.7211
25.89000 11535 10.7211
25.90000 11763 10.8465
25.91000 12135 11.0432
25.92000 12215 11.0432
25.93000 12547 11.1803
25.94000 12780 11.3228
25.95000 12954 11.3961
25.96000 12824 11.3228
25.97000 13045 11.3961
25.98000 13080 11.4708
25.99000 12946 11.3961
26.00000 12836 11.3228
26.01000 12694 11.2509
26.02000 12601 11.2509
26.03000 12426 11.1803
26.04000 12270 11.1111
26.05000 12075 10.9764
26.06000 11982 10.9764
26.07000 11990 10.9764
26.08000 11746 10.8465
26.09000 11581 10.7833
26.10000 11494 10.7211
26.11000 11346 10.66
26.12000 11193 10.6
26.13000 11126 10.5409
26.14000 11121 10.5409
26.15000 11120 10.5409
26.16000 10841 10.4257
26.17000 10520 10.2598
26.18000 10317 10.1535
26.19000 10172 10.1015
26.20000 9929 9.95037
26.21000 9565 9.759
26.22000 9271 9.6225
26.23000 8791 9.36586
26.24000 8501 9.20575
26.25000 8016 8.94427
26.26000 7557 8.70388
26.27000 7215 8.48189
26.28000 6749 8.21995
26.29000 6433 8.03219
26.30000 6129 7.8326
26.31000 5999 7.73823
26.32000 5743 7.58098
26.33000 5284 7.27393
26.34000 5259 7.25476
26.35000 5116 7.16115
26.36000 4913 7.0014
26.37000 4791 6.91714
26.38000 4744 6.88428
26.39000 4647 6.81994
26.40000 4539 6.742
26.41000 4554 6.742
26.42000 4486 6.6965
26.43000 4465 6.68153
26.44000 4567 6.75737
26.45000 4506 6.71156
26.46000 4438 6.66667
26.47000 4449 6.66667
26.48000 4489 6.6965
26.49000 4482 6.6965
26.50000 4379 6.62266
26.51000 4426 6.6519
26.52000 4503 6.71156
26.53000 4579 6.77285
26.54000 4606 6.78844
26.55000 4550 6.742
26.56000 4561 6.75737
26.57000 4559 6.75737
26.58000 4546 6.742
26.59000 4511 6.71156
26.60000 4460 6.68153
26.61000 4588 6.77285
26.62000 4478 6.6965
26.63000 4458 6.68153
26.64000 4538 6.742
26.65000 4528 6.72673
26.66000 4516 6.72673
26.67000 4553 6.742
26.68000 4598 6.78844
26.69000 4614 6.78844
26.70000 4688 6.85189
26.71000 4706 6.86803
26.72000 4731 6.88428
26.73000 4854 6.96733
26.74000 4957 7.03598
26.75000 5057 7.10669
26.76000 5055 7.10669
26.77000 5227 7.23575
26.78000 5371 7.33236
26.79000 5461 7.39221
26.80000 5520 7.43294
26.81000 5649 7.51646
26.82000 5827 7.62493
26.83000 5884 7.66965
26.84000 5968 7.71517
26.85000 5998 7.73823
26.86000 6139 7.8326
26.87000 6111 7.80869
26.88000 6295 7.93052
26.89000 6433 8.03219
26.90000 6539 8.08452
26.91000 6597 8.11107
26.92000 6487 8.05823
26.93000 6539 8.08452
26.94000 6637 8.13788
26.95000 6746 8.21995
26.96000 6803 8.24786
26.97000 6821 8.24786
26.98000 6837 8.27606
26.99000 6787 8.24786
27.00000 6974 8.36242
27.01000 6997 8.36242
27.02000 7074 8.42152
27.03000 7122 8.45154
27.04000 7232 8.51257
27.05000 7259 8.51257
27.06000 7358 8.57493
27.07000 7473 8.63868
27.08000 7821 8.83883
27.09000 8050 8.98027
27.10000 8179 9.05357
27.11000 8291 9.09091
27.12000 8508 9.20575
27.13000 8658 9.28477
27.14000 8911 9.44911
27.15000 9253 9.6225
27.16000 9338 9.66736
27.17000 9551 9.759
27.18000 9626 9.80581
27.19000 9841 9.90148
27.20000 10128 10.0504
27.21000 10178 10.1015
27.22000 10304 10.1535
27.23000 10414 10.2062
27.24000 10648 10.3142
27.25000 10768 10.3695
27.26000 10786 10.3695
27.27000 10663 10.3142
27.28000 10796 10.3695
27.29000 10801 10.3695
27.30000 10606 10.3142
27.31000 10682 10.3142
27.32000 10598 10.3142
27.33000 10614 10.3142
27.34000 10528 10.2598
27.35000 10396 10.2062
27.36000 10212 10.1015
27.37000 9903 9.95037
27.38000 9698 9.85329
27.39000 9405 9.71286
27.40000 9095 9.53463
27.41000 8725 9.32505
27.42000 8426 9.16698
27.43000 7996 8.94427
27.44000 7621 8.73704
27.45000 7266 8.51257
27.46000 6882 8.30455
27.47000 6675 8.16497
27.48000 6455 8.03219
27.49000 6220 7.8811
27.50000 5975 7.73823
27.51000 5900 7.69231
27.52000 5725 7.55929
27.53000 5527 7.43294
27.54000 5585 7.47435
27.55000 5549 7.45356
27.56000 5474 7.39221
27.57000 5403 7.35215
27.58000 5326 7.29325
27.59000 5451 7.39221
27.60000 5440 7.3721
27.61000 5332 7.29325
27.62000 5109 7.14286
27.63000 5015 7.08881
27.64000 5014 7.08881
27.65000 4924 7.01862
27.66000 4911 7.0014
27.67000 4714 6.86803
27.68000 4561 6.75737
27.69000 4491 6.6965
27.70000 4348 6.5938
27.71000 4155 6.44157
27.72000 4066 6.37577
27.73000 4064 6.37577
27.74000 3948 6.28695
27.75000 3809 6.16626
27.76000 3704 6.08581
27.77000 3697 6.08581
27.78000 3612 6.00842
27.79000 3583 5.98684
27.80000 3591 5.9976
27.81000 3556 5.9655
27.82000 3498 5.91312
27.83000 3465 5.88235
27.84000 3403 5.83212
27.85000 3395 5.82223
27.86000 3310 5.75435
27.87000 3272 5.71662
27.88000 3350 5.78315
27.89000 3236 5.6888
27.90000 3260 5.7073
27.91000 3290 5.73539
27.92000 3268 5.71662
27.93000 3214 5.67048
27.94000 3289 5.73539
27.95000 3343 5.78315
27.96000 3275 5.72598
27.97000 3338 5.7735
27.98000 3406 5.83212
27.99000 3351 5.79284
28.00000 3318 5.7639
28.01000 3364 5.80259
28.02000 3375 5.81238
28.03000 3427 5.85206
28.04000 3527 5.93391
28.05000 3521 5.93391
28.06000 3573 5.97614
28.07000 3655 6.04122
28.08000 3663 6.05228
28.09000 3861 6.2137
28.10000 3815 6.17802
28.11000 3844 6.20174
28.12000 3969 6.29941
28.13000 3985 6.31194
28.14000 3993 6.32456
28.15000 4115 6.415
28.16000 4047 6.36285
28.17000 4121 6.415
28.18000 4144 6.44157
28.19000 4220 6.4957
28.20000 4327 6.57952
28.21000 4442 6.66667
28.22000 4379 6.62266
28.23000 4337 6.57952
28.24000 4341 6.5938
28.25000 4369 6.60819
28.26000 4485 6.6965
28.27000 4628 6.80414
28.28000 4581 6.77285
28.29000 4542 6.742
28.30000 4729 6.88428
28.31000 4836 6.95048
28.32000 4819 6.93375
28.33000 4993 7.07107
28.34000 5058 7.10669
28.35000 5203 7.21688
28.36000 5329 7.29325
28.37000 5469 7.39221
28.38000 5645 7.51646
28.39000 5726 7.55929
28.40000 5798 7.62493
28.41000 6089 7.80869
28.42000 6362 7.98087
28.43000 6601 8.13788
28.44000 6752 8.21995
28.45000 7016 8.36242
28.46000 7205 8.48189
28.47000 7378 8.57493
28.48000 7549 8.70388
28.49000 7810 8.83883
28.50000 8189 9.05357
28.51000 8449 9.20575
28.52000 8598 9.28477
28.53000 8716 9.32505
28.54000 9004 9.49158
28.55000 8879 9.40721
28.56000 8863 9.40721
28.57000 9105 9.53463
28.58000 9064 9.53463
28.59000 9032 9.49158
28.60000 8866 9.40721
28.61000 8702 9.32505
28.62000 8549 9.245
28.63000 8303 9.12871
28.64000 7856 8.87357
28.65000 7483 8.63868
28.66000 7187 8.48189
28.67000 6923 8.33333
28.68000 6633 8.13788
28.69000 6378 7.98087
28.70000 6160 7.85674
28.71000 5952 7.71517
28.72000 5663 7.51646
28.73000 5470 7.39221
28.74000 5157 7.17958
28.75000 5136 7.16115
28.76000 4948 7.03598
28.77000 4954 7.03598
28.78000 4799 6.93375
28.79000 4707 6.86803
28.80000 4558 6.75737
28.81000 4417 6.6519
28.82000 4383 6.62266
28.83000 4337 6.57952
28.84000 4200 6.48204
28.85000 4088 6.38877
28.86000 3953 6.28695
28.87000 3887 6.23783
28.88000 3874 6.22573
28.89000 3761 6.13139
28.90000 3705 6.08581
28.91000 3638 6.03023
28.92000 3515 5.93391
28.93000 3434 5.8621
28.94000 3386 5.82223
28.95000 3294 5.73539
28.96000 3243 5.69803
28.97000 3269 5.71662
28.98000 3146 5.60772
28.99000 3143 5.60772
29.00000 3074 5.547
29.01000 3056 5.53001
29.02000 3094 5.56415
29.03000 3157 5.61656
29.04000 3066 5.53849
29.05000 3019 5.4965
29.06000 2954 5.43125
29.07000 3035 5.51318
29.08000 2972 5.45545
29.09000 2984 5.46358
29.10000 2996 5.47176
29.11000 2979 5.45545
29.12000 2984 5.46358
29.13000 3008 5.48821
29.14000 2990 5.47176
29.15000 2979 5.45545
29.16000 2985 5.46358
29.17000 3000 5.47997
29.18000 2970 5.44735
29.19000 2931 5.4153
29.20000 2904 5.39164
29.21000 2980 5.45545
29.22000 2946 5.43125
29.23000 2903 5.39164
29.24000 2905 5.39164
29.25000 2859 5.34522
29.26000 2812 5.29999
29.27000 2842 5.33002
29.28000 2880 5.36828
29.29000 2831 5.32246
29.30000 2781 5.27046
29.31000 2858 5.34522
29.32000 2904 5.39164
29.33000 2814 5.30745
29.34000 2842 5.33002
29.35000 2835 5.32246
29.36000 2792 5.28516
29.37000 2866 5.35288
29.38000 2869 5.35288
29.39000 2865 5.35288
29.40000 2828 5.31494
29.41000 2807 5.29999
29.42000 2815 5.30745
29.43000 2895 5.38382
29.44000 2981 5.46358
29.45000 2927 5.40738
29.46000 2959 5.43928
29.47000 3034 5.50482
29.48000 3028 5.50482
29.49000 2991 5.47176
29.50000 2991 5.47176
29.51000 3096 5.56415
29.52000 3176 5.63436
29.53000 3247 5.69803
29.54000 3166 5.62544
29.55000 3139 5.59893
29.56000 3235 5.6888
29.57000 3345 5.78315
29.58000 3395 5.82223
29.59000 3364 5.80259
29.60000 3359 5.79284
29.61000 3450 5.8722
29.62000 3427 5.85206
29.63000 3488 5.90281
29.64000 3540 5.95491
29.65000 3594 5.9976
29.66000 3537 5.94438
29.67000 3666 6.05228
29.68000 3660 6.05228
29.69000 3536 5.94438
29.70000 3546 5.95491
29.71000 3539 5.94438
29.72000 3508 5.92349
29.73000 3561 5.9655
29.74000 3379 5.81238
29.75000 3355 5.79284
29.76000 3259 5.7073
29.77000 3194 5.65233
29.78000 3165 5.62544
29.79000 3123 5.59017
29.80000 3126 5.59017
29.81000 3139 5.59893
29.82000 3038 5.51318
29.83000 3032 5.50482
29.84000 2993 5.47176
29.85000 2995 5.47176
29.86000 2919 5.39949
29.87000 2960 5.43928
29.88000 2962 5.43928
29.89000 2930 5.4153
29.90000 2965 5.44735
29.91000 2968 5.44735
29.92000 3003 5.47997
29.93000 3039 5.51318
29.94000 2985 5.46358
29.95000 2951 5.43125
29.96000 2983 5.46358
29.97000 3102 5.57278
29.98000 3124 5.59017
29.99000 3112 5.58146
30.00000 3135 5.59893
30.01000 3190 5.65233
30.02000 3191 5.65233
30.03000 3282 5.72598
30.04000 3394 5.82223
30.05000 3371 5.80259
30.06000 3380 5.81238
30.07000 3515 5.93391
30.08000 3584 5.98684
30.09000 3735 6.10847
30.10000 3770 6.14295
30.11000 3877 6.22573
30.12000 3914 6.26224
30.13000 3988 6.31194
30.14000 4084 6.38877
30.15000 4179 6.46846
30.16000 4155 6.44157
30.17000 4137 6.42824
30.18000 4197 6.48204
30.19000 4180 6.46846
30.20000 4229 6.50945
30.21000 4382 6.62266
30.22000 4355 6.5938
30.23000 4236 6.50945
30.24000 4336 6.57952
30.25000 4325 6.57952
30.26000 4298 6.55122
30.27000 4451 6.66667
30.28000 4501 6.71156
30.29000 4499 6.71156
30.30000 4573 6.75737
30.31000 4459 6.68153
30.32000 4487 6.6965
30.33000 4533 6.72673
30.34000 4549 6.742
30.35000 4558 6.75737
30.36000 4464 6.68153
30.37000 4584 6.77285
30.38000 4549 6.742
30.39000 4550 6.742
30.40000 4461 6.68153
30.41000 4512 6.71156
30.42000 4550 6.742
30.43000 4541 6.742
30.44000 4465 6.68153
30.45000 4447 6.66667
30.46000 4426 6.6519
30.47000 4527 6.72673
30.48000 4656 6.81994
30.49000 4649 6.81994
30.50000 4757 6.90066
30.51000 4645 6.81994
30.52000 4613 6.78844
30.53000 4726 6.86803
30.54000 4740 6.88428
30.55000 4790 6.91714
30.56000 4919 7.01862
30.57000 5004 7.07107
30.58000 5049 7.10669
30.59000 4999 7.07107
30.60000 5042 7.10669
30.61000 5101 7.14286
30.62000 5073 7.1247
30.63000 5021 7.08881
30.64000 5191 7.19816
30.65000 5172 7.19816
30.66000 5176 7.19816
30.67000 5091 7.14286
30.68000 5126 7.16115
30.69000 5116 7.16115
30.70000 5287 7.27393
30.71000 5265 7.25476
30.72000 5264 7.25476
30.73000 5369 7.33236
30.74000 5499 7.41249
30.75000 5495 7.41249
30.76000 5661 7.51646
30.77000 5739 7.58098
30.78000 5760 7.58098
30.79000 5756 7.58098
30.80000 5825 7.62493
30.81000 5933 7.69231
30.82000 6016 7.76151
30.83000 5922 7.69231
30.84000 6009 7.76151
30.85000 5953 7.71517
30.86000 5941 7.71517
30.87000 5915 7.69231
30.88000 5880 7.66965
30.89000 5755 7.58098
30.90000 5653 7.51646
30.91000 5573 7.47435
30.92000 5358 7.31272
30.93000 5255 7.25476
30.94000 5061 7.10669
30.95000 4993 7.07107
30.96000 4740 6.88428
30.97000 4623 6.80414
30.98000 4538 6.742
30.99000 4411 6.63723
31.00000 4326 6.57952
31.01000 4309 6.56532
31.02000 4261 6.52328
31.03000 4166 6.45497
31.04000 4126 6.42824
31.05000 4091 6.40184
31.06000 3946 6.28695
31.07000 4000 6.32456
31.08000 4018 6.33724
31.09000 4024 6.33724
31.10000 4006 6.32456
31.11000 3967 6.29941
31.12000 3883 6.22573
31.13000 3858 6.2137
31.14000 3812 6.17802
31.15000 3768 6.14295
31.16000 3606 6.00842
31.17000 3607 6.00842
31.18000 3564 5.9655
31.19000 3573 5.97614
31.20000 3484 5.90281
31.21000 3434 5.8621
31.22000 3467 5.89256
31.23000 3478 5.89256
31.24000 3386 5.82223
31.25000 3299 5.74485
31.26000 3344 5.78315
31.27000 3405 5.83212
31.28000 3369 5.80259
31.29000 3350 5.78315
31.30000 3381 5.81238
31.31000 3388 5.82223
31.32000 3375 5.81238
31.33000 3369 5.80259
31.34000 3352 5.79284
31.35000 3276 5.72598
31.36000 3223 5.67962
31.37000 3307 5.75435
31.38000 3281 5.72598
31.39000 3208 5.66139
31.40000 3164 5.62544
31.41000 3145 5.60772
31.42000 3083 5.55556
31.43000 3180 5.64333
31.44000 3087 5.55556
31.45000 3088 5.55556
31.46000 3055 5.53001
31.47000 3064 5.53849
31.48000 3021 5.4965
31.49000 3032 5.50482
31.50000 2983 5.46358
31.51000 3013 5.48821
31.52000 2962 5.43928
31.53000 2952 5.43125
31.54000 2972 5.45545
31.55000 2937 5.42326
31.56000 2887 5.37603
31.57000 2857 5.34522
31.58000 2872 5.36056
31.59000 2838 5.33002
31.60000 2838 5.33002
31.61000 2842 5.33002
31.62000 2873 5.36056
31.63000 2904 5.39164
31.64000 2938 5.42326
31.65000 2929 5.4153
31.66000 2903 5.39164
31.67000 2931 5.4153
31.68000 2964 5.44735
31.69000 2997 5.47176
31.70000 2963 5.44735
31.71000 3026 5.50482
31.72000 3019 5.4965
31.73000 3027 5.50482
31.74000 3072 5.53849
31.75000 3139 5.59893
31.76000 3063 5.53849
31.77000 3226 5.67962
31.78000 3239 5.6888
31.79000 3164 5.62544
31.80000 3148 5.60772
31.81000 3246 5.69803
31.82000 3325 5.7639
31.83000 3372 5.80259
31.84000 3525 5.93391
31.85000 3564 5.9655
31.86000 3733 6.10847
31.87000 3844 6.20174
31.88000 3845 6.20174
31.89000 3980 6.31194
31.90000 4132 6.42824
31.91000 4181 6.46846
31.92000 4281 6.5372
31.93000 4448 6.66667
31.94000 4689 6.85189
31.95000 4881 6.9843
31.96000 4931 7.01862
31.97000 5097 7.14286
31.98000 5249 7.23575
31.99000 5466 7.39221
32.00000 5464 7.39221
32.01000 5674 7.53778
32.02000 5817 7.62493
32.03000 5886 7.66965
32.04000 5960 7.71517
32.05000 6130 7.8326
32.06000 6002 7.73823
32.07000 6068 7.78499
32.08000 6060 7.78499
32.09000 6085 7.80869
32.10000 5943 7.71517
32.11000 5861 7.64719
32.12000 5787 7.60286
32.13000 5582 7.47435
32.14000 5556 7.45356
32.15000 5420 7.35215
32.16000 5236 7.23575
32.17000 5150 7.17958
32.18000 5037 7.08881
32.19000 4815 6.93375
32.20000 4725 6.86803
32.21000 4532 6.72673
32.22000 4345 6.5938
32.23000 4137 6.42824
32.24000 3988 6.31194
32.25000 3847 6.20174
32.26000 3713 6.09711
32.27000 3675 6.06339
32.28000 3605 6.00842
32.29000 3477 5.89256
32.30000 3360 5.79284
32.31000 3232 5.6888
32.32000 3161 5.62544
32.33000 3097 5.56415
32.34000 3042 5.51318
32.35000 3043 5.51318
32.36000 2938 5.42326
32.37000 2879 5.36828
32.38000 2911 5.39164
32.39000 2884 5.36828
32.40000 2787 5.2778
32.41000 2766 5.25588
32.42000 2778 5.27046
32.43000 2765 5.25588
32.44000 2692 5.19174
32.45000 2643 5.14344
32.46000 2650 5.15026
32.47000 2642 5.13665
32.48000 2576 5.07673
32.49000 2574 5.0702
32.50000 2524 5.02519
32.51000 2562 5.0637
32.52000 2570 5.0702
32.53000 2541 5.03793
32.54000 2570 5.0702
32.55000 2580 5.07673
32.56000 2535 5.03793
32.57000 2546 5.04433
32.58000 2569 5.0702
32.59000 2505 5.00626
32.60000 2500 5
32.61000 2536 5.03793
32.62000 2504 5.00626
32.63000 2545 5.04433
32.64000 2546 5.04433
32.65000 2585 5.08329
32.66000 2554 5.05076
32.67000 2515 5.01255
32.68000 2560 5.05722
32.69000 2548 5.05076
32.70000 2522 5.01886
32.71000 2557 5.05722
32.72000 2552 5.05076
32.73000 2514 5.01255
32.74000 2550 5.05076
32.75000 2554 5.05076
32.76000 2586 5.08329
32.77000 2590 5.08987
32.78000 2574 5.0702
32.79000 2507 5.00626
32.80000 2445 4.94468
32.81000 2466 4.96292
32.82000 2462 4.96292
32.83000 2374 4.8737
32.84000 2434 4.93264
32.85000 2472 4.96904
32.86000 2455 4.95682
32.87000 2450 4.95074
32.88000 2373 4.8737
32.89000 2366 4.86217
32.90000 2445 4.94468
32.91000 2465 4.96292
32.92000 2434 4.93264
32.93000 2496 4.99376
32.94000 2467 4.96904
32.95000 2437 4.93865
32.96000 2409 4.90881
32.97000 2454 4.95682
32.98000 2413 4.91473
32.99000 2419 4.92068
33.00000 2466 4.96292
33.01000 2546 5.04433
33.02000 2523 5.02519
33.03000 2459 4.95682
33.04000 2489 4.98755
33.05000 2523 5.02519
33.06000 2422 4.92068
33.07000 2515 5.01255
33.08000 2519 5.01886
33.09000 2513 5.01255
33.10000 2487 4.98755
33.11000 2505 5.00626
33.12000 2607 5.1031
33.13000 2653 5.15026
33.14000 2619 5.11645
33.15000 2552 5.05076
33.16000 2640 5.13665
33.17000 2732 5.22708
33.18000 2747 5.24142
33.19000 2706 5.19875
33.20000 2812 5.29999
33.21000 2882 5.36828
33.22000 2756 5.24864
33.23000 2810 5.29999
33.24000 2799 5.29256
33.25000 2912 5.39949
33.26000 2881 5.36828
33.27000 2959 5.43928
33.28000 3032 5.50482
33.29000 2991 5.47176
33.30000 3010 5.48821
33.31000 3100 5.56415
33.32000 3024 5.4965
33.33000 3095 5.56415
33.34000 3139 5.59893
33.35000 3132 5.59893
33.36000 3111 5.58146
33.37000 3208 5.66139
33.38000 3274 5.72598
33.39000 3273 5.71662
33.40000 3276 5.72598
33.41000 3454 5.8722
33.42000 3332 5.7735
33.43000 3339 5.78315
33.44000 3484 5.90281
33.45000 3478 5.89256
33.46000 3453 5.8722
33.47000 3567 5.97614
33.48000 3533 5.94438
33.49000 3563 5.9655
33.50000 3625 6.01929
33.51000 3720 6.09711
33.52000 3714 6.09711
33.53000 3759 6.13139
33.54000 3821 6.17802
33.55000 3748 6.1199
33.56000 3784 6.15457
33.57000 3941 6.27456
33.58000 3885 6.23783
33.59000 3950 6.28695
33.60000 4013 6.33724
33.61000 4064 6.37577
33.62000 4000 6.32456
33.63000 4015 6.33724
33.64000 4008 6.32456
33.65000 3980 6.31194
33.66000 3988 6.31194
33.67000 3919 6.26224
33.68000 3901 6.25
33.69000 3894 6.23783
33.70000 3940 6.27456
33.71000 3830 6.18984
33.72000 3837 6.18984
33.73000 3729 6.10847
33.74000 3648 6.04122
33.75000 3510 5.92349
33.76000 3439 5.8621
33.77000 3354 5.79284
33.78000 3340 5.78315
33.79000 3330 5.7735
33.80000 3191 5.65233
33.81000 3245 5.69803
33.82000 3097 5.56415
33.83000 3017 5.4965
33.84000 2972 5.45545
33.85000 2866 5.35288
33.86000 2825 5.31494
33.87000 2813 5.30745
33.88000 2846 5.33761
33.89000 2867 5.35288
33.90000 2861 5.34522
33.91000 2778 5.27046
33.92000 2743 5.23424
33.93000 2711 5.20579
33.94000 2749 5.24142
33.95000 2818 5.30745
33.96000 2733 5.22708
33.97000 2668 5.16398
33.98000 2718 5.21286
33.99000 2702 5.19875
34.00000 2648 5.14344
34.01000 2647 5.14344
34.02000 2577 5.07673
34.03000 2675 5.17088
34.04000 2695 5.19174
34.05000 2642 5.13665
34.06000 2585 5.08329
34.07000 2632 5.12989
34.08000 2598 5.09647
34.09000 2650 5.15026
34.10000 2588 5.08987
34.11000 2576 5.07673
34.12000 2538 5.03793
34.13000 2530 5.03155
34.14000 2549 5.05076
34.15000 2572 5.0702
34.16000 2522 5.01886
34.17000 2561 5.0637
34.18000 2616 5.11645
34.19000 2671 5.17088
34.20000 2669 5.16398
34.21000 2644 5.14344
34.22000 2628 5.12316
34.23000 2580 5.07673
34.24000 2641 5.13665
34.25000 2640 5.13665
34.26000 2623 5.12316
34.27000 2610 5.10976
34.28000 2681 5.1778
34.29000 2709 5.20579
34.30000 2725 5.21996
34.31000 2730 5.22708
34.32000 2779 5.27046
34.33000 2827 5.31494
34.34000 2891 5.37603
34.35000 2903 5.39164
34.36000 2985 5.46358
34.37000 3100 5.56415
34.38000 3093 5.56415
34.39000 3077 5.547
34.40000 3135 5.59893
34.41000 3131 5.59893
34.42000 3162 5.62544
34.43000 3188 5.64333
34.44000 3189 5.64333
34.45000 3179 5.63436
34.46000 3160 5.62544
34.47000 3180 5.64333
34.48000 3108 5.57278
34.49000 3065 5.53849
34.50000 3042 5.51318
34.51000 2968 5.44735
34.52000 2953 5.43125
34.53000 2969 5.44735
34.54000 2868 5.35288
34.55000 2771 5.26316
34.56000 2771 5.26316
34.57000 2744 5.24142
34.58000 2648 5.14344
34.59000 2626 5.12316
34.60000 2653 5.15026
34.61000 2529 5.03155
34.62000 2468 4.96904
34.63000 2429 4.92665
34.64000 2408 4.90881
34.65000 2374 4.8737
34.66000 2321 4.81683
34.67000 2395 4.89116
34.68000 2393 4.89116
34.69000 2386 4.88532
34.70000 2331 4.82805
34.71000 2361 4.85643
34.72000 2356 4.85643
34.73000 2377 4.8737
34.74000 2394 4.89116
34.75000 2378 4.8737
34.76000 2298 4.79463
34.77000 2345 4.84502
34.78000 2305 4.80015
34.79000 2324 4.82243
34.80000 2320 4.81683
34.81000 2274 4.76731
34.82000 2301 4.79463
34.83000 2340 4.83934
34.84000 2436 4.93264
34.85000 2395 4.89116
34.86000 2391 4.89116
34.87000 2419 4.92068
34.88000 2388 4.88532
34.89000 2383 4.8795
34.90000 2350 4.84502
34.91000 2388 4.88532
34.92000 2359 4.85643
34.93000 2384 4.88532
34.94000 2474 4.97519
34.95000 2432 4.93264
34.96000 2475 4.97519
34.97000 2484 4.98135
34.98000 2470 4.96904
34.99000 2510 5.01255
35.00000 2569 5.0702
35.01000 2634 5.12989
35.02000 2573 5.0702
35.03000 2592 5.08987
35.04000 2570 5.0702
35.05000 2610 5.10976
35.06000 2583 5.08329
35.07000 2597 5.09647
35.08000 2602 5.1031
35.09000 2625 5.12316
35.10000 2623 5.12316
35.11000 2660 5.15711
35.12000 2627 5.12316
35.13000 2647 5.14344
35.14000 2699 5.19174
35.15000 2713 5.20579
35.16000 2681 5.1778
35.17000 2737 5.23424
35.18000 2698 5.19174
35.19000 2672 5.17088
35.20000 2737 5.23424
35.21000 2746 5.24142
35.22000 2692 5.19174
35.23000 2712 5.20579
35.24000 2764 5.25588
35.25000 2741 5.23424
35.26000 2648 5.14344
35.27000 2776 5.27046
35.28000 2814 5.30745
35.29000 2797 5.28516
35.30000 2804 5.29256
35.31000 2795 5.28516
35.32000 2809 5.29999
35.33000 2802 5.29256
35.34000 2851 5.33761
35.35000 2852 5.33761
35.36000 2876 5.36056
35.37000 2902 5.38382
35.38000 2886 5.36828
35.39000 2871 5.36056
35.40000 2819 5.30745
35.41000 2833 5.32246
35.42000 2893 5.37603
35.43000 2965 5.44735
35.44000 3025 5.4965
35.45000 3013 5.48821
35.46000 3020 5.4965
35.47000 3090 5.55556
35.48000 3113 5.58146
35.49000 3110 5.57278
35.50000 3142 5.60772
35.51000 3111 5.58146
35.52000 3071 5.53849
35.53000 3108 5.57278
35.54000 3213 5.67048
35.55000 3241 5.6888
35.56000 3165 5.62544
35.57000 3252 5.69803
35.58000 3258 5.7073
35.59000 3183 5.64333
35.60000 3221 5.67962
35.61000 3259 5.7073
35.62000 3219 5.67048
35.63000 3228 5.67962
35.64000 3168 5.62544
35.65000 3121 5.59017
35.66000 3047 5.52158
35.67000 3013 5.48821
35.68000 3049 5.52158
35.69000 3046 5.52158
35.70000 2937 5.42326
35.71000 2804 5.29256
35.72000 2759 5.25588
35.73000 2741 5.23424
35.74000 2689 5.18476
35.75000 2676 5.17088
35.76000 2706 5.19875
35.77000 2700 5.19875
35.78000 2674 5.17088
35.79000 2599 5.09647
35.80000 2635 5.12989
35.81000 2659 5.15711
35.82000 2639 5.13665
35.83000 2620 5.11645
35.84000 2629 5.12989
35.85000 2653 5.15026
35.86000 2511 5.01255
35.87000 2547 5.04433
35.88000 2600 5.09647
35.89000 2571 5.0702
35.90000 2610 5.10976
35.91000 2707 5.20579
35.92000 2652 5.15026
35.93000 2632 5.12989
35.94000 2647 5.14344
35.95000 2618 5.11645
35.96000 2655 5.15026
35.97000 2678 5.1778
35.98000 2596 5.09647
35.99000 2491 4.99376
36.00000 2462 4.96292
36.01000 2431 4.93264
36.02000 2353 4.85071
36.03000 2376 4.8737
36.04000 2388 4.88532
36.05000 2323 4.82243
36.06000 2257 4.75114
36.07000 2321 4.81683
36.08000 2282 4.77818
36.09000 2346 4.84502
36.10000 2292 4.78913
36.11000 2271 4.76731
36.12000 2277 4.77274
36.13000 2255 4.75114
36.14000 2243 4.73514
36.15000 2175 4.66252
36.16000 2158 4.64739
36.17000 2264 4.75651
36.18000 2221 4.71405
36.19000 2190 4.6778
36.20000 2150 4.63739
36.21000 2190 4.6778
36.22000 2126 4.61266
36.23000 2163 4.65242
36.24000 2158 4.64739
36.25000 2142 4.62745
36.26000 2196 4.68807
36.27000 2280 4.77274
36.28000 2260 4.75651
36.29000 2185 4.67269
36.30000 2194 4.68293
36.31000 2207 4.69841
36.32000 2251 4.74579
36.33000 2214 4.7036
36.34000 2254 4.74579
36.35000 2216 4.70882
36.36000 2229 4.71929
36.37000 2327 4.82243
36.38000 2361 4.85643
36.39000 2382 4.8795
36.40000 2361 4.85643
36.41000 2363 4.86217
36.42000 2350 4.84502
36.43000 2351 4.85071
36.44000 2365 4.86217
36.45000 2394 4.89116
36.46000 2402 4.9029
36.47000 2447 4.94468
36.48000 2450 4.95074
36.49000 2481 4.98135
36.50000 2544 5.04433
36.51000 2597 5.09647
36.52000 2603 5.1031
36.53000 2626 5.12316
36.54000 2628 5.12316
36.55000 2659 5.15711
36.56000 2676 5.17088
36.57000 2758 5.24864
36.58000 2805 5.29256
36.59000 2827 5.31494
36.60000 2800 5.29256
36.61000 2785 5.2778
36.62000 2831 5.32246
36.63000 2840 5.33002
36.64000 2772 5.26316
36.65000 2844 5.33002
36.66000 2826 5.31494
36.67000 2866 5.35288
36.68000 2838 5.33002
36.69000 2760 5.25588
36.70000 2696 5.19174
36.71000 2784 5.2778
36.72000 2694 5.19174
36.73000 2661 5.15711
36.74000 2677 5.17088
36.75000 2679 5.1778
36.76000 2600 5.09647
36.77000 2659 5.15711
36.78000 2565 5.0637
36.79000 2536 5.03793
36.80000 2487 4.98755
36.81000 2425 4.92665
36.82000 2405 4.9029
36.83000 2428 4.92665
36.84000 2419 4.92068
36.85000 2380 4.8795
36.86000 2350 4.84502
36.87000 2307 4.80569
36.88000 2318 4.81683
36.89000 2246 4.74045
36.90000 2252 4.74579
36.91000 2280 4.77274
36.92000 2240 4.73514
36.93000 2285 4.77818
36.94000 2312 4.80569
36.95000 2269 4.7619
36.96000 2177 4.6676
36.97000 2222 4.71405
36.98000 2212 4.7036
36.99000 2328 4.82243
37.00000 2315 4.81125
37.01000 2254 4.74579
37.02000 2174 4.66252
37.03000 2237 4.72984
37.04000 2229 4.71929
37.05000 2209 4.69841
37.06000 2210 4.7036
37.07000 2242 4.73514
37.08000 2270 4.7619
37.09000 2223 4.71405
37.10000 2213 4.7036
37.11000 2263 4.75651
37.12000 2229 4.71929
37.13000 2264 4.75651
37.14000 2352 4.85071
37.15000 2299 4.79463
37.16000 2311 4.80569
37.17000 2391 4.89116
37.18000 2344 4.83934
37.19000 2340 4.83934
37.20000 2362 4.86217
37.21000 2375 4.8737
37.22000 2373 4.8737
37.23000 2451 4.95074
37.24000 2412 4.90881
37.25000 2394 4.89116
37.26000 2421 4.92068
37.27000 2467 4.96904
37.28000 2453 4.95074
37.29000 2389 4.88532
37.30000 2385 4.88532
37.31000 2468 4.96904
37.32000 2478 4.97519
37.33000 2496 4.99376
37.34000 2505 5.00626
37.35000 2452 4.95074
37.36000 2527 5.02519
37.37000 2532 5.03155
37.38000 2490 4.98755
37.39000 2453 4.95074
37.40000 2553 5.05076
37.41000 2555 5.05722
37.42000 2565 5.0637
37.43000 2588 5.08987
37.44000 2626 5.12316
37.45000 2610 5.10976
37.46000 2587 5.08329
37.47000 2586 5.08329
37.48000 2613 5.10976
37.49000 2555 5.05722
37.50000 2488 4.98755
37.51000 2572 5.0702
37.52000 2559 5.05722
37.53000 2646 5.14344
37.54000 2601 5.1031
37.55000 2521 5.01886
37.56000 2513 5.01255
37.57000 2611 5.10976
37.58000 2683 5.1778
37.59000 2657 5.15711
37.60000 2616 5.11645
37.61000 2676 5.17088
37.62000 2646 5.14344
37.63000 2695 5.19174
37.64000 2637 5.13665
37.65000 2639 5.13665
37.66000 2555 5.05722
37.67000 2693 5.19174
37.68000 2776 5.27046
37.69000 2798 5.29256
37.70000 2737 5.23424
37.71000 2800 5.29256
37.72000 2762 5.25588
37.73000 2762 5.25588
37.74000 2974 5.45545
37.75000 2929 5.4153
37.76000 2897 5.38382
37.77000 2969 5.44735
37.78000 2981 5.46358
37.79000 2964 5.44735
37.80000 2959 5.43928
37.81000 3115 5.58146
37.82000 3166 5.62544
37.83000 3109 5.57278
37.84000 3077 5.547
37.85000 3116 5.58146
37.86000 3076 5.547
37.87000 3028 5.50482
37.88000 3058 5.53001
37.89000 3123 5.59017
37.90000 3053 5.52158
37.91000 3063 5.53849
37.92000 3068 5.53849
37.93000 3037 5.51318
37.94000 3105 5.57278
37.95000 3071 5.53849
37.96000 3046 5.52158
37.97000 3027 5.50482
37.98000 3039 5.51318
37.99000 2934 5.4153
38.00000 2952 5.43125
38.01000 3028 5.50482
38.02000 3038 5.51318
38.03000 3048 5.52158
38.04000 3013 5.48821
38.05000 3045 5.52158
38.06000 2998 5.47176
38.07000 3107 5.57278
38.08000 3115 5.58146
38.09000 3055 5.53001
38.10000 3038 5.51318
38.11000 3115 5.58146
38.12000 3060 5.53001
38.13000 3096 5.56415
38.14000 3194 5.65233
38.15000 3174 5.63436
38.16000 3141 5.60772
38.17000 3283 5.72598
38.18000 3235 5.6888
38.19000 3281 5.72598
38.20000 3285 5.73539
38.21000 3350 5.78315
38.22000 3318 5.7639
38.23000 3317 5.7639
38.24000 3425 5.85206
38.25000 3335 5.7735
38.26000 3319 5.7639
38.27000 3317 5.7639
38.28000 3291 5.73539
38.29000 3246 5.69803
38.30000 3231 5.67962
38.31000 3217 5.67048
38.32000 3139 5.59893
38.33000 3192 5.65233
38.34000 3125 5.59017
38.35000 3088 5.55556
38.36000 3097 5.56415
38.37000 3128 5.59017
38.38000 2915 5.39949
38.39000 2837 5.33002
38.40000 2786 5.2778
38.41000 2815 5.30745
38.42000 2697 5.19174
38.43000 2694 5.19174
38.44000 2761 5.25588
38.45000 2741 5.23424
38.46000 2696 5.19174
38.47000 2668 5.16398
38.48000 2612 5.10976
38.49000 2538 5.03793
38.50000 2547 5.04433
38.51000 2562 5.0637
38.52000 2571 5.0702
38.53000 2576 5.07673
38.54000 2607 5.1031
38.55000 2606 5.1031
38.56000 2501 5
38.57000 2463 4.96292
38.58000 2461 4.96292
38.59000 2519 5.01886
38.60000 2484 4.98135
38.61000 2567 5.0637
38.62000 2578 5.07673
38.63000 2621 5.11645
38.64000 2637 5.13665
38.65000 2635 5.12989
38.66000 2611 5.10976
38.67000 2661 5.15711
38.68000 2673 5.17088
38.69000 2717 5.21286
38.70000 2758 5.24864
38.71000 2730 5.22708
38.72000 2767 5.26316
38.73000 2774 5.27046
38.74000 2797 5.28516
38.75000 2921 5.40738
38.76000 2913 5.39949
38.77000 2973 5.45545
38.78000 2977 5.45545
38.79000 2970 5.44735
38.80000 3106 5.57278
38.81000 3112 5.58146
38.82000 3197 5.65233
38.83000 3206 5.66139
38.84000 3224 5.67962
38.85000 3223 5.67962
38.86000 3227 5.67962
38.87000 3261 5.7073
38.88000 3361 5.79284
38.89000 3393 5.82223
38.90000 3325 5.7639
38.91000 3451 5.8722
38.92000 3503 5.92349
38.93000 3489 5.90281
38.94000 3523 5.93391
38.95000 3554 5.9655
38.96000 3495 5.91312
38.97000 3482 5.90281
38.98000 3566 5.97614
38.99000 3547 5.95491
39.00000 3506 5.92349
39.01000 3498 5.91312
39.02000 3536 5.94438
39.03000 3641 6.03023
39.04000 3634 6.03023
39.05000 3723 6.09711
39.06000 3727 6.10847
39.07000 3844 6.20174
39.08000 3842 6.20174
39.09000 3895 6.23783
39.10000 3971 6.29941
39.11000 4016 6.33724
39.12000 4070 6.37577
39.13000 4073 6.37577
39.14000 4224 6.4957
39.15000 4291 6.55122
39.16000 4175 6.45497
39.17000 4268 6.5372
39.18000 4247 6.52328
39.19000 4278 6.5372
39.20000 4393 6.62266
39.21000 4359 6.60819
39.22000 4270 6.5372
39.23000 4291 6.55122
39.24000 4227 6.4957
39.25000 4228 6.4957
39.26000 4180 6.46846
39.27000 4154 6.44157
39.28000 4135 6.42824
39.29000 3956 6.28695
39.30000 3857 6.2137
39.31000 3837 6.18984
39.32000 3797 6.16626
39.33000 3612 6.00842
39.34000 3519 5.93391
39.35000 3486 5.90281
39.36000 3440 5.8621
39.37000 3314 5.75435
39.38000 3243 5.69803
39.39000 3128 5.59017
39.40000 3095 5.56415
39.41000 3059 5.53001
39.42000 2963 5.44735
39.43000 2915 5.39949
39.44000 2956 5.43928
39.45000 2904 5.39164
39.46000 2841 5.33002
39.47000 2826 5.31494
39.48000 2775 5.27046
39.49000 2833 5.32246
39.50000 2787 5.2778
39.51000 2802 5.29256
39.52000 2724 5.21996
39.53000 2768 5.26316
39.54000 2727 5.21996
39.55000 2779 5.27046
39.56000 2779 5.27046
39.57000 2765 5.25588
39.58000 2803 5.29256
39.59000 2798 5.29256
39.60000 2774 5.27046
39.61000 2841 5.33002
39.62000 2915 5.39949
39.63000 2874 5.36056
39.64000 2890 5.37603
39.65000 2894 5.37603
39.66000 2877 5.36056
39.67000 2899 5.38382
39.68000 2915 5.39949
39.69000 2963 5.44735
39.70000 2925 5.40738
39.71000 2972 5.45545
39.72000 2918 5.39949
39.73000 2938 5.42326
39.74000 2899 5.38382
39.75000 3060 5.53001
39.76000 3006 5.47997
39.77000 3074 5.547
39.78000 3047 5.52158
39.79000 3041 5.51318
39.80000 3027 5.50482
39.81000 3077 5.547
39.82000 3115 5.58146
39.83000 3021 5.4965
39.84000 3039 5.51318
39.85000 3148 5.60772
39.86000 3113 5.58146
39.87000 3133 5.59893
39.88000 3110 5.57278
39.89000 3084 5.55556
39.90000 3108 5.57278
39.91000 3130 5.59893
39.92000 3025 5.4965
39.93000 2952 5.43125
39.94000 2991 5.47176
39.95000 3019 5.4965
39.96000 2983 5.46358
39.97000 3000 5.47997
39.98000 2944 5.42326
39.99000 2879 5.36828
40.00000 2828 5.31494
40.01000 2774 5.27046
40.02000 2708 5.20579
40.03000 2707 5.20579
40.04000 2689 5.18476
40.05000 2692 5.19174
40.06000 2621 5.11645
40.07000 2628 5.12316
40.08000 2603 5.1031
40.09000 2592 5.08987
40.10000 2601 5.1031
40.11000 2600 5.09647
40.12000 2576 5.07673
40.13000 2606 5.1031
40.14000 2559 5.05722
40.15000 2482 4.98135
40.16000 2478 4.97519
40.17000 2549 5.05076
40.18000 2470 4.96904
40.19000 2429 4.92665
40.20000 2380 4.8795
40.21000 2460 4.95682
40.22000 2411 4.90881
40.23000 2448 4.95074
40.24000 2405 4.9029
40.25000 2349 4.84502
40.26000 2334 4.83368
40.27000 2350 4.84502
40.28000 2381 4.8795
40.29000 2378 4.8737
40.30000 2329 4.82805
40.31000 2385 4.88532
40.32000 2338 4.83368
40.33000 2343 4.83934
40.34000 2379 4.8795
40.35000 2325 4.82243
40.36000 2398 4.89702
40.37000 2346 4.84502
40.38000 2314 4.81125
40.39000 2332 4.82805
40.40000 2324 4.82243
40.41000 2320 4.81683
40.42000 2294 4.78913
40.43000 2304 4.80015
40.44000 2344 4.83934
40.45000 2303 4.80015
40.46000 2284 4.77818
40.47000 2324 4.82243
40.48000 2310 4.80569
40.49000 2326 4.82243
40.50000 2315 4.81125
40.51000 2397 4.89702
40.52000 2350 4.84502
40.53000 2403 4.9029
40.54000 2391 4.89116
40.55000 2374 4.8737
40.56000 2349 4.84502
40.57000 2393 4.89116
40.58000 2376 4.8737
40.59000 2403 4.9029
40.60000 2436 4.93264
40.61000 2454 4.95682
40.62000 2447 4.94468
40.63000 2488 4.98755
40.64000 2543 5.04433
40.65000 2526 5.02519
40.66000 2457 4.95682
40.67000 2540 5.03793
40.68000 2555 5.05722
40.69000 2540 5.03793
40.70000 2556 5.05722
40.71000 2657 5.15711
40.72000 2663 5.15711
40.73000 2691 5.18476
40.74000 2585 5.08329
40.75000 2607 5.1031
40.76000 2619 5.11645
40.77000 2647 5.14344
40.78000 2684 5.1778
40.79000 2618 5.11645
40.80000 2615 5.11645
40.81000 2638 5.13665
40.82000 2753 5.24864
40.83000 2671 5.17088
40.84000 2703 5.19875
40.85000 2652 5.15026
40.86000 2615 5.11645
40.87000 2672 5.17088
40.88000 2697 5.19174
40.89000 2711 5.20579
40.90000 2678 5.1778
40.91000 2736 5.23424
40.92000 2709 5.20579
40.93000 2752 5.24864
40.94000 2801 5.29256
40.95000 2825 5.31494
40.96000 2825 5.31494
40.97000 2857 5.34522
40.98000 2945 5.42326
40.99000 2928 5.40738
41.00000 2962 5.43928
41.01000 3050 5.52158
41.02000 3031 5.50482
41.03000 3198 5.65233
41.04000 3169 5.62544
41.05000 3227 5.67962
41.06000 3228 5.67962
41.07000 3353 5.79284
41.08000 3331 5.7735
41.09000 3392 5.82223
41.10000 3400 5.83212
41.11000 3509 5.92349
41.12000 3488 5.90281
41.13000 3513 5.92349
41.14000 3474 5.89256
41.15000 3449 5.8722
41.16000 3487 5.90281
41.17000 3409 5.84206
41.18000 3397 5.83212
41.19000 3431 5.8621
41.20000 3459 5.88235
41.21000 3418 5.84206
41.22000 3458 5.88235
41.23000 3400 5.83212
41.24000 3408 5.84206
41.25000 3341 5.78315
41.26000 3355 5.79284
41.27000 3387 5.82223
41.28000 3224 5.67962
41.29000 3279 5.72598
41.30000 3204 5.66139
41.31000 3208 5.66139
41.32000 3202 5.66139
41.33000 3213 5.67048
41.34000 3169 5.62544
41.35000 3154 5.61656
41.36000 3041 5.51318
41.37000 3095 5.56415
41.38000 3025 5.4965
41.39000 3021 5.4965
41.40000 2892 5.37603
41.41000 2925 5.40738
41.42000 2890 5.37603
41.43000 2776 5.27046
41.44000 2812 5.29999
41.45000 2807 5.29999
41.46000 2709 5.20579
41.47000 2757 5.24864
41.48000 2723 5.21996
41.49000 2650 5.15026
41.50000 2624 5.12316
41.51000 2598 5.09647
41.52000 2587 5.08329
41.53000 2556 5.05722
41.54000 2582 5.08329
41.55000 2605 5.1031
41.56000 2577 5.07673
41.57000 2593 5.08987
41.58000 2636 5.13665
41.59000 2609 5.10976
41.60000 2586 5.08329
41.61000 2632 5.12989
41.62000 2710 5.20579
41.63000 2680 5.1778
41.64000 2704 5.19875
41.65000 2688 5.18476
41.66000 2610 5.10976
41.67000 2734 5.22708
41.68000 2742 5.23424
41.69000 2726 5.21996
41.70000 2738 5.23424
41.71000 2818 5.30745
41.72000 2809 5.29999
41.73000 2870 5.36056
41.74000 2864 5.35288
41.75000 2938 5.42326
41.76000 2862 5.35288
41.77000 2933 5.4153
41.78000 2930 5.4153
41.79000 2992 5.47176
41.80000 2952 5.43125
41.81000 2971 5.44735
41.82000 3020 5.4965
41.83000 3073 5.547
41.84000 3018 5.4965
41.85000 2988 5.46358
41.86000 2952 5.43125
41.87000 2986 5.46358
41.88000 2922 5.40738
41.89000 2836 5.32246
41.90000 2784 5.2778
41.91000 2831 5.32246
41.92000 2761 5.25588
41.93000 2714 5.21286
41.94000 2700 5.19875
41.95000 2673 5.17088
41.96000 2580 5.07673
41.97000 2621 5.11645
41.98000 2583 5.08329
41.99000 2603 5.1031
42.00000 2593 5.08987
42.01000 2530 5.03155
42.02000 2492 4.99376
42.03000 2498 5
42.04000 2555 5.05722
42.05000 2535 5.03793
42.06000 2517 5.01886
42.07000 2507 5.00626
42.08000 2449 4.95074
42.09000 2521 5.01886
42.10000 2545 5.04433
42.11000 2546 5.04433
42.12000 2481 4.98135
42.13000 2474 4.97519
42.14000 2511 5.01255
42.15000 2464 4.96292
42.16000 2512 5.01255
42.17000 2509 5.00626
42.18000 2474 4.97519
42.19000 2472 4.96904
42.20000 2484 4.98135
42.21000 2516 5.01886
42.22000 2510 5.01255
42.23000 2525 5.02519
42.24000 2575 5.07673
42.25000 2604 5.1031
42.26000 2591 5.08987
42.27000 2610 5.10976
42.28000 2620 5.11645
42.29000 2653 5.15026
42.30000 2714 5.21286
42.31000 2730 5.22708
42.32000 2712 5.20579
42.33000 2723 5.21996
42.34000 2823 5.31494
42.35000 2853 5.33761
42.36000 2876 5.36056
42.37000 2946 5.43125
42.38000 2974 5.45545
42.39000 3010 5.48821
42.40000 3039 5.51318
42.41000 3090 5.55556
42.42000 3059 5.53001
42.43000 3148 5.60772
42.44000 3219 5.67048
42.45000 3266 5.71662
42.46000 3229 5.67962
42.47000 3261 5.7073
42.48000 3263 5.71662
42.49000 3277 5.72598
42.50000 3327 5.7639
42.51000 3272 5.71662
42.52000 3230 5.67962
42.53000 3208 5.66139
42.54000 3312 5.75435
42.55000 3272 5.71662
42.56000 3125 5.59017
42.57000 3057 5.53001
42.58000 3003 5.47997
42.59000 2978 5.45545
42.60000 2956 5.43928
42.61000 2948 5.43125
42.62000 2892 5.37603
42.63000 2882 5.36828
42.64000 2771 5.26316
42.65000 2668 5.16398
42.66000 2711 5.20579
42.67000 2695 5.19174
42.68000 2711 5.20579
42.69000 2744 5.24142
42.70000 2702 5.19875
42.71000 2707 5.20579
42.72000 2721 5.21286
42.73000 2658 5.15711
42.74000 2696 5.19174
42.75000 2651 5.15026
42.76000 2594 5.08987
42.77000 2643 5.14344
42.78000 2672 5.17088
42.79000 2624 5.12316
42.80000 2576 5.07673
42.81000 2665 5.16398
42.82000 2656 5.15026
42.83000 2650 5.15026
42.84000 2613 5.10976
42.85000 2621 5.11645
42.86000 2617 5.11645
42.87000 2676 5.17088
42.88000 2636 5.13665
42.89000 2610 5.10976
42.90000 2614 5.10976
42.91000 2597 5.09647
42.92000 2517 5.01886
42.93000 2455 4.95682
42.94000 2557 5.05722
42.95000 2578 5.07673
42.96000 2491 4.99376
42.97000 2601 5.1031
42.98000 2591 5.08987
42.99000 2552 5.05076
43.00000 2491 4.99376
43.01000 2513 5.01255
43.02000 2520 5.01886
43.03000 2623 5.12316
43.04000 2598 5.09647
43.05000 2607 5.1031
43.06000 2606 5.1031
43.07000 2634 5.12989
43.08000 2691 5.18476
43.09000 2659 5.15711
43.10000 2657 5.15711
43.11000 2679 5.1778
43.12000 2671 5.17088
43.13000 2703 5.19875
43.14000 2677 5.17088
43.15000 2651 5.15026
43.16000 2641 5.13665
43.17000 2681 5.1778
43.18000 2625 5.12316
43.19000 2626 5.12316
43.20000 2696 5.19174
43.21000 2651 5.15026
43.22000 2563 5.0637
43.23000 2662 5.15711
43.24000 2644 5.14344
43.25000 2578 5.07673
43.26000 2519 5.01886
43.27000 2583 5.08329
43.28000 2608 5.10976
43.29000 2591 5.08987
43.30000 2593 5.08987
43.31000 2586 5.08329
43.32000 2559 5.05722
43.33000 2501 5
43.34000 2516 5.01886
43.35000 2459 4.95682
43.36000 2438 4.93865
43.37000 2520 5.01886
43.38000 2540 5.03793
43.39000 2490 4.98755
43.40000 2526 5.02519
43.41000 2526 5.02519
43.42000 2517 5.01886
43.43000 2575 5.07673
43.44000 2531 5.03155
43.45000 2449 4.95074
43.46000 2421 4.92068
43.47000 2457 4.95682
43.48000 2502 5
43.49000 2571 5.0702
43.50000 2583 5.08329
43.51000 2537 5.03793
43.52000 2525 5.02519
43.53000 2606 5.1031
43.54000 2637 5.13665
43.55000 2659 5.15711
43.56000 2607 5.1031
43.57000 2679 5.1778
43.58000 2655 5.15026
43.59000 2652 5.15026
43.60000 2680 5.1778
43.61000 2710 5.20579
43.62000 2683 5.1778
43.63000 2705 5.19875
43.64000 2709 5.20579
43.65000 2748 5.24142
43.66000 2704 5.19875
43.67000 2709 5.20579
43.68000 2711 5.20579
43.69000 2742 5.23424
43.70000 2753 5.24864
43.71000 2682 5.1778
43.72000 2674 5.17088
43.73000 2711 5.20579
43.74000 2674 5.17088
43.75000 2652 5.15026
43.76000 2624 5.12316
43.77000 2606 5.1031
43.78000 2645 5.14344
43.79000 2622 5.12316
43.80000 2620 5.11645
43.81000 2676 5.17088
43.82000 2619 5.11645
43.83000 2671 5.17088
43.84000 2695 5.19174
43.85000 2660 5.15711
43.86000 2548 5.05076
43.87000 2567 5.0637
43.88000 2625 5.12316
43.89000 2688 5.18476
43.90000 2684 5.1778
43.91000 2767 5.26316
43.92000 2757 5.24864
43.93000 2899 5.38382
43.94000 2856 5.34522
43.95000 2853 5.33761
43.96000 2886 5.36828
43.97000 2933 5.4153
43.98000 2929 5.4153
43.99000 2913 5.39949
44.00000 2916 5.39949
44.01000 3023 5.4965
44.02000 2881 5.36828
44.03000 2903 5.39164
44.04000 2867 5.35288
44.05000 2891 5.37603
44.06000 2856 5.34522
44.07000 2942 5.42326
44.08000 2948 5.43125
44.09000 2874 5.36056
44.10000 2742 5.23424
44.11000 2795 5.28516
44.12000 2854 5.34522
44.13000 2810 5.29999
44.14000 2823 5.31494
44.15000 2677 5.17088
44.16000 2651 5.15026
44.17000 2669 5.16398
44.18000 2643 5.14344
44.19000 2636 5.13665
44.20000 2568 5.0702
44.21000 2592 5.08987
44.22000 2571 5.0702
44.23000 2553 5.05076
44.24000 2591 5.08987
44.25000 2517 5.01886
44.26000 2455 4.95682
44.27000 2553 5.05076
44.28000 2478 4.97519
44.29000 2492 4.99376
44.30000 2415 4.91473
44.31000 2447 4.94468
44.32000 2491 4.99376
44.33000 2563 5.0637
44.34000 2571 5.0702
44.35000 2561 5.0637
44.36000 2474 4.97519
44.37000 2550 5.05076
44.38000 2529 5.03155
44.39000 2486 4.98755
44.40000 2521 5.01886
44.41000 2538 5.03793
44.42000 2508 5.00626
44.43000 2457 4.95682
44.44000 2451 4.95074
44.45000 2416 4.91473
44.46000 2472 4.96904
44.47000 2482 4.98135
44.48000 2499 5
44.49000 2519 5.01886
44.50000 2479 4.98135
44.51000 2469 4.96904
44.52000 2397 4.89702
44.53000 2410 4.90881
44.54000 2449 4.95074
44.55000 2385 4.88532
44.56000 2357 4.85643
44.57000 2369 4.86792
44.58000 2248 4.74045
44.59000 2248 4.74045
44.60000 2233 4.72456
44.61000 2235 4.72984
44.62000 2223 4.71405
44.63000 2246 4.74045
44.64000 2249 4.74045
44.65000 2252 4.74579
44.66000 2158 4.64739
44.67000 2234 4.72456
44.68000 2227 4.71929
44.69000 2145 4.63241
44.70000 2089 4.56912
44.71000 2094 4.57389
44.72000 2101 4.58349
44.73000 2142 4.62745
44.74000 2138 4.6225
44.75000 2132 4.61757
44.76000 2070 4.55016
44.77000 2157 4.64238
44.78000 2159 4.64739
44.79000 2122 4.60776
44.80000 2159 4.64739
44.81000 2145 4.63241
44.82000 2144 4.63241
44.83000 2096 4.57869
44.84000 2091 4.57389
44.85000 1996 4.46767
44.86000 2063 4.54077
44.87000 2134 4.61757
44.88000 2155 4.64238
44.89000 2158 4.64739
44.90000 2123 4.60776
44.91000 2101 4.58349
44.92000 2024 4.49921
44.93000 2033 4.50835
44.94000 2080 4.55961
44.95000 2107 4.58831
44.96000 2062 4.54077
44.97000 2078 4.55961
44.98000 2128 4.61266
44.99000 2055 4.53143
45.00000 2055 4.53143
45.01000 2112 4.598
45.02000 2081 4.55961
45.03000 2054 4.53143
45.04000 2032 4.50835
45.05000 2109 4.59315
45.06000 2073 4.55488
45.07000 2106 4.58831
45.08000 2178 4.6676
45.09000 2217 4.70882
45.10000 2134 4.61757
45.11000 2154 4.64238
45.12000 2164 4.65242
45.13000 2158 4.64739
45.14000 2178 4.6676
45.15000 2156 4.64238
45.16000 2151 4.63739
45.17000 2190 4.6778
45.18000 2293 4.78913
45.19000 2256 4.75114
45.20000 2249 4.74045
45.21000 2284 4.77818
45.22000 2331 4.82805
45.23000 2296 4.78913
45.24000 2228 4.71929
45.25000 2243 4.73514
45.26000 2217 4.70882
45.27000 2191 4.68293
45.28000 2222 4.71405
45.29000 2165 4.65242
45.30000 2184 4.67269
45.31000 2222 4.71405
45.32000 2206 4.69841
45.33000 2204 4.69323
45.34000 2173 4.66252
45.35000 2209 4.69841
45.36000 2118 4.60287
45.37000 2143 4.62745
45.38000 2189 4.6778
45.39000 2166 4.65242
45.40000 2152 4.63739
45.41000 2164 4.65242
45.42000 2216 4.70882
45.43000 2164 4.65242
45.44000 2138 4.6225
45.45000 2185 4.67269
45.46000 2189 4.6778
45.47000 2146 4.63241
45.48000 2136 4.6225
45.49000 2133 4.61757
45.50000 2131 4.61757
45.51000 2098 4.57869
45.52000 2128 4.61266
45.53000 2083 4.56435
45.54000 2117 4.60287
45.55000 2150 4.63739
45.56000 2140 4.62745
45.57000 2093 4.57389
45.58000 2125 4.60776
45.59000 2147 4.63241
45.60000 2111 4.59315
45.61000 2060 4.54077
45.62000 2046 4.52216
45.63000 2067 4.54545
45.64000 2058 4.53609
45.65000 2032 4.50835
45.66000 2041 4.51754
45.67000 2114 4.598
45.68000 2075 4.55488
45.69000 2068 4.54545
45.70000 2003 4.47661
45.71000 2057 4.53609
45.72000 2147 4.63241
45.73000 2091 4.57389
45.74000 2088 4.56912
45.75000 2029 4.50377
45.76000 2004 4.47661
45.77000 2056 4.53609
45.78000 2062 4.54077
45.79000 2005 4.47661
45.80000 1988 4.45878
45.81000 1996 4.46767
45.82000 1997 4.46767
45.83000 2098 4.57869
45.84000 2050 4.52679
45.85000 1986 4.45435
45.86000 1986 4.45435
45.87000 2057 4.53609
45.88000 2059 4.53609
45.89000 2119 4.60287
45.90000 2087 4.56912
45.91000 2135 4.6225
45.92000 2101 4.58349
45.93000 2019 4.49467
45.94000 1993 4.46322
45.95000 2035 4.51294
45.96000 2100 4.58349
45.97000 2206 4.69841
45.98000 2170 4.65746
45.99000 2090 4.57389
46.00000 2069 4.55016
46.01000 2166 4.65242
46.02000 2146 4.63241
46.03000 2228 4.71929
46.04000 2182 4.67269
46.05000 2177 4.6676
46.06000 2078 4.55961
46.07000 2163 4.65242
46.08000 2195 4.68293
46.09000 2198 4.68807
46.10000 2202 4.69323
46.11000 2313 4.81125
46.12000 2271 4.76731
46.13000 2232 4.72456
46.14000 2269 4.7619
46.15000 2279 4.77274
46.16000 2271 4.76731
46.17000 2176 4.66252
46.18000 2108 4.59315
46.19000 2153 4.64238
46.20000 2204 4.69323
46.21000 2238 4.72984
46.22000 2179 4.6676
46.23000 2224 4.71405
46.24000 2202 4.69323
46.25000 2275 4.76731
46.26000 2192 4.68293
46.27000 2229 4.71929
46.28000 2219 4.70882
46.29000 2226 4.71929
46.30000 2242 4.73514
46.31000 2220 4.71405
46.32000 2223 4.71405
46.33000 2239 4.72984
46.34000 2243 4.73514
46.35000 2228 4.71929
46.36000 2238 4.72984
46.37000 2246 4.74045
46.38000 2300 4.79463
46.39000 2297 4.79463
46.40000 2267 4.7619
46.41000 2286 4.78365
46.42000 2279 4.77274
46.43000 2306 4.80015
46.44000 2370 4.86792
46.45000 2361 4.85643
46.46000 2324 4.82243
46.47000 2334 4.83368
46.48000 2310 4.80569
46.49000 2323 4.82243
46.50000 2294 4.78913
46.51000 2294 4.78913
46.52000 2285 4.77818
46.53000 2273 4.76731
46.54000 2237 4.72984
46.55000 2316 4.81125
46.56000 2352 4.85071
46.57000 2364 4.86217
46.58000 2339 4.83368
46.59000 2227 4.71929
46.60000 2235 4.72984
46.61000 2331 4.82805
46.62000 2334 4.83368
46.63000 2398 4.89702
46.64000 2378 4.8737
46.65000 2350 4.84502
46.66000 2303 4.80015
46.67000 2350 4.84502
46.68000 2356 4.85643
46.69000 2337 4.83368
46.70000 2345 4.84502
46.71000 2395 4.89116
46.72000 2387 4.88532
46.73000 2415 4.91473
46.74000 2436 4.93264
46.75000 2461 4.96292
46.76000 2398 4.89702
46.77000 2404 4.9029
46.78000 2397 4.89702
46.79000 2397 4.89702
46.80000 2333 4.82805
46.81000 2366 4.86217
46.82000 2411 4.90881
46.83000 2481 4.98135
46.84000 2440 4.93865
46.85000 2431 4.93264
46.86000 2359 4.85643
46.87000 2366 4.86217
46.88000 2351 4.85071
46.89000 2372 4.86792
46.90000 2329 4.82805
46.91000 2288 4.78365
46.92000 2253 4.74579
46.93000 2245 4.74045
46.94000 2263 4.75651
46.95000 2327 4.82243
46.96000 2217 4.70882
46.97000 2258 4.75114
46.98000 2215 4.70882
46.99000 2246 4.74045
47.00000 2241 4.73514
47.01000 2179 4.6676
47.02000 2182 4.67269
47.03000 2234 4.72456
47.04000 2225 4.71929
47.05000 2262 4.75651
47.06000 2278 4.77274
47.07000 2217 4.70882
47.08000 2184 4.67269
47.09000 2243 4.73514
47.10000 2198 4.68807
47.11000 2223 4.71405
47.12000 2213 4.7036
47.13000 2255 4.75114
47.14000 2169 4.65746
47.15000 2201 4.69323
47.16000 2176 4.66252
47.17000 2207 4.69841
47.18000 2209 4.69841
47.19000 2226 4.71929
47.20000 2214 4.7036
47.21000 2209 4.69841
47.22000 2185 4.67269
47.23000 2209 4.69841
47.24000 2198 4.68807
47.25000 2196 4.68807
47.26000 2145 4.63241
47.27000 2235 4.72984
47.28000 2224 4.71405
47.29000 2169 4.65746
47.30000 2191 4.68293
47.31000 2197 4.68807
47.32000 2236 4.72984
47.33000 2220 4.71405
47.34000 2240 4.73514
47.35000 2216 4.70882
47.36000 2234 4.72456
47.37000 2235 4.72984
47.38000 2255 4.75114
47.39000 2276 4.77274
47.40000 2251 4.74579
47.41000 2253 4.74579
47.42000 2262 4.75651
47.43000 2211 4.7036
47.44000 2254 4.74579
47.45000 2226 4.71929
47.46000 2290 4.78365
47.47000 2310 4.80569
47.48000 2270 4.7619
47.49000 2304 4.80015
47.50000 2270 4.7619
47.51000 2246 4.74045
47.52000 2261 4.75651
47.53000 2232 4.72456
47.54000 2240 4.73514
47.55000 2158 4.64739
47.56000 2172 4.66252
47.57000 2168 4.65746
47.58000 2251 4.74579
47.59000 2194 4.68293
47.60000 2197 4.68807
47.61000 2197 4.68807
47.62000 2140 4.62745
47.63000 2154 4.64238
47.64000 2216 4.70882
47.65000 2159 4.64739
47.66000 2162 4.64739
47.67000 2154 4.64238
47.68000 2137 4.6225
47.69000 2097 4.57869
47.70000 2072 4.55016
47.71000 2092 4.57389
47.72000 2020 4.49467
47.73000 2051 4.52679
47.74000 2059 4.53609
47.75000 2016 4.49013
47.76000 2051 4.52679
47.77000 2059 4.53609
47.78000 1995 4.46767
47.79000 1955 4.41942
47.80000 1900 4.36021
47.81000 1970 4.43678
47.82000 1985 4.45435
47.83000 1956 4.42374
47.84000 2007 4.48111
47.85000 1923 4.38529
47.86000 1926 4.38951
47.87000 1996 4.46767
47.88000 1948 4.41511
47.89000 1940 4.40653
47.90000 1890 4.34783
47.91000 1925 4.38951
47.92000 1935 4.39799
47.93000 1941 4.40653
47.94000 1915 4.37688
47.95000 1896 4.35607
47.96000 1880 4.33555
47.97000 1944 4.41081
47.98000 1910 4.36852
47.99000 1926 4.38951
48.00000 1997 4.46767
48.01000 2053 4.53143
48.02000 1933 4.39799
48.03000 1893 4.35194
48.04000 1957 4.42374
48.05000 1960 4.42807
48.06000 1944 4.41081
48.07000 1991 4.46322
48.08000 1999 4.47214
48.09000 1973 4.44116
48.10000 1905 4.36436
48.11000 1969 4.43678
48.12000 1952 4.41942
48.13000 1945 4.41081
48.14000 1948 4.41511
48.15000 1964 4.43242
48.16000 1959 4.42807
48.17000 2003 4.47661
48.18000 1977 4.44554
48.19000 1966 4.43242
48.20000 1966 4.43242
48.21000 2015 4.49013
48.22000 2052 4.53143
48.23000 2045 4.52216
48.24000 2137 4.6225
48.25000 2112 4.598
48.26000 2068 4.54545
48.27000 2092 4.57389
48.28000 2115 4.598
48.29000 2084 4.56435
48.30000 2086 4.56912
48.31000 2129 4.61266
48.32000 2127 4.61266
48.33000 2101 4.58349
48.34000 2076 4.55488
48.35000 2098 4.57869
48.36000 2117 4.60287
48.37000 2164 4.65242
48.38000 2173 4.66252
48.39000 2176 4.66252
48.40000 2203 4.69323
48.41000 2190 4.6778
48.42000 2202 4.69323
48.43000 2201 4.69323
48.44000 2223 4.71405
48.45000 2185 4.67269
48.46000 2160 4.64739
48.47000 2197 4.68807
48.48000 2179 4.6676
48.49000 2123 4.60776
48.50000 2176 4.66252
48.51000 2197 4.68807
48.52000 2220 4.71405
48.53000 2186 4.6778
48.54000 2158 4.64739
48.55000 2152 4.63739
48.56000 2101 4.58349
48.57000 2202 4.69323
48.58000 2218 4.70882
48.59000 2221 4.71405
48.60000 2194 4.68293
48.61000 2181 4.6676
48.62000 2188 4.6778
48.63000 2207 4.69841
48.64000 2206 4.69841
48.65000 2218 4.70882
48.66000 2214 4.7036
48.67000 2244 4.73514
48.68000 2192 4.68293
48.69000 2193 4.68293
48.70000 2198 4.68807
48.71000 2189 4.6778
48.72000 2198 4.68807
48.73000 2257 4.75114
48.74000 2250 4.74579
48.75000 2206 4.69841
48.76000 2220 4.71405
48.77000 2242 4.73514
48.78000 2259 4.75114
48.79000 2215 4.70882
48.80000 2227 4.71929
48.81000 2231 4.72456
48.82000 2235 4.72984
48.83000 2215 4.70882
48.84000 2185 4.67269
48.85000 2223 4.71405
48.86000 2259 4.75114
48.87000 2255 4.75114
48.88000 2268 4.7619
48.89000 2247 4.74045
48.90000 2263 4.75651
48.91000 2268 4.7619
48.92000 2218 4.70882
48.93000 2224 4.71405
48.94000 2294 4.78913
48.95000 2372 4.86792
48.96000 2252 4.74579
48.97000 2256 4.75114
48.98000 2285 4.77818
48.99000 2294 4.78913
49.00000 2269 4.7619
49.01000 2320 4.81683
49.02000 2320 4.81683
49.03000 2334 4.83368
49.04000 2296 4.78913
49.05000 2275 4.76731
49.06000 2317 4.81125
49.07000 2329 4.82805
49.08000 2306 4.80015
49.09000 2281 4.77818
49.10000 2325 4.82243
49.11000 2287 4.78365
49.12000 2291 4.78913
49.13000 2278 4.77274
49.14000 2252 4.74579
49.15000 2240 4.73514
49.16000 2179 4.6676
49.17000 2286 4.78365
49.18000 2197 4.68807
49.19000 2267 4.7619
49.20000 2255 4.75114
49.21000 2264 4.75651
49.22000 2230 4.72456
49.23000 2165 4.65242
49.24000 2237 4.72984
49.25000 2221 4.71405
49.26000 2234 4.72456
49.27000 2302 4.80015
49.28000 2338 4.83368
49.29000 2296 4.78913
49.30000 2301 4.79463
49.31000 2324 4.82243
49.32000 2300 4.79463
49.33000 2283 4.77818
49.34000 2289 4.78365
49.35000 2318 4.81683
49.36000 2311 4.80569
49.37000 2294 4.78913
49.38000 2343 4.83934
49.39000 2323 4.82243
49.40000 2401 4.9029
49.41000 2365 4.86217
49.42000 2366 4.86217
49.43000 2344 4.83934
49.44000 2415 4.91473
49.45000 2425 4.92665
49.46000 2334 4.83368
49.47000 2376 4.8737
49.48000 2365 4.86217
49.49000 2260 4.75651
49.50000 2312 4.80569
49.51000 2320 4.81683
49.52000 2294 4.78913
49.53000 2204 4.69323
49.54000 2305 4.80015
49.55000 2274 4.76731
49.56000 2237 4.72984
49.57000 2288 4.78365
49.58000 2334 4.83368
49.59000 2258 4.75114
49.60000 2182 4.67269
49.61000 2270 4.7619
49.62000 2228 4.71929
49.63000 2179 4.6676
49.64000 2190 4.6778
49.65000 2173 4.66252
49.66000 2222 4.71405
49.67000 2195 4.68293
49.68000 2141 4.62745
49.69000 2179 4.6676
49.70000 2127 4.61266
49.71000 2126 4.61266
49.72000 2138 4.6225
49.73000 2101 4.58349
49.74000 2162 4.64739
49.75000 2139 4.6225
49.76000 2069 4.55016
49.77000 2116 4.598
49.78000 2077 4.55961
49.79000 2113 4.598
49.80000 2093 4.57389
49.81000 2085 4.56435
49.82000 2110 4.59315
49.83000 2128 4.61266
49.84000 2138 4.6225
49.85000 2148 4.63241
49.86000 2112 4.598
49.87000 2191 4.68293
49.88000 2102 4.58349
49.89000 2138 4.6225
49.90000 2189 4.6778
49.91000 2252 4.74579
49.92000 2244 4.73514
49.93000 2247 4.74045
49.94000 2227 4.71929
49.95000 2241 4.73514
49.96000 2301 4.79463
49.97000 2300 4.79463
49.98000 2276 4.77274
49.99000 2294 4.78913
50.00000 2225 4.71929
50.01000 2282 4.77818
50.02000 2347 4.84502
50.03000 2381 4.8795
50.04000 2400 4.89702
50.05000 2392 4.89116
50.06000 2350 4.84502
50.07000 2354 4.85071
50.08000 2349 4.84502
50.09000 2382 4.8795
50.10000 2354 4.85071
50.11000 2382 4.8795
50.12000 2420 4.92068
50.13000 2390 4.89116
50.14000 2391 4.89116
50.15000 2385 4.88532
50.16000 2387 4.88532
50.17000 2400 4.89702
50.18000 2361 4.85643
50.19000 2359 4.85643
50.20000 2338 4.83368
50.21000 2385 4.88532
50.22000 2395 4.89116
50.23000 2332 4.82805
50.24000 2355 4.85071
50.25000 2340 4.83934
50.26000 2277 4.77274
50.27000 2267 4.7619
50.28000 2314 4.81125
50.29000 2276 4.77274
50.30000 2234 4.72456
50.31000 2226 4.71929
50.32000 2215 4.70882
50.33000 2200 4.68807
50.34000 2208 4.69841
50.35000 2152 4.63739
50.36000 2140 4.62745
50.37000 2169 4.65746
50.38000 2110 4.59315
50.39000 2129 4.61266
50.40000 2087 4.56912
50.41000 2091 4.57389
50.42000 2047 4.52216
50.43000 2033 4.50835
50.44000 2090 4.57389
50.45000 2029 4.50377
50.46000 1977 4.44554
50.47000 2043 4.52216
50.48000 2002 4.47214
50.49000 2041 4.51754
50.50000 2090 4.57389
50.51000 2110 4.59315
50.52000 2037 4.51294
50.53000 2022 4.49467
50.54000 2104 4.58831
50.55000 2156 4.64238
50.56000 2048 4.52679
50.57000 2051 4.52679
50.58000 2010 4.48111
50.59000 2003 4.47661
50.60000 2040 4.51754
50.61000 2098 4.57869
50.62000 2037 4.51294
50.63000 2043 4.52216
50.64000 2059 4.53609
50.65000 2072 4.55016
50.66000 2041 4.51754
50.67000 2056 4.53609
50.68000 2043 4.52216
50.69000 2049 4.52679
50.70000 2085 4.56435
50.71000 2083 4.56435
50.72000 2079 4.55961
50.73000 2082 4.56435
50.74000 2090 4.57389
50.75000 2036 4.51294
50.76000 2014 4.48561
50.77000 2042 4.51754
50.78000 2035 4.51294
50.79000 2066 4.54545
50.80000 2098 4.57869
50.81000 2049 4.52679
50.82000 2005 4.47661
50.83000 1980 4.44994
50.84000 2014 4.48561
50.85000 2025 4.49921
50.86000 1957 4.42374
50.87000 1981 4.44994
50.88000 1952 4.41942
50.89000 1906 4.36436
50.90000 1906 4.36436
50.91000 1895 4.35194
50.92000 1897 4.35607
50.93000 1866 4.31934
50.94000 1927 4.38951
50.95000 1962 4.42807
50.96000 1901 4.36021
50.97000 1871 4.32742
50.98000 1892 4.34783
50.99000 1876 4.33148
51.00000 1907 4.36852
51.01000 1911 4.37269
51.02000 1910 4.36852
51.03000 1914 4.37688
51.04000 1947 4.41081
51.05000 1889 4.34783
51.06000 1908 4.36852
51.07000 1984 4.45435
51.08000 1938 4.40225
51.09000 1866 4.31934
51.10000 1853 4.30331
51.11000 1873 4.32742
51.12000 1893 4.35194
51.13000 1865 4.31934
51.14000 1917 4.37688
51.15000 1891 4.34783
51.16000 1898 4.35607
51.17000 1952 4.41942
51.18000 1931 4.39375
51.19000 1879 4.33555
51.20000 1929 4.39375
51.21000 1969 4.43678
51.22000 1988 4.45878
51.23000 1990 4.45878
51.24000 1969 4.43678
51.25000 1928 4.38951
51.26000 1942 4.40653
51.27000 1971 4.44116
51.28000 1999 4.47214
51.29000 1969 4.43678
51.30000 2004 4.47661
51.31000 2029 4.50377
51.32000 1998 4.46767
51.33000 1958 4.42374
51.34000 1998 4.46767
51.35000 1960 4.42807
51.36000 1959 4.42807
51.37000 2059 4.53609
51.38000 2015 4.49013
51.39000 2072 4.55016
51.40000 2038 4.51294
51.41000 2115 4.598
51.42000 2074 4.55488
51.43000 2100 4.58349
51.44000 2104 4.58831
51.45000 2108 4.59315
51.46000 2116 4.598
51.47000 2082 4.56435
51.48000 2094 4.57389
51.49000 2187 4.6778
51.50000 2148 4.63241
51.51000 2149 4.63739
51.52000 2156 4.64238
51.53000 2193 4.68293
51.54000 2234 4.72456
51.55000 2234 4.72456
51.56000 2140 4.62745
51.57000 2173 4.66252
51.58000 2163 4.65242
51.59000 2171 4.65746
51.60000 2191 4.68293
51.61000 2188 4.6778
51.62000 2118 4.60287
51.63000 2133 4.61757
51.64000 2150 4.63739
51.65000 2165 4.65242
51.66000 2104 4.58831
51.67000 2134 4.61757
51.68000 2100 4.58349
51.69000 2098 4.57869
51.70000 2170 4.65746
51.71000 2185 4.67269
51.72000 2158 4.64739
51.73000 2083 4.56435
51.74000 2094 4.57389
51.75000 2117 4.60287
51.76000 2058 4.53609
51.77000 2023 4.49921
51.78000 2060 4.54077
51.79000 2099 4.58349
51.80000 2070 4.55016
51.81000 2055 4.53143
51.82000 2006 4.47661
51.83000 2004 4.47661
51.84000 2052 4.53143
51.85000 2036 4.51294
51.86000 1970 4.43678
51.87000 2054 4.53143
51.88000 2047 4.52216
51.89000 2073 4.55488
51.90000 2064 4.54545
51.91000 2050 4.52679
51.92000 1996 4.46767
51.93000 2045 4.52216
51.94000 2056 4.53609
51.95000 2058 4.53609
51.96000 2041 4.51754
51.97000 2070 4.55016
51.98000 2003 4.47661
51.99000 2004 4.47661
52.00000 1995 4.46767
52.01000 2064 4.54545
52.02000 1999 4.47214
52.03000 2010 4.48111
52.04000 2075 4.55488
52.05000 2071 4.55016
52.06000 2061 4.54077
52.07000 2159 4.64739
52.08000 2096 4.57869
52.09000 2057 4.53609
52.10000 2120 4.60287
52.11000 2137 4.6225
52.12000 2107 4.58831
52.13000 2183 4.67269
52.14000 2210 4.7036
52.15000 2162 4.64739
52.16000 2122 4.60776
52.17000 2130 4.61757
52.18000 2210 4.7036
52.19000 2205 4.69323
52.20000 2165 4.65242
52.21000 2147 4.63241
52.22000 2138 4.6225
52.23000 2186 4.6778
52.24000 2147 4.63241
52.25000 2141 4.62745
52.26000 2147 4.63241
52.27000 2164 4.65242
52.28000 2144 4.63241
52.29000 2168 4.65746
52.30000 2125 4.60776
52.31000 2137 4.6225
52.32000 2104 4.58831
52.33000 2109 4.59315
52.34000 2085 4.56435
52.35000 2055 4.53143
52.36000 2051 4.52679
52.37000 2089 4.56912
52.38000 2153 4.64238
52.39000 2093 4.57389
52.40000 2048 4.52679
52.41000 2044 4.52216
52.42000 1994 4.46322
52.43000 1984 4.45435
52.44000 1985 4.45435
52.45000 2040 4.51754
52.46000 1960 4.42807
52.47000 2015 4.49013
52.48000 2005 4.47661
52.49000 1953 4.41942
52.50000 2008 4.48111
52.51000 2014 4.48561
52.52000 1936 4.39799
52.53000 1973 4.44116
52.54000 1987 4.45878
52.55000 1962 4.42807
52.56000 1948 4.41511
52.57000 2005 4.47661
52.58000 2019 4.49467
52.59000 2085 4.56435
52.60000 2012 4.48561
52.61000 2021 4.49467
52.62000 1986 4.45435
52.63000 2010 4.48111
52.64000 2008 4.48111
52.65000 2065 4.54545
52.66000 2057 4.53609
52.67000 2096 4.57869
52.68000 2104 4.58831
52.69000 2072 4.55016
52.70000 2057 4.53609
52.71000 2075 4.55488
52.72000 2029 4.50377
52.73000 1963 4.43242
52.74000 1987 4.45878
52.75000 2034 4.50835
52.76000 1999 4.47214
52.77000 1982 4.44994
52.78000 1989 4.45878
52.79000 1960 4.42807
52.80000 1953 4.41942
52.81000 1938 4.40225
52.82000 1926 4.38951
52.83000 1949 4.41511
52.84000 1983 4.45435
52.85000 1973 4.44116
52.86000 1870 4.32338
52.87000 1891 4.34783
52.88000 1904 4.36436
52.89000 1875 4.33148
52.90000 1910 4.36852
52.91000 1972 4.44116
52.92000 1992 4.46322
52.93000 1975 4.44554
52.94000 1990 4.45878
52.95000 1935 4.39799
52.96000 1953 4.41942
52.97000 2014 4.48561
52.98000 1981 4.44994
52.99000 1960 4.42807
53.00000 1949 4.41511
53.01000 1946 4.41081
53.02000 1936 4.39799
53.03000 1992 4.46322
53.04000 1998 4.46767
53.05000 2023 4.49921
53.06000 2000 4.47214
53.07000 2079 4.55961
53.08000 2103 4.58349
53.09000 2072 4.55016
53.10000 2075 4.55488
53.11000 2074 4.55488
53.12000 2048 4.52679
53.13000 2036 4.51294
53.14000 2105 4.58831
53.15000 2092 4.57389
53.16000 2060 4.54077
53.17000 2096 4.57869
53.18000 2126 4.61266
53.19000 2106 4.58831
53.20000 2082 4.56435
53.21000 2086 4.56912
53.22000 2094 4.57389
53.23000 2139 4.6225
53.24000 2106 4.58831
53.25000 2079 4.55961
53.26000 2115 4.598
53.27000 2118 4.60287
53.28000 2115 4.598
53.29000 2122 4.60776
53.30000 2129 4.61266
53.31000 2058 4.53609
53.32000 2033 4.50835
53.33000 2055 4.53143
53.34000 2092 4.57389
53.35000 1981 4.44994
53.36000 1964 4.43242
53.37000 2019 4.49467
53.38000 2039 4.51754
53.39000 1962 4.42807
53.40000 1947 4.41081
53.41000 2030 4.50377
53.42000 1988 4.45878
53.43000 2021 4.49467
53.44000 2023 4.49921
53.45000 1971 4.44116
53.46000 1931 4.39375
53.47000 2013 4.48561
53.48000 1964 4.43242
53.49000 1994 4.46322
53.50000 1978 4.44554
53.51000 1975 4.44554
53.52000 1985 4.45435
53.53000 1994 4.46322
53.54000 2058 4.53609
53.55000 2018 4.49013
53.56000 1951 4.41511
53.57000 1940 4.40653
53.58000 1999 4.47214
53.59000 2007 4.48111
53.60000 2033 4.50835
53.61000 2033 4.50835
53.62000 2004 4.47661
53.63000 2022 4.49467
53.64000 2040 4.51754
53.65000 2021 4.49467
53.66000 1972 4.44116
53.67000 2012 4.48561
53.68000 1995 4.46767
53.69000 1969 4.43678
53.70000 2013 4.48561
53.71000 1943 4.40653
53.72000 1952 4.41942
53.73000 1971 4.44116
53.74000 1980 4.44994
53.75000 1920 4.38108
53.76000 1941 4.40653
53.77000 2010 4.48111
53.78000 1971 4.44116
53.79000 1937 4.40225
53.80000 1949 4.41511
53.81000 1964 4.43242
53.82000 1991 4.46322
53.83000 1924 4.38529
53.84000 1926 4.38951
53.85000 1962 4.42807
53.86000 1879 4.33555
53.87000 1867 4.31934
53.88000 1867 4.31934
53.89000 1882 4.33963
53.90000 1853 4.30331
53.91000 1912 4.37269
53.92000 1846 4.29537
53.93000 1857 4.3073
53.94000 1907 4.36852
53.95000 1961 4.42807
53.96000 1912 4.37269
53.97000 1892 4.34783
53.98000 1860 4.31131
53.99000 1835 4.28353
54.00000 1865 4.31934
54.01000 1884 4.33963
54.02000 1892 4.34783
54.03000 1925 4.38951
54.04000 1874 4.32742
54.05000 1850 4.29934
54.06000 1822 4.2679
54.07000 1840 4.29141
54.08000 1853 4.30331
54.09000 1880 4.33555
54.10000 1917 4.37688
54.11000 1895 4.35194
54.12000 1833 4.2796
54.13000 1902 4.36021
54.14000 1946 4.41081
54.15000 1939 4.40225
54.16000 1877 4.33148
54.17000 1882 4.33963
54.18000 1858 4.31131
54.19000 1905 4.36436
54.20000 1958 4.42374
54.21000 1904 4.36436
54.22000 1914 4.37688
54.23000 1910 4.36852
54.24000 1960 4.42807
54.25000 1946 4.41081
54.26000 1901 4.36021
54.27000 1916 4.37688
54.28000 1916 4.37688
54.29000 1919 4.38108
54.30000 1906 4.36436
54.31000 1928 4.38951
54.32000 1857 4.3073
54.33000 1868 4.32338
54.34000 1878 4.33555
54.35000 1888 4.34372
54.36000 1871 4.32742
54.37000 1838 4.28746
54.38000 1868 4.32338
54.39000 1868 4.32338
54.40000 1906 4.36436
54.41000 1865 4.31934
54.42000 1911 4.37269
54.43000 1919 4.38108
54.44000 1906 4.36436
54.45000 1891 4.34783
54.46000 1836 4.28353
54.47000 1953 4.41942
54.48000 1911 4.37269
54.49000 1906 4.36436
54.50000 1891 4.34783
54.51000 1959 4.42807
54.52000 1933 4.39799
54.53000 1989 4.45878
54.54000 1997 4.46767
54.55000 1982 4.44994
54.56000 1956 4.42374
54.57000 2007 4.48111
54.58000 2008 4.48111
54.59000 1967 4.43678
54.60000 1966 4.43242
54.61000 1969 4.43678
54.62000 1963 4.43242
54.63000 2079 4.55961
54.64000 2011 4.48561
54.65000 1997 4.46767
54.66000 1978 4.44554
54.67000 1990 4.45878
54.68000 1978 4.44554
54.69000 1943 4.40653
54.70000 1900 4.36021
54.71000 1952 4.41942
54.72000 1964 4.43242
54.73000 1954 4.41942
54.74000 1907 4.36852
54.75000 1881 4.33555
54.76000 1870 4.32338
54.77000 1921 4.38108
54.78000 1877 4.33148
54.79000 1872 4.32742
54.80000 1838 4.28746
54.81000 1880 4.33555
54.82000 1891 4.34783
54.83000 1916 4.37688
54.84000 1896 4.35607
54.85000 1836 4.28353
54.86000 1787 4.22577
54.87000 1874 4.32742
54.88000 1855 4.3073
54.89000 1847 4.29934
54.90000 1828 4.27569
54.91000 1873 4.32742
54.92000 1882 4.33963
54.93000 1904 4.36436
54.94000 1844 4.29537
54.95000 1781 4.222
54.96000 1777 4.2145
54.97000 1871 4.32742
54.98000 1862 4.31532
54.99000 1868 4.32338
55.00000 1839 4.28746
55.01000 1787 4.22577
55.02000 1793 4.23334
55.03000 1866 4.31934
55.04000 1822 4.2679
55.05000 1783 4.222
55.06000 1737 4.16667
55.07000 1791 4.23334
55.08000 1799 4.24094
55.09000 1829 4.27569
55.10000 1792 4.23334
55.11000 1729 4.15945
55.12000 1743 4.17392
55.13000 1778 4.21825
55.14000 1735 4.16667
55.15000 1739 4.17029
55.16000 1706 4.13096
55.17000 1742 4.17392
55.18000 1774 4.21076
55.19000 1781 4.222
55.20000 1740 4.17029
55.21000 1746 4.17756
55.22000 1712 4.13803
55.23000 1712 4.13803
55.24000 1764 4.19961
55.25000 1740 4.17029
55.26000 1711 4.13803
55.27000 1744 4.17756
55.28000 1757 4.19222
55.29000 1796 4.23714
55.30000 1761 4.19591
55.31000 1767 4.20331
55.32000 1791 4.23334
55.33000 1786 4.22577
55.34000 1765 4.19961
55.35000 1824 4.27179
55.36000 1788 4.22955
55.37000 1810 4.25628
55.38000 1799 4.24094
55.39000 1786 4.22577
55.40000 1805 4.24859
55.41000 1837 4.28746
55.42000 1825 4.27179
55.43000 1825 4.27179
55.44000 1890 4.34783
55.45000 1827 4.27569
55.46000 1845 4.29537
55.47000 1876 4.33148
55.48000 1902 4.36021
55.49000 1863 4.31532
55.50000 1849 4.29934
55.51000 1863 4.31532
55.52000 1871 4.32742
55.53000 1852 4.30331
55.54000 1904 4.36436
55.55000 1898 4.35607
55.56000 1848 4.29934
55.57000 1879 4.33555
55.58000 1922 4.38529
55.59000 1879 4.33555
55.60000 1883 4.33963
55.61000 1858 4.31131
55.62000 1806 4.24859
55.63000 1776 4.2145
55.64000 1817 4.26401
55.65000 1796 4.23714
55.66000 1765 4.19961
55.67000 1791 4.23334
55.68000 1796 4.23714
55.69000 1766 4.20331
55.70000 1780 4.21825
55.71000 1794 4.23714
55.72000 1816 4.26014
55.73000 1790 4.22955
55.74000 1766 4.20331
55.75000 1751 4.18487
55.76000 1739 4.17029
55.77000 1735 4.16667
55.78000 1711 4.13803
55.79000 1732 4.16305
55.80000 1713 4.13803
55.81000 1725 4.15227
55.82000 1672 4.0893
55.83000 1693 4.11345
55.84000 1679 4.09616
55.85000 1708 4.13449
55.86000 1689 4.10997
55.87000 1682 4.0996
55.88000 1746 4.17756
55.89000 1766 4.20331
55.90000 1718 4.14513
55.91000 1770 4.20703
55.92000 1709 4.13449
55.93000 1716 4.14158
55.94000 1740 4.17029
55.95000 1745 4.17756
55.96000 1699 4.12043
55.97000 1682 4.0996
55.98000 1758 4.19222
55.99000 1733 4.16305
56.00000 1655 4.06894
56.01000 1706 4.13096
56.02000 1679 4.09616
56.03000 1679 4.09616
56.04000 1704 4.12744
56.05000 1690 4.10997
56.06000 1688 4.10997
56.07000 1796 4.23714
56.08000 1727 4.15586
56.09000 1722 4.1487
56.10000 1694 4.11693
56.11000 1728 4.15586
56.12000 1723 4.15227
56.13000 1685 4.10651
56.14000 1667 4.08248
56.15000 1706 4.13096
56.16000 1685 4.10651
56.17000 1709 4.13449
56.18000 1692 4.11345
56.19000 1687 4.10651
56.20000 1761 4.19591
56.21000 1795 4.23714
56.22000 1760 4.19591
56.23000 1755 4.18854
56.24000 1743 4.17392
56.25000 1735 4.16667
56.26000 1696 4.11693
56.27000 1760 4.19591
56.28000 1773 4.21076
56.29000 1733 4.16305
56.30000 1759 4.19222
56.31000 1820 4.2679
56.32000 1785 4.22577
56.33000 1821 4.2679
56.34000 1794 4.23714
56.35000 1766 4.20331
56.36000 1751 4.18487
56.37000 1811 4.25628
56.38000 1826 4.27179
56.39000 1839 4.28746
56.40000 1837 4.28746
56.41000 1807 4.25243
56.42000 1831 4.2796
56.43000 1854 4.3073
56.44000 1807 4.25243
56.45000 1794 4.23714
56.46000 1815 4.26014
56.47000 1831 4.2796
56.48000 1855 4.3073
56.49000 1861 4.31532
56.50000 1911 4.37269
56.51000 1908 4.36852
56.52000 1918 4.38108
56.53000 1982 4.44994
56.54000 1969 4.43678
56.55000 1958 4.42374
56.56000 1866 4.31934
56.57000 1984 4.45435
56.58000 1960 4.42807
56.59000 1964 4.43242
56.60000 1947 4.41081
56.61000 1957 4.42374
56.62000 1939 4.40225
56.63000 1903 4.36436
56.64000 1966 4.43242
56.65000 1979 4.44994
56.66000 1914 4.37688
56.67000 1950 4.41511
56.68000 1970 4.43678
56.69000 1923 4.38529
56.70000 1882 4.33963
56.71000 1942 4.40653
56.72000 1923 4.38529
56.73000 1966 4.43242
56.74000 1929 4.39375
56.75000 1936 4.39799
56.76000 1855 4.3073
56.77000 1969 4.43678
56.78000 1968 4.43678
56.79000 1909 4.36852
56.80000 1930 4.39375
56.81000 1983 4.45435
56.82000 1966 4.43242
56.83000 1926 4.38951
56.84000 1931 4.39375
56.85000 1920 4.38108
56.86000 1812 4.25628
56.87000 1871 4.32742
56.88000 1900 4.36021
56.89000 1898 4.35607
56.90000 1826 4.27179
56.91000 1859 4.31131
56.92000 1870 4.32338
56.93000 1860 4.31131
56.94000 1875 4.33148
56.95000 1860 4.31131
56.96000 1905 4.36436
56.97000 1886 4.34372
56.98000 1845 4.29537
56.99000 1906 4.36436
57.00000 1981 4.44994
57.01000 1934 4.39799
57.02000 1861 4.31532
57.03000 1949 4.41511
57.04000 1920 4.38108
57.05000 1908 4.36852
57.06000 1906 4.36436
57.07000 1934 4.39799
57.08000 1956 4.42374
57.09000 1954 4.41942
57.10000 1951 4.41511
57.11000 1953 4.41942
57.12000 1932 4.39375
57.13000 1898 4.35607
57.14000 1899 4.35607
57.15000 2012 4.48561
57.16000 1958 4.42374
57.17000 1980 4.44994
57.18000 1936 4.39799
57.19000 1934 4.39799
57.20000 1920 4.38108
57.21000 1992 4.46322
57.22000 2036 4.51294
57.23000 2014 4.48561
57.24000 1991 4.46322
57.25000 2009 4.48111
57.26000 1977 4.44554
57.27000 2043 4.52216
57.28000 2025 4.49921
57.29000 2009 4.48111
57.30000 1973 4.44116
57.31000 1984 4.45435
57.32000 1957 4.42374
57.33000 1962 4.42807
57.34000 1944 4.41081
57.35000 1927 4.38951
57.36000 1869 4.32338
57.37000 1943 4.40653
57.38000 1909 4.36852
57.39000 1868 4.32338
57.40000 1858 4.31131
57.41000 1913 4.37269
57.42000 1826 4.27179
57.43000 1881 4.33555
57.44000 1920 4.38108
57.45000 1867 4.31934
57.46000 1838 4.28746
57.47000 1877 4.33148
57.48000 1851 4.30331
57.49000 1829 4.27569
57.50000 1804 4.24859
57.51000 1863 4.31532
57.52000 1833 4.2796
57.53000 1825 4.27179
57.54000 1837 4.28746
57.55000 1851 4.30331
57.56000 1801 4.24476
57.57000 1854 4.3073
57.58000 1826 4.27179
57.59000 1809 4.25243
57.60000 1777 4.2145
57.61000 1828 4.27569
57.62000 1777 4.2145
57.63000 1768 4.20331
57.64000 1807 4.25243
57.65000 1809 4.25243
57.66000 1771 4.20703
57.67000 1815 4.26014
57.68000 1834 4.28353
57.69000 1817 4.26401
57.70000 1831 4.2796
57.71000 1810 4.25628
57.72000 1889 4.34783
57.73000 1854 4.3073
57.74000 1862 4.31532
57.75000 1867 4.31934
57.76000 1804 4.24859
57.77000 1885 4.33963
57.78000 1914 4.37688
57.79000 1910 4.36852
57.80000 1919 4.38108
57.81000 1902 4.36021
57.82000 1876 4.33148
57.83000 1931 4.39375
57.84000 1915 4.37688
57.85000 1878 4.33555
57.86000 1874 4.32742
57.87000 1943 4.40653
57.88000 1893 4.35194
57.89000 1869 4.32338
57.90000 1853 4.30331
57.91000 1843 4.29141
57.92000 1891 4.34783
57.93000 1872 4.32742
57.94000 1924 4.38529
57.95000 1948 4.41511
57.96000 1884 4.33963
57.97000 1905 4.36436
57.98000 1925 4.38951
57.99000 1860 4.31131
58.00000 1892 4.34783
58.01000 1912 4.37269
58.02000 1934 4.39799
58.03000 1882 4.33963
58.04000 1917 4.37688
58.05000 1905 4.36436
58.06000 1870 4.32338
58.07000 1926 4.38951
58.08000 1920 4.38108
58.09000 1864 4.31934
58.10000 1883 4.33963
58.11000 1906 4.36436
58.12000 1934 4.39799
58.13000 1950 4.41511
58.14000 1903 4.36436
58.15000 1893 4.35194
58.16000 1829 4.27569
58.17000 1919 4.38108
58.18000 1923 4.38529
58.19000 1874 4.32742
58.20000 1845 4.29537
58.21000 1898 4.35607
58.22000 1916 4.37688
58.23000 1903 4.36436
58.24000 1910 4.36852
58.25000 1835 4.28353
58.26000 1817 4.26401
58.27000 1832 4.2796
58.28000 1790 4.22955
58.29000 1803 4.24476
58.30000 1788 4.22955
58.31000 1851 4.30331
58.32000 1822 4.2679
58.33000 1815 4.26014
58.34000 1831 4.2796
58.35000 1754 4.18854
58.36000 1738 4.17029
58.37000 1814 4.26014
58.38000 1841 4.29141
58.39000 1813 4.25628
58.40000 1879 4.33555
58.41000 1848 4.29934
58.42000 1744 4.17756
58.43000 1719 4.14513
58.44000 1729 4.15945
58.45000 1718 4.14513
58.46000 1707 4.13096
58.47000 1775 4.2145
58.48000 1796 4.23714
58.49000 1797 4.24094
58.50000 1803 4.24476
58.51000 1774 4.21076
58.52000 1743 4.17392
58.53000 1726 4.15586
58.54000 1758 4.19222
58.55000 1749 4.18121
58.56000 1720 4.1487
58.57000 1787 4.22577
58.58000 1770 4.20703
58.59000 1765 4.19961
58.60000 1786 4.22577
58.61000 1785 4.22577
58.62000 1788 4.22955
58.63000 1781 4.222
58.64000 1754 4.18854
58.65000 1729 4.15945
58.66000 1752 4.18487
58.67000 1762 4.19591
58.68000 1762 4.19591
58.69000 1709 4.13449
58.70000 1721 4.1487
58.71000 1731 4.15945
58.72000 1774 4.21076
58.73000 1774 4.21076
58.74000 1750 4.18487
58.75000 1782 4.222
58.76000 1710 4.13449
58.77000 1701 4.12393
58.78000 1712 4.13803
58.79000 1654 4.06558
58.80000 1686 4.10651
58.81000 1735 4.16667
58.82000 1732 4.16305
58.83000 1728 4.15586
58.84000 1734 4.16305
58.85000 1714 4.14158
58.86000 1714 4.14158
58.87000 1746 4.17756
58.88000 1700 4.12393
58.89000 1667 4.08248
58.90000 1650 4.06222
58.91000 1729 4.15945
58.92000 1700 4.12393
58.93000 1671 4.0893
58.94000 1664 4.07909
58.95000 1627 4.03239
58.96000 1649 4.06222
58.97000 1690 4.10997
58.98000 1644 4.05554
58.99000 1661 4.0757
59.00000 1656 4.06894
59.01000 1713 4.13803
59.02000 1661 4.0757
59.03000 1658 4.07231
59.04000 1664 4.07909
59.05000 1679 4.09616
59.06000 1662 4.0757
59.07000 1762 4.19591
59.08000 1719 4.14513
59.09000 1687 4.10651
59.10000 1676 4.09273
59.11000 1734 4.16305
59.12000 1706 4.13096
59.13000 1707 4.13096
59.14000 1738 4.17029
59.15000 1719 4.14513
59.16000 1637 4.04557
59.17000 1687 4.10651
59.18000 1675 4.09273
59.19000 1676 4.09273
59.20000 1709 4.13449
59.21000 1695 4.11693
59.22000 1711 4.13803
59.23000 1754 4.18854
59.24000 1719 4.14513
59.25000 1696 4.11693
59.26000 1653 4.06558
59.27000 1741 4.17392
59.28000 1711 4.13803
59.29000 1693 4.11345
59.30000 1716 4.14158
59.31000 1746 4.17756
59.32000 1742 4.17392
59.33000 1715 4.14158
59.34000 1685 4.10651
59.35000 1747 4.18121
59.36000 1712 4.13803
59.37000 1699 4.12043
59.38000 1690 4.10997
59.39000 1694 4.11693
59.40000 1670 4.08589
59.41000 1732 4.16305
59.42000 1688 4.10997
59.43000 1746 4.17756
59.44000 1746 4.17756
59.45000 1733 4.16305
59.46000 1713 4.13803
59.47000 1725 4.15227
59.48000 1743 4.17392
59.49000 1702 4.12393
59.50000 1688 4.10997
59.51000 1706 4.13096
59.52000 1664 4.07909
59.53000 1684 4.10305
59.54000 1700 4.12393
59.55000 1719 4.14513
59.56000 1739 4.17029
59.57000 1730 4.15945
59.58000 1727 4.15586
59.59000 1755 4.18854
59.60000 1734 4.16305
59.61000 1723 4.15227
59.62000 1679 4.09616
59.63000 1634 4.04226
59.64000 1701 4.12393
59.65000 1720 4.1487
59.66000 1746 4.17756
59.67000 1758 4.19222
59.68000 1731 4.15945
59.69000 1718 4.14513
59.70000 1710 4.13449
59.71000 1661 4.0757
59.72000 1647 4.05887
59.73000 1632 4.03896
59.74000 1664 4.07909
59.75000 1677 4.09616
59.76000 1690 4.10997
59.77000 1775 4.2145
59.78000 1706 4.13096
59.79000 1665 4.07909
59.80000 1637 4.04557
59.81000 1671 4.0893
59.82000 1645 4.05554
59.83000 1651 4.06222
59.84000 1697 4.12043
59.85000 1669 4.08589
59.86000 1604 4.00642
59.87000 1634 4.04226
59.88000 1597 3.9968
59.89000 1605 4.00642
59.90000 1633 4.04226
59.91000 1666 4.08248
59.92000 1650 4.06222
59.93000 1631 4.03896
59.94000 1660 4.0757
59.95000 1666 4.08248
59.96000 1620 4.02585
59.97000 1643 4.0522
59.98000 1640 4.04888
59.99000 1600 4
60.00000 1577 3.97151
60.01000 1618 4.02259
60.02000 1670 4.08589
60.03000 1636 4.04557
60.04000 1573 3.96526
60.05000 1585 3.98094
60.06000 1597 3.9968
60.07000 1628 4.03567
60.08000 1625 4.03239
60.09000 1624 4.02911
60.10000 1576 3.96838
60.11000 1599 4
60.12000 1587 3.9841
60.13000 1609 4.00963
60.14000 1630 4.03896
60.15000 1607 4.00963
60.16000 1566 3.95594
60.17000 1577 3.97151
60.18000 1628 4.03567
60.19000 1624 4.02911
60.20000 1619 4.02259
60.21000 1614 4.0161
60.22000 1603 4.0032
60.23000 1607 4.00963
60.24000 1626 4.03239
60.25000 1629 4.03567
60.26000 1589 3.98726
60.27000 1639 4.04888
60.28000 1610 4.01286
60.29000 1616 4.01934
60.30000 1612 4.0161
60.31000 1616 4.01934
60.32000 1603 4.0032
60.33000 1586 3.98094
60.34000 1599 4
60.35000 1615 4.01934
60.36000 1588 3.9841
60.37000 1608 4.00963
60.38000 1617 4.02259
60.39000 1575 3.96838
60.40000 1589 3.98726
60.41000 1650 4.06222
60.42000 1636 4.04557
60.43000 1644 4.05554
60.44000 1640 4.04888
60.45000 1593 3.99043
60.46000 1580 3.97464
60.47000 1631 4.03896
60.48000 1639 4.04888
60.49000 1633 4.04226
60.50000 1662 4.0757
60.51000 1651 4.06222
60.52000 1593 3.99043
60.53000 1615 4.01934
60.54000 1612 4.0161
60.55000 1589 3.98726
60.56000 1593 3.99043
60.57000 1636 4.04557
60.58000 1599 4
60.59000 1614 4.0161
60.60000 1617 4.02259
60.61000 1597 3.9968
60.62000 1600 4
60.63000 1624 4.02911
60.64000 1624 4.02911
60.65000 1586 3.98094
60.66000 1605 4.00642
60.67000 1581 3.97464
60.68000 1604 4.00642
60.69000 1599 4
60.70000 1590 3.98726
60.71000 1618 4.02259
60.72000 1588 3.9841
60.73000 1581 3.97464
60.74000 1668 4.08248
60.75000 1658 4.07231
60.76000 1602 4.0032
60.77000 1628 4.03567
60.78000 1618 4.02259
60.79000 1615 4.01934
60.80000 1628 4.03567
60.81000 1629 4.03567
60.82000 1619 4.02259
60.83000 1638 4.04557
60.84000 1627 4.03239
60.85000 1629 4.03567
60.86000 1573 3.96526
60.87000 1582 3.97779
60.88000 1599 4
60.89000 1586 3.98094
60.90000 1606 4.00642
60.91000 1631 4.03896
60.92000 1600 4
60.93000 1615 4.01934
60.94000 1627 4.03239
60.95000 1644 4.05554
60.96000 1642 4.0522
60.97000 1656 4.06894
60.98000 1614 4.0161
60.99000 1677 4.09616
61.00000 1617 4.02259
61.01000 1651 4.06222
61.02000 1666 4.08248
61.03000 1627 4.03239
61.04000 1679 4.09616
61.05000 1665 4.07909
61.06000 1637 4.04557
61.07000 1667 4.08248
61.08000 1664 4.07909
61.09000 1660 4.0757
61.10000 1659 4.07231
61.11000 1685 4.10651
61.12000 1663 4.07909
61.13000 1688 4.10997
61.14000 1641 4.0522
61.15000 1646 4.05554
61.16000 1683 4.10305
61.17000 1732 4.16305
61.18000 1685 4.10651
61.19000 1647 4.05887
61.20000 1688 4.10997
61.21000 1712 4.13803
61.22000 1658 4.07231
61.23000 1648 4.05887
61.24000 1593 3.99043
61.25000 1595 3.99362
61.26000 1572 3.96526
61.27000 1643 4.0522
61.28000 1635 4.04226
61.29000 1663 4.07909
61.30000 1651 4.06222
61.31000 1637 4.04557
61.32000 1641 4.0522
61.33000 1632 4.03896
61.34000 1618 4.02259
61.35000 1597 3.9968
61.36000 1613 4.0161
61.37000 1619 4.02259
61.38000 1641 4.0522
61.39000 1659 4.07231
61.40000 1690 4.10997
61.41000 1642 4.0522
61.42000 1576 3.96838
61.43000 1608 4.00963
61.44000 1631 4.03896
61.45000 1651 4.06222
61.46000 1618 4.02259
61.47000 1674 4.09273
61.48000 1666 4.08248
61.49000 1624 4.02911
61.50000 1602 4.0032
61.51000 1637 4.04557
61.52000 1597 3.9968
61.53000 1665 4.07909
61.54000 1662 4.0757
61.55000 1611 4.01286
61.56000 1557 3.94669
61.57000 1593 3.99043
61.58000 1572 3.96526
61.59000 1612 4.0161
61.60000 1591 3.98726
61.61000 1638 4.04557
61.62000 1608 4.00963
61.63000 1601 4
61.64000 1575 3.96838
61.65000 1578 3.97151
61.66000 1578 3.97151
61.67000 1621 4.02585
61.68000 1617 4.02259
61.69000 1650 4.06222
61.70000 1586 3.98094
61.71000 1660 4.0757
61.72000 1636 4.04557
61.73000 1658 4.07231
61.74000 1658 4.07231
61.75000 1600 4
61.76000 1604 4.00642
61.77000 1605 4.00642
61.78000 1597 3.9968
61.79000 1584 3.98094
61.80000 1625 4.03239
61.81000 1663 4.07909
61.82000 1630 4.03896
61.83000 1608 4.00963
61.84000 1620 4.02585
61.85000 1610 4.01286
61.86000 1555 3.94362
61.87000 1624 4.02911
61.88000 1596 3.99362
61.89000 1631 4.03896
61.90000 1606 4.00642
61.91000 1596 3.99362
61.92000 1607 4.00963
61.93000 1583 3.97779
61.94000 1630 4.03896
61.95000 1596 3.99362
61.96000 1601 4
61.97000 1594 3.99362
61.98000 1584 3.98094
61.99000 1604 4.00642
62.00000 1573 3.96526
62.01000 1610 4.01286
62.02000 1618 4.02259
62.03000 1635 4.04226
62.04000 1617 4.02259
62.05000 1596 3.99362
62.06000 1559 3.94976
62.07000 1575 3.96838
62.08000 1541 3.92534
62.09000 1565 3.95594
62.10000 1529 3.91031
62.11000 1574 3.96838
62.12000 1549 3.93445
62.13000 1544 3.92837
62.14000 1525 3.90434
62.15000 1545 3.93141
62.16000 1515 3.89249
62.17000 1558 3.94669
62.18000 1606 4.00642
62.19000 1577 3.97151
62.20000 1543 3.92837
62.21000 1555 3.94362
62.22000 1597 3.9968
62.23000 1581 3.97464
62.24000 1559 3.94976
62.25000 1531 3.9133
62.26000 1495 3.86622
62.27000 1555 3.94362
62.28000 1521 3.90137
62.29000 1502 3.87492
62.30000 1505 3.88075
62.31000 1591 3.98726
62.32000 1584 3.98094
62.33000 1580 3.97464
62.34000 1575 3.96838
62.35000 1538 3.92232
62.36000 1543 3.92837
62.37000 1517 3.89545
62.38000 1540 3.92534
62.39000 1568 3.95904
62.40000 1556 3.94362
62.41000 1605 4.00642
62.42000 1589 3.98726
62.43000 1623 4.02911
62.44000 1608 4.00963
62.45000 1568 3.95904
62.46000 1544 3.92837
62.47000 1587 3.9841
62.48000 1592 3.99043
62.49000 1592 3.99043
62.50000 1519 3.89841
62.51000 1603 4.0032
62.52000 1595 3.99362
62.53000 1591 3.98726
62.54000 1566 3.95594
62.55000 1548 3.93445
62.56000 1551 3.9375
62.57000 1553 3.94055
62.58000 1591 3.98726
62.59000 1569 3.96214
62.60000 1590 3.98726
62.61000 1603 4.0032
62.62000 1591 3.98726
62.63000 1596 3.99362
62.64000 1603 4.0032
62.65000 1602 4.0032
62.66000 1570 3.96214
62.67000 1604 4.00642
62.68000 1616 4.01934
62.69000 1608 4.00963
62.70000 1548 3.93445
62.71000 1606 4.00642
62.72000 1581 3.97464
62.73000 1681 4.0996
62.74000 1650 4.06222
62.75000 1618 4.02259
62.76000 1601 4
62.77000 1688 4.10997
62.78000 1664 4.07909
62.79000 1590 3.98726
62.80000 1607 4.00963
62.81000 1637 4.04557
62.82000 1641 4.0522
62.83000 1601 4
62.84000 1691 4.11345
62.85000 1664 4.07909
62.86000 1609 4.00963
62.87000 1669 4.08589
62.88000 1622 4.02585
62.89000 1576 3.96838
62.90000 1551 3.9375
62.91000 1697 4.12043
62.92000 1613 4.0161
62.93000 1691 4.11345
62.94000 1623 4.02911
62.95000 1603 4.0032
62.96000 1599 4
62.97000 1617 4.02259
62.98000 1653 4.06558
62.99000 1619 4.02259
63.00000 1575 3.96838
63.01000 1611 4.01286
63.02000 1639 4.04888
63.03000 1677 4.09616
63.04000 1708 4.13449
63.05000 1636 4.04557
63.06000 1608 4.00963
63.07000 1642 4.0522
63.08000 1608 4.00963
63.09000 1639 4.04888
63.10000 1634 4.04226
63.11000 1624 4.02911
63.12000 1608 4.00963
63.13000 1611 4.01286
63.14000 1654 4.06558
63.15000 1662 4.0757
63.16000 1607 4.00963
63.17000 1661 4.0757
63.18000 1640 4.04888
63.19000 1614 4.0161
63.20000 1598 3.9968
63.21000 1623 4.02911
63.22000 1592 3.99043
63.23000 1634 4.04226
63.24000 1697 4.12043
63.25000 1654 4.06558
63.26000 1647 4.05887
63.27000 1590 3.98726
63.28000 1589 3.98726
63.29000 1593 3.99043
63.30000 1591 3.98726
63.31000 1588 3.9841
63.32000 1606 4.00642
63.33000 1568 3.95904
63.34000 1556 3.94362
63.35000 1553 3.94055
63.36000 1510 3.88661
63.37000 1570 3.96214
63.38000 1559 3.94976
63.39000 1600 4
63.40000 1596 3.99362
63.41000 1562 3.95285
63.42000 1554 3.94055
63.43000 1554 3.94055
63.44000 1512 3.88955
63.45000 1542 3.92534
63.46000 1526 3.90732
63.47000 1561 3.94976
63.48000 1528 3.91031
63.49000 1507 3.88075
63.50000 1570 3.96214
63.51000 1608 4.00963
63.52000 1539 3.92232
63.53000 1517 3.89545
63.54000 1536 3.91931
63.55000 1530 3.91031
63.56000 1500 3.87202
63.57000 1534 3.9163
63.58000 1557 3.94669
63.59000 1531 3.9133
63.60000 1558 3.94669
63.61000 1593 3.99043
63.62000 1561 3.94976
63.63000 1545 3.93141
63.64000 1519 3.89841
63.65000 1510 3.88661
63.66000 1533 3.9163
63.67000 1576 3.96838
63.68000 1571 3.96214
63.69000 1544 3.92837
63.70000 1511 3.88661
63.71000 1550 3.9375
63.72000 1587 3.9841
63.73000 1602 4.0032
63.74000 1587 3.9841
63.75000 1551 3.9375
63.76000 1531 3.9133
63.77000 1575 3.96838
63.78000 1516 3.89249
63.79000 1528 3.91031
63.80000 1529 3.91031
63.81000 1557 3.94669
63.82000 1565 3.95594
63.83000 1582 3.97779
63.84000 1589 3.98726
63.85000 1576 3.96838
63.86000 1540 3.92534
63.87000 1576 3.96838
63.88000 1605 4.00642
63.89000 1540 3.92534
63.90000 1601 4
63.91000 1589 3.98726
63.92000 1622 4.02585
63.93000 1581 3.97464
63.94000 1596 3.99362
63.95000 1559 3.94976
63.96000 1571 3.96214
63.97000 1578 3.97151
63.98000 1615 4.01934
63.99000 1605 4.00642
64.00000 1611 4.01286
64.01000 1623 4.02911
64.02000 1554 3.94055
64.03000 1568 3.95904
64.04000 1564 3.95594
64.05000 1523 3.90137
64.06000 1622 4.02585
64.07000 1624 4.02911
64.08000 1642 4.0522
64.09000 1586 3.98094
64.10000 1546 3.93141
64.11000 1644 4.05554
64.12000 1656 4.06894
64.13000 1640 4.04888
64.14000 1619 4.02259
64.15000 1614 4.0161
64.16000 1606 4.00642
64.17000 1620 4.02585
64.18000 1606 4.00642
64.19000 1571 3.96214
64.20000 1583 3.97779
64.21000 1623 4.02911
64.22000 1592 3.99043
64.23000 1599 4
64.24000 1593 3.99043
64.25000 1653 4.06558
64.26000 1591 3.98726
64.27000 1596 3.99362
64.28000 1615 4.01934
64.29000 1628 4.03567
64.30000 1610 4.01286
64.31000 1616 4.01934
64.32000 1595 3.99362
64.33000 1587 3.9841
64.34000 1572 3.96526
64.35000 1598 3.9968
64.36000 1588 3.9841
64.37000 1615 4.01934
64.38000 1609 4.00963
64.39000 1631 4.03896
64.40000 1597 3.9968
64.41000 1604 4.00642
64.42000 1625 4.03239
64.43000 1618 4.02259
64.44000 1600 4
64.45000 1560 3.94976
64.46000 1530 3.91031
64.47000 1547 3.93445
64.48000 1602 4.0032
64.49000 1591 3.98726
64.50000 1581 3.97464
64.51000 1589 3.98726
64.52000 1549 3.93445
64.53000 1595 3.99362
64.54000 1599 4
64.55000 1553 3.94055
64.56000 1535 3.91931
64.57000 1577 3.97151
64.58000 1574 3.96838
64.59000 1613 4.0161
64.60000 1584 3.98094
64.61000 1625 4.03239
64.62000 1636 4.04557
64.63000 1578 3.97151
64.64000 1575 3.96838
64.65000 1577 3.97151
64.66000 1576 3.96838
64.67000 1581 3.97464
64.68000 1550 3.9375
64.69000 1557 3.94669
64.70000 1613 4.0161
64.71000 1599 4
64.72000 1584 3.98094
64.73000 1583 3.97779
64.74000 1599 4
64.75000 1583 3.97779
64.76000 1559 3.94976
64.77000 1647 4.05887
64.78000 1592 3.99043
64.79000 1551 3.9375
64.80000 1585 3.98094
64.81000 1560 3.94976
64.82000 1534 3.9163
64.83000 1533 3.9163
64.84000 1550 3.9375
64.85000 1557 3.94669
64.86000 1513 3.88955
64.87000 1538 3.92232
64.88000 1515 3.89249
64.89000 1524 3.90434
64.90000 1530 3.91031
64.91000 1539 3.92232
64.92000 1521 3.90137
64.93000 1535 3.91931
64.94000 1586 3.98094
64.95000 1552 3.94055
64.96000 1500 3.87202
64.97000 1547 3.93445
64.98000 1596 3.99362
64.99000 1568 3.95904
65.00000 1532 3.9133
65.01000 1557 3.94669
65.02000 1509 3.88368
65.03000 1548 3.93445
65.04000 1580 3.97464
65.05000 1533 3.9163
65.06000 1481 3.849
65.07000 1515 3.89249
65.08000 1507 3.88075
65.09000 1515 3.89249
65.10000 1511 3.88661
65.11000 1558 3.94669
65.12000 1498 3.86912
65.13000 1494 3.86622
65.14000 1520 3.89841
65.15000 1529 3.91031
65.16000 1498 3.86912
65.17000 1531 3.9133
65.18000 1527 3.90732
65.19000 1524 3.90434
65.20000 1526 3.90732
65.21000 1519 3.89841
65.22000 1541 3.92534
65.23000 1529 3.91031
65.24000 1571 3.96214
65.25000 1561 3.94976
65.26000 1532 3.9133
65.27000 1527 3.90732
65.28000 1527 3.90732
65.29000 1512 3.88955
65.30000 1527 3.90732
65.31000 1513 3.88955
65.32000 1532 3.9133
65.33000 1547 3.93445
65.34000 1540 3.92534
65.35000 1610 4.01286
65.36000 1541 3.92534
65.37000 1532 3.9133
65.38000 1545 3.93141
65.39000 1558 3.94669
65.40000 1516 3.89249
65.41000 1510 3.88661
65.42000 1519 3.89841
65.43000 1546 3.93141
65.44000 1533 3.9163
65.45000 1505 3.88075
65.46000 1518 3.89545
65.47000 1565 3.95594
65.48000 1510 3.88661
65.49000 1512 3.88955
65.50000 1554 3.94055
65.51000 1543 3.92837
65.52000 1544 3.92837
65.53000 1534 3.9163
65.54000 1508 3.88368
65.55000 1525 3.90434
65.56000 1503 3.87783
65.57000 1516 3.89249
65.58000 1496 3.86912
65.59000 1499 3.87202
65.60000 1491 3.86046
65.61000 1534 3.9163
65.62000 1550 3.9375
65.63000 1576 3.96838
65.64000 1582 3.97779
65.65000 1544 3.92837
65.66000 1538 3.92232
65.67000 1534 3.9163
65.68000 1563 3.95285
65.69000 1523 3.90137
65.70000 1530 3.91031
65.71000 1516 3.89249
65.72000 1542 3.92534
65.73000 1537 3.91931
65.74000 1513 3.88955
65.75000 1503 3.87783
65.76000 1511 3.88661
65.77000 1551 3.9375
65.78000 1565 3.95594
65.79000 1562 3.95285
65.80000 1485 3.85472
65.81000 1533 3.9163
65.82000 1561 3.94976
65.83000 1516 3.89249
65.84000 1547 3.93445
65.85000 1556 3.94362
65.86000 1550 3.9375
65.87000 1504 3.87783
65.88000 1502 3.87492
65.89000 1604 4.00642
65.90000 1591 3.98726
65.91000 1551 3.9375
65.92000 1549 3.93445
65.93000 1526 3.90732
65.94000 1496 3.86912
65.95000 1508 3.88368
65.96000 1484 3.85186
65.97000 1480 3.84615
65.98000 1510 3.88661
65.99000 1526 3.90732
66.00000 1532 3.9133
66.01000 1535 3.91931
66.02000 1475 3.84048
66.03000 1488 3.85758
66.04000 1508 3.88368
66.05000 1513 3.88955
66.06000 1494 3.86622
66.07000 1500 3.87202
66.08000 1502 3.87492
66.09000 1485 3.85472
66.10000 1511 3.88661
66.11000 1501 3.87492
66.12000 1531 3.9133
66.13000 1513 3.88955
66.14000 1495 3.86622
66.15000 1476 3.84048
66.16000 1424 3.77426
66.17000 1498 3.86912
66.18000 1508 3.88368
66.19000 1554 3.94055
66.20000 1492 3.86334
66.21000 1560 3.94976
66.22000 1486 3.85472
66.23000 1466 3.8292
66.24000 1502 3.87492
66.25000 1496 3.86912
66.26000 1504 3.87783
66.27000 1484 3.85186
66.28000 1512 3.88955
66.29000 1548 3.93445
66.30000 1489 3.85758
66.31000 1523 3.90137
66.32000 1549 3.93445
66.33000 1510 3.88661
66.34000 1535 3.91931
66.35000 1565 3.95594
66.36000 1527 3.90732
66.37000 1571 3.96214
66.38000 1515 3.89249
66.39000 1507 3.88075
66.40000 1553 3.94055
66.41000 1541 3.92534
66.42000 1488 3.85758
66.43000 1493 3.86334
66.44000 1511 3.88661
66.45000 1486 3.85472
66.46000 1495 3.86622
66.47000 1549 3.93445
66.48000 1571 3.96214
66.49000 1554 3.94055
66.50000 1534 3.9163
66.51000 1570 3.96214
66.52000 1537 3.91931
66.53000 1538 3.92232
66.54000 1521 3.90137
66.55000 1531 3.9133
66.56000 1495 3.86622
66.57000 1551 3.9375
66.58000 1620 4.02585
66.59000 1575 3.96838
66.60000 1536 3.91931
66.61000 1577 3.97151
66.62000 1542 3.92534
66.63000 1532 3.9133
66.64000 1547 3.93445
66.65000 1529 3.91031
66.66000 1488 3.85758
66.67000 1558 3.94669
66.68000 1579 3.97464
66.69000 1577 3.97151
66.70000 1537 3.91931
66.71000 1573 3.96526
66.72000 1576 3.96838
66.73000 1612 4.0161
66.74000 1604 4.00642
66.75000 1578 3.97151
66.76000 1557 3.94669
66.77000 1603 4.0032
66.78000 1551 3.9375
66.79000 1526 3.90732
66.80000 1577 3.97151
66.81000 1631 4.03896
66.82000 1598 3.9968
66.83000 1581 3.97464
66.84000 1633 4.04226
66.85000 1594 3.99362
66.86000 1512 3.88955
66.87000 1580 3.97464
66.88000 1608 4.00963
66.89000 1570 3.96214
66.90000 1651 4.06222
66.91000 1646 4.05554
66.92000 1578 3.97151
66.93000 1569 3.96214
66.94000 1594 3.99362
66.95000 1617 4.02259
66.96000 1565 3.95594
66.97000 1584 3.98094
66.98000 1569 3.96214
66.99000 1597 3.9968
67.00000 1554 3.94055
67.01000 1575 3.96838
67.02000 1547 3.93445
67.03000 1585 3.98094
67.04000 1548 3.93445
67.05000 1564 3.95594
67.06000 1514 3.88955
67.07000 1610 4.01286
67.08000 1621 4.02585
67.09000 1567 3.95904
67.10000 1536 3.91931
67.11000 1584 3.98094
67.12000 1573 3.96526
67.13000 1588 3.9841
67.14000 1590 3.98726
67.15000 1549 3.93445
67.16000 1528 3.91031
67.17000 1539 3.92232
67.18000 1539 3.92232
67.19000 1571 3.96214
67.20000 1596 3.99362
67.21000 1603 4.0032
67.22000 1552 3.94055
67.23000 1612 4.0161
67.24000 1606 4.00642
67.25000 1555 3.94362
67.26000 1523 3.90137
67.27000 1535 3.91931
67.28000 1565 3.95594
67.29000 1538 3.92232
67.30000 1495 3.86622
67.31000 1552 3.94055
67.32000 1485 3.85472
67.33000 1522 3.90137
67.34000 1568 3.95904
67.35000 1513 3.88955
67.36000 1489 3.85758
67.37000 1541 3.92534
67.38000 1546 3.93141
67.39000 1556 3.94362
67.40000 1532 3.9133
67.41000 1548 3.93445
67.42000 1492 3.86334
67.43000 1524 3.90434
67.44000 1573 3.96526
67.45000 1566 3.95594
67.46000 1516 3.89249
67.47000 1513 3.88955
67.48000 1515 3.89249
67.49000 1506 3.88075
67.50000 1539 3.92232
67.51000 1501 3.87492
67.52000 1537 3.91931
67.53000 1526 3.90732
67.54000 1556 3.94362
67.55000 1564 3.95594
67.56000 1536 3.91931
67.57000 1555 3.94362
67.58000 1520 3.89841
67.59000 1514 3.88955
67.60000 1524 3.90434
67.61000 1509 3.88368
67.62000 1500 3.87202
67.63000 1541 3.92534
67.64000 1526 3.90732
67.65000 1526 3.90732
67.66000 1469 3.83201
67.67000 1517 3.89545
67.68000 1493 3.86334
67.69000 1496 3.86912
67.70000 1526 3.90732
67.71000 1553 3.94055
67.72000 1510 3.88661
67.73000 1479 3.84615
67.74000 1494 3.86622
67.75000 1484 3.85186
67.76000 1491 3.86046
67.77000 1532 3.9133
67.78000 1488 3.85758
67.79000 1520 3.89841
67.80000 1464 3.82639
67.81000 1480 3.84615
67.82000 1471 3.83482
67.83000 1514 3.88955
67.84000 1481 3.849
67.85000 1474 3.84048
67.86000 1433 3.78506
67.87000 1504 3.87783
67.88000 1519 3.89841
67.89000 1484 3.85186
67.90000 1506 3.88075
67.91000 1479 3.84615
67.92000 1493 3.86334
67.93000 1458 3.81802
67.94000 1458 3.81802
67.95000 1467 3.8292
67.96000 1435 3.78777
67.97000 1487 3.85758
67.98000 1522 3.90137
67.99000 1506 3.88075
68.00000 1486 3.85472
68.01000 1472 3.83765
68.02000 1475 3.84048
68.03000 1499 3.87202
68.04000 1513 3.88955
68.05000 1445 3.80143
68.06000 1457 3.81802
68.07000 1458 3.81802
68.08000 1482 3.849
68.09000 1501 3.87492
68.10000 1462 3.8236
68.11000 1493 3.86334
68.12000 1516 3.89249
68.13000 1483 3.85186
68.14000 1457 3.81802
68.15000 1454 3.81246
68.16000 1437 3.79049
68.17000 1478 3.84331
68.18000 1519 3.89841
68.19000 1458 3.81802
68.20000 1461 3.8236
68.21000 1468 3.83201
68.22000 1445 3.80143
68.23000 1455 3.81524
68.24000 1432 3.78506
68.25000 1453 3.81246
68.26000 1407 3.75029
68.27000 1460 3.8208
68.28000 1434 3.78777
68.29000 1424 3.77426
68.30000 1405 3.74766
68.31000 1448 3.80418
68.32000 1462 3.8236
68.33000 1453 3.81246
68.34000 1490 3.86046
68.35000 1483 3.85186
68.36000 1455 3.81524
68.37000 1474 3.84048
68.38000 1467 3.8292
68.39000 1475 3.84048
68.40000 1458 3.81802
68.41000 1442 3.79869
68.42000 1479 3.84615
68.43000 1470 3.83482
68.44000 1497 3.86912
68.45000 1456 3.81524
68.46000 1458 3.81802
68.47000 1461 3.8236
68.48000 1457 3.81802
68.49000 1481 3.849
68.50000 1458 3.81802
68.51000 1493 3.86334
68.52000 1487 3.85758
68.53000 1463 3.8236
68.54000 1433 3.78506
68.55000 1461 3.8236
68.56000 1474 3.84048
68.57000 1531 3.9133
68.58000 1506 3.88075
68.59000 1516 3.89249
68.60000 1519 3.89841
68.61000 1497 3.86912
68.62000 1516 3.89249
68.63000 1466 3.8292
68.64000 1468 3.83201
68.65000 1491 3.86046
68.66000 1449 3.80693
68.67000 1524 3.90434
68.68000 1487 3.85758
68.69000 1473 3.83765
68.70000 1442 3.79869
68.71000 1459 3.8208
68.72000 1481 3.849
68.73000 1475 3.84048
68.74000 1492 3.86334
68.75000 1503 3.87783
68.76000 1444 3.79869
68.77000 1466 3.8292
68.78000 1453 3.81246
68.79000 1434 3.78777
68.80000 1479 3.84615
68.81000 1499 3.87202
68.82000 1486 3.85472
68.83000 1487 3.85758
68.84000 1488 3.85758
68.85000 1499 3.87202
68.86000 1525 3.90434
68.87000 1510 3.88661
68.88000 1502 3.87492
68.89000 1448 3.80418
68.90000 1467 3.8292
68.91000 1549 3.93445
68.92000 1504 3.87783
68.93000 1531 3.9133
68.94000 1516 3.89249
68.95000 1470 3.83482
68.96000 1464 3.82639
68.97000 1484 3.85186
68.98000 1517 3.89545
68.99000 1550 3.9375
69.00000 1516 3.89249
69.01000 1555 3.94362
69.02000 1508 3.88368
69.03000 1543 3.92837
69.04000 1518 3.89545
69.05000 1479 3.84615
69.06000 1517 3.89545
69.07000 1571 3.96214
69.08000 1541 3.92534
69.09000 1537 3.91931
69.10000 1509 3.88368
69.11000 1516 3.89249
69.12000 1521 3.90137
69.13000 1535 3.91931
69.14000 1513 3.88955
69.15000 1530 3.91031
69.16000 1551 3.9375
69.17000 1572 3.96526
69.18000 1557 3.94669
69.19000 1567 3.95904
69.20000 1545 3.93141
69.21000 1569 3.96214
69.22000 1531 3.9133
69.23000 1495 3.86622
69.24000 1514 3.88955
69.25000 1552 3.94055
69.26000 1554 3.94055
69.27000 1545 3.93141
69.28000 1532 3.9133
69.29000 1537 3.91931
69.30000 1500 3.87202
69.31000 1511 3.88661
69.32000 1516 3.89249
69.33000 1539 3.92232
69.34000 1566 3.95594
69.35000 1573 3.96526
69.36000 1526 3.90732
69.37000 1552 3.94055
69.38000 1591 3.98726
69.39000 1540 3.92534
69.40000 1569 3.96214
69.41000 1574 3.96838
69.42000 1523 3.90137
69.43000 1492 3.86334
69.44000 1512 3.88955
69.45000 1525 3.90434
69.46000 1479 3.84615
69.47000 1515 3.89249
69.48000 1495 3.86622
69.49000 1524 3.90434
69.50000 1524 3.90434
69.51000 1555 3.94362
69.52000 1559 3.94976
69.53000 1557 3.94669
69.54000 1519 3.89841
69.55000 1522 3.90137
69.56000 1461 3.8236
69.57000 1516 3.89249
69.58000 1518 3.89545
69.59000 1495 3.86622
69.60000 1453 3.81246
69.61000 1512 3.88955
69.62000 1545 3.93141
69.63000 1498 3.86912
69.64000 1534 3.9163
69.65000 1496 3.86912
69.66000 1460 3.8208
69.67000 1548 3.93445
69.68000 1544 3.92837
69.69000 1537 3.91931
69.70000 1536 3.91931
69.71000 1516 3.89249
69.72000 1487 3.85758
69.73000 1515 3.89249
69.74000 1512 3.88955
69.75000 1543 3.92837
69.76000 1472 3.83765
69.77000 1505 3.88075
69.78000 1537 3.91931
69.79000 1483 3.85186
69.80000 1468 3.83201
69.81000 1478 3.84331
69.82000 1472 3.83765
69.83000 1462 3.8236
69.84000 1483 3.85186
69.85000 1454 3.81246
69.86000 1497 3.86912
69.87000 1494 3.86622
69.88000 1547 3.93445
69.89000 1522 3.90137
69.90000 1434 3.78777
69.91000 1463 3.8236
69.92000 1477 3.84331
69.93000 1490 3.86046
69.94000 1502 3.87492
69.95000 1510 3.88661
69.96000 1428 3.77964
69.97000 1481 3.849
69.98000 1527 3.90732
69.99000 1484 3.85186
70.00000 1496 3.86912
70.01000 1435 3.78777
70.02000 1454 3.81246
70.03000 1468 3.83201
70.04000 1472 3.83765
70.05000 1463 3.8236
70.06000 1445 3.80143
70.07000 1480 3.84615
70.08000 1445 3.80143
70.09000 1428 3.77964
70.10000 1447 3.80418
70.11000 1471 3.83482
70.12000 1494 3.86622
70.13000 1495 3.86622
70.14000 1493 3.86334
70.15000 1493 3.86334
70.16000 1442 3.79869
70.17000 1463 3.8236
70.18000 1515 3.89249
70.19000 1477 3.84331
70.20000 1388 3.72678
70.21000 1425 3.77426
70.22000 1480 3.84615
70.23000 1469 3.83201
70.24000 1476 3.84048
70.25000 1482 3.849
70.26000 1476 3.84048
70.27000 1497 3.86912
70.28000 1449 3.80693
70.29000 1464 3.82639
70.30000 1453 3.81246
70.31000 1445 3.80143
70.32000 1469 3.83201
70.33000 1520 3.89841
70.34000 1519 3.89841
70.35000 1481 3.849
70.36000 1474 3.84048
70.37000 1552 3.94055
70.38000 1496 3.86912
70.39000 1519 3.89841
70.40000 1462 3.8236
70.41000 1477 3.84331
70.42000 1489 3.85758
70.43000 1524 3.90434
70.44000 1476 3.84048
70.45000 1458 3.81802
70.46000 1459 3.8208
70.47000 1511 3.88661
70.48000 1519 3.89841
70.49000 1484 3.85186
70.50000 1487 3.85758
70.51000 1495 3.86622
70.52000 1464 3.82639
70.53000 1509 3.88368
70.54000 1491 3.86046
70.55000 1525 3.90434
70.56000 1519 3.89841
70.57000 1548 3.93445
70.58000 1585 3.98094
70.59000 1544 3.92837
70.60000 1489 3.85758
70.61000 1504 3.87783
70.62000 1500 3.87202
70.63000 1485 3.85472
70.64000 1549 3.93445
70.65000 1487 3.85758
70.66000 1477 3.84331
70.67000 1496 3.86912
70.68000 1529 3.91031
70.69000 1516 3.89249
70.70000 1498 3.86912
70.71000 1553 3.94055
70.72000 1539 3.92232
70.73000 1545 3.93141
70.74000 1496 3.86912
70.75000 1609 4.00963
70.76000 1541 3.92534
70.77000 1567 3.95904
70.78000 1528 3.91031
70.79000 1547 3.93445
70.80000 1515 3.89249
70.81000 1547 3.93445
70.82000 1509 3.88368
70.83000 1545 3.93141
70.84000 1571 3.96214
70.85000 1586 3.98094
70.86000 1521 3.90137
70.87000 1521 3.90137
70.88000 1511 3.88661
70.89000 1503 3.87783
70.90000 1483 3.85186
70.91000 1494 3.86622
70.92000 1526 3.90732
70.93000 1537 3.91931
70.94000 1538 3.92232
70.95000 1536 3.91931
70.96000 1490 3.86046
70.97000 1458 3.81802
70.98000 1484 3.85186
70.99000 1513 3.88955
71.00000 1505 3.88075
71.01000 1501 3.87492
71.02000 1471 3.83482
71.03000 1435 3.78777
71.04000 1461 3.8236
71.05000 1446 3.80143
71.06000 1462 3.8236
71.07000 1478 3.84331
71.08000 1522 3.90137
71.09000 1477 3.84331
71.10000 1442 3.79869
71.11000 1486 3.85472
71.12000 1469 3.83201
71.13000 1445 3.80143
71.14000 1454 3.81246
71.15000 1490 3.86046
71.16000 1483 3.85186
71.17000 1521 3.90137
71.18000 1497 3.86912
71.19000 1478 3.84331
71.20000 1464 3.82639
71.21000 1487 3.85758
71.22000 1489 3.85758
71.23000 1480 3.84615
71.24000 1456 3.81524
71.25000 1452 3.8097
71.26000 1431 3.78235
71.27000 1448 3.80418
71.28000 1470 3.83482
71.29000 1486 3.85472
71.30000 1468 3.83201
71.31000 1481 3.849
71.32000 1464 3.82639
71.33000 1484 3.85186
71.34000 1498 3.86912
71.35000 1484 3.85186
71.36000 1448 3.80418
71.37000 1497 3.86912
71.38000 1503 3.87783
71.39000 1476 3.84048
71.40000 1483 3.85186
71.41000 1489 3.85758
71.42000 1442 3.79869
71.43000 1450 3.80693
71.44000 1440 3.79595
71.45000 1488 3.85758
71.46000 1422 3.77157
71.47000 1410 3.75558
71.48000 1455 3.81524
71.49000 1440 3.79595
71.50000 1494 3.86622
71.51000 1500 3.87202
71.52000 1453 3.81246
71.53000 1494 3.86622
71.54000 1501 3.87492
71.55000 1449 3.80693
71.56000 1431 3.78235
71.57000 1504 3.87783
71.58000 1486 3.85472
71.59000 1499 3.87202
71.60000 1497 3.86912
71.61000 1529 3.91031
71.62000 1471 3.83482
71.63000 1470 3.83482
71.64000 1471 3.83482
71.65000 1462 3.8236
71.66000 1434 3.78777
71.67000 1498 3.86912
71.68000 1497 3.86912
71.69000 1504 3.87783
71.70000 1532 3.9133
71.71000 1520 3.89841
71.72000 1531 3.9133
71.73000 1527 3.90732
71.74000 1513 3.88955
71.75000 1497 3.86912
71.76000 1467 3.8292
71.77000 1542 3.92534
71.78000 1568 3.95904
71.79000 1520 3.89841
71.80000 1541 3.92534
71.81000 1571 3.96214
71.82000 1554 3.94055
71.83000 1507 3.88075
71.84000 1531 3.9133
71.85000 1507 3.88075
71.86000 1471 3.83482
71.87000 1527 3.90732
71.88000 1532 3.9133
71.89000 1566 3.95594
71.90000 1519 3.89841
71.91000 1539 3.92232
71.92000 1488 3.85758
71.93000 1509 3.88368
71.94000 1529 3.91031
71.95000 1552 3.94055
71.96000 1514 3.88955
71.97000 1539 3.92232
71.98000 1543 3.92837
71.99000 1510 3.88661
72.00000 1562 3.95285
72.01000 1547 3.93445
72.02000 1547 3.93445
72.03000 1570 3.96214
72.04000 1548 3.93445
72.05000 1500 3.87202
72.06000 1492 3.86334
72.07000 1513 3.88955
72.08000 1528 3.91031
72.09000 1529 3.91031
72.10000 1490 3.86046
72.11000 1519 3.89841
72.12000 1480 3.84615
72.13000 1508 3.88368
72.14000 1523 3.90137
72.15000 1547 3.93445
72.16000 1465 3.82639
72.17000 1484 3.85186
72.18000 1536 3.91931
72.19000 1505 3.88075
72.20000 1491 3.86046
72.21000 1490 3.86046
72.22000 1476 3.84048
72.23000 1511 3.88661
72.24000 1548 3.93445
72.25000 1500 3.87202
72.26000 1452 3.8097
72.27000 1540 3.92534
72.28000 1535 3.91931
72.29000 1520 3.89841
72.30000 1492 3.86334
72.31000 1540 3.92534
72.32000 1535 3.91931
72.33000 1502 3.87492
72.34000 1528 3.91031
72.35000 1479 3.84615
72.36000 1542 3.92534
72.37000 1532 3.9133
72.38000 1506 3.88075
72.39000 1523 3.90137
72.40000 1525 3.90434
72.41000 1530 3.91031
72.42000 1502 3.87492
72.43000 1497 3.86912
72.44000 1475 3.84048
72.45000 1467 3.8292
72.46000 1444 3.79869
72.47000 1512 3.88955
72.48000 1481 3.849
72.49000 1473 3.83765
72.50000 1465 3.82639
72.51000 1492 3.86334
72.52000 1512 3.88955
72.53000 1530 3.91031
72.54000 1506 3.88075
72.55000 1471 3.83482
72.56000 1494 3.86622
72.57000 1520 3.89841
72.58000 1500 3.87202
72.59000 1533 3.9163
72.60000 1508 3.88368
72.61000 1502 3.87492
72.62000 1498 3.86912
72.63000 1464 3.82639
72.64000 1517 3.89545
72.65000 1512 3.88955
72.66000 1454 3.81246
72.67000 1503 3.87783
72.68000 1509 3.88368
72.69000 1483 3.85186
72.70000 1484 3.85186
72.71000 1518 3.89545
72.72000 1514 3.88955
72.73000 1533 3.9163
72.74000 1511 3.88661
72.75000 1519 3.89841
72.76000 1469 3.83201
72.77000 1465 3.82639
72.78000 1471 3.83482
72.79000 1488 3.85758
72.80000 1482 3.849
72.81000 1484 3.85186
72.82000 1454 3.81246
72.83000 1521 3.90137
72.84000 1499 3.87202
72.85000 1514 3.88955
72.86000 1522 3.90137
72.87000 1504 3.87783
72.88000 1489 3.85758
72.89000 1496 3.86912
72.90000 1468 3.83201
72.91000 1459 3.8208
72.92000 1478 3.84331
72.93000 1465 3.82639
72.94000 1526 3.90732
72.95000 1457 3.81802
72.96000 1425 3.77426
72.97000 1483 3.85186
72.98000 1470 3.83482
72.99000 1474 3.84048
73.00000 1468 3.83201
73.01000 1491 3.86046
73.02000 1482 3.849
73.03000 1516 3.89249
73.04000 1511 3.88661
73.05000 1466 3.8292
73.06000 1457 3.81802
73.07000 1522 3.90137
73.08000 1487 3.85758
73.09000 1493 3.86334
73.10000 1443 3.79869
73.11000 1486 3.85472
73.12000 1463 3.8236
73.13000 1460 3.8208
73.14000 1490 3.86046
73.15000 1497 3.86912
73.16000 1464 3.82639
73.17000 1514 3.88955
73.18000 1589 3.98726
73.19000 1500 3.87202
73.20000 1437 3.79049
73.21000 1441 3.79595
73.22000 1433 3.78506
73.23000 1439 3.79322
73.24000 1498 3.86912
73.25000 1456 3.81524
73.26000 1452 3.8097
73.27000 1481 3.849
73.28000 1493 3.86334
73.29000 1487 3.85758
73.30000 1473 3.83765
73.31000 1519 3.89841
73.32000 1515 3.89249
73.33000 1519 3.89841
73.34000 1477 3.84331
73.35000 1474 3.84048
73.36000 1451 3.8097
73.37000 1491 3.86046
73.38000 1459 3.8208
73.39000 1491 3.86046
73.40000 1503 3.87783
73.41000 1519 3.89841
73.42000 1475 3.84048
73.43000 1527 3.90732
73.44000 1579 3.97464
73.45000 1541 3.92534
73.46000 1484 3.85186
73.47000 1541 3.92534
73.48000 1521 3.90137
73.49000 1491 3.86046
73.50000 1483 3.85186
73.51000 1565 3.95594
73.52000 1498 3.86912
73.53000 1505 3.88075
73.54000 1536 3.91931
73.55000 1534 3.9163
73.56000 1504 3.87783
73.57000 1513 3.88955
73.58000 1596 3.99362
73.59000 1590 3.98726
73.60000 1541 3.92534
73.61000 1538 3.92232
73.62000 1536 3.91931
73.63000 1564 3.95594
73.64000 1586 3.98094
73.65000 1558 3.94669
73.66000 1554 3.94055
73.67000 1576 3.96838
73.68000 1594 3.99362
73.69000 1566 3.95594
73.70000 1601 4
73.71000 1581 3.97464
73.72000 1594 3.99362
73.73000 1542 3.92534
73.74000 1539 3.92232
73.75000 1572 3.96526
73.76000 1551 3.9375
73.77000 1572 3.96526
73.78000 1580 3.97464
73.79000 1546 3.93141
73.80000 1485 3.85472
73.81000 1525 3.90434
73.82000 1511 3.88661
73.83000 1573 3.96526
73.84000 1551 3.9375
73.85000 1528 3.91031
73.86000 1533 3.9163
73.87000 1597 3.9968
73.88000 1591 3.98726
73.89000 1549 3.93445
73.90000 1545 3.93141
73.91000 1568 3.95904
73.92000 1573 3.96526
73.93000 1531 3.9133
73.94000 1538 3.92232
73.95000 1570 3.96214
73.96000 1503 3.87783
73.97000 1567 3.95904
73.98000 1575 3.96838
73.99000 1536 3.91931
74.00000 1546 3.93141
74.01000 1513 3.88955
74.02000 1492 3.86334
74.03000 1471 3.83482
74.04000 1515 3.89249
74.05000 1527 3.90732
74.06000 1552 3.94055
74.07000 1588 3.9841
74.08000 1524 3.90434
74.09000 1518 3.89545
74.10000 1505 3.88075
74.11000 1529 3.91031
74.12000 1539 3.92232
74.13000 1523 3.90137
74.14000 1498 3.86912
74.15000 1516 3.89249
74.16000 1476 3.84048
74.17000 1521 3.90137
74.18000 1514 3.88955
74.19000 1462 3.8236
74.20000 1458 3.81802
74.21000 1500 3.87202
74.22000 1478 3.84331
74.23000 1477 3.84331
74.24000 1510 3.88661
74.25000 1496 3.86912
74.26000 1430 3.78235
74.27000 1450 3.80693
74.28000 1477 3.84331
74.29000 1504 3.87783
74.30000 1435 3.78777
74.31000 1474 3.84048
74.32000 1512 3.88955
74.33000 1499 3.87202
74.34000 1542 3.92534
74.35000 1544 3.92837
74.36000 1505 3.88075
74.37000 1553 3.94055
74.38000 1518 3.89545
74.39000 1503 3.87783
74.40000 1478 3.84331
74.41000 1478 3.84331
74.42000 1500 3.87202
74.43000 1450 3.80693
74.44000 1518 3.89545
74.45000 1511 3.88661
74.46000 1464 3.82639
74.47000 1503 3.87783
74.48000 1536 3.91931
74.49000 1552 3.94055
74.50000 1568 3.95904
74.51000 1592 3.99043
74.52000 1552 3.94055
74.53000 1537 3.91931
74.54000 1490 3.86046
74.55000 1486 3.85472
74.56000 1514 3.88955
74.57000 1541 3.92534
74.58000 1529 3.91031
74.59000 1544 3.92837
74.60000 1524 3.90434
74.61000 1546 3.93141
74.62000 1579 3.97464
74.63000 1556 3.94362
74.64000 1523 3.90137
74.65000 1494 3.86622
74.66000 1484 3.85186
74.67000 1524 3.90434
74.68000 1524 3.90434
74.69000 1520 3.89841
74.70000 1554 3.94055
74.71000 1553 3.94055
74.72000 1529 3.91031
74.73000 1542 3.92534
74.74000 1609 4.00963
74.75000 1596 3.99362
74.76000 1506 3.88075
74.77000 1529 3.91031
74.78000 1530 3.91031
74.79000 1500 3.87202
74.80000 1505 3.88075
74.81000 1560 3.94976
74.82000 1531 3.9133
74.83000 1523 3.90137
74.84000 1568 3.95904
74.85000 1548 3.93445
74.86000 1459 3.8208
74.87000 1519 3.89841
74.88000 1506 3.88075
74.89000 1505 3.88075
74.90000 1538 3.92232
74.91000 1535 3.91931
74.92000 1491 3.86046
74.93000 1523 3.90137
74.94000 1569 3.96214
74.95000 1575 3.96838
74.96000 1526 3.90732
74.97000 1557 3.94669
74.98000 1530 3.91031
74.99000 1545 3.93141
75.00000 1501 3.87492
