# columns: two_theta_deg intensity sigma
5.05000 211.01 0.262342
5.06000 209.87 0.262703
5.07000 212.65 0.261891
5.08000 203.98 0.264628
5.09000 185.85 0.270864
5.10000 192.2 0.268608
5.11000 190.23 0.269289
5.12000 205.25 0.264166
5.13000 189.88 0.269386
5.14000 203.71 0.264721
5.15000 196.62 0.267071
5.16000 195.07 0.267548
5.17000 194.69 0.26774
5.18000 196.67 0.267071
5.19000 186.4 0.270666
5.20000 202.21 0.265186
5.21000 198.67 0.266312
5.22000 180.51 0.272772
5.23000 194.34 0.267836
5.24000 180.14 0.272976
5.25000 204.65 0.264351
5.26000 197.15 0.26688
5.27000 191.25 0.268899
5.28000 203.51 0.264721
5.29000 188.1 0.270073
5.30000 207.07 0.263615
5.31000 211.81 0.262161
5.32000 196.01 0.267261
5.33000 203.94 0.264628
5.34000 190.52 0.269191
5.35000 184.98 0.271163
5.36000 203.97 0.264628
5.37000 200.01 0.265935
5.38000 209.91 0.262703
5.39000 179.48 0.273179
5.40000 186.99 0.270468
5.41000 178.31 0.27369
5.42000 187.41 0.27027
5.43000 183.85 0.271563
5.44000 178.72 0.273485
5.45000 191 0.268996
5.46000 191.39 0.268899
5.47000 183.9 0.271563
5.48000 186.27 0.270666
5.49000 196.96 0.266975
5.50000 183.91 0.271563
5.51000 196.58 0.267071
5.52000 182.75 0.271964
5.53000 184.34 0.271363
5.54000 184.71 0.271263
5.55000 183.55 0.271663
5.56000 190.28 0.269289
5.57000 197.01 0.26688
5.58000 179.61 0.273179
5.59000 180.81 0.272671
5.60000 183.2 0.271763
5.61000 194.66 0.26774
5.62000 182.01 0.272266
5.63000 172.53 0.275869
5.64000 207.36 0.263523
5.65000 168.19 0.277671
5.66000 195.12 0.267548
5.67000 186.41 0.270666
5.68000 174.53 0.275137
5.69000 178.5 0.273588
5.70000 198.3 0.266501
5.71000 195.54 0.267452
5.72000 180.91 0.272671
5.73000 189.22 0.269582
5.74000 181.7 0.272367
5.75000 197.16 0.26688
5.76000 194.79 0.267644
5.77000 197.17 0.26688
5.78000 208.26 0.263249
5.79000 238.76 0.254411
5.80000 340.94 0.232747
5.81000 515.17 0.209888
5.82000 799.51 0.188044
5.83000 1397.89 0.163539
5.84000 2614.99 0.139836
5.85000 2655 0.139306
5.86000 2224.06 0.145617
5.87000 1385.82 0.16389
5.88000 568.38 0.204808
5.89000 295.87 0.241121
5.90000 194.08 0.267932
5.91000 189.34 0.269582
5.92000 200.44 0.265747
5.93000 205.21 0.264166
5.94000 206.8 0.263706
5.95000 206.39 0.263798
5.96000 202.04 0.265279
5.97000 179.86 0.273077
5.98000 164.41 0.27929
5.99000 173.93 0.275345
6.00000 194.93 0.267644
6.01000 191.78 0.268705
6.02000 179.51 0.273179
6.03000 177.52 0.273998
6.04000 193.78 0.268028
6.05000 183.09 0.271864
6.06000 183.47 0.271663
6.07000 190.62 0.269093
6.08000 173.99 0.275345
6.09000 181.52 0.272468
6.10000 183.1 0.271864
6.11000 180.34 0.272874
6.12000 176 0.274514
6.13000 168.87 0.277457
6.14000 179.16 0.273281
6.15000 176 0.274514
6.16000 182.74 0.271964
6.17000 168.48 0.277564
6.18000 187.13 0.270369
6.19000 165.71 0.278747
6.20000 181.97 0.272266
6.21000 185.94 0.270765
6.22000 168.11 0.277671
6.23000 162.16 0.280276
6.24000 174.06 0.275345
6.25000 189.53 0.269484
6.26000 210.16 0.262613
6.27000 171.69 0.276289
6.28000 173.29 0.275659
6.29000 186.78 0.270468
6.30000 178.46 0.273588
6.31000 193.13 0.268221
6.32000 191.57 0.268802
6.33000 207.43 0.263523
6.34000 205.05 0.264258
6.35000 185.61 0.270964
6.36000 187.2 0.270369
6.37000 176.11 0.274514
6.38000 176.9 0.274204
6.39000 170.97 0.276501
6.40000 183.68 0.271663
6.41000 165.42 0.278856
6.42000 184.87 0.271163
6.43000 155.12 0.28341
6.44000 182.5 0.272065
6.45000 164.64 0.279182
6.46000 183.3 0.271763
6.47000 166.65 0.278315
6.48000 170.24 0.276818
6.49000 169.05 0.27735
6.50000 167.87 0.277778
6.51000 180.17 0.272976
6.52000 173.43 0.275554
6.53000 175.02 0.274929
6.54000 176.21 0.274514
6.55000 197.63 0.26669
6.56000 247.65 0.252056
6.57000 321.87 0.236096
6.58000 493.79 0.212143
6.59000 822.45 0.186728
6.60000 866.95 0.184302
6.61000 764.57 0.190175
6.62000 421.59 0.220702
6.63000 249.33 0.251657
6.64000 187.4 0.27027
6.65000 177.08 0.274101
6.66000 166.35 0.278423
6.67000 163.98 0.279399
6.68000 181.06 0.27257
6.69000 200.91 0.265653
6.70000 201.3 0.265466
6.71000 190.2 0.269289
6.72000 179.88 0.273077
6.73000 176.32 0.274411
6.74000 181.88 0.272266
6.75000 171.96 0.276184
6.76000 173.14 0.275659
6.77000 157.26 0.282391
6.78000 167.6 0.277885
6.79000 183.09 0.271864
6.80000 169.99 0.276924
6.81000 154.12 0.283866
6.82000 170.01 0.276924
6.83000 171.61 0.276289
6.84000 166.46 0.278423
6.85000 165.65 0.278747
6.86000 169.63 0.277137
6.87000 158.92 0.281606
6.88000 154.14 0.283752
6.89000 160.1 0.281161
6.90000 163.69 0.279618
6.91000 174.04 0.275345
6.92000 162.51 0.280056
6.93000 151 0.285249
6.94000 176.83 0.274204
6.95000 166.91 0.278207
6.96000 184 0.271563
6.97000 156.17 0.282843
6.98000 163.33 0.279727
6.99000 158.17 0.281942
7.00000 157.39 0.282279
7.01000 170.9 0.276606
7.02000 185.21 0.271063
7.03000 166.53 0.278423
7.04000 157 0.282504
7.05000 155.02 0.28341
7.06000 160.6 0.280939
7.07000 170.55 0.276712
7.08000 174.53 0.275137
7.09000 168.17 0.277671
7.10000 170.96 0.276501
7.11000 190.84 0.269093
7.12000 177.71 0.273896
7.13000 163.4 0.279727
7.14000 157.45 0.282279
7.15000 174.17 0.275241
7.16000 170.6 0.276712
7.17000 173.38 0.275554
7.18000 164.63 0.279182
7.19000 179.35 0.273281
7.20000 155.5 0.283183
7.21000 172.6 0.275869
7.22000 170.6 0.276712
7.23000 154.7 0.283524
7.24000 177.38 0.273998
7.25000 149.54 0.285948
7.26000 167.44 0.277992
7.27000 173.81 0.27545
7.28000 178.57 0.273588
7.29000 156.71 0.282617
7.30000 161.49 0.280496
7.31000 160.71 0.280828
7.32000 161.51 0.280496
7.33000 175.04 0.274929
7.34000 180.21 0.272976
7.35000 169.07 0.27735
7.36000 157.94 0.282054
7.37000 163.52 0.279618
7.38000 161.14 0.280717
7.39000 165.92 0.278639
7.40000 161.16 0.280717
7.41000 156.77 0.282617
7.42000 160.75 0.280828
7.43000 161.16 0.280717
7.44000 171.53 0.276289
7.45000 164.36 0.27929
7.46000 178.28 0.27369
7.47000 165.56 0.278747
7.48000 157.6 0.282279
7.49000 161.98 0.280276
7.50000 149.25 0.286065
7.51000 167.17 0.2781
7.52000 165.98 0.278639
7.53000 167.58 0.277885
7.54000 147.28 0.287006
7.55000 173.56 0.275554
7.56000 162.02 0.280276
7.57000 153.67 0.283981
7.58000 184.73 0.271263
7.59000 160.45 0.280939
7.60000 167.21 0.2781
7.61000 155.67 0.283069
7.62000 172 0.276184
7.63000 157.67 0.282166
7.64000 173.2 0.275659
7.65000 165.64 0.278747
7.66000 162.47 0.280056
7.67000 161.66 0.280496
7.68000 155.69 0.283069
7.69000 153.71 0.283981
7.70000 146.55 0.287361
7.71000 168.86 0.277457
7.72000 170.45 0.276712
7.73000 164.49 0.279182
7.74000 178.03 0.273793
7.75000 168.47 0.277564
7.76000 154.93 0.28341
7.77000 160.51 0.280939
7.78000 165.7 0.278747
7.79000 155.35 0.283296
7.80000 182.05 0.272266
7.81000 180.46 0.272874
7.82000 171.7 0.276289
7.83000 162.94 0.279946
7.84000 156.58 0.28273
7.85000 160.56 0.280939
7.86000 158.18 0.281942
7.87000 163.76 0.279508
7.88000 165.35 0.278856
7.89000 159.39 0.281495
7.90000 151.02 0.285249
7.91000 164.96 0.279073
7.92000 164.58 0.279182
7.93000 166.97 0.278207
7.94000 151.43 0.285017
7.95000 164.58 0.279182
7.96000 158.22 0.281942
7.97000 172.58 0.275869
7.98000 170.19 0.276818
7.99000 159.03 0.281606
8.00000 169 0.27735
8.01000 168.19 0.277671
8.02000 163.81 0.279508
8.03000 170.6 0.276712
8.04000 176.57 0.274307
8.05000 167.82 0.277885
8.06000 155.87 0.283069
8.07000 162.65 0.280056
8.08000 169.82 0.277031
8.09000 161.46 0.280496
8.10000 161.06 0.280717
8.11000 157.87 0.282166
8.12000 159.87 0.281272
8.13000 163.46 0.279618
8.14000 169.05 0.27735
8.15000 166.67 0.278315
8.16000 165.87 0.278639
8.17000 154.71 0.283524
8.18000 167.88 0.277778
8.19000 182.24 0.272166
8.20000 169.08 0.27735
8.21000 158.72 0.281718
8.22000 155.12 0.28341
8.23000 167.49 0.277992
8.24000 143.17 0.289037
8.25000 153.94 0.283866
8.26000 167.91 0.277778
8.27000 163.91 0.279508
8.28000 158.34 0.281942
8.29000 161.95 0.280276
8.30000 195.04 0.267548
8.31000 250.49 0.251339
8.32000 286.43 0.243108
8.33000 262.08 0.248529
8.34000 245.34 0.252699
8.35000 194.27 0.267836
8.36000 171.15 0.276501
8.37000 168.75 0.277457
8.38000 198.28 0.266501
8.39000 274.89 0.245588
8.40000 332.32 0.234211
8.41000 416.54 0.221349
8.42000 468.82 0.214917
8.43000 633.21 0.199363
8.44000 1007.16 0.177499
8.45000 1623.72 0.157524
8.46000 1617.33 0.157681
8.47000 1174.05 0.170847
8.48000 760.63 0.190416
8.49000 361.94 0.229295
8.50000 203.14 0.264906
8.51000 192.77 0.268414
8.52000 171.23 0.276395
8.53000 156.85 0.282617
8.54000 152.87 0.28444
8.55000 165.25 0.278964
8.56000 156.48 0.28273
8.57000 164.06 0.279399
8.58000 153.29 0.28421
8.59000 170.85 0.276606
8.60000 155.29 0.283296
8.61000 174.85 0.275033
8.62000 149.32 0.286065
8.63000 156.91 0.282504
8.64000 182.05 0.272266
8.65000 147.33 0.287006
8.66000 164.49 0.279182
8.67000 183.66 0.271663
8.68000 199.64 0.266029
8.69000 208.42 0.263158
8.70000 196.86 0.266975
8.71000 188.49 0.269876
8.72000 190.88 0.268996
8.73000 168.52 0.277564
8.74000 154.15 0.283752
8.75000 164.95 0.279073
8.76000 154.96 0.28341
8.77000 152.97 0.284325
8.78000 167.75 0.277885
8.79000 168.95 0.27735
8.80000 172.15 0.276079
8.81000 140.6 0.290374
8.82000 156.99 0.282504
8.83000 156.59 0.28273
8.84000 159.4 0.281383
8.85000 159.39 0.281495
8.86000 164.6 0.279182
8.87000 171.4 0.276395
8.88000 164.21 0.279399
8.89000 171.8 0.276184
8.90000 185.38 0.270964
8.91000 290.05 0.242322
8.92000 513.41 0.210073
8.93000 1016.86 0.177081
8.94000 1694.12 0.15587
8.95000 1738.29 0.154876
8.96000 1581.35 0.15857
8.97000 917.92 0.181668
8.98000 405.23 0.222884
8.99000 236.58 0.254989
9.00000 181.44 0.272468
9.01000 168.65 0.277457
9.02000 160.26 0.28105
9.03000 173.06 0.275659
9.04000 169.47 0.277137
9.05000 159.48 0.281383
9.06000 172.67 0.275869
9.07000 156.68 0.282617
9.08000 146.7 0.287361
9.09000 176.69 0.274307
9.10000 172.69 0.275869
9.11000 152.71 0.28444
9.12000 165.51 0.278747
9.13000 153.12 0.284325
9.14000 158.71 0.281718
9.15000 147.51 0.286888
9.16000 154.32 0.283752
9.17000 154.72 0.283524
9.18000 160.73 0.280828
9.19000 161.12 0.280717
9.20000 149.12 0.286182
9.21000 157.92 0.282054
9.22000 175.13 0.274929
9.23000 166.74 0.278315
9.24000 155.14 0.283296
9.25000 157.14 0.282391
9.26000 163.94 0.279508
9.27000 149.95 0.285714
9.28000 154.76 0.283524
9.29000 171.96 0.276184
9.30000 152.37 0.28467
9.31000 161.17 0.280607
9.32000 144.38 0.288435
9.33000 155.59 0.283183
9.34000 162.77 0.279946
9.35000 153.59 0.284095
9.36000 155.59 0.283183
9.37000 158.39 0.28183
9.38000 153.99 0.283866
9.39000 166.8 0.278207
9.40000 158.8 0.281718
9.41000 164.01 0.279399
9.42000 162.02 0.280276
9.43000 164.43 0.27929
9.44000 148.42 0.286534
9.45000 164.03 0.279399
9.46000 163.23 0.279727
9.47000 158.85 0.281718
9.48000 155.65 0.283069
9.49000 150.45 0.285481
9.50000 149.65 0.285948
9.51000 149.66 0.285948
9.52000 158.05 0.282054
9.53000 167.67 0.277885
9.54000 154.07 0.283866
9.55000 157.68 0.282166
9.56000 151.68 0.284901
9.57000 180.49 0.272874
9.58000 170.08 0.276924
9.59000 162.49 0.280056
9.60000 169.3 0.277243
9.61000 156.1 0.282956
9.62000 158.91 0.281606
9.63000 171.72 0.276289
9.64000 154.51 0.283638
9.65000 156.92 0.282504
9.66000 165.72 0.278747
9.67000 157.72 0.282166
9.68000 149.71 0.285831
9.69000 160.53 0.280939
9.70000 160.94 0.280717
9.71000 159.34 0.281495
9.72000 160.55 0.280939
9.73000 156.96 0.282504
9.74000 174.56 0.275137
9.75000 149.34 0.286065
9.76000 146.55 0.287361
9.77000 150.95 0.285249
9.78000 158.17 0.281942
9.79000 164.97 0.279073
9.80000 146.55 0.287361
9.81000 162.58 0.280056
9.82000 162.19 0.280166
9.83000 176.2 0.274514
9.84000 156.19 0.282843
9.85000 165 0.278964
9.86000 165.41 0.278856
9.87000 162.61 0.280056
9.88000 151.4 0.285133
9.89000 150.21 0.285598
9.90000 168.23 0.277671
9.91000 167.83 0.277885
9.92000 163.83 0.279508
9.93000 167.04 0.278207
9.94000 156.23 0.282843
9.95000 153.43 0.284095
9.96000 170.25 0.276818
9.97000 166.24 0.278531
9.98000 151.83 0.284901
9.99000 149.83 0.285831
10.00000 167.46 0.277992
10.01000 173.49 0.275554
10.02000 148.65 0.286417
10.03000 165.48 0.278856
10.04000 152.67 0.28444
10.05000 163.48 0.279618
10.06000 152.27 0.28467
10.07000 167.89 0.277778
10.08000 165.9 0.278639
10.09000 147.06 0.287124
10.10000 169.91 0.277031
10.11000 184.74 0.271263
10.12000 173.52 0.275554
10.13000 165.91 0.278639
10.14000 153.88 0.283981
10.15000 167.92 0.277778
10.16000 153.09 0.284325
10.17000 169.92 0.276924
10.18000 169.13 0.27735
10.19000 169.54 0.277137
10.20000 177.57 0.273896
10.21000 180.38 0.272874
10.22000 172.36 0.275974
10.23000 200.42 0.265747
10.24000 252.13 0.250943
10.25000 428.92 0.21974
10.26000 1163.75 0.171222
10.27000 3550.54 0.129543
10.28000 6162.51 0.112867
10.29000 7668.56 0.106862
10.30000 6592.52 0.110981
10.31000 4530.54 0.121888
10.32000 2175.05 0.146427
10.33000 775.79 0.18949
10.34000 272.23 0.246183
10.35000 201.27 0.265466
10.36000 183.23 0.271763
10.37000 149.95 0.285714
10.38000 165.99 0.278639
10.39000 164 0.279399
10.40000 164.4 0.27929
10.41000 168.83 0.277457
10.42000 164.41 0.27929
10.43000 153.98 0.283866
10.44000 149.57 0.285948
10.45000 155.99 0.282956
10.46000 161.2 0.280607
10.47000 165.22 0.278964
10.48000 154.4 0.283638
10.49000 172.06 0.276079
10.50000 160.43 0.280939
10.51000 177.68 0.273896
10.52000 165.64 0.278747
10.53000 165.65 0.278747
10.54000 159.64 0.281383
10.55000 172.88 0.275764
10.56000 193.35 0.268124
10.57000 228.64 0.257172
10.58000 316.49 0.237089
10.59000 412.8 0.221839
10.60000 377.09 0.226921
10.61000 296.86 0.240911
10.62000 263.15 0.248299
10.63000 229.48 0.256917
10.64000 253.56 0.250627
10.65000 334.61 0.233826
10.66000 374.34 0.227331
10.67000 381.18 0.226339
10.68000 307.75 0.238773
10.69000 247.95 0.251976
10.70000 186.58 0.270567
10.71000 170.14 0.276924
10.72000 164.52 0.279182
10.73000 158.5 0.28183
10.74000 156.51 0.28273
10.75000 164.54 0.279182
10.76000 162.52 0.280056
10.77000 162.53 0.280056
10.78000 167.76 0.277885
10.79000 158.12 0.282054
10.80000 159.33 0.281495
10.81000 158.94 0.281606
10.82000 156.95 0.282504
10.83000 166.58 0.278315
10.84000 162.98 0.279837
10.85000 161.37 0.280607
10.86000 163.38 0.279727
10.87000 163.79 0.279508
10.88000 155.36 0.283296
10.89000 177.46 0.273998
10.90000 165.41 0.278856
10.91000 147.33 0.287006
10.92000 170.23 0.276818
10.93000 159.79 0.281272
10.94000 177.06 0.274101
10.95000 167.44 0.277992
10.96000 148.56 0.286417
10.97000 173.06 0.275659
10.98000 151.78 0.284901
10.99000 164.64 0.279182
11.00000 164.65 0.279182
11.01000 165.86 0.278639
11.02000 165.07 0.278964
11.03000 158.25 0.281942
11.04000 178.33 0.27369
11.05000 158.65 0.281718
11.06000 159.45 0.281383
11.07000 186.38 0.270666
11.08000 172.31 0.275974
11.09000 174.73 0.275033
11.10000 166.31 0.278423
11.11000 145.81 0.287718
11.12000 168.32 0.277671
11.13000 168.72 0.277457
11.14000 162.7 0.279946
11.15000 171.14 0.276501
11.16000 157.09 0.282504
11.17000 165.93 0.278639
11.18000 171.16 0.276501
11.19000 186.43 0.270666
11.20000 168.74 0.277457
11.21000 178.79 0.273485
11.22000 173.17 0.275659
11.23000 159.91 0.281161
11.24000 160.33 0.28105
11.25000 153.09 0.284325
11.26000 175.21 0.274825
11.27000 151.09 0.285249
11.28000 162.75 0.279946
11.29000 185.26 0.271063
11.30000 161.54 0.280496
11.31000 174.01 0.275345
11.32000 173.22 0.275659
11.33000 179.25 0.273281
11.34000 163.17 0.279837
11.35000 161.57 0.280496
11.36000 168.8 0.277457
11.37000 175.24 0.274825
11.38000 169.62 0.277137
11.39000 163.19 0.279837
11.40000 168.43 0.277564
11.41000 175.66 0.274721
11.42000 161.19 0.280607
11.43000 170.87 0.276606
11.44000 185.35 0.271063
11.45000 165.24 0.278964
11.46000 163.24 0.279727
11.47000 170.47 0.276712
11.48000 167.68 0.277885
11.49000 168.08 0.277778
11.50000 165.67 0.278747
11.51000 168.08 0.277778
11.52000 180.15 0.272976
11.53000 184.57 0.271263
11.54000 187.79 0.270172
11.55000 160.86 0.280828
11.56000 174.13 0.275241
11.57000 178.96 0.273383
11.58000 159.27 0.281495
11.59000 196.26 0.267166
11.60000 187.81 0.270172
11.61000 188.63 0.269876
11.62000 201.11 0.26556
11.63000 197.48 0.266785
11.64000 212.77 0.261802
11.65000 211.57 0.262161
11.66000 257.84 0.249533
11.67000 464.62 0.215365
11.68000 1125.13 0.172671
11.69000 2147.09 0.1469
11.70000 5487.34 0.116185
11.71000 9135.25 0.102286
11.73000 7499.41 0.107459
11.74000 4247.31 0.123873
11.75000 1883.02 0.151812
11.76000 875.92 0.183804
11.77000 388.67 0.225246
11.78000 263.94 0.248069
11.79000 218.08 0.260201
11.80000 217.29 0.260466
11.81000 205.23 0.264166
11.82000 220.92 0.259412
11.83000 264.78 0.247917
11.84000 283.71 0.243685
11.85000 380.73 0.226397
11.86000 336.05 0.233571
11.87000 320.76 0.236294
11.88000 242.28 0.253429
11.89000 190.38 0.269191
11.90000 179.91 0.273077
11.91000 191.18 0.268899
11.92000 177.11 0.274101
11.93000 192.8 0.268317
11.94000 163.83 0.279508
11.95000 165.44 0.278856
11.96000 167.86 0.277778
11.97000 169.89 0.277031
11.98000 167.07 0.2781
11.99000 174.32 0.275241
12.00000 181.57 0.272468
12.01000 183.59 0.271663
12.02000 183.99 0.271563
12.03000 193.26 0.268221
12.04000 173.53 0.275554
12.05000 188.43 0.269876
12.06000 186.02 0.270765
12.07000 219.04 0.259938
12.08000 344.69 0.232057
12.09000 349.13 0.231311
12.10000 334.62 0.233826
12.11000 272.22 0.246183
12.12000 237.2 0.254824
12.13000 221.5 0.259238
12.14000 191.71 0.268705
12.15000 197.76 0.26669
12.16000 262.6 0.248452
12.17000 491.38 0.212382
12.18000 1456.82 0.16186
12.19000 3095 0.134074
12.20000 4466.3 0.122325
12.21000 3866.34 0.126816
12.22000 2377.64 0.143208
12.23000 1081.2 0.174395
12.24000 439.49 0.218426
12.25000 255 0.250235
12.26000 224.78 0.258285
12.27000 196.99 0.26688
12.28000 193.77 0.268028
12.29000 199.41 0.266123
12.30000 207.08 0.263615
12.31000 196.21 0.267166
12.32000 184.93 0.271163
12.33000 176.07 0.274514
12.34000 180.51 0.272772
12.35000 177.3 0.273998
12.36000 200.27 0.265841
12.37000 195.83 0.267357
12.38000 206.31 0.26389
12.39000 239.36 0.254246
12.40000 359.46 0.229658
12.41000 664.14 0.196989
12.42000 1581.75 0.15857
12.43000 3334.58 0.13159
12.44000 3967.94 0.125998
12.45000 4230.76 0.123997
12.46000 3219.44 0.132756
12.47000 1523.57 0.160067
12.48000 736.83 0.191953
12.49000 372.04 0.227685
12.50000 245.48 0.252619
12.51000 223.72 0.258544
12.52000 197.95 0.266596
12.53000 197.94 0.266596
12.54000 187.87 0.270073
12.55000 193.53 0.268124
12.56000 175.38 0.274825
12.57000 185.06 0.271163
12.58000 189.51 0.269484
12.59000 189.51 0.269484
12.60000 173.39 0.275554
12.61000 177.83 0.273793
12.62000 180.26 0.272874
12.63000 175.03 0.274929
12.64000 201.24 0.265466
12.65000 190.76 0.269093
12.66000 190.76 0.269093
12.67000 169.78 0.277031
12.68000 168.58 0.277564
12.69000 196 0.267261
12.70000 182.72 0.271964
12.71000 181.93 0.272266
12.72000 174.66 0.275033
12.73000 177.08 0.274101
12.74000 181.53 0.272468
12.75000 184.76 0.271263
12.76000 174.69 0.275033
12.77000 192.83 0.268317
12.78000 177.91 0.273793
12.79000 206.55 0.263798
12.80000 186.38 0.270666
12.81000 186.78 0.270468
12.82000 192.45 0.268511
12.83000 173.9 0.275345
12.84000 183.99 0.271563
12.85000 174.72 0.275033
12.86000 178.75 0.273485
12.87000 183.99 0.271563
12.88000 183.99 0.271563
12.89000 179.16 0.273281
12.90000 188.05 0.270073
12.91000 181.99 0.272266
12.92000 185.23 0.271063
12.93000 192.9 0.268317
12.94000 173.12 0.275659
12.95000 177.97 0.273793
12.96000 190.09 0.269289
12.97000 196.13 0.267261
12.98000 192.52 0.268414
12.99000 187.67 0.270172
13.00000 181.62 0.272367
13.01000 186.47 0.270567
13.02000 174.36 0.275241
13.03000 186.07 0.270765
13.04000 180.02 0.272976
13.05000 194.55 0.26774
13.06000 194.16 0.267932
13.07000 202.65 0.264999
13.08000 195.78 0.267357
13.09000 208.7 0.263067
13.10000 242.22 0.25351
13.11000 337.49 0.233316
13.12000 553.54 0.206153
13.13000 738.02 0.191847
13.14000 746.15 0.19132
13.15000 623.44 0.20012
13.16000 449.79 0.217135
13.17000 335.53 0.233635
13.18000 237.42 0.254741
13.19000 241.07 0.253755
13.20000 212.81 0.261802
13.21000 213.21 0.261712
13.22000 214.84 0.261176
13.23000 209.98 0.262703
13.24000 188.99 0.26968
13.25000 193.03 0.268317
13.26000 195.87 0.267261
13.27000 209.19 0.262976
13.28000 238.27 0.254493
13.29000 288.35 0.242678
13.30000 329.97 0.234597
13.31000 390.15 0.225018
13.32000 357.45 0.229961
13.33000 320.28 0.23636
13.34000 255.67 0.250078
13.35000 223.76 0.258544
13.36000 255.68 0.250078
13.37000 199.13 0.266217
13.38000 210.05 0.262703
13.39000 210.45 0.262522
13.40000 246.4 0.252377
13.41000 277.12 0.245072
13.42000 519.49 0.209473
13.43000 871.38 0.184053
13.44000 1127.15 0.172593
13.45000 1452 0.161987
13.46000 1550.94 0.159354
13.47000 1519.14 0.160169
13.48000 1142.61 0.172005
13.49000 834.76 0.186049
13.50000 577.02 0.204039
13.51000 365.29 0.228755
13.52000 229.92 0.256833
13.53000 231.13 0.256495
13.54000 199.61 0.266029
13.55000 223.86 0.258544
13.56000 204.47 0.264443
13.57000 211.34 0.262251
13.58000 191.96 0.268705
13.59000 200.04 0.265935
13.60000 215.41 0.260998
13.61000 285.35 0.243324
13.62000 349.2 0.231311
13.63000 417.15 0.221295
13.64000 403.39 0.223161
13.65000 318.51 0.236691
13.66000 270.03 0.246707
13.67000 221.12 0.259325
13.68000 206.95 0.263615
13.69000 224.34 0.258371
13.70000 217.89 0.26029
13.71000 221.55 0.259238
13.72000 233.68 0.255739
13.73000 215.09 0.261087
13.74000 259.96 0.249068
13.75000 363.9 0.228934
13.76000 682.85 0.195628
13.77000 1749.05 0.154635
13.78000 2619.36 0.139782
13.79000 2877.92 0.136526
13.80000 2974.39 0.135407
13.81000 2102.67 0.147683
13.82000 859.7 0.184679
13.83000 484.06 0.213201
13.84000 306.11 0.239046
13.85000 242.24 0.25351
13.86000 229.3 0.257002
13.87000 230.12 0.256748
13.88000 213.93 0.261443
13.89000 215.16 0.261087
13.90000 228.91 0.257087
13.91000 208.29 0.263249
13.92000 203.03 0.264906
13.93000 217.59 0.260378
13.94000 198.6 0.266406
13.95000 207.9 0.26334
13.96000 213.58 0.261622
13.97000 205.48 0.264166
13.98000 213.19 0.261712
13.99000 218.45 0.260113
14.00000 211.59 0.262161
14.01000 218.06 0.260201
14.02000 211.19 0.262342
14.03000 199.87 0.265935
14.04000 221.32 0.259238
14.05000 211.61 0.262161
14.06000 203.12 0.264906
14.07000 216.88 0.260555
14.08000 213.65 0.261533
14.09000 195.44 0.267452
14.10000 224.18 0.258457
14.11000 201.1 0.26556
14.12000 215.28 0.261087
14.13000 218.12 0.260201
14.14000 208.02 0.26334
14.15000 213.26 0.261712
14.16000 200.32 0.265841
14.17000 218.92 0.259938
14.18000 222.99 0.258803
14.19000 221.37 0.259238
14.20000 212.87 0.261802
14.21000 235.54 0.255238
14.22000 192.66 0.268414
14.23000 227.04 0.257599
14.24000 227.06 0.257599
14.25000 225.45 0.258113
14.26000 210.05 0.262703
14.27000 228.29 0.257257
14.28000 228.68 0.257172
14.29000 229.91 0.256833
14.30000 216.56 0.260643
14.31000 230.35 0.256664
14.32000 222.66 0.25889
14.33000 231.58 0.256326
14.34000 227.53 0.257513
14.35000 222.28 0.258977
14.36000 227.95 0.257343
14.37000 242.92 0.253266
14.38000 231.19 0.256495
14.39000 223.1 0.258717
14.40000 252.25 0.250943
14.41000 238.08 0.254576
14.42000 239.31 0.254246
14.43000 283.05 0.24383
14.44000 422.76 0.220541
14.45000 820.44 0.186859
14.46000 1202.28 0.169833
14.47000 1363.16 0.164577
14.48000 1279.76 0.167202
14.49000 804.34 0.187779
14.50000 402.58 0.223272
14.51000 284.74 0.243468
14.52000 230.47 0.256664
14.53000 272.2 0.246183
14.54000 298.93 0.240493
14.55000 305.42 0.239182
14.56000 307.46 0.238841
14.57000 277.51 0.244998
14.58000 253.6 0.250627
14.59000 241.05 0.253755
14.60000 250.75 0.251259
14.61000 235.37 0.255321
14.62000 224.86 0.258199
14.63000 231.74 0.256326
14.64000 248.36 0.251896
14.65000 237.02 0.254824
14.66000 292.13 0.241896
14.67000 386.95 0.225475
14.68000 752 0.19097
14.69000 1276.7 0.167295
14.70000 1344.81 0.165137
14.71000 1224.47 0.169055
14.72000 844.05 0.185535
14.73000 476.15 0.214078
14.74000 445.76 0.217649
14.75000 664.15 0.196989
14.76000 942.54 0.180481
14.77000 1072.2 0.174767
14.78000 886.28 0.183278
14.79000 594.95 0.202486
14.80000 358.68 0.229779
14.81000 298.69 0.240563
14.82000 258.18 0.249455
14.83000 254.96 0.250235
14.84000 246.43 0.252377
14.85000 250.09 0.251498
14.86000 237.51 0.254741
14.87000 243.59 0.253104
14.88000 251.3 0.25118
14.89000 261.86 0.248606
14.90000 251.32 0.25118
14.91000 243.23 0.253185
14.92000 260.27 0.248991
14.93000 305.67 0.239182
14.94000 463.35 0.215515
14.95000 665.63 0.196875
14.96000 931.18 0.181012
14.97000 934.09 0.180894
14.98000 891.07 0.183032
14.99000 525.03 0.208924
15.00000 306.07 0.239114
15.01000 276.1 0.245293
15.02000 247.32 0.252136
15.03000 233.96 0.255655
15.04000 244.51 0.252861
15.05000 240.46 0.253918
15.06000 246.14 0.252458
15.07000 251.81 0.251022
15.08000 249.38 0.251657
15.09000 261.96 0.248529
15.10000 262.78 0.248375
15.11000 246.98 0.252217
15.12000 263.59 0.248146
15.13000 255.51 0.250156
15.14000 249.02 0.251737
15.15000 249 0.251737
15.16000 251.44 0.251101
15.17000 248.63 0.251816
15.18000 250.24 0.251418
15.19000 244.98 0.25278
15.20000 256.75 0.249844
15.21000 263.65 0.248146
15.22000 261.25 0.248759
15.23000 257.6 0.24961
15.24000 245.43 0.252619
15.25000 254.36 0.250392
15.26000 284.77 0.243396
15.27000 262.67 0.248375
15.28000 258.97 0.2493
15.29000 293.12 0.241684
15.30000 292.05 0.241896
15.31000 309.92 0.238366
15.32000 313.84 0.237557
15.33000 298.48 0.240563
15.34000 297.73 0.240772
15.35000 308.09 0.238705
15.36000 327.96 0.234985
15.37000 309.33 0.238433
15.38000 300.26 0.240215
15.39000 308.22 0.238637
15.40000 308.25 0.238637
15.41000 323.78 0.235768
15.42000 325.04 0.235506
15.43000 319.5 0.236558
15.44000 306 0.239114
15.45000 305.63 0.239182
15.46000 329.89 0.234662
15.47000 310.04 0.238298
15.48000 315.24 0.237356
15.49000 299.73 0.240354
15.50000 301.75 0.239939
15.51000 323.63 0.235768
15.52000 326.43 0.235245
15.53000 329.61 0.234662
15.54000 314.93 0.237356
15.55000 336.41 0.233507
15.56000 304.62 0.239388
15.57000 313.4 0.237691
15.58000 341.64 0.232621
15.59000 314.21 0.23749
15.60000 342.48 0.232432
15.61000 355.23 0.230327
15.62000 309.48 0.238433
15.63000 314.3 0.23749
15.64000 294.39 0.241402
15.65000 333.39 0.234018
15.66000 326.25 0.23531
15.67000 320.68 0.236294
15.68000 332.64 0.234146
15.69000 320.72 0.236294
15.70000 328.25 0.23492
15.71000 317.53 0.23689
15.72000 336.26 0.233507
15.73000 342.62 0.232432
15.74000 323.94 0.235702
15.75000 323.94 0.235702
15.76000 339.48 0.233
15.77000 333.95 0.233954
15.78000 351.47 0.23094
15.79000 337.55 0.233316
15.80000 345.91 0.231869
15.81000 398.03 0.223887
15.82000 415.94 0.221458
15.83000 406.42 0.222718
15.84000 422.76 0.220541
15.85000 592.74 0.202652
15.86000 666.83 0.196799
15.87000 674.41 0.196229
15.88000 576.52 0.204082
15.89000 494.13 0.212095
15.90000 399.77 0.223663
15.91000 355.18 0.230327
15.92000 340.84 0.232747
15.93000 379.09 0.22663
15.94000 441.58 0.218166
15.95000 674.57 0.196229
15.96000 912.28 0.181969
15.97000 922.3 0.181459
15.98000 751.48 0.191005
15.99000 583.01 0.203489
16.00000 444.45 0.217803
16.01000 385.52 0.225704
16.02000 362.44 0.229175
16.03000 381.94 0.226224
16.04000 368.42 0.228277
16.05000 377.19 0.226921
16.06000 475.99 0.214078
16.07000 786.68 0.188814
16.08000 1937.17 0.150739
16.09000 3961.6 0.126048
16.10000 5890.81 0.114146
16.11000 5112.41 0.118262
16.12000 4030.86 0.125501
16.13000 2202.2 0.145974
16.14000 915.04 0.181818
16.15000 570.08 0.204636
16.16000 414.72 0.221621
16.17000 390.02 0.225018
16.18000 366.16 0.228575
16.19000 357.79 0.2299
16.20000 374.51 0.227331
16.21000 346.62 0.231745
16.22000 369.74 0.22804
16.23000 353.03 0.230694
16.24000 355.01 0.230388
16.25000 363.78 0.228994
16.26000 362.61 0.229175
16.27000 364.2 0.228934
16.28000 335.52 0.233635
16.29000 355.83 0.230266
16.30000 349.08 0.231372
16.31000 332.35 0.234211
16.32000 381.76 0.226224
16.33000 372.21 0.227685
16.34000 383.39 0.225992
16.35000 387.73 0.22536
16.36000 333.96 0.233954
16.37000 360.68 0.229476
16.38000 375.04 0.227214
16.39000 342.77 0.232432
16.40000 387.81 0.22536
16.41000 365.88 0.228635
16.42000 333.22 0.234082
16.43000 375.04 0.227214
16.44000 325.65 0.235376
16.45000 368.3 0.228277
16.46000 376.64 0.22698
16.47000 347.14 0.231683
16.48000 370.65 0.227921
16.49000 337.2 0.23338
16.50000 373.85 0.22739
16.51000 381.45 0.226281
16.52000 349.55 0.231249
16.53000 349.14 0.231311
16.54000 391.84 0.22479
16.55000 384.29 0.225877
16.56000 347.22 0.231683
16.57000 355.18 0.230327
16.58000 369.16 0.228158
16.59000 369.57 0.228099
16.60000 362 0.229235
16.61000 385.52 0.225704
16.62000 371.56 0.227744
16.63000 371.58 0.227744
16.64000 360.04 0.229597
16.65000 374.78 0.227273
16.66000 384.35 0.225877
16.67000 369.22 0.228099
16.68000 372.82 0.227567
16.69000 380.79 0.226397
16.70000 359.25 0.229718
16.71000 393.51 0.224507
16.72000 360.85 0.229416
16.73000 385.61 0.225647
16.74000 384.41 0.225819
16.75000 384.43 0.225819
16.76000 370.07 0.22798
16.77000 367.69 0.228337
16.78000 384.43 0.225819
16.79000 376.07 0.227097
16.80000 357.74 0.229961
16.81000 391.23 0.224847
16.82000 352.15 0.230817
16.83000 370.09 0.22798
16.84000 408.79 0.222387
16.85000 406.41 0.222718
16.86000 411.21 0.222058
16.87000 445.1 0.2177
16.88000 449.89 0.217135
16.89000 390.47 0.224961
16.90000 399.66 0.223663
16.91000 405.24 0.222884
16.92000 433.19 0.219212
16.93000 648.22 0.198185
16.94000 827.3 0.186469
16.95000 922.24 0.181459
16.96000 896.69 0.182757
16.97000 664.12 0.196989
16.98000 560.85 0.205499
16.99000 453.56 0.216676
17.00000 416.87 0.221295
17.01000 398.51 0.223831
17.02000 372.19 0.227685
17.03000 379.8 0.226513
17.04000 391.37 0.224847
17.05000 347.88 0.231558
17.06000 353.08 0.230694
17.07000 353.87 0.230571
17.08000 382.99 0.22605
17.09000 384.2 0.225877
17.10000 373.85 0.22739
17.11000 377.83 0.226805
17.12000 374.63 0.227273
17.13000 361.48 0.229355
17.14000 393.41 0.224563
17.15000 395.43 0.224224
17.16000 373.45 0.227508
17.17000 392.62 0.224677
17.18000 371.08 0.227862
17.19000 385.47 0.225704
17.20000 365.12 0.228755
17.21000 391.89 0.224733
17.22000 402.61 0.223217
17.23000 389.04 0.225189
17.24000 401.88 0.223328
17.25000 390.68 0.224904
17.26000 397.09 0.223999
17.27000 390.69 0.224904
17.28000 390.3 0.224961
17.29000 378.34 0.226746
17.30000 397.88 0.223887
17.31000 393.13 0.224563
17.32000 383.95 0.225935
17.33000 395.91 0.224168
17.34000 388.71 0.225189
17.35000 369.2 0.228158
17.36000 385.16 0.225704
17.37000 378.41 0.226746
17.38000 390.75 0.224904
17.39000 393.95 0.22445
17.40000 393.56 0.224507
17.41000 390.76 0.224904
17.42000 393.98 0.22445
17.43000 437.51 0.218635
17.44000 430.75 0.219529
17.45000 396.81 0.224055
17.46000 401.24 0.223439
17.47000 395.21 0.224281
17.48000 393.25 0.224563
17.49000 396.45 0.224112
17.50000 364.51 0.228874
17.51000 387.26 0.225417
17.52000 398.83 0.223775
17.53000 390.05 0.225018
17.54000 386.06 0.225589
17.55000 391.25 0.224847
17.56000 392.07 0.224733
17.57000 411.64 0.222003
17.58000 409.65 0.222277
17.59000 428.46 0.219793
17.60000 459.19 0.216017
17.61000 504.75 0.210959
17.62000 492.36 0.212286
17.63000 485.57 0.213007
17.64000 454.84 0.216523
17.65000 418.91 0.221025
17.66000 401.34 0.223439
17.67000 384.18 0.225877
17.68000 393.38 0.224563
17.69000 405.74 0.222828
17.70000 398.94 0.223775
17.71000 391.37 0.224847
17.72000 465.25 0.215315
17.73000 518.4 0.209565
17.74000 715.65 0.193347
17.75000 1311.54 0.16616
17.76000 2214.24 0.145772
17.77000 2270.93 0.144867
17.78000 2175.05 0.146427
17.79000 1551.4 0.159333
17.80000 1007.43 0.177499
17.81000 599.17 0.202113
17.82000 476.11 0.214078
17.83000 478.53 0.213785
17.84000 506.9 0.210772
17.85000 592.36 0.202693
17.86000 1148.48 0.171777
17.87000 3061.74 0.134437
17.88000 6310.76 0.112197
17.89000 8215.42 0.105036
17.90000 7852.33 0.106233
17.91000 5414.25 0.116579
17.92000 2658.86 0.139266
17.93000 1326.9 0.16568
17.94000 777.05 0.189389
17.95000 696.33 0.194662
17.96000 727.11 0.192593
17.97000 567.73 0.204851
17.98000 524.64 0.208924
17.99000 484.67 0.213104
18.00000 415.95 0.221458
18.01000 407.97 0.222497
18.02000 435.16 0.218949
18.03000 477.92 0.213882
18.04000 685.73 0.195403
18.05000 939.04 0.180657
18.06000 1013.02 0.177248
18.07000 997.02 0.177948
18.08000 760.47 0.190416
18.09000 541.5 0.207301
18.10000 425.99 0.220113
18.11000 406.43 0.222718
18.12000 392.85 0.22462
18.13000 400.06 0.223607
18.14000 379.69 0.226513
18.15000 394.84 0.224337
18.16000 379.27 0.22663
18.17000 365.71 0.228695
18.18000 404.47 0.222994
18.19000 375.68 0.227155
18.20000 369.33 0.228099
18.21000 389.35 0.225132
18.22000 384.11 0.225877
18.23000 387.71 0.22536
18.24000 380.14 0.226455
18.25000 376.94 0.22698
18.26000 375.35 0.227214
18.27000 382.14 0.226166
18.28000 375.74 0.227155
18.29000 376.17 0.227038
18.30000 376.98 0.226921
18.31000 357.39 0.230022
18.32000 382.21 0.226166
18.33000 373.83 0.227449
18.34000 368.6 0.228218
18.35000 390.61 0.224961
18.36000 361.03 0.229416
18.37000 409.82 0.222277
18.38000 381.82 0.226224
18.39000 388.22 0.225303
18.40000 440.63 0.21827
18.41000 457.84 0.216169
18.42000 453.8 0.216676
18.43000 447.02 0.217494
18.44000 440.64 0.21827
18.45000 420.29 0.220863
18.46000 383.1 0.22605
18.47000 367.9 0.228337
18.48000 417.9 0.221187
18.49000 364.33 0.228874
18.50000 373.11 0.227508
18.51000 385.52 0.225704
18.52000 358.76 0.229779
18.53000 366.74 0.228515
18.54000 373.54 0.227449
18.55000 383.97 0.225877
18.56000 372 0.227685
18.57000 393.97 0.22445
18.58000 409.59 0.222277
18.59000 399.58 0.223663
18.60000 424.4 0.220326
18.61000 477.22 0.213931
18.62000 590.44 0.20286
18.63000 781.65 0.189117
18.64000 830.44 0.186274
18.65000 739.26 0.191777
18.66000 538.5 0.207569
18.67000 470.85 0.214669
18.68000 418.07 0.221133
18.69000 376.88 0.22698
18.70000 377.28 0.226921
18.71000 394.08 0.22445
18.72000 370.5 0.227921
18.73000 369.68 0.22804
18.74000 381.71 0.226224
18.75000 411.68 0.222003
18.76000 407.7 0.222552
18.77000 470.9 0.214669
18.78000 412.1 0.221948
18.79000 396.91 0.224055
18.80000 406.11 0.222773
18.81000 557.35 0.205803
18.82000 753.43 0.190866
18.83000 756.61 0.190658
18.84000 723.45 0.192807
18.85000 567.41 0.204894
18.86000 456.95 0.21627
18.87000 448.97 0.217237
18.88000 473.8 0.214324
18.89000 541.83 0.207257
18.90000 508.62 0.210585
18.91000 485.81 0.213007
18.92000 435.8 0.218844
18.93000 382.98 0.22605
18.94000 408.99 0.222387
18.95000 370.57 0.227921
18.96000 398.99 0.223775
18.97000 379.38 0.226572
18.98000 407.85 0.222497
18.99000 387.06 0.225475
19.00000 494.32 0.212095
19.01000 649.59 0.198068
19.02000 1544.7 0.159516
19.03000 4347.9 0.123147
19.04000 7618.2 0.107039
19.05000 10000 0.1
19.06000 7723.11 0.106673
19.07000 5416.6 0.116563
19.08000 2194.76 0.146098
19.09000 1127.72 0.172568
19.10000 696.96 0.194625
19.11000 849.51 0.185217
19.12000 1166.63 0.171096
19.13000 1379.22 0.164089
19.14000 1262.4 0.167765
19.15000 928.06 0.18119
19.16000 679.06 0.19589
19.17000 471.28 0.21462
19.18000 420.78 0.220809
19.19000 414 0.221676
19.20000 382.78 0.226108
19.21000 388.41 0.225246
19.22000 392.41 0.224677
19.23000 392.8 0.22462
19.24000 365.59 0.228695
19.25000 363.61 0.228994
19.26000 369.62 0.22804
19.27000 361.61 0.229295
19.28000 370.42 0.227921
19.29000 365.21 0.228755
19.30000 351.6 0.23094
19.31000 358.43 0.22984
19.32000 379.28 0.226572
19.33000 350.83 0.231063
19.34000 326.82 0.23518
19.35000 380.9 0.226339
19.36000 380.09 0.226455
19.37000 386.92 0.225475
19.38000 372.89 0.227567
19.39000 361.31 0.229355
19.40000 363.71 0.228994
19.41000 350.52 0.231125
19.42000 316.04 0.237156
19.43000 340.87 0.232747
19.44000 331.25 0.234404
19.45000 379.72 0.226513
19.46000 313.24 0.237691
19.47000 323.67 0.235768
19.48000 343.29 0.232307
19.49000 346.52 0.231745
19.50000 317.67 0.23689
19.51000 341.31 0.232684
19.52000 341.33 0.232621
19.53000 367.39 0.228396
19.54000 385.82 0.225647
19.55000 504.83 0.210959
19.56000 605.81 0.201578
19.57000 707.98 0.193855
19.58000 628.3 0.199721
19.59000 526.12 0.208787
19.60000 430.76 0.219529
19.61000 399.5 0.223663
19.62000 376.67 0.22698
19.63000 329.8 0.234662
19.64000 342.64 0.232432
19.65000 333.8 0.233954
19.66000 319.8 0.236492
19.67000 341.82 0.232558
19.68000 354.29 0.23051
19.69000 335.46 0.233635
19.70000 365.5 0.228695
19.71000 462.92 0.215565
19.72000 585.18 0.203321
19.73000 690.6 0.195069
19.74000 654.11 0.19772
19.75000 529.09 0.208514
19.76000 441.32 0.218166
19.77000 370.36 0.22798
19.78000 346.32 0.231807
19.79000 323.5 0.235768
19.80000 341.54 0.232621
19.81000 363.18 0.229054
19.82000 412.09 0.221948
19.83000 509.13 0.210538
19.84000 733.64 0.19213
19.85000 893.16 0.18291
19.86000 907.61 0.18218
19.87000 803.83 0.187812
19.88000 647.88 0.198224
19.89000 586.56 0.203195
19.90000 538.45 0.207614
19.91000 449.88 0.217135
19.92000 400.55 0.223551
19.93000 420.59 0.220809
19.94000 610.63 0.20117
19.95000 929.38 0.181101
19.96000 1235.8 0.16867
19.97000 1125.21 0.172671
19.98000 963.12 0.179518
19.99000 626.74 0.19988
20.00000 439.9 0.218374
20.01000 444.71 0.217752
20.02000 413.45 0.221785
20.03000 433.51 0.219159
20.04000 407.83 0.222552
20.05000 386.17 0.225589
20.06000 358.94 0.229718
20.07000 335.27 0.233698
20.08000 323.25 0.235833
20.09000 320.05 0.236426
20.10000 316.05 0.237156
20.11000 315.63 0.237223
20.12000 323.65 0.235768
20.13000 303.2 0.239663
20.14000 318.88 0.236624
20.15000 310.44 0.23823
20.16000 327.72 0.23505
20.17000 317.28 0.236956
20.18000 325.33 0.235441
20.19000 411.57 0.222003
20.20000 507.45 0.210678
20.21000 734.94 0.192059
20.22000 1028.93 0.176556
20.23000 977.23 0.178857
20.24000 761.02 0.190381
20.25000 589.71 0.202944
20.26000 442.53 0.21801
20.27000 359.47 0.229658
20.28000 331.81 0.234275
20.29000 315.76 0.237223
20.30000 300.91 0.240077
20.31000 306.92 0.238909
20.32000 312.15 0.237893
20.33000 314.98 0.237356
20.34000 299.33 0.240424
20.35000 326.61 0.235245
20.36000 309.35 0.238433
20.37000 324.61 0.235571
20.38000 313.8 0.237624
20.39000 319.01 0.236624
20.40000 290.14 0.242322
20.41000 311.77 0.23796
20.42000 317.03 0.236956
20.43000 302.59 0.239732
20.44000 323.06 0.235899
20.45000 318.64 0.236691
20.46000 311.83 0.23796
20.47000 305.82 0.239114
20.48000 306.61 0.238977
20.49000 305.82 0.239114
20.50000 307.44 0.238841
20.51000 305.45 0.239182
20.52000 303.02 0.239663
20.53000 320.28 0.23636
20.54000 308.64 0.238569
20.55000 305.45 0.239182
20.56000 299.44 0.240424
20.57000 304.65 0.239388
20.58000 297.45 0.240772
20.59000 281.4 0.244193
20.60000 299.47 0.240354
20.61000 291.46 0.242038
20.62000 316.73 0.237023
20.63000 313.92 0.237557
20.64000 325.57 0.235441
20.65000 380.19 0.226455
20.66000 406.31 0.222718
20.67000 440 0.218322
20.68000 432 0.21937
20.69000 379.82 0.226513
20.70000 311.15 0.238095
20.71000 297.9 0.240702
20.72000 323.21 0.235833
20.73000 288.27 0.242678
20.74000 283.47 0.243685
20.75000 303.95 0.239525
20.76000 307.16 0.238841
20.77000 326.05 0.23531
20.78000 340.92 0.232747
20.79000 385.9 0.225647
20.80000 455.38 0.216473
20.81000 514.82 0.209934
20.82000 424.46 0.220326
20.83000 401.96 0.223328
20.84000 332.5 0.234211
20.85000 318.85 0.236624
20.86000 289.12 0.242536
20.87000 289.94 0.242322
20.88000 290.36 0.242251
20.89000 301.58 0.239939
20.90000 290.75 0.24218
20.91000 296.38 0.240981
20.92000 295.6 0.241192
20.93000 274.31 0.245737
20.94000 303.21 0.239663
20.95000 281.12 0.244193
20.96000 294.79 0.241332
20.97000 290.38 0.242251
20.98000 287.18 0.242893
20.99000 285.98 0.24318
21.00000 289.2 0.242464
21.01000 290.4 0.242251
21.02000 265.52 0.247765
21.03000 278.36 0.244851
21.04000 286.39 0.243108
21.05000 317.34 0.236956
21.06000 373.17 0.227508
21.07000 487.66 0.212814
21.08000 656.35 0.197565
21.09000 661.97 0.197142
21.10000 666.48 0.196799
21.11000 572.11 0.204465
21.12000 429.08 0.21974
21.13000 333.85 0.233954
21.14000 322.2 0.23603
21.15000 310.14 0.238298
21.16000 301.73 0.239939
21.17000 285.67 0.243252
21.18000 298.13 0.240632
21.19000 291.3 0.242038
21.20000 307.37 0.238841
21.21000 289.67 0.242393
21.22000 300.94 0.240077
21.23000 289.29 0.242464
21.24000 302.97 0.239663
21.25000 306.61 0.238977
21.26000 305.8 0.239114
21.27000 343.16 0.23237
21.28000 385.37 0.225704
21.29000 366.08 0.228635
21.30000 354.86 0.230388
21.31000 335.96 0.233571
21.32000 312.29 0.237893
21.33000 301.02 0.240077
21.34000 301 0.240077
21.35000 349.25 0.231311
21.36000 410.34 0.222167
21.37000 483.1 0.213298
21.38000 613.73 0.200926
21.39000 847.33 0.185344
21.40000 1496.42 0.160789
21.41000 3412.17 0.130845
21.42000 3574.59 0.129326
21.43000 4231.56 0.123987
21.44000 3232.86 0.132616
21.45000 1549.61 0.159374
21.46000 641.95 0.198654
21.47000 449.04 0.217237
21.48000 330.86 0.234468
21.49000 310.74 0.238163
21.50000 309.57 0.238433
21.51000 308.76 0.238569
21.52000 290.67 0.24218
21.53000 297.11 0.240842
21.54000 306.36 0.239046
21.55000 325.66 0.235376
21.56000 408.89 0.222387
21.57000 573.35 0.20438
21.58000 732.61 0.192201
21.59000 734.63 0.192095
21.60000 676.29 0.196078
21.61000 482.52 0.213346
21.62000 336.57 0.233444
21.63000 308.02 0.238705
21.64000 289.53 0.242393
21.65000 306.02 0.239114
21.66000 297.57 0.240772
21.67000 281.91 0.244048
21.68000 268.26 0.247083
21.69000 291.19 0.242109
21.70000 274.69 0.245662
21.71000 307.28 0.238841
21.72000 293.64 0.241543
21.73000 319.76 0.236492
21.74000 405.83 0.222773
21.75000 442.85 0.21801
21.76000 590.87 0.202818
21.77000 933.59 0.180923
21.78000 1265.93 0.167647
21.79000 1614.97 0.15774
21.80000 1386.95 0.163868
21.81000 1019.33 0.17697
21.82000 593.35 0.20261
21.83000 402.69 0.223217
21.84000 312.57 0.237826
21.85000 286.82 0.242965
21.86000 287.64 0.242821
21.87000 295.69 0.241121
21.88000 269.16 0.246857
21.89000 279.62 0.244558
21.90000 303.35 0.239594
21.91000 364.9 0.228814
21.92000 390.23 0.225018
21.93000 587.36 0.203111
21.94000 914.96 0.181818
21.95000 1341.58 0.165227
21.96000 1479.62 0.161227
21.97000 1206.41 0.169687
21.98000 861.98 0.184553
21.99000 549.7 0.206504
22.00000 380.69 0.226397
22.01000 314.28 0.23749
22.02000 299.81 0.240285
22.03000 282.5 0.243902
22.04000 271.25 0.246407
22.05000 285.33 0.243324
22.06000 277.68 0.244998
22.07000 274.86 0.245588
22.08000 284.14 0.243541
22.09000 280.91 0.244266
22.10000 353.74 0.230571
22.11000 460.43 0.215866
22.12000 742.17 0.1916
22.13000 1298.82 0.166574
22.14000 1540.02 0.159638
22.15000 1502.22 0.160623
22.16000 982.98 0.1786
22.17000 860.17 0.184648
22.18000 498.33 0.211667
22.19000 367.91 0.228337
22.20000 325.25 0.235506
22.21000 342.15 0.232495
22.22000 441.61 0.218166
22.23000 624.38 0.20004
22.24000 643.29 0.198575
22.25000 636.1 0.199126
22.26000 533.03 0.208108
22.27000 467.82 0.215016
22.28000 461 0.215816
22.29000 448.92 0.217237
22.30000 423.57 0.220433
22.31000 366.38 0.228575
22.32000 320.5 0.23636
22.33000 289.89 0.242322
22.34000 283.46 0.243685
22.35000 328.16 0.23492
22.36000 460.64 0.215866
22.37000 779.15 0.189287
22.38000 1204.44 0.169736
22.39000 1092.89 0.17392
22.40000 867.01 0.184271
22.41000 574.65 0.204252
22.42000 350.37 0.231125
22.43000 317.33 0.236956
22.44000 295.99 0.241121
22.45000 279.08 0.244631
22.46000 282.72 0.243902
22.47000 362.85 0.229114
22.48000 509.46 0.210491
22.49000 617.81 0.200562
22.50000 620.25 0.200401
22.51000 565.1 0.205109
22.52000 415.25 0.221512
22.53000 367.71 0.228337
22.54000 349.2 0.231311
22.55000 367.32 0.228396
22.56000 387.46 0.225417
22.57000 324.23 0.235637
22.58000 296.85 0.240911
22.59000 256.58 0.249844
22.60000 259.82 0.249068
22.61000 213.89 0.261533
22.62000 253.77 0.250549
22.63000 231.62 0.256326
22.64000 261.05 0.248759
22.65000 237.67 0.254658
22.66000 248.97 0.251737
22.67000 233.67 0.255739
22.68000 240.1 0.254
22.69000 242.14 0.25351
22.70000 228.04 0.257343
22.71000 248.19 0.251976
22.72000 242.94 0.253266
22.73000 242.96 0.253266
22.74000 234.9 0.255405
22.75000 242.95 0.253266
22.76000 255.85 0.25
22.77000 254.66 0.250313
22.78000 244.59 0.252861
22.79000 215.59 0.260998
22.80000 251.05 0.251259
22.81000 238.96 0.254329
22.82000 228.88 0.257087
22.83000 245 0.25278
22.84000 232.12 0.256158
22.85000 238.57 0.254411
22.86000 253.92 0.250549
22.87000 258.35 0.249455
22.88000 269.63 0.246782
22.89000 266.81 0.247461
22.90000 283.73 0.243685
22.91000 241.02 0.253837
22.92000 245.86 0.252538
22.93000 232.98 0.25599
22.94000 226.12 0.257855
22.95000 222.49 0.25889
22.96000 232.99 0.25599
22.97000 233.4 0.255822
22.98000 225.33 0.258113
22.99000 244.3 0.252942
23.00000 236.65 0.254989
23.01000 248.33 0.251896
23.02000 235.43 0.255321
23.03000 232.2 0.256158
23.04000 231.4 0.25641
23.05000 239.08 0.254329
23.06000 237.86 0.254658
23.07000 244.32 0.252942
23.08000 240.7 0.253918
23.09000 255.21 0.250156
23.10000 264.89 0.247841
23.11000 296.75 0.240911
23.12000 389.09 0.225132
23.13000 702.39 0.194257
23.14000 858.46 0.184742
23.15000 987.89 0.178372
23.16000 916.15 0.181758
23.17000 678.32 0.195965
23.18000 446.44 0.217546
23.19000 338.76 0.233063
23.20000 266.17 0.247613
23.21000 234.31 0.255571
23.22000 234.72 0.255488
23.23000 248.02 0.251976
23.24000 235.93 0.255155
23.25000 245.6 0.252619
23.26000 224.64 0.258285
23.27000 242.39 0.253429
23.28000 223.03 0.258803
23.29000 220.59 0.2595
23.30000 240.39 0.254
23.31000 252.89 0.250785
23.32000 319.86 0.236492
23.33000 457.39 0.216219
23.34000 596.59 0.20232
23.35000 580.06 0.203785
23.36000 502.16 0.211241
23.37000 431.17 0.219476
23.38000 292.46 0.241825
23.39000 269.46 0.246782
23.40000 260.18 0.248991
23.41000 239.22 0.254246
23.42000 249.71 0.251577
23.43000 256.17 0.249922
23.44000 263.44 0.248222
23.45000 279.16 0.244631
23.46000 276.36 0.245293
23.47000 292.49 0.241825
23.48000 389.73 0.225075
23.49000 477.69 0.213882
23.50000 604.78 0.20166
23.51000 615.3 0.200764
23.52000 552.77 0.20624
23.53000 424.49 0.220326
23.54000 395.4 0.224281
23.55000 464.4 0.215415
23.56000 558.85 0.205673
23.57000 506 0.210865
23.58000 418.02 0.221133
23.59000 311.92 0.23796
23.60000 271.15 0.246407
23.61000 253.02 0.250706
23.62000 253.81 0.250549
23.63000 226 0.257941
23.64000 241.74 0.253592
23.65000 219.54 0.259762
23.66000 232.86 0.25599
23.67000 230.85 0.256579
23.68000 230.03 0.256748
23.69000 231.64 0.256326
23.70000 211.88 0.262071
23.71000 217.96 0.26029
23.72000 218.36 0.260113
23.73000 222.41 0.258977
23.74000 226.03 0.257941
23.75000 218.38 0.260113
23.76000 232.91 0.25599
23.77000 262.38 0.248452
23.78000 280.56 0.244339
23.79000 334.26 0.23389
23.80000 434.78 0.219001
23.81000 642.72 0.198615
23.82000 637.46 0.199007
23.83000 603.98 0.201701
23.84000 446.12 0.217597
23.85000 373.06 0.227567
23.86000 286.67 0.243037
23.87000 243.48 0.253185
23.88000 233.79 0.255739
23.89000 249.93 0.251498
23.90000 283.85 0.243613
23.91000 384 0.225877
23.92000 699.8 0.194441
23.93000 1034.15 0.176336
23.94000 1241.69 0.168454
23.95000 1055.54 0.175439
23.96000 701.42 0.194331
23.97000 436.14 0.218844
23.98000 289.15 0.242536
23.99000 267.33 0.24731
24.00000 259.27 0.249222
24.01000 237.48 0.254741
24.02000 233.83 0.255739
24.03000 234.27 0.255571
24.04000 244.37 0.252942
24.05000 226.19 0.257855
24.06000 231.84 0.256242
24.07000 226.59 0.25777
24.08000 227.4 0.257513
24.09000 231.86 0.256242
24.10000 241.55 0.253673
24.11000 212.06 0.262071
24.12000 241.96 0.25351
24.13000 248.03 0.251976
24.14000 275.9 0.245366
24.15000 330.83 0.234468
24.16000 575.65 0.204167
24.17000 1237.32 0.168598
24.18000 2294.03 0.144488
24.19000 2921.65 0.13602
24.20000 3022.91 0.134864
24.21000 1831.3 0.152872
24.22000 1027.38 0.176639
24.23000 542.19 0.207257
24.24000 320.01 0.236426
24.25000 258.17 0.249455
24.26000 246.08 0.252458
24.27000 257.39 0.249688
24.28000 249.31 0.251657
24.29000 278.43 0.244778
24.30000 286.09 0.24318
24.31000 382.68 0.226108
24.32000 471.2 0.21462
24.33000 466.76 0.215166
24.34000 443.73 0.217907
24.35000 373.39 0.227508
24.36000 333.8 0.233954
24.37000 291.78 0.241967
24.38000 248.96 0.251737
24.39000 225.94 0.257941
24.40000 234.02 0.255655
24.41000 217.85 0.26029
24.42000 239.27 0.254246
24.43000 217.87 0.26029
24.44000 217.85 0.26029
24.45000 215.85 0.260909
24.46000 218.26 0.260201
24.47000 245.77 0.252538
24.48000 279.72 0.244558
24.49000 280.52 0.244339
24.50000 314.07 0.237557
24.51000 327.04 0.23518
24.52000 340.37 0.23281
24.53000 401.01 0.223439
24.54000 528.37 0.20856
24.55000 664.25 0.196989
24.56000 805.75 0.18768
24.57000 868.02 0.18424
24.58000 1071.01 0.174794
24.59000 1235.24 0.16867
24.60000 1200.09 0.169907
24.61000 1088.84 0.174078
24.62000 828.86 0.186371
24.63000 684.97 0.195478
24.64000 519.2 0.209473
24.65000 462.62 0.215615
24.66000 527.76 0.208651
24.67000 709.35 0.193782
24.68000 788.99 0.188679
24.69000 662.02 0.197142
24.70000 528.58 0.20856
24.71000 303.72 0.239525
24.72000 254.37 0.250392
24.73000 232.94 0.25599
24.74000 234.97 0.255405
24.75000 268.58 0.247008
24.76000 367.26 0.228456
24.77000 535.53 0.207883
24.78000 676.75 0.196078
24.79000 708.27 0.193855
24.80000 572.79 0.204422
24.81000 343.86 0.232244
24.82000 243.94 0.253023
24.83000 237.05 0.254824
24.84000 220.05 0.259675
24.85000 212.37 0.261981
24.86000 197.02 0.26688
24.87000 209.56 0.262794
24.88000 212.4 0.261981
24.89000 207.13 0.263615
24.90000 195.4 0.267452
24.91000 197.83 0.266596
24.92000 213.21 0.261712
24.93000 189.35 0.269582
24.94000 220.1 0.259587
24.95000 212.41 0.261981
24.96000 202.71 0.264999
24.97000 210.39 0.262613
24.98000 207.57 0.263432
24.99000 232.67 0.256074
25.00000 260.98 0.248836
25.01000 255.33 0.250156
25.02000 303.09 0.239663
25.03000 401.4 0.223439
25.04000 397.39 0.223999
25.05000 387.65 0.22536
25.06000 340.73 0.232747
25.07000 270.75 0.246557
25.08000 251.31 0.25118
25.09000 235.13 0.255405
25.10000 235.54 0.255238
25.11000 227.45 0.257513
25.12000 212.07 0.262071
25.13000 237.97 0.254576
25.14000 252.12 0.250943
25.15000 288.96 0.242536
25.16000 270.73 0.246557
25.17000 265.91 0.247613
25.18000 229.89 0.256833
25.19000 224.23 0.258457
25.20000 211.7 0.262161
25.21000 222.22 0.258977
25.22000 208.86 0.263067
25.23000 217.77 0.26029
25.24000 218.17 0.260201
25.25000 205.22 0.264166
25.26000 208.86 0.263067
25.27000 205.63 0.264074
25.28000 211.3 0.262251
25.29000 234.39 0.255571
25.30000 282.16 0.243975
25.31000 329.14 0.234791
25.32000 300.8 0.240146
25.33000 262.77 0.248375
25.34000 234.4 0.255571
25.35000 227.94 0.257343
25.36000 216.2 0.26082
25.37000 199.61 0.266029
25.38000 208.11 0.263249
25.39000 180.58 0.272772
25.40000 236.87 0.254906
25.41000 243.77 0.253104
25.42000 304.52 0.239388
25.43000 272.52 0.246108
25.44000 270.5 0.246557
25.45000 225.56 0.258027
25.46000 212.61 0.261891
25.47000 204.51 0.264443
25.48000 193.57 0.268124
25.49000 196.42 0.267166
25.50000 190.34 0.269191
25.51000 180.21 0.272976
25.52000 194.4 0.267836
25.53000 200.07 0.265935
25.54000 198.44 0.266406
25.55000 235.31 0.255321
25.56000 249.91 0.251498
25.57000 227.63 0.257428
25.58000 232.09 0.256242
25.59000 227.23 0.257599
25.60000 209 0.262976
25.61000 192.39 0.268511
25.62000 191.58 0.268802
25.63000 223.19 0.258717
25.64000 191.99 0.268608
25.65000 200.91 0.265653
25.66000 193.2 0.268221
25.67000 203.74 0.264721
25.68000 184.71 0.271263
25.69000 209.85 0.262703
25.70000 211.07 0.262342
25.71000 225.23 0.258113
25.72000 282.37 0.243975
25.73000 337.08 0.23338
25.74000 386.11 0.225589
25.75000 399.07 0.223719
25.76000 356.12 0.230205
25.77000 281.17 0.244193
25.78000 285.24 0.243324
25.79000 249.59 0.251577
25.80000 216.36 0.260732
25.81000 207.04 0.263615
25.82000 186.79 0.270468
25.83000 200.97 0.26556
25.84000 202.2 0.265186
25.85000 216.79 0.260643
25.86000 209.49 0.262885
25.87000 261.77 0.248606
25.88000 359.43 0.229658
25.89000 416.96 0.221295
25.90000 459.51 0.215967
25.91000 427.53 0.2199
25.92000 307.98 0.238705
25.93000 267.47 0.24731
25.94000 211.14 0.262342
25.95000 190.07 0.269289
25.96000 211.14 0.262342
25.97000 199.39 0.266123
25.98000 203.86 0.264628
25.99000 190.5 0.269191
26.00000 188.46 0.269876
26.01000 199.82 0.265935
26.02000 196.58 0.267071
26.03000 184.02 0.271463
26.04000 196.59 0.267071
26.05000 196.19 0.267166
26.06000 195.38 0.267452
26.07000 199.44 0.266123
26.08000 208.37 0.263158
26.09000 209.18 0.262976
26.10000 315.41 0.237289
26.11000 499.47 0.211525
26.12000 603.19 0.201784
26.13000 606.08 0.201538
26.14000 519.33 0.209473
26.15000 330.04 0.234597
26.16000 287.88 0.24275
26.17000 377.08 0.226921
26.18000 549.79 0.206504
26.19000 695.37 0.194735
26.20000 626.03 0.19992
26.21000 652 0.197913
26.22000 528.74 0.20856
26.23000 426.16 0.220113
26.24000 478.47 0.213833
26.25000 462.66 0.215615
26.26000 376.29 0.227038
26.27000 324.41 0.235637
26.28000 267.23 0.24731
26.29000 248.59 0.251816
26.30000 242.1 0.25351
26.31000 273.73 0.245885
26.32000 399.05 0.223719
26.33000 488.26 0.212718
26.34000 491.52 0.212382
26.35000 457.45 0.216219
26.36000 319.58 0.236492
26.37000 244.96 0.25278
26.38000 195.89 0.267261
26.39000 204.81 0.264351
26.40000 188.19 0.269975
26.41000 178.05 0.273793
26.42000 184.53 0.271363
26.43000 211.3 0.262251
26.44000 249.03 0.251737
26.45000 242.53 0.253429
26.46000 241.73 0.253592
26.47000 222.28 0.258977
26.48000 198.76 0.266312
26.49000 197.54 0.266785
26.50000 206.87 0.263706
26.51000 173.62 0.27545
26.52000 199.16 0.266217
26.53000 167.53 0.277992
26.54000 196.74 0.266975
26.55000 191.07 0.268996
26.56000 195.95 0.267261
26.57000 215 0.261176
26.58000 226.77 0.257684
26.59000 259.62 0.249145
26.60000 275.04 0.245588
26.61000 267.36 0.24731
26.62000 262.88 0.248375
26.63000 208.92 0.263067
26.64000 198.4 0.266406
26.65000 198.4 0.266406
26.66000 190.3 0.269289
26.67000 187.45 0.27027
26.68000 180.96 0.272671
26.69000 174.88 0.275033
26.70000 174.48 0.275137
26.71000 171.24 0.276395
26.72000 176.12 0.274514
26.73000 177.33 0.273998
26.74000 184.24 0.271463
26.75000 217.09 0.260555
26.76000 282.84 0.24383
26.77000 364.4 0.228874
26.78000 570.58 0.204594
26.79000 601.87 0.201907
26.80000 589.26 0.202986
26.81000 453.7 0.216676
26.82000 299.08 0.240493
26.83000 226.86 0.257684
26.84000 189.13 0.26968
26.85000 181.83 0.272367
26.86000 198.48 0.266406
26.87000 173.33 0.275554
26.88000 181.84 0.272367
26.89000 181.03 0.272671
26.90000 175.75 0.274618
26.91000 169.66 0.277031
26.92000 177.38 0.273998
26.93000 181.03 0.272671
26.94000 178.61 0.273588
26.95000 176.98 0.274204
26.96000 185.51 0.270964
26.97000 206.62 0.263798
26.98000 189.17 0.26968
26.99000 192.02 0.268608
27.00000 185.92 0.270765
27.01000 176.18 0.274514
27.02000 186.73 0.270567
27.03000 176.58 0.274307
27.04000 188.78 0.269778
27.05000 218.42 0.260113
27.06000 265.13 0.247841
27.07000 333.34 0.234018
27.08000 341.45 0.232621
27.09000 293.97 0.241473
27.10000 259.86 0.249068
27.11000 226.16 0.257855
27.12000 226.56 0.25777
27.13000 242.83 0.253347
27.14000 269.22 0.246857
27.15000 310.64 0.23823
27.16000 330.55 0.234533
27.17000 290.74 0.24218
27.18000 271.66 0.246332
27.19000 229.46 0.256917
27.20000 207.51 0.263432
27.21000 256.66 0.249844
27.22000 315.14 0.237356
27.23000 400.05 0.223607
27.24000 436.6 0.218792
27.25000 418.32 0.221133
27.26000 337.92 0.233253
27.27000 288.78 0.242607
27.28000 259.93 0.249068
27.29000 319.63 0.236492
27.30000 326.13 0.23531
27.31000 354.19 0.23051
27.32000 396.83 0.224055
27.33000 396.04 0.224168
27.34000 407.42 0.222607
27.35000 328.19 0.23492
27.36000 240.45 0.253918
27.37000 198.22 0.266501
27.38000 187.25 0.270369
27.39000 190.92 0.268996
27.40000 174.26 0.275241
27.41000 190.1 0.269289
27.42000 158.83 0.281718
27.43000 163.71 0.279618
27.44000 198.24 0.266501
27.45000 184.84 0.271163
27.46000 172.26 0.276079
27.47000 175.52 0.274721
27.48000 183.23 0.271763
27.49000 176.73 0.274307
27.50000 168.19 0.277671
27.51000 166.97 0.278207
27.52000 175.11 0.274929
27.53000 161.71 0.280386
27.54000 167.8 0.277885
27.55000 177.95 0.273793
27.56000 178.78 0.273485
27.57000 166.18 0.278531
27.58000 169.01 0.27735
27.59000 179.17 0.273281
27.60000 167.39 0.277992
27.61000 184.06 0.271463
27.62000 167.82 0.277885
27.63000 170.68 0.276712
27.64000 174.33 0.275241
27.65000 157.27 0.282391
27.66000 175.15 0.274929
27.67000 174.74 0.275033
27.68000 178.39 0.273588
27.69000 182.05 0.272266
27.70000 173.93 0.275345
27.71000 195.47 0.267452
27.72000 226.75 0.257684
27.73000 241.79 0.253592
27.74000 263.35 0.248222
27.75000 252.79 0.250785
27.76000 238.55 0.254411
27.77000 201.16 0.26556
27.78000 187.76 0.270172
27.79000 184.94 0.271163
27.80000 184.53 0.271363
27.81000 168.26 0.277671
27.82000 166.23 0.278531
27.83000 178.43 0.273588
27.84000 180.88 0.272671
27.85000 166.25 0.278531
27.86000 163.81 0.279508
27.87000 171.95 0.276184
27.88000 187.39 0.27027
27.89000 179.67 0.273179
27.90000 186.18 0.270765
27.91000 198.78 0.266312
27.92000 205.28 0.264166
27.93000 194.72 0.26774
27.94000 196.36 0.267166
27.95000 175.62 0.274721
27.96000 181.32 0.272468
27.97000 188.25 0.269975
27.98000 204.08 0.264535
27.99000 239.47 0.254246
28.00000 246 0.252538
28.01000 213.87 0.261533
28.02000 218.73 0.260025
28.03000 206.95 0.263615
28.04000 215.49 0.260998
28.05000 212.65 0.261891
28.06000 187.86 0.270073
28.07000 185.81 0.270864
28.08000 174.05 0.275345
28.09000 174.45 0.275137
28.10000 190.32 0.269191
28.11000 213.9 0.261443
28.12000 252.52 0.250864
28.13000 260.25 0.248991
28.14000 253.74 0.250549
28.15000 232.19 0.256158
28.16000 209.02 0.262976
28.17000 192.75 0.268414
28.18000 189.92 0.269386
28.19000 196.03 0.267261
28.20000 226.94 0.257684
28.21000 226.92 0.257684
28.22000 237.53 0.254741
28.23000 288.76 0.242607
28.24000 343.24 0.232307
28.25000 412.79 0.221839
28.26000 393.32 0.224563
28.27000 297.33 0.240842
28.28000 216.4 0.260732
28.29000 200.94 0.26556
28.30000 160.27 0.28105
28.31000 170.02 0.276924
28.32000 161.89 0.280386
28.33000 158.23 0.281942
28.34000 161.91 0.280386
28.35000 159.46 0.281383
28.36000 172.07 0.276079
28.37000 160.68 0.280828
28.38000 167.6 0.277885
28.39000 157.43 0.282279
28.40000 164.35 0.27929
28.41000 165.16 0.278964
28.42000 175.75 0.274618
28.43000 158.67 0.281718
28.44000 181.05 0.27257
28.45000 156.64 0.282617
28.46000 160.71 0.280828
28.47000 164.78 0.279073
28.48000 170.07 0.276924
28.49000 182.28 0.272166
28.50000 166.81 0.278207
28.51000 161.12 0.280717
28.52000 159.5 0.281383
28.53000 151.77 0.284901
28.54000 172.51 0.275974
28.55000 193.68 0.268028
28.56000 200.59 0.265747
28.57000 237.62 0.254741
28.58000 228.68 0.257172
28.59000 208.36 0.263249
28.60000 193.7 0.268028
28.61000 169.69 0.277031
28.62000 170.93 0.276606
28.63000 164.83 0.279073
28.64000 153.84 0.283981
28.65000 174.6 0.275137
28.66000 177.84 0.273793
28.67000 139.18 0.291111
28.68000 157.91 0.282054
28.69000 153.44 0.284095
28.70000 173.78 0.27545
28.71000 174.21 0.275241
28.72000 173.39 0.275554
28.73000 147.75 0.28677
28.74000 152.65 0.28444
28.75000 184.82 0.271263
28.76000 181.55 0.272468
28.77000 177.88 0.273793
28.78000 186.03 0.270765
28.79000 156.31 0.282843
28.80000 156.32 0.282843
28.81000 178.71 0.273485
28.82000 161.61 0.280496
28.83000 158.76 0.281718
28.84000 171.4 0.276395
28.85000 157.55 0.282279
28.86000 168.15 0.277671
28.87000 163.26 0.279727
28.88000 169.36 0.277243
28.89000 162.86 0.279946
28.90000 163.67 0.279618
28.91000 155.94 0.282956
28.92000 171.01 0.276501
28.93000 173.86 0.275345
28.94000 170.61 0.276712
28.95000 168.98 0.27735
28.96000 161.25 0.280607
28.97000 179.56 0.273179
28.98000 151.88 0.284901
28.99000 160.03 0.281161
29.00000 172.66 0.275869
29.01000 155.97 0.282956
29.02000 155.54 0.283183
29.03000 151.9 0.284901
29.04000 161.28 0.280607
29.05000 149.88 0.285831
29.06000 164.94 0.279073
29.07000 166.17 0.278531
29.08000 181.23 0.27257
29.09000 152.32 0.28467
29.10000 182.86 0.271964
29.11000 169.83 0.277031
29.12000 192.24 0.268511
29.13000 207.72 0.263432
29.14000 224.82 0.258285
29.15000 261.07 0.248759
29.16000 310.37 0.23823
29.17000 333.96 0.233954
29.18000 348.25 0.231496
29.19000 319.32 0.236558
29.20000 246.43 0.252377
29.21000 205.71 0.264074
29.22000 179.64 0.273179
29.23000 187.79 0.270172
29.24000 179.22 0.273281
29.25000 182.08 0.272266
29.26000 208.55 0.263158
29.27000 216.74 0.260643
29.28000 195.16 0.267548
29.29000 181.28 0.27257
29.30000 167.43 0.277992
29.31000 171.51 0.276289
29.32000 176.81 0.274204
29.33000 197.99 0.266596
29.34000 184.15 0.271463
29.35000 175.59 0.274721
29.36000 174.78 0.275033
29.37000 182.93 0.271864
29.38000 159.3 0.281495
29.39000 171.53 0.276289
29.40000 167.88 0.277778
29.41000 158.08 0.282054
29.42000 154.43 0.283638
29.43000 159.33 0.281495
29.44000 155.26 0.283296
29.45000 168.3 0.277671
29.46000 156.48 0.28273
29.47000 178.07 0.273793
29.48000 162.59 0.280056
29.49000 167.9 0.277778
29.50000 163.02 0.279837
29.51000 161.79 0.280386
29.52000 161.8 0.280386
29.53000 174.43 0.275137
29.54000 162.62 0.280056
29.55000 160.57 0.280939
29.56000 169.55 0.277137
29.57000 181.78 0.272367
29.58000 199.31 0.266123
29.59000 204.62 0.264443
29.60000 221.76 0.259151
29.61000 253.94 0.25047
29.62000 309.78 0.238366
29.63000 470.8 0.214669
29.64000 694.99 0.194772
29.65000 724.33 0.192772
29.66000 585.76 0.203279
29.67000 458.6 0.216118
29.68000 327.33 0.235115
29.69000 230.75 0.256579
29.70000 218.51 0.260113
29.71000 193.24 0.268221
29.72000 189.97 0.269386
29.73000 172.86 0.275764
29.74000 174.9 0.275033
29.75000 172.46 0.275974
29.76000 189.17 0.26968
29.77000 178.98 0.273383
29.78000 207.53 0.263432
29.79000 205.91 0.263982
29.80000 203.86 0.264628
29.81000 205.09 0.264258
29.82000 227.51 0.257513
29.83000 212.03 0.262071
29.84000 194.09 0.267932
29.85000 208.35 0.263249
29.86000 227.53 0.257513
29.87000 318.46 0.236691
29.88000 454.63 0.216574
29.89000 435.1 0.218949
29.90000 459.54 0.215967
29.91000 355.99 0.230205
29.92000 310.73 0.238163
29.93000 263.42 0.248222
29.94000 208.79 0.263067
29.95000 215.72 0.260909
29.96000 219.8 0.259675
29.97000 256.1 0.25
29.98000 345.4 0.231994
29.99000 454.29 0.216625
30.00000 543.21 0.207123
30.01000 512.21 0.210212
30.02000 324.25 0.235637
30.03000 254.91 0.250235
30.04000 210.02 0.262703
30.05000 189.23 0.269582
30.06000 181.08 0.27257
30.07000 185.17 0.271063
30.08000 178.25 0.27369
30.09000 166.44 0.278423
30.10000 192.94 0.268317
30.11000 199.88 0.265935
30.12000 228.82 0.257087
30.13000 282.28 0.243975
30.14000 270.44 0.246557
30.15000 232.51 0.256074
30.16000 206.4 0.263798
30.17000 229.25 0.257002
30.18000 271.69 0.246332
30.19000 284.31 0.243541
30.20000 322.29 0.23603
30.21000 255.81 0.250078
30.22000 206.84 0.263706
30.23000 178.68 0.273485
30.24000 175.01 0.274929
30.25000 186.44 0.270666
30.26000 180.33 0.272874
30.27000 183.19 0.271864
30.28000 192.57 0.268414
30.29000 190.95 0.268996
30.30000 210.12 0.262613
30.31000 212.58 0.261891
30.32000 224.42 0.258371
30.33000 199.94 0.265935
30.34000 198.29 0.266501
30.35000 200.34 0.265841
30.36000 182.81 0.271964
30.37000 147.31 0.287006
30.38000 173.02 0.275764
30.39000 171.79 0.276184
30.40000 192.62 0.268414
30.41000 219.13 0.259938
30.42000 239.13 0.254329
30.43000 250.98 0.251259
30.44000 302 0.23987
30.45000 334.63 0.233826
30.46000 352.21 0.230817
30.47000 336.31 0.233507
30.48000 308.53 0.238569
30.49000 253.04 0.250706
30.50000 313.85 0.237557
30.51000 379.56 0.226572
30.52000 474.29 0.214275
30.53000 564.06 0.205196
30.54000 543.25 0.207123
30.55000 381.63 0.226224
30.56000 235.09 0.255405
30.57000 201.62 0.265372
30.58000 188.17 0.269975
30.59000 194.71 0.26774
30.60000 162.06 0.280276
30.61000 172.26 0.276079
30.62000 159.61 0.281383
30.63000 161.66 0.280496
30.64000 166.14 0.278531
30.65000 176.76 0.274204
30.66000 175.53 0.274721
30.67000 191.87 0.268705
30.68000 235.95 0.255155
30.69000 286.16 0.243108
30.70000 293.53 0.241614
30.71000 356.4 0.230144
30.72000 381.73 0.226224
30.73000 418.47 0.221079
30.74000 373.57 0.227449
30.75000 284.58 0.243468
30.76000 230.28 0.256748
30.77000 227.81 0.257428
30.78000 225.77 0.257941
30.79000 205.36 0.264166
30.80000 213.55 0.261622
30.81000 200.48 0.265747
30.82000 190.69 0.269093
30.83000 181.29 0.27257
30.84000 191.91 0.268705
30.85000 194.76 0.267644
30.86000 174.76 0.275033
30.87000 179.25 0.273281
30.88000 175.59 0.274721
30.89000 187.42 0.27027
30.90000 197.24 0.26688
30.91000 200.11 0.265841
30.92000 162.11 0.280276
30.93000 177.64 0.273896
30.94000 173.55 0.275554
30.95000 196.83 0.266975
30.96000 187.85 0.270073
30.97000 215.63 0.260998
30.98000 227.08 0.257599
30.99000 192.77 0.268414
31.00000 205.86 0.263982
31.01000 190.74 0.269093
31.02000 173.59 0.27545
31.03000 167.87 0.277778
31.04000 160.93 0.280717
31.05000 155.61 0.283183
31.06000 173.19 0.275659
31.07000 169.91 0.277031
31.08000 177.28 0.274101
31.09000 174.41 0.275137
31.10000 197.72 0.26669
31.11000 227.95 0.257343
31.12000 222.24 0.258977
31.13000 258.6 0.249377
31.14000 244.7 0.252861
31.15000 254.92 0.250235
31.16000 214.48 0.261265
31.17000 196.52 0.267071
31.18000 219.8 0.259675
31.19000 247.61 0.252056
31.20000 330.94 0.234468
31.21000 398.77 0.223775
31.22000 473.93 0.214324
31.23000 497.69 0.211714
31.24000 458.06 0.216169
31.25000 404.12 0.22305
31.26000 351.82 0.230879
31.27000 312.6 0.237826
31.28000 325.27 0.235441
31.29000 283.6 0.243685
31.30000 228.43 0.257257
31.31000 203.91 0.264628
31.32000 171.22 0.276395
31.33000 159.79 0.281272
31.34000 171.24 0.276395
31.35000 150.82 0.285365
31.36000 173.7 0.27545
31.37000 165.92 0.278639
31.38000 166.34 0.278423
31.39000 145.5 0.287956
31.40000 164.69 0.279182
31.41000 162.67 0.280056
31.42000 177.38 0.273998
31.43000 147.96 0.28677
31.44000 183.12 0.271864
31.45000 186.4 0.270666
31.46000 175.77 0.274618
31.47000 172.9 0.275764
31.48000 155.74 0.283069
31.49000 159.01 0.281606
31.50000 147.57 0.286888
31.51000 160.25 0.28105
31.52000 154.53 0.283638
31.53000 158.22 0.281942
31.54000 148.82 0.286299
31.55000 158.22 0.281942
31.56000 161.09 0.280717
31.57000 172.94 0.275764
31.58000 152.1 0.284786
31.59000 163.96 0.279508
31.60000 165.17 0.278964
31.61000 173.78 0.27545
31.62000 180.33 0.272874
31.63000 183.61 0.271663
31.64000 197.52 0.266785
31.65000 235.15 0.255405
31.66000 307.53 0.238773
31.67000 400.37 0.223551
31.68000 511.98 0.210212
31.69000 552.1 0.206284
31.70000 489.98 0.212526
31.71000 393.04 0.224563
31.72000 304.3 0.239457
31.73000 254 0.25047
31.74000 198.76 0.266312
31.75000 164.82 0.279073
31.76000 190.61 0.269093
31.77000 188.56 0.269876
31.78000 171.39 0.276395
31.79000 192.67 0.268414
31.80000 203.27 0.264814
31.81000 225.37 0.258113
31.82000 341.13 0.232684
31.83000 492.5 0.212286
31.84000 620.96 0.200321
31.85000 561.63 0.205412
31.86000 434.42 0.219054
31.87000 280.22 0.244412
31.88000 228.67 0.257172
31.89000 188.57 0.269876
31.90000 184.09 0.271463
31.91000 170.18 0.276818
31.92000 162.82 0.279946
31.93000 174.68 0.275033
31.94000 181.65 0.272367
31.95000 192.69 0.268414
31.96000 163.66 0.279618
31.97000 164.88 0.279073
31.98000 182.07 0.272266
31.99000 167.75 0.277885
32.00000 185.33 0.271063
32.01000 182.47 0.272065
32.02000 193.93 0.267932
32.03000 225.85 0.257941
32.04000 235.25 0.255321
32.05000 311.38 0.238028
32.06000 280.7 0.244339
32.07000 255.34 0.250156
32.08000 244.7 0.252861
32.09000 205.82 0.263982
32.10000 173.49 0.275554
32.11000 189.45 0.269582
32.12000 178 0.273793
32.13000 198.46 0.266406
32.14000 236.94 0.254906
32.15000 275.41 0.24544
32.16000 370.34 0.22798
32.17000 351.54 0.23094
32.18000 343.34 0.232307
32.19000 269.29 0.246857
32.20000 287.71 0.242821
32.21000 306.13 0.239046
32.22000 367.13 0.228456
32.23000 351.16 0.231002
32.24000 357.68 0.229961
32.25000 300.82 0.240146
32.26000 309.02 0.238501
32.27000 338.09 0.23319
32.28000 378.6 0.226688
32.29000 384.71 0.225819
32.30000 372.83 0.227567
32.31000 293.87 0.241543
32.32000 234.53 0.255571
32.33000 193.6 0.268124
32.34000 187.47 0.27027
32.35000 200.16 0.265841
32.36000 201.4 0.265466
32.37000 207.54 0.263432
32.38000 208.77 0.263067
32.39000 187.07 0.270369
32.40000 189.93 0.269386
32.41000 203.04 0.264906
32.42000 214.1 0.261443
32.43000 199.76 0.266029
32.44000 201.02 0.26556
32.45000 209.2 0.262976
32.46000 186.29 0.270666
32.47000 189.56 0.269484
32.48000 173.59 0.27545
32.49000 187.92 0.270073
32.50000 200.6 0.265747
32.51000 233.78 0.255739
32.52000 301.75 0.239939
32.53000 377.91 0.226805
32.54000 404.96 0.222939
32.55000 424.6 0.220273
32.56000 365.64 0.228695
32.57000 292.38 0.241825
32.58000 245.69 0.252619
32.59000 224.8 0.258285
32.60000 240.77 0.253837
32.61000 230.55 0.256664
32.62000 259.22 0.249222
32.63000 246.52 0.252377
32.64000 232.2 0.256158
32.65000 212.55 0.261891
32.66000 187.98 0.270073
32.67000 178.96 0.273383
32.68000 171.99 0.276184
32.69000 170.78 0.276606
32.70000 166.69 0.278315
32.71000 176.52 0.274307
32.72000 170.39 0.276818
32.73000 183.49 0.271663
32.74000 199.47 0.266123
32.75000 196.2 0.267166
32.76000 203.98 0.264628
32.77000 210.13 0.262613
32.78000 194.57 0.26774
32.79000 226.5 0.25777
32.80000 285.08 0.243396
32.81000 323.61 0.235768
32.82000 346.98 0.231683
32.83000 333.86 0.233954
32.84000 294.56 0.241402
32.85000 245.38 0.252699
32.86000 237.21 0.254824
32.87000 219.6 0.259762
32.88000 220 0.259675
32.89000 221.63 0.259151
32.90000 292.91 0.241755
32.91000 408.44 0.222442
32.92000 588.33 0.203027
32.93000 699.01 0.194477
32.94000 623.98 0.20008
32.95000 521.98 0.209198
32.96000 415.87 0.221458
32.97000 302.38 0.239801
32.98000 209.4 0.262885
32.99000 196.69 0.267071
33.00000 188.09 0.270073
33.01000 197.93 0.266596
33.02000 199.57 0.266029
33.03000 227.83 0.257428
33.04000 239.31 0.254246
33.05000 227.43 0.257513
33.06000 210.23 0.262613
33.07000 181.14 0.27257
33.08000 174.57 0.275137
33.09000 162.28 0.280166
33.10000 171.7 0.276289
33.11000 186.04 0.270765
33.12000 151.23 0.285133
33.13000 160.24 0.28105
33.14000 165.16 0.278964
33.15000 167.21 0.2781
33.16000 179.09 0.273383
33.17000 206.97 0.263615
33.18000 163.53 0.279618
33.19000 179.92 0.273077
33.20000 177.05 0.274101
33.21000 182.81 0.271964
33.22000 157.8 0.282166
33.23000 179.92 0.273077
33.24000 154.11 0.283866
33.25000 160.26 0.28105
33.26000 167.63 0.277885
33.27000 172.57 0.275869
33.28000 168.89 0.27735
33.29000 186.1 0.270765
33.30000 180.78 0.272671
33.31000 164.79 0.279073
33.32000 172.58 0.275869
33.33000 169.71 0.277031
33.34000 166.85 0.278207
33.35000 174.63 0.275137
33.36000 172.17 0.276079
33.37000 202.91 0.264999
33.38000 172.58 0.275869
33.39000 165.61 0.278747
33.40000 165.2 0.278964
33.41000 178.74 0.273485
33.42000 178.75 0.273485
33.43000 169.73 0.277031
33.44000 167.69 0.277885
33.45000 188.59 0.269876
33.46000 186.54 0.270567
33.47000 187.38 0.27027
33.48000 193.53 0.268124
33.49000 178.37 0.273588
33.50000 164.42 0.27929
33.51000 141.88 0.289764
33.52000 168.94 0.27735
33.53000 152.95 0.284325
33.54000 172.64 0.275869
33.55000 184.94 0.271163
33.56000 180.01 0.272976
33.57000 181.65 0.272367
33.58000 205.04 0.264258
33.59000 249.34 0.251657
33.60000 302.66 0.239732
33.61000 287.08 0.242965
33.62000 317 0.237023
33.63000 284.21 0.243541
33.64000 330.56 0.234533
33.65000 435.17 0.218949
33.66000 556.96 0.205847
33.67000 684.52 0.195515
33.68000 598.01 0.202237
33.69000 449.08 0.217237
33.70000 319.09 0.236624
33.71000 252.25 0.250943
33.72000 254.31 0.250392
33.73000 252.66 0.250785
33.74000 264.16 0.248069
33.75000 288.37 0.242678
33.76000 280.16 0.244412
33.77000 254.72 0.250313
33.78000 229.71 0.256833
33.79000 189.92 0.269386
33.80000 200.19 0.265841
33.81000 181.72 0.272367
33.82000 180.49 0.272874
33.83000 186.65 0.270567
33.84000 194.04 0.267932
33.85000 173.93 0.275345
33.86000 177.63 0.273896
33.87000 157.13 0.282391
33.88000 159.18 0.281495
33.89000 176.41 0.274411
33.90000 158.76 0.281718
33.91000 179.68 0.273179
33.92000 165.75 0.278747
33.93000 162.06 0.280276
33.94000 173.96 0.275345
33.95000 162.06 0.280276
33.96000 163.3 0.279727
33.97000 187.91 0.270073
33.98000 180.54 0.272772
33.99000 191.61 0.268802
34.00000 204.32 0.264535
34.01000 209.67 0.262794
34.02000 279.42 0.244558
34.03000 315.97 0.237156
34.04000 333.2 0.234082
34.05000 316.36 0.237089
34.06000 284.75 0.243468
34.07000 260.99 0.248759
34.08000 265.91 0.247613
34.09000 335.27 0.233698
34.10000 506.39 0.210819
34.11000 747.3 0.19125
34.12000 895.85 0.182788
34.13000 899.96 0.182574
34.14000 699.74 0.194441
34.15000 412.86 0.221839
34.16000 258.95 0.2493
34.17000 200.27 0.265841
34.18000 194.12 0.267932
34.19000 171.15 0.276501
34.20000 174.03 0.275345
34.21000 189.6 0.269484
34.22000 164.59 0.279182
34.23000 167.46 0.277992
34.24000 168.69 0.277457
34.25000 167.06 0.2781
34.26000 180.19 0.272976
34.27000 183.88 0.271563
34.28000 208.12 0.263249
34.29000 229.46 0.256917
34.30000 225.36 0.258113
34.31000 245.48 0.252619
34.32000 252.87 0.250785
34.33000 243.03 0.253266
34.34000 202.79 0.264999
34.35000 193.34 0.268221
34.36000 195.01 0.267644
34.37000 163.8 0.279508
34.38000 181.46 0.272468
34.39000 160.93 0.280717
34.40000 176.94 0.274204
34.41000 171.6 0.276289
34.42000 173.26 0.275659
34.43000 176.96 0.274204
34.44000 184.35 0.271363
34.45000 203.22 0.264814
34.46000 199.53 0.266029
34.47000 222.53 0.25889
34.48000 229.91 0.256833
34.49000 230.33 0.256664
34.50000 238.96 0.254329
34.51000 250.88 0.251259
34.52000 351.87 0.230879
34.53000 430.75 0.219529
34.54000 452.51 0.216828
34.55000 436.47 0.218792
34.56000 342.04 0.232558
34.57000 300.97 0.240077
34.58000 261.97 0.248529
34.59000 250.49 0.251339
34.60000 250.91 0.251259
34.61000 236.93 0.254906
34.62000 201.23 0.265466
34.63000 179.88 0.273077
34.64000 182.35 0.272166
34.65000 195.91 0.267261
34.66000 219.71 0.259762
34.67000 196.73 0.266975
34.68000 198.78 0.266312
34.69000 178.24 0.27369
34.70000 169.22 0.277243
34.71000 176.61 0.274307
34.72000 180.31 0.272874
34.73000 202.07 0.265186
34.74000 211.53 0.262251
34.75000 194.69 0.26774
34.76000 179.09 0.273383
34.77000 186.07 0.270765
34.78000 181.14 0.27257
34.79000 205.81 0.263982
34.80000 178.29 0.27369
34.81000 194.3 0.267836
34.82000 214.03 0.261443
34.83000 207.04 0.263615
34.84000 186.51 0.270567
34.85000 194.73 0.26774
34.86000 174.18 0.275241
34.87000 194.32 0.267836
34.88000 198.43 0.266406
34.89000 198.03 0.266596
34.90000 211.19 0.262342
34.91000 207.07 0.263615
34.92000 194.34 0.267836
34.93000 177.9 0.273793
34.94000 186.11 0.270765
34.95000 188.17 0.269975
34.96000 192.3 0.268511
34.97000 186.55 0.270567
34.98000 183.26 0.271763
34.99000 217.37 0.260466
35.00000 223.53 0.25863
35.01000 233.38 0.255822
35.02000 272.03 0.246258
35.03000 325.05 0.235506
35.04000 318.07 0.236823
35.05000 328.32 0.23492
35.06000 262.18 0.248529
35.07000 226.43 0.25777
35.08000 211.63 0.262161
35.09000 206.7 0.263706
35.10000 235.06 0.255405
35.11000 306.58 0.238977
35.12000 306.17 0.239046
35.13000 336.18 0.233507
35.14000 282.76 0.24383
35.15000 227.27 0.257513
35.16000 204.66 0.264351
35.17000 212.09 0.262071
35.18000 177.55 0.273998
35.19000 176.73 0.274307
35.20000 193.18 0.268221
35.21000 206.32 0.26389
35.22000 223.18 0.258717
35.23000 237.99 0.254576
35.24000 261.43 0.248682
35.25000 338.29 0.23319
35.26000 383.11 0.22605
35.27000 462.01 0.215716
35.28000 508.48 0.210585
35.29000 443.55 0.217907
35.30000 349.82 0.231249
35.31000 278.29 0.244851
35.32000 246.64 0.252377
35.33000 261.85 0.248606
35.34000 299.26 0.240424
35.35000 316.95 0.237023
35.36000 334.23 0.23389
35.37000 330.11 0.234597
35.38000 304.21 0.239457
35.39000 250.79 0.251259
35.40000 217.88 0.26029
35.41000 221.6 0.259151
35.42000 201.45 0.265466
35.43000 238.85 0.254411
35.44000 289.02 0.242536
35.45000 403.73 0.223105
35.46000 424.7 0.220273
35.47000 502.84 0.211194
35.48000 433.35 0.219159
35.49000 342.07 0.232495
35.50000 254.09 0.25047
35.51000 205.57 0.264074
35.52000 202.71 0.264999
35.53000 175.97 0.274514
35.54000 185.86 0.270864
35.55000 168.6 0.277564
35.56000 159.14 0.281495
35.57000 170.24 0.276818
35.58000 159.13 0.281606
35.59000 169.81 0.277031
35.60000 169.82 0.277031
35.61000 193.67 0.268028
35.62000 169.41 0.277137
35.63000 172.7 0.275869
35.64000 189.99 0.269386
35.65000 184.23 0.271463
35.66000 197.4 0.266785
35.67000 252.53 0.250864
35.68000 286.66 0.243037
35.69000 322.86 0.235899
35.70000 428.55 0.219793
35.71000 370.97 0.227862
35.72000 329.05 0.234791
35.73000 289.54 0.242393
35.74000 251.72 0.251022
35.75000 211 0.262342
35.76000 194.55 0.26774
35.77000 184.28 0.271463
35.78000 179.34 0.273281
35.79000 178.52 0.273588
35.80000 175.63 0.274721
35.81000 167.82 0.277885
35.82000 163.69 0.279618
35.83000 169.87 0.277031
35.84000 172.77 0.275869
35.85000 172.35 0.275974
35.86000 161.25 0.280607
35.87000 162.49 0.280056
35.88000 162.08 0.280276
35.89000 171.55 0.276289
35.90000 174.01 0.275345
35.91000 157.96 0.282054
35.92000 156.33 0.282843
35.93000 170.73 0.276606
35.94000 163.74 0.279508
35.95000 169.09 0.27735
35.96000 180.61 0.272772
35.97000 171.58 0.276289
35.98000 217.65 0.260378
35.99000 223.4 0.25863
36.00000 215.18 0.261087
36.01000 209.84 0.262703
36.02000 189.27 0.269582
36.03000 187.62 0.270172
36.04000 168.28 0.277671
36.05000 162.93 0.279946
36.06000 181.88 0.272266
36.07000 200.39 0.265747
36.08000 192.17 0.268608
36.09000 183.11 0.271864
36.10000 183.93 0.271563
36.11000 188.87 0.269778
36.12000 193 0.268317
36.13000 225.92 0.257941
36.14000 234.15 0.255655
36.15000 262.15 0.248529
36.16000 248.14 0.251976
36.17000 267.1 0.247385
36.18000 264.23 0.247993
36.19000 244.48 0.252861
36.20000 297.57 0.240772
36.21000 358.91 0.229779
36.22000 348.65 0.231434
36.23000 453.58 0.216676
36.24000 463.02 0.215565
36.25000 414.87 0.221567
36.26000 321.88 0.236096
36.27000 243.26 0.253185
36.28000 204.57 0.264443
36.29000 188.52 0.269876
36.30000 194.29 0.267836
36.31000 195.52 0.267452
36.32000 180.7 0.272772
36.33000 174.12 0.275241
36.34000 185.23 0.271063
36.35000 177 0.274204
36.36000 198.41 0.266406
36.37000 213.66 0.261533
36.38000 206.26 0.26389
36.39000 201.73 0.265372
36.40000 190.62 0.269093
36.41000 176.61 0.274307
36.42000 174.57 0.275137
36.43000 173.33 0.275554
36.44000 174.14 0.275241
36.45000 158.1 0.282054
36.46000 164.29 0.27929
36.47000 155.23 0.283296
36.48000 170.05 0.276924
36.49000 174.58 0.275137
36.50000 170.88 0.276606
36.51000 160.59 0.280939
36.52000 172.12 0.276079
36.53000 168.41 0.277564
36.54000 151.11 0.285249
36.55000 179.11 0.273383
36.56000 165.53 0.278747
36.57000 203 0.264906
36.58000 186.95 0.270468
36.59000 226.07 0.257855
36.60000 201.36 0.265466
36.61000 188.2 0.269975
36.62000 181.61 0.272367
36.63000 179.95 0.273077
36.64000 171.31 0.276395
36.65000 148.26 0.286534
36.66000 163.9 0.279508
36.67000 163.1 0.279837
36.68000 161.86 0.280386
36.69000 186.57 0.270567
36.70000 171.35 0.276395
36.71000 186.16 0.270765
36.72000 217.87 0.26029
36.73000 206.34 0.26389
36.74000 203.47 0.264814
36.75000 206.36 0.263798
36.76000 197.3 0.266785
36.77000 232.31 0.256158
36.78000 219.96 0.259675
36.79000 229.84 0.256833
36.80000 210.09 0.262703
36.81000 227.37 0.257513
36.82000 245.11 0.252699
36.83000 296.59 0.240981
36.84000 296.18 0.241051
36.85000 224.09 0.258457
36.86000 213.8 0.261533
36.87000 203.5 0.264721
36.88000 213.39 0.261622
36.89000 216.28 0.260732
36.90000 293.32 0.241614
36.91000 388.1 0.225303
36.92000 437.54 0.218635
36.93000 401.68 0.223384
36.94000 377.38 0.226863
36.95000 308.98 0.238501
36.96000 293.74 0.241543
36.97000 278.9 0.244704
36.98000 286.74 0.243037
36.99000 272.34 0.246183
37.00000 254.22 0.25047
37.01000 199.43 0.266123
37.02000 198.18 0.266501
37.03000 203.54 0.264721
37.04000 178.41 0.273588
37.05000 169.76 0.277031
37.06000 175.11 0.274929
37.07000 167.3 0.2781
37.08000 186.25 0.270666
37.09000 175.95 0.274618
37.10000 178.83 0.273485
37.11000 182.95 0.271864
37.12000 197.38 0.266785
37.13000 173.9 0.275345
37.14000 156.99 0.282504
37.15000 177.61 0.273896
37.16000 156.19 0.282843
37.17000 157.42 0.282279
37.18000 178.86 0.273485
37.19000 202.35 0.265186
37.20000 230.37 0.256664
37.21000 236.98 0.254906
37.22000 217.21 0.260466
37.23000 208.15 0.263249
37.24000 192.06 0.268608
37.25000 174.75 0.275033
37.26000 164.45 0.27929
37.27000 162.81 0.279946
37.28000 154.16 0.283752
37.29000 152.93 0.284325
37.30000 161.18 0.280607
37.31000 162.82 0.279946
37.32000 176.85 0.274204
37.33000 157.06 0.282504
37.34000 173.54 0.275554
37.35000 180.13 0.272976
37.36000 159.52 0.281383
37.37000 153.35 0.28421
37.38000 166.13 0.278531
37.39000 161.18 0.280607
37.40000 161.2 0.280607
37.41000 173.97 0.275345
37.42000 171.5 0.276289
37.43000 177.68 0.273896
37.44000 178.51 0.273588
37.45000 198.29 0.266501
37.46000 218.92 0.259938
37.47000 228 0.257343
37.48000 248.62 0.251816
37.49000 257.68 0.24961
37.50000 251.91 0.251022
37.51000 235.85 0.255155
37.52000 224.29 0.258371
37.53000 225.14 0.258199
37.54000 225.96 0.257941
37.55000 219.77 0.259762
37.56000 217.3 0.260466
37.57000 267.18 0.24731
37.58000 258.53 0.249377
37.59000 268.44 0.247083
37.60000 287.01 0.242965
37.61000 277.93 0.244924
37.62000 256.93 0.249766
37.63000 213.22 0.261712
37.64000 187.23 0.270369
37.65000 175.27 0.274825
37.66000 171.56 0.276289
37.67000 158.35 0.281942
37.68000 182.69 0.271964
37.69000 180.23 0.272976
37.70000 177.75 0.273896
37.71000 174.04 0.275345
37.72000 191.77 0.268705
37.73000 197.95 0.266596
37.74000 197.55 0.26669
37.75000 175.69 0.274721
37.76000 176.53 0.274307
37.77000 200.04 0.265935
37.78000 209.95 0.262703
37.79000 201.71 0.265372
37.80000 216.56 0.260643
37.81000 214.9 0.261176
37.82000 197.58 0.26669
37.83000 184.37 0.271363
37.84000 176.96 0.274204
37.85000 177.36 0.273998
37.86000 162.95 0.279837
37.87000 176.55 0.274307
37.88000 177.38 0.273998
37.89000 172.43 0.275974
37.90000 187.28 0.27027
37.91000 195.95 0.267261
37.92000 214.53 0.261265
37.93000 209.58 0.262794
37.94000 213.29 0.261712
37.95000 206.68 0.263706
37.96000 212.87 0.261802
37.97000 184.82 0.271263
37.98000 172.86 0.275764
37.99000 157.6 0.282279
38.00000 171.62 0.276289
38.01000 156.36 0.282843
38.02000 165.45 0.278856
38.03000 153.49 0.284095
38.04000 172.89 0.275764
38.05000 148.12 0.286652
38.06000 173.3 0.275659
38.07000 163.81 0.279508
38.08000 161.34 0.280607
38.09000 164.22 0.279399
38.10000 161.75 0.280386
38.11000 151.85 0.284901
38.12000 159.27 0.281495
38.13000 150.61 0.285481
38.14000 169.61 0.277137
38.15000 166.31 0.278423
38.16000 160.94 0.280717
38.17000 152.69 0.28444
38.18000 177.46 0.273998
38.19000 194.38 0.267836
38.20000 181.58 0.272367
38.21000 196.86 0.266975
38.22000 213.78 0.261533
38.23000 232.77 0.25599
38.24000 215.84 0.260909
38.25000 199.75 0.266029
38.26000 191.5 0.268802
38.27000 191.92 0.268705
38.28000 223.29 0.258717
38.29000 251.33 0.25118
38.30000 282.72 0.243902
38.31000 326.06 0.23531
38.32000 309.54 0.238433
38.33000 267.04 0.247385
38.34000 219.97 0.259675
38.35000 203.47 0.264814
38.36000 171.69 0.276289
38.37000 169.23 0.277243
38.38000 149.42 0.286065
38.39000 158.09 0.282054
38.40000 176.67 0.274307
38.41000 164.28 0.27929
38.42000 160.16 0.28105
38.43000 183.67 0.271663
38.44000 163.86 0.279508
38.45000 178.73 0.273485
38.46000 165.52 0.278747
38.47000 161.82 0.280386
38.48000 156.46 0.28273
38.49000 158.52 0.28183
38.50000 168.84 0.277457
38.51000 159.76 0.281272
38.52000 156.86 0.282617
38.53000 142.43 0.289521
38.54000 153.17 0.28421
38.55000 153.58 0.284095
38.56000 170.09 0.276924
38.57000 170.49 0.276712
38.58000 156.87 0.282617
38.59000 147.8 0.28677
38.60000 188.67 0.269778
38.61000 184.13 0.271463
38.62000 198.16 0.266501
38.63000 245.25 0.252699
38.64000 328.22 0.23492
38.65000 355.09 0.230388
38.66000 358.78 0.229779
38.67000 311.73 0.23796
38.68000 265.51 0.247765
38.69000 219.25 0.25985
38.70000 178.38 0.273588
38.71000 169.29 0.277243
38.72000 164.33 0.27929
38.73000 168.88 0.27735
38.74000 156.91 0.282504
38.75000 172.19 0.276079
38.76000 166.42 0.278423
38.77000 172.2 0.276079
38.78000 173.86 0.275345
38.79000 171.38 0.276395
38.80000 175.1 0.274929
38.81000 192.43 0.268511
38.82000 205.64 0.264074
38.83000 216 0.26082
38.84000 202.76 0.264999
38.85000 177.58 0.273896
38.86000 181.31 0.272468
38.87000 170.56 0.276712
38.88000 176.75 0.274307
38.89000 156.1 0.282956
38.90000 191.23 0.268899
38.91000 205.67 0.264074
38.92000 226.75 0.257684
38.93000 259.36 0.249222
38.94000 232.54 0.256074
38.95000 223.46 0.25863
38.96000 194.53 0.26774
38.97000 191.66 0.268802
38.98000 173.9 0.275345
38.99000 163.16 0.279837
39.00000 143.75 0.288795
39.01000 156.97 0.282504
39.02000 156.56 0.28273
39.03000 166.06 0.278531
39.04000 154.08 0.283866
39.05000 165.65 0.278747
39.06000 175.15 0.274929
39.07000 167.31 0.2781
39.08000 171.85 0.276184
39.09000 171.02 0.276501
39.10000 194.57 0.26774
39.11000 202.01 0.265279
39.12000 202.45 0.265093
39.13000 211.95 0.262071
39.14000 206.59 0.263798
39.15000 199.96 0.265935
39.16000 164.02 0.279399
39.17000 182.61 0.272065
39.18000 174.34 0.275241
39.19000 177.66 0.273896
39.20000 167.74 0.277885
39.21000 193.8 0.268028
39.22000 195.03 0.267548
39.23000 212.81 0.261802
39.24000 206.19 0.26389
39.25000 203.31 0.264814
39.26000 226.04 0.257941
39.27000 235.96 0.255155
39.28000 255.79 0.250078
39.29000 252.5 0.250864
39.30000 255.79 0.250078
39.31000 238.86 0.254329
39.32000 211.58 0.262161
39.33000 227.28 0.257513
39.34000 185.55 0.270964
39.35000 199.19 0.266217
39.36000 169.86 0.277031
39.37000 222.35 0.258977
39.38000 262.46 0.248452
39.39000 326.95 0.23518
39.40000 331.91 0.234275
39.41000 380.66 0.226397
39.42000 363.31 0.229054
39.43000 303.8 0.239525
39.44000 280.22 0.244412
39.45000 232.68 0.256074
39.46000 214.93 0.261176
39.47000 220.71 0.259412
39.48000 194.71 0.26774
39.49000 181.89 0.272266
39.50000 183.96 0.271563
39.51000 184.38 0.271363
39.52000 166.18 0.278531
39.53000 156.27 0.282843
39.54000 191.41 0.268802
39.55000 186.45 0.270666
39.56000 188.52 0.269876
39.57000 207.97 0.26334
39.58000 174.47 0.275137
39.59000 201.34 0.265466
39.60000 171.99 0.276184
39.61000 169.51 0.277137
39.62000 164.97 0.279073
39.63000 154.64 0.283524
39.64000 163.32 0.279727
39.65000 153.39 0.284095
39.66000 164.55 0.279182
39.67000 151.33 0.285133
39.68000 166.22 0.278531
39.69000 150.09 0.285714
39.70000 168.7 0.277457
39.71000 153 0.284325
39.72000 169.12 0.27735
39.73000 164.58 0.279182
39.74000 191.88 0.268705
39.75000 184.02 0.271463
39.76000 168.72 0.277457
39.77000 161.27 0.280607
39.78000 155.08 0.28341
39.79000 158.79 0.281718
39.80000 167.06 0.2781
39.81000 160.04 0.281161
39.82000 155.09 0.28341
39.83000 182.38 0.272166
39.84000 177.42 0.273998
39.85000 199.76 0.266029
39.86000 187.78 0.270172
39.87000 183.22 0.271763
39.88000 181.57 0.272468
39.89000 165.43 0.278856
39.90000 161.72 0.280386
39.91000 155.95 0.282956
39.92000 167.93 0.277778
39.93000 159.24 0.281495
39.94000 174.13 0.275241
39.95000 180.75 0.272772
39.96000 178.69 0.273485
39.97000 186.97 0.270468
39.98000 187.81 0.270172
39.99000 181.61 0.272367
40.00000 178.29 0.27369
40.01000 170.02 0.276924
40.02000 154.3 0.283752
40.03000 156.78 0.282617
40.04000 151.41 0.285133
40.05000 161.33 0.280607
40.06000 153.48 0.284095
40.07000 158.45 0.28183
40.08000 174.18 0.275241
40.09000 162.19 0.280166
40.10000 165.9 0.278639
40.11000 169.22 0.277243
40.12000 149.36 0.286065
40.13000 146.05 0.287599
40.14000 146.88 0.287242
40.15000 147.3 0.287006
40.16000 151.03 0.285249
40.17000 153.51 0.284095
40.18000 141.93 0.289764
40.19000 160.14 0.281161
40.20000 161.37 0.280607
40.21000 156.83 0.282617
40.22000 138.22 0.291606
40.23000 137.8 0.291854
40.24000 146.07 0.287599
40.25000 150.21 0.285598
40.26000 144.83 0.288315
40.27000 170.49 0.276712
40.28000 158.49 0.28183
40.29000 172.97 0.275764
40.30000 184.16 0.271463
40.31000 198.62 0.266406
40.32000 236.3 0.255072
40.33000 233.81 0.255739
40.34000 240.85 0.253837
40.35000 219.76 0.259762
40.36000 210.25 0.262613
40.37000 177.56 0.273896
40.38000 182.94 0.271864
40.39000 167.61 0.277885
40.40000 182.52 0.272065
40.41000 182.1 0.272266
40.42000 216.45 0.260732
40.43000 215.23 0.261087
40.44000 201.97 0.265279
40.45000 182.94 0.271864
40.46000 169.3 0.277243
40.47000 152.33 0.28467
40.48000 141.57 0.289886
40.49000 162.27 0.280166
40.50000 160.61 0.280939
40.51000 172.2 0.276079
40.52000 151.49 0.285017
40.53000 148.2 0.286652
40.54000 168.9 0.27735
40.55000 189.2 0.26968
40.56000 199.12 0.266217
40.57000 218.58 0.260113
40.58000 195.41 0.267452
40.59000 187.12 0.270369
40.60000 195.81 0.267357
40.61000 149.86 0.285831
40.62000 170.56 0.276712
40.63000 180.08 0.272976
40.64000 176.37 0.274411
40.65000 172.24 0.276079
40.66000 163.13 0.279837
40.67000 169.33 0.277243
40.68000 173.89 0.275345
40.69000 180.12 0.272976
40.70000 177.21 0.274101
40.71000 173.91 0.275345
40.72000 199.58 0.266029
40.73000 229.81 0.256833
40.74000 195.03 0.267548
40.75000 239.76 0.254164
40.76000 176.39 0.274411
40.77000 180.14 0.272976
40.78000 194.63 0.26774
40.79000 178.48 0.273588
40.80000 189.67 0.269484
40.81000 185.12 0.271063
40.82000 179.74 0.273077
40.83000 154.9 0.28341
40.84000 163.17 0.279837
40.85000 163.59 0.279618
40.86000 166.07 0.278531
40.87000 159.04 0.281606
40.88000 168.56 0.277564
40.89000 187.62 0.270172
40.90000 197.98 0.266596
40.91000 227.39 0.257513
40.92000 216.2 0.26082
40.93000 195.49 0.267452
40.94000 169.81 0.277031
40.95000 171.48 0.276289
40.96000 166.91 0.278207
40.97000 157.4 0.282279
40.98000 159.88 0.281272
40.99000 159.48 0.281383
41.00000 155.32 0.283296
41.01000 153.69 0.283981
41.02000 142.5 0.2894
41.03000 143.32 0.289037
41.04000 154.93 0.28341
41.05000 144.16 0.288555
41.06000 152.45 0.284555
41.07000 154.95 0.28341
41.08000 176.49 0.274411
41.09000 193.07 0.268317
41.10000 207.98 0.26334
41.11000 232.42 0.256074
41.12000 231.58 0.256326
41.13000 209.23 0.262976
41.14000 219.18 0.259938
41.15000 210.07 0.262703
41.16000 175.26 0.274825
41.17000 147.51 0.286888
41.18000 174.03 0.275345
41.19000 173.62 0.27545
41.20000 158.7 0.281718
41.21000 167.41 0.277992
41.22000 162.85 0.279946
41.23000 154.97 0.28341
41.24000 167 0.278207
41.25000 146.29 0.28748
41.26000 159.55 0.281383
41.27000 182.75 0.271964
41.28000 163.68 0.279618
41.29000 159.96 0.281161
41.30000 170.73 0.276606
41.31000 164.94 0.279073
41.32000 172.8 0.275764
41.33000 157.9 0.282054
41.34000 155.83 0.283069
41.35000 152.93 0.284325
41.36000 163.28 0.279727
41.37000 150.03 0.285714
41.38000 152.94 0.284325
41.39000 165.37 0.278856
41.40000 149.62 0.285948
41.41000 136.77 0.292478
41.42000 169.09 0.27735
41.43000 187.75 0.270172
41.44000 202.24 0.265186
41.45000 222.57 0.25889
41.46000 213.86 0.261533
41.47000 215.52 0.260998
41.48000 163.71 0.279618
41.49000 159.57 0.281383
41.50000 167.46 0.277992
41.51000 170.35 0.276818
41.52000 139.27 0.291111
41.53000 154.19 0.283752
41.54000 181.13 0.27257
41.55000 177.4 0.273998
41.56000 196.47 0.267071
41.57000 172.84 0.275764
41.58000 183.62 0.271663
41.59000 163.31 0.279727
41.60000 164.97 0.279073
41.61000 155.44 0.283183
41.62000 177.82 0.273896
41.63000 163.32 0.279727
41.64000 159.17 0.281495
41.65000 157.52 0.282279
41.66000 181.58 0.272367
41.67000 150.91 0.285365
41.68000 168.32 0.277671
41.69000 169.16 0.277243
41.70000 167.49 0.277992
41.71000 165.83 0.278639
41.72000 168.32 0.277671
41.73000 165.44 0.278856
41.74000 148.44 0.286534
41.75000 161.29 0.280607
41.76000 141.39 0.290007
41.77000 152.59 0.284555
41.78000 159.23 0.281495
41.79000 165.86 0.278639
41.80000 154.66 0.283524
41.81000 160.48 0.280939
41.82000 149.7 0.285831
41.83000 159.23 0.281495
41.84000 153.01 0.284325
41.85000 150.54 0.285481
41.86000 169.61 0.277137
41.87000 161.73 0.280386
41.88000 177.07 0.274101
41.89000 192.42 0.268511
41.90000 199.05 0.266217
41.91000 206.94 0.263615
41.92000 177.1 0.274101
41.93000 166.72 0.278315
41.94000 183.75 0.271563
41.95000 179.99 0.272976
41.96000 167.15 0.2781
41.97000 163.82 0.279508
41.98000 167.97 0.277778
41.99000 172.96 0.275764
42.00000 170.05 0.276924
42.01000 178.37 0.273588
42.02000 171.73 0.276289
42.03000 178.38 0.273588
42.04000 199.12 0.266217
42.05000 218.19 0.260201
42.06000 186.66 0.270567
42.07000 211.56 0.262161
42.08000 201.21 0.26556
42.09000 170.51 0.276712
42.10000 170.92 0.276606
42.11000 173.83 0.27545
42.12000 169.66 0.277031
42.13000 151.01 0.285249
42.14000 187.11 0.270369
42.15000 167.18 0.2781
42.16000 220.31 0.259587
42.17000 221.98 0.259064
42.18000 191.27 0.268899
42.19000 181.73 0.272367
42.20000 176.33 0.274411
42.21000 164.3 0.27929
42.22000 163.89 0.279508
42.23000 157.25 0.282391
42.24000 171.37 0.276395
42.25000 155.61 0.283183
42.26000 140.26 0.290619
42.27000 155.61 0.283183
42.28000 166.83 0.278207
42.29000 156.03 0.282956
42.30000 167.66 0.277885
42.31000 183.45 0.271763
42.32000 204.2 0.264535
42.33000 221.21 0.259325
42.34000 249.43 0.251657
42.35000 257.31 0.249688
42.36000 238.23 0.254576
42.37000 231.17 0.256495
42.38000 204.61 0.264443
42.39000 177.23 0.274101
42.40000 157.3 0.282391
42.41000 157.73 0.282166
42.42000 161.06 0.280717
42.43000 150.27 0.285598
42.44000 159.39 0.281495
42.45000 148.61 0.286417
42.46000 134.9 0.293484
42.47000 151.09 0.285249
42.48000 157.33 0.282391
42.49000 149.02 0.286182
42.50000 151.51 0.285017
42.51000 156.91 0.282504
42.52000 170.61 0.276712
42.53000 159.82 0.281272
42.54000 196.78 0.266975
42.55000 241.6 0.253673
42.56000 284.36 0.243541
42.57000 262.79 0.248375
42.58000 223.77 0.258544
42.59000 220.86 0.259412
42.60000 188.9 0.269778
42.61000 166.89 0.278207
42.62000 161.5 0.280496
42.63000 164.41 0.27929
42.64000 147.39 0.287006
42.65000 144.06 0.288675
42.66000 163.17 0.279837
42.67000 146.56 0.287361
42.68000 160.27 0.28105
42.69000 161.93 0.280276
42.70000 165.26 0.278856
42.71000 183.52 0.271663
42.72000 149.89 0.285831
42.73000 168.99 0.27735
42.74000 148.24 0.286534
42.75000 156.12 0.282956
42.76000 148.23 0.286652
42.77000 148.23 0.286652
42.78000 158.2 0.281942
42.79000 167.76 0.277885
42.80000 168.99 0.27735
42.81000 177.72 0.273896
42.82000 189.36 0.269582
42.83000 206.8 0.263706
42.84000 215.95 0.26082
42.85000 252.48 0.250864
42.86000 261.64 0.248606
42.87000 245.85 0.252538
42.88000 218.88 0.260025
42.89000 189.39 0.269582
42.90000 179.83 0.273077
42.91000 163.22 0.279727
42.92000 166.54 0.278315
42.93000 192.71 0.268414
42.94000 174.03 0.275345
42.95000 192.72 0.268414
42.96000 186.49 0.270567
42.97000 183.59 0.271663
42.98000 181.52 0.272468
42.99000 192.73 0.268414
43.00000 195.23 0.267548
43.01000 196.91 0.266975
43.02000 207.27 0.263523
43.03000 202.71 0.264999
43.04000 190.67 0.269093
43.05000 175.72 0.274618
43.06000 167 0.278207
43.07000 169.07 0.27735
43.08000 170.75 0.276606
43.09000 164.94 0.279073
43.10000 193.6 0.268124
43.11000 200.66 0.265653
43.12000 195.27 0.267548
43.13000 201.08 0.26556
43.14000 175.75 0.274618
43.15000 163.68 0.279618
43.16000 150.81 0.285365
43.17000 164.12 0.279399
43.18000 152.06 0.284786
43.19000 157.47 0.282279
43.20000 164.12 0.279399
43.21000 151.66 0.284901
43.22000 154.57 0.283638
43.23000 157.47 0.282279
43.24000 159.55 0.281383
43.25000 154.56 0.283638
43.26000 170.35 0.276818
43.27000 160.79 0.280828
43.28000 163.29 0.279727
43.29000 155.82 0.283069
43.30000 171.62 0.276289
43.31000 145.85 0.287718
43.32000 159.98 0.281161
43.33000 161.24 0.280607
43.34000 157.92 0.282054
43.35000 171.21 0.276501
43.36000 181.61 0.272367
43.37000 177.45 0.273998
43.38000 184.91 0.271163
43.39000 203.2 0.264906
43.40000 184.94 0.271163
43.41000 172.47 0.275974
43.42000 168.73 0.277457
43.43000 174.57 0.275137
43.44000 180.81 0.272671
43.45000 208.25 0.263249
43.46000 262.28 0.248452
43.47000 303.01 0.239663
43.48000 273.08 0.245959
43.49000 241.08 0.253755
43.50000 204.93 0.264258
43.51000 162.12 0.280276
43.52000 175.02 0.274929
43.53000 175.85 0.274618
43.54000 171.68 0.276289
43.55000 179.16 0.273281
43.56000 186.24 0.270666
43.57000 198.72 0.266312
43.58000 189.15 0.26968
43.59000 194.14 0.267932
43.60000 170.45 0.276712
43.61000 185.42 0.270964
43.62000 209.95 0.262703
43.63000 253.19 0.250706
43.64000 273.15 0.245959
43.65000 278.15 0.244851
43.66000 248.62 0.251816
43.67000 201.66 0.265372
43.68000 179.21 0.273281
43.69000 165.49 0.278856
43.70000 161.74 0.280386
43.71000 174.22 0.275241
43.72000 170.9 0.276606
43.73000 161.32 0.280607
43.74000 179.61 0.273179
43.75000 200.83 0.265653
43.76000 187.53 0.27027
43.77000 204.6 0.264443
43.78000 224.57 0.258285
43.79000 206.26 0.26389
43.80000 228.32 0.257257
43.81000 232.47 0.256074
43.82000 256.6 0.249844
43.83000 239.55 0.254164
43.84000 200.47 0.265747
43.85000 203.79 0.264628
43.86000 153.46 0.284095
43.87000 165.13 0.278964
43.88000 173.04 0.275764
43.89000 162.22 0.280166
43.90000 163.07 0.279837
43.91000 173.87 0.275345
43.92000 153.91 0.283866
43.93000 160.55 0.280939
43.94000 164.31 0.27929
43.95000 183.02 0.271864
43.96000 171.38 0.276395
43.97000 146.02 0.287718
43.98000 151.84 0.284901
43.99000 170.99 0.276501
44.00000 170.15 0.276924
44.01000 157.67 0.282166
44.02000 158.1 0.282054
44.03000 150.62 0.285481
44.04000 144.79 0.288315
44.05000 141.46 0.290007
44.06000 173.92 0.275345
44.07000 179.73 0.273077
44.08000 197.64 0.26669
44.09000 200.98 0.26556
44.10000 207.62 0.263432
44.11000 237.59 0.254741
44.12000 224.68 0.258285
44.13000 195.55 0.267452
44.14000 208.46 0.263158
44.15000 209.29 0.262885
44.16000 181.01 0.272671
44.17000 176.86 0.274204
44.18000 168.11 0.277671
44.19000 178.1 0.27369
44.20000 169.36 0.277243
44.21000 162.3 0.280166
44.22000 151.89 0.284901
44.23000 157.3 0.282391
44.24000 158.15 0.281942
44.25000 165.64 0.278747
44.26000 159.41 0.281383
44.27000 141.5 0.289886
44.28000 156.07 0.282956
44.29000 153.98 0.283866
44.30000 161.9 0.280386
44.31000 154.83 0.283524
44.32000 154.83 0.283524
44.33000 154.82 0.283524
44.34000 153.17 0.28421
44.35000 149.84 0.285831
44.36000 166.49 0.278423
44.37000 158.59 0.28183
44.38000 159.42 0.281383
44.39000 176.48 0.274411
44.40000 176.91 0.274204
44.41000 196.48 0.267071
44.42000 183.57 0.271663
44.43000 196.46 0.267071
44.44000 174 0.275345
44.45000 174.41 0.275137
44.46000 177.73 0.273896
44.47000 180.65 0.272772
44.48000 160.68 0.280828
44.49000 152.78 0.28444
44.50000 154.01 0.283866
44.51000 166.94 0.278207
44.52000 167.75 0.277885
44.53000 166.93 0.278207
44.54000 188.99 0.26968
44.55000 225.22 0.258113
44.56000 241.02 0.253837
44.57000 241.04 0.253755
44.58000 207.75 0.263432
44.59000 206.5 0.263798
44.60000 186.08 0.270765
44.61000 163.61 0.279618
44.62000 174.01 0.275345
44.63000 167.78 0.277885
44.64000 173.19 0.275659
44.65000 164.87 0.279073
44.66000 161.13 0.280717
44.67000 166.95 0.278207
44.68000 161.13 0.280717
44.69000 161.96 0.280276
44.70000 162.38 0.280166
44.71000 156.55 0.28273
44.72000 149.91 0.285831
44.73000 139.49 0.290988
44.74000 149.49 0.285948
44.75000 141.16 0.290129
44.76000 141.57 0.289886
44.77000 152.41 0.284555
44.78000 144.5 0.288435
44.79000 156.15 0.282843
44.80000 164.48 0.27929
44.81000 146.17 0.287599
44.82000 152.01 0.284786
44.83000 156.16 0.282843
44.84000 149.5 0.285948
44.85000 172.83 0.275764
44.86000 160.75 0.280828
44.87000 169.91 0.277031
44.88000 177.4 0.273998
44.89000 143.25 0.289037
44.90000 152.84 0.28444
44.91000 173.26 0.275659
44.92000 179.51 0.273179
44.93000 155.35 0.283296
44.94000 180.75 0.272772
44.95000 194.1 0.267932
44.96000 192.02 0.268608
44.97000 164.54 0.279182
44.98000 163.7 0.279618
44.99000 165.77 0.278639
45.00000 174.54 0.275137
45.01000 155.38 0.283183
45.02000 149.13 0.286182
45.03000 147.05 0.287124
45.04000 152.89 0.28444
45.05000 169.15 0.277243
45.06000 170.4 0.276818
45.07000 156.65 0.282617
45.08000 170.81 0.276606
45.09000 184.57 0.271263
45.10000 193.74 0.268028
45.11000 191.66 0.268802
45.12000 218.73 0.260025
45.13000 229.99 0.256748
45.14000 224.99 0.258199
45.15000 225.85 0.257941
45.16000 225.85 0.257941
45.17000 188.35 0.269975
45.18000 181.27 0.27257
45.19000 187.51 0.27027
45.20000 160.44 0.280939
45.21000 168.35 0.277671
45.22000 167.11 0.2781
45.23000 155.86 0.283069
45.24000 152.09 0.284786
45.25000 165.02 0.278964
45.26000 168.35 0.277671
45.27000 185.44 0.270964
45.28000 197.53 0.266785
45.29000 167.11 0.2781
45.30000 190.05 0.269289
45.31000 167.96 0.277778
45.32000 165.04 0.278964
45.33000 171.3 0.276395
45.34000 172.57 0.275869
45.35000 173.8 0.27545
45.36000 194.24 0.267836
45.37000 178.82 0.273485
45.38000 166.31 0.278423
45.39000 179.66 0.273179
45.40000 160.07 0.281161
45.41000 162.98 0.279837
45.42000 167.58 0.277885
45.43000 166.33 0.278423
45.44000 170.9 0.276606
45.45000 177.59 0.273896
45.46000 161.74 0.280386
45.47000 172.17 0.276079
45.48000 165.5 0.278856
45.49000 157.99 0.282054
45.50000 163.01 0.279837
45.51000 156.34 0.282843
45.52000 152.58 0.284555
45.53000 146.34 0.28748
45.54000 145.51 0.287956
45.55000 141.75 0.289764
45.56000 149.26 0.286065
45.57000 147.18 0.287124
45.58000 153.02 0.284325
45.59000 151.35 0.285133
45.60000 140.1 0.290619
45.61000 148.03 0.286652
45.62000 137.6 0.291979
45.63000 137.6 0.291979
45.64000 159.7 0.281272
45.65000 152.2 0.28467
45.66000 165.97 0.278639
45.67000 155.54 0.283183
45.68000 177.22 0.274101
45.69000 173.9 0.275345
45.70000 181.39 0.272468
45.71000 174.31 0.275241
45.72000 169.73 0.277031
45.73000 178.9 0.273383
45.74000 145.95 0.287718
45.75000 172.24 0.276079
45.76000 159.72 0.281272
45.77000 150.56 0.285481
45.78000 165.57 0.278747
45.79000 181.42 0.272468
45.80000 178.93 0.273383
45.81000 202.28 0.265186
45.82000 194.36 0.267836
45.83000 180.17 0.272976
45.84000 188.51 0.269876
45.85000 156.83 0.282617
45.86000 153.09 0.284325
45.87000 154.34 0.283752
45.88000 176.43 0.274411
45.89000 172.7 0.275869
45.90000 187.7 0.270172
45.91000 176.87 0.274204
45.92000 196.05 0.267261
45.93000 191.46 0.268802
45.94000 202.72 0.264999
45.95000 198.14 0.266501
45.96000 196.9 0.266975
45.97000 200.65 0.265653
45.98000 196.91 0.266975
45.99000 226.11 0.257855
46.00000 220.7 0.259412
46.01000 206.51 0.263798
46.02000 211.51 0.262251
46.03000 191.9 0.268705
46.04000 172.31 0.275974
46.05000 199.44 0.266123
46.06000 171.06 0.276501
46.07000 174 0.275345
46.08000 159.8 0.281272
46.09000 152.71 0.28444
46.10000 151.89 0.284901
46.11000 157.73 0.282166
46.12000 168.57 0.277564
46.13000 173.59 0.27545
46.14000 187.37 0.27027
46.15000 177.36 0.273998
46.16000 182.78 0.271964
46.17000 181.12 0.27257
46.18000 167.36 0.277992
46.19000 181.55 0.272468
46.20000 155.25 0.283296
46.21000 153.18 0.28421
46.22000 161.93 0.280276
46.23000 151.92 0.284786
46.24000 156.51 0.28273
46.25000 159.01 0.281606
46.26000 161.95 0.280276
46.27000 180.32 0.272874
46.28000 169.05 0.27735
46.29000 185.34 0.271063
46.30000 182 0.272266
46.31000 160.71 0.280828
46.32000 159.46 0.281383
46.33000 153.21 0.28421
46.34000 169.89 0.277031
46.35000 172.83 0.275764
46.36000 150.7 0.285365
46.37000 164.91 0.279073
46.38000 161.55 0.280496
46.39000 163.65 0.279618
46.40000 187.85 0.270073
46.41000 191.63 0.268802
46.42000 184.96 0.271163
46.43000 195.39 0.267452
46.44000 181.18 0.27257
46.45000 195.8 0.267357
46.46000 170.76 0.276606
46.47000 183.29 0.271763
46.48000 180.8 0.272671
46.49000 188.32 0.269975
46.50000 162.01 0.280276
46.51000 167.87 0.277778
46.52000 159.94 0.281161
46.53000 155.34 0.283296
46.54000 172.04 0.276079
46.55000 160.77 0.280828
46.56000 162.01 0.280276
46.57000 169.97 0.276924
46.58000 161.6 0.280496
46.59000 159.51 0.281383
46.60000 186.24 0.270666
46.61000 190.01 0.269386
46.62000 195.86 0.267357
46.63000 216.75 0.260643
46.64000 218.41 0.260113
46.65000 192.94 0.268317
46.66000 191.69 0.268705
46.67000 171.23 0.276395
46.68000 192.95 0.268317
46.69000 209.25 0.262885
46.70000 199.64 0.266029
46.71000 217.19 0.260466
46.72000 196.73 0.266975
46.73000 192.97 0.268317
46.74000 185.86 0.270864
46.75000 163.31 0.279727
46.76000 150.79 0.285365
46.77000 155.8 0.283069
46.78000 151.63 0.285017
46.79000 155.4 0.283183
46.80000 160.84 0.280828
46.81000 151.65 0.285017
46.82000 158.33 0.281942
46.83000 170.03 0.276924
46.84000 166.69 0.278315
46.85000 164.6 0.279182
46.86000 167.1 0.2781
46.87000 166.26 0.278531
46.88000 177.55 0.273998
46.89000 176.71 0.274307
46.90000 180.48 0.272874
46.91000 179.65 0.273179
46.92000 186.32 0.270666
46.93000 186.33 0.270666
46.94000 178.82 0.273485
46.95000 186.74 0.270468
46.96000 172.13 0.276079
46.97000 185.5 0.270964
46.98000 172.15 0.276079
46.99000 162.54 0.280056
47.00000 166.3 0.278423
47.01000 165.47 0.278856
47.02000 165.05 0.278964
47.03000 157.52 0.282279
47.04000 172.58 0.275869
47.05000 169.65 0.277137
47.06000 152.52 0.284555
47.07000 172.16 0.276079
47.08000 165.07 0.278964
47.09000 162.98 0.279837
47.10000 167.57 0.277992
47.11000 166.32 0.278423
47.12000 172.99 0.275764
47.13000 197.26 0.26688
47.14000 198.09 0.266596
47.15000 164.67 0.279182
47.16000 188.07 0.270073
47.17000 171.77 0.276184
47.18000 190.57 0.269191
47.19000 181.81 0.272367
47.20000 188.9 0.269778
47.21000 182.64 0.272065
47.22000 193.09 0.268221
47.23000 201.87 0.265279
47.24000 181.82 0.272367
47.25000 173.87 0.275345
47.26000 174.29 0.275241
47.27000 166.36 0.278423
47.28000 154.22 0.283752
47.29000 166.35 0.278423
47.30000 164.68 0.279182
47.31000 156.74 0.282617
47.32000 151.73 0.284901
47.33000 152.99 0.284325
47.34000 172.22 0.276079
47.35000 157.18 0.282391
47.36000 157.18 0.282391
47.37000 155.5 0.283183
47.38000 162.19 0.280166
47.39000 155.93 0.282956
47.40000 151.74 0.284901
47.41000 178.51 0.273588
47.42000 160.53 0.280939
47.43000 143.82 0.288795
47.44000 162.63 0.280056
47.45000 164.31 0.27929
47.46000 149.26 0.286065
47.47000 165.15 0.278964
47.48000 163.9 0.279508
47.49000 172.66 0.275869
47.50000 160.13 0.281161
47.51000 165.98 0.278639
47.52000 159.28 0.281495
47.53000 173.5 0.275554
47.54000 180.63 0.272772
47.55000 212.4 0.261981
47.56000 189.41 0.269582
47.57000 200.27 0.265841
47.58000 179.79 0.273077
47.59000 188.57 0.269876
47.60000 178.97 0.273383
47.61000 179.38 0.273281
47.62000 189.83 0.269386
47.63000 179.81 0.273077
47.64000 174.38 0.275137
47.65000 186.1 0.270765
47.66000 183.16 0.271864
47.67000 171.45 0.276395
47.68000 176.48 0.274411
47.69000 167.29 0.2781
47.70000 159.34 0.281495
47.71000 161.85 0.280386
47.72000 176.09 0.274514
47.73000 179.85 0.273077
47.74000 181.52 0.272468
47.75000 192.82 0.268317
47.76000 184.03 0.271463
47.77000 176.93 0.274204
47.78000 160.62 0.280939
47.79000 158.95 0.281606
47.80000 167.32 0.277992
47.81000 165.22 0.278964
47.82000 155.18 0.283296
47.83000 156.85 0.282617
47.84000 154.36 0.283752
47.85000 169.84 0.277031
47.86000 169.84 0.277031
47.87000 215.42 0.260998
47.88000 237.59 0.254741
47.89000 240.52 0.253918
47.90000 251.42 0.251101
47.91000 250.56 0.251339
47.92000 207.9 0.26334
47.93000 215.87 0.260909
47.94000 204.58 0.264443
47.95000 216.7 0.260643
47.96000 222.14 0.259064
47.97000 187.01 0.270369
47.98000 184.49 0.271363
47.99000 177.8 0.273896
48.00000 181.56 0.272468
48.01000 174.45 0.275137
48.02000 192.88 0.268317
48.03000 195.8 0.267357
48.04000 184.08 0.271463
48.05000 195.81 0.267357
48.06000 210.88 0.262432
48.07000 206.27 0.26389
48.08000 180.76 0.272772
48.09000 169.46 0.277137
48.10000 158.16 0.281942
48.11000 162.36 0.280166
48.12000 142.69 0.289278
48.13000 167.8 0.277885
48.14000 163.21 0.279727
48.15000 161.95 0.280276
48.16000 154.42 0.283638
48.17000 161.53 0.280496
48.18000 166.14 0.278531
48.19000 162.79 0.279946
48.20000 155.26 0.283296
48.21000 161.96 0.280276
48.22000 164.47 0.27929
48.23000 147.74 0.286888
48.24000 138.53 0.291482
48.25000 159.47 0.281383
48.26000 154.46 0.283638
48.27000 156.57 0.28273
48.28000 161.16 0.280717
48.29000 159.49 0.281383
48.30000 158.23 0.281942
48.31000 146.52 0.28748
48.32000 161.58 0.280496
48.33000 152.38 0.28467
48.34000 161.18 0.280607
48.35000 193.41 0.268124
48.36000 170.8 0.276606
48.37000 185.88 0.270864
48.38000 200.95 0.26556
48.39000 192.58 0.268414
48.40000 160.77 0.280828
48.41000 158.68 0.281718
48.42000 163.28 0.279727
48.43000 176.68 0.274307
48.44000 155.33 0.283296
48.45000 169.99 0.276924
48.46000 159.53 0.281383
48.47000 160.36 0.28105
48.48000 148.22 0.286652
48.49000 164.97 0.279073
48.50000 171.25 0.276395
48.51000 160.8 0.280828
48.52000 158.28 0.281942
48.53000 166.66 0.278315
48.54000 158.71 0.281718
48.55000 172.53 0.275869
48.56000 155.36 0.283296
48.57000 160.39 0.28105
48.58000 159.14 0.281495
48.59000 167.92 0.277778
48.60000 167.1 0.2781
48.61000 159.57 0.281383
48.62000 170.87 0.276606
48.63000 173.4 0.275554
48.64000 157.9 0.282054
48.65000 170.45 0.276712
48.66000 156.63 0.282617
48.67000 173.79 0.27545
48.68000 158.73 0.281718
48.69000 162.51 0.280056
48.70000 178.01 0.273793
48.71000 173.83 0.27545
48.72000 162.1 0.280276
48.73000 182.18 0.272166
48.74000 182.62 0.272065
48.75000 190.57 0.269191
48.76000 185.55 0.270964
48.77000 196.43 0.267071
48.78000 195.58 0.267452
48.79000 198.11 0.266501
48.80000 173.83 0.27545
48.81000 172.99 0.275764
48.82000 172.99 0.275764
48.83000 165.45 0.278856
48.84000 162.54 0.280056
48.85000 167.98 0.277778
48.86000 161.69 0.280386
48.87000 166.32 0.278423
48.88000 167.17 0.2781
48.89000 170.1 0.276924
48.90000 190.2 0.269289
48.91000 169.69 0.277031
48.92000 182.25 0.272166
48.93000 182.26 0.272166
48.94000 197.77 0.26669
48.95000 174.7 0.275033
48.96000 181.41 0.272468
48.97000 172.62 0.275869
48.98000 178.92 0.273383
48.99000 170.96 0.276501
49.00000 161.32 0.280607
49.01000 196.92 0.266975
49.02000 187.28 0.27027
49.03000 207.42 0.263523
49.04000 203.64 0.264721
49.05000 234.24 0.255655
49.06000 210.78 0.262432
49.07000 204.5 0.264443
49.08000 183.12 0.271864
49.09000 172.23 0.276079
49.10000 163.44 0.279727
49.11000 177.26 0.274101
49.12000 157.15 0.282391
49.13000 164.7 0.279182
49.14000 180.62 0.272772
49.15000 189.02 0.26968
49.16000 194.05 0.267932
49.17000 186.92 0.270468
49.18000 207.86 0.26334
49.19000 187.36 0.27027
49.20000 184.82 0.271263
49.21000 183.58 0.271663
49.22000 189.45 0.269582
49.23000 203.29 0.264814
49.24000 188.2 0.269975
49.25000 228.84 0.257087
49.26000 215.45 0.260998
49.27000 214.59 0.261265
49.28000 210.84 0.262432
49.29000 213.35 0.261622
49.30000 219.64 0.259762
49.31000 212.11 0.262071
49.32000 191.15 0.268899
49.33000 200.39 0.265747
49.34000 191.99 0.268608
49.35000 153.01 0.284325
49.36000 152.18 0.28467
49.37000 163.92 0.279508
49.38000 171.03 0.276501
49.39000 156.79 0.282617
49.40000 154.27 0.283752
49.41000 165.59 0.278747
49.42000 175.66 0.274721
49.43000 171.06 0.276501
49.44000 165.19 0.278964
49.45000 166.45 0.278423
49.46000 146.32 0.28748
49.47000 166.88 0.278207
49.48000 153.87 0.283981
49.49000 164.77 0.279073
49.50000 169.4 0.277137
49.51000 164.79 0.279073
49.52000 185.76 0.270864
49.53000 174.43 0.275137
49.54000 191.2 0.268899
49.55000 219.3 0.25985
49.56000 215.11 0.261087
49.57000 236.92 0.254906
49.58000 239.45 0.254246
49.59000 254.96 0.250235
49.60000 238.6 0.254411
49.61000 226.88 0.257684
49.62000 228.56 0.257172
49.63000 200.05 0.265935
49.64000 171.1 0.276501
49.65000 165.22 0.278964
49.66000 192.5 0.268511
49.67000 183.69 0.271663
49.68000 182.86 0.271964
49.69000 179.09 0.273383
49.70000 163.15 0.279837
49.71000 179.1 0.273383
49.72000 179.51 0.273179
49.73000 173.21 0.275659
49.74000 183.29 0.271763
49.75000 171.13 0.276501
49.76000 174.9 0.275033
49.77000 187.08 0.270369
49.78000 194.63 0.26774
49.79000 166.1 0.278531
49.80000 164.43 0.27929
49.81000 153.11 0.284325
49.82000 176.6 0.274307
49.83000 162.75 0.279946
49.84000 165.69 0.278747
49.85000 161.92 0.280386
49.86000 172.43 0.275974
49.87000 179.56 0.273179
49.88000 172 0.276184
49.89000 150.62 0.285481
49.90000 159.03 0.281606
49.91000 174.11 0.275241
49.92000 172.44 0.275974
49.93000 141.39 0.290007
49.94000 161.94 0.280276
49.95000 169.49 0.277137
49.96000 177.05 0.274101
49.97000 176.65 0.274307
49.98000 179.17 0.273281
49.99000 170.76 0.276606
50.00000 161.12 0.280717
50.01000 174.14 0.275241
50.02000 162.38 0.280166
50.03000 172.88 0.275764
50.04000 152.32 0.28467
50.05000 174.12 0.275241
50.06000 170.76 0.276606
50.07000 160.7 0.280828
50.08000 166.16 0.278531
50.09000 162.8 0.279946
50.10000 167.86 0.277778
50.11000 156.1 0.282956
50.12000 166.59 0.278315
50.13000 167.02 0.278207
50.14000 168.28 0.277671
50.15000 177.1 0.274101
50.16000 159.06 0.281606
50.17000 155.7 0.283069
50.18000 165.35 0.278856
50.19000 159.46 0.281383
50.20000 143.1 0.289157
50.21000 154.01 0.283866
50.22000 159.47 0.281383
50.23000 178.36 0.273588
50.24000 162 0.280276
50.25000 170.4 0.276818
50.26000 178.37 0.273588
50.27000 156.55 0.28273
50.28000 165.36 0.278856
50.29000 173.77 0.27545
50.30000 172.5 0.275974
50.31000 168.31 0.277671
50.32000 168.31 0.277671
50.33000 146.5 0.28748
50.34000 177.56 0.273896
50.35000 156.56 0.28273
50.36000 165.39 0.278856
50.37000 165.8 0.278639
50.38000 163.28 0.279727
50.39000 180.5 0.272772
50.40000 178.83 0.273485
50.41000 178 0.273793
50.42000 187.23 0.270369
50.43000 188.08 0.270073
50.44000 185.57 0.270964
50.45000 182.63 0.272065
50.46000 169.19 0.277243
50.47000 167.11 0.2781
50.48000 164.58 0.279182
50.49000 157.02 0.282504
50.50000 158.71 0.281718
50.51000 152.84 0.28444
50.52000 173.4 0.275554
50.53000 173.83 0.27545
50.54000 167.96 0.277778
50.55000 158.73 0.281718
50.56000 161.24 0.280607
50.57000 159.99 0.281161
50.58000 157.89 0.282054
50.59000 172.17 0.276079
50.60000 159.57 0.281383
50.61000 186.05 0.270765
50.62000 172.6 0.275869
50.63000 167.57 0.277992
50.64000 153.29 0.28421
50.65000 173.45 0.275554
50.66000 160.85 0.280828
50.67000 162.11 0.280276
50.68000 170.94 0.276606
50.69000 174.73 0.275033
50.70000 180.61 0.272772
50.71000 157.08 0.282504
50.72000 161.28 0.280607
50.73000 174.31 0.275241
50.74000 180.61 0.272772
50.75000 189 0.26968
50.76000 193.64 0.268028
50.77000 201.63 0.265372
50.78000 175.16 0.274929
50.79000 182.3 0.272166
50.80000 169.29 0.277243
50.81000 145.76 0.287837
50.82000 181.89 0.272266
50.83000 163.82 0.279508
50.84000 165.51 0.278747
50.85000 156.69 0.282617
50.86000 162.57 0.280056
50.87000 139.89 0.290742
50.88000 167.64 0.277885
50.89000 161.77 0.280386
50.90000 153.79 0.283981
50.91000 169.32 0.277243
50.92000 167.24 0.2781
50.93000 166.81 0.278207
50.94000 165.57 0.278747
50.95000 149.16 0.286182
50.96000 151.27 0.285133
50.97000 166.4 0.278423
50.98000 152.94 0.284325
50.99000 166.4 0.278423
51.00000 152.11 0.284786
51.01000 168.09 0.277778
51.02000 169.79 0.277031
51.03000 165.16 0.278964
51.04000 155.9 0.282956
51.05000 169.79 0.277031
51.06000 171.48 0.276289
51.07000 164.76 0.279073
51.08000 167.69 0.277885
51.09000 178.61 0.273588
51.10000 180.3 0.272874
51.11000 182.4 0.272065
51.12000 196.69 0.267071
51.13000 181.99 0.272266
51.14000 168.53 0.277564
51.15000 158.04 0.282054
51.16000 152.58 0.284555
51.17000 158.45 0.28183
51.18000 161.83 0.280386
51.19000 172.33 0.275974
51.20000 156.36 0.282843
51.21000 174.46 0.275137
51.22000 167.73 0.277885
51.23000 147.97 0.28677
51.24000 153.44 0.284095
51.25000 157.22 0.282391
51.26000 161.03 0.280717
51.27000 174.05 0.275345
51.28000 176.15 0.274514
51.29000 201.38 0.265466
51.30000 177.83 0.273793
51.31000 210.62 0.262522
51.32000 203.05 0.264906
51.33000 183.72 0.271663
51.34000 172.8 0.275764
51.35000 185.42 0.270964
51.36000 173.65 0.27545
51.37000 166.93 0.278207
51.38000 175.76 0.274618
51.39000 179.12 0.273383
51.40000 162.73 0.279946
51.41000 173.66 0.27545
51.42000 179.96 0.273077
51.43000 165.66 0.278747
51.44000 187.12 0.270369
51.45000 182.5 0.272065
51.46000 169.05 0.27735
51.47000 178.29 0.27369
51.48000 183.76 0.271563
51.49000 186.7 0.270567
51.50000 197.21 0.26688
51.51000 165.67 0.278747
51.52000 179.98 0.272976
51.53000 179.56 0.273179
51.54000 175.79 0.274618
51.55000 179.58 0.273179
51.56000 170.32 0.276818
51.57000 182.09 0.272266
51.58000 199.34 0.266123
51.59000 194.73 0.26774
51.60000 169.91 0.277031
51.61000 188.83 0.269778
51.62000 174.11 0.275241
51.63000 182.53 0.272065
51.64000 176.63 0.274307
51.65000 169.91 0.277031
51.66000 182.11 0.272266
51.67000 170.34 0.276818
51.68000 181.7 0.272367
51.69000 170.36 0.276818
51.70000 164.88 0.279073
51.71000 151.42 0.285017
51.72000 164.46 0.27929
51.73000 157.73 0.282166
51.74000 160.68 0.280828
51.75000 167 0.278207
51.76000 162.78 0.279946
51.77000 164.05 0.279399
51.78000 159.86 0.281272
51.79000 176.69 0.274307
51.80000 179.21 0.273281
51.81000 187.63 0.270172
51.82000 186.37 0.270666
51.83000 183 0.271864
51.84000 183.43 0.271763
51.85000 161.96 0.280276
51.86000 183 0.271864
51.87000 187.21 0.270369
51.88000 169.98 0.276924
51.89000 160.73 0.280828
51.90000 156.1 0.282956
51.91000 158.63 0.28183
51.92000 151.06 0.285249
51.93000 156.53 0.28273
51.94000 150.22 0.285598
51.95000 152.33 0.28467
51.96000 159.06 0.281606
51.97000 160.75 0.280828
51.98000 162.44 0.280056
51.99000 167.91 0.277778
52.00000 151.09 0.285249
52.01000 168.33 0.277671
52.02000 156.56 0.28273
52.03000 159.08 0.281606
52.04000 163.3 0.279727
52.05000 164.99 0.279073
52.06000 151.12 0.285249
52.07000 158.27 0.281942
52.08000 160.38 0.28105
52.09000 144.81 0.288315
52.10000 164.58 0.279182
52.11000 147.31 0.287006
52.12000 156.16 0.282843
52.13000 165.43 0.278856
52.14000 142.7 0.289278
52.15000 145.66 0.287837
52.16000 167.98 0.277778
52.17000 163.34 0.279727
52.18000 185.67 0.270864
52.19000 176.4 0.274411
52.20000 189.03 0.26968
52.21000 170.5 0.276712
52.22000 174.73 0.275033
52.23000 178.94 0.273383
52.24000 171.38 0.276395
52.25000 192.42 0.268511
52.26000 198.32 0.266501
52.27000 173.48 0.275554
52.28000 178.52 0.273588
52.29000 178.96 0.273383
52.30000 194.12 0.267932
52.31000 186.97 0.270468
52.32000 176.86 0.274204
52.33000 184.03 0.271463
52.34000 180.66 0.272772
52.35000 171.4 0.276395
52.36000 173.5 0.275554
52.37000 159.6 0.281383
52.38000 150.77 0.285365
52.39000 164.67 0.279182
52.40000 160.88 0.280828
52.41000 168.04 0.277778
52.42000 181.09 0.27257
52.43000 176.89 0.274204
52.44000 183.63 0.271663
52.45000 196.25 0.267166
52.46000 171.82 0.276184
52.47000 173.95 0.275345
52.48000 152.04 0.284786
52.49000 173.09 0.275659
52.50000 167.63 0.277885
52.51000 172.68 0.275869
52.52000 152.04 0.284786
52.53000 159.19 0.281495
52.54000 154.57 0.283638
52.55000 163.42 0.279727
52.56000 169.74 0.277031
52.57000 159.65 0.281272
52.58000 163.42 0.279727
52.59000 163.86 0.279508
52.60000 169.33 0.277243
52.61000 170.17 0.276924
52.62000 171.02 0.276501
52.63000 165.97 0.278639
52.64000 168.5 0.277564
52.65000 190.83 0.269093
52.66000 179.03 0.273383
52.67000 167.65 0.277885
52.68000 165.56 0.278747
52.69000 172.29 0.275974
52.70000 166.39 0.278423
52.71000 169.35 0.277243
52.72000 197.99 0.266596
52.73000 179.47 0.273179
52.74000 174 0.275345
52.75000 173.17 0.275659
52.76000 155.47 0.283183
52.77000 165.16 0.278964
52.78000 142.41 0.289521
52.79000 170.21 0.276818
52.80000 162.22 0.280166
52.81000 160.54 0.280939
52.82000 164.32 0.27929
52.83000 168.12 0.277671
52.84000 171.5 0.276289
52.85000 168.97 0.27735
52.86000 180.76 0.272772
52.87000 163.48 0.279618
52.88000 180.76 0.272772
52.89000 167.7 0.277885
52.90000 161.39 0.280607
52.91000 178.24 0.27369
52.92000 166.46 0.278423
52.93000 152.54 0.284555
52.94000 172.78 0.275869
52.95000 156.35 0.282843
52.96000 167.72 0.277885
52.97000 158.45 0.28183
52.98000 172.36 0.275974
52.99000 149.18 0.286182
53.00000 160.57 0.280939
53.01000 156.35 0.282843
53.02000 156.77 0.282617
53.03000 169.42 0.277137
53.04000 160.16 0.28105
53.05000 162.27 0.280166
53.06000 169.85 0.277031
53.07000 179.97 0.272976
53.08000 209.49 0.262885
53.09000 200.63 0.265747
53.10000 213.71 0.261533
53.11000 216.67 0.260643
53.12000 185.06 0.271163
53.13000 162.29 0.280166
53.14000 173.26 0.275659
53.15000 160.61 0.280939
53.16000 156.82 0.282617
53.17000 156.4 0.28273
53.18000 157.66 0.282166
53.19000 155.13 0.283296
53.20000 162.72 0.279946
53.21000 179.18 0.273281
53.22000 166.95 0.278207
53.23000 162.31 0.280166
53.24000 161.89 0.280386
53.25000 145.88 0.287718
53.26000 170.34 0.276818
53.27000 161.08 0.280717
53.28000 155.58 0.283183
53.29000 176.25 0.274411
53.30000 165.28 0.278856
53.31000 158.96 0.281606
53.32000 175.82 0.274618
53.33000 169.5 0.277137
53.34000 185.93 0.270765
53.35000 173.73 0.27545
53.36000 191.01 0.268996
53.37000 186.8 0.270468
53.38000 188.07 0.270073
53.39000 182.59 0.272065
53.40000 174.59 0.275137
53.41000 180.06 0.272976
53.42000 169.52 0.277137
53.43000 177.96 0.273793
53.44000 172.05 0.276079
53.45000 167.41 0.277992
53.46000 151.38 0.285133
53.47000 168.26 0.277671
53.48000 142.96 0.289157
53.49000 162.78 0.279946
53.50000 147.61 0.286888
53.51000 164.91 0.279073
53.52000 172.08 0.276079
53.53000 153.5 0.284095
53.54000 159.84 0.281272
53.55000 169.96 0.276924
53.56000 156.89 0.282504
53.57000 154.78 0.283524
53.58000 156.9 0.282504
53.59000 156.92 0.282504
53.60000 158.17 0.281942
53.61000 157.33 0.282391
53.62000 183.05 0.271864
53.63000 171.26 0.276395
53.64000 161.14 0.280717
53.65000 160.71 0.280828
53.66000 168.31 0.277671
53.67000 158.19 0.281942
53.68000 147.64 0.286888
53.69000 155.24 0.283296
53.70000 163.25 0.279727
53.71000 164.96 0.279073
53.72000 175.07 0.274929
53.73000 180.13 0.272976
53.74000 162 0.280276
53.75000 179.29 0.273281
53.76000 180.57 0.272772
53.77000 177.62 0.273896
53.78000 175.52 0.274721
53.79000 166.66 0.278315
53.80000 156.95 0.282504
53.81000 175.53 0.274721
53.82000 162.02 0.280276
53.83000 171.74 0.276289
53.84000 158.22 0.281942
53.85000 169.61 0.277137
53.86000 180.59 0.272772
53.87000 162.46 0.280056
53.88000 174.69 0.275033
53.89000 170.05 0.276924
53.90000 167.1 0.2781
53.91000 152.34 0.28467
53.92000 154.44 0.283638
53.93000 177.63 0.273896
53.94000 175.11 0.274929
53.95000 170.05 0.276924
53.96000 171.75 0.276184
53.97000 169.63 0.277137
53.98000 165.42 0.278856
53.99000 172.17 0.276079
54.00000 167.97 0.277778
54.01000 155.73 0.283069
54.02000 164.18 0.279399
54.03000 156.58 0.28273
54.04000 156.58 0.28273
54.05000 155.72 0.283069
54.06000 164.16 0.279399
54.07000 152.36 0.28467
54.08000 168.82 0.277457
54.09000 166.72 0.278315
54.10000 172.19 0.276079
54.11000 153.63 0.284095
54.12000 167.98 0.277778
54.13000 154.89 0.28341
54.14000 170.53 0.276712
54.15000 164.18 0.279399
54.16000 163.33 0.279727
54.17000 170.52 0.276712
54.18000 156.6 0.28273
54.19000 141.41 0.290007
54.20000 158.71 0.281718
54.21000 174.75 0.275033
54.22000 154.91 0.28341
54.23000 158.71 0.281718
54.24000 169.68 0.277031
54.25000 157.02 0.282504
54.26000 151.12 0.285249
54.27000 165.9 0.278639
54.28000 160.42 0.280939
54.29000 165.48 0.278856
54.30000 180.69 0.272772
54.31000 168.03 0.277778
54.32000 181.95 0.272266
54.33000 175.2 0.274825
54.34000 174.35 0.275241
54.35000 164.64 0.279182
54.36000 174.35 0.275241
54.37000 173.92 0.275345
54.38000 184.91 0.271163
54.39000 167.61 0.277885
54.40000 161.7 0.280386
54.41000 177.32 0.273998
54.42000 154.11 0.283866
54.43000 174.79 0.275033
54.44000 152.43 0.284555
54.45000 137.23 0.292228
54.46000 161.3 0.280607
54.47000 145.25 0.288076
54.48000 169.76 0.277031
54.49000 156.66 0.282617
54.50000 154.55 0.283638
54.51000 149.06 0.286182
54.52000 170.59 0.276712
54.53000 174.82 0.275033
54.54000 178.63 0.273485
54.55000 171.03 0.276501
54.56000 171.87 0.276184
54.57000 171.03 0.276501
54.58000 166.39 0.278423
54.59000 162.6 0.280056
54.60000 165.55 0.278747
54.61000 158.8 0.281718
54.62000 172.73 0.275869
54.63000 157.52 0.282279
54.64000 169.77 0.277031
54.65000 157.1 0.282504
54.66000 162.19 0.280166
54.67000 157.96 0.282054
54.68000 164.71 0.279182
54.69000 157.96 0.282054
54.70000 160.5 0.280939
54.71000 171.05 0.276501
54.72000 168.95 0.27735
54.73000 172.32 0.275974
54.74000 158.39 0.28183
54.75000 166.83 0.278207
54.76000 169.79 0.277031
54.77000 169.8 0.277031
54.78000 186.27 0.270666
54.79000 202.77 0.264999
54.80000 217.13 0.260466
54.81000 195.18 0.267548
54.82000 180.4 0.272874
54.83000 179.95 0.273077
54.84000 195.58 0.267452
54.85000 194.75 0.267644
54.86000 173.63 0.27545
54.87000 180.4 0.272874
54.88000 174.91 0.274929
54.89000 169.4 0.277137
54.90000 175.32 0.274825
54.91000 173.22 0.275659
54.92000 188.01 0.270073
54.93000 178.29 0.27369
54.94000 164.35 0.27929
54.95000 161.4 0.280607
54.96000 161.83 0.280386
54.97000 162.23 0.280166
54.98000 163.51 0.279618
54.99000 163.09 0.279837
55.00000 167.34 0.277992
55.01000 156.78 0.282617
55.02000 164.38 0.27929
55.03000 158.04 0.282054
55.04000 162.26 0.280166
55.05000 153.38 0.28421
55.06000 173.26 0.275659
55.07000 183.4 0.271763
55.08000 172.84 0.275764
55.09000 183.41 0.271763
55.10000 167.36 0.277992
55.11000 177.91 0.273793
55.12000 177.48 0.273998
55.13000 158.91 0.281606
55.14000 171.56 0.276289
55.15000 167.36 0.277992
55.16000 156.38 0.28273
55.17000 157.64 0.282166
55.18000 144.54 0.288435
55.19000 158.49 0.28183
55.20000 172.85 0.275764
55.21000 180.46 0.272874
55.22000 168.63 0.277457
55.23000 159.76 0.281272
55.24000 153 0.284325
55.25000 163.14 0.279837
55.26000 160.61 0.280939
55.27000 164.83 0.279073
55.28000 152.99 0.284325
55.29000 144.12 0.288675
55.30000 157.24 0.282391
55.31000 153.85 0.283981
55.32000 166.53 0.278423
55.33000 137.8 0.291854
55.34000 170.34 0.276818
55.35000 161.04 0.280717
55.36000 160.19 0.28105
55.37000 176.7 0.274307
55.38000 158.51 0.28183
55.39000 168.66 0.277457
55.40000 172.04 0.276079
55.41000 177.97 0.273793
55.42000 163.17 0.279837
55.43000 165.71 0.278747
55.44000 155.99 0.282956
55.45000 153.87 0.283981
55.46000 172.91 0.275764
55.47000 176.29 0.274411
55.48000 186.02 0.270765
55.49000 153.47 0.284095
55.50000 166.15 0.278531
55.51000 168.26 0.277671
55.52000 171.23 0.276395
55.53000 167.44 0.277992
55.54000 162.77 0.279946
55.55000 170.39 0.276818
55.56000 164.05 0.279399
55.57000 175.48 0.274721
55.58000 164.91 0.279073
55.59000 174.63 0.275137
55.60000 164.48 0.27929
55.61000 181.81 0.272367
55.62000 186.48 0.270567
55.63000 153.49 0.284095
55.64000 167.88 0.277778
55.65000 178.02 0.273793
55.66000 156.87 0.282617
55.67000 160.68 0.280828
55.68000 159.42 0.281383
55.69000 164.48 0.27929
55.70000 159.83 0.281272
55.71000 161.52 0.280496
55.72000 170.42 0.276818
55.73000 171.69 0.276289
55.74000 182.28 0.272166
55.75000 181 0.272671
55.76000 189.88 0.269386
55.77000 175.51 0.274721
55.78000 161.56 0.280496
55.79000 172.13 0.276079
55.80000 163.25 0.279727
55.81000 170.87 0.276606
55.82000 158.6 0.28183
55.83000 167.07 0.2781
55.84000 166.21 0.278531
55.85000 170.43 0.276818
55.86000 155.64 0.283069
55.87000 160.3 0.28105
55.88000 171.73 0.276289
55.89000 158.63 0.28183
55.90000 163.28 0.279727
55.91000 168.36 0.277564
55.92000 164.54 0.279182
55.93000 160.73 0.280828
55.94000 164.54 0.279182
55.95000 156.93 0.282504
55.96000 176.83 0.274204
55.97000 176.4 0.274411
55.98000 151.44 0.285017
55.99000 161.61 0.280496
56.00000 164.14 0.279399
56.01000 154.41 0.283638
56.02000 178.95 0.273383
56.03000 173.45 0.275554
56.04000 185.28 0.271063
56.05000 175.15 0.274929
56.06000 164.15 0.279399
56.07000 155.7 0.283069
56.08000 160.76 0.280828
56.09000 162.9 0.279946
56.10000 172.64 0.275869
56.11000 173.48 0.275554
56.12000 155.72 0.283069
56.13000 159.54 0.281383
56.14000 163.77 0.279508
56.15000 155.71 0.283069
56.16000 162.48 0.280056
56.17000 164.19 0.279399
56.18000 170.53 0.276712
56.19000 155.31 0.283296
56.20000 162.07 0.280276
56.21000 151.92 0.284786
56.22000 169.7 0.277031
56.23000 150.65 0.285481
56.24000 163.76 0.279508
56.25000 158.28 0.281942
56.26000 158.7 0.281718
56.27000 177.33 0.273998
56.28000 151.5 0.285017
56.29000 153.19 0.28421
56.30000 159.54 0.281383
56.31000 148.11 0.286652
56.32000 147.28 0.287006
56.33000 157.44 0.282279
56.34000 164.22 0.279399
56.35000 158.71 0.281718
56.36000 147.7 0.286888
56.37000 155.32 0.283296
56.38000 175.64 0.274721
56.39000 164.65 0.279182
56.40000 161.26 0.280607
56.41000 164.65 0.279182
56.42000 174.8 0.275033
56.43000 155.74 0.283069
56.44000 169.3 0.277243
56.45000 149.41 0.286065
56.46000 161.27 0.280607
56.47000 165.07 0.278964
56.48000 166.76 0.278315
56.49000 168.03 0.277778
56.50000 193.85 0.268028
56.51000 175.65 0.274721
56.52000 163.81 0.279508
56.53000 185.81 0.270864
56.54000 190.48 0.269191
56.55000 217.98 0.26029
56.56000 218.84 0.260025
56.57000 207.39 0.263523
56.58000 205.71 0.264074
56.59000 176.52 0.274307
56.60000 178.63 0.273485
56.61000 171.43 0.276395
56.62000 158.74 0.281718
56.63000 169.34 0.277243
56.64000 176.54 0.274307
56.65000 174.41 0.275137
56.66000 189.22 0.269582
56.67000 179.92 0.273077
56.68000 193.9 0.268028
56.69000 197.29 0.266785
56.70000 171.46 0.276395
56.71000 179.07 0.273383
56.72000 176.55 0.274307
56.73000 161.31 0.280607
56.74000 171.88 0.276184
56.75000 169.77 0.277031
56.76000 165.97 0.278639
56.77000 166.4 0.278423
56.78000 163.02 0.279837
56.79000 163.03 0.279837
56.80000 170.65 0.276712
56.81000 183.76 0.271563
56.82000 168.12 0.277671
56.83000 169.38 0.277243
56.84000 175.32 0.274825
56.85000 185.47 0.270964
56.86000 169.8 0.277031
56.87000 158.79 0.281718
56.88000 156.27 0.282843
56.89000 180.4 0.272874
56.90000 175.32 0.274825
56.91000 170.24 0.276818
56.92000 179.98 0.272976
56.93000 191 0.268996
56.94000 176.6 0.274307
56.95000 191.86 0.268705
56.96000 205.83 0.263982
56.97000 188.89 0.269778
56.98000 191 0.268996
56.99000 207.95 0.26334
57.00000 200.75 0.265653
57.01000 184.67 0.271263
57.02000 185.5 0.270964
57.03000 168.99 0.27735
57.04000 164.32 0.27929
57.05000 165.16 0.278964
57.06000 160.52 0.280939
57.07000 157.15 0.282391
57.08000 157.15 0.282391
57.09000 166.48 0.278423
57.10000 146.99 0.287242
57.11000 160.54 0.280939
57.12000 163.51 0.279618
57.13000 156.71 0.282617
57.14000 151.23 0.285133
57.15000 148.69 0.286417
57.16000 165.22 0.278964
57.17000 157.59 0.282279
57.18000 147.01 0.287242
57.19000 148.28 0.286534
57.20000 150.83 0.285365
57.21000 155.48 0.283183
57.22000 153.37 0.28421
57.23000 169.88 0.277031
57.24000 160.99 0.280717
57.25000 156.33 0.282843
57.26000 179.62 0.273179
57.27000 157.59 0.282279
57.28000 176.25 0.274411
57.29000 169.03 0.27735
57.30000 178.78 0.273485
57.31000 164.82 0.279073
57.32000 149.14 0.286182
57.33000 171.17 0.276501
57.34000 176.25 0.274411
57.35000 151.25 0.285133
57.36000 177.12 0.274101
57.37000 166.95 0.278207
57.38000 176.26 0.274411
57.39000 157.62 0.282279
57.40000 169.07 0.27735
57.41000 161.86 0.280386
57.42000 149.58 0.285948
57.43000 161.86 0.280386
57.44000 170.75 0.276606
57.45000 173.74 0.27545
57.46000 181.77 0.272367
57.47000 169.92 0.276924
57.48000 170.35 0.276818
57.49000 171.61 0.276289
57.50000 166.97 0.278207
57.51000 162.29 0.280166
57.52000 139.42 0.290988
57.53000 169.93 0.276924
57.54000 167.4 0.277992
57.55000 164.43 0.27929
57.56000 172.97 0.275764
57.57000 180.97 0.272671
57.58000 191.37 0.268899
57.59000 190.96 0.268996
57.60000 189.28 0.269582
57.61000 188.74 0.269778
57.62000 195.35 0.267452
57.63000 212.54 0.261891
57.64000 210.12 0.262613
57.65000 211.8 0.262161
57.66000 209.37 0.262885
57.67000 226.32 0.257855
57.68000 209.43 0.262885
57.69000 202 0.265279
57.70000 199.16 0.266217
57.71000 192.54 0.268414
57.72000 199.99 0.265935
57.73000 200.44 0.265747
57.74000 203.76 0.264721
57.75000 196.75 0.266975
57.76000 181.05 0.27257
57.77000 170.73 0.276606
57.78000 197.62 0.26669
57.79000 196.39 0.267166
57.80000 219.55 0.259762
57.81000 177.39 0.273998
57.82000 196.01 0.267261
57.83000 213.8 0.261533
57.84000 211.74 0.262161
57.85000 208.45 0.263158
57.86000 197.27 0.266785
57.87000 220.02 0.259675
57.88000 212.99 0.261802
57.89000 213.43 0.261622
57.90000 215.93 0.260909
57.91000 233.72 0.255739
57.92000 221.32 0.259238
57.93000 215.13 0.261087
57.94000 214.7 0.261265
57.95000 223.81 0.258544
57.96000 184.09 0.271463
57.97000 215.14 0.261087
57.98000 194.04 0.267932
57.99000 190.73 0.269093
58.00000 187.03 0.270369
58.01000 198.19 0.266501
58.02000 199.43 0.266123
58.03000 179.99 0.272976
58.04000 202.33 0.265186
58.05000 203.18 0.264906
58.06000 199.45 0.266123
58.07000 168.43 0.277564
58.08000 192.44 0.268511
58.09000 196.98 0.266975
58.10000 205.26 0.264166
58.11000 170.49 0.276712
58.12000 192.03 0.268608
58.13000 199.47 0.266123
58.14000 195.35 0.267452
58.15000 189.95 0.269386
58.16000 201.15 0.26556
58.17000 204.46 0.264443
58.18000 192.88 0.268317
58.19000 202.38 0.265093
58.20000 194.95 0.267644
58.21000 180.47 0.272874
58.22000 207.79 0.263432
58.23000 191.24 0.268899
58.24000 187.94 0.270073
58.25000 199.11 0.266217
58.26000 184.61 0.271263
58.27000 196.22 0.267166
58.28000 200.78 0.265653
58.29000 198.31 0.266501
58.30000 175.53 0.274721
58.31000 186.7 0.270567
58.32000 199.54 0.266029
58.33000 205.34 0.264166
58.34000 196.24 0.267166
58.35000 198.31 0.266501
58.36000 200.81 0.265653
58.37000 190.45 0.269191
58.38000 202.44 0.265093
58.39000 199.56 0.266029
58.40000 204.52 0.264443
58.41000 187.96 0.270073
58.42000 198.73 0.266312
58.43000 192.94 0.268317
58.44000 195.01 0.267644
58.45000 197.92 0.266596
58.46000 194.2 0.267836
58.47000 197.09 0.26688
58.48000 182.6 0.272065
58.49000 212.83 0.261802
58.50000 190.89 0.268996
58.51000 193.78 0.268028
58.52000 171.84 0.276184
58.53000 198.34 0.266501
58.54000 200.86 0.265653
58.55000 187.59 0.270172
58.56000 194.22 0.267836
58.57000 196.7 0.267071
58.58000 189.66 0.269484
58.59000 187.59 0.270172
58.60000 191.75 0.268705
58.61000 209.55 0.262794
58.62000 179.32 0.273281
58.63000 209.15 0.262976
58.64000 200.43 0.265747
58.65000 200.02 0.265935
58.66000 194.63 0.26774
58.67000 200.85 0.265653
58.68000 192.57 0.268414
58.69000 188.84 0.269778
58.70000 189.28 0.269582
58.71000 194.66 0.26774
58.72000 199.22 0.266217
58.73000 203.35 0.264814
58.74000 200.45 0.265747
58.75000 199.63 0.266029
58.76000 192.18 0.268608
58.77000 217.86 0.26029
58.78000 207.1 0.263615
58.79000 219.53 0.259762
58.80000 205.04 0.264258
58.81000 205.03 0.264258
58.82000 206.71 0.263706
58.83000 182.25 0.272166
58.84000 206.26 0.26389
58.85000 195.93 0.267261
58.86000 204.22 0.264535
58.87000 205.05 0.264258
58.88000 205.06 0.264258
58.89000 190.15 0.269289
58.90000 204.23 0.264535
58.91000 198.42 0.266406
58.92000 205.47 0.264166
58.93000 210.02 0.262703
58.94000 211.28 0.262251
58.95000 183.1 0.271864
58.96000 176.48 0.274411
58.97000 197.61 0.26669
58.98000 215.41 0.260998
58.99000 188.92 0.269778
59.00000 193.89 0.268028
59.01000 191 0.268996
59.02000 191.4 0.268899
59.03000 199.7 0.266029
59.04000 209.22 0.262976
59.05000 203.83 0.264628
59.06000 201.34 0.265466
59.07000 203.02 0.264906
59.08000 203.41 0.264814
59.09000 227.44 0.257513
59.10000 223.31 0.258717
59.11000 236.57 0.254989
59.12000 241.13 0.253755
59.13000 256.48 0.249922
59.14000 215.84 0.260909
59.15000 222.49 0.25889
59.16000 221.68 0.259151
59.17000 200.54 0.265747
59.18000 211.73 0.262161
59.19000 194.32 0.267836
59.20000 193.92 0.267932
59.21000 185.62 0.270964
59.22000 223.75 0.258544
59.23000 200.55 0.265747
59.24000 194.75 0.267644
59.25000 195.17 0.267548
59.26000 196.82 0.266975
59.27000 182.32 0.272166
59.28000 184.81 0.271263
59.29000 195.6 0.267357
59.30000 200.57 0.265747
59.31000 182.34 0.272166
59.32000 187.72 0.270172
59.33000 191.46 0.268802
59.34000 192.27 0.268511
59.35000 196.03 0.267261
59.36000 193.53 0.268124
59.37000 204.3 0.264535
59.38000 198.92 0.266312
59.39000 193.55 0.268124
59.40000 191.89 0.268705
59.41000 202.23 0.265186
59.42000 205.13 0.264258
59.43000 208.88 0.263067
59.44000 186.5 0.270567
59.45000 193.14 0.268221
59.46000 217.18 0.260466
59.47000 223.4 0.25863
59.48000 205.17 0.264258
59.49000 210.56 0.262522
59.50000 213.04 0.261712
59.51000 209.72 0.262794
59.52000 234.2 0.255655
59.53000 215.97 0.26082
59.54000 216.76 0.260643
59.55000 235.03 0.255405
59.56000 229.25 0.257002
59.57000 227.98 0.257343
59.58000 230.88 0.256579
59.59000 224.67 0.258285
59.60000 220.93 0.259412
59.61000 205.6 0.264074
59.62000 211.41 0.262251
59.63000 184.46 0.271363
59.64000 195.24 0.267548
59.65000 202.3 0.265186
59.66000 199.38 0.266123
59.67000 192.35 0.268511
59.68000 177.44 0.273998
59.69000 196.51 0.267071
59.70000 190.68 0.269093
59.71000 187.8 0.270172
59.72000 193.6 0.268124
59.73000 182 0.272266
59.74000 208.52 0.263158
59.75000 208.52 0.263158
59.76000 191.13 0.268996
59.77000 206.06 0.263982
59.78000 203.57 0.264721
59.79000 210.61 0.262522
59.80000 199.42 0.266123
59.81000 206.46 0.263798
59.82000 219.33 0.25985
59.83000 198.18 0.266501
59.84000 206.06 0.263982
59.85000 190.33 0.269191
59.86000 187.44 0.27027
59.87000 167.52 0.277992
59.88000 206.49 0.263798
59.89000 209.82 0.262703
59.90000 202.36 0.265093
59.91000 189.92 0.269386
59.92000 203.18 0.264906
59.93000 179.13 0.273383
59.94000 195.3 0.267548
59.95000 186.18 0.270765
59.96000 177.47 0.273998
59.97000 192.39 0.268511
59.98000 211.89 0.262071
59.99000 194.47 0.26774
60.00000 203.19 0.264906
60.01000 194.48 0.26774
60.02000 221.44 0.259238
60.03000 222.71 0.25889
60.04000 211.09 0.262342
