# columns: two_theta_deg intensity sigma
1.01250 5120 71.5542
1.02086 5142 71.7077
1.02921 5136 71.6659
1.03757 5200 72.111
1.04592 5204 72.1388
1.05428 5282 72.6774
1.06264 5231 72.3257
1.07099 5276 72.6361
1.07935 5238 72.374
1.08770 5363 73.2325
1.09606 5292 72.7461
1.10442 5293 72.753
1.11277 5240 72.3878
1.12113 5352 73.1574
1.12948 5394 73.4439
1.13784 5372 73.2939
1.14620 5347 73.1232
1.15455 5412 73.5663
1.16291 5530 74.364
1.17126 5407 73.5323
1.17962 5415 73.5867
1.18798 5501 74.1687
1.19633 5449 73.8173
1.20469 5453 73.8444
1.21304 5607 74.8799
1.22140 5508 74.2159
1.22976 5609 74.8933
1.23811 5452 73.8377
1.24647 5485 74.0608
1.25482 5533 74.3841
1.26318 5632 75.0467
1.27154 5421 73.6274
1.27989 5395 73.4507
1.28825 5476 74
1.29660 5452 73.8377
1.30496 5501 74.1687
1.31332 5509 74.2226
1.32167 5410 73.5527
1.33003 5346 73.1163
1.33838 5344 73.1027
1.34674 5365 73.2462
1.35510 5374 73.3076
1.36345 5316 72.9109
1.37181 5240 72.3878
1.38016 5273 72.6154
1.38852 5229 72.3118
1.39688 5266 72.5672
1.40523 5182 71.9861
1.41359 5118 71.5402
1.42194 5091 71.3512
1.43030 5060 71.1337
1.43866 5092 71.3583
1.44701 4929 70.2068
1.45537 5062 71.1477
1.46372 5047 71.0422
1.47208 5080 71.2741
1.48044 4965 70.4628
1.48879 4958 70.4131
1.49715 4990 70.6399
1.50550 4922 70.157
1.51386 4942 70.2994
1.52222 4923 70.1641
1.53057 4917 70.1213
1.53893 4771 69.0724
1.54728 4872 69.7997
1.55564 4819 69.419
1.56400 4831 69.5054
1.57235 4809 69.347
1.58071 4812 69.3686
1.58906 4744 68.8767
1.59742 4725 68.7386
1.60578 4807 69.3325
1.61413 4808 69.3397
1.62249 4709 68.6222
1.63084 4684 68.4398
1.63920 4625 68.0074
1.64756 4667 68.3154
1.65591 4708 68.6149
1.66427 4705 68.593
1.67262 4695 68.5201
1.68098 4628 68.0294
1.68934 4621 67.9779
1.69769 4576 67.6461
1.70605 4629 68.0368
1.71440 4573 67.624
1.72276 4549 67.4463
1.73112 4497 67.0597
1.73947 4446 66.6783
1.74783 4464 66.8132
1.75618 4486 66.9776
1.76454 4463 66.8057
1.77290 4571 67.6092
1.78125 4521 67.2384
1.78961 4487 66.9851
1.79796 4416 66.453
1.80632 4421 66.4906
1.81468 4459 66.7757
1.82303 4467 66.8356
1.83139 4433 66.5808
1.83974 4435 66.5958
1.84810 4391 66.2646
1.85646 4413 66.4304
1.86481 4451 66.7158
1.87317 4341 65.8863
1.88152 4317 65.7039
1.88988 4371 66.1135
1.89824 4337 65.8559
1.90659 4354 65.9848
1.91495 4341 65.8863
1.92330 4363 66.053
1.93166 4430 66.5582
1.94002 4355 65.9924
1.94837 4302 65.5896
1.95673 4290 65.4981
1.96508 4274 65.3758
1.97344 4220 64.9615
1.98180 4264 65.2993
1.99015 4272 65.3605
1.99851 4226 65.0077
2.00686 4270 65.3452
2.01522 4262 65.284
2.02358 4248 65.1767
2.03193 4274 65.3758
2.04029 4238 65.0999
2.04864 4290 65.4981
2.05700 4252 65.2074
2.06536 4333 65.8255
2.07371 4229 65.0308
2.08207 4214 64.9153
2.09042 4247 65.169
2.09878 4282 65.437
2.10714 4199 64.7997
2.11549 4208 64.8691
2.12385 4210 64.8845
2.13220 4156 64.467
2.14056 4173 64.5988
2.14892 4183 64.6761
2.15727 4232 65.0538
2.16563 4148 64.405
2.17398 4173 64.5988
2.18234 4183 64.6761
2.19070 4204 64.8383
2.19905 4173 64.5988
2.20741 4156 64.467
2.21576 4159 64.4903
2.22412 4096 64
2.23248 4175 64.6142
2.24083 4141 64.3506
2.24919 4156 64.467
2.25754 4170 64.5755
2.26590 4241 65.123
2.27426 4237 65.0922
2.28261 4148 64.405
2.29097 4200 64.8074
2.29932 4222 64.9769
2.30768 4115 64.1483
2.31604 4140 64.3428
2.32439 4129 64.2573
2.33275 4136 64.3117
2.34110 4119 64.1794
2.34946 4222 64.9769
2.35782 4180 64.6529
2.36617 4101 64.0391
2.37453 4188 64.7148
2.38288 4184 64.6838
2.39124 4125 64.2262
2.39960 4161 64.5058
2.40795 4260 65.2687
2.41631 4113 64.1327
2.42466 4095 63.9922
2.43302 4144 64.3739
2.44138 4160 64.4981
2.44973 4049 63.6318
2.45809 4097 64.0078
2.46644 4168 64.56
2.47480 4127 64.2417
2.48316 4139 64.3351
2.49151 4058 63.7024
2.49987 4173 64.5988
2.50822 4071 63.8044
2.51658 4155 64.4593
2.52494 4113 64.1327
2.53329 4134 64.2962
2.54165 4105 64.0703
2.55000 4155 64.4593
2.55836 4049 63.6318
2.56672 4177 64.6297
2.57507 4077 63.8514
2.58343 4172 64.591
2.59178 4226 65.0077
2.60014 4201 64.8151
2.60850 4201 64.8151
2.61685 4199 64.7997
2.62521 4206 64.8537
2.63356 4158 64.4826
2.64192 4174 64.6065
2.65028 4293 65.521
2.65863 4222 64.9769
2.66699 4243 65.1383
2.67534 4132 64.2806
2.68370 4170 64.5755
2.69206 4261 65.2763
2.70041 4287 65.4752
2.70877 4255 65.2304
2.71712 4250 65.192
2.72548 4297 65.5515
2.73384 4324 65.7571
2.74219 4302 65.5896
2.75055 4381 66.1891
2.75890 4377 66.1589
2.76726 4405 66.3702
2.77562 4425 66.5207
2.78397 4416 66.453
2.79233 4534 67.335
2.80068 4612 67.9117
2.80904 4643 68.1396
2.81740 4711 68.6367
2.82575 4692 68.4982
2.83411 4545 67.4166
2.84246 4455 66.7458
2.85082 4439 66.6258
2.85918 4382 66.1967
2.86753 4334 65.8331
2.87589 4292 65.5134
2.88424 4240 65.1153
2.89260 4176 64.622
2.90096 4064 63.7495
2.90931 4093 63.9766
2.91767 4075 63.8357
2.92602 4052 63.6553
2.93438 3993 63.1902
2.94274 4028 63.4665
2.95109 4070 63.7966
2.95945 4033 63.5059
2.96780 4105 64.0703
2.97616 4014 63.3561
2.98452 3973 63.0317
2.99287 3883 62.3137
3.00123 3950 62.849
3.00958 3944 62.8013
3.01794 3942 62.7853
3.02630 3911 62.538
3.03465 3931 62.6977
3.04301 3814 61.7576
3.05136 3943 62.7933
3.05972 3981 63.0952
3.06808 3951 62.857
3.07643 4005 63.2851
3.08479 3908 62.514
3.09314 3900 62.45
3.10150 3991 63.1744
3.10986 3964 62.9603
3.11821 3943 62.7933
3.12657 3956 62.8967
3.13492 3960 62.9285
3.14328 3925 62.6498
3.15164 3912 62.546
3.15999 3908 62.514
3.16835 3940 62.7694
3.17670 3905 62.49
3.18506 3903 62.474
3.19342 3925 62.6498
3.20177 3856 62.0967
3.21013 3867 62.1852
3.21848 3851 62.0564
3.22684 3949 62.8411
3.23520 3986 63.1348
3.24355 3898 62.434
3.25191 3945 62.8092
3.26026 3862 62.145
3.26862 3887 62.3458
3.27698 3850 62.0484
3.28533 3892 62.3859
3.29369 3910 62.53
3.30204 3910 62.53
3.31040 3897 62.426
3.31876 3951 62.857
3.32711 3859 62.1208
3.33547 3855 62.0886
3.34382 3913 62.554
3.35218 3834 61.9193
3.36054 3906 62.498
3.36889 3928 62.6738
3.37725 3912 62.546
3.38560 3889 62.3618
3.39396 3883 62.3137
3.40232 3873 62.2334
3.41067 3848 62.0322
3.41903 3844 62
3.42738 3882 62.3057
3.43574 3870 62.2093
3.44410 3867 62.1852
3.45245 3906 62.498
3.46081 3877 62.2656
3.46916 3881 62.2977
3.47752 3947 62.8252
3.48588 3912 62.546
3.49423 3856 62.0967
3.50259 3917 62.5859
3.51094 3871 62.2174
3.51930 3853 62.0725
3.52766 3863 62.153
3.53601 3822 61.8223
3.54437 3812 61.7414
3.55272 3827 61.8628
3.56108 3874 62.2415
3.56944 3918 62.5939
3.57779 3875 62.2495
3.58615 3865 62.1691
3.59450 3817 61.7819
3.60286 3857 62.1048
3.61122 3924 62.6418
3.61957 3904 62.482
3.62793 3857 62.1048
3.63628 3873 62.2334
3.64464 3848 62.0322
3.65300 3857 62.1048
3.66135 3886 62.3378
3.66971 3886 62.3378
3.67806 3947 62.8252
3.68642 3846 62.0161
3.69478 3824 61.8385
3.70313 3892 62.3859
3.71149 3889 62.3618
3.71984 3794 61.5955
3.72820 3816 61.7738
3.73656 3845 62.0081
3.74491 3858 62.1128
3.75327 3828 61.8708
3.76162 3845 62.0081
3.76998 3806 61.6928
3.77834 3921 62.6179
3.78669 3970 63.0079
3.79505 3795 61.6036
3.80340 3812 61.7414
3.81176 3849 62.0403
3.82012 3843 61.9919
3.82847 3826 61.8547
3.83683 3866 62.1772
3.84518 3840 61.9677
3.85354 3856 62.0967
3.86190 3808 61.709
3.87025 3825 61.8466
3.87861 3886 62.3378
3.88696 3821 61.8142
3.89532 3816 61.7738
3.90368 3846 62.0161
3.91203 3805 61.6847
3.92039 3886 62.3378
3.92874 3873 62.2334
3.93710 3802 61.6604
3.94546 3814 61.7576
3.95381 3820 61.8061
3.96217 3796 61.6117
3.97052 3816 61.7738
3.97888 3780 61.4817
3.98724 3786 61.5305
3.99559 3824 61.8385
4.00395 3824 61.8385
4.01230 3901 62.458
4.02066 3854 62.0806
4.02902 3817 61.7819
4.03737 3790 61.563
4.04573 3810 61.7252
4.05408 3828 61.8708
4.06244 3796 61.6117
4.07080 3774 61.4329
4.07915 3856 62.0967
4.08751 3884 62.3217
4.09586 3840 61.9677
4.10422 3771 61.4085
4.11258 3788 61.5467
4.12093 3825 61.8466
4.12929 3816 61.7738
4.13764 3755 61.2781
4.14600 3788 61.5467
4.15436 3800 61.6441
4.16271 3806 61.6928
4.17107 3828 61.8708
4.17942 3770 61.4003
4.18778 3785 61.5224
4.19614 3868 62.1932
4.20449 3799 61.636
4.21285 3809 61.7171
4.22120 3800 61.6441
4.22956 3827 61.8628
4.23792 3871 62.2174
4.24627 3786 61.5305
4.25463 3821 61.8142
4.26298 3824 61.8385
4.27134 3852 62.0645
4.27970 3797 61.6198
4.28805 3819 61.7981
4.29641 3855 62.0886
4.30476 3812 61.7414
4.31312 3857 62.1048
4.32148 3836 61.9355
4.32983 3843 61.9919
4.33819 3845 62.0081
4.34654 3887 62.3458
4.35490 3803 61.6685
4.36326 3795 61.6036
4.37161 3935 62.7296
4.37997 3820 61.8061
4.38832 3807 61.7009
4.39668 3862 62.145
4.40504 3788 61.5467
4.41339 3844 62
4.42175 3796 61.6117
4.43010 3794 61.5955
4.43846 3795 61.6036
4.44682 3853 62.0725
4.45517 3875 62.2495
4.46353 3811 61.7333
4.47188 3794 61.5955
4.48024 3807 61.7009
4.48860 3775 61.441
4.49695 3752 61.2536
4.50531 3810 61.7252
4.51366 3802 61.6604
4.52202 3731 61.0819
4.53038 3781 61.4898
4.53873 3785 61.5224
4.54709 3822 61.8223
4.55544 3827 61.8628
4.56380 3793 61.5873
4.57216 3750 61.2372
4.58051 3831 61.8951
4.58887 3860 62.1289
4.59722 3827 61.8628
4.60558 3871 62.2174
4.61394 3827 61.8628
4.62229 3844 62
4.63065 3772 61.4166
4.63900 3809 61.7171
4.64736 3784 61.5142
4.65572 3790 61.563
4.66407 3796 61.6117
4.67243 3749 61.2291
4.68078 3758 61.3025
4.68914 3760 61.3188
4.69750 3884 62.3217
4.70585 3872 62.2254
4.71421 3781 61.4898
4.72256 3783 61.5061
4.73092 3759 61.3107
4.73928 3833 61.9112
4.74763 3763 61.3433
4.75599 3811 61.7333
4.76434 3846 62.0161
4.77270 3813 61.7495
4.78106 3752 61.2536
4.78941 3701 60.8358
4.79777 3727 61.0492
4.80612 3778 61.4654
4.81448 3833 61.9112
4.82284 3808 61.709
4.83119 3770 61.4003
4.83955 3830 61.887
4.84790 3832 61.9032
4.85626 3797 61.6198
4.86462 3790 61.563
4.87297 3827 61.8628
4.88133 3786 61.5305
4.88968 3741 61.1637
4.89804 3768 61.384
4.90640 3853 62.0725
4.91475 3842 61.9839
4.92311 3711 60.918
4.93146 3746 61.2046
4.93982 3743 61.1801
4.94818 3723 61.0164
4.95653 3788 61.5467
4.96489 3812 61.7414
4.97324 3810 61.7252
4.98160 3741 61.1637
4.98996 3792 61.5792
4.99831 3762 61.3351
5.00667 3747 61.2127
5.01502 3828 61.8708
5.02338 3839 61.9597
5.03174 3838 61.9516
5.04009 3765 61.3596
5.04845 3809 61.7171
5.05680 3875 62.2495
5.06516 3816 61.7738
5.07352 3795 61.6036
5.08187 3819 61.7981
5.09023 3815 61.7657
5.09858 3808 61.709
5.10694 3810 61.7252
5.11530 3809 61.7171
5.12365 3812 61.7414
5.13201 3796 61.6117
5.14036 3798 61.6279
5.14872 3839 61.9597
5.15708 3822 61.8223
5.16543 3762 61.3351
5.17379 3800 61.6441
5.18214 3849 62.0403
5.19050 3815 61.7657
5.19886 3850 62.0484
5.20721 3865 62.1691
5.21557 3798 61.6279
5.22392 3813 61.7495
5.23228 3827 61.8628
5.24064 3912 62.546
5.24899 3815 61.7657
5.25735 3821 61.8142
5.26570 3832 61.9032
5.27406 3805 61.6847
5.28242 3857 62.1048
5.29077 3867 62.1852
5.29913 3793 61.5873
5.30748 3796 61.6117
5.31584 3890 62.3699
5.32420 3814 61.7576
5.33255 3754 61.2699
5.34091 3856 62.0967
5.34926 3879 62.2816
5.35762 3866 62.1772
5.36598 3795 61.6036
5.37433 3847 62.0242
5.38269 3903 62.474
5.39104 3880 62.2896
5.39940 3840 61.9677
5.40776 3887 62.3458
5.41611 3877 62.2656
5.42447 3913 62.554
5.43282 3920 62.6099
5.44118 3890 62.3699
5.44954 3887 62.3458
5.45789 3933 62.7136
5.46625 3988 63.1506
5.47460 3948 62.8331
5.48296 3927 62.6658
5.49132 3994 63.1981
5.49967 3990 63.1664
5.50803 3933 62.7136
5.51638 3948 62.8331
5.52474 4013 63.3482
5.53310 4002 63.2614
5.54145 4039 63.5531
5.54981 3917 62.5859
5.55816 3964 62.9603
5.56652 4119 64.1794
5.57488 4120 64.1872
5.58323 4078 63.8592
5.59159 4100 64.0312
5.59994 4101 64.0391
5.60830 4201 64.8151
5.61666 4294 65.5286
5.62501 4415 66.4455
5.63337 4289 65.4905
5.64172 4310 65.6506
5.65008 4290 65.4981
5.65844 4250 65.192
5.66679 4265 65.307
5.67515 4221 64.9692
5.68350 4243 65.1383
5.69186 4230 65.0385
5.70022 4188 64.7148
5.70857 4152 64.436
5.71693 4066 63.7652
5.72528 4026 63.4508
5.73364 3972 63.0238
5.74200 3908 62.514
5.75035 3974 63.0397
5.75871 4004 63.2772
5.76706 3937 62.7455
5.77542 3942 62.7853
5.78378 3856 62.0967
5.79213 3894 62.4019
5.80049 3878 62.2736
5.80884 3851 62.0564
5.81720 3914 62.562
5.82556 3881 62.2977
5.83391 3827 61.8628
5.84227 3865 62.1691
5.85062 3922 62.6259
5.85898 3836 61.9355
5.86734 3817 61.7819
5.87569 3821 61.8142
5.88405 3827 61.8628
5.89240 3836 61.9355
5.90076 3867 62.1852
5.90912 3854 62.0806
5.91747 3855 62.0886
5.92583 3828 61.8708
5.93418 3832 61.9032
5.94254 3901 62.458
5.95090 3779 61.4736
5.95925 3865 62.1691
5.96761 3836 61.9355
5.97596 3812 61.7414
5.98432 3764 61.3514
5.99268 3760 61.3188
6.00103 3792 61.5792
6.00939 3807 61.7009
6.01774 3827 61.8628
6.02610 3858 62.1128
6.03446 3856 62.0967
6.04281 3863 62.153
6.05117 3838 61.9516
6.05952 3824 61.8385
6.06788 3865 62.1691
6.07624 3894 62.4019
6.08459 3907 62.506
6.09295 3886 62.3378
6.10130 3884 62.3217
6.10966 3875 62.2495
6.11802 3890 62.3699
6.12637 3926 62.6578
6.13473 3816 61.7738
6.14308 3847 62.0242
6.15144 3861 62.1369
6.15980 3892 62.3859
6.16815 3857 62.1048
6.17651 3880 62.2896
6.18486 3938 62.7535
6.19322 3889 62.3618
6.20158 3848 62.0322
6.20993 3937 62.7455
6.21829 3933 62.7136
6.22664 3945 62.8092
6.23500 3932 62.7057
6.24336 3956 62.8967
6.25171 3883 62.3137
6.26007 3884 62.3217
6.26842 3996 63.2139
6.27678 3916 62.578
6.28514 3963 62.9524
6.29349 3899 62.442
6.30185 3963 62.9524
6.31020 3983 63.111
6.31856 3957 62.9047
6.32692 3981 63.0952
6.33527 3950 62.849
6.34363 4005 63.2851
6.35198 3971 63.0159
6.36034 3999 63.2376
6.36870 3954 62.8808
6.37705 3964 62.9603
6.38541 3944 62.8013
6.39376 4034 63.5138
6.40212 3981 63.0952
6.41048 3941 62.7774
6.41883 3955 62.8888
6.42719 3976 63.0555
6.43554 3989 63.1585
6.44390 3984 63.1189
6.45226 3971 63.0159
6.46061 4010 63.3246
6.46897 4088 63.9375
6.47732 4037 63.5374
6.48568 3969 63
6.49404 4012 63.3404
6.50239 4047 63.616
6.51075 4088 63.9375
6.51910 3976 63.0555
6.52746 4015 63.364
6.53582 4013 63.3482
6.54417 4040 63.561
6.55253 3997 63.2218
6.56088 3958 62.9126
6.56924 4039 63.5531
6.57760 3943 62.7933
6.58595 4009 63.3167
6.59431 3997 63.2218
6.60266 3964 62.9603
6.61102 3936 62.7375
6.61938 3982 63.1031
6.62773 4008 63.3088
6.63609 3998 63.2297
6.64444 3926 62.6578
6.65280 3950 62.849
6.66116 3951 62.857
6.66951 3985 63.1269
6.67787 3953 62.8729
6.68622 3928 62.6738
6.69458 4033 63.5059
6.70294 3962 62.9444
6.71129 4030 63.4823
6.71965 4051 63.6475
6.72800 4075 63.8357
6.73636 3993 63.1902
6.74472 3930 62.6897
6.75307 3960 62.9285
6.76143 3991 63.1744
6.76978 3992 63.1823
6.77814 3969 63
6.78650 4012 63.3404
6.79485 3989 63.1585
6.80321 4003 63.2693
6.81156 3990 63.1664
6.81992 3956 62.8967
6.82828 4003 63.2693
6.83663 3949 62.8411
6.84499 4007 63.3009
6.85334 4062 63.7338
6.86170 3977 63.0635
6.87006 3964 62.9603
6.87841 3943 62.7933
6.88677 3976 63.0555
6.89512 4083 63.8984
6.90348 4020 63.4035
6.91184 4025 63.4429
6.92019 3964 62.9603
6.92855 3944 62.8013
6.93690 4004 63.2772
6.94526 4031 63.4902
6.95362 4034 63.5138
6.96197 4027 63.4586
6.97033 4038 63.5453
6.97868 4002 63.2614
6.98704 3940 62.7694
6.99540 3970 63.0079
7.00375 3968 62.9921
7.01211 4073 63.8201
7.02046 4016 63.3719
7.02882 4021 63.4114
7.03718 4022 63.4192
7.04553 4044 63.5925
7.05389 4014 63.3561
7.06224 4014 63.3561
7.07060 4087 63.9296
7.07896 4057 63.6946
7.08731 4066 63.7652
7.09567 4060 63.7181
7.10402 4023 63.4271
7.11238 4060 63.7181
7.12074 4050 63.6396
7.12909 3997 63.2218
7.13745 4035 63.5216
7.14580 4036 63.5295
7.15416 4051 63.6475
7.16252 4021 63.4114
7.17087 4091 63.9609
7.17923 4028 63.4665
7.18758 4074 63.8279
7.19594 4080 63.8749
7.20430 4080 63.8749
7.21265 4112 64.1249
7.22101 4075 63.8357
7.22936 4075 63.8357
7.23772 4086 63.9218
7.24608 4119 64.1794
7.25443 4067 63.773
7.26279 4065 63.7574
7.27114 4045 63.6003
7.27950 4114 64.1405
7.28786 4098 64.0156
7.29621 4101 64.0391
7.30457 4109 64.1015
7.31292 4177 64.6297
7.32128 4186 64.6993
7.32964 4157 64.4748
7.33799 4082 63.8905
7.34635 4121 64.195
7.35470 4181 64.6607
7.36306 4138 64.3273
7.37142 4152 64.436
7.37977 4177 64.6297
7.38813 4216 64.9307
7.39648 4171 64.5833
7.40484 4135 64.304
7.41320 4142 64.3584
7.42155 4186 64.6993
7.42991 4240 65.1153
7.43826 4133 64.2884
7.44662 4210 64.8845
7.45498 4208 64.8691
7.46333 4222 64.9769
7.47169 4142 64.3584
7.48004 4210 64.8845
7.48840 4278 65.4064
7.49676 4204 64.8383
7.50511 4287 65.4752
7.51347 4241 65.123
7.52182 4219 64.9538
7.53018 4278 65.4064
7.53854 4352 65.9697
7.54689 4247 65.169
7.55525 4260 65.2687
7.56360 4329 65.7951
7.57196 4370 66.106
7.58032 4387 66.2344
7.58867 4411 66.4154
7.59703 4356 66
7.60538 4372 66.1211
7.61374 4440 66.6333
7.62210 4406 66.3777
7.63045 4402 66.3476
7.63881 4526 67.2756
7.64716 4536 67.3498
7.65552 4574 67.6314
7.66388 4604 67.8528
7.67223 4660 68.2642
7.68059 4734 68.8041
7.68894 4840 69.5701
7.69730 4847 69.6204
7.70566 4900 70
7.71401 5049 71.0563
7.72237 5175 71.9375
7.73072 5133 71.645
7.73908 5222 72.2634
7.74744 5221 72.2565
7.75579 5235 72.3533
7.76415 5135 71.6589
7.77250 5016 70.8237
7.78086 5073 71.225
7.78922 5046 71.0352
7.79757 4977 70.5479
7.80593 4959 70.4202
7.81428 4881 69.8642
7.82264 4804 69.3109
7.83100 4782 69.152
7.83935 4724 68.7314
7.84771 4737 68.8259
7.85606 4713 68.6513
7.86442 4725 68.7386
7.87278 4768 69.0507
7.88113 4797 69.2604
7.88949 4770 69.0652
7.89784 4776 69.1086
7.90620 4921 70.1498
7.91456 4878 69.8427
7.92291 4906 70.0428
7.93127 5011 70.7884
7.93962 4983 70.5904
7.94798 5041 71
7.95634 5069 71.1969
7.96469 5108 71.4703
7.97305 5134 71.6519
7.98140 5164 71.861
7.98976 5204 72.1388
7.99812 5269 72.5879
8.00647 5425 73.6546
8.01483 5466 73.9324
8.02318 5567 74.6123
8.03154 5680 75.3658
8.03990 5773 75.9803
8.04825 5786 76.0658
8.05661 5928 76.9935
8.06496 6005 77.4919
8.07332 6145 78.3901
8.08168 6191 78.6829
8.09003 6480 80.4984
8.09839 6589 81.1727
8.10674 6806 82.4985
8.11510 7049 83.9583
8.12346 7143 84.5163
8.13181 7317 85.5395
8.14017 7709 87.8009
8.14852 7945 89.1347
8.15688 8255 90.857
8.16524 8498 92.1846
8.17359 9035 95.0526
8.18195 9480 97.3653
8.19030 9749 98.737
8.19866 10290 101.44
8.20702 10677 103.33
8.21537 11276 106.189
8.22373 11947 109.302
8.23208 12290 110.86
8.24044 12858 113.393
8.24880 13508 116.224
8.25715 14047 118.52
8.26551 14643 121.008
8.27386 14761 121.495
8.28222 14856 121.885
8.29058 15020 122.556
8.29893 15085 122.821
8.30729 15074 122.776
8.31564 14725 121.347
8.32400 14584 120.764
8.33236 14380 119.917
8.34071 14048 118.524
8.34907 13580 116.533
8.35742 13369 115.624
8.36578 12919 113.662
8.37414 12452 111.589
8.38249 11969 109.403
8.39085 11717 108.245
8.39920 11501 107.243
8.40756 11495 107.215
8.41592 11247 106.052
8.42427 11032 105.033
8.43263 11085 105.285
8.44098 11158 105.631
8.44934 11303 106.316
8.45770 11581 107.615
8.46605 11609 107.745
8.47441 11576 107.592
8.48276 11966 109.389
8.49112 12177 110.349
8.49948 12592 112.214
8.50783 13079 114.363
8.51619 13274 115.213
8.52454 13869 117.767
8.53290 14286 119.524
8.54126 14738 121.4
8.54961 15576 124.804
8.55797 16279 127.589
8.56632 16975 130.288
8.57468 18031 134.28
8.58304 18973 137.743
8.59139 19916 141.124
8.59975 20815 144.274
8.60810 22280 149.265
8.61646 23625 153.704
8.62482 24593 156.822
8.63317 25970 161.152
8.64153 27532 165.928
8.64988 28476 168.748
8.65824 29501 171.759
8.66660 30394 174.339
8.67495 31362 177.093
8.68331 31527 177.558
8.69166 31227 176.712
8.70002 31112 176.386
8.70838 30343 174.192
8.71673 29142 170.71
8.72509 28161 167.812
8.73344 27069 164.527
8.74180 25746 160.456
8.75016 24402 156.211
8.75851 23009 151.687
8.76687 21551 146.803
8.77522 20095 141.757
8.78358 18772 137.011
8.79194 17573 132.563
8.80029 16677 129.139
8.80865 15520 124.579
8.81700 14618 120.905
8.82536 13736 117.201
8.83372 12862 113.411
8.84207 12239 110.63
8.85043 11689 108.116
8.85878 10952 104.652
8.86714 10557 102.747
8.87550 10222 101.104
8.88385 9902 99.5088
8.89221 9416 97.0361
8.90056 9011 94.9263
8.90892 8764 93.6162
8.91728 8584 92.6499
8.92563 8367 91.4713
8.93399 8052 89.7329
8.94234 7989 89.3812
8.95070 7551 86.8965
8.95906 7422 86.151
8.96741 7239 85.0823
8.97577 7114 84.3445
8.98412 6828 82.6317
8.99248 6764 82.2435
9.00084 6593 81.1973
9.00919 6444 80.2745
9.01755 6420 80.1249
9.02590 6245 79.0253
9.03426 6205 78.7718
9.04262 6050 77.7817
9.05097 6105 78.1345
9.05933 5942 77.0844
9.06768 5925 76.974
9.07604 5820 76.2889
9.08440 5823 76.3086
9.09275 5771 75.9671
9.10111 5686 75.4056
9.10946 5703 75.5182
9.11782 5664 75.2596
9.12618 5696 75.4718
9.13453 5616 74.94
9.14289 5518 74.2832
9.15124 5560 74.5654
9.15960 5478 74.0135
9.16796 5505 74.1957
9.17631 5419 73.6139
9.18467 5383 73.3689
9.19302 5341 73.0821
9.20138 5354 73.171
9.20974 5369 73.2735
9.21809 5346 73.1163
9.22645 5424 73.6478
9.23480 5399 73.4779
9.24316 5314 72.8972
9.25152 5252 72.4707
9.25987 5317 72.9178
9.26823 5265 72.5603
9.27658 5170 71.9027
9.28494 5161 71.8401
9.29330 5203 72.1318
9.30165 5186 72.0139
9.31001 5169 71.8958
9.31836 5241 72.3948
9.32672 5181 71.9792
9.33508 5187 72.0208
9.34343 5179 71.9653
9.35179 5157 71.8123
9.36014 5203 72.1318
9.36850 5123 71.5751
9.37686 5099 71.4073
9.38521 5049 71.0563
9.39357 5102 71.4283
9.40192 5051 71.0704
9.41028 5073 71.225
9.41864 5009 70.7743
9.42699 4955 70.3918
9.43535 4962 70.4415
9.44370 4972 70.5124
9.45206 4914 70.0999
9.46042 4903 70.0214
9.46877 4937 70.2638
9.47713 4998 70.6965
9.48548 4973 70.5195
9.49384 4913 70.0928
9.50220 4875 69.8212
9.51055 4848 69.6276
9.51891 4920 70.1427
9.52726 4905 70.0357
9.53562 4916 70.1142
9.54398 4839 69.5629
9.55233 4848 69.6276
9.56069 4835 69.5342
9.56904 4825 69.4622
9.57740 4857 69.6922
9.58576 4886 69.8999
9.59411 4847 69.6204
9.60247 4880 69.857
9.61082 4869 69.7782
9.61918 4873 69.8069
9.62754 4800 69.282
9.63589 4785 69.1737
9.64425 4836 69.5414
9.65260 4872 69.7997
9.66096 4807 69.3325
9.66932 4880 69.857
9.67767 4774 69.0941
9.68603 4822 69.4406
9.69438 4756 68.9638
9.70274 4753 68.942
9.71110 4776 69.1086
9.71945 4814 69.383
9.72781 4781 69.1448
9.73616 4841 69.5773
9.74452 4789 69.2026
9.75288 4789 69.2026
9.76123 4861 69.7209
9.76959 4853 69.6635
9.77794 4919 70.1356
9.78630 4920 70.1427
9.79466 4864 69.7424
9.80301 4918 70.1285
9.81137 4945 70.3207
9.81972 4994 70.6682
9.82808 4974 70.5266
9.83644 5063 71.1548
9.84479 4929 70.2068
9.85315 4808 69.3397
9.86150 4783 69.1592
9.86986 4897 69.9786
9.87822 4869 69.7782
9.88657 4875 69.8212
9.89493 4961 70.4344
9.90328 4899 69.9929
9.91164 4910 70.0714
9.92000 4866 69.7567
9.92835 4779 69.1303
9.93671 4807 69.3325
9.94506 4847 69.6204
9.95342 4854 69.6707
9.96178 4799 69.2748
9.97013 4821 69.4334
9.97849 4794 69.2387
9.98684 4751 68.9275
9.99520 4790 69.2098
10.00356 4900 70
10.01191 4870 69.7854
10.02027 4773 69.0869
10.02862 4793 69.2315
10.03698 4846 69.6132
10.04534 4866 69.7567
10.05369 4816 69.3974
10.06205 4805 69.3181
10.07040 4889 69.9214
10.07876 4789 69.2026
10.08712 4909 70.0643
10.09547 4797 69.2604
10.10383 4847 69.6204
10.11218 4909 70.0643
10.12054 4781 69.1448
10.12890 4795 69.2459
10.13725 4863 69.7352
10.14561 4807 69.3325
10.15396 4841 69.5773
10.16232 4826 69.4694
10.17068 4818 69.4118
10.17903 4770 69.0652
10.18739 4787 69.1881
10.19574 4856 69.685
10.20410 4806 69.3253
10.21246 4835 69.5342
10.22081 4819 69.419
10.22917 4839 69.5629
10.23752 4849 69.6348
10.24588 4793 69.2315
10.25424 4838 69.5557
10.26259 4819 69.419
10.27095 4950 70.3562
10.27930 4938 70.2709
10.28766 4960 70.4273
10.29602 5009 70.7743
10.30437 4910 70.0714
10.31273 4914 70.0999
10.32108 4946 70.3278
10.32944 5007 70.7602
10.33780 4903 70.0214
10.34615 4941 70.2922
10.35451 5000 70.7107
10.36286 5028 70.9084
10.37122 4970 70.4982
10.37958 4995 70.6753
10.38793 4964 70.4557
10.39629 4988 70.6258
10.40464 4908 70.0571
10.41300 4936 70.2567
10.42136 4983 70.5904
10.42971 4965 70.4628
10.43807 4983 70.5904
10.44642 4967 70.4769
10.45478 4957 70.406
10.46314 4924 70.1712
10.47149 4960 70.4273
10.47985 4936 70.2567
10.48820 5000 70.7107
10.49656 4903 70.0214
10.50492 4966 70.4699
10.51327 5017 70.8308
10.52163 5029 70.9154
10.52998 5013 70.8025
10.53834 4971 70.5053
10.54670 4936 70.2567
10.55505 4921 70.1498
10.56341 4892 69.9428
10.57176 4892 69.9428
10.58012 4965 70.4628
10.58848 4951 70.3633
10.59683 4896 69.9714
10.60519 4986 70.6116
10.61354 4939 70.278
10.62190 4949 70.3491
10.63026 4963 70.4486
10.63861 4912 70.0857
10.64697 4969 70.4911
10.65532 4900 70
10.66368 4904 70.0286
10.67204 4961 70.4344
10.68039 5030 70.9225
10.68875 4951 70.3633
10.69710 4992 70.6541
10.70546 5080 71.2741
10.71382 5006 70.7531
10.72217 4987 70.6187
10.73053 5102 71.4283
10.73888 5068 71.1899
10.74724 5113 71.5052
10.75560 5157 71.8123
10.76395 5169 71.8958
10.77231 5107 71.4633
10.78066 5080 71.2741
10.78902 4991 70.647
10.79738 5069 71.1969
10.80573 5024 70.8802
10.81409 5137 71.6729
10.82244 5116 71.5262
10.83080 5146 71.7356
10.83916 5078 71.2601
10.84751 5062 71.1477
10.85587 5145 71.7287
10.86422 5073 71.225
10.87258 5051 71.0704
10.88094 5052 71.0774
10.88929 5044 71.0211
10.89765 4931 70.2211
10.90600 5106 71.4563
10.91436 5136 71.6659
10.92272 5011 70.7884
10.93107 4976 70.5408
10.93943 5028 70.9084
10.94778 4984 70.5975
10.95614 5012 70.7955
10.96450 4979 70.562
10.97285 5094 71.3723
10.98121 5144 71.7217
10.98956 5169 71.8958
10.99792 5077 71.2531
11.00628 5230 72.3187
11.01463 5191 72.0486
11.02299 5166 71.8749
11.03134 5223 72.2703
11.03970 5151 71.7705
11.04806 5179 71.9653
11.05641 5197 72.0902
11.06477 5254 72.4845
11.07312 5252 72.4707
11.08148 5342 73.089
11.08984 5242 72.4017
11.09819 5308 72.856
11.10655 5392 73.4302
11.11490 5472 73.973
11.12326 5519 74.29
11.13162 5540 74.4312
11.13997 5498 74.1485
11.14833 5598 74.8198
11.15668 5696 75.4718
11.16504 5672 75.3127
11.17340 5904 76.8375
11.18175 6095 78.0705
11.19011 6237 78.9747
11.19846 6334 79.5864
11.20682 6512 80.697
11.21518 6651 81.5537
11.22353 6918 83.1745
11.23189 7237 85.0706
11.24024 7353 85.7496
11.24860 7672 87.59
11.25696 8136 90.1998
11.26531 8409 91.7006
11.27367 8719 93.3756
11.28202 9033 95.0421
11.29038 9346 96.6747
11.29874 9453 97.2265
11.30709 9649 98.2293
11.31545 9614 98.051
11.32380 9604 98
11.33216 9450 97.2111
11.34052 9381 96.8556
11.34887 9183 95.828
11.35723 8925 94.4722
11.36558 8806 93.8403
11.37394 8704 93.2952
11.38230 8375 91.515
11.39065 8077 89.8721
11.39901 7858 88.6454
11.40736 7704 87.7724
11.41572 7596 87.155
11.42408 7326 85.5921
11.43243 7100 84.2615
11.44079 6743 82.1158
11.44914 6625 81.3941
11.45750 6596 81.2158
11.46586 6545 80.9012
11.47421 6485 80.5295
11.48257 6427 80.1686
11.49092 6425 80.1561
11.49928 6438 80.2371
11.50764 6415 80.0937
11.51599 6480 80.4984
11.52435 6487 80.5419
11.53270 6699 81.8474
11.54106 6640 81.4862
11.54942 6828 82.6317
11.55777 6876 82.9216
11.56613 6993 83.6242
11.57448 7029 83.8391
11.58284 7234 85.0529
11.59120 7488 86.5332
11.59955 7685 87.6641
11.60791 7881 88.775
11.61626 8017 89.5377
11.62462 8148 90.2663
11.63298 8526 92.3363
11.64133 8653 93.0215
11.64969 9001 94.8736
11.65804 9280 96.3328
11.66640 9355 96.7212
11.67476 9584 97.8979
11.68311 9943 99.7146
11.69147 10395 101.956
11.69982 10593 102.922
11.70818 10660 103.247
11.71654 10825 104.043
11.72489 11000 104.881
11.73325 11018 104.967
11.74160 11160 105.641
11.74996 11213 105.891
11.75832 11139 105.541
11.76667 11103 105.371
11.77503 11086 105.29
11.78338 10994 104.852
11.79174 10985 104.809
11.80010 10883 104.322
11.80845 10694 103.412
11.81681 10678 103.334
11.82516 10433 102.142
11.83352 10268 101.331
11.84188 10165 100.822
11.85023 9907 99.5339
11.85859 9702 98.4987
11.86694 9466 97.2934
11.87530 9369 96.7936
11.88366 9264 96.2497
11.89201 9256 96.2081
11.90037 9160 95.7079
11.90872 9150 95.6556
11.91708 9079 95.2838
11.92544 8833 93.984
11.93379 8945 94.578
11.94215 8773 93.6643
11.95050 8731 93.4398
11.95886 8676 93.145
11.96722 8624 92.8655
11.97557 8483 92.1032
11.98393 8611 92.7955
11.99228 8468 92.0217
12.00064 8422 91.7715
12.00900 8284 91.0165
12.01735 8263 90.901
12.02571 8239 90.7689
12.03406 8086 89.9222
12.04242 8024 89.5768
12.05078 7913 88.955
12.05913 7892 88.8369
12.06749 7967 89.2581
12.07584 7957 89.202
12.08420 7736 87.9545
12.09256 7676 87.6128
12.10091 7562 86.9598
12.10927 7565 86.977
12.11762 7488 86.5332
12.12598 7398 86.0116
12.13434 7352 85.7438
12.14269 7318 85.5453
12.15105 7237 85.0706
12.15940 7182 84.7467
12.16776 7028 83.8332
12.17612 6933 83.2646
12.18447 6881 82.9518
12.19283 6811 82.5288
12.20118 6814 82.547
12.20954 6650 81.5475
12.21790 6550 80.9321
12.22625 6459 80.3679
12.23461 6488 80.5481
12.24296 6370 79.8123
12.25132 6337 79.6053
12.25968 6223 78.886
12.26803 6135 78.3262
12.27639 6049 77.7753
12.28474 5924 76.9675
12.29310 5928 76.9935
12.30146 5925 76.974
12.30981 5907 76.857
12.31817 5854 76.5114
12.32652 5832 76.3675
12.33488 5664 75.2596
12.34324 5617 74.9466
12.35159 5605 74.8665
12.35995 5593 74.7864
12.36830 5616 74.94
12.37666 5549 74.4916
12.38502 5595 74.7997
12.39337 5518 74.2832
12.40173 5520 74.2967
12.41008 5535 74.3976
12.41844 5433 73.7089
12.42680 5455 73.858
12.43515 5445 73.7902
12.44351 5420 73.6206
12.45186 5294 72.7599
12.46022 5445 73.7902
12.46858 5434 73.7157
12.47693 5475 73.9932
12.48529 5520 74.2967
12.49364 5441 73.7631
12.50200 5449 73.8173
12.51036 5431 73.6953
12.51871 5408 73.5391
12.52707 5454 73.8512
12.53542 5451 73.8309
12.54378 5372 73.2939
12.55214 5529 74.3572
12.56049 5382 73.3621
12.56885 5452 73.8377
12.57720 5477 74.0068
12.58556 5604 74.8599
12.59392 5656 75.2064
12.60227 5597 74.8131
12.61063 5710 75.5645
12.61898 5725 75.6637
12.62734 5841 76.4264
12.63570 5894 76.7724
12.64405 5787 76.0723
12.65241 5904 76.8375
12.66076 5863 76.5702
12.66912 5949 77.1298
12.67748 6014 77.55
12.68583 5963 77.2205
12.69419 6036 77.6917
12.70254 6037 77.6981
12.71090 5863 76.5702
12.71926 5898 76.7984
12.72761 5901 76.818
12.73597 5913 76.896
12.74432 5930 77.0065
12.75268 5978 77.3175
12.76104 5982 77.3434
12.76939 5918 76.9285
12.77775 5813 76.243
12.78610 5815 76.2561
12.79446 5911 76.883
12.80282 5899 76.8049
12.81117 5914 76.9025
12.81953 5771 75.9671
12.82788 5800 76.1577
12.83624 5791 76.0986
12.84460 5720 75.6307
12.85295 5840 76.4199
12.86131 5865 76.5833
12.86966 5893 76.7659
12.87802 5886 76.7203
12.88638 5896 76.7854
12.89473 5831 76.361
12.90309 5933 77.026
12.91144 5946 77.1103
12.91980 6018 77.5758
12.92816 5890 76.7463
12.93651 6038 77.7046
12.94487 6044 77.7432
12.95322 6035 77.6853
12.96158 6256 79.0949
12.96994 6315 79.467
12.97829 6347 79.6681
12.98665 6354 79.712
12.99500 6440 80.2496
13.00336 6573 81.074
13.01172 6570 81.0555
13.02007 6748 82.1462
13.02843 6758 82.2071
13.03678 6806 82.4985
13.04514 6895 83.0361
13.05350 6944 83.3307
13.06185 7067 84.0655
13.07021 7149 84.5518
13.07856 7257 85.188
13.08692 7271 85.2702
13.09528 7428 86.1858
13.10363 7513 86.6776
13.11199 7510 86.6603
13.12034 7576 87.0402
13.12870 7631 87.3556
13.13706 7657 87.5043
13.14541 7840 88.5438
13.15377 7800 88.3176
13.16212 7898 88.8707
13.17048 8015 89.5265
13.17884 8030 89.6103
13.18719 8114 90.0777
13.19555 8264 90.9065
13.20390 8283 91.011
13.21226 8511 92.2551
13.22062 8668 93.1021
13.22897 8717 93.3649
13.23733 8867 94.1647
13.24568 8897 94.3239
13.25404 9035 95.0526
13.26240 9206 95.9479
13.27075 9381 96.8556
13.27911 9721 98.5951
13.28747 9810 99.0454
13.29582 9942 99.7096
13.30418 10139 100.693
13.31253 10140 100.698
13.32089 10260 101.292
13.32925 10543 102.679
13.33760 10481 102.377
13.34596 10603 102.971
13.35431 10702 103.45
13.36267 10714 103.508
13.37103 10640 103.15
13.37938 10592 102.917
13.38774 10559 102.757
13.39609 10644 103.17
13.40445 10490 102.421
13.41281 10362 101.794
13.42116 10157 100.782
13.42952 9998 99.99
13.43787 9715 98.5647
13.44623 9495 97.4423
13.45459 9182 95.8228
13.46294 8981 94.7681
13.47130 8853 94.0904
13.47965 8659 93.0537
13.48801 8432 91.8259
13.49637 8211 90.6146
13.50472 7951 89.1684
13.51308 7835 88.5155
13.52143 7614 87.2582
13.52979 7449 86.3076
13.53815 7271 85.2702
13.54650 7146 84.534
13.55486 7060 84.0238
13.56321 6867 82.8674
13.57157 6676 81.7068
13.57993 6622 81.3757
13.58828 6576 81.0925
13.59664 6484 80.5233
13.60499 6387 79.9187
13.61335 6353 79.7057
13.62171 6286 79.2843
13.63006 6242 79.0063
13.63842 6261 79.1265
13.64677 6239 78.9873
13.65513 6102 78.1153
13.66349 6032 77.666
13.67184 5902 76.8245
13.68020 5841 76.4264
13.68855 5907 76.857
13.69691 5880 76.6812
13.70527 5812 76.2365
13.71362 5757 75.8749
13.72198 5776 76
13.73033 5932 77.0195
13.73869 5951 77.1427
13.74705 5914 76.9025
13.75540 6052 77.7946
13.76376 6075 77.9423
13.77211 6066 77.8845
13.78047 6112 78.1793
13.78883 6221 78.8733
13.79718 6255 79.0886
13.80554 6270 79.1833
13.81389 6307 79.4166
13.82225 6376 79.8499
13.83061 6355 79.7183
13.83896 6227 78.9113
13.84732 6322 79.511
13.85567 6320 79.4984
13.86403 6410 80.0625
13.87239 6317 79.4796
13.88074 6321 79.5047
13.88910 6336 79.599
13.89745 6315 79.467
13.90581 6388 79.925
13.91417 6414 80.0875
13.92252 6267 79.1644
13.93088 6250 79.0569
13.93923 6299 79.3662
13.94759 6138 78.3454
13.95595 6158 78.4729
13.96430 6150 78.4219
13.97266 6181 78.6193
13.98101 6212 78.8162
13.98937 6312 79.4481
13.99773 6310 79.4355
14.00608 6301 79.3788
14.01444 6259 79.1138
14.02279 6473 80.455
14.03115 6449 80.3057
14.03951 6435 80.2185
14.04786 6629 81.4187
14.05622 6623 81.3818
14.06457 6769 82.2739
14.07293 7009 83.7198
14.08129 7120 84.3801
14.08964 7266 85.2408
14.09800 7455 86.3423
14.10635 7531 86.7813
14.11471 7538 86.8217
14.12307 7707 87.7895
14.13142 7812 88.3855
14.13978 7994 89.4092
14.14813 8186 90.4765
14.15649 8021 89.56
14.16485 7856 88.6341
14.17320 7812 88.3855
14.18156 7755 88.0625
14.18991 7698 87.7382
14.19827 7521 86.7237
14.20663 7385 85.936
14.21498 7270 85.2643
14.22334 7153 84.5754
14.23169 6974 83.5105
14.24005 7086 84.1784
14.24841 6889 83
14.25676 6668 81.6578
14.26512 6580 81.1172
14.27347 6506 80.6598
14.28183 6269 79.177
14.29019 6063 77.8653
14.29854 6055 77.8139
14.30690 5791 76.0986
14.31525 5837 76.4003
14.32361 5851 76.4918
14.33197 5776 76
14.34032 5600 74.8331
14.34868 5555 74.5319
14.35703 5525 74.3303
14.36539 5531 74.3707
14.37375 5449 73.8173
14.38210 5483 74.0473
14.39046 5538 74.4177
14.39881 5542 74.4446
14.40717 5578 74.686
14.41553 5655 75.1997
14.42388 5671 75.306
14.43224 5795 76.1249
14.44059 5723 75.6505
14.44895 5776 76
14.45731 5729 75.6902
14.46566 5681 75.3724
14.47402 5543 74.4513
14.48237 5557 74.5453
14.49073 5588 74.7529
14.49909 5668 75.2861
14.50744 5653 75.1864
14.51580 5650 75.1665
14.52415 5569 74.6257
14.53251 5477 74.0068
14.54087 5468 73.9459
14.54922 5262 72.5396
14.55758 5270 72.5948
14.56593 5283 72.6842
14.57429 5256 72.4983
14.58265 5181 71.9792
14.59100 5151 71.7705
14.59936 5031 70.9295
14.60771 5066 71.1758
14.61607 4982 70.5833
14.62443 4883 69.8785
14.63278 4805 69.3181
14.64114 4805 69.3181
14.64949 4814 69.383
14.65785 4800 69.282
14.66621 4749 68.913
14.67456 4772 69.0797
14.68292 4746 68.8912
14.69127 4621 67.9779
14.69963 4658 68.2495
14.70799 4631 68.0515
14.71634 4618 67.9559
14.72470 4641 68.1249
14.73305 4655 68.2276
14.74141 4663 68.2862
14.74977 4645 68.1542
14.75812 4732 68.7895
14.76648 4766 69.0362
14.77483 4684 68.4398
14.78319 4673 68.3593
14.79155 4558 67.513
14.79990 4639 68.1102
14.80826 4636 68.0882
14.81661 4609 67.8896
14.82497 4556 67.4981
14.83333 4463 66.8057
14.84168 4606 67.8675
14.85004 4494 67.0373
14.85839 4466 66.8281
14.86675 4557 67.5056
14.87511 4594 67.7791
14.88346 4505 67.1193
14.89182 4451 66.7158
14.90017 4384 66.2118
14.90853 4497 67.0597
14.91689 4386 66.2269
14.92524 4460 66.7832
14.93360 4505 67.1193
14.94195 4473 66.8805
14.95031 4533 67.3276
14.95867 4487 66.9851
14.96702 4494 67.0373
14.97538 4543 67.4018
14.98373 4545 67.4166
14.99209 4528 67.2904
15.00045 4537 67.3573
15.00880 4589 67.7422
15.01716 4491 67.0149
15.02551 4389 66.2495
15.03387 4368 66.0908
15.04223 4391 66.2646
15.05058 4344 65.909
15.05894 4410 66.4078
15.06729 4337 65.8559
15.07565 4337 65.8559
15.08401 4379 66.174
15.09236 4368 66.0908
15.10072 4314 65.681
15.10907 4327 65.7799
15.11743 4306 65.6201
15.12579 4333 65.8255
15.13414 4290 65.4981
15.14250 4253 65.215
15.15085 4227 65.0154
15.15921 4267 65.3223
15.16757 4218 64.9461
15.17592 4278 65.4064
15.18428 4273 65.3682
15.19263 4185 64.6916
15.20099 4192 64.7457
15.20935 4316 65.6963
15.21770 4308 65.6354
15.22606 4221 64.9692
15.23441 4243 65.1383
15.24277 4216 64.9307
15.25113 4212 64.8999
15.25948 4301 65.582
15.26784 4230 65.0385
15.27619 4266 65.3146
15.28455 4285 65.4599
15.29291 4299 65.5668
15.30126 4323 65.7495
15.30962 4346 65.9242
15.31797 4329 65.7951
15.32633 4288 65.4828
15.33469 4345 65.9166
15.34304 4346 65.9242
15.35140 4314 65.681
15.35975 4344 65.909
15.36811 4413 66.4304
15.37647 4471 66.8655
15.38482 4350 65.9545
15.39318 4378 66.1665
15.40153 4431 66.5658
15.40989 4507 67.1342
15.41825 4477 66.9104
15.42660 4571 67.6092
15.43496 4646 68.1616
15.44331 4687 68.4617
15.45167 4792 69.2243
15.46003 4820 69.4262
15.46838 4828 69.4838
15.47674 4940 70.2851
15.48509 4958 70.4131
15.49345 4966 70.4699
15.50181 4863 69.7352
15.51016 4906 70.0428
15.51852 4871 69.7925
15.52687 4886 69.8999
15.53523 4914 70.0999
15.54359 4854 69.6707
15.55194 4820 69.4262
15.56030 4847 69.6204
15.56865 4768 69.0507
15.57701 4721 68.7095
15.58537 4648 68.1762
15.59372 4632 68.0588
15.60208 4559 67.5204
15.61043 4530 67.3053
15.61879 4529 67.2978
15.62715 4516 67.2012
15.63550 4400 66.3325
15.64386 4381 66.1891
15.65221 4366 66.0757
15.66057 4379 66.174
15.66893 4239 65.1076
15.67728 4259 65.261
15.68564 4279 65.4141
15.69399 4264 65.2993
15.70235 4249 65.1844
15.71071 4202 64.8228
15.71906 4192 64.7457
15.72742 4236 65.0846
15.73577 4234 65.0692
15.74413 4161 64.5058
15.75249 4138 64.3273
15.76084 4140 64.3428
15.76920 4122 64.2028
15.77755 4136 64.3117
15.78591 4152 64.436
15.79427 4111 64.1171
15.80262 4191 64.7379
15.81098 4168 64.56
15.81933 4088 63.9375
15.82769 4156 64.467
15.83605 4163 64.5213
15.84440 4096 64
15.85276 4143 64.3661
15.86111 4118 64.1716
15.86947 4090 63.9531
15.87783 4115 64.1483
15.88618 4139 64.3351
15.89454 4106 64.0781
15.90289 4118 64.1716
15.91125 4113 64.1327
15.91961 4071 63.8044
15.92796 4086 63.9218
15.93632 4049 63.6318
15.94467 4114 64.1405
15.95303 4167 64.5523
15.96139 4105 64.0703
15.96974 4016 63.3719
15.97810 4017 63.3798
15.98645 4150 64.4205
15.99481 4121 64.195
16.00317 4082 63.8905
16.01152 4033 63.5059
16.01988 4112 64.1249
16.02823 4044 63.5925
16.03659 4014 63.3561
16.04495 4024 63.435
16.05330 4061 63.726
16.06166 4047 63.616
16.07001 4038 63.5453
16.07837 4103 64.0547
16.08673 4027 63.4586
16.09508 4047 63.616
16.10344 4058 63.7024
16.11179 4074 63.8279
16.12015 4146 64.3894
16.12851 4036 63.5295
16.13686 4090 63.9531
16.14522 4063 63.7417
16.15357 4076 63.8436
16.16193 4078 63.8592
16.17029 4122 64.2028
16.17864 4154 64.4515
16.18700 4118 64.1716
16.19535 4158 64.4826
16.20371 4039 63.5531
16.21207 4052 63.6553
16.22042 4082 63.8905
16.22878 4092 63.9687
16.23713 4113 64.1327
16.24549 4153 64.4438
16.25385 4110 64.1093
16.26220 4167 64.5523
16.27056 4159 64.4903
16.27891 4139 64.3351
16.28727 4143 64.3661
16.29563 4079 63.867
16.30398 4045 63.6003
16.31234 4081 63.8827
16.32069 4026 63.4508
16.32905 4115 64.1483
16.33741 4103 64.0547
16.34576 4077 63.8514
16.35412 4082 63.8905
16.36247 4131 64.2729
16.37083 4154 64.4515
16.37919 4146 64.3894
16.38754 4096 64
16.39590 4117 64.1639
16.40425 4164 64.5291
16.41261 4165 64.5368
16.42097 4195 64.7688
16.42932 4262 65.284
16.43768 4260 65.2687
16.44603 4237 65.0922
16.45439 4253 65.215
16.46275 4345 65.9166
16.47110 4292 65.5134
16.47946 4368 66.0908
16.48781 4347 65.9318
16.49617 4468 66.8431
16.50453 4489 67
16.51288 4562 67.5426
16.52124 4621 67.9779
16.52959 4627 68.0221
16.53795 4662 68.2788
16.54631 4705 68.593
16.55466 4735 68.8113
16.56302 4863 69.7352
16.57137 4829 69.491
16.57973 4891 69.9357
16.58809 4993 70.6612
16.59644 5089 71.3372
16.60480 5116 71.5262
16.61315 5152 71.7774
16.62151 5089 71.3372
16.62987 5158 71.8192
16.63822 5256 72.4983
16.64658 5353 73.1642
16.65493 5314 72.8972
16.66329 5309 72.8629
16.67165 5291 72.7393
16.68000 5382 73.3621
16.68836 5500 74.162
16.69671 5551 74.505
16.70507 5410 73.5527
16.71343 5553 74.5185
16.72178 5587 74.7462
16.73014 5702 75.5116
16.73849 5631 75.04
16.74685 5625 75
16.75521 5681 75.3724
16.76356 5714 75.591
16.77192 5736 75.7364
16.78027 5744 75.7892
16.78863 5742 75.776
16.79699 5803 76.1774
16.80534 5641 75.1066
16.81370 5596 74.8064
16.82205 5592 74.7797
16.83041 5520 74.2967
16.83877 5550 74.4983
16.84712 5433 73.7089
16.85548 5440 73.7564
16.86383 5333 73.0274
16.87219 5383 73.3689
16.88055 5281 72.6705
16.88890 5211 72.1873
16.89726 5141 71.7008
16.90561 5160 71.8331
16.91397 5129 71.617
16.92233 5010 70.7814
16.93068 5004 70.739
16.93904 4935 70.2496
16.94739 4858 69.6994
16.95575 4826 69.4694
16.96411 4847 69.6204
16.97246 4729 68.7677
16.98082 4741 68.8549
16.98917 4678 68.3959
16.99753 4700 68.5565
17.00589 4638 68.1029
17.01424 4717 68.6804
17.02260 4615 67.9338
17.03095 4589 67.7422
17.03931 4501 67.0895
17.04767 4438 66.6183
17.05602 4395 66.2948
17.06438 4370 66.106
17.07273 4372 66.1211
17.08109 4352 65.9697
17.08945 4340 65.8787
17.09780 4236 65.0846
17.10616 4265 65.307
17.11451 4245 65.1537
17.12287 4259 65.261
17.13123 4235 65.0769
17.13958 4283 65.4446
17.14794 4198 64.792
17.15629 4149 64.4127
17.16465 4151 64.4283
17.17301 4184 64.6838
17.18136 4156 64.467
17.18972 4126 64.2339
17.19807 4084 63.9062
17.20643 3996 63.2139
17.21479 4031 63.4902
17.22314 3968 62.9921
17.23150 3993 63.1902
17.23985 3992 63.1823
17.24821 4020 63.4035
17.25657 4025 63.4429
17.26492 3984 63.1189
17.27328 3991 63.1744
17.28163 3969 63
17.28999 4102 64.0469
17.29835 4007 63.3009
17.30670 4053 63.6632
17.31506 4071 63.8044
17.32341 4115 64.1483
17.33177 4072 63.8122
17.34013 4057 63.6946
17.34848 4032 63.498
17.35684 4061 63.726
17.36519 4074 63.8279
17.37355 4044 63.5925
17.38191 4027 63.4586
17.39026 3968 62.9921
17.39862 3958 62.9126
17.40697 4013 63.3482
17.41533 4017 63.3798
17.42369 4012 63.3404
17.43204 3973 63.0317
17.44040 3918 62.5939
17.44875 3867 62.1852
17.45711 3894 62.4019
17.46547 3856 62.0967
17.47382 4004 63.2772
17.48218 3895 62.4099
17.49053 3886 62.3378
17.49889 3845 62.0081
17.50725 3887 62.3458
17.51560 3847 62.0242
17.52396 3829 61.8789
17.53231 3839 61.9597
17.54067 3804 61.6766
17.54903 3788 61.5467
17.55738 3912 62.546
17.56574 3902 62.466
17.57409 3848 62.0322
17.58245 3787 61.5386
17.59081 3845 62.0081
17.59916 3807 61.7009
17.60752 3853 62.0725
17.61587 3859 62.1208
17.62423 3881 62.2977
17.63259 3873 62.2334
17.64094 3851 62.0564
17.64930 3847 62.0242
17.65765 3913 62.554
17.66601 3981 63.0952
17.67437 3879 62.2816
17.68272 3880 62.2896
17.69108 3904 62.482
17.69943 3916 62.578
17.70779 3885 62.3298
17.71615 3827 61.8628
17.72450 3908 62.514
17.73286 3893 62.3939
17.74121 3889 62.3618
17.74957 3895 62.4099
17.75793 3892 62.3859
17.76628 3848 62.0322
17.77464 3805 61.6847
17.78299 3848 62.0322
17.79135 3844 62
17.79971 3825 61.8466
17.80806 3862 62.145
17.81642 3798 61.6279
17.82477 3748 61.2209
17.83313 3759 61.3107
17.84149 3865 62.1691
17.84984 3866 62.1772
17.85820 3854 62.0806
17.86655 3815 61.7657
17.87491 3808 61.709
17.88327 3807 61.7009
17.89162 3811 61.7333
17.89998 3757 61.2944
17.90833 3793 61.5873
17.91669 3765 61.3596
17.92505 3809 61.7171
17.93340 3758 61.3025
17.94176 3691 60.7536
17.95011 3780 61.4817
17.95847 3815 61.7657
17.96683 3773 61.4248
17.97518 3755 61.2781
17.98354 3736 61.1228
17.99189 3715 60.9508
18.00025 3772 61.4166
18.00861 3804 61.6766
18.01696 3753 61.2617
18.02532 3720 60.9918
18.03367 3748 61.2209
18.04203 3682 60.6795
18.05039 3757 61.2944
18.05874 3747 61.2127
18.06710 3722 61.0082
18.07545 3739 61.1474
18.08381 3776 61.4492
18.09217 3766 61.3677
18.10052 3717 60.9672
18.10888 3743 61.1801
18.11723 3762 61.3351
18.12559 3861 62.1369
18.13395 3793 61.5873
18.14230 3790 61.563
18.15066 3762 61.3351
18.15901 3799 61.636
18.16737 3825 61.8466
18.17573 3859 62.1208
18.18408 3787 61.5386
18.19244 3736 61.1228
18.20079 3709 60.9016
18.20915 3746 61.2046
18.21751 3777 61.4573
18.22586 3791 61.5711
18.23422 3788 61.5467
18.24257 3840 61.9677
18.25093 3745 61.1964
18.25929 3785 61.5224
18.26764 3839 61.9597
18.27600 3912 62.546
18.28435 3895 62.4099
18.29271 3876 62.2575
18.30107 3729 61.0655
18.30942 3777 61.4573
18.31778 3878 62.2736
18.32613 3773 61.4248
18.33449 3812 61.7414
18.34285 3780 61.4817
18.35120 3778 61.4654
18.35956 3756 61.2862
18.36791 3794 61.5955
18.37627 3817 61.7819
18.38463 3855 62.0886
18.39298 3896 62.4179
18.40134 3883 62.3137
18.40969 3916 62.578
18.41805 3841 61.9758
18.42641 3875 62.2495
18.43476 3857 62.1048
18.44312 3900 62.45
18.45147 3917 62.5859
18.45983 3904 62.482
18.46819 3929 62.6817
18.47654 3939 62.7615
18.48490 3883 62.3137
18.49325 3950 62.849
18.50161 3980 63.0872
18.50997 3928 62.6738
18.51832 3954 62.8808
18.52668 3941 62.7774
18.53503 3986 63.1348
18.54339 3968 62.9921
18.55175 4107 64.0859
18.56010 3998 63.2297
18.56846 4116 64.1561
18.57681 4105 64.0703
18.58517 4049 63.6318
18.59353 4129 64.2573
18.60188 4173 64.5988
18.61024 4154 64.4515
18.61859 4161 64.5058
18.62695 4176 64.622
18.63531 4095 63.9922
18.64366 4216 64.9307
18.65202 4299 65.5668
18.66037 4356 66
18.66873 4332 65.8179
18.67709 4325 65.7647
18.68544 4426 66.5282
18.69380 4423 66.5056
18.70215 4445 66.6708
18.71051 4469 66.8506
18.71887 4508 67.1416
18.72722 4450 66.7083
18.73558 4601 67.8307
18.74393 4606 67.8675
18.75229 4580 67.6757
18.76065 4628 68.0294
18.76900 4557 67.5056
18.77736 4632 68.0588
18.78571 4609 67.8896
18.79407 4593 67.7717
18.80243 4670 68.3374
18.81078 4591 67.7569
18.81914 4574 67.6314
18.82749 4591 67.7569
18.83585 4617 67.9485
18.84421 4547 67.4314
18.85256 4620 67.9706
18.86092 4610 67.897
18.86927 4573 67.624
18.87763 4563 67.55
18.88599 4565 67.5648
18.89434 4609 67.8896
18.90270 4485 66.9701
18.91105 4574 67.6314
18.91941 4522 67.2458
18.92777 4610 67.897
18.93612 4594 67.7791
18.94448 4590 67.7495
18.95283 4616 67.9412
18.96119 4573 67.624
18.96955 4600 67.8233
18.97790 4618 67.9559
18.98626 4545 67.4166
18.99461 4626 68.0147
19.00297 4655 68.2276
19.01133 4680 68.4105
19.01968 4762 69.0072
19.02804 4797 69.2604
19.03639 4836 69.5414
19.04475 4848 69.6276
19.05311 4874 69.814
19.06146 4980 70.5691
19.06982 5096 71.3863
19.07817 5112 71.4983
19.08653 5071 71.211
19.09489 5110 71.4843
19.10324 5177 71.9514
19.11160 5320 72.9383
19.11995 5224 72.2772
19.12831 5365 73.2462
19.13667 5463 73.9121
19.14502 5449 73.8173
19.15338 5527 74.3438
19.16173 5624 74.9933
19.17009 5462 73.9053
19.17845 5492 74.108
19.18680 5532 74.3774
19.19516 5418 73.6071
19.20351 5324 72.9657
19.21187 5287 72.7118
19.22023 5284 72.6911
19.22858 5303 72.8217
19.23694 5186 72.0139
19.24529 5172 71.9166
19.25365 5142 71.7077
19.26201 5098 71.4003
19.27036 5072 71.218
19.27872 4969 70.4911
19.28707 4906 70.0428
19.29543 4901 70.0071
19.30379 4819 69.419
19.31214 4768 69.0507
19.32050 4770 69.0652
19.32885 4638 68.1029
19.33721 4613 67.9191
19.34557 4531 67.3127
19.35392 4505 67.1193
19.36228 4422 66.4981
19.37063 4383 66.2042
19.37899 4421 66.4906
19.38735 4392 66.2722
19.39570 4260 65.2687
19.40406 4285 65.4599
19.41241 4273 65.3682
19.42077 4224 64.9923
19.42913 4309 65.643
19.43748 4193 64.7534
19.44584 4159 64.4903
19.45419 4192 64.7457
19.46255 4166 64.5446
19.47091 4198 64.792
19.47926 4122 64.2028
19.48762 4183 64.6761
19.49597 4212 64.8999
19.50433 4202 64.8228
19.51269 4222 64.9769
19.52104 4261 65.2763
19.52940 4224 64.9923
19.53775 4256 65.238
19.54611 4258 65.2534
19.55447 4233 65.0615
19.56282 4303 65.5973
19.57118 4281 65.4294
19.57953 4284 65.4523
19.58789 4244 65.146
19.59625 4238 65.0999
19.60460 4230 65.0385
19.61296 4180 64.6529
19.62131 4165 64.5368
19.62967 4194 64.7611
19.63803 4146 64.3894
19.64638 4190 64.7302
19.65474 4159 64.4903
19.66309 4223 64.9846
19.67145 4128 64.2495
19.67981 4216 64.9307
19.68816 4222 64.9769
19.69652 4277 65.3988
19.70487 4243 65.1383
19.71323 4242 65.1306
19.72159 4267 65.3223
19.72994 4263 65.2917
19.73830 4187 64.707
19.74665 4204 64.8383
19.75501 4294 65.5286
19.76337 4196 64.7765
19.77172 4188 64.7148
19.78008 4201 64.8151
19.78843 4231 65.0461
19.79679 4173 64.5988
19.80515 4149 64.4127
19.81350 4238 65.0999
19.82186 4186 64.6993
19.83021 4160 64.4981
19.83857 4211 64.8922
19.84693 4174 64.6065
19.85528 4267 65.3223
19.86364 4265 65.307
19.87199 4220 64.9615
19.88035 4164 64.5291
19.88871 4174 64.6065
19.89706 4222 64.9769
19.90542 4082 63.8905
19.91377 4174 64.6065
19.92213 4171 64.5833
19.93049 3965 62.9682
19.93884 4033 63.5059
19.94720 4060 63.7181
19.95555 4037 63.5374
19.96391 4016 63.3719
19.97227 4014 63.3561
19.98062 4003 63.2693
19.98898 3949 62.8411
19.99733 4001 63.2535
20.00569 3956 62.8967
20.01405 3946 62.8172
20.02240 3902 62.466
20.03076 3887 62.3458
20.03911 3964 62.9603
20.04747 3897 62.426
20.05583 3899 62.442
20.06418 3932 62.7057
20.07254 3887 62.3458
20.08089 3910 62.53
20.08925 3856 62.0967
20.09761 3914 62.562
20.10596 3869 62.2013
20.11432 3914 62.562
20.12267 3838 61.9516
20.13103 3857 62.1048
20.13939 3819 61.7981
20.14774 3794 61.5955
20.15610 3785 61.5224
20.16445 3862 62.145
20.17281 3838 61.9516
20.18117 3878 62.2736
20.18952 3917 62.5859
20.19788 3903 62.474
20.20623 3827 61.8628
20.21459 3868 62.1932
20.22295 3872 62.2254
20.23130 3864 62.1611
20.23966 3887 62.3458
20.24801 3846 62.0161
20.25637 3828 61.8708
20.26473 3839 61.9597
20.27308 3864 62.1611
20.28144 3851 62.0564
20.28979 3879 62.2816
20.29815 3859 62.1208
20.30651 3877 62.2656
20.31486 3913 62.554
20.32322 3886 62.3378
20.33157 3890 62.3699
20.33993 3905 62.49
20.34829 3907 62.506
20.35664 3982 63.1031
20.36500 3866 62.1772
20.37335 3920 62.6099
20.38171 3994 63.1981
20.39007 3985 63.1269
20.39842 4029 63.4744
20.40678 4039 63.5531
20.41513 4098 64.0156
20.42349 4067 63.773
20.43185 4164 64.5291
20.44020 4150 64.4205
20.44856 4162 64.5136
20.45691 4247 65.169
20.46527 4230 65.0385
20.47363 4203 64.8305
20.48198 4307 65.6277
20.49034 4268 65.3299
20.49869 4258 65.2534
20.50705 4276 65.3911
20.51541 4268 65.3299
20.52376 4312 65.6658
20.53212 4273 65.3682
20.54047 4275 65.3835
20.54883 4330 65.8027
20.55719 4275 65.3835
20.56554 4256 65.238
20.57390 4352 65.9697
20.58225 4441 66.6408
20.59061 4368 66.0908
20.59897 4364 66.0606
20.60732 4400 66.3325
20.61568 4359 66.0227
20.62403 4411 66.4154
20.63239 4386 66.2269
20.64075 4383 66.2042
20.64910 4367 66.0833
20.65746 4337 65.8559
20.66581 4328 65.7875
20.67417 4344 65.909
20.68253 4393 66.2797
20.69088 4333 65.8255
20.69924 4354 65.9848
20.70759 4368 66.0908
20.71595 4386 66.2269
20.72431 4311 65.6582
20.73266 4303 65.5973
20.74102 4285 65.4599
20.74937 4327 65.7799
20.75773 4309 65.643
20.76609 4291 65.5057
20.77444 4273 65.3682
20.78280 4174 64.6065
20.79115 4184 64.6838
20.79951 4255 65.2304
20.80787 4147 64.3972
20.81622 4201 64.8151
20.82458 4179 64.6452
20.83293 4091 63.9609
20.84129 4065 63.7574
20.84965 4100 64.0312
20.85800 4062 63.7338
20.86636 4030 63.4823
20.87471 4097 64.0078
20.88307 4001 63.2535
20.89143 3983 63.111
20.89978 3999 63.2376
20.90814 4077 63.8514
20.91649 4095 63.9922
20.92485 4162 64.5136
20.93321 4077 63.8514
20.94156 4017 63.3798
20.94992 3995 63.206
20.95827 4105 64.0703
20.96663 4074 63.8279
20.97499 4031 63.4902
20.98334 3988 63.1506
20.99170 3983 63.111
21.00005 3972 63.0238
21.00841 3927 62.6658
21.01677 3861 62.1369
21.02512 3904 62.482
21.03348 3908 62.514
21.04183 3940 62.7694
21.05019 4008 63.3088
21.05855 3962 62.9444
21.06690 3927 62.6658
21.07526 3911 62.538
21.08361 3954 62.8808
21.09197 3910 62.53
21.10033 3960 62.9285
21.10868 3892 62.3859
21.11704 3882 62.3057
21.12539 3876 62.2575
21.13375 3878 62.2736
21.14211 3934 62.7216
21.15046 3890 62.3699
21.15882 3827 61.8628
21.16717 3841 61.9758
21.17553 3924 62.6418
21.18389 3964 62.9603
21.19224 3853 62.0725
21.20060 3837 61.9435
21.20895 3891 62.3779
21.21731 3881 62.2977
21.22567 3869 62.2013
21.23402 3878 62.2736
21.24238 3888 62.3538
21.25073 3902 62.466
21.25909 3988 63.1506
21.26745 3937 62.7455
21.27580 3977 63.0635
21.28416 4013 63.3482
21.29251 4039 63.5531
21.30087 4023 63.4271
21.30923 3987 63.1427
21.31758 3997 63.2218
21.32594 4050 63.6396
21.33429 4055 63.6789
21.34265 4101 64.0391
21.35101 4034 63.5138
21.35936 4010 63.3246
21.36772 4074 63.8279
21.37607 4084 63.9062
21.38443 4088 63.9375
21.39279 4116 64.1561
21.40114 4077 63.8514
21.40950 4157 64.4748
21.41785 4164 64.5291
21.42621 4115 64.1483
21.43457 4167 64.5523
21.44292 4077 63.8514
21.45128 3983 63.111
21.45963 4092 63.9687
21.46799 4105 64.0703
21.47635 4119 64.1794
21.48470 4022 63.4192
21.49306 4010 63.3246
21.50141 4095 63.9922
21.50977 4129 64.2573
21.51813 4067 63.773
21.52648 4094 63.9844
21.53484 4090 63.9531
21.54319 4064 63.7495
21.55155 4077 63.8514
21.55991 4066 63.7652
21.56826 4085 63.914
21.57662 4075 63.8357
21.58497 4069 63.7887
21.59333 4129 64.2573
21.60169 4073 63.8201
21.61004 4078 63.8592
21.61840 4083 63.8984
21.62675 4092 63.9687
21.63511 4068 63.7809
21.64347 4089 63.9453
21.65182 4031 63.4902
21.66018 4028 63.4665
21.66853 4102 64.0469
21.67689 4079 63.867
21.68525 4137 64.3195
21.69360 4160 64.4981
21.70196 4274 65.3758
21.71031 4241 65.123
21.71867 4174 64.6065
21.72703 4148 64.405
21.73538 4132 64.2806
21.74374 4134 64.2962
21.75209 4218 64.9461
21.76045 4239 65.1076
21.76881 4222 64.9769
21.77716 4257 65.2457
21.78552 4205 64.846
21.79387 4165 64.5368
21.80223 4241 65.123
21.81059 4199 64.7997
21.81894 4287 65.4752
21.82730 4285 65.4599
21.83565 4213 64.9076
21.84401 4192 64.7457
21.85237 4202 64.8228
21.86072 4197 64.7843
21.86908 4158 64.4826
21.87743 4199 64.7997
21.88579 4200 64.8074
21.89415 4193 64.7534
21.90250 4192 64.7457
21.91086 4178 64.6375
21.91921 4076 63.8436
21.92757 4106 64.0781
21.93593 4167 64.5523
21.94428 4176 64.622
21.95264 4091 63.9609
21.96099 4114 64.1405
21.96935 4113 64.1327
21.97771 4055 63.6789
21.98606 4056 63.6867
21.99442 4062 63.7338
22.00277 3990 63.1664
22.01113 4033 63.5059
22.01949 3942 62.7853
22.02784 3996 63.2139
22.03620 3925 62.6498
22.04455 3935 62.7296
22.05291 3986 63.1348
22.06127 4013 63.3482
22.06962 3963 62.9524
22.07798 3908 62.514
22.08633 3957 62.9047
22.09469 3943 62.7933
22.10305 3969 63
22.11140 3954 62.8808
22.11976 3919 62.6019
22.12811 3988 63.1506
22.13647 3922 62.6259
22.14483 3819 61.7981
22.15318 3868 62.1932
22.16154 3875 62.2495
22.16989 3909 62.522
22.17825 3845 62.0081
22.18661 3851 62.0564
22.19496 3867 62.1852
22.20332 3801 61.6523
22.21167 3842 61.9839
22.22003 3858 62.1128
22.22839 3838 61.9516
22.23674 3809 61.7171
22.24510 3803 61.6685
22.25345 3765 61.3596
22.26181 3768 61.384
22.27017 3728 61.0574
22.27852 3724 61.0246
22.28688 3723 61.0164
22.29523 3711 60.918
22.30359 3702 60.8441
22.31195 3674 60.6135
22.32030 3659 60.4897
22.32866 3698 60.8112
22.33701 3712 60.9262
22.34537 3681 60.6712
22.35373 3696 60.7947
22.36208 3700 60.8276
22.37044 3631 60.2578
22.37879 3637 60.3075
22.38715 3598 59.9833
22.39551 3600 60
22.40386 3610 60.0833
22.41222 3615 60.1249
22.42057 3608 60.0666
22.42893 3554 59.6154
22.43729 3583 59.8582
22.44564 3521 59.338
22.45400 3580 59.8331
22.46235 3603 60.025
22.47071 3555 59.6238
22.47907 3610 60.0833
22.48742 3582 59.8498
22.49578 3543 59.5231
22.50413 3488 59.0593
22.51249 3513 59.2706
22.52085 3473 58.9322
22.52920 3523 59.3549
22.53756 3492 59.0931
22.54591 3508 59.2284
22.55427 3520 59.3296
22.56263 3547 59.5567
22.57098 3527 59.3886
22.57934 3487 59.0508
22.58769 3460 58.8218
22.59605 3509 59.2368
22.60441 3476 58.9576
22.61276 3518 59.3127
22.62112 3542 59.5147
22.62947 3435 58.6089
22.63783 3455 58.7792
22.64619 3492 59.0931
22.65454 3449 58.7282
22.66290 3474 58.9406
22.67125 3527 59.3886
22.67961 3505 59.203
22.68797 3454 58.7707
22.69632 3488 59.0593
22.70468 3485 59.0339
22.71303 3504 59.1946
22.72139 3565 59.7076
22.72975 3459 58.8133
22.73810 3438 58.6345
22.74646 3531 59.4222
22.75481 3432 58.5833
22.76317 3453 58.7622
22.77153 3475 58.9491
22.77988 3443 58.6771
22.78824 3527 59.3886
22.79659 3531 59.4222
22.80495 3535 59.4559
22.81331 3467 58.8812
22.82166 3487 59.0508
22.83002 3548 59.5651
22.83837 3541 59.5063
22.84673 3560 59.6657
22.85509 3505 59.203
22.86344 3577 59.808
22.87180 3611 60.0916
22.88015 3536 59.4643
22.88851 3595 59.9583
22.89687 3588 59.8999
22.90522 3565 59.7076
22.91358 3585 59.8749
22.92193 3587 59.8916
22.93029 3588 59.8999
22.93865 3561 59.6741
22.94700 3606 60.05
22.95536 3615 60.1249
22.96371 3633 60.2744
22.97207 3575 59.7913
22.98043 3588 59.8999
22.98878 3617 60.1415
22.99714 3572 59.7662
23.00549 3545 59.5399
23.01385 3515 59.2874
23.02221 3530 59.4138
23.03056 3543 59.5231
23.03892 3494 59.1101
23.04727 3528 59.397
23.05563 3543 59.5231
23.06399 3535 59.4559
23.07234 3467 58.8812
23.08070 3493 59.1016
23.08905 3534 59.4475
23.09741 3573 59.7746
23.10577 3516 59.2959
23.11412 3479 58.983
23.12248 3500 59.1608
23.13083 3485 59.0339
23.13919 3544 59.5315
23.14755 3492 59.0931
23.15590 3528 59.397
23.16426 3514 59.279
23.17261 3532 59.4306
23.18097 3464 58.8558
23.18933 3516 59.2959
23.19768 3495 59.1185
23.20604 3553 59.607
23.21439 3519 59.3212
23.22275 3498 59.1439
23.23111 3533 59.439
23.23946 3451 58.7452
23.24782 3531 59.4222
23.25617 3591 59.925
23.26453 3444 58.6856
23.27289 3503 59.1861
23.28124 3511 59.2537
23.28960 3509 59.2368
23.29795 3593 59.9416
23.30631 3584 59.8665
23.31467 3537 59.4727
23.32302 3620 60.1664
23.33138 3601 60.0083
23.33973 3552 59.5987
23.34809 3552 59.5987
23.35645 3587 59.8916
23.36480 3570 59.7495
23.37316 3524 59.3633
23.38151 3627 60.2246
23.38987 3568 59.7327
23.39823 3542 59.5147
23.40658 3547 59.5567
23.41494 3674 60.6135
23.42329 3637 60.3075
23.43165 3611 60.0916
23.44001 3659 60.4897
23.44836 3632 60.2661
23.45672 3658 60.4814
23.46507 3631 60.2578
23.47343 3624 60.1997
23.48179 3673 60.6053
23.49014 3590 59.9166
23.49850 3649 60.407
23.50685 3627 60.2246
23.51521 3540 59.4979
23.52357 3628 60.2329
23.53192 3552 59.5987
23.54028 3570 59.7495
23.54863 3576 59.7997
23.55699 3593 59.9416
23.56535 3595 59.9583
23.57370 3584 59.8665
23.58206 3571 59.7578
23.59041 3679 60.6548
23.59877 3584 59.8665
23.60713 3606 60.05
23.61548 3639 60.3241
23.62384 3573 59.7746
23.63219 3612 60.0999
23.64055 3613 60.1082
23.64891 3633 60.2744
23.65726 3619 60.1581
23.66562 3611 60.0916
23.67397 3634 60.2827
23.68233 3684 60.696
23.69069 3642 60.349
23.69904 3714 60.9426
23.70740 3736 61.1228
23.71575 3770 61.4003
23.72411 3760 61.3188
23.73247 3820 61.8061
23.74082 3830 61.887
23.74918 3882 62.3057
23.75753 3888 62.3538
23.76589 3848 62.0322
23.77425 3929 62.6817
23.78260 3874 62.2415
23.79096 3946 62.8172
23.79931 3998 63.2297
23.80767 3940 62.7694
23.81603 3921 62.6179
23.82438 3991 63.1744
23.83274 3912 62.546
23.84109 3895 62.4099
23.84945 3897 62.426
23.85781 3904 62.482
23.86616 3947 62.8252
23.87452 3870 62.2093
23.88287 3911 62.538
23.89123 3833 61.9112
23.89959 3778 61.4654
23.90794 3784 61.5142
23.91630 3755 61.2781
23.92465 3772 61.4166
23.93301 3831 61.8951
23.94137 3692 60.7618
23.94972 3778 61.4654
23.95808 3768 61.384
23.96643 3702 60.8441
23.97479 3717 60.9672
23.98315 3712 60.9262
23.99150 3720 60.9918
23.99986 3674 60.6135
24.00821 3670 60.5805
24.01657 3682 60.6795
24.02493 3667 60.5558
24.03328 3668 60.564
24.04164 3613 60.1082
24.04999 3598 59.9833
24.05835 3567 59.7244
24.06671 3573 59.7746
24.07506 3538 59.4811
24.08342 3509 59.2368
24.09177 3536 59.4643
24.10013 3557 59.6406
24.10849 3545 59.5399
24.11684 3579 59.8247
24.12520 3560 59.6657
24.13355 3491 59.0847
24.14191 3503 59.1861
24.15027 3475 58.9491
24.15862 3431 58.5747
24.16698 3488 59.0593
24.17533 3480 58.9915
24.18369 3469 58.8982
24.19205 3385 58.1808
24.20040 3449 58.7282
24.20876 3525 59.3717
24.21711 3494 59.1101
24.22547 3430 58.5662
24.23383 3452 58.7537
24.24218 3442 58.6686
24.25054 3411 58.4038
24.25889 3500 59.1608
24.26725 3476 58.9576
24.27561 3430 58.5662
24.28396 3445 58.6941
24.29232 3451 58.7452
24.30067 3510 59.2453
24.30903 3423 58.5064
24.31739 3456 58.7878
24.32574 3450 58.7367
24.33410 3434 58.6003
24.34245 3438 58.6345
24.35081 3436 58.6174
24.35917 3438 58.6345
24.36752 3416 58.4466
24.37588 3481 59
24.38423 3435 58.6089
24.39259 3424 58.515
24.40095 3433 58.5918
24.40930 3435 58.6089
24.41766 3460 58.8218
24.42601 3497 59.1354
24.43437 3413 58.4209
24.44273 3468 58.8897
24.45108 3460 58.8218
24.45944 3429 58.5577
24.46779 3475 58.9491
24.47615 3514 59.279
24.48451 3450 58.7367
24.49286 3440 58.6515
24.50122 3464 58.8558
24.50957 3455 58.7792
24.51793 3458 58.8048
24.52629 3430 58.5662
24.53464 3426 58.532
24.54300 3484 59.0254
24.55135 3528 59.397
24.55971 3527 59.3886
24.56807 3448 58.7197
24.57642 3432 58.5833
24.58478 3469 58.8982
24.59313 3504 59.1946
24.60149 3500 59.1608
24.60985 3519 59.3212
24.61820 3535 59.4559
24.62656 3429 58.5577
24.63491 3475 58.9491
24.64327 3463 58.8473
24.65163 3422 58.4979
24.65998 3485 59.0339
24.66834 3384 58.1722
24.67669 3442 58.6686
24.68505 3498 59.1439
24.69341 3521 59.338
24.70176 3512 59.2621
24.71012 3471 58.9152
24.71847 3481 59
24.72683 3483 59.0169
24.73519 3487 59.0508
24.74354 3575 59.7913
24.75190 3487 59.0508
24.76025 3461 58.8303
24.76861 3512 59.2621
24.77697 3507 59.2199
24.78532 3435 58.6089
24.79368 3480 58.9915
24.80203 3529 59.4054
24.81039 3461 58.8303
24.81875 3453 58.7622
24.82710 3456 58.7878
24.83546 3442 58.6686
24.84381 3371 58.0603
24.85217 3447 58.7112
24.86053 3552 59.5987
24.86888 3509 59.2368
24.87724 3446 58.7026
24.88559 3482 59.0085
24.89395 3481 59
24.90231 3416 58.4466
24.91066 3514 59.279
24.91902 3513 59.2706
24.92737 3482 59.0085
24.93573 3536 59.4643
24.94409 3470 58.9067
24.95244 3503 59.1861
24.96080 3458 58.8048
24.96915 3553 59.607
24.97751 3458 58.8048
24.98587 3447 58.7112
24.99422 3480 58.9915
25.00258 3546 59.5483
25.01093 3467 58.8812
25.01929 3453 58.7622
25.02765 3537 59.4727
25.03600 3496 59.127
25.04436 3498 59.1439
25.05271 3516 59.2959
25.06107 3535 59.4559
25.06943 3474 58.9406
25.07778 3496 59.127
25.08614 3522 59.3464
25.09449 3472 58.9237
25.10285 3549 59.5735
25.11121 3541 59.5063
25.11956 3497 59.1354
25.12792 3490 59.0762
25.13627 3504 59.1946
25.14463 3606 60.05
25.15299 3523 59.3549
25.16134 3517 59.3043
25.16970 3507 59.2199
25.17805 3530 59.4138
25.18641 3481 59
25.19477 3568 59.7327
25.20312 3482 59.0085
25.21148 3507 59.2199
25.21983 3541 59.5063
25.22819 3489 59.0678
25.23655 3480 58.9915
25.24490 3525 59.3717
25.25326 3514 59.279
25.26161 3467 58.8812
25.26997 3550 59.5819
25.27833 3478 58.9746
25.28668 3479 58.983
25.29504 3527 59.3886
25.30339 3538 59.4811
25.31175 3517 59.3043
25.32011 3543 59.5231
25.32846 3542 59.5147
25.33682 3498 59.1439
25.34517 3498 59.1439
25.35353 3507 59.2199
25.36189 3578 59.8164
25.37024 3470 58.9067
25.37860 3474 58.9406
25.38695 3516 59.2959
25.39531 3574 59.7829
25.40367 3550 59.5819
25.41202 3590 59.9166
25.42038 3635 60.291
25.42873 3592 59.9333
25.43709 3559 59.6574
25.44545 3574 59.7829
25.45380 3594 59.95
25.46216 3647 60.3904
25.47051 3675 60.6218
25.47887 3701 60.8358
25.48723 3607 60.0583
25.49558 3591 59.925
25.50394 3618 60.1498
25.51229 3639 60.3241
25.52065 3671 60.5888
25.52901 3691 60.7536
25.53736 3691 60.7536
25.54572 3578 59.8164
25.55407 3585 59.8749
25.56243 3609 60.075
25.57079 3630 60.2495
25.57914 3592 59.9333
25.58750 3569 59.7411
25.59585 3609 60.075
25.60421 3581 59.8415
25.61257 3652 60.4318
25.62092 3593 59.9416
25.62928 3515 59.2874
25.63763 3576 59.7997
25.64599 3558 59.649
25.65435 3586 59.8832
25.66270 3590 59.9166
25.67106 3563 59.6909
25.67941 3563 59.6909
25.68777 3567 59.7244
25.69613 3546 59.5483
25.70448 3518 59.3127
25.71284 3560 59.6657
25.72119 3629 60.2412
25.72955 3623 60.1914
25.73791 3584 59.8665
25.74626 3576 59.7997
25.75462 3552 59.5987
25.76297 3553 59.607
25.77133 3516 59.2959
25.77969 3503 59.1861
25.78804 3498 59.1439
25.79640 3523 59.3549
25.80475 3517 59.3043
25.81311 3550 59.5819
25.82147 3544 59.5315
25.82982 3563 59.6909
25.83818 3540 59.4979
25.84653 3589 59.9083
25.85489 3554 59.6154
25.86325 3545 59.5399
25.87160 3605 60.0417
25.87996 3623 60.1914
25.88831 3595 59.9583
25.89667 3579 59.8247
25.90503 3569 59.7411
25.91338 3538 59.4811
25.92174 3538 59.4811
25.93009 3490 59.0762
25.93845 3505 59.203
25.94681 3449 58.7282
25.95516 3463 58.8473
25.96352 3522 59.3464
25.97187 3483 59.0169
25.98023 3520 59.3296
25.98859 3516 59.2959
25.99694 3512 59.2621
26.00530 3510 59.2453
26.01365 3521 59.338
26.02201 3512 59.2621
26.03037 3489 59.0678
26.03872 3529 59.4054
26.04708 3517 59.3043
26.05543 3515 59.2874
26.06379 3544 59.5315
26.07215 3534 59.4475
26.08050 3530 59.4138
26.08886 3496 59.127
26.09721 3494 59.1101
26.10557 3512 59.2621
26.11393 3493 59.1016
26.12228 3506 59.2115
26.13064 3485 59.0339
26.13899 3537 59.4727
26.14735 3542 59.5147
26.15571 3547 59.5567
26.16406 3433 58.5918
26.17242 3568 59.7327
26.18077 3556 59.6322
26.18913 3539 59.4895
26.19749 3579 59.8247
26.20584 3595 59.9583
26.21420 3513 59.2706
26.22255 3509 59.2368
26.23091 3550 59.5819
26.23927 3591 59.925
26.24762 3529 59.4054
26.25598 3525 59.3717
26.26433 3531 59.4222
26.27269 3536 59.4643
26.28105 3564 59.6992
26.28940 3580 59.8331
26.29776 3521 59.338
26.30611 3551 59.5903
26.31447 3511 59.2537
26.32283 3508 59.2284
26.33118 3491 59.0847
26.33954 3567 59.7244
26.34789 3562 59.6825
26.35625 3501 59.1692
26.36461 3581 59.8415
26.37296 3553 59.607
26.38132 3492 59.0931
26.38967 3471 58.9152
26.39803 3504 59.1946
26.40639 3525 59.3717
26.41474 3550 59.5819
26.42310 3558 59.649
26.43145 3557 59.6406
26.43981 3440 58.6515
26.44817 3499 59.1523
26.45652 3522 59.3464
26.46488 3474 58.9406
26.47323 3395 58.2666
26.48159 3396 58.2752
26.48995 3534 59.4475
26.49830 3492 59.0931
26.50666 3428 58.5491
26.51501 3495 59.1185
26.52337 3598 59.9833
26.53173 3549 59.5735
26.54008 3501 59.1692
26.54844 3470 58.9067
26.55679 3468 58.8897
26.56515 3502 59.1777
26.57351 3511 59.2537
26.58186 3481 59
26.59022 3440 58.6515
26.59857 3498 59.1439
26.60693 3455 58.7792
26.61529 3430 58.5662
26.62364 3444 58.6856
26.63200 3448 58.7197
26.64035 3476 58.9576
26.64871 3515 59.2874
26.65707 3440 58.6515
26.66542 3457 58.7963
26.67378 3465 58.8643
26.68213 3428 58.5491
26.69049 3516 59.2959
26.69885 3499 59.1523
26.70720 3476 58.9576
26.71556 3396 58.2752
26.72391 3454 58.7707
26.73227 3473 58.9322
26.74063 3520 59.3296
26.74898 3487 59.0508
26.75734 3444 58.6856
26.76569 3446 58.7026
26.77405 3436 58.6174
26.78241 3471 58.9152
26.79076 3509 59.2368
26.79912 3470 58.9067
26.80747 3422 58.4979
26.81583 3397 58.2838
26.82419 3400 58.3095
26.83254 3417 58.4551
26.84090 3376 58.1034
26.84925 3425 58.5235
26.85761 3467 58.8812
26.86597 3380 58.1378
26.87432 3394 58.258
26.88268 3491 59.0847
26.89103 3444 58.6856
26.89939 3396 58.2752
26.90775 3459 58.8133
26.91610 3383 58.1636
26.92446 3356 57.931
26.93281 3366 58.0172
26.94117 3440 58.6515
26.94953 3402 58.3267
26.95788 3442 58.6686
26.96624 3437 58.6259
26.97459 3379 58.1292
26.98295 3438 58.6345
26.99131 3470 58.9067
26.99966 3480 58.9915
27.00802 3481 59
27.01637 3413 58.4209
27.02473 3283 57.2975
27.03309 3356 57.931
27.04144 3377 58.112
27.04980 3496 59.127
27.05815 3456 58.7878
27.06651 3452 58.7537
27.07487 3426 58.532
27.08322 3423 58.5064
27.09158 3336 57.7581
27.09993 3371 58.0603
27.10829 3422 58.4979
27.11665 3400 58.3095
27.12500 3392 58.2409
27.13336 3428 58.5491
27.14171 3382 58.155
27.15007 3358 57.9483
27.15843 3399 58.3009
27.16678 3409 58.3866
27.17514 3330 57.7062
27.18349 3326 57.6715
27.19185 3292 57.376
27.20021 3373 58.0775
27.20856 3411 58.4038
27.21692 3377 58.112
27.22527 3419 58.4722
27.23363 3315 57.576
27.24199 3324 57.6541
27.25034 3382 58.155
27.25870 3312 57.55
27.26705 3387 58.1979
27.27541 3332 57.7235
27.28377 3379 58.1292
27.29212 3368 58.0345
27.30048 3390 58.2237
27.30883 3347 57.8533
27.31719 3292 57.376
27.32555 3292 57.376
27.33390 3340 57.7927
27.34226 3308 57.5152
27.35061 3294 57.3934
27.35897 3301 57.4543
27.36733 3286 57.3236
27.37568 3386 58.1893
27.38404 3318 57.6021
27.39239 3290 57.3585
27.40075 3322 57.6368
27.40911 3355 57.9224
27.41746 3356 57.931
27.42582 3278 57.2538
27.43417 3242 56.9386
27.44253 3347 57.8533
27.45089 3294 57.3934
27.45924 3318 57.6021
27.46760 3320 57.6194
27.47595 3265 57.1402
27.48431 3298 57.4282
27.49267 3372 58.0689
27.50102 3280 57.2713
27.50938 3291 57.3672
27.51773 3255 57.0526
27.52609 3299 57.4369
27.53445 3349 57.8705
27.54280 3288 57.3411
27.55116 3295 57.4021
27.55951 3269 57.1752
27.56787 3289 57.3498
27.57623 3311 57.5413
27.58458 3306 57.4978
27.59294 3255 57.0526
27.60129 3269 57.1752
27.60965 3320 57.6194
27.61801 3295 57.4021
27.62636 3269 57.1752
27.63472 3284 57.3062
27.64307 3290 57.3585
27.65143 3332 57.7235
27.65979 3261 57.1052
27.66814 3254 57.0438
27.67650 3269 57.1752
27.68485 3205 56.6127
27.69321 3199 56.5597
27.70157 3239 56.9122
27.70992 3272 57.2014
27.71828 3235 56.8771
27.72663 3262 57.1139
27.73499 3249 57
27.74335 3231 56.8419
27.75170 3233 56.8595
27.76006 3219 56.7362
27.76841 3263 57.1227
27.77677 3228 56.8155
27.78513 3155 56.1694
27.79348 3244 56.9561
27.80184 3263 57.1227
27.81019 3246 56.9737
27.81855 3211 56.6657
27.82691 3260 57.0964
27.83526 3248 56.9912
27.84362 3217 56.7186
27.85197 3240 56.921
27.86033 3286 57.3236
27.86869 3307 57.5065
27.87704 3258 57.0789
27.88540 3246 56.9737
27.89375 3251 57.0175
27.90211 3187 56.4535
27.91047 3189 56.4712
27.91882 3278 57.2538
27.92718 3218 56.7274
27.93553 3218 56.7274
27.94389 3253 57.0351
27.95225 3197 56.542
27.96060 3203 56.5951
27.96896 3219 56.7362
27.97731 3240 56.921
27.98567 3162 56.2317
27.99403 3158 56.1961
28.00238 3154 56.1605
28.01074 3212 56.6745
28.01909 3220 56.745
28.02745 3226 56.7979
28.03581 3139 56.0268
28.04416 3188 56.4624
28.05252 3190 56.4801
28.06087 3163 56.2406
28.06923 3224 56.7803
28.07759 3221 56.7539
28.08594 3196 56.5332
28.09430 3223 56.7715
28.10265 3200 56.5685
28.11101 3215 56.701
28.11937 3261 57.1052
28.12772 3264 57.1314
28.13608 3207 56.6304
28.14443 3230 56.8331
28.15279 3229 56.8243
28.16115 3266 57.1489
28.16950 3256 57.0614
28.17786 3211 56.6657
28.18621 3234 56.8683
28.19457 3240 56.921
28.20293 3261 57.1052
28.21128 3259 57.0877
28.21964 3291 57.3672
28.22799 3280 57.2713
28.23635 3237 56.8946
28.24471 3228 56.8155
28.25306 3248 56.9912
28.26142 3206 56.6216
28.26977 3201 56.5774
28.27813 3199 56.5597
28.28649 3206 56.6216
28.29484 3125 55.9017
28.30320 3184 56.4269
28.31155 3236 56.8859
28.31991 3251 57.0175
28.32827 3248 56.9912
28.33662 3202 56.5862
28.34498 3254 57.0438
28.35333 3279 57.2626
28.36169 3223 56.7715
28.37005 3214 56.6922
28.37840 3209 56.648
28.38676 3243 56.9473
28.39511 3246 56.9737
28.40347 3280 57.2713
28.41183 3264 57.1314
28.42018 3221 56.7539
28.42854 3233 56.8595
28.43689 3276 57.2364
28.44525 3313 57.5587
28.45361 3273 57.2101
28.46196 3248 56.9912
28.47032 3259 57.0877
28.47867 3199 56.5597
28.48703 3256 57.0614
28.49539 3258 57.0789
28.50374 3247 56.9825
28.51210 3271 57.1927
28.52045 3271 57.1927
28.52881 3325 57.6628
28.53717 3350 57.8792
28.54552 3324 57.6541
28.55388 3321 57.6281
28.56223 3300 57.4456
28.57059 3336 57.7581
28.57895 3340 57.7927
28.58730 3281 57.28
28.59566 3336 57.7581
28.60401 3359 57.9569
28.61237 3322 57.6368
28.62073 3258 57.0789
28.62908 3260 57.0964
28.63744 3301 57.4543
28.64579 3270 57.1839
28.65415 3264 57.1314
28.66251 3255 57.0526
28.67086 3295 57.4021
28.67922 3293 57.3847
28.68757 3222 56.7627
28.69593 3312 57.55
28.70429 3338 57.7754
28.71264 3290 57.3585
28.72100 3307 57.5065
28.72935 3309 57.5239
28.73771 3229 56.8243
28.74607 3266 57.1489
28.75442 3223 56.7715
28.76278 3303 57.4717
28.77113 3265 57.1402
28.77949 3284 57.3062
28.78785 3246 56.9737
28.79620 3157 56.1872
28.80456 3236 56.8859
28.81291 3212 56.6745
28.82127 3258 57.0789
28.82963 3275 57.2276
28.83798 3289 57.3498
28.84634 3268 57.1664
28.85469 3222 56.7627
28.86305 3237 56.8946
28.87141 3211 56.6657
28.87976 3249 57
28.88812 3181 56.4004
28.89647 3258 57.0789
28.90483 3258 57.0789
28.91319 3290 57.3585
28.92154 3295 57.4021
28.92990 3320 57.6194
28.93825 3240 56.921
28.94661 3229 56.8243
28.95497 3322 57.6368
28.96332 3332 57.7235
28.97168 3241 56.9298
28.98003 3195 56.5243
28.98839 3243 56.9473
28.99675 3310 57.5326
29.00510 3236 56.8859
29.01346 3209 56.648
29.02181 3252 57.0263
29.03017 3309 57.5239
29.03853 3296 57.4108
29.04688 3317 57.5934
29.05524 3223 56.7715
29.06359 3227 56.8067
29.07195 3242 56.9386
29.08031 3276 57.2364
29.08866 3255 57.0526
29.09702 3304 57.4804
29.10537 3274 57.2189
29.11373 3241 56.9298
29.12209 3338 57.7754
29.13044 3307 57.5065
29.13880 3269 57.1752
29.14715 3293 57.3847
29.15551 3256 57.0614
29.16387 3293 57.3847
29.17222 3279 57.2626
29.18058 3345 57.836
29.18893 3287 57.3324
29.19729 3258 57.0789
29.20565 3234 56.8683
29.21400 3302 57.463
29.22236 3285 57.3149
29.23071 3257 57.0701
29.23907 3246 56.9737
29.24743 3236 56.8859
29.25578 3297 57.4195
29.26414 3271 57.1927
29.27249 3293 57.3847
29.28085 3258 57.0789
29.28921 3329 57.6975
29.29756 3355 57.9224
29.30592 3320 57.6194
29.31427 3315 57.576
29.32263 3320 57.6194
29.33099 3325 57.6628
29.33934 3317 57.5934
29.34770 3279 57.2626
29.35605 3197 56.542
29.36441 3286 57.3236
29.37277 3236 56.8859
29.38112 3335 57.7495
29.38948 3272 57.2014
29.39783 3261 57.1052
29.40619 3222 56.7627
29.41455 3273 57.2101
29.42290 3273 57.2101
29.43126 3226 56.7979
29.43961 3248 56.9912
29.44797 3222 56.7627
29.45633 3205 56.6127
29.46468 3262 57.1139
29.47304 3240 56.921
29.48139 3223 56.7715
29.48975 3275 57.2276
29.49811 3291 57.3672
29.50646 3265 57.1402
29.51482 3264 57.1314
29.52317 3259 57.0877
29.53153 3246 56.9737
29.53989 3253 57.0351
29.54824 3267 57.1577
29.55660 3230 56.8331
29.56495 3219 56.7362
29.57331 3243 56.9473
29.58167 3183 56.4181
29.59002 3233 56.8595
29.59838 3215 56.701
29.60673 3213 56.6833
29.61509 3195 56.5243
29.62345 3230 56.8331
29.63180 3199 56.5597
29.64016 3239 56.9122
29.64851 3182 56.4092
29.65687 3234 56.8683
29.66523 3259 57.0877
29.67358 3280 57.2713
29.68194 3277 57.2451
29.69029 3206 56.6216
29.69865 3252 57.0263
29.70701 3244 56.9561
29.71536 3220 56.745
29.72372 3197 56.542
29.73207 3236 56.8859
29.74043 3210 56.6569
29.74879 3255 57.0526
29.75714 3271 57.1927
29.76550 3197 56.542
29.77385 3210 56.6569
29.78221 3234 56.8683
29.79057 3285 57.3149
29.79892 3239 56.9122
29.80728 3224 56.7803
29.81563 3251 57.0175
29.82399 3316 57.5847
29.83235 3274 57.2189
29.84070 3303 57.4717
29.84906 3302 57.463
29.85741 3256 57.0614
29.86577 3261 57.1052
29.87413 3302 57.463
29.88248 3267 57.1577
29.89084 3286 57.3236
29.89919 3331 57.7148
29.90755 3390 58.2237
29.91591 3318 57.6021
29.92426 3298 57.4282
29.93262 3324 57.6541
29.94097 3317 57.5934
29.94933 3264 57.1314
29.95769 3344 57.8273
29.96604 3253 57.0351
29.97440 3235 56.8771
29.98275 3317 57.5934
29.99111 3334 57.7408
29.99947 3380 58.1378
30.00782 3351 57.8878
30.01618 3330 57.7062
30.02453 3271 57.1927
30.03289 3290 57.3585
30.04125 3318 57.6021
30.04960 3252 57.0263
30.05796 3236 56.8859
30.06631 3315 57.576
30.07467 3261 57.1052
30.08303 3301 57.4543
30.09138 3313 57.5587
30.09974 3288 57.3411
30.10809 3346 57.8446
30.11645 3309 57.5239
30.12481 3284 57.3062
30.13316 3282 57.2887
30.14152 3253 57.0351
30.14987 3247 56.9825
30.15823 3211 56.6657
30.16659 3355 57.9224
30.17494 3207 56.6304
30.18330 3279 57.2626
30.19165 3281 57.28
30.20001 3320 57.6194
30.20837 3245 56.9649
30.21672 3304 57.4804
30.22508 3252 57.0263
30.23343 3239 56.9122
30.24179 3248 56.9912
30.25015 3250 57.0088
30.25850 3224 56.7803
30.26686 3241 56.9298
30.27521 3239 56.9122
30.28357 3249 57
30.29193 3251 57.0175
30.30028 3146 56.0892
30.30864 3240 56.921
30.31699 3286 57.3236
30.32535 3199 56.5597
30.33371 3231 56.8419
30.34206 3162 56.2317
30.35042 3231 56.8419
30.35877 3269 57.1752
30.36713 3227 56.8067
30.37549 3249 57
30.38384 3220 56.745
30.39220 3236 56.8859
30.40055 3269 57.1752
30.40891 3219 56.7362
30.41727 3187 56.4535
30.42562 3220 56.745
30.43398 3242 56.9386
30.44233 3151 56.1338
30.45069 3210 56.6569
30.45905 3212 56.6745
30.46740 3183 56.4181
30.47576 3168 56.285
30.48411 3223 56.7715
30.49247 3209 56.648
30.50083 3205 56.6127
30.50918 3204 56.6039
30.51754 3191 56.4889
30.52589 3166 56.2672
30.53425 3211 56.6657
30.54261 3159 56.205
30.55096 3145 56.0803
30.55932 3178 56.3738
30.56767 3176 56.356
30.57603 3196 56.5332
30.58439 3236 56.8859
30.59274 3236 56.8859
30.60110 3190 56.4801
30.60945 3178 56.3738
30.61781 3200 56.5685
30.62617 3180 56.3915
30.63452 3197 56.542
30.64288 3178 56.3738
30.65123 3170 56.3028
30.65959 3165 56.2583
30.66795 3265 57.1402
30.67630 3146 56.0892
30.68466 3168 56.285
30.69301 3196 56.5332
30.70137 3143 56.0625
30.70973 3177 56.3649
30.71808 3171 56.3116
30.72644 3203 56.5951
30.73479 3189 56.4712
30.74315 3156 56.1783
30.75151 3160 56.2139
30.75986 3137 56.0089
30.76822 3256 57.0614
30.77657 3236 56.8859
30.78493 3201 56.5774
30.79329 3219 56.7362
30.80164 3230 56.8331
30.81000 3223 56.7715
30.81835 3198 56.5509
30.82671 3164 56.2494
30.83507 3217 56.7186
30.84342 3236 56.8859
30.85178 3254 57.0438
30.86013 3241 56.9298
30.86849 3223 56.7715
30.87685 3263 57.1227
30.88520 3215 56.701
30.89356 3178 56.3738
30.90191 3224 56.7803
30.91027 3244 56.9561
30.91863 3221 56.7539
30.92698 3228 56.8155
30.93534 3201 56.5774
30.94369 3123 55.8838
30.95205 3193 56.5066
30.96041 3257 57.0701
30.96876 3213 56.6833
30.97712 3218 56.7274
30.98547 3223 56.7715
30.99383 3245 56.9649
31.00219 3237 56.8946
31.01054 3302 57.463
31.01890 3249 57
31.02725 3288 57.3411
31.03561 3223 56.7715
31.04397 3176 56.356
31.05232 3203 56.5951
31.06068 3230 56.8331
31.06903 3264 57.1314
31.07739 3217 56.7186
31.08575 3210 56.6569
31.09410 3236 56.8859
31.10246 3227 56.8067
31.11081 3209 56.648
31.11917 3259 57.0877
31.12753 3262 57.1139
31.13588 3273 57.2101
31.14424 3227 56.8067
31.15259 3230 56.8331
31.16095 3265 57.1402
31.16931 3257 57.0701
31.17766 3246 56.9737
31.18602 3250 57.0088
31.19437 3228 56.8155
31.20273 3217 56.7186
31.21109 3208 56.6392
31.21944 3213 56.6833
31.22780 3204 56.6039
31.23615 3233 56.8595
31.24451 3264 57.1314
31.25287 3152 56.1427
31.26122 3142 56.0535
31.26958 3258 57.0789
31.27793 3249 57
31.28629 3356 57.931
31.29465 3242 56.9386
31.30300 3229 56.8243
31.31136 3259 57.0877
31.31971 3228 56.8155
31.32807 3215 56.701
31.33643 3254 57.0438
31.34478 3217 56.7186
31.35314 3226 56.7979
31.36149 3202 56.5862
31.36985 3193 56.5066
31.37821 3209 56.648
31.38656 3231 56.8419
31.39492 3231 56.8419
31.40327 3227 56.8067
31.41163 3259 57.0877
31.41999 3252 57.0263
31.42834 3279 57.2626
31.43670 3219 56.7362
31.44505 3273 57.2101
31.45341 3230 56.8331
31.46177 3214 56.6922
31.47012 3186 56.4447
31.47848 3213 56.6833
31.48683 3267 57.1577
31.49519 3207 56.6304
31.50355 3280 57.2713
31.51190 3157 56.1872
31.52026 3154 56.1605
31.52861 3232 56.8507
31.53697 3256 57.0614
31.54533 3180 56.3915
31.55368 3234 56.8683
31.56204 3255 57.0526
31.57039 3279 57.2626
31.57875 3232 56.8507
31.58711 3257 57.0701
31.59546 3264 57.1314
31.60382 3263 57.1227
31.61217 3242 56.9386
31.62053 3279 57.2626
31.62889 3211 56.6657
31.63724 3216 56.7098
31.64560 3241 56.9298
31.65395 3228 56.8155
31.66231 3210 56.6569
31.67067 3216 56.7098
31.67902 3249 57
31.68738 3301 57.4543
31.69573 3258 57.0789
31.70409 3211 56.6657
31.71245 3256 57.0614
31.72080 3222 56.7627
31.72916 3249 57
31.73751 3314 57.5674
31.74587 3301 57.4543
31.75423 3271 57.1927
31.76258 3247 56.9825
31.77094 3247 56.9825
31.77929 3349 57.8705
31.78765 3242 56.9386
31.79601 3255 57.0526
31.80436 3240 56.921
31.81272 3249 57
31.82107 3299 57.4369
31.82943 3305 57.4891
31.83779 3231 56.8419
31.84614 3257 57.0701
31.85450 3256 57.0614
31.86285 3262 57.1139
31.87121 3191 56.4889
31.87957 3235 56.8771
31.88792 3287 57.3324
31.89628 3263 57.1227
31.90463 3292 57.376
31.91299 3223 56.7715
31.92135 3200 56.5685
31.92970 3222 56.7627
31.93806 3247 56.9825
31.94641 3251 57.0175
31.95477 3260 57.0964
31.96313 3273 57.2101
31.97148 3303 57.4717
31.97984 3248 56.9912
31.98819 3291 57.3672
31.99655 3270 57.1839
32.00491 3264 57.1314
32.01326 3237 56.8946
32.02162 3235 56.8771
32.02997 3270 57.1839
32.03833 3284 57.3062
32.04669 3228 56.8155
32.05504 3190 56.4801
32.06340 3197 56.542
32.07175 3323 57.6455
32.08011 3260 57.0964
32.08847 3222 56.7627
32.09682 3228 56.8155
32.10518 3284 57.3062
32.11353 3257 57.0701
32.12189 3246 56.9737
32.13025 3257 57.0701
32.13860 3246 56.9737
32.14696 3231 56.8419
32.15531 3231 56.8419
32.16367 3192 56.4978
32.17203 3236 56.8859
32.18038 3211 56.6657
32.18874 3219 56.7362
32.19709 3248 56.9912
32.20545 3243 56.9473
32.21381 3262 57.1139
32.22216 3179 56.3826
32.23052 3173 56.3294
32.23887 3310 57.5326
32.24723 3252 57.0263
32.25559 3213 56.6833
32.26394 3201 56.5774
32.27230 3240 56.921
32.28065 3265 57.1402
32.28901 3226 56.7979
32.29737 3206 56.6216
32.30572 3219 56.7362
32.31408 3245 56.9649
32.32243 3236 56.8859
32.33079 3230 56.8331
32.33915 3204 56.6039
32.34750 3253 57.0351
32.35586 3213 56.6833
32.36421 3265 57.1402
32.37257 3243 56.9473
32.38093 3223 56.7715
32.38928 3209 56.648
32.39764 3200 56.5685
32.40599 3161 56.2228
32.41435 3195 56.5243
32.42271 3264 57.1314
32.43106 3214 56.6922
32.43942 3197 56.542
32.44777 3227 56.8067
32.45613 3251 57.0175
32.46449 3259 57.0877
32.47284 3205 56.6127
32.48120 3215 56.701
32.48955 3150 56.1249
32.49791 3168 56.285
32.50627 3200 56.5685
32.51462 3215 56.701
32.52298 3248 56.9912
32.53133 3248 56.9912
32.53969 3240 56.921
32.54805 3182 56.4092
32.55640 3205 56.6127
32.56476 3200 56.5685
32.57311 3220 56.745
32.58147 3188 56.4624
32.58983 3248 56.9912
32.59818 3248 56.9912
32.60654 3250 57.0088
32.61489 3291 57.3672
32.62325 3223 56.7715
32.63161 3164 56.2494
32.63996 3183 56.4181
32.64832 3236 56.8859
32.65667 3282 57.2887
32.66503 3250 57.0088
32.67339 3201 56.5774
32.68174 3182 56.4092
32.69010 3267 57.1577
32.69845 3282 57.2887
32.70681 3187 56.4535
32.71517 3138 56.0179
32.72352 3156 56.1783
32.73188 3257 57.0701
32.74023 3226 56.7979
32.74859 3181 56.4004
32.75695 3225 56.7891
32.76530 3217 56.7186
32.77366 3178 56.3738
32.78201 3141 56.0446
32.79037 3193 56.5066
32.79873 3180 56.3915
32.80708 3190 56.4801
32.81544 3199 56.5597
32.82379 3191 56.4889
32.83215 3215 56.701
32.84051 3219 56.7362
32.84886 3246 56.9737
32.85722 3204 56.6039
32.86557 3168 56.285
32.87393 3212 56.6745
32.88229 3219 56.7362
32.89064 3140 56.0357
32.89900 3167 56.2761
32.90735 3207 56.6304
32.91571 3193 56.5066
32.92407 3181 56.4004
32.93242 3146 56.0892
32.94078 3171 56.3116
32.94913 3137 56.0089
32.95749 3137 56.0089
32.96585 3123 55.8838
32.97420 3091 55.5968
32.98256 3099 55.6687
32.99091 3222 56.7627
32.99927 3194 56.5155
33.00763 3170 56.3028
33.01598 3126 55.9106
33.02434 3173 56.3294
33.03269 3159 56.205
33.04105 3153 56.1516
33.04941 3101 55.6866
33.05776 3127 55.9196
33.06612 3129 55.9375
33.07447 3182 56.4092
33.08283 3132 55.9643
33.09119 3208 56.6392
33.09954 3172 56.3205
33.10790 3107 55.7405
33.11625 3070 55.4076
33.12461 3107 55.7405
33.13297 3178 56.3738
33.14132 3125 55.9017
33.14968 3106 55.7315
33.15803 3113 55.7943
33.16639 3082 55.5158
33.17475 3082 55.5158
33.18310 3099 55.6687
33.19146 3086 55.5518
33.19981 3132 55.9643
33.20817 3140 56.0357
33.21653 3169 56.2939
33.22488 3170 56.3028
33.23324 3157 56.1872
33.24159 3124 55.8928
33.24995 3133 55.9732
33.25831 3146 56.0892
33.26666 3117 55.8301
33.27502 3121 55.8659
33.28337 3137 56.0089
33.29173 3086 55.5518
33.30009 3210 56.6569
33.30844 3185 56.4358
33.31680 3141 56.0446
33.32515 3149 56.116
33.33351 3141 56.0446
33.34187 3155 56.1694
33.35022 3162 56.2317
33.35858 3122 55.8749
33.36693 3128 55.9285
33.37529 3211 56.6657
33.38365 3113 55.7943
33.39200 3111 55.7763
33.40036 3206 56.6216
33.40871 3139 56.0268
33.41707 3191 56.4889
33.42543 3162 56.2317
33.43378 3131 55.9553
33.44214 3170 56.3028
33.45049 3182 56.4092
33.45885 3166 56.2672
33.46721 3130 55.9464
33.47556 3139 56.0268
33.48392 3194 56.5155
33.49227 3223 56.7715
33.50063 3185 56.4358
33.50899 3163 56.2406
33.51734 3200 56.5685
33.52570 3256 57.0614
33.53405 3192 56.4978
33.54241 3197 56.542
33.55077 3211 56.6657
33.55912 3190 56.4801
33.56748 3238 56.9034
33.57583 3233 56.8595
33.58419 3223 56.7715
33.59255 3242 56.9386
33.60090 3184 56.4269
33.60926 3237 56.8946
33.61761 3207 56.6304
33.62597 3213 56.6833
33.63433 3192 56.4978
33.64268 3202 56.5862
33.65104 3199 56.5597
33.65939 3248 56.9912
33.66775 3237 56.8946
33.67611 3281 57.28
33.68446 3270 57.1839
33.69282 3192 56.4978
33.70117 3238 56.9034
33.70953 3236 56.8859
33.71789 3272 57.2014
33.72624 3276 57.2364
33.73460 3271 57.1927
33.74295 3227 56.8067
33.75131 3274 57.2189
33.75967 3266 57.1489
33.76802 3202 56.5862
33.77638 3215 56.701
33.78473 3226 56.7979
33.79309 3185 56.4358
33.80145 3294 57.3934
33.80980 3258 57.0789
33.81816 3219 56.7362
33.82651 3162 56.2317
33.83487 3238 56.9034
33.84323 3246 56.9737
33.85158 3209 56.648
33.85994 3211 56.6657
33.86829 3250 57.0088
33.87665 3230 56.8331
33.88501 3289 57.3498
33.89336 3224 56.7803
33.90172 3227 56.8067
33.91007 3188 56.4624
33.91843 3252 57.0263
33.92679 3219 56.7362
33.93514 3218 56.7274
33.94350 3286 57.3236
33.95185 3189 56.4712
33.96021 3207 56.6304
33.96857 3189 56.4712
33.97692 3246 56.9737
33.98528 3227 56.8067
33.99363 3237 56.8946
34.00199 3213 56.6833
34.01035 3207 56.6304
34.01870 3185 56.4358
34.02706 3129 55.9375
34.03541 3241 56.9298
34.04377 3259 57.0877
34.05213 3213 56.6833
34.06048 3237 56.8946
34.06884 3150 56.1249
34.07719 3086 55.5518
34.08555 3240 56.921
34.09391 3217 56.7186
34.10226 3202 56.5862
34.11062 3221 56.7539
34.11897 3233 56.8595
34.12733 3212 56.6745
34.13569 3204 56.6039
34.14404 3191 56.4889
34.15240 3204 56.6039
34.16075 3186 56.4447
34.16911 3198 56.5509
34.17747 3193 56.5066
34.18582 3238 56.9034
34.19418 3221 56.7539
34.20253 3244 56.9561
34.21089 3247 56.9825
34.21925 3230 56.8331
34.22760 3298 57.4282
34.23596 3302 57.463
34.24431 3203 56.5951
34.25267 3207 56.6304
34.26103 3215 56.701
34.26938 3237 56.8946
34.27774 3225 56.7891
34.28609 3193 56.5066
34.29445 3241 56.9298
34.30281 3228 56.8155
34.31116 3207 56.6304
34.31952 3248 56.9912
34.32787 3223 56.7715
34.33623 3231 56.8419
34.34459 3229 56.8243
34.35294 3286 57.3236
34.36130 3241 56.9298
34.36965 3279 57.2626
34.37801 3322 57.6368
34.38637 3256 57.0614
34.39472 3202 56.5862
34.40308 3272 57.2014
34.41143 3320 57.6194
34.41979 3306 57.4978
34.42815 3283 57.2975
34.43650 3293 57.3847
34.44486 3289 57.3498
34.45321 3232 56.8507
34.46157 3235 56.8771
34.46993 3268 57.1664
34.47828 3236 56.8859
34.48664 3255 57.0526
34.49499 3268 57.1664
34.50335 3303 57.4717
34.51171 3341 57.8014
34.52006 3295 57.4021
34.52842 3305 57.4891
34.53677 3307 57.5065
34.54513 3317 57.5934
34.55349 3369 58.0431
34.56184 3299 57.4369
34.57020 3325 57.6628
34.57855 3305 57.4891
34.58691 3258 57.0789
34.59527 3233 56.8595
34.60362 3279 57.2626
34.61198 3281 57.28
34.62033 3291 57.3672
34.62869 3304 57.4804
34.63705 3300 57.4456
34.64540 3293 57.3847
34.65376 3251 57.0175
34.66211 3236 56.8859
34.67047 3319 57.6108
34.67883 3273 57.2101
34.68718 3228 56.8155
34.69554 3272 57.2014
34.70389 3195 56.5243
34.71225 3258 57.0789
34.72061 3240 56.921
34.72896 3289 57.3498
34.73732 3261 57.1052
34.74567 3297 57.4195
34.75403 3227 56.8067
34.76239 3267 57.1577
34.77074 3264 57.1314
34.77910 3258 57.0789
34.78745 3305 57.4891
34.79581 3268 57.1664
34.80417 3189 56.4712
34.81252 3162 56.2317
34.82088 3187 56.4535
34.82923 3279 57.2626
34.83759 3217 56.7186
34.84595 3244 56.9561
34.85430 3260 57.0964
34.86266 3285 57.3149
34.87101 3188 56.4624
34.87937 3247 56.9825
34.88773 3227 56.8067
34.89608 3180 56.3915
34.90444 3183 56.4181
34.91279 3133 55.9732
34.92115 3144 56.0714
34.92951 3173 56.3294
34.93786 3180 56.3915
34.94622 3173 56.3294
34.95457 3181 56.4004
34.96293 3177 56.3649
34.97129 3178 56.3738
34.97964 3144 56.0714
34.98800 3222 56.7627
34.99635 3224 56.7803
35.00471 3236 56.8859
35.01307 3275 57.2276
35.02142 3194 56.5155
35.02978 3192 56.4978
35.03813 3160 56.2139
35.04649 3243 56.9473
35.05485 3204 56.6039
35.06320 3150 56.1249
35.07156 3218 56.7274
35.07991 3239 56.9122
35.08827 3217 56.7186
35.09663 3230 56.8331
35.10498 3213 56.6833
35.11334 3185 56.4358
35.12169 3197 56.542
35.13005 3158 56.1961
35.13841 3178 56.3738
35.14676 3184 56.4269
35.15512 3135 55.9911
35.16347 3166 56.2672
35.17183 3225 56.7891
35.18019 3244 56.9561
35.18854 3218 56.7274
35.19690 3227 56.8067
35.20525 3225 56.7891
35.21361 3173 56.3294
35.22197 3233 56.8595
35.23032 3181 56.4004
35.23868 3190 56.4801
35.24703 3204 56.6039
35.25539 3222 56.7627
35.26375 3170 56.3028
35.27210 3201 56.5774
35.28046 3208 56.6392
35.28881 3183 56.4181
35.29717 3159 56.205
35.30553 3136 56
35.31388 3260 57.0964
35.32224 3210 56.6569
35.33059 3191 56.4889
35.33895 3187 56.4535
35.34731 3191 56.4889
35.35566 3160 56.2139
35.36402 3142 56.0535
35.37237 3143 56.0625
35.38073 3141 56.0446
35.38909 3170 56.3028
35.39744 3127 55.9196
35.40580 3191 56.4889
35.41415 3163 56.2406
35.42251 3197 56.542
35.43087 3159 56.205
35.43922 3137 56.0089
35.44758 3132 55.9643
35.45593 3125 55.9017
35.46429 3126 55.9106
35.47265 3099 55.6687
35.48100 3125 55.9017
35.48936 3153 56.1516
35.49771 3141 56.0446
35.50607 3163 56.2406
35.51443 3121 55.8659
35.52278 3138 56.0179
35.53114 3132 55.9643
35.53949 3145 56.0803
35.54785 3161 56.2228
35.55621 3137 56.0089
35.56456 3156 56.1783
35.57292 3135 55.9911
35.58127 3088 55.5698
35.58963 3133 55.9732
35.59799 3072 55.4256
35.60634 3107 55.7405
35.61470 3152 56.1427
35.62305 3132 55.9643
35.63141 3154 56.1605
35.63977 3094 55.6237
35.64812 3092 55.6058
35.65648 3191 56.4889
35.66483 3147 56.0981
35.67319 3086 55.5518
35.68155 3086 55.5518
35.68990 3107 55.7405
35.69826 3163 56.2406
35.70661 3105 55.7225
35.71497 3145 56.0803
35.72333 3158 56.1961
35.73168 3151 56.1338
35.74004 3166 56.2672
35.74839 3099 55.6687
35.75675 3090 55.5878
35.76511 3063 55.3444
35.77346 3131 55.9553
35.78182 3145 56.0803
35.79017 3115 55.8122
35.79853 3143 56.0625
35.80689 3105 55.7225
35.81524 3160 56.2139
35.82360 3157 56.1872
35.83195 3117 55.8301
35.84031 3178 56.3738
35.84867 3186 56.4447
35.85702 3244 56.9561
35.86538 3145 56.0803
35.87373 3091 55.5968
35.88209 3103 55.7046
35.89045 3143 56.0625
35.89880 3156 56.1783
35.90716 3181 56.4004
35.91551 3139 56.0268
35.92387 3172 56.3205
35.93223 3192 56.4978
35.94058 3155 56.1694
35.94894 3123 55.8838
35.95729 3163 56.2406
35.96565 3168 56.285
35.97401 3159 56.205
35.98236 3115 55.8122
35.99072 3097 55.6507
35.99907 3120 55.857
36.00743 3116 55.8211
36.01579 3214 56.6922
36.02414 3180 56.3915
36.03250 3165 56.2583
36.04085 3171 56.3116
36.04921 3185 56.4358
36.05757 3201 56.5774
36.06592 3212 56.6745
36.07428 3201 56.5774
36.08263 3198 56.5509
36.09099 3156 56.1783
36.09935 3140 56.0357
36.10770 3208 56.6392
36.11606 3164 56.2494
36.12441 3222 56.7627
36.13277 3152 56.1427
36.14113 3218 56.7274
36.14948 3184 56.4269
36.15784 3195 56.5243
36.16619 3189 56.4712
36.17455 3145 56.0803
36.18291 3202 56.5862
36.19126 3123 55.8838
36.19962 3127 55.9196
36.20797 3137 56.0089
36.21633 3129 55.9375
36.22469 3078 55.4797
36.23304 3144 56.0714
36.24140 3111 55.7763
36.24975 3112 55.7853
36.25811 3149 56.116
36.26647 3157 56.1872
36.27482 3163 56.2406
36.28318 3203 56.5951
36.29153 3144 56.0714
36.29989 3201 56.5774
36.30825 3229 56.8243
36.31660 3161 56.2228
36.32496 3129 55.9375
36.33331 3100 55.6776
36.34167 3144 56.0714
36.35003 3184 56.4269
36.35838 3166 56.2672
36.36674 3196 56.5332
36.37509 3137 56.0089
36.38345 3120 55.857
36.39181 3164 56.2494
36.40016 3126 55.9106
36.40852 3115 55.8122
36.41687 3103 55.7046
36.42523 3153 56.1516
36.43359 3134 55.9821
36.44194 3156 56.1783
36.45030 3159 56.205
36.45865 3130 55.9464
36.46701 3139 56.0268
36.47537 3061 55.3263
36.48372 3083 55.5248
36.49208 3121 55.8659
36.50043 3143 56.0625
36.50879 3121 55.8659
36.51715 3161 56.2228
36.52550 3131 55.9553
36.53386 3142 56.0535
36.54221 3086 55.5518
36.55057 3146 56.0892
36.55893 3096 55.6417
36.56728 3120 55.857
36.57564 3165 56.2583
36.58399 3062 55.3353
36.59235 3045 55.1815
36.60071 3093 55.6147
36.60906 3057 55.2901
36.61742 3049 55.2178
36.62577 3060 55.3173
36.63413 3036 55.0999
36.64249 3066 55.3715
36.65084 3080 55.4977
36.65920 3132 55.9643
36.66755 3117 55.8301
36.67591 3096 55.6417
36.68427 3071 55.4166
36.69262 3084 55.5338
36.70098 3139 56.0268
36.70933 3102 55.6956
36.71769 3089 55.5788
36.72605 3082 55.5158
36.73440 3097 55.6507
36.74276 3101 55.6866
36.75111 3052 55.2449
36.75947 3053 55.254
36.76783 3080 55.4977
36.77618 3110 55.7674
36.78454 3054 55.263
36.79289 3072 55.4256
36.80125 3072 55.4256
36.80961 3056 55.2811
36.81796 3042 55.1543
36.82632 3048 55.2087
36.83467 3015 54.909
36.84303 3022 54.9727
36.85139 3067 55.3805
36.85974 3065 55.3624
36.86810 3041 55.1453
36.87645 3025 55
36.88481 2980 54.5894
36.89317 3068 55.3895
36.90152 3058 55.2992
36.90988 3043 55.1634
36.91823 3094 55.6237
36.92659 3078 55.4797
36.93495 3002 54.7905
36.94330 3090 55.5878
36.95166 3022 54.9727
36.96001 3053 55.254
36.96837 3076 55.4617
36.97673 3070 55.4076
36.98508 3033 55.0727
36.99344 3033 55.0727
37.00179 3010 54.8635
37.01015 3078 55.4797
37.01851 3069 55.3986
37.02686 3044 55.1725
37.03522 3062 55.3353
37.04357 3075 55.4527
37.05193 3039 55.1271
37.06029 2989 54.6717
37.06864 3065 55.3624
37.07700 3011 54.8726
37.08535 3011 54.8726
37.09371 3055 55.2721
37.10207 3009 54.8544
37.11042 3043 55.1634
37.11878 3031 55.0545
37.12713 3061 55.3263
37.13549 3059 55.3082
37.14385 3082 55.5158
37.15220 3117 55.8301
37.16056 3018 54.9363
37.16891 3054 55.263
37.17727 3059 55.3082
37.18563 3008 54.8452
37.19398 3064 55.3534
37.20234 2973 54.5252
37.21069 3016 54.9181
37.21905 3082 55.5158
37.22741 3020 54.9545
37.23576 3014 54.8999
37.24412 2997 54.7449
37.25247 3060 55.3173
37.26083 3002 54.7905
37.26919 3025 55
37.27754 3078 55.4797
37.28590 3033 55.0727
37.29425 3062 55.3353
37.30261 3035 55.0908
37.31097 3052 55.2449
37.31932 3002 54.7905
37.32768 3020 54.9545
37.33603 3025 55
37.34439 3025 55
37.35275 3072 55.4256
37.36110 3003 54.7996
37.36946 3012 54.8817
37.37781 2995 54.7266
37.38617 3002 54.7905
37.39453 3038 55.1181
37.40288 3037 55.109
37.41124 3028 55.0273
37.41959 3013 54.8908
37.42795 3002 54.7905
37.43631 2958 54.3875
37.44466 2967 54.4702
37.45302 3026 55.0091
37.46137 3076 55.4617
37.46973 3013 54.8908
37.47809 3030 55.0454
37.48644 3019 54.9454
37.49480 2983 54.6168
37.50315 3036 55.0999
37.51151 2996 54.7357
37.51987 3012 54.8817
37.52822 3014 54.8999
37.53658 2976 54.5527
37.54493 2988 54.6626
37.55329 2996 54.7357
37.56165 2980 54.5894
37.57000 2983 54.6168
37.57836 3019 54.9454
37.58671 3044 55.1725
37.59507 2990 54.6809
37.60343 2984 54.626
37.61178 3003 54.7996
37.62014 2969 54.4885
37.62849 3004 54.8088
37.63685 3003 54.7996
37.64521 2968 54.4794
37.65356 2996 54.7357
37.66192 2970 54.4977
37.67027 3012 54.8817
37.67863 2997 54.7449
37.68699 3006 54.827
37.69534 3025 55
37.70370 2996 54.7357
37.71205 2998 54.754
37.72041 3025 55
37.72877 3004 54.8088
37.73712 2945 54.2679
37.74548 2931 54.1387
37.75384 2963 54.4334
37.76219 3038 55.1181
37.77055 2914 53.9815
37.77890 2916 54
37.78726 2972 54.5161
37.79562 2966 54.461
37.80397 3022 54.9727
37.81233 2932 54.1479
37.82068 3015 54.909
37.82904 2964 54.4426
37.83740 2951 54.3231
37.84575 2988 54.6626
37.85411 3052 55.2449
37.86246 2930 54.1295
37.87082 2969 54.4885
37.87918 3006 54.827
37.88753 2967 54.4702
37.89589 2926 54.0925
37.90424 2941 54.231
37.91260 2969 54.4885
37.92096 2968 54.4794
37.92931 3004 54.8088
37.93767 2994 54.7175
37.94602 3001 54.7814
37.95438 2938 54.2033
37.96274 2954 54.3507
37.97109 2958 54.3875
37.97945 2972 54.5161
37.98780 2924 54.074
37.99616 2976 54.5527
38.00452 2913 53.9722
38.01287 2956 54.3691
38.02123 2910 53.9444
38.02958 2961 54.4151
38.03794 2963 54.4334
38.04630 2953 54.3415
38.05465 2928 54.111
38.06301 2923 54.0648
38.07136 2939 54.2125
38.07972 2961 54.4151
38.08808 2950 54.3139
38.09643 2964 54.4426
38.10479 2941 54.231
38.11314 2944 54.2586
38.12150 2930 54.1295
38.12986 2959 54.3967
38.13821 2963 54.4334
38.14657 2950 54.3139
38.15492 2921 54.0463
38.16328 2931 54.1387
38.17164 2950 54.3139
38.17999 2988 54.6626
38.18835 2970 54.4977
38.19670 2912 53.963
38.20506 2997 54.7449
38.21342 2974 54.5344
38.22177 2968 54.4794
38.23013 2966 54.461
38.23848 2996 54.7357
38.24684 2965 54.4518
38.25520 2954 54.3507
38.26355 2930 54.1295
38.27191 2954 54.3507
38.28026 2999 54.7631
38.28862 2979 54.5802
38.29698 2992 54.6992
38.30533 2968 54.4794
38.31369 2947 54.2863
38.32204 2939 54.2125
38.33040 2906 53.9073
38.33876 2948 54.2955
38.34711 2935 54.1756
38.35547 2965 54.4518
38.36382 2974 54.5344
38.37218 2916 54
38.38054 2920 54.037
38.38889 2926 54.0925
38.39725 2884 53.7029
38.40560 2929 54.1202
38.41396 2979 54.5802
38.42232 2940 54.2218
38.43067 2932 54.1479
38.43903 2933 54.1572
38.44738 2978 54.5711
38.45574 2934 54.1664
38.46410 2931 54.1387
38.47245 2939 54.2125
38.48081 2918 54.0185
38.48916 2900 53.8516
38.49752 2910 53.9444
38.50588 2882 53.6843
38.51423 2924 54.074
38.52259 2868 53.5537
38.53094 2876 53.6284
38.53930 2914 53.9815
38.54766 2924 54.074
38.55601 2891 53.768
38.56437 2909 53.9351
38.57272 2936 54.1849
38.58108 2943 54.2494
38.58944 2936 54.1849
38.59779 2939 54.2125
38.60615 2879 53.6563
38.61450 2849 53.376
38.62286 2937 54.1941
38.63122 2944 54.2586
38.63957 2900 53.8516
38.64793 2925 54.0833
38.65628 2906 53.9073
38.66464 2918 54.0185
38.67300 2947 54.2863
38.68135 2890 53.7587
38.68971 2921 54.0463
38.69806 2895 53.8052
38.70642 2892 53.7773
38.71478 2939 54.2125
38.72313 2882 53.6843
38.73149 2885 53.7122
38.73984 2904 53.8888
38.74820 2891 53.768
38.75656 2932 54.1479
38.76491 2884 53.7029
38.77327 2831 53.2071
38.78162 2889 53.7494
38.78998 2896 53.8145
38.79834 2844 53.3292
38.80669 2857 53.4509
38.81505 2881 53.6749
38.82340 2905 53.8981
38.83176 2887 53.7308
38.84012 2943 54.2494
38.84847 2934 54.1664
38.85683 2876 53.6284
38.86518 2863 53.507
38.87354 2868 53.5537
38.88190 2898 53.8331
38.89025 2914 53.9815
38.89861 2905 53.8981
38.90696 2918 54.0185
38.91532 2882 53.6843
38.92368 2872 53.591
38.93203 2877 53.6377
38.94039 2961 54.4151
38.94874 2879 53.6563
38.95710 2877 53.6377
38.96546 2862 53.4977
38.97381 2902 53.8702
38.98217 2853 53.4135
38.99052 2816 53.066
38.99888 2876 53.6284
39.00724 2881 53.6749
39.01559 2909 53.9351
39.02395 2877 53.6377
39.03230 2803 52.9434
39.04066 2863 53.507
39.04902 2881 53.6749
39.05737 2900 53.8516
39.06573 2942 54.2402
39.07408 2900 53.8516
39.08244 2890 53.7587
39.09080 2837 53.2635
39.09915 2877 53.6377
39.10751 2874 53.6097
39.11586 2848 53.3667
39.12422 2880 53.6656
39.13258 2862 53.4977
39.14093 2878 53.647
39.14929 2884 53.7029
39.15764 2916 54
39.16600 2884 53.7029
39.17436 2895 53.8052
39.18271 2894 53.7959
39.19107 2851 53.3948
39.19942 2870 53.5724
39.20778 2897 53.8238
39.21614 2889 53.7494
39.22449 2856 53.4416
39.23285 2856 53.4416
39.24120 2875 53.619
39.24956 2892 53.7773
39.25792 2921 54.0463
39.26627 2896 53.8145
39.27463 2857 53.4509
39.28298 2891 53.768
39.29134 2873 53.6004
39.29970 2869 53.563
39.30805 2904 53.8888
39.31641 2890 53.7587
39.32476 2911 53.9537
39.33312 2906 53.9073
39.34148 2891 53.768
39.34983 2939 54.2125
39.35819 2935 54.1756
39.36654 2857 53.4509
39.37490 2827 53.1695
39.38326 2827 53.1695
39.39161 2873 53.6004
39.39997 2883 53.6936
39.40832 2851 53.3948
39.41668 2874 53.6097
39.42504 2829 53.1883
39.43339 2943 54.2494
39.44175 2880 53.6656
39.45010 2895 53.8052
39.45846 2865 53.5257
39.46682 2812 53.0283
39.47517 2888 53.7401
39.48353 2847 53.3573
39.49188 2859 53.4696
39.50024 2916 54
39.50860 2884 53.7029
39.51695 2868 53.5537
39.52531 2856 53.4416
39.53366 2851 53.3948
39.54202 2909 53.9351
39.55038 2859 53.4696
39.55873 2844 53.3292
39.56709 2881 53.6749
39.57544 2834 53.2353
39.58380 2883 53.6936
39.59216 2847 53.3573
39.60051 2908 53.9259
39.60887 2897 53.8238
39.61722 2913 53.9722
39.62558 2922 54.0555
39.63394 2935 54.1756
39.64229 2924 54.074
39.65065 2866 53.535
39.65900 2830 53.1977
39.66736 2852 53.4041
39.67572 2855 53.4322
39.68407 2904 53.8888
39.69243 2874 53.6097
39.70078 2908 53.9259
39.70914 2913 53.9722
39.71750 2888 53.7401
39.72585 2919 54.0278
39.73421 2896 53.8145
39.74256 2865 53.5257
39.75092 2854 53.4228
39.75928 2885 53.7122
39.76763 2861 53.4883
39.77599 2890 53.7587
39.78434 2877 53.6377
39.79270 2892 53.7773
39.80106 2900 53.8516
39.80941 2923 54.0648
39.81777 2903 53.8795
39.82612 2880 53.6656
39.83448 2935 54.1756
39.84284 2942 54.2402
39.85119 2968 54.4794
39.85955 2909 53.9351
39.86790 2928 54.111
39.87626 2856 53.4416
39.88462 2873 53.6004
39.89297 2931 54.1387
39.90133 2902 53.8702
39.90968 2862 53.4977
39.91804 2862 53.4977
39.92640 2869 53.563
39.93475 2898 53.8331
39.94311 2893 53.7866
39.95146 2855 53.4322
39.95982 2843 53.3198
39.96818 2864 53.5164
39.97653 2897 53.8238
39.98489 2840 53.2917
39.99324 2845 53.3385
40.00160 2850 53.3854
40.00996 2929 54.1202
40.01831 2861 53.4883
40.02667 2811 53.0189
40.03502 2842 53.3104
40.04338 2889 53.7494
40.05174 2892 53.7773
40.06009 2896 53.8145
40.06845 2838 53.2729
40.07680 2875 53.619
40.08516 2936 54.1849
40.09352 2821 53.1131
40.10187 2823 53.1319
40.11023 2889 53.7494
40.11858 2922 54.0555
40.12694 2867 53.5444
40.13530 2851 53.3948
40.14365 2866 53.535
40.15201 2884 53.7029
40.16036 2861 53.4883
40.16872 2848 53.3667
40.17708 2856 53.4416
40.18543 2810 53.0094
40.19379 2886 53.7215
40.20214 2842 53.3104
40.21050 2826 53.1601
40.21886 2780 52.7257
40.22721 2813 53.0377
40.23557 2878 53.647
40.24392 2809 53
40.25228 2803 52.9434
40.26064 2825 53.1507
40.26899 2845 53.3385
40.27735 2792 52.8394
40.28570 2823 53.1319
40.29406 2832 53.2165
40.30242 2804 52.9528
40.31077 2887 53.7308
40.31913 2880 53.6656
40.32748 2843 53.3198
40.33584 2856 53.4416
40.34420 2821 53.1131
40.35255 2846 53.3479
40.36091 2837 53.2635
40.36926 2862 53.4977
40.37762 2841 53.301
40.38598 2818 53.0848
40.39433 2834 53.2353
40.40269 2862 53.4977
40.41104 2802 52.9339
40.41940 2832 53.2165
40.42776 2848 53.3667
40.43611 2863 53.507
40.44447 2872 53.591
40.45282 2834 53.2353
40.46118 2816 53.066
40.46954 2828 53.1789
40.47789 2754 52.4786
40.48625 2849 53.376
40.49460 2841 53.301
40.50296 2850 53.3854
40.51132 2806 52.9717
40.51967 2830 53.1977
40.52803 2880 53.6656
40.53638 2871 53.5817
40.54474 2868 53.5537
40.55310 2859 53.4696
40.56145 2801 52.9245
40.56981 2799 52.9056
40.57816 2826 53.1601
40.58652 2859 53.4696
40.59488 2860 53.479
40.60323 2841 53.301
40.61159 2837 53.2635
40.61994 2838 53.2729
40.62830 2791 52.8299
40.63666 2860 53.479
40.64501 2838 53.2729
40.65337 2842 53.3104
40.66172 2798 52.8961
40.67008 2789 52.811
40.67844 2835 53.2447
40.68679 2826 53.1601
40.69515 2804 52.9528
40.70350 2822 53.1225
40.71186 2787 52.792
40.72022 2792 52.8394
40.72857 2823 53.1319
40.73693 2827 53.1695
40.74528 2752 52.4595
40.75364 2780 52.7257
40.76200 2783 52.7541
40.77035 2799 52.9056
40.77871 2781 52.7352
40.78706 2793 52.8488
40.79542 2784 52.7636
40.80378 2702 51.9808
40.81213 2813 53.0377
40.82049 2820 53.1037
40.82884 2826 53.1601
40.83720 2764 52.5738
40.84556 2793 52.8488
40.85391 2754 52.4786
40.86227 2751 52.45
40.87062 2793 52.8488
40.87898 2788 52.8015
40.88734 2737 52.3163
40.89569 2817 53.0754
40.90405 2835 53.2447
40.91240 2807 52.9811
40.92076 2791 52.8299
40.92912 2820 53.1037
40.93747 2797 52.8867
40.94583 2802 52.9339
40.95418 2771 52.6403
40.96254 2775 52.6783
40.97090 2801 52.9245
40.97925 2829 53.1883
40.98761 2764 52.5738
40.99596 2799 52.9056
41.00432 2802 52.9339
41.01268 2793 52.8488
41.02103 2780 52.7257
41.02939 2759 52.5262
41.03774 2767 52.6023
41.04610 2837 53.2635
41.05446 2765 52.5833
41.06281 2796 52.8772
41.07117 2746 52.4023
41.07952 2846 53.3479
41.08788 2804 52.9528
41.09624 2791 52.8299
41.10459 2782 52.7447
41.11295 2758 52.5167
41.12130 2772 52.6498
41.12966 2755 52.4881
41.13802 2780 52.7257
41.14637 2778 52.7067
41.15473 2824 53.1413
41.16308 2821 53.1131
41.17144 2778 52.7067
41.17980 2815 53.0566
41.18815 2802 52.9339
41.19651 2755 52.4881
41.20486 2761 52.5452
41.21322 2792 52.8394
41.22158 2778 52.7067
41.22993 2741 52.3546
41.23829 2741 52.3546
41.24664 2776 52.6878
41.25500 2752 52.4595
41.26336 2817 53.0754
41.27171 2822 53.1225
41.28007 2822 53.1225
41.28842 2817 53.0754
41.29678 2807 52.9811
41.30514 2818 53.0848
41.31349 2827 53.1695
41.32185 2766 52.5928
41.33020 2775 52.6783
41.33856 2811 53.0189
41.34692 2818 53.0848
41.35527 2769 52.6213
41.36363 2798 52.8961
41.37198 2776 52.6878
41.38034 2813 53.0377
41.38870 2768 52.6118
41.39705 2765 52.5833
41.40541 2738 52.3259
41.41376 2759 52.5262
41.42212 2797 52.8867
41.43048 2782 52.7447
41.43883 2844 53.3292
41.44719 2763 52.5642
41.45554 2773 52.6593
41.46390 2832 53.2165
41.47226 2786 52.7826
41.48061 2802 52.9339
41.48897 2829 53.1883
41.49732 2769 52.6213
41.50568 2758 52.5167
41.51404 2778 52.7067
41.52239 2797 52.8867
41.53075 2746 52.4023
41.53910 2743 52.3737
41.54746 2786 52.7826
41.55582 2833 53.2259
41.56417 2798 52.8961
41.57253 2818 53.0848
41.58088 2805 52.9623
41.58924 2765 52.5833
41.59760 2785 52.7731
41.60595 2784 52.7636
41.61431 2779 52.7162
41.62266 2767 52.6023
41.63102 2745 52.3927
41.63938 2788 52.8015
41.64773 2811 53.0189
41.65609 2797 52.8867
41.66444 2818 53.0848
41.67280 2811 53.0189
41.68116 2810 53.0094
41.68951 2778 52.7067
41.69787 2731 52.259
41.70622 2790 52.8205
41.71458 2808 52.9906
41.72294 2777 52.6972
41.73129 2784 52.7636
41.73965 2734 52.2877
41.74800 2787 52.792
41.75636 2761 52.5452
41.76472 2778 52.7067
41.77307 2771 52.6403
41.78143 2750 52.4404
41.78978 2744 52.3832
41.79814 2744 52.3832
41.80650 2771 52.6403
41.81485 2748 52.4214
41.82321 2758 52.5167
41.83156 2784 52.7636
41.83992 2773 52.6593
41.84828 2769 52.6213
41.85663 2773 52.6593
41.86499 2789 52.811
41.87334 2769 52.6213
41.88170 2773 52.6593
41.89006 2778 52.7067
41.89841 2816 53.066
41.90677 2796 52.8772
41.91512 2796 52.8772
41.92348 2767 52.6023
41.93184 2808 52.9906
41.94019 2839 53.2823
41.94855 2786 52.7826
41.95690 2783 52.7541
41.96526 2772 52.6498
41.97362 2790 52.8205
41.98197 2780 52.7257
41.99033 2782 52.7447
41.99868 2770 52.6308
42.00704 2797 52.8867
42.01540 2811 53.0189
42.02375 2801 52.9245
42.03211 2804 52.9528
42.04046 2786 52.7826
42.04882 2757 52.5071
42.05718 2786 52.7826
42.06553 2788 52.8015
42.07389 2786 52.7826
42.08224 2772 52.6498
42.09060 2783 52.7541
42.09896 2759 52.5262
42.10731 2818 53.0848
42.11567 2763 52.5642
42.12402 2752 52.4595
42.13238 2807 52.9811
42.14074 2765 52.5833
42.14909 2721 52.1632
42.15745 2737 52.3163
42.16580 2757 52.5071
42.17416 2795 52.8678
42.18252 2728 52.2303
42.19087 2715 52.1057
42.19923 2745 52.3927
42.20758 2774 52.6688
42.21594 2806 52.9717
42.22430 2780 52.7257
42.23265 2756 52.4976
42.24101 2784 52.7636
42.24936 2816 53.066
42.25772 2745 52.3927
42.26608 2765 52.5833
42.27443 2798 52.8961
42.28279 2798 52.8961
42.29114 2742 52.3641
42.29950 2739 52.3355
42.30786 2776 52.6878
42.31621 2721 52.1632
42.32457 2698 51.9423
42.33292 2796 52.8772
42.34128 2775 52.6783
42.34964 2775 52.6783
42.35799 2756 52.4976
42.36635 2757 52.5071
42.37470 2774 52.6688
42.38306 2770 52.6308
42.39142 2769 52.6213
42.39977 2736 52.3068
42.40813 2791 52.8299
42.41648 2754 52.4786
42.42484 2778 52.7067
42.43320 2757 52.5071
42.44155 2798 52.8961
42.44991 2783 52.7541
42.45826 2766 52.5928
42.46662 2774 52.6688
42.47498 2757 52.5071
42.48333 2802 52.9339
42.49169 2781 52.7352
42.50004 2793 52.8488
42.50840 2745 52.3927
42.51676 2764 52.5738
42.52511 2743 52.3737
42.53347 2772 52.6498
42.54182 2744 52.3832
42.55018 2745 52.3927
42.55854 2721 52.1632
42.56689 2719 52.144
42.57525 2693 51.8941
42.58360 2761 52.5452
42.59196 2769 52.6213
42.60032 2785 52.7731
42.60867 2760 52.5357
42.61703 2733 52.2781
42.62538 2743 52.3737
42.63374 2757 52.5071
42.64210 2784 52.7636
42.65045 2724 52.192
42.65881 2712 52.0769
42.66716 2744 52.3832
42.67552 2747 52.4118
42.68388 2714 52.0961
42.69223 2756 52.4976
42.70059 2715 52.1057
42.70894 2765 52.5833
42.71730 2789 52.811
42.72566 2770 52.6308
42.73401 2707 52.0288
42.74237 2756 52.4976
42.75072 2752 52.4595
42.75908 2759 52.5262
42.76744 2730 52.2494
42.77579 2771 52.6403
42.78415 2757 52.5071
42.79250 2736 52.3068
42.80086 2769 52.6213
42.80922 2786 52.7826
42.81757 2733 52.2781
42.82593 2728 52.2303
42.83428 2716 52.1153
42.84264 2713 52.0865
42.85100 2740 52.345
42.85935 2723 52.1824
42.86771 2734 52.2877
42.87606 2735 52.2972
42.88442 2734 52.2877
42.89278 2787 52.792
42.90113 2713 52.0865
42.90949 2768 52.6118
42.91784 2766 52.5928
42.92620 2775 52.6783
42.93456 2729 52.2398
42.94291 2783 52.7541
42.95127 2756 52.4976
42.95962 2691 51.8748
42.96798 2741 52.3546
42.97634 2779 52.7162
42.98469 2789 52.811
42.99305 2791 52.8299
43.00140 2794 52.8583
43.00976 2725 52.2015
43.01812 2705 52.0096
43.02647 2721 52.1632
43.03483 2797 52.8867
43.04318 2746 52.4023
43.05154 2754 52.4786
43.05990 2785 52.7731
43.06825 2729 52.2398
43.07661 2736 52.3068
43.08496 2776 52.6878
43.09332 2735 52.2972
43.10168 2743 52.3737
43.11003 2733 52.2781
43.11839 2770 52.6308
43.12674 2756 52.4976
43.13510 2745 52.3927
43.14346 2736 52.3068
43.15181 2744 52.3832
43.16017 2693 51.8941
43.16852 2738 52.3259
43.17688 2723 52.1824
43.18524 2719 52.144
43.19359 2748 52.4214
43.20195 2723 52.1824
43.21030 2723 52.1824
43.21866 2729 52.2398
43.22702 2718 52.1344
43.23537 2728 52.2303
43.24373 2767 52.6023
43.25208 2763 52.5642
43.26044 2702 51.9808
43.26880 2726 52.2111
43.27715 2740 52.345
43.28551 2747 52.4118
43.29386 2721 52.1632
43.30222 2721 52.1632
43.31058 2688 51.8459
43.31893 2744 52.3832
43.32729 2741 52.3546
43.33564 2752 52.4595
43.34400 2715 52.1057
43.35236 2752 52.4595
43.36071 2780 52.7257
43.36907 2729 52.2398
43.37742 2668 51.6527
43.38578 2753 52.469
43.39414 2717 52.1249
43.40249 2748 52.4214
43.41085 2749 52.4309
43.41920 2773 52.6593
43.42756 2758 52.5167
43.43592 2740 52.345
43.44427 2750 52.4404
43.45263 2756 52.4976
43.46098 2740 52.345
43.46934 2750 52.4404
43.47770 2765 52.5833
43.48605 2758 52.5167
43.49441 2699 51.9519
43.50276 2752 52.4595
43.51112 2726 52.2111
43.51948 2723 52.1824
43.52783 2761 52.5452
43.53619 2744 52.3832
43.54454 2727 52.2207
43.55290 2720 52.1536
43.56126 2763 52.5642
43.56961 2763 52.5642
43.57797 2751 52.45
43.58632 2725 52.2015
43.59468 2763 52.5642
43.60304 2722 52.1728
43.61139 2754 52.4786
43.61975 2748 52.4214
43.62810 2747 52.4118
43.63646 2800 52.915
43.64482 2807 52.9811
43.65317 2757 52.5071
43.66153 2712 52.0769
43.66988 2769 52.6213
43.67824 2746 52.4023
43.68660 2747 52.4118
43.69495 2767 52.6023
43.70331 2755 52.4881
43.71166 2763 52.5642
43.72002 2740 52.345
43.72838 2757 52.5071
43.73673 2742 52.3641
43.74509 2801 52.9245
43.75344 2771 52.6403
43.76180 2727 52.2207
43.77016 2729 52.2398
43.77851 2744 52.3832
43.78687 2721 52.1632
43.79522 2682 51.788
43.80358 2767 52.6023
43.81194 2741 52.3546
43.82029 2745 52.3927
43.82865 2733 52.2781
43.83700 2750 52.4404
43.84536 2799 52.9056
43.85372 2786 52.7826
43.86207 2779 52.7162
43.87043 2784 52.7636
43.87878 2738 52.3259
43.88714 2752 52.4595
43.89550 2762 52.5547
43.90385 2713 52.0865
43.91221 2773 52.6593
43.92056 2755 52.4881
43.92892 2775 52.6783
43.93728 2732 52.2685
43.94563 2762 52.5547
43.95399 2729 52.2398
43.96234 2778 52.7067
43.97070 2789 52.811
43.97906 2796 52.8772
43.98741 2702 51.9808
43.99577 2730 52.2494
44.00412 2739 52.3355
44.01248 2786 52.7826
44.02084 2786 52.7826
44.02919 2758 52.5167
44.03755 2742 52.3641
44.04590 2724 52.192
44.05426 2791 52.8299
44.06262 2773 52.6593
44.07097 2707 52.0288
44.07933 2751 52.45
44.08768 2746 52.4023
44.09604 2733 52.2781
44.10440 2770 52.6308
44.11275 2764 52.5738
44.12111 2736 52.3068
44.12946 2723 52.1824
44.13782 2729 52.2398
44.14618 2744 52.3832
44.15453 2705 52.0096
44.16289 2720 52.1536
44.17124 2733 52.2781
44.17960 2692 51.8845
44.18796 2735 52.2972
44.19631 2745 52.3927
44.20467 2773 52.6593
44.21302 2704 52
44.22138 2729 52.2398
44.22974 2742 52.3641
44.23809 2750 52.4404
44.24645 2725 52.2015
44.25480 2710 52.0577
44.26316 2669 51.6624
44.27152 2761 52.5452
44.27987 2666 51.6333
44.28823 2752 52.4595
44.29658 2756 52.4976
44.30494 2795 52.8678
44.31330 2744 52.3832
44.32165 2719 52.144
44.33001 2734 52.2877
44.33836 2739 52.3355
44.34672 2746 52.4023
44.35508 2726 52.2111
44.36343 2752 52.4595
44.37179 2710 52.0577
44.38014 2726 52.2111
44.38850 2715 52.1057
44.39686 2705 52.0096
44.40521 2710 52.0577
44.41357 2690 51.8652
44.42192 2724 52.192
44.43028 2750 52.4404
44.43864 2743 52.3737
44.44699 2711 52.0673
44.45535 2739 52.3355
44.46370 2739 52.3355
44.47206 2735 52.2972
44.48042 2747 52.4118
44.48877 2704 52
44.49713 2684 51.8073
44.50548 2692 51.8845
44.51384 2724 52.192
44.52220 2734 52.2877
44.53055 2713 52.0865
44.53891 2710 52.0577
44.54726 2748 52.4214
44.55562 2752 52.4595
44.56398 2727 52.2207
44.57233 2727 52.2207
44.58069 2745 52.3927
44.58904 2720 52.1536
44.59740 2661 51.5849
44.60576 2712 52.0769
44.61411 2700 51.9615
44.62247 2717 52.1249
44.63082 2650 51.4782
44.63918 2685 51.817
44.64754 2630 51.2835
44.65589 2668 51.6527
44.66425 2651 51.4879
44.67260 2714 52.0961
44.68096 2720 52.1536
44.68932 2668 51.6527
44.69767 2736 52.3068
44.70603 2701 51.9711
44.71438 2742 52.3641
44.72274 2743 52.3737
44.73110 2721 52.1632
44.73945 2694 51.9038
44.74781 2704 52
44.75616 2708 52.0384
44.76452 2699 51.9519
44.77288 2672 51.6914
44.78123 2729 52.2398
44.78959 2747 52.4118
44.79794 2704 52
44.80630 2675 51.7204
44.81466 2694 51.9038
44.82301 2679 51.7591
44.83137 2622 51.2055
44.83972 2687 51.8363
44.84808 2664 51.614
44.85644 2678 51.7494
44.86479 2692 51.8845
44.87315 2701 51.9711
44.88150 2722 52.1728
44.88986 2671 51.6817
44.89822 2709 52.0481
44.90657 2692 51.8845
44.91493 2668 51.6527
44.92328 2683 51.7977
44.93164 2688 51.8459
44.94000 2689 51.8556
44.94835 2697 51.9326
44.95671 2734 52.2877
44.96506 2696 51.923
44.97342 2699 51.9519
44.98178 2695 51.9134
44.99013 2725 52.2015
44.99849 2699 51.9519
45.00684 2702 51.9808
45.01520 2675 51.7204
45.02356 2702 51.9808
45.03191 2716 52.1153
45.04027 2702 51.9808
45.04862 2724 52.192
45.05698 2653 51.5073
45.06534 2673 51.7011
45.07369 2688 51.8459
45.08205 2679 51.7591
45.09040 2637 51.3517
45.09876 2649 51.4684
45.10712 2731 52.259
45.11547 2711 52.0673
45.12383 2651 51.4879
45.13218 2676 51.7301
45.14054 2665 51.6236
45.14890 2679 51.7591
45.15725 2714 52.0961
45.16561 2690 51.8652
45.17396 2678 51.7494
45.18232 2668 51.6527
45.19068 2685 51.817
45.19903 2706 52.0192
45.20739 2640 51.3809
45.21574 2654 51.517
45.22410 2676 51.7301
45.23246 2706 52.0192
45.24081 2718 52.1344
45.24917 2713 52.0865
45.25752 2681 51.7784
45.26588 2726 52.2111
45.27424 2722 52.1728
45.28259 2729 52.2398
45.29095 2691 51.8748
45.29930 2682 51.788
45.30766 2658 51.5558
45.31602 2654 51.517
45.32437 2694 51.9038
45.33273 2707 52.0288
45.34108 2683 51.7977
45.34944 2763 52.5642
45.35780 2673 51.7011
45.36615 2675 51.7204
45.37451 2711 52.0673
45.38286 2643 51.4101
45.39122 2699 51.9519
45.39958 2709 52.0481
45.40793 2729 52.2398
45.41629 2685 51.817
45.42464 2696 51.923
45.43300 2683 51.7977
45.44136 2655 51.5267
45.44971 2659 51.5655
45.45807 2659 51.5655
45.46642 2676 51.7301
45.47478 2705 52.0096
45.48314 2673 51.7011
45.49149 2630 51.2835
45.49985 2669 51.6624
45.50820 2714 52.0961
45.51656 2712 52.0769
45.52492 2693 51.8941
45.53327 2686 51.8266
45.54163 2654 51.517
45.54998 2682 51.788
45.55834 2669 51.6624
45.56670 2680 51.7687
45.57505 2694 51.9038
45.58341 2647 51.449
45.59176 2669 51.6624
45.60012 2693 51.8941
45.60848 2659 51.5655
45.61683 2672 51.6914
45.62519 2627 51.2543
45.63354 2696 51.923
45.64190 2699 51.9519
45.65026 2700 51.9615
45.65861 2677 51.7397
45.66697 2674 51.7107
45.67532 2660 51.5752
45.68368 2674 51.7107
45.69204 2725 52.2015
45.70039 2682 51.788
45.70875 2628 51.264
45.71710 2669 51.6624
45.72546 2653 51.5073
45.73382 2705 52.0096
45.74217 2690 51.8652
45.75053 2670 51.672
45.75888 2658 51.5558
45.76724 2650 51.4782
45.77560 2615 51.1371
45.78395 2636 51.342
45.79231 2706 52.0192
45.80066 2676 51.7301
45.80902 2633 51.3128
45.81738 2639 51.3712
45.82573 2674 51.7107
45.83409 2720 52.1536
45.84244 2629 51.2738
45.85080 2626 51.2445
45.85916 2684 51.8073
45.86751 2650 51.4782
45.87587 2636 51.342
45.88422 2653 51.5073
45.89258 2624 51.225
45.90094 2647 51.449
45.90929 2675 51.7204
45.91765 2687 51.8363
45.92600 2629 51.2738
45.93436 2658 51.5558
45.94272 2653 51.5073
45.95107 2650 51.4782
45.95943 2642 51.4004
45.96778 2673 51.7011
45.97614 2607 51.0588
45.98450 2698 51.9423
45.99285 2670 51.672
46.00121 2671 51.6817
46.00956 2660 51.5752
46.01792 2678 51.7494
46.02628 2687 51.8363
46.03463 2649 51.4684
46.04299 2679 51.7591
46.05134 2653 51.5073
46.05970 2641 51.3907
46.06806 2640 51.3809
46.07641 2692 51.8845
46.08477 2631 51.2933
46.09312 2689 51.8556
46.10148 2707 52.0288
46.10984 2674 51.7107
46.11819 2676 51.7301
46.12655 2704 52
46.13490 2626 51.2445
46.14326 2665 51.6236
46.15162 2619 51.1762
46.15997 2655 51.5267
46.16833 2670 51.672
46.17668 2671 51.6817
46.18504 2627 51.2543
46.19340 2616 51.1468
46.20175 2614 51.1273
46.21011 2614 51.1273
46.21846 2593 50.9215
46.22682 2640 51.3809
46.23518 2685 51.817
46.24353 2680 51.7687
46.25189 2677 51.7397
46.26024 2613 51.1175
46.26860 2599 50.9804
46.27696 2693 51.8941
46.28531 2673 51.7011
46.29367 2656 51.5364
46.30202 2616 51.1468
46.31038 2676 51.7301
46.31874 2629 51.2738
46.32709 2658 51.5558
46.33545 2643 51.4101
46.34380 2631 51.2933
46.35216 2636 51.342
46.36052 2629 51.2738
46.36887 2643 51.4101
46.37723 2646 51.4393
46.38558 2643 51.4101
46.39394 2606 51.049
46.40230 2689 51.8556
46.41065 2682 51.788
46.41901 2669 51.6624
46.42736 2678 51.7494
46.43572 2648 51.4587
46.44408 2663 51.6043
46.45243 2632 51.303
46.46079 2651 51.4879
46.46914 2678 51.7494
46.47750 2665 51.6236
46.48586 2657 51.5461
46.49421 2634 51.3225
46.50257 2646 51.4393
46.51092 2634 51.3225
46.51928 2718 52.1344
46.52764 2701 51.9711
46.53599 2643 51.4101
46.54435 2657 51.5461
46.55270 2632 51.303
46.56106 2681 51.7784
46.56942 2652 51.4976
46.57777 2677 51.7397
46.58613 2639 51.3712
46.59448 2634 51.3225
46.60284 2661 51.5849
46.61120 2644 51.4198
46.61955 2665 51.6236
46.62791 2651 51.4879
46.63626 2665 51.6236
46.64462 2668 51.6527
46.65298 2666 51.6333
46.66133 2650 51.4782
46.66969 2639 51.3712
46.67804 2709 52.0481
46.68640 2641 51.3907
46.69476 2637 51.3517
46.70311 2632 51.303
46.71147 2637 51.3517
46.71982 2643 51.4101
46.72818 2645 51.4296
46.73654 2643 51.4101
46.74489 2654 51.517
46.75325 2660 51.5752
46.76160 2642 51.4004
46.76996 2622 51.2055
46.77832 2628 51.264
46.78667 2648 51.4587
46.79503 2662 51.5946
46.80338 2679 51.7591
46.81174 2683 51.7977
46.82010 2645 51.4296
46.82845 2632 51.303
46.83681 2696 51.923
46.84516 2635 51.3323
46.85352 2638 51.3615
46.86188 2680 51.7687
46.87023 2635 51.3323
46.87859 2637 51.3517
46.88694 2623 51.2152
46.89530 2615 51.1371
46.90366 2605 51.0392
46.91201 2617 51.1566
46.92037 2649 51.4684
46.92872 2612 51.1077
46.93708 2644 51.4198
46.94544 2642 51.4004
46.95379 2613 51.1175
46.96215 2669 51.6624
46.97050 2677 51.7397
46.97886 2638 51.3615
46.98722 2616 51.1468
46.99557 2662 51.5946
47.00393 2618 51.1664
47.01228 2661 51.5849
47.02064 2639 51.3712
47.02900 2632 51.303
47.03735 2642 51.4004
47.04571 2695 51.9134
47.05406 2665 51.6236
47.06242 2618 51.1664
47.07078 2640 51.3809
47.07913 2640 51.3809
47.08749 2668 51.6527
47.09584 2661 51.5849
47.10420 2651 51.4879
47.11256 2628 51.264
47.12091 2587 50.8626
47.12927 2600 50.9902
47.13762 2642 51.4004
47.14598 2656 51.5364
47.15434 2663 51.6043
47.16269 2615 51.1371
47.17105 2690 51.8652
47.17940 2698 51.9423
47.18776 2657 51.5461
47.19612 2671 51.6817
47.20447 2690 51.8652
47.21283 2636 51.342
47.22118 2675 51.7204
47.22954 2620 51.1859
47.23790 2651 51.4879
47.24625 2667 51.643
47.25461 2669 51.6624
47.26296 2622 51.2055
47.27132 2641 51.3907
47.27968 2624 51.225
47.28803 2680 51.7687
47.29639 2638 51.3615
47.30474 2691 51.8748
47.31310 2679 51.7591
47.32146 2681 51.7784
47.32981 2643 51.4101
47.33817 2631 51.2933
47.34652 2580 50.7937
47.35488 2624 51.225
47.36324 2640 51.3809
47.37159 2669 51.6624
47.37995 2693 51.8941
47.38830 2648 51.4587
47.39666 2651 51.4879
47.40502 2679 51.7591
47.41337 2670 51.672
47.42173 2628 51.264
47.43008 2664 51.614
47.43844 2601 51
47.44680 2639 51.3712
47.45515 2623 51.2152
47.46351 2653 51.5073
47.47186 2615 51.1371
47.48022 2586 50.8527
47.48858 2563 50.6261
47.49693 2611 51.0979
47.50529 2651 51.4879
47.51364 2599 50.9804
47.52200 2595 50.9411
47.53036 2608 51.0686
47.53871 2595 50.9411
47.54707 2606 51.049
47.55542 2618 51.1664
47.56378 2633 51.3128
47.57214 2591 50.9019
47.58049 2619 51.1762
47.58885 2645 51.4296
47.59720 2622 51.2055
47.60556 2620 51.1859
47.61392 2625 51.2348
47.62227 2620 51.1859
47.63063 2596 50.951
47.63898 2683 51.7977
47.64734 2652 51.4976
47.65570 2671 51.6817
47.66405 2643 51.4101
47.67241 2684 51.8073
47.68076 2640 51.3809
47.68912 2619 51.1762
47.69748 2599 50.9804
47.70583 2641 51.3907
47.71419 2657 51.5461
47.72254 2668 51.6527
47.73090 2684 51.8073
47.73926 2680 51.7687
47.74761 2672 51.6914
47.75597 2612 51.1077
47.76432 2665 51.6236
47.77268 2645 51.4296
47.78104 2650 51.4782
47.78939 2618 51.1664
47.79775 2599 50.9804
47.80610 2608 51.0686
47.81446 2658 51.5558
47.82282 2601 51
47.83117 2603 51.0196
47.83953 2642 51.4004
47.84788 2628 51.264
47.85624 2642 51.4004
47.86460 2659 51.5655
47.87295 2630 51.2835
47.88131 2619 51.1762
47.88966 2605 51.0392
47.89802 2636 51.342
47.90638 2625 51.2348
47.91473 2671 51.6817
47.92309 2654 51.517
47.93144 2622 51.2055
47.93980 2653 51.5073
47.94816 2658 51.5558
47.95651 2637 51.3517
47.96487 2623 51.2152
47.97322 2573 50.7247
47.98158 2649 51.4684
47.98994 2636 51.342
47.99829 2652 51.4976
48.00665 2605 51.0392
48.01500 2613 51.1175
48.02336 2666 51.6333
48.03172 2611 51.0979
48.04007 2588 50.8724
48.04843 2591 50.9019
48.05678 2615 51.1371
48.06514 2596 50.951
48.07350 2595 50.9411
48.08185 2633 51.3128
48.09021 2640 51.3809
48.09856 2638 51.3615
48.10692 2639 51.3712
48.11528 2588 50.8724
48.12363 2583 50.8232
48.13199 2603 51.0196
48.14034 2617 51.1566
48.14870 2581 50.8035
48.15706 2653 51.5073
48.16541 2621 51.1957
48.17377 2587 50.8626
48.18212 2632 51.303
48.19048 2626 51.2445
48.19884 2592 50.9117
48.20719 2643 51.4101
48.21555 2597 50.9608
48.22390 2626 51.2445
48.23226 2668 51.6527
48.24062 2637 51.3517
48.24897 2611 51.0979
48.25733 2685 51.817
48.26568 2610 51.0882
48.27404 2630 51.2835
48.28240 2607 51.0588
48.29075 2581 50.8035
48.29911 2611 51.0979
48.30746 2622 51.2055
48.31582 2635 51.3323
48.32418 2615 51.1371
48.33253 2648 51.4587
48.34089 2574 50.7346
48.34924 2628 51.264
48.35760 2588 50.8724
48.36596 2594 50.9313
48.37431 2609 51.0784
48.38267 2643 51.4101
48.39102 2594 50.9313
48.39938 2613 51.1175
48.40774 2597 50.9608
48.41609 2630 51.2835
48.42445 2635 51.3323
48.43280 2614 51.1273
48.44116 2590 50.892
48.44952 2617 51.1566
48.45787 2577 50.7642
48.46623 2638 51.3615
48.47458 2565 50.6458
48.48294 2582 50.8134
48.49130 2575 50.7445
48.49965 2597 50.9608
48.50801 2596 50.951
48.51636 2604 51.0294
48.52472 2585 50.8429
48.53308 2600 50.9902
48.54143 2590 50.892
48.54979 2580 50.7937
48.55814 2600 50.9902
48.56650 2589 50.8822
48.57486 2639 51.3712
48.58321 2627 51.2543
48.59157 2608 51.0686
48.59992 2635 51.3323
48.60828 2565 50.6458
48.61664 2585 50.8429
48.62499 2621 51.1957
48.63335 2656 51.5364
48.64170 2620 51.1859
48.65006 2561 50.6063
48.65842 2565 50.6458
48.66677 2546 50.4579
48.67513 2576 50.7543
48.68348 2590 50.892
48.69184 2556 50.5569
48.70020 2560 50.5964
48.70855 2558 50.5767
48.71691 2609 51.0784
48.72526 2561 50.6063
48.73362 2570 50.6952
48.74198 2541 50.4083
48.75033 2590 50.892
48.75869 2608 51.0686
48.76704 2586 50.8527
48.77540 2569 50.6853
48.78376 2566 50.6557
48.79211 2596 50.951
48.80047 2555 50.547
48.80882 2578 50.774
48.81718 2605 51.0392
48.82554 2609 51.0784
48.83389 2611 51.0979
48.84225 2628 51.264
48.85060 2603 51.0196
48.85896 2601 51
48.86732 2606 51.049
48.87567 2593 50.9215
48.88403 2617 51.1566
48.89238 2597 50.9608
48.90074 2594 50.9313
48.90910 2625 51.2348
48.91745 2594 50.9313
48.92581 2591 50.9019
48.93416 2640 51.3809
48.94252 2624 51.225
48.95088 2617 51.1566
48.95923 2577 50.7642
48.96759 2569 50.6853
48.97594 2612 51.1077
48.98430 2595 50.9411
48.99266 2599 50.9804
49.00101 2570 50.6952
49.00937 2579 50.7839
49.01772 2570 50.6952
49.02608 2579 50.7839
49.03444 2575 50.7445
49.04279 2584 50.8331
49.05115 2588 50.8724
49.05950 2584 50.8331
49.06786 2586 50.8527
49.07622 2576 50.7543
49.08457 2542 50.4183
49.09293 2560 50.5964
49.10128 2591 50.9019
49.10964 2606 51.049
49.11800 2600 50.9902
49.12635 2589 50.8822
49.13471 2562 50.6162
49.14306 2561 50.6063
49.15142 2608 51.0686
49.15978 2620 51.1859
49.16813 2596 50.951
49.17649 2556 50.5569
49.18484 2591 50.9019
49.19320 2562 50.6162
49.20156 2618 51.1664
49.20991 2590 50.892
49.21827 2546 50.4579
49.22662 2553 50.5272
49.23498 2579 50.7839
49.24334 2594 50.9313
49.25169 2545 50.448
49.26005 2546 50.4579
49.26840 2579 50.7839
49.27676 2621 51.1957
49.28512 2593 50.9215
49.29347 2597 50.9608
49.30183 2558 50.5767
49.31018 2530 50.2991
49.31854 2615 51.1371
49.32690 2598 50.9706
49.33525 2556 50.5569
49.34361 2578 50.774
49.35196 2595 50.9411
49.36032 2562 50.6162
49.36868 2578 50.774
49.37703 2606 51.049
49.38539 2571 50.705
49.39374 2581 50.8035
49.40210 2587 50.8626
49.41046 2609 51.0784
49.41881 2601 51
49.42717 2610 51.0882
49.43552 2597 50.9608
49.44388 2576 50.7543
49.45224 2570 50.6952
49.46059 2564 50.636
49.46895 2589 50.8822
49.47730 2570 50.6952
49.48566 2570 50.6952
49.49402 2629 51.2738
49.50237 2602 51.0098
49.51073 2573 50.7247
49.51908 2582 50.8134
49.52744 2573 50.7247
49.53580 2525 50.2494
49.54415 2566 50.6557
49.55251 2576 50.7543
49.56086 2604 51.0294
49.56922 2616 51.1468
49.57758 2619 51.1762
49.58593 2570 50.6952
49.59429 2557 50.5668
49.60264 2584 50.8331
49.61100 2590 50.892
49.61936 2607 51.0588
49.62771 2551 50.5074
49.63607 2569 50.6853
49.64442 2587 50.8626
49.65278 2577 50.7642
49.66114 2557 50.5668
49.66949 2593 50.9215
49.67785 2564 50.636
49.68620 2555 50.547
49.69456 2588 50.8724
49.70292 2594 50.9313
49.71127 2585 50.8429
49.71963 2554 50.5371
49.72798 2562 50.6162
49.73634 2559 50.5866
49.74470 2596 50.951
49.75305 2599 50.9804
49.76141 2558 50.5767
49.76976 2536 50.3587
49.77812 2533 50.3289
49.78648 2539 50.3885
49.79483 2591 50.9019
49.80319 2573 50.7247
49.81154 2548 50.4777
49.81990 2579 50.7839
49.82826 2597 50.9608
49.83661 2592 50.9117
49.84497 2635 51.3323
49.85332 2588 50.8724
49.86168 2637 51.3517
49.87004 2598 50.9706
49.87839 2553 50.5272
49.88675 2594 50.9313
49.89510 2550 50.4975
49.90346 2606 51.049
49.91182 2522 50.2195
49.92017 2568 50.6754
49.92853 2570 50.6952
49.93688 2605 51.0392
49.94524 2594 50.9313
49.95360 2579 50.7839
49.96195 2556 50.5569
49.97031 2599 50.9804
49.97866 2621 51.1957
49.98702 2621 51.1957
