X263b09a TRICLINIC P 3 peaks [4.30763, 7.54847, 8.26594, 9.10319, 10.83771, 12.08277, 12.96455, 14.28784, 15.30806, 15.73831, 16.6286, 17.71368, 18.38244, 19.26, 19.71, 19.86, 20.73691, 21.07634] V 458.58209228515625 1834.328369140625 Lmax 34.27549421845545
3->34.2755,1.25102,24.9999
1.5708->2.35619,0.0785683,0.707107,9.99638
458.582->1834.33,458.597,2.9999
Starting: V=458.582->917.18
Finished: V=458.582->917.18 A^3, 103487 unit cells tested, 370588 tests/s,   Elapsed time=0.279259s
Starting: V=917.18->1375.78
     a=20.70-20.73 b=11.79-11.81 c= 5.33- 5.36 alpha= 91.24- 91.33 beta= 82.46- 82.43 gamma= 96.07- 96.15 V=1282.65-1292.37level=5, indexed=1(0 sol.)
     a=0.00240-0.00240 b=0.00728-0.00725 c=0.03581-0.03546 alpha=0.00087-0.00088 beta=0.00026-0.00029 gamma=-0.00241--0.00240level=5, indexed=1(0 sol.)
 Solution ? a= 20.658 b= 11.708 c=  5.334 alpha= 90.929 beta= 82.252 gamma= 96.166 V= 1270.99 score=  7.02 #   0
     a=20.70-20.72 b=11.79-11.81 c= 5.33- 5.36 alpha= 91.24- 91.32 beta= 82.51- 82.49 gamma= 96.07- 96.15 V=1282.49-1292.21level=5, indexed=1(1 sol.)
     a=0.00240-0.00240 b=0.00728-0.00725 c=0.03581-0.03546 alpha=0.00087-0.00088 beta=0.00026-0.00029 gamma=-0.00239--0.00238level=5, indexed=1(1 sol.)
 Solution ? a= 20.644 b= 11.718 c=  5.343 alpha= 91.417 beta= 82.748 gamma= 96.252 V= 1274.48 score=  7.52 #   1
     a=20.74-20.77 b=11.76-11.78 c= 5.33- 5.36 alpha= 91.24- 91.33 beta= 82.44- 82.42 gamma= 96.07- 96.15 V=1281.41-1291.12level=5, indexed=1(2 sol.)
     a=0.00239-0.00239 b=0.00732-0.00730 c=0.03581-0.03546 alpha=0.00087-0.00088 beta=0.00026-0.00029 gamma=-0.00241--0.00240level=5, indexed=1(2 sol.)
 Solution ? a= 20.682 b= 11.707 c=  5.334 alpha= 90.849 beta= 82.222 gamma= 96.161 V= 1272.32 score=  7.00 #   2
     a=20.74-20.76 b=11.76-11.78 c= 5.33- 5.36 alpha= 91.24- 91.32 beta= 82.50- 82.47 gamma= 96.07- 96.15 V=1281.25-1290.95level=5, indexed=1(3 sol.)
     a=0.00239-0.00239 b=0.00732-0.00730 c=0.03581-0.03546 alpha=0.00087-0.00088 beta=0.00026-0.00029 gamma=-0.00239--0.00238level=5, indexed=1(3 sol.)
 Solution ? a= 20.644 b= 11.718 c=  5.343 alpha= 91.417 beta= 82.748 gamma= 96.252 V= 1274.48 score=  7.52 #   3
     a=20.70-20.72 b=11.79-11.81 c= 5.33- 5.36 alpha= 91.38- 91.46 beta= 82.50- 82.47 gamma= 96.09- 96.17 V=1282.56-1292.29level=5, indexed=1(5 sol.)
     a=0.00240-0.00240 b=0.00728-0.00725 c=0.03581-0.03546 alpha=0.00087-0.00088 beta=0.00033-0.00037 gamma=-0.00239--0.00238level=5, indexed=1(5 sol.)
 Solution ? a= 20.644 b= 11.718 c=  5.343 alpha= 91.417 beta= 82.748 gamma= 96.252 V= 1274.48 score=  7.52 #   5
     a=20.70-20.72 b=11.79-11.81 c= 5.33- 5.36 alpha= 91.52- 91.61 beta= 82.48- 82.45 gamma= 96.11- 96.19 V=1282.64-1292.37level=5, indexed=1(6 sol.)
     a=0.00240-0.00240 b=0.00728-0.00725 c=0.03581-0.03546 alpha=0.00087-0.00088 beta=0.00041-0.00045 gamma=-0.00239--0.00238level=5, indexed=1(6 sol.)
 Solution ? a= 20.614 b= 11.697 c=  5.344 alpha= 91.474 beta= 82.748 gamma= 96.142 V= 1270.86 score=  6.71 #   6
     a=20.74-20.77 b=11.76-11.78 c= 5.33- 5.36 alpha= 91.38- 91.47 beta= 82.43- 82.40 gamma= 96.09- 96.17 V=1281.48-1291.20level=5, indexed=1(7 sol.)
     a=0.00239-0.00239 b=0.00732-0.00730 c=0.03581-0.03546 alpha=0.00087-0.00088 beta=0.00033-0.00037 gamma=-0.00241--0.00240level=5, indexed=1(7 sol.)
 Solution ? a= 20.658 b= 11.708 c=  5.334 alpha= 90.929 beta= 82.252 gamma= 96.166 V= 1270.99 score=  7.02 #   7
     a=20.74-20.76 b=11.76-11.78 c= 5.33- 5.36 alpha= 91.38- 91.46 beta= 82.48- 82.46 gamma= 96.09- 96.17 V=1281.32-1291.03level=5, indexed=1(8 sol.)
     a=0.00239-0.00239 b=0.00732-0.00730 c=0.03581-0.03546 alpha=0.00087-0.00088 beta=0.00033-0.00037 gamma=-0.00239--0.00238level=5, indexed=1(8 sol.)
 Solution ? a= 20.644 b= 11.718 c=  5.343 alpha= 91.417 beta= 82.748 gamma= 96.252 V= 1274.48 score=  7.52 #   8
     a=20.74-20.77 b=11.76-11.78 c= 5.33- 5.36 alpha= 91.52- 91.61 beta= 82.47- 82.44 gamma= 96.10- 96.18 V=1281.40-1291.12level=5, indexed=1(10 sol.)
     a=0.00239-0.00239 b=0.00732-0.00730 c=0.03581-0.03546 alpha=0.00087-0.00088 beta=0.00041-0.00045 gamma=-0.00239--0.00238level=5, indexed=1(10 sol.)
 Solution ? a= 20.644 b= 11.718 c=  5.343 alpha= 91.417 beta= 82.748 gamma= 96.252 V= 1274.48 score=  7.52 #  10
     a=20.70-20.72 b=11.79-11.81 c= 5.33- 5.36 alpha= 91.37- 91.46 beta= 82.55- 82.52 gamma= 96.09- 96.17 V=1282.40-1292.12level=5, indexed=1(14 sol.)
     a=0.00240-0.00240 b=0.00728-0.00725 c=0.03581-0.03546 alpha=0.00087-0.00088 beta=0.00033-0.00037 gamma=-0.00237--0.00236level=5, indexed=1(14 sol.)
 Solution ? a= 20.644 b= 11.718 c=  5.343 alpha= 91.417 beta= 82.748 gamma= 96.252 V= 1274.48 score=  7.52 #  14
     a=20.69-20.72 b=11.79-11.81 c= 5.33- 5.36 alpha= 91.37- 91.45 beta= 82.61- 82.58 gamma= 96.09- 96.17 V=1282.24-1291.96level=5, indexed=1(15 sol.)
     a=0.00240-0.00240 b=0.00728-0.00725 c=0.03581-0.03546 alpha=0.00087-0.00088 beta=0.00033-0.00037 gamma=-0.00235--0.00234level=5, indexed=1(15 sol.)
 Solution ? a= 20.644 b= 11.718 c=  5.343 alpha= 91.417 beta= 82.748 gamma= 96.252 V= 1274.48 score=  7.52 #  15
     a=20.70-20.72 b=11.79-11.81 c= 5.33- 5.36 alpha= 91.51- 91.60 beta= 82.54- 82.51 gamma= 96.11- 96.19 V=1282.48-1292.21level=5, indexed=1(16 sol.)
     a=0.00240-0.00240 b=0.00728-0.00725 c=0.03581-0.03546 alpha=0.00087-0.00088 beta=0.00041-0.00045 gamma=-0.00237--0.00236level=5, indexed=1(16 sol.)
 Solution ? a= 20.614 b= 11.697 c=  5.344 alpha= 91.474 beta= 82.748 gamma= 96.142 V= 1270.86 score=  6.71 #  16
     a=20.69-20.72 b=11.79-11.81 c= 5.33- 5.36 alpha= 91.51- 91.59 beta= 82.59- 82.56 gamma= 96.11- 96.19 V=1282.32-1292.05level=5, indexed=1(17 sol.)
     a=0.00240-0.00240 b=0.00728-0.00725 c=0.03581-0.03546 alpha=0.00087-0.00088 beta=0.00041-0.00045 gamma=-0.00235--0.00234level=5, indexed=1(17 sol.)
 Solution ? a= 20.644 b= 11.718 c=  5.343 alpha= 91.417 beta= 82.748 gamma= 96.252 V= 1274.48 score=  7.52 #  17
     a=20.69-20.72 b=11.79-11.81 c= 5.33- 5.36 alpha= 91.50- 91.59 beta= 82.65- 82.62 gamma= 96.11- 96.19 V=1282.16-1291.89level=5, indexed=1(18 sol.)
     a=0.00240-0.00240 b=0.00728-0.00725 c=0.03581-0.03546 alpha=0.00087-0.00088 beta=0.00041-0.00045 gamma=-0.00234--0.00233level=5, indexed=1(18 sol.)
 Solution ? a= 20.644 b= 11.718 c=  5.343 alpha= 91.417 beta= 82.748 gamma= 96.252 V= 1274.48 score=  7.52 #  18
     a=20.69-20.71 b=11.79-11.81 c= 5.33- 5.35 alpha= 91.50- 91.58 beta= 82.70- 82.67 gamma= 96.10- 96.18 V=1282.00-1291.73level=5, indexed=1(19 sol.)
     a=0.00240-0.00240 b=0.00728-0.00725 c=0.03581-0.03546 alpha=0.00087-0.00088 beta=0.00041-0.00045 gamma=-0.00232--0.00231level=5, indexed=1(19 sol.)
 Solution ? a= 20.644 b= 11.726 c=  5.343 alpha= 91.524 beta= 82.884 gamma= 96.290 V= 1275.63 score=  8.79 #  19
     a=20.69-20.72 b=11.79-11.81 c= 5.33- 5.36 alpha= 91.64- 91.73 beta= 82.63- 82.60 gamma= 96.12- 96.20 V=1282.25-1291.98level=5, indexed=1(20 sol.)
     a=0.00240-0.00240 b=0.00728-0.00725 c=0.03581-0.03546 alpha=0.00087-0.00088 beta=0.00049-0.00053 gamma=-0.00234--0.00233level=5, indexed=1(20 sol.)
 Solution ? a= 20.618 b= 11.708 c=  5.345 alpha= 91.582 beta= 82.884 gamma= 96.203 V= 1272.65 score=  7.78 #  20
     a=20.69-20.71 b=11.79-11.81 c= 5.33- 5.36 alpha= 91.64- 91.73 beta= 82.69- 82.66 gamma= 96.12- 96.20 V=1282.09-1291.82level=5, indexed=1(21 sol.)
     a=0.00240-0.00240 b=0.00728-0.00725 c=0.03581-0.03546 alpha=0.00087-0.00088 beta=0.00049-0.00053 gamma=-0.00232--0.00231level=5, indexed=1(21 sol.)
 Solution ? a= 20.618 b= 11.708 c=  5.345 alpha= 91.582 beta= 82.884 gamma= 96.203 V= 1272.65 score=  7.78 #  21
     a=20.74-20.76 b=11.76-11.78 c= 5.33- 5.36 alpha= 91.37- 91.46 beta= 82.54- 82.51 gamma= 96.08- 96.16 V=1281.16-1290.87level=5, indexed=1(22 sol.)
     a=0.00239-0.00239 b=0.00732-0.00730 c=0.03581-0.03546 alpha=0.00087-0.00088 beta=0.00033-0.00037 gamma=-0.00237--0.00236level=5, indexed=1(22 sol.)
 Solution ? a= 20.644 b= 11.718 c=  5.343 alpha= 91.417 beta= 82.748 gamma= 96.252 V= 1274.48 score=  7.52 #  22
     a=20.73-20.76 b=11.76-11.78 c= 5.33- 5.36 alpha= 91.37- 91.45 beta= 82.59- 82.57 gamma= 96.08- 96.16 V=1281.00-1290.71level=5, indexed=1(23 sol.)
     a=0.00239-0.00239 b=0.00732-0.00730 c=0.03581-0.03546 alpha=0.00087-0.00088 beta=0.00033-0.00037 gamma=-0.00235--0.00234level=5, indexed=1(23 sol.)
 Solution ? a= 20.644 b= 11.718 c=  5.343 alpha= 91.417 beta= 82.748 gamma= 96.252 V= 1274.48 score=  7.52 #  23
     a=20.74-20.76 b=11.76-11.78 c= 5.33- 5.36 alpha= 91.51- 91.60 beta= 82.52- 82.50 gamma= 96.10- 96.18 V=1281.24-1290.95level=5, indexed=1(24 sol.)
     a=0.00239-0.00239 b=0.00732-0.00730 c=0.03581-0.03546 alpha=0.00087-0.00088 beta=0.00041-0.00045 gamma=-0.00237--0.00236level=5, indexed=1(24 sol.)
 Solution ? a= 20.644 b= 11.718 c=  5.343 alpha= 91.417 beta= 82.748 gamma= 96.252 V= 1274.48 score=  7.52 #  24
     a=20.74-20.76 b=11.76-11.78 c= 5.33- 5.36 alpha= 91.51- 91.59 beta= 82.58- 82.55 gamma= 96.10- 96.18 V=1281.08-1290.79level=5, indexed=1(25 sol.)
     a=0.00239-0.00239 b=0.00732-0.00730 c=0.03581-0.03546 alpha=0.00087-0.00088 beta=0.00041-0.00045 gamma=-0.00235--0.00234level=5, indexed=1(25 sol.)
 Solution ? a= 20.644 b= 11.718 c=  5.343 alpha= 91.417 beta= 82.748 gamma= 96.252 V= 1274.48 score=  7.52 #  25
     a=20.73-20.76 b=11.76-11.78 c= 5.33- 5.36 alpha= 91.50- 91.59 beta= 82.63- 82.61 gamma= 96.10- 96.18 V=1280.92-1290.63level=5, indexed=1(26 sol.)
     a=0.00239-0.00239 b=0.00732-0.00730 c=0.03581-0.03546 alpha=0.00087-0.00088 beta=0.00041-0.00045 gamma=-0.00234--0.00233level=5, indexed=1(26 sol.)
 Solution ? a= 20.644 b= 11.718 c=  5.343 alpha= 91.417 beta= 82.748 gamma= 96.252 V= 1274.48 score=  7.52 #  26
     a=20.73-20.75 b=11.76-11.78 c= 5.33- 5.36 alpha= 91.50- 91.58 beta= 82.69- 82.66 gamma= 96.10- 96.18 V=1280.76-1290.47level=5, indexed=1(27 sol.)
     a=0.00239-0.00239 b=0.00732-0.00730 c=0.03581-0.03546 alpha=0.00087-0.00088 beta=0.00041-0.00045 gamma=-0.00232--0.00231level=5, indexed=1(27 sol.)
 Solution ? a= 20.644 b= 11.718 c=  5.343 alpha= 91.417 beta= 82.748 gamma= 96.252 V= 1274.48 score=  7.52 #  27
     a=20.74-20.76 b=11.76-11.78 c= 5.33- 5.36 alpha= 91.65- 91.74 beta= 82.56- 82.54 gamma= 96.12- 96.20 V=1281.16-1290.88level=5, indexed=1(28 sol.)
     a=0.00239-0.00239 b=0.00732-0.00730 c=0.03581-0.03546 alpha=0.00087-0.00088 beta=0.00049-0.00053 gamma=-0.00235--0.00234level=5, indexed=1(28 sol.)
 Solution ? a= 20.644 b= 11.718 c=  5.343 alpha= 91.417 beta= 82.748 gamma= 96.252 V= 1274.48 score=  7.52 #  28
     a=20.73-20.76 b=11.76-11.78 c= 5.33- 5.36 alpha= 91.64- 91.73 beta= 82.62- 82.59 gamma= 96.12- 96.20 V=1281.01-1290.72level=5, indexed=1(29 sol.)
     a=0.00239-0.00239 b=0.00732-0.00730 c=0.03581-0.03546 alpha=0.00087-0.00088 beta=0.00049-0.00053 gamma=-0.00234--0.00233level=5, indexed=1(29 sol.)
 Solution ? a= 20.644 b= 11.718 c=  5.343 alpha= 91.417 beta= 82.748 gamma= 96.252 V= 1274.48 score=  7.52 #  29
     a=20.73-20.76 b=11.76-11.78 c= 5.33- 5.36 alpha= 91.64- 91.72 beta= 82.67- 82.65 gamma= 96.12- 96.20 V=1280.85-1290.56level=5, indexed=1(30 sol.)
     a=0.00239-0.00239 b=0.00732-0.00730 c=0.03581-0.03546 alpha=0.00087-0.00088 beta=0.00049-0.00053 gamma=-0.00232--0.00231level=5, indexed=1(30 sol.)
 Solution ? a= 20.644 b= 11.726 c=  5.343 alpha= 91.524 beta= 82.884 gamma= 96.290 V= 1275.63 score=  8.79 #  30
     a=20.69-20.71 b=11.79-11.81 c= 5.33- 5.35 alpha= 91.63- 91.72 beta= 82.74- 82.71 gamma= 96.12- 96.20 V=1281.93-1291.66level=5, indexed=1(31 sol.)
     a=0.00240-0.00240 b=0.00728-0.00725 c=0.03581-0.03546 alpha=0.00087-0.00088 beta=0.00049-0.00053 gamma=-0.00230--0.00229level=5, indexed=1(31 sol.)
 Solution ? a= 20.644 b= 11.726 c=  5.343 alpha= 91.524 beta= 82.884 gamma= 96.290 V= 1275.63 score=  8.79 #  31
     a=20.69-20.71 b=11.79-11.81 c= 5.33- 5.35 alpha= 91.63- 91.71 beta= 82.79- 82.77 gamma= 96.12- 96.20 V=1281.78-1291.50level=5, indexed=1(32 sol.)
     a=0.00240-0.00240 b=0.00728-0.00725 c=0.03581-0.03546 alpha=0.00087-0.00088 beta=0.00049-0.00053 gamma=-0.00228--0.00227level=5, indexed=1(32 sol.)
 Solution ? a= 20.644 b= 11.726 c=  5.343 alpha= 91.524 beta= 82.884 gamma= 96.290 V= 1275.63 score=  8.79 #  32
     a=20.73-20.75 b=11.76-11.78 c= 5.33- 5.35 alpha= 91.63- 91.72 beta= 82.73- 82.70 gamma= 96.12- 96.19 V=1280.69-1290.40level=5, indexed=1(33 sol.)
     a=0.00239-0.00239 b=0.00732-0.00730 c=0.03581-0.03546 alpha=0.00087-0.00088 beta=0.00049-0.00053 gamma=-0.00230--0.00229level=5, indexed=1(33 sol.)
 Solution ? a= 20.644 b= 11.726 c=  5.343 alpha= 91.524 beta= 82.884 gamma= 96.290 V= 1275.63 score=  8.79 #  33
     a=20.73-20.75 b=11.76-11.78 c= 5.33- 5.35 alpha= 91.62- 91.71 beta= 82.78- 82.76 gamma= 96.11- 96.19 V=1280.53-1290.24level=5, indexed=1(34 sol.)
     a=0.00239-0.00239 b=0.00732-0.00730 c=0.03581-0.03546 alpha=0.00087-0.00088 beta=0.00049-0.00053 gamma=-0.00228--0.00227level=5, indexed=1(34 sol.)
 Solution ? a= 20.644 b= 11.726 c=  5.343 alpha= 91.524 beta= 82.884 gamma= 96.290 V= 1275.63 score=  8.79 #  34
     a=20.73-20.75 b=11.76-11.78 c= 5.33- 5.36 alpha= 91.77- 91.86 beta= 82.71- 82.69 gamma= 96.13- 96.21 V=1280.78-1290.50level=5, indexed=1(35 sol.)
     a=0.00239-0.00239 b=0.00732-0.00730 c=0.03581-0.03546 alpha=0.00087-0.00088 beta=0.00057-0.00061 gamma=-0.00230--0.00229level=5, indexed=1(35 sol.)
 Solution ? a= 20.644 b= 11.726 c=  5.343 alpha= 91.524 beta= 82.884 gamma= 96.290 V= 1275.63 score=  8.79 #  35
     a=20.73-20.75 b=11.76-11.78 c= 5.33- 5.35 alpha= 91.77- 91.85 beta= 82.77- 82.74 gamma= 96.13- 96.21 V=1280.63-1290.34level=5, indexed=1(36 sol.)
     a=0.00239-0.00239 b=0.00732-0.00730 c=0.03581-0.03546 alpha=0.00087-0.00088 beta=0.00057-0.00061 gamma=-0.00228--0.00227level=5, indexed=1(36 sol.)
 Solution ? a= 20.644 b= 11.726 c=  5.343 alpha= 91.524 beta= 82.884 gamma= 96.290 V= 1275.63 score=  8.79 #  36
     a=20.72-20.75 b=11.76-11.78 c= 5.33- 5.35 alpha= 91.76- 91.85 beta= 82.82- 82.80 gamma= 96.13- 96.21 V=1280.47-1290.18level=5, indexed=1(37 sol.)
     a=0.00239-0.00239 b=0.00732-0.00730 c=0.03581-0.03546 alpha=0.00087-0.00088 beta=0.00057-0.00061 gamma=-0.00227--0.00226level=5, indexed=1(37 sol.)
 Solution ? a= 20.664 b= 11.726 c=  5.347 alpha= 91.555 beta= 82.960 gamma= 96.301 V= 1277.87 score=  9.36 #  37
     a=20.72-20.75 b=11.76-11.78 c= 5.33- 5.35 alpha= 91.75- 91.84 beta= 82.88- 82.85 gamma= 96.13- 96.21 V=1280.32-1290.03level=5, indexed=1(38 sol.)
     a=0.00239-0.00239 b=0.00732-0.00730 c=0.03581-0.03546 alpha=0.00087-0.00088 beta=0.00057-0.00061 gamma=-0.00225--0.00224level=5, indexed=1(38 sol.)
 Solution ? a= 20.664 b= 11.726 c=  5.347 alpha= 91.555 beta= 82.960 gamma= 96.301 V= 1277.87 score=  9.36 #  38
      a=20.80-20.82 b=11.75-11.77 c= 5.34- 5.37 alpha= 91.16- 91.24 beta= 82.64- 82.62 gamma= 96.36- 96.44 V=1286.89-1296.68level=6, indexed=1(133 sol.)
      a=0.00238-0.00237 b=0.00733-0.00731 c=0.03563-0.03528 alpha=0.00091-0.00092 beta=0.00020-0.00024 gamma=-0.00233--0.00232level=6, indexed=1(133 sol.)
 Solution ? a= 20.664 b= 11.726 c=  5.347 alpha= 91.555 beta= 82.960 gamma= 96.301 V= 1277.87 score=  9.36 # 133
     a=20.77-20.79 b=11.72-11.74 c= 5.38- 5.41 alpha= 90.80- 90.88 beta= 82.89- 82.87 gamma= 96.22- 96.30 V=1292.01-1301.91level=5, indexed=1(206 sol.)
     a=0.00238-0.00238 b=0.00736-0.00734 c=0.03511-0.03476 alpha=0.00090-0.00091 beta=0.00002-0.00006 gamma=-0.00225--0.00224level=5, indexed=1(206 sol.)
 Solution ? a= 20.674 b= 11.736 c=  5.414 alpha= 90.706 beta= 83.667 gamma= 96.328 V= 1297.55 score= 14.96 # 206
     a=20.77-20.79 b=11.73-11.74 c= 5.38- 5.41 alpha= 90.94- 91.03 beta= 82.88- 82.85 gamma= 96.24- 96.32 V=1292.06-1301.96level=5, indexed=1(207 sol.)
     a=0.00238-0.00238 b=0.00736-0.00734 c=0.03511-0.03476 alpha=0.00090-0.00091 beta=0.00010-0.00014 gamma=-0.00225--0.00224level=5, indexed=1(207 sol.)
 Solution ? a= 20.674 b= 11.736 c=  5.414 alpha= 90.706 beta= 83.667 gamma= 96.328 V= 1297.55 score= 14.96 # 207
     a=20.78-20.80 b=11.76-11.78 c= 5.38- 5.41 alpha= 90.96- 91.04 beta= 82.88- 82.85 gamma= 96.37- 96.45 V=1296.16-1306.11level=5, indexed=1(211 sol.)
     a=0.00238-0.00238 b=0.00732-0.00730 c=0.03511-0.03476 alpha=0.00092-0.00092 beta=0.00010-0.00014 gamma=-0.00225--0.00224level=5, indexed=1(211 sol.)
 Solution ? a= 20.674 b= 11.736 c=  5.414 alpha= 90.706 beta= 83.667 gamma= 96.328 V= 1297.55 score= 14.96 # 211
     a=20.78-20.80 b=11.76-11.78 c= 5.38- 5.41 alpha= 90.83- 90.91 beta= 82.89- 82.86 gamma= 96.46- 96.54 V=1296.39-1306.34level=5, indexed=1(212 sol.)
     a=0.00238-0.00238 b=0.00732-0.00730 c=0.03511-0.03476 alpha=0.00093-0.00094 beta=0.00002-0.00006 gamma=-0.00225--0.00224level=5, indexed=1(212 sol.)
 Solution ? a= 20.674 b= 11.736 c=  5.414 alpha= 90.706 beta= 83.667 gamma= 96.328 V= 1297.55 score= 14.96 # 212
     a=20.78-20.80 b=11.76-11.78 c= 5.38- 5.41 alpha= 91.10- 91.19 beta= 82.86- 82.83 gamma= 96.38- 96.46 V=1296.22-1306.17level=5, indexed=1(218 sol.)
     a=0.00238-0.00238 b=0.00732-0.00730 c=0.03511-0.03476 alpha=0.00092-0.00092 beta=0.00018-0.00022 gamma=-0.00225--0.00224level=5, indexed=1(218 sol.)
 Solution ? a= 20.674 b= 11.736 c=  5.414 alpha= 90.706 beta= 83.667 gamma= 96.328 V= 1297.55 score= 14.96 # 218
     a=20.69-20.72 b=11.76-11.78 c= 5.38- 5.41 alpha= 90.82- 90.90 beta= 82.75- 82.73 gamma= 96.22- 96.30 V=1291.12-1301.01level=5, indexed=1(609 sol.)
     a=0.00240-0.00240 b=0.00732-0.00730 c=0.03511-0.03476 alpha=0.00090-0.00091 beta=0.00002-0.00006 gamma=-0.00230--0.00229level=5, indexed=1(609 sol.)
 Solution ? a= 20.674 b= 11.736 c=  5.414 alpha= 90.706 beta= 83.667 gamma= 96.328 V= 1297.55 score= 14.96 # 609
     a=20.69-20.72 b=11.76-11.78 c= 5.38- 5.41 alpha= 90.81- 90.89 beta= 82.92- 82.90 gamma= 96.32- 96.40 V=1290.92-1300.81level=5, indexed=1(688 sol.)
     a=0.00240-0.00240 b=0.00732-0.00730 c=0.03511-0.03476 alpha=0.00092-0.00092 beta=0.00002-0.00006 gamma=-0.00225--0.00224level=5, indexed=1(688 sol.)
 Solution ? a= 20.674 b= 11.736 c=  5.414 alpha= 90.706 beta= 83.667 gamma= 96.328 V= 1297.55 score= 14.96 # 688
2325 solutions ! Redparing...
-> 11 remaining
     a=20.65-20.67 b=11.79-11.81 c= 5.42- 5.45 alpha= 90.70- 90.78 beta= 83.63- 83.61 gamma= 96.00- 96.08 V=1305.14-1315.25level=5, indexed=1(348 sol.)
     a=0.00240-0.00240 b=0.00728-0.00725 c=0.03441-0.03406 alpha=0.00087-0.00088 beta=0.00002-0.00006 gamma=-0.00200--0.00200level=5, indexed=1(348 sol.)
 Solution ? a= 20.641 b= 11.737 c=  5.447 alpha= 90.933 beta= 84.201 gamma= 96.321 V= 1304.99 score= 26.28 # 348
     a=20.65-20.67 b=11.79-11.81 c= 5.42- 5.45 alpha= 90.99- 91.07 beta= 83.60- 83.58 gamma= 96.04- 96.11 V=1305.23-1315.36level=5, indexed=1(354 sol.)
     a=0.00240-0.00240 b=0.00728-0.00725 c=0.03441-0.03406 alpha=0.00087-0.00088 beta=0.00018-0.00022 gamma=-0.00200--0.00200level=5, indexed=1(354 sol.)
 Solution ? a= 20.641 b= 11.737 c=  5.447 alpha= 90.933 beta= 84.201 gamma= 96.321 V= 1304.99 score= 26.28 # 354
     a=20.69-20.71 b=11.75-11.77 c= 5.42- 5.45 alpha= 90.84- 90.93 beta= 83.60- 83.58 gamma= 96.01- 96.09 V=1303.91-1314.01level=5, indexed=1(368 sol.)
     a=0.00239-0.00239 b=0.00732-0.00730 c=0.03441-0.03406 alpha=0.00087-0.00088 beta=0.00010-0.00014 gamma=-0.00200--0.00200level=5, indexed=1(368 sol.)
 Solution ? a= 20.641 b= 11.737 c=  5.447 alpha= 90.933 beta= 84.201 gamma= 96.321 V= 1304.99 score= 26.28 # 368
     a=20.69-20.71 b=11.75-11.77 c= 5.42- 5.45 alpha= 90.83- 90.91 beta= 83.72- 83.70 gamma= 96.01- 96.09 V=1303.63-1313.73level=5, indexed=1(372 sol.)
     a=0.00239-0.00239 b=0.00732-0.00730 c=0.03441-0.03406 alpha=0.00087-0.00088 beta=0.00010-0.00014 gamma=-0.00197--0.00196level=5, indexed=1(372 sol.)
 Solution ? a= 20.667 b= 11.735 c=  5.446 alpha= 90.943 beta= 84.221 gamma= 96.335 V= 1306.11 score= 36.86 # 372
     a=20.69-20.71 b=11.75-11.77 c= 5.42- 5.45 alpha= 90.99- 91.07 beta= 83.59- 83.57 gamma= 96.03- 96.11 V=1303.96-1314.07level=5, indexed=1(374 sol.)
     a=0.00239-0.00239 b=0.00732-0.00730 c=0.03441-0.03406 alpha=0.00087-0.00088 beta=0.00018-0.00022 gamma=-0.00200--0.00200level=5, indexed=1(374 sol.)
 Solution ? a= 20.667 b= 11.735 c=  5.446 alpha= 90.943 beta= 84.221 gamma= 96.335 V= 1306.11 score= 36.86 # 374
1468 solutions ! Redparing...
-> 12 remaining
     a=20.74-20.76 b=11.76-11.78 c= 5.42- 5.45 alpha= 90.86- 90.94 beta= 83.70- 83.68 gamma= 96.24- 96.32 V=1306.78-1316.91level=5, indexed=1(277 sol.)
     a=0.00238-0.00238 b=0.00732-0.00730 c=0.03441-0.03406 alpha=0.00090-0.00091 beta=0.00010-0.00014 gamma=-0.00197--0.00196level=5, indexed=1(277 sol.)
 Solution ? a= 20.667 b= 11.735 c=  5.446 alpha= 90.943 beta= 84.221 gamma= 96.335 V= 1306.11 score= 36.86 # 277
1281 solutions ! Redparing...
-> 12 remaining
     a=20.74-20.77 b=11.73-11.75 c= 5.42- 5.45 alpha= 91.30- 91.38 beta= 83.65- 83.63 gamma= 96.38- 96.46 V=1303.37-1313.49level=5, indexed=1(1222 sol.)
     a=0.00238-0.00238 b=0.00736-0.00734 c=0.03441-0.03406 alpha=0.00092-0.00092 beta=0.00033-0.00037 gamma=-0.00197--0.00196level=5, indexed=1(1222 sol.)
 Solution ? a= 20.667 b= 11.735 c=  5.446 alpha= 90.943 beta= 84.221 gamma= 96.335 V= 1306.11 score= 36.87 #1222
1742 solutions ! Redparing...
-> 15 remaining
      a=20.72-20.74 b=11.77-11.79 c= 5.41- 5.44 alpha= 90.94- 91.03 beta= 83.92- 83.90 gamma= 96.28- 96.36 V=1303.33-1313.41level=6, indexed=1(560 sol.)
      a=0.00238-0.00238 b=0.00731-0.00729 c=0.03458-0.03423 alpha=0.00090-0.00091 beta=0.00016-0.00020 gamma=-0.00190--0.00189level=6, indexed=1(560 sol.)
 Solution ? a= 20.667 b= 11.735 c=  5.446 alpha= 90.943 beta= 84.221 gamma= 96.335 V= 1306.11 score= 36.87 # 560
1533 solutions ! Redparing...
-> 17 remaining
      a=20.67-20.70 b=11.76-11.78 c= 5.41- 5.44 alpha= 90.86- 90.94 beta= 83.91- 83.89 gamma= 96.10- 96.17 V=1300.37-1310.41level=6, indexed=1(23 sol.)
      a=0.00239-0.00239 b=0.00731-0.00729 c=0.03458-0.03423 alpha=0.00088-0.00089 beta=0.00012-0.00016 gamma=-0.00191--0.00190level=6, indexed=1(23 sol.)
 Solution ? a= 20.667 b= 11.735 c=  5.446 alpha= 90.943 beta= 84.221 gamma= 96.335 V= 1306.11 score= 36.86 #  23
      a=20.67-20.69 b=11.76-11.78 c= 5.41- 5.43 alpha= 90.78- 90.86 beta= 83.97- 83.96 gamma= 96.09- 96.17 V=1300.21-1310.25level=6, indexed=1(42 sol.)
      a=0.00239-0.00239 b=0.00731-0.00729 c=0.03458-0.03423 alpha=0.00088-0.00089 beta=0.00008-0.00012 gamma=-0.00189--0.00189level=6, indexed=1(42 sol.)
 Solution ? a= 20.667 b= 11.735 c=  5.446 alpha= 90.943 beta= 84.221 gamma= 96.335 V= 1306.11 score= 36.86 #  42
      a=20.67-20.69 b=11.76-11.78 c= 5.41- 5.44 alpha= 90.85- 90.93 beta= 83.94- 83.92 gamma= 96.10- 96.17 V=1300.30-1310.34level=6, indexed=1(43 sol.)
      a=0.00239-0.00239 b=0.00731-0.00729 c=0.03458-0.03423 alpha=0.00088-0.00089 beta=0.00012-0.00016 gamma=-0.00190--0.00189level=6, indexed=1(43 sol.)
 Solution ? a= 20.667 b= 11.735 c=  5.446 alpha= 90.943 beta= 84.221 gamma= 96.335 V= 1306.11 score= 36.86 #  43
      a=20.67-20.69 b=11.76-11.78 c= 5.41- 5.44 alpha= 90.85- 90.93 beta= 83.97- 83.95 gamma= 96.10- 96.17 V=1300.23-1310.27level=6, indexed=1(44 sol.)
      a=0.00239-0.00239 b=0.00731-0.00729 c=0.03458-0.03423 alpha=0.00088-0.00089 beta=0.00012-0.00016 gamma=-0.00189--0.00189level=6, indexed=1(44 sol.)
 Solution ? a= 20.667 b= 11.735 c=  5.446 alpha= 90.943 beta= 84.221 gamma= 96.335 V= 1306.11 score= 36.86 #  44
      a=20.68-20.70 b=11.77-11.78 c= 5.41- 5.44 alpha= 91.01- 91.10 beta= 83.76- 83.74 gamma= 96.11- 96.19 V=1300.76-1310.81level=6, indexed=1(411 sol.)
      a=0.00239-0.00239 b=0.00731-0.00729 c=0.03458-0.03423 alpha=0.00088-0.00089 beta=0.00020-0.00024 gamma=-0.00196--0.00195level=6, indexed=1(411 sol.)
 Solution ? a= 20.667 b= 11.735 c=  5.446 alpha= 90.943 beta= 84.221 gamma= 96.335 V= 1306.11 score= 36.86 # 411
      a=20.68-20.70 b=11.77-11.78 c= 5.41- 5.44 alpha= 90.94- 91.02 beta= 83.82- 83.80 gamma= 96.11- 96.18 V=1300.60-1310.64level=6, indexed=1(419 sol.)
      a=0.00239-0.00239 b=0.00731-0.00729 c=0.03458-0.03423 alpha=0.00088-0.00089 beta=0.00016-0.00020 gamma=-0.00194--0.00193level=6, indexed=1(419 sol.)
 Solution ? a= 20.667 b= 11.735 c=  5.446 alpha= 90.943 beta= 84.221 gamma= 96.335 V= 1306.11 score= 36.87 # 419
      a=20.68-20.70 b=11.73-11.75 c= 5.44- 5.46 alpha= 91.16- 91.24 beta= 83.90- 83.88 gamma= 96.27- 96.35 V=1303.58-1313.72level=6, indexed=1(739 sol.)
      a=0.00239-0.00239 b=0.00735-0.00733 c=0.03423-0.03388 alpha=0.00090-0.00091 beta=0.00028-0.00031 gamma=-0.00189--0.00189level=6, indexed=1(739 sol.)
 Solution ? a= 20.667 b= 11.735 c=  5.446 alpha= 90.943 beta= 84.221 gamma= 96.335 V= 1306.11 score= 36.87 # 739
1134 solutions ! Redparing...
-> 17 remaining
     a=20.69-20.72 b=11.73-11.75 c= 5.42- 5.45 alpha= 91.13- 91.22 beta= 83.85- 83.83 gamma= 96.35- 96.43 V=1300.28-1310.36level=5, indexed=1(982 sol.)
     a=0.00239-0.00239 b=0.00736-0.00734 c=0.03441-0.03406 alpha=0.00092-0.00092 beta=0.00026-0.00029 gamma=-0.00192--0.00191level=5, indexed=1(982 sol.)
 Solution ? a= 20.667 b= 11.735 c=  5.446 alpha= 90.943 beta= 84.221 gamma= 96.335 V= 1306.11 score= 36.87 # 982
1633 solutions ! Redparing...
-> 17 remaining
      a=20.72-20.74 b=11.74-11.75 c= 5.43- 5.46 alpha= 91.15- 91.23 beta= 83.97- 83.96 gamma= 96.28- 96.36 V=1305.99-1316.15level=6, indexed=1(17 sol.)
      a=0.00238-0.00238 b=0.00735-0.00733 c=0.03423-0.03388 alpha=0.00090-0.00091 beta=0.00028-0.00031 gamma=-0.00187--0.00186level=6, indexed=1(17 sol.)
 Solution ? a= 20.667 b= 11.735 c=  5.446 alpha= 90.943 beta= 84.221 gamma= 96.335 V= 1306.11 score= 36.86 #  17
      a=20.71-20.74 b=11.73-11.75 c= 5.43- 5.46 alpha= 91.15- 91.23 beta= 84.00- 83.98 gamma= 96.28- 96.36 V=1305.92-1316.08level=6, indexed=1(18 sol.)
      a=0.00238-0.00238 b=0.00735-0.00733 c=0.03423-0.03388 alpha=0.00090-0.00091 beta=0.00028-0.00031 gamma=-0.00186--0.00185level=6, indexed=1(18 sol.)
 Solution ? a= 20.667 b= 11.735 c=  5.446 alpha= 90.943 beta= 84.221 gamma= 96.335 V= 1306.11 score= 36.86 #  18
      a=20.71-20.73 b=11.75-11.77 c= 5.43- 5.46 alpha= 90.99- 91.07 beta= 84.13- 84.11 gamma= 96.27- 96.35 V=1307.53-1317.70level=6, indexed=1(42 sol.)
      a=0.00238-0.00238 b=0.00733-0.00731 c=0.03423-0.03388 alpha=0.00090-0.00091 beta=0.00020-0.00024 gamma=-0.00183--0.00182level=6, indexed=1(42 sol.)
 Solution ? a= 20.667 b= 11.735 c=  5.446 alpha= 90.943 beta= 84.221 gamma= 96.335 V= 1306.11 score= 36.87 #  42
      a=20.71-20.74 b=11.75-11.77 c= 5.43- 5.46 alpha= 91.14- 91.22 beta= 84.03- 84.01 gamma= 96.24- 96.31 V=1307.65-1317.83level=6, indexed=1(49 sol.)
      a=0.00238-0.00238 b=0.00733-0.00731 c=0.03423-0.03388 alpha=0.00090-0.00090 beta=0.00028-0.00031 gamma=-0.00185--0.00184level=6, indexed=1(49 sol.)
 Solution ? a= 20.667 b= 11.735 c=  5.446 alpha= 90.943 beta= 84.221 gamma= 96.335 V= 1306.11 score= 36.86 #  49
      a=20.71-20.73 b=11.75-11.77 c= 5.43- 5.46 alpha= 91.14- 91.22 beta= 84.06- 84.04 gamma= 96.24- 96.31 V=1307.59-1317.76level=6, indexed=1(50 sol.)
      a=0.00238-0.00238 b=0.00733-0.00731 c=0.03423-0.03388 alpha=0.00090-0.00090 beta=0.00028-0.00031 gamma=-0.00184--0.00183level=6, indexed=1(50 sol.)
 Solution ? a= 20.667 b= 11.735 c=  5.446 alpha= 90.943 beta= 84.221 gamma= 96.335 V= 1306.11 score= 36.86 #  50
      a=20.71-20.74 b=11.77-11.79 c= 5.43- 5.46 alpha= 91.14- 91.22 beta= 84.09- 84.07 gamma= 96.30- 96.38 V=1309.60-1319.80level=6, indexed=1(57 sol.)
      a=0.00238-0.00238 b=0.00731-0.00729 c=0.03423-0.03388 alpha=0.00090-0.00091 beta=0.00028-0.00031 gamma=-0.00183--0.00183level=6, indexed=1(57 sol.)
 Solution ? a= 20.667 b= 11.735 c=  5.446 alpha= 90.943 beta= 84.221 gamma= 96.335 V= 1306.11 score= 36.86 #  57
      a=20.73-20.76 b=11.73-11.75 c= 5.43- 5.46 alpha= 91.00- 91.08 beta= 84.07- 84.05 gamma= 96.27- 96.35 V=1307.04-1317.21level=6, indexed=1(70 sol.)
      a=0.00238-0.00237 b=0.00735-0.00733 c=0.03423-0.03388 alpha=0.00090-0.00091 beta=0.00020-0.00024 gamma=-0.00184--0.00183level=6, indexed=1(70 sol.)
 Solution ? a= 20.667 b= 11.735 c=  5.446 alpha= 90.943 beta= 84.221 gamma= 96.335 V= 1306.11 score= 36.87 #  70
      a=20.74-20.77 b=11.74-11.76 c= 5.43- 5.46 alpha= 90.74- 90.82 beta= 84.01- 84.00 gamma= 96.41- 96.49 V=1307.55-1317.72level=6, indexed=1(429 sol.)
      a=0.00238-0.00237 b=0.00735-0.00733 c=0.03423-0.03388 alpha=0.00093-0.00094 beta=0.00004-0.00008 gamma=-0.00187--0.00186level=6, indexed=1(429 sol.)
 Solution ? a= 20.667 b= 11.735 c=  5.446 alpha= 90.943 beta= 84.221 gamma= 96.335 V= 1306.11 score= 36.87 # 429
      a=20.74-20.77 b=11.74-11.76 c= 5.44- 5.46 alpha= 90.82- 90.90 beta= 83.95- 83.93 gamma= 96.42- 96.49 V=1307.71-1317.88level=6, indexed=1(451 sol.)
      a=0.00238-0.00237 b=0.00735-0.00733 c=0.03423-0.03388 alpha=0.00093-0.00094 beta=0.00008-0.00012 gamma=-0.00189--0.00188level=6, indexed=1(451 sol.)
 Solution ? a= 20.667 b= 11.735 c=  5.446 alpha= 90.943 beta= 84.221 gamma= 96.335 V= 1306.11 score= 36.87 # 451
      a=20.73-20.76 b=11.74-11.75 c= 5.43- 5.46 alpha= 90.85- 90.94 beta= 84.14- 84.12 gamma= 96.31- 96.39 V=1306.99-1317.15level=6, indexed=1(713 sol.)
      a=0.00238-0.00237 b=0.00735-0.00733 c=0.03423-0.03388 alpha=0.00091-0.00092 beta=0.00012-0.00016 gamma=-0.00183--0.00182level=6, indexed=1(713 sol.)
 Solution ? a= 20.667 b= 11.735 c=  5.446 alpha= 90.943 beta= 84.221 gamma= 96.335 V= 1306.11 score= 36.87 # 713
      a=20.74-20.76 b=11.74-11.76 c= 5.43- 5.46 alpha= 90.80- 90.88 beta= 84.12- 84.10 gamma= 96.41- 96.49 V=1307.31-1317.48level=6, indexed=1(786 sol.)
      a=0.00238-0.00237 b=0.00735-0.00733 c=0.03423-0.03388 alpha=0.00093-0.00094 beta=0.00008-0.00012 gamma=-0.00183--0.00183level=6, indexed=1(786 sol.)
 Solution ? a= 20.667 b= 11.735 c=  5.446 alpha= 90.943 beta= 84.221 gamma= 96.335 V= 1306.11 score= 36.87 # 786
1901 solutions ! Redparing...
-> 17 remaining
2421 solutions ! Redparing...
-> 17 remaining
      a=20.66-20.68 b=11.75-11.77 c= 5.44- 5.46 alpha= 91.23- 91.31 beta= 83.87- 83.85 gamma= 96.23- 96.31 V=1304.17-1314.32level=6, indexed=1(21 sol.)
      a=0.00240-0.00239 b=0.00733-0.00731 c=0.03423-0.03388 alpha=0.00090-0.00090 beta=0.00031-0.00035 gamma=-0.00190--0.00189level=6, indexed=1(21 sol.)
 Solution ? a= 20.667 b= 11.735 c=  5.446 alpha= 90.943 beta= 84.221 gamma= 96.335 V= 1306.11 score= 36.87 #  21
      a=20.66-20.68 b=11.75-11.77 c= 5.44- 5.46 alpha= 91.22- 91.31 beta= 83.90- 83.88 gamma= 96.23- 96.31 V=1304.11-1314.25level=6, indexed=1(22 sol.)
      a=0.00240-0.00239 b=0.00733-0.00731 c=0.03423-0.03388 alpha=0.00090-0.00090 beta=0.00031-0.00035 gamma=-0.00189--0.00189level=6, indexed=1(22 sol.)
 Solution ? a= 20.667 b= 11.735 c=  5.446 alpha= 90.943 beta= 84.221 gamma= 96.335 V= 1306.11 score= 36.87 #  22
      a=20.66-20.68 b=11.75-11.77 c= 5.44- 5.46 alpha= 91.29- 91.38 beta= 83.89- 83.87 gamma= 96.24- 96.31 V=1304.14-1314.29level=6, indexed=1(23 sol.)
      a=0.00240-0.00239 b=0.00733-0.00731 c=0.03423-0.03388 alpha=0.00090-0.00090 beta=0.00035-0.00039 gamma=-0.00189--0.00189level=6, indexed=1(23 sol.)
 Solution ? a= 20.667 b= 11.735 c=  5.446 alpha= 90.943 beta= 84.221 gamma= 96.335 V= 1306.11 score= 36.86 #  23
      a=20.66-20.68 b=11.75-11.77 c= 5.44- 5.46 alpha= 91.23- 91.31 beta= 83.90- 83.88 gamma= 96.28- 96.36 V=1304.24-1314.39level=6, indexed=1(24 sol.)
      a=0.00240-0.00239 b=0.00733-0.00731 c=0.03423-0.03388 alpha=0.00090-0.00091 beta=0.00031-0.00035 gamma=-0.00189--0.00189level=6, indexed=1(24 sol.)
 Solution ? a= 20.667 b= 11.735 c=  5.446 alpha= 90.943 beta= 84.221 gamma= 96.335 V= 1306.11 score= 36.86 #  24
     a=20.70-20.73 b=11.77-11.79 c= 5.42- 5.45 alpha= 91.30- 91.39 beta= 83.72- 83.70 gamma= 96.49- 96.57 V=1304.76-1314.90level=5, indexed=1(68 sol.)
     a=0.00239-0.00239 b=0.00732-0.00730 c=0.03441-0.03406 alpha=0.00093-0.00094 beta=0.00033-0.00037 gamma=-0.00195--0.00194level=5, indexed=1(68 sol.)
 Solution ? a= 20.667 b= 11.735 c=  5.446 alpha= 90.943 beta= 84.221 gamma= 96.335 V= 1306.11 score= 36.86 #  68
      a=20.71-20.74 b=11.73-11.75 c= 5.44- 5.46 alpha= 91.22- 91.30 beta= 83.97- 83.95 gamma= 96.24- 96.31 V=1305.89-1316.05level=6, indexed=1(159 sol.)
      a=0.00238-0.00238 b=0.00735-0.00733 c=0.03423-0.03388 alpha=0.00090-0.00090 beta=0.00031-0.00035 gamma=-0.00187--0.00186level=6, indexed=1(159 sol.)
 Solution ? a= 20.667 b= 11.735 c=  5.446 alpha= 90.943 beta= 84.221 gamma= 96.335 V= 1306.11 score= 36.87 # 159
      a=20.74-20.76 b=11.74-11.76 c= 5.43- 5.46 alpha= 91.22- 91.31 beta= 84.10- 84.08 gamma= 96.46- 96.54 V=1307.42-1317.60level=6, indexed=1(276 sol.)
      a=0.00238-0.00237 b=0.00735-0.00733 c=0.03423-0.03388 alpha=0.00093-0.00094 beta=0.00031-0.00035 gamma=-0.00183--0.00182level=6, indexed=1(276 sol.)
 Solution ? a= 20.667 b= 11.735 c=  5.446 alpha= 90.943 beta= 84.221 gamma= 96.335 V= 1306.11 score= 36.87 # 276
      a=20.72-20.74 b=11.76-11.77 c= 5.43- 5.46 alpha= 90.86- 90.94 beta= 84.17- 84.15 gamma= 96.42- 96.50 V=1307.82-1318.00level=6, indexed=1(1626 sol.)
      a=0.00238-0.00238 b=0.00733-0.00731 c=0.03423-0.03388 alpha=0.00093-0.00094 beta=0.00012-0.00016 gamma=-0.00182--0.00181level=6, indexed=1(1626 sol.)
 Solution ? a= 20.667 b= 11.735 c=  5.446 alpha= 90.943 beta= 84.221 gamma= 96.335 V= 1306.11 score= 36.87 #1626
      a=20.73-20.75 b=11.74-11.75 c= 5.43- 5.46 alpha= 90.77- 90.85 beta= 84.26- 84.24 gamma= 96.30- 96.38 V=1306.71-1316.86level=6, indexed=1(1681 sol.)
      a=0.00238-0.00237 b=0.00735-0.00733 c=0.03423-0.03388 alpha=0.00091-0.00092 beta=0.00008-0.00012 gamma=-0.00179--0.00178level=6, indexed=1(1681 sol.)
 Solution ? a= 20.667 b= 11.735 c=  5.446 alpha= 90.943 beta= 84.221 gamma= 96.335 V= 1306.11 score= 36.87 #1681
2005 solutions ! Redparing...
-> 17 remaining
      a=20.71-20.74 b=11.76-11.77 c= 5.43- 5.46 alpha= 90.92- 91.01 beta= 84.25- 84.23 gamma= 96.43- 96.51 V=1307.66-1317.83level=6, indexed=1(17 sol.)
      a=0.00238-0.00238 b=0.00733-0.00731 c=0.03423-0.03388 alpha=0.00093-0.00094 beta=0.00016-0.00020 gamma=-0.00179--0.00178level=6, indexed=1(17 sol.)
 Solution ? a= 20.667 b= 11.735 c=  5.446 alpha= 90.943 beta= 84.221 gamma= 96.335 V= 1306.11 score= 36.87 #  17
      a=20.71-20.74 b=11.76-11.77 c= 5.43- 5.46 alpha= 91.00- 91.08 beta= 84.21- 84.19 gamma= 96.44- 96.51 V=1307.75-1317.93level=6, indexed=1(18 sol.)
      a=0.00238-0.00238 b=0.00733-0.00731 c=0.03423-0.03388 alpha=0.00093-0.00094 beta=0.00020-0.00024 gamma=-0.00180--0.00179level=6, indexed=1(18 sol.)
 Solution ? a= 20.667 b= 11.735 c=  5.446 alpha= 90.943 beta= 84.221 gamma= 96.335 V= 1306.11 score= 36.86 #  18
      a=20.71-20.74 b=11.76-11.77 c= 5.43- 5.46 alpha= 91.00- 91.08 beta= 84.24- 84.22 gamma= 96.44- 96.51 V=1307.68-1317.86level=6, indexed=1(19 sol.)
      a=0.00238-0.00238 b=0.00733-0.00731 c=0.03423-0.03388 alpha=0.00093-0.00094 beta=0.00020-0.00024 gamma=-0.00179--0.00178level=6, indexed=1(19 sol.)
 Solution ? a= 20.667 b= 11.735 c=  5.446 alpha= 90.943 beta= 84.221 gamma= 96.335 V= 1306.11 score= 36.86 #  19
      a=20.72-20.74 b=11.76-11.77 c= 5.43- 5.46 alpha= 91.08- 91.16 beta= 84.15- 84.13 gamma= 96.44- 96.52 V=1307.91-1318.09level=6, indexed=1(20 sol.)
      a=0.00238-0.00238 b=0.00733-0.00731 c=0.03423-0.03388 alpha=0.00093-0.00094 beta=0.00024-0.00028 gamma=-0.00182--0.00181level=6, indexed=1(20 sol.)
 Solution ? a= 20.667 b= 11.735 c=  5.446 alpha= 90.943 beta= 84.221 gamma= 96.335 V= 1306.11 score= 36.86 #  20
      a=20.71-20.74 b=11.76-11.77 c= 5.43- 5.46 alpha= 91.07- 91.16 beta= 84.17- 84.16 gamma= 96.44- 96.52 V=1307.84-1318.03level=6, indexed=1(21 sol.)
      a=0.00238-0.00238 b=0.00733-0.00731 c=0.03423-0.03388 alpha=0.00093-0.00094 beta=0.00024-0.00028 gamma=-0.00181--0.00180level=6, indexed=1(21 sol.)
 Solution ? a= 20.667 b= 11.735 c=  5.446 alpha= 90.943 beta= 84.221 gamma= 96.335 V= 1306.11 score= 36.86 #  21
      a=20.72-20.74 b=11.76-11.78 c= 5.43- 5.46 alpha= 91.15- 91.23 beta= 84.14- 84.12 gamma= 96.45- 96.53 V=1307.94-1318.13level=6, indexed=1(22 sol.)
      a=0.00238-0.00238 b=0.00733-0.00731 c=0.03423-0.03388 alpha=0.00093-0.00094 beta=0.00028-0.00031 gamma=-0.00182--0.00181level=6, indexed=1(22 sol.)
 Solution ? a= 20.667 b= 11.735 c=  5.446 alpha= 90.943 beta= 84.221 gamma= 96.335 V= 1306.11 score= 36.86 #  22
      a=20.72-20.74 b=11.76-11.78 c= 5.43- 5.46 alpha= 91.15- 91.23 beta= 84.17- 84.15 gamma= 96.45- 96.53 V=1307.87-1318.06level=6, indexed=1(23 sol.)
      a=0.00238-0.00238 b=0.00733-0.00731 c=0.03423-0.03388 alpha=0.00093-0.00094 beta=0.00028-0.00031 gamma=-0.00181--0.00180level=6, indexed=1(23 sol.)
 Solution ? a= 20.667 b= 11.735 c=  5.446 alpha= 90.943 beta= 84.221 gamma= 96.335 V= 1306.11 score= 36.86 #  23
      a=20.71-20.74 b=11.76-11.77 c= 5.43- 5.46 alpha= 91.07- 91.15 beta= 84.20- 84.19 gamma= 96.44- 96.52 V=1307.78-1317.96level=6, indexed=1(24 sol.)
      a=0.00238-0.00238 b=0.00733-0.00731 c=0.03423-0.03388 alpha=0.00093-0.00094 beta=0.00024-0.00028 gamma=-0.00180--0.00179level=6, indexed=1(24 sol.)
 Solution ? a= 20.667 b= 11.735 c=  5.446 alpha= 90.943 beta= 84.221 gamma= 96.335 V= 1306.11 score= 36.86 #  24
      a=20.71-20.74 b=11.76-11.77 c= 5.43- 5.46 alpha= 91.07- 91.15 beta= 84.23- 84.21 gamma= 96.44- 96.52 V=1307.71-1317.89level=6, indexed=1(25 sol.)
      a=0.00238-0.00238 b=0.00733-0.00731 c=0.03423-0.03388 alpha=0.00093-0.00094 beta=0.00024-0.00028 gamma=-0.00179--0.00178level=6, indexed=1(25 sol.)
 Solution ? a= 20.667 b= 11.735 c=  5.446 alpha= 90.943 beta= 84.221 gamma= 96.335 V= 1306.11 score= 36.86 #  25
      a=20.71-20.74 b=11.76-11.78 c= 5.43- 5.46 alpha= 91.14- 91.23 beta= 84.19- 84.18 gamma= 96.45- 96.53 V=1307.81-1317.99level=6, indexed=1(26 sol.)
      a=0.00238-0.00238 b=0.00733-0.00731 c=0.03423-0.03388 alpha=0.00093-0.00094 beta=0.00028-0.00031 gamma=-0.00180--0.00179level=6, indexed=1(26 sol.)
 Solution ? a= 20.667 b= 11.735 c=  5.446 alpha= 90.943 beta= 84.221 gamma= 96.335 V= 1306.11 score= 36.86 #  26
      a=20.71-20.74 b=11.76-11.78 c= 5.43- 5.46 alpha= 91.14- 91.22 beta= 84.22- 84.21 gamma= 96.45- 96.53 V=1307.74-1317.93level=6, indexed=1(27 sol.)
      a=0.00238-0.00238 b=0.00733-0.00731 c=0.03423-0.03388 alpha=0.00093-0.00094 beta=0.00028-0.00031 gamma=-0.00179--0.00178level=6, indexed=1(27 sol.)
 Solution ? a= 20.667 b= 11.735 c=  5.446 alpha= 90.943 beta= 84.221 gamma= 96.335 V= 1306.11 score= 36.86 #  27
      a=20.73-20.76 b=11.74-11.75 c= 5.43- 5.46 alpha= 90.92- 91.00 beta= 84.16- 84.14 gamma= 96.32- 96.40 V=1306.95-1317.11level=6, indexed=1(28 sol.)
      a=0.00238-0.00237 b=0.00735-0.00733 c=0.03423-0.03388 alpha=0.00091-0.00092 beta=0.00016-0.00020 gamma=-0.00182--0.00181level=6, indexed=1(28 sol.)
 Solution ? a= 20.667 b= 11.735 c=  5.446 alpha= 90.943 beta= 84.221 gamma= 96.335 V= 1306.11 score= 36.86 #  28
      a=20.73-20.75 b=11.74-11.75 c= 5.43- 5.46 alpha= 90.92- 91.00 beta= 84.19- 84.17 gamma= 96.32- 96.40 V=1306.89-1317.05level=6, indexed=1(29 sol.)
      a=0.00238-0.00237 b=0.00735-0.00733 c=0.03423-0.03388 alpha=0.00091-0.00092 beta=0.00016-0.00020 gamma=-0.00181--0.00180level=6, indexed=1(29 sol.)
 Solution ? a= 20.667 b= 11.735 c=  5.446 alpha= 90.943 beta= 84.221 gamma= 96.335 V= 1306.11 score= 36.86 #  29
      a=20.73-20.76 b=11.74-11.75 c= 5.43- 5.46 alpha= 90.99- 91.08 beta= 84.15- 84.13 gamma= 96.33- 96.40 V=1306.98-1317.14level=6, indexed=1(30 sol.)
      a=0.00238-0.00237 b=0.00735-0.00733 c=0.03423-0.03388 alpha=0.00091-0.00092 beta=0.00020-0.00024 gamma=-0.00182--0.00181level=6, indexed=1(30 sol.)
 Solution ? a= 20.667 b= 11.735 c=  5.446 alpha= 90.943 beta= 84.221 gamma= 96.335 V= 1306.11 score= 36.86 #  30
      a=20.73-20.75 b=11.74-11.75 c= 5.43- 5.46 alpha= 90.99- 91.07 beta= 84.18- 84.16 gamma= 96.33- 96.40 V=1306.91-1317.08level=6, indexed=1(31 sol.)
      a=0.00238-0.00237 b=0.00735-0.00733 c=0.03423-0.03388 alpha=0.00091-0.00092 beta=0.00020-0.00024 gamma=-0.00181--0.00180level=6, indexed=1(31 sol.)
 Solution ? a= 20.667 b= 11.735 c=  5.446 alpha= 90.943 beta= 84.221 gamma= 96.335 V= 1306.11 score= 36.86 #  31
      a=20.73-20.76 b=11.74-11.76 c= 5.43- 5.46 alpha= 90.93- 91.01 beta= 84.16- 84.14 gamma= 96.37- 96.45 V=1307.09-1317.26level=6, indexed=1(32 sol.)
      a=0.00238-0.00237 b=0.00735-0.00733 c=0.03423-0.03388 alpha=0.00092-0.00093 beta=0.00016-0.00020 gamma=-0.00182--0.00181level=6, indexed=1(32 sol.)
 Solution ? a= 20.667 b= 11.735 c=  5.446 alpha= 90.943 beta= 84.221 gamma= 96.335 V= 1306.11 score= 36.86 #  32
      a=20.73-20.76 b=11.74-11.76 c= 5.43- 5.46 alpha= 90.92- 91.01 beta= 84.19- 84.17 gamma= 96.37- 96.45 V=1307.02-1317.19level=6, indexed=1(33 sol.)
      a=0.00238-0.00237 b=0.00735-0.00733 c=0.03423-0.03388 alpha=0.00092-0.00093 beta=0.00016-0.00020 gamma=-0.00181--0.00180level=6, indexed=1(33 sol.)
 Solution ? a= 20.667 b= 11.735 c=  5.446 alpha= 90.943 beta= 84.221 gamma= 96.335 V= 1306.11 score= 36.86 #  33
      a=20.73-20.76 b=11.74-11.76 c= 5.43- 5.46 alpha= 91.00- 91.08 beta= 84.15- 84.13 gamma= 96.38- 96.46 V=1307.12-1317.29level=6, indexed=1(34 sol.)
      a=0.00238-0.00237 b=0.00735-0.00733 c=0.03423-0.03388 alpha=0.00092-0.00093 beta=0.00020-0.00024 gamma=-0.00182--0.00181level=6, indexed=1(34 sol.)
 Solution ? a= 20.667 b= 11.735 c=  5.446 alpha= 90.943 beta= 84.221 gamma= 96.335 V= 1306.11 score= 36.86 #  34
      a=20.73-20.76 b=11.74-11.76 c= 5.43- 5.46 alpha= 91.00- 91.08 beta= 84.18- 84.16 gamma= 96.38- 96.46 V=1307.05-1317.22level=6, indexed=1(35 sol.)
      a=0.00238-0.00237 b=0.00735-0.00733 c=0.03423-0.03388 alpha=0.00092-0.00093 beta=0.00020-0.00024 gamma=-0.00181--0.00180level=6, indexed=1(35 sol.)
 Solution ? a= 20.667 b= 11.735 c=  5.446 alpha= 90.943 beta= 84.221 gamma= 96.335 V= 1306.11 score= 36.86 #  35
      a=20.71-20.73 b=11.74-11.75 c= 5.43- 5.46 alpha= 90.92- 91.00 beta= 84.16- 84.15 gamma= 96.31- 96.39 V=1305.64-1315.79level=6, indexed=1(36 sol.)
      a=0.00238-0.00238 b=0.00735-0.00733 c=0.03423-0.03388 alpha=0.00091-0.00092 beta=0.00016-0.00020 gamma=-0.00182--0.00181level=6, indexed=1(36 sol.)
 Solution ? a= 20.667 b= 11.735 c=  5.446 alpha= 90.943 beta= 84.221 gamma= 96.335 V= 1306.11 score= 36.86 #  36
      a=20.71-20.73 b=11.74-11.75 c= 5.43- 5.46 alpha= 90.92- 91.00 beta= 84.19- 84.18 gamma= 96.31- 96.39 V=1305.58-1315.72level=6, indexed=1(37 sol.)
      a=0.00238-0.00238 b=0.00735-0.00733 c=0.03423-0.03388 alpha=0.00091-0.00092 beta=0.00016-0.00020 gamma=-0.00181--0.00180level=6, indexed=1(37 sol.)
 Solution ? a= 20.667 b= 11.735 c=  5.446 alpha= 90.943 beta= 84.221 gamma= 96.335 V= 1306.11 score= 36.86 #  37
      a=20.71-20.73 b=11.74-11.75 c= 5.43- 5.46 alpha= 90.99- 91.08 beta= 84.16- 84.14 gamma= 96.32- 96.40 V=1305.67-1315.82level=6, indexed=1(38 sol.)
      a=0.00238-0.00238 b=0.00735-0.00733 c=0.03423-0.03388 alpha=0.00091-0.00092 beta=0.00020-0.00024 gamma=-0.00182--0.00181level=6, indexed=1(38 sol.)
 Solution ? a= 20.667 b= 11.735 c=  5.446 alpha= 90.943 beta= 84.221 gamma= 96.335 V= 1306.11 score= 36.86 #  38
      a=20.71-20.73 b=11.74-11.75 c= 5.43- 5.46 alpha= 90.99- 91.07 beta= 84.18- 84.17 gamma= 96.32- 96.40 V=1305.60-1315.75level=6, indexed=1(39 sol.)
      a=0.00238-0.00238 b=0.00735-0.00733 c=0.03423-0.03388 alpha=0.00091-0.00092 beta=0.00020-0.00024 gamma=-0.00181--0.00180level=6, indexed=1(39 sol.)
 Solution ? a= 20.667 b= 11.735 c=  5.446 alpha= 90.943 beta= 84.221 gamma= 96.335 V= 1306.11 score= 36.86 #  39
      a=20.71-20.74 b=11.74-11.76 c= 5.43- 5.46 alpha= 90.93- 91.01 beta= 84.16- 84.15 gamma= 96.37- 96.44 V=1305.78-1315.93level=6, indexed=1(40 sol.)
      a=0.00238-0.00238 b=0.00735-0.00733 c=0.03423-0.03388 alpha=0.00092-0.00093 beta=0.00016-0.00020 gamma=-0.00182--0.00181level=6, indexed=1(40 sol.)
 Solution ? a= 20.667 b= 11.735 c=  5.446 alpha= 90.943 beta= 84.221 gamma= 96.335 V= 1306.11 score= 36.86 #  40
      a=20.71-20.74 b=11.74-11.76 c= 5.43- 5.46 alpha= 90.92- 91.01 beta= 84.19- 84.18 gamma= 96.37- 96.44 V=1305.71-1315.87level=6, indexed=1(41 sol.)
      a=0.00238-0.00238 b=0.00735-0.00733 c=0.03423-0.03388 alpha=0.00092-0.00093 beta=0.00016-0.00020 gamma=-0.00181--0.00180level=6, indexed=1(41 sol.)
 Solution ? a= 20.667 b= 11.735 c=  5.446 alpha= 90.943 beta= 84.221 gamma= 96.335 V= 1306.11 score= 36.86 #  41
      a=20.71-20.74 b=11.74-11.76 c= 5.43- 5.46 alpha= 91.00- 91.08 beta= 84.16- 84.14 gamma= 96.37- 96.45 V=1305.81-1315.96level=6, indexed=1(42 sol.)
      a=0.00238-0.00238 b=0.00735-0.00733 c=0.03423-0.03388 alpha=0.00092-0.00093 beta=0.00020-0.00024 gamma=-0.00182--0.00181level=6, indexed=1(42 sol.)
 Solution ? a= 20.667 b= 11.735 c=  5.446 alpha= 90.943 beta= 84.221 gamma= 96.335 V= 1306.11 score= 36.87 #  42
      a=20.71-20.74 b=11.74-11.76 c= 5.43- 5.46 alpha= 91.00- 91.08 beta= 84.18- 84.17 gamma= 96.37- 96.45 V=1305.74-1315.90level=6, indexed=1(43 sol.)
      a=0.00238-0.00238 b=0.00735-0.00733 c=0.03423-0.03388 alpha=0.00092-0.00093 beta=0.00020-0.00024 gamma=-0.00181--0.00180level=6, indexed=1(43 sol.)
 Solution ? a= 20.667 b= 11.735 c=  5.446 alpha= 90.943 beta= 84.221 gamma= 96.335 V= 1306.11 score= 36.86 #  43
      a=20.73-20.75 b=11.74-11.75 c= 5.43- 5.46 alpha= 90.92- 91.00 beta= 84.21- 84.20 gamma= 96.32- 96.40 V=1306.82-1316.98level=6, indexed=1(44 sol.)
      a=0.00238-0.00237 b=0.00735-0.00733 c=0.03423-0.03388 alpha=0.00091-0.00092 beta=0.00016-0.00020 gamma=-0.00180--0.00179level=6, indexed=1(44 sol.)
 Solution ? a= 20.667 b= 11.735 c=  5.446 alpha= 90.943 beta= 84.221 gamma= 96.335 V= 1306.11 score= 36.86 #  44
      a=20.73-20.75 b=11.74-11.75 c= 5.43- 5.46 alpha= 90.91- 91.00 beta= 84.24- 84.23 gamma= 96.32- 96.39 V=1306.76-1316.92level=6, indexed=1(45 sol.)
      a=0.00238-0.00237 b=0.00735-0.00733 c=0.03423-0.03388 alpha=0.00091-0.00092 beta=0.00016-0.00020 gamma=-0.00179--0.00178level=6, indexed=1(45 sol.)
 Solution ? a= 20.667 b= 11.735 c=  5.446 alpha= 90.943 beta= 84.221 gamma= 96.335 V= 1306.11 score= 36.86 #  45
      a=20.73-20.75 b=11.74-11.75 c= 5.43- 5.46 alpha= 90.99- 91.07 beta= 84.21- 84.19 gamma= 96.32- 96.40 V=1306.85-1317.01level=6, indexed=1(46 sol.)
      a=0.00238-0.00237 b=0.00735-0.00733 c=0.03423-0.03388 alpha=0.00091-0.00092 beta=0.00020-0.00024 gamma=-0.00180--0.00179level=6, indexed=1(46 sol.)
 Solution ? a= 20.667 b= 11.735 c=  5.446 alpha= 90.943 beta= 84.221 gamma= 96.335 V= 1306.11 score= 36.86 #  46
      a=20.73-20.75 b=11.74-11.75 c= 5.43- 5.46 alpha= 90.98- 91.07 beta= 84.24- 84.22 gamma= 96.32- 96.40 V=1306.78-1316.95level=6, indexed=1(47 sol.)
      a=0.00238-0.00237 b=0.00735-0.00733 c=0.03423-0.03388 alpha=0.00091-0.00092 beta=0.00020-0.00024 gamma=-0.00179--0.00178level=6, indexed=1(47 sol.)
 Solution ? a= 20.667 b= 11.735 c=  5.446 alpha= 90.943 beta= 84.221 gamma= 96.335 V= 1306.11 score= 36.86 #  47
      a=20.73-20.76 b=11.74-11.76 c= 5.43- 5.46 alpha= 90.92- 91.00 beta= 84.21- 84.20 gamma= 96.37- 96.45 V=1306.96-1317.12level=6, indexed=1(48 sol.)
      a=0.00238-0.00237 b=0.00735-0.00733 c=0.03423-0.03388 alpha=0.00092-0.00093 beta=0.00016-0.00020 gamma=-0.00180--0.00179level=6, indexed=1(48 sol.)
 Solution ? a= 20.667 b= 11.735 c=  5.446 alpha= 90.943 beta= 84.221 gamma= 96.335 V= 1306.11 score= 36.86 #  48
      a=20.73-20.75 b=11.74-11.76 c= 5.43- 5.46 alpha= 90.92- 91.00 beta= 84.24- 84.23 gamma= 96.37- 96.45 V=1306.89-1317.06level=6, indexed=1(49 sol.)
      a=0.00238-0.00237 b=0.00735-0.00733 c=0.03423-0.03388 alpha=0.00092-0.00093 beta=0.00016-0.00020 gamma=-0.00179--0.00178level=6, indexed=1(49 sol.)
 Solution ? a= 20.667 b= 11.735 c=  5.446 alpha= 90.943 beta= 84.221 gamma= 96.335 V= 1306.11 score= 36.86 #  49
      a=20.73-20.76 b=11.74-11.76 c= 5.43- 5.46 alpha= 90.99- 91.08 beta= 84.21- 84.19 gamma= 96.38- 96.46 V=1306.99-1317.15level=6, indexed=1(50 sol.)
      a=0.00238-0.00237 b=0.00735-0.00733 c=0.03423-0.03388 alpha=0.00092-0.00093 beta=0.00020-0.00024 gamma=-0.00180--0.00179level=6, indexed=1(50 sol.)
 Solution ? a= 20.667 b= 11.735 c=  5.446 alpha= 90.943 beta= 84.221 gamma= 96.335 V= 1306.11 score= 36.86 #  50
      a=20.71-20.73 b=11.74-11.76 c= 5.43- 5.46 alpha= 90.99- 91.07 beta= 84.24- 84.22 gamma= 96.37- 96.45 V=1305.61-1315.76level=6, indexed=1(59 sol.)
      a=0.00238-0.00238 b=0.00735-0.00733 c=0.03423-0.03388 alpha=0.00092-0.00093 beta=0.00020-0.00024 gamma=-0.00179--0.00178level=6, indexed=1(59 sol.)
 Solution ? a= 20.667 b= 11.735 c=  5.446 alpha= 90.943 beta= 84.221 gamma= 96.335 V= 1306.11 score= 36.86 #  59
      a=20.73-20.76 b=11.74-11.76 c= 5.43- 5.46 alpha= 91.07- 91.15 beta= 84.14- 84.13 gamma= 96.33- 96.41 V=1307.01-1317.18level=6, indexed=1(60 sol.)
      a=0.00238-0.00237 b=0.00735-0.00733 c=0.03423-0.03388 alpha=0.00091-0.00092 beta=0.00024-0.00028 gamma=-0.00182--0.00181level=6, indexed=1(60 sol.)
 Solution ? a= 20.667 b= 11.735 c=  5.446 alpha= 90.943 beta= 84.221 gamma= 96.335 V= 1306.11 score= 36.87 #  60
      a=20.72-20.74 b=11.74-11.76 c= 5.43- 5.46 alpha= 90.93- 91.01 beta= 84.16- 84.15 gamma= 96.42- 96.50 V=1305.92-1316.07level=6, indexed=1(96 sol.)
      a=0.00238-0.00238 b=0.00735-0.00733 c=0.03423-0.03388 alpha=0.00093-0.00094 beta=0.00016-0.00020 gamma=-0.00182--0.00181level=6, indexed=1(96 sol.)
 Solution ? a= 20.667 b= 11.735 c=  5.446 alpha= 90.943 beta= 84.221 gamma= 96.335 V= 1306.11 score= 36.87 #  96
      a=20.73-20.75 b=11.75-11.77 c= 5.43- 5.46 alpha= 90.91- 90.99 beta= 84.30- 84.28 gamma= 96.33- 96.40 V=1308.56-1318.74level=6, indexed=1(141 sol.)
      a=0.00238-0.00237 b=0.00733-0.00731 c=0.03423-0.03388 alpha=0.00091-0.00092 beta=0.00016-0.00020 gamma=-0.00177--0.00176level=6, indexed=1(141 sol.)
 Solution ? a= 20.667 b= 11.735 c=  5.446 alpha= 90.943 beta= 84.221 gamma= 96.335 V= 1306.11 score= 36.87 # 141
      a=20.71-20.73 b=11.75-11.77 c= 5.43- 5.46 alpha= 91.12- 91.21 beta= 84.34- 84.32 gamma= 96.39- 96.47 V=1307.35-1317.52level=6, indexed=1(203 sol.)
      a=0.00238-0.00238 b=0.00733-0.00731 c=0.03423-0.03388 alpha=0.00092-0.00093 beta=0.00028-0.00031 gamma=-0.00176--0.00175level=6, indexed=1(203 sol.)
 Solution ? a= 20.667 b= 11.735 c=  5.446 alpha= 90.943 beta= 84.221 gamma= 96.335 V= 1306.11 score= 36.87 # 203
      a=20.67-20.69 b=11.77-11.79 c= 5.43- 5.46 alpha= 90.91- 90.99 beta= 84.23- 84.22 gamma= 96.26- 96.34 V=1306.63-1316.79level=6, indexed=1(1048 sol.)
      a=0.00239-0.00239 b=0.00731-0.00729 c=0.03423-0.03388 alpha=0.00090-0.00091 beta=0.00016-0.00020 gamma=-0.00180--0.00179level=6, indexed=1(1048 sol.)
 Solution ? a= 20.667 b= 11.735 c=  5.446 alpha= 90.943 beta= 84.221 gamma= 96.335 V= 1306.11 score= 36.87 #1048
1607 solutions ! Redparing...
-> 17 remaining
      a=20.67-20.69 b=11.73-11.75 c= 5.43- 5.46 alpha= 90.84- 90.92 beta= 84.27- 84.25 gamma= 96.29- 96.37 V=1302.81-1312.93level=6, indexed=1(17 sol.)
      a=0.00239-0.00239 b=0.00735-0.00733 c=0.03423-0.03388 alpha=0.00091-0.00092 beta=0.00012-0.00016 gamma=-0.00179--0.00178level=6, indexed=1(17 sol.)
 Solution ? a= 20.667 b= 11.735 c=  5.446 alpha= 90.943 beta= 84.221 gamma= 96.335 V= 1306.11 score= 36.86 #  17
      a=20.67-20.69 b=11.74-11.75 c= 5.43- 5.46 alpha= 90.77- 90.86 beta= 84.25- 84.23 gamma= 96.34- 96.42 V=1302.99-1313.11level=6, indexed=1(18 sol.)
      a=0.00239-0.00239 b=0.00735-0.00733 c=0.03423-0.03388 alpha=0.00092-0.00093 beta=0.00008-0.00012 gamma=-0.00180--0.00179level=6, indexed=1(18 sol.)
 Solution ? a= 20.667 b= 11.735 c=  5.446 alpha= 90.943 beta= 84.221 gamma= 96.335 V= 1306.11 score= 36.87 #  18
      a=20.67-20.69 b=11.74-11.75 c= 5.43- 5.46 alpha= 90.77- 90.85 beta= 84.27- 84.26 gamma= 96.34- 96.42 V=1302.93-1313.05level=6, indexed=1(19 sol.)
      a=0.00239-0.00239 b=0.00735-0.00733 c=0.03423-0.03388 alpha=0.00092-0.00093 beta=0.00008-0.00012 gamma=-0.00179--0.00178level=6, indexed=1(19 sol.)
 Solution ? a= 20.667 b= 11.735 c=  5.446 alpha= 90.943 beta= 84.221 gamma= 96.335 V= 1306.11 score= 36.87 #  19
      a=20.67-20.69 b=11.74-11.76 c= 5.43- 5.46 alpha= 90.85- 90.93 beta= 84.24- 84.22 gamma= 96.35- 96.42 V=1303.01-1313.14level=6, indexed=1(20 sol.)
      a=0.00239-0.00239 b=0.00735-0.00733 c=0.03423-0.03388 alpha=0.00092-0.00093 beta=0.00012-0.00016 gamma=-0.00180--0.00179level=6, indexed=1(20 sol.)
 Solution ? a= 20.667 b= 11.735 c=  5.446 alpha= 90.943 beta= 84.221 gamma= 96.335 V= 1306.11 score= 36.86 #  20
      a=20.67-20.69 b=11.74-11.76 c= 5.43- 5.46 alpha= 90.84- 90.92 beta= 84.27- 84.25 gamma= 96.35- 96.42 V=1302.95-1313.07level=6, indexed=1(21 sol.)
      a=0.00239-0.00239 b=0.00735-0.00733 c=0.03423-0.03388 alpha=0.00092-0.00093 beta=0.00012-0.00016 gamma=-0.00179--0.00178level=6, indexed=1(21 sol.)
 Solution ? a= 20.667 b= 11.735 c=  5.446 alpha= 90.943 beta= 84.221 gamma= 96.335 V= 1306.11 score= 36.86 #  21
      a=20.69-20.71 b=11.74-11.76 c= 5.43- 5.46 alpha= 90.71- 90.79 beta= 84.28- 84.26 gamma= 96.39- 96.47 V=1304.35-1314.48level=6, indexed=1(37 sol.)
      a=0.00239-0.00238 b=0.00735-0.00733 c=0.03423-0.03388 alpha=0.00093-0.00094 beta=0.00004-0.00008 gamma=-0.00179--0.00178level=6, indexed=1(37 sol.)
 Solution ? a= 20.667 b= 11.735 c=  5.446 alpha= 90.943 beta= 84.221 gamma= 96.335 V= 1306.11 score= 36.87 #  37
      a=20.69-20.72 b=11.74-11.76 c= 5.43- 5.46 alpha= 90.78- 90.87 beta= 84.21- 84.20 gamma= 96.40- 96.48 V=1304.50-1314.63level=6, indexed=1(47 sol.)
      a=0.00239-0.00238 b=0.00735-0.00733 c=0.03423-0.03388 alpha=0.00093-0.00094 beta=0.00008-0.00012 gamma=-0.00181--0.00180level=6, indexed=1(47 sol.)
 Solution ? a= 20.667 b= 11.735 c=  5.446 alpha= 90.943 beta= 84.221 gamma= 96.335 V= 1306.11 score= 36.86 #  47
      a=20.69-20.72 b=11.74-11.76 c= 5.43- 5.46 alpha= 90.86- 90.94 beta= 84.18- 84.16 gamma= 96.41- 96.49 V=1304.58-1314.72level=6, indexed=1(48 sol.)
      a=0.00239-0.00238 b=0.00735-0.00733 c=0.03423-0.03388 alpha=0.00093-0.00094 beta=0.00012-0.00016 gamma=-0.00182--0.00181level=6, indexed=1(48 sol.)
 Solution ? a= 20.667 b= 11.735 c=  5.446 alpha= 90.943 beta= 84.221 gamma= 96.335 V= 1306.11 score= 36.86 #  48
      a=20.69-20.72 b=11.74-11.76 c= 5.43- 5.46 alpha= 90.86- 90.94 beta= 84.20- 84.19 gamma= 96.41- 96.48 V=1304.52-1314.66level=6, indexed=1(49 sol.)
      a=0.00239-0.00238 b=0.00735-0.00733 c=0.03423-0.03388 alpha=0.00093-0.00094 beta=0.00012-0.00016 gamma=-0.00181--0.00180level=6, indexed=1(49 sol.)
 Solution ? a= 20.667 b= 11.735 c=  5.446 alpha= 90.943 beta= 84.221 gamma= 96.335 V= 1306.11 score= 36.86 #  49
      a=20.69-20.72 b=11.74-11.76 c= 5.43- 5.46 alpha= 90.78- 90.86 beta= 84.24- 84.22 gamma= 96.40- 96.48 V=1304.43-1314.57level=6, indexed=1(58 sol.)
      a=0.00239-0.00238 b=0.00735-0.00733 c=0.03423-0.03388 alpha=0.00093-0.00094 beta=0.00008-0.00012 gamma=-0.00180--0.00179level=6, indexed=1(58 sol.)
 Solution ? a= 20.667 b= 11.735 c=  5.446 alpha= 90.943 beta= 84.221 gamma= 96.335 V= 1306.11 score= 36.86 #  58
      a=20.69-20.72 b=11.74-11.76 c= 5.43- 5.46 alpha= 90.86- 90.94 beta= 84.26- 84.24 gamma= 96.46- 96.54 V=1304.53-1314.67level=6, indexed=1(65 sol.)
      a=0.00239-0.00238 b=0.00735-0.00733 c=0.03423-0.03388 alpha=0.00094-0.00094 beta=0.00012-0.00016 gamma=-0.00179--0.00178level=6, indexed=1(65 sol.)
 Solution ? a= 20.667 b= 11.735 c=  5.446 alpha= 90.943 beta= 84.221 gamma= 96.335 V= 1306.11 score= 36.87 #  65
      a=20.65-20.67 b=11.73-11.75 c= 5.43- 5.46 alpha= 90.76- 90.85 beta= 84.28- 84.27 gamma= 96.28- 96.35 V=1301.49-1311.59level=6, indexed=1(143 sol.)
      a=0.00240-0.00239 b=0.00735-0.00733 c=0.03423-0.03388 alpha=0.00091-0.00092 beta=0.00008-0.00012 gamma=-0.00179--0.00178level=6, indexed=1(143 sol.)
 Solution ? a= 20.667 b= 11.735 c=  5.446 alpha= 90.943 beta= 84.221 gamma= 96.335 V= 1306.11 score= 36.87 # 143
      a=20.66-20.69 b=11.75-11.77 c= 5.43- 5.46 alpha= 90.68- 90.76 beta= 84.40- 84.38 gamma= 96.28- 96.36 V=1304.44-1314.57level=6, indexed=1(177 sol.)
      a=0.00239-0.00239 b=0.00733-0.00731 c=0.03423-0.03388 alpha=0.00091-0.00092 beta=0.00004-0.00008 gamma=-0.00176--0.00175level=6, indexed=1(177 sol.)
 Solution ? a= 20.667 b= 11.735 c=  5.446 alpha= 90.943 beta= 84.221 gamma= 96.335 V= 1306.11 score= 36.87 # 177
      a=20.69-20.71 b=11.75-11.77 c= 5.43- 5.46 alpha= 90.77- 90.85 beta= 84.30- 84.28 gamma= 96.35- 96.43 V=1306.10-1316.25level=6, indexed=1(186 sol.)
      a=0.00239-0.00238 b=0.00733-0.00731 c=0.03423-0.03388 alpha=0.00092-0.00093 beta=0.00008-0.00012 gamma=-0.00178--0.00177level=6, indexed=1(186 sol.)
 Solution ? a= 20.667 b= 11.735 c=  5.446 alpha= 90.943 beta= 84.221 gamma= 96.335 V= 1306.11 score= 36.87 # 186
      a=20.68-20.71 b=11.74-11.75 c= 5.43- 5.46 alpha= 91.04- 91.12 beta= 84.35- 84.33 gamma= 96.32- 96.39 V=1303.94-1314.08level=6, indexed=1(919 sol.)
      a=0.00239-0.00238 b=0.00735-0.00733 c=0.03423-0.03388 alpha=0.00091-0.00092 beta=0.00024-0.00028 gamma=-0.00176--0.00175level=6, indexed=1(919 sol.)
 Solution ? a= 20.667 b= 11.735 c=  5.446 alpha= 90.943 beta= 84.221 gamma= 96.335 V= 1306.11 score= 36.87 # 919
2358 solutions ! Redparing...
-> 18 remaining
      a=20.68-20.70 b=11.73-11.75 c= 5.43- 5.46 alpha= 91.03- 91.11 beta= 84.44- 84.42 gamma= 96.26- 96.34 V=1303.62-1313.75level=6, indexed=1(21 sol.)
      a=0.00239-0.00238 b=0.00735-0.00733 c=0.03423-0.03388 alpha=0.00090-0.00091 beta=0.00024-0.00028 gamma=-0.00173--0.00172level=6, indexed=1(21 sol.)
 Solution ? a= 20.667 b= 11.735 c=  5.446 alpha= 90.943 beta= 84.221 gamma= 96.335 V= 1306.11 score= 36.86 #  21
      a=20.68-20.70 b=11.73-11.75 c= 5.43- 5.46 alpha= 91.02- 91.11 beta= 84.46- 84.45 gamma= 96.26- 96.34 V=1303.56-1313.68level=6, indexed=1(22 sol.)
      a=0.00239-0.00238 b=0.00735-0.00733 c=0.03423-0.03388 alpha=0.00090-0.00091 beta=0.00024-0.00028 gamma=-0.00172--0.00171level=6, indexed=1(22 sol.)
 Solution ? a= 20.667 b= 11.735 c=  5.446 alpha= 90.943 beta= 84.221 gamma= 96.335 V= 1306.11 score= 36.86 #  22
      a=20.63-20.66 b=11.77-11.79 c= 5.43- 5.46 alpha= 90.88- 90.96 beta= 84.41- 84.39 gamma= 96.15- 96.22 V=1304.68-1314.82level=6, indexed=1(29 sol.)
      a=0.00240-0.00239 b=0.00731-0.00729 c=0.03423-0.03388 alpha=0.00089-0.00090 beta=0.00016-0.00020 gamma=-0.00175--0.00174level=6, indexed=1(29 sol.)
 Solution ? a= 20.667 b= 11.735 c=  5.446 alpha= 90.943 beta= 84.221 gamma= 96.335 V= 1306.11 score= 36.86 #  29
      a=20.64-20.66 b=11.77-11.79 c= 5.43- 5.46 alpha= 90.88- 90.97 beta= 84.41- 84.39 gamma= 96.20- 96.28 V=1304.81-1314.95level=6, indexed=1(33 sol.)
      a=0.00240-0.00239 b=0.00731-0.00729 c=0.03423-0.03388 alpha=0.00090-0.00090 beta=0.00016-0.00020 gamma=-0.00175--0.00174level=6, indexed=1(33 sol.)
 Solution ? a= 20.667 b= 11.735 c=  5.446 alpha= 90.943 beta= 84.221 gamma= 96.335 V= 1306.11 score= 36.86 #  33
      a=20.64-20.66 b=11.77-11.79 c= 5.43- 5.46 alpha= 90.88- 90.96 beta= 84.43- 84.42 gamma= 96.20- 96.28 V=1304.75-1314.89level=6, indexed=1(34 sol.)
      a=0.00240-0.00239 b=0.00731-0.00729 c=0.03423-0.03388 alpha=0.00090-0.00090 beta=0.00016-0.00020 gamma=-0.00174--0.00173level=6, indexed=1(34 sol.)
 Solution ? a= 20.667 b= 11.735 c=  5.446 alpha= 90.943 beta= 84.221 gamma= 96.335 V= 1306.11 score= 36.87 #  34
      a=20.64-20.66 b=11.77-11.79 c= 5.43- 5.46 alpha= 90.89- 90.97 beta= 84.41- 84.39 gamma= 96.25- 96.33 V=1304.95-1315.09level=6, indexed=1(35 sol.)
      a=0.00240-0.00239 b=0.00731-0.00729 c=0.03423-0.03388 alpha=0.00090-0.00091 beta=0.00016-0.00020 gamma=-0.00175--0.00174level=6, indexed=1(35 sol.)
 Solution ? a= 20.667 b= 11.735 c=  5.446 alpha= 90.943 beta= 84.221 gamma= 96.335 V= 1306.11 score= 36.86 #  35
      a=20.64-20.66 b=11.77-11.79 c= 5.43- 5.46 alpha= 90.89- 90.97 beta= 84.43- 84.42 gamma= 96.25- 96.33 V=1304.89-1315.03level=6, indexed=1(36 sol.)
      a=0.00240-0.00239 b=0.00731-0.00729 c=0.03423-0.03388 alpha=0.00090-0.00091 beta=0.00016-0.00020 gamma=-0.00174--0.00173level=6, indexed=1(36 sol.)
 Solution ? a= 20.667 b= 11.735 c=  5.446 alpha= 90.943 beta= 84.221 gamma= 96.335 V= 1306.11 score= 36.86 #  36
      a=20.64-20.66 b=11.75-11.77 c= 5.43- 5.46 alpha= 90.88- 90.97 beta= 84.41- 84.39 gamma= 96.19- 96.27 V=1302.88-1313.00level=6, indexed=1(39 sol.)
      a=0.00240-0.00239 b=0.00733-0.00731 c=0.03423-0.03388 alpha=0.00090-0.00090 beta=0.00016-0.00020 gamma=-0.00175--0.00174level=6, indexed=1(39 sol.)
 Solution ? a= 20.667 b= 11.735 c=  5.446 alpha= 90.943 beta= 84.221 gamma= 96.335 V= 1306.11 score= 36.86 #  39
      a=20.64-20.66 b=11.75-11.77 c= 5.43- 5.46 alpha= 90.88- 90.96 beta= 84.43- 84.42 gamma= 96.19- 96.27 V=1302.82-1312.94level=6, indexed=1(40 sol.)
      a=0.00240-0.00239 b=0.00733-0.00731 c=0.03423-0.03388 alpha=0.00090-0.00090 beta=0.00016-0.00020 gamma=-0.00174--0.00173level=6, indexed=1(40 sol.)
 Solution ? a= 20.667 b= 11.735 c=  5.446 alpha= 90.943 beta= 84.221 gamma= 96.335 V= 1306.11 score= 36.86 #  40
      a=20.64-20.66 b=11.75-11.77 c= 5.43- 5.46 alpha= 90.96- 91.04 beta= 84.40- 84.38 gamma= 96.20- 96.27 V=1302.91-1313.03level=6, indexed=1(41 sol.)
      a=0.00240-0.00239 b=0.00733-0.00731 c=0.03423-0.03388 alpha=0.00090-0.00090 beta=0.00020-0.00024 gamma=-0.00175--0.00174level=6, indexed=1(41 sol.)
 Solution ? a= 20.667 b= 11.735 c=  5.446 alpha= 90.943 beta= 84.221 gamma= 96.335 V= 1306.11 score= 36.86 #  41
      a=20.68-20.70 b=11.75-11.77 c= 5.43- 5.46 alpha= 90.88- 90.96 beta= 84.51- 84.49 gamma= 96.26- 96.33 V=1305.37-1315.51level=6, indexed=1(65 sol.)
      a=0.00239-0.00238 b=0.00733-0.00731 c=0.03423-0.03388 alpha=0.00090-0.00091 beta=0.00016-0.00020 gamma=-0.00171--0.00170level=6, indexed=1(65 sol.)
 Solution ? a= 20.667 b= 11.735 c=  5.446 alpha= 90.943 beta= 84.221 gamma= 96.335 V= 1306.11 score= 36.87 #  65
      a=20.68-20.70 b=11.75-11.77 c= 5.43- 5.46 alpha= 90.95- 91.03 beta= 84.50- 84.48 gamma= 96.26- 96.34 V=1305.40-1315.54level=6, indexed=1(67 sol.)
      a=0.00239-0.00238 b=0.00733-0.00731 c=0.03423-0.03388 alpha=0.00090-0.00091 beta=0.00020-0.00024 gamma=-0.00171--0.00170level=6, indexed=1(67 sol.)
 Solution ? a= 20.667 b= 11.735 c=  5.446 alpha= 90.943 beta= 84.221 gamma= 96.335 V= 1306.11 score= 36.87 #  67
      a=20.69-20.71 b=11.75-11.77 c= 5.43- 5.46 alpha= 90.69- 90.77 beta= 84.42- 84.40 gamma= 96.40- 96.48 V=1305.96-1316.11level=6, indexed=1(158 sol.)
      a=0.00239-0.00238 b=0.00733-0.00731 c=0.03423-0.03388 alpha=0.00093-0.00094 beta=0.00004-0.00008 gamma=-0.00175--0.00174level=6, indexed=1(158 sol.)
 Solution ? a= 20.667 b= 11.735 c=  5.446 alpha= 90.943 beta= 84.221 gamma= 96.335 V= 1306.11 score= 36.87 # 158
      a=20.68-20.70 b=11.73-11.75 c= 5.43- 5.46 alpha= 90.61- 90.68 beta= 84.45- 84.44 gamma= 96.27- 96.35 V=1303.68-1313.79level=6, indexed=1(205 sol.)
      a=0.00239-0.00238 b=0.00735-0.00733 c=0.03423-0.03388 alpha=0.00091-0.00092 beta=0.00000-0.00004 gamma=-0.00174--0.00173level=6, indexed=1(205 sol.)
 Solution ? a= 20.667 b= 11.735 c=  5.446 alpha= 90.943 beta= 84.221 gamma= 96.335 V= 1306.11 score= 36.87 # 205
1168 solutions ! Redparing...
-> 18 remaining
      a=20.69-20.71 b=11.75-11.77 c= 5.43- 5.46 alpha= 91.34- 91.43 beta= 84.18- 84.16 gamma= 96.30- 96.38 V=1306.19-1316.36level=6, indexed=1(22 sol.)
      a=0.00239-0.00238 b=0.00733-0.00731 c=0.03423-0.03388 alpha=0.00090-0.00091 beta=0.00039-0.00043 gamma=-0.00180--0.00179level=6, indexed=1(22 sol.)
 Solution ? a= 20.667 b= 11.735 c=  5.446 alpha= 90.943 beta= 84.221 gamma= 96.335 V= 1306.11 score= 36.86 #  22
      a=20.69-20.71 b=11.75-11.77 c= 5.43- 5.46 alpha= 91.34- 91.42 beta= 84.21- 84.19 gamma= 96.30- 96.38 V=1306.13-1316.30level=6, indexed=1(23 sol.)
      a=0.00239-0.00238 b=0.00733-0.00731 c=0.03423-0.03388 alpha=0.00090-0.00091 beta=0.00039-0.00043 gamma=-0.00179--0.00178level=6, indexed=1(23 sol.)
 Solution ? a= 20.667 b= 11.735 c=  5.446 alpha= 90.943 beta= 84.221 gamma= 96.335 V= 1306.11 score= 36.86 #  23
      a=20.69-20.71 b=11.75-11.77 c= 5.43- 5.46 alpha= 91.41- 91.50 beta= 84.17- 84.15 gamma= 96.31- 96.39 V=1306.23-1316.40level=6, indexed=1(24 sol.)
      a=0.00239-0.00238 b=0.00733-0.00731 c=0.03423-0.03388 alpha=0.00090-0.00091 beta=0.00043-0.00047 gamma=-0.00180--0.00179level=6, indexed=1(24 sol.)
 Solution ? a= 20.667 b= 11.735 c=  5.446 alpha= 90.943 beta= 84.221 gamma= 96.335 V= 1306.11 score= 36.87 #  24
      a=20.66-20.69 b=11.75-11.77 c= 5.43- 5.46 alpha= 91.33- 91.42 beta= 84.19- 84.17 gamma= 96.24- 96.32 V=1304.75-1314.90level=6, indexed=1(26 sol.)
      a=0.00239-0.00239 b=0.00733-0.00731 c=0.03423-0.03388 alpha=0.00090-0.00090 beta=0.00039-0.00043 gamma=-0.00180--0.00179level=6, indexed=1(26 sol.)
 Solution ? a= 20.667 b= 11.735 c=  5.446 alpha= 90.943 beta= 84.221 gamma= 96.335 V= 1306.11 score= 36.86 #  26
      a=20.69-20.71 b=11.74-11.75 c= 5.43- 5.46 alpha= 91.20- 91.29 beta= 84.14- 84.12 gamma= 96.28- 96.36 V=1304.32-1314.46level=6, indexed=1(34 sol.)
      a=0.00239-0.00238 b=0.00735-0.00733 c=0.03423-0.03388 alpha=0.00090-0.00091 beta=0.00031-0.00035 gamma=-0.00182--0.00181level=6, indexed=1(34 sol.)
 Solution ? a= 20.667 b= 11.735 c=  5.446 alpha= 90.943 beta= 84.221 gamma= 96.335 V= 1306.11 score= 36.86 #  34
      a=20.69-20.71 b=11.74-11.75 c= 5.43- 5.46 alpha= 91.20- 91.28 beta= 84.17- 84.15 gamma= 96.28- 96.36 V=1304.25-1314.40level=6, indexed=1(35 sol.)
      a=0.00239-0.00238 b=0.00735-0.00733 c=0.03423-0.03388 alpha=0.00090-0.00091 beta=0.00031-0.00035 gamma=-0.00181--0.00180level=6, indexed=1(35 sol.)
 Solution ? a= 20.667 b= 11.735 c=  5.446 alpha= 90.943 beta= 84.221 gamma= 96.335 V= 1306.11 score= 36.86 #  35
      a=20.69-20.71 b=11.74-11.75 c= 5.43- 5.46 alpha= 91.27- 91.36 beta= 84.13- 84.11 gamma= 96.29- 96.37 V=1304.35-1314.50level=6, indexed=1(36 sol.)
      a=0.00239-0.00238 b=0.00735-0.00733 c=0.03423-0.03388 alpha=0.00090-0.00091 beta=0.00035-0.00039 gamma=-0.00182--0.00181level=6, indexed=1(36 sol.)
 Solution ? a= 20.667 b= 11.735 c=  5.446 alpha= 90.943 beta= 84.221 gamma= 96.335 V= 1306.11 score= 36.86 #  36
      a=20.69-20.71 b=11.74-11.75 c= 5.43- 5.46 alpha= 91.27- 91.35 beta= 84.16- 84.14 gamma= 96.29- 96.36 V=1304.29-1314.44level=6, indexed=1(37 sol.)
      a=0.00239-0.00238 b=0.00735-0.00733 c=0.03423-0.03388 alpha=0.00090-0.00091 beta=0.00035-0.00039 gamma=-0.00181--0.00180level=6, indexed=1(37 sol.)
 Solution ? a= 20.667 b= 11.735 c=  5.446 alpha= 90.943 beta= 84.221 gamma= 96.335 V= 1306.11 score= 36.87 #  37
      a=20.67-20.69 b=11.73-11.75 c= 5.43- 5.46 alpha= 91.20- 91.28 beta= 84.15- 84.13 gamma= 96.27- 96.35 V=1303.02-1313.15level=6, indexed=1(38 sol.)
      a=0.00239-0.00239 b=0.00735-0.00733 c=0.03423-0.03388 alpha=0.00090-0.00091 beta=0.00031-0.00035 gamma=-0.00182--0.00181level=6, indexed=1(38 sol.)
 Solution ? a= 20.667 b= 11.735 c=  5.446 alpha= 90.943 beta= 84.221 gamma= 96.335 V= 1306.11 score= 36.86 #  38
      a=20.67-20.69 b=11.73-11.75 c= 5.43- 5.46 alpha= 91.20- 91.28 beta= 84.17- 84.16 gamma= 96.27- 96.35 V=1302.95-1313.08level=6, indexed=1(39 sol.)
      a=0.00239-0.00239 b=0.00735-0.00733 c=0.03423-0.03388 alpha=0.00090-0.00091 beta=0.00031-0.00035 gamma=-0.00181--0.00180level=6, indexed=1(39 sol.)
 Solution ? a= 20.667 b= 11.735 c=  5.446 alpha= 90.943 beta= 84.221 gamma= 96.335 V= 1306.11 score= 36.86 #  39
      a=20.69-20.71 b=11.74-11.75 c= 5.43- 5.46 alpha= 91.20- 91.28 beta= 84.20- 84.18 gamma= 96.28- 96.36 V=1304.19-1314.33level=6, indexed=1(42 sol.)
      a=0.00239-0.00238 b=0.00735-0.00733 c=0.03423-0.03388 alpha=0.00090-0.00091 beta=0.00031-0.00035 gamma=-0.00180--0.00179level=6, indexed=1(42 sol.)
 Solution ? a= 20.667 b= 11.735 c=  5.446 alpha= 90.943 beta= 84.221 gamma= 96.335 V= 1306.11 score= 36.86 #  42
      a=20.69-20.71 b=11.74-11.75 c= 5.43- 5.46 alpha= 91.19- 91.28 beta= 84.22- 84.21 gamma= 96.28- 96.36 V=1304.12-1314.27level=6, indexed=1(43 sol.)
      a=0.00239-0.00238 b=0.00735-0.00733 c=0.03423-0.03388 alpha=0.00090-0.00091 beta=0.00031-0.00035 gamma=-0.00179--0.00178level=6, indexed=1(43 sol.)
 Solution ? a= 20.667 b= 11.735 c=  5.446 alpha= 90.943 beta= 84.221 gamma= 96.335 V= 1306.11 score= 36.86 #  43
      a=20.69-20.71 b=11.74-11.75 c= 5.43- 5.46 alpha= 91.27- 91.35 beta= 84.19- 84.17 gamma= 96.29- 96.36 V=1304.22-1314.37level=6, indexed=1(44 sol.)
      a=0.00239-0.00238 b=0.00735-0.00733 c=0.03423-0.03388 alpha=0.00090-0.00091 beta=0.00035-0.00039 gamma=-0.00180--0.00179level=6, indexed=1(44 sol.)
 Solution ? a= 20.667 b= 11.735 c=  5.446 alpha= 90.943 beta= 84.221 gamma= 96.335 V= 1306.11 score= 36.86 #  44
      a=20.69-20.71 b=11.74-11.75 c= 5.43- 5.46 alpha= 91.26- 91.35 beta= 84.22- 84.20 gamma= 96.29- 96.36 V=1304.16-1314.30level=6, indexed=1(45 sol.)
      a=0.00239-0.00238 b=0.00735-0.00733 c=0.03423-0.03388 alpha=0.00090-0.00091 beta=0.00035-0.00039 gamma=-0.00179--0.00178level=6, indexed=1(45 sol.)
 Solution ? a= 20.667 b= 11.735 c=  5.446 alpha= 90.943 beta= 84.221 gamma= 96.335 V= 1306.11 score= 36.86 #  45
      a=20.69-20.71 b=11.74-11.75 c= 5.43- 5.46 alpha= 91.34- 91.43 beta= 84.12- 84.11 gamma= 96.30- 96.37 V=1304.39-1314.54level=6, indexed=1(50 sol.)
      a=0.00239-0.00238 b=0.00735-0.00733 c=0.03423-0.03388 alpha=0.00090-0.00091 beta=0.00039-0.00043 gamma=-0.00182--0.00181level=6, indexed=1(50 sol.)
 Solution ? a= 20.667 b= 11.735 c=  5.446 alpha= 90.943 beta= 84.221 gamma= 96.335 V= 1306.11 score= 36.86 #  50
      a=20.65-20.67 b=11.77-11.79 c= 5.43- 5.46 alpha= 91.20- 91.28 beta= 84.15- 84.14 gamma= 96.23- 96.31 V=1305.44-1315.60level=6, indexed=1(67 sol.)
      a=0.00240-0.00239 b=0.00731-0.00729 c=0.03423-0.03388 alpha=0.00090-0.00090 beta=0.00031-0.00035 gamma=-0.00182--0.00181level=6, indexed=1(67 sol.)
 Solution ? a= 20.667 b= 11.735 c=  5.446 alpha= 90.943 beta= 84.221 gamma= 96.335 V= 1306.11 score= 36.87 #  67
      a=20.69-20.72 b=11.75-11.77 c= 5.43- 5.46 alpha= 91.21- 91.30 beta= 84.17- 84.15 gamma= 96.40- 96.48 V=1306.46-1316.63level=6, indexed=1(241 sol.)
      a=0.00239-0.00238 b=0.00733-0.00731 c=0.03423-0.03388 alpha=0.00092-0.00093 beta=0.00031-0.00035 gamma=-0.00181--0.00180level=6, indexed=1(241 sol.)
 Solution ? a= 20.667 b= 11.735 c=  5.446 alpha= 90.943 beta= 84.221 gamma= 96.335 V= 1306.11 score= 36.87 # 241
1706 solutions ! Redparing...
-> 19 remaining
2001 solutions ! Redparing...
-> 22 remaining
3605 solutions ! Redparing...
-> 22 remaining
1470 solutions ! Redparing...
-> 22 remaining
1737 solutions ! Redparing...
-> 22 remaining
1263 solutions ! Redparing...
-> 22 remaining
1113 solutions ! Redparing...
-> 22 remaining
3106 solutions ! Redparing...
-> 22 remaining
1368 solutions ! Redparing...
-> 26 remaining
2194 solutions ! Redparing...
-> 30 remaining
1467 solutions ! Redparing...
-> 31 remaining
1580 solutions ! Redparing...
-> 34 remaining
1946 solutions ! Redparing...
-> 34 remaining
1142 solutions ! Redparing...
-> 34 remaining
3628 solutions ! Redparing...
-> 36 remaining
1287 solutions ! Redparing...
-> 36 remaining
1440 solutions ! Redparing...
-> 36 remaining
3550 solutions ! Redparing...
-> 36 remaining
1416 solutions ! Redparing...
-> 36 remaining
1720 solutions ! Redparing...
-> 36 remaining
2483 solutions ! Redparing...
-> 36 remaining
1764 solutions ! Redparing...
-> 36 remaining
1407 solutions ! Redparing...
-> 36 remaining
1154 solutions ! Redparing...
-> 36 remaining
1652 solutions ! Redparing...
-> 36 remaining
2047 solutions ! Redparing...
-> 36 remaining
4787 solutions ! Redparing...
-> 36 remaining
1676 solutions ! Redparing...
-> 36 remaining
1472 solutions ! Redparing...
-> 36 remaining
2117 solutions ! Redparing...
-> 36 remaining
1740 solutions ! Redparing...
-> 36 remaining
3527 solutions ! Redparing...
-> 36 remaining
1613 solutions ! Redparing...
-> 36 remaining
2197 solutions ! Redparing...
-> 36 remaining
1895 solutions ! Redparing...
-> 36 remaining
1539 solutions ! Redparing...
-> 36 remaining
1253 solutions ! Redparing...
-> 36 remaining
1115 solutions ! Redparing...
-> 36 remaining
2053 solutions ! Redparing...
-> 36 remaining
1984 solutions ! Redparing...
-> 37 remaining
1971 solutions ! Redparing...
-> 38 remaining
1217 solutions ! Redparing...
-> 38 remaining
3154 solutions ! Redparing...
-> 38 remaining
1697 solutions ! Redparing...
-> 41 remaining
1240 solutions ! Redparing...
-> 41 remaining
1774 solutions ! Redparing...
-> 41 remaining
1633 solutions ! Redparing...
-> 42 remaining
3074 solutions ! Redparing...
-> 42 remaining
1243 solutions ! Redparing...
-> 42 remaining
1594 solutions ! Redparing...
-> 42 remaining
2529 solutions ! Redparing...
-> 42 remaining
1164 solutions ! Redparing...
-> 42 remaining
1449 solutions ! Redparing...
-> 42 remaining
2310 solutions ! Redparing...
-> 42 remaining
1106 solutions ! Redparing...
-> 42 remaining
1379 solutions ! Redparing...
-> 42 remaining
1659 solutions ! Redparing...
-> 42 remaining
1433 solutions ! Redparing...
-> 42 remaining
2357 solutions ! Redparing...
-> 43 remaining
1510 solutions ! Redparing...
-> 43 remaining
2808 solutions ! Redparing...
-> 46 remaining
1400 solutions ! Redparing...
-> 45 remaining
1467 solutions ! Redparing...
-> 45 remaining
1333 solutions ! Redparing...
-> 45 remaining
2300 solutions ! Redparing...
-> 46 remaining
3435 solutions ! Redparing...
-> 46 remaining
1601 solutions ! Redparing...
-> 46 remaining
1893 solutions ! Redparing...
-> 46 remaining
1507 solutions ! Redparing...
-> 46 remaining
1226 solutions ! Redparing...
-> 46 remaining
      a=20.57-20.59 b=11.78-11.80 c= 5.00- 5.03 alpha= 93.94- 94.03 beta= 91.61- 91.63 gamma= 96.01- 96.08 V=1201.73-1210.25level=6, indexed=1(49 sol.)
      a=0.00239-0.00239 b=0.00733-0.00731 c=0.04018-0.03983 alpha=0.00090-0.00090 beta=0.00248-0.00251 gamma=0.00070-0.00071level=6, indexed=1(49 sol.)
 Solution ? a= 20.541 b= 11.773 c=  5.016 alpha= 94.525 beta= 91.421 gamma= 96.126 V= 1201.67 score= 29.51 #  49
      a=20.57-20.59 b=11.78-11.80 c= 5.00- 5.03 alpha= 93.94- 94.02 beta= 91.64- 91.66 gamma= 96.01- 96.07 V=1201.74-1210.27level=6, indexed=1(50 sol.)
      a=0.00239-0.00239 b=0.00733-0.00731 c=0.04018-0.03983 alpha=0.00090-0.00090 beta=0.00248-0.00251 gamma=0.00071-0.00072level=6, indexed=1(50 sol.)
 Solution ? a= 20.541 b= 11.773 c=  5.016 alpha= 94.525 beta= 91.421 gamma= 96.126 V= 1201.67 score= 29.51 #  50
1335 solutions ! Redparing...
-> 46 remaining
2359 solutions ! Redparing...
-> 46 remaining
      a=20.64-20.66 b=11.78-11.80 c= 5.03- 5.05 alpha= 93.93- 94.01 beta= 91.88- 91.90 gamma= 96.12- 96.18 V=1211.03-1219.68level=6, indexed=1(46 sol.)
      a=0.00238-0.00237 b=0.00733-0.00731 c=0.03983-0.03948 alpha=0.00091-0.00092 beta=0.00248-0.00251 gamma=0.00079-0.00079level=6, indexed=1(46 sol.)
 Solution ? a= 20.593 b= 11.765 c=  5.024 alpha= 93.586 beta= 92.019 gamma= 96.147 V= 1206.80 score= 24.88 #  46
      a=20.64-20.66 b=11.78-11.80 c= 5.03- 5.05 alpha= 93.92- 94.01 beta= 91.90- 91.93 gamma= 96.12- 96.18 V=1211.05-1219.70level=6, indexed=1(47 sol.)
      a=0.00238-0.00237 b=0.00733-0.00731 c=0.03983-0.03948 alpha=0.00091-0.00092 beta=0.00248-0.00251 gamma=0.00079-0.00080level=6, indexed=1(47 sol.)
 Solution ? a= 20.593 b= 11.765 c=  5.024 alpha= 93.586 beta= 92.019 gamma= 96.147 V= 1206.80 score= 24.88 #  47
      a=20.64-20.66 b=11.78-11.80 c= 5.03- 5.05 alpha= 93.86- 93.94 beta= 91.88- 91.90 gamma= 96.18- 96.24 V=1211.06-1219.71level=6, indexed=1(48 sol.)
      a=0.00238-0.00237 b=0.00733-0.00731 c=0.03983-0.03948 alpha=0.00092-0.00093 beta=0.00244-0.00248 gamma=0.00079-0.00079level=6, indexed=1(48 sol.)
 Solution ? a= 20.593 b= 11.765 c=  5.024 alpha= 93.586 beta= 92.019 gamma= 96.147 V= 1206.80 score= 24.88 #  48
      a=20.64-20.66 b=11.78-11.80 c= 5.03- 5.05 alpha= 93.86- 93.94 beta= 91.91- 91.93 gamma= 96.17- 96.24 V=1211.08-1219.73level=6, indexed=1(49 sol.)
      a=0.00238-0.00237 b=0.00733-0.00731 c=0.03983-0.03948 alpha=0.00092-0.00093 beta=0.00244-0.00248 gamma=0.00079-0.00080level=6, indexed=1(49 sol.)
 Solution ? a= 20.593 b= 11.765 c=  5.024 alpha= 93.586 beta= 92.019 gamma= 96.147 V= 1206.80 score= 24.88 #  49
      a=20.64-20.66 b=11.78-11.80 c= 5.03- 5.05 alpha= 93.93- 94.01 beta= 91.87- 91.90 gamma= 96.17- 96.24 V=1211.15-1219.81level=6, indexed=1(50 sol.)
      a=0.00238-0.00237 b=0.00733-0.00731 c=0.03983-0.03948 alpha=0.00092-0.00093 beta=0.00248-0.00251 gamma=0.00079-0.00079level=6, indexed=1(50 sol.)
 Solution ? a= 20.593 b= 11.765 c=  5.024 alpha= 93.586 beta= 92.019 gamma= 96.147 V= 1206.80 score= 24.88 #  50
      a=20.64-20.66 b=11.78-11.80 c= 5.00- 5.03 alpha= 93.91- 94.00 beta= 91.87- 91.89 gamma= 96.12- 96.18 V=1205.72-1214.28level=6, indexed=1(54 sol.)
      a=0.00238-0.00237 b=0.00733-0.00731 c=0.04018-0.03983 alpha=0.00091-0.00092 beta=0.00248-0.00251 gamma=0.00079-0.00079level=6, indexed=1(54 sol.)
 Solution ? a= 20.541 b= 11.773 c=  5.016 alpha= 94.525 beta= 91.421 gamma= 96.126 V= 1201.67 score= 29.51 #  54
      a=20.64-20.66 b=11.78-11.80 c= 5.00- 5.03 alpha= 93.91- 93.99 beta= 91.86- 91.89 gamma= 96.17- 96.24 V=1205.84-1214.41level=6, indexed=1(58 sol.)
      a=0.00238-0.00237 b=0.00733-0.00731 c=0.04018-0.03983 alpha=0.00092-0.00093 beta=0.00248-0.00251 gamma=0.00079-0.00079level=6, indexed=1(58 sol.)
 Solution ? a= 20.541 b= 11.773 c=  5.016 alpha= 94.525 beta= 91.421 gamma= 96.126 V= 1201.67 score= 29.51 #  58
      a=20.64-20.66 b=11.78-11.80 c= 5.00- 5.03 alpha= 93.91- 93.99 beta= 91.89- 91.91 gamma= 96.17- 96.24 V=1205.86-1214.43level=6, indexed=1(59 sol.)
      a=0.00238-0.00237 b=0.00733-0.00731 c=0.04018-0.03983 alpha=0.00092-0.00093 beta=0.00248-0.00251 gamma=0.00079-0.00080level=6, indexed=1(59 sol.)
 Solution ? a= 20.541 b= 11.773 c=  5.016 alpha= 94.525 beta= 91.421 gamma= 96.126 V= 1201.67 score= 29.51 #  59
      a=20.61-20.64 b=11.78-11.80 c= 5.00- 5.03 alpha= 93.91- 94.00 beta= 91.87- 91.89 gamma= 96.11- 96.18 V=1204.52-1213.07level=6, indexed=1(70 sol.)
      a=0.00238-0.00238 b=0.00733-0.00731 c=0.04018-0.03983 alpha=0.00091-0.00092 beta=0.00248-0.00251 gamma=0.00079-0.00079level=6, indexed=1(70 sol.)
 Solution ? a= 20.541 b= 11.773 c=  5.016 alpha= 94.525 beta= 91.421 gamma= 96.126 V= 1201.67 score= 29.51 #  70
      a=20.62-20.64 b=11.76-11.78 c= 5.00- 5.03 alpha= 93.84- 93.93 beta= 91.82- 91.84 gamma= 96.17- 96.23 V=1202.72-1211.26level=6, indexed=1(196 sol.)
      a=0.00238-0.00238 b=0.00735-0.00733 c=0.04018-0.03983 alpha=0.00092-0.00093 beta=0.00244-0.00248 gamma=0.00077-0.00078level=6, indexed=1(196 sol.)
 Solution ? a= 20.541 b= 11.773 c=  5.016 alpha= 94.525 beta= 91.421 gamma= 96.126 V= 1201.67 score= 29.51 # 196
      a=20.62-20.64 b=11.76-11.78 c= 5.00- 5.03 alpha= 93.91- 93.99 beta= 91.81- 91.84 gamma= 96.16- 96.23 V=1202.82-1211.36level=6, indexed=1(198 sol.)
      a=0.00238-0.00238 b=0.00735-0.00733 c=0.04018-0.03983 alpha=0.00092-0.00093 beta=0.00248-0.00251 gamma=0.00077-0.00078level=6, indexed=1(198 sol.)
 Solution ? a= 20.541 b= 11.773 c=  5.016 alpha= 94.525 beta= 91.421 gamma= 96.126 V= 1201.67 score= 29.51 # 198
      a=20.57-20.59 b=11.77-11.79 c= 5.00- 5.03 alpha= 93.92- 94.01 beta= 91.82- 91.85 gamma= 95.94- 96.01 V=1201.74-1210.26level=6, indexed=1(1194 sol.)
      a=0.00239-0.00239 b=0.00733-0.00731 c=0.04018-0.03983 alpha=0.00089-0.00090 beta=0.00248-0.00251 gamma=0.00077-0.00078level=6, indexed=1(1194 sol.)
 Solution ? a= 20.541 b= 11.773 c=  5.016 alpha= 94.525 beta= 91.421 gamma= 96.126 V= 1201.67 score= 29.51 #1194
1219 solutions ! Redparing...
-> 46 remaining
      a=20.59-20.62 b=11.77-11.79 c= 5.03- 5.05 alpha= 93.73- 93.81 beta= 91.90- 91.92 gamma= 96.06- 96.12 V=1208.22-1216.84level=6, indexed=1(47 sol.)
      a=0.00239-0.00238 b=0.00733-0.00731 c=0.03983-0.03948 alpha=0.00090-0.00091 beta=0.00236-0.00240 gamma=0.00079-0.00079level=6, indexed=1(47 sol.)
 Solution ? a= 20.593 b= 11.765 c=  5.024 alpha= 93.586 beta= 92.019 gamma= 96.147 V= 1206.80 score= 24.88 #  47
      a=20.59-20.62 b=11.77-11.79 c= 5.03- 5.05 alpha= 93.73- 93.81 beta= 91.92- 91.95 gamma= 96.06- 96.12 V=1208.24-1216.86level=6, indexed=1(48 sol.)
      a=0.00239-0.00238 b=0.00733-0.00731 c=0.03983-0.03948 alpha=0.00090-0.00091 beta=0.00236-0.00240 gamma=0.00079-0.00080level=6, indexed=1(48 sol.)
 Solution ? a= 20.593 b= 11.765 c=  5.024 alpha= 93.586 beta= 92.019 gamma= 96.147 V= 1206.80 score= 24.88 #  48
      a=20.59-20.62 b=11.78-11.80 c= 5.03- 5.05 alpha= 93.80- 93.88 beta= 91.89- 91.91 gamma= 96.06- 96.12 V=1208.32-1216.94level=6, indexed=1(49 sol.)
      a=0.00239-0.00238 b=0.00733-0.00731 c=0.03983-0.03948 alpha=0.00090-0.00091 beta=0.00240-0.00244 gamma=0.00079-0.00079level=6, indexed=1(49 sol.)
 Solution ? a= 20.593 b= 11.765 c=  5.024 alpha= 93.586 beta= 92.019 gamma= 96.147 V= 1206.80 score= 24.88 #  49
      a=20.57-20.59 b=11.77-11.79 c= 5.03- 5.05 alpha= 93.80- 93.88 beta= 91.89- 91.92 gamma= 96.00- 96.06 V=1207.00-1215.61level=6, indexed=1(57 sol.)
      a=0.00239-0.00239 b=0.00733-0.00731 c=0.03983-0.03948 alpha=0.00090-0.00090 beta=0.00240-0.00244 gamma=0.00079-0.00079level=6, indexed=1(57 sol.)
 Solution ? a= 20.593 b= 11.765 c=  5.024 alpha= 93.586 beta= 92.019 gamma= 96.147 V= 1206.80 score= 24.88 #  57
      a=20.59-20.61 b=11.78-11.80 c= 5.00- 5.03 alpha= 93.92- 94.00 beta= 91.82- 91.84 gamma= 96.06- 96.12 V=1203.17-1211.71level=6, indexed=1(75 sol.)
      a=0.00239-0.00238 b=0.00733-0.00731 c=0.04018-0.03983 alpha=0.00090-0.00091 beta=0.00248-0.00251 gamma=0.00077-0.00078level=6, indexed=1(75 sol.)
 Solution ? a= 20.541 b= 11.773 c=  5.016 alpha= 94.525 beta= 91.421 gamma= 96.126 V= 1201.67 score= 29.51 #  75
      a=20.57-20.59 b=11.78-11.80 c= 5.00- 5.03 alpha= 93.92- 94.01 beta= 91.82- 91.84 gamma= 96.00- 96.06 V=1201.86-1210.39level=6, indexed=1(85 sol.)
      a=0.00239-0.00239 b=0.00733-0.00731 c=0.04018-0.03983 alpha=0.00090-0.00090 beta=0.00248-0.00251 gamma=0.00077-0.00078level=6, indexed=1(85 sol.)
 Solution ? a= 20.541 b= 11.773 c=  5.016 alpha= 94.525 beta= 91.421 gamma= 96.126 V= 1201.67 score= 29.51 #  85
      a=20.57-20.59 b=11.78-11.80 c= 5.00- 5.03 alpha= 93.92- 94.00 beta= 91.81- 91.84 gamma= 96.05- 96.12 V=1201.98-1210.51level=6, indexed=1(87 sol.)
      a=0.00239-0.00239 b=0.00733-0.00731 c=0.04018-0.03983 alpha=0.00090-0.00091 beta=0.00248-0.00251 gamma=0.00077-0.00078level=6, indexed=1(87 sol.)
 Solution ? a= 20.541 b= 11.773 c=  5.016 alpha= 94.525 beta= 91.421 gamma= 96.126 V= 1201.67 score= 29.51 #  87
2296 solutions ! Redparing...
-> 46 remaining
2700 solutions ! Redparing...
-> 49 remaining
1708 solutions ! Redparing...
-> 49 remaining
      a=20.62-20.64 b=11.76-11.78 c= 5.01- 5.03 alpha= 93.89- 93.97 beta= 92.02- 92.04 gamma= 96.15- 96.21 V=1202.96-1211.51level=6, indexed=1(49 sol.)
      a=0.00238-0.00238 b=0.00735-0.00733 c=0.04018-0.03983 alpha=0.00092-0.00093 beta=0.00248-0.00251 gamma=0.00084-0.00085level=6, indexed=1(49 sol.)
 Solution ? a= 20.541 b= 11.773 c=  5.016 alpha= 94.525 beta= 91.421 gamma= 96.126 V= 1201.67 score= 29.51 #  49
1463 solutions ! Redparing...
-> 49 remaining
      a=20.60-20.62 b=11.78-11.80 c= 5.01- 5.03 alpha= 93.89- 93.98 beta= 92.02- 92.04 gamma= 96.10- 96.16 V=1203.43-1211.98level=6, indexed=1(977 sol.)
      a=0.00239-0.00238 b=0.00733-0.00731 c=0.04018-0.03983 alpha=0.00091-0.00092 beta=0.00248-0.00251 gamma=0.00084-0.00085level=6, indexed=1(977 sol.)
 Solution ? a= 20.541 b= 11.773 c=  5.016 alpha= 94.525 beta= 91.421 gamma= 96.126 V= 1201.67 score= 29.51 # 977
      a=20.56-20.58 b=11.78-11.80 c= 5.01- 5.03 alpha= 93.90- 93.98 beta= 92.01- 92.04 gamma= 96.09- 96.15 V=1201.06-1209.58level=6, indexed=1(1326 sol.)
      a=0.00240-0.00239 b=0.00733-0.00731 c=0.04018-0.03983 alpha=0.00091-0.00092 beta=0.00248-0.00251 gamma=0.00084-0.00085level=6, indexed=1(1326 sol.)
 Solution ? a= 20.541 b= 11.773 c=  5.016 alpha= 94.525 beta= 91.421 gamma= 96.126 V= 1201.67 score= 29.51 #1326
1621 solutions ! Redparing...
-> 49 remaining
1370 solutions ! Redparing...
-> 49 remaining
2015 solutions ! Redparing...
-> 50 remaining
1238 solutions ! Redparing...
-> 52 remaining
      a=20.69-20.72 b=11.75-11.77 c= 5.43- 5.46 alpha= 89.41- 89.47 beta= 95.44- 95.49 gamma= 96.23- 96.30 V=1306.53-1316.76level=6, indexed=1(1332 sol.)
      a=0.00238-0.00238 b=0.00733-0.00731 c=0.03423-0.03388 alpha=0.00090-0.00091 beta=0.00000-0.00004 gamma=0.00170-0.00171level=6, indexed=1(1332 sol.)
 Solution ? a= 20.667 b= 11.735 c=  5.446 alpha= 89.057 beta= 95.779 gamma= 96.335 V= 1306.11 score= 36.86 #1332
      a=20.70-20.72 b=11.73-11.75 c= 5.43- 5.46 alpha= 89.41- 89.47 beta= 95.47- 95.52 gamma= 96.23- 96.29 V=1304.66-1314.87level=6, indexed=1(1367 sol.)
      a=0.00238-0.00238 b=0.00735-0.00733 c=0.03423-0.03388 alpha=0.00090-0.00091 beta=0.00000-0.00004 gamma=0.00171-0.00172level=6, indexed=1(1367 sol.)
 Solution ? a= 20.667 b= 11.735 c=  5.446 alpha= 89.057 beta= 95.779 gamma= 96.335 V= 1306.11 score= 36.86 #1367
      a=20.70-20.72 b=11.73-11.75 c= 5.43- 5.46 alpha= 89.40- 89.46 beta= 95.50- 95.55 gamma= 96.23- 96.29 V=1304.72-1314.94level=6, indexed=1(1368 sol.)
      a=0.00238-0.00238 b=0.00735-0.00733 c=0.03423-0.03388 alpha=0.00090-0.00091 beta=0.00000-0.00004 gamma=0.00172-0.00173level=6, indexed=1(1368 sol.)
 Solution ? a= 20.667 b= 11.735 c=  5.446 alpha= 89.057 beta= 95.779 gamma= 96.335 V= 1306.11 score= 36.86 #1368
      a=20.72-20.74 b=11.75-11.77 c= 5.43- 5.46 alpha= 89.48- 89.54 beta= 95.38- 95.44 gamma= 96.34- 96.41 V=1307.98-1318.23level=6, indexed=1(1388 sol.)
      a=0.00238-0.00237 b=0.00733-0.00731 c=0.03423-0.03388 alpha=0.00092-0.00093 beta=0.00004-0.00008 gamma=0.00169-0.00169level=6, indexed=1(1388 sol.)
 Solution ? a= 20.667 b= 11.735 c=  5.446 alpha= 89.057 beta= 95.779 gamma= 96.335 V= 1306.11 score= 36.87 #1388
      a=20.70-20.72 b=11.75-11.77 c= 5.43- 5.46 alpha= 89.41- 89.47 beta= 95.41- 95.47 gamma= 96.29- 96.35 V=1306.61-1316.84level=6, indexed=1(1397 sol.)
      a=0.00238-0.00238 b=0.00733-0.00731 c=0.03423-0.03388 alpha=0.00091-0.00092 beta=0.00000-0.00004 gamma=0.00169-0.00170level=6, indexed=1(1397 sol.)
 Solution ? a= 20.667 b= 11.735 c=  5.446 alpha= 89.057 beta= 95.779 gamma= 96.335 V= 1306.11 score= 36.87 #1397
1742 solutions ! Redparing...
-> 59 remaining
1176 solutions ! Redparing...
-> 59 remaining
     a=20.71-20.74 b=11.73-11.75 c= 5.41- 5.44 alpha= 89.71- 89.77 beta= 95.38- 95.43 gamma= 96.49- 96.56 V=1301.61-1311.78level=5, indexed=1(1229 sol.)
     a=0.00238-0.00238 b=0.00736-0.00734 c=0.03441-0.03406 alpha=0.00095-0.00095 beta=0.00018-0.00022 gamma=0.00170-0.00171level=5, indexed=1(1229 sol.)
 Solution ? a= 20.667 b= 11.735 c=  5.446 alpha= 89.057 beta= 95.779 gamma= 96.335 V= 1306.11 score= 36.87 #1229
1857 solutions ! Redparing...
-> 59 remaining
1186 solutions ! Redparing...
-> 59 remaining
2073 solutions ! Redparing...
-> 59 remaining
2067 solutions ! Redparing...
-> 59 remaining
1112 solutions ! Redparing...
-> 59 remaining
3695 solutions ! Redparing...
-> 59 remaining
2885 solutions ! Redparing...
-> 59 remaining
1644 solutions ! Redparing...
-> 59 remaining
1242 solutions ! Redparing...
-> 59 remaining
1332 solutions ! Redparing...
-> 59 remaining
1550 solutions ! Redparing...
-> 59 remaining
1791 solutions ! Redparing...
-> 59 remaining
3935 solutions ! Redparing...
-> 64 remaining
2332 solutions ! Redparing...
-> 64 remaining
1149 solutions ! Redparing...
-> 64 remaining
1536 solutions ! Redparing...
-> 64 remaining
2237 solutions ! Redparing...
-> 66 remaining
1428 solutions ! Redparing...
-> 66 remaining
4642 solutions ! Redparing...
-> 67 remaining
4517 solutions ! Redparing...
-> 67 remaining
3215 solutions ! Redparing...
-> 67 remaining
3097 solutions ! Redparing...
-> 68 remaining
1522 solutions ! Redparing...
-> 68 remaining
1153 solutions ! Redparing...
-> 68 remaining
1569 solutions ! Redparing...
-> 69 remaining
1546 solutions ! Redparing...
-> 69 remaining
2272 solutions ! Redparing...
-> 72 remaining
2023 solutions ! Redparing...
-> 71 remaining
1645 solutions ! Redparing...
-> 71 remaining
1706 solutions ! Redparing...
-> 71 remaining
1501 solutions ! Redparing...
-> 71 remaining
2141 solutions ! Redparing...
-> 73 remaining
1227 solutions ! Redparing...
-> 73 remaining
3896 solutions ! Redparing...
-> 73 remaining
5883 solutions ! Redparing...
-> 73 remaining
2179 solutions ! Redparing...
-> 73 remaining
1640 solutions ! Redparing...
-> 73 remaining
3203 solutions ! Redparing...
-> 73 remaining
4396 solutions ! Redparing...
-> 73 remaining
2306 solutions ! Redparing...
-> 73 remaining
1399 solutions ! Redparing...
-> 73 remaining
1597 solutions ! Redparing...
-> 73 remaining
2518 solutions ! Redparing...
-> 73 remaining
1510 solutions ! Redparing...
-> 73 remaining
3630 solutions ! Redparing...
-> 74 remaining
1331 solutions ! Redparing...
-> 74 remaining
1455 solutions ! Redparing...
-> 74 remaining
3066 solutions ! Redparing...
-> 75 remaining
1750 solutions ! Redparing...
-> 78 remaining
4058 solutions ! Redparing...
-> 78 remaining
1342 solutions ! Redparing...
-> 78 remaining
1176 solutions ! Redparing...
-> 78 remaining
1146 solutions ! Redparing...
-> 78 remaining
1161 solutions ! Redparing...
-> 79 remaining
1258 solutions ! Redparing...
-> 83 remaining
4903 solutions ! Redparing...
-> 83 remaining
1902 solutions ! Redparing...
-> 83 remaining
2842 solutions ! Redparing...
-> 84 remaining
2635 solutions ! Redparing...
-> 84 remaining
1452 solutions ! Redparing...
-> 84 remaining
1394 solutions ! Redparing...
-> 84 remaining
1680 solutions ! Redparing...
-> 84 remaining
1287 solutions ! Redparing...
-> 84 remaining
1792 solutions ! Redparing...
-> 84 remaining
2257 solutions ! Redparing...
-> 84 remaining
1191 solutions ! Redparing...
-> 84 remaining
2695 solutions ! Redparing...
-> 84 remaining
1919 solutions ! Redparing...
-> 84 remaining
2287 solutions ! Redparing...
-> 84 remaining
1603 solutions ! Redparing...
-> 84 remaining
1369 solutions ! Redparing...
-> 84 remaining
1470 solutions ! Redparing...
-> 84 remaining
1671 solutions ! Redparing...
-> 84 remaining
1307 solutions ! Redparing...
-> 84 remaining
1814 solutions ! Redparing...
-> 84 remaining
1360 solutions ! Redparing...
-> 84 remaining
1276 solutions ! Redparing...
-> 84 remaining
2450 solutions ! Redparing...
-> 84 remaining
1244 solutions ! Redparing...
-> 84 remaining
3137 solutions ! Redparing...
-> 84 remaining
1343 solutions ! Redparing...
-> 84 remaining
3063 solutions ! Redparing...
-> 85 remaining
1700 solutions ! Redparing...
-> 85 remaining
2157 solutions ! Redparing...
-> 85 remaining
2362 solutions ! Redparing...
-> 85 remaining
2239 solutions ! Redparing...
-> 85 remaining
1946 solutions ! Redparing...
-> 85 remaining
1323 solutions ! Redparing...
-> 85 remaining
1362 solutions ! Redparing...
-> 85 remaining
1264 solutions ! Redparing...
-> 85 remaining
2426 solutions ! Redparing...
-> 85 remaining
1748 solutions ! Redparing...
-> 86 remaining
2969 solutions ! Redparing...
-> 86 remaining
1336 solutions ! Redparing...
-> 87 remaining
1324 solutions ! Redparing...
-> 87 remaining
1181 solutions ! Redparing...
-> 87 remaining
1917 solutions ! Redparing...
-> 87 remaining
1399 solutions ! Redparing...
-> 87 remaining
1764 solutions ! Redparing...
-> 88 remaining
1436 solutions ! Redparing...
-> 88 remaining
3117 solutions ! Redparing...
-> 88 remaining
2337 solutions ! Redparing...
-> 88 remaining
4181 solutions ! Redparing...
-> 88 remaining
1623 solutions ! Redparing...
-> 87 remaining
2910 solutions ! Redparing...
-> 87 remaining
3839 solutions ! Redparing...
-> 87 remaining
1322 solutions ! Redparing...
-> 87 remaining
1889 solutions ! Redparing...
-> 87 remaining
1120 solutions ! Redparing...
-> 87 remaining
2571 solutions ! Redparing...
-> 87 remaining
1354 solutions ! Redparing...
-> 87 remaining
1304 solutions ! Redparing...
-> 87 remaining
2108 solutions ! Redparing...
-> 87 remaining
1936 solutions ! Redparing...
-> 87 remaining
2460 solutions ! Redparing...
-> 87 remaining
1194 solutions ! Redparing...
-> 87 remaining
2506 solutions ! Redparing...
-> 88 remaining
1515 solutions ! Redparing...
-> 88 remaining
1251 solutions ! Redparing...
-> 88 remaining
1436 solutions ! Redparing...
-> 88 remaining
1773 solutions ! Redparing...
-> 88 remaining
1148 solutions ! Redparing...
-> 88 remaining
1644 solutions ! Redparing...
-> 88 remaining
1225 solutions ! Redparing...
-> 88 remaining
3000 solutions ! Redparing...
-> 89 remaining
2918 solutions ! Redparing...
-> 91 remaining
1538 solutions ! Redparing...
-> 91 remaining
1242 solutions ! Redparing...
-> 91 remaining
1959 solutions ! Redparing...
-> 91 remaining
1223 solutions ! Redparing...
-> 92 remaining
2698 solutions ! Redparing...
-> 92 remaining
2661 solutions ! Redparing...
-> 92 remaining
1844 solutions ! Redparing...
-> 93 remaining
3316 solutions ! Redparing...
-> 93 remaining
1284 solutions ! Redparing...
-> 93 remaining
1118 solutions ! Redparing...
-> 93 remaining
3297 solutions ! Redparing...
-> 93 remaining
2464 solutions ! Redparing...
-> 93 remaining
1699 solutions ! Redparing...
-> 93 remaining
2832 solutions ! Redparing...
-> 93 remaining
3555 solutions ! Redparing...
-> 93 remaining
1227 solutions ! Redparing...
-> 93 remaining
1887 solutions ! Redparing...
-> 93 remaining
1118 solutions ! Redparing...
-> 93 remaining
2304 solutions ! Redparing...
-> 93 remaining
1401 solutions ! Redparing...
-> 93 remaining
2671 solutions ! Redparing...
-> 93 remaining
1701 solutions ! Redparing...
-> 93 remaining
2434 solutions ! Redparing...
-> 93 remaining
2923 solutions ! Redparing...
-> 98 remaining
1471 solutions ! Redparing...
-> 98 remaining
1629 solutions ! Redparing...
-> 98 remaining
3393 solutions ! Redparing...
-> 98 remaining
1712 solutions ! Redparing...
-> 98 remaining
2495 solutions ! Redparing...
-> 100 remaining
1378 solutions ! Redparing...
CellExplorer::ReduceSolutions(): update threshold for report from 8 to 8.56949
-> 100 remaining
1436 solutions ! Redparing...
-> 100 remaining
2683 solutions ! Redparing...
CellExplorer::ReduceSolutions(): update threshold for report from 8.56949 to 8.5967
-> 100 remaining
1929 solutions ! Redparing...
CellExplorer::ReduceSolutions(): update threshold for report from 8.5967 to 8.82373
-> 100 remaining
1242 solutions ! Redparing...
-> 100 remaining
1140 solutions ! Redparing...
-> 100 remaining
1751 solutions ! Redparing...
CellExplorer::ReduceSolutions(): update threshold for report from 8.82373 to 10.0266
-> 100 remaining
1154 solutions ! Redparing...
-> 100 remaining
1567 solutions ! Redparing...
-> 100 remaining
3551 solutions ! Redparing...
-> 100 remaining
1237 solutions ! Redparing...
-> 100 remaining
2849 solutions ! Redparing...
-> 100 remaining
2373 solutions ! Redparing...
-> 100 remaining
2963 solutions ! Redparing...
CellExplorer::ReduceSolutions(): update threshold for report from 10.0266 to 10.097
-> 100 remaining
1724 solutions ! Redparing...
-> 100 remaining
4203 solutions ! Redparing...
-> 100 remaining
3297 solutions ! Redparing...
-> 100 remaining
1643 solutions ! Redparing...
-> 100 remaining
3605 solutions ! Redparing...
-> 100 remaining
1277 solutions ! Redparing...
-> 100 remaining
1286 solutions ! Redparing...
-> 100 remaining
3436 solutions ! Redparing...
CellExplorer::ReduceSolutions(): update threshold for report from 10.097 to 10.2457
-> 100 remaining
1616 solutions ! Redparing...
-> 100 remaining
3883 solutions ! Redparing...
-> 100 remaining
1821 solutions ! Redparing...
-> 100 remaining
1707 solutions ! Redparing...
-> 100 remaining
      a=20.70-20.73 b=11.73-11.75 c= 5.46- 5.47 alpha= 90.90- 90.98 beta= 84.25- 84.25 gamma= 96.20- 96.28 V=1311.89-1318.71level=6, indexed=1(589 sol.)
      a=0.00238-0.00238 b=0.00735-0.00733 c=0.03388-0.03371 alpha=0.00090-0.00090 beta=0.00016-0.00020 gamma=-0.00178--0.00177level=6, indexed=1(589 sol.)
 Solution ? a= 20.667 b= 11.735 c=  5.446 alpha= 90.943 beta= 84.221 gamma= 96.335 V= 1306.11 score= 36.87 # 589
      a=20.69-20.71 b=11.74-11.75 c= 5.46- 5.47 alpha= 91.06- 91.14 beta= 84.24- 84.24 gamma= 96.32- 96.40 V=1310.91-1317.73level=6, indexed=1(1519 sol.)
      a=0.00239-0.00238 b=0.00735-0.00733 c=0.03388-0.03371 alpha=0.00091-0.00092 beta=0.00024-0.00028 gamma=-0.00178--0.00177level=6, indexed=1(1519 sol.)
 Solution ? a= 20.667 b= 11.735 c=  5.446 alpha= 90.943 beta= 84.221 gamma= 96.335 V= 1306.11 score= 36.87 #1519
1591 solutions ! Redparing...
-> 100 remaining
      a=20.69-20.71 b=11.75-11.77 c= 5.46- 5.47 alpha= 91.05- 91.13 beta= 84.35- 84.35 gamma= 96.38- 96.46 V=1312.73-1319.57level=6, indexed=1(408 sol.)
      a=0.00239-0.00238 b=0.00733-0.00731 c=0.03388-0.03371 alpha=0.00092-0.00093 beta=0.00024-0.00028 gamma=-0.00175--0.00174level=6, indexed=1(408 sol.)
 Solution ? a= 20.667 b= 11.735 c=  5.446 alpha= 90.943 beta= 84.221 gamma= 96.335 V= 1306.11 score= 36.87 # 408
2159 solutions ! Redparing...
CellExplorer::ReduceSolutions(): update threshold for report from 10.2457 to 10.5325
-> 100 remaining
2472 solutions ! Redparing...
CellExplorer::ReduceSolutions(): update threshold for report from 10.5325 to 11.199
-> 100 remaining
2259 solutions ! Redparing...
-> 100 remaining
2043 solutions ! Redparing...
-> 100 remaining
1829 solutions ! Redparing...
-> 100 remaining
1505 solutions ! Redparing...
CellExplorer::ReduceSolutions(): update threshold for report from 11.199 to 11.2837
-> 100 remaining
2523 solutions ! Redparing...
-> 100 remaining
2375 solutions ! Redparing...
-> 100 remaining
2538 solutions ! Redparing...
-> 100 remaining
2783 solutions ! Redparing...
CellExplorer::ReduceSolutions(): update threshold for report from 11.2837 to 12.3721
-> 100 remaining
2570 solutions ! Redparing...
-> 100 remaining
1324 solutions ! Redparing...
-> 100 remaining
1390 solutions ! Redparing...
-> 100 remaining
1183 solutions ! Redparing...
-> 100 remaining
1726 solutions ! Redparing...
-> 100 remaining
7618 solutions ! Redparing...
CellExplorer::ReduceSolutions(): update threshold for report from 12.3721 to 12.3809
-> 100 remaining
1394 solutions ! Redparing...
-> 100 remaining
3128 solutions ! Redparing...
-> 100 remaining
1110 solutions ! Redparing...
-> 100 remaining
1294 solutions ! Redparing...
-> 100 remaining
1868 solutions ! Redparing...
-> 100 remaining
3107 solutions ! Redparing...
CellExplorer::ReduceSolutions(): update threshold for report from 12.3809 to 12.5576
-> 100 remaining
1408 solutions ! Redparing...
-> 100 remaining
1186 solutions ! Redparing...
-> 100 remaining
2544 solutions ! Redparing...
-> 100 remaining
1584 solutions ! Redparing...
-> 100 remaining
2083 solutions ! Redparing...
-> 100 remaining
4108 solutions ! Redparing...
CellExplorer::ReduceSolutions(): update threshold for report from 12.5576 to 12.6144
-> 100 remaining
1828 solutions ! Redparing...
-> 100 remaining
1690 solutions ! Redparing...
-> 100 remaining
3154 solutions ! Redparing...
-> 100 remaining
1441 solutions ! Redparing...
-> 100 remaining
1181 solutions ! Redparing...
-> 100 remaining
1725 solutions ! Redparing...
-> 100 remaining
1371 solutions ! Redparing...
-> 100 remaining
1645 solutions ! Redparing...
-> 100 remaining
1526 solutions ! Redparing...
-> 100 remaining
1216 solutions ! Redparing...
-> 100 remaining
3004 solutions ! Redparing...
CellExplorer::ReduceSolutions(): update threshold for report from 12.6144 to 12.6284
-> 100 remaining
1180 solutions ! Redparing...
-> 100 remaining
1890 solutions ! Redparing...
-> 100 remaining
1735 solutions ! Redparing...
-> 100 remaining
Finished: V=917.18->1375.78 A^3, 27074079 unit cells tested, 91952.1 tests/s,   Elapsed time=294.437s
Starting: V=1375.78->1834.33
1838 solutions ! Redparing...
CellExplorer::ReduceSolutions(): update threshold for report from 12.6284 to 12.6657
-> 100 remaining
1939 solutions ! Redparing...
CellExplorer::ReduceSolutions(): update threshold for report from 12.6657 to 12.6718
-> 100 remaining
1216 solutions ! Redparing...
-> 100 remaining
1897 solutions ! Redparing...
-> 100 remaining
2019 solutions ! Redparing...
-> 100 remaining
3931 solutions ! Redparing...
-> 100 remaining
2476 solutions ! Redparing...
-> 100 remaining
3777 solutions ! Redparing...
-> 100 remaining
3367 solutions ! Redparing...
CellExplorer::ReduceSolutions(): update threshold for report from 12.6718 to 12.9244
-> 100 remaining
1220 solutions ! Redparing...
-> 100 remaining
1365 solutions ! Redparing...
-> 100 remaining
1618 solutions ! Redparing...
-> 100 remaining
1557 solutions ! Redparing...
-> 100 remaining
1238 solutions ! Redparing...
-> 100 remaining
1460 solutions ! Redparing...
-> 100 remaining
1140 solutions ! Redparing...
-> 100 remaining
1256 solutions ! Redparing...
-> 100 remaining
1263 solutions ! Redparing...
CellExplorer::ReduceSolutions(): update threshold for report from 12.9244 to 12.9688
-> 100 remaining
1764 solutions ! Redparing...
-> 100 remaining
1211 solutions ! Redparing...
-> 100 remaining
5666 solutions ! Redparing...
CellExplorer::ReduceSolutions(): update threshold for report from 12.9688 to 13.0976
-> 100 remaining
1326 solutions ! Redparing...
-> 100 remaining
3295 solutions ! Redparing...
CellExplorer::ReduceSolutions(): update threshold for report from 13.0976 to 13.183
-> 100 remaining
1304 solutions ! Redparing...
-> 100 remaining
2071 solutions ! Redparing...
-> 100 remaining
2221 solutions ! Redparing...
CellExplorer::ReduceSolutions(): update threshold for report from 13.183 to 13.3952
-> 100 remaining
2845 solutions ! Redparing...
-> 100 remaining
3686 solutions ! Redparing...
-> 100 remaining
1655 solutions ! Redparing...
-> 100 remaining
1145 solutions ! Redparing...
-> 100 remaining
1129 solutions ! Redparing...
-> 100 remaining
1506 solutions ! Redparing...
-> 100 remaining
4882 solutions ! Redparing...
-> 100 remaining
1145 solutions ! Redparing...
-> 100 remaining
1370 solutions ! Redparing...
-> 100 remaining
4762 solutions ! Redparing...
-> 100 remaining
4689 solutions ! Redparing...
CellExplorer::ReduceSolutions(): update threshold for report from 13.3952 to 13.5223
-> 100 remaining
1386 solutions ! Redparing...
-> 100 remaining
3012 solutions ! Redparing...
CellExplorer::ReduceSolutions(): update threshold for report from 13.5223 to 13.5255
-> 100 remaining
1252 solutions ! Redparing...
-> 100 remaining
1945 solutions ! Redparing...
-> 100 remaining
1170 solutions ! Redparing...
-> 100 remaining
1305 solutions ! Redparing...
-> 100 remaining
1719 solutions ! Redparing...
-> 100 remaining
2916 solutions ! Redparing...
CellExplorer::ReduceSolutions(): update threshold for report from 13.5255 to 13.6169
-> 100 remaining
2714 solutions ! Redparing...
-> 100 remaining
2202 solutions ! Redparing...
-> 100 remaining
2006 solutions ! Redparing...
-> 100 remaining
3079 solutions ! Redparing...
CellExplorer::ReduceSolutions(): update threshold for report from 13.6169 to 13.8444
-> 100 remaining
2254 solutions ! Redparing...
-> 100 remaining
4869 solutions ! Redparing...
CellExplorer::ReduceSolutions(): update threshold for report from 13.8444 to 13.8801
-> 100 remaining
3262 solutions ! Redparing...
-> 100 remaining
1916 solutions ! Redparing...
-> 100 remaining
3420 solutions ! Redparing...
-> 100 remaining
2958 solutions ! Redparing...
-> 100 remaining
1264 solutions ! Redparing...
-> 100 remaining
1201 solutions ! Redparing...
-> 100 remaining
1580 solutions ! Redparing...
-> 100 remaining
2452 solutions ! Redparing...
-> 100 remaining
2251 solutions ! Redparing...
-> 100 remaining
1325 solutions ! Redparing...
CellExplorer::ReduceSolutions(): update threshold for report from 13.8801 to 13.9574
-> 100 remaining
2144 solutions ! Redparing...
CellExplorer::ReduceSolutions(): update threshold for report from 13.9574 to 13.9823
-> 100 remaining
2243 solutions ! Redparing...
-> 100 remaining
1429 solutions ! Redparing...
-> 100 remaining
2118 solutions ! Redparing...
-> 100 remaining
2189 solutions ! Redparing...
-> 100 remaining
2129 solutions ! Redparing...
-> 100 remaining
2489 solutions ! Redparing...
-> 100 remaining
2339 solutions ! Redparing...
-> 100 remaining
2216 solutions ! Redparing...
CellExplorer::ReduceSolutions(): update threshold for report from 13.9823 to 14.0029
-> 100 remaining
1839 solutions ! Redparing...
-> 100 remaining
2455 solutions ! Redparing...
-> 100 remaining
1839 solutions ! Redparing...
CellExplorer::ReduceSolutions(): update threshold for report from 14.0029 to 14.1721
-> 100 remaining
1123 solutions ! Redparing...
-> 100 remaining
5441 solutions ! Redparing...
-> 100 remaining
1626 solutions ! Redparing...
-> 100 remaining
1785 solutions ! Redparing...
-> 100 remaining
1794 solutions ! Redparing...
CellExplorer::ReduceSolutions(): update threshold for report from 14.1721 to 14.3537
-> 100 remaining
1211 solutions ! Redparing...
-> 100 remaining
1410 solutions ! Redparing...
-> 100 remaining
1510 solutions ! Redparing...
-> 100 remaining
1921 solutions ! Redparing...
-> 100 remaining
1516 solutions ! Redparing...
-> 100 remaining
2500 solutions ! Redparing...
-> 100 remaining
4096 solutions ! Redparing...
-> 100 remaining
1143 solutions ! Redparing...
CellExplorer::ReduceSolutions(): update threshold for report from 14.3537 to 14.4757
-> 100 remaining
3194 solutions ! Redparing...
-> 100 remaining
1493 solutions ! Redparing...
-> 100 remaining
1344 solutions ! Redparing...
-> 100 remaining
1679 solutions ! Redparing...
-> 100 remaining
1446 solutions ! Redparing...
CellExplorer::ReduceSolutions(): update threshold for report from 14.4757 to 14.4969
-> 100 remaining
1586 solutions ! Redparing...
-> 100 remaining
1195 solutions ! Redparing...
-> 100 remaining
1666 solutions ! Redparing...
-> 100 remaining
1161 solutions ! Redparing...
CellExplorer::ReduceSolutions(): update threshold for report from 14.4969 to 14.5024
-> 100 remaining
2004 solutions ! Redparing...
CellExplorer::ReduceSolutions(): update threshold for report from 14.5024 to 14.566
-> 100 remaining
2078 solutions ! Redparing...
-> 100 remaining
5040 solutions ! Redparing...
CellExplorer::ReduceSolutions(): update threshold for report from 14.566 to 14.6578
-> 100 remaining
1140 solutions ! Redparing...
CellExplorer::ReduceSolutions(): update threshold for report from 14.6578 to 14.8073
-> 100 remaining
2314 solutions ! Redparing...
CellExplorer::ReduceSolutions(): update threshold for report from 14.8073 to 14.8526
-> 100 remaining
1293 solutions ! Redparing...
-> 100 remaining
3584 solutions ! Redparing...
-> 100 remaining
1310 solutions ! Redparing...
-> 100 remaining
1332 solutions ! Redparing...
-> 100 remaining
3237 solutions ! Redparing...
-> 100 remaining
2077 solutions ! Redparing...
-> 100 remaining
1781 solutions ! Redparing...
CellExplorer::ReduceSolutions(): update threshold for report from 14.8526 to 14.8719
-> 100 remaining
1967 solutions ! Redparing...
CellExplorer::ReduceSolutions(): update threshold for report from 14.8719 to 14.8818
-> 100 remaining
1292 solutions ! Redparing...
CellExplorer::ReduceSolutions(): update threshold for report from 14.8818 to 14.8973
-> 100 remaining
1322 solutions ! Redparing...
-> 100 remaining
1825 solutions ! Redparing...
-> 100 remaining
1379 solutions ! Redparing...
CellExplorer::ReduceSolutions(): update threshold for report from 14.8973 to 14.9257
-> 100 remaining
1211 solutions ! Redparing...
-> 100 remaining
2201 solutions ! Redparing...
-> 100 remaining
2822 solutions ! Redparing...
-> 100 remaining
1204 solutions ! Redparing...
-> 100 remaining
1747 solutions ! Redparing...
-> 100 remaining
1990 solutions ! Redparing...
CellExplorer::ReduceSolutions(): update threshold for report from 14.9257 to 14.9926
-> 100 remaining
3905 solutions ! Redparing...
-> 100 remaining
1878 solutions ! Redparing...
-> 100 remaining
1717 solutions ! Redparing...
-> 100 remaining
3801 solutions ! Redparing...
CellExplorer::ReduceSolutions(): update threshold for report from 14.9926 to 15.1992
-> 100 remaining
1651 solutions ! Redparing...
-> 100 remaining
1546 solutions ! Redparing...
-> 100 remaining
1113 solutions ! Redparing...
-> 100 remaining
1240 solutions ! Redparing...
-> 100 remaining
1464 solutions ! Redparing...
-> 100 remaining
4334 solutions ! Redparing...
-> 100 remaining
2442 solutions ! Redparing...
-> 100 remaining
3547 solutions ! Redparing...
-> 100 remaining
2389 solutions ! Redparing...
CellExplorer::ReduceSolutions(): update threshold for report from 15.1992 to 15.257
-> 100 remaining
2400 solutions ! Redparing...
-> 100 remaining
2096 solutions ! Redparing...
CellExplorer::ReduceSolutions(): update threshold for report from 15.257 to 15.2757
-> 100 remaining
2728 solutions ! Redparing...
-> 100 remaining
1558 solutions ! Redparing...
-> 100 remaining
3281 solutions ! Redparing...
CellExplorer::ReduceSolutions(): update threshold for report from 15.2757 to 15.2862
-> 100 remaining
1760 solutions ! Redparing...
-> 100 remaining
2147 solutions ! Redparing...
CellExplorer::ReduceSolutions(): update threshold for report from 15.2862 to 15.3898
-> 100 remaining
1646 solutions ! Redparing...
-> 100 remaining
1654 solutions ! Redparing...
-> 100 remaining
4136 solutions ! Redparing...
-> 100 remaining
1787 solutions ! Redparing...
-> 100 remaining
3243 solutions ! Redparing...
CellExplorer::ReduceSolutions(): update threshold for report from 15.3898 to 15.4009
-> 100 remaining
1761 solutions ! Redparing...
-> 100 remaining
1700 solutions ! Redparing...
CellExplorer::ReduceSolutions(): update threshold for report from 15.4009 to 15.4986
-> 100 remaining
2044 solutions ! Redparing...
CellExplorer::ReduceSolutions(): update threshold for report from 15.4986 to 15.5616
-> 100 remaining
2027 solutions ! Redparing...
-> 100 remaining
2180 solutions ! Redparing...
CellExplorer::ReduceSolutions(): update threshold for report from 15.5616 to 15.5936
-> 100 remaining
1348 solutions ! Redparing...
-> 100 remaining
1940 solutions ! Redparing...
CellExplorer::ReduceSolutions(): update threshold for report from 15.5936 to 15.6399
-> 100 remaining
1900 solutions ! Redparing...
-> 100 remaining
1587 solutions ! Redparing...
CellExplorer::ReduceSolutions(): update threshold for report from 15.6399 to 15.7075
-> 100 remaining
1110 solutions ! Redparing...
-> 100 remaining
2639 solutions ! Redparing...
-> 100 remaining
1666 solutions ! Redparing...
-> 100 remaining
1386 solutions ! Redparing...
-> 100 remaining
2517 solutions ! Redparing...
-> 100 remaining
1347 solutions ! Redparing...
-> 100 remaining
4606 solutions ! Redparing...
CellExplorer::ReduceSolutions(): update threshold for report from 15.7075 to 15.8225
-> 100 remaining
1373 solutions ! Redparing...
-> 100 remaining
1658 solutions ! Redparing...
-> 100 remaining
2464 solutions ! Redparing...
CellExplorer::ReduceSolutions(): update threshold for report from 15.8225 to 15.9578
-> 100 remaining
2233 solutions ! Redparing...
-> 99 remaining
2708 solutions ! Redparing...
-> 100 remaining
1326 solutions ! Redparing...
-> 100 remaining
1283 solutions ! Redparing...
-> 100 remaining
1529 solutions ! Redparing...
-> 100 remaining
1232 solutions ! Redparing...
-> 100 remaining
2554 solutions ! Redparing...
-> 100 remaining
2007 solutions ! Redparing...
CellExplorer::ReduceSolutions(): update threshold for report from 15.9578 to 16.0352
-> 100 remaining
6335 solutions ! Redparing...
-> 100 remaining
1895 solutions ! Redparing...
-> 100 remaining
1466 solutions ! Redparing...
-> 100 remaining
3718 solutions ! Redparing...
CellExplorer::ReduceSolutions(): update threshold for report from 16.0352 to 16.05
-> 100 remaining
1168 solutions ! Redparing...
-> 100 remaining
1771 solutions ! Redparing...
-> 100 remaining
1336 solutions ! Redparing...
-> 100 remaining
2277 solutions ! Redparing...
-> 100 remaining
1240 solutions ! Redparing...
-> 100 remaining
1763 solutions ! Redparing...
-> 100 remaining
3054 solutions ! Redparing...
CellExplorer::ReduceSolutions(): update threshold for report from 16.05 to 16.0765
-> 100 remaining
1192 solutions ! Redparing...
-> 100 remaining
1733 solutions ! Redparing...
-> 100 remaining
1172 solutions ! Redparing...
-> 100 remaining
1868 solutions ! Redparing...
-> 100 remaining
5047 solutions ! Redparing...
CellExplorer::ReduceSolutions(): update threshold for report from 16.0765 to 16.252
-> 100 remaining
1399 solutions ! Redparing...
-> 100 remaining
1147 solutions ! Redparing...
-> 100 remaining
4307 solutions ! Redparing...
-> 100 remaining
3169 solutions ! Redparing...
-> 100 remaining
1164 solutions ! Redparing...
-> 100 remaining
1580 solutions ! Redparing...
-> 100 remaining
2387 solutions ! Redparing...
-> 100 remaining
1392 solutions ! Redparing...
-> 100 remaining
