# columns: two_theta_deg intensity sigma
5.00000 4056 6.36285
5.01000 4022 6.33724
5.02000 4099 6.40184
5.03000 4153 6.44157
5.04000 4147 6.44157
5.05000 4129 6.42824
5.06000 4096 6.40184
5.07000 4360 6.60819
5.08000 4327 6.57952
5.09000 4207 6.48204
5.10000 4254 6.52328
5.11000 4284 6.55122
5.12000 4321 6.57952
5.13000 4322 6.57952
5.14000 4194 6.48204
5.15000 4247 6.52328
5.16000 4268 6.5372
5.17000 4285 6.55122
5.18000 4399 6.63723
5.19000 4342 6.5938
5.20000 4332 6.57952
5.21000 4278 6.5372
5.22000 4315 6.56532
5.23000 4199 6.48204
5.24000 4212 6.4957
5.25000 4175 6.45497
5.26000 4161 6.45497
5.27000 4227 6.4957
5.28000 4238 6.50945
5.29000 4243 6.50945
5.30000 4278 6.5372
5.31000 4291 6.55122
5.32000 4273 6.5372
5.33000 4445 6.66667
5.34000 4356 6.5938
5.35000 4265 6.5372
5.36000 4415 6.63723
5.37000 4480 6.6965
5.38000 4564 6.75737
5.39000 4550 6.742
5.40000 4627 6.80414
5.41000 4618 6.78844
5.42000 4530 6.72673
5.43000 4523 6.72673
5.44000 4508 6.71156
5.45000 4448 6.66667
5.46000 4502 6.71156
5.47000 4553 6.742
5.48000 4456 6.68153
5.49000 4418 6.6519
5.50000 4587 6.77285
5.51000 4637 6.80414
5.52000 4537 6.742
5.53000 4570 6.75737
5.54000 4567 6.75737
5.55000 4487 6.6965
5.56000 4651 6.81994
5.57000 4596 6.77285
5.58000 4669 6.83586
5.59000 4583 6.77285
5.60000 4705 6.85189
5.61000 4671 6.83586
5.62000 4835 6.95048
5.63000 4798 6.93375
5.64000 4787 6.91714
5.65000 4863 6.96733
5.66000 4840 6.95048
5.67000 4706 6.86803
5.68000 4841 6.95048
5.69000 5018 7.08881
5.70000 5002 7.07107
5.71000 4914 7.0014
5.72000 5026 7.08881
5.73000 5201 7.21688
5.74000 5231 7.23575
5.75000 5149 7.17958
5.76000 5133 7.16115
5.77000 5116 7.16115
5.78000 5504 7.41249
5.79000 5628 7.49532
5.80000 5775 7.60286
5.81000 6051 7.78499
5.82000 6222 7.8811
5.83000 6724 8.19232
5.84000 6709 8.19232
5.85000 6635 8.13788
5.86000 6435 8.03219
5.87000 6389 7.98087
5.88000 6305 7.93052
5.89000 6243 7.90569
5.90000 6017 7.76151
5.91000 5940 7.71517
5.92000 5901 7.69231
5.93000 5738 7.58098
5.94000 5679 7.53778
5.95000 5706 7.55929
5.96000 5767 7.60286
5.97000 5797 7.60286
5.98000 5681 7.53778
5.99000 5776 7.60286
6.00000 5742 7.58098
6.01000 5839 7.64719
6.02000 5713 7.55929
6.03000 5734 7.58098
6.04000 5733 7.58098
6.05000 5894 7.66965
6.06000 5937 7.71517
6.07000 5985 7.73823
6.08000 6209 7.8811
6.09000 6299 7.93052
6.10000 6603 8.13788
6.11000 6899 8.30455
6.12000 7040 8.39181
6.13000 7281 8.54358
6.14000 7101 8.42152
6.15000 7136 8.45154
6.16000 7046 8.39181
6.17000 7059 8.39181
6.18000 7093 8.42152
6.19000 7282 8.54358
6.20000 7288 8.54358
6.21000 7176 8.48189
6.22000 7393 8.60663
6.23000 7497 8.6711
6.24000 7533 8.6711
6.25000 7596 8.70388
6.26000 7700 8.77058
6.27000 7621 8.73704
6.28000 7598 8.70388
6.29000 7664 8.77058
6.30000 7818 8.83883
6.31000 7740 8.80451
6.32000 7877 8.87357
6.33000 7857 8.87357
6.34000 7696 8.77058
6.35000 7806 8.83883
6.36000 7882 8.87357
6.37000 8132 9.0167
6.38000 8336 9.12871
6.39000 8537 9.245
6.40000 8692 9.32505
6.41000 8982 9.49158
6.42000 9107 9.53463
6.43000 9296 9.6225
6.44000 9457 9.71286
6.45000 9678 9.85329
6.46000 9557 9.759
6.47000 9601 9.80581
6.48000 9705 9.85329
6.49000 9810 9.90148
6.50000 9976 10
6.51000 10234 10.1015
6.52000 10127 10.0504
6.53000 10121 10.0504
6.54000 10311 10.1535
6.55000 10515 10.2598
6.56000 10536 10.2598
6.57000 10725 10.3695
6.58000 10902 10.4257
6.59000 11193 10.6
6.60000 11087 10.5409
6.61000 11290 10.6
6.62000 11532 10.7211
6.63000 11985 10.9764
6.64000 12330 11.1111
6.65000 12873 11.3228
6.66000 13622 11.7041
6.67000 14001 11.8678
6.68000 14462 12.0386
6.69000 14723 12.1268
6.70000 15210 12.3091
6.71000 15081 12.3091
6.72000 15059 12.3091
6.73000 15061 12.3091
6.74000 15381 12.4035
6.75000 15770 12.5988
6.76000 16102 12.7
6.77000 16461 12.8037
6.78000 16695 12.9099
6.79000 16979 13.0189
6.80000 17580 13.2453
6.81000 18026 13.484
6.82000 18829 13.7361
6.83000 19354 13.8675
6.84000 20332 14.2857
6.85000 21358 14.5865
6.86000 22161 14.9071
6.87000 22720 15.0756
6.88000 23351 15.2499
6.89000 24347 15.6174
6.90000 25215 15.8114
6.91000 26922 16.4399
6.92000 28192 16.9031
6.93000 29310 17.1499
6.94000 30336 17.4078
6.95000 31159 17.6777
6.96000 31435 17.6777
6.97000 30905 17.6777
6.98000 29540 17.1499
6.99000 27489 16.6667
7.00000 25580 16.0128
7.01000 23010 15.2499
7.02000 20176 14.1421
7.03000 17430 13.2453
7.04000 15021 12.2169
7.05000 13025 11.3961
7.06000 10924 10.4257
7.07000 9774 9.90148
7.08000 8717 9.32505
7.09000 7983 8.94427
7.10000 7385 8.60663
7.11000 6774 8.21995
7.12000 6508 8.05823
7.13000 6285 7.93052
7.14000 5997 7.73823
7.15000 6005 7.73823
7.16000 5800 7.62493
7.17000 5679 7.53778
7.18000 5665 7.51646
7.19000 5766 7.60286
7.20000 5526 7.43294
7.21000 5676 7.53778
7.22000 5568 7.45356
7.23000 5356 7.31272
7.24000 5445 7.3721
7.25000 5384 7.33236
7.26000 5315 7.29325
7.27000 5476 7.39221
7.28000 5669 7.53778
7.29000 5455 7.39221
7.30000 5454 7.39221
7.31000 5464 7.39221
7.32000 5592 7.47435
7.33000 5542 7.45356
7.34000 5618 7.49532
7.35000 5626 7.49532
7.36000 5752 7.58098
7.37000 5725 7.55929
7.38000 5725 7.55929
7.39000 5911 7.69231
7.40000 5820 7.62493
7.41000 5854 7.64719
7.42000 6081 7.80869
7.43000 6059 7.78499
7.44000 5970 7.71517
7.45000 5992 7.73823
7.46000 5931 7.69231
7.47000 5999 7.73823
7.48000 5940 7.71517
7.49000 6039 7.76151
7.50000 6419 8.00641
7.51000 6357 7.98087
7.52000 6530 8.08452
7.53000 6517 8.08452
7.54000 6520 8.08452
7.55000 6530 8.08452
7.56000 6569 8.11107
7.57000 6669 8.16497
7.58000 6545 8.08452
7.59000 6561 8.11107
7.60000 6659 8.16497
7.61000 6799 8.24786
7.62000 6948 8.33333
7.63000 7129 8.45154
7.64000 7118 8.45154
7.65000 7077 8.42152
7.66000 7216 8.48189
7.67000 7602 8.70388
7.68000 7936 8.90871
7.69000 8216 9.05357
7.70000 8493 9.20575
7.71000 8740 9.36586
7.72000 9114 9.53463
7.73000 9284 9.6225
7.74000 9472 9.71286
7.75000 9441 9.71286
7.76000 9542 9.759
7.77000 9465 9.71286
7.78000 9180 9.57826
7.79000 9043 9.49158
7.80000 9436 9.71286
7.81000 9657 9.80581
7.82000 9896 9.95037
7.83000 10062 10.0504
7.84000 10172 10.1015
7.85000 10383 10.2062
7.86000 10752 10.3695
7.87000 11349 10.66
7.88000 11879 10.9109
7.89000 12459 11.1803
7.90000 13277 11.547
7.91000 14240 11.9523
7.92000 14684 12.1268
7.93000 15108 12.3091
7.94000 15613 12.5
7.95000 16046 12.7
7.96000 16211 12.7
7.97000 16152 12.7
7.98000 15674 12.5
7.99000 14889 12.2169
8.00000 14322 11.9523
8.01000 13088 11.4708
8.02000 11778 10.8465
8.03000 10718 10.3695
8.04000 9477 9.71286
8.05000 8428 9.16698
8.06000 7424 8.60663
8.07000 6937 8.33333
8.08000 6537 8.08452
8.09000 5979 7.73823
8.10000 5838 7.64719
8.11000 5712 7.55929
8.12000 5597 7.47435
8.13000 5431 7.3721
8.14000 5391 7.35215
8.15000 5494 7.41249
8.16000 5520 7.43294
8.17000 5527 7.43294
8.18000 5305 7.27393
8.19000 5310 7.29325
8.20000 5143 7.17958
8.21000 5054 7.10669
8.22000 5096 7.14286
8.23000 4954 7.03598
8.24000 4843 6.96733
8.25000 4817 6.93375
8.26000 4682 6.83586
8.27000 4690 6.85189
8.28000 4992 7.07107
8.29000 4931 7.01862
8.30000 4814 6.93375
8.31000 4846 6.96733
8.32000 4838 6.95048
8.33000 4790 6.91714
8.34000 4852 6.96733
8.35000 5059 7.10669
8.36000 5134 7.16115
8.37000 5042 7.10669
8.38000 4957 7.03598
8.39000 5038 7.10669
8.40000 5185 7.19816
8.41000 5225 7.23575
8.42000 5181 7.19816
8.43000 5024 7.08881
8.44000 5218 7.21688
8.45000 5264 7.25476
8.46000 5261 7.25476
8.47000 5204 7.21688
8.48000 5339 7.31272
8.49000 5486 7.41249
8.50000 5587 7.47435
8.51000 5704 7.55929
8.52000 5628 7.49532
8.53000 5470 7.39221
8.54000 5438 7.3721
8.55000 5594 7.47435
8.56000 5660 7.51646
8.57000 5897 7.66965
8.58000 5788 7.60286
8.59000 5972 7.73823
8.60000 5873 7.66965
8.61000 5821 7.62493
8.62000 5979 7.73823
8.63000 6069 7.78499
8.64000 6272 7.93052
8.65000 6196 7.8811
8.66000 6228 7.8811
8.67000 6501 8.05823
8.68000 6573 8.11107
8.69000 6828 8.27606
8.70000 6975 8.36242
8.71000 7219 8.48189
8.72000 7010 8.36242
8.73000 7047 8.39181
8.74000 7072 8.42152
8.75000 6942 8.33333
8.76000 7006 8.36242
8.77000 7237 8.51257
8.78000 7440 8.63868
8.79000 7341 8.57493
8.80000 7545 8.6711
8.81000 7875 8.87357
8.82000 7996 8.94427
8.83000 7918 8.90871
8.84000 7999 8.94427
8.85000 8139 9.0167
8.86000 8260 9.09091
8.87000 8242 9.09091
8.88000 8478 9.20575
8.89000 8805 9.36586
8.90000 8889 9.44911
8.91000 9146 9.57826
8.92000 9339 9.66736
8.93000 9839 9.90148
8.94000 9864 9.95037
8.95000 10063 10.0504
8.96000 9972 10
8.97000 10325 10.1535
8.98000 10625 10.3142
8.99000 10852 10.4257
9.00000 11091 10.5409
9.01000 11639 10.7833
9.02000 11730 10.8465
9.03000 12106 10.9764
9.04000 12689 11.2509
9.05000 13289 11.547
9.06000 14042 11.8678
9.07000 14768 12.1268
9.08000 15466 12.4035
9.09000 16639 12.9099
9.10000 17862 13.3631
9.11000 18900 13.7361
9.12000 19690 14.0028
9.13000 20146 14.1421
9.14000 20790 14.4338
9.15000 20575 14.2857
9.16000 20239 14.2857
9.17000 19176 13.8675
9.18000 18382 13.6083
9.19000 17161 13.1306
9.20000 15463 12.4035
9.21000 13798 11.7851
9.22000 12092 10.9764
9.23000 10585 10.3142
9.24000 9356 9.66736
9.25000 8409 9.16698
9.26000 7328 8.57493
9.27000 6487 8.05823
9.28000 6140 7.8326
9.29000 5760 7.58098
9.30000 5391 7.35215
9.31000 5205 7.21688
9.32000 5044 7.10669
9.33000 4731 6.88428
9.34000 4578 6.77285
9.35000 4658 6.81994
9.36000 4469 6.68153
9.37000 4380 6.62266
9.38000 4299 6.55122
9.39000 4238 6.50945
9.40000 4214 6.4957
9.41000 4251 6.52328
9.42000 4126 6.42824
9.43000 4235 6.50945
9.44000 4216 6.4957
9.45000 4087 6.38877
9.46000 3954 6.28695
9.47000 4077 6.38877
9.48000 4155 6.44157
9.49000 4023 6.33724
9.50000 3945 6.28695
9.51000 3981 6.31194
9.52000 3973 6.29941
9.53000 4042 6.36285
9.54000 3882 6.22573
9.55000 3829 6.18984
9.56000 3830 6.18984
9.57000 3908 6.25
9.58000 3940 6.27456
9.59000 4037 6.35001
9.60000 4074 6.38877
9.61000 3930 6.27456
9.62000 3900 6.25
9.63000 3903 6.25
9.64000 4000 6.32456
9.65000 3991 6.31194
9.66000 3896 6.23783
9.67000 3997 6.32456
9.68000 3920 6.26224
9.69000 3918 6.26224
9.70000 4041 6.36285
9.71000 4032 6.35001
9.72000 3922 6.26224
9.73000 3898 6.23783
9.74000 3911 6.25
9.75000 3904 6.25
9.76000 3892 6.23783
9.77000 3936 6.27456
9.78000 3965 6.29941
9.79000 4127 6.42824
9.80000 4042 6.36285
9.81000 3982 6.31194
9.82000 4022 6.33724
9.83000 3955 6.28695
9.84000 3989 6.31194
9.85000 4059 6.37577
9.86000 4023 6.33724
9.87000 3803 6.16626
9.88000 3872 6.22573
9.89000 3880 6.22573
9.90000 3875 6.22573
9.91000 3935 6.27456
9.92000 3924 6.26224
9.93000 4240 6.50945
9.94000 4072 6.37577
9.95000 3992 6.31194
9.96000 4041 6.36285
9.97000 4023 6.33724
9.98000 4007 6.32456
9.99000 3964 6.29941
10.00000 3976 6.29941
10.01000 4021 6.33724
10.02000 3966 6.29941
10.03000 3958 6.28695
10.04000 4053 6.36285
10.05000 4024 6.33724
10.06000 4061 6.37577
10.07000 4019 6.33724
10.08000 4064 6.37577
10.09000 4092 6.40184
10.10000 4138 6.42824
10.11000 4158 6.44157
10.12000 4153 6.44157
10.13000 4155 6.44157
10.14000 4223 6.4957
10.15000 4340 6.5938
10.16000 4186 6.46846
10.17000 4533 6.72673
10.18000 4384 6.62266
10.19000 4376 6.60819
10.20000 4369 6.60819
10.21000 4669 6.83586
10.22000 4417 6.6519
10.23000 4521 6.72673
10.24000 4591 6.77285
10.25000 4578 6.77285
10.26000 4543 6.742
10.27000 4618 6.78844
10.28000 4557 6.75737
10.29000 4587 6.77285
10.30000 4622 6.80414
10.31000 4553 6.742
10.32000 4582 6.77285
10.33000 4598 6.78844
10.34000 4565 6.75737
10.35000 4638 6.80414
10.36000 4533 6.72673
10.37000 4513 6.71156
10.38000 4556 6.75737
10.39000 4617 6.78844
10.40000 4550 6.742
10.41000 4716 6.86803
10.42000 4675 6.83586
10.43000 4578 6.77285
10.44000 4647 6.81994
10.45000 4654 6.81994
10.46000 4653 6.81994
10.47000 4659 6.81994
10.48000 4689 6.85189
10.49000 4578 6.77285
10.50000 4797 6.93375
10.51000 4882 6.9843
10.52000 4863 6.96733
10.53000 4840 6.95048
10.54000 5011 7.07107
10.55000 5082 7.1247
10.56000 5100 7.14286
10.57000 5205 7.21688
10.58000 5179 7.19816
10.59000 5245 7.23575
10.60000 5306 7.29325
10.61000 5432 7.3721
10.62000 5592 7.47435
10.63000 5677 7.53778
10.64000 5765 7.60286
10.65000 5880 7.66965
10.66000 5814 7.62493
10.67000 5921 7.69231
10.68000 6160 7.85674
10.69000 6407 8.00641
10.70000 6423 8.00641
10.71000 6481 8.05823
10.72000 6591 8.11107
10.73000 6640 8.13788
10.74000 6639 8.13788
10.75000 6841 8.27606
10.76000 6904 8.30455
10.77000 6890 8.30455
10.78000 6892 8.30455
10.79000 6890 8.30455
10.80000 6861 8.27606
10.81000 7089 8.42152
10.82000 7208 8.48189
10.83000 7361 8.57493
10.84000 7603 8.70388
10.85000 7673 8.77058
10.86000 7714 8.77058
10.87000 7877 8.87357
10.88000 8046 8.98027
10.89000 8084 8.98027
10.90000 7870 8.87357
10.91000 8046 8.98027
10.92000 8153 9.0167
10.93000 8274 9.09091
10.94000 8425 9.16698
10.95000 8426 9.16698
10.96000 8872 9.40721
10.97000 8876 9.40721
10.98000 9331 9.66736
10.99000 9566 9.759
11.00000 9695 9.85329
11.01000 10242 10.1015
11.02000 10489 10.2598
11.03000 10406 10.2062
11.04000 10550 10.2598
11.05000 10956 10.4828
11.06000 11028 10.4828
11.07000 11204 10.6
11.08000 11456 10.7211
11.09000 11594 10.7833
11.10000 12263 11.0432
11.11000 12952 11.3961
11.12000 13518 11.6248
11.13000 13666 11.7041
11.14000 14068 11.8678
11.15000 14721 12.1268
11.16000 15265 12.3091
11.17000 15703 12.5
11.18000 16165 12.7
11.19000 16593 12.9099
11.20000 17248 13.1306
11.21000 17504 13.2453
11.22000 17215 13.1306
11.23000 17184 13.1306
11.24000 16969 13.0189
11.25000 16688 12.9099
11.26000 16438 12.8037
11.27000 16400 12.8037
11.28000 16360 12.8037
11.29000 16942 13.0189
11.30000 16791 12.9099
11.31000 17610 13.2453
11.32000 18298 13.484
11.33000 18654 13.6083
11.34000 19308 13.8675
11.35000 19633 14.0028
11.36000 19879 14.1421
11.37000 19816 14.1421
11.38000 19458 14.0028
11.39000 18763 13.7361
11.40000 17766 13.3631
11.41000 16422 12.8037
11.42000 15376 12.4035
11.43000 13815 11.7851
11.44000 12611 11.2509
11.45000 11204 10.6
11.46000 10023 10
11.47000 8743 9.36586
11.48000 7882 8.87357
11.49000 7151 8.45154
11.50000 6497 8.05823
11.51000 6028 7.76151
11.52000 5730 7.55929
11.53000 5652 7.51646
11.54000 5433 7.3721
11.55000 5027 7.08881
11.56000 4944 7.03598
11.57000 4750 6.88428
11.58000 4935 7.01862
11.59000 4899 7.0014
11.60000 4639 6.80414
11.61000 4592 6.77285
11.62000 4491 6.6965
11.63000 4391 6.62266
11.64000 4546 6.742
11.65000 4533 6.72673
11.66000 4632 6.80414
11.67000 4554 6.742
11.68000 4521 6.72673
11.69000 4459 6.68153
11.70000 4578 6.77285
11.71000 4459 6.68153
11.72000 4393 6.62266
11.73000 4357 6.5938
11.74000 4633 6.80414
11.75000 4381 6.62266
11.76000 4292 6.55122
11.77000 4228 6.4957
11.78000 4347 6.5938
11.79000 4361 6.60819
11.80000 4348 6.5938
11.81000 4377 6.62266
11.82000 4376 6.60819
11.83000 4429 6.6519
11.84000 4369 6.60819
11.85000 4341 6.5938
11.86000 4370 6.60819
11.87000 4337 6.57952
11.88000 4324 6.57952
11.89000 4398 6.63723
11.90000 4467 6.68153
11.91000 4421 6.6519
11.92000 4464 6.68153
11.93000 4424 6.6519
11.94000 4428 6.6519
11.95000 4494 6.6965
11.96000 4485 6.6965
11.97000 4385 6.62266
11.98000 4350 6.5938
11.99000 4502 6.71156
12.00000 4675 6.83586
12.01000 4574 6.75737
12.02000 4668 6.83586
12.03000 4489 6.6965
12.04000 4615 6.78844
12.05000 4590 6.77285
12.06000 4557 6.75737
12.07000 4597 6.77285
12.08000 4676 6.83586
12.09000 4553 6.742
12.10000 4590 6.77285
12.11000 4670 6.83586
12.12000 4720 6.86803
12.13000 4696 6.85189
12.14000 4637 6.80414
12.15000 4683 6.83586
12.16000 4730 6.88428
12.17000 4822 6.95048
12.18000 4942 7.03598
12.19000 5025 7.08881
12.20000 5086 7.1247
12.21000 4898 7.0014
12.22000 4943 7.03598
12.23000 5040 7.10669
12.24000 4885 6.9843
12.25000 4938 7.01862
12.26000 5148 7.17958
12.27000 5138 7.16115
12.28000 5121 7.16115
12.29000 5238 7.23575
12.30000 5406 7.35215
12.31000 5237 7.23575
12.32000 5344 7.31272
12.33000 5363 7.33236
12.34000 5373 7.33236
12.35000 5362 7.33236
12.36000 5342 7.31272
12.37000 5402 7.35215
12.38000 5545 7.45356
12.39000 5694 7.53778
12.40000 5616 7.49532
12.41000 5731 7.58098
12.42000 5875 7.66965
12.43000 5748 7.58098
12.44000 6152 7.8326
12.45000 6181 7.85674
12.46000 6217 7.8811
12.47000 6268 7.90569
12.48000 6606 8.13788
12.49000 6772 8.21995
12.50000 6993 8.36242
12.51000 7345 8.57493
12.52000 7379 8.57493
12.53000 7520 8.6711
12.54000 7778 8.80451
12.55000 7726 8.80451
12.56000 7721 8.77058
12.57000 7590 8.70388
12.58000 7559 8.70388
12.59000 7422 8.60663
12.60000 7310 8.54358
12.61000 7139 8.45154
12.62000 6876 8.30455
12.63000 6545 8.08452
12.64000 6251 7.90569
12.65000 6264 7.90569
12.66000 5861 7.64719
12.67000 5780 7.60286
12.68000 5636 7.51646
12.69000 5408 7.35215
12.70000 5326 7.29325
12.71000 5231 7.23575
12.72000 5182 7.19816
12.73000 5110 7.14286
12.74000 5243 7.23575
12.75000 5160 7.17958
12.76000 5181 7.19816
12.77000 5233 7.23575
12.78000 5183 7.19816
12.79000 5185 7.19816
12.80000 5216 7.21688
12.81000 5183 7.19816
12.82000 5225 7.23575
12.83000 5354 7.31272
12.84000 5341 7.31272
12.85000 5419 7.35215
12.86000 5517 7.43294
12.87000 5664 7.51646
12.88000 5868 7.66965
12.89000 5601 7.47435
12.90000 5666 7.53778
12.91000 5732 7.58098
12.92000 5768 7.60286
12.93000 5589 7.47435
12.94000 5570 7.45356
12.95000 5580 7.47435
12.96000 5395 7.35215
12.97000 5188 7.19816
12.98000 5113 7.14286
12.99000 5016 7.08881
13.00000 4929 7.01862
13.01000 4852 6.96733
13.02000 4758 6.90066
13.03000 4635 6.80414
13.04000 4572 6.75737
13.05000 4636 6.80414
13.06000 4460 6.68153
13.07000 4497 6.71156
13.08000 4522 6.72673
13.09000 4642 6.81994
13.10000 4676 6.83586
13.11000 4500 6.71156
13.12000 4511 6.71156
13.13000 4577 6.77285
13.14000 4496 6.71156
13.15000 4598 6.78844
13.16000 4599 6.78844
13.17000 4644 6.81994
13.18000 4626 6.80414
13.19000 4646 6.81994
13.20000 4676 6.83586
13.21000 4660 6.81994
13.22000 4712 6.86803
13.23000 4760 6.90066
13.24000 4741 6.88428
13.25000 4620 6.80414
13.26000 4713 6.86803
13.27000 4734 6.88428
13.28000 4703 6.85189
13.29000 4629 6.80414
13.30000 4668 6.83586
13.31000 4749 6.88428
13.32000 4674 6.83586
13.33000 4757 6.90066
13.34000 4827 6.95048
13.35000 4788 6.91714
13.36000 4635 6.80414
13.37000 4767 6.90066
13.38000 4866 6.96733
13.39000 4802 6.93375
13.40000 4900 7.0014
13.41000 4841 6.95048
13.42000 4884 6.9843
13.43000 4812 6.93375
13.44000 4773 6.90066
13.45000 4907 7.0014
13.46000 4907 7.0014
13.47000 4755 6.90066
13.48000 4838 6.95048
13.49000 4876 6.9843
13.50000 4969 7.05346
13.51000 5183 7.19816
13.52000 5221 7.21688
13.53000 5354 7.31272
13.54000 5331 7.29325
13.55000 5308 7.29325
13.56000 5394 7.35215
13.57000 5708 7.55929
13.58000 5685 7.53778
13.59000 5825 7.62493
13.60000 5839 7.64719
13.61000 5910 7.69231
13.62000 5911 7.69231
13.63000 6041 7.76151
13.64000 6196 7.8811
13.65000 6178 7.85674
13.66000 6098 7.80869
13.67000 6348 7.95557
13.68000 6508 8.05823
13.69000 6501 8.05823
13.70000 6643 8.13788
13.71000 6735 8.21995
13.72000 6954 8.33333
13.73000 6822 8.24786
13.74000 6950 8.33333
13.75000 7032 8.39181
13.76000 7254 8.51257
13.77000 7504 8.6711
13.78000 7878 8.87357
13.79000 7961 8.90871
13.80000 8543 9.245
13.81000 8873 9.40721
13.82000 8873 9.40721
13.83000 9214 9.57826
13.84000 9863 9.95037
13.85000 10486 10.2598
13.86000 11063 10.5409
13.87000 11642 10.7833
13.88000 12272 11.1111
13.89000 12508 11.1803
13.90000 12952 11.3961
13.91000 12939 11.3961
13.92000 13026 11.3961
13.93000 12701 11.2509
13.94000 12301 11.1111
13.95000 11884 10.9109
13.96000 11100 10.5409
13.97000 10721 10.3695
13.98000 9735 9.85329
13.99000 9169 9.57826
14.00000 8593 9.28477
14.01000 7816 8.83883
14.02000 7286 8.54358
14.03000 6773 8.21995
14.04000 6488 8.05823
14.05000 6275 7.93052
14.06000 6010 7.76151
14.07000 5697 7.53778
14.08000 5610 7.49532
14.09000 5672 7.53778
14.10000 5657 7.51646
14.11000 5428 7.3721
14.12000 5289 7.27393
14.13000 5416 7.35215
14.14000 5448 7.3721
14.15000 5564 7.45356
14.16000 5443 7.3721
14.17000 5405 7.35215
14.18000 5588 7.47435
14.19000 5592 7.47435
14.20000 5598 7.47435
14.21000 5657 7.51646
14.22000 5858 7.64719
14.23000 5911 7.69231
14.24000 6071 7.78499
14.25000 6175 7.85674
14.26000 6304 7.93052
14.27000 6346 7.95557
14.28000 6501 8.05823
14.29000 6709 8.19232
14.30000 6856 8.27606
14.31000 6947 8.33333
14.32000 6964 8.33333
14.33000 6865 8.27606
14.34000 6836 8.27606
14.35000 6884 8.30455
14.36000 6909 8.30455
14.37000 6765 8.21995
14.38000 6494 8.05823
14.39000 6364 7.98087
14.40000 6361 7.98087
14.41000 6077 7.78499
14.42000 6061 7.78499
14.43000 5991 7.73823
14.44000 6057 7.78499
14.45000 6040 7.76151
14.46000 6088 7.80869
14.47000 6118 7.8326
14.48000 6320 7.95557
14.49000 6258 7.90569
14.50000 6360 7.98087
14.51000 6463 8.03219
14.52000 6545 8.08452
14.53000 6676 8.16497
14.54000 6743 8.21995
14.55000 6823 8.24786
14.56000 6877 8.30455
14.57000 6920 8.30455
14.58000 7036 8.39181
14.59000 7162 8.45154
14.60000 7095 8.42152
14.61000 7033 8.39181
14.62000 7112 8.42152
14.63000 7054 8.39181
14.64000 7121 8.45154
14.65000 7430 8.60663
14.66000 7444 8.63868
14.67000 7509 8.6711
14.68000 7734 8.80451
14.69000 7942 8.90871
14.70000 8290 9.09091
14.71000 8414 9.16698
14.72000 9089 9.53463
14.73000 9352 9.66736
14.74000 9865 9.95037
14.75000 10243 10.1015
14.76000 10677 10.3142
14.77000 11019 10.4828
14.78000 11165 10.5409
14.79000 11624 10.7833
14.80000 11691 10.7833
14.81000 11244 10.6
14.82000 10943 10.4828
14.83000 10566 10.2598
14.84000 10177 10.1015
14.85000 9694 9.85329
14.86000 9235 9.6225
14.87000 8580 9.245
14.88000 7885 8.87357
14.89000 7693 8.77058
14.90000 7485 8.63868
14.91000 7116 8.42152
14.92000 6939 8.33333
14.93000 6559 8.11107
14.94000 6489 8.05823
14.95000 6233 7.90569
14.96000 6075 7.78499
14.97000 6030 7.76151
14.98000 6124 7.8326
14.99000 6064 7.78499
15.00000 5970 7.71517
15.01000 5997 7.73823
15.02000 6230 7.8811
15.03000 6213 7.8811
15.04000 6084 7.80869
15.05000 6146 7.8326
15.06000 6185 7.85674
15.07000 6413 8.00641
15.08000 6433 8.03219
15.09000 6547 8.08452
15.10000 6671 8.16497
15.11000 6636 8.13788
15.12000 6957 8.33333
15.13000 7082 8.42152
15.14000 7115 8.42152
15.15000 7267 8.51257
15.16000 7365 8.57493
15.17000 7609 8.73704
15.18000 7571 8.70388
15.19000 7906 8.90871
15.20000 7980 8.94427
15.21000 8116 9.0167
15.22000 8330 9.12871
15.23000 8380 9.16698
15.24000 8719 9.32505
15.25000 9059 9.53463
15.26000 9586 9.80581
15.27000 9919 9.95037
15.28000 10197 10.1015
15.29000 10636 10.3142
15.30000 11202 10.6
15.31000 11774 10.8465
15.32000 12576 11.1803
15.33000 13192 11.4708
15.34000 14139 11.8678
15.35000 14787 12.1268
15.36000 15425 12.4035
15.37000 15791 12.5988
15.38000 16065 12.7
15.39000 16090 12.7
15.40000 15490 12.4035
15.41000 15208 12.3091
15.42000 14846 12.2169
15.43000 14182 11.8678
15.44000 13186 11.4708
15.45000 12628 11.2509
15.46000 11473 10.7211
15.47000 10593 10.3142
15.48000 10144 10.0504
15.49000 9418 9.71286
15.50000 8753 9.36586
15.51000 8162 9.0167
15.52000 7994 8.94427
15.53000 7617 8.73704
15.54000 7453 8.63868
15.55000 7289 8.54358
15.56000 7037 8.39181
15.57000 6891 8.30455
15.58000 7004 8.36242
15.59000 6937 8.33333
15.60000 7212 8.48189
15.61000 7295 8.54358
15.62000 7409 8.60663
15.63000 7470 8.63868
15.64000 7645 8.73704
15.65000 7986 8.94427
15.66000 8041 8.98027
15.67000 8350 9.12871
15.68000 8379 9.16698
15.69000 8583 9.245
15.70000 8728 9.32505
15.71000 9091 9.53463
15.72000 8941 9.44911
15.73000 9190 9.57826
15.74000 9736 9.85329
15.75000 10119 10.0504
15.76000 10503 10.2598
15.77000 10759 10.3695
15.78000 10812 10.4257
15.79000 11261 10.6
15.80000 11888 10.9109
15.81000 12155 11.0432
15.82000 12851 11.3228
15.83000 13314 11.547
15.84000 14165 11.8678
15.85000 14943 12.2169
15.86000 15683 12.5
15.87000 16496 12.8037
15.88000 17506 13.2453
15.89000 18413 13.6083
15.90000 19529 14.0028
15.91000 20307 14.2857
15.92000 21365 14.5865
15.93000 21302 14.5865
15.94000 20863 14.4338
15.95000 20992 14.4338
15.96000 20263 14.2857
15.97000 19260 13.8675
15.98000 18105 13.484
15.99000 16853 13.0189
16.00000 15749 12.5988
16.01000 14399 12.0386
16.02000 13143 11.4708
16.03000 12267 11.0432
16.04000 11016 10.4828
16.05000 9920 9.95037
16.06000 9198 9.57826
16.07000 8642 9.28477
16.08000 8248 9.09091
16.09000 7761 8.80451
16.10000 7585 8.70388
16.11000 7277 8.54358
16.12000 7261 8.51257
16.13000 7324 8.54358
16.14000 7285 8.54358
16.15000 7378 8.57493
16.16000 7477 8.63868
16.17000 7473 8.63868
16.18000 7586 8.70388
16.19000 7604 8.70388
16.20000 7547 8.6711
16.21000 7828 8.83883
16.22000 7803 8.83883
16.23000 7691 8.77058
16.24000 7676 8.77058
16.25000 7521 8.6711
16.26000 7455 8.63868
16.27000 7286 8.54358
16.28000 6903 8.30455
16.29000 6465 8.03219
16.30000 6252 7.90569
16.31000 6028 7.76151
16.32000 5769 7.60286
16.33000 5363 7.33236
16.34000 5224 7.23575
16.35000 5035 7.08881
16.36000 4903 7.0014
16.37000 4817 6.93375
16.38000 4740 6.88428
16.39000 4691 6.85189
16.40000 4636 6.80414
16.41000 4597 6.77285
16.42000 4641 6.81994
16.43000 4498 6.71156
16.44000 4520 6.72673
16.45000 4612 6.78844
16.46000 4427 6.6519
16.47000 4405 6.63723
16.48000 4448 6.66667
16.49000 4411 6.63723
16.50000 4527 6.72673
16.51000 4401 6.63723
16.52000 4407 6.63723
16.53000 4358 6.60819
16.54000 4352 6.5938
16.55000 4462 6.68153
16.56000 4416 6.6519
16.57000 4370 6.60819
16.58000 4315 6.56532
16.59000 4263 6.52328
16.60000 4342 6.5938
16.61000 4418 6.6519
16.62000 4413 6.63723
16.63000 4376 6.60819
16.64000 4359 6.60819
16.65000 4388 6.62266
16.66000 4481 6.6965
16.67000 4441 6.66667
16.68000 4341 6.5938
16.69000 4345 6.5938
16.70000 4451 6.66667
16.71000 4375 6.60819
16.72000 4428 6.6519
16.73000 4530 6.72673
16.74000 4560 6.75737
16.75000 4407 6.63723
16.76000 4285 6.55122
16.77000 4403 6.63723
16.78000 4269 6.5372
16.79000 4317 6.56532
16.80000 4291 6.55122
16.81000 4366 6.60819
16.82000 4517 6.72673
16.83000 4428 6.6519
16.84000 4435 6.66667
16.85000 4523 6.72673
16.86000 4525 6.72673
16.87000 4422 6.6519
16.88000 4532 6.72673
16.89000 4531 6.72673
16.90000 4350 6.5938
16.91000 4356 6.5938
16.92000 4363 6.60819
16.93000 4273 6.5372
16.94000 4258 6.52328
16.95000 4367 6.60819
16.96000 4380 6.62266
16.97000 4509 6.71156
16.98000 4502 6.71156
16.99000 4396 6.63723
17.00000 4337 6.57952
17.01000 4448 6.66667
17.02000 4381 6.62266
17.03000 4411 6.63723
17.04000 4477 6.6965
17.05000 4576 6.75737
17.06000 4537 6.742
17.07000 4511 6.71156
17.08000 4502 6.71156
17.09000 4626 6.80414
17.10000 4732 6.88428
17.11000 4604 6.78844
17.12000 4566 6.75737
17.13000 4556 6.75737
17.14000 4486 6.6965
17.15000 4647 6.81994
17.16000 4716 6.86803
17.17000 4635 6.80414
17.18000 4741 6.88428
17.19000 4669 6.83586
17.20000 4676 6.83586
17.21000 4585 6.77285
17.22000 4910 7.0014
17.23000 4894 7.0014
17.24000 4816 6.93375
17.25000 4692 6.85189
17.26000 4664 6.83586
17.27000 4725 6.86803
17.28000 4806 6.93375
17.29000 4720 6.86803
17.30000 4789 6.91714
17.31000 4839 6.95048
17.32000 4765 6.90066
17.33000 4921 7.01862
17.34000 4991 7.07107
17.35000 4867 6.9843
17.36000 4880 6.9843
17.37000 5127 7.16115
17.38000 5258 7.25476
17.39000 5154 7.17958
17.40000 5191 7.19816
17.41000 5186 7.19816
17.42000 5154 7.17958
17.43000 5250 7.25476
17.44000 5250 7.25476
17.45000 5411 7.35215
17.46000 5334 7.31272
17.47000 5510 7.43294
17.48000 5726 7.55929
17.49000 5655 7.51646
17.50000 5737 7.58098
17.51000 5845 7.64719
17.52000 5704 7.55929
17.53000 5993 7.73823
17.54000 6051 7.78499
17.55000 6056 7.78499
17.56000 5949 7.71517
17.57000 5985 7.73823
17.58000 5884 7.66965
17.59000 5971 7.73823
17.60000 5813 7.62493
17.61000 6112 7.80869
17.62000 5721 7.55929
17.63000 5724 7.55929
17.64000 5675 7.53778
17.65000 5547 7.45356
17.66000 5617 7.49532
17.67000 5595 7.47435
17.68000 5539 7.43294
17.69000 5551 7.45356
17.70000 5624 7.49532
17.71000 5469 7.39221
17.72000 5488 7.41249
17.73000 5613 7.49532
17.74000 5594 7.47435
17.75000 5840 7.64719
17.76000 5719 7.55929
17.77000 5842 7.64719
17.78000 6095 7.80869
17.79000 6053 7.78499
17.80000 6029 7.76151
17.81000 6198 7.8811
17.82000 6135 7.8326
17.83000 6363 7.98087
17.84000 6155 7.85674
17.85000 6292 7.93052
17.86000 6527 8.08452
17.87000 6694 8.19232
17.88000 6758 8.21995
17.89000 7186 8.48189
17.90000 7340 8.57493
17.91000 7717 8.77058
17.92000 7920 8.90871
17.93000 8052 8.98027
17.94000 8053 8.98027
17.95000 8183 9.05357
17.96000 8468 9.20575
17.97000 8692 9.32505
17.98000 8587 9.28477
17.99000 8625 9.28477
18.00000 9148 9.57826
18.01000 9732 9.85329
18.02000 10204 10.1015
18.03000 10789 10.3695
18.04000 11222 10.6
18.05000 11709 10.8465
18.06000 12586 11.2509
18.07000 13234 11.4708
18.08000 13864 11.7851
18.09000 14590 12.0386
18.10000 14944 12.2169
18.11000 15348 12.4035
18.12000 16016 12.7
18.13000 16740 12.9099
18.14000 17568 13.2453
18.15000 18272 13.484
18.16000 19129 13.8675
18.17000 19708 14.0028
18.18000 20347 14.2857
18.19000 21006 14.4338
18.20000 21760 14.7442
18.21000 23091 15.2499
18.22000 23035 15.2499
18.23000 22753 15.0756
18.24000 22587 15.0756
18.25000 22262 14.9071
18.26000 21797 14.7442
18.27000 20894 14.4338
18.28000 19898 14.1421
18.29000 18552 13.6083
18.30000 17049 13.0189
18.31000 15922 12.5988
18.32000 14554 12.0386
18.33000 13386 11.547
18.34000 12219 11.0432
18.35000 11204 10.6
18.36000 10366 10.2062
18.37000 9850 9.90148
18.38000 9352 9.66736
18.39000 9081 9.53463
18.40000 8497 9.20575
18.41000 8003 8.94427
18.42000 8118 9.0167
18.43000 8017 8.94427
18.44000 8043 8.98027
18.45000 7884 8.87357
18.46000 7923 8.90871
18.47000 7679 8.77058
18.48000 7578 8.70388
18.49000 7686 8.77058
18.50000 7847 8.87357
18.51000 7818 8.83883
18.52000 8137 9.0167
18.53000 8176 9.05357
18.54000 8427 9.16698
18.55000 8753 9.36586
18.56000 9222 9.6225
18.57000 9303 9.66736
18.58000 9583 9.80581
18.59000 9797 9.90148
18.60000 10530 10.2598
18.61000 10756 10.3695
18.62000 11010 10.4828
18.63000 11315 10.66
18.64000 11584 10.7833
18.65000 11968 10.9109
18.66000 12409 11.1111
18.67000 12914 11.3961
18.68000 13441 11.6248
18.69000 14133 11.8678
18.70000 14963 12.2169
18.71000 16067 12.7
18.72000 17003 13.0189
18.73000 17903 13.3631
18.74000 18809 13.7361
18.75000 19808 14.1421
18.76000 20399 14.2857
18.77000 21192 14.5865
18.78000 22440 14.9071
18.79000 23732 15.4303
18.80000 24947 15.8114
18.81000 26098 16.2221
18.82000 27085 16.4399
18.83000 28065 16.6667
18.84000 28268 16.9031
18.85000 28673 16.9031
18.86000 28073 16.6667
18.87000 27078 16.4399
18.88000 25840 16.0128
18.89000 24533 15.6174
18.90000 22909 15.0756
18.91000 21116 14.5865
18.92000 18807 13.7361
18.93000 17027 13.0189
18.94000 15579 12.5
18.95000 13863 11.7851
18.96000 12564 11.1803
18.97000 11236 10.6
18.98000 10205 10.1015
18.99000 9340 9.66736
19.00000 8464 9.20575
19.01000 7875 8.87357
19.02000 7487 8.63868
19.03000 6963 8.33333
19.04000 6719 8.19232
19.05000 6363 7.98087
19.06000 6422 8.00641
19.07000 6219 7.8811
19.08000 6014 7.76151
19.09000 5908 7.69231
19.10000 5910 7.69231
19.11000 5889 7.66965
19.12000 6020 7.76151
19.13000 5921 7.69231
19.14000 5839 7.64719
19.15000 5794 7.60286
19.16000 5757 7.58098
19.17000 5874 7.66965
19.18000 5729 7.55929
19.19000 5651 7.51646
19.20000 5639 7.51646
19.21000 5682 7.53778
19.22000 5622 7.49532
19.23000 5575 7.47435
19.24000 5536 7.43294
19.25000 5587 7.47435
19.26000 5509 7.41249
19.27000 5678 7.53778
19.28000 5727 7.55929
19.29000 5776 7.60286
19.30000 5982 7.73823
19.31000 5966 7.71517
19.32000 5989 7.73823
19.33000 6105 7.80869
19.34000 6190 7.85674
19.35000 6267 7.90569
19.36000 6375 7.98087
19.37000 6335 7.95557
19.38000 6425 8.00641
19.39000 6399 8.00641
19.40000 6490 8.05823
19.41000 6370 7.98087
19.42000 6526 8.08452
19.43000 6540 8.08452
19.44000 6842 8.27606
19.45000 7153 8.45154
19.46000 7177 8.48189
19.47000 7399 8.60663
19.48000 7617 8.73704
19.49000 7885 8.87357
19.50000 8095 8.98027
19.51000 8207 9.05357
19.52000 8482 9.20575
19.53000 8505 9.20575
19.54000 8870 9.40721
19.55000 9286 9.6225
19.56000 9465 9.71286
19.57000 10020 10
19.58000 10036 10
19.59000 10156 10.1015
19.60000 10457 10.2062
19.61000 11087 10.5409
19.62000 11223 10.6
19.63000 11404 10.66
19.64000 11819 10.8465
19.65000 12021 10.9764
19.66000 12115 10.9764
19.67000 12291 11.1111
19.68000 12241 11.0432
19.69000 12537 11.1803
19.70000 12357 11.1111
19.71000 12283 11.1111
19.72000 11839 10.9109
19.73000 11482 10.7211
19.74000 10764 10.3695
19.75000 10261 10.1535
19.76000 9402 9.71286
19.77000 8677 9.32505
19.78000 8273 9.09091
19.79000 7873 8.87357
19.80000 7224 8.51257
19.81000 6829 8.27606
19.82000 6549 8.08452
19.83000 6233 7.90569
19.84000 6148 7.8326
19.85000 6137 7.8326
19.86000 6105 7.80869
19.87000 5757 7.58098
19.88000 5732 7.58098
19.89000 5626 7.49532
19.90000 5651 7.51646
19.91000 5766 7.60286
19.92000 5653 7.51646
19.93000 5576 7.47435
19.94000 5467 7.39221
19.95000 5691 7.53778
19.96000 5758 7.58098
19.97000 5799 7.62493
19.98000 5753 7.58098
19.99000 5725 7.55929
20.00000 5627 7.49532
20.01000 5779 7.60286
20.02000 5818 7.62493
20.03000 6010 7.76151
20.04000 6078 7.78499
20.05000 6290 7.93052
20.06000 6171 7.85674
20.07000 6177 7.85674
20.08000 6308 7.93052
20.09000 6391 8.00641
20.10000 6209 7.8811
20.11000 6160 7.85674
20.12000 6452 8.03219
20.13000 6502 8.05823
20.14000 6643 8.13788
20.15000 6785 8.24786
20.16000 6965 8.33333
20.17000 7087 8.42152
20.18000 7140 8.45154
20.19000 7409 8.60663
20.20000 7759 8.80451
20.21000 7625 8.73704
20.22000 7820 8.83883
20.23000 7948 8.90871
20.24000 8361 9.12871
20.25000 8473 9.20575
20.26000 8813 9.40721
20.27000 8867 9.40721
20.28000 9140 9.57826
20.29000 9245 9.6225
20.30000 9497 9.759
20.31000 9708 9.85329
20.32000 9964 10
20.33000 10336 10.1535
20.34000 10369 10.2062
20.35000 10664 10.3142
20.36000 10815 10.4257
20.37000 11360 10.66
20.38000 11769 10.8465
20.39000 12054 10.9764
20.40000 12440 11.1803
20.41000 12821 11.3228
20.42000 12980 11.3961
20.43000 13287 11.547
20.44000 14053 11.8678
20.45000 14638 12.1268
20.46000 15645 12.5
20.47000 16293 12.8037
20.48000 17059 13.0189
20.49000 18048 13.484
20.50000 19296 13.8675
20.51000 20805 14.4338
20.52000 22457 14.9071
20.53000 24518 15.6174
20.54000 27311 16.4399
20.55000 30061 17.4078
20.56000 33522 18.2574
20.57000 37032 19.245
20.58000 40705 20
20.59000 44295 20.8514
20.60000 47121 21.8218
20.61000 49196 22.3607
20.62000 50897 22.3607
20.63000 51130 22.3607
20.64000 50438 22.3607
20.65000 49622 22.3607
20.66000 48202 21.8218
20.67000 46660 21.8218
20.68000 45455 21.3201
20.69000 43442 20.8514
20.70000 41433 20.4124
20.71000 38805 19.6116
20.72000 35871 18.8982
20.73000 33147 18.2574
20.74000 29265 17.1499
20.75000 26066 16.2221
20.76000 23453 15.2499
20.77000 20730 14.4338
20.78000 18299 13.484
20.79000 16423 12.8037
20.80000 14758 12.1268
20.81000 13442 11.6248
20.82000 12517 11.1803
20.83000 11862 10.9109
20.84000 11079 10.5409
20.85000 10537 10.2598
20.86000 10027 10
20.87000 9988 10
20.88000 9932 9.95037
20.89000 9897 9.95037
20.90000 9962 10
20.91000 9584 9.80581
20.92000 9514 9.759
20.93000 9683 9.85329
20.94000 9695 9.85329
20.95000 9660 9.80581
20.96000 9471 9.71286
20.97000 9366 9.66736
20.98000 9156 9.57826
20.99000 9090 9.53463
21.00000 9018 9.49158
21.01000 9019 9.49158
21.02000 8953 9.44911
21.03000 8893 9.44911
21.04000 8696 9.32505
21.05000 8733 9.32505
21.06000 8699 9.32505
21.07000 8433 9.16698
21.08000 8363 9.12871
21.09000 8138 9.0167
21.10000 8102 9.0167
21.11000 7630 8.73704
21.12000 7459 8.63868
21.13000 7175 8.48189
21.14000 6917 8.30455
21.15000 6710 8.19232
21.16000 6594 8.11107
21.17000 6360 7.98087
21.18000 6159 7.85674
21.19000 6149 7.8326
21.20000 5862 7.64719
21.21000 5837 7.64719
21.22000 5635 7.51646
21.23000 5683 7.53778
21.24000 5669 7.53778
21.25000 5658 7.51646
21.26000 5609 7.49532
21.27000 5608 7.49532
21.28000 5590 7.47435
21.29000 5509 7.41249
21.30000 5587 7.47435
21.31000 5668 7.53778
21.32000 5626 7.49532
21.33000 5739 7.58098
21.34000 5590 7.47435
21.35000 5554 7.45356
21.36000 5464 7.39221
21.37000 5370 7.33236
21.38000 5558 7.45356
21.39000 5635 7.51646
21.40000 5871 7.66965
21.41000 5755 7.58098
21.42000 5717 7.55929
21.43000 5796 7.60286
21.44000 5994 7.73823
21.45000 5810 7.62493
21.46000 5962 7.71517
21.47000 6194 7.8811
21.48000 6208 7.8811
21.49000 6121 7.8326
21.50000 6309 7.93052
21.51000 6421 8.00641
21.52000 6641 8.13788
21.53000 6616 8.13788
21.54000 6727 8.19232
21.55000 6760 8.21995
21.56000 6677 8.16497
21.57000 6616 8.13788
21.58000 6718 8.19232
21.59000 6680 8.16497
21.60000 6614 8.13788
21.61000 6800 8.24786
21.62000 7071 8.42152
21.63000 7040 8.39181
21.64000 6953 8.33333
21.65000 7193 8.48189
21.66000 7206 8.48189
21.67000 7510 8.6711
21.68000 7600 8.70388
21.69000 7591 8.70388
21.70000 7578 8.70388
21.71000 7776 8.80451
21.72000 7890 8.87357
21.73000 7798 8.83883
21.74000 7891 8.87357
21.75000 7951 8.90871
21.76000 8088 8.98027
21.77000 8300 9.12871
21.78000 8399 9.16698
21.79000 8444 9.20575
21.80000 8333 9.12871
21.81000 8441 9.20575
21.82000 8483 9.20575
21.83000 8329 9.12871
21.84000 8265 9.09091
21.85000 8421 9.16698
21.86000 8339 9.12871
21.87000 8535 9.245
21.88000 8426 9.16698
21.89000 8357 9.12871
21.90000 8294 9.09091
21.91000 8154 9.0167
21.92000 8107 9.0167
21.93000 7940 8.90871
21.94000 7963 8.90871
21.95000 7825 8.83883
21.96000 7759 8.80451
21.97000 7771 8.80451
21.98000 8027 8.94427
21.99000 8102 9.0167
22.00000 8079 8.98027
22.01000 8221 9.05357
22.02000 8404 9.16698
22.03000 8670 9.32505
22.04000 9006 9.49158
22.05000 9323 9.66736
22.06000 9834 9.90148
22.07000 10009 10
22.08000 10355 10.1535
22.09000 10957 10.4828
22.10000 11392 10.66
22.11000 11847 10.9109
22.12000 12116 10.9764
22.13000 12192 11.0432
22.14000 12539 11.1803
22.15000 13031 11.3961
22.16000 13027 11.3961
22.17000 13146 11.4708
22.18000 13115 11.4708
22.19000 12974 11.3961
22.20000 13018 11.3961
22.21000 13026 11.3961
22.22000 12637 11.2509
22.23000 12708 11.2509
22.24000 12623 11.2509
22.25000 12656 11.2509
22.26000 12331 11.1111
22.27000 12152 11.0432
22.28000 12093 10.9764
22.29000 12090 10.9764
22.30000 11706 10.8465
22.31000 11748 10.8465
22.32000 11501 10.7211
22.33000 11228 10.6
22.34000 10857 10.4257
22.35000 10573 10.2598
22.36000 10236 10.1015
22.37000 9633 9.80581
22.38000 9136 9.57826
22.39000 8681 9.32505
22.40000 8584 9.28477
22.41000 8201 9.05357
22.42000 8014 8.94427
22.43000 7856 8.87357
22.44000 7844 8.87357
22.45000 7962 8.90871
22.46000 8108 9.0167
22.47000 7997 8.94427
22.48000 8009 8.94427
22.49000 7884 8.87357
22.50000 7850 8.87357
22.51000 7779 8.80451
22.52000 7941 8.90871
22.53000 8082 8.98027
22.54000 8243 9.09091
22.55000 8411 9.16698
22.56000 8654 9.28477
22.57000 8801 9.36586
22.58000 8983 9.49158
22.59000 9401 9.71286
22.60000 9464 9.71286
22.61000 9929 9.95037
22.62000 10595 10.3142
22.63000 11069 10.5409
22.64000 11441 10.7211
22.65000 11848 10.9109
22.66000 12389 11.1111
22.67000 12980 11.3961
22.68000 13573 11.6248
22.69000 14357 11.9523
22.70000 15638 12.5
22.71000 16964 13.0189
22.72000 18272 13.484
22.73000 19274 13.8675
22.74000 20402 14.2857
22.75000 21920 14.7442
22.76000 23397 15.2499
22.77000 25143 15.8114
22.78000 26712 16.4399
22.79000 28158 16.6667
22.80000 29316 17.1499
22.81000 29443 17.1499
22.82000 28484 16.9031
22.83000 27954 16.6667
22.84000 27145 16.4399
22.85000 26120 16.2221
22.86000 24870 15.8114
22.87000 23160 15.2499
22.88000 21749 14.7442
22.89000 20609 14.2857
22.90000 19709 14.0028
22.91000 18048 13.484
22.92000 16962 13.0189
22.93000 16036 12.7
22.94000 14813 12.1268
22.95000 13946 11.7851
22.96000 13528 11.6248
22.97000 12929 11.3961
22.98000 12540 11.1803
22.99000 12299 11.1111
23.00000 12378 11.1111
23.01000 12472 11.1803
23.02000 12362 11.1111
23.03000 12330 11.1111
23.04000 12603 11.2509
23.05000 12204 11.0432
23.06000 11793 10.8465
23.07000 12029 10.9764
23.08000 11673 10.7833
23.09000 11712 10.8465
23.10000 11371 10.66
23.11000 11209 10.6
23.12000 10690 10.3142
23.13000 10177 10.1015
23.14000 9700 9.85329
23.15000 9307 9.66736
23.16000 8790 9.36586
23.17000 8600 9.28477
23.18000 8254 9.09091
23.19000 7750 8.80451
23.20000 7467 8.63868
23.21000 7273 8.54358
23.22000 7000 8.36242
23.23000 6789 8.24786
23.24000 6852 8.27606
23.25000 6674 8.16497
23.26000 6757 8.21995
23.27000 6891 8.30455
23.28000 6761 8.21995
23.29000 6622 8.13788
23.30000 6720 8.19232
23.31000 6668 8.16497
23.32000 6817 8.24786
23.33000 7016 8.36242
23.34000 7230 8.51257
23.35000 7234 8.51257
23.36000 7357 8.57493
23.37000 7390 8.60663
23.38000 7383 8.60663
23.39000 7450 8.63868
23.40000 7539 8.6711
23.41000 7749 8.80451
23.42000 7610 8.73704
23.43000 7446 8.63868
23.44000 7271 8.51257
23.45000 7181 8.48189
23.46000 7108 8.42152
23.47000 6809 8.24786
23.48000 6746 8.21995
23.49000 6427 8.00641
23.50000 6282 7.93052
23.51000 6043 7.78499
23.52000 6022 7.76151
23.53000 6086 7.80869
23.54000 5809 7.62493
23.55000 5577 7.47435
23.56000 5610 7.49532
23.57000 5730 7.55929
23.58000 5677 7.53778
23.59000 5557 7.45356
23.60000 5504 7.41249
23.61000 5514 7.43294
23.62000 5469 7.39221
23.63000 5447 7.3721
23.64000 5521 7.43294
23.65000 5530 7.43294
23.66000 5493 7.41249
23.67000 5436 7.3721
23.68000 5559 7.45356
23.69000 5531 7.43294
23.70000 5670 7.53778
23.71000 5815 7.62493
23.72000 5849 7.64719
23.73000 5746 7.58098
23.74000 5978 7.73823
23.75000 6003 7.73823
23.76000 6170 7.85674
23.77000 6227 7.8811
23.78000 6340 7.95557
23.79000 6365 7.98087
23.80000 6522 8.08452
23.81000 6616 8.13788
23.82000 6762 8.21995
23.83000 6929 8.33333
23.84000 7029 8.39181
23.85000 7299 8.54358
23.86000 7415 8.60663
23.87000 7556 8.70388
23.88000 7930 8.90871
23.89000 8186 9.05357
23.90000 8529 9.245
23.91000 8718 9.32505
23.92000 9147 9.57826
23.93000 9155 9.57826
23.94000 9601 9.80581
23.95000 9727 9.85329
23.96000 9923 9.95037
23.97000 9897 9.95037
23.98000 9831 9.90148
23.99000 9691 9.85329
24.00000 9724 9.85329
24.01000 9431 9.71286
24.02000 9049 9.49158
24.03000 8954 9.44911
24.04000 8559 9.245
24.05000 8149 9.0167
24.06000 7790 8.83883
24.07000 7465 8.63868
24.08000 7137 8.45154
24.09000 6863 8.27606
24.10000 6731 8.19232
24.11000 6379 7.98087
24.12000 6003 7.73823
24.13000 5948 7.71517
24.14000 5828 7.62493
24.15000 5639 7.51646
24.16000 5522 7.43294
24.17000 5443 7.3721
24.18000 5393 7.35215
24.19000 5180 7.19816
24.20000 5143 7.17958
24.21000 5073 7.1247
24.22000 5010 7.07107
24.23000 5005 7.07107
24.24000 5207 7.21688
24.25000 5099 7.14286
24.26000 5162 7.17958
24.27000 4975 7.05346
24.28000 5187 7.19816
24.29000 5254 7.25476
24.30000 5128 7.16115
24.31000 5085 7.1247
24.32000 5341 7.31272
24.33000 5152 7.17958
24.34000 5194 7.19816
24.35000 5192 7.19816
24.36000 5299 7.27393
24.37000 5467 7.39221
24.38000 5554 7.45356
24.39000 5603 7.49532
24.40000 5593 7.47435
24.41000 5585 7.47435
24.42000 5651 7.51646
24.43000 5790 7.60286
24.44000 5737 7.58098
24.45000 5837 7.64719
24.46000 5913 7.69231
24.47000 5863 7.64719
24.48000 5917 7.69231
24.49000 6058 7.78499
24.50000 6196 7.8811
24.51000 6294 7.93052
24.52000 6406 8.00641
24.53000 6426 8.00641
24.54000 6512 8.05823
24.55000 6578 8.11107
24.56000 6762 8.21995
24.57000 6879 8.30455
24.58000 7015 8.36242
24.59000 7226 8.51257
24.60000 7383 8.60663
24.61000 7739 8.80451
24.62000 7965 8.90871
24.63000 8301 9.12871
24.64000 8504 9.20575
24.65000 8737 9.36586
24.66000 8941 9.44911
24.67000 9227 9.6225
24.68000 9347 9.66736
24.69000 9439 9.71286
24.70000 9687 9.85329
24.71000 9532 9.759
24.72000 9395 9.71286
24.73000 9296 9.6225
24.74000 9186 9.57826
24.75000 9058 9.53463
24.76000 9017 9.49158
24.77000 8519 9.245
24.78000 8508 9.20575
24.79000 8269 9.09091
24.80000 8099 9.0167
24.81000 7875 8.87357
24.82000 7755 8.80451
24.83000 7761 8.80451
24.84000 7927 8.90871
24.85000 7720 8.77058
24.86000 7495 8.6711
24.87000 7393 8.60663
24.88000 7393 8.60663
24.89000 7638 8.73704
24.90000 7540 8.6711
24.91000 7647 8.73704
24.92000 7849 8.87357
24.93000 8076 8.98027
24.94000 8536 9.245
24.95000 8475 9.20575
24.96000 9008 9.49158
24.97000 9183 9.57826
24.98000 9436 9.71286
24.99000 9838 9.90148
25.00000 10095 10.0504
25.01000 10366 10.2062
25.02000 10531 10.2598
25.03000 10984 10.4828
25.04000 11233 10.6
25.05000 11511 10.7211
25.06000 11869 10.9109
25.07000 12318 11.1111
25.08000 12340 11.1111
25.09000 12241 11.0432
25.10000 11973 10.9109
25.11000 11692 10.7833
25.12000 11327 10.66
25.13000 11204 10.6
25.14000 11031 10.4828
25.15000 10841 10.4257
25.16000 10602 10.3142
25.17000 10508 10.2598
25.18000 10524 10.2598
25.19000 10779 10.3695
25.20000 10846 10.4257
25.21000 11148 10.5409
25.22000 11369 10.66
25.23000 11577 10.7833
25.24000 11795 10.8465
25.25000 11866 10.9109
25.26000 12254 11.0432
25.27000 12346 11.1111
25.28000 12625 11.2509
25.29000 13058 11.3961
25.30000 13346 11.547
25.31000 13670 11.7041
25.32000 14042 11.8678
25.33000 14786 12.1268
25.34000 15152 12.3091
25.35000 15621 12.5
25.36000 16000 12.5988
25.37000 16526 12.8037
25.38000 16633 12.9099
25.39000 16438 12.8037
25.40000 16341 12.8037
25.41000 16035 12.7
25.42000 15910 12.5988
25.43000 15697 12.5
25.44000 15130 12.3091
25.45000 14672 12.1268
25.46000 14435 12.0386
25.47000 14226 11.9523
25.48000 13737 11.7041
25.49000 13048 11.3961
25.50000 12562 11.1803
25.51000 12207 11.0432
25.52000 11616 10.7833
25.53000 10798 10.3695
25.54000 10270 10.1535
25.55000 9516 9.759
25.56000 8986 9.49158
25.57000 8307 9.12871
25.58000 8047 8.98027
25.59000 7426 8.60663
25.60000 6955 8.33333
25.61000 6679 8.16497
25.62000 6196 7.8811
25.63000 6147 7.8326
25.64000 5787 7.60286
25.65000 5658 7.51646
25.66000 5671 7.53778
25.67000 5516 7.43294
25.68000 5334 7.31272
25.69000 5188 7.19816
25.70000 5082 7.1247
25.71000 4949 7.03598
25.72000 4931 7.01862
25.73000 4890 7.0014
25.74000 4891 7.0014
25.75000 4889 6.9843
25.76000 4997 7.07107
25.77000 4951 7.03598
25.78000 5061 7.10669
25.79000 5023 7.08881
25.80000 5072 7.1247
25.81000 5090 7.14286
25.82000 5263 7.25476
25.83000 5219 7.21688
25.84000 5324 7.29325
25.85000 5553 7.45356
25.86000 5766 7.60286
25.87000 5768 7.60286
25.88000 5999 7.73823
25.89000 6077 7.78499
25.90000 6366 7.98087
25.91000 6502 8.05823
25.92000 6689 8.19232
25.93000 6710 8.19232
25.94000 6730 8.19232
25.95000 6979 8.36242
25.96000 6872 8.27606
25.97000 6948 8.33333
25.98000 6927 8.33333
25.99000 6887 8.30455
26.00000 6819 8.24786
26.01000 6604 8.13788
26.02000 6295 7.93052
26.03000 6264 7.90569
26.04000 6249 7.90569
26.05000 6147 7.8326
26.06000 6043 7.78499
26.07000 5692 7.53778
26.08000 5450 7.39221
26.09000 5312 7.29325
26.10000 5276 7.25476
26.11000 5115 7.14286
26.12000 5011 7.07107
26.13000 4871 6.9843
26.14000 4732 6.88428
26.15000 4575 6.75737
26.16000 4471 6.68153
26.17000 4495 6.71156
26.18000 4432 6.6519
26.19000 4434 6.6519
26.20000 4408 6.63723
26.21000 4301 6.55122
26.22000 4262 6.52328
26.23000 4263 6.52328
26.24000 4400 6.63723
26.25000 4286 6.55122
26.26000 4330 6.57952
26.27000 4312 6.56532
26.28000 4280 6.5372
26.29000 4233 6.50945
26.30000 4300 6.55122
26.31000 4374 6.60819
26.32000 4325 6.57952
26.33000 4372 6.60819
26.34000 4500 6.71156
26.35000 4544 6.742
26.36000 4412 6.63723
26.37000 4382 6.62266
26.38000 4464 6.68153
26.39000 4379 6.62266
26.40000 4530 6.72673
26.41000 4524 6.72673
26.42000 4480 6.6965
26.43000 4481 6.6965
26.44000 4468 6.68153
26.45000 4622 6.80414
26.46000 4724 6.86803
26.47000 4762 6.90066
26.48000 4861 6.96733
26.49000 4666 6.83586
26.50000 4778 6.91714
26.51000 4677 6.83586
26.52000 4808 6.93375
26.53000 4823 6.95048
26.54000 5032 7.08881
26.55000 5155 7.17958
26.56000 5146 7.17958
26.57000 5203 7.21688
26.58000 4991 7.07107
26.59000 4976 7.05346
26.60000 5105 7.14286
26.61000 4948 7.03598
26.62000 5098 7.14286
26.63000 5202 7.21688
26.64000 5058 7.10669
26.65000 5169 7.19816
26.66000 5244 7.23575
26.67000 5320 7.29325
26.68000 5480 7.41249
26.69000 5515 7.43294
26.70000 5623 7.49532
26.71000 5563 7.45356
26.72000 5767 7.60286
26.73000 5706 7.55929
26.74000 5823 7.62493
26.75000 5809 7.62493
26.76000 5834 7.64719
26.77000 5978 7.73823
26.78000 5680 7.53778
26.79000 5700 7.55929
26.80000 5739 7.58098
26.81000 5614 7.49532
26.82000 5678 7.53778
26.83000 5657 7.51646
26.84000 5675 7.53778
26.85000 5639 7.51646
26.86000 5712 7.55929
26.87000 5781 7.60286
26.88000 5573 7.47435
26.89000 5608 7.49532
26.90000 5840 7.64719
26.91000 5842 7.64719
26.92000 6040 7.76151
26.93000 6271 7.93052
26.94000 6270 7.93052
26.95000 6382 7.98087
26.96000 6437 8.03219
26.97000 6555 8.08452
26.98000 6662 8.16497
26.99000 6733 8.19232
27.00000 6856 8.27606
27.01000 7070 8.42152
27.02000 7180 8.48189
27.03000 7077 8.42152
27.04000 6906 8.30455
27.05000 6988 8.36242
27.06000 6953 8.33333
27.07000 6980 8.36242
27.08000 6835 8.27606
27.09000 6622 8.13788
27.10000 6579 8.11107
27.11000 6425 8.00641
27.12000 6102 7.80869
27.13000 6003 7.73823
27.14000 5850 7.64719
27.15000 5416 7.35215
27.16000 5353 7.31272
27.17000 5260 7.25476
27.18000 5172 7.19816
27.19000 5195 7.21688
27.20000 5039 7.10669
27.21000 4929 7.01862
27.22000 5027 7.08881
27.23000 5194 7.19816
27.24000 5190 7.19816
27.25000 5291 7.27393
27.26000 5253 7.25476
27.27000 5409 7.35215
27.28000 5325 7.29325
27.29000 5383 7.33236
27.30000 5531 7.43294
27.31000 5821 7.62493
27.32000 5968 7.71517
27.33000 5851 7.64719
27.34000 5901 7.69231
27.35000 6195 7.8811
27.36000 6198 7.8811
27.37000 6312 7.95557
27.38000 6280 7.93052
27.39000 6305 7.93052
27.40000 6314 7.95557
27.41000 6247 7.90569
27.42000 6013 7.76151
27.43000 6023 7.76151
27.44000 5793 7.60286
27.45000 5696 7.53778
27.46000 5589 7.47435
27.47000 5388 7.33236
27.48000 5190 7.19816
27.49000 5025 7.08881
27.50000 4909 7.0014
27.51000 4878 6.9843
27.52000 4959 7.03598
27.53000 4796 6.91714
27.54000 4534 6.72673
27.55000 4535 6.72673
27.56000 4621 6.80414
27.57000 4589 6.77285
27.58000 4495 6.71156
27.59000 4420 6.6519
27.60000 4565 6.75737
27.61000 4542 6.742
27.62000 4520 6.72673
27.63000 4394 6.62266
27.64000 4345 6.5938
27.65000 4579 6.77285
27.66000 4648 6.81994
27.67000 4686 6.85189
27.68000 4767 6.90066
27.69000 4783 6.91714
27.70000 4789 6.91714
27.71000 4926 7.01862
27.72000 4944 7.03598
27.73000 4892 7.0014
27.74000 5012 7.07107
27.75000 5060 7.10669
27.76000 5134 7.16115
27.77000 5013 7.08881
27.78000 4941 7.03598
27.79000 5067 7.1247
27.80000 5098 7.14286
27.81000 5107 7.14286
27.82000 5126 7.16115
27.83000 5242 7.23575
27.84000 5342 7.31272
27.85000 5287 7.27393
27.86000 5235 7.23575
27.87000 5145 7.17958
27.88000 5039 7.10669
27.89000 4888 6.9843
27.90000 4863 6.96733
27.91000 4874 6.9843
27.92000 4693 6.85189
27.93000 4674 6.83586
27.94000 4556 6.75737
27.95000 4360 6.60819
27.96000 4262 6.52328
27.97000 4327 6.57952
27.98000 4193 6.48204
27.99000 4249 6.52328
28.00000 4176 6.46846
28.01000 4186 6.46846
28.02000 4113 6.415
28.03000 4236 6.50945
28.04000 4295 6.55122
28.05000 4332 6.57952
28.06000 4477 6.6965
28.07000 4388 6.62266
28.08000 4458 6.68153
28.09000 4399 6.63723
28.10000 4499 6.71156
28.11000 4410 6.63723
28.12000 4575 6.75737
28.13000 4681 6.83586
28.14000 4779 6.91714
28.15000 4761 6.90066
28.16000 4916 7.01862
28.17000 4968 7.05346
28.18000 5173 7.19816
28.19000 5270 7.25476
28.20000 5465 7.39221
28.21000 5676 7.53778
28.22000 5817 7.62493
28.23000 6151 7.8326
28.24000 6120 7.8326
28.25000 6543 8.08452
28.26000 6651 8.16497
28.27000 6859 8.27606
28.28000 6955 8.33333
28.29000 7198 8.48189
28.30000 7442 8.63868
28.31000 7706 8.77058
28.32000 7963 8.90871
28.33000 7832 8.83883
28.34000 8030 8.94427
28.35000 8001 8.94427
28.36000 8253 9.09091
28.37000 8566 9.245
28.38000 8585 9.28477
28.39000 8348 9.12871
28.40000 8525 9.245
28.41000 8470 9.20575
28.42000 8386 9.16698
28.43000 8240 9.09091
28.44000 8086 8.98027
28.45000 7907 8.90871
28.46000 7936 8.90871
28.47000 7901 8.87357
28.48000 7740 8.80451
28.49000 7425 8.60663
28.50000 7195 8.48189
28.51000 7242 8.51257
28.52000 7229 8.51257
28.53000 7075 8.42152
28.54000 6872 8.27606
28.55000 6608 8.13788
28.56000 6499 8.05823
28.57000 6359 7.98087
28.58000 6349 7.95557
28.59000 6153 7.8326
28.60000 6079 7.78499
28.61000 5848 7.64719
28.62000 5808 7.62493
28.63000 5616 7.49532
28.64000 5574 7.47435
28.65000 5679 7.53778
28.66000 5398 7.35215
28.67000 5220 7.21688
28.68000 5171 7.19816
28.69000 5092 7.14286
28.70000 4903 7.0014
28.71000 4880 6.9843
28.72000 4976 7.05346
28.73000 4945 7.03598
28.74000 4898 7.0014
28.75000 4842 6.95048
28.76000 4847 6.96733
28.77000 4692 6.85189
28.78000 4554 6.742
28.79000 4632 6.80414
28.80000 4636 6.80414
28.81000 4789 6.91714
28.82000 4594 6.77285
28.83000 4632 6.80414
28.84000 4664 6.83586
28.85000 4503 6.71156
28.86000 4683 6.83586
28.87000 4637 6.80414
28.88000 4535 6.72673
28.89000 4508 6.71156
28.90000 4509 6.71156
28.91000 4632 6.80414
28.92000 4683 6.83586
28.93000 4625 6.80414
28.94000 4596 6.77285
28.95000 4693 6.85189
28.96000 4723 6.86803
28.97000 4850 6.96733
28.98000 4886 6.9843
28.99000 5029 7.08881
29.00000 5276 7.25476
29.01000 5149 7.17958
29.02000 5348 7.31272
29.03000 5451 7.39221
29.04000 5476 7.39221
29.05000 5627 7.49532
29.06000 5843 7.64719
29.07000 5931 7.69231
29.08000 6103 7.80869
29.09000 6194 7.8811
29.10000 6317 7.95557
29.11000 6251 7.90569
29.12000 6282 7.93052
29.13000 6215 7.8811
29.14000 6157 7.85674
29.15000 6003 7.73823
29.16000 5984 7.73823
29.17000 5759 7.58098
29.18000 5580 7.47435
29.19000 5473 7.39221
29.20000 5260 7.25476
29.21000 5151 7.17958
29.22000 5057 7.10669
29.23000 5055 7.10669
29.24000 5138 7.16115
29.25000 4969 7.05346
29.26000 4968 7.05346
29.27000 4848 6.96733
29.28000 4753 6.90066
29.29000 4720 6.86803
29.30000 4754 6.90066
29.31000 4835 6.95048
29.32000 4851 6.96733
29.33000 4797 6.93375
29.34000 4943 7.03598
29.35000 5101 7.14286
29.36000 5080 7.1247
29.37000 5045 7.10669
29.38000 5050 7.10669
29.39000 4926 7.01862
29.40000 4985 7.05346
29.41000 5152 7.17958
29.42000 5162 7.17958
29.43000 5157 7.17958
29.44000 5170 7.19816
29.45000 5115 7.14286
29.46000 5080 7.1247
29.47000 5177 7.19816
29.48000 5255 7.25476
29.49000 5154 7.17958
29.50000 4960 7.03598
29.51000 4708 6.86803
29.52000 4596 6.77285
29.53000 4446 6.66667
29.54000 4425 6.6519
29.55000 4372 6.60819
29.56000 4300 6.55122
29.57000 4242 6.50945
29.58000 4186 6.46846
29.59000 4104 6.40184
29.60000 4116 6.415
29.61000 4196 6.48204
29.62000 4211 6.4957
29.63000 4124 6.42824
29.64000 4108 6.415
29.65000 4221 6.4957
29.66000 4136 6.42824
29.67000 4175 6.45497
29.68000 4245 6.50945
29.69000 4312 6.56532
29.70000 4320 6.57952
29.71000 4298 6.55122
29.72000 4295 6.55122
29.73000 4424 6.6519
29.74000 4448 6.66667
29.75000 4512 6.71156
29.76000 4546 6.742
29.77000 4818 6.93375
29.78000 4821 6.95048
29.79000 4811 6.93375
29.80000 4806 6.93375
29.81000 4842 6.95048
29.82000 4873 6.9843
29.83000 5013 7.08881
29.84000 4958 7.03598
29.85000 4920 7.01862
29.86000 4900 7.0014
29.87000 4798 6.93375
29.88000 4942 7.03598
29.89000 4812 6.93375
29.90000 4655 6.81994
29.91000 4502 6.71156
29.92000 4491 6.6965
29.93000 4233 6.50945
29.94000 4067 6.37577
29.95000 4264 6.52328
29.96000 4195 6.48204
29.97000 4083 6.38877
29.98000 3879 6.22573
29.99000 3762 6.13139
30.00000 3732 6.10847
30.01000 3782 6.15457
30.02000 3701 6.08581
30.03000 3762 6.13139
30.04000 3776 6.14295
30.05000 3644 6.04122
30.06000 3551 5.95491
30.07000 3624 6.01929
30.08000 3654 6.04122
30.09000 3607 6.00842
30.10000 3696 6.07457
30.11000 3652 6.04122
30.12000 3713 6.09711
30.13000 3658 6.05228
30.14000 3621 6.01929
30.15000 3557 5.9655
30.16000 3525 5.93391
30.17000 3583 5.98684
30.18000 3487 5.90281
30.19000 3504 5.92349
30.20000 3571 5.97614
30.21000 3507 5.92349
30.22000 3606 6.00842
30.23000 3704 6.08581
30.24000 3715 6.09711
30.25000 3679 6.06339
30.26000 3717 6.09711
30.27000 3766 6.13139
30.28000 3859 6.2137
30.29000 3892 6.23783
30.30000 3962 6.29941
30.31000 4013 6.33724
30.32000 3863 6.2137
30.33000 3901 6.25
30.34000 4022 6.33724
30.35000 3919 6.26224
30.36000 3965 6.29941
30.37000 3940 6.27456
30.38000 4067 6.37577
30.39000 4054 6.36285
30.40000 4024 6.33724
30.41000 4049 6.36285
30.42000 4201 6.48204
30.43000 4268 6.5372
30.44000 4297 6.55122
30.45000 4320 6.57952
30.46000 4381 6.62266
30.47000 4418 6.6519
30.48000 4425 6.6519
30.49000 4482 6.6965
30.50000 4623 6.80414
30.51000 4849 6.96733
30.52000 4939 7.03598
30.53000 5039 7.10669
30.54000 5395 7.35215
30.55000 5553 7.45356
30.56000 5672 7.53778
30.57000 5853 7.64719
30.58000 6122 7.8326
30.59000 6378 7.98087
30.60000 6516 8.08452
30.61000 6589 8.11107
30.62000 6856 8.27606
30.63000 7082 8.42152
30.64000 7091 8.42152
30.65000 6997 8.36242
30.66000 7277 8.54358
30.67000 7391 8.60663
30.68000 7315 8.54358
30.69000 7424 8.60663
30.70000 7440 8.63868
30.71000 7097 8.42152
30.72000 7016 8.36242
30.73000 6832 8.27606
30.74000 6543 8.08452
30.75000 6562 8.11107
30.76000 6116 7.80869
30.77000 5854 7.64719
30.78000 5764 7.60286
30.79000 5410 7.35215
30.80000 5074 7.1247
30.81000 5048 7.10669
30.82000 4877 6.9843
30.83000 4724 6.86803
30.84000 4608 6.78844
30.85000 4608 6.78844
30.86000 4619 6.80414
30.87000 4498 6.71156
30.88000 4475 6.6965
30.89000 4474 6.68153
30.90000 4539 6.742
30.91000 4546 6.742
30.92000 4639 6.80414
30.93000 4672 6.83586
30.94000 4480 6.6965
30.95000 4500 6.71156
30.96000 4510 6.71156
30.97000 4485 6.6965
30.98000 4644 6.81994
30.99000 4688 6.85189
31.00000 4724 6.86803
31.01000 4547 6.742
31.02000 4647 6.81994
31.03000 4690 6.85189
31.04000 4626 6.80414
31.05000 4652 6.81994
31.06000 4851 6.96733
31.07000 4943 7.03598
31.08000 4859 6.96733
31.09000 4858 6.96733
31.10000 4964 7.05346
31.11000 4828 6.95048
31.12000 4811 6.93375
31.13000 4848 6.96733
31.14000 4948 7.03598
31.15000 4930 7.01862
31.16000 5043 7.10669
31.17000 5105 7.14286
31.18000 5259 7.25476
31.19000 5211 7.21688
31.20000 5150 7.17958
31.21000 5205 7.21688
31.22000 5346 7.31272
31.23000 5453 7.39221
31.24000 5286 7.27393
31.25000 5393 7.35215
31.26000 5221 7.21688
31.27000 5215 7.21688
31.28000 5193 7.19816
31.29000 5227 7.23575
31.30000 5144 7.17958
31.31000 4863 6.96733
31.32000 4872 6.9843
31.33000 4738 6.88428
31.34000 4488 6.6965
31.35000 4431 6.6519
31.36000 4376 6.60819
31.37000 4278 6.5372
31.38000 4098 6.40184
31.39000 4012 6.33724
31.40000 3897 6.23783
31.41000 3921 6.26224
31.42000 3820 6.17802
31.43000 3788 6.15457
31.44000 3808 6.16626
31.45000 3667 6.05228
31.46000 3586 5.98684
31.47000 3652 6.04122
31.48000 3767 6.14295
31.49000 3705 6.08581
31.50000 3654 6.04122
31.51000 3648 6.04122
31.52000 3629 6.01929
31.53000 3514 5.92349
31.54000 3593 5.9976
31.55000 3649 6.04122
31.56000 3768 6.14295
31.57000 3777 6.14295
31.58000 3835 6.18984
31.59000 3791 6.15457
31.60000 3942 6.27456
31.61000 3854 6.2137
31.62000 3732 6.10847
31.63000 3765 6.13139
31.64000 3720 6.09711
31.65000 3826 6.18984
31.66000 3893 6.23783
31.67000 3720 6.09711
31.68000 3861 6.2137
31.69000 3955 6.28695
31.70000 3901 6.25
31.71000 3802 6.16626
31.72000 3767 6.14295
31.73000 3705 6.08581
31.74000 3762 6.13139
31.75000 3681 6.06339
31.76000 3720 6.09711
31.77000 3621 6.01929
31.78000 3678 6.06339
31.79000 3774 6.14295
31.80000 3866 6.2137
31.81000 3833 6.18984
31.82000 3868 6.2137
31.83000 3853 6.20174
31.84000 3891 6.23783
31.85000 3979 6.31194
31.86000 4047 6.36285
31.87000 4002 6.32456
31.88000 4057 6.37577
31.89000 3924 6.26224
31.90000 3964 6.29941
31.91000 4148 6.44157
31.92000 4094 6.40184
31.93000 4057 6.37577
31.94000 4104 6.40184
31.95000 4208 6.48204
31.96000 4307 6.56532
31.97000 4265 6.5372
31.98000 4368 6.60819
31.99000 4332 6.57952
32.00000 4359 6.60819
32.01000 4328 6.57952
32.02000 4331 6.57952
32.03000 4313 6.56532
32.04000 4264 6.52328
32.05000 4261 6.52328
32.06000 4208 6.48204
32.07000 4149 6.44157
32.08000 4110 6.415
32.09000 4159 6.45497
32.10000 4012 6.33724
32.11000 3961 6.29941
32.12000 3906 6.25
32.13000 3750 6.1199
32.14000 3802 6.16626
32.15000 3993 6.32456
32.16000 3926 6.26224
32.17000 3809 6.16626
32.18000 3731 6.10847
32.19000 3714 6.09711
32.20000 3643 6.04122
32.21000 3605 6.00842
32.22000 3670 6.06339
32.23000 3717 6.09711
32.24000 3624 6.01929
32.25000 3572 5.97614
32.26000 3580 5.98684
32.27000 3430 5.85206
32.28000 3404 5.83212
32.29000 3479 5.90281
32.30000 3475 5.89256
32.31000 3401 5.83212
32.32000 3377 5.81238
32.33000 3441 5.8621
32.34000 3439 5.8621
32.35000 3335 5.7735
32.36000 3367 5.80259
32.37000 3368 5.80259
32.38000 3324 5.7639
32.39000 3430 5.85206
32.40000 3396 5.83212
32.41000 3373 5.81238
32.42000 3456 5.88235
32.43000 3397 5.83212
32.44000 3454 5.8722
32.45000 3425 5.85206
32.46000 3483 5.90281
32.47000 3397 5.83212
32.48000 3403 5.83212
32.49000 3436 5.8621
32.50000 3499 5.91312
32.51000 3455 5.88235
32.52000 3297 5.74485
32.53000 3384 5.81238
32.54000 3415 5.84206
32.55000 3556 5.9655
32.56000 3551 5.95491
32.57000 3497 5.91312
32.58000 3548 5.95491
32.59000 3476 5.89256
32.60000 3532 5.94438
32.61000 3774 6.14295
32.62000 3685 6.07457
32.63000 3720 6.09711
32.64000 3756 6.13139
32.65000 3858 6.2137
32.66000 3890 6.23783
32.67000 3828 6.18984
32.68000 3815 6.17802
32.69000 3930 6.27456
32.70000 3932 6.27456
32.71000 3927 6.26224
32.72000 4006 6.32456
32.73000 3917 6.26224
32.74000 3957 6.28695
32.75000 3949 6.28695
32.76000 3925 6.26224
32.77000 4038 6.35001
32.78000 4010 6.33724
32.79000 4108 6.415
32.80000 4072 6.37577
32.81000 4069 6.37577
32.82000 4171 6.45497
32.83000 4186 6.46846
32.84000 4029 6.35001
32.85000 4051 6.36285
32.86000 4049 6.36285
32.87000 3944 6.27456
32.88000 3861 6.2137
32.89000 3945 6.28695
32.90000 4030 6.35001
32.91000 4009 6.33724
32.92000 3810 6.17802
32.93000 3744 6.1199
32.94000 3593 5.9976
32.95000 3679 6.06339
32.96000 3708 6.08581
32.97000 3560 5.9655
32.98000 3501 5.91312
32.99000 3465 5.88235
33.00000 3402 5.83212
33.01000 3431 5.8621
33.02000 3630 6.03023
33.03000 3524 5.93391
33.04000 3551 5.95491
33.05000 3492 5.91312
33.06000 3487 5.90281
33.07000 3606 6.00842
33.08000 3688 6.07457
33.09000 3785 6.15457
33.10000 3775 6.14295
33.11000 3789 6.15457
33.12000 3858 6.2137
33.13000 3760 6.13139
33.14000 3873 6.22573
33.15000 3973 6.29941
33.16000 3998 6.32456
33.17000 3992 6.31194
33.18000 4159 6.45497
33.19000 4321 6.57952
33.20000 4295 6.55122
33.21000 4472 6.68153
33.22000 4693 6.85189
33.23000 4724 6.86803
33.24000 4751 6.90066
33.25000 4724 6.86803
33.26000 4659 6.81994
33.27000 4698 6.85189
33.28000 4820 6.95048
33.29000 4749 6.88428
33.30000 4632 6.80414
33.31000 4870 6.9843
33.32000 4818 6.93375
33.33000 4800 6.93375
33.34000 4805 6.93375
33.35000 4642 6.81994
33.36000 4588 6.77285
33.37000 4428 6.6519
33.38000 4533 6.72673
33.39000 4407 6.63723
33.40000 4391 6.62266
33.41000 4343 6.5938
33.42000 4263 6.52328
33.43000 4245 6.50945
33.44000 4216 6.4957
33.45000 4034 6.35001
33.46000 3904 6.25
33.47000 3878 6.22573
33.48000 3919 6.26224
33.49000 4003 6.32456
33.50000 3822 6.17802
33.51000 3763 6.13139
33.52000 3705 6.08581
33.53000 3701 6.08581
33.54000 3739 6.1199
33.55000 3676 6.06339
33.56000 3590 5.98684
33.57000 3555 5.9655
33.58000 3563 5.9655
33.59000 3594 5.9976
33.60000 3559 5.9655
33.61000 3551 5.95491
33.62000 3485 5.90281
33.63000 3545 5.95491
33.64000 3594 5.9976
33.65000 3448 5.8722
33.66000 3383 5.81238
33.67000 3472 5.89256
33.68000 3376 5.81238
33.69000 3390 5.82223
33.70000 3340 5.78315
33.71000 3315 5.75435
33.72000 3376 5.81238
33.73000 3370 5.80259
33.74000 3420 5.85206
33.75000 3337 5.7735
33.76000 3319 5.7639
33.77000 3345 5.78315
33.78000 3355 5.79284
33.79000 3513 5.92349
33.80000 3448 5.8722
33.81000 3447 5.8722
33.82000 3491 5.91312
33.83000 3515 5.93391
33.84000 3412 5.84206
33.85000 3462 5.88235
33.86000 3403 5.83212
33.87000 3438 5.8621
33.88000 3494 5.91312
33.89000 3575 5.97614
33.90000 3700 6.08581
33.91000 3672 6.06339
33.92000 3725 6.10847
33.93000 3765 6.13139
33.94000 3847 6.20174
33.95000 3881 6.22573
33.96000 3919 6.26224
33.97000 3910 6.25
33.98000 3915 6.26224
33.99000 3934 6.27456
34.00000 3981 6.31194
34.01000 3994 6.32456
34.02000 4136 6.42824
34.03000 4187 6.46846
34.04000 4043 6.36285
34.05000 4112 6.415
34.06000 4088 6.38877
34.07000 4180 6.46846
34.08000 4169 6.45497
34.09000 4085 6.38877
34.10000 4030 6.35001
34.11000 4174 6.45497
34.12000 4035 6.35001
34.13000 3924 6.26224
34.14000 3696 6.07457
34.15000 3746 6.1199
34.16000 3820 6.17802
34.17000 3877 6.22573
34.18000 3780 6.14295
34.19000 3616 6.00842
34.20000 3622 6.01929
34.21000 3570 5.97614
34.22000 3463 5.88235
34.23000 3599 5.9976
34.24000 3508 5.92349
34.25000 3424 5.85206
34.26000 3497 5.91312
34.27000 3555 5.9655
34.28000 3587 5.98684
34.29000 3551 5.95491
34.30000 3735 6.10847
34.31000 3805 6.16626
34.32000 3665 6.05228
34.33000 3677 6.06339
34.34000 3631 6.03023
34.35000 3678 6.06339
34.36000 3755 6.13139
34.37000 3671 6.06339
34.38000 3621 6.01929
34.39000 3642 6.03023
34.40000 3634 6.03023
34.41000 3589 5.98684
34.42000 3550 5.95491
34.43000 3488 5.90281
34.44000 3448 5.8722
34.45000 3377 5.81238
34.46000 3329 5.7735
34.47000 3357 5.79284
34.48000 3320 5.7639
34.49000 3436 5.8621
34.50000 3484 5.90281
34.51000 3457 5.88235
34.52000 3333 5.7735
34.53000 3512 5.92349
34.54000 3487 5.90281
34.55000 3383 5.81238
34.56000 3449 5.8722
34.57000 3402 5.83212
34.58000 3419 5.85206
34.59000 3366 5.80259
34.60000 3351 5.79284
34.61000 3261 5.7073
34.62000 3392 5.82223
34.63000 3364 5.80259
34.64000 3295 5.74485
34.65000 3329 5.7735
34.66000 3323 5.7639
34.67000 3363 5.80259
34.68000 3332 5.7735
34.69000 3327 5.7639
34.70000 3238 5.6888
34.71000 3323 5.7639
34.72000 3313 5.75435
34.73000 3349 5.78315
34.74000 3590 5.98684
34.75000 3716 6.09711
34.76000 3650 6.04122
34.77000 3541 5.95491
34.78000 3754 6.13139
34.79000 3778 6.14295
34.80000 3870 6.22573
34.81000 3964 6.29941
34.82000 4017 6.33724
34.83000 4199 6.48204
34.84000 4212 6.4957
34.85000 4293 6.55122
34.86000 4290 6.55122
34.87000 4315 6.56532
34.88000 4368 6.60819
34.89000 4458 6.68153
34.90000 4560 6.75737
34.91000 4422 6.6519
34.92000 4605 6.78844
34.93000 4747 6.88428
34.94000 4640 6.80414
34.95000 4627 6.80414
34.96000 4570 6.75737
34.97000 4599 6.78844
34.98000 4496 6.71156
34.99000 4438 6.66667
35.00000 4398 6.63723
35.01000 4239 6.50945
35.02000 4296 6.55122
35.03000 4134 6.42824
35.04000 4261 6.52328
35.05000 4375 6.60819
35.06000 4376 6.60819
35.07000 4349 6.5938
35.08000 4312 6.56532
35.09000 4568 6.75737
35.10000 4639 6.80414
35.11000 4625 6.80414
35.12000 4552 6.742
35.13000 4555 6.742
35.14000 4476 6.6965
35.15000 4576 6.75737
35.16000 4509 6.71156
35.17000 4592 6.77285
35.18000 4591 6.77285
35.19000 4449 6.66667
35.20000 4520 6.72673
35.21000 4444 6.66667
35.22000 4354 6.5938
35.23000 4386 6.62266
35.24000 4276 6.5372
35.25000 4115 6.415
35.26000 4044 6.36285
35.27000 4020 6.33724
35.28000 4094 6.40184
35.29000 4013 6.33724
35.30000 4032 6.35001
35.31000 3968 6.29941
35.32000 4012 6.33724
35.33000 3847 6.20174
35.34000 3867 6.2137
35.35000 3837 6.18984
35.36000 3759 6.13139
35.37000 3765 6.13139
35.38000 3804 6.16626
35.39000 3789 6.15457
35.40000 3993 6.32456
35.41000 4069 6.37577
35.42000 3924 6.26224
35.43000 3945 6.28695
35.44000 3923 6.26224
35.45000 4018 6.33724
35.46000 4034 6.35001
35.47000 4114 6.415
35.48000 4130 6.42824
35.49000 4022 6.33724
35.50000 4024 6.33724
35.51000 4016 6.33724
35.52000 4011 6.33724
35.53000 3946 6.28695
35.54000 4102 6.40184
35.55000 4120 6.415
35.56000 4111 6.415
35.57000 4258 6.52328
35.58000 4145 6.44157
35.59000 4088 6.38877
35.60000 4081 6.38877
35.61000 4248 6.52328
35.62000 4183 6.46846
35.63000 4312 6.56532
35.64000 4328 6.57952
35.65000 4321 6.57952
35.66000 4264 6.52328
35.67000 4339 6.5938
35.68000 4375 6.60819
35.69000 4239 6.50945
35.70000 4263 6.52328
35.71000 4376 6.60819
35.72000 4341 6.5938
35.73000 4365 6.60819
35.74000 4318 6.56532
35.75000 4456 6.68153
35.76000 4373 6.60819
35.77000 4306 6.56532
35.78000 4331 6.57952
35.79000 4476 6.6965
35.80000 4421 6.6519
35.81000 4347 6.5938
35.82000 4298 6.55122
35.83000 4180 6.46846
35.84000 4063 6.37577
35.85000 3993 6.32456
35.86000 3869 6.22573
35.87000 3853 6.20174
35.88000 3889 6.23783
35.89000 3768 6.14295
35.90000 3676 6.06339
35.91000 3561 5.9655
35.92000 3555 5.9655
35.93000 3640 6.03023
35.94000 3601 5.9976
35.95000 3539 5.94438
35.96000 3577 5.97614
35.97000 3573 5.97614
35.98000 3622 6.01929
35.99000 3554 5.9655
36.00000 3502 5.91312
36.01000 3568 5.97614
36.02000 3558 5.9655
36.03000 3497 5.91312
36.04000 3616 6.00842
36.05000 3531 5.94438
36.06000 3459 5.88235
36.07000 3540 5.95491
36.08000 3564 5.9655
36.09000 3484 5.90281
36.10000 3608 6.00842
36.11000 3602 5.9976
36.12000 3631 6.03023
36.13000 3622 6.01929
36.14000 3478 5.89256
36.15000 3316 5.75435
36.16000 3374 5.81238
36.17000 3418 5.84206
36.18000 3289 5.73539
36.19000 3373 5.81238
36.20000 3449 5.8722
36.21000 3435 5.8621
36.22000 3421 5.85206
36.23000 3394 5.82223
36.24000 3377 5.81238
36.25000 3305 5.74485
36.26000 3235 5.6888
36.27000 3236 5.6888
36.28000 3300 5.74485
36.29000 3351 5.79284
36.30000 3390 5.82223
36.31000 3342 5.78315
36.32000 3330 5.7735
36.33000 3371 5.80259
36.34000 3357 5.79284
36.35000 3340 5.78315
36.36000 3263 5.71662
36.37000 3412 5.84206
36.38000 3394 5.82223
36.39000 3286 5.73539
36.40000 3288 5.73539
36.41000 3170 5.63436
36.42000 3239 5.6888
36.43000 3196 5.65233
36.44000 3197 5.65233
36.45000 3242 5.69803
36.46000 3240 5.6888
36.47000 3122 5.59017
36.48000 3180 5.64333
36.49000 3167 5.62544
36.50000 3126 5.59017
36.51000 3136 5.59893
36.52000 3183 5.64333
36.53000 3261 5.7073
36.54000 3221 5.67962
36.55000 3145 5.60772
36.56000 3229 5.67962
36.57000 3239 5.6888
36.58000 3241 5.6888
36.59000 3327 5.7639
36.60000 3431 5.8621
36.61000 3605 6.00842
36.62000 3523 5.93391
36.63000 3525 5.93391
36.64000 3520 5.93391
36.65000 3588 5.98684
36.66000 3778 6.14295
36.67000 3830 6.18984
36.68000 3944 6.27456
36.69000 4180 6.46846
36.70000 4211 6.4957
36.71000 4340 6.5938
36.72000 4328 6.57952
36.73000 4333 6.57952
36.74000 4444 6.66667
36.75000 4587 6.77285
36.76000 4662 6.81994
36.77000 4691 6.85189
36.78000 4690 6.85189
36.79000 4738 6.88428
36.80000 4763 6.90066
36.81000 4708 6.86803
36.82000 4738 6.88428
36.83000 4683 6.83586
36.84000 4626 6.80414
36.85000 4581 6.77285
36.86000 4533 6.72673
36.87000 4505 6.71156
36.88000 4351 6.5938
36.89000 4302 6.56532
36.90000 4111 6.415
36.91000 4100 6.40184
36.92000 3990 6.31194
36.93000 3914 6.26224
36.94000 3859 6.2137
36.95000 3817 6.17802
36.96000 3708 6.08581
36.97000 3614 6.00842
36.98000 3829 6.18984
36.99000 3897 6.23783
37.00000 3842 6.20174
37.01000 3715 6.09711
37.02000 3753 6.13139
37.03000 3750 6.1199
37.04000 3759 6.13139
37.05000 3814 6.17802
37.06000 3930 6.27456
37.07000 3948 6.28695
37.08000 3989 6.31194
37.09000 3868 6.2137
37.10000 3909 6.25
37.11000 3754 6.13139
37.12000 3880 6.22573
37.13000 3838 6.18984
37.14000 3791 6.15457
37.15000 3811 6.17802
37.16000 3723 6.09711
37.17000 3693 6.07457
37.18000 3592 5.9976
37.19000 3566 5.97614
37.20000 3589 5.98684
37.21000 3605 6.00842
37.22000 3566 5.97614
37.23000 3489 5.90281
37.24000 3457 5.88235
37.25000 3476 5.89256
37.26000 3530 5.94438
37.27000 3427 5.85206
37.28000 3378 5.81238
37.29000 3567 5.97614
37.30000 3458 5.88235
37.31000 3463 5.88235
37.32000 3480 5.90281
37.33000 3471 5.89256
37.34000 3473 5.89256
37.35000 3489 5.90281
37.36000 3555 5.9655
37.37000 3589 5.98684
37.38000 3593 5.9976
37.39000 3548 5.95491
37.40000 3538 5.94438
37.41000 3512 5.92349
37.42000 3572 5.97614
37.43000 3519 5.93391
37.44000 3522 5.93391
37.45000 3480 5.90281
37.46000 3407 5.83212
37.47000 3369 5.80259
37.48000 3463 5.88235
37.49000 3534 5.94438
37.50000 3677 6.06339
37.51000 3799 6.16626
37.52000 3638 6.03023
37.53000 3513 5.92349
37.54000 3570 5.97614
37.55000 3588 5.98684
37.56000 3580 5.98684
37.57000 3584 5.98684
37.58000 3608 6.00842
37.59000 3500 5.91312
37.60000 3544 5.95491
37.61000 3571 5.97614
37.62000 3467 5.89256
37.63000 3511 5.92349
37.64000 3523 5.93391
37.65000 3479 5.90281
37.66000 3408 5.84206
37.67000 3408 5.84206
37.68000 3433 5.8621
37.69000 3454 5.8722
37.70000 3459 5.88235
37.71000 3298 5.74485
37.72000 3357 5.79284
37.73000 3230 5.67962
37.74000 3247 5.69803
37.75000 3153 5.61656
37.76000 3170 5.63436
37.77000 3174 5.63436
37.78000 3166 5.62544
37.79000 3095 5.56415
37.80000 3046 5.52158
37.81000 3078 5.547
37.82000 2992 5.47176
37.83000 3074 5.547
37.84000 3053 5.52158
37.85000 3025 5.4965
37.86000 3089 5.55556
37.87000 3155 5.61656
37.88000 3165 5.62544
37.89000 3093 5.56415
37.90000 3168 5.62544
37.91000 3370 5.80259
37.92000 3289 5.73539
37.93000 3281 5.72598
37.94000 3205 5.66139
37.95000 3243 5.69803
37.96000 3301 5.74485
37.97000 3298 5.74485
37.98000 3365 5.80259
37.99000 3350 5.78315
38.00000 3285 5.73539
38.01000 3209 5.66139
38.02000 3244 5.69803
38.03000 3238 5.6888
38.04000 3221 5.67962
38.05000 3215 5.67048
38.06000 3295 5.74485
38.07000 3158 5.61656
38.08000 3168 5.62544
38.09000 3297 5.74485
38.10000 3212 5.67048
38.11000 3168 5.62544
38.12000 3118 5.58146
38.13000 3153 5.61656
38.14000 3145 5.60772
38.15000 3146 5.60772
38.16000 3177 5.63436
38.17000 3116 5.58146
38.18000 3162 5.62544
38.19000 3257 5.7073
38.20000 3218 5.67048
38.21000 3176 5.63436
38.22000 3155 5.61656
38.23000 3258 5.7073
38.24000 3246 5.69803
38.25000 3332 5.7735
38.26000 3285 5.73539
38.27000 3267 5.71662
38.28000 3301 5.74485
38.29000 3324 5.7639
38.30000 3332 5.7735
38.31000 3344 5.78315
38.32000 3337 5.7735
38.33000 3311 5.75435
38.34000 3298 5.74485
38.35000 3278 5.72598
38.36000 3315 5.75435
38.37000 3328 5.7735
38.38000 3329 5.7735
38.39000 3264 5.71662
38.40000 3303 5.74485
38.41000 3388 5.82223
38.42000 3393 5.82223
38.43000 3270 5.71662
38.44000 3280 5.72598
38.45000 3268 5.71662
38.46000 3205 5.66139
38.47000 3212 5.67048
38.48000 3154 5.61656
38.49000 3189 5.64333
38.50000 3172 5.63436
38.51000 3149 5.60772
38.52000 3118 5.58146
38.53000 3171 5.63436
38.54000 3279 5.72598
38.55000 3326 5.7639
38.56000 3402 5.83212
38.57000 3247 5.69803
38.58000 3284 5.72598
38.59000 3230 5.67962
38.60000 3224 5.67962
38.61000 3265 5.71662
38.62000 3278 5.72598
38.63000 3279 5.72598
38.64000 3377 5.81238
38.65000 3478 5.89256
38.66000 3513 5.92349
38.67000 3502 5.91312
38.68000 3618 6.01929
38.69000 3640 6.03023
38.70000 3601 5.9976
38.71000 3691 6.07457
38.72000 3768 6.14295
38.73000 3566 5.97614
38.74000 3511 5.92349
38.75000 3543 5.95491
38.76000 3559 5.9655
38.77000 3590 5.98684
38.78000 3504 5.92349
38.79000 3514 5.92349
38.80000 3497 5.91312
38.81000 3579 5.98684
38.82000 3485 5.90281
38.83000 3565 5.9655
38.84000 3519 5.93391
38.85000 3497 5.91312
38.86000 3462 5.88235
38.87000 3431 5.8621
38.88000 3628 6.01929
38.89000 3532 5.94438
38.90000 3411 5.84206
38.91000 3405 5.83212
38.92000 3479 5.90281
38.93000 3453 5.8722
38.94000 3378 5.81238
38.95000 3318 5.7639
38.96000 3302 5.74485
38.97000 3285 5.73539
38.98000 3215 5.67048
38.99000 3224 5.67962
39.00000 3084 5.55556
39.01000 3128 5.59017
39.02000 3115 5.58146
39.03000 3160 5.62544
39.04000 3052 5.52158
39.05000 3121 5.59017
39.06000 3085 5.55556
39.07000 3055 5.53001
39.08000 3164 5.62544
39.09000 3148 5.60772
39.10000 3198 5.65233
39.11000 3243 5.69803
39.12000 3129 5.59017
39.13000 3020 5.4965
39.14000 3028 5.50482
39.15000 3087 5.55556
39.16000 3034 5.50482
39.17000 3047 5.52158
39.18000 2985 5.46358
39.19000 3038 5.51318
39.20000 3104 5.57278
39.21000 2989 5.46358
39.22000 3031 5.50482
39.23000 3111 5.58146
39.24000 3123 5.59017
39.25000 3218 5.67048
39.26000 3216 5.67048
39.27000 3232 5.6888
39.28000 3261 5.7073
39.29000 3166 5.62544
39.30000 3133 5.59893
39.31000 3117 5.58146
39.32000 3218 5.67048
39.33000 3271 5.71662
39.34000 3125 5.59017
39.35000 3098 5.56415
39.36000 3103 5.57278
39.37000 3160 5.62544
39.38000 3156 5.61656
39.39000 3207 5.66139
39.40000 3178 5.63436
39.41000 3169 5.62544
39.42000 3157 5.61656
39.43000 3078 5.547
39.44000 3097 5.56415
39.45000 3089 5.55556
39.46000 3225 5.67962
39.47000 3214 5.67048
39.48000 3165 5.62544
39.49000 3228 5.67962
39.50000 3304 5.74485
39.51000 3316 5.75435
39.52000 3319 5.7639
39.53000 3452 5.8722
39.54000 3463 5.88235
39.55000 3450 5.8722
39.56000 3557 5.9655
39.57000 3557 5.9655
39.58000 3601 5.9976
39.59000 3594 5.9976
39.60000 3558 5.9655
39.61000 3484 5.90281
39.62000 3574 5.97614
39.63000 3655 6.04122
39.64000 3857 6.2137
39.65000 3823 6.17802
39.66000 3770 6.14295
39.67000 3819 6.17802
39.68000 3761 6.13139
39.69000 3761 6.13139
39.70000 3749 6.1199
39.71000 3795 6.15457
39.72000 3876 6.22573
39.73000 3730 6.10847
39.74000 3681 6.06339
39.75000 3672 6.06339
39.76000 3737 6.10847
39.77000 3548 5.95491
39.78000 3534 5.94438
39.79000 3517 5.93391
39.80000 3468 5.89256
39.81000 3487 5.90281
39.82000 3437 5.8621
39.83000 3402 5.83212
39.84000 3473 5.89256
39.85000 3444 5.8722
39.86000 3282 5.72598
39.87000 3183 5.64333
39.88000 3202 5.66139
39.89000 3287 5.73539
39.90000 3247 5.69803
39.91000 3252 5.69803
39.92000 3144 5.60772
39.93000 3237 5.6888
39.94000 3141 5.60772
39.95000 3094 5.56415
39.96000 3100 5.56415
39.97000 3210 5.66139
39.98000 3182 5.64333
39.99000 3132 5.59893
40.00000 3084 5.55556
40.01000 3035 5.51318
40.02000 3052 5.52158
40.03000 3053 5.52158
40.04000 3132 5.59893
40.05000 3259 5.7073
40.06000 3212 5.67048
40.07000 3180 5.64333
40.08000 3153 5.61656
40.09000 3086 5.55556
40.10000 3085 5.55556
40.11000 3282 5.72598
40.12000 3171 5.63436
40.13000 3177 5.63436
40.14000 3235 5.6888
40.15000 3192 5.65233
40.16000 3287 5.73539
40.17000 3344 5.78315
40.18000 3491 5.91312
40.19000 3376 5.81238
40.20000 3380 5.81238
40.21000 3397 5.83212
40.22000 3338 5.7735
40.23000 3308 5.75435
40.24000 3429 5.85206
40.25000 3352 5.79284
40.26000 3375 5.81238
40.27000 3331 5.7735
40.28000 3378 5.81238
40.29000 3535 5.94438
40.30000 3490 5.90281
40.31000 3451 5.8722
40.32000 3557 5.9655
40.33000 3469 5.89256
40.34000 3400 5.83212
40.35000 3411 5.84206
40.36000 3536 5.94438
40.37000 3565 5.9655
40.38000 3503 5.92349
40.39000 3595 5.9976
40.40000 3668 6.05228
40.41000 3629 6.01929
40.42000 3685 6.07457
40.43000 3756 6.13139
40.44000 3691 6.07457
40.45000 3808 6.16626
40.46000 3757 6.13139
40.47000 3843 6.20174
40.48000 3812 6.17802
40.49000 3825 6.18984
40.50000 3794 6.15457
40.51000 3943 6.27456
40.52000 3958 6.28695
40.53000 3907 6.25
40.54000 3870 6.22573
40.55000 3903 6.25
40.56000 3877 6.22573
40.57000 4029 6.35001
40.58000 3839 6.20174
40.59000 3861 6.2137
40.60000 3919 6.26224
40.61000 4018 6.33724
40.62000 3991 6.31194
40.63000 3893 6.23783
40.64000 4046 6.36285
40.65000 3957 6.28695
40.66000 4037 6.35001
40.67000 3928 6.26224
40.68000 3859 6.2137
40.69000 3806 6.16626
40.70000 3734 6.10847
40.71000 3763 6.13139
40.72000 3755 6.13139
40.73000 3647 6.04122
40.74000 3716 6.09711
40.75000 3670 6.06339
40.76000 3624 6.01929
40.77000 3586 5.98684
40.78000 3492 5.91312
40.79000 3545 5.95491
40.80000 3500 5.91312
40.81000 3431 5.8621
40.82000 3460 5.88235
40.83000 3494 5.91312
40.84000 3427 5.85206
40.85000 3419 5.85206
40.86000 3392 5.82223
40.87000 3376 5.81238
40.88000 3311 5.75435
40.89000 3296 5.74485
40.90000 3396 5.83212
40.91000 3508 5.92349
40.92000 3423 5.85206
40.93000 3333 5.7735
40.94000 3348 5.78315
40.95000 3345 5.78315
40.96000 3344 5.78315
40.97000 3422 5.85206
40.98000 3348 5.78315
40.99000 3230 5.67962
41.00000 3205 5.66139
41.01000 3228 5.67962
41.02000 3352 5.79284
41.03000 3272 5.71662
41.04000 3195 5.65233
41.05000 3241 5.6888
41.06000 3315 5.75435
41.07000 3240 5.6888
41.08000 3177 5.63436
41.09000 3237 5.6888
41.10000 3251 5.69803
41.11000 3346 5.78315
41.12000 3370 5.80259
41.13000 3248 5.69803
41.14000 3203 5.66139
41.15000 3242 5.69803
41.16000 3257 5.7073
41.17000 3262 5.7073
41.18000 3215 5.67048
41.19000 3337 5.7735
41.20000 3336 5.7735
41.21000 3292 5.73539
41.22000 3324 5.7639
41.23000 3336 5.7735
41.24000 3249 5.69803
41.25000 3333 5.7735
41.26000 3221 5.67962
41.27000 3250 5.69803
41.28000 3195 5.65233
41.29000 3138 5.59893
41.30000 3167 5.62544
41.31000 3091 5.55556
41.32000 3235 5.6888
41.33000 3113 5.58146
41.34000 3115 5.58146
41.35000 3056 5.53001
41.36000 2997 5.47176
41.37000 2999 5.47997
41.38000 3019 5.4965
41.39000 3053 5.52158
41.40000 2978 5.45545
41.41000 2887 5.37603
41.42000 2944 5.42326
41.43000 3005 5.47997
41.44000 2999 5.47997
41.45000 2946 5.43125
41.46000 2941 5.42326
41.47000 2966 5.44735
41.48000 2968 5.44735
41.49000 2931 5.4153
41.50000 2942 5.42326
41.51000 2961 5.43928
41.52000 2931 5.4153
41.53000 2901 5.38382
41.54000 2937 5.42326
41.55000 2945 5.42326
41.56000 2979 5.45545
41.57000 2940 5.42326
41.58000 2996 5.47176
41.59000 2999 5.47997
41.60000 2948 5.43125
41.61000 2888 5.37603
41.62000 2974 5.45545
41.63000 2929 5.4153
41.64000 3043 5.51318
41.65000 3039 5.51318
41.66000 3002 5.47997
41.67000 2935 5.4153
41.68000 2980 5.45545
41.69000 2945 5.42326
41.70000 3003 5.47997
41.71000 3013 5.48821
41.72000 3166 5.62544
41.73000 3078 5.547
41.74000 3169 5.62544
41.75000 3023 5.4965
41.76000 3071 5.53849
41.77000 3121 5.59017
41.78000 3044 5.51318
41.79000 2999 5.47997
41.80000 3039 5.51318
41.81000 2972 5.45545
41.82000 3021 5.4965
41.83000 2986 5.46358
41.84000 2948 5.43125
41.85000 2910 5.39164
41.86000 3023 5.4965
41.87000 3078 5.547
41.88000 3060 5.53001
41.89000 3035 5.51318
41.90000 3176 5.63436
41.91000 3047 5.52158
41.92000 3089 5.55556
41.93000 3210 5.66139
41.94000 3152 5.61656
41.95000 3192 5.65233
41.96000 3170 5.63436
41.97000 3189 5.64333
41.98000 3307 5.75435
41.99000 3254 5.7073
42.00000 3230 5.67962
42.01000 3368 5.80259
42.02000 3428 5.85206
42.03000 3272 5.71662
42.04000 3310 5.75435
42.05000 3316 5.75435
42.06000 3325 5.7639
42.07000 3471 5.89256
42.08000 3573 5.97614
42.09000 3512 5.92349
42.10000 3528 5.94438
42.11000 3684 6.07457
42.12000 3659 6.05228
42.13000 3749 6.1199
42.14000 3584 5.98684
42.15000 3532 5.94438
42.16000 3496 5.91312
42.17000 3587 5.98684
42.18000 3624 6.01929
42.19000 3563 5.9655
42.20000 3641 6.03023
42.21000 3513 5.92349
42.22000 3492 5.91312
42.23000 3459 5.88235
42.24000 3567 5.97614
42.25000 3431 5.8621
42.26000 3338 5.7735
42.27000 3291 5.73539
42.28000 3416 5.84206
42.29000 3490 5.90281
42.30000 3440 5.8621
42.31000 3426 5.85206
42.32000 3329 5.7735
42.33000 3220 5.67048
42.34000 3196 5.65233
42.35000 3171 5.63436
42.36000 3218 5.67048
42.37000 3199 5.65233
42.38000 3171 5.63436
42.39000 3116 5.58146
42.40000 3116 5.58146
42.41000 3154 5.61656
42.42000 3095 5.56415
42.43000 2934 5.4153
42.44000 3030 5.50482
42.45000 3124 5.59017
42.46000 3066 5.53849
42.47000 3072 5.53849
42.48000 3100 5.56415
42.49000 3070 5.53849
42.50000 3053 5.52158
42.51000 2987 5.46358
42.52000 3027 5.50482
42.53000 3133 5.59893
42.54000 3164 5.62544
42.55000 3159 5.61656
42.56000 3163 5.62544
42.57000 3143 5.60772
42.58000 3098 5.56415
42.59000 3066 5.53849
42.60000 3119 5.58146
42.61000 3165 5.62544
42.62000 3200 5.65233
42.63000 3142 5.60772
42.64000 3220 5.67048
42.65000 3233 5.6888
42.66000 3202 5.66139
42.67000 3268 5.71662
42.68000 3268 5.71662
42.69000 3243 5.69803
42.70000 3313 5.75435
42.71000 3299 5.74485
42.72000 3367 5.80259
42.73000 3455 5.88235
42.74000 3472 5.89256
42.75000 3366 5.80259
42.76000 3359 5.79284
42.77000 3331 5.7735
42.78000 3330 5.7735
42.79000 3312 5.75435
42.80000 3278 5.72598
42.81000 3278 5.72598
42.82000 3279 5.72598
42.83000 3350 5.78315
42.84000 3448 5.8722
42.85000 3580 5.98684
42.86000 3645 6.04122
42.87000 3535 5.94438
42.88000 3483 5.90281
42.89000 3488 5.90281
42.90000 3441 5.8621
42.91000 3576 5.97614
42.92000 3687 6.07457
42.93000 3717 6.09711
42.94000 3765 6.13139
42.95000 3820 6.17802
42.96000 3740 6.1199
42.97000 3748 6.1199
42.98000 3915 6.26224
42.99000 3782 6.15457
43.00000 3749 6.1199
43.01000 3793 6.15457
43.02000 3694 6.07457
43.03000 3570 5.97614
43.04000 3638 6.03023
43.05000 3663 6.05228
43.06000 3679 6.06339
43.07000 3721 6.09711
43.08000 3884 6.23783
43.09000 3584 5.98684
43.10000 3562 5.9655
43.11000 3499 5.91312
43.12000 3459 5.88235
43.13000 3396 5.83212
43.14000 3280 5.72598
43.15000 3255 5.7073
43.16000 3273 5.71662
43.17000 3159 5.61656
43.18000 3194 5.65233
43.19000 3150 5.61656
43.20000 3136 5.59893
43.21000 3090 5.55556
43.22000 3152 5.61656
43.23000 3215 5.67048
43.24000 3168 5.62544
43.25000 3058 5.53001
43.26000 3049 5.52158
43.27000 3011 5.48821
43.28000 3136 5.59893
43.29000 3150 5.61656
43.30000 3050 5.52158
43.31000 3073 5.547
43.32000 3144 5.60772
43.33000 3148 5.60772
43.34000 3260 5.7073
43.35000 3121 5.59017
43.36000 3064 5.53849
43.37000 3075 5.547
43.38000 3230 5.67962
43.39000 3069 5.53849
43.40000 3127 5.59017
43.41000 3161 5.62544
43.42000 3063 5.53849
43.43000 3205 5.66139
43.44000 3134 5.59893
43.45000 3108 5.57278
43.46000 3203 5.66139
43.47000 3195 5.65233
43.48000 3153 5.61656
43.49000 3252 5.69803
43.50000 3334 5.7735
43.51000 3270 5.71662
43.52000 3437 5.8621
43.53000 3424 5.85206
43.54000 3609 6.00842
43.55000 3585 5.98684
43.56000 3502 5.91312
43.57000 3548 5.95491
43.58000 3565 5.9655
43.59000 3685 6.07457
43.60000 3660 6.05228
43.61000 3661 6.05228
43.62000 3696 6.07457
43.63000 3667 6.05228
43.64000 3625 6.01929
43.65000 3665 6.05228
43.66000 3730 6.10847
43.67000 3651 6.04122
43.68000 3598 5.9976
43.69000 3548 5.95491
43.70000 3574 5.97614
43.71000 3701 6.08581
43.72000 3648 6.04122
43.73000 3664 6.05228
43.74000 3618 6.01929
43.75000 3665 6.05228
43.76000 3581 5.98684
43.77000 3563 5.9655
43.78000 3542 5.95491
43.79000 3578 5.98684
43.80000 3638 6.03023
43.81000 3542 5.95491
43.82000 3584 5.98684
43.83000 3463 5.88235
43.84000 3509 5.92349
43.85000 3627 6.01929
43.86000 3580 5.98684
43.87000 3601 5.9976
43.88000 3623 6.01929
43.89000 3510 5.92349
43.90000 3648 6.04122
43.91000 3662 6.05228
43.92000 3665 6.05228
43.93000 3565 5.9655
43.94000 3469 5.89256
43.95000 3395 5.82223
43.96000 3505 5.92349
43.97000 3554 5.9655
43.98000 3496 5.91312
43.99000 3494 5.91312
44.00000 3414 5.84206
44.01000 3398 5.83212
44.02000 3402 5.83212
44.03000 3493 5.91312
44.04000 3500 5.91312
44.05000 3479 5.90281
44.06000 3490 5.90281
44.07000 3393 5.82223
44.08000 3395 5.82223
44.09000 3533 5.94438
44.10000 3503 5.92349
44.11000 3608 6.00842
44.12000 3591 5.9976
44.13000 3703 6.08581
44.14000 3745 6.1199
44.15000 3663 6.05228
44.16000 3740 6.1199
44.17000 3947 6.28695
44.18000 3966 6.29941
44.19000 4054 6.36285
44.20000 4001 6.32456
44.21000 4110 6.415
44.22000 4276 6.5372
44.23000 4180 6.46846
44.24000 4138 6.42824
44.25000 4185 6.46846
44.26000 4169 6.45497
44.27000 4323 6.57952
44.28000 4305 6.56532
44.29000 4271 6.5372
44.30000 4147 6.44157
44.31000 4148 6.44157
44.32000 4135 6.42824
44.33000 4037 6.35001
44.34000 3938 6.27456
44.35000 3819 6.17802
44.36000 3906 6.25
44.37000 3930 6.27456
44.38000 3850 6.20174
44.39000 3786 6.15457
44.40000 3807 6.16626
44.41000 3804 6.16626
44.42000 3638 6.03023
44.43000 3522 5.93391
44.44000 3579 5.98684
44.45000 3566 5.97614
44.46000 3519 5.93391
44.47000 3490 5.90281
44.48000 3454 5.8722
44.49000 3446 5.8722
44.50000 3455 5.88235
44.51000 3486 5.90281
44.52000 3580 5.98684
44.53000 3528 5.94438
44.54000 3516 5.93391
44.55000 3593 5.9976
44.56000 3597 5.9976
44.57000 3506 5.92349
44.58000 3613 6.00842
44.59000 3594 5.9976
44.60000 3690 6.07457
44.61000 3686 6.07457
44.62000 3708 6.08581
44.63000 3811 6.17802
44.64000 4033 6.35001
44.65000 4131 6.42824
44.66000 4013 6.33724
44.67000 4037 6.35001
44.68000 4049 6.36285
44.69000 4114 6.415
44.70000 4218 6.4957
44.71000 4152 6.44157
44.72000 4206 6.48204
44.73000 4217 6.4957
44.74000 4415 6.63723
44.75000 4430 6.6519
44.76000 4426 6.6519
44.77000 4220 6.4957
44.78000 4155 6.44157
44.79000 4208 6.48204
44.80000 4221 6.4957
44.81000 4157 6.44157
44.82000 4109 6.415
44.83000 4188 6.46846
44.84000 3940 6.27456
44.85000 3948 6.28695
44.86000 4134 6.42824
44.87000 3952 6.28695
44.88000 3882 6.22573
44.89000 3790 6.15457
44.90000 3785 6.15457
44.91000 3881 6.22573
44.92000 3759 6.13139
44.93000 3623 6.01929
44.94000 3706 6.08581
44.95000 3618 6.01929
44.96000 3650 6.04122
44.97000 3502 5.91312
44.98000 3423 5.85206
44.99000 3508 5.92349
45.00000 3629 6.01929
45.01000 3516 5.93391
45.02000 3501 5.91312
45.03000 3563 5.9655
45.04000 3675 6.06339
45.05000 3642 6.03023
45.06000 3550 5.95491
45.07000 3469 5.89256
45.08000 3423 5.85206
45.09000 3595 5.9976
45.10000 3589 5.98684
45.11000 3627 6.01929
45.12000 3589 5.98684
45.13000 3502 5.91312
45.14000 3444 5.8722
45.15000 3435 5.8621
45.16000 3555 5.9655
45.17000 3495 5.91312
45.18000 3488 5.90281
45.19000 3474 5.89256
45.20000 3371 5.80259
45.21000 3423 5.85206
45.22000 3319 5.7639
45.23000 3348 5.78315
45.24000 3292 5.73539
45.25000 3377 5.81238
45.26000 3328 5.7735
45.27000 3322 5.7639
45.28000 3323 5.7639
45.29000 3252 5.69803
45.30000 3314 5.75435
45.31000 3259 5.7073
45.32000 3201 5.66139
45.33000 3305 5.74485
45.34000 3280 5.72598
45.35000 3250 5.69803
45.36000 3250 5.69803
45.37000 3167 5.62544
45.38000 3195 5.65233
45.39000 3173 5.63436
45.40000 3186 5.64333
45.41000 3188 5.64333
45.42000 3127 5.59017
45.43000 3176 5.63436
45.44000 3128 5.59017
45.45000 3162 5.62544
45.46000 3093 5.56415
45.47000 3119 5.58146
45.48000 3288 5.73539
45.49000 3352 5.79284
45.50000 3302 5.74485
45.51000 3239 5.6888
45.52000 3173 5.63436
45.53000 3233 5.6888
45.54000 3283 5.72598
45.55000 3357 5.79284
45.56000 3250 5.69803
45.57000 3252 5.69803
45.58000 3283 5.72598
45.59000 3338 5.7735
45.60000 3267 5.71662
45.61000 3231 5.67962
45.62000 3186 5.64333
45.63000 3213 5.67048
45.64000 3255 5.7073
45.65000 3171 5.63436
45.66000 3230 5.67962
45.67000 3222 5.67962
45.68000 3246 5.69803
45.69000 3153 5.61656
45.70000 3150 5.61656
45.71000 3241 5.6888
45.72000 3176 5.63436
45.73000 3014 5.48821
45.74000 3118 5.58146
45.75000 3091 5.55556
45.76000 3068 5.53849
45.77000 3160 5.62544
45.78000 3086 5.55556
45.79000 3053 5.52158
45.80000 3005 5.47997
45.81000 3033 5.50482
45.82000 3158 5.61656
45.83000 3124 5.59017
45.84000 3142 5.60772
45.85000 3156 5.61656
45.86000 3178 5.63436
45.87000 3202 5.66139
45.88000 3223 5.67962
45.89000 3255 5.7073
45.90000 3290 5.73539
45.91000 3277 5.72598
45.92000 3341 5.78315
45.93000 3363 5.80259
45.94000 3381 5.81238
45.95000 3450 5.8722
45.96000 3442 5.8621
45.97000 3511 5.92349
45.98000 3510 5.92349
45.99000 3637 6.03023
46.00000 3656 6.04122
46.01000 3678 6.06339
46.02000 3736 6.10847
46.03000 3619 6.01929
46.04000 3723 6.09711
46.05000 3842 6.20174
46.06000 3806 6.16626
46.07000 3887 6.23783
46.08000 3811 6.17802
46.09000 3947 6.28695
46.10000 3989 6.31194
46.11000 3799 6.16626
46.12000 3789 6.15457
46.13000 3963 6.29941
46.14000 4007 6.32456
46.15000 3950 6.28695
46.16000 3803 6.16626
46.17000 3819 6.17802
46.18000 3753 6.13139
46.19000 3705 6.08581
46.20000 3814 6.17802
46.21000 3751 6.1199
46.22000 3653 6.04122
46.23000 3568 5.97614
46.24000 3639 6.03023
46.25000 3514 5.92349
46.26000 3488 5.90281
46.27000 3464 5.88235
46.28000 3462 5.88235
46.29000 3508 5.92349
46.30000 3379 5.81238
46.31000 3399 5.83212
46.32000 3382 5.81238
46.33000 3464 5.88235
46.34000 3316 5.75435
46.35000 3311 5.75435
46.36000 3281 5.72598
46.37000 3379 5.81238
46.38000 3282 5.72598
46.39000 3289 5.73539
46.40000 3327 5.7639
46.41000 3331 5.7735
46.42000 3263 5.71662
46.43000 3372 5.80259
46.44000 3361 5.79284
46.45000 3510 5.92349
46.46000 3530 5.94438
46.47000 3445 5.8722
46.48000 3449 5.8722
46.49000 3627 6.01929
46.50000 3631 6.03023
46.51000 3540 5.95491
46.52000 3534 5.94438
46.53000 3551 5.95491
46.54000 3549 5.95491
46.55000 3632 6.03023
46.56000 3648 6.04122
46.57000 3684 6.07457
46.58000 3737 6.10847
46.59000 3837 6.18984
46.60000 3944 6.27456
46.61000 3885 6.23783
46.62000 3787 6.15457
46.63000 3846 6.20174
46.64000 3747 6.1199
46.65000 3778 6.14295
46.66000 3679 6.06339
46.67000 3735 6.10847
46.68000 3600 5.9976
46.69000 3689 6.07457
46.70000 3776 6.14295
46.71000 3720 6.09711
46.72000 3587 5.98684
46.73000 3582 5.98684
46.74000 3627 6.01929
46.75000 3599 5.9976
46.76000 3641 6.03023
46.77000 3830 6.18984
46.78000 3687 6.07457
46.79000 3601 5.9976
46.80000 3642 6.03023
46.81000 3626 6.01929
46.82000 3707 6.08581
46.83000 3655 6.04122
46.84000 3569 5.97614
46.85000 3735 6.10847
46.86000 3635 6.03023
46.87000 3599 5.9976
46.88000 3669 6.05228
46.89000 3557 5.9655
46.90000 3563 5.9655
46.91000 3501 5.91312
46.92000 3509 5.92349
46.93000 3543 5.95491
46.94000 3426 5.85206
46.95000 3440 5.8621
46.96000 3505 5.92349
46.97000 3471 5.89256
46.98000 3374 5.81238
46.99000 3354 5.79284
47.00000 3252 5.69803
47.01000 3253 5.7073
47.02000 3243 5.69803
47.03000 3074 5.547
47.04000 3113 5.58146
47.05000 3146 5.60772
47.06000 3099 5.56415
47.07000 3135 5.59893
47.08000 3087 5.55556
47.09000 3166 5.62544
47.10000 3102 5.57278
47.11000 3088 5.55556
47.12000 3161 5.62544
47.13000 3065 5.53849
47.14000 2975 5.45545
47.15000 2996 5.47176
47.16000 2971 5.44735
47.17000 3032 5.50482
47.18000 3018 5.4965
47.19000 3030 5.50482
47.20000 2970 5.44735
47.21000 2965 5.44735
47.22000 2997 5.47176
47.23000 3039 5.51318
47.24000 3152 5.61656
47.25000 3137 5.59893
47.26000 3106 5.57278
47.27000 3071 5.53849
47.28000 3088 5.55556
47.29000 3129 5.59017
47.30000 3007 5.47997
47.31000 3016 5.48821
47.32000 3089 5.55556
47.33000 3073 5.547
47.34000 3049 5.52158
47.35000 3099 5.56415
47.36000 3046 5.52158
47.37000 3067 5.53849
47.38000 3031 5.50482
47.39000 3097 5.56415
47.40000 2990 5.47176
47.41000 3088 5.55556
47.42000 3074 5.547
47.43000 3072 5.53849
47.44000 3037 5.51318
47.45000 3096 5.56415
47.46000 3102 5.57278
47.47000 3132 5.59893
47.48000 3043 5.51318
47.49000 3003 5.47997
47.50000 3052 5.52158
47.51000 3072 5.53849
47.52000 3100 5.56415
47.53000 3100 5.56415
47.54000 3099 5.56415
47.55000 3019 5.4965
47.56000 2985 5.46358
47.57000 3054 5.53001
47.58000 3009 5.48821
47.59000 2980 5.45545
47.60000 3015 5.48821
47.61000 2948 5.43125
47.62000 2897 5.38382
47.63000 2921 5.40738
47.64000 2908 5.39164
47.65000 2869 5.35288
47.66000 2830 5.32246
47.67000 2893 5.37603
47.68000 2919 5.39949
47.69000 3064 5.53849
47.70000 3024 5.4965
47.71000 2961 5.43928
47.72000 2924 5.40738
47.73000 3091 5.55556
47.74000 3001 5.47997
47.75000 3022 5.4965
47.76000 3068 5.53849
47.77000 3044 5.51318
47.78000 2946 5.43125
47.79000 3044 5.51318
47.80000 2930 5.4153
47.81000 2871 5.36056
47.82000 2941 5.42326
47.83000 2979 5.45545
47.84000 2861 5.34522
47.85000 2894 5.37603
47.86000 2990 5.47176
47.87000 3003 5.47997
47.88000 2930 5.4153
47.89000 2878 5.36828
47.90000 2958 5.43928
47.91000 2984 5.46358
47.92000 3097 5.56415
47.93000 2959 5.43928
47.94000 2935 5.4153
47.95000 2883 5.36828
47.96000 2991 5.47176
47.97000 3059 5.53001
47.98000 3007 5.47997
47.99000 2991 5.47176
48.00000 2933 5.4153
48.01000 2940 5.42326
48.02000 2906 5.39164
48.03000 2979 5.45545
48.04000 2912 5.39949
48.05000 2925 5.40738
48.06000 3035 5.51318
48.07000 3058 5.53001
48.08000 3157 5.61656
48.09000 3036 5.51318
48.10000 3021 5.4965
48.11000 3040 5.51318
48.12000 2983 5.46358
48.13000 2944 5.42326
48.14000 2987 5.46358
48.15000 2953 5.43125
48.16000 2906 5.39164
48.17000 2861 5.34522
48.18000 2810 5.29999
48.19000 2812 5.29999
48.20000 2807 5.29999
48.21000 2747 5.24142
48.22000 2752 5.24864
48.23000 2754 5.24864
48.24000 2703 5.19875
48.25000 2758 5.24864
48.26000 2765 5.25588
48.27000 2753 5.24864
48.28000 2783 5.2778
48.29000 2837 5.33002
48.30000 2752 5.24864
48.31000 2760 5.25588
48.32000 2787 5.2778
48.33000 2808 5.29999
48.34000 2687 5.18476
48.35000 2713 5.20579
48.36000 2827 5.31494
48.37000 2859 5.34522
48.38000 2817 5.30745
48.39000 2825 5.31494
48.40000 2866 5.35288
48.41000 2842 5.33002
48.42000 2847 5.33761
48.43000 2850 5.33761
48.44000 2893 5.37603
48.45000 2779 5.27046
48.46000 2957 5.43928
48.47000 2927 5.40738
48.48000 2785 5.2778
48.49000 2859 5.34522
48.50000 2781 5.27046
48.51000 2852 5.33761
48.52000 2897 5.38382
48.53000 2919 5.39949
48.54000 2887 5.37603
48.55000 2916 5.39949
48.56000 2880 5.36828
48.57000 2883 5.36828
48.58000 2894 5.37603
48.59000 3035 5.51318
48.60000 3017 5.4965
48.61000 3101 5.57278
48.62000 3038 5.51318
48.63000 3004 5.47997
48.64000 3015 5.48821
48.65000 3101 5.57278
48.66000 3033 5.50482
48.67000 3003 5.47997
48.68000 3081 5.547
48.69000 3059 5.53001
48.70000 3156 5.61656
48.71000 3076 5.547
48.72000 3133 5.59893
48.73000 3147 5.60772
48.74000 3097 5.56415
48.75000 3123 5.59017
48.76000 3080 5.547
48.77000 3124 5.59017
48.78000 3083 5.55556
48.79000 3177 5.63436
48.80000 3058 5.53001
48.81000 2990 5.47176
48.82000 2969 5.44735
48.83000 2992 5.47176
48.84000 3052 5.52158
48.85000 3011 5.48821
48.86000 3040 5.51318
48.87000 3045 5.52158
48.88000 3071 5.53849
48.89000 3085 5.55556
48.90000 3016 5.48821
48.91000 3007 5.47997
48.92000 3038 5.51318
48.93000 3047 5.52158
48.94000 3030 5.50482
48.95000 3011 5.48821
48.96000 2958 5.43928
48.97000 2933 5.4153
48.98000 3007 5.47997
48.99000 2993 5.47176
49.00000 3004 5.47997
49.01000 3014 5.48821
49.02000 3095 5.56415
49.03000 3070 5.53849
49.04000 2987 5.46358
49.05000 2962 5.43928
49.06000 2929 5.4153
49.07000 2961 5.43928
49.08000 2919 5.39949
49.09000 2981 5.46358
49.10000 3012 5.48821
49.11000 2949 5.43125
49.12000 2946 5.43125
49.13000 3015 5.48821
49.14000 2886 5.36828
49.15000 2907 5.39164
49.16000 2884 5.36828
49.17000 2828 5.31494
49.18000 2816 5.30745
49.19000 2811 5.29999
49.20000 2812 5.29999
49.21000 2729 5.22708
49.22000 2862 5.35288
49.23000 2820 5.30745
49.24000 2769 5.26316
49.25000 2673 5.17088
49.26000 2677 5.17088
49.27000 2792 5.28516
49.28000 2872 5.36056
49.29000 2846 5.33761
49.30000 2763 5.25588
49.31000 2744 5.24142
49.32000 2832 5.32246
49.33000 2788 5.2778
49.34000 2885 5.36828
49.35000 2902 5.38382
49.36000 2884 5.36828
49.37000 2814 5.30745
49.38000 2837 5.33002
49.39000 2860 5.34522
49.40000 2825 5.31494
49.41000 2811 5.29999
49.42000 2821 5.31494
49.43000 2847 5.33761
49.44000 2837 5.33002
49.45000 2888 5.37603
49.46000 2915 5.39949
49.47000 2828 5.31494
49.48000 2868 5.35288
49.49000 2960 5.43928
49.50000 2899 5.38382
49.51000 2932 5.4153
49.52000 2946 5.43125
49.53000 2992 5.47176
49.54000 3015 5.48821
49.55000 2991 5.47176
49.56000 3112 5.58146
49.57000 3020 5.4965
49.58000 3070 5.53849
49.59000 3034 5.50482
49.60000 2914 5.39949
49.61000 3015 5.48821
49.62000 2955 5.43928
49.63000 2950 5.43125
49.64000 2980 5.45545
49.65000 2976 5.45545
49.66000 2896 5.38382
49.67000 2813 5.30745
49.68000 2909 5.39164
49.69000 2931 5.4153
49.70000 2878 5.36828
49.71000 2854 5.34522
49.72000 2901 5.38382
49.73000 2921 5.40738
49.74000 3020 5.4965
49.75000 3025 5.4965
49.76000 2967 5.44735
49.77000 2991 5.47176
49.78000 3005 5.47997
49.79000 2915 5.39949
49.80000 2965 5.44735
49.81000 2925 5.40738
49.82000 2981 5.46358
49.83000 2990 5.47176
49.84000 2950 5.43125
49.85000 2998 5.47176
49.86000 2995 5.47176
49.87000 3083 5.55556
49.88000 3013 5.48821
49.89000 3010 5.48821
49.90000 2938 5.42326
49.91000 3022 5.4965
49.92000 3052 5.52158
49.93000 3068 5.53849
49.94000 3031 5.50482
49.95000 3069 5.53849
49.96000 3051 5.52158
49.97000 3147 5.60772
49.98000 3140 5.60772
49.99000 3116 5.58146
50.00000 3070 5.53849
50.01000 3002 5.47997
50.02000 3062 5.53001
50.03000 3125 5.59017
50.04000 2992 5.47176
50.05000 3032 5.50482
50.06000 3052 5.52158
50.07000 3020 5.4965
50.08000 2984 5.46358
50.09000 3094 5.56415
50.10000 3037 5.51318
50.11000 3027 5.50482
50.12000 2987 5.46358
50.13000 2972 5.45545
50.14000 3003 5.47997
50.15000 3004 5.47997
50.16000 3056 5.53001
50.17000 3081 5.547
50.18000 3010 5.48821
50.19000 3063 5.53849
50.20000 3011 5.48821
50.21000 2886 5.36828
50.22000 2847 5.33761
50.23000 2837 5.33002
50.24000 2860 5.34522
50.25000 2973 5.45545
50.26000 2920 5.40738
50.27000 2967 5.44735
50.28000 2917 5.39949
50.29000 2906 5.39164
50.30000 2915 5.39949
50.31000 2918 5.39949
50.32000 2964 5.44735
50.33000 3095 5.56415
50.34000 3000 5.47997
50.35000 2981 5.46358
50.36000 2957 5.43928
50.37000 2947 5.43125
50.38000 2857 5.34522
50.39000 2969 5.44735
50.40000 2969 5.44735
50.41000 2960 5.43928
50.42000 2887 5.37603
50.43000 2904 5.39164
50.44000 2894 5.37603
50.45000 2879 5.36828
50.46000 2941 5.42326
50.47000 2971 5.44735
50.48000 2914 5.39949
50.49000 2785 5.2778
50.50000 2801 5.29256
50.51000 2896 5.38382
50.52000 2868 5.35288
50.53000 2860 5.34522
50.54000 2794 5.28516
50.55000 2846 5.33761
50.56000 2724 5.21996
50.57000 2712 5.20579
50.58000 2756 5.24864
50.59000 2784 5.2778
50.60000 2769 5.26316
50.61000 2756 5.24864
50.62000 2762 5.25588
50.63000 2783 5.2778
50.64000 2730 5.22708
50.65000 2755 5.24864
50.66000 2720 5.21286
50.67000 2674 5.17088
50.68000 2755 5.24864
50.69000 2771 5.26316
50.70000 2641 5.13665
50.71000 2738 5.23424
50.72000 2761 5.25588
50.73000 2709 5.20579
50.74000 2743 5.23424
50.75000 2831 5.32246
50.76000 2772 5.26316
50.77000 2758 5.24864
50.78000 2776 5.27046
50.79000 2937 5.42326
50.80000 2819 5.30745
50.81000 2836 5.32246
50.82000 2869 5.35288
50.83000 2848 5.33761
50.84000 2894 5.37603
50.85000 2825 5.31494
50.86000 2800 5.29256
50.87000 2836 5.32246
50.88000 2881 5.36828
50.89000 2843 5.33002
50.90000 2861 5.34522
50.91000 2902 5.38382
50.92000 2936 5.4153
50.93000 2913 5.39949
50.94000 2921 5.40738
50.95000 3033 5.50482
50.96000 2941 5.42326
50.97000 2838 5.33002
50.98000 2909 5.39164
50.99000 2973 5.45545
51.00000 2963 5.44735
51.01000 2858 5.34522
51.02000 2961 5.43928
51.03000 3078 5.547
51.04000 3063 5.53849
51.05000 2972 5.45545
51.06000 2940 5.42326
51.07000 2935 5.4153
51.08000 3026 5.50482
51.09000 3007 5.47997
51.10000 3025 5.4965
51.11000 3016 5.48821
51.12000 2929 5.4153
51.13000 2874 5.36056
51.14000 3007 5.47997
51.15000 2930 5.4153
51.16000 2841 5.33002
51.17000 2829 5.32246
51.18000 2873 5.36056
51.19000 2810 5.29999
51.20000 2825 5.31494
51.21000 2808 5.29999
51.22000 2781 5.27046
51.23000 2813 5.30745
51.24000 2726 5.21996
51.25000 2710 5.20579
51.26000 2729 5.22708
51.27000 2743 5.23424
51.28000 2824 5.31494
51.29000 2692 5.19174
51.30000 2745 5.24142
51.31000 2706 5.19875
51.32000 2699 5.19174
51.33000 2656 5.15026
51.34000 2733 5.22708
51.35000 2790 5.28516
51.36000 2699 5.19174
51.37000 2701 5.19875
51.38000 2659 5.15711
51.39000 2794 5.28516
51.40000 2808 5.29999
51.41000 2763 5.25588
51.42000 2755 5.24864
51.43000 2730 5.22708
51.44000 2695 5.19174
51.45000 2833 5.32246
51.46000 2792 5.28516
51.47000 2887 5.37603
51.48000 2897 5.38382
51.49000 2836 5.32246
51.50000 2844 5.33002
51.51000 2905 5.39164
51.52000 2942 5.42326
51.53000 2870 5.36056
51.54000 2898 5.38382
51.55000 2911 5.39164
51.56000 2859 5.34522
51.57000 2893 5.37603
51.58000 2866 5.35288
51.59000 2908 5.39164
51.60000 2920 5.40738
51.61000 2864 5.35288
51.62000 2860 5.34522
51.63000 2872 5.36056
51.64000 3014 5.48821
51.65000 3007 5.47997
51.66000 2972 5.45545
51.67000 2950 5.43125
51.68000 2992 5.47176
51.69000 2921 5.40738
51.70000 2963 5.44735
51.71000 2956 5.43928
51.72000 2923 5.40738
51.73000 3004 5.47997
51.74000 3123 5.59017
51.75000 3093 5.56415
51.76000 3005 5.47997
51.77000 3089 5.55556
51.78000 3185 5.64333
51.79000 3057 5.53001
51.80000 3048 5.52158
51.81000 3174 5.63436
51.82000 3072 5.53849
51.83000 3064 5.53849
51.84000 3159 5.61656
51.85000 3163 5.62544
51.86000 3250 5.69803
51.87000 3175 5.63436
51.88000 3165 5.62544
51.89000 3154 5.61656
51.90000 3147 5.60772
51.91000 3108 5.57278
51.92000 3184 5.64333
51.93000 3290 5.73539
51.94000 3269 5.71662
51.95000 3372 5.80259
51.96000 3323 5.7639
51.97000 3251 5.69803
51.98000 3332 5.7735
51.99000 3331 5.7735
52.00000 3152 5.61656
52.01000 3209 5.66139
52.02000 3182 5.64333
52.03000 3322 5.7639
52.04000 3298 5.74485
52.05000 3233 5.6888
52.06000 3237 5.6888
52.07000 3186 5.64333
52.08000 3087 5.55556
52.09000 3036 5.51318
52.10000 3136 5.59893
52.11000 3128 5.59017
52.12000 3013 5.48821
52.13000 3097 5.56415
52.14000 3096 5.56415
52.15000 3115 5.58146
52.16000 3043 5.51318
52.17000 3139 5.59893
52.18000 3061 5.53001
52.19000 2999 5.47997
52.20000 2982 5.46358
52.21000 3151 5.61656
52.22000 3139 5.59893
52.23000 2984 5.46358
52.24000 3016 5.48821
52.25000 3153 5.61656
52.26000 3190 5.65233
52.27000 3122 5.59017
52.28000 3094 5.56415
52.29000 3066 5.53849
52.30000 3030 5.50482
52.31000 3185 5.64333
52.32000 3085 5.55556
52.33000 3122 5.59017
52.34000 3047 5.52158
52.35000 3118 5.58146
52.36000 3021 5.4965
52.37000 3030 5.50482
52.38000 3040 5.51318
52.39000 2963 5.44735
52.40000 3000 5.47997
52.41000 2996 5.47176
52.42000 3031 5.50482
52.43000 3036 5.51318
52.44000 2919 5.39949
52.45000 2982 5.46358
52.46000 2950 5.43125
52.47000 2966 5.44735
52.48000 2924 5.40738
52.49000 2906 5.39164
52.50000 2966 5.44735
52.51000 2881 5.36828
52.52000 2807 5.29999
52.53000 2780 5.27046
52.54000 2933 5.4153
52.55000 2839 5.33002
52.56000 2766 5.25588
52.57000 2832 5.32246
52.58000 2810 5.29999
52.59000 2859 5.34522
52.60000 2907 5.39164
52.61000 2924 5.40738
52.62000 2813 5.30745
52.63000 2798 5.29256
52.64000 2849 5.33761
52.65000 2866 5.35288
52.66000 2915 5.39949
52.67000 2883 5.36828
52.68000 2835 5.32246
52.69000 2762 5.25588
52.70000 2794 5.28516
52.71000 2834 5.32246
52.72000 2765 5.25588
52.73000 2783 5.2778
52.74000 2709 5.20579
52.75000 2726 5.21996
52.76000 2736 5.23424
52.77000 2717 5.21286
52.78000 2823 5.31494
52.79000 2805 5.29256
52.80000 2840 5.33002
52.81000 2823 5.31494
52.82000 2839 5.33002
52.83000 2821 5.31494
52.84000 2894 5.37603
52.85000 2732 5.22708
52.86000 2723 5.21996
52.87000 2710 5.20579
52.88000 2781 5.27046
52.89000 2889 5.37603
52.90000 2766 5.25588
52.91000 2748 5.24142
52.92000 2689 5.18476
52.93000 2633 5.12989
52.94000 2796 5.28516
52.95000 2816 5.30745
52.96000 2776 5.27046
52.97000 2699 5.19174
52.98000 2766 5.25588
52.99000 2714 5.21286
53.00000 2615 5.11645
53.01000 2673 5.17088
53.02000 2720 5.21286
53.03000 2850 5.33761
53.04000 2713 5.20579
53.05000 2713 5.20579
53.06000 2746 5.24142
53.07000 2665 5.16398
53.08000 2743 5.23424
53.09000 2830 5.32246
53.10000 2893 5.37603
53.11000 2770 5.26316
53.12000 2821 5.31494
53.13000 2801 5.29256
53.14000 2761 5.25588
53.15000 2764 5.25588
53.16000 2710 5.20579
53.17000 2770 5.26316
53.18000 2857 5.34522
53.19000 2752 5.24864
53.20000 2740 5.23424
53.21000 2773 5.26316
53.22000 2744 5.24142
53.23000 2792 5.28516
53.24000 2854 5.34522
53.25000 2821 5.31494
53.26000 2759 5.25588
53.27000 2786 5.2778
53.28000 2838 5.33002
53.29000 2777 5.27046
53.30000 2769 5.26316
53.31000 2705 5.19875
53.32000 2645 5.14344
53.33000 2854 5.34522
53.34000 2770 5.26316
53.35000 2816 5.30745
53.36000 2893 5.37603
53.37000 2831 5.32246
53.38000 2843 5.33002
53.39000 2886 5.36828
53.40000 2780 5.27046
53.41000 2658 5.15711
53.42000 2718 5.21286
53.43000 2709 5.20579
53.44000 2737 5.23424
53.45000 2788 5.2778
53.46000 2779 5.27046
53.47000 2849 5.33761
53.48000 2803 5.29256
53.49000 2810 5.29999
53.50000 2754 5.24864
53.51000 2762 5.25588
53.52000 2702 5.19875
53.53000 2744 5.24142
53.54000 2736 5.23424
53.55000 2765 5.25588
53.56000 2830 5.32246
53.57000 2786 5.2778
53.58000 2859 5.34522
53.59000 2848 5.33761
53.60000 2752 5.24864
53.61000 2733 5.22708
53.62000 2695 5.19174
53.63000 2733 5.22708
53.64000 2822 5.31494
53.65000 2842 5.33002
53.66000 2791 5.28516
53.67000 2730 5.22708
53.68000 2755 5.24864
53.69000 2848 5.33761
53.70000 2866 5.35288
53.71000 2796 5.28516
53.72000 2795 5.28516
53.73000 2741 5.23424
53.74000 2660 5.15711
53.75000 2689 5.18476
53.76000 2605 5.1031
53.77000 2703 5.19875
53.78000 2748 5.24142
53.79000 2651 5.15026
53.80000 2695 5.19174
53.81000 2644 5.14344
53.82000 2623 5.12316
53.83000 2716 5.21286
53.84000 2671 5.17088
53.85000 2614 5.10976
53.86000 2579 5.07673
53.87000 2730 5.22708
53.88000 2704 5.19875
53.89000 2703 5.19875
53.90000 2691 5.18476
53.91000 2632 5.12989
53.92000 2739 5.23424
53.93000 2738 5.23424
53.94000 2784 5.2778
53.95000 2721 5.21286
53.96000 2694 5.19174
53.97000 2675 5.17088
53.98000 2707 5.20579
53.99000 2706 5.19875
54.00000 2701 5.19875
54.01000 2691 5.18476
54.02000 2788 5.2778
54.03000 2809 5.29999
54.04000 2707 5.20579
54.05000 2732 5.22708
54.06000 2804 5.29256
54.07000 2857 5.34522
54.08000 2765 5.25588
54.09000 2836 5.32246
54.10000 2822 5.31494
54.11000 2742 5.23424
54.12000 2675 5.17088
54.13000 2702 5.19875
54.14000 2754 5.24864
54.15000 2754 5.24864
54.16000 2754 5.24864
54.17000 2756 5.24864
54.18000 2798 5.29256
54.19000 2740 5.23424
54.20000 2730 5.22708
54.21000 2779 5.27046
54.22000 2691 5.18476
54.23000 2674 5.17088
54.24000 2590 5.08987
54.25000 2688 5.18476
54.26000 2706 5.19875
54.27000 2641 5.13665
54.28000 2643 5.14344
54.29000 2650 5.15026
54.30000 2652 5.15026
54.31000 2616 5.11645
54.32000 2682 5.1778
54.33000 2755 5.24864
54.34000 2744 5.24142
54.35000 2724 5.21996
54.36000 2733 5.22708
54.37000 2727 5.21996
54.38000 2598 5.09647
54.39000 2679 5.1778
54.40000 2723 5.21996
54.41000 2720 5.21286
54.42000 2819 5.30745
54.43000 2699 5.19174
54.44000 2659 5.15711
54.45000 2629 5.12989
54.46000 2739 5.23424
54.47000 2770 5.26316
54.48000 2800 5.29256
54.49000 2810 5.29999
54.50000 2810 5.29999
54.51000 2740 5.23424
54.52000 2753 5.24864
54.53000 2796 5.28516
54.54000 2757 5.24864
54.55000 2884 5.36828
54.56000 2800 5.29256
54.57000 2772 5.26316
54.58000 2867 5.35288
54.59000 2851 5.33761
54.60000 2789 5.2778
54.61000 2765 5.25588
54.62000 2770 5.26316
54.63000 2726 5.21996
54.64000 2723 5.21996
54.65000 2808 5.29999
54.66000 2846 5.33761
54.67000 2827 5.31494
54.68000 2780 5.27046
54.69000 2688 5.18476
54.70000 2749 5.24142
54.71000 2733 5.22708
54.72000 2904 5.39164
54.73000 2765 5.25588
54.74000 2709 5.20579
54.75000 2749 5.24142
54.76000 2772 5.26316
54.77000 2793 5.28516
54.78000 2743 5.23424
54.79000 2724 5.21996
54.80000 2798 5.29256
54.81000 2711 5.20579
54.82000 2754 5.24864
54.83000 2831 5.32246
54.84000 2641 5.13665
54.85000 2764 5.25588
54.86000 2704 5.19875
54.87000 2763 5.25588
54.88000 2719 5.21286
54.89000 2675 5.17088
54.90000 2691 5.18476
54.91000 2752 5.24864
54.92000 2803 5.29256
54.93000 2687 5.18476
54.94000 2697 5.19174
54.95000 2671 5.17088
54.96000 2638 5.13665
54.97000 2725 5.21996
54.98000 2706 5.19875
54.99000 2790 5.28516
55.00000 2717 5.21286
55.01000 2859 5.34522
55.02000 2758 5.24864
55.03000 2725 5.21996
55.04000 2623 5.12316
55.05000 2643 5.14344
55.06000 2642 5.13665
55.07000 2579 5.07673
55.08000 2649 5.14344
55.09000 2685 5.18476
55.10000 2732 5.22708
55.11000 2659 5.15711
55.12000 2548 5.05076
55.13000 2565 5.0637
55.14000 2579 5.07673
55.15000 2581 5.08329
55.16000 2613 5.10976
55.17000 2607 5.1031
55.18000 2626 5.12316
55.19000 2649 5.14344
55.20000 2521 5.01886
55.21000 2539 5.03793
55.22000 2665 5.16398
55.23000 2616 5.11645
55.24000 2635 5.12989
55.25000 2504 5.00626
55.26000 2551 5.05076
55.27000 2656 5.15026
55.28000 2528 5.02519
55.29000 2557 5.05722
55.30000 2583 5.08329
55.31000 2609 5.10976
55.32000 2593 5.08987
55.33000 2589 5.08987
55.34000 2601 5.1031
55.35000 2612 5.10976
55.36000 2723 5.21996
55.37000 2762 5.25588
55.38000 2780 5.27046
55.39000 2649 5.14344
55.40000 2587 5.08329
55.41000 2552 5.05076
55.42000 2572 5.0702
55.43000 2613 5.10976
55.44000 2552 5.05076
55.45000 2607 5.1031
55.46000 2635 5.12989
55.47000 2660 5.15711
55.48000 2569 5.0702
55.49000 2581 5.08329
55.50000 2574 5.0702
55.51000 2589 5.08987
55.52000 2657 5.15711
55.53000 2604 5.1031
55.54000 2676 5.17088
55.55000 2662 5.15711
55.56000 2657 5.15711
55.57000 2636 5.13665
55.58000 2654 5.15026
55.59000 2649 5.14344
55.60000 2692 5.19174
55.61000 2744 5.24142
55.62000 2643 5.14344
55.63000 2582 5.08329
55.64000 2630 5.12989
55.65000 2669 5.16398
55.66000 2744 5.24142
55.67000 2767 5.26316
55.68000 2652 5.15026
55.69000 2729 5.22708
55.70000 2733 5.22708
55.71000 2667 5.16398
55.72000 2746 5.24142
55.73000 2636 5.13665
55.74000 2778 5.27046
55.75000 2766 5.25588
55.76000 2733 5.22708
55.77000 2752 5.24864
55.78000 2707 5.20579
55.79000 2756 5.24864
55.80000 2799 5.29256
55.81000 2742 5.23424
55.82000 2747 5.24142
55.83000 2740 5.23424
55.84000 2676 5.17088
55.85000 2719 5.21286
55.86000 2669 5.16398
55.87000 2650 5.15026
55.88000 2736 5.23424
55.89000 2755 5.24864
55.90000 2759 5.25588
55.91000 2716 5.21286
55.92000 2609 5.10976
55.93000 2665 5.16398
55.94000 2717 5.21286
55.95000 2716 5.21286
55.96000 2719 5.21286
55.97000 2670 5.16398
55.98000 2713 5.20579
55.99000 2732 5.22708
56.00000 2751 5.24142
56.01000 2648 5.14344
56.02000 2723 5.21996
56.03000 2679 5.1778
56.04000 2741 5.23424
56.05000 2702 5.19875
56.06000 2718 5.21286
56.07000 2781 5.27046
56.08000 2766 5.25588
56.09000 2739 5.23424
56.10000 2702 5.19875
56.11000 2594 5.08987
56.12000 2660 5.15711
56.13000 2713 5.20579
56.14000 2733 5.22708
56.15000 2711 5.20579
56.16000 2625 5.12316
56.17000 2673 5.17088
56.18000 2704 5.19875
56.19000 2664 5.16398
56.20000 2634 5.12989
56.21000 2620 5.11645
56.22000 2592 5.08987
56.23000 2599 5.09647
56.24000 2552 5.05076
56.25000 2534 5.03155
56.26000 2566 5.0637
56.27000 2575 5.07673
56.28000 2557 5.05722
56.29000 2596 5.09647
56.30000 2609 5.10976
56.31000 2617 5.11645
56.32000 2602 5.1031
56.33000 2553 5.05076
56.34000 2611 5.10976
56.35000 2624 5.12316
56.36000 2620 5.11645
56.37000 2676 5.17088
56.38000 2590 5.08987
56.39000 2550 5.05076
56.40000 2629 5.12989
56.41000 2674 5.17088
56.42000 2631 5.12989
56.43000 2634 5.12989
56.44000 2667 5.16398
56.45000 2600 5.09647
56.46000 2646 5.14344
56.47000 2665 5.16398
56.48000 2610 5.10976
56.49000 2623 5.12316
56.50000 2708 5.20579
56.51000 2701 5.19875
56.52000 2602 5.1031
56.53000 2580 5.07673
56.54000 2592 5.08987
56.55000 2599 5.09647
56.56000 2590 5.08987
56.57000 2582 5.08329
56.58000 2635 5.12989
56.59000 2598 5.09647
56.60000 2483 4.98135
56.61000 2563 5.0637
56.62000 2549 5.05076
56.63000 2537 5.03793
56.64000 2626 5.12316
56.65000 2634 5.12989
56.66000 2619 5.11645
56.67000 2639 5.13665
56.68000 2611 5.10976
56.69000 2697 5.19174
56.70000 2660 5.15711
56.71000 2664 5.16398
56.72000 2685 5.18476
56.73000 2655 5.15026
56.74000 2668 5.16398
56.75000 2635 5.12989
56.76000 2633 5.12989
56.77000 2638 5.13665
56.78000 2608 5.10976
56.79000 2702 5.19875
56.80000 2709 5.20579
56.81000 2630 5.12989
56.82000 2633 5.12989
56.83000 2587 5.08329
56.84000 2587 5.08329
56.85000 2617 5.11645
56.86000 2540 5.03793
56.87000 2538 5.03793
56.88000 2657 5.15711
56.89000 2653 5.15026
56.90000 2681 5.1778
56.91000 2704 5.19875
56.92000 2661 5.15711
56.93000 2543 5.04433
56.94000 2609 5.10976
56.95000 2578 5.07673
56.96000 2610 5.10976
56.97000 2582 5.08329
56.98000 2586 5.08329
56.99000 2574 5.0702
57.00000 2604 5.1031
57.01000 2575 5.07673
57.02000 2537 5.03793
57.03000 2469 4.96904
57.04000 2572 5.0702
57.05000 2472 4.96904
57.06000 2553 5.05076
57.07000 2563 5.0637
57.08000 2537 5.03793
57.09000 2538 5.03793
57.10000 2546 5.04433
57.11000 2615 5.11645
57.12000 2551 5.05076
57.13000 2548 5.05076
57.14000 2503 5
57.15000 2436 4.93264
57.16000 2461 4.96292
57.17000 2415 4.91473
57.18000 2513 5.01255
57.19000 2524 5.02519
57.20000 2502 5
57.21000 2457 4.95682
57.22000 2518 5.01886
57.23000 2550 5.05076
57.24000 2504 5.00626
57.25000 2457 4.95682
57.26000 2474 4.97519
57.27000 2520 5.01886
57.28000 2536 5.03793
57.29000 2514 5.01255
57.30000 2532 5.03155
57.31000 2484 4.98135
57.32000 2514 5.01255
57.33000 2481 4.98135
57.34000 2448 4.95074
57.35000 2445 4.94468
57.36000 2475 4.97519
57.37000 2496 4.99376
57.38000 2548 5.05076
57.39000 2472 4.96904
57.40000 2531 5.03155
57.41000 2526 5.02519
57.42000 2601 5.1031
57.43000 2651 5.15026
57.44000 2574 5.0702
57.45000 2533 5.03155
57.46000 2573 5.0702
57.47000 2627 5.12316
57.48000 2616 5.11645
57.49000 2566 5.0637
57.50000 2585 5.08329
57.51000 2668 5.16398
57.52000 2630 5.12989
57.53000 2587 5.08329
57.54000 2550 5.05076
57.55000 2503 5
57.56000 2550 5.05076
57.57000 2554 5.05076
57.58000 2654 5.15026
57.59000 2550 5.05076
57.60000 2477 4.97519
57.61000 2474 4.97519
57.62000 2494 4.99376
57.63000 2461 4.96292
57.64000 2518 5.01886
57.65000 2484 4.98135
57.66000 2540 5.03793
57.67000 2561 5.0637
57.68000 2533 5.03155
57.69000 2620 5.11645
57.70000 2555 5.05722
57.71000 2581 5.08329
57.72000 2566 5.0637
57.73000 2548 5.05076
57.74000 2555 5.05722
57.75000 2595 5.09647
57.76000 2564 5.0637
57.77000 2501 5
57.78000 2494 4.99376
57.79000 2493 4.99376
57.80000 2438 4.93865
57.81000 2502 5
57.82000 2446 4.94468
57.83000 2450 4.95074
57.84000 2497 5
57.85000 2645 5.14344
57.86000 2513 5.01255
57.87000 2575 5.07673
57.88000 2483 4.98135
57.89000 2514 5.01255
57.90000 2538 5.03793
57.91000 2560 5.05722
57.92000 2488 4.98755
57.93000 2465 4.96292
57.94000 2486 4.98755
57.95000 2493 4.99376
57.96000 2477 4.97519
57.97000 2479 4.98135
57.98000 2501 5
57.99000 2535 5.03793
58.00000 2492 4.99376
58.01000 2503 5
58.02000 2467 4.96904
58.03000 2450 4.95074
58.04000 2591 5.08987
58.05000 2607 5.1031
58.06000 2512 5.01255
58.07000 2523 5.02519
58.08000 2476 4.97519
58.09000 2441 4.93865
58.10000 2477 4.97519
58.11000 2504 5.00626
58.12000 2504 5.00626
58.13000 2486 4.98755
58.14000 2517 5.01886
58.15000 2510 5.01255
58.16000 2511 5.01255
58.17000 2536 5.03793
58.18000 2521 5.01886
58.19000 2548 5.05076
58.20000 2488 4.98755
58.21000 2477 4.97519
58.22000 2579 5.07673
58.23000 2598 5.09647
58.24000 2530 5.03155
58.25000 2581 5.08329
58.26000 2582 5.08329
58.27000 2592 5.08987
58.28000 2607 5.1031
58.29000 2565 5.0637
58.30000 2495 4.99376
58.31000 2543 5.04433
58.32000 2551 5.05076
58.33000 2588 5.08987
58.34000 2493 4.99376
58.35000 2533 5.03155
58.36000 2498 5
58.37000 2474 4.97519
58.38000 2533 5.03155
58.39000 2470 4.96904
58.40000 2582 5.08329
58.41000 2585 5.08329
58.42000 2472 4.96904
58.43000 2596 5.09647
58.44000 2618 5.11645
58.45000 2597 5.09647
58.46000 2566 5.0637
58.47000 2625 5.12316
58.48000 2533 5.03155
58.49000 2556 5.05722
58.50000 2565 5.0637
58.51000 2576 5.07673
58.52000 2685 5.18476
58.53000 2757 5.24864
58.54000 2758 5.24864
58.55000 2707 5.20579
58.56000 2607 5.1031
58.57000 2610 5.10976
58.58000 2581 5.08329
58.59000 2527 5.02519
58.60000 2573 5.0702
58.61000 2590 5.08987
58.62000 2589 5.08987
58.63000 2544 5.04433
58.64000 2619 5.11645
58.65000 2691 5.18476
58.66000 2747 5.24142
58.67000 2609 5.10976
58.68000 2592 5.08987
58.69000 2648 5.14344
58.70000 2551 5.05076
58.71000 2552 5.05076
58.72000 2591 5.08987
58.73000 2592 5.08987
58.74000 2480 4.98135
58.75000 2571 5.0702
58.76000 2554 5.05076
58.77000 2574 5.0702
58.78000 2613 5.10976
58.79000 2595 5.09647
58.80000 2675 5.17088
58.81000 2593 5.08987
58.82000 2583 5.08329
58.83000 2606 5.1031
58.84000 2713 5.20579
58.85000 2628 5.12316
58.86000 2555 5.05722
58.87000 2603 5.1031
58.88000 2598 5.09647
58.89000 2630 5.12989
58.90000 2501 5
58.91000 2643 5.14344
58.92000 2664 5.16398
58.93000 2638 5.13665
58.94000 2564 5.0637
58.95000 2460 4.95682
58.96000 2529 5.03155
58.97000 2527 5.02519
58.98000 2552 5.05076
58.99000 2480 4.98135
59.00000 2521 5.01886
59.01000 2471 4.96904
59.02000 2472 4.96904
59.03000 2445 4.94468
59.04000 2523 5.02519
59.05000 2598 5.09647
59.06000 2527 5.02519
59.07000 2490 4.98755
59.08000 2641 5.13665
59.09000 2578 5.07673
59.10000 2518 5.01886
59.11000 2487 4.98755
59.12000 2515 5.01255
59.13000 2461 4.96292
59.14000 2488 4.98755
59.15000 2433 4.93264
59.16000 2499 5
59.17000 2453 4.95074
59.18000 2407 4.90881
59.19000 2413 4.91473
59.20000 2431 4.93264
59.21000 2486 4.98755
59.22000 2542 5.04433
59.23000 2489 4.98755
59.24000 2536 5.03793
59.25000 2483 4.98135
59.26000 2436 4.93264
59.27000 2490 4.98755
59.28000 2534 5.03155
59.29000 2492 4.99376
59.30000 2468 4.96904
59.31000 2533 5.03155
59.32000 2565 5.0637
59.33000 2589 5.08987
59.34000 2541 5.03793
59.35000 2574 5.0702
59.36000 2568 5.0702
59.37000 2630 5.12989
59.38000 2701 5.19875
59.39000 2573 5.0702
59.40000 2572 5.0702
59.41000 2518 5.01886
59.42000 2534 5.03155
59.43000 2613 5.10976
59.44000 2575 5.07673
59.45000 2655 5.15026
59.46000 2562 5.0637
59.47000 2526 5.02519
59.48000 2452 4.95074
59.49000 2454 4.95682
59.50000 2550 5.05076
59.51000 2521 5.01886
59.52000 2563 5.0637
59.53000 2526 5.02519
59.54000 2525 5.02519
59.55000 2583 5.08329
59.56000 2576 5.07673
59.57000 2536 5.03793
59.58000 2554 5.05076
59.59000 2500 5
59.60000 2513 5.01255
59.61000 2513 5.01255
59.62000 2491 4.99376
59.63000 2516 5.01886
59.64000 2536 5.03793
59.65000 2531 5.03155
59.66000 2484 4.98135
59.67000 2517 5.01886
59.68000 2550 5.05076
59.69000 2503 5
59.70000 2485 4.98755
59.71000 2465 4.96292
59.72000 2470 4.96904
59.73000 2440 4.93865
59.74000 2486 4.98755
59.75000 2467 4.96904
59.76000 2523 5.02519
59.77000 2563 5.0637
59.78000 2521 5.01886
59.79000 2504 5.00626
59.80000 2506 5.00626
59.81000 2508 5.00626
59.82000 2442 4.93865
59.83000 2540 5.03793
59.84000 2431 4.93264
59.85000 2502 5
59.86000 2530 5.03155
59.87000 2472 4.96904
59.88000 2537 5.03793
59.89000 2489 4.98755
59.90000 2457 4.95682
59.91000 2589 5.08987
59.92000 2471 4.96904
59.93000 2520 5.01886
59.94000 2498 5
59.95000 2472 4.96904
59.96000 2484 4.98135
59.97000 2508 5.00626
59.98000 2459 4.95682
59.99000 2472 4.96904
60.00000 2492 4.99376
60.01000 2439 4.93865
60.02000 2501 5
60.03000 2500 5
60.04000 2525 5.02519
60.05000 2458 4.95682
60.06000 2448 4.95074
60.07000 2511 5.01255
60.08000 2508 5.00626
60.09000 2452 4.95074
60.10000 2437 4.93865
60.11000 2503 5
60.12000 2512 5.01255
60.13000 2478 4.97519
60.14000 2563 5.0637
60.15000 2573 5.0702
60.16000 2491 4.99376
60.17000 2442 4.93865
60.18000 2420 4.92068
60.19000 2512 5.01255
60.20000 2471 4.96904
60.21000 2520 5.01886
60.22000 2498 5
60.23000 2493 4.99376
60.24000 2433 4.93264
60.25000 2472 4.96904
60.26000 2482 4.98135
60.27000 2494 4.99376
60.28000 2503 5
60.29000 2565 5.0637
60.30000 2494 4.99376
60.31000 2495 4.99376
60.32000 2574 5.0702
60.33000 2613 5.10976
60.34000 2561 5.0637
60.35000 2579 5.07673
60.36000 2544 5.04433
60.37000 2554 5.05076
60.38000 2504 5.00626
60.39000 2436 4.93264
60.40000 2470 4.96904
60.41000 2515 5.01255
60.42000 2474 4.97519
60.43000 2460 4.95682
60.44000 2510 5.01255
60.45000 2462 4.96292
60.46000 2522 5.01886
60.47000 2597 5.09647
60.48000 2606 5.1031
60.49000 2618 5.11645
60.50000 2534 5.03155
60.51000 2555 5.05722
60.52000 2574 5.0702
60.53000 2530 5.03155
60.54000 2531 5.03155
60.55000 2518 5.01886
60.56000 2577 5.07673
60.57000 2637 5.13665
60.58000 2565 5.0637
60.59000 2599 5.09647
60.60000 2570 5.0702
60.61000 2578 5.07673
60.62000 2499 5
60.63000 2513 5.01255
60.64000 2487 4.98755
60.65000 2585 5.08329
60.66000 2559 5.05722
60.67000 2475 4.97519
60.68000 2565 5.0637
60.69000 2576 5.07673
60.70000 2550 5.05076
60.71000 2580 5.07673
60.72000 2549 5.05076
60.73000 2514 5.01255
60.74000 2590 5.08987
60.75000 2523 5.02519
60.76000 2482 4.98135
60.77000 2417 4.91473
60.78000 2528 5.02519
60.79000 2533 5.03155
60.80000 2570 5.0702
60.81000 2484 4.98135
60.82000 2474 4.97519
60.83000 2491 4.99376
60.84000 2563 5.0637
60.85000 2529 5.03155
60.86000 2467 4.96904
60.87000 2427 4.92665
60.88000 2499 5
60.89000 2549 5.05076
60.90000 2597 5.09647
60.91000 2589 5.08987
60.92000 2559 5.05722
60.93000 2550 5.05076
60.94000 2535 5.03793
60.95000 2489 4.98755
60.96000 2501 5
60.97000 2470 4.96904
60.98000 2477 4.97519
60.99000 2451 4.95074
61.00000 2559 5.05722
61.01000 2509 5.00626
61.02000 2534 5.03155
61.03000 2538 5.03793
61.04000 2462 4.96292
61.05000 2564 5.0637
61.06000 2450 4.95074
61.07000 2487 4.98755
61.08000 2520 5.01886
61.09000 2530 5.03155
61.10000 2543 5.04433
61.11000 2466 4.96292
61.12000 2465 4.96292
61.13000 2511 5.01255
61.14000 2473 4.97519
61.15000 2472 4.96904
61.16000 2441 4.93865
61.17000 2403 4.9029
61.18000 2477 4.97519
61.19000 2522 5.01886
61.20000 2533 5.03155
61.21000 2506 5.00626
61.22000 2479 4.98135
61.23000 2469 4.96904
61.24000 2472 4.96904
61.25000 2452 4.95074
61.26000 2429 4.92665
61.27000 2452 4.95074
61.28000 2419 4.92068
61.29000 2454 4.95682
61.30000 2492 4.99376
61.31000 2566 5.0637
61.32000 2495 4.99376
61.33000 2452 4.95074
61.34000 2427 4.92665
61.35000 2404 4.9029
61.36000 2430 4.92665
61.37000 2461 4.96292
61.38000 2523 5.02519
61.39000 2611 5.10976
61.40000 2491 4.99376
61.41000 2512 5.01255
61.42000 2519 5.01886
61.43000 2538 5.03793
61.44000 2545 5.04433
61.45000 2469 4.96904
61.46000 2472 4.96904
61.47000 2475 4.97519
61.48000 2415 4.91473
61.49000 2416 4.91473
61.50000 2438 4.93865
61.51000 2484 4.98135
61.52000 2456 4.95682
61.53000 2458 4.95682
61.54000 2524 5.02519
61.55000 2436 4.93264
61.56000 2383 4.8795
61.57000 2435 4.93264
61.58000 2456 4.95682
61.59000 2474 4.97519
61.60000 2381 4.8795
61.61000 2410 4.90881
61.62000 2546 5.04433
61.63000 2482 4.98135
61.64000 2398 4.89702
61.65000 2345 4.84502
61.66000 2391 4.89116
61.67000 2433 4.93264
61.68000 2376 4.8737
61.69000 2502 5
61.70000 2499 5
61.71000 2445 4.94468
61.72000 2475 4.97519
61.73000 2522 5.01886
61.74000 2507 5.00626
61.75000 2476 4.97519
61.76000 2494 4.99376
61.77000 2461 4.96292
61.78000 2408 4.90881
61.79000 2402 4.9029
61.80000 2434 4.93264
61.81000 2369 4.86792
61.82000 2369 4.86792
61.83000 2382 4.8795
61.84000 2433 4.93264
61.85000 2488 4.98755
61.86000 2555 5.05722
61.87000 2533 5.03155
61.88000 2466 4.96292
61.89000 2462 4.96292
61.90000 2450 4.95074
61.91000 2519 5.01886
61.92000 2419 4.92068
61.93000 2516 5.01886
61.94000 2453 4.95074
61.95000 2334 4.83368
61.96000 2416 4.91473
61.97000 2458 4.95682
61.98000 2593 5.08987
61.99000 2543 5.04433
62.00000 2451 4.95074
62.01000 2430 4.92665
62.02000 2429 4.92665
62.03000 2487 4.98755
62.04000 2475 4.97519
62.05000 2408 4.90881
62.06000 2373 4.8737
62.07000 2410 4.90881
62.08000 2460 4.95682
62.09000 2386 4.88532
62.10000 2411 4.90881
62.11000 2407 4.90881
62.12000 2476 4.97519
62.13000 2375 4.8737
62.14000 2317 4.81125
62.15000 2470 4.96904
62.16000 2416 4.91473
62.17000 2442 4.93865
62.18000 2438 4.93865
62.19000 2462 4.96292
62.20000 2434 4.93264
62.21000 2440 4.93865
62.22000 2443 4.94468
62.23000 2405 4.9029
62.24000 2381 4.8795
62.25000 2416 4.91473
62.26000 2449 4.95074
62.27000 2410 4.90881
62.28000 2373 4.8737
62.29000 2409 4.90881
62.30000 2497 5
62.31000 2511 5.01255
62.32000 2459 4.95682
62.33000 2381 4.8795
62.34000 2420 4.92068
62.35000 2346 4.84502
62.36000 2404 4.9029
62.37000 2426 4.92665
62.38000 2444 4.94468
62.39000 2420 4.92068
62.40000 2428 4.92665
62.41000 2405 4.9029
62.42000 2464 4.96292
62.43000 2471 4.96904
62.44000 2397 4.89702
62.45000 2404 4.9029
62.46000 2474 4.97519
62.47000 2530 5.03155
62.48000 2448 4.95074
62.49000 2418 4.91473
62.50000 2479 4.98135
62.51000 2447 4.94468
62.52000 2421 4.92068
62.53000 2366 4.86217
62.54000 2512 5.01255
62.55000 2398 4.89702
62.56000 2384 4.88532
62.57000 2317 4.81125
62.58000 2432 4.93264
62.59000 2467 4.96904
62.60000 2391 4.89116
62.61000 2380 4.8795
62.62000 2355 4.85071
62.63000 2396 4.89702
62.64000 2503 5
62.65000 2457 4.95682
62.66000 2443 4.94468
62.67000 2346 4.84502
62.68000 2273 4.76731
62.69000 2298 4.79463
62.70000 2350 4.84502
62.71000 2451 4.95074
62.72000 2344 4.83934
62.73000 2393 4.89116
62.74000 2390 4.89116
62.75000 2348 4.84502
62.76000 2366 4.86217
62.77000 2374 4.8737
62.78000 2411 4.90881
62.79000 2435 4.93264
62.80000 2412 4.90881
62.81000 2335 4.83368
62.82000 2458 4.95682
62.83000 2431 4.93264
62.84000 2469 4.96904
62.85000 2468 4.96904
62.86000 2514 5.01255
62.87000 2468 4.96904
62.88000 2423 4.92068
62.89000 2528 5.02519
62.90000 2426 4.92665
62.91000 2482 4.98135
62.92000 2432 4.93264
62.93000 2413 4.91473
62.94000 2396 4.89702
62.95000 2342 4.83934
62.96000 2365 4.86217
62.97000 2479 4.98135
62.98000 2550 5.05076
62.99000 2495 4.99376
63.00000 2391 4.89116
63.01000 2374 4.8737
63.02000 2477 4.97519
63.03000 2508 5.00626
63.04000 2454 4.95682
63.05000 2476 4.97519
63.06000 2418 4.91473
63.07000 2379 4.8795
63.08000 2399 4.89702
63.09000 2481 4.98135
63.10000 2536 5.03793
63.11000 2500 5
63.12000 2560 5.05722
63.13000 2452 4.95074
63.14000 2441 4.93865
63.15000 2492 4.99376
63.16000 2489 4.98755
63.17000 2623 5.12316
63.18000 2421 4.92068
63.19000 2463 4.96292
63.20000 2491 4.99376
63.21000 2538 5.03793
63.22000 2493 4.99376
63.23000 2459 4.95682
63.24000 2485 4.98755
63.25000 2473 4.97519
63.26000 2559 5.05722
63.27000 2575 5.07673
63.28000 2481 4.98135
63.29000 2478 4.97519
63.30000 2441 4.93865
63.31000 2402 4.9029
63.32000 2465 4.96292
63.33000 2545 5.04433
63.34000 2572 5.0702
63.35000 2494 4.99376
63.36000 2500 5
63.37000 2433 4.93264
63.38000 2476 4.97519
63.39000 2397 4.89702
63.40000 2451 4.95074
63.41000 2374 4.8737
63.42000 2402 4.9029
63.43000 2356 4.85643
63.44000 2452 4.95074
63.45000 2449 4.95074
63.46000 2394 4.89116
63.47000 2414 4.91473
63.48000 2420 4.92068
63.49000 2401 4.9029
63.50000 2411 4.90881
63.51000 2351 4.85071
63.52000 2371 4.86792
63.53000 2455 4.95682
63.54000 2465 4.96292
63.55000 2351 4.85071
63.56000 2336 4.83368
63.57000 2330 4.82805
63.58000 2367 4.86792
63.59000 2368 4.86792
63.60000 2352 4.85071
63.61000 2429 4.92665
63.62000 2393 4.89116
63.63000 2337 4.83368
63.64000 2347 4.84502
63.65000 2363 4.86217
63.66000 2336 4.83368
63.67000 2349 4.84502
63.68000 2377 4.8737
63.69000 2416 4.91473
63.70000 2398 4.89702
63.71000 2330 4.82805
63.72000 2343 4.83934
63.73000 2369 4.86792
63.74000 2420 4.92068
63.75000 2475 4.97519
63.76000 2467 4.96904
63.77000 2424 4.92068
63.78000 2404 4.9029
63.79000 2432 4.93264
63.80000 2350 4.84502
63.81000 2325 4.82243
63.82000 2388 4.88532
63.83000 2418 4.91473
63.84000 2368 4.86792
63.85000 2359 4.85643
63.86000 2374 4.8737
63.87000 2379 4.8795
63.88000 2504 5.00626
63.89000 2471 4.96904
63.90000 2469 4.96904
63.91000 2447 4.94468
63.92000 2413 4.91473
63.93000 2342 4.83934
63.94000 2519 5.01886
63.95000 2444 4.94468
63.96000 2422 4.92068
63.97000 2445 4.94468
63.98000 2491 4.99376
63.99000 2449 4.95074
64.00000 2494 4.99376
64.01000 2440 4.93865
64.02000 2356 4.85643
64.03000 2446 4.94468
64.04000 2523 5.02519
64.05000 2390 4.89116
64.06000 2303 4.80015
64.07000 2394 4.89116
64.08000 2463 4.96292
64.09000 2464 4.96292
64.10000 2449 4.95074
64.11000 2431 4.93264
64.12000 2384 4.88532
64.13000 2490 4.98755
64.14000 2410 4.90881
64.15000 2446 4.94468
64.16000 2407 4.90881
64.17000 2357 4.85643
64.18000 2316 4.81125
64.19000 2430 4.92665
64.20000 2523 5.02519
64.21000 2540 5.03793
64.22000 2435 4.93264
64.23000 2427 4.92665
64.24000 2396 4.89702
64.25000 2385 4.88532
64.26000 2420 4.92068
64.27000 2409 4.90881
64.28000 2477 4.97519
64.29000 2426 4.92665
64.30000 2323 4.82243
64.31000 2394 4.89116
64.32000 2430 4.92665
64.33000 2395 4.89116
64.34000 2390 4.89116
64.35000 2387 4.88532
64.36000 2431 4.93264
64.37000 2371 4.86792
64.38000 2386 4.88532
64.39000 2474 4.97519
64.40000 2376 4.8737
64.41000 2415 4.91473
64.42000 2348 4.84502
64.43000 2403 4.9029
64.44000 2345 4.84502
64.45000 2318 4.81683
64.46000 2343 4.83934
64.47000 2365 4.86217
64.48000 2345 4.84502
64.49000 2366 4.86217
64.50000 2359 4.85643
64.51000 2332 4.82805
64.52000 2330 4.82805
64.53000 2336 4.83368
64.54000 2469 4.96904
64.55000 2329 4.82805
64.56000 2299 4.79463
64.57000 2368 4.86792
64.58000 2382 4.8795
64.59000 2375 4.8737
64.60000 2364 4.86217
64.61000 2400 4.89702
64.62000 2435 4.93264
64.63000 2356 4.85643
64.64000 2334 4.83368
64.65000 2360 4.85643
64.66000 2394 4.89116
64.67000 2308 4.80569
64.68000 2333 4.82805
64.69000 2308 4.80569
64.70000 2346 4.84502
64.71000 2334 4.83368
64.72000 2267 4.7619
64.73000 2391 4.89116
64.74000 2463 4.96292
64.75000 2393 4.89116
64.76000 2440 4.93865
64.77000 2452 4.95074
64.78000 2398 4.89702
64.79000 2374 4.8737
64.80000 2331 4.82805
64.81000 2400 4.89702
64.82000 2387 4.88532
64.83000 2400 4.89702
64.84000 2420 4.92068
64.85000 2459 4.95682
64.86000 2423 4.92068
64.87000 2368 4.86792
64.88000 2356 4.85643
64.89000 2394 4.89116
64.90000 2396 4.89702
64.91000 2392 4.89116
64.92000 2392 4.89116
64.93000 2397 4.89702
64.94000 2393 4.89116
64.95000 2357 4.85643
64.96000 2366 4.86217
64.97000 2358 4.85643
64.98000 2342 4.83934
64.99000 2395 4.89116
65.00000 2385 4.88532
65.01000 2380 4.8795
65.02000 2341 4.83934
65.03000 2347 4.84502
65.04000 2388 4.88532
65.05000 2359 4.85643
65.06000 2401 4.9029
65.07000 2378 4.8737
65.08000 2289 4.78365
65.09000 2298 4.79463
65.10000 2368 4.86792
65.11000 2340 4.83934
65.12000 2323 4.82243
65.13000 2400 4.89702
65.14000 2436 4.93264
65.15000 2323 4.82243
65.16000 2323 4.82243
65.17000 2336 4.83368
65.18000 2391 4.89116
65.19000 2340 4.83934
65.20000 2330 4.82805
65.21000 2308 4.80569
65.22000 2359 4.85643
65.23000 2365 4.86217
65.24000 2328 4.82243
65.25000 2285 4.77818
65.26000 2300 4.79463
65.27000 2228 4.71929
65.28000 2344 4.83934
65.29000 2267 4.7619
65.30000 2347 4.84502
65.31000 2337 4.83368
65.32000 2429 4.92665
65.33000 2368 4.86792
65.34000 2310 4.80569
65.35000 2331 4.82805
65.36000 2314 4.81125
65.37000 2300 4.79463
65.38000 2300 4.79463
65.39000 2336 4.83368
65.40000 2410 4.90881
65.41000 2378 4.8737
65.42000 2314 4.81125
65.43000 2357 4.85643
65.44000 2384 4.88532
65.45000 2408 4.90881
65.46000 2455 4.95682
65.47000 2342 4.83934
65.48000 2364 4.86217
65.49000 2334 4.83368
65.50000 2309 4.80569
65.51000 2381 4.8795
65.52000 2419 4.92068
65.53000 2356 4.85643
65.54000 2346 4.84502
65.55000 2315 4.81125
65.56000 2324 4.82243
65.57000 2322 4.81683
65.58000 2354 4.85071
65.59000 2387 4.88532
65.60000 2357 4.85643
65.61000 2354 4.85071
65.62000 2312 4.80569
65.63000 2298 4.79463
65.64000 2341 4.83934
65.65000 2450 4.95074
65.66000 2457 4.95682
65.67000 2347 4.84502
65.68000 2340 4.83934
65.69000 2378 4.8737
65.70000 2396 4.89702
65.71000 2291 4.78913
65.72000 2314 4.81125
65.73000 2367 4.86792
65.74000 2348 4.84502
65.75000 2397 4.89702
65.76000 2444 4.94468
65.77000 2410 4.90881
65.78000 2405 4.9029
65.79000 2555 5.05722
65.80000 2378 4.8737
65.81000 2368 4.86792
65.82000 2421 4.92068
65.83000 2467 4.96904
65.84000 2487 4.98755
65.85000 2430 4.92665
65.86000 2431 4.93264
65.87000 2378 4.8737
65.88000 2393 4.89116
65.89000 2420 4.92068
65.90000 2422 4.92068
65.91000 2561 5.0637
65.92000 2486 4.98755
65.93000 2319 4.81683
65.94000 2394 4.89116
65.95000 2447 4.94468
65.96000 2454 4.95682
65.97000 2450 4.95074
65.98000 2435 4.93264
65.99000 2389 4.88532
66.00000 2390 4.89116
66.01000 2368 4.86792
66.02000 2482 4.98135
66.03000 2448 4.95074
66.04000 2393 4.89116
66.05000 2375 4.8737
66.06000 2410 4.90881
66.07000 2360 4.85643
66.08000 2354 4.85071
66.09000 2473 4.97519
66.10000 2509 5.00626
66.11000 2421 4.92068
66.12000 2388 4.88532
66.13000 2426 4.92665
66.14000 2414 4.91473
66.15000 2348 4.84502
66.16000 2473 4.97519
66.17000 2403 4.9029
66.18000 2437 4.93865
66.19000 2471 4.96904
66.20000 2472 4.96904
66.21000 2436 4.93264
66.22000 2460 4.95682
66.23000 2391 4.89116
66.24000 2383 4.8795
66.25000 2369 4.86792
66.26000 2447 4.94468
66.27000 2471 4.96904
66.28000 2549 5.05076
66.29000 2504 5.00626
66.30000 2492 4.99376
66.31000 2474 4.97519
66.32000 2590 5.08987
66.33000 2511 5.01255
66.34000 2400 4.89702
66.35000 2437 4.93865
66.36000 2424 4.92068
66.37000 2388 4.88532
66.38000 2384 4.88532
66.39000 2477 4.97519
66.40000 2444 4.94468
66.41000 2442 4.93865
66.42000 2446 4.94468
66.43000 2484 4.98135
66.44000 2531 5.03155
66.45000 2479 4.98135
66.46000 2362 4.86217
66.47000 2380 4.8795
66.48000 2468 4.96904
66.49000 2441 4.93865
66.50000 2440 4.93865
66.51000 2431 4.93264
66.52000 2374 4.8737
66.53000 2420 4.92068
66.54000 2411 4.90881
66.55000 2462 4.96292
66.56000 2503 5
66.57000 2432 4.93264
66.58000 2357 4.85643
66.59000 2378 4.8737
66.60000 2430 4.92665
66.61000 2409 4.90881
66.62000 2365 4.86217
66.63000 2368 4.86792
66.64000 2396 4.89702
66.65000 2459 4.95682
66.66000 2461 4.96292
66.67000 2441 4.93865
66.68000 2450 4.95074
66.69000 2468 4.96904
66.70000 2482 4.98135
66.71000 2445 4.94468
66.72000 2475 4.97519
66.73000 2446 4.94468
66.74000 2426 4.92665
66.75000 2361 4.85643
66.76000 2329 4.82805
66.77000 2393 4.89116
66.78000 2292 4.78913
66.79000 2393 4.89116
66.80000 2432 4.93264
66.81000 2357 4.85643
66.82000 2310 4.80569
66.83000 2331 4.82805
66.84000 2324 4.82243
66.85000 2309 4.80569
66.86000 2345 4.84502
66.87000 2412 4.90881
66.88000 2517 5.01886
66.89000 2475 4.97519
66.90000 2449 4.95074
66.91000 2385 4.88532
66.92000 2411 4.90881
66.93000 2396 4.89702
66.94000 2372 4.86792
66.95000 2419 4.92068
66.96000 2411 4.90881
66.97000 2311 4.80569
66.98000 2330 4.82805
66.99000 2422 4.92068
67.00000 2376 4.8737
67.01000 2393 4.89116
67.02000 2392 4.89116
67.03000 2317 4.81125
67.04000 2340 4.83934
67.05000 2409 4.90881
67.06000 2364 4.86217
67.07000 2438 4.93865
67.08000 2370 4.86792
67.09000 2391 4.89116
67.10000 2383 4.8795
67.11000 2388 4.88532
67.12000 2367 4.86792
67.13000 2410 4.90881
67.14000 2394 4.89116
67.15000 2437 4.93865
67.16000 2428 4.92665
67.17000 2333 4.82805
67.18000 2367 4.86792
67.19000 2421 4.92068
67.20000 2326 4.82243
67.21000 2360 4.85643
67.22000 2381 4.8795
67.23000 2361 4.85643
67.24000 2396 4.89702
67.25000 2424 4.92068
67.26000 2388 4.88532
67.27000 2332 4.82805
67.28000 2313 4.81125
67.29000 2440 4.93865
67.30000 2431 4.93264
67.31000 2451 4.95074
67.32000 2398 4.89702
67.33000 2402 4.9029
67.34000 2495 4.99376
67.35000 2445 4.94468
67.36000 2378 4.8737
67.37000 2397 4.89702
67.38000 2328 4.82243
67.39000 2348 4.84502
67.40000 2358 4.85643
67.41000 2374 4.8737
67.42000 2447 4.94468
67.43000 2327 4.82243
67.44000 2295 4.78913
67.45000 2341 4.83934
67.46000 2412 4.90881
67.47000 2477 4.97519
67.48000 2488 4.98755
67.49000 2463 4.96292
67.50000 2364 4.86217
67.51000 2405 4.9029
67.52000 2321 4.81683
67.53000 2359 4.85643
67.54000 2337 4.83368
67.55000 2335 4.83368
67.56000 2333 4.82805
67.57000 2406 4.9029
67.58000 2394 4.89116
67.59000 2385 4.88532
67.60000 2375 4.8737
67.61000 2347 4.84502
67.62000 2378 4.8737
67.63000 2343 4.83934
67.64000 2412 4.90881
67.65000 2419 4.92068
67.66000 2372 4.86792
67.67000 2391 4.89116
67.68000 2405 4.9029
67.69000 2376 4.8737
67.70000 2369 4.86792
67.71000 2368 4.86792
67.72000 2389 4.88532
67.73000 2341 4.83934
67.74000 2458 4.95682
67.75000 2390 4.89116
67.76000 2314 4.81125
67.77000 2336 4.83368
67.78000 2370 4.86792
67.79000 2314 4.81125
67.80000 2388 4.88532
67.81000 2423 4.92068
67.82000 2405 4.9029
67.83000 2355 4.85071
67.84000 2363 4.86217
67.85000 2316 4.81125
67.86000 2316 4.81125
67.87000 2297 4.79463
67.88000 2341 4.83934
67.89000 2298 4.79463
67.90000 2393 4.89116
67.91000 2474 4.97519
67.92000 2399 4.89702
67.93000 2299 4.79463
67.94000 2276 4.77274
67.95000 2309 4.80569
67.96000 2326 4.82243
67.97000 2416 4.91473
67.98000 2441 4.93865
67.99000 2353 4.85071
68.00000 2410 4.90881
68.01000 2467 4.96904
68.02000 2386 4.88532
68.03000 2366 4.86217
68.04000 2417 4.91473
68.05000 2423 4.92068
68.06000 2445 4.94468
68.07000 2413 4.91473
68.08000 2390 4.89116
68.09000 2420 4.92068
68.10000 2411 4.90881
68.11000 2469 4.96904
68.12000 2367 4.86792
68.13000 2323 4.82243
68.14000 2363 4.86217
68.15000 2460 4.95682
68.16000 2364 4.86217
68.17000 2441 4.93865
68.18000 2467 4.96904
68.19000 2460 4.95682
68.20000 2419 4.92068
68.21000 2366 4.86217
68.22000 2404 4.9029
68.23000 2425 4.92665
68.24000 2464 4.96292
68.25000 2361 4.85643
68.26000 2404 4.9029
68.27000 2421 4.92068
68.28000 2406 4.9029
68.29000 2336 4.83368
68.30000 2409 4.90881
68.31000 2447 4.94468
68.32000 2384 4.88532
68.33000 2389 4.88532
68.34000 2356 4.85643
68.35000 2407 4.90881
68.36000 2467 4.96904
68.37000 2435 4.93264
68.38000 2502 5
68.39000 2391 4.89116
68.40000 2326 4.82243
68.41000 2366 4.86217
68.42000 2363 4.86217
68.43000 2417 4.91473
68.44000 2439 4.93865
68.45000 2426 4.92665
68.46000 2485 4.98755
68.47000 2478 4.97519
68.48000 2420 4.92068
68.49000 2422 4.92068
68.50000 2423 4.92068
68.51000 2472 4.96904
68.52000 2451 4.95074
68.53000 2422 4.92068
68.54000 2435 4.93264
68.55000 2402 4.9029
68.56000 2389 4.88532
68.57000 2363 4.86217
68.58000 2397 4.89702
68.59000 2499 5
68.60000 2424 4.92068
68.61000 2430 4.92665
68.62000 2405 4.9029
68.63000 2450 4.95074
68.64000 2439 4.93865
68.65000 2503 5
68.66000 2498 5
68.67000 2402 4.9029
68.68000 2443 4.94468
68.69000 2468 4.96904
68.70000 2540 5.03793
68.71000 2459 4.95682
68.72000 2398 4.89702
68.73000 2372 4.86792
68.74000 2386 4.88532
68.75000 2373 4.8737
68.76000 2395 4.89116
68.77000 2410 4.90881
68.78000 2440 4.93865
68.79000 2505 5.00626
68.80000 2526 5.02519
68.81000 2397 4.89702
68.82000 2418 4.91473
68.83000 2433 4.93264
68.84000 2370 4.86792
68.85000 2384 4.88532
68.86000 2403 4.9029
68.87000 2372 4.86792
68.88000 2445 4.94468
68.89000 2472 4.96904
68.90000 2493 4.99376
68.91000 2418 4.91473
68.92000 2479 4.98135
68.93000 2516 5.01886
68.94000 2476 4.97519
68.95000 2473 4.97519
68.96000 2359 4.85643
68.97000 2384 4.88532
68.98000 2423 4.92068
68.99000 2421 4.92068
69.00000 2359 4.85643
69.01000 2383 4.8795
69.02000 2418 4.91473
69.03000 2393 4.89116
69.04000 2420 4.92068
69.05000 2378 4.8737
69.06000 2372 4.86792
69.07000 2412 4.90881
69.08000 2402 4.9029
69.09000 2480 4.98135
69.10000 2489 4.98755
69.11000 2469 4.96904
69.12000 2421 4.92068
69.13000 2334 4.83368
69.14000 2428 4.92665
69.15000 2441 4.93865
69.16000 2377 4.8737
69.17000 2384 4.88532
69.18000 2430 4.92665
69.19000 2438 4.93865
69.20000 2432 4.93264
69.21000 2434 4.93264
69.22000 2450 4.95074
69.23000 2476 4.97519
69.24000 2400 4.89702
69.25000 2333 4.82805
69.26000 2384 4.88532
69.27000 2380 4.8795
69.28000 2394 4.89116
69.29000 2383 4.8795
69.30000 2409 4.90881
69.31000 2384 4.88532
69.32000 2410 4.90881
69.33000 2472 4.96904
69.34000 2369 4.86792
69.35000 2407 4.90881
69.36000 2397 4.89702
69.37000 2373 4.8737
69.38000 2422 4.92068
69.39000 2390 4.89116
69.40000 2391 4.89116
69.41000 2414 4.91473
69.42000 2416 4.91473
69.43000 2480 4.98135
69.44000 2375 4.8737
69.45000 2414 4.91473
69.46000 2399 4.89702
69.47000 2425 4.92665
69.48000 2427 4.92665
69.49000 2407 4.90881
69.50000 2417 4.91473
69.51000 2423 4.92068
69.52000 2420 4.92068
69.53000 2393 4.89116
69.54000 2416 4.91473
69.55000 2396 4.89702
69.56000 2401 4.9029
69.57000 2414 4.91473
69.58000 2434 4.93264
69.59000 2436 4.93264
69.60000 2426 4.92665
69.61000 2441 4.93865
69.62000 2397 4.89702
69.63000 2364 4.86217
69.64000 2378 4.8737
69.65000 2406 4.9029
69.66000 2442 4.93865
69.67000 2468 4.96904
69.68000 2524 5.02519
69.69000 2453 4.95074
69.70000 2429 4.92665
69.71000 2421 4.92068
69.72000 2459 4.95682
69.73000 2380 4.8795
69.74000 2442 4.93865
69.75000 2441 4.93865
69.76000 2440 4.93865
69.77000 2410 4.90881
69.78000 2465 4.96292
69.79000 2460 4.95682
69.80000 2431 4.93264
69.81000 2463 4.96292
69.82000 2451 4.95074
69.83000 2426 4.92665
69.84000 2430 4.92665
69.85000 2414 4.91473
69.86000 2455 4.95682
69.87000 2475 4.97519
69.88000 2445 4.94468
69.89000 2391 4.89116
69.90000 2426 4.92665
69.91000 2426 4.92665
69.92000 2386 4.88532
69.93000 2440 4.93865
69.94000 2415 4.91473
69.95000 2449 4.95074
69.96000 2365 4.86217
69.97000 2283 4.77818
69.98000 2305 4.80015
69.99000 2373 4.8737
70.00000 2490 4.98755
70.01000 2475 4.97519
70.02000 2397 4.89702
70.03000 2482 4.98135
70.04000 2441 4.93865
70.05000 2435 4.93264
70.06000 2404 4.9029
70.07000 2473 4.97519
70.08000 2416 4.91473
70.09000 2357 4.85643
70.10000 2449 4.95074
70.11000 2555 5.05722
70.12000 2371 4.86792
70.13000 2397 4.89702
70.14000 2357 4.85643
70.15000 2452 4.95074
70.16000 2460 4.95682
70.17000 2385 4.88532
70.18000 2492 4.99376
70.19000 2445 4.94468
70.20000 2432 4.93264
70.21000 2441 4.93865
70.22000 2428 4.92665
70.23000 2335 4.83368
70.24000 2385 4.88532
70.25000 2471 4.96904
70.26000 2412 4.90881
70.27000 2433 4.93264
70.28000 2424 4.92068
70.29000 2472 4.96904
70.30000 2407 4.90881
70.31000 2335 4.83368
70.32000 2439 4.93865
70.33000 2327 4.82243
70.34000 2407 4.90881
70.35000 2382 4.8795
70.36000 2341 4.83934
70.37000 2412 4.90881
70.38000 2415 4.91473
70.39000 2379 4.8795
70.40000 2416 4.91473
70.41000 2405 4.9029
70.42000 2386 4.88532
70.43000 2395 4.89116
70.44000 2423 4.92068
70.45000 2379 4.8795
70.46000 2336 4.83368
70.47000 2357 4.85643
70.48000 2374 4.8737
70.49000 2439 4.93865
70.50000 2417 4.91473
70.51000 2479 4.98135
70.52000 2345 4.84502
70.53000 2400 4.89702
70.54000 2397 4.89702
70.55000 2404 4.9029
70.56000 2428 4.92665
70.57000 2403 4.9029
70.58000 2423 4.92068
70.59000 2343 4.83934
70.60000 2350 4.84502
70.61000 2380 4.8795
70.62000 2396 4.89702
70.63000 2379 4.8795
70.64000 2402 4.9029
70.65000 2390 4.89116
70.66000 2424 4.92068
70.67000 2376 4.8737
70.68000 2408 4.90881
70.69000 2448 4.95074
70.70000 2447 4.94468
70.71000 2377 4.8737
70.72000 2435 4.93264
70.73000 2412 4.90881
70.74000 2415 4.91473
70.75000 2389 4.88532
70.76000 2419 4.92068
70.77000 2423 4.92068
70.78000 2434 4.93264
70.79000 2432 4.93264
70.80000 2453 4.95074
70.81000 2413 4.91473
70.82000 2409 4.90881
70.83000 2417 4.91473
70.84000 2476 4.97519
70.85000 2426 4.92665
70.86000 2431 4.93264
70.87000 2450 4.95074
70.88000 2409 4.90881
70.89000 2465 4.96292
70.90000 2483 4.98135
70.91000 2502 5
70.92000 2497 5
70.93000 2434 4.93264
70.94000 2442 4.93865
70.95000 2425 4.92665
70.96000 2444 4.94468
70.97000 2420 4.92068
70.98000 2425 4.92665
70.99000 2466 4.96292
71.00000 2426 4.92665
71.01000 2347 4.84502
71.02000 2380 4.8795
71.03000 2420 4.92068
71.04000 2501 5
71.05000 2472 4.96904
71.06000 2471 4.96904
71.07000 2431 4.93264
71.08000 2519 5.01886
71.09000 2434 4.93264
71.10000 2392 4.89116
71.11000 2413 4.91473
71.12000 2399 4.89702
71.13000 2381 4.8795
71.14000 2407 4.90881
71.15000 2350 4.84502
71.16000 2399 4.89702
71.17000 2396 4.89702
71.18000 2394 4.89116
71.19000 2508 5.00626
71.20000 2423 4.92068
71.21000 2439 4.93865
71.22000 2364 4.86217
71.23000 2375 4.8737
71.24000 2452 4.95074
71.25000 2480 4.98135
71.26000 2441 4.93865
71.27000 2437 4.93865
71.28000 2395 4.89116
71.29000 2369 4.86792
71.30000 2285 4.77818
71.31000 2368 4.86792
71.32000 2369 4.86792
71.33000 2417 4.91473
71.34000 2452 4.95074
71.35000 2410 4.90881
71.36000 2429 4.92665
71.37000 2498 5
71.38000 2465 4.96292
71.39000 2358 4.85643
71.40000 2322 4.81683
71.41000 2366 4.86217
71.42000 2303 4.80015
71.43000 2357 4.85643
71.44000 2408 4.90881
71.45000 2343 4.83934
71.46000 2337 4.83368
71.47000 2340 4.83934
71.48000 2357 4.85643
71.49000 2387 4.88532
71.50000 2389 4.88532
71.51000 2407 4.90881
71.52000 2326 4.82243
71.53000 2361 4.85643
71.54000 2465 4.96292
71.55000 2401 4.9029
71.56000 2380 4.8795
71.57000 2401 4.9029
71.58000 2418 4.91473
71.59000 2440 4.93865
71.60000 2455 4.95682
71.61000 2429 4.92665
71.62000 2421 4.92068
71.63000 2395 4.89116
71.64000 2331 4.82805
71.65000 2402 4.9029
71.66000 2368 4.86792
71.67000 2356 4.85643
71.68000 2375 4.8737
71.69000 2353 4.85071
71.70000 2399 4.89702
71.71000 2419 4.92068
71.72000 2363 4.86217
71.73000 2370 4.86792
71.74000 2332 4.82805
71.75000 2406 4.9029
71.76000 2399 4.89702
71.77000 2452 4.95074
71.78000 2420 4.92068
71.79000 2395 4.89116
71.80000 2414 4.91473
71.81000 2357 4.85643
71.82000 2347 4.84502
71.83000 2414 4.91473
71.84000 2469 4.96904
71.85000 2363 4.86217
71.86000 2352 4.85071
71.87000 2334 4.83368
71.88000 2378 4.8737
71.89000 2436 4.93264
71.90000 2461 4.96292
71.91000 2423 4.92068
71.92000 2418 4.91473
71.93000 2487 4.98755
71.94000 2381 4.8795
71.95000 2413 4.91473
71.96000 2486 4.98755
71.97000 2383 4.8795
71.98000 2390 4.89116
71.99000 2362 4.86217
72.00000 2439 4.93865
72.01000 2420 4.92068
72.02000 2390 4.89116
72.03000 2547 5.04433
72.04000 2435 4.93264
72.05000 2344 4.83934
72.06000 2363 4.86217
72.07000 2279 4.77274
72.08000 2361 4.85643
72.09000 2399 4.89702
72.10000 2448 4.95074
72.11000 2507 5.00626
72.12000 2439 4.93865
72.13000 2452 4.95074
72.14000 2437 4.93865
72.15000 2387 4.88532
72.16000 2353 4.85071
72.17000 2367 4.86792
72.18000 2325 4.82243
72.19000 2439 4.93865
72.20000 2476 4.97519
72.21000 2338 4.83368
72.22000 2343 4.83934
72.23000 2433 4.93264
72.24000 2412 4.90881
72.25000 2420 4.92068
72.26000 2402 4.9029
72.27000 2367 4.86792
72.28000 2426 4.92665
72.29000 2442 4.93865
72.30000 2395 4.89116
72.31000 2351 4.85071
72.32000 2381 4.8795
72.33000 2393 4.89116
72.34000 2367 4.86792
72.35000 2326 4.82243
72.36000 2362 4.86217
72.37000 2339 4.83368
72.38000 2309 4.80569
72.39000 2379 4.8795
72.40000 2357 4.85643
72.41000 2318 4.81683
72.42000 2304 4.80015
72.43000 2381 4.8795
72.44000 2428 4.92665
72.45000 2410 4.90881
72.46000 2408 4.90881
72.47000 2473 4.97519
72.48000 2412 4.90881
72.49000 2437 4.93865
72.50000 2450 4.95074
72.51000 2412 4.90881
72.52000 2431 4.93264
72.53000 2396 4.89702
72.54000 2402 4.9029
72.55000 2399 4.89702
72.56000 2373 4.8737
72.57000 2360 4.85643
72.58000 2433 4.93264
72.59000 2422 4.92068
72.60000 2430 4.92665
72.61000 2490 4.98755
72.62000 2476 4.97519
72.63000 2409 4.90881
72.64000 2373 4.8737
72.65000 2438 4.93865
72.66000 2398 4.89702
72.67000 2429 4.92665
72.68000 2399 4.89702
72.69000 2429 4.92665
72.70000 2469 4.96904
72.71000 2419 4.92068
72.72000 2425 4.92665
72.73000 2456 4.95682
72.74000 2437 4.93865
72.75000 2408 4.90881
72.76000 2433 4.93264
72.77000 2470 4.96904
72.78000 2424 4.92068
72.79000 2437 4.93865
72.80000 2438 4.93865
72.81000 2400 4.89702
72.82000 2422 4.92068
72.83000 2388 4.88532
72.84000 2387 4.88532
72.85000 2469 4.96904
72.86000 2383 4.8795
72.87000 2417 4.91473
72.88000 2439 4.93865
72.89000 2387 4.88532
72.90000 2434 4.93264
72.91000 2372 4.86792
72.92000 2420 4.92068
72.93000 2372 4.86792
72.94000 2368 4.86792
72.95000 2357 4.85643
72.96000 2416 4.91473
72.97000 2385 4.88532
72.98000 2385 4.88532
72.99000 2426 4.92665
73.00000 2499 5
73.01000 2486 4.98755
73.02000 2402 4.9029
73.03000 2483 4.98135
73.04000 2506 5.00626
73.05000 2421 4.92068
73.06000 2448 4.95074
73.07000 2493 4.99376
73.08000 2356 4.85643
73.09000 2457 4.95682
73.10000 2461 4.96292
73.11000 2401 4.9029
73.12000 2368 4.86792
73.13000 2324 4.82243
73.14000 2500 5
73.15000 2412 4.90881
73.16000 2447 4.94468
73.17000 2411 4.90881
73.18000 2468 4.96904
73.19000 2492 4.99376
73.20000 2456 4.95682
73.21000 2398 4.89702
73.22000 2404 4.9029
73.23000 2352 4.85071
73.24000 2375 4.8737
73.25000 2399 4.89702
73.26000 2386 4.88532
73.27000 2365 4.86217
73.28000 2461 4.96292
73.29000 2462 4.96292
73.30000 2456 4.95682
73.31000 2466 4.96292
73.32000 2467 4.96904
73.33000 2443 4.94468
73.34000 2435 4.93264
73.35000 2408 4.90881
73.36000 2455 4.95682
73.37000 2399 4.89702
73.38000 2386 4.88532
73.39000 2542 5.04433
73.40000 2624 5.12316
73.41000 2455 4.95682
73.42000 2473 4.97519
73.43000 2460 4.95682
73.44000 2465 4.96292
73.45000 2525 5.02519
73.46000 2440 4.93865
73.47000 2440 4.93865
73.48000 2473 4.97519
73.49000 2399 4.89702
73.50000 2433 4.93264
73.51000 2470 4.96904
73.52000 2482 4.98135
73.53000 2429 4.92665
73.54000 2413 4.91473
73.55000 2428 4.92665
73.56000 2449 4.95074
73.57000 2444 4.94468
73.58000 2420 4.92068
73.59000 2400 4.89702
73.60000 2396 4.89702
73.61000 2392 4.89116
73.62000 2407 4.90881
73.63000 2382 4.8795
73.64000 2417 4.91473
73.65000 2457 4.95682
73.66000 2475 4.97519
73.67000 2400 4.89702
73.68000 2414 4.91473
73.69000 2456 4.95682
73.70000 2459 4.95682
73.71000 2514 5.01255
73.72000 2521 5.01886
73.73000 2427 4.92665
73.74000 2466 4.96292
73.75000 2368 4.86792
73.76000 2388 4.88532
73.77000 2447 4.94468
73.78000 2484 4.98135
73.79000 2381 4.8795
73.80000 2429 4.92665
73.81000 2384 4.88532
73.82000 2458 4.95682
73.83000 2377 4.8737
73.84000 2363 4.86217
73.85000 2351 4.85071
73.86000 2334 4.83368
73.87000 2336 4.83368
73.88000 2317 4.81125
73.89000 2393 4.89116
73.90000 2387 4.88532
73.91000 2364 4.86217
73.92000 2379 4.8795
73.93000 2330 4.82805
73.94000 2379 4.8795
73.95000 2390 4.89116
73.96000 2415 4.91473
73.97000 2405 4.9029
73.98000 2355 4.85071
73.99000 2418 4.91473
74.00000 2436 4.93264
74.01000 2394 4.89116
74.02000 2377 4.8737
74.03000 2382 4.8795
74.04000 2319 4.81683
74.05000 2387 4.88532
74.06000 2408 4.90881
74.07000 2348 4.84502
74.08000 2369 4.86792
74.09000 2418 4.91473
74.10000 2430 4.92665
74.11000 2475 4.97519
74.12000 2483 4.98135
74.13000 2462 4.96292
74.14000 2396 4.89702
74.15000 2419 4.92068
74.16000 2407 4.90881
74.17000 2471 4.96904
74.18000 2495 4.99376
74.19000 2404 4.9029
74.20000 2413 4.91473
74.21000 2345 4.84502
74.22000 2372 4.86792
74.23000 2444 4.94468
74.24000 2395 4.89116
74.25000 2423 4.92068
74.26000 2372 4.86792
74.27000 2378 4.8737
74.28000 2462 4.96292
74.29000 2328 4.82243
74.30000 2383 4.8795
74.31000 2537 5.03793
74.32000 2463 4.96292
74.33000 2432 4.93264
74.34000 2387 4.88532
74.35000 2385 4.88532
74.36000 2481 4.98135
74.37000 2430 4.92665
74.38000 2459 4.95682
74.39000 2390 4.89116
74.40000 2414 4.91473
74.41000 2482 4.98135
74.42000 2374 4.8737
74.43000 2407 4.90881
74.44000 2458 4.95682
74.45000 2430 4.92665
74.46000 2470 4.96904
74.47000 2502 5
74.48000 2434 4.93264
74.49000 2436 4.93264
74.50000 2433 4.93264
74.51000 2425 4.92665
74.52000 2474 4.97519
74.53000 2490 4.98755
74.54000 2454 4.95682
74.55000 2494 4.99376
74.56000 2445 4.94468
74.57000 2390 4.89116
74.58000 2433 4.93264
74.59000 2447 4.94468
74.60000 2423 4.92068
74.61000 2493 4.99376
74.62000 2516 5.01886
74.63000 2477 4.97519
74.64000 2393 4.89116
74.65000 2377 4.8737
74.66000 2473 4.97519
74.67000 2564 5.0637
74.68000 2445 4.94468
74.69000 2478 4.97519
74.70000 2485 4.98755
74.71000 2536 5.03793
74.72000 2512 5.01255
74.73000 2416 4.91473
74.74000 2417 4.91473
74.75000 2429 4.92665
74.76000 2396 4.89702
74.77000 2450 4.95074
74.78000 2397 4.89702
74.79000 2406 4.9029
74.80000 2428 4.92665
74.81000 2462 4.96292
74.82000 2462 4.96292
74.83000 2524 5.02519
74.84000 2516 5.01886
74.85000 2445 4.94468
74.86000 2438 4.93865
74.87000 2518 5.01886
74.88000 2504 5.00626
74.89000 2504 5.00626
74.90000 2505 5.00626
74.91000 2372 4.86792
74.92000 2409 4.90881
74.93000 2438 4.93865
74.94000 2402 4.9029
74.95000 2359 4.85643
74.96000 2371 4.86792
74.97000 2366 4.86217
74.98000 2424 4.92068
74.99000 2435 4.93264
75.00000 2490 4.98755
