# columns: two_theta_deg intensity sigma
2.00000 2765 52.7046
2.01000 2831 53.4522
2.02000 2856 53.4522
2.03000 2777 52.7046
2.04000 2884 53.4522
2.05000 3009 55.0482
2.06000 2939 54.2326
2.07000 2827 53.4522
2.08000 2820 53.4522
2.09000 2817 53.4522
2.10000 2831 53.4522
2.11000 2831 53.4522
2.12000 2872 53.4522
2.13000 2832 53.4522
2.14000 2888 53.4522
2.15000 2836 53.4522
2.16000 2752 52.7046
2.17000 2767 52.7046
2.18000 2869 53.4522
2.19000 2793 52.7046
2.20000 2875 53.4522
2.21000 2795 52.7046
2.22000 2701 51.9875
2.23000 2834 53.4522
2.24000 2845 53.4522
2.25000 2784 52.7046
2.26000 2741 52.7046
2.27000 2816 52.7046
2.28000 2749 52.7046
2.29000 2781 52.7046
2.30000 2792 52.7046
2.31000 2770 52.7046
2.32000 2686 51.9875
2.33000 2811 52.7046
2.34000 2744 52.7046
2.35000 2689 51.9875
2.36000 2601 51.2989
2.37000 2571 50.637
2.38000 2705 51.9875
2.39000 2731 51.9875
2.40000 2715 51.9875
2.41000 2702 51.9875
2.42000 2735 51.9875
2.43000 2634 51.2989
2.44000 2743 52.7046
2.45000 2674 51.9875
2.46000 2697 51.9875
2.47000 2731 51.9875
2.48000 2705 51.9875
2.49000 2666 51.2989
2.50000 2665 51.2989
2.51000 2588 50.637
2.52000 2659 51.2989
2.53000 2549 50.637
2.54000 2651 51.2989
2.55000 2634 51.2989
2.56000 2610 51.2989
2.57000 2623 51.2989
2.58000 2654 51.2989
2.59000 2639 51.2989
2.60000 2608 51.2989
2.61000 2639 51.2989
2.62000 2665 51.2989
2.63000 2642 51.2989
2.64000 2617 51.2989
2.65000 2659 51.2989
2.66000 2625 51.2989
2.67000 2649 51.2989
2.68000 2590 50.637
2.69000 2557 50.637
2.70000 2663 51.2989
2.71000 2538 50.637
2.72000 2599 51.2989
2.73000 2636 51.2989
2.74000 2641 51.2989
2.75000 2660 51.2989
2.76000 2614 51.2989
2.77000 2531 50
2.78000 2617 51.2989
2.79000 2688 51.9875
2.80000 2588 50.637
2.81000 2580 50.637
2.82000 2563 50.637
2.83000 2494 50
2.84000 2555 50.637
2.85000 2526 50
2.86000 2566 50.637
2.87000 2508 50
2.88000 2626 51.2989
2.89000 2630 51.2989
2.90000 2609 51.2989
2.91000 2446 49.3865
2.92000 2642 51.2989
2.93000 2499 50
2.94000 2594 50.637
2.95000 2570 50.637
2.96000 2626 51.2989
2.97000 2516 50
2.98000 2556 50.637
2.99000 2532 50.637
3.00000 2491 50
3.01000 2572 50.637
3.02000 2544 50.637
3.03000 2548 50.637
3.04000 2548 50.637
3.05000 2657 51.2989
3.06000 2545 50.637
3.07000 2568 50.637
3.08000 2543 50.637
3.09000 2623 51.2989
3.10000 2696 51.9875
3.11000 2612 51.2989
3.12000 2639 51.2989
3.13000 2617 51.2989
3.14000 2576 50.637
3.15000 2549 50.637
3.16000 2511 50
3.17000 2501 50
3.18000 2536 50.637
3.19000 2555 50.637
3.20000 2549 50.637
3.21000 2627 51.2989
3.22000 2560 50.637
3.23000 2603 51.2989
3.24000 2572 50.637
3.25000 2538 50.637
3.26000 2576 50.637
3.27000 2556 50.637
3.28000 2520 50
3.29000 2566 50.637
3.30000 2533 50.637
3.31000 2572 50.637
3.32000 2565 50.637
3.33000 2547 50.637
3.34000 2554 50.637
3.35000 2582 50.637
3.36000 2506 50
3.37000 2509 50
3.38000 2676 51.9875
3.39000 2618 51.2989
3.40000 2616 51.2989
3.41000 2632 51.2989
3.42000 2613 51.2989
3.43000 2547 50.637
3.44000 2545 50.637
3.45000 2578 50.637
3.46000 2510 50
3.47000 2608 51.2989
3.48000 2562 50.637
3.49000 2574 50.637
3.50000 2616 51.2989
3.51000 2640 51.2989
3.52000 2594 50.637
3.53000 2552 50.637
3.54000 2556 50.637
3.55000 2627 51.2989
3.56000 2594 50.637
3.57000 2563 50.637
3.58000 2562 50.637
3.59000 2679 51.9875
3.60000 2589 50.637
3.61000 2692 51.9875
3.62000 2616 51.2989
3.63000 2523 50
3.64000 2606 51.2989
3.65000 2636 51.2989
3.66000 2573 50.637
3.67000 2589 50.637
3.68000 2640 51.2989
3.69000 2502 50
3.70000 2609 51.2989
3.71000 2641 51.2989
3.72000 2643 51.2989
3.73000 2483 50
3.74000 2503 50
3.75000 2571 50.637
3.76000 2596 50.637
3.77000 2589 50.637
3.78000 2644 51.2989
3.79000 2601 51.2989
3.80000 2570 50.637
3.81000 2601 51.2989
3.82000 2558 50.637
3.83000 2512 50
3.84000 2611 51.2989
3.85000 2638 51.2989
3.86000 2479 50
3.87000 2537 50.637
3.88000 2571 50.637
3.89000 2591 50.637
3.90000 2606 51.2989
3.91000 2663 51.2989
3.92000 2608 51.2989
3.93000 2541 50.637
3.94000 2604 51.2989
3.95000 2563 50.637
3.96000 2477 50
3.97000 2574 50.637
3.98000 2612 51.2989
3.99000 2732 51.9875
4.00000 2575 50.637
4.01000 2584 50.637
4.02000 2613 51.2989
4.03000 2526 50
4.04000 2570 50.637
4.05000 2577 50.637
4.06000 2610 51.2989
4.07000 2555 50.637
4.08000 2586 50.637
4.09000 2599 51.2989
4.10000 2599 51.2989
4.11000 2494 50
4.12000 2598 51.2989
4.13000 2605 51.2989
4.14000 2591 50.637
4.15000 2573 50.637
4.16000 2543 50.637
4.17000 2486 50
4.18000 2691 51.9875
4.19000 2663 51.2989
4.20000 2602 51.2989
4.21000 2526 50
4.22000 2622 51.2989
4.23000 2537 50.637
4.24000 2532 50.637
4.25000 2579 50.637
4.26000 2633 51.2989
4.27000 2600 51.2989
4.28000 2616 51.2989
4.29000 2568 50.637
4.30000 2637 51.2989
4.31000 2528 50
4.32000 2614 51.2989
4.33000 2524 50
4.34000 2501 50
4.35000 2570 50.637
4.36000 2533 50.637
4.37000 2549 50.637
4.38000 2518 50
4.39000 2645 51.2989
4.40000 2595 50.637
4.41000 2641 51.2989
4.42000 2608 51.2989
4.43000 2514 50
4.44000 2544 50.637
4.45000 2589 50.637
4.46000 2655 51.2989
4.47000 2688 51.9875
4.48000 2635 51.2989
4.49000 2564 50.637
4.50000 2612 51.2989
4.51000 2548 50.637
4.52000 2601 51.2989
4.53000 2533 50.637
4.54000 2567 50.637
4.55000 2593 50.637
4.56000 2520 50
4.57000 2500 50
4.58000 2526 50
4.59000 2530 50
4.60000 2565 50.637
4.61000 2619 51.2989
4.62000 2598 51.2989
4.63000 2578 50.637
4.64000 2491 50
4.65000 2642 51.2989
4.66000 2569 50.637
4.67000 2529 50
4.68000 2579 50.637
4.69000 2531 50
4.70000 2497 50
4.71000 2515 50
4.72000 2659 51.2989
4.73000 2550 50.637
4.74000 2493 50
4.75000 2513 50
4.76000 2593 50.637
4.77000 2542 50.637
4.78000 2613 51.2989
4.79000 2658 51.2989
4.80000 2551 50.637
4.81000 2537 50.637
4.82000 2588 50.637
4.83000 2545 50.637
4.84000 2583 50.637
4.85000 2520 50
4.86000 2531 50
4.87000 2553 50.637
4.88000 2657 51.2989
4.89000 2697 51.9875
4.90000 2563 50.637
4.91000 2447 49.3865
4.92000 2639 51.2989
4.93000 2617 51.2989
4.94000 2564 50.637
4.95000 2555 50.637
4.96000 2449 49.3865
4.97000 2562 50.637
4.98000 2549 50.637
4.99000 2527 50
5.00000 2457 49.3865
5.01000 2579 50.637
5.02000 2524 50
5.03000 2506 50
5.04000 2487 50
5.05000 2528 50
5.06000 2592 50.637
5.07000 2568 50.637
5.08000 2555 50.637
5.09000 2558 50.637
5.10000 2481 50
5.11000 2536 50.637
5.12000 2597 50.637
5.13000 2505 50
5.14000 2582 50.637
5.15000 2609 51.2989
5.16000 2476 50
5.17000 2593 50.637
5.18000 2568 50.637
5.19000 2533 50.637
5.20000 2527 50
5.21000 2560 50.637
5.22000 2615 51.2989
5.23000 2566 50.637
5.24000 2560 50.637
5.25000 2585 50.637
5.26000 2669 51.9875
5.27000 2664 51.2989
5.28000 2648 51.2989
5.29000 2581 50.637
5.30000 2607 51.2989
5.31000 2600 51.2989
5.32000 2536 50.637
5.33000 2597 50.637
5.34000 2621 51.2989
5.35000 2683 51.9875
5.36000 2567 50.637
5.37000 2531 50
5.38000 2546 50.637
5.39000 2647 51.2989
5.40000 2571 50.637
5.41000 2545 50.637
5.42000 2647 51.2989
5.43000 2593 50.637
5.44000 2602 51.2989
5.45000 2673 51.9875
5.46000 2585 50.637
5.47000 2590 50.637
5.48000 2608 51.2989
5.49000 2630 51.2989
5.50000 2597 50.637
5.51000 2549 50.637
5.52000 2621 51.2989
5.53000 2590 50.637
5.54000 2689 51.9875
5.55000 2608 51.2989
5.56000 2685 51.9875
5.57000 2664 51.2989
5.58000 2523 50
5.59000 2730 51.9875
5.60000 2698 51.9875
5.61000 2655 51.2989
5.62000 2707 51.9875
5.63000 2643 51.2989
5.64000 2708 51.9875
5.65000 2704 51.9875
5.66000 2798 52.7046
5.67000 2845 53.4522
5.68000 2801 52.7046
5.69000 2789 52.7046
5.70000 2916 54.2326
5.71000 2935 54.2326
5.72000 2822 53.4522
5.73000 2829 53.4522
5.74000 2797 52.7046
5.75000 2814 52.7046
5.76000 2775 52.7046
5.77000 2671 51.9875
5.78000 2725 51.9875
5.79000 2698 51.9875
5.80000 2634 51.2989
5.81000 2619 51.2989
5.82000 2525 50
5.83000 2529 50
5.84000 2570 50.637
5.85000 2524 50
5.86000 2473 50
5.87000 2611 51.2989
5.88000 2533 50.637
5.89000 2542 50.637
5.90000 2550 50.637
5.91000 2549 50.637
5.92000 2474 50
5.93000 2462 49.3865
5.94000 2567 50.637
5.95000 2550 50.637
5.96000 2480 50
5.97000 2433 49.3865
5.98000 2487 50
5.99000 2591 50.637
6.00000 2579 50.637
6.01000 2527 50
6.02000 2509 50
6.03000 2508 50
6.04000 2481 50
6.05000 2585 50.637
6.06000 2653 51.2989
6.07000 2582 50.637
6.08000 2530 50
6.09000 2617 51.2989
6.10000 2602 51.2989
6.11000 2586 50.637
6.12000 2597 50.637
6.13000 2420 49.3865
6.14000 2609 51.2989
6.15000 2503 50
6.16000 2482 50
6.17000 2532 50.637
6.18000 2579 50.637
6.19000 2587 50.637
6.20000 2481 50
6.21000 2541 50.637
6.22000 2507 50
6.23000 2500 50
6.24000 2592 50.637
6.25000 2568 50.637
6.26000 2632 51.2989
6.27000 2624 51.2989
6.28000 2575 50.637
6.29000 2566 50.637
6.30000 2584 50.637
6.31000 2506 50
6.32000 2567 50.637
6.33000 2528 50
6.34000 2575 50.637
6.35000 2629 51.2989
6.36000 2664 51.2989
6.37000 2608 51.2989
6.38000 2555 50.637
6.39000 2633 51.2989
6.40000 2623 51.2989
6.41000 2647 51.2989
6.42000 2664 51.2989
6.43000 2602 51.2989
6.44000 2696 51.9875
6.45000 2693 51.9875
6.46000 2699 51.9875
6.47000 2660 51.2989
6.48000 2736 51.9875
6.49000 2707 51.9875
6.50000 2756 52.7046
6.51000 2711 51.9875
6.52000 2703 51.9875
6.53000 2738 51.9875
6.54000 2726 51.9875
6.55000 2727 51.9875
6.56000 2651 51.2989
6.57000 2762 52.7046
6.58000 2645 51.2989
6.59000 2756 52.7046
6.60000 2616 51.2989
6.61000 2700 51.9875
6.62000 2570 50.637
6.63000 2517 50
6.64000 2573 50.637
6.65000 2593 50.637
6.66000 2686 51.9875
6.67000 2588 50.637
6.68000 2609 51.2989
6.69000 2553 50.637
6.70000 2641 51.2989
6.71000 2621 51.2989
6.72000 2613 51.2989
6.73000 2582 50.637
6.74000 2577 50.637
6.75000 2566 50.637
6.76000 2568 50.637
6.77000 2496 50
6.78000 2508 50
6.79000 2687 51.9875
6.80000 2617 51.2989
6.81000 2636 51.2989
6.82000 2527 50
6.83000 2527 50
6.84000 2605 51.2989
6.85000 2652 51.2989
6.86000 2646 51.2989
6.87000 2611 51.2989
6.88000 2531 50
6.89000 2574 50.637
6.90000 2604 51.2989
6.91000 2590 50.637
6.92000 2585 50.637
6.93000 2563 50.637
6.94000 2605 51.2989
6.95000 2651 51.2989
6.96000 2578 50.637
6.97000 2603 51.2989
6.98000 2585 50.637
6.99000 2494 50
7.00000 2618 51.2989
7.01000 2605 51.2989
7.02000 2651 51.2989
7.03000 2512 50
7.04000 2648 51.2989
7.05000 2546 50.637
7.06000 2599 51.2989
7.07000 2624 51.2989
7.08000 2591 50.637
7.09000 2662 51.2989
7.10000 2656 51.2989
7.11000 2675 51.9875
7.12000 2660 51.2989
7.13000 2692 51.9875
7.14000 2673 51.9875
7.15000 2644 51.2989
7.16000 2614 51.2989
7.17000 2615 51.2989
7.18000 2604 51.2989
7.19000 2709 51.9875
7.20000 2626 51.2989
7.21000 2710 51.9875
7.22000 2674 51.9875
7.23000 2653 51.2989
7.24000 2727 51.9875
7.25000 2732 51.9875
7.26000 2741 52.7046
7.27000 2664 51.2989
7.28000 2713 51.9875
7.29000 2775 52.7046
7.30000 2841 53.4522
7.31000 2831 53.4522
7.32000 2874 53.4522
7.33000 2769 52.7046
7.34000 2786 52.7046
7.35000 2897 53.4522
7.36000 2902 54.2326
7.37000 2772 52.7046
7.38000 2836 53.4522
7.39000 2767 52.7046
7.40000 2834 53.4522
7.41000 2799 52.7046
7.42000 2871 53.4522
7.43000 2685 51.9875
7.44000 2756 52.7046
7.45000 2733 51.9875
7.46000 2672 51.9875
7.47000 2634 51.2989
7.48000 2657 51.2989
7.49000 2654 51.2989
7.50000 2613 51.2989
7.51000 2686 51.9875
7.52000 2695 51.9875
7.53000 2652 51.2989
7.54000 2619 51.2989
7.55000 2640 51.2989
7.56000 2661 51.2989
7.57000 2647 51.2989
7.58000 2666 51.2989
7.59000 2762 52.7046
7.60000 2534 50.637
7.61000 2681 51.9875
7.62000 2616 51.2989
7.63000 2610 51.2989
7.64000 2588 50.637
7.65000 2644 51.2989
7.66000 2680 51.9875
7.67000 2673 51.9875
7.68000 2616 51.2989
7.69000 2637 51.2989
7.70000 2692 51.9875
7.71000 2642 51.2989
7.72000 2733 51.9875
7.73000 2704 51.9875
7.74000 2738 51.9875
7.75000 2725 51.9875
7.76000 2672 51.9875
7.77000 2607 51.2989
7.78000 2694 51.9875
7.79000 2630 51.2989
7.80000 2721 51.9875
7.81000 2706 51.9875
7.82000 2730 51.9875
7.83000 2772 52.7046
7.84000 2675 51.9875
7.85000 2693 51.9875
7.86000 2740 52.7046
7.87000 2759 52.7046
7.88000 2725 51.9875
7.89000 2780 52.7046
7.90000 2768 52.7046
7.91000 2803 52.7046
7.92000 2798 52.7046
7.93000 2633 51.2989
7.94000 2750 52.7046
7.95000 2879 53.4522
7.96000 2775 52.7046
7.97000 2721 51.9875
7.98000 2667 51.9875
7.99000 2808 52.7046
8.00000 2810 52.7046
8.01000 2891 53.4522
8.02000 2867 53.4522
8.03000 2805 52.7046
8.04000 2956 54.2326
8.05000 3039 55.0482
8.06000 2946 54.2326
8.07000 3030 55.0482
8.08000 2992 55.0482
8.09000 3061 55.0482
8.10000 3104 55.9017
8.11000 3132 55.9017
8.12000 3135 55.9017
8.13000 3264 56.7962
8.14000 3202 56.7962
8.15000 3247 56.7962
8.16000 3292 57.735
8.17000 3264 56.7962
8.18000 3410 58.722
8.19000 3460 58.722
8.20000 3541 59.7614
8.21000 3644 60.8581
8.22000 3656 60.8581
8.23000 3777 62.0174
8.24000 3802 62.0174
8.25000 4036 63.2456
8.26000 3979 63.2456
8.27000 4283 65.938
8.28000 4282 65.938
8.29000 4328 65.938
8.30000 4471 67.42
8.31000 4650 67.42
8.32000 4914 70.7107
8.33000 5018 70.7107
8.34000 5116 70.7107
8.35000 5402 72.5476
8.36000 5571 74.5356
8.37000 5797 76.6965
8.38000 6265 79.0569
8.39000 6647 81.6497
8.40000 7082 84.5154
8.41000 7501 87.7058
8.42000 7940 87.7058
8.43000 8412 91.2871
8.44000 9209 95.3463
8.45000 9866 100
8.46000 10393 100
8.47000 11542 105.409
8.48000 12487 111.803
8.49000 13486 119.523
8.50000 14577 119.523
8.51000 15635 129.099
8.52000 17274 129.099
8.53000 17842 129.099
8.54000 19144 141.421
8.55000 19837 141.421
8.56000 19802 141.421
8.57000 19793 141.421
8.58000 19255 141.421
8.59000 18476 141.421
8.60000 16317 129.099
8.61000 14819 119.523
8.62000 13158 111.803
8.63000 11059 105.409
8.64000 9692 100
8.65000 8316 91.2871
8.66000 7172 84.5154
8.67000 6229 79.0569
8.68000 5625 74.5356
8.69000 5046 70.7107
8.70000 4609 67.42
8.71000 4319 65.938
8.72000 4067 63.2456
8.73000 3796 62.0174
8.74000 3778 62.0174
8.75000 3759 60.8581
8.76000 3662 60.8581
8.77000 3532 59.7614
8.78000 3432 58.722
8.79000 3380 57.735
8.80000 3336 57.735
8.81000 3225 56.7962
8.82000 3243 56.7962
8.83000 3174 55.9017
8.84000 3151 55.9017
8.85000 3142 55.9017
8.86000 3008 55.0482
8.87000 2975 54.2326
8.88000 2965 54.2326
8.89000 2984 54.2326
8.90000 2995 55.0482
8.91000 2965 54.2326
8.92000 3010 55.0482
8.93000 2974 54.2326
8.94000 2915 54.2326
8.95000 2946 54.2326
8.96000 2994 55.0482
8.97000 2985 54.2326
8.98000 2998 55.0482
8.99000 3142 55.9017
9.00000 3134 55.9017
9.01000 3120 55.9017
9.02000 3123 55.9017
9.03000 3100 55.9017
9.04000 3151 55.9017
9.05000 3283 57.735
9.06000 3265 56.7962
9.07000 3398 58.722
9.08000 3434 58.722
9.09000 3428 58.722
9.10000 3650 60.8581
9.11000 3686 60.8581
9.12000 3614 59.7614
9.13000 3732 60.8581
9.14000 3787 62.0174
9.15000 4055 63.2456
9.16000 4107 64.5497
9.17000 4251 64.5497
9.18000 4293 65.938
9.19000 4543 67.42
9.20000 4726 69.0066
9.21000 4981 70.7107
9.22000 5230 72.5476
9.23000 5363 72.5476
9.24000 5609 74.5356
9.25000 5909 76.6965
9.26000 6160 79.0569
9.27000 6570 81.6497
9.28000 6699 81.6497
9.29000 7195 84.5154
9.30000 7716 87.7058
9.31000 8059 91.2871
9.32000 8674 91.2871
9.33000 9270 95.3463
9.34000 10009 100
9.35000 10857 105.409
9.36000 11480 105.409
9.37000 12583 111.803
9.38000 13723 119.523
9.39000 15172 119.523
9.40000 16588 129.099
9.41000 18198 141.421
9.42000 20106 141.421
9.43000 21352 141.421
9.44000 23737 158.114
9.45000 25814 158.114
9.46000 27657 158.114
9.47000 29601 182.574
9.48000 30788 182.574
9.49000 31405 182.574
9.50000 31681 182.574
9.51000 30897 182.574
9.52000 29561 182.574
9.53000 26983 158.114
9.54000 24696 158.114
9.55000 21779 141.421
9.56000 18467 141.421
9.57000 15792 129.099
9.58000 13529 119.523
9.59000 11362 105.409
9.60000 9110 95.3463
9.61000 7666 87.7058
9.62000 6485 81.6497
9.63000 5558 74.5356
9.64000 5085 70.7107
9.65000 4348 65.938
9.66000 4089 64.5497
9.67000 3684 60.8581
9.68000 3548 59.7614
9.69000 3241 56.7962
9.70000 3123 55.9017
9.71000 3080 55.9017
9.72000 3065 55.0482
9.73000 2925 54.2326
9.74000 3070 55.0482
9.75000 2927 54.2326
9.76000 2835 53.4522
9.77000 2870 53.4522
9.78000 2900 54.2326
9.79000 2862 53.4522
9.80000 2792 52.7046
9.81000 2783 52.7046
9.82000 2823 53.4522
9.83000 2722 51.9875
9.84000 2738 51.9875
9.85000 2787 52.7046
9.86000 2799 52.7046
9.87000 2749 52.7046
9.88000 2840 53.4522
9.89000 2884 53.4522
9.90000 2849 53.4522
9.91000 2832 53.4522
9.92000 2804 52.7046
9.93000 2857 53.4522
9.94000 2967 54.2326
9.95000 2956 54.2326
9.96000 2856 53.4522
9.97000 2879 53.4522
9.98000 2952 54.2326
9.99000 2952 54.2326
10.00000 2963 54.2326
10.01000 2994 55.0482
10.02000 3062 55.0482
10.03000 2965 54.2326
10.04000 3034 55.0482
10.05000 3106 55.9017
10.06000 3094 55.9017
10.07000 3060 55.0482
10.08000 2988 55.0482
10.09000 2978 54.2326
10.10000 3072 55.0482
10.11000 3002 55.0482
10.12000 3103 55.9017
10.13000 2988 55.0482
10.14000 2966 54.2326
10.15000 2960 54.2326
10.16000 2872 53.4522
10.17000 2825 53.4522
10.18000 2914 54.2326
10.19000 2982 54.2326
10.20000 2784 52.7046
10.21000 2894 53.4522
10.22000 2818 53.4522
10.23000 2784 52.7046
10.24000 2784 52.7046
10.25000 2875 53.4522
10.26000 2896 53.4522
10.27000 2849 53.4522
10.28000 2873 53.4522
10.29000 2931 54.2326
10.30000 3013 55.0482
10.31000 3026 55.0482
10.32000 2992 55.0482
10.33000 3008 55.0482
10.34000 2981 54.2326
10.35000 3223 56.7962
10.36000 3118 55.9017
10.37000 3164 55.9017
10.38000 3284 57.735
10.39000 3307 57.735
10.40000 3330 57.735
10.41000 3408 58.722
10.42000 3406 58.722
10.43000 3496 58.722
10.44000 3543 59.7614
10.45000 3493 58.722
10.46000 3731 60.8581
10.47000 3840 62.0174
10.48000 3831 62.0174
10.49000 3998 63.2456
10.50000 4119 64.5497
10.51000 4169 64.5497
10.52000 4491 67.42
10.53000 4640 67.42
10.54000 4875 69.0066
10.55000 5231 72.5476
10.56000 5322 72.5476
10.57000 5509 74.5356
10.58000 6074 79.0569
10.59000 6296 79.0569
10.60000 6513 81.6497
10.61000 6808 81.6497
10.62000 7067 84.5154
10.63000 7200 84.5154
10.64000 7258 84.5154
10.65000 7599 87.7058
10.66000 7830 87.7058
10.67000 7944 87.7058
10.68000 7945 87.7058
10.69000 8422 91.2871
10.70000 8571 91.2871
10.71000 8821 95.3463
10.72000 9436 95.3463
10.73000 9794 100
10.74000 10629 105.409
10.75000 11543 105.409
10.76000 12021 111.803
10.77000 13158 111.803
10.78000 14567 119.523
10.79000 15990 129.099
10.80000 17778 129.099
10.81000 19668 141.421
10.82000 21247 141.421
10.83000 22911 158.114
10.84000 24758 158.114
10.85000 27088 158.114
10.86000 28575 182.574
10.87000 30078 182.574
10.88000 30681 182.574
10.89000 30743 182.574
10.90000 30248 182.574
10.91000 28475 158.114
10.92000 26803 158.114
10.93000 24065 158.114
10.94000 21419 141.421
10.95000 18632 141.421
10.96000 15958 129.099
10.97000 13297 111.803
10.98000 11571 105.409
10.99000 9580 100
11.00000 7804 87.7058
11.01000 6810 81.6497
11.02000 5906 76.6965
11.03000 5105 70.7107
11.04000 4626 67.42
11.05000 4420 65.938
11.06000 4086 64.5497
11.07000 3884 62.0174
11.08000 3671 60.8581
11.09000 3592 59.7614
11.10000 3535 59.7614
11.11000 3520 59.7614
11.12000 3550 59.7614
11.13000 3537 59.7614
11.14000 3661 60.8581
11.15000 3662 60.8581
11.16000 3740 60.8581
11.17000 3774 62.0174
11.18000 3849 62.0174
11.19000 4034 63.2456
11.20000 4118 64.5497
11.21000 4327 65.938
11.22000 4530 67.42
11.23000 4514 67.42
11.24000 4823 69.0066
11.25000 5112 70.7107
11.26000 5420 74.5356
11.27000 5643 74.5356
11.28000 5978 76.6965
11.29000 6424 79.0569
11.30000 6856 81.6497
11.31000 7192 84.5154
11.32000 7844 87.7058
11.33000 8304 91.2871
11.34000 8970 95.3463
11.35000 9940 100
11.36000 10639 105.409
11.37000 11611 105.409
11.38000 12894 111.803
11.39000 14046 119.523
11.40000 15518 129.099
11.41000 17345 129.099
11.42000 19163 141.421
11.43000 20671 141.421
11.44000 22822 158.114
11.45000 24865 158.114
11.46000 26324 158.114
11.47000 28116 158.114
11.48000 29399 182.574
11.49000 30094 182.574
11.50000 30138 182.574
11.51000 29296 182.574
11.52000 28237 158.114
11.53000 25725 158.114
11.54000 23629 158.114
11.55000 21337 141.421
11.56000 18208 141.421
11.57000 15519 129.099
11.58000 13350 119.523
11.59000 11265 105.409
11.60000 9393 95.3463
11.61000 7999 87.7058
11.62000 6991 84.5154
11.63000 5995 76.6965
11.64000 5517 74.5356
11.65000 5114 70.7107
11.66000 4606 67.42
11.67000 4371 65.938
11.68000 4316 65.938
11.69000 4289 65.938
11.70000 4139 64.5497
11.71000 4280 65.938
11.72000 4280 65.938
11.73000 4117 64.5497
11.74000 4397 65.938
11.75000 4504 67.42
11.76000 4683 69.0066
11.77000 5005 70.7107
11.78000 5239 72.5476
11.79000 5534 74.5356
11.80000 5871 76.6965
11.81000 6343 79.0569
11.82000 6745 81.6497
11.83000 7013 84.5154
11.84000 7666 87.7058
11.85000 8337 91.2871
11.86000 8471 91.2871
11.87000 8965 95.3463
11.88000 9476 95.3463
11.89000 9684 100
11.90000 9602 100
11.91000 9267 95.3463
11.92000 8959 95.3463
11.93000 8210 91.2871
11.94000 7708 87.7058
11.95000 7049 84.5154
11.96000 6325 79.0569
11.97000 5644 74.5356
11.98000 5055 70.7107
11.99000 4734 69.0066
12.00000 4237 64.5497
12.01000 3980 63.2456
12.02000 3755 60.8581
12.03000 3441 58.722
12.04000 3436 58.722
12.05000 3302 57.735
12.06000 3269 56.7962
12.07000 3344 57.735
12.08000 3243 56.7962
12.09000 3267 56.7962
12.10000 3130 55.9017
12.11000 3187 56.7962
12.12000 3196 56.7962
12.13000 3146 55.9017
12.14000 3233 56.7962
12.15000 3229 56.7962
12.16000 3135 55.9017
12.17000 3243 56.7962
12.18000 3293 57.735
12.19000 3448 58.722
12.20000 3455 58.722
12.21000 3525 59.7614
12.22000 3624 59.7614
12.23000 3818 62.0174
12.24000 3928 63.2456
12.25000 4054 63.2456
12.26000 4043 63.2456
12.27000 4329 65.938
12.28000 4569 67.42
12.29000 4744 69.0066
12.30000 5033 70.7107
12.31000 5303 72.5476
12.32000 5691 74.5356
12.33000 5844 76.6965
12.34000 6394 79.0569
12.35000 6752 81.6497
12.36000 7060 84.5154
12.37000 7412 87.7058
12.38000 7678 87.7058
12.39000 7932 87.7058
12.40000 7960 87.7058
12.41000 8070 91.2871
12.42000 7844 87.7058
12.43000 7362 84.5154
12.44000 7083 84.5154
12.45000 6742 81.6497
12.46000 6176 79.0569
12.47000 5524 74.5356
12.48000 5044 70.7107
12.49000 4673 69.0066
12.50000 4288 65.938
12.51000 3904 62.0174
12.52000 3725 60.8581
12.53000 3375 57.735
12.54000 3296 57.735
12.55000 3147 55.9017
12.56000 3013 55.0482
12.57000 2853 53.4522
12.58000 2961 54.2326
12.59000 2827 53.4522
12.60000 2786 52.7046
12.61000 2810 52.7046
12.62000 2792 52.7046
12.63000 2650 51.2989
12.64000 2714 51.9875
12.65000 2806 52.7046
12.66000 2802 52.7046
12.67000 2729 51.9875
12.68000 2780 52.7046
12.69000 2677 51.9875
12.70000 2799 52.7046
12.71000 2646 51.2989
12.72000 2699 51.9875
12.73000 2699 51.9875
12.74000 2761 52.7046
12.75000 2802 52.7046
12.76000 2665 51.2989
12.77000 2702 51.9875
12.78000 2733 51.9875
12.79000 2732 51.9875
12.80000 2713 51.9875
12.81000 2735 51.9875
12.82000 2739 51.9875
12.83000 2811 52.7046
12.84000 2809 52.7046
12.85000 2872 53.4522
12.86000 2840 53.4522
12.87000 2814 52.7046
12.88000 2878 53.4522
12.89000 2852 53.4522
12.90000 2826 53.4522
12.91000 2815 52.7046
12.92000 2882 53.4522
12.93000 2827 53.4522
12.94000 2876 53.4522
12.95000 2858 53.4522
12.96000 2873 53.4522
12.97000 2876 53.4522
12.98000 2948 54.2326
12.99000 2956 54.2326
13.00000 3079 55.9017
13.01000 3296 57.735
13.02000 3223 56.7962
13.03000 3196 56.7962
13.04000 3322 57.735
13.05000 3433 58.722
13.06000 3697 60.8581
13.07000 3720 60.8581
13.08000 3764 60.8581
13.09000 3950 63.2456
13.10000 4039 63.2456
13.11000 4182 64.5497
13.12000 4353 65.938
13.13000 4465 67.42
13.14000 4525 67.42
13.15000 4675 69.0066
13.16000 4674 69.0066
13.17000 4758 69.0066
13.18000 4809 69.0066
13.19000 4861 69.0066
13.20000 4762 69.0066
13.21000 4721 69.0066
13.22000 4704 69.0066
13.23000 4605 67.42
13.24000 4676 69.0066
13.25000 4543 67.42
13.26000 4510 67.42
13.27000 4566 67.42
13.28000 4473 67.42
13.29000 4344 65.938
13.30000 4258 65.938
13.31000 4136 64.5497
13.32000 4058 63.2456
13.33000 3897 62.0174
13.34000 3863 62.0174
13.35000 3585 59.7614
13.36000 3459 58.722
13.37000 3300 57.735
13.38000 3248 56.7962
13.39000 3213 56.7962
13.40000 3117 55.9017
13.41000 3059 55.0482
13.42000 3029 55.0482
13.43000 3052 55.0482
13.44000 3099 55.9017
13.45000 3062 55.0482
13.46000 3026 55.0482
13.47000 3032 55.0482
13.48000 3108 55.9017
13.49000 3064 55.0482
13.50000 3153 55.9017
13.51000 3172 55.9017
13.52000 3371 57.735
13.53000 3326 57.735
13.54000 3398 58.722
13.55000 3496 58.722
13.56000 3655 60.8581
13.57000 3894 62.0174
13.58000 3995 63.2456
13.59000 4197 64.5497
13.60000 4339 65.938
13.61000 4718 69.0066
13.62000 4949 70.7107
13.63000 4991 70.7107
13.64000 5383 72.5476
13.65000 5651 74.5356
13.66000 5853 76.6965
13.67000 6134 79.0569
13.68000 6422 79.0569
13.69000 6822 81.6497
13.70000 7350 84.5154
13.71000 7558 87.7058
13.72000 8008 91.2871
13.73000 8474 91.2871
13.74000 8805 95.3463
13.75000 9368 95.3463
13.76000 9699 100
13.77000 9809 100
13.78000 9910 100
13.79000 10306 100
13.80000 9973 100
13.81000 9849 100
13.82000 9384 95.3463
13.83000 8498 91.2871
13.84000 8099 91.2871
13.85000 7621 87.7058
13.86000 6768 81.6497
13.87000 6333 79.0569
13.88000 5859 76.6965
13.89000 5311 72.5476
13.90000 5066 70.7107
13.91000 4819 69.0066
13.92000 4674 69.0066
13.93000 4402 65.938
13.94000 4359 65.938
13.95000 4334 65.938
13.96000 4255 64.5497
13.97000 4467 67.42
13.98000 4616 67.42
13.99000 4744 69.0066
14.00000 5041 70.7107
14.01000 5518 74.5356
14.02000 5828 76.6965
14.03000 6027 76.6965
14.04000 6528 81.6497
14.05000 7251 84.5154
14.06000 7572 87.7058
14.07000 8097 91.2871
14.08000 8591 91.2871
14.09000 9331 95.3463
14.10000 9683 100
14.11000 9950 100
14.12000 10226 100
14.13000 10017 100
14.14000 9896 100
14.15000 9456 95.3463
14.16000 8781 95.3463
14.17000 8051 91.2871
14.18000 7454 87.7058
14.19000 6695 81.6497
14.20000 5829 76.6965
14.21000 5325 72.5476
14.22000 4643 67.42
14.23000 4097 64.5497
14.24000 3854 62.0174
14.25000 3562 59.7614
14.26000 3364 57.735
14.27000 3167 55.9017
14.28000 3130 55.9017
14.29000 3124 55.9017
14.30000 2858 53.4522
14.31000 2807 52.7046
14.32000 2911 54.2326
14.33000 2678 51.9875
14.34000 2691 51.9875
14.35000 2762 52.7046
14.36000 2630 51.2989
14.37000 2602 51.2989
14.38000 2758 52.7046
14.39000 2768 52.7046
14.40000 2675 51.9875
14.41000 2681 51.9875
14.42000 2735 51.9875
14.43000 2723 51.9875
14.44000 2689 51.9875
14.45000 2688 51.9875
14.46000 2716 51.9875
14.47000 2739 51.9875
14.48000 2687 51.9875
14.49000 2658 51.2989
14.50000 2624 51.2989
14.51000 2681 51.9875
14.52000 2744 52.7046
14.53000 2689 51.9875
14.54000 2681 51.9875
14.55000 2726 51.9875
14.56000 2675 51.9875
14.57000 2626 51.2989
14.58000 2704 51.9875
14.59000 2658 51.2989
14.60000 2628 51.2989
14.61000 2663 51.2989
14.62000 2665 51.2989
14.63000 2719 51.9875
14.64000 2781 52.7046
14.65000 2744 52.7046
14.66000 2752 52.7046
14.67000 2762 52.7046
14.68000 2791 52.7046
14.69000 2811 52.7046
14.70000 2834 53.4522
14.71000 2829 53.4522
14.72000 2823 53.4522
14.73000 2892 53.4522
14.74000 2939 54.2326
14.75000 2984 54.2326
14.76000 3015 55.0482
14.77000 3030 55.0482
14.78000 3158 55.9017
14.79000 3286 57.735
14.80000 3322 57.735
14.81000 3426 58.722
14.82000 3592 59.7614
14.83000 3625 59.7614
14.84000 3870 62.0174
14.85000 3865 62.0174
14.86000 4050 63.2456
14.87000 4142 64.5497
14.88000 4407 65.938
14.89000 4446 67.42
14.90000 4771 69.0066
14.91000 4794 69.0066
14.92000 4907 70.7107
14.93000 4871 69.0066
14.94000 5122 70.7107
14.95000 5355 72.5476
14.96000 5267 72.5476
14.97000 5495 74.5356
14.98000 5718 76.6965
14.99000 6100 79.0569
15.00000 6212 79.0569
15.01000 6614 81.6497
15.02000 7093 84.5154
15.03000 7641 87.7058
15.04000 8203 91.2871
15.05000 8850 95.3463
15.06000 9482 95.3463
15.07000 10159 100
15.08000 10866 105.409
15.09000 11762 105.409
15.10000 12376 111.803
15.11000 12962 111.803
15.12000 14008 119.523
15.13000 14621 119.523
15.14000 15581 129.099
15.15000 16235 129.099
15.16000 16954 129.099
15.17000 17665 129.099
15.18000 18476 141.421
15.19000 19048 141.421
15.20000 18942 141.421
15.21000 19130 141.421
15.22000 18803 141.421
15.23000 17594 129.099
15.24000 16813 129.099
15.25000 15719 129.099
15.26000 14195 119.523
15.27000 12864 111.803
15.28000 11462 105.409
15.29000 10516 100
15.30000 9350 95.3463
15.31000 8399 91.2871
15.32000 8148 91.2871
15.33000 7388 84.5154
15.34000 6853 81.6497
15.35000 6743 81.6497
15.36000 6567 81.6497
15.37000 6483 81.6497
15.38000 6592 81.6497
15.39000 6704 81.6497
15.40000 6537 81.6497
15.41000 6756 81.6497
15.42000 6630 81.6497
15.43000 6585 81.6497
15.44000 6540 81.6497
15.45000 6684 81.6497
15.46000 6585 81.6497
15.47000 6565 81.6497
15.48000 6695 81.6497
15.49000 6724 81.6497
15.50000 6809 81.6497
15.51000 6995 84.5154
15.52000 7223 84.5154
15.53000 7110 84.5154
15.54000 7217 84.5154
15.55000 7232 84.5154
15.56000 6886 81.6497
15.57000 6711 81.6497
15.58000 6425 79.0569
15.59000 6039 76.6965
15.60000 5577 74.5356
15.61000 5253 72.5476
15.62000 4731 69.0066
15.63000 4390 65.938
15.64000 4172 64.5497
15.65000 3862 62.0174
15.66000 3571 59.7614
15.67000 3468 58.722
15.68000 3318 57.735
15.69000 3034 55.0482
15.70000 3037 55.0482
15.71000 2861 53.4522
15.72000 2828 53.4522
15.73000 2787 52.7046
15.74000 2777 52.7046
15.75000 2745 52.7046
15.76000 2634 51.2989
15.77000 2632 51.2989
15.78000 2675 51.9875
15.79000 2620 51.2989
15.80000 2659 51.2989
15.81000 2676 51.9875
15.82000 2608 51.2989
15.83000 2611 51.2989
15.84000 2665 51.2989
15.85000 2590 50.637
15.86000 2634 51.2989
15.87000 2629 51.2989
15.88000 2673 51.9875
15.89000 2628 51.2989
15.90000 2596 50.637
15.91000 2609 51.2989
15.92000 2647 51.2989
15.93000 2578 50.637
15.94000 2669 51.9875
15.95000 2716 51.9875
15.96000 2606 51.2989
15.97000 2600 51.2989
15.98000 2633 51.2989
15.99000 2687 51.9875
16.00000 2606 51.2989
16.01000 2574 50.637
16.02000 2712 51.9875
16.03000 2655 51.2989
16.04000 2633 51.2989
16.05000 2691 51.9875
16.06000 2665 51.2989
16.07000 2634 51.2989
16.08000 2709 51.9875
16.09000 2620 51.2989
16.10000 2724 51.9875
16.11000 2678 51.9875
16.12000 2744 52.7046
16.13000 2655 51.2989
16.14000 2826 53.4522
16.15000 2673 51.9875
16.16000 2661 51.2989
16.17000 2711 51.9875
16.18000 2711 51.9875
16.19000 2786 52.7046
16.20000 2750 52.7046
16.21000 2754 52.7046
16.22000 2847 53.4522
16.23000 2722 51.9875
16.24000 2839 53.4522
16.25000 2821 53.4522
16.26000 2970 54.2326
16.27000 2967 54.2326
16.28000 3051 55.0482
16.29000 3117 55.9017
16.30000 3125 55.9017
16.31000 3277 56.7962
16.32000 3491 58.722
16.33000 3316 57.735
16.34000 3525 59.7614
16.35000 3653 60.8581
16.36000 3883 62.0174
16.37000 3858 62.0174
16.38000 4138 64.5497
16.39000 4510 67.42
16.40000 4656 69.0066
16.41000 5068 70.7107
16.42000 5574 74.5356
16.43000 5640 74.5356
16.44000 6245 79.0569
16.45000 6752 81.6497
16.46000 7119 84.5154
16.47000 7671 87.7058
16.48000 8134 91.2871
16.49000 8725 95.3463
16.50000 9095 95.3463
16.51000 9428 95.3463
16.52000 9688 100
16.53000 9762 100
16.54000 9838 100
16.55000 9826 100
16.56000 9320 95.3463
16.57000 8978 95.3463
16.58000 8714 95.3463
16.59000 8149 91.2871
16.60000 7322 84.5154
16.61000 6784 81.6497
16.62000 6328 79.0569
16.63000 5730 76.6965
16.64000 5246 72.5476
16.65000 4990 70.7107
16.66000 4654 69.0066
16.67000 4418 65.938
16.68000 4197 64.5497
16.69000 4079 63.2456
16.70000 3942 63.2456
16.71000 3877 62.0174
16.72000 3950 63.2456
16.73000 3953 63.2456
16.74000 4082 64.5497
16.75000 4225 64.5497
16.76000 4418 65.938
16.77000 4671 69.0066
16.78000 4917 70.7107
16.79000 5249 72.5476
16.80000 5804 76.6965
16.81000 6180 79.0569
16.82000 6871 81.6497
16.83000 7312 84.5154
16.84000 7990 87.7058
16.85000 8848 95.3463
16.86000 9551 100
16.87000 10298 100
16.88000 11294 105.409
16.89000 12037 111.803
16.90000 13083 111.803
16.91000 13561 119.523
16.92000 14501 119.523
16.93000 14770 119.523
16.94000 15160 119.523
16.95000 15693 129.099
16.96000 15058 119.523
16.97000 14817 119.523
16.98000 13980 119.523
16.99000 13228 111.803
17.00000 12245 111.803
17.01000 11389 105.409
17.02000 10214 100
17.03000 9192 95.3463
17.04000 8383 91.2871
17.05000 7465 87.7058
17.06000 7010 84.5154
17.07000 6374 79.0569
17.08000 5885 76.6965
17.09000 5565 74.5356
17.10000 5281 72.5476
17.11000 5191 72.5476
17.12000 5291 72.5476
17.13000 5192 72.5476
17.14000 5441 74.5356
17.15000 5705 74.5356
17.16000 5858 76.6965
17.17000 6215 79.0569
17.18000 6771 81.6497
17.19000 7359 84.5154
17.20000 8171 91.2871
17.21000 9167 95.3463
17.22000 10004 100
17.23000 10708 105.409
17.24000 11727 105.409
17.25000 12928 111.803
17.26000 14137 119.523
17.27000 15456 129.099
17.28000 16488 129.099
17.29000 17386 129.099
17.30000 18513 141.421
17.31000 19055 141.421
17.32000 19288 141.421
17.33000 19219 141.421
17.34000 18715 141.421
17.35000 17990 129.099
17.36000 16932 129.099
17.37000 15505 129.099
17.38000 14262 119.523
17.39000 13097 111.803
17.40000 11647 105.409
17.41000 10499 100
17.42000 9471 95.3463
17.43000 8430 91.2871
17.44000 8002 91.2871
17.45000 7715 87.7058
17.46000 7345 84.5154
17.47000 7131 84.5154
17.48000 7076 84.5154
17.49000 7179 84.5154
17.50000 7304 84.5154
17.51000 7478 87.7058
17.52000 7790 87.7058
17.53000 8140 91.2871
17.54000 8469 91.2871
17.55000 8666 91.2871
17.56000 8652 91.2871
17.57000 8823 95.3463
17.58000 8844 95.3463
17.59000 8802 95.3463
17.60000 8286 91.2871
17.61000 8234 91.2871
17.62000 7738 87.7058
17.63000 7241 84.5154
17.64000 6755 81.6497
17.65000 6354 79.0569
17.66000 5890 76.6965
17.67000 5586 74.5356
17.68000 5123 70.7107
17.69000 4780 69.0066
17.70000 4467 67.42
17.71000 4339 65.938
17.72000 4108 64.5497
17.73000 3854 62.0174
17.74000 3851 62.0174
17.75000 3723 60.8581
17.76000 3598 59.7614
17.77000 3665 60.8581
17.78000 3694 60.8581
17.79000 3638 60.8581
17.80000 3729 60.8581
17.81000 3759 60.8581
17.82000 3809 62.0174
17.83000 3858 62.0174
17.84000 3893 62.0174
17.85000 3955 63.2456
17.86000 3965 63.2456
17.87000 3953 63.2456
17.88000 3998 63.2456
17.89000 3970 63.2456
17.90000 3852 62.0174
17.91000 3839 62.0174
17.92000 3882 62.0174
17.93000 4023 63.2456
17.94000 4131 64.5497
17.95000 4261 65.938
17.96000 4170 64.5497
17.97000 4463 67.42
17.98000 4693 69.0066
17.99000 4877 69.0066
18.00000 5200 72.5476
18.01000 5466 74.5356
18.02000 6010 76.6965
18.03000 6262 79.0569
18.04000 6781 81.6497
18.05000 7225 84.5154
18.06000 7667 87.7058
18.07000 8347 91.2871
18.08000 8680 91.2871
18.09000 9113 95.3463
18.10000 9660 100
18.11000 9953 100
18.12000 10060 100
18.13000 9858 100
18.14000 10072 100
18.15000 9855 100
18.16000 9290 95.3463
18.17000 8967 95.3463
18.18000 8510 91.2871
18.19000 7991 87.7058
18.20000 7392 84.5154
18.21000 7036 84.5154
18.22000 6710 81.6497
18.23000 6138 79.0569
18.24000 6027 76.6965
18.25000 6004 76.6965
18.26000 6048 76.6965
18.27000 6040 76.6965
18.28000 6090 79.0569
18.29000 6292 79.0569
18.30000 6599 81.6497
18.31000 7154 84.5154
18.32000 7298 84.5154
18.33000 7762 87.7058
18.34000 8139 91.2871
18.35000 8656 91.2871
18.36000 8750 95.3463
18.37000 9024 95.3463
18.38000 9202 95.3463
18.39000 9362 95.3463
18.40000 9077 95.3463
18.41000 8804 95.3463
18.42000 8545 91.2871
18.43000 7933 87.7058
18.44000 7620 87.7058
18.45000 6926 84.5154
18.46000 6206 79.0569
18.47000 5946 76.6965
18.48000 5359 72.5476
18.49000 5070 70.7107
18.50000 4589 67.42
18.51000 4289 65.938
18.52000 4066 63.2456
18.53000 3764 60.8581
18.54000 3646 60.8581
18.55000 3540 59.7614
18.56000 3361 57.735
18.57000 3218 56.7962
18.58000 3225 56.7962
18.59000 3152 55.9017
18.60000 3011 55.0482
18.61000 3117 55.9017
18.62000 3061 55.0482
18.63000 3067 55.0482
18.64000 2977 54.2326
18.65000 3124 55.9017
18.66000 3068 55.0482
18.67000 3062 55.0482
18.68000 3031 55.0482
18.69000 3030 55.0482
18.70000 3115 55.9017
18.71000 3051 55.0482
18.72000 3097 55.9017
18.73000 3047 55.0482
18.74000 3069 55.0482
18.75000 3027 55.0482
18.76000 3091 55.9017
18.77000 3162 55.9017
18.78000 3239 56.7962
18.79000 3335 57.735
18.80000 3435 58.722
18.81000 3407 58.722
18.82000 3590 59.7614
18.83000 3587 59.7614
18.84000 3933 63.2456
18.85000 3997 63.2456
18.86000 4092 64.5497
18.87000 4305 65.938
18.88000 4726 69.0066
18.89000 4989 70.7107
18.90000 5355 72.5476
18.91000 5798 76.6965
18.92000 6370 79.0569
18.93000 6789 81.6497
18.94000 7513 87.7058
18.95000 8281 91.2871
18.96000 8980 95.3463
18.97000 9879 100
18.98000 11090 105.409
18.99000 12287 111.803
19.00000 13689 119.523
19.01000 15016 119.523
19.02000 16389 129.099
19.03000 17364 129.099
19.04000 18744 141.421
19.05000 19747 141.421
19.06000 20495 141.421
19.07000 21081 141.421
19.08000 21053 141.421
19.09000 21174 141.421
19.10000 20569 141.421
19.11000 19688 141.421
19.12000 18788 141.421
19.13000 17107 129.099
19.14000 15808 129.099
19.15000 14219 119.523
19.16000 12649 111.803
19.17000 11232 105.409
19.18000 9983 100
19.19000 8790 95.3463
19.20000 7393 84.5154
19.21000 6625 81.6497
19.22000 5875 76.6965
19.23000 5141 72.5476
19.24000 4728 69.0066
19.25000 4433 65.938
19.26000 4151 64.5497
19.27000 3913 62.0174
19.28000 3685 60.8581
19.29000 3568 59.7614
19.30000 3405 58.722
19.31000 3274 56.7962
19.32000 3299 57.735
19.33000 3161 55.9017
19.34000 3157 55.9017
19.35000 3127 55.9017
19.36000 3012 55.0482
19.37000 3132 55.9017
19.38000 3134 55.9017
19.39000 2954 54.2326
19.40000 2776 52.7046
19.41000 2948 54.2326
19.42000 2925 54.2326
19.43000 2826 53.4522
19.44000 3037 55.0482
19.45000 2991 55.0482
19.46000 2861 53.4522
19.47000 2898 53.4522
19.48000 2916 54.2326
19.49000 2963 54.2326
19.50000 2937 54.2326
19.51000 2940 54.2326
19.52000 2968 54.2326
19.53000 2867 53.4522
19.54000 2900 54.2326
19.55000 2947 54.2326
19.56000 2866 53.4522
19.57000 2965 54.2326
19.58000 2944 54.2326
19.59000 3026 55.0482
19.60000 2991 55.0482
19.61000 2972 54.2326
19.62000 3076 55.0482
19.63000 2983 54.2326
19.64000 3100 55.9017
19.65000 3171 55.9017
19.66000 3195 56.7962
19.67000 3236 56.7962
19.68000 3304 57.735
19.69000 3454 58.722
19.70000 3512 59.7614
19.71000 3584 59.7614
19.72000 3838 62.0174
19.73000 3907 62.0174
19.74000 4091 64.5497
19.75000 4326 65.938
19.76000 4425 65.938
19.77000 4800 69.0066
19.78000 4871 69.0066
19.79000 5534 74.5356
19.80000 5587 74.5356
19.81000 5959 76.6965
19.82000 6470 81.6497
19.83000 6584 81.6497
19.84000 7008 84.5154
19.85000 7282 84.5154
19.86000 7701 87.7058
19.87000 7856 87.7058
19.88000 8149 91.2871
19.89000 8448 91.2871
19.90000 8459 91.2871
19.91000 8483 91.2871
19.92000 8508 91.2871
19.93000 8480 91.2871
19.94000 8464 91.2871
19.95000 8029 91.2871
19.96000 7687 87.7058
19.97000 7315 84.5154
19.98000 6973 84.5154
19.99000 6659 81.6497
20.00000 6110 79.0569
20.01000 5690 74.5356
20.02000 5415 74.5356
20.03000 4814 69.0066
20.04000 4705 69.0066
20.05000 4525 67.42
20.06000 4262 65.938
20.07000 4058 63.2456
20.08000 3850 62.0174
20.09000 3741 60.8581
20.10000 3641 60.8581
20.11000 3467 58.722
20.12000 3587 59.7614
20.13000 3484 58.722
20.14000 3477 58.722
20.15000 3629 59.7614
20.16000 3654 60.8581
20.17000 3445 58.722
20.18000 3478 58.722
20.19000 3575 59.7614
20.20000 3585 59.7614
20.21000 3682 60.8581
20.22000 3895 62.0174
20.23000 3869 62.0174
20.24000 4005 63.2456
20.25000 4012 63.2456
20.26000 4062 63.2456
20.27000 4200 64.5497
20.28000 4093 64.5497
20.29000 4233 64.5497
20.30000 4223 64.5497
20.31000 4299 65.938
20.32000 4367 65.938
20.33000 4464 67.42
20.34000 4514 67.42
20.35000 4837 69.0066
20.36000 4997 70.7107
20.37000 5299 72.5476
20.38000 5571 74.5356
20.39000 5874 76.6965
20.40000 6171 79.0569
20.41000 6865 81.6497
20.42000 7309 84.5154
20.43000 7744 87.7058
20.44000 8611 91.2871
20.45000 9268 95.3463
20.46000 9704 100
20.47000 10301 100
20.48000 10658 105.409
20.49000 11012 105.409
20.50000 11013 105.409
20.51000 10929 105.409
20.52000 10956 105.409
20.53000 10545 105.409
20.54000 10288 100
20.55000 9819 100
20.56000 9121 95.3463
20.57000 8495 91.2871
20.58000 7872 87.7058
20.59000 7430 87.7058
20.60000 6789 81.6497
20.61000 6406 79.0569
20.62000 5746 76.6965
20.63000 5371 72.5476
20.64000 5219 72.5476
20.65000 4753 69.0066
20.66000 4465 67.42
20.67000 4300 65.938
20.68000 3936 63.2456
20.69000 3789 62.0174
20.70000 3642 60.8581
20.71000 3581 59.7614
20.72000 3473 58.722
20.73000 3274 56.7962
20.74000 3404 58.722
20.75000 3360 57.735
20.76000 3332 57.735
20.77000 3195 56.7962
20.78000 3283 57.735
20.79000 3184 56.7962
20.80000 3244 56.7962
20.81000 3390 58.722
20.82000 3446 58.722
20.83000 3308 57.735
20.84000 3321 57.735
20.85000 3352 57.735
20.86000 3302 57.735
20.87000 3222 56.7962
20.88000 3244 56.7962
20.89000 3160 55.9017
20.90000 3184 56.7962
20.91000 3148 55.9017
20.92000 3109 55.9017
20.93000 3030 55.0482
20.94000 3178 56.7962
20.95000 3157 55.9017
20.96000 3163 55.9017
20.97000 3062 55.0482
20.98000 3147 55.9017
20.99000 3237 56.7962
21.00000 3265 56.7962
21.01000 3377 57.735
21.02000 3333 57.735
21.03000 3300 57.735
21.04000 3312 57.735
21.05000 3356 57.735
21.06000 3487 58.722
21.07000 3453 58.722
21.08000 3332 57.735
21.09000 3238 56.7962
21.10000 3323 57.735
21.11000 3195 56.7962
21.12000 3251 56.7962
21.13000 3237 56.7962
21.14000 3272 56.7962
21.15000 3329 57.735
21.16000 3207 56.7962
21.17000 3281 57.735
21.18000 3299 57.735
21.19000 3269 56.7962
21.20000 3290 57.735
21.21000 3492 58.722
21.22000 3534 59.7614
21.23000 3564 59.7614
21.24000 3681 60.8581
21.25000 3836 62.0174
21.26000 4038 63.2456
21.27000 4100 64.5497
21.28000 4393 65.938
21.29000 4454 67.42
21.30000 4683 69.0066
21.31000 4717 69.0066
21.32000 4974 70.7107
21.33000 5210 72.5476
21.34000 5464 74.5356
21.35000 5638 74.5356
21.36000 5606 74.5356
21.37000 5455 74.5356
21.38000 5687 74.5356
21.39000 5735 76.6965
21.40000 5384 72.5476
21.41000 5375 72.5476
21.42000 5294 72.5476
21.43000 5133 72.5476
21.44000 5003 70.7107
21.45000 4707 69.0066
21.46000 4699 69.0066
21.47000 4714 69.0066
21.48000 4726 69.0066
21.49000 4792 69.0066
21.50000 4683 69.0066
21.51000 4736 69.0066
21.52000 4959 70.7107
21.53000 4985 70.7107
21.54000 4971 70.7107
21.55000 5058 70.7107
21.56000 4876 69.0066
21.57000 5049 70.7107
21.58000 5166 72.5476
21.59000 5072 70.7107
21.60000 4979 70.7107
21.61000 4868 69.0066
21.62000 4822 69.0066
21.63000 4509 67.42
21.64000 4394 65.938
21.65000 4354 65.938
21.66000 4285 65.938
21.67000 4122 64.5497
21.68000 4009 63.2456
21.69000 3905 62.0174
21.70000 3910 62.0174
21.71000 3881 62.0174
21.72000 3914 62.0174
21.73000 3897 62.0174
21.74000 3988 63.2456
21.75000 3886 62.0174
21.76000 4073 63.2456
21.77000 4012 63.2456
21.78000 4231 64.5497
21.79000 4189 64.5497
21.80000 4163 64.5497
21.81000 4376 65.938
21.82000 4374 65.938
21.83000 4350 65.938
21.84000 4382 65.938
21.85000 4229 64.5497
21.86000 4113 64.5497
21.87000 4089 64.5497
21.88000 3940 63.2456
21.89000 3821 62.0174
21.90000 3722 60.8581
21.91000 3591 59.7614
21.92000 3473 58.722
21.93000 3373 57.735
21.94000 3312 57.735
21.95000 3316 57.735
21.96000 3325 57.735
21.97000 3274 56.7962
21.98000 3302 57.735
21.99000 3454 58.722
22.00000 3434 58.722
22.01000 3510 59.7614
22.02000 3590 59.7614
22.03000 3685 60.8581
22.04000 3754 60.8581
22.05000 4115 64.5497
22.06000 4202 64.5497
22.07000 4302 65.938
22.08000 4559 67.42
22.09000 4937 70.7107
22.10000 5242 72.5476
22.11000 5591 74.5356
22.12000 6108 79.0569
22.13000 6477 81.6497
22.14000 6955 84.5154
22.15000 7654 87.7058
22.16000 8190 91.2871
22.17000 8705 95.3463
22.18000 9387 95.3463
22.19000 9824 100
22.20000 10331 100
22.21000 11003 105.409
22.22000 11465 105.409
22.23000 11529 105.409
22.24000 11755 105.409
22.25000 11689 105.409
22.26000 11554 105.409
22.27000 11340 105.409
22.28000 10896 105.409
22.29000 10668 105.409
22.30000 10265 100
22.31000 9598 100
22.32000 9216 95.3463
22.33000 8588 91.2871
22.34000 8097 91.2871
22.35000 7715 87.7058
22.36000 7178 84.5154
22.37000 6759 81.6497
22.38000 6485 81.6497
22.39000 6015 76.6965
22.40000 5453 74.5356
22.41000 5115 70.7107
22.42000 4879 70.7107
22.43000 4460 67.42
22.44000 4269 65.938
22.45000 4044 63.2456
22.46000 3898 62.0174
22.47000 3725 60.8581
22.48000 3594 59.7614
22.49000 3452 58.722
22.50000 3351 57.735
22.51000 3309 57.735
22.52000 3299 57.735
22.53000 3071 55.0482
22.54000 3103 55.9017
22.55000 3078 55.9017
22.56000 2947 54.2326
22.57000 3000 55.0482
22.58000 2896 53.4522
22.59000 3038 55.0482
22.60000 2975 54.2326
22.61000 2990 55.0482
22.62000 2992 55.0482
22.63000 2991 55.0482
22.64000 2961 54.2326
22.65000 3095 55.9017
22.66000 3065 55.0482
22.67000 3183 56.7962
22.68000 3194 56.7962
22.69000 3206 56.7962
22.70000 3258 56.7962
22.71000 3256 56.7962
22.72000 3378 57.735
22.73000 3283 57.735
22.74000 3406 58.722
22.75000 3446 58.722
22.76000 3441 58.722
22.77000 3406 58.722
22.78000 3512 59.7614
22.79000 3632 59.7614
22.80000 3592 59.7614
22.81000 3601 59.7614
22.82000 3572 59.7614
22.83000 3641 60.8581
22.84000 3536 59.7614
22.85000 3601 59.7614
22.86000 3675 60.8581
22.87000 3621 59.7614
22.88000 3616 59.7614
22.89000 3605 59.7614
22.90000 3683 60.8581
22.91000 3732 60.8581
22.92000 3620 59.7614
22.93000 3635 59.7614
22.94000 3657 60.8581
22.95000 3560 59.7614
22.96000 3618 59.7614
22.97000 3512 59.7614
22.98000 3663 60.8581
22.99000 3751 60.8581
23.00000 3607 59.7614
23.01000 3781 62.0174
23.02000 3803 62.0174
23.03000 3785 62.0174
23.04000 3979 63.2456
23.05000 4202 64.5497
23.06000 4298 65.938
23.07000 4349 65.938
23.08000 4548 67.42
23.09000 4738 69.0066
23.10000 4939 70.7107
23.11000 5162 72.5476
23.12000 5430 74.5356
23.13000 5532 74.5356
23.14000 5866 76.6965
23.15000 6152 79.0569
23.16000 6197 79.0569
23.17000 6261 79.0569
23.18000 6774 81.6497
23.19000 7098 84.5154
23.20000 7209 84.5154
23.21000 7418 87.7058
23.22000 7641 87.7058
23.23000 7707 87.7058
23.24000 7749 87.7058
23.25000 7753 87.7058
23.26000 7803 87.7058
23.27000 7720 87.7058
23.28000 7393 84.5154
23.29000 7291 84.5154
23.30000 6965 84.5154
23.31000 6554 81.6497
23.32000 6254 79.0569
23.33000 5760 76.6965
23.34000 5446 74.5356
23.35000 5143 72.5476
23.36000 5000 70.7107
23.37000 4549 67.42
23.38000 4373 65.938
23.39000 4139 64.5497
23.40000 3781 62.0174
23.41000 3646 60.8581
23.42000 3469 58.722
23.43000 3326 57.735
23.44000 3232 56.7962
23.45000 3157 55.9017
23.46000 3030 55.0482
23.47000 3002 55.0482
23.48000 2916 54.2326
23.49000 2916 54.2326
23.50000 2802 52.7046
23.51000 2790 52.7046
23.52000 2785 52.7046
23.53000 2660 51.2989
23.54000 2646 51.2989
23.55000 2765 52.7046
23.56000 2622 51.2989
23.57000 2631 51.2989
23.58000 2660 51.2989
23.59000 2699 51.9875
23.60000 2635 51.2989
23.61000 2660 51.2989
23.62000 2685 51.9875
23.63000 2595 50.637
23.64000 2683 51.9875
23.65000 2674 51.9875
23.66000 2661 51.2989
23.67000 2617 51.2989
23.68000 2663 51.2989
23.69000 2620 51.2989
23.70000 2567 50.637
23.71000 2657 51.2989
23.72000 2683 51.9875
23.73000 2627 51.2989
23.74000 2559 50.637
23.75000 2641 51.2989
23.76000 2709 51.9875
23.77000 2679 51.9875
23.78000 2759 52.7046
23.79000 2724 51.9875
23.80000 2758 52.7046
23.81000 2828 53.4522
23.82000 2862 53.4522
23.83000 2826 53.4522
23.84000 2898 53.4522
23.85000 3036 55.0482
23.86000 3066 55.0482
23.87000 3098 55.9017
23.88000 3205 56.7962
23.89000 3326 57.735
23.90000 3379 57.735
23.91000 3412 58.722
23.92000 3525 59.7614
23.93000 3470 58.722
23.94000 3641 60.8581
23.95000 3607 59.7614
23.96000 3519 59.7614
23.97000 3520 59.7614
23.98000 3623 59.7614
23.99000 3703 60.8581
24.00000 3524 59.7614
24.01000 3520 59.7614
24.02000 3508 58.722
24.03000 3389 57.735
24.04000 3382 57.735
24.05000 3374 57.735
24.06000 3317 57.735
24.07000 3222 56.7962
24.08000 3278 56.7962
24.09000 3171 55.9017
24.10000 3123 55.9017
24.11000 3086 55.9017
24.12000 3030 55.0482
24.13000 3015 55.0482
24.14000 2999 55.0482
24.15000 2991 55.0482
24.16000 3060 55.0482
24.17000 3024 55.0482
24.18000 3031 55.0482
24.19000 3015 55.0482
24.20000 3112 55.9017
24.21000 3136 55.9017
24.22000 3180 56.7962
24.23000 3171 55.9017
24.24000 3234 56.7962
24.25000 3270 56.7962
24.26000 3277 56.7962
24.27000 3370 57.735
24.28000 3379 57.735
24.29000 3384 57.735
24.30000 3488 58.722
24.31000 3434 58.722
24.32000 3439 58.722
24.33000 3312 57.735
24.34000 3307 57.735
24.35000 3378 57.735
24.36000 3395 58.722
24.37000 3319 57.735
24.38000 3450 58.722
24.39000 3406 58.722
24.40000 3365 57.735
24.41000 3465 58.722
24.42000 3322 57.735
24.43000 3462 58.722
24.44000 3393 58.722
24.45000 3327 57.735
24.46000 3434 58.722
24.47000 3462 58.722
24.48000 3422 58.722
24.49000 3488 58.722
24.50000 3432 58.722
24.51000 3410 58.722
24.52000 3569 59.7614
24.53000 3444 58.722
24.54000 3593 59.7614
24.55000 3451 58.722
24.56000 3372 57.735
24.57000 3273 56.7962
24.58000 3413 58.722
24.59000 3366 57.735
24.60000 3348 57.735
24.61000 3307 57.735
24.62000 3237 56.7962
24.63000 3226 56.7962
24.64000 3314 57.735
24.65000 3205 56.7962
24.66000 3253 56.7962
24.67000 3186 56.7962
24.68000 3307 57.735
24.69000 3295 57.735
24.70000 3536 59.7614
24.71000 3562 59.7614
24.72000 3805 62.0174
24.73000 3768 60.8581
24.74000 3973 63.2456
24.75000 4091 64.5497
24.76000 4246 64.5497
24.77000 4590 67.42
24.78000 4799 69.0066
24.79000 5079 70.7107
24.80000 5190 72.5476
24.81000 5545 74.5356
24.82000 5776 76.6965
24.83000 5856 76.6965
24.84000 6077 79.0569
24.85000 6302 79.0569
24.86000 6535 81.6497
24.87000 6660 81.6497
24.88000 6765 81.6497
24.89000 6981 84.5154
24.90000 7071 84.5154
24.91000 7062 84.5154
24.92000 7244 84.5154
24.93000 7246 84.5154
24.94000 7133 84.5154
24.95000 7352 84.5154
24.96000 7111 84.5154
24.97000 6851 81.6497
24.98000 6992 84.5154
24.99000 6732 81.6497
25.00000 6506 81.6497
25.01000 6338 79.0569
25.02000 6072 79.0569
25.03000 5772 76.6965
25.04000 5715 76.6965
25.05000 5595 74.5356
25.06000 5520 74.5356
25.07000 5326 72.5476
25.08000 5348 72.5476
25.09000 5380 72.5476
25.10000 5420 74.5356
25.11000 5504 74.5356
25.12000 5624 74.5356
25.13000 5623 74.5356
25.14000 5650 74.5356
25.15000 5752 76.6965
25.16000 5720 76.6965
25.17000 5716 76.6965
25.18000 5692 74.5356
25.19000 5561 74.5356
25.20000 5366 72.5476
25.21000 5203 72.5476
25.22000 5139 72.5476
25.23000 4795 69.0066
25.24000 4616 67.42
25.25000 4602 67.42
25.26000 4415 65.938
25.27000 4277 65.938
25.28000 4135 64.5497
25.29000 4016 63.2456
25.30000 3926 63.2456
25.31000 3987 63.2456
25.32000 3914 62.0174
25.33000 3786 62.0174
25.34000 3741 60.8581
25.35000 3804 62.0174
25.36000 3669 60.8581
25.37000 3627 59.7614
25.38000 3646 60.8581
25.39000 3616 59.7614
25.40000 3517 59.7614
25.41000 3437 58.722
25.42000 3284 57.735
25.43000 3210 56.7962
25.44000 3106 55.9017
25.45000 3084 55.9017
25.46000 2949 54.2326
25.47000 2990 55.0482
25.48000 2778 52.7046
25.49000 2810 52.7046
25.50000 2759 52.7046
25.51000 2701 51.9875
25.52000 2812 52.7046
25.53000 2708 51.9875
25.54000 2737 51.9875
25.55000 2884 53.4522
25.56000 2910 54.2326
25.57000 2788 52.7046
25.58000 2868 53.4522
25.59000 2986 55.0482
25.60000 3004 55.0482
25.61000 3125 55.9017
25.62000 3111 55.9017
25.63000 3062 55.0482
25.64000 3134 55.9017
25.65000 3057 55.0482
25.66000 3032 55.0482
25.67000 2939 54.2326
25.68000 2911 54.2326
25.69000 2791 52.7046
25.70000 2795 52.7046
25.71000 2695 51.9875
25.72000 2588 50.637
25.73000 2634 51.2989
25.74000 2564 50.637
25.75000 2602 51.2989
25.76000 2483 50
25.77000 2454 49.3865
25.78000 2543 50.637
25.79000 2533 50.637
25.80000 2615 51.2989
25.81000 2599 51.2989
25.82000 2724 51.9875
25.83000 2715 51.9875
25.84000 2785 52.7046
25.85000 3001 55.0482
25.86000 3040 55.0482
25.87000 3224 56.7962
25.88000 3456 58.722
25.89000 3660 60.8581
25.90000 3920 62.0174
25.91000 4153 64.5497
25.92000 4300 65.938
25.93000 4423 65.938
25.94000 4697 69.0066
25.95000 5051 70.7107
25.96000 5061 70.7107
25.97000 5257 72.5476
25.98000 5360 72.5476
25.99000 5384 72.5476
26.00000 5381 72.5476
26.01000 5416 74.5356
26.02000 5288 72.5476
26.03000 5021 70.7107
26.04000 5065 70.7107
26.05000 4689 69.0066
26.06000 4459 67.42
26.07000 4208 64.5497
26.08000 3945 63.2456
26.09000 3680 60.8581
26.10000 3562 59.7614
26.11000 3298 57.735
26.12000 3075 55.0482
26.13000 2971 54.2326
26.14000 2750 52.7046
26.15000 2684 51.9875
26.16000 2603 51.2989
26.17000 2560 50.637
26.18000 2498 50
26.19000 2464 49.3865
26.20000 2422 49.3865
26.21000 2412 49.3865
26.22000 2351 48.2243
26.23000 2330 48.2243
26.24000 2346 48.2243
26.25000 2436 49.3865
26.26000 2405 48.795
26.27000 2476 50
26.28000 2415 49.3865
26.29000 2519 50
26.30000 2566 50.637
26.31000 2592 50.637
26.32000 2708 51.9875
26.33000 2719 51.9875
26.34000 2788 52.7046
26.35000 2963 54.2326
26.36000 2982 54.2326
26.37000 3001 55.0482
26.38000 3212 56.7962
26.39000 3360 57.735
26.40000 3473 58.722
26.41000 3754 60.8581
26.42000 3849 62.0174
26.43000 3827 62.0174
26.44000 4082 64.5497
26.45000 4280 65.938
26.46000 4489 67.42
26.47000 4665 69.0066
26.48000 4841 69.0066
26.49000 4893 70.7107
26.50000 4961 70.7107
26.51000 5079 70.7107
26.52000 5088 70.7107
26.53000 5030 70.7107
26.54000 5106 70.7107
26.55000 4972 70.7107
26.56000 4761 69.0066
26.57000 4599 67.42
26.58000 4495 67.42
26.59000 4282 65.938
26.60000 3934 63.2456
26.61000 3899 62.0174
26.62000 3604 59.7614
26.63000 3433 58.722
26.64000 3268 56.7962
26.65000 3206 56.7962
26.66000 3010 55.0482
26.67000 2988 55.0482
26.68000 2789 52.7046
26.69000 2773 52.7046
26.70000 2747 52.7046
26.71000 2629 51.2989
26.72000 2607 51.2989
26.73000 2598 51.2989
26.74000 2439 49.3865
26.75000 2363 48.795
26.76000 2439 49.3865
26.77000 2394 48.795
26.78000 2397 48.795
26.79000 2367 48.795
26.80000 2348 48.2243
26.81000 2398 48.795
26.82000 2424 49.3865
26.83000 2314 48.2243
26.84000 2360 48.795
26.85000 2348 48.2243
26.86000 2360 48.795
26.87000 2259 47.6731
26.88000 2321 48.2243
26.89000 2432 49.3865
26.90000 2394 48.795
26.91000 2321 48.2243
26.92000 2317 48.2243
26.93000 2262 47.6731
26.94000 2232 47.1405
26.95000 2421 49.3865
26.96000 2323 48.2243
26.97000 2339 48.2243
26.98000 2374 48.795
26.99000 2530 50
27.00000 2500 50
27.01000 2539 50.637
27.02000 2508 50
27.03000 2460 49.3865
27.04000 2490 50
27.05000 2564 50.637
27.06000 2483 50
27.07000 2522 50
27.08000 2400 48.795
27.09000 2501 50
27.10000 2412 49.3865
27.11000 2357 48.795
27.12000 2343 48.2243
27.13000 2299 48.2243
27.14000 2317 48.2243
27.15000 2332 48.2243
27.16000 2170 46.6252
27.17000 2232 47.1405
27.18000 2296 47.6731
27.19000 2166 46.6252
27.20000 2169 46.6252
27.21000 2123 46.1266
27.22000 2149 46.1266
27.23000 2184 46.6252
27.24000 2193 46.6252
27.25000 2243 47.1405
27.26000 2131 46.1266
27.27000 2091 45.6435
27.28000 2137 46.1266
27.29000 2106 46.1266
27.30000 2161 46.6252
27.31000 2113 46.1266
27.32000 2138 46.1266
27.33000 2145 46.1266
27.34000 2173 46.6252
27.35000 2179 46.6252
27.36000 2217 47.1405
27.37000 2214 47.1405
27.38000 2134 46.1266
27.39000 2212 47.1405
27.40000 2193 46.6252
27.41000 2219 47.1405
27.42000 2274 47.6731
27.43000 2310 48.2243
27.44000 2337 48.2243
27.45000 2452 49.3865
27.46000 2358 48.795
27.47000 2428 49.3865
27.48000 2406 48.795
27.49000 2431 49.3865
27.50000 2456 49.3865
27.51000 2481 50
27.52000 2527 50
27.53000 2474 50
27.54000 2482 50
27.55000 2582 50.637
27.56000 2551 50.637
27.57000 2522 50
27.58000 2610 51.2989
27.59000 2567 50.637
27.60000 2581 50.637
27.61000 2684 51.9875
27.62000 2626 51.2989
27.63000 2627 51.2989
27.64000 2577 50.637
27.65000 2706 51.9875
27.66000 2713 51.9875
27.67000 2856 53.4522
27.68000 2869 53.4522
27.69000 2980 54.2326
27.70000 3066 55.0482
27.71000 3066 55.0482
27.72000 3247 56.7962
27.73000 3381 57.735
27.74000 3477 58.722
27.75000 3670 60.8581
27.76000 3662 60.8581
27.77000 3815 62.0174
27.78000 3939 63.2456
27.79000 4082 64.5497
27.80000 3968 63.2456
27.81000 4177 64.5497
27.82000 4244 64.5497
27.83000 4240 64.5497
27.84000 4061 63.2456
27.85000 4158 64.5497
27.86000 4005 63.2456
27.87000 3885 62.0174
27.88000 3879 62.0174
27.89000 3701 60.8581
27.90000 3527 59.7614
27.91000 3295 57.735
27.92000 3205 56.7962
27.93000 3111 55.9017
27.94000 2888 53.4522
27.95000 2754 52.7046
27.96000 2633 51.2989
27.97000 2538 50.637
27.98000 2487 50
27.99000 2470 50
28.00000 2314 48.2243
28.01000 2254 47.6731
28.02000 2258 47.6731
28.03000 2227 47.1405
28.04000 2152 46.6252
28.05000 2176 46.6252
28.06000 2164 46.6252
28.07000 2220 47.1405
28.08000 2141 46.1266
28.09000 2152 46.6252
28.10000 2155 46.6252
28.11000 2111 46.1266
28.12000 2132 46.1266
28.13000 2096 45.6435
28.14000 2144 46.1266
28.15000 2177 46.6252
28.16000 2145 46.1266
28.17000 2260 47.6731
28.18000 2311 48.2243
28.19000 2339 48.2243
28.20000 2367 48.795
28.21000 2409 48.795
28.22000 2480 50
28.23000 2412 49.3865
28.24000 2604 51.2989
28.25000 2674 51.9875
28.26000 2701 51.9875
28.27000 2780 52.7046
28.28000 2796 52.7046
28.29000 2959 54.2326
28.30000 3021 55.0482
28.31000 3037 55.0482
28.32000 3194 56.7962
28.33000 3228 56.7962
28.34000 3327 57.735
28.35000 3455 58.722
28.36000 3563 59.7614
28.37000 3526 59.7614
28.38000 3840 62.0174
28.39000 3857 62.0174
28.40000 3883 62.0174
28.41000 4084 64.5497
28.42000 4168 64.5497
28.43000 4312 65.938
28.44000 4415 65.938
28.45000 4437 65.938
28.46000 4681 69.0066
28.47000 4678 69.0066
28.48000 4846 69.0066
28.49000 4852 69.0066
28.50000 4833 69.0066
28.51000 4849 69.0066
28.52000 4764 69.0066
28.53000 4587 67.42
28.54000 4689 69.0066
28.55000 4428 65.938
28.56000 4344 65.938
28.57000 4216 64.5497
28.58000 4164 64.5497
28.59000 4189 64.5497
28.60000 3936 63.2456
28.61000 4124 64.5497
28.62000 4022 63.2456
28.63000 3986 63.2456
28.64000 3928 63.2456
28.65000 3903 62.0174
28.66000 3819 62.0174
28.67000 3839 62.0174
28.68000 3860 62.0174
28.69000 3753 60.8581
28.70000 3729 60.8581
28.71000 3732 60.8581
28.72000 3783 62.0174
28.73000 3734 60.8581
28.74000 3817 62.0174
28.75000 3744 60.8581
28.76000 3755 60.8581
28.77000 3744 60.8581
28.78000 3790 62.0174
28.79000 3860 62.0174
28.80000 3810 62.0174
28.81000 3783 62.0174
28.82000 3919 62.0174
28.83000 3803 62.0174
28.84000 3760 60.8581
28.85000 3750 60.8581
28.86000 3582 59.7614
28.87000 3721 60.8581
28.88000 3496 58.722
28.89000 3491 58.722
28.90000 3341 57.735
28.91000 3380 57.735
28.92000 3215 56.7962
28.93000 3176 56.7962
28.94000 3186 56.7962
28.95000 3158 55.9017
28.96000 3132 55.9017
28.97000 3200 56.7962
28.98000 3256 56.7962
28.99000 3201 56.7962
29.00000 3119 55.9017
29.01000 3190 56.7962
29.02000 3167 55.9017
29.03000 3079 55.9017
29.04000 3232 56.7962
29.05000 3214 56.7962
29.06000 3185 56.7962
29.07000 3137 55.9017
29.08000 3095 55.9017
29.09000 3052 55.0482
29.10000 3017 55.0482
29.11000 2975 54.2326
29.12000 2932 54.2326
29.13000 2891 53.4522
29.14000 2948 54.2326
29.15000 2960 54.2326
29.16000 2851 53.4522
29.17000 2863 53.4522
29.18000 2965 54.2326
29.19000 3065 55.0482
29.20000 3157 55.9017
29.21000 3236 56.7962
29.22000 3383 57.735
29.23000 3486 58.722
29.24000 3575 59.7614
29.25000 3884 62.0174
29.26000 3975 63.2456
29.27000 4119 64.5497
29.28000 4182 64.5497
29.29000 4401 65.938
29.30000 4538 67.42
29.31000 4526 67.42
29.32000 4613 67.42
29.33000 4467 67.42
29.34000 4493 67.42
29.35000 4563 67.42
29.36000 4348 65.938
29.37000 4257 65.938
29.38000 4110 64.5497
29.39000 4109 64.5497
29.40000 3861 62.0174
29.41000 3612 59.7614
29.42000 3457 58.722
29.43000 3229 56.7962
29.44000 3119 55.9017
29.45000 2972 54.2326
29.46000 2856 53.4522
29.47000 2701 51.9875
29.48000 2619 51.2989
29.49000 2522 50
29.50000 2372 48.795
29.51000 2316 48.2243
29.52000 2206 47.1405
29.53000 2170 46.6252
29.54000 2207 47.1405
29.55000 2128 46.1266
29.56000 2068 45.6435
29.57000 2067 45.6435
29.58000 2088 45.6435
29.59000 2015 44.7214
29.60000 1979 44.2807
29.61000 1996 44.7214
29.62000 1954 44.2807
29.63000 1903 43.4372
29.64000 1903 43.4372
29.65000 1997 44.7214
29.66000 1958 44.2807
29.67000 2014 44.7214
29.68000 2005 44.7214
29.69000 2027 45.1754
29.70000 2070 45.6435
29.71000 2066 45.6435
29.72000 2030 45.1754
29.73000 2038 45.1754
29.74000 2172 46.6252
29.75000 2290 47.6731
29.76000 2061 45.1754
29.77000 2137 46.1266
29.78000 2109 46.1266
29.79000 2185 46.6252
29.80000 2119 46.1266
29.81000 2200 47.1405
29.82000 2160 46.6252
29.83000 2122 46.1266
29.84000 2176 46.6252
29.85000 2136 46.1266
29.86000 2128 46.1266
29.87000 2171 46.6252
29.88000 2128 46.1266
29.89000 2088 45.6435
29.90000 2013 44.7214
29.91000 2139 46.1266
29.92000 2179 46.6252
29.93000 2122 46.1266
29.94000 2190 46.6252
29.95000 2235 47.1405
29.96000 2233 47.1405
29.97000 2303 48.2243
29.98000 2334 48.2243
29.99000 2482 50
30.00000 2533 50.637
30.01000 2646 51.2989
30.02000 2723 51.9875
30.03000 2832 53.4522
30.04000 2971 54.2326
30.05000 2996 55.0482
30.06000 3172 55.9017
30.07000 3304 57.735
30.08000 3438 58.722
30.09000 3507 58.722
30.10000 3597 59.7614
30.11000 3726 60.8581
30.12000 3884 62.0174
30.13000 3806 62.0174
30.14000 3828 62.0174
30.15000 3977 63.2456
30.16000 3913 62.0174
30.17000 3867 62.0174
30.18000 3841 62.0174
30.19000 3801 62.0174
30.20000 3727 60.8581
30.21000 3608 59.7614
30.22000 3675 60.8581
30.23000 3541 59.7614
30.24000 3504 58.722
30.25000 3494 58.722
30.26000 3301 57.735
30.27000 3115 55.9017
30.28000 3048 55.0482
30.29000 3107 55.9017
30.30000 2965 54.2326
30.31000 2833 53.4522
30.32000 2881 53.4522
30.33000 2706 51.9875
30.34000 2659 51.2989
30.35000 2671 51.9875
30.36000 2560 50.637
30.37000 2636 51.2989
30.38000 2643 51.2989
30.39000 2696 51.9875
30.40000 2819 53.4522
30.41000 2777 52.7046
30.42000 2808 52.7046
30.43000 2941 54.2326
30.44000 3032 55.0482
30.45000 3061 55.0482
30.46000 3080 55.9017
30.47000 3276 56.7962
30.48000 3226 56.7962
30.49000 3362 57.735
30.50000 3317 57.735
30.51000 3310 57.735
30.52000 3290 57.735
30.53000 3342 57.735
30.54000 3374 57.735
30.55000 3272 56.7962
30.56000 3298 57.735
30.57000 3296 57.735
30.58000 3250 56.7962
30.59000 3268 56.7962
30.60000 3169 55.9017
30.61000 3211 56.7962
30.62000 3227 56.7962
30.63000 3197 56.7962
30.64000 3291 57.735
30.65000 3350 57.735
30.66000 3217 56.7962
30.67000 3179 56.7962
30.68000 3052 55.0482
30.69000 3070 55.0482
30.70000 3035 55.0482
30.71000 2881 53.4522
30.72000 2877 53.4522
30.73000 2797 52.7046
30.74000 2681 51.9875
30.75000 2574 50.637
30.76000 2497 50
30.77000 2396 48.795
30.78000 2355 48.795
30.79000 2366 48.795
30.80000 2365 48.795
30.81000 2387 48.795
30.82000 2358 48.795
30.83000 2276 47.6731
30.84000 2280 47.6731
30.85000 2304 48.2243
30.86000 2381 48.795
30.87000 2406 48.795
30.88000 2286 47.6731
30.89000 2295 47.6731
30.90000 2308 48.2243
30.91000 2159 46.6252
30.92000 2294 47.6731
30.93000 2245 47.1405
30.94000 2246 47.1405
30.95000 2222 47.1405
30.96000 2229 47.1405
30.97000 2167 46.6252
30.98000 2129 46.1266
30.99000 2133 46.1266
31.00000 2181 46.6252
31.01000 2078 45.6435
31.02000 2088 45.6435
31.03000 2050 45.1754
31.04000 2037 45.1754
31.05000 2011 44.7214
31.06000 2047 45.1754
31.07000 1995 44.7214
31.08000 1964 44.2807
31.09000 2017 44.7214
31.10000 2030 45.1754
31.11000 1976 44.2807
31.12000 2025 45.1754
31.13000 1898 43.4372
31.14000 1957 44.2807
31.15000 1917 43.8529
31.16000 1959 44.2807
31.17000 1929 43.8529
31.18000 1960 44.2807
31.19000 1912 43.8529
31.20000 1925 43.8529
31.21000 1963 44.2807
31.22000 1907 43.8529
31.23000 1902 43.4372
31.24000 1926 43.8529
31.25000 1965 44.2807
31.26000 2078 45.6435
31.27000 1983 44.7214
31.28000 1915 43.8529
31.29000 1987 44.7214
31.30000 2062 45.6435
31.31000 1979 44.2807
31.32000 2015 44.7214
31.33000 2005 44.7214
31.34000 2122 46.1266
31.35000 2198 47.1405
31.36000 2133 46.1266
31.37000 2208 47.1405
31.38000 2243 47.1405
31.39000 2320 48.2243
31.40000 2400 48.795
31.41000 2450 49.3865
31.42000 2440 49.3865
31.43000 2461 49.3865
31.44000 2559 50.637
31.45000 2681 51.9875
31.46000 2624 51.2989
31.47000 2796 52.7046
31.48000 2624 51.2989
31.49000 2790 52.7046
31.50000 2774 52.7046
31.51000 2862 53.4522
31.52000 2803 52.7046
31.53000 2788 52.7046
31.54000 2808 52.7046
31.55000 2791 52.7046
31.56000 2733 51.9875
31.57000 2684 51.9875
31.58000 2648 51.2989
31.59000 2628 51.2989
31.60000 2488 50
31.61000 2406 48.795
31.62000 2356 48.795
31.63000 2299 48.2243
31.64000 2259 47.6731
31.65000 2265 47.6731
31.66000 2227 47.1405
31.67000 2080 45.6435
31.68000 2162 46.6252
31.69000 2062 45.6435
31.70000 2074 45.6435
31.71000 2009 44.7214
31.72000 1968 44.2807
31.73000 1989 44.7214
31.74000 2071 45.6435
31.75000 2054 45.1754
31.76000 1937 43.8529
31.77000 1944 44.2807
31.78000 1991 44.7214
31.79000 2060 45.1754
31.80000 2012 44.7214
31.81000 2092 45.6435
31.82000 2116 46.1266
31.83000 2021 45.1754
31.84000 2043 45.1754
31.85000 2070 45.6435
31.86000 2096 45.6435
31.87000 2084 45.6435
31.88000 2054 45.1754
31.89000 2085 45.6435
31.90000 2071 45.6435
31.91000 2076 45.6435
31.92000 2115 46.1266
31.93000 2076 45.6435
31.94000 2262 47.6731
31.95000 2144 46.1266
31.96000 2171 46.6252
31.97000 2088 45.6435
31.98000 2189 46.6252
31.99000 2207 47.1405
32.00000 2140 46.1266
32.01000 2127 46.1266
32.02000 2134 46.1266
32.03000 1999 44.7214
32.04000 2117 46.1266
32.05000 2062 45.6435
32.06000 2096 45.6435
32.07000 2026 45.1754
32.08000 2036 45.1754
32.09000 2070 45.6435
32.10000 2002 44.7214
32.11000 1993 44.7214
32.12000 1962 44.2807
32.13000 1889 43.4372
32.14000 1963 44.2807
32.15000 1954 44.2807
32.16000 1926 43.8529
32.17000 1944 44.2807
32.18000 1889 43.4372
32.19000 1859 43.0331
32.20000 1931 43.8529
32.21000 1904 43.4372
32.22000 1868 43.0331
32.23000 1880 43.4372
32.24000 1882 43.4372
32.25000 1866 43.0331
32.26000 1826 42.6401
32.27000 1825 42.6401
32.28000 1818 42.6401
32.29000 1827 42.6401
32.30000 1818 42.6401
32.31000 1813 42.6401
32.32000 1826 42.6401
32.33000 1815 42.6401
32.34000 1827 42.6401
32.35000 1877 43.4372
32.36000 1772 42.2577
32.37000 1843 43.0331
32.38000 1803 42.6401
32.39000 1862 43.0331
32.40000 1817 42.6401
32.41000 1871 43.4372
32.42000 1973 44.2807
32.43000 1916 43.8529
32.44000 1950 44.2807
32.45000 1947 44.2807
32.46000 1949 44.2807
32.47000 1989 44.7214
32.48000 2021 45.1754
32.49000 1978 44.2807
32.50000 2051 45.1754
32.51000 2118 46.1266
32.52000 2071 45.6435
32.53000 2127 46.1266
32.54000 2225 47.1405
32.55000 2246 47.1405
32.56000 2213 47.1405
32.57000 2234 47.1405
32.58000 2304 48.2243
32.59000 2475 50
32.60000 2459 49.3865
32.61000 2542 50.637
32.62000 2566 50.637
32.63000 2541 50.637
32.64000 2790 52.7046
32.65000 2867 53.4522
32.66000 2874 53.4522
32.67000 2972 54.2326
32.68000 3039 55.0482
32.69000 3033 55.0482
32.70000 3260 56.7962
32.71000 3362 57.735
32.72000 3427 58.722
32.73000 3273 56.7962
32.74000 3318 57.735
32.75000 3498 58.722
32.76000 3383 57.735
32.77000 3386 57.735
32.78000 3363 57.735
32.79000 3325 57.735
32.80000 3230 56.7962
32.81000 3146 55.9017
32.82000 3155 55.9017
32.83000 3013 55.0482
32.84000 3010 55.0482
32.85000 2822 53.4522
32.86000 2777 52.7046
32.87000 2752 52.7046
32.88000 2684 51.9875
32.89000 2592 50.637
32.90000 2598 51.2989
32.91000 2485 50
32.92000 2596 50.637
32.93000 2548 50.637
32.94000 2555 50.637
32.95000 2439 49.3865
32.96000 2463 49.3865
32.97000 2531 50
32.98000 2543 50.637
32.99000 2584 50.637
33.00000 2573 50.637
33.01000 2609 51.2989
33.02000 2658 51.2989
33.03000 2576 50.637
33.04000 2654 51.2989
33.05000 2798 52.7046
33.06000 2765 52.7046
33.07000 2812 52.7046
33.08000 2986 55.0482
33.09000 2955 54.2326
33.10000 2924 54.2326
33.11000 2887 53.4522
33.12000 2962 54.2326
33.13000 2907 54.2326
33.14000 2911 54.2326
33.15000 2965 54.2326
33.16000 2942 54.2326
33.17000 2883 53.4522
33.18000 2803 52.7046
33.19000 2844 53.4522
33.20000 2747 52.7046
33.21000 2857 53.4522
33.22000 2677 51.9875
33.23000 2720 51.9875
33.24000 2613 51.2989
33.25000 2640 51.2989
33.26000 2553 50.637
33.27000 2587 50.637
33.28000 2470 50
33.29000 2521 50
33.30000 2498 50
33.31000 2412 49.3865
33.32000 2435 49.3865
33.33000 2471 50
33.34000 2448 49.3865
33.35000 2601 51.2989
33.36000 2609 51.2989
33.37000 2540 50.637
33.38000 2567 50.637
33.39000 2627 51.2989
33.40000 2573 50.637
33.41000 2617 51.2989
33.42000 2660 51.2989
33.43000 2654 51.2989
33.44000 2685 51.9875
33.45000 2725 51.9875
33.46000 2812 52.7046
33.47000 2899 54.2326
33.48000 2897 53.4522
33.49000 2828 53.4522
33.50000 2968 54.2326
33.51000 2894 53.4522
33.52000 2902 54.2326
33.53000 2916 54.2326
33.54000 2872 53.4522
33.55000 2819 53.4522
33.56000 2865 53.4522
33.57000 2838 53.4522
33.58000 2858 53.4522
33.59000 2930 54.2326
33.60000 2753 52.7046
33.61000 2820 53.4522
33.62000 2808 52.7046
33.63000 2670 51.9875
33.64000 2663 51.2989
33.65000 2639 51.2989
33.66000 2588 50.637
33.67000 2626 51.2989
33.68000 2492 50
33.69000 2502 50
33.70000 2464 49.3865
33.71000 2389 48.795
33.72000 2387 48.795
33.73000 2278 47.6731
33.74000 2303 48.2243
33.75000 2217 47.1405
33.76000 2094 45.6435
33.77000 2070 45.6435
33.78000 2085 45.6435
33.79000 2057 45.1754
33.80000 1999 44.7214
33.81000 2018 44.7214
33.82000 1991 44.7214
33.83000 1868 43.0331
33.84000 1885 43.4372
33.85000 1855 43.0331
33.86000 1863 43.0331
33.87000 1854 43.0331
33.88000 1875 43.4372
33.89000 1799 42.2577
33.90000 1888 43.4372
33.91000 1789 42.2577
33.92000 1888 43.4372
33.93000 1832 42.6401
33.94000 1854 43.0331
33.95000 1824 42.6401
33.96000 1787 42.2577
33.97000 1759 41.8854
33.98000 1820 42.6401
33.99000 1809 42.6401
34.00000 1830 42.6401
34.01000 1782 42.2577
34.02000 1853 43.0331
34.03000 1822 42.6401
34.04000 1843 43.0331
34.05000 1834 42.6401
34.06000 1855 43.0331
34.07000 1961 44.2807
34.08000 1801 42.2577
34.09000 1815 42.6401
34.10000 1883 43.4372
34.11000 1898 43.4372
34.12000 1893 43.4372
34.13000 1956 44.2807
34.14000 1972 44.2807
34.15000 2045 45.1754
34.16000 2113 46.1266
34.17000 2076 45.6435
34.18000 2088 45.6435
34.19000 2271 47.6731
34.20000 2239 47.1405
34.21000 2295 47.6731
34.22000 2359 48.795
34.23000 2331 48.2243
34.24000 2473 50
34.25000 2518 50
34.26000 2531 50
34.27000 2507 50
34.28000 2548 50.637
34.29000 2465 49.3865
34.30000 2549 50.637
34.31000 2493 50
34.32000 2505 50
34.33000 2464 49.3865
34.34000 2534 50.637
34.35000 2527 50
34.36000 2357 48.795
34.37000 2301 48.2243
34.38000 2363 48.795
34.39000 2303 48.2243
34.40000 2181 46.6252
34.41000 2039 45.1754
34.42000 2052 45.1754
34.43000 2011 44.7214
34.44000 2018 44.7214
34.45000 1968 44.2807
34.46000 1946 44.2807
34.47000 1852 43.0331
34.48000 1854 43.0331
34.49000 1798 42.2577
34.50000 1734 41.5227
34.51000 1765 41.8854
34.52000 1766 41.8854
34.53000 1791 42.2577
34.54000 1839 43.0331
34.55000 1840 43.0331
34.56000 1839 43.0331
34.57000 1818 42.6401
34.58000 1857 43.0331
34.59000 1858 43.0331
34.60000 1798 42.2577
34.61000 1820 42.6401
34.62000 1800 42.2577
34.63000 1762 41.8854
34.64000 1783 42.2577
34.65000 1796 42.2577
34.66000 1748 41.8854
34.67000 1800 42.2577
34.68000 1780 42.2577
34.69000 1733 41.5227
34.70000 1834 42.6401
34.71000 1678 40.8248
34.72000 1768 41.8854
34.73000 1716 41.5227
34.74000 1744 41.8854
34.75000 1763 41.8854
34.76000 1827 42.6401
34.77000 1777 42.2577
34.78000 1800 42.2577
34.79000 1802 42.6401
34.80000 1879 43.4372
34.81000 1885 43.4372
34.82000 1883 43.4372
34.83000 1920 43.8529
34.84000 1931 43.8529
34.85000 1998 44.7214
34.86000 2097 45.6435
34.87000 2028 45.1754
34.88000 2066 45.6435
34.89000 2181 46.6252
34.90000 2205 47.1405
34.91000 2345 48.2243
34.92000 2389 48.795
34.93000 2444 49.3865
34.94000 2538 50.637
34.95000 2670 51.9875
34.96000 2625 51.2989
34.97000 2655 51.2989
34.98000 2652 51.2989
34.99000 2831 53.4522
35.00000 2942 54.2326
35.01000 2949 54.2326
35.02000 2922 54.2326
35.03000 2825 53.4522
35.04000 2856 53.4522
35.05000 2873 53.4522
35.06000 2838 53.4522
35.07000 2792 52.7046
35.08000 2735 51.9875
35.09000 2724 51.9875
35.10000 2648 51.2989
35.11000 2519 50
35.12000 2490 50
35.13000 2402 48.795
35.14000 2356 48.795
35.15000 2331 48.2243
35.16000 2269 47.6731
35.17000 2151 46.6252
35.18000 2148 46.1266
35.19000 2102 45.6435
35.20000 1997 44.7214
35.21000 2003 44.7214
35.22000 1980 44.2807
35.23000 1938 43.8529
35.24000 1899 43.4372
35.25000 1910 43.8529
35.26000 1935 43.8529
35.27000 1943 44.2807
35.28000 1951 44.2807
35.29000 1987 44.7214
35.30000 1981 44.7214
35.31000 1978 44.2807
35.32000 2026 45.1754
35.33000 2050 45.1754
35.34000 2109 46.1266
35.35000 2177 46.6252
35.36000 2141 46.1266
35.37000 2148 46.1266
35.38000 2272 47.6731
35.39000 2276 47.6731
35.40000 2300 48.2243
35.41000 2337 48.2243
35.42000 2437 49.3865
35.43000 2333 48.2243
35.44000 2350 48.2243
35.45000 2527 50
35.46000 2452 49.3865
35.47000 2439 49.3865
35.48000 2450 49.3865
35.49000 2323 48.2243
35.50000 2337 48.2243
35.51000 2294 47.6731
35.52000 2169 46.6252
35.53000 2134 46.1266
35.54000 2136 46.1266
35.55000 2035 45.1754
35.56000 2009 44.7214
35.57000 2002 44.7214
35.58000 1938 43.8529
35.59000 1992 44.7214
35.60000 1938 43.8529
35.61000 1879 43.4372
35.62000 1882 43.4372
35.63000 1825 42.6401
35.64000 1927 43.8529
35.65000 1977 44.2807
35.66000 1883 43.4372
35.67000 1934 43.8529
35.68000 1952 44.2807
35.69000 1887 43.4372
35.70000 1975 44.2807
35.71000 1982 44.7214
35.72000 2035 45.1754
35.73000 2002 44.7214
35.74000 2131 46.1266
35.75000 2148 46.1266
35.76000 2129 46.1266
35.77000 2191 46.6252
35.78000 2188 46.6252
35.79000 2290 47.6731
35.80000 2227 47.1405
35.81000 2297 47.6731
35.82000 2355 48.795
35.83000 2302 48.2243
35.84000 2389 48.795
35.85000 2520 50
35.86000 2442 49.3865
35.87000 2477 50
35.88000 2434 49.3865
35.89000 2458 49.3865
35.90000 2414 49.3865
35.91000 2409 48.795
35.92000 2454 49.3865
35.93000 2406 48.795
35.94000 2433 49.3865
35.95000 2417 49.3865
35.96000 2329 48.2243
35.97000 2382 48.795
35.98000 2247 47.1405
35.99000 2245 47.1405
36.00000 2329 48.2243
36.01000 2302 48.2243
36.02000 2217 47.1405
36.03000 2234 47.1405
36.04000 2255 47.6731
36.05000 2290 47.6731
36.06000 2202 47.1405
36.07000 2184 46.6252
36.08000 2221 47.1405
36.09000 2172 46.6252
36.10000 2239 47.1405
36.11000 2104 45.6435
36.12000 2263 47.6731
36.13000 2128 46.1266
36.14000 2231 47.1405
36.15000 2260 47.6731
36.16000 2293 47.6731
36.17000 2289 47.6731
36.18000 2439 49.3865
36.19000 2483 50
36.20000 2449 49.3865
36.21000 2680 51.9875
36.22000 2700 51.9875
36.23000 2725 51.9875
36.24000 2840 53.4522
36.25000 3043 55.0482
36.26000 3172 55.9017
36.27000 3198 56.7962
36.28000 3197 56.7962
36.29000 3350 57.735
36.30000 3422 58.722
36.31000 3450 58.722
36.32000 3395 58.722
36.33000 3465 58.722
36.34000 3450 58.722
36.35000 3506 58.722
36.36000 3371 57.735
36.37000 3179 56.7962
36.38000 3192 56.7962
36.39000 3093 55.9017
36.40000 3021 55.0482
36.41000 2999 55.0482
36.42000 2777 52.7046
36.43000 2631 51.2989
36.44000 2597 50.637
36.45000 2497 50
36.46000 2478 50
36.47000 2381 48.795
36.48000 2308 48.2243
36.49000 2159 46.6252
36.50000 2083 45.6435
36.51000 2099 45.6435
36.52000 2011 44.7214
36.53000 1981 44.7214
36.54000 1916 43.8529
36.55000 1837 43.0331
36.56000 1737 41.5227
36.57000 1761 41.8854
36.58000 1778 42.2577
36.59000 1732 41.5227
36.60000 1682 41.1693
36.61000 1710 41.5227
36.62000 1677 40.8248
36.63000 1621 40.161
36.64000 1689 41.1693
36.65000 1625 40.161
36.66000 1582 39.841
36.67000 1623 40.161
36.68000 1676 40.8248
36.69000 1650 40.4888
36.70000 1616 40.161
36.71000 1631 40.4888
36.72000 1635 40.4888
36.73000 1598 39.841
36.74000 1642 40.4888
36.75000 1616 40.161
36.76000 1628 40.4888
36.77000 1699 41.1693
36.78000 1653 40.8248
36.79000 1690 41.1693
36.80000 1660 40.8248
36.81000 1642 40.4888
36.82000 1631 40.4888
36.83000 1592 39.841
36.84000 1640 40.4888
36.85000 1692 41.1693
36.86000 1661 40.8248
36.87000 1690 41.1693
36.88000 1554 39.5285
36.89000 1612 40.161
36.90000 1610 40.161
36.91000 1588 39.841
36.92000 1646 40.4888
36.93000 1468 38.3482
36.94000 1582 39.841
36.95000 1617 40.161
36.96000 1569 39.5285
36.97000 1547 39.2232
36.98000 1539 39.2232
36.99000 1599 39.841
37.00000 1580 39.841
37.01000 1600 39.841
37.02000 1596 39.841
37.03000 1517 38.9249
37.04000 1527 39.2232
37.05000 1528 39.2232
37.06000 1501 38.6334
37.07000 1555 39.5285
37.08000 1599 39.841
37.09000 1569 39.5285
37.10000 1592 39.841
37.11000 1631 40.4888
37.12000 1552 39.5285
37.13000 1503 38.6334
37.14000 1621 40.161
37.15000 1585 39.841
37.16000 1585 39.841
37.17000 1612 40.161
37.18000 1614 40.161
37.19000 1592 39.841
37.20000 1622 40.161
37.21000 1650 40.4888
37.22000 1673 40.8248
37.23000 1672 40.8248
37.24000 1739 41.5227
37.25000 1809 42.6401
37.26000 1781 42.2577
37.27000 1813 42.6401
37.28000 1872 43.4372
37.29000 1890 43.4372
37.30000 1968 44.2807
37.31000 2001 44.7214
37.32000 1984 44.7214
37.33000 2114 46.1266
37.34000 2050 45.1754
37.35000 2199 47.1405
37.36000 2108 46.1266
37.37000 2173 46.6252
37.38000 2205 47.1405
37.39000 2302 48.2243
37.40000 2194 46.6252
37.41000 2345 48.2243
37.42000 2324 48.2243
37.43000 2232 47.1405
37.44000 2208 47.1405
37.45000 2220 47.1405
37.46000 2306 48.2243
37.47000 2247 47.1405
37.48000 2156 46.6252
37.49000 2126 46.1266
37.50000 2107 46.1266
37.51000 2107 46.1266
37.52000 2086 45.6435
37.53000 2004 44.7214
37.54000 2057 45.1754
37.55000 2009 44.7214
37.56000 1978 44.2807
37.57000 1983 44.7214
37.58000 2007 44.7214
37.59000 1918 43.8529
37.60000 1930 43.8529
37.61000 1938 43.8529
37.62000 1998 44.7214
37.63000 2025 45.1754
37.64000 2086 45.6435
37.65000 2086 45.6435
37.66000 2135 46.1266
37.67000 2160 46.6252
37.68000 2162 46.6252
37.69000 2151 46.6252
37.70000 2166 46.6252
37.71000 2209 47.1405
37.72000 2252 47.6731
37.73000 2207 47.1405
37.74000 2217 47.1405
37.75000 2234 47.1405
37.76000 2177 46.6252
37.77000 2162 46.6252
37.78000 2147 46.1266
37.79000 2066 45.6435
37.80000 2027 45.1754
37.81000 2091 45.6435
37.82000 2027 45.1754
37.83000 2008 44.7214
37.84000 2053 45.1754
37.85000 2011 44.7214
37.86000 1975 44.2807
37.87000 1953 44.2807
37.88000 1974 44.2807
37.89000 1979 44.2807
37.90000 1944 44.2807
37.91000 1975 44.2807
37.92000 1943 44.2807
37.93000 1967 44.2807
37.94000 1953 44.2807
37.95000 1970 44.2807
37.96000 1940 43.8529
37.97000 1884 43.4372
37.98000 1927 43.8529
37.99000 1921 43.8529
38.00000 1885 43.4372
38.01000 1909 43.8529
38.02000 1894 43.4372
38.03000 1800 42.2577
38.04000 1832 42.6401
38.05000 1927 43.8529
38.06000 1851 43.0331
38.07000 1927 43.8529
38.08000 1888 43.4372
38.09000 1898 43.4372
38.10000 1925 43.8529
38.11000 1868 43.0331
38.12000 1943 44.2807
38.13000 1965 44.2807
38.14000 1967 44.2807
38.15000 1902 43.4372
38.16000 1916 43.8529
38.17000 1917 43.8529
38.18000 1916 43.8529
38.19000 1956 44.2807
38.20000 1934 43.8529
38.21000 1952 44.2807
38.22000 1916 43.8529
38.23000 1895 43.4372
38.24000 1858 43.0331
38.25000 1911 43.8529
38.26000 1879 43.4372
38.27000 1856 43.0331
38.28000 1840 43.0331
38.29000 1853 43.0331
38.30000 1913 43.8529
38.31000 1843 43.0331
38.32000 1838 43.0331
38.33000 1821 42.6401
38.34000 1862 43.0331
38.35000 1946 44.2807
38.36000 1935 43.8529
38.37000 1851 43.0331
38.38000 1933 43.8529
38.39000 1931 43.8529
38.40000 1965 44.2807
38.41000 2076 45.6435
38.42000 2095 45.6435
38.43000 2180 46.6252
38.44000 2192 46.6252
38.45000 2247 47.1405
38.46000 2304 48.2243
38.47000 2390 48.795
38.48000 2405 48.795
38.49000 2502 50
38.50000 2505 50
38.51000 2526 50
38.52000 2578 50.637
38.53000 2572 50.637
38.54000 2572 50.637
38.55000 2553 50.637
38.56000 2468 49.3865
38.57000 2510 50
38.58000 2533 50.637
38.59000 2587 50.637
38.60000 2665 51.2989
38.61000 2641 51.2989
38.62000 2598 51.2989
38.63000 2607 51.2989
38.64000 2616 51.2989
38.65000 2624 51.2989
38.66000 2606 51.2989
38.67000 2758 52.7046
38.68000 2812 52.7046
38.69000 2874 53.4522
38.70000 2890 53.4522
38.71000 2961 54.2326
38.72000 3022 55.0482
38.73000 3104 55.9017
38.74000 3229 56.7962
38.75000 3293 57.735
38.76000 3291 57.735
38.77000 3289 57.735
38.78000 3436 58.722
38.79000 3506 58.722
38.80000 3400 58.722
38.81000 3538 59.7614
38.82000 3473 58.722
38.83000 3447 58.722
38.84000 3490 58.722
38.85000 3457 58.722
38.86000 3403 58.722
38.87000 3362 57.735
38.88000 3333 57.735
38.89000 3312 57.735
38.90000 3241 56.7962
38.91000 3112 55.9017
38.92000 3070 55.0482
38.93000 2949 54.2326
38.94000 2957 54.2326
38.95000 2870 53.4522
38.96000 2829 53.4522
38.97000 2643 51.2989
38.98000 2617 51.2989
38.99000 2524 50
39.00000 2480 50
39.01000 2327 48.2243
39.02000 2356 48.795
39.03000 2272 47.6731
39.04000 2222 47.1405
39.05000 2198 47.1405
39.06000 2140 46.1266
39.07000 2215 47.1405
39.08000 2115 46.1266
39.09000 2079 45.6435
39.10000 2132 46.1266
39.11000 2140 46.1266
39.12000 2106 46.1266
39.13000 2116 46.1266
39.14000 2112 46.1266
39.15000 2098 45.6435
39.16000 2052 45.1754
39.17000 2008 44.7214
39.18000 2096 45.6435
39.19000 2071 45.6435
39.20000 1991 44.7214
39.21000 2027 45.1754
39.22000 1992 44.7214
39.23000 1906 43.8529
39.24000 1861 43.0331
39.25000 1916 43.8529
39.26000 1841 43.0331
39.27000 1819 42.6401
39.28000 1643 40.4888
39.29000 1671 40.8248
39.30000 1727 41.5227
39.31000 1701 41.1693
39.32000 1788 42.2577
39.33000 1604 40.161
39.34000 1583 39.841
39.35000 1548 39.2232
39.36000 1568 39.5285
39.37000 1643 40.4888
39.38000 1605 40.161
39.39000 1544 39.2232
39.40000 1535 39.2232
39.41000 1529 39.2232
39.42000 1525 38.9249
39.43000 1459 38.0693
39.44000 1556 39.5285
39.45000 1512 38.9249
39.46000 1498 38.6334
39.47000 1566 39.5285
39.48000 1453 38.0693
39.49000 1596 39.841
39.50000 1538 39.2232
39.51000 1550 39.2232
39.52000 1543 39.2232
39.53000 1518 38.9249
39.54000 1519 38.9249
39.55000 1545 39.2232
39.56000 1522 38.9249
39.57000 1511 38.9249
39.58000 1535 39.2232
39.59000 1530 39.2232
39.60000 1480 38.3482
39.61000 1558 39.5285
39.62000 1580 39.841
39.63000 1544 39.2232
39.64000 1573 39.5285
39.65000 1568 39.5285
39.66000 1504 38.9249
39.67000 1566 39.5285
39.68000 1525 38.9249
39.69000 1576 39.841
39.70000 1615 40.161
39.71000 1629 40.4888
39.72000 1639 40.4888
39.73000 1602 40.161
39.74000 1616 40.161
39.75000 1703 41.1693
39.76000 1664 40.8248
39.77000 1723 41.5227
39.78000 1720 41.5227
39.79000 1747 41.8854
39.80000 1748 41.8854
39.81000 1870 43.4372
39.82000 1933 43.8529
39.83000 1971 44.2807
39.84000 2033 45.1754
39.85000 2089 45.6435
39.86000 2131 46.1266
39.87000 2253 47.6731
39.88000 2278 47.6731
39.89000 2239 47.1405
39.90000 2414 49.3865
39.91000 2367 48.795
39.92000 2429 49.3865
39.93000 2493 50
39.94000 2539 50.637
39.95000 2559 50.637
39.96000 2493 50
39.97000 2507 50
39.98000 2568 50.637
39.99000 2476 50
40.00000 2563 50.637
40.01000 2636 51.2989
40.02000 2667 51.9875
40.03000 2593 50.637
40.04000 2605 51.2989
40.05000 2719 51.9875
40.06000 2769 52.7046
40.07000 2779 52.7046
40.08000 2793 52.7046
40.09000 2873 53.4522
40.10000 2878 53.4522
40.11000 2854 53.4522
40.12000 2923 54.2326
40.13000 2852 53.4522
40.14000 3012 55.0482
40.15000 3021 55.0482
40.16000 2947 54.2326
40.17000 2940 54.2326
40.18000 3023 55.0482
40.19000 3129 55.9017
40.20000 3096 55.9017
40.21000 3117 55.9017
40.22000 3173 55.9017
40.23000 3210 56.7962
40.24000 3185 56.7962
40.25000 3267 56.7962
40.26000 3304 57.735
40.27000 3173 55.9017
40.28000 3171 55.9017
40.29000 3367 57.735
40.30000 3240 56.7962
40.31000 3132 55.9017
40.32000 3196 56.7962
40.33000 3120 55.9017
40.34000 3092 55.9017
40.35000 3017 55.0482
40.36000 2897 53.4522
40.37000 2881 53.4522
40.38000 2801 52.7046
40.39000 2844 53.4522
40.40000 2694 51.9875
40.41000 2697 51.9875
40.42000 2683 51.9875
40.43000 2583 50.637
40.44000 2557 50.637
40.45000 2606 51.2989
40.46000 2555 50.637
40.47000 2610 51.2989
40.48000 2599 51.2989
40.49000 2594 50.637
40.50000 2581 50.637
40.51000 2570 50.637
40.52000 2614 51.2989
40.53000 2535 50.637
40.54000 2563 50.637
40.55000 2528 50
40.56000 2460 49.3865
40.57000 2449 49.3865
40.58000 2373 48.795
40.59000 2404 48.795
40.60000 2295 47.6731
40.61000 2241 47.1405
40.62000 2156 46.6252
40.63000 2071 45.6435
40.64000 2101 45.6435
40.65000 2111 46.1266
40.66000 2009 44.7214
40.67000 1903 43.4372
40.68000 1857 43.0331
40.69000 1813 42.6401
40.70000 1838 43.0331
40.71000 1823 42.6401
40.72000 1729 41.5227
40.73000 1756 41.8854
40.74000 1759 41.8854
40.75000 1679 40.8248
40.76000 1701 41.1693
40.77000 1683 41.1693
40.78000 1668 40.8248
40.79000 1735 41.5227
40.80000 1656 40.8248
40.81000 1688 41.1693
40.82000 1761 41.8854
40.83000 1696 41.1693
40.84000 1723 41.5227
40.85000 1706 41.1693
40.86000 1737 41.5227
40.87000 1680 40.8248
40.88000 1647 40.4888
40.89000 1775 42.2577
40.90000 1772 42.2577
40.91000 1732 41.5227
40.92000 1718 41.5227
40.93000 1857 43.0331
40.94000 1825 42.6401
40.95000 1796 42.2577
40.96000 1880 43.4372
40.97000 1906 43.8529
40.98000 1878 43.4372
40.99000 1958 44.2807
41.00000 1907 43.8529
41.01000 2035 45.1754
41.02000 2068 45.6435
41.03000 2246 47.1405
41.04000 2254 47.6731
41.05000 2306 48.2243
41.06000 2377 48.795
41.07000 2457 49.3865
41.08000 2509 50
41.09000 2645 51.2989
41.10000 2747 52.7046
41.11000 2751 52.7046
41.12000 2950 54.2326
41.13000 3040 55.0482
41.14000 3034 55.0482
41.15000 3030 55.0482
41.16000 3080 55.9017
41.17000 3066 55.0482
41.18000 3154 55.9017
41.19000 3077 55.9017
41.20000 3117 55.9017
41.21000 3077 55.9017
41.22000 3035 55.0482
41.23000 2866 53.4522
41.24000 2848 53.4522
41.25000 2883 53.4522
41.26000 2795 52.7046
41.27000 2725 51.9875
41.28000 2643 51.2989
41.29000 2657 51.2989
41.30000 2696 51.9875
41.31000 2515 50
41.32000 2357 48.795
41.33000 2326 48.2243
41.34000 2304 48.2243
41.35000 2265 47.6731
41.36000 2186 46.6252
41.37000 2155 46.6252
41.38000 2085 45.6435
41.39000 2090 45.6435
41.40000 2049 45.1754
41.41000 2053 45.1754
41.42000 2028 45.1754
41.43000 1936 43.8529
41.44000 1977 44.2807
41.45000 1983 44.7214
41.46000 1983 44.7214
41.47000 1996 44.7214
41.48000 1985 44.7214
41.49000 1944 44.2807
41.50000 1953 44.2807
41.51000 1978 44.2807
41.52000 1958 44.2807
41.53000 1951 44.2807
41.54000 2007 44.7214
41.55000 2152 46.6252
41.56000 2191 46.6252
41.57000 2168 46.6252
41.58000 2237 47.1405
41.59000 2334 48.2243
41.60000 2399 48.795
41.61000 2475 50
41.62000 2492 50
41.63000 2571 50.637
41.64000 2595 50.637
41.65000 2729 51.9875
41.66000 2786 52.7046
41.67000 2855 53.4522
41.68000 2944 54.2326
41.69000 2931 54.2326
41.70000 2923 54.2326
41.71000 2866 53.4522
41.72000 2875 53.4522
41.73000 2892 53.4522
41.74000 2918 54.2326
41.75000 2871 53.4522
41.76000 2719 51.9875
41.77000 2728 51.9875
41.78000 2628 51.2989
41.79000 2570 50.637
41.80000 2520 50
41.81000 2443 49.3865
41.82000 2428 49.3865
41.83000 2339 48.2243
41.84000 2361 48.795
41.85000 2303 48.2243
41.86000 2281 47.6731
41.87000 2315 48.2243
41.88000 2198 47.1405
41.89000 2181 46.6252
41.90000 2171 46.6252
41.91000 2127 46.1266
41.92000 2044 45.1754
41.93000 1996 44.7214
41.94000 1990 44.7214
41.95000 1919 43.8529
41.96000 1866 43.0331
41.97000 1887 43.4372
41.98000 1861 43.0331
41.99000 1869 43.0331
42.00000 1755 41.8854
42.01000 1749 41.8854
42.02000 1742 41.8854
42.03000 1666 40.8248
42.04000 1741 41.8854
42.05000 1662 40.8248
42.06000 1686 41.1693
42.07000 1640 40.4888
42.08000 1604 40.161
42.09000 1626 40.161
42.10000 1649 40.4888
42.11000 1554 39.5285
42.12000 1663 40.8248
42.13000 1624 40.161
42.14000 1721 41.5227
42.15000 1687 41.1693
42.16000 1707 41.1693
42.17000 1688 41.1693
42.18000 1794 42.2577
42.19000 1750 41.8854
42.20000 1776 42.2577
42.21000 1791 42.2577
42.22000 1884 43.4372
42.23000 1823 42.6401
42.24000 1878 43.4372
42.25000 1944 44.2807
42.26000 1982 44.7214
42.27000 1950 44.2807
42.28000 1919 43.8529
42.29000 1937 43.8529
42.30000 2011 44.7214
42.31000 2009 44.7214
42.32000 1984 44.7214
42.33000 2006 44.7214
42.34000 2036 45.1754
42.35000 2024 45.1754
42.36000 1988 44.7214
42.37000 2028 45.1754
42.38000 1999 44.7214
42.39000 2029 45.1754
42.40000 2062 45.6435
42.41000 1992 44.7214
42.42000 2000 44.7214
42.43000 1928 43.8529
42.44000 1935 43.8529
42.45000 1963 44.2807
42.46000 1930 43.8529
42.47000 1882 43.4372
42.48000 1855 43.0331
42.49000 1862 43.0331
42.50000 1942 44.2807
42.51000 1817 42.6401
42.52000 1936 43.8529
42.53000 1854 43.0331
42.54000 1834 42.6401
42.55000 1879 43.4372
42.56000 1855 43.0331
42.57000 1845 43.0331
42.58000 1872 43.4372
42.59000 1852 43.0331
42.60000 1775 42.2577
42.61000 1768 41.8854
42.62000 1842 43.0331
42.63000 1775 42.2577
42.64000 1778 42.2577
42.65000 1792 42.2577
42.66000 1843 43.0331
42.67000 1805 42.6401
42.68000 1771 42.2577
42.69000 1787 42.2577
42.70000 1916 43.8529
42.71000 1975 44.2807
42.72000 1924 43.8529
42.73000 1875 43.4372
42.74000 1917 43.8529
42.75000 2080 45.6435
42.76000 1948 44.2807
42.77000 1977 44.2807
42.78000 2091 45.6435
42.79000 2104 45.6435
42.80000 2101 45.6435
42.81000 2243 47.1405
42.82000 2241 47.1405
42.83000 2277 47.6731
42.84000 2329 48.2243
42.85000 2366 48.795
42.86000 2435 49.3865
42.87000 2421 49.3865
42.88000 2418 49.3865
42.89000 2584 50.637
42.90000 2618 51.2989
42.91000 2524 50
42.92000 2588 50.637
42.93000 2619 51.2989
42.94000 2614 51.2989
42.95000 2598 51.2989
42.96000 2585 50.637
42.97000 2598 51.2989
42.98000 2495 50
42.99000 2538 50.637
43.00000 2417 49.3865
43.01000 2419 49.3865
43.02000 2436 49.3865
43.03000 2367 48.795
43.04000 2285 47.6731
43.05000 2400 48.795
43.06000 2209 47.1405
43.07000 2185 46.6252
43.08000 2140 46.1266
43.09000 2065 45.6435
43.10000 2046 45.1754
43.11000 1982 44.7214
43.12000 1955 44.2807
43.13000 1980 44.2807
43.14000 1834 42.6401
43.15000 1930 43.8529
43.16000 1821 42.6401
43.17000 1753 41.8854
43.18000 1776 42.2577
43.19000 1764 41.8854
43.20000 1697 41.1693
43.21000 1718 41.5227
43.22000 1701 41.1693
43.23000 1739 41.5227
43.24000 1739 41.5227
43.25000 1766 41.8854
43.26000 1721 41.5227
43.27000 1754 41.8854
43.28000 1698 41.1693
43.29000 1710 41.5227
43.30000 1722 41.5227
43.31000 1744 41.8854
43.32000 1717 41.5227
43.33000 1638 40.4888
43.34000 1719 41.5227
43.35000 1690 41.1693
43.36000 1734 41.5227
43.37000 1715 41.5227
43.38000 1705 41.1693
43.39000 1672 40.8248
43.40000 1643 40.4888
43.41000 1631 40.4888
43.42000 1618 40.161
43.43000 1603 40.161
43.44000 1608 40.161
43.45000 1608 40.161
43.46000 1640 40.4888
43.47000 1610 40.161
43.48000 1635 40.4888
43.49000 1578 39.841
43.50000 1667 40.8248
43.51000 1690 41.1693
43.52000 1715 41.5227
43.53000 1584 39.841
43.54000 1745 41.8854
43.55000 1797 42.2577
43.56000 1801 42.2577
43.57000 1718 41.5227
43.58000 1849 43.0331
43.59000 1887 43.4372
43.60000 1883 43.4372
43.61000 1972 44.2807
43.62000 1968 44.2807
43.63000 1964 44.2807
43.64000 2046 45.1754
43.65000 2067 45.6435
43.66000 2007 44.7214
43.67000 2050 45.1754
43.68000 2085 45.6435
43.69000 2038 45.1754
43.70000 2046 45.1754
43.71000 1989 44.7214
43.72000 2017 44.7214
43.73000 1850 43.0331
43.74000 1951 44.2807
43.75000 1869 43.0331
43.76000 1879 43.4372
43.77000 1811 42.6401
43.78000 1790 42.2577
43.79000 1741 41.8854
43.80000 1762 41.8854
43.81000 1708 41.1693
43.82000 1790 42.2577
43.83000 1720 41.5227
43.84000 1710 41.5227
43.85000 1747 41.8854
43.86000 1719 41.5227
43.87000 1689 41.1693
43.88000 1720 41.5227
43.89000 1695 41.1693
43.90000 1770 42.2577
43.91000 1667 40.8248
43.92000 1703 41.1693
43.93000 1714 41.5227
43.94000 1708 41.1693
43.95000 1804 42.6401
43.96000 1684 41.1693
43.97000 1675 40.8248
43.98000 1704 41.1693
43.99000 1777 42.2577
44.00000 1587 39.841
44.01000 1629 40.4888
44.02000 1658 40.8248
44.03000 1649 40.4888
44.04000 1666 40.8248
44.05000 1617 40.161
44.06000 1574 39.5285
44.07000 1616 40.161
44.08000 1523 38.9249
44.09000 1593 39.841
44.10000 1538 39.2232
44.11000 1495 38.6334
44.12000 1537 39.2232
44.13000 1516 38.9249
44.14000 1495 38.6334
44.15000 1486 38.6334
44.16000 1538 39.2232
44.17000 1510 38.9249
44.18000 1548 39.2232
44.19000 1575 39.841
44.20000 1601 40.161
44.21000 1647 40.4888
44.22000 1556 39.5285
44.23000 1648 40.4888
44.24000 1616 40.161
44.25000 1662 40.8248
44.26000 1735 41.5227
44.27000 1714 41.5227
44.28000 1625 40.161
44.29000 1720 41.5227
44.30000 1721 41.5227
44.31000 1686 41.1693
44.32000 1731 41.5227
44.33000 1650 40.4888
44.34000 1678 40.8248
44.35000 1729 41.5227
44.36000 1675 40.8248
44.37000 1665 40.8248
44.38000 1711 41.5227
44.39000 1734 41.5227
44.40000 1680 40.8248
44.41000 1645 40.4888
44.42000 1595 39.841
44.43000 1598 39.841
44.44000 1659 40.8248
44.45000 1556 39.5285
44.46000 1625 40.161
44.47000 1614 40.161
44.48000 1610 40.161
44.49000 1505 38.9249
44.50000 1571 39.5285
44.51000 1587 39.841
44.52000 1591 39.841
44.53000 1553 39.5285
44.54000 1571 39.5285
44.55000 1555 39.5285
44.56000 1528 39.2232
44.57000 1488 38.6334
44.58000 1595 39.841
44.59000 1563 39.5285
44.60000 1547 39.2232
44.61000 1527 39.2232
44.62000 1523 38.9249
44.63000 1473 38.3482
44.64000 1488 38.6334
44.65000 1544 39.2232
44.66000 1531 39.2232
44.67000 1605 40.161
44.68000 1522 38.9249
44.69000 1591 39.841
44.70000 1575 39.841
44.71000 1553 39.5285
44.72000 1602 40.161
44.73000 1539 39.2232
44.74000 1655 40.8248
44.75000 1646 40.4888
44.76000 1651 40.4888
44.77000 1635 40.4888
44.78000 1693 41.1693
44.79000 1814 42.6401
44.80000 1819 42.6401
44.81000 1801 42.2577
44.82000 1772 42.2577
44.83000 1760 41.8854
44.84000 1811 42.6401
44.85000 1825 42.6401
44.86000 1792 42.2577
44.87000 1763 41.8854
44.88000 1802 42.6401
44.89000 1772 42.2577
44.90000 1772 42.2577
44.91000 1719 41.5227
44.92000 1794 42.2577
44.93000 1739 41.5227
44.94000 1714 41.5227
44.95000 1761 41.8854
44.96000 1757 41.8854
44.97000 1781 42.2577
44.98000 1746 41.8854
44.99000 1795 42.2577
45.00000 1793 42.2577
45.01000 1841 43.0331
45.02000 1868 43.0331
45.03000 1823 42.6401
45.04000 1847 43.0331
45.05000 1889 43.4372
45.06000 1944 44.2807
45.07000 1997 44.7214
45.08000 1888 43.4372
45.09000 1894 43.4372
45.10000 1999 44.7214
45.11000 1998 44.7214
45.12000 2086 45.6435
45.13000 1997 44.7214
45.14000 1978 44.2807
45.15000 1982 44.7214
45.16000 1977 44.2807
45.17000 1949 44.2807
45.18000 1986 44.7214
45.19000 2010 44.7214
45.20000 1921 43.8529
45.21000 1930 43.8529
45.22000 1927 43.8529
45.23000 1867 43.0331
45.24000 1867 43.0331
45.25000 1805 42.6401
45.26000 1845 43.0331
45.27000 1806 42.6401
45.28000 1805 42.6401
45.29000 1833 42.6401
45.30000 1792 42.2577
45.31000 1881 43.4372
45.32000 1836 43.0331
45.33000 1802 42.6401
45.34000 1860 43.0331
45.35000 1841 43.0331
45.36000 1852 43.0331
45.37000 1827 42.6401
45.38000 1957 44.2807
45.39000 1911 43.8529
45.40000 1933 43.8529
45.41000 1981 44.7214
45.42000 1931 43.8529
45.43000 1874 43.4372
45.44000 1866 43.0331
45.45000 1914 43.8529
45.46000 1902 43.4372
45.47000 1974 44.2807
45.48000 1957 44.2807
45.49000 1962 44.2807
45.50000 1919 43.8529
45.51000 1922 43.8529
45.52000 1947 44.2807
45.53000 1895 43.4372
45.54000 1846 43.0331
45.55000 1860 43.0331
45.56000 1866 43.0331
45.57000 1820 42.6401
45.58000 1852 43.0331
45.59000 1835 43.0331
45.60000 1810 42.6401
45.61000 1792 42.2577
45.62000 1845 43.0331
45.63000 1800 42.2577
45.64000 1812 42.6401
45.65000 1784 42.2577
45.66000 1727 41.5227
45.67000 1770 42.2577
45.68000 1701 41.1693
45.69000 1725 41.5227
45.70000 1679 40.8248
45.71000 1651 40.4888
45.72000 1612 40.161
45.73000 1596 39.841
45.74000 1585 39.841
45.75000 1654 40.8248
45.76000 1540 39.2232
45.77000 1547 39.2232
45.78000 1503 38.6334
45.79000 1503 38.6334
45.80000 1458 38.0693
45.81000 1443 38.0693
45.82000 1465 38.3482
45.83000 1423 37.7964
45.84000 1492 38.6334
45.85000 1446 38.0693
45.86000 1455 38.0693
45.87000 1446 38.0693
45.88000 1437 37.7964
45.89000 1463 38.3482
45.90000 1419 37.7964
45.91000 1407 37.5293
45.92000 1480 38.3482
45.93000 1418 37.5293
45.94000 1453 38.0693
45.95000 1448 38.0693
45.96000 1450 38.0693
45.97000 1342 36.5148
45.98000 1430 37.7964
45.99000 1388 37.2678
46.00000 1282 35.8057
46.01000 1421 37.7964
46.02000 1425 37.7964
46.03000 1354 36.7607
46.04000 1416 37.5293
46.05000 1479 38.3482
46.06000 1448 38.0693
46.07000 1442 38.0693
46.08000 1393 37.2678
46.09000 1423 37.7964
46.10000 1458 38.0693
46.11000 1330 36.5148
46.12000 1408 37.5293
46.13000 1447 38.0693
46.14000 1492 38.6334
46.15000 1344 36.7607
46.16000 1405 37.5293
46.17000 1447 38.0693
46.18000 1412 37.5293
46.19000 1456 38.0693
46.20000 1446 38.0693
46.21000 1438 37.7964
46.22000 1460 38.3482
46.23000 1429 37.7964
46.24000 1485 38.6334
46.25000 1516 38.9249
46.26000 1485 38.6334
46.27000 1454 38.0693
46.28000 1497 38.6334
46.29000 1517 38.9249
46.30000 1484 38.6334
46.31000 1477 38.3482
46.32000 1490 38.6334
46.33000 1532 39.2232
46.34000 1490 38.6334
46.35000 1550 39.2232
46.36000 1545 39.2232
46.37000 1459 38.0693
46.38000 1605 40.161
46.39000 1585 39.841
46.40000 1588 39.841
46.41000 1574 39.5285
46.42000 1578 39.841
46.43000 1607 40.161
46.44000 1618 40.161
46.45000 1654 40.8248
46.46000 1711 41.5227
46.47000 1690 41.1693
46.48000 1706 41.1693
46.49000 1760 41.8854
46.50000 1778 42.2577
46.51000 1776 42.2577
46.52000 1757 41.8854
46.53000 1763 41.8854
46.54000 1745 41.8854
46.55000 1852 43.0331
46.56000 1798 42.2577
46.57000 1788 42.2577
46.58000 1841 43.0331
46.59000 1909 43.8529
46.60000 1914 43.8529
46.61000 1923 43.8529
46.62000 1902 43.4372
46.63000 1904 43.4372
46.64000 1911 43.8529
46.65000 1892 43.4372
46.66000 1902 43.4372
46.67000 1971 44.2807
46.68000 1845 43.0331
46.69000 1837 43.0331
46.70000 1901 43.4372
46.71000 1862 43.0331
46.72000 1850 43.0331
46.73000 1845 43.0331
46.74000 1819 42.6401
46.75000 1808 42.6401
46.76000 1785 42.2577
46.77000 1891 43.4372
46.78000 1825 42.6401
46.79000 1799 42.2577
46.80000 1788 42.2577
46.81000 1741 41.8854
46.82000 1726 41.5227
46.83000 1706 41.1693
46.84000 1785 42.2577
46.85000 1682 41.1693
46.86000 1736 41.5227
46.87000 1716 41.5227
46.88000 1690 41.1693
46.89000 1652 40.4888
46.90000 1607 40.161
46.91000 1628 40.4888
46.92000 1603 40.161
46.93000 1575 39.841
46.94000 1529 39.2232
46.95000 1584 39.841
46.96000 1490 38.6334
46.97000 1477 38.3482
46.98000 1476 38.3482
46.99000 1471 38.3482
47.00000 1405 37.5293
47.01000 1378 37.0117
47.02000 1464 38.3482
47.03000 1375 37.0117
47.04000 1449 38.0693
47.05000 1453 38.0693
47.06000 1360 36.7607
47.07000 1398 37.2678
47.08000 1451 38.0693
47.09000 1408 37.5293
47.10000 1403 37.5293
47.11000 1389 37.2678
47.12000 1369 37.0117
47.13000 1354 36.7607
47.14000 1375 37.0117
47.15000 1399 37.5293
47.16000 1373 37.0117
47.17000 1372 37.0117
47.18000 1347 36.7607
47.19000 1372 37.0117
47.20000 1383 37.2678
47.21000 1373 37.0117
47.22000 1393 37.2678
47.23000 1370 37.0117
47.24000 1403 37.5293
47.25000 1362 37.0117
47.26000 1406 37.5293
47.27000 1405 37.5293
47.28000 1498 38.6334
47.29000 1432 37.7964
47.30000 1459 38.0693
47.31000 1432 37.7964
47.32000 1485 38.6334
47.33000 1458 38.0693
47.34000 1483 38.6334
47.35000 1423 37.7964
47.36000 1367 37.0117
47.37000 1480 38.3482
47.38000 1422 37.7964
47.39000 1523 38.9249
47.40000 1465 38.3482
47.41000 1516 38.9249
47.42000 1433 37.7964
47.43000 1324 36.2738
47.44000 1431 37.7964
47.45000 1382 37.2678
47.46000 1360 36.7607
47.47000 1415 37.5293
47.48000 1439 38.0693
47.49000 1506 38.9249
47.50000 1486 38.6334
47.51000 1514 38.9249
47.52000 1495 38.6334
47.53000 1492 38.6334
47.54000 1542 39.2232
47.55000 1581 39.841
47.56000 1558 39.5285
47.57000 1531 39.2232
47.58000 1620 40.161
47.59000 1610 40.161
47.60000 1639 40.4888
47.61000 1678 40.8248
47.62000 1675 40.8248
47.63000 1623 40.161
47.64000 1672 40.8248
47.65000 1624 40.161
47.66000 1698 41.1693
47.67000 1698 41.1693
47.68000 1583 39.841
47.69000 1709 41.1693
47.70000 1586 39.841
47.71000 1570 39.5285
47.72000 1584 39.841
47.73000 1565 39.5285
47.74000 1602 40.161
47.75000 1529 39.2232
47.76000 1539 39.2232
47.77000 1528 39.2232
47.78000 1514 38.9249
47.79000 1461 38.3482
47.80000 1456 38.0693
47.81000 1452 38.0693
47.82000 1434 37.7964
47.83000 1389 37.2678
47.84000 1348 36.7607
47.85000 1420 37.7964
47.86000 1402 37.5293
47.87000 1385 37.2678
47.88000 1385 37.2678
47.89000 1364 37.0117
47.90000 1377 37.0117
47.91000 1358 36.7607
47.92000 1322 36.2738
47.93000 1386 37.2678
47.94000 1367 37.0117
47.95000 1375 37.0117
47.96000 1341 36.5148
47.97000 1384 37.2678
47.98000 1362 37.0117
47.99000 1374 37.0117
48.00000 1309 36.2738
48.01000 1380 37.2678
48.02000 1352 36.7607
48.03000 1290 35.8057
48.04000 1332 36.5148
48.05000 1265 35.5784
48.06000 1349 36.7607
48.07000 1339 36.5148
48.08000 1289 35.8057
48.09000 1263 35.5784
48.10000 1299 36.0375
48.11000 1323 36.2738
48.12000 1265 35.5784
48.13000 1222 34.9215
48.14000 1252 35.3553
48.15000 1275 35.8057
48.16000 1264 35.5784
48.17000 1328 36.5148
48.18000 1288 35.8057
48.19000 1236 35.1364
48.20000 1288 35.8057
48.21000 1301 36.0375
48.22000 1350 36.7607
48.23000 1277 35.8057
48.24000 1315 36.2738
48.25000 1324 36.2738
48.26000 1321 36.2738
48.27000 1358 36.7607
48.28000 1300 36.0375
48.29000 1308 36.2738
48.30000 1282 35.8057
48.31000 1329 36.5148
48.32000 1358 36.7607
48.33000 1336 36.5148
48.34000 1290 35.8057
48.35000 1332 36.5148
48.36000 1257 35.3553
48.37000 1311 36.2738
48.38000 1303 36.0375
48.39000 1339 36.5148
48.40000 1280 35.8057
48.41000 1275 35.8057
48.42000 1314 36.2738
48.43000 1261 35.5784
48.44000 1265 35.5784
48.45000 1304 36.0375
48.46000 1220 34.9215
48.47000 1285 35.8057
48.48000 1263 35.5784
48.49000 1341 36.5148
48.50000 1311 36.2738
48.51000 1364 37.0117
48.52000 1340 36.5148
48.53000 1361 37.0117
48.54000 1342 36.5148
48.55000 1354 36.7607
48.56000 1353 36.7607
48.57000 1393 37.2678
48.58000 1372 37.0117
48.59000 1391 37.2678
48.60000 1381 37.2678
48.61000 1403 37.5293
48.62000 1439 38.0693
48.63000 1464 38.3482
48.64000 1447 38.0693
48.65000 1468 38.3482
48.66000 1484 38.6334
48.67000 1527 39.2232
48.68000 1488 38.6334
48.69000 1511 38.9249
48.70000 1557 39.5285
48.71000 1539 39.2232
48.72000 1510 38.9249
48.73000 1482 38.6334
48.74000 1505 38.9249
48.75000 1522 38.9249
48.76000 1464 38.3482
48.77000 1472 38.3482
48.78000 1565 39.5285
48.79000 1500 38.6334
48.80000 1508 38.9249
48.81000 1509 38.9249
48.82000 1521 38.9249
48.83000 1487 38.6334
48.84000 1451 38.0693
48.85000 1540 39.2232
48.86000 1401 37.5293
48.87000 1435 37.7964
48.88000 1428 37.7964
48.89000 1470 38.3482
48.90000 1506 38.9249
48.91000 1440 38.0693
48.92000 1477 38.3482
48.93000 1474 38.3482
48.94000 1431 37.7964
48.95000 1479 38.3482
48.96000 1380 37.2678
48.97000 1354 36.7607
48.98000 1439 38.0693
48.99000 1417 37.5293
49.00000 1439 38.0693
49.01000 1385 37.2678
49.02000 1469 38.3482
49.03000 1362 37.0117
49.04000 1395 37.2678
49.05000 1377 37.0117
49.06000 1397 37.2678
49.07000 1291 36.0375
49.08000 1329 36.5148
49.09000 1384 37.2678
49.10000 1366 37.0117
49.11000 1334 36.5148
49.12000 1377 37.0117
49.13000 1278 35.8057
49.14000 1267 35.5784
49.15000 1317 36.2738
49.16000 1305 36.0375
49.17000 1246 35.3553
49.18000 1279 35.8057
49.19000 1274 35.8057
49.20000 1298 36.0375
49.21000 1281 35.8057
49.22000 1281 35.8057
49.23000 1304 36.0375
49.24000 1266 35.5784
49.25000 1276 35.8057
49.26000 1296 36.0375
49.27000 1325 36.5148
49.28000 1254 35.3553
49.29000 1292 36.0375
49.30000 1273 35.5784
49.31000 1316 36.2738
49.32000 1282 35.8057
49.33000 1273 35.5784
49.34000 1295 36.0375
49.35000 1288 35.8057
49.36000 1311 36.2738
49.37000 1292 36.0375
49.38000 1296 36.0375
49.39000 1368 37.0117
49.40000 1262 35.5784
49.41000 1321 36.2738
49.42000 1260 35.5784
49.43000 1280 35.8057
49.44000 1274 35.8057
49.45000 1316 36.2738
49.46000 1269 35.5784
49.47000 1258 35.5784
49.48000 1317 36.2738
49.49000 1266 35.5784
49.50000 1242 35.1364
49.51000 1308 36.2738
49.52000 1293 36.0375
49.53000 1276 35.8057
49.54000 1308 36.2738
49.55000 1266 35.5784
49.56000 1226 34.9215
49.57000 1243 35.3553
49.58000 1313 36.2738
49.59000 1329 36.5148
49.60000 1332 36.5148
49.61000 1333 36.5148
49.62000 1234 35.1364
49.63000 1313 36.2738
49.64000 1307 36.0375
49.65000 1292 36.0375
49.66000 1320 36.2738
49.67000 1303 36.0375
49.68000 1321 36.2738
49.69000 1352 36.7607
49.70000 1313 36.2738
49.71000 1300 36.0375
49.72000 1375 37.0117
49.73000 1318 36.2738
49.74000 1270 35.5784
49.75000 1324 36.2738
49.76000 1317 36.2738
49.77000 1302 36.0375
49.78000 1367 37.0117
49.79000 1350 36.7607
49.80000 1318 36.2738
49.81000 1292 36.0375
49.82000 1355 36.7607
49.83000 1267 35.5784
49.84000 1329 36.5148
49.85000 1336 36.5148
49.86000 1276 35.8057
49.87000 1272 35.5784
49.88000 1312 36.2738
49.89000 1290 35.8057
49.90000 1283 35.8057
49.91000 1214 34.9215
49.92000 1301 36.0375
49.93000 1258 35.5784
49.94000 1233 35.1364
49.95000 1294 36.0375
49.96000 1272 35.5784
49.97000 1306 36.0375
49.98000 1252 35.3553
49.99000 1282 35.8057
50.00000 1247 35.3553
50.01000 1279 35.8057
50.02000 1298 36.0375
50.03000 1197 34.5033
50.04000 1206 34.7105
50.05000 1262 35.5784
50.06000 1232 35.1364
50.07000 1271 35.5784
50.08000 1270 35.5784
50.09000 1249 35.3553
50.10000 1304 36.0375
50.11000 1228 35.1364
50.12000 1309 36.2738
50.13000 1239 35.1364
50.14000 1263 35.5784
50.15000 1250 35.3553
50.16000 1211 34.7105
50.17000 1242 35.1364
50.18000 1273 35.5784
50.19000 1283 35.8057
50.20000 1285 35.8057
50.21000 1250 35.3553
50.22000 1220 34.9215
50.23000 1239 35.1364
50.24000 1262 35.5784
50.25000 1264 35.5784
50.26000 1280 35.8057
50.27000 1303 36.0375
50.28000 1296 36.0375
50.29000 1324 36.2738
50.30000 1261 35.5784
50.31000 1264 35.5784
50.32000 1213 34.9215
50.33000 1228 35.1364
50.34000 1304 36.0375
50.35000 1252 35.3553
50.36000 1263 35.5784
50.37000 1277 35.8057
50.38000 1229 35.1364
50.39000 1250 35.3553
50.40000 1162 34.0997
50.41000 1245 35.3553
50.42000 1194 34.5033
50.43000 1224 34.9215
50.44000 1184 34.5033
50.45000 1224 34.9215
50.46000 1211 34.7105
50.47000 1166 34.0997
50.48000 1259 35.5784
50.49000 1231 35.1364
50.50000 1159 34.0997
50.51000 1184 34.5033
50.52000 1245 35.3553
50.53000 1266 35.5784
50.54000 1236 35.1364
50.55000 1265 35.5784
50.56000 1270 35.5784
50.57000 1212 34.7105
50.58000 1293 36.0375
50.59000 1255 35.3553
50.60000 1230 35.1364
50.61000 1302 36.0375
50.62000 1323 36.2738
50.63000 1261 35.5784
50.64000 1283 35.8057
50.65000 1350 36.7607
50.66000 1368 37.0117
50.67000 1451 38.0693
50.68000 1404 37.5293
50.69000 1386 37.2678
50.70000 1469 38.3482
50.71000 1363 37.0117
50.72000 1417 37.5293
50.73000 1384 37.2678
50.74000 1415 37.5293
50.75000 1433 37.7964
50.76000 1448 38.0693
50.77000 1409 37.5293
50.78000 1417 37.5293
50.79000 1425 37.7964
50.80000 1428 37.7964
50.81000 1442 38.0693
50.82000 1450 38.0693
50.83000 1411 37.5293
50.84000 1390 37.2678
50.85000 1460 38.3482
50.86000 1411 37.5293
50.87000 1485 38.6334
50.88000 1448 38.0693
50.89000 1495 38.6334
50.90000 1501 38.6334
50.91000 1400 37.5293
50.92000 1469 38.3482
50.93000 1419 37.7964
50.94000 1419 37.7964
50.95000 1438 37.7964
50.96000 1443 38.0693
50.97000 1363 37.0117
50.98000 1359 36.7607
50.99000 1480 38.3482
51.00000 1405 37.5293
51.01000 1410 37.5293
51.02000 1404 37.5293
51.03000 1353 36.7607
51.04000 1437 37.7964
51.05000 1352 36.7607
51.06000 1336 36.5148
51.07000 1388 37.2678
51.08000 1370 37.0117
51.09000 1373 37.0117
51.10000 1361 37.0117
51.11000 1405 37.5293
51.12000 1387 37.2678
51.13000 1386 37.2678
51.14000 1350 36.7607
51.15000 1377 37.0117
51.16000 1382 37.2678
51.17000 1389 37.2678
51.18000 1393 37.2678
51.19000 1384 37.2678
51.20000 1362 37.0117
51.21000 1440 38.0693
51.22000 1390 37.2678
51.23000 1370 37.0117
51.24000 1363 37.0117
51.25000 1411 37.5293
51.26000 1387 37.2678
51.27000 1444 38.0693
51.28000 1426 37.7964
51.29000 1459 38.0693
51.30000 1373 37.0117
51.31000 1314 36.2738
51.32000 1364 37.0117
51.33000 1309 36.2738
51.34000 1373 37.0117
51.35000 1441 38.0693
51.36000 1377 37.0117
51.37000 1394 37.2678
51.38000 1363 37.0117
51.39000 1471 38.3482
51.40000 1436 37.7964
51.41000 1382 37.2678
51.42000 1460 38.3482
51.43000 1325 36.5148
51.44000 1353 36.7607
51.45000 1345 36.7607
51.46000 1309 36.2738
51.47000 1372 37.0117
51.48000 1406 37.5293
51.49000 1335 36.5148
51.50000 1362 37.0117
51.51000 1337 36.5148
51.52000 1296 36.0375
51.53000 1311 36.2738
51.54000 1233 35.1364
51.55000 1298 36.0375
51.56000 1299 36.0375
51.57000 1208 34.7105
51.58000 1289 35.8057
51.59000 1285 35.8057
51.60000 1252 35.3553
51.61000 1263 35.5784
51.62000 1323 36.2738
51.63000 1284 35.8057
51.64000 1314 36.2738
51.65000 1334 36.5148
51.66000 1306 36.0375
51.67000 1351 36.7607
51.68000 1287 35.8057
51.69000 1392 37.2678
51.70000 1289 35.8057
51.71000 1312 36.2738
51.72000 1334 36.5148
51.73000 1269 35.5784
51.74000 1289 35.8057
51.75000 1322 36.2738
51.76000 1287 35.8057
51.77000 1268 35.5784
51.78000 1334 36.5148
51.79000 1319 36.2738
51.80000 1331 36.5148
51.81000 1319 36.2738
51.82000 1378 37.0117
51.83000 1293 36.0375
51.84000 1320 36.2738
51.85000 1274 35.8057
51.86000 1247 35.3553
51.87000 1300 36.0375
51.88000 1316 36.2738
51.89000 1345 36.7607
51.90000 1365 37.0117
51.91000 1305 36.0375
51.92000 1283 35.8057
51.93000 1364 37.0117
51.94000 1365 37.0117
51.95000 1371 37.0117
51.96000 1302 36.0375
51.97000 1347 36.7607
51.98000 1326 36.5148
51.99000 1349 36.7607
52.00000 1392 37.2678
52.01000 1387 37.2678
52.02000 1387 37.2678
52.03000 1403 37.5293
52.04000 1444 38.0693
52.05000 1442 38.0693
52.06000 1418 37.5293
52.07000 1433 37.7964
52.08000 1354 36.7607
52.09000 1390 37.2678
52.10000 1379 37.0117
52.11000 1383 37.2678
52.12000 1385 37.2678
52.13000 1378 37.0117
52.14000 1444 38.0693
52.15000 1410 37.5293
52.16000 1329 36.5148
52.17000 1422 37.7964
52.18000 1413 37.5293
52.19000 1388 37.2678
52.20000 1295 36.0375
52.21000 1362 37.0117
52.22000 1391 37.2678
52.23000 1333 36.5148
52.24000 1358 36.7607
52.25000 1351 36.7607
52.26000 1336 36.5148
52.27000 1312 36.2738
52.28000 1347 36.7607
52.29000 1304 36.0375
52.30000 1332 36.5148
52.31000 1317 36.2738
52.32000 1351 36.7607
52.33000 1299 36.0375
52.34000 1325 36.5148
52.35000 1390 37.2678
52.36000 1307 36.0375
52.37000 1287 35.8057
52.38000 1358 36.7607
52.39000 1373 37.0117
52.40000 1357 36.7607
52.41000 1343 36.7607
52.42000 1339 36.5148
52.43000 1346 36.7607
52.44000 1407 37.5293
52.45000 1384 37.2678
52.46000 1447 38.0693
52.47000 1375 37.0117
52.48000 1422 37.7964
52.49000 1372 37.0117
52.50000 1420 37.7964
52.51000 1424 37.7964
52.52000 1423 37.7964
52.53000 1449 38.0693
52.54000 1445 38.0693
52.55000 1439 38.0693
52.56000 1389 37.2678
52.57000 1410 37.5293
52.58000 1445 38.0693
52.59000 1419 37.7964
52.60000 1350 36.7607
52.61000 1367 37.0117
52.62000 1378 37.0117
52.63000 1448 38.0693
52.64000 1419 37.7964
52.65000 1453 38.0693
52.66000 1438 37.7964
52.67000 1356 36.7607
52.68000 1273 35.5784
52.69000 1300 36.0375
52.70000 1317 36.2738
52.71000 1369 37.0117
52.72000 1253 35.3553
52.73000 1241 35.1364
52.74000 1280 35.8057
52.75000 1233 35.1364
52.76000 1233 35.1364
52.77000 1222 34.9215
52.78000 1167 34.0997
52.79000 1181 34.2997
52.80000 1197 34.5033
52.81000 1118 33.5201
52.82000 1158 34.0997
52.83000 1105 33.3333
52.84000 1115 33.3333
52.85000 1132 33.71
52.86000 1138 33.71
52.87000 1106 33.3333
52.88000 1085 32.969
52.89000 1131 33.71
52.90000 1124 33.5201
52.91000 1064 32.6164
52.92000 1099 33.1497
52.93000 1074 32.7913
52.94000 1134 33.71
52.95000 1072 32.7913
52.96000 1074 32.7913
52.97000 1113 33.3333
52.98000 1146 33.9032
52.99000 1129 33.5201
53.00000 1105 33.3333
53.01000 1173 34.2997
53.02000 1122 33.5201
53.03000 1144 33.9032
53.04000 1201 34.7105
53.05000 1204 34.7105
53.06000 1166 34.0997
53.07000 1153 33.9032
53.08000 1168 34.0997
53.09000 1176 34.2997
53.10000 1128 33.5201
53.11000 1149 33.9032
53.12000 1128 33.5201
53.13000 1168 34.0997
53.14000 1167 34.0997
53.15000 1133 33.71
53.16000 1131 33.71
53.17000 1239 35.1364
53.18000 1262 35.5784
53.19000 1120 33.5201
53.20000 1123 33.5201
53.21000 1241 35.1364
53.22000 1242 35.1364
53.23000 1226 34.9215
53.24000 1255 35.3553
53.25000 1274 35.8057
53.26000 1233 35.1364
53.27000 1205 34.7105
53.28000 1261 35.5784
53.29000 1329 36.5148
53.30000 1191 34.5033
53.31000 1196 34.5033
53.32000 1243 35.3553
53.33000 1229 35.1364
53.34000 1239 35.1364
53.35000 1216 34.9215
53.36000 1199 34.7105
53.37000 1221 34.9215
53.38000 1250 35.3553
53.39000 1229 35.1364
53.40000 1253 35.3553
53.41000 1308 36.2738
53.42000 1234 35.1364
53.43000 1227 35.1364
53.44000 1252 35.3553
53.45000 1226 34.9215
53.46000 1256 35.3553
53.47000 1207 34.7105
53.48000 1261 35.5784
53.49000 1228 35.1364
53.50000 1224 34.9215
53.51000 1154 33.9032
53.52000 1266 35.5784
53.53000 1211 34.7105
53.54000 1274 35.8057
53.55000 1232 35.1364
53.56000 1256 35.3553
53.57000 1258 35.5784
53.58000 1244 35.3553
53.59000 1229 35.1364
53.60000 1243 35.3553
53.61000 1296 36.0375
53.62000 1256 35.3553
53.63000 1304 36.0375
53.64000 1263 35.5784
53.65000 1345 36.7607
53.66000 1297 36.0375
53.67000 1350 36.7607
53.68000 1336 36.5148
53.69000 1371 37.0117
53.70000 1347 36.7607
53.71000 1386 37.2678
53.72000 1433 37.7964
53.73000 1401 37.5293
53.74000 1444 38.0693
53.75000 1393 37.2678
53.76000 1352 36.7607
53.77000 1375 37.0117
53.78000 1339 36.5148
53.79000 1395 37.2678
53.80000 1335 36.5148
53.81000 1420 37.7964
53.82000 1349 36.7607
53.83000 1304 36.0375
53.84000 1301 36.0375
53.85000 1378 37.0117
53.86000 1286 35.8057
53.87000 1332 36.5148
53.88000 1325 36.5148
53.89000 1225 34.9215
53.90000 1315 36.2738
53.91000 1279 35.8057
53.92000 1323 36.2738
53.93000 1233 35.1364
53.94000 1290 35.8057
53.95000 1278 35.8057
53.96000 1271 35.5784
53.97000 1174 34.2997
53.98000 1210 34.7105
53.99000 1183 34.2997
54.00000 1228 35.1364
54.01000 1234 35.1364
54.02000 1197 34.5033
54.03000 1225 34.9215
54.04000 1194 34.5033
54.05000 1225 34.9215
54.06000 1237 35.1364
54.07000 1200 34.7105
54.08000 1224 34.9215
54.09000 1162 34.0997
54.10000 1157 34.0997
54.11000 1232 35.1364
54.12000 1214 34.9215
54.13000 1125 33.5201
54.14000 1242 35.1364
54.15000 1195 34.5033
54.16000 1159 34.0997
54.17000 1226 34.9215
54.18000 1206 34.7105
54.19000 1208 34.7105
54.20000 1201 34.7105
54.21000 1201 34.7105
54.22000 1199 34.7105
54.23000 1207 34.7105
54.24000 1246 35.3553
54.25000 1186 34.5033
54.26000 1263 35.5784
54.27000 1250 35.3553
54.28000 1187 34.5033
54.29000 1247 35.3553
54.30000 1178 34.2997
54.31000 1236 35.1364
54.32000 1186 34.5033
54.33000 1188 34.5033
54.34000 1166 34.0997
54.35000 1201 34.7105
54.36000 1219 34.9215
54.37000 1145 33.9032
54.38000 1185 34.5033
54.39000 1202 34.7105
54.40000 1200 34.7105
54.41000 1265 35.5784
54.42000 1200 34.7105
54.43000 1183 34.2997
54.44000 1263 35.5784
54.45000 1163 34.0997
54.46000 1233 35.1364
54.47000 1309 36.2738
54.48000 1289 35.8057
54.49000 1201 34.7105
54.50000 1238 35.1364
54.51000 1272 35.5784
54.52000 1297 36.0375
54.53000 1274 35.8057
54.54000 1289 35.8057
54.55000 1311 36.2738
54.56000 1334 36.5148
54.57000 1311 36.2738
54.58000 1385 37.2678
54.59000 1322 36.2738
54.60000 1338 36.5148
54.61000 1396 37.2678
54.62000 1402 37.5293
54.63000 1396 37.2678
54.64000 1415 37.5293
54.65000 1415 37.5293
54.66000 1510 38.9249
54.67000 1456 38.0693
54.68000 1431 37.7964
54.69000 1411 37.5293
54.70000 1399 37.5293
54.71000 1390 37.2678
54.72000 1488 38.6334
54.73000 1447 38.0693
54.74000 1436 37.7964
54.75000 1466 38.3482
54.76000 1452 38.0693
54.77000 1405 37.5293
54.78000 1493 38.6334
54.79000 1480 38.3482
54.80000 1317 36.2738
54.81000 1381 37.2678
54.82000 1383 37.2678
54.83000 1388 37.2678
54.84000 1328 36.5148
54.85000 1354 36.7607
54.86000 1306 36.0375
54.87000 1289 35.8057
54.88000 1352 36.7607
54.89000 1335 36.5148
54.90000 1292 36.0375
54.91000 1257 35.3553
54.92000 1224 34.9215
54.93000 1207 34.7105
54.94000 1188 34.5033
54.95000 1207 34.7105
54.96000 1196 34.5033
54.97000 1173 34.2997
54.98000 1161 34.0997
54.99000 1120 33.5201
55.00000 1123 33.5201
55.01000 1123 33.5201
55.02000 1151 33.9032
55.03000 1091 32.969
55.04000 1126 33.5201
55.05000 1156 33.9032
55.06000 1129 33.5201
55.07000 1102 33.1497
55.08000 1074 32.7913
55.09000 1089 32.969
55.10000 1144 33.9032
55.11000 1100 33.1497
55.12000 1085 32.969
55.13000 1095 33.1497
55.14000 1122 33.5201
55.15000 1170 34.2997
55.16000 1102 33.1497
55.17000 1081 32.7913
55.18000 1148 33.9032
55.19000 1175 34.2997
55.20000 1095 33.1497
55.21000 1145 33.9032
55.22000 1097 33.1497
55.23000 1135 33.71
55.24000 1125 33.5201
55.25000 1126 33.5201
55.26000 1120 33.5201
55.27000 1066 32.6164
55.28000 1109 33.3333
55.29000 1110 33.3333
55.30000 1103 33.1497
55.31000 1188 34.5033
55.32000 1133 33.71
55.33000 1145 33.9032
55.34000 1163 34.0997
55.35000 1172 34.2997
55.36000 1084 32.969
55.37000 1062 32.6164
55.38000 1122 33.5201
55.39000 1161 34.0997
55.40000 1102 33.1497
55.41000 1161 34.0997
55.42000 1168 34.0997
55.43000 1132 33.71
55.44000 1122 33.5201
55.45000 1171 34.2997
55.46000 1190 34.5033
55.47000 1119 33.5201
55.48000 1147 33.9032
55.49000 1150 33.9032
55.50000 1119 33.5201
55.51000 1122 33.5201
55.52000 1095 33.1497
55.53000 1077 32.7913
55.54000 1085 32.969
55.55000 1101 33.1497
55.56000 1063 32.6164
55.57000 1089 32.969
55.58000 1086 32.969
55.59000 1102 33.1497
55.60000 1068 32.6164
55.61000 1156 33.9032
55.62000 1156 33.9032
55.63000 1129 33.5201
55.64000 1138 33.71
55.65000 1199 34.7105
55.66000 1198 34.7105
55.67000 1099 33.1497
55.68000 1161 34.0997
55.69000 1118 33.5201
55.70000 1188 34.5033
55.71000 1140 33.71
55.72000 1109 33.3333
55.73000 1140 33.71
55.74000 1155 33.9032
55.75000 1153 33.9032
55.76000 1135 33.71
55.77000 1136 33.71
55.78000 1176 34.2997
55.79000 1128 33.5201
55.80000 1104 33.1497
55.81000 1191 34.5033
55.82000 1142 33.71
55.83000 1073 32.7913
55.84000 1089 32.969
55.85000 1148 33.9032
55.86000 1128 33.5201
55.87000 1121 33.5201
55.88000 1109 33.3333
55.89000 1138 33.71
55.90000 1129 33.5201
55.91000 1054 32.4443
55.92000 1090 32.969
55.93000 1118 33.5201
55.94000 1116 33.3333
55.95000 1091 32.969
55.96000 1047 32.2749
55.97000 1055 32.4443
55.98000 1085 32.969
55.99000 1073 32.7913
56.00000 1014 31.7821
56.01000 1158 34.0997
56.02000 1063 32.6164
56.03000 1118 33.5201
56.04000 1082 32.969
56.05000 1137 33.71
56.06000 1061 32.6164
56.07000 1051 32.4443
56.08000 1017 31.9438
56.09000 1035 32.1081
56.10000 1091 32.969
56.11000 1067 32.6164
56.12000 1021 31.9438
56.13000 1039 32.2749
56.14000 1043 32.2749
56.15000 1057 32.4443
56.16000 1030 32.1081
56.17000 1075 32.7913
56.18000 1141 33.71
56.19000 1063 32.6164
56.20000 1063 32.6164
56.21000 1119 33.5201
56.22000 1041 32.2749
56.23000 1038 32.2749
56.24000 1049 32.4443
56.25000 1055 32.4443
56.26000 1090 32.969
56.27000 1117 33.3333
56.28000 1114 33.3333
56.29000 1083 32.969
56.30000 1097 33.1497
56.31000 1096 33.1497
56.32000 1074 32.7913
56.33000 1083 32.969
56.34000 1175 34.2997
56.35000 1129 33.5201
56.36000 1151 33.9032
56.37000 1115 33.3333
56.38000 1136 33.71
56.39000 1126 33.5201
56.40000 1162 34.0997
56.41000 1143 33.9032
56.42000 1163 34.0997
56.43000 1175 34.2997
56.44000 1167 34.0997
56.45000 1082 32.969
56.46000 1139 33.71
56.47000 1133 33.71
56.48000 1145 33.9032
56.49000 1089 32.969
56.50000 1114 33.3333
56.51000 1092 32.969
56.52000 1127 33.5201
56.53000 1106 33.3333
56.54000 1126 33.5201
56.55000 1090 32.969
56.56000 1097 33.1497
56.57000 1044 32.2749
56.58000 1046 32.2749
56.59000 1054 32.4443
56.60000 1070 32.7913
56.61000 1129 33.5201
56.62000 1088 32.969
56.63000 1049 32.4443
56.64000 1028 32.1081
56.65000 1109 33.3333
56.66000 1072 32.7913
56.67000 1020 31.9438
56.68000 1086 32.969
56.69000 1081 32.7913
56.70000 1074 32.7913
56.71000 1117 33.3333
56.72000 1052 32.4443
56.73000 1075 32.7913
56.74000 1080 32.7913
56.75000 1069 32.6164
56.76000 1092 32.969
56.77000 1079 32.7913
56.78000 1077 32.7913
56.79000 1155 33.9032
56.80000 1140 33.71
56.81000 1165 34.0997
56.82000 1097 33.1497
56.83000 1116 33.3333
56.84000 1127 33.5201
56.85000 1125 33.5201
56.86000 1126 33.5201
56.87000 1125 33.5201
56.88000 1137 33.71
56.89000 1131 33.71
56.90000 1137 33.71
56.91000 1083 32.969
56.92000 1092 32.969
56.93000 1012 31.7821
56.94000 1126 33.5201
56.95000 1163 34.0997
56.96000 1140 33.71
56.97000 1091 32.969
56.98000 1086 32.969
56.99000 1094 33.1497
57.00000 1096 33.1497
57.01000 1068 32.6164
57.02000 1081 32.7913
57.03000 1092 32.969
57.04000 1091 32.969
57.05000 1081 32.7913
57.06000 1128 33.5201
57.07000 1111 33.3333
57.08000 1072 32.7913
57.09000 1112 33.3333
57.10000 1074 32.7913
57.11000 992 31.4658
57.12000 1059 32.6164
57.13000 975 31.1588
57.14000 1033 32.1081
57.15000 1057 32.4443
57.16000 1041 32.2749
57.17000 1040 32.2749
57.18000 1059 32.6164
57.19000 996 31.6228
57.20000 1059 32.6164
57.21000 1009 31.7821
57.22000 1025 31.9438
57.23000 1105 33.3333
57.24000 1093 33.1497
57.25000 1059 32.6164
57.26000 1078 32.7913
57.27000 1105 33.3333
57.28000 1025 31.9438
57.29000 1047 32.2749
57.30000 1093 33.1497
57.31000 1059 32.6164
57.32000 1094 33.1497
57.33000 1051 32.4443
57.34000 1048 32.4443
57.35000 1015 31.7821
57.36000 1063 32.6164
57.37000 1023 31.9438
57.38000 1028 32.1081
57.39000 1007 31.7821
57.40000 1025 31.9438
57.41000 1031 32.1081
57.42000 1049 32.4443
57.43000 1053 32.4443
57.44000 1006 31.7821
57.45000 1042 32.2749
57.46000 1006 31.7821
57.47000 1019 31.9438
57.48000 1002 31.6228
57.49000 1007 31.7821
57.50000 1030 32.1081
57.51000 1027 32.1081
57.52000 1022 31.9438
57.53000 974 31.1588
57.54000 1054 32.4443
57.55000 1039 32.2749
57.56000 983 31.3112
57.57000 976 31.3112
57.58000 1038 32.2749
57.59000 992 31.4658
57.60000 1014 31.7821
57.61000 1030 32.1081
57.62000 1011 31.7821
57.63000 985 31.3112
57.64000 1033 32.1081
57.65000 1015 31.7821
57.66000 995 31.4658
57.67000 1043 32.2749
57.68000 1009 31.7821
57.69000 1014 31.7821
57.70000 1015 31.7821
57.71000 1048 32.4443
57.72000 1022 31.9438
57.73000 1041 32.2749
57.74000 1022 31.9438
57.75000 961 31.0087
57.76000 1015 31.7821
57.77000 973 31.1588
57.78000 1007 31.7821
57.79000 1029 32.1081
57.80000 1040 32.2749
57.81000 1041 32.2749
57.82000 1025 31.9438
57.83000 974 31.1588
57.84000 990 31.4658
57.85000 1029 32.1081
57.86000 1027 32.1081
57.87000 1008 31.7821
57.88000 1007 31.7821
57.89000 1030 32.1081
57.90000 1068 32.6164
57.91000 1027 32.1081
57.92000 1019 31.9438
57.93000 975 31.1588
57.94000 1058 32.4443
57.95000 1025 31.9438
57.96000 1013 31.7821
57.97000 991 31.4658
57.98000 1005 31.6228
57.99000 1014 31.7821
58.00000 977 31.3112
58.01000 1024 31.9438
58.02000 1057 32.4443
58.03000 1011 31.7821
58.04000 1027 32.1081
58.05000 1084 32.969
58.06000 1010 31.7821
58.07000 951 30.8607
58.08000 934 30.5709
58.09000 995 31.4658
58.10000 989 31.4658
58.11000 972 31.1588
58.12000 1001 31.6228
58.13000 965 31.0087
58.14000 926 30.429
58.15000 954 30.8607
58.16000 940 30.7148
58.17000 983 31.3112
58.18000 970 31.1588
58.19000 989 31.4658
58.20000 959 31.0087
58.21000 963 31.0087
58.22000 978 31.3112
58.23000 983 31.3112
58.24000 945 30.7148
58.25000 989 31.4658
58.26000 963 31.0087
58.27000 1003 31.6228
58.28000 949 30.8607
58.29000 969 31.1588
58.30000 1000 31.6228
58.31000 976 31.3112
58.32000 983 31.3112
58.33000 996 31.6228
58.34000 951 30.8607
58.35000 1004 31.6228
58.36000 984 31.3112
58.37000 986 31.4658
58.38000 976 31.3112
58.39000 1001 31.6228
58.40000 1007 31.7821
58.41000 963 31.0087
58.42000 997 31.6228
58.43000 955 30.8607
58.44000 948 30.8607
58.45000 993 31.4658
58.46000 967 31.1588
58.47000 958 31.0087
58.48000 973 31.1588
58.49000 1029 32.1081
58.50000 935 30.5709
58.51000 957 31.0087
58.52000 988 31.4658
58.53000 928 30.429
58.54000 1041 32.2749
58.55000 986 31.4658
58.56000 1007 31.7821
58.57000 978 31.3112
58.58000 961 31.0087
58.59000 980 31.3112
58.60000 1026 32.1081
58.61000 1003 31.6228
58.62000 1033 32.1081
58.63000 1029 32.1081
58.64000 1006 31.7821
58.65000 1041 32.2749
58.66000 1006 31.7821
58.67000 1052 32.4443
58.68000 980 31.3112
58.69000 979 31.3112
58.70000 1008 31.7821
58.71000 1054 32.4443
58.72000 1034 32.1081
58.73000 1036 32.1081
58.74000 973 31.1588
58.75000 1052 32.4443
58.76000 1047 32.2749
58.77000 993 31.4658
58.78000 1000 31.6228
58.79000 1024 31.9438
58.80000 1038 32.2749
58.81000 1037 32.2749
58.82000 1009 31.7821
58.83000 1039 32.2749
58.84000 986 31.4658
58.85000 1034 32.1081
58.86000 1001 31.6228
58.87000 1097 33.1497
58.88000 1011 31.7821
58.89000 1056 32.4443
58.90000 1039 32.2749
58.91000 1068 32.6164
58.92000 1102 33.1497
58.93000 1045 32.2749
58.94000 1040 32.2749
58.95000 1031 32.1081
58.96000 1008 31.7821
58.97000 991 31.4658
58.98000 1064 32.6164
58.99000 988 31.4658
59.00000 1041 32.2749
59.01000 1060 32.6164
59.02000 1051 32.4443
59.03000 1033 32.1081
59.04000 1026 32.1081
59.05000 1028 32.1081
59.06000 1024 31.9438
59.07000 1009 31.7821
59.08000 998 31.6228
59.09000 1024 31.9438
59.10000 1076 32.7913
59.11000 1052 32.4443
59.12000 1000 31.6228
59.13000 1010 31.7821
59.14000 1069 32.6164
59.15000 1014 31.7821
59.16000 1038 32.2749
59.17000 1057 32.4443
59.18000 1027 32.1081
59.19000 1013 31.7821
59.20000 1021 31.9438
59.21000 973 31.1588
59.22000 1036 32.1081
59.23000 974 31.1588
59.24000 1005 31.6228
59.25000 991 31.4658
59.26000 1022 31.9438
59.27000 1009 31.7821
59.28000 1010 31.7821
59.29000 999 31.6228
59.30000 1046 32.2749
59.31000 1031 32.1081
59.32000 994 31.4658
59.33000 1039 32.2749
59.34000 1028 32.1081
59.35000 1078 32.7913
59.36000 1051 32.4443
59.37000 1026 32.1081
59.38000 1005 31.6228
59.39000 1085 32.969
59.40000 1071 32.7913
59.41000 1029 32.1081
59.42000 1038 32.2749
59.43000 1040 32.2749
59.44000 1093 33.1497
59.45000 1053 32.4443
59.46000 1043 32.2749
59.47000 998 31.6228
59.48000 1068 32.6164
59.49000 1041 32.2749
59.50000 1034 32.1081
59.51000 1024 31.9438
59.52000 1014 31.7821
59.53000 990 31.4658
59.54000 1035 32.1081
59.55000 1043 32.2749
59.56000 967 31.1588
59.57000 998 31.6228
59.58000 1018 31.9438
59.59000 1001 31.6228
59.60000 977 31.3112
59.61000 1025 31.9438
59.62000 978 31.3112
59.63000 974 31.1588
59.64000 975 31.1588
59.65000 944 30.7148
59.66000 961 31.0087
59.67000 952 30.8607
59.68000 954 30.8607
59.69000 957 31.0087
59.70000 1019 31.9438
59.71000 989 31.4658
59.72000 948 30.8607
59.73000 982 31.3112
59.74000 984 31.3112
59.75000 972 31.1588
59.76000 987 31.4658
59.77000 964 31.0087
59.78000 905 30.1511
59.79000 953 30.8607
59.80000 930 30.429
59.81000 984 31.3112
59.82000 986 31.4658
59.83000 989 31.4658
59.84000 927 30.429
59.85000 957 31.0087
59.86000 973 31.1588
59.87000 982 31.3112
59.88000 1004 31.6228
59.89000 978 31.3112
59.90000 997 31.6228
59.91000 992 31.4658
59.92000 963 31.0087
59.93000 962 31.0087
59.94000 921 30.2891
59.95000 1010 31.7821
59.96000 966 31.0087
59.97000 998 31.6228
59.98000 990 31.4658
59.99000 1018 31.9438
60.00000 988 31.4658
60.01000 1000 31.6228
60.02000 1003 31.6228
60.03000 989 31.4658
60.04000 955 30.8607
60.05000 986 31.4658
60.06000 1013 31.7821
60.07000 1025 31.9438
60.08000 1011 31.7821
60.09000 1035 32.1081
60.10000 976 31.3112
60.11000 992 31.4658
60.12000 974 31.1588
60.13000 997 31.6228
60.14000 960 31.0087
60.15000 976 31.3112
60.16000 964 31.0087
60.17000 957 31.0087
60.18000 946 30.7148
60.19000 970 31.1588
60.20000 980 31.3112
60.21000 968 31.1588
60.22000 1010 31.7821
60.23000 964 31.0087
60.24000 990 31.4658
60.25000 1014 31.7821
60.26000 985 31.3112
60.27000 1000 31.6228
60.28000 961 31.0087
60.29000 949 30.8607
60.30000 961 31.0087
60.31000 948 30.8607
60.32000 924 30.429
60.33000 936 30.5709
60.34000 969 31.1588
60.35000 927 30.429
60.36000 922 30.429
60.37000 929 30.429
60.38000 933 30.5709
60.39000 948 30.8607
60.40000 965 31.0087
60.41000 977 31.3112
60.42000 938 30.5709
60.43000 953 30.8607
60.44000 923 30.429
60.45000 979 31.3112
60.46000 975 31.1588
60.47000 976 31.3112
60.48000 974 31.1588
60.49000 942 30.7148
60.50000 982 31.3112
60.51000 940 30.7148
60.52000 992 31.4658
60.53000 966 31.0087
60.54000 969 31.1588
60.55000 952 30.8607
60.56000 990 31.4658
60.57000 955 30.8607
60.58000 985 31.3112
60.59000 983 31.3112
60.60000 1022 31.9438
60.61000 994 31.4658
60.62000 970 31.1588
60.63000 1014 31.7821
60.64000 937 30.5709
60.65000 947 30.7148
60.66000 1039 32.2749
60.67000 954 30.8607
60.68000 976 31.3112
60.69000 1024 31.9438
60.70000 993 31.4658
60.71000 969 31.1588
60.72000 973 31.1588
60.73000 1047 32.2749
60.74000 993 31.4658
60.75000 994 31.4658
60.76000 951 30.8607
60.77000 1012 31.7821
60.78000 1042 32.2749
60.79000 1006 31.7821
60.80000 963 31.0087
60.81000 953 30.8607
60.82000 939 30.7148
60.83000 996 31.6228
60.84000 994 31.4658
60.85000 974 31.1588
60.86000 977 31.3112
60.87000 928 30.429
60.88000 951 30.8607
60.89000 963 31.0087
60.90000 1031 32.1081
60.91000 962 31.0087
60.92000 963 31.0087
60.93000 946 30.7148
60.94000 977 31.3112
60.95000 947 30.7148
60.96000 923 30.429
60.97000 932 30.5709
60.98000 987 31.4658
60.99000 932 30.5709
61.00000 940 30.7148
61.01000 983 31.3112
61.02000 984 31.3112
61.03000 914 30.2891
61.04000 1000 31.6228
61.05000 927 30.429
61.06000 949 30.8607
61.07000 930 30.429
61.08000 948 30.8607
61.09000 960 31.0087
61.10000 1003 31.6228
61.11000 918 30.2891
61.12000 933 30.5709
61.13000 950 30.8607
61.14000 892 29.8807
61.15000 989 31.4658
61.16000 939 30.7148
61.17000 941 30.7148
61.18000 931 30.5709
61.19000 952 30.8607
61.20000 972 31.1588
61.21000 981 31.3112
61.22000 949 30.8607
61.23000 958 31.0087
61.24000 943 30.7148
61.25000 961 31.0087
61.26000 929 30.429
61.27000 943 30.7148
61.28000 962 31.0087
61.29000 1017 31.9438
61.30000 965 31.0087
61.31000 939 30.7148
61.32000 982 31.3112
61.33000 935 30.5709
61.34000 1002 31.6228
61.35000 978 31.3112
61.36000 1023 31.9438
61.37000 983 31.3112
61.38000 988 31.4658
61.39000 978 31.3112
61.40000 966 31.0087
61.41000 945 30.7148
61.42000 983 31.3112
61.43000 974 31.1588
61.44000 971 31.1588
61.45000 1001 31.6228
61.46000 989 31.4658
61.47000 992 31.4658
61.48000 977 31.3112
61.49000 961 31.0087
61.50000 1030 32.1081
61.51000 974 31.1588
61.52000 951 30.8607
61.53000 1021 31.9438
61.54000 947 30.7148
61.55000 973 31.1588
61.56000 943 30.7148
61.57000 909 30.1511
61.58000 1007 31.7821
61.59000 1002 31.6228
61.60000 1003 31.6228
61.61000 1044 32.2749
61.62000 995 31.4658
61.63000 1009 31.7821
61.64000 929 30.429
61.65000 965 31.0087
61.66000 976 31.3112
61.67000 977 31.3112
61.68000 981 31.3112
61.69000 998 31.6228
61.70000 1025 31.9438
61.71000 1055 32.4443
61.72000 980 31.3112
61.73000 966 31.0087
61.74000 974 31.1588
61.75000 977 31.3112
61.76000 954 30.8607
61.77000 899 30.015
61.78000 970 31.1588
61.79000 937 30.5709
61.80000 1009 31.7821
61.81000 1042 32.2749
61.82000 985 31.3112
61.83000 932 30.5709
61.84000 956 30.8607
61.85000 979 31.3112
61.86000 979 31.3112
61.87000 1005 31.6228
61.88000 997 31.6228
61.89000 1002 31.6228
61.90000 968 31.1588
61.91000 998 31.6228
61.92000 957 31.0087
61.93000 989 31.4658
61.94000 1031 32.1081
61.95000 970 31.1588
61.96000 977 31.3112
61.97000 971 31.1588
61.98000 932 30.5709
61.99000 959 31.0087
62.00000 966 31.0087
62.01000 992 31.4658
62.02000 996 31.6228
62.03000 985 31.3112
62.04000 935 30.5709
62.05000 964 31.0087
62.06000 966 31.0087
62.07000 975 31.1588
62.08000 960 31.0087
62.09000 936 30.5709
62.10000 964 31.0087
62.11000 972 31.1588
62.12000 978 31.3112
62.13000 1003 31.6228
62.14000 962 31.0087
62.15000 947 30.7148
62.16000 970 31.1588
62.17000 968 31.1588
62.18000 996 31.6228
62.19000 979 31.3112
62.20000 919 30.2891
62.21000 914 30.2891
62.22000 985 31.3112
62.23000 999 31.6228
62.24000 979 31.3112
62.25000 953 30.8607
62.26000 975 31.1588
62.27000 994 31.4658
62.28000 1049 32.4443
62.29000 1002 31.6228
62.30000 1015 31.7821
62.31000 1003 31.6228
62.32000 1006 31.7821
62.33000 1053 32.4443
62.34000 1027 32.1081
62.35000 1032 32.1081
62.36000 1039 32.2749
62.37000 1009 31.7821
62.38000 1028 32.1081
62.39000 1102 33.1497
62.40000 1081 32.7913
62.41000 1093 33.1497
62.42000 1107 33.3333
62.43000 1007 31.7821
62.44000 1079 32.7913
62.45000 1160 34.0997
62.46000 1081 32.7913
62.47000 1114 33.3333
62.48000 1139 33.71
62.49000 1143 33.9032
62.50000 1105 33.3333
62.51000 1053 32.4443
62.52000 1097 33.1497
62.53000 1037 32.2749
62.54000 1063 32.6164
62.55000 1074 32.7913
62.56000 1042 32.2749
62.57000 1082 32.969
62.58000 1047 32.2749
62.59000 1053 32.4443
62.60000 1054 32.4443
62.61000 1019 31.9438
62.62000 1091 32.969
62.63000 991 31.4658
62.64000 1036 32.1081
62.65000 981 31.3112
62.66000 1035 32.1081
62.67000 964 31.0087
62.68000 976 31.3112
62.69000 1000 31.6228
62.70000 978 31.3112
62.71000 995 31.4658
62.72000 1045 32.2749
62.73000 950 30.8607
62.74000 957 31.0087
62.75000 1003 31.6228
62.76000 962 31.0087
62.77000 959 31.0087
62.78000 981 31.3112
62.79000 1038 32.2749
62.80000 953 30.8607
62.81000 998 31.6228
62.82000 948 30.8607
62.83000 864 29.361
62.84000 981 31.3112
62.85000 950 30.8607
62.86000 988 31.4658
62.87000 948 30.8607
62.88000 980 31.3112
62.89000 962 31.0087
62.90000 969 31.1588
62.91000 963 31.0087
62.92000 927 30.429
62.93000 954 30.8607
62.94000 960 31.0087
62.95000 946 30.7148
62.96000 913 30.1511
62.97000 902 30.015
62.98000 938 30.5709
62.99000 936 30.5709
63.00000 949 30.8607
63.01000 957 31.0087
63.02000 1000 31.6228
63.03000 939 30.7148
63.04000 928 30.429
63.05000 934 30.5709
63.06000 980 31.3112
63.07000 958 31.0087
63.08000 949 30.8607
63.09000 968 31.1588
63.10000 994 31.4658
63.11000 950 30.8607
63.12000 930 30.429
63.13000 1029 32.1081
63.14000 969 31.1588
63.15000 920 30.2891
63.16000 958 31.0087
63.17000 955 30.8607
63.18000 950 30.8607
63.19000 960 31.0087
63.20000 918 30.2891
63.21000 931 30.5709
63.22000 911 30.1511
63.23000 946 30.7148
63.24000 979 31.3112
63.25000 968 31.1588
63.26000 976 31.3112
63.27000 986 31.4658
63.28000 950 30.8607
63.29000 945 30.7148
63.30000 951 30.8607
63.31000 972 31.1588
63.32000 946 30.7148
63.33000 961 31.0087
63.34000 944 30.7148
63.35000 940 30.7148
63.36000 952 30.8607
63.37000 981 31.3112
63.38000 1019 31.9438
63.39000 986 31.4658
63.40000 974 31.1588
63.41000 995 31.4658
63.42000 1016 31.9438
63.43000 949 30.8607
63.44000 1016 31.9438
63.45000 970 31.1588
63.46000 969 31.1588
63.47000 976 31.3112
63.48000 968 31.1588
63.49000 968 31.1588
63.50000 987 31.4658
63.51000 964 31.0087
63.52000 957 31.0087
63.53000 986 31.4658
63.54000 937 30.5709
63.55000 1003 31.6228
63.56000 953 30.8607
63.57000 994 31.4658
63.58000 954 30.8607
63.59000 942 30.7148
63.60000 967 31.1588
63.61000 1041 32.2749
63.62000 1020 31.9438
63.63000 952 30.8607
63.64000 934 30.5709
63.65000 1015 31.7821
63.66000 962 31.0087
63.67000 992 31.4658
63.68000 945 30.7148
63.69000 965 31.0087
63.70000 954 30.8607
63.71000 1012 31.7821
63.72000 970 31.1588
63.73000 1012 31.7821
63.74000 979 31.3112
63.75000 972 31.1588
63.76000 953 30.8607
63.77000 945 30.7148
63.78000 1003 31.6228
63.79000 1039 32.2749
63.80000 948 30.8607
63.81000 949 30.8607
63.82000 981 31.3112
63.83000 928 30.429
63.84000 964 31.0087
63.85000 1017 31.9438
63.86000 978 31.3112
63.87000 990 31.4658
63.88000 951 30.8607
63.89000 950 30.8607
63.90000 979 31.3112
63.91000 957 31.0087
63.92000 999 31.6228
63.93000 918 30.2891
63.94000 906 30.1511
63.95000 965 31.0087
63.96000 929 30.429
63.97000 898 30.015
63.98000 926 30.429
63.99000 932 30.5709
64.00000 891 29.8807
64.01000 931 30.5709
64.02000 959 31.0087
64.03000 924 30.429
64.04000 894 29.8807
64.05000 921 30.2891
64.06000 907 30.1511
64.07000 937 30.5709
64.08000 960 31.0087
64.09000 901 30.015
64.10000 976 31.3112
64.11000 966 31.0087
64.12000 931 30.5709
64.13000 906 30.1511
64.14000 918 30.2891
64.15000 940 30.7148
64.16000 935 30.5709
64.17000 896 29.8807
64.18000 928 30.429
64.19000 982 31.3112
64.20000 949 30.8607
64.21000 900 30.015
64.22000 920 30.2891
64.23000 906 30.1511
64.24000 943 30.7148
64.25000 943 30.7148
64.26000 1000 31.6228
64.27000 952 30.8607
64.28000 970 31.1588
64.29000 954 30.8607
64.30000 913 30.1511
64.31000 967 31.1588
64.32000 982 31.3112
64.33000 908 30.1511
64.34000 903 30.015
64.35000 938 30.5709
64.36000 947 30.7148
64.37000 943 30.7148
64.38000 949 30.8607
64.39000 943 30.7148
64.40000 961 31.0087
64.41000 913 30.1511
64.42000 964 31.0087
64.43000 951 30.8607
64.44000 929 30.429
64.45000 930 30.429
64.46000 926 30.429
64.47000 968 31.1588
64.48000 913 30.1511
64.49000 977 31.3112
64.50000 951 30.8607
64.51000 912 30.1511
64.52000 923 30.429
64.53000 937 30.5709
64.54000 939 30.7148
64.55000 970 31.1588
64.56000 922 30.429
64.57000 908 30.1511
64.58000 982 31.3112
64.59000 981 31.3112
64.60000 953 30.8607
64.61000 991 31.4658
64.62000 965 31.0087
64.63000 930 30.429
64.64000 952 30.8607
64.65000 988 31.4658
64.66000 981 31.3112
64.67000 920 30.2891
64.68000 926 30.429
64.69000 944 30.7148
64.70000 967 31.1588
64.71000 962 31.0087
64.72000 961 31.0087
64.73000 915 30.2891
64.74000 956 30.8607
64.75000 937 30.5709
64.76000 934 30.5709
64.77000 949 30.8607
64.78000 968 31.1588
64.79000 976 31.3112
64.80000 998 31.6228
64.81000 914 30.2891
64.82000 948 30.8607
64.83000 938 30.5709
64.84000 932 30.5709
64.85000 899 30.015
64.86000 948 30.8607
64.87000 977 31.3112
64.88000 924 30.429
64.89000 986 31.4658
64.90000 936 30.5709
64.91000 889 29.8807
64.92000 972 31.1588
64.93000 916 30.2891
64.94000 943 30.7148
64.95000 958 31.0087
64.96000 944 30.7148
64.97000 936 30.5709
64.98000 939 30.7148
64.99000 930 30.429
65.00000 915 30.2891
65.01000 939 30.7148
65.02000 938 30.5709
65.03000 912 30.1511
65.04000 912 30.1511
65.05000 945 30.7148
65.06000 946 30.7148
65.07000 931 30.5709
65.08000 921 30.2891
65.09000 926 30.429
65.10000 926 30.429
65.11000 906 30.1511
65.12000 908 30.1511
65.13000 928 30.429
65.14000 933 30.5709
65.15000 904 30.015
65.16000 944 30.7148
65.17000 888 29.7482
65.18000 929 30.429
65.19000 888 29.7482
65.20000 957 31.0087
65.21000 924 30.429
65.22000 914 30.2891
65.23000 922 30.429
65.24000 935 30.5709
65.25000 920 30.2891
65.26000 941 30.7148
65.27000 941 30.7148
65.28000 941 30.7148
65.29000 924 30.429
65.30000 945 30.7148
65.31000 926 30.429
65.32000 952 30.8607
65.33000 868 29.4884
65.34000 916 30.2891
65.35000 939 30.7148
65.36000 886 29.7482
65.37000 891 29.8807
65.38000 929 30.429
65.39000 899 30.015
65.40000 938 30.5709
65.41000 928 30.429
65.42000 957 31.0087
65.43000 914 30.2891
65.44000 932 30.5709
65.45000 915 30.2891
65.46000 931 30.5709
65.47000 920 30.2891
65.48000 930 30.429
65.49000 914 30.2891
65.50000 918 30.2891
65.51000 912 30.1511
65.52000 920 30.2891
65.53000 941 30.7148
65.54000 937 30.5709
65.55000 980 31.3112
65.56000 930 30.429
65.57000 968 31.1588
65.58000 987 31.4658
65.59000 959 31.0087
65.60000 920 30.2891
65.61000 965 31.0087
65.62000 944 30.7148
65.63000 921 30.2891
65.64000 944 30.7148
65.65000 954 30.8607
65.66000 991 31.4658
65.67000 933 30.5709
65.68000 943 30.7148
65.69000 951 30.8607
65.70000 974 31.1588
65.71000 960 31.0087
65.72000 1003 31.6228
65.73000 941 30.7148
65.74000 950 30.8607
65.75000 946 30.7148
65.76000 967 31.1588
65.77000 984 31.3112
65.78000 947 30.7148
65.79000 965 31.0087
65.80000 958 31.0087
65.81000 1012 31.7821
65.82000 995 31.4658
65.83000 950 30.8607
65.84000 955 30.8607
65.85000 974 31.1588
65.86000 974 31.1588
65.87000 962 31.0087
65.88000 961 31.0087
65.89000 958 31.0087
65.90000 990 31.4658
65.91000 957 31.0087
65.92000 950 30.8607
65.93000 971 31.1588
65.94000 948 30.8607
65.95000 917 30.2891
65.96000 981 31.3112
65.97000 966 31.0087
65.98000 975 31.1588
65.99000 963 31.0087
66.00000 937 30.5709
66.01000 976 31.3112
66.02000 1025 31.9438
66.03000 943 30.7148
66.04000 970 31.1588
66.05000 930 30.429
66.06000 984 31.3112
66.07000 936 30.5709
66.08000 962 31.0087
66.09000 997 31.6228
66.10000 969 31.1588
66.11000 904 30.015
66.12000 967 31.1588
66.13000 969 31.1588
66.14000 943 30.7148
66.15000 998 31.6228
66.16000 939 30.7148
66.17000 909 30.1511
66.18000 952 30.8607
66.19000 935 30.5709
66.20000 944 30.7148
66.21000 978 31.3112
66.22000 923 30.429
66.23000 958 31.0087
66.24000 970 31.1588
66.25000 972 31.1588
66.26000 953 30.8607
66.27000 978 31.3112
66.28000 994 31.4658
66.29000 926 30.429
66.30000 943 30.7148
66.31000 963 31.0087
66.32000 975 31.1588
66.33000 962 31.0087
66.34000 952 30.8607
66.35000 968 31.1588
66.36000 972 31.1588
66.37000 954 30.8607
66.38000 943 30.7148
66.39000 955 30.8607
66.40000 885 29.7482
66.41000 918 30.2891
66.42000 956 30.8607
66.43000 908 30.1511
66.44000 976 31.3112
66.45000 973 31.1588
66.46000 930 30.429
66.47000 982 31.3112
66.48000 959 31.0087
66.49000 949 30.8607
66.50000 986 31.4658
66.51000 935 30.5709
66.52000 942 30.7148
66.53000 939 30.7148
66.54000 986 31.4658
66.55000 1035 32.1081
66.56000 926 30.429
66.57000 959 31.0087
66.58000 963 31.0087
66.59000 931 30.5709
66.60000 949 30.8607
66.61000 927 30.429
66.62000 968 31.1588
66.63000 982 31.3112
66.64000 1001 31.6228
66.65000 984 31.3112
66.66000 1000 31.6228
66.67000 1012 31.7821
66.68000 942 30.7148
66.69000 935 30.5709
66.70000 996 31.6228
66.71000 956 30.8607
66.72000 1016 31.9438
66.73000 957 31.0087
66.74000 949 30.8607
66.75000 1021 31.9438
66.76000 989 31.4658
66.77000 968 31.1588
66.78000 994 31.4658
66.79000 1003 31.6228
66.80000 999 31.6228
66.81000 944 30.7148
66.82000 967 31.1588
66.83000 994 31.4658
66.84000 998 31.6228
66.85000 1019 31.9438
66.86000 935 30.5709
66.87000 994 31.4658
66.88000 985 31.3112
66.89000 960 31.0087
66.90000 1022 31.9438
66.91000 980 31.3112
66.92000 965 31.0087
66.93000 935 30.5709
66.94000 931 30.5709
66.95000 967 31.1588
66.96000 966 31.0087
66.97000 937 30.5709
66.98000 949 30.8607
66.99000 1021 31.9438
67.00000 950 30.8607
67.01000 972 31.1588
67.02000 908 30.1511
67.03000 914 30.2891
67.04000 918 30.2891
67.05000 959 31.0087
67.06000 921 30.2891
67.07000 974 31.1588
67.08000 908 30.1511
67.09000 978 31.3112
67.10000 961 31.0087
67.11000 919 30.2891
67.12000 911 30.1511
67.13000 885 29.7482
67.14000 933 30.5709
67.15000 978 31.3112
67.16000 902 30.015
67.17000 959 31.0087
67.18000 926 30.429
67.19000 909 30.1511
67.20000 936 30.5709
67.21000 883 29.7482
67.22000 933 30.5709
67.23000 918 30.2891
67.24000 946 30.7148
67.25000 899 30.015
67.26000 948 30.8607
67.27000 938 30.5709
67.28000 925 30.429
67.29000 941 30.7148
67.30000 946 30.7148
67.31000 886 29.7482
67.32000 922 30.429
67.33000 937 30.5709
67.34000 966 31.0087
67.35000 929 30.429
67.36000 903 30.015
67.37000 928 30.429
67.38000 946 30.7148
67.39000 987 31.4658
67.40000 944 30.7148
67.41000 946 30.7148
67.42000 967 31.1588
67.43000 928 30.429
67.44000 964 31.0087
67.45000 924 30.429
67.46000 933 30.5709
67.47000 970 31.1588
67.48000 975 31.1588
67.49000 986 31.4658
67.50000 990 31.4658
67.51000 969 31.1588
67.52000 993 31.4658
67.53000 942 30.7148
67.54000 960 31.0087
67.55000 982 31.3112
67.56000 953 30.8607
67.57000 950 30.8607
67.58000 981 31.3112
67.59000 1015 31.7821
67.60000 958 31.0087
67.61000 987 31.4658
67.62000 983 31.3112
67.63000 963 31.0087
67.64000 887 29.7482
67.65000 951 30.8607
67.66000 955 30.8607
67.67000 969 31.1588
67.68000 948 30.8607
67.69000 935 30.5709
67.70000 974 31.1588
67.71000 911 30.1511
67.72000 954 30.8607
67.73000 930 30.429
67.74000 945 30.7148
67.75000 887 29.7482
67.76000 951 30.8607
67.77000 956 30.8607
67.78000 919 30.2891
67.79000 989 31.4658
67.80000 912 30.1511
67.81000 937 30.5709
67.82000 963 31.0087
67.83000 978 31.3112
67.84000 925 30.429
67.85000 971 31.1588
67.86000 955 30.8607
67.87000 929 30.429
67.88000 907 30.1511
67.89000 904 30.015
67.90000 965 31.0087
67.91000 884 29.7482
67.92000 909 30.1511
67.93000 909 30.1511
67.94000 928 30.429
67.95000 874 29.6174
67.96000 932 30.5709
67.97000 873 29.4884
67.98000 942 30.7148
67.99000 947 30.7148
68.00000 908 30.1511
68.01000 943 30.7148
68.02000 900 30.015
68.03000 898 30.015
68.04000 912 30.1511
68.05000 929 30.429
68.06000 882 29.7482
68.07000 902 30.015
68.08000 950 30.8607
68.09000 921 30.2891
68.10000 917 30.2891
68.11000 904 30.015
68.12000 941 30.7148
68.13000 877 29.6174
68.14000 920 30.2891
68.15000 898 30.015
68.16000 939 30.7148
68.17000 862 29.361
68.18000 897 30.015
68.19000 908 30.1511
68.20000 890 29.8807
68.21000 905 30.1511
68.22000 973 31.1588
68.23000 923 30.429
68.24000 947 30.7148
68.25000 901 30.015
68.26000 923 30.429
68.27000 863 29.361
68.28000 912 30.1511
68.29000 900 30.015
68.30000 904 30.015
68.31000 906 30.1511
68.32000 938 30.5709
68.33000 906 30.1511
68.34000 890 29.8807
68.35000 893 29.8807
68.36000 907 30.1511
68.37000 925 30.429
68.38000 855 29.2353
68.39000 954 30.8607
68.40000 874 29.6174
68.41000 908 30.1511
68.42000 934 30.5709
68.43000 892 29.8807
68.44000 864 29.361
68.45000 902 30.015
68.46000 890 29.8807
68.47000 890 29.8807
68.48000 876 29.6174
68.49000 878 29.6174
68.50000 873 29.4884
68.51000 880 29.6174
68.52000 924 30.429
68.53000 904 30.015
68.54000 904 30.015
68.55000 896 29.8807
68.56000 964 31.0087
68.57000 866 29.4884
68.58000 881 29.6174
68.59000 934 30.5709
68.60000 880 29.6174
68.61000 914 30.2891
68.62000 900 30.015
68.63000 895 29.8807
68.64000 915 30.2891
68.65000 932 30.5709
68.66000 947 30.7148
68.67000 947 30.7148
68.68000 915 30.2891
68.69000 929 30.429
68.70000 905 30.1511
68.71000 905 30.1511
68.72000 885 29.7482
68.73000 896 29.8807
68.74000 906 30.1511
68.75000 897 30.015
68.76000 908 30.1511
68.77000 855 29.2353
68.78000 886 29.7482
68.79000 904 30.015
68.80000 890 29.8807
68.81000 939 30.7148
68.82000 894 29.8807
68.83000 925 30.429
68.84000 866 29.4884
68.85000 850 29.1111
68.86000 859 29.361
68.87000 897 30.015
68.88000 941 30.7148
68.89000 932 30.5709
68.90000 918 30.2891
68.91000 885 29.7482
68.92000 956 30.8607
68.93000 922 30.429
68.94000 952 30.8607
68.95000 964 31.0087
68.96000 945 30.7148
68.97000 929 30.429
68.98000 888 29.7482
68.99000 934 30.5709
69.00000 913 30.1511
