# columns: two_theta_deg intensity sigma
0.50080 5586.64 74.7438
0.50330 5658.36 75.2221
0.50580 5716.96 75.6106
0.50830 5761.23 75.9028
0.51080 5822.48 76.3052
0.51330 5877.13 76.6624
0.51580 5924.36 76.9699
0.51830 5960.6 77.2049
0.52080 6005.74 77.4967
0.52330 6060.23 77.8474
0.52580 6087.66 78.0235
0.52830 6134.91 78.3257
0.53080 6202.02 78.7529
0.53330 6258.93 79.1134
0.53580 6300.74 79.3772
0.53830 6328.37 79.5511
0.54080 6388.7 79.9294
0.54330 6433.13 80.2068
0.54580 6463.64 80.3968
0.54830 6539.03 80.8643
0.55080 6590.11 81.1795
0.55330 6619.47 81.3601
0.55580 6658.6 81.6003
0.55830 6676.97 81.7127
0.56080 6678.87 81.7243
0.56330 6724.88 82.0054
0.56580 6790.2 82.4027
0.56830 6869.75 82.884
0.57080 6904.82 83.0953
0.57330 6947.48 83.3516
0.57580 6996.93 83.6476
0.57830 7056.4 84.0024
0.58080 7082.93 84.1601
0.58330 7085.84 84.1774
0.58580 7126.74 84.42
0.58830 7178.8 84.7278
0.59080 7237.73 85.0748
0.59330 7274.27 85.2893
0.59580 7300.82 85.4448
0.59830 7321.97 85.5685
0.60080 7366.78 85.83
0.60330 7421.69 86.1492
0.60580 7482.1 86.4991
0.60830 7524.42 86.7434
0.61080 7535.8 86.809
0.61330 7531.78 86.7859
0.61580 7585.26 87.0934
0.61830 7645.37 87.4378
0.62080 7705.03 87.7783
0.62330 7722.25 87.8763
0.62580 7743.71 87.9984
0.62830 7768.3 88.138
0.63080 7795.9 88.2944
0.63330 7821.39 88.4386
0.63580 7848.32 88.5907
0.63830 7895.59 88.8571
0.64080 7921.72 89.004
0.64330 7940.48 89.1094
0.64580 7996.05 89.4206
0.64830 8048.27 89.7121
0.65080 8094.3 89.9683
0.65330 8113.45 90.0747
0.65580 8148.85 90.271
0.65830 8186.48 90.4792
0.66080 8183.19 90.461
0.66330 8204.58 90.5791
0.66580 8241.9 90.7849
0.66830 8293.35 91.0678
0.67080 8322.86 91.2297
0.67330 8344.46 91.348
0.67580 8384.65 91.5677
0.67830 8389 91.5915
0.68080 8389.48 91.5941
0.68330 8459.81 91.9772
0.68580 8516.93 92.2872
0.68830 8560.34 92.5221
0.69080 8569.87 92.5736
0.69330 8601.21 92.7427
0.69580 8638.92 92.9458
0.69830 8659.79 93.058
0.70080 8676.04 93.1453
0.70330 8693.18 93.2372
0.70580 8722.71 93.3955
0.70830 8737.05 93.4722
0.71080 8751.47 93.5493
0.71330 8792.24 93.767
0.71580 8810.36 93.8635
0.71830 8822.11 93.9261
0.72080 8845.43 94.0501
0.72330 8876.67 94.2161
0.72580 8917.7 94.4336
0.72830 8982.45 94.7758
0.73080 9017.46 94.9603
0.73330 9035.64 95.056
0.73580 9035.36 95.0545
0.73830 9073.05 95.2526
0.74080 9103.87 95.4142
0.74330 9066.68 95.2191
0.74580 9077.49 95.2759
0.74830 9109.65 95.4445
0.75080 9155.48 95.6843
0.75330 9182.68 95.8263
0.75580 9199.65 95.9148
0.75830 9204.91 95.9422
0.76080 9248.66 96.1699
0.76330 9289.14 96.3802
0.76580 9284.74 96.3574
0.76830 9319.93 96.5398
0.77080 9352.5 96.7083
0.77330 9344.4 96.6664
0.77580 9363.1 96.7631
0.77830 9403.11 96.9696
0.78080 9478.26 97.3564
0.78330 9528.78 97.6155
0.78580 9550.51 97.7267
0.78830 9517.19 97.5561
0.79080 9532.38 97.6339
0.79330 9551.51 97.7318
0.79580 9548.64 97.7171
0.79830 9579.39 97.8743
0.80080 9606.82 98.0144
0.80330 9606.59 98.0132
0.80580 9656.11 98.2655
0.80830 9696.79 98.4723
0.81080 9690.66 98.4411
0.81330 9712.89 98.554
0.81580 9738.95 98.6861
0.81830 9759.25 98.7889
0.82080 9785.19 98.9201
0.82330 9816.08 99.0761
0.82580 9854.66 99.2706
0.82830 9914.32 99.5707
0.83080 9942.03 99.7097
0.83330 9897.27 99.485
0.83580 9906.85 99.5332
0.83830 9914.76 99.5729
0.84080 9899.15 99.4945
0.84330 9941.53 99.7072
0.84580 9986.79 99.9339
0.84830 10017.7 100.089
0.85080 10027.2 100.136
0.85330 10051 100.255
0.85580 10107.4 100.535
0.85830 10140.2 100.699
0.86080 10141.3 100.704
0.86330 10094.2 100.47
0.86580 10118.4 100.59
0.86830 10162.5 100.809
0.87080 10221.8 101.103
0.87330 10235.8 101.172
0.87580 10233.7 101.162
0.87830 10215.7 101.073
0.88080 10234.1 101.164
0.88330 10244.5 101.215
0.88580 10235.1 101.169
0.88830 10248.5 101.235
0.89080 10271.1 101.346
0.89330 10303.5 101.506
0.89580 10346.6 101.718
0.89830 10382.6 101.895
0.90080 10406.7 102.013
0.90330 10421.8 102.087
0.90580 10431.3 102.134
0.90830 10434.1 102.148
0.91080 10423.3 102.095
0.91330 10421.3 102.085
0.91580 10432.9 102.141
0.91830 10467.7 102.312
0.92080 10491.1 102.426
0.92330 10497.1 102.455
0.92580 10518 102.557
0.92830 10533 102.63
0.93080 10539 102.66
0.93330 10596 102.937
0.93580 10632.8 103.116
0.93830 10641.1 103.156
0.94080 10597.3 102.943
0.94330 10593.2 102.923
0.94580 10639.4 103.147
0.94830 10616.1 103.035
0.95080 10616.3 103.036
0.95330 10646.8 103.183
0.95580 10687.2 103.379
0.95830 10700.8 103.445
0.96080 10684.3 103.365
0.96330 10713.7 103.507
0.96580 10731.3 103.592
0.96830 10735.1 103.61
0.97080 10755.6 103.709
0.97330 10792.8 103.888
0.97580 10847.1 104.149
0.97830 10853.9 104.182
0.98080 10865.7 104.239
0.98330 10882.9 104.321
0.98580 10883.1 104.322
0.98830 10908 104.441
0.99080 10956.4 104.673
0.99330 10950.7 104.646
0.99580 10966 104.719
0.99830 11001.9 104.89
1.00080 11082.5 105.273
1.00330 11146.5 105.577
1.00580 11195.1 105.807
1.00830 11229.2 105.968
1.01080 11255.7 106.093
1.01330 11277.7 106.197
1.01580 11362.6 106.595
1.01830 11435.6 106.937
1.02080 11498.5 107.231
1.02330 11558.9 107.512
1.02580 11600.3 107.705
1.02830 11628.2 107.834
1.03080 11696.3 108.149
1.03330 11748.2 108.389
1.03580 11786.6 108.566
1.03830 11815.8 108.701
1.04080 11851.4 108.864
1.04330 11891.9 109.05
1.04580 11933.7 109.242
1.04830 11980.4 109.455
1.05080 12026.2 109.664
1.05330 12017.7 109.625
1.05580 12018.8 109.63
1.05830 12027.3 109.669
1.06080 12040.4 109.729
1.06330 12085.3 109.933
1.06580 12152.1 110.236
1.06830 12215.4 110.523
1.07080 12243.2 110.649
1.07330 12247.3 110.667
1.07580 12252.3 110.69
1.07830 12293.7 110.877
1.08080 12349.4 111.128
1.08330 12328.4 111.034
1.08580 12363 111.189
1.08830 12420.6 111.448
1.09080 12389.2 111.307
1.09330 12423.2 111.459
1.09580 12487.7 111.748
1.09830 12486.3 111.742
1.10080 12512.4 111.859
1.10330 12551.8 112.035
1.10580 12572 112.125
1.10830 12589.8 112.204
1.11080 12603.3 112.265
1.11330 12598.4 112.243
1.11580 12646.7 112.458
1.11830 12709.8 112.738
1.12080 12691.6 112.657
1.12330 12684.3 112.625
1.12580 12681.5 112.612
1.12830 12671.3 112.567
1.13080 12691 112.655
1.13330 12726.9 112.814
1.13580 12767.5 112.993
1.13830 12786.2 113.076
1.14080 12792.2 113.102
1.14330 12788.9 113.088
1.14580 12800.8 113.141
1.14830 12824.4 113.245
1.15080 12868.1 113.438
1.15330 12892.2 113.544
1.15580 12904.3 113.597
1.15830 12902.8 113.591
1.16080 12891.4 113.54
1.16330 12885.3 113.514
1.16580 12918.2 113.658
1.16830 12960.6 113.845
1.17080 12996.3 114.001
1.17330 12991.3 113.979
1.17580 13009.8 114.061
1.17830 13030.9 114.153
1.18080 13026.9 114.136
1.18330 13076.8 114.354
1.18580 13132.6 114.598
1.18830 13137.1 114.617
1.19080 13100.8 114.459
1.19330 13073.4 114.339
1.19580 13125.8 114.568
1.19830 13141.4 114.636
1.20080 13141.6 114.637
1.20330 13134.6 114.606
1.20580 13174.9 114.782
1.20830 13218.1 114.97
1.21080 13221.7 114.986
1.21330 13224.9 115
1.21580 13225 115
1.21830 13216.5 114.963
1.22080 13222.6 114.99
1.22330 13244.2 115.084
1.22580 13296.1 115.309
1.22830 13336.1 115.482
1.23080 13356.6 115.571
1.23330 13335.2 115.478
1.23580 13346.6 115.527
1.23830 13368.2 115.621
1.24080 13392.1 115.724
1.24330 13374.5 115.648
1.24580 13354.3 115.561
1.24830 13355.3 115.565
1.25080 13375.9 115.654
1.25330 13405.3 115.781
1.25580 13443.3 115.945
1.25830 13457.4 116.006
1.26080 13458.5 116.011
1.26330 13443.5 115.946
1.26580 13479.6 116.102
1.26830 13525.5 116.299
1.27080 13567 116.478
1.27330 13576 116.516
1.27580 13575.5 116.514
1.27830 13570 116.49
1.28080 13626.7 116.733
1.28330 13670.1 116.919
1.28580 13660.5 116.878
1.28830 13640.7 116.793
1.29080 13638.7 116.785
1.29330 13674.9 116.94
1.29580 13667.2 116.907
1.29830 13664.8 116.897
1.30080 13687.9 116.995
1.30330 13679.1 116.958
1.30580 13671.9 116.927
1.30830 13677.3 116.95
1.31080 13687.3 116.993
1.31330 13707.8 117.08
1.31580 13745.3 117.24
1.31830 13737.8 117.208
1.32080 13747.4 117.249
1.32330 13797.3 117.462
1.32580 13826.2 117.585
1.32830 13850 117.686
1.33080 13870.2 117.772
1.33330 13843.1 117.657
1.33580 13826.7 117.587
1.33830 13837 117.631
1.34080 13832.4 117.611
1.34330 13835.3 117.623
1.34580 13852.1 117.695
1.34830 13837.8 117.634
1.35080 13859.9 117.728
1.35330 13940.3 118.069
1.35580 13985.2 118.259
1.35830 13999.2 118.318
1.36080 13974.4 118.213
1.36330 13955.7 118.134
1.36580 13968.9 118.19
1.36830 14024.8 118.426
1.37080 14011.9 118.372
1.37330 13995.6 118.303
1.37580 13981.8 118.245
1.37830 13957.6 118.142
1.38080 13941.9 118.076
1.38330 13938.3 118.061
1.38580 13959.2 118.149
1.38830 13980.6 118.24
1.39080 14001 118.326
1.39330 13987.4 118.268
1.39580 13997.5 118.311
1.39830 14038.2 118.483
1.40080 14075.5 118.64
1.40330 14083.4 118.673
1.40580 14057.2 118.563
1.40830 14031.2 118.453
1.41080 14014.9 118.385
1.41330 14009.6 118.362
1.41580 14084 118.676
1.41830 14102.3 118.753
1.42080 14057.6 118.565
1.42330 14061.3 118.58
1.42580 14067.5 118.606
1.42830 14075.3 118.639
1.43080 14087.2 118.689
1.43330 14134.8 118.89
1.43580 14218.7 119.242
1.43830 14222.1 119.256
1.44080 14206.3 119.19
1.44330 14171.8 119.046
1.44580 14174.2 119.056
1.44830 14171.9 119.046
1.45080 14165.1 119.017
1.45330 14165.7 119.02
1.45580 14174.6 119.057
1.45830 14190.7 119.125
1.46080 14185 119.101
1.46330 14175.1 119.059
1.46580 14161.7 119.003
1.46830 14153.7 118.969
1.47080 14153.4 118.968
1.47330 14161.8 119.003
1.47580 14212.8 119.217
1.47830 14254.2 119.391
1.48080 14283.6 119.514
1.48330 14235.4 119.312
1.48580 14226.5 119.275
1.48830 14249.9 119.373
1.49080 14282.5 119.51
1.49330 14287.2 119.529
1.49580 14271.8 119.465
1.49830 14281.4 119.505
1.50080 14284 119.516
1.50330 14282.8 119.511
1.50580 14302.7 119.594
1.50830 14328.3 119.701
1.51080 14351 119.796
1.51330 14294.1 119.558
1.51580 14283.4 119.513
1.51830 14308.1 119.617
1.52080 14361.8 119.841
1.52330 14384.5 119.936
1.52580 14385.1 119.938
1.52830 14375.7 119.899
1.53080 14424.9 120.104
1.53330 14498.2 120.409
1.53580 14451.6 120.215
1.53830 14409.2 120.039
1.54080 14378.3 119.91
1.54330 14414.3 120.059
1.54580 14452.5 120.219
1.54830 14481.8 120.34
1.55080 14437.6 120.157
1.55330 14459.2 120.246
1.55580 14507.6 120.447
1.55830 14475.6 120.315
1.56080 14441.2 120.172
1.56330 14414 120.058
1.56580 14440 120.167
1.56830 14452.8 120.22
1.57080 14464.1 120.267
1.57330 14509.4 120.455
1.57580 14523.9 120.515
1.57830 14528.3 120.533
1.58080 14565.6 120.688
1.58330 14571.5 120.712
1.58580 14563.4 120.679
1.58830 14565.9 120.689
1.59080 14567.6 120.696
1.59330 14570.4 120.708
1.59580 14579.8 120.747
1.59830 14566.9 120.694
1.60080 14556.6 120.651
1.60330 14605.8 120.854
1.60580 14645.3 121.018
1.60830 14670.8 121.123
1.61080 14654.4 121.056
1.61330 14632.8 120.966
1.61580 14622.2 120.922
1.61830 14666.6 121.106
1.62080 14643.2 121.009
1.62330 14609.3 120.869
1.62580 14645.4 121.018
1.62830 14620.6 120.916
1.63080 14589.8 120.788
1.63330 14628 120.946
1.63580 14624 120.93
1.63830 14615.1 120.893
1.64080 14646.9 121.024
1.64330 14640.1 120.996
1.64580 14626.8 120.941
1.64830 14640.7 120.999
1.65080 14629.4 120.952
1.65330 14620.6 120.916
1.65580 14649.2 121.034
1.65830 14629.4 120.952
1.66080 14597.1 120.818
1.66330 14577.9 120.739
1.66580 14595.8 120.813
1.66830 14603.5 120.845
1.67080 14545.5 120.605
1.67330 14548.7 120.618
1.67580 14567.6 120.696
1.67830 14576.1 120.732
1.68080 14618.6 120.908
1.68330 14663.6 121.093
1.68580 14687.4 121.192
1.68830 14674 121.136
1.69080 14653.6 121.052
1.69330 14642.6 121.007
1.69580 14650.1 121.038
1.69830 14642.4 121.006
1.70080 14584.3 120.765
1.70330 14566.9 120.693
1.70580 14561.9 120.673
1.70830 14560.9 120.669
1.71080 14569.5 120.704
1.71330 14572.2 120.715
1.71580 14555.9 120.648
1.71830 14561.3 120.67
1.72080 14567.8 120.697
1.72330 14565.6 120.688
1.72580 14608.6 120.866
1.72830 14642.8 121.007
1.73080 14636.8 120.983
1.73330 14596.6 120.816
1.73580 14568.4 120.7
1.73830 14579.6 120.746
1.74080 14565 120.686
1.74330 14560 120.665
1.74580 14583.8 120.763
1.74830 14571.7 120.713
1.75080 14570.5 120.708
1.75330 14602.4 120.84
1.75580 14623 120.926
1.75830 14639.6 120.994
1.76080 14652.7 121.048
1.76330 14617.1 120.901
1.76580 14600.4 120.832
1.76830 14631.5 120.961
1.77080 14636.5 120.981
1.77330 14612.7 120.883
1.77580 14547 120.611
1.77830 14567.2 120.695
1.78080 14633.7 120.97
1.78330 14755.7 121.473
1.78580 14693.4 121.216
1.78830 14632.2 120.964
1.79080 14611.4 120.878
1.79330 14594.3 120.807
1.79580 14601 120.835
1.79830 14643.2 121.009
1.80080 14658.1 121.071
1.80330 14666.5 121.105
1.80580 14669.9 121.119
1.80830 14614.9 120.892
1.81080 14582.5 120.758
1.81330 14590.9 120.793
1.81580 14586.8 120.776
1.81830 14594.3 120.807
1.82080 14619.5 120.911
1.82330 14605.7 120.854
1.82580 14609.1 120.868
1.82830 14639.5 120.994
1.83080 14667.1 121.108
1.83330 14681.4 121.167
1.83580 14678.6 121.155
1.83830 14649.9 121.037
1.84080 14641.8 121.003
1.84330 14661.4 121.084
1.84580 14666.1 121.103
1.84830 14637.1 120.984
1.85080 14568.4 120.699
1.85330 14648.8 121.032
1.85580 14693.6 121.217
1.85830 14689 121.198
1.86080 14704.8 121.263
1.86330 14700.5 121.246
1.86580 14672.6 121.131
1.86830 14712.8 121.296
1.87080 14718.9 121.322
1.87330 14685.8 121.185
1.87580 14656.4 121.064
1.87830 14617.8 120.904
1.88080 14569.3 120.704
1.88330 14638.4 120.989
1.88580 14672.8 121.131
1.88830 14670.4 121.121
1.89080 14658.5 121.072
1.89330 14659.7 121.077
1.89580 14673.9 121.136
1.89830 14690.6 121.205
1.90080 14699.6 121.242
1.90330 14701.2 121.248
1.90580 14705.4 121.266
1.90830 14685.2 121.182
1.91080 14642.8 121.008
1.91330 14626.5 120.94
1.91580 14653.3 121.051
1.91830 14714.1 121.302
1.92080 14625.5 120.936
1.92330 14586.1 120.773
1.92580 14589.9 120.789
1.92830 14599.7 120.829
1.93080 14648.9 121.033
1.93330 14727.2 121.356
1.93580 14724.3 121.344
1.93830 14698.1 121.236
1.94080 14656.5 121.064
1.94330 14675.5 121.143
1.94580 14670.2 121.12
1.94830 14647.5 121.027
1.95080 14653.3 121.051
1.95330 14655.6 121.06
1.95580 14653 121.05
1.95830 14623.2 120.926
1.96080 14626.4 120.94
1.96330 14650.5 121.039
1.96580 14635 120.975
1.96830 14635.1 120.976
1.97080 14644.3 121.014
1.97330 14633.5 120.969
1.97580 14650.4 121.039
1.97830 14686.4 121.187
1.98080 14721.3 121.331
1.98330 14702.9 121.256
1.98580 14657.6 121.069
1.98830 14683.1 121.174
1.99080 14699.8 121.243
1.99330 14708.3 121.278
1.99580 14695.6 121.225
1.99830 14690.7 121.205
2.00080 14693.6 121.217
2.00330 14718.1 121.318
2.00580 14717.5 121.316
2.00830 14709.7 121.284
2.01080 14754.8 121.469
2.01330 14726 121.351
2.01580 14666.7 121.106
2.01830 14684.3 121.179
2.02080 14694 121.219
2.02330 14691.7 121.209
2.02580 14645.7 121.019
2.02830 14657.5 121.068
2.03080 14708 121.276
2.03330 14800.5 121.657
2.03580 14784.5 121.592
2.03830 14724.3 121.344
2.04080 14725.9 121.35
2.04330 14709.8 121.284
2.04580 14690.5 121.204
2.04830 14699.1 121.24
2.05080 14709.2 121.281
2.05330 14724 121.342
2.05580 14757.7 121.481
2.05830 14735.4 121.389
2.06080 14702.3 121.253
2.06330 14735.8 121.391
2.06580 14754.3 121.467
2.06830 14765 121.511
2.07080 14770 121.532
2.07330 14754 121.466
2.07580 14740.5 121.411
2.07830 14772.5 121.542
2.08080 14765.1 121.512
2.08330 14749.2 121.446
2.08580 14762.4 121.5
2.08830 14762.3 121.5
2.09080 14753.4 121.463
2.09330 14731.6 121.374
2.09580 14730.2 121.368
2.09830 14723.5 121.34
2.10080 14672.2 121.129
2.10330 14717.8 121.317
2.10580 14784.6 121.592
2.10830 14805.3 121.677
2.11080 14806 121.68
2.11330 14806.5 121.682
2.11580 14828.2 121.771
2.11830 14846.2 121.845
2.12080 14838.4 121.813
2.12330 14758.2 121.483
2.12580 14751.9 121.457
2.12830 14760.3 121.492
2.13080 14743.3 121.422
2.13330 14774 121.548
2.13580 14809.2 121.693
2.13830 14816.9 121.725
2.14080 14773.8 121.548
2.14330 14740.7 121.411
2.14580 14772.1 121.541
2.14830 14747.5 121.439
2.15080 14730.5 121.369
2.15330 14771.7 121.539
2.15580 14776 121.556
2.15830 14763.6 121.505
2.16080 14734.9 121.387
2.16330 14729.9 121.367
2.16580 14732.9 121.379
2.16830 14740.7 121.411
2.17080 14712.7 121.296
2.17330 14707.6 121.275
2.17580 14772.3 121.541
2.17830 14763.1 121.504
2.18080 14761.6 121.497
2.18330 14812.1 121.705
2.18580 14852.8 121.872
2.18830 14858.6 121.896
2.19080 14796.8 121.642
2.19330 14816.4 121.722
2.19580 14827.8 121.77
2.19830 14790.5 121.616
2.20080 14787.6 121.604
2.20330 14793.9 121.63
2.20580 14805.5 121.678
2.20830 14811 121.701
2.21080 14800.5 121.657
2.21330 14762.4 121.501
2.21580 14755.3 121.471
2.21830 14758.8 121.486
2.22080 14772.1 121.541
2.22330 14796.8 121.642
2.22580 14817 121.725
2.22830 14826.3 121.763
2.23080 14840.6 121.822
2.23330 14848.6 121.855
2.23580 14844.9 121.84
2.23830 14882.7 121.994
2.24080 14887.3 122.013
2.24330 14829.9 121.778
2.24580 14828.8 121.774
2.24830 14829.4 121.776
2.25080 14822 121.746
2.25330 14847.3 121.85
2.25580 14877.9 121.975
2.25830 14910.6 122.109
2.26080 14931.5 122.195
2.26330 14920.3 122.149
2.26580 14864.5 121.92
2.26830 14846.4 121.846
2.27080 14860.1 121.902
2.27330 14913 122.119
2.27580 14883.2 121.997
2.27830 14868.2 121.935
2.28080 14882.6 121.994
2.28330 14919.1 122.144
2.28580 14919.3 122.145
2.28830 14870.3 121.944
2.29080 14865.7 121.925
2.29330 14867.4 121.932
2.29580 14873.2 121.956
2.29830 14899.4 122.063
2.30080 14906.8 122.094
2.30330 14890 122.025
2.30580 14924.8 122.167
2.30830 14918.8 122.143
2.31080 14861.9 121.909
2.31330 14882.8 121.995
2.31580 14908.8 122.101
2.31830 14937 122.217
2.32080 14907.2 122.095
2.32330 14890.8 122.028
2.32580 14891.1 122.029
2.32830 14917.8 122.138
2.33080 14934.7 122.208
2.33330 14940.6 122.232
2.33580 14925.8 122.171
2.33830 14913.5 122.121
2.34080 14904.1 122.083
2.34330 14901.5 122.072
2.34580 14906.7 122.093
2.34830 14919.7 122.146
2.35080 14918.6 122.142
2.35330 14947.7 122.261
2.35580 15005.4 122.497
2.35830 15000.8 122.478
2.36080 14978.7 122.388
2.36330 14942.4 122.239
2.36580 15010.5 122.518
2.36830 15024.9 122.576
2.37080 14990.2 122.435
2.37330 14950.2 122.271
2.37580 14945.9 122.254
2.37830 14971.8 122.359
2.38080 14968.8 122.347
2.38330 14982.1 122.401
2.38580 15006.9 122.503
2.38830 14982.2 122.402
2.39080 14968.4 122.346
2.39330 14962.5 122.322
2.39580 14938.4 122.223
2.39830 14934.9 122.209
2.40080 14948.7 122.265
2.40330 14975.6 122.375
2.40580 14974.7 122.371
2.40830 14952.2 122.279
2.41080 14925.6 122.17
2.41330 14935.8 122.212
2.41580 14974.6 122.371
2.41830 15028.5 122.591
2.42080 15001.5 122.481
2.42330 14926.9 122.176
2.42580 14962.1 122.32
2.42830 14985.5 122.415
2.43080 15004.4 122.492
2.43330 15059.7 122.718
2.43580 15069.5 122.758
2.43830 15049.6 122.677
2.44080 15035.6 122.62
2.44330 15045.6 122.661
2.44580 15065.7 122.743
2.44830 15042.4 122.647
2.45080 15038.2 122.63
2.45330 15044.6 122.656
2.45580 15041.3 122.643
2.45830 15054.2 122.695
2.46080 15072.7 122.771
2.46330 15063.5 122.734
2.46580 15044.3 122.655
2.46830 15028.1 122.589
2.47080 15068.8 122.755
2.47330 15116.3 122.949
2.47580 15155 123.106
2.47830 15118.3 122.957
2.48080 15130 123.004
2.48330 15159.2 123.123
2.48580 15138.9 123.04
2.48830 15159.6 123.124
2.49080 15191.4 123.253
2.49330 15169.9 123.166
2.49580 15151.6 123.092
2.49830 15145.6 123.068
2.50080 15192.2 123.257
2.50330 15228.6 123.404
2.50580 15249.1 123.487
2.50830 15218.9 123.365
2.51080 15215 123.349
2.51330 15213.5 123.343
2.51580 15168.1 123.159
2.51830 15215.1 123.349
2.52080 15283.1 123.625
2.52330 15265.3 123.553
2.52580 15267.2 123.561
2.52830 15276.7 123.599
2.53080 15282.2 123.621
2.53330 15296.9 123.681
2.53580 15305 123.713
2.53830 15273.8 123.587
2.54080 15305.8 123.716
2.54330 15342.2 123.864
2.54580 15303.6 123.708
2.54830 15324.8 123.793
2.55080 15363 123.947
2.55330 15380.7 124.019
2.55580 15378.1 124.009
2.55830 15355.6 123.918
2.56080 15292.3 123.662
2.56330 15325.4 123.796
2.56580 15379.7 124.015
2.56830 15393.6 124.071
2.57080 15395.9 124.08
2.57330 15399 124.093
2.57580 15416.2 124.162
2.57830 15424.4 124.195
2.58080 15435.2 124.238
2.58330 15461.6 124.345
2.58580 15474.7 124.397
2.58830 15481.9 124.426
2.59080 15484.1 124.435
2.59330 15489.2 124.456
2.59580 15486.4 124.444
2.59830 15460.4 124.34
2.60080 15476.1 124.403
2.60330 15510.8 124.543
2.60580 15564.1 124.756
2.60830 15599.6 124.899
2.61080 15602.6 124.91
2.61330 15538.2 124.652
2.61580 15574 124.796
2.61830 15614.2 124.957
2.62080 15605.2 124.921
2.62330 15571.7 124.787
2.62580 15560.3 124.741
2.62830 15611.6 124.946
2.63080 15662.6 125.15
2.63330 15702.3 125.309
2.63580 15717.8 125.371
2.63830 15727 125.407
2.64080 15717 125.367
2.64330 15670.1 125.18
2.64580 15717.2 125.368
2.64830 15761.7 125.546
2.65080 15762.4 125.548
2.65330 15774.1 125.595
2.65580 15804.1 125.714
2.65830 15865.5 125.958
2.66080 15811.8 125.745
2.66330 15786.8 125.645
2.66580 15854.1 125.913
2.66830 15879.3 126.013
2.67080 15880.7 126.018
2.67330 15852.3 125.906
2.67580 15901.4 126.101
2.67830 15950.8 126.296
2.68080 15979.2 126.409
2.68330 16041.5 126.655
2.68580 16092.8 126.857
2.68830 16117.2 126.954
2.69080 16128.7 126.999
2.69330 16136.9 127.031
2.69580 16142.6 127.054
2.69830 16087.4 126.836
2.70080 16059.2 126.725
2.70330 16085.6 126.829
2.70580 16119.8 126.964
2.70830 16163.2 127.135
2.71080 16219.3 127.355
2.71330 16263 127.527
2.71580 16276.4 127.579
2.71830 16247.6 127.466
2.72080 16295.6 127.654
2.72330 16349.9 127.867
2.72580 16402.3 128.072
2.72830 16422.3 128.149
2.73080 16435.9 128.203
2.73330 16444.9 128.238
2.73580 16492 128.421
2.73830 16547.6 128.638
2.74080 16610.3 128.881
2.74330 16579.7 128.762
2.74580 16576.3 128.749
2.74830 16615.4 128.901
2.75080 16665 129.093
2.75330 16703.5 129.242
2.75580 16727.6 129.335
2.75830 16773.1 129.511
2.76080 16803.7 129.629
2.76330 16815.5 129.675
2.76580 16835.3 129.751
2.76830 16863.5 129.859
2.77080 16901 130.004
2.77330 16928 130.108
2.77580 16961.3 130.235
2.77830 17002 130.392
2.78080 17053.2 130.588
2.78330 17113.3 130.818
2.78580 17182.9 131.084
2.78830 17115.5 130.826
2.79080 17094.1 130.744
2.79330 17122.6 130.853
2.79580 17124.7 130.861
2.79830 17195.7 131.132
2.80080 17336.1 131.667
2.80330 17341.6 131.688
2.80580 17354.3 131.736
2.80830 17373.3 131.808
2.81080 17337.5 131.672
2.81330 17367.6 131.786
2.81580 17459.5 132.134
2.81830 17523.6 132.377
2.82080 17559.3 132.512
2.82330 17570.2 132.553
2.82580 17617.6 132.731
2.82830 17640.9 132.819
2.83080 17643.2 132.828
2.83330 17660.2 132.892
2.83580 17682.8 132.977
2.83830 17710.8 133.082
2.84080 17752.5 133.238
2.84330 17789.4 133.377
2.84580 17821.5 133.497
2.84830 17837 133.555
2.85080 17876.4 133.703
2.85330 17935.3 133.923
2.85580 17998.9 134.16
2.85830 18046.3 134.336
2.86080 18079.2 134.459
2.86330 18087.2 134.489
2.86580 18145.9 134.707
2.86830 18232.4 135.028
2.87080 18194.6 134.887
2.87330 18160.8 134.762
2.87580 18136.1 134.67
2.87830 18178.6 134.828
2.88080 18221.9 134.988
2.88330 18266 135.152
2.88580 18314.3 135.33
2.88830 18344.8 135.443
2.89080 18359.6 135.498
2.89330 18342 135.433
2.89580 18362.9 135.51
2.89830 18408.4 135.678
2.90080 18450.7 135.833
2.90330 18504.7 136.032
2.90580 18558.1 136.228
2.90830 18550.4 136.2
2.91080 18528.9 136.121
2.91330 18510.8 136.054
2.91580 18575.9 136.294
2.91830 18607.9 136.411
2.92080 18618 136.448
2.92330 18613 136.429
2.92580 18668.9 136.634
2.92830 18754.5 136.947
2.93080 18810.5 137.151
2.93330 18875.6 137.389
2.93580 18932.8 137.597
2.93830 18916.7 137.538
2.94080 18891.1 137.445
2.94330 18867.7 137.36
2.94580 18882 137.412
2.94830 18863.7 137.345
2.95080 18834.3 137.238
2.95330 18833.1 137.234
2.95580 18886.2 137.427
2.95830 18962.2 137.703
2.96080 19020.6 137.915
2.96330 18999.9 137.84
2.96580 18952.1 137.667
2.96830 18950 137.659
2.97080 19008.9 137.873
2.97330 19084.5 138.147
2.97580 19113.1 138.25
2.97830 19116 138.261
2.98080 19106.2 138.225
2.98330 19091.1 138.17
2.98580 19100.7 138.205
2.98830 19111.5 138.244
2.99080 19087.3 138.157
2.99330 19070.7 138.097
2.99580 19069.4 138.092
2.99830 19112.7 138.249
3.00080 19130.3 138.312
3.00330 19136.2 138.334
3.00580 19135.8 138.332
3.00830 19150.7 138.386
3.01080 19159.5 138.418
3.01330 19129.3 138.309
3.01580 19125.6 138.295
3.01830 19136.4 138.334
3.02080 19163.3 138.432
3.02330 19123.5 138.288
3.02580 19084.7 138.147
3.02830 19117.8 138.267
3.03080 19111.5 138.244
3.03330 19102 138.21
3.03580 19120.8 138.278
3.03830 19077.4 138.121
3.04080 19016.6 137.901
3.04330 18961.6 137.701
3.04580 18950.2 137.66
3.04830 18963.9 137.71
3.05080 19009.9 137.876
3.05330 19027.4 137.94
3.05580 19017.8 137.905
3.05830 18959.9 137.695
3.06080 18913.3 137.526
3.06330 18887.6 137.432
3.06580 18905.4 137.497
3.06830 18875 137.386
3.07080 18841.5 137.264
3.07330 18830.4 137.224
3.07580 18813.3 137.162
3.07830 18785.3 137.059
3.08080 18735.9 136.879
3.08330 18733.8 136.871
3.08580 18727.6 136.849
3.08830 18688.6 136.706
3.09080 18657.3 136.592
3.09330 18625.4 136.475
3.09580 18588.4 136.339
3.09830 18550.2 136.199
3.10080 18535.3 136.144
3.10330 18568 136.265
3.10580 18578.6 136.303
3.10830 18570.5 136.274
3.11080 18534.9 136.143
3.11330 18479.9 135.941
3.11580 18455.7 135.852
3.11830 18496.1 136
3.12080 18406.3 135.67
3.12330 18320 135.352
3.12580 18281.4 135.209
3.12830 18255.4 135.113
3.13080 18258.5 135.124
3.13330 18308.5 135.309
3.13580 18245 135.074
3.13830 18179.4 134.831
3.14080 18139.1 134.682
3.14330 18077.8 134.454
3.14580 18061.7 134.394
3.14830 18124.4 134.627
3.15080 18112.5 134.583
3.15330 18100.7 134.539
3.15580 18104.5 134.553
3.15830 18038.2 134.306
3.16080 17952.4 133.987
3.16330 17850.1 133.604
3.16580 17862.2 133.649
3.16830 17865.8 133.663
3.17080 17838.5 133.561
3.17330 17801.5 133.422
3.17580 17789.6 133.378
3.17830 17815 133.473
3.18080 17813.4 133.467
3.18330 17806.6 133.441
3.18580 17795.8 133.401
3.18830 17791.1 133.383
3.19080 17763.3 133.279
3.19330 17704.3 133.057
3.19580 17637 132.804
3.19830 17584.2 132.606
3.20080 17551 132.48
3.20330 17515.2 132.345
3.20580 17501.3 132.293
3.20830 17514.8 132.344
3.21080 17548.2 132.469
3.21330 17545 132.458
3.21580 17496.8 132.276
3.21830 17472 132.182
3.22080 17465.1 132.156
3.22330 17477.8 132.204
3.22580 17441.9 132.068
3.22830 17410.4 131.949
3.23080 17385.8 131.855
3.23330 17340 131.681
3.23580 17313 131.579
3.23830 17306.8 131.556
3.24080 17287.3 131.481
3.24330 17253.5 131.353
3.24580 17205.1 131.168
3.24830 17203.3 131.161
3.25080 17205.4 131.169
3.25330 17211.1 131.191
3.25580 17139.3 130.917
3.25830 17115.2 130.825
3.26080 17137.7 130.911
3.26330 17100.8 130.77
3.26580 17075 130.671
3.26830 17059.6 130.612
3.27080 17042.5 130.547
3.27330 17006.8 130.41
3.27580 16956.4 130.217
3.27830 16993.5 130.359
3.28080 16995.8 130.368
3.28330 16965.5 130.252
3.28580 16893 129.973
3.28830 16814.7 129.671
3.29080 16735.1 129.364
3.29330 16745.2 129.403
3.29580 16755.5 129.443
3.29830 16765.6 129.482
3.30080 16766.4 129.485
3.30330 16753.8 129.437
3.30580 16729.3 129.342
3.30830 16684.1 129.167
3.31080 16668 129.105
3.31330 16674.5 129.13
3.31580 16679.5 129.149
3.31830 16665 129.093
3.32080 16635.5 128.979
3.32330 16600.9 128.845
3.32580 16581.4 128.769
3.32830 16572.3 128.733
3.33080 16555.2 128.667
3.33330 16538.7 128.603
3.33580 16520.6 128.533
3.33830 16484.4 128.392
3.34080 16487.7 128.405
3.34330 16510.3 128.492
3.34580 16461.5 128.303
3.34830 16426.5 128.166
3.35080 16407 128.09
3.35330 16442.7 128.229
3.35580 16442.2 128.227
3.35830 16419.3 128.138
3.36080 16400 128.063
3.36330 16371.6 127.952
3.36580 16347 127.855
3.36830 16389.5 128.022
3.37080 16343.9 127.843
3.37330 16257.1 127.503
3.37580 16243.4 127.45
3.37830 16250.6 127.478
3.38080 16269.1 127.55
3.38330 16282.7 127.604
3.38580 16288.9 127.628
3.38830 16282.8 127.604
3.39080 16228.5 127.391
3.39330 16197.6 127.27
3.39580 16185.3 127.221
3.39830 16205.7 127.302
3.40080 16202.8 127.29
3.40330 16195.9 127.263
3.40580 16230.3 127.398
3.40830 16184.5 127.218
3.41080 16103.1 126.898
3.41330 16041.7 126.656
3.41580 16056 126.712
3.41830 16089.7 126.845
3.42080 16047.4 126.678
3.42330 16030.3 126.611
3.42580 16033.7 126.624
3.42830 16075.6 126.79
3.43080 16102.5 126.896
3.43330 16118.6 126.959
3.43580 16118.2 126.957
3.43830 16123.4 126.978
3.44080 16123.7 126.979
3.44330 16096.1 126.87
3.44580 16055.6 126.711
3.44830 16008 126.523
3.45080 15953.3 126.306
3.45330 15947.5 126.284
3.45580 15961.9 126.34
3.45830 15979.5 126.41
3.46080 16019 126.566
3.46330 16041.8 126.656
3.46580 15980.9 126.416
3.46830 15960.1 126.333
3.47080 15958.5 126.327
3.47330 15971.7 126.379
3.47580 15998.3 126.484
3.47830 16014.6 126.549
3.48080 15985.4 126.433
3.48330 15957.8 126.324
3.48580 15937.5 126.244
3.48830 15936.6 126.24
3.49080 15918 126.167
3.49330 15900.9 126.099
3.49580 15903.5 126.109
3.49830 15902.1 126.104
3.50080 15903.3 126.108
3.50330 15914.3 126.152
3.50580 15903 126.107
3.50830 15900.8 126.098
3.51080 15938.4 126.247
3.51330 15872.6 125.986
3.51580 15810.3 125.739
3.51830 15827.8 125.809
3.52080 15847.3 125.886
3.52330 15846.7 125.884
3.52580 15797.3 125.687
3.52830 15820.8 125.781
3.53080 15852 125.905
3.53330 15859.5 125.934
3.53580 15797.5 125.688
3.53830 15746.6 125.486
3.54080 15756.6 125.525
3.54330 15723 125.391
3.54580 15697.4 125.289
3.54830 15709.9 125.339
3.55080 15736.4 125.445
3.55330 15776.3 125.604
3.55580 15837.3 125.847
3.55830 15797.1 125.686
3.56080 15744 125.475
3.56330 15705.7 125.322
3.56580 15730.9 125.423
3.56830 15730.7 125.422
3.57080 15659.7 125.139
3.57330 15659.3 125.137
3.57580 15663.4 125.153
3.57830 15652.6 125.11
3.58080 15628.7 125.015
3.58330 15609.8 124.939
3.58580 15603.3 124.913
3.58830 15613.9 124.956
3.59080 15625.3 125.001
3.59330 15633.7 125.035
3.59580 15619.1 124.976
3.59830 15612.4 124.95
3.60080 15624.3 124.997
3.60330 15650.5 125.102
3.60580 15667.9 125.172
3.60830 15668.5 125.174
3.61080 15643.9 125.076
3.61330 15619.3 124.977
3.61580 15599.2 124.897
3.61830 15618.3 124.973
3.62080 15600.7 124.903
3.62330 15522.5 124.589
3.62580 15540.5 124.662
3.62830 15551.5 124.706
3.63080 15538.3 124.653
3.63330 15578 124.812
3.63580 15588.5 124.854
3.63830 15551.8 124.707
3.64080 15537.3 124.649
3.64330 15518.7 124.574
3.64580 15492.4 124.469
3.64830 15535.8 124.643
3.65080 15560.5 124.742
3.65330 15554.6 124.718
3.65580 15545.5 124.681
3.65830 15511 124.543
3.66080 15445.1 124.278
3.66330 15460.6 124.341
3.66580 15482.8 124.43
3.66830 15507.5 124.529
3.67080 15476.8 124.406
3.67330 15454.2 124.315
3.67580 15444.2 124.275
3.67830 15451.1 124.303
3.68080 15484 124.435
3.68330 15545.4 124.681
3.68580 15556.9 124.727
3.68830 15555.7 124.722
3.69080 15542.1 124.668
3.69330 15516.4 124.565
3.69580 15473.4 124.392
3.69830 15412.3 124.146
3.70080 15436.1 124.242
3.70330 15454.3 124.315
3.70580 15465.9 124.362
3.70830 15453.6 124.313
3.71080 15461.8 124.346
3.71330 15490 124.459
3.71580 15432 124.226
3.71830 15413 124.149
3.72080 15431.8 124.225
3.72330 15470.4 124.38
3.72580 15492.4 124.468
3.72830 15499.1 124.495
3.73080 15517.8 124.57
3.73330 15516.4 124.565
3.73580 15497.3 124.488
3.73830 15481.8 124.426
3.74080 15453.6 124.312
3.74330 15416 124.161
3.74580 15423.3 124.19
3.74830 15396.4 124.082
3.75080 15346.7 123.882
3.75330 15417.6 124.168
3.75580 15457.9 124.33
3.75830 15471.4 124.384
3.76080 15450.9 124.302
3.76330 15417.5 124.167
3.76580 15375.5 123.998
3.76830 15356.3 123.92
3.77080 15363.1 123.948
3.77330 15389.3 124.054
3.77580 15409.9 124.137
3.77830 15411 124.141
3.78080 15402.2 124.106
3.78330 15447.2 124.287
3.78580 15441.8 124.265
3.78830 15398.7 124.091
3.79080 15338.5 123.849
3.79330 15305.7 123.716
3.79580 15294.1 123.669
3.79830 15304.2 123.71
3.80080 15308.7 123.728
3.80330 15316.4 123.759
3.80580 15382.5 124.026
3.80830 15383.4 124.03
3.81080 15348.1 123.888
3.81330 15358.8 123.931
3.81580 15366.4 123.961
3.81830 15363.6 123.95
3.82080 15298.9 123.689
3.82330 15288.7 123.647
3.82580 15308.8 123.729
3.82830 15312.1 123.742
3.83080 15298.2 123.686
3.83330 15279.4 123.61
3.83580 15292.4 123.662
3.83830 15299.2 123.69
3.84080 15303.9 123.709
3.84330 15316.1 123.758
3.84580 15301.6 123.7
3.84830 15278.7 123.607
3.85080 15289.5 123.651
3.85330 15302.3 123.702
3.85580 15312 123.742
3.85830 15300.8 123.697
3.86080 15289.2 123.65
3.86330 15284.4 123.63
3.86580 15313.6 123.748
3.86830 15328.7 123.809
3.87080 15316 123.758
3.87330 15205.8 123.312
3.87580 15204.4 123.306
3.87830 15234.7 123.429
3.88080 15182.9 123.219
3.88330 15209.3 123.326
3.88580 15252.7 123.502
3.88830 15221.9 123.377
3.89080 15206.8 123.316
3.89330 15200 123.288
3.89580 15198.6 123.282
3.89830 15189.7 123.247
3.90080 15184 123.223
3.90330 15201.4 123.294
3.90580 15227.2 123.399
3.90830 15228.8 123.405
3.91080 15132.6 123.015
3.91330 15123.5 122.977
3.91580 15146.3 123.07
3.91830 15165.2 123.147
3.92080 15160.1 123.126
3.92330 15156.2 123.111
3.92580 15185.1 123.228
3.92830 15197.8 123.279
3.93080 15219.9 123.369
3.93330 15288.6 123.647
3.93580 15315.9 123.758
3.93830 15323.8 123.789
3.94080 15315.1 123.754
3.94330 15303.5 123.707
3.94580 15280 123.612
3.94830 15225.6 123.392
3.95080 15228.7 123.405
3.95330 15248.3 123.484
3.95580 15265 123.552
3.95830 15267 123.56
3.96080 15276 123.596
3.96330 15315 123.754
3.96580 15276.5 123.598
3.96830 15228.8 123.405
3.97080 15211.9 123.336
3.97330 15263.6 123.546
3.97580 15310.9 123.737
3.97830 15303.2 123.706
3.98080 15294.2 123.67
3.98330 15284.5 123.63
3.98580 15273.7 123.587
3.98830 15265.6 123.554
3.99080 15248.1 123.483
3.99330 15208.4 123.322
3.99580 15201.6 123.295
3.99830 15211 123.333
4.00080 15239.1 123.447
4.00330 15244.5 123.469
4.00580 15254.3 123.508
4.00830 15283.1 123.625
4.01080 15292.1 123.661
4.01330 15259.2 123.528
4.01580 15151 123.089
4.01830 15153.9 123.101
4.02080 15158.5 123.12
4.02330 15125.7 122.987
4.02580 15177.1 123.195
4.02830 15222.3 123.379
4.03080 15227.8 123.401
4.03330 15275.5 123.594
4.03580 15272.7 123.583
4.03830 15167.3 123.156
4.04080 15167.2 123.155
4.04330 15138.5 123.039
4.04580 15032.1 122.606
4.04830 15072.5 122.77
4.05080 15116.5 122.949
4.05330 15130.8 123.007
4.05580 15186.1 123.232
4.05830 15193.9 123.263
4.06080 15116.4 122.949
4.06330 15170.3 123.168
4.06580 15212.8 123.34
4.06830 15212 123.337
4.07080 15158.6 123.12
4.07330 15117 122.951
4.07580 15101.8 122.889
4.07830 15124.7 122.983
4.08080 15134.4 123.022
4.08330 15119 122.959
4.08580 15116 122.947
4.08830 15120.2 122.964
4.09080 15132.6 123.015
4.09330 15137.2 123.033
4.09580 15135.1 123.025
4.09830 15124.9 122.983
4.10080 15154.6 123.104
4.10330 15162.1 123.134
4.10580 15136.6 123.031
4.10830 15159.2 123.123
4.11080 15166.5 123.152
4.11330 15150.4 123.087
4.11580 15150.8 123.089
4.11830 15141.3 123.05
4.12080 15118.6 122.958
4.12330 15068.6 122.754
4.12580 15066.7 122.747
4.12830 15123.3 122.977
4.13080 15127.1 122.992
4.13330 15118.9 122.959
4.13580 15099.4 122.88
4.13830 15092.4 122.851
4.14080 15089.2 122.838
4.14330 15089.7 122.84
4.14580 15089.6 122.84
4.14830 15084.9 122.821
4.15080 15075.5 122.782
4.15330 15116 122.947
4.15580 15128.4 122.998
4.15830 15111 122.927
4.16080 15054.7 122.698
4.16330 15043.7 122.653
4.16580 15078.1 122.793
4.16830 15086.4 122.827
4.17080 15081.8 122.808
4.17330 15065.1 122.74
4.17580 15097.4 122.871
4.17830 15115.2 122.944
4.18080 15120 122.963
4.18330 15156.7 123.113
4.18580 15172.2 123.176
4.18830 15168 123.158
4.19080 15147.1 123.073
4.19330 15144.4 123.063
4.19580 15156 123.11
4.19830 15119.6 122.962
4.20080 15116.2 122.948
4.20330 15139.1 123.041
4.20580 15126.4 122.989
4.20830 15107.2 122.911
4.21080 15084.8 122.82
4.21330 15100.5 122.884
4.21580 15081.7 122.808
4.21830 15041.2 122.642
4.22080 15088 122.833
4.22330 15129.4 123.002
4.22580 15162.8 123.138
4.22830 15145.7 123.068
4.23080 15148.9 123.081
4.23330 15165.1 123.147
4.23580 15156.3 123.111
4.23830 15144.8 123.064
4.24080 15130.3 123.005
4.24330 15102.8 122.893
4.24580 15104.2 122.899
4.24830 15122.1 122.972
4.25080 15103.3 122.896
4.25330 15107.1 122.911
4.25580 15125.4 122.985
4.25830 15137.9 123.036
4.26080 15150.1 123.086
4.26330 15148.1 123.078
4.26580 15033 122.609
4.26830 15002.9 122.486
4.27080 15032.7 122.608
4.27330 15111.7 122.93
4.27580 15141.2 123.05
4.27830 15133.1 123.017
4.28080 15073.1 122.772
4.28330 15090 122.841
4.28580 15134.3 123.022
4.28830 15066.7 122.746
4.29080 15047.4 122.668
4.29330 15048.2 122.671
4.29580 15005.4 122.497
4.29830 15019.4 122.554
4.30080 15056.7 122.706
4.30330 15051.8 122.686
4.30580 15053.5 122.693
4.30830 15053.6 122.693
4.31080 15027.5 122.587
4.31330 15062 122.727
4.31580 15116.7 122.95
4.31830 15120 122.963
4.32080 15079.9 122.8
4.32330 15032.7 122.608
4.32580 15050 122.678
4.32830 15061.2 122.724
4.33080 15055.9 122.702
4.33330 14990.1 122.434
4.33580 14982.4 122.403
4.33830 15004.1 122.491
4.34080 15038.9 122.633
4.34330 15016.3 122.541
4.34580 14984.5 122.411
4.34830 15015.3 122.537
4.35080 15037 122.625
4.35330 15039.3 122.635
4.35580 14982.7 122.404
4.35830 14994.1 122.45
4.36080 15023.9 122.572
4.36330 15021.7 122.563
4.36580 15032.7 122.608
4.36830 15038.3 122.631
4.37080 15008.1 122.507
4.37330 14995.6 122.457
4.37580 14990.9 122.437
4.37830 14990.2 122.434
4.38080 15010.9 122.519
4.38330 15029.7 122.596
4.38580 15019.2 122.553
4.38830 15026 122.581
4.39080 15029.2 122.594
4.39330 15004.1 122.491
4.39580 15025.3 122.578
4.39830 15048.4 122.672
4.40080 15033.8 122.612
4.40330 15032.3 122.606
4.40580 15032.6 122.608
4.40830 15027.1 122.585
4.41080 14955.3 122.292
4.41330 14920.5 122.149
4.41580 15034.9 122.617
4.41830 15037.2 122.626
4.42080 15017.6 122.546
4.42330 15023.2 122.569
4.42580 15025.6 122.579
4.42830 15026.6 122.583
4.43080 15026 122.581
4.43330 15046.9 122.666
4.43580 15073.4 122.774
4.43830 15100.3 122.883
4.44080 15088 122.833
4.44330 15069.5 122.758
4.44580 15058.6 122.713
4.44830 15050.5 122.68
4.45080 15031.1 122.602
4.45330 14986.1 122.418
4.45580 15018.8 122.551
4.45830 15055.4 122.7
4.46080 15064.8 122.739
4.46330 15050.7 122.681
4.46580 15021 122.56
4.46830 14969.9 122.351
4.47080 15010 122.515
4.47330 15062.4 122.729
4.47580 15104 122.898
4.47830 15101.1 122.886
4.48080 15099.1 122.878
4.48330 15114.1 122.939
4.48580 15087.7 122.832
4.48830 15056.2 122.704
4.49080 15028 122.589
4.49330 15042.7 122.649
4.49580 15051.2 122.683
4.49830 15036.8 122.625
4.50080 15035 122.617
4.50330 15044.2 122.655
4.50580 15068.5 122.754
4.50830 15078.9 122.796
4.51080 15085.8 122.824
4.51330 15090.2 122.842
4.51580 15037.6 122.628
4.51830 14995 122.454
4.52080 14979.3 122.39
4.52330 14984.6 122.411
4.52580 15003.5 122.489
4.52830 15039.3 122.635
4.53080 15034.2 122.614
4.53330 15044.8 122.657
4.53580 15084.6 122.819
4.53830 15050.9 122.682
4.54080 15016 122.54
4.54330 14989.6 122.432
4.54580 14932.8 122.2
4.54830 14936.9 122.216
4.55080 15027.6 122.587
4.55330 15011.1 122.52
4.55580 14995.9 122.458
4.55830 14993.4 122.448
4.56080 14983.6 122.408
4.56330 14989.8 122.433
4.56580 15016.9 122.544
4.56830 15021.2 122.561
4.57080 14996.8 122.461
4.57330 14938.8 122.224
4.57580 14949.8 122.269
4.57830 14949.9 122.27
4.58080 14933.1 122.201
4.58330 14948.7 122.265
4.58580 14959.1 122.307
4.58830 14962 122.319
4.59080 14979.9 122.392
4.59330 14964.4 122.329
4.59580 14911.2 122.112
4.59830 14938.8 122.225
4.60080 14982 122.401
4.60330 15039.9 122.637
4.60580 15027.7 122.588
4.60830 15003.3 122.488
4.61080 14967 122.34
4.61330 14973.2 122.365
4.61580 14989.4 122.431
4.61830 15015.3 122.537
4.62080 14969.7 122.351
4.62330 14934.8 122.208
4.62580 14911.1 122.111
4.62830 14956.4 122.297
4.63080 14988.8 122.429
4.63330 15008.1 122.508
4.63580 14985.4 122.415
4.63830 14964.9 122.331
4.64080 14946.7 122.257
4.64330 14931.6 122.195
4.64580 14937.2 122.218
4.64830 14959.9 122.311
4.65080 14946 122.254
4.65330 14936.5 122.215
4.65580 14930.9 122.192
4.65830 14932.1 122.197
4.66080 14906 122.09
4.66330 14863.7 121.917
4.66580 14941.9 122.237
4.66830 14970.7 122.355
4.67080 14960.6 122.314
4.67330 14963.5 122.326
4.67580 14981.6 122.4
4.67830 15006.9 122.503
4.68080 14968.8 122.347
4.68330 14984.8 122.412
4.68580 15036.9 122.625
4.68830 15032.3 122.606
4.69080 15006.8 122.502
4.69330 14968.2 122.345
4.69580 14953.8 122.286
4.69830 14937.8 122.22
4.70080 14924 122.164
4.70330 14943.1 122.242
4.70580 14986.9 122.421
4.70830 15039.3 122.635
4.71080 15017.2 122.545
4.71330 14990.9 122.437
4.71580 14962.2 122.32
4.71830 14936 122.213
4.72080 14954.1 122.287
4.72330 14998.9 122.47
4.72580 15034.6 122.616
4.72830 15047.9 122.67
4.73080 15051.2 122.683
4.73330 15079.7 122.799
4.73580 15064.7 122.738
4.73830 15023.5 122.571
4.74080 14978.5 122.387
4.74330 14986.6 122.42
4.74580 15012.9 122.527
4.74830 14966.2 122.337
4.75080 14966.2 122.336
4.75330 14987.4 122.423
4.75580 14984.2 122.41
4.75830 15002.3 122.484
4.76080 15021.1 122.561
4.76330 14983.2 122.406
4.76580 14933.6 122.203
4.76830 14892.7 122.036
4.77080 14925.4 122.169
4.77330 14957.1 122.299
4.77580 14988.6 122.428
4.77830 15021.1 122.561
4.78080 14997.4 122.464
4.78330 14964.4 122.329
4.78580 15008.8 122.51
4.78830 15002.7 122.486
4.79080 14974.1 122.369
4.79330 14947.9 122.262
4.79580 14901.7 122.072
4.79830 14870 121.943
4.80080 14932.2 122.197
4.80330 14960.9 122.315
4.80580 14969.4 122.349
4.80830 14954.1 122.287
4.81080 14954.7 122.289
4.81330 14968.4 122.345
4.81580 15006.2 122.5
4.81830 14998.8 122.47
4.82080 14969.8 122.351
4.82330 14927 122.176
4.82580 14929.4 122.186
4.82830 14941.4 122.235
4.83080 14929.6 122.187
4.83330 14919.1 122.144
4.83580 14910.9 122.11
4.83830 14909 122.103
4.84080 14918.4 122.141
4.84330 14919.4 122.145
4.84580 14883.3 121.997
4.84830 14918.6 122.142
4.85080 14965.3 122.333
4.85330 14977 122.381
4.85580 14955.8 122.294
4.85830 14938.6 122.224
4.86080 14961.5 122.317
4.86330 14990.5 122.436
4.86580 15004.6 122.493
4.86830 14973.8 122.367
4.87080 14922.9 122.159
4.87330 14899.5 122.064
4.87580 14960.9 122.315
4.87830 14957.5 122.301
4.88080 14944.5 122.248
4.88330 14951.1 122.275
4.88580 14951.5 122.276
4.88830 14945.9 122.253
4.89080 14929.8 122.188
4.89330 14904.1 122.082
4.89580 14892.4 122.034
4.89830 14917.9 122.139
4.90080 14897.2 122.054
4.90330 14889.7 122.023
4.90580 14934.8 122.208
4.90830 14912.8 122.118
4.91080 14883 121.996
4.91330 14868.4 121.936
4.91580 14916.7 122.134
4.91830 14954.8 122.29
4.92080 14945.3 122.251
4.92330 14939.6 122.228
4.92580 14941 122.233
4.92830 14955 122.291
4.93080 14987.4 122.423
4.93330 15009.7 122.514
4.93580 15006.5 122.501
4.93830 14970.1 122.352
4.94080 14945.7 122.252
4.94330 14953.7 122.285
4.94580 14942.4 122.239
4.94830 14930.1 122.189
4.95080 14921.6 122.154
4.95330 14922.8 122.159
4.95580 14944.9 122.249
4.95830 14999.9 122.474
4.96080 14967.3 122.341
4.96330 14936.2 122.214
4.96580 14927.6 122.179
4.96830 14900 122.065
4.97080 14905.1 122.087
4.97330 14966.1 122.336
4.97580 14984.6 122.412
4.97830 14986.2 122.418
4.98080 14970 122.352
4.98330 14994.5 122.452
4.98580 15007.6 122.505
4.98830 14997.1 122.463
4.99080 14974.3 122.37
4.99330 14970.3 122.353
4.99580 14994.9 122.454
4.99830 14955.5 122.292
5.00080 14932 122.197
5.00330 14938.6 122.223
5.00580 14955.5 122.293
5.00830 14980.3 122.394
5.01080 15014.5 122.534
5.01330 14964.9 122.331
5.01580 14910.4 122.108
5.01830 14857 121.889
5.02080 14913.3 122.12
5.02330 14972 122.36
5.02580 15025.5 122.579
5.02830 15023.8 122.572
5.03080 15010.9 122.519
5.03330 14988.1 122.426
5.03580 14990.3 122.435
5.03830 14965.8 122.335
5.04080 14909.1 122.103
5.04330 14890.3 122.026
5.04580 14877.2 121.972
5.04830 14868.9 121.938
5.05080 14924.2 122.165
5.05330 14954.8 122.29
5.05580 14956.8 122.298
5.05830 14943.4 122.243
5.06080 14918 122.139
5.06330 14880.2 121.985
5.06580 14924 122.164
5.06830 14958.2 122.304
5.07080 14981.8 122.4
5.07330 14917.1 122.136
5.07580 14904.7 122.085
5.07830 14943.1 122.242
5.08080 14887.8 122.016
5.08330 14859 121.897
5.08580 14855.2 121.882
5.08830 14838.2 121.812
5.09080 14830 121.778
5.09330 14829.4 121.776
5.09580 14815.4 121.719
5.09830 14863.4 121.915
5.10080 14963.3 122.324
5.10330 14959.4 122.308
5.10580 14950.7 122.273
5.10830 14938.2 122.222
5.11080 14936.3 122.214
5.11330 14950.6 122.273
5.11580 14977.2 122.381
5.11830 14978.4 122.386
5.12080 14964 122.327
5.12330 14939.5 122.227
5.12580 14955.9 122.294
5.12830 14944.5 122.248
5.13080 14914.4 122.124
5.13330 14930.4 122.19
5.13580 14944.5 122.248
5.13830 14956.1 122.295
5.14080 14954.8 122.29
5.14330 14950.7 122.273
5.14580 14947.5 122.26
5.14830 14975.4 122.374
5.15080 14954.3 122.288
5.15330 14907.8 122.097
5.15580 14954.3 122.288
5.15830 14951.5 122.276
5.16080 14918.3 122.14
5.16330 14917.1 122.136
5.16580 14915.3 122.128
5.16830 14913.9 122.123
5.17080 14919.1 122.144
5.17330 14896.5 122.051
5.17580 14864.9 121.922
5.17830 14902.3 122.075
5.18080 14941.7 122.236
5.18330 14978.1 122.385
5.18580 14984.4 122.411
5.18830 14965.2 122.333
5.19080 14933.6 122.203
5.19330 14920 122.147
5.19580 14909.7 122.105
5.19830 14897.9 122.057
5.20080 14865.8 121.925
5.20330 14879.7 121.982
5.20580 14919.9 122.147
5.20830 14964.6 122.33
5.21080 14950.1 122.271
5.21330 14912.4 122.116
5.21580 14920.3 122.149
5.21830 14873.8 121.958
5.22080 14827.1 121.767
5.22330 14921.9 122.155
5.22580 14948.5 122.264
5.22830 14944.1 122.246
5.23080 14953.1 122.283
5.23330 14967.8 122.343
5.23580 14983.9 122.409
5.23830 14994.1 122.451
5.24080 14960.9 122.315
5.24330 14922.3 122.157
5.24580 14946.3 122.255
5.24830 14934.8 122.208
5.25080 14923 122.16
5.25330 14973.8 122.367
5.25580 14977.7 122.383
5.25830 14968.9 122.347
5.26080 14988.6 122.428
5.26330 14976 122.377
5.26580 14949.9 122.27
5.26830 14922.3 122.157
5.27080 14927.7 122.179
5.27330 14951.4 122.276
5.27580 14993.1 122.446
5.27830 14984.2 122.41
5.28080 14977.4 122.382
5.28330 15042.1 122.646
5.28580 15019.4 122.554
5.28830 14965.6 122.334
5.29080 14913.2 122.12
5.29330 14887.5 122.014
5.29580 14873.3 121.956
5.29830 14866.3 121.927
5.30080 14890.9 122.028
5.30330 14925.4 122.17
5.30580 14958 122.303
5.30830 14948.1 122.263
5.31080 14929.1 122.185
5.31330 14922.3 122.157
5.31580 14944.2 122.247
5.31830 14973.3 122.365
5.32080 14998.3 122.468
5.32330 14958.4 122.305
5.32580 14917.4 122.137
5.32830 14922.2 122.156
5.33080 14892.7 122.036
5.33330 14861.1 121.906
5.33580 14847.8 121.851
5.33830 14846.2 121.845
5.34080 14850.8 121.864
5.34330 14862.8 121.913
5.34580 14886.6 122.01
5.34830 14914 122.123
5.35080 14943.2 122.242
5.35330 14967.8 122.343
5.35580 14974.2 122.369
5.35830 14942.8 122.241
5.36080 14957 122.299
5.36330 14961.9 122.319
5.36580 14925.3 122.169
5.36830 14922.7 122.158
5.37080 14919.8 122.147
5.37330 14901.9 122.073
5.37580 14929.6 122.187
5.37830 14946.1 122.254
5.38080 14922.9 122.159
5.38330 14936.5 122.215
5.38580 14952.1 122.279
5.38830 14958.3 122.304
5.39080 14955.5 122.293
5.39330 14955.7 122.294
5.39580 14964.1 122.328
5.39830 14979.2 122.39
5.40080 14967.7 122.343
5.40330 14907.4 122.096
5.40580 14954.3 122.288
5.40830 14975.2 122.373
5.41080 14923.2 122.161
5.41330 14940.8 122.233
5.41580 14955.2 122.291
5.41830 14947.9 122.261
5.42080 14963.7 122.326
5.42330 14969.2 122.349
5.42580 14953.3 122.284
5.42830 14943.4 122.243
5.43080 14953.8 122.286
5.43330 14994.1 122.45
5.43580 15017.6 122.546
5.43830 15023.5 122.57
5.44080 15006.2 122.5
5.44330 14993.2 122.447
5.44580 14964.9 122.331
5.44830 14913.9 122.123
5.45080 14923.3 122.161
5.45330 14958.1 122.303
5.45580 15020.7 122.559
5.45830 15044.4 122.656
5.46080 15026.8 122.584
5.46330 14957.9 122.303
5.46580 14937.1 122.217
5.46830 14922.5 122.158
5.47080 14911.2 122.112
5.47330 14979.6 122.391
5.47580 15025.7 122.579
5.47830 15037.5 122.628
5.48080 15038.9 122.633
5.48330 15036 122.621
5.48580 15028.6 122.591
5.48830 15074.8 122.779
5.49080 15074.5 122.778
5.49330 15016.7 122.543
5.49580 15022.4 122.566
5.49830 15022.1 122.565
5.50080 15012.4 122.525
5.50330 15060.4 122.721
5.50580 15088.4 122.835
5.50830 15092.7 122.852
5.51080 15127.4 122.993
5.51330 15139.9 123.044
5.51580 15128.1 122.996
5.51830 15180.7 123.21
5.52080 15327 123.802
5.52330 15568.8 124.775
5.52580 15893.1 126.068
5.52830 16260.9 127.518
5.53080 16673.7 129.127
5.53330 17462.2 132.144
5.53580 18341.3 135.43
5.53830 19307.9 138.953
5.54080 20292.3 142.451
5.54330 21178.9 145.53
5.54580 21967.6 148.215
5.54830 22443.5 149.811
5.55080 22815.2 151.047
5.55330 23091.1 151.957
5.55580 23299.2 152.641
5.55830 23488.3 153.259
5.56080 23651.7 153.791
5.56330 23583.9 153.571
5.56580 23468.7 153.195
5.56830 23298 152.637
5.57080 22808.2 151.024
5.57330 22131.6 148.767
5.57580 21303.9 145.959
5.57830 20499.4 143.176
5.58080 19719.9 140.428
5.58330 18949.8 137.658
5.58580 18025.2 134.258
5.58830 17181.2 131.077
5.59080 16412.8 128.113
5.59330 15827.6 125.808
5.59580 15426.4 124.203
5.59830 15179.6 123.205
5.60080 15149.3 123.083
5.60330 15124.8 122.983
5.60580 15103.9 122.898
5.60830 15079.3 122.798
5.61080 15065.8 122.743
5.61330 15062.4 122.729
5.61580 15084.3 122.818
5.61830 15069.1 122.756
5.62080 15035.8 122.621
5.62330 15060.1 122.719
5.62580 15095.9 122.865
5.62830 15129.8 123.003
5.63080 15090.2 122.842
5.63330 15100.3 122.883
5.63580 15133.3 123.017
5.63830 15107.5 122.913
5.64080 15064.6 122.738
5.64330 15025.1 122.577
5.64580 15078.1 122.793
5.64830 15095.7 122.864
5.65080 15091.3 122.847
5.65330 15077.6 122.791
5.65580 15092 122.85
5.65830 15105.6 122.905
5.66080 15021.8 122.563
5.66330 15023.6 122.571
5.66580 15060.5 122.721
5.66830 15035.9 122.621
5.67080 15061.6 122.726
5.67330 15099.6 122.88
5.67580 15065.8 122.743
5.67830 15067.1 122.748
5.68080 15093 122.854
5.68330 15153.3 123.099
5.68580 15159.9 123.126
5.68830 15145.1 123.066
5.69080 15150.8 123.089
5.69330 15127.9 122.995
5.69580 15091.5 122.848
5.69830 15054.7 122.698
5.70080 15042.2 122.647
5.70330 15045.2 122.659
5.70580 15066.9 122.747
5.70830 15121.4 122.969
5.71080 15166.5 123.152
5.71330 15118.6 122.958
5.71580 15105 122.903
5.71830 15103.5 122.896
5.72080 15093.6 122.856
5.72330 15117.6 122.954
5.72580 15142.7 123.056
5.72830 15124.2 122.98
5.73080 15152.1 123.094
5.73330 15180.7 123.21
5.73580 15151.3 123.091
5.73830 15162.7 123.137
5.74080 15168.3 123.16
5.74330 15106.3 122.908
5.74580 15134.7 123.023
5.74830 15176.7 123.194
5.75080 15163.1 123.139
5.75330 15158.7 123.121
5.75580 15164.5 123.144
5.75830 15191.8 123.255
5.76080 15213.6 123.344
5.76330 15211.4 123.334
5.76580 15145.4 123.067
5.76830 15108.9 122.918
5.77080 15099.8 122.881
5.77330 15140.5 123.047
5.77580 15184.8 123.227
5.77830 15201.3 123.293
5.78080 15142.6 123.055
5.78330 15180.3 123.209
5.78580 15215.2 123.35
5.78830 15175.2 123.188
5.79080 15164.5 123.144
5.79330 15155.2 123.107
5.79580 15130.5 123.006
5.79830 15146.5 123.071
5.80080 15166.9 123.154
5.80330 15173.7 123.182
5.80580 15175 123.187
5.80830 15167.4 123.156
5.81080 15142.8 123.056
5.81330 15144.8 123.064
5.81580 15154.2 123.102
5.81830 15166.5 123.152
5.82080 15144.9 123.064
5.82330 15124.2 122.98
5.82580 15120.6 122.966
5.82830 15111.9 122.931
5.83080 15105.4 122.904
5.83330 15105.1 122.903
5.83580 15108.8 122.918
5.83830 15116.5 122.949
5.84080 15130.3 123.005
5.84330 15135.1 123.025
5.84580 15144 123.061
5.84830 15163.5 123.14
5.85080 15199.5 123.286
5.85330 15218 123.361
5.85580 15200.1 123.289
5.85830 15192.1 123.256
5.86080 15194.5 123.266
5.86330 15212.4 123.338
5.86580 15215.6 123.352
5.86830 15216.6 123.356
5.87080 15217.5 123.359
5.87330 15186.4 123.233
5.87580 15166.9 123.154
5.87830 15173.1 123.179
5.88080 15183.3 123.221
5.88330 15198.1 123.28
5.88580 15219.1 123.366
5.88830 15212.3 123.338
5.89080 15197.4 123.278
5.89330 15175 123.187
5.89580 15209.5 123.327
5.89830 15215.5 123.351
5.90080 15171.4 123.172
5.90330 15186.2 123.232
5.90580 15206.6 123.315
5.90830 15226.9 123.397
5.91080 15170.7 123.169
5.91330 15159.2 123.123
5.91580 15216.9 123.357
5.91830 15205.3 123.31
5.92080 15195.2 123.269
5.92330 15194.1 123.264
5.92580 15211.7 123.336
5.92830 15234.9 123.43
5.93080 15263.8 123.547
5.93330 15299.1 123.69
5.93580 15303.3 123.707
5.93830 15268.9 123.568
5.94080 15237.2 123.439
5.94330 15212.6 123.339
5.94580 15196.2 123.273
5.94830 15180 123.207
5.95080 15167.6 123.157
5.95330 15159.7 123.125
5.95580 15202.5 123.298
5.95830 15245.5 123.473
5.96080 15287.2 123.641
5.96330 15231.3 123.415
5.96580 15195 123.268
5.96830 15182.1 123.216
5.97080 15216.2 123.354
5.97330 15243.9 123.466
5.97580 15264.3 123.549
5.97830 15252 123.499
5.98080 15244.6 123.469
5.98330 15242.6 123.461
5.98580 15264 123.547
5.98830 15273.2 123.585
5.99080 15270 123.572
5.99330 15220.1 123.37
5.99580 15201.6 123.295
5.99830 15212.2 123.338
6.00080 15200 123.288
6.00330 15217.1 123.358
6.00580 15258.6 123.526
6.00830 15224.8 123.389
6.01080 15214.1 123.346
6.01330 15222 123.377
6.01580 15185.2 123.228
6.01830 15174.1 123.183
6.02080 15186.6 123.234
6.02330 15237.1 123.439
6.02580 15266.4 123.557
6.02830 15275.3 123.593
6.03080 15227.6 123.4
6.03330 15234.2 123.427
6.03580 15276.6 123.599
6.03830 15203.6 123.303
6.04080 15166.7 123.153
6.04330 15153.5 123.1
6.04580 15087.5 122.831
6.04830 15103.1 122.894
6.05080 15176.3 123.192
6.05330 15213.9 123.345
6.05580 15231.5 123.416
6.05830 15233.6 123.425
6.06080 15226.7 123.396
6.06330 15245.8 123.474
6.06580 15277.9 123.604
6.06830 15259.9 123.531
6.07080 15213.3 123.342
6.07330 15156.7 123.112
6.07580 15181.3 123.212
6.07830 15172.1 123.175
6.08080 15142.5 123.055
6.08330 15126 122.988
6.08580 15115.1 122.944
6.08830 15113.9 122.938
6.09080 15158.4 123.12
6.09330 15153.8 123.101
6.09580 15127.1 122.992
6.09830 15154 123.102
6.10080 15189.9 123.247
6.10330 15221.3 123.375
6.10580 15189.6 123.246
6.10830 15184.2 123.224
6.11080 15196 123.272
6.11330 15221.5 123.376
6.11580 15210.7 123.332
6.11830 15184.8 123.226
6.12080 15185.1 123.228
6.12330 15198.4 123.282
6.12580 15214.8 123.348
6.12830 15211.1 123.333
6.13080 15224.7 123.388
6.13330 15243.6 123.465
6.13580 15245.5 123.472
6.13830 15235.4 123.432
6.14080 15216 123.353
6.14330 15180.2 123.208
6.14580 15209.6 123.327
6.14830 15255 123.511
6.15080 15235.9 123.434
6.15330 15230.7 123.413
6.15580 15234.7 123.429
6.15830 15250.9 123.495
6.16080 15211 123.333
6.16330 15181 123.211
6.16580 15287.9 123.644
6.16830 15268.5 123.566
6.17080 15216.9 123.357
6.17330 15243.5 123.464
6.17580 15250.1 123.491
6.17830 15255.3 123.512
6.18080 15284.1 123.629
6.18330 15312.2 123.742
6.18580 15315.6 123.756
6.18830 15234.9 123.43
6.19080 15220.5 123.371
6.19330 15220.1 123.37
6.19580 15185 123.228
6.19830 15169.3 123.164
6.20080 15162.2 123.135
6.20330 15161 123.13
6.20580 15186.3 123.233
6.20830 15213 123.341
6.21080 15216.6 123.356
6.21330 15203.1 123.301
6.21580 15177.9 123.198
6.21830 15134.6 123.023
6.22080 15158.4 123.12
6.22330 15200.2 123.289
6.22580 15234 123.426
6.22830 15213.2 123.342
6.23080 15187.8 123.239
6.23330 15192.6 123.258
6.23580 15205.5 123.31
6.23830 15213.4 123.343
6.24080 15203.3 123.302
6.24330 15177.2 123.196
6.24580 15159 123.122
6.24830 15170.6 123.169
6.25080 15167.6 123.157
6.25330 15165.9 123.15
6.25580 15175.9 123.191
6.25830 15180.8 123.21
6.26080 15197.8 123.279
6.26330 15244.9 123.47
6.26580 15189.8 123.247
6.26830 15138 123.036
6.27080 15144.9 123.065
6.27330 15185.5 123.229
6.27580 15229.4 123.407
6.27830 15264.7 123.55
6.28080 15248.5 123.485
6.28330 15229.3 123.407
6.28580 15225.4 123.391
6.28830 15198.2 123.281
6.29080 15177.6 123.198
6.29330 15178.8 123.202
6.29580 15119.8 122.962
6.29830 15097.9 122.873
6.30080 15166.1 123.151
6.30330 15189.3 123.245
6.30580 15194.7 123.267
6.30830 15182 123.215
6.31080 15181.7 123.214
6.31330 15187.2 123.236
6.31580 15199.1 123.285
6.31830 15202 123.296
6.32080 15196 123.272
6.32330 15177.6 123.197
6.32580 15140.9 123.048
6.32830 15103 122.894
6.33080 15067.5 122.75
6.33330 15079.1 122.797
6.33580 15094 122.857
6.33830 15104.2 122.899
6.34080 15132.6 123.014
6.34330 15141.4 123.05
6.34580 15117.7 122.954
6.34830 15128.6 122.999
6.35080 15156.3 123.111
6.35330 15203 123.301
6.35580 15176.3 123.192
6.35830 15170.9 123.17
6.36080 15205.9 123.312
6.36330 15202.9 123.3
6.36580 15191 123.252
6.36830 15171.6 123.173
6.37080 15156.4 123.111
6.37330 15153 123.097
6.37580 15164.6 123.145
6.37830 15176.4 123.193
6.38080 15192.5 123.258
6.38330 15214.1 123.346
6.38580 15205.6 123.311
6.38830 15188 123.24
6.39080 15161.5 123.132
6.39330 15145.4 123.067
6.39580 15178.6 123.202
6.39830 15270.2 123.573
6.40080 15204.9 123.308
6.40330 15171.9 123.174
6.40580 15183.7 123.222
6.40830 15201.4 123.294
6.41080 15193 123.26
6.41330 15155.4 123.107
6.41580 15191.9 123.256
6.41830 15191.5 123.254
6.42080 15149.2 123.082
6.42330 15167.9 123.158
6.42580 15195.8 123.271
6.42830 15232.4 123.419
6.43080 15221.2 123.374
6.43330 15223.4 123.383
6.43580 15239.6 123.449
6.43830 15254.9 123.511
6.44080 15245.8 123.474
6.44330 15212.9 123.34
6.44580 15182.6 123.218
6.44830 15139.7 123.043
6.45080 15086.6 122.827
6.45330 15138.9 123.04
6.45580 15205.6 123.311
6.45830 15283.3 123.625
6.46080 15271.8 123.579
6.46330 15240.4 123.452
6.46580 15192.6 123.258
6.46830 15179.2 123.204
6.47080 15193.3 123.261
6.47330 15231.3 123.415
6.47580 15277.4 123.602
6.47830 15259 123.527
6.48080 15192.7 123.259
6.48330 15231.7 123.417
6.48580 15255 123.511
6.48830 15262.7 123.542
6.49080 15225.2 123.39
6.49330 15204 123.305
6.49580 15198.7 123.283
6.49830 15235.5 123.432
6.50080 15260.1 123.532
6.50330 15271.8 123.579
6.50580 15238.1 123.443
6.50830 15230.9 123.413
6.51080 15243 123.462
6.51330 15256 123.515
6.51580 15242.2 123.459
6.51830 15212.2 123.338
6.52080 15209.7 123.327
6.52330 15220.4 123.371
6.52580 15241.8 123.458
6.52830 15277.6 123.603
6.53080 15288.2 123.646
6.53330 15281.8 123.62
6.53580 15271 123.576
6.53830 15212.7 123.34
6.54080 15141.2 123.05
6.54330 15197.8 123.279
6.54580 15190.1 123.248
6.54830 15159.6 123.124
6.55080 15244.3 123.468
6.55330 15270.8 123.575
6.55580 15260.6 123.534
6.55830 15236.3 123.436
6.56080 15242.1 123.459
6.56330 15259.7 123.53
6.56580 15244.8 123.47
6.56830 15252.2 123.5
6.57080 15262 123.54
6.57330 15216.3 123.354
6.57580 15203.8 123.304
6.57830 15202.1 123.297
6.58080 15163.6 123.141
6.58330 15151.1 123.09
6.58580 15159.6 123.124
6.58830 15206.3 123.314
6.59080 15234.1 123.426
6.59330 15235.4 123.432
6.59580 15155.2 123.107
6.59830 15173 123.179
6.60080 15233.5 123.424
6.60330 15277.4 123.602
6.60580 15273.8 123.587
6.60830 15259.3 123.529
6.61080 15291.4 123.658
6.61330 15296.4 123.679
6.61580 15282.6 123.623
6.61830 15240.5 123.452
6.62080 15226.5 123.396
6.62330 15227.8 123.401
6.62580 15241.5 123.456
6.62830 15250.7 123.494
6.63080 15262.3 123.541
6.63330 15289 123.649
6.63580 15289.6 123.651
6.63830 15280.8 123.616
6.64080 15274.9 123.592
6.64330 15283.7 123.627
6.64580 15298.5 123.687
6.64830 15315.2 123.755
6.65080 15275.1 123.592
6.65330 15231.8 123.417
6.65580 15243.4 123.464
6.65830 15244.9 123.47
6.66080 15238.4 123.444
6.66330 15218.2 123.362
6.66580 15230.1 123.41
6.66830 15248.8 123.486
6.67080 15256.6 123.518
6.67330 15240.8 123.454
6.67580 15231.9 123.417
6.67830 15262.9 123.543
6.68080 15281.4 123.618
6.68330 15292.2 123.662
6.68580 15292.6 123.663
6.68830 15264.7 123.551
6.69080 15236.1 123.435
6.69330 15226.4 123.395
6.69580 15236.6 123.437
6.69830 15241.4 123.456
6.70080 15219.4 123.367
6.70330 15238.5 123.444
6.70580 15275.9 123.596
6.70830 15331 123.818
6.71080 15316.7 123.761
6.71330 15296.2 123.678
6.71580 15300.7 123.696
6.71830 15273 123.584
6.72080 15273.8 123.587
6.72330 15353.4 123.909
6.72580 15342.7 123.866
6.72830 15312.6 123.744
6.73080 15284 123.629
6.73330 15319.5 123.772
6.73580 15357 123.924
6.73830 15371.4 123.981
6.74080 15353.9 123.911
6.74330 15336.4 123.84
6.74580 15331.5 123.821
6.74830 15308.7 123.729
6.75080 15310.4 123.735
6.75330 15364.3 123.953
6.75580 15339.2 123.851
6.75830 15332.3 123.824
6.76080 15383.8 124.032
6.76330 15389.5 124.054
6.76580 15361.4 123.941
6.76830 15287.3 123.642
6.77080 15293.9 123.668
6.77330 15336 123.839
6.77580 15417.5 124.167
6.77830 15413.3 124.151
6.78080 15403 124.109
6.78330 15402.2 124.106
6.78580 15377.6 124.007
6.78830 15342.3 123.864
6.79080 15295 123.673
6.79330 15292.5 123.663
6.79580 15286.9 123.64
6.79830 15268.3 123.565
6.80080 15322.6 123.785
6.80330 15354.8 123.914
6.80580 15342.4 123.865
6.80830 15374.3 123.993
6.81080 15376.1 124
6.81330 15328.6 123.809
6.81580 15352.9 123.907
6.81830 15372.3 123.985
6.82080 15376.3 124.001
6.82330 15350 123.895
6.82580 15332.5 123.825
6.82830 15330 123.814
6.83080 15311.8 123.741
6.83330 15314.2 123.751
6.83580 15344.6 123.873
6.83830 15306 123.718
6.84080 15307 123.721
6.84330 15362.3 123.945
6.84580 15328.9 123.81
6.84830 15317.2 123.763
6.85080 15337.2 123.844
6.85330 15360.1 123.936
6.85580 15391.2 124.061
6.85830 15431.7 124.225
6.86080 15412.3 124.146
6.86330 15402.2 124.106
6.86580 15405.1 124.117
6.86830 15403.1 124.109
6.87080 15385.2 124.037
6.87330 15349.8 123.894
6.87580 15370.6 123.978
6.87830 15364.5 123.954
6.88080 15329 123.81
6.88330 15372.4 123.986
6.88580 15394.8 124.076
6.88830 15395.1 124.077
6.89080 15352.9 123.907
6.89330 15355.2 123.916
6.89580 15401.1 124.101
6.89830 15413.9 124.153
6.90080 15409.3 124.134
6.90330 15389.2 124.053
6.90580 15445.7 124.281
6.90830 15453.7 124.313
6.91080 15416.9 124.165
6.91330 15389.9 124.056
6.91580 15374.9 123.996
6.91830 15371.4 123.981
6.92080 15392.8 124.068
6.92330 15395.6 124.079
6.92580 15382.9 124.028
6.92830 15386.8 124.044
6.93080 15411.2 124.142
6.93330 15451.1 124.303
6.93580 15460.9 124.342
6.93830 15459.2 124.335
6.94080 15447.2 124.287
6.94330 15422.5 124.187
6.94580 15398.8 124.092
6.94830 15378.9 124.012
6.95080 15403.1 124.109
6.95330 15420.2 124.178
6.95580 15432.8 124.229
6.95830 15456.5 124.324
6.96080 15444.5 124.276
6.96330 15410.4 124.139
6.96580 15424 124.193
6.96830 15405.2 124.118
6.97080 15377 124.004
6.97330 15486.7 124.446
6.97580 15515.4 124.561
6.97830 15491.2 124.464
6.98080 15490 124.459
6.98330 15482.8 124.43
6.98580 15475.8 124.402
6.98830 15502.2 124.508
6.99080 15497.7 124.49
6.99330 15482 124.427
6.99580 15533.7 124.634
6.99830 15520.3 124.581
7.00080 15475.5 124.401
7.00330 15493.4 124.472
7.00580 15500.5 124.501
7.00830 15501.3 124.504
7.01080 15502.3 124.508
7.01330 15491.8 124.466
7.01580 15472.7 124.389
7.01830 15440.8 124.261
7.02080 15469.1 124.375
7.02330 15529.1 124.616
7.02580 15578.5 124.814
7.02830 15583.3 124.833
7.03080 15564.2 124.757
7.03330 15544.7 124.679
7.03580 15512.4 124.549
7.03830 15477.9 124.41
7.04080 15466 124.362
7.04330 15458.8 124.333
7.04580 15454.7 124.317
7.04830 15455 124.318
7.05080 15489.5 124.457
7.05330 15531.4 124.625
7.05580 15532.2 124.628
7.05830 15538.5 124.653
7.06080 15542.6 124.67
7.06330 15526.7 124.606
7.06580 15531.1 124.624
7.06830 15540.5 124.661
7.07080 15533.2 124.632
7.07330 15510.9 124.543
7.07580 15495.5 124.481
7.07830 15532.2 124.628
7.08080 15532.4 124.629
7.08330 15521.8 124.586
7.08580 15526.5 124.606
7.08830 15524 124.596
7.09080 15523.9 124.595
7.09330 15542.1 124.668
7.09580 15499.7 124.498
7.09830 15464.1 124.355
7.10080 15528.4 124.613
7.10330 15563.7 124.754
7.10580 15583.8 124.835
7.10830 15589.5 124.858
7.11080 15580.1 124.82
7.11330 15567.2 124.769
7.11580 15559.6 124.738
7.11830 15580.9 124.823
7.12080 15597.4 124.89
7.12330 15571.8 124.787
7.12580 15594.6 124.878
7.12830 15619.4 124.978
7.13080 15606 124.924
7.13330 15591.6 124.866
7.13580 15584.2 124.837
7.13830 15596.4 124.886
7.14080 15583.2 124.833
7.14330 15570.8 124.783
7.14580 15579.7 124.819
7.14830 15600.3 124.901
7.15080 15609.3 124.937
7.15330 15581.5 124.826
7.15580 15611.2 124.945
7.15830 15623.8 124.995
7.16080 15559.1 124.736
7.16330 15592.3 124.869
7.16580 15620.4 124.982
7.16830 15580.3 124.821
7.17080 15598.4 124.894
7.17330 15617.9 124.972
7.17580 15610 124.94
7.17830 15629.8 125.019
7.18080 15651.6 125.106
7.18330 15664 125.156
7.18580 15682.6 125.23
7.18830 15693.4 125.273
7.19080 15685.5 125.242
7.19330 15657.6 125.13
7.19580 15636.8 125.047
7.19830 15637.6 125.05
7.20080 15615 124.96
7.20330 15606.7 124.927
7.20580 15634.2 125.037
7.20830 15675.6 125.202
7.21080 15683.5 125.234
7.21330 15625.5 125.002
7.21580 15642.2 125.069
7.21830 15652.3 125.109
7.22080 15628.7 125.015
7.22330 15689.9 125.259
7.22580 15728.1 125.412
7.22830 15704.5 125.318
7.23080 15733.5 125.433
7.23330 15755.7 125.522
7.23580 15754.4 125.516
7.23830 15769.8 125.578
7.24080 15761 125.543
7.24330 15710.3 125.341
7.24580 15713.6 125.354
7.24830 15712.6 125.35
7.25080 15694.5 125.278
7.25330 15726 125.403
7.25580 15752.7 125.51
7.25830 15763.9 125.554
7.26080 15746.8 125.486
7.26330 15706.4 125.325
7.26580 15636.6 125.046
7.26830 15652.6 125.11
7.27080 15687.1 125.248
7.27330 15736.4 125.445
7.27580 15791.4 125.664
7.27830 15810.7 125.741
7.28080 15781.6 125.625
7.28330 15810.5 125.74
7.28580 15805.2 125.719
7.28830 15750 125.499
7.29080 15728.9 125.415
7.29330 15700.9 125.303
7.29580 15661.6 125.146
7.29830 15718.5 125.373
7.30080 15760.4 125.541
7.30330 15777.8 125.61
7.30580 15782.1 125.627
7.30830 15779.8 125.618
7.31080 15770.2 125.579
7.31330 15731.1 125.424
7.31580 15724.4 125.397
7.31830 15755.6 125.521
7.32080 15767.5 125.569
7.32330 15758.9 125.535
7.32580 15728.3 125.412
7.32830 15729.1 125.416
7.33080 15728.4 125.413
7.33330 15725.4 125.401
7.33580 15708.5 125.333
7.33830 15722 125.387
7.34080 15767 125.567
7.34330 15765.7 125.561
7.34580 15773.3 125.592
7.34830 15790.1 125.659
7.35080 15830 125.817
7.35330 15848.4 125.89
7.35580 15845.9 125.88
7.35830 15836.6 125.843
7.36080 15839 125.853
7.36330 15851.6 125.903
7.36580 15833.2 125.83
7.36830 15825 125.797
7.37080 15825.4 125.799
7.37330 15809 125.734
7.37580 15825.1 125.798
7.37830 15867.5 125.966
7.38080 15854.4 125.914
7.38330 15851.1 125.901
7.38580 15855.5 125.918
7.38830 15846.9 125.884
7.39080 15840.4 125.859
7.39330 15836.4 125.843
7.39580 15847.7 125.888
7.39830 15858.2 125.929
7.40080 15866.6 125.963
7.40330 15853.1 125.909
7.40580 15884.6 126.034
7.40830 15940.4 126.255
7.41080 15865.5 125.958
7.41330 15859.9 125.936
7.41580 15899.1 126.092
7.41830 15863.9 125.952
7.42080 15862.4 125.946
7.42330 15884.8 126.035
7.42580 15906 126.119
7.42830 15927.2 126.203
7.43080 15950.7 126.296
7.43330 15994 126.468
7.43580 16007 126.519
7.43830 15993.8 126.467
7.44080 15931.2 126.219
7.44330 15906.8 126.122
7.44580 15902.7 126.106
7.44830 15865.2 125.957
7.45080 15876.9 126.004
7.45330 15920.4 126.176
7.45580 15972.8 126.383
7.45830 16001.1 126.495
7.46080 16006.8 126.518
7.46330 15956.9 126.321
7.46580 15928.2 126.207
7.46830 15913.4 126.148
7.47080 15909.6 126.133
7.47330 15949.9 126.293
7.47580 16002 126.499
7.47830 15978.1 126.404
7.48080 15987.4 126.441
7.48330 16010.3 126.532
7.48580 16009.2 126.527
7.48830 16009.3 126.528
7.49080 16009.8 126.53
7.49330 16009.6 126.529
7.49580 16006.7 126.518
7.49830 16004.8 126.51
7.50080 16013.6 126.545
7.50330 16016.6 126.557
7.50580 16017.3 126.559
7.50830 16020.4 126.572
7.51080 16035.4 126.631
7.51330 16048.5 126.683
7.51580 16028.5 126.604
7.51830 16015.1 126.551
7.52080 16015.6 126.553
7.52330 16061.7 126.735
7.52580 16117.2 126.953
7.52830 16155.1 127.103
7.53080 16107.9 126.917
7.53330 16143.9 127.059
7.53580 16190.5 127.242
7.53830 16147.3 127.072
7.54080 16127.5 126.994
7.54330 16102 126.894
7.54580 16023 126.582
7.54830 16063.6 126.742
7.55080 16136.9 127.031
7.55330 16166 127.146
7.55580 16201.5 127.285
7.55830 16238 127.428
7.56080 16270.2 127.555
7.56330 16344.1 127.844
7.56580 16460.8 128.3
7.56830 16665.2 129.094
7.57080 16976.4 130.294
7.57330 17421.6 131.991
7.57580 18157.7 134.751
7.57830 19263.8 138.794
7.58080 20637.4 143.657
7.58330 22432.3 149.774
7.58580 24449.4 156.363
7.58830 26485.9 162.745
7.59080 28388.8 168.49
7.59330 29765.6 172.527
7.59580 30914.6 175.826
7.59830 31873.5 178.531
7.60080 32760.6 180.999
7.60330 33448.3 182.889
7.60580 33686.5 183.539
7.60830 33357 182.639
7.61080 32770.2 181.025
7.61330 31928.7 178.686
7.61580 30761.4 175.389
7.61830 29347.1 171.31
7.62080 27552.5 165.99
7.62330 25557.5 159.867
7.62580 23556.8 153.482
7.62830 21651.5 147.144
7.63080 20140.1 141.916
7.63330 18866.9 137.357
7.63580 17911.2 133.833
7.63830 17300.8 131.532
7.64080 16849.3 129.805
7.64330 16571.7 128.731
7.64580 16486.7 128.4
7.64830 16433.3 128.192
7.65080 16364.3 127.923
7.65330 16345 127.848
7.65580 16338.8 127.823
7.65830 16339.3 127.825
7.66080 16269.1 127.55
7.66330 16226.6 127.384
7.66580 16259.5 127.513
7.66830 16233.4 127.41
7.67080 16207.1 127.307
7.67330 16198.1 127.272
7.67580 16202.3 127.288
7.67830 16202.3 127.288
7.68080 16191.6 127.246
7.68330 16233.2 127.41
7.68580 16273.2 127.567
7.68830 16297.9 127.663
7.69080 16248.5 127.47
7.69330 16220.8 127.361
7.69580 16244.1 127.453
7.69830 16236.4 127.422
7.70080 16220.4 127.359
7.70330 16197.8 127.271
7.70580 16248 127.468
7.70830 16284.1 127.609
7.71080 16286.2 127.617
7.71330 16250.1 127.476
7.71580 16225.3 127.379
7.71830 16222.6 127.368
7.72080 16261.9 127.522
7.72330 16293.9 127.648
7.72580 16310.3 127.712
7.72830 16299.9 127.671
7.73080 16310.1 127.711
7.73330 16351.3 127.872
7.73580 16372.8 127.956
7.73830 16363.5 127.92
7.74080 16315.9 127.734
7.74330 16291.5 127.638
7.74580 16312.2 127.719
7.74830 16388 128.016
7.75080 16329.7 127.788
7.75330 16299.7 127.67
7.75580 16313.7 127.725
7.75830 16353.2 127.88
7.76080 16370 127.945
7.76330 16358.5 127.9
7.76580 16303.3 127.684
7.76830 16285.1 127.613
7.77080 16311.2 127.715
7.77330 16356 127.891
7.77580 16399.3 128.06
7.77830 16440.5 128.22
7.78080 16413.8 128.116
7.78330 16405.3 128.083
7.78580 16418.1 128.133
7.78830 16361.9 127.914
7.79080 16348.6 127.862
7.79330 16380.7 127.987
7.79580 16324.5 127.767
7.79830 16327.6 127.779
7.80080 16390.7 128.026
7.80330 16402.5 128.072
7.80580 16408.8 128.097
7.80830 16409.8 128.101
7.81080 16419.3 128.138
7.81330 16433.9 128.195
7.81580 16453.1 128.27
7.81830 16475.6 128.357
7.82080 16458.3 128.29
7.82330 16405.5 128.084
7.82580 16388 128.016
7.82830 16372.4 127.955
7.83080 16358.7 127.901
7.83330 16350.9 127.871
7.83580 16362.2 127.915
7.83830 16390.8 128.027
7.84080 16447.5 128.248
7.84330 16446.9 128.245
7.84580 16404.2 128.079
7.84830 16452.6 128.268
7.85080 16497 128.441
7.85330 16533.1 128.581
7.85580 16490.2 128.414
7.85830 16488.2 128.407
7.86080 16518 128.522
7.86330 16548.8 128.642
7.86580 16545.7 128.63
7.86830 16516.8 128.518
7.87080 16482.6 128.385
7.87330 16493 128.425
7.87580 16533.6 128.583
7.87830 16552.6 128.657
7.88080 16563.6 128.7
7.88330 16568.2 128.718
7.88580 16564.3 128.702
7.88830 16580.5 128.765
7.89080 16604.3 128.858
7.89330 16576 128.748
7.89580 16581.1 128.768
7.89830 16601.6 128.847
7.90080 16570.3 128.726
7.90330 16577.1 128.752
7.90580 16599.2 128.838
7.90830 16555.9 128.67
7.91080 16529.4 128.567
7.91330 16524.9 128.549
7.91580 16601.8 128.848
7.91830 16625.1 128.938
7.92080 16615.4 128.901
7.92330 16595.7 128.824
7.92580 16635.2 128.977
7.92830 16703.5 129.242
7.93080 16744.6 129.401
7.93330 16837.4 129.759
7.93580 16959 130.227
7.93830 17084.4 130.707
7.94080 17306.8 131.556
7.94330 17607.9 132.695
7.94580 18053.6 134.364
7.94830 18634.4 136.508
7.95080 19302.7 138.934
7.95330 20065.5 141.653
7.95580 20914.6 144.619
7.95830 21791.6 147.62
7.96080 22601.4 150.338
7.96330 23232.7 152.423
7.96580 23740.3 154.079
7.96830 24071.2 155.149
7.97080 24336.7 156.002
7.97330 24571.8 156.754
7.97580 24803.9 157.493
7.97830 24803.3 157.491
7.98080 24674.8 157.082
7.98330 24441.2 156.337
7.98580 24056.3 155.101
7.98830 23529.5 153.393
7.99080 22705.5 150.683
7.99330 21783.5 147.592
7.99580 20836.3 144.348
7.99830 19940.2 141.21
8.00080 19118.5 138.27
8.00330 18384.3 135.589
8.00580 17852.2 133.612
8.00830 17493.9 132.265
8.01080 17236.6 131.288
8.01330 17099 130.763
8.01580 16941.7 130.16
8.01830 16823.8 129.706
8.02080 16851.4 129.813
8.02330 16868.2 129.878
8.02580 16882.6 129.933
8.02830 16900.6 130.002
8.03080 16884.5 129.94
8.03330 16863.9 129.861
8.03580 16862.2 129.854
8.03830 16826.1 129.716
8.04080 16795.1 129.596
8.04330 16807.5 129.644
8.04580 16743.5 129.397
8.04830 16706.4 129.253
8.05080 16800.2 129.616
8.05330 16817.2 129.681
8.05580 16808.9 129.649
8.05830 16791.4 129.582
8.06080 16773.4 129.512
8.06330 16767.6 129.49
8.06580 16791.7 129.583
8.06830 16816.8 129.68
8.07080 16815.9 129.676
8.07330 16753.7 129.436
8.07580 16769.2 129.496
8.07830 16779.8 129.537
8.08080 16736.3 129.369
8.08330 16746.8 129.41
8.08580 16755.5 129.443
8.08830 16732.7 129.355
8.09080 16772.7 129.509
8.09330 16795.3 129.597
8.09580 16752.9 129.433
8.09830 16763.7 129.475
8.10080 16808.5 129.648
8.10330 16899.6 129.998
8.10580 16871.4 129.89
8.10830 16851.7 129.814
8.11080 16893.8 129.976
8.11330 16902.4 130.009
8.11580 16905.7 130.022
8.11830 16910.5 130.041
8.12080 16874.1 129.901
8.12330 16848.6 129.802
8.12580 16855.5 129.829
8.12830 16880.8 129.926
8.13080 16902.1 130.008
8.13330 16911.4 130.044
8.13580 16914 130.054
8.13830 16928.9 130.111
8.14080 16966.1 130.254
8.14330 16939.7 130.152
8.14580 16928.2 130.109
8.14830 16955.5 130.213
8.15080 16932.8 130.126
8.15330 16936.2 130.139
8.15580 16990.5 130.348
8.15830 16964.5 130.248
8.16080 16937 130.142
8.16330 16921.6 130.083
8.16580 16975.5 130.29
8.16830 16996.5 130.371
8.17080 16958.5 130.225
8.17330 16950 130.192
8.17580 16958 130.223
8.17830 16985 130.326
8.18080 17030.7 130.502
8.18330 17068.7 130.647
8.18580 17093.8 130.743
8.18830 17083.8 130.705
8.19080 17077.1 130.679
8.19330 17078.5 130.685
8.19580 17063.1 130.626
8.19830 17043.8 130.552
8.20080 17020.9 130.464
8.20330 17013.3 130.435
8.20580 17036.2 130.523
8.20830 17095.6 130.75
8.21080 17085.8 130.713
8.21330 17066.3 130.638
8.21580 17039.2 130.534
8.21830 17053 130.587
8.22080 17070.6 130.655
8.22330 17090.9 130.732
8.22580 17125.8 130.865
8.22830 17151.8 130.965
8.23080 17167.2 131.024
8.23330 17183.8 131.087
8.23580 17190.8 131.114
8.23830 17187.5 131.101
8.24080 17170.3 131.035
8.24330 17172.7 131.045
8.24580 17195.9 131.133
8.24830 17150.5 130.96
8.25080 17131.3 130.887
8.25330 17139.2 130.917
8.25580 17157.5 130.987
8.25830 17187.2 131.1
8.26080 17227.9 131.255
8.26330 17223.5 131.238
8.26580 17180.7 131.075
8.26830 17103.8 130.782
8.27080 17168.8 131.03
8.27330 17237.4 131.291
8.27580 17306.7 131.555
8.27830 17275.9 131.438
8.28080 17270.8 131.418
8.28330 17289.8 131.491
8.28580 17348.7 131.714
8.28830 17345.6 131.703
8.29080 17290.3 131.493
8.29330 17257.8 131.369
8.29580 17239.4 131.299
8.29830 17238.3 131.295
8.30080 17341.1 131.686
8.30330 17406 131.932
8.30580 17438.5 132.055
8.30830 17439.9 132.06
8.31080 17455.7 132.12
8.31330 17484.9 132.231
8.31580 17548.3 132.47
8.31830 17647.7 132.845
8.32080 17779.6 133.34
8.32330 17977.3 134.079
8.32580 18466.4 135.891
8.32830 19232.7 138.682
8.33080 20717.6 143.936
8.33330 22865.8 151.215
8.33580 25582.9 159.946
8.33830 29320 171.231
8.34080 33697.1 183.568
8.34330 38553.7 196.351
8.34580 43815.2 209.321
8.34830 49097.7 221.58
8.35080 54208.8 232.828
8.35330 57789.1 240.394
8.35580 59977.4 244.903
8.35830 61067.4 247.118
8.36080 60515.5 245.999
8.36330 59337.9 243.594
8.36580 57629.2 240.061
8.36830 54878.2 234.261
8.37080 50935.8 225.69
8.37330 46285.8 215.141
8.37580 41614.5 203.996
8.37830 37148.9 192.74
8.38080 32823.2 181.172
8.38330 28635.6 169.221
8.38580 25080.6 158.369
8.38830 22079.2 148.591
8.39080 20249.9 142.302
8.39330 19070.3 138.095
8.39580 18325.1 135.37
8.39830 18058 134.38
8.40080 17862.3 133.65
8.40330 17724.3 133.133
8.40580 17693.5 133.017
8.40830 17634.2 132.794
8.41080 17570.6 132.554
8.41330 17554 132.491
8.41580 17556.1 132.499
8.41830 17565.4 132.534
8.42080 17566.7 132.539
8.42330 17539.9 132.438
8.42580 17510.4 132.327
8.42830 17524.2 132.379
8.43080 17564.7 132.532
8.43330 17610 132.703
8.43580 17627.3 132.768
8.43830 17617 132.729
8.44080 17600.1 132.665
8.44330 17602.8 132.675
8.44580 17574.5 132.569
8.44830 17541.2 132.443
8.45080 17535.3 132.421
8.45330 17509.8 132.324
8.45580 17505.9 132.31
8.45830 17604.2 132.681
8.46080 17593.5 132.641
8.46330 17553.1 132.488
8.46580 17549.3 132.474
8.46830 17533.6 132.415
8.47080 17530.9 132.404
8.47330 17583.2 132.602
8.47580 17587.9 132.619
8.47830 17580.8 132.593
8.48080 17588.3 132.621
8.48330 17602.6 132.675
8.48580 17609.1 132.699
8.48830 17586 132.612
8.49080 17569.2 132.549
8.49330 17572.4 132.561
8.49580 17625.8 132.762
8.49830 17614 132.718
8.50080 17602.4 132.674
8.50330 17643.8 132.83
8.50580 17646.9 132.841
8.50830 17641.6 132.822
8.51080 17643.1 132.828
8.51330 17651.7 132.86
8.51580 17643.5 132.829
8.51830 17589.2 132.624
8.52080 17626.1 132.763
8.52330 17685.6 132.987
8.52580 17742.2 133.2
8.52830 17721 133.12
8.53080 17695.8 133.026
8.53330 17705.2 133.061
8.53580 17693.3 133.016
8.53830 17677.8 132.958
8.54080 17665.2 132.91
8.54330 17638.7 132.811
8.54580 17619 132.736
8.54830 17619.9 132.74
8.55080 17675.9 132.951
8.55330 17730.5 133.156
8.55580 17758.6 133.261
8.55830 17747.5 133.22
8.56080 17729.2 133.151
8.56330 17712 133.086
8.56580 17721.5 133.122
8.56830 17742.1 133.199
8.57080 17773.8 133.318
8.57330 17709.4 133.077
8.57580 17669.1 132.925
8.57830 17703.4 133.054
8.58080 17693.4 133.017
8.58330 17672.6 132.938
8.58580 17645.6 132.837
8.58830 17657.4 132.881
8.59080 17681.4 132.971
8.59330 17715.9 133.101
8.59580 17692.5 133.013
8.59830 17705.2 133.061
8.60080 17790.7 133.382
8.60330 17802.2 133.425
8.60580 17817.5 133.482
8.60830 17854 133.619
8.61080 17838.3 133.56
8.61330 17826.1 133.514
8.61580 17828.7 133.524
8.61830 17822.3 133.5
8.62080 17801.6 133.423
8.62330 17761.3 133.271
8.62580 17785.8 133.363
8.62830 17805.8 133.438
8.63080 17810 133.454
8.63330 17850 133.604
8.63580 17874.1 133.694
8.63830 17872 133.686
8.64080 17824.4 133.508
8.64330 17804.4 133.433
8.64580 17826.1 133.515
8.64830 17849.6 133.602
8.65080 17850.8 133.607
8.65330 17823.1 133.503
8.65580 17886.4 133.74
8.65830 17905.3 133.811
8.66080 17861.6 133.647
8.66330 17904.9 133.809
8.66580 17933.1 133.915
8.66830 17937.4 133.931
8.67080 17942 133.948
8.67330 17918.6 133.86
8.67580 17862.5 133.651
8.67830 17886.9 133.742
8.68080 17935.6 133.924
8.68330 18008.7 134.196
8.68580 18032.1 134.284
8.68830 18024.4 134.255
8.69080 17984.3 134.105
8.69330 17986.3 134.113
8.69580 17962.7 134.025
8.69830 17911 133.832
8.70080 17884.3 133.732
8.70330 17907.6 133.819
8.70580 17982 134.097
8.70830 18084.4 134.478
8.71080 18076.5 134.449
8.71330 17960.6 134.017
8.71580 18006 134.187
8.71830 17992.3 134.135
8.72080 17924.4 133.882
8.72330 18007.5 134.192
8.72580 18053.2 134.362
8.72830 18064.7 134.405
8.73080 18093.3 134.511
8.73330 18108 134.566
8.73580 18109.6 134.572
8.73830 18091.7 134.505
8.74080 18053.7 134.364
8.74330 18003.1 134.176
8.74580 18068.9 134.421
8.74830 18077.3 134.452
8.75080 18044.4 134.329
8.75330 18143.3 134.697
8.75580 18166.1 134.782
8.75830 18130.6 134.65
8.76080 18154.4 134.738
8.76330 18134.9 134.666
8.76580 18084.3 134.478
8.76830 18073.1 134.436
8.77080 18121.7 134.617
8.77330 18214.5 134.961
8.77580 18290.8 135.244
8.77830 18355.7 135.483
8.78080 18422.5 135.729
8.78330 18605.5 136.402
8.78580 18846.1 137.281
8.78830 19135.2 138.33
8.79080 19502.2 139.65
8.79330 19937.7 141.201
8.79580 20424.9 142.916
8.79830 20956.4 144.763
8.80080 21383.6 146.231
8.80330 21722.7 147.386
8.80580 21901.1 147.99
8.80830 22038.1 148.452
8.81080 22132.6 148.77
8.81330 22102.5 148.669
8.81580 21947.1 148.146
8.81830 21706.9 147.333
8.82080 21413.2 146.332
8.82330 21061.2 145.125
8.82580 20675.6 143.79
8.82830 20297 142.468
8.83080 19912.1 141.11
8.83330 19525.3 139.733
8.83580 19149.2 138.381
8.83830 18846.7 137.283
8.84080 18599.3 136.379
8.84330 18434.3 135.773
8.84580 18339.7 135.424
8.84830 18294.3 135.256
8.85080 18311.1 135.319
8.85330 18312.5 135.324
8.85580 18308.3 135.308
8.85830 18316.3 135.338
8.86080 18329 135.385
8.86330 18337.5 135.416
8.86580 18314.8 135.332
8.86830 18308.6 135.309
8.87080 18302.9 135.288
8.87330 18263.3 135.142
8.87580 18267.3 135.157
8.87830 18288.5 135.235
8.88080 18297.4 135.268
8.88330 18336.9 135.414
8.88580 18373.6 135.549
8.88830 18342.1 135.433
8.89080 18299.9 135.277
8.89330 18275.4 135.187
8.89580 18337.6 135.416
8.89830 18361.4 135.504
8.90080 18365.6 135.52
8.90330 18355.2 135.481
8.90580 18396.3 135.633
8.90830 18422.6 135.73
8.91080 18324.4 135.368
8.91330 18338.1 135.418
8.91580 18379.8 135.572
8.91830 18372.7 135.546
8.92080 18400.4 135.648
8.92330 18424.6 135.737
8.92580 18396.8 135.635
8.92830 18391.7 135.616
8.93080 18407.9 135.676
8.93330 18464.8 135.885
8.93580 18484.1 135.956
8.93830 18482.4 135.95
8.94080 18456.2 135.853
8.94330 18438.8 135.79
8.94580 18426.3 135.743
8.94830 18419.3 135.718
8.95080 18420 135.72
8.95330 18430.5 135.759
8.95580 18461.3 135.872
8.95830 18516.8 136.076
8.96080 18546.2 136.184
8.96330 18489.1 135.975
8.96580 18514.1 136.066
8.96830 18536 136.147
8.97080 18494.1 135.993
8.97330 18600.9 136.385
8.97580 18707.1 136.774
8.97830 18717.6 136.812
8.98080 18781.5 137.046
8.98330 18870.4 137.37
8.98580 18985.7 137.789
8.98830 19072.3 138.102
8.99080 19148.6 138.378
8.99330 19217.5 138.627
8.99580 19298.6 138.919
8.99830 19354.5 139.12
9.00080 19350.8 139.107
9.00330 19404.9 139.301
9.00580 19446.1 139.449
9.00830 19435.4 139.411
9.01080 19426.7 139.38
9.01330 19376.6 139.2
9.01580 19244 138.723
9.01830 19183.5 138.505
9.02080 19132.3 138.32
9.02330 19072.8 138.104
9.02580 19044.4 138.001
9.02830 18984.3 137.783
9.03080 18855.8 137.316
9.03330 18844.2 137.274
9.03580 18826 137.208
9.03830 18761.3 136.972
9.04080 18685.6 136.695
9.04330 18622.9 136.466
9.04580 18585.2 136.327
9.04830 18620.5 136.457
9.05080 18659.5 136.6
9.05330 18687 136.7
9.05580 18692.8 136.722
9.05830 18693.1 136.723
9.06080 18689.3 136.709
9.06330 18686.3 136.698
9.06580 18696.6 136.735
9.06830 18727.2 136.848
9.07080 18715.7 136.805
9.07330 18688.2 136.705
9.07580 18644.2 136.544
9.07830 18630.8 136.495
9.08080 18634.7 136.509
9.08330 18658.7 136.597
9.08580 18648.4 136.559
9.08830 18646.4 136.552
9.09080 18660.2 136.602
9.09330 18639.7 136.527
9.09580 18626.6 136.479
9.09830 18627.2 136.482
9.10080 18735.9 136.879
9.10330 18789.6 137.075
9.10580 18761.5 136.972
9.10830 18776.4 137.027
9.11080 18791.6 137.083
9.11330 18803.8 137.127
9.11580 18788.1 137.07
9.11830 18769 137
9.12080 18747.7 136.922
9.12330 18689.2 136.709
9.12580 18685.8 136.696
9.12830 18749.2 136.928
9.13080 18786.6 137.064
9.13330 18815.8 137.171
9.13580 18836.8 137.247
9.13830 18800.6 137.115
9.14080 18784.9 137.058
9.14330 18793.4 137.089
9.14580 18826.5 137.21
9.14830 18825.4 137.206
9.15080 18787.4 137.067
9.15330 18793.2 137.088
9.15580 18835.4 137.242
9.15830 18914.7 137.531
9.16080 18827.2 137.212
9.16330 18809.4 137.147
9.16580 18861.1 137.336
9.16830 18825.1 137.205
9.17080 18804.6 137.13
9.17330 18799.1 137.11
9.17580 18812.5 137.159
9.17830 18852.3 137.304
9.18080 18915.9 137.535
9.18330 18946.4 137.646
9.18580 18952.8 137.669
9.18830 18937.1 137.612
9.19080 18908.4 137.508
9.19330 18891.4 137.446
9.19580 18884.2 137.42
9.19830 18863.7 137.345
9.20080 18874.1 137.383
9.20330 18910.4 137.515
9.20580 18940.5 137.625
9.20830 18979.8 137.767
9.21080 19021.1 137.917
9.21330 18967.1 137.721
9.21580 18923.2 137.562
9.21830 18889.4 137.439
9.22080 18886.2 137.427
9.22330 18946.6 137.647
9.22580 19044 138
9.22830 18986.9 137.793
9.23080 18978.8 137.764
9.23330 19007.6 137.868
9.23580 19043.6 137.999
9.23830 19051.7 138.028
9.24080 19040.9 137.989
9.24330 19042.3 137.994
9.24580 19044.2 138.001
9.24830 19047.2 138.011
9.25080 19057.7 138.05
9.25330 19072.1 138.102
9.25580 19085.8 138.151
9.25830 19072 138.101
9.26080 19080.5 138.132
9.26330 19094.6 138.183
9.26580 19039.3 137.983
9.26830 19020.7 137.915
9.27080 19036.4 137.972
9.27330 19136.9 138.336
9.27580 19184 138.506
9.27830 19187.5 138.519
9.28080 19113.3 138.251
9.28330 19112.4 138.247
9.28580 19143.6 138.36
9.28830 19108.5 138.233
9.29080 19100.8 138.206
9.29330 19098.5 138.197
9.29580 19037.3 137.976
9.29830 19037.4 137.976
9.30080 19073.3 138.106
9.30330 19123.3 138.287
9.30580 19156.5 138.407
9.30830 19173.3 138.468
9.31080 19150.4 138.385
9.31330 19151.7 138.39
9.31580 19164.1 138.434
9.31830 19170.5 138.458
9.32080 19147.1 138.373
9.32330 19122.9 138.286
9.32580 19161.9 138.427
9.32830 19153 138.394
9.33080 19126 138.297
9.33330 19117.8 138.267
9.33580 19119.5 138.273
9.33830 19131.4 138.316
9.34080 19167.2 138.446
9.34330 19169.8 138.455
9.34580 19163 138.43
9.34830 19175.3 138.475
9.35080 19200.1 138.565
9.35330 19214.6 138.617
9.35580 19170.4 138.457
9.35830 19189.6 138.527
9.36080 19232.4 138.681
9.36330 19268.6 138.811
9.36580 19266.7 138.804
9.36830 19249.7 138.743
9.37080 19231.4 138.677
9.37330 19220.6 138.638
9.37580 19214.2 138.615
9.37830 19213.1 138.611
9.38080 19266.4 138.803
9.38330 19327 139.022
9.38580 19351 139.108
9.38830 19328.6 139.027
9.39080 19297.1 138.914
9.39330 19285.7 138.873
9.39580 19314.6 138.977
9.39830 19335.9 139.054
9.40080 19298.7 138.92
9.40330 19306.9 138.949
9.40580 19336.3 139.055
9.40830 19385.2 139.231
9.41080 19328.1 139.026
9.41330 19280.5 138.854
9.41580 19339.6 139.067
9.41830 19310.6 138.963
9.42080 19270.7 138.819
9.42330 19265.8 138.801
9.42580 19311.7 138.967
9.42830 19361.1 139.144
9.43080 19385.8 139.233
9.43330 19450.3 139.464
9.43580 19494.2 139.621
9.43830 19466.5 139.522
9.44080 19437.7 139.419
9.44330 19419.4 139.354
9.44580 19425.3 139.375
9.44830 19377.8 139.204
9.45080 19345.3 139.088
9.45330 19371.6 139.182
9.45580 19448.9 139.459
9.45830 19503.9 139.656
9.46080 19489.6 139.605
9.46330 19463.5 139.512
9.46580 19445.8 139.448
9.46830 19449.8 139.463
9.47080 19473.9 139.549
9.47330 19508.4 139.672
9.47580 19555.6 139.841
9.47830 19534 139.764
9.48080 19528.3 139.744
9.48330 19575.4 139.912
9.48580 19549.3 139.819
9.48830 19530.5 139.751
9.49080 19547 139.811
9.49330 19539.9 139.785
9.49580 19546.8 139.81
9.49830 19584.4 139.944
9.50080 19584.5 139.945
9.50330 19576 139.914
9.50580 19562.4 139.866
9.50830 19576.9 139.918
9.51080 19602 140.007
9.51330 19637.9 140.135
9.51580 19565.8 139.878
9.51830 19520.6 139.716
9.52080 19538.4 139.78
9.52330 19584.8 139.946
9.52580 19644.3 140.158
9.52830 19718.6 140.423
9.53080 19654.6 140.195
9.53330 19625.2 140.09
9.53580 19667.5 140.241
9.53830 19646.9 140.167
9.54080 19622.1 140.079
9.54330 19599.8 139.999
9.54580 19542.4 139.794
9.54830 19555.8 139.842
9.55080 19669.3 140.247
9.55330 19658.9 140.21
9.55580 19642.1 140.15
9.55830 19629.5 140.105
9.56080 19630.1 140.108
9.56330 19641.1 140.147
9.56580 19664.2 140.229
9.56830 19709.8 140.392
9.57080 19735.2 140.482
9.57330 19734.3 140.479
9.57580 19739.9 140.499
9.57830 19741.6 140.505
9.58080 19738.2 140.493
9.58330 19748 140.528
9.58580 19729.1 140.46
9.58830 19676.6 140.273
9.59080 19715.6 140.412
9.59330 19722 140.435
9.59580 19689.1 140.318
9.59830 19739.4 140.497
9.60080 19817.8 140.776
9.60330 19924.3 141.153
9.60580 19902.5 141.076
9.60830 19912.4 141.111
9.61080 19957.1 141.27
9.61330 19989.9 141.386
9.61580 19997.6 141.413
9.61830 19980.2 141.351
9.62080 20004.3 141.437
9.62330 20017.1 141.482
9.62580 20019.2 141.489
9.62830 20069.8 141.668
9.63080 20132 141.887
9.63330 20203.6 142.139
9.63580 20191.6 142.097
9.63830 20198.1 142.12
9.64080 20219.4 142.195
9.64330 20171.2 142.025
9.64580 20147.9 141.943
9.64830 20145.3 141.934
9.65080 20115 141.827
9.65330 20113.5 141.822
9.65580 20137 141.905
9.65830 20169.9 142.021
9.66080 20137.5 141.907
9.66330 20057.3 141.624
9.66580 20086.9 141.728
9.66830 20090.7 141.742
9.67080 20072.7 141.678
9.67330 20033.8 141.541
9.67580 20028.5 141.522
9.67830 20048.6 141.593
9.68080 20062.9 141.644
9.68330 20083.8 141.717
9.68580 20105 141.792
9.68830 20070.3 141.67
9.69080 20032.5 141.536
9.69330 19996.5 141.409
9.69580 20005.3 141.44
9.69830 19994.7 141.403
9.70080 19976.4 141.338
9.70330 20015.3 141.476
9.70580 20076.2 141.69
9.70830 20144.9 141.933
9.71080 20152.8 141.96
9.71330 20131 141.884
9.71580 20088.6 141.734
9.71830 20035.6 141.547
9.72080 20075.2 141.687
9.72330 20163.5 141.998
9.72580 20180.2 142.057
9.72830 20177.6 142.048
9.73080 20172 142.028
9.73330 20227.8 142.224
9.73580 20236.1 142.254
9.73830 20215.4 142.181
9.74080 20187.5 142.083
9.74330 20186.7 142.08
9.74580 20202.1 142.134
9.74830 20221.6 142.203
9.75080 20213.8 142.175
9.75330 20200.5 142.128
9.75580 20240.4 142.269
9.75830 20252.5 142.311
9.76080 20253.7 142.316
9.76330 20275.2 142.391
9.76580 20222.7 142.207
9.76830 20153.1 141.962
9.77080 20185.4 142.075
9.77330 20234.5 142.248
9.77580 20287.4 142.434
9.77830 20320.5 142.55
9.78080 20325.1 142.566
9.78330 20325.9 142.569
9.78580 20369.2 142.721
9.78830 20336.4 142.606
9.79080 20285.6 142.428
9.79330 20304.5 142.494
9.79580 20267 142.362
9.79830 20240.3 142.268
9.80080 20354.6 142.67
9.80330 20381.7 142.765
9.80580 20375.5 142.743
9.80830 20382 142.766
9.81080 20385.8 142.779
9.81330 20395.3 142.812
9.81580 20429.3 142.931
9.81830 20431.5 142.939
9.82080 20412.9 142.874
9.82330 20364.3 142.704
9.82580 20388.6 142.789
9.82830 20417.7 142.89
9.83080 20373.8 142.737
9.83330 20347.5 142.645
9.83580 20330.5 142.585
9.83830 20323.4 142.56
9.84080 20356.6 142.677
9.84330 20381 142.762
9.84580 20337.6 142.61
9.84830 20401.8 142.835
9.85080 20497.4 143.169
9.85330 20582.2 143.465
9.85580 20536.9 143.307
9.85830 20487.3 143.134
9.86080 20537.9 143.31
9.86330 20569.4 143.42
9.86580 20579 143.454
9.86830 20545.5 143.337
9.87080 20519 143.245
9.87330 20518.2 143.242
9.87580 20577.6 143.449
9.87830 20599.3 143.525
9.88080 20625.7 143.616
9.88330 20688.5 143.835
9.88580 20647.8 143.693
9.88830 20604.3 143.542
9.89080 20617.3 143.587
9.89330 20610.2 143.562
9.89580 20621.5 143.602
9.89830 20685.4 143.824
9.90080 20643.5 143.678
9.90330 20616.4 143.584
9.90580 20675.3 143.789
9.90830 20678.4 143.8
9.91080 20655.2 143.719
9.91330 20602.3 143.535
9.91580 20645.6 143.686
9.91830 20689.9 143.84
9.92080 20695.7 143.86
9.92330 20668.6 143.766
9.92580 20668.5 143.766
9.92830 20733.3 143.991
9.93080 20787.6 144.179
9.93330 20846.3 144.382
9.93580 20917 144.627
9.93830 20878.6 144.494
9.94080 20820.7 144.294
9.94330 20761.8 144.09
9.94580 20736.9 144.003
9.94830 20729.3 143.977
9.95080 20742.2 144.022
9.95330 20795.4 144.206
9.95580 20889.1 144.531
9.95830 21040.8 145.055
9.96080 20990 144.879
9.96330 20940.2 144.707
9.96580 20937.9 144.699
9.96830 20895.7 144.553
9.97080 20916.9 144.627
9.97330 21045.7 145.071
9.97580 21100.3 145.259
9.97830 21133.2 145.373
9.98080 21146.6 145.419
9.98330 21215.2 145.654
9.98580 21276.1 145.863
9.98830 21317.1 146.004
9.99080 21348.2 146.11
9.99330 21437.8 146.417
9.99580 21611.6 147.009
9.99830 21722.3 147.385
10.00080 21906.4 148.008
10.00330 22198.6 148.992
10.00580 22670.1 150.566
10.00830 23390.7 152.94
10.01080 24421.8 156.275
10.01330 26312.5 162.211
10.01580 29097.4 170.58
10.01830 32949 181.519
10.02080 39586.3 198.963
10.02330 47506.5 217.96
10.02580 56805 238.338
10.02830 66316.8 257.52
10.03080 75460.6 274.701
10.03330 84151.3 290.088
10.03580 91895.6 303.143
10.03830 98721.6 314.2
10.04080 104531 323.313
10.04330 107936 328.537
10.04580 109798 331.358
10.04830 110022 331.695
10.05080 108841 329.911
10.05330 106430 326.236
10.05580 102722 320.503
10.05830 97266.7 311.876
10.06080 90450.8 300.75
10.06330 82237.9 286.772
10.06580 72337 268.955
10.06830 62451.5 249.903
10.07080 52595.7 229.338
10.07330 44310.1 210.5
10.07580 37369.5 193.312
10.07830 31768.6 178.238
10.08080 28386.8 168.484
10.08330 25800.5 160.625
10.08580 23986.4 154.875
10.08830 23132.6 152.094
10.09080 22528.4 150.095
10.09330 22155.1 148.846
10.09580 21849.2 147.815
10.09830 21641 147.109
10.10080 21521.5 146.702
10.10330 21450.2 146.459
10.10580 21372.1 146.192
10.10830 21289.1 145.908
10.11080 21232.6 145.714
10.11330 21196.7 145.591
10.11580 21175.5 145.518
10.11830 21104.5 145.274
10.12080 21023.5 144.995
10.12330 20940.7 144.709
10.12580 20961.1 144.779
10.12830 20952.6 144.75
10.13080 20921.9 144.644
10.13330 20895 144.551
10.13580 20847.2 144.386
10.13830 20788.7 144.183
10.14080 20794.6 144.203
10.14330 20793.4 144.199
10.14580 20790.4 144.189
10.14830 20821.8 144.297
10.15080 20802 144.229
10.15330 20753.9 144.062
10.15580 20781.7 144.158
10.15830 20765.9 144.104
10.16080 20724.2 143.959
10.16330 20715.4 143.928
10.16580 20696.3 143.862
10.16830 20677.4 143.796
10.17080 20716 143.93
10.17330 20717.8 143.937
10.17580 20697.9 143.868
10.17830 20690.2 143.841
10.18080 20691.7 143.846
10.18330 20701 143.878
10.18580 20724.5 143.96
10.18830 20709.4 143.907
10.19080 20668.3 143.765
10.19330 20606.6 143.55
10.19580 20572.7 143.432
10.19830 20557.6 143.379
10.20080 20560.1 143.388
10.20330 20553.6 143.365
10.20580 20550.8 143.356
10.20830 20598.3 143.521
10.21080 20554.3 143.368
10.21330 20479.6 143.107
10.21580 20501.1 143.182
10.21830 20503 143.189
10.22080 20514.6 143.229
10.22330 20626.7 143.62
10.22580 20664.5 143.752
10.22830 20649.6 143.7
10.23080 20558.5 143.383
10.23330 20519.8 143.247
10.23580 20505.4 143.197
10.23830 20489 143.14
10.24080 20446.5 142.991
10.24330 20409.3 142.861
10.24580 20445.5 142.988
10.24830 20436.2 142.955
10.25080 20414.9 142.881
10.25330 20426.3 142.92
10.25580 20426.9 142.923
10.25830 20427.4 142.925
10.26080 20445.2 142.987
10.26330 20412.1 142.871
10.26580 20356.6 142.676
10.26830 20294.4 142.458
10.27080 20300.3 142.479
10.27330 20337.4 142.609
10.27580 20389.8 142.793
10.27830 20399.9 142.828
10.28080 20384.8 142.775
10.28330 20338.7 142.614
10.28580 20308.2 142.507
10.28830 20287.6 142.435
10.29080 20280.4 142.409
10.29330 20256.8 142.327
10.29580 20217.9 142.19
10.29830 20149.4 141.949
10.30080 20211 142.166
10.30330 20273.2 142.384
10.30580 20211.5 142.167
10.30830 20192.6 142.101
10.31080 20188.8 142.087
10.31330 20189.9 142.091
10.31580 20203.9 142.141
10.31830 20216.1 142.183
10.32080 20212.5 142.171
10.32330 20154.3 141.966
10.32580 20112.5 141.818
10.32830 20153.1 141.961
10.33080 20097 141.764
10.33330 20035.9 141.548
10.33580 20027.9 141.52
10.33830 20028.4 141.522
10.34080 20025.3 141.511
10.34330 20008.4 141.451
10.34580 19995.5 141.406
10.34830 20013 141.467
10.35080 20097.2 141.765
10.35330 20077.2 141.694
10.35580 20039.1 141.56
10.35830 20015.4 141.476
10.36080 20040.3 141.564
10.36330 20059.1 141.63
10.36580 20042.2 141.57
10.36830 20027 141.517
10.37080 20001.6 141.427
10.37330 19954.4 141.26
10.37580 19965.8 141.3
10.37830 19983 141.361
10.38080 19988.9 141.382
10.38330 20001.3 141.426
10.38580 19985.6 141.37
10.38830 19914.1 141.117
10.39080 19847.1 140.88
10.39330 19824.8 140.801
10.39580 19882.5 141.005
10.39830 19913.7 141.116
10.40080 19917.2 141.128
10.40330 19879.8 140.996
10.40580 19855.8 140.911
10.40830 19815 140.766
10.41080 19742.5 140.508
10.41330 19769.4 140.604
10.41580 19796.4 140.7
10.41830 19800.4 140.714
10.42080 19800.4 140.714
10.42330 19783.8 140.655
10.42580 19741.4 140.504
10.42830 19770.9 140.609
10.43080 19806.1 140.734
10.43330 19836.5 140.842
10.43580 19839.8 140.854
10.43830 19823 140.794
10.44080 19781.2 140.646
10.44330 19774 140.62
10.44580 19744.5 140.515
10.44830 19678 140.278
10.45080 19692.5 140.33
10.45330 19698 140.35
10.45580 19681.2 140.29
10.45830 19771.4 140.611
10.46080 19784.5 140.658
10.46330 19683.2 140.297
10.46580 19675.2 140.268
10.46830 19676.5 140.273
10.47080 19681 140.289
10.47330 19822.2 140.791
10.47580 19919.5 141.136
10.47830 19951.1 141.248
10.48080 20109.7 141.809
10.48330 20330.4 142.585
10.48580 20617.9 143.589
10.48830 20950 144.741
10.49080 21260.2 145.809
10.49330 21542.6 146.774
10.49580 21953.8 148.168
10.49830 22238.1 149.124
10.50080 22373.8 149.579
10.50330 22432.6 149.775
10.50580 22430.5 149.768
10.50830 22364.1 149.546
10.51080 22366.9 149.556
10.51330 22266.3 149.219
10.51580 22055.1 148.51
10.51830 21832.1 147.757
10.52080 21617.5 147.029
10.52330 21411.6 146.327
10.52580 21174.3 145.514
10.52830 20885 144.516
10.53080 20544.8 143.335
10.53330 20310.3 142.514
10.53580 20076 141.69
10.53830 19843.6 140.867
10.54080 19722.2 140.436
10.54330 19614.9 140.053
10.54580 19522.7 139.724
10.54830 19511.6 139.684
10.55080 19518.9 139.71
10.55330 19541.8 139.792
10.55580 19538.8 139.781
10.55830 19510.8 139.681
10.56080 19462.2 139.507
10.56330 19439.9 139.427
10.56580 19423 139.366
10.56830 19411 139.323
10.57080 19404.7 139.301
10.57330 19408.3 139.314
10.57580 19417.8 139.348
10.57830 19391 139.252
10.58080 19352.4 139.113
10.58330 19307.6 138.952
10.58580 19307.5 138.951
10.58830 19315.6 138.98
10.59080 19328.2 139.026
10.59330 19318.9 138.992
10.59580 19292.7 138.898
10.59830 19263.9 138.794
10.60080 19345.5 139.088
10.60330 19372.2 139.184
10.60580 19359.1 139.137
10.60830 19337.8 139.061
10.61080 19357.6 139.131
10.61330 19402 139.291
10.61580 19415.8 139.341
10.61830 19380.7 139.215
10.62080 19313.7 138.974
10.62330 19251.4 138.749
10.62580 19248.9 138.74
10.62830 19281.6 138.858
10.63080 19290.2 138.889
10.63330 19326.3 139.019
10.63580 19367.4 139.167
10.63830 19322.2 139.004
10.64080 19291.8 138.895
10.64330 19275 138.834
10.64580 19290.2 138.889
10.64830 19309.2 138.958
10.65080 19314.9 138.978
10.65330 19223.8 138.65
10.65580 19212.4 138.609
10.65830 19235.1 138.691
10.66080 19198.7 138.559
10.66330 19234 138.687
10.66580 19287.2 138.878
10.66830 19228.2 138.666
10.67080 19230.6 138.675
10.67330 19259 138.777
10.67580 19257.3 138.771
10.67830 19267.4 138.807
10.68080 19290.7 138.891
10.68330 19349.4 139.102
10.68580 19355.2 139.123
10.68830 19331 139.036
10.69080 19286.5 138.876
10.69330 19241.9 138.715
10.69580 19201.8 138.571
10.69830 19181.4 138.497
10.70080 19179.1 138.489
10.70330 19186.2 138.514
10.70580 19198 138.557
10.70830 19257.3 138.771
10.71080 19303.2 138.936
10.71330 19217.9 138.629
10.71580 19197.9 138.556
10.71830 19203 138.575
10.72080 19202.4 138.573
10.72330 19243 138.719
10.72580 19278.4 138.847
10.72830 19236.8 138.697
10.73080 19259.4 138.778
10.73330 19290.2 138.889
10.73580 19266.4 138.803
10.73830 19240.5 138.71
10.74080 19220.9 138.64
10.74330 19224.4 138.652
10.74580 19239.6 138.707
10.74830 19248.2 138.738
10.75080 19223.9 138.65
10.75330 19201.9 138.571
10.75580 19192.8 138.538
10.75830 19219.7 138.635
10.76080 19272.9 138.827
10.76330 19302.1 138.932
10.76580 19239.5 138.707
10.76830 19212 138.607
10.77080 19216.4 138.623
10.77330 19278.1 138.846
10.77580 19327.3 139.023
10.77830 19352.8 139.114
10.78080 19326.6 139.02
10.78330 19376.2 139.198
10.78580 19415 139.338
10.78830 19374.5 139.192
10.79080 19356.1 139.126
10.79330 19325.3 139.015
10.79580 19250.6 138.746
10.79830 19287.8 138.881
10.80080 19346.2 139.091
10.80330 19388.4 139.242
10.80580 19405.3 139.303
10.80830 19410.7 139.322
10.81080 19404.2 139.299
10.81330 19452.6 139.473
10.81580 19505.8 139.663
10.81830 19542.8 139.796
10.82080 19534.4 139.766
10.82330 19532.7 139.759
10.82580 19564.8 139.874
10.82830 19559.7 139.856
10.83080 19547.3 139.812
10.83330 19535.3 139.769
10.83580 19555.1 139.84
10.83830 19593.3 139.976
10.84080 19655.3 140.197
10.84330 19672 140.257
10.84580 19688.7 140.317
10.84830 19720.6 140.43
10.85080 19769.4 140.604
10.85330 19819.5 140.782
10.85580 19867 140.95
10.85830 19914.3 141.118
10.86080 19954.6 141.261
10.86330 19982.9 141.361
10.86580 20012.4 141.465
10.86830 20052.4 141.606
10.87080 20109.5 141.808
10.87330 20202.1 142.134
10.87580 20331.3 142.588
10.87830 20510.9 143.216
10.88080 20647.5 143.692
10.88330 20809.5 144.255
10.88580 21019 144.979
10.88830 21234.2 145.72
10.89080 21524.6 146.713
10.89330 21926.1 148.075
10.89580 22521.2 150.071
10.89830 23282.2 152.585
10.90080 24253.2 155.734
10.90330 26053.1 161.41
10.90580 28659.6 169.291
10.90830 32280.2 179.667
10.91080 38760.8 196.878
10.91330 47756.7 218.533
10.91580 59812.8 244.567
10.91830 79594.6 282.125
10.92080 101176 318.083
10.92330 124349 352.631
10.92580 149665 386.865
10.92830 174648 417.909
10.93080 199035 446.133
10.93330 220300 469.361
10.93580 236577 486.392
10.93830 246996 496.987
10.94080 260251 510.148
10.94330 271977 521.514
10.94580 281746 530.797
10.94830 286236 535.01
10.95080 288300 536.936
10.95330 287830 536.498
10.95580 281628 530.686
10.95830 272556 522.069
10.96080 260506 510.398
10.96330 243670 493.63
10.96580 225294 474.652
10.96830 205380 453.189
10.97080 183403 428.256
10.97330 161051 401.312
10.97580 138338 371.938
10.97830 116030 340.631
10.98080 95837.6 309.576
10.98330 77777.8 278.887
10.98580 64242.8 253.462
10.98830 52705.4 229.577
10.99080 43140.7 207.703
10.99330 36875.7 192.031
10.99580 31880.5 178.551
10.99830 28106.9 167.651
11.00080 25954.2 161.103
11.00330 24326.7 155.97
11.00580 23189.4 152.281
11.00830 22550.3 150.167
11.01080 22032.9 148.435
11.01330 21624.3 147.052
11.01580 21275.9 145.862
11.01830 21029.5 145.015
11.02080 20871.2 144.469
11.02330 20748.5 144.044
11.02580 20656.5 143.724
11.02830 20586.3 143.479
11.03080 20462.4 143.047
11.03330 20415.3 142.882
11.03580 20420.8 142.901
11.03830 20300.8 142.481
11.04080 20251.8 142.309
11.04330 20252.4 142.311
11.04580 20192.4 142.1
11.04830 20209.6 142.161
11.05080 20283.6 142.42
11.05330 20352.7 142.663
11.05580 20446.6 142.992
11.05830 20557.5 143.379
11.06080 20659.6 143.734
11.06330 20826.6 144.314
11.06580 21041.3 145.056
11.06830 21281.7 145.882
11.07080 21577.1 146.891
11.07330 21949.8 148.155
11.07580 22673.2 150.576
11.07830 23688.5 153.911
11.08080 25022.2 158.184
11.08330 27390.4 165.5
11.08580 31051.4 176.214
11.08830 35912.1 189.505
11.09080 43658.1 208.945
11.09330 53672.2 231.673
11.09580 65556.1 256.039
11.09830 80862.7 284.364
11.10080 97458.1 312.183
11.10330 114860 338.911
11.10580 132621 364.172
11.10830 150061 387.377
11.11080 167151 408.841
11.11330 183239 428.064
11.11580 197648 444.576
11.11830 210855 459.19
11.12080 222439 471.634
11.12330 233046 482.748
11.12580 242822 492.77
11.12830 250922 500.922
11.13080 256767 506.722
11.13330 260752 510.639
11.13580 261189 511.066
11.13830 258915 508.837
11.14080 254391 504.371
11.14330 245529 495.509
11.14580 234133 483.872
11.14830 220975 470.08
11.15080 205293 453.093
11.15330 189202 434.973
11.15580 172638 415.497
11.15830 154873 393.538
11.16080 136677 369.698
11.16330 118842 344.734
11.16580 103165 321.193
11.16830 88483.2 297.461
11.17080 74585.9 273.104
11.17330 62081.9 249.162
11.17580 51491.2 226.917
11.17830 42395.3 205.901
11.18080 35909.8 189.499
11.18330 31180.5 176.58
11.18580 27554.4 165.995
11.18830 25391.3 159.347
11.19080 23753 154.12
11.19330 22474 149.913
11.19580 21735.5 147.43
11.19830 21188.9 145.564
11.20080 20753.7 144.062
11.20330 20454.4 143.019
11.20580 20250.6 142.305
11.20830 20076.5 141.691
11.21080 19894.4 141.047
11.21330 19742.7 140.509
11.21580 19603.5 140.012
11.21830 19471.8 139.542
11.22080 19375.9 139.197
11.22330 19301.8 138.931
11.22580 19257.1 138.77
11.22830 19164.9 138.437
11.23080 19071.5 138.1
11.23330 19011.7 137.883
11.23580 18981.3 137.773
11.23830 18936.1 137.609
11.24080 18833 137.233
11.24330 18808.7 137.145
11.24580 18804 137.128
11.24830 18795.8 137.098
11.25080 18739.2 136.891
11.25330 18707.8 136.776
11.25580 18763.8 136.981
11.25830 18721.6 136.827
11.26080 18666 136.624
11.26330 18633.9 136.506
11.26580 18562.4 136.244
11.26830 18505.5 136.035
11.27080 18499.4 136.013
11.27330 18485.9 135.963
11.27580 18485.9 135.963
11.27830 18517.2 136.078
11.28080 18465.2 135.887
11.28330 18429.5 135.755
11.28580 18460.8 135.871
11.28830 18426.6 135.745
11.29080 18386.2 135.596
11.29330 18358.4 135.493
11.29580 18288.8 135.236
11.29830 18280.4 135.205
11.30080 18400.1 135.647
11.30330 18390.1 135.61
11.30580 18380.9 135.576
11.30830 18412.5 135.693
11.31080 18400.8 135.65
11.31330 18395.8 135.631
11.31580 18414.5 135.7
11.31830 18417.2 135.71
11.32080 18390.9 135.613
11.32330 18320.2 135.352
11.32580 18353.1 135.474
11.32830 18363.2 135.511
11.33080 18313.6 135.328
11.33330 18295.9 135.262
11.33580 18282.4 135.212
11.33830 18268.9 135.162
11.34080 18297.1 135.267
11.34330 18304.4 135.294
11.34580 18273 135.178
11.34830 18322.3 135.36
11.35080 18389.8 135.609
11.35330 18471.2 135.909
11.35580 18463.4 135.88
11.35830 18479.8 135.941
11.36080 18542.4 136.171
11.36330 18564.1 136.25
11.36580 18606.9 136.407
11.36830 18683.3 136.687
11.37080 18768.3 136.998
11.37330 18858.9 137.328
11.37580 18955.8 137.68
11.37830 19133.2 138.323
11.38080 19356.8 139.129
11.38330 19632 140.114
11.38580 20000.6 141.423
11.38830 20546.6 143.341
11.39080 21303.8 145.958
11.39330 22826.2 151.083
11.39580 25170.8 158.653
11.39830 28447.2 168.663
11.40080 34356.2 185.354
11.40330 42116.1 205.222
11.40580 51880.6 227.773
11.40830 64905.1 254.765
11.41080 78914.9 280.918
11.41330 93905.9 306.441
11.41580 109807 331.371
11.41830 124938 353.465
11.42080 139218 373.119
11.42330 151345 389.031
11.42580 162536 403.157
11.42830 172783 415.672
11.43080 182128 426.765
11.43330 191134 437.189
11.43580 199794 446.983
11.43830 203795 451.437
11.44080 204840 452.592
11.44330 202933 450.481
11.44580 194485 441.005
11.44830 183606 428.493
11.45080 170409 412.807
11.45330 155870 394.804
11.45580 140413 374.717
11.45830 124103 352.282
11.46080 107269 327.519
11.46330 91539.9 302.556
11.46580 76878.9 277.27
11.46830 64742.6 254.446
11.47080 54178.8 232.763
11.47330 45065.9 212.287
11.47580 38331.1 195.783
11.47830 32641.6 180.67
11.48080 27913.1 167.072
11.48330 24968.4 158.014
11.48580 22736.7 150.787
11.48830 21120.6 145.329
11.49080 20222.5 142.206
11.49330 19608 140.028
11.49580 19219.9 138.636
11.49830 18931.5 137.592
11.50080 18703.1 136.759
11.50330 18523.2 136.1
11.50580 18389.4 135.608
11.50830 18280.4 135.205
11.51080 18190 134.87
11.51330 18107.6 134.564
11.51580 18009.3 134.199
11.51830 17910.9 133.831
11.52080 17917.1 133.855
11.52330 17911.3 133.833
11.52580 17903.7 133.805
11.52830 17951.9 133.985
11.53080 18046.6 134.338
11.53330 18185.6 134.854
11.53580 18439.3 135.791
11.53830 18752.6 136.94
11.54080 19116.4 138.262
11.54330 19578.1 139.922
11.54580 19985.4 141.37
11.54830 20383.3 142.77
11.55080 20946.3 144.728
11.55330 21372.3 146.193
11.55580 21713.1 147.354
11.55830 22023.1 148.402
11.56080 22178.9 148.926
11.56330 22234.8 149.113
11.56580 22216.1 149.051
11.56830 22129.7 148.761
11.57080 21981 148.26
11.57330 21689.7 147.274
11.57580 21380.8 146.222
11.57830 21036.1 145.038
11.58080 20551.4 143.358
11.58330 20081.9 141.711
11.58580 19612.4 140.044
11.58830 19103.6 138.216
11.59080 18707.9 136.777
11.59330 18366.9 135.525
11.59580 18022.8 134.249
11.59830 17826.1 133.514
11.60080 17704.7 133.059
11.60330 17608.2 132.696
11.60580 17495.4 132.27
11.60830 17388.7 131.866
11.61080 17338.6 131.676
11.61330 17351.3 131.724
11.61580 17374.8 131.813
11.61830 17331.5 131.649
11.62080 17297 131.518
11.62330 17268.3 131.409
11.62580 17247.4 131.33
11.62830 17215.8 131.209
11.63080 17186.5 131.097
11.63330 17181.5 131.078
11.63580 17169.1 131.031
11.63830 17167.2 131.024
11.64080 17210.7 131.19
11.64330 17181.8 131.08
11.64580 17141.8 130.927
11.64830 17154.1 130.974
11.65080 17098 130.759
11.65330 17042.8 130.548
11.65580 17067.6 130.643
11.65830 17019.6 130.459
11.66080 16974.6 130.287
11.66330 17013.8 130.437
11.66580 17060.7 130.617
11.66830 17093.1 130.741
11.67080 17076.5 130.677
11.67330 17058.4 130.608
11.67580 17042.4 130.547
11.67830 17033.8 130.513
11.68080 17033.5 130.513
11.68330 17038.8 130.533
11.68580 17051.9 130.583
11.68830 17000.5 130.386
11.69080 16948.8 130.188
11.69330 16943.1 130.166
11.69580 16922.1 130.085
11.69830 16899.5 129.998
11.70080 16883.3 129.936
11.70330 16891.4 129.967
11.70580 16911 130.042
11.70830 16942.7 130.164
11.71080 16912.7 130.049
11.71330 16877.1 129.912
11.71580 16863.5 129.86
11.71830 16849.3 129.805
11.72080 16846.8 129.795
11.72330 16870.1 129.885
11.72580 16892.5 129.971
11.72830 16894.1 129.977
11.73080 16852.8 129.818
11.73330 16913.4 130.051
11.73580 16958.3 130.224
11.73830 16928.9 130.111
11.74080 16893.5 129.975
11.74330 16886 129.946
11.74580 16935 130.134
11.74830 16957.3 130.22
11.75080 16975.8 130.291
11.75330 16996.6 130.371
11.75580 16967.2 130.258
11.75830 16951.6 130.198
11.76080 16976.4 130.293
11.76330 17044.7 130.555
11.76580 17090 130.729
11.76830 17082.8 130.701
11.77080 17190.3 131.112
11.77330 17336.7 131.669
11.77580 17519.3 132.361
11.77830 17738.6 133.186
11.78080 18019 134.235
11.78330 18390.4 135.611
11.78580 19139.5 138.346
11.78830 20253.2 142.314
11.79080 21862.1 147.859
11.79330 24288.1 155.846
11.79580 27202.9 164.933
11.79830 30711.1 175.246
11.80080 34665.9 186.188
11.80330 38453.3 196.095
11.80580 41923.8 204.753
11.80830 45284.7 212.802
11.81080 48629.4 220.521
11.81330 51966.7 227.962
11.81580 55244.1 235.041
11.81830 58171.2 241.187
11.82080 60625.8 246.223
11.82330 62042.7 249.084
11.82580 63031.9 251.061
11.82830 63564.1 252.119
11.83080 63009.9 251.018
11.83330 62000.2 248.998
11.83580 60504.9 245.977
11.83830 57880.9 240.584
11.84080 54644.6 233.762
11.84330 50735.2 225.245
11.84580 46021.7 214.527
11.84830 41523.8 203.774
11.85080 37333.9 193.22
11.85330 33439.1 182.864
11.85580 29766.7 172.53
11.85830 26337.5 162.288
11.86080 23731.9 154.052
11.86330 21619 147.034
11.86580 20027.2 141.518
11.86830 19029.2 137.946
11.87080 18278.9 135.199
11.87330 17781 133.346
11.87580 17520.8 132.366
11.87830 17315.3 131.587
11.88080 17163 131.007
11.88330 17076.1 130.675
11.88580 16986.5 130.332
11.88830 16893.6 129.976
11.89080 16824.1 129.708
11.89330 16780.2 129.538
11.89580 16761.7 129.467
11.89830 16765 129.48
11.90080 16729.3 129.342
11.90330 16657.9 129.065
11.90580 16653.1 129.047
11.90830 16607.4 128.87
11.91080 16526.7 128.556
11.91330 16542.5 128.618
11.91580 16533.8 128.584
11.91830 16504.3 128.469
11.92080 16509.7 128.49
11.92330 16480.3 128.376
11.92580 16424 128.156
11.92830 16444.2 128.235
11.93080 16468.4 128.329
11.93330 16494.8 128.432
11.93580 16500.7 128.455
11.93830 16476.8 128.362
11.94080 16430.4 128.181
11.94330 16409.7 128.101
11.94580 16379.9 127.984
11.94830 16343.6 127.842
11.95080 16316.2 127.735
11.95330 16304.9 127.691
11.95580 16310.4 127.712
11.95830 16372.4 127.955
11.96080 16368.5 127.939
11.96330 16318.5 127.744
11.96580 16292.2 127.641
11.96830 16267.5 127.544
11.97080 16250.6 127.478
11.97330 16299.3 127.669
11.97580 16341 127.832
11.97830 16371.4 127.951
11.98080 16341.1 127.832
11.98330 16350.5 127.869
11.98580 16378.9 127.98
11.98830 16347.5 127.857
11.99080 16292.4 127.642
11.99330 16230.1 127.397
11.99580 16227.7 127.388
11.99830 16213.5 127.332
12.00080 16195.7 127.262
12.00330 16204.9 127.299
12.00580 16236 127.42
12.00830 16270.7 127.557
12.01080 16244.4 127.454
12.01330 16252 127.483
12.01580 16276.3 127.579
12.01830 16284.6 127.611
12.02080 16239.8 127.436
12.02330 16187.3 127.229
12.02580 16258.4 127.509
12.02830 16273.3 127.567
12.03080 16261.6 127.521
12.03330 16268.3 127.547
12.03580 16228.1 127.39
12.03830 16176.9 127.188
12.04080 16192.3 127.249
12.04330 16154.6 127.101
12.04580 16101.8 126.893
12.04830 16102.6 126.896
12.05080 16145.9 127.066
12.05330 16192.5 127.25
12.05580 16162.7 127.133
12.05830 16203.2 127.292
12.06080 16258.6 127.509
12.06330 16239.5 127.434
12.06580 16224 127.374
12.06830 16216.7 127.345
12.07080 16235.9 127.42
12.07330 16179 127.197
12.07580 16117.7 126.956
12.07830 16164.5 127.14
12.08080 16169.1 127.158
12.08330 16159.1 127.118
12.08580 16158.2 127.115
12.08830 16140.4 127.045
12.09080 16129.4 127.002
12.09330 16165.7 127.145
12.09580 16183.5 127.214
12.09830 16215.5 127.34
12.10080 16318 127.742
12.10330 16347 127.856
12.10580 16354 127.883
12.10830 16374.7 127.964
12.11080 16404.9 128.081
12.11330 16443.8 128.233
12.11580 16499.5 128.45
12.11830 16534.7 128.587
12.12080 16574.2 128.741
12.12330 16645.9 129.019
12.12580 16675.1 129.132
12.12830 16678.9 129.147
12.13080 16648.9 129.031
12.13330 16605.7 128.863
12.13580 16556.3 128.671
12.13830 16501.7 128.459
12.14080 16486.2 128.398
12.14330 16502.3 128.461
12.14580 16571.2 128.729
12.14830 16663.4 129.087
12.15080 16767.5 129.489
12.15330 16885.1 129.943
12.15580 17169.1 131.031
12.15830 17490.2 132.25
12.16080 17795.8 133.401
12.16330 18174.7 134.814
12.16580 18535.8 136.146
12.16830 18814.3 137.165
12.17080 19147.8 138.376
12.17330 19463.6 139.512
12.17580 19711.9 140.399
12.17830 19941.2 141.213
12.18080 20127.9 141.873
12.18330 20233.5 142.244
12.18580 20203.2 142.138
12.18830 20107.8 141.802
12.19080 19938.5 141.204
12.19330 19679 140.282
12.19580 19390.5 139.25
12.19830 19080.3 138.132
12.20080 18764.8 136.985
12.20330 18456 135.853
12.20580 18162 134.767
12.20830 17856 133.626
12.21080 17538 132.431
12.21330 17201.7 131.155
12.21580 16905.3 130.02
12.21830 16637 128.984
12.22080 16406.5 128.088
12.22330 16311.4 127.716
12.22580 16235.2 127.417
12.22830 16155.7 127.105
12.23080 16082.4 126.816
12.23330 16036.9 126.637
12.23580 16035.6 126.632
12.23830 16052 126.696
12.24080 16045.8 126.672
12.24330 16000.4 126.493
12.24580 16041.6 126.656
12.24830 16057.1 126.717
12.25080 16017.1 126.559
12.25330 15989.8 126.451
12.25580 15989.3 126.449
12.25830 16026.2 126.595
12.26080 16008.9 126.526
12.26330 15988.9 126.447
12.26580 15972.7 126.383
12.26830 15982.9 126.423
12.27080 15987.5 126.442
12.27330 15981.3 126.417
12.27580 16001.9 126.499
12.27830 16024.4 126.587
12.28080 16046.4 126.675
12.28330 16046.6 126.675
12.28580 16030.3 126.611
12.28830 15994.9 126.471
12.29080 16006.1 126.515
12.29330 15986.9 126.439
12.29580 15926.1 126.199
12.29830 15975.5 126.394
12.30080 16027.3 126.599
12.30330 16074.9 126.787
12.30580 16028.2 126.603
12.30830 16014.3 126.548
12.31080 16043.6 126.663
12.31330 16006.9 126.518
12.31580 16006 126.515
12.31830 16048.5 126.683
12.32080 16075 126.787
12.32330 16066.6 126.754
12.32580 16020.6 126.573
12.32830 16050.7 126.691
12.33080 16054.8 126.707
12.33330 16029.7 126.608
12.33580 16030.5 126.612
12.33830 16020.5 126.572
12.34080 15999 126.487
12.34330 16068.9 126.763
12.34580 16102.2 126.894
12.34830 16099.2 126.883
12.35080 16164 127.138
12.35330 16191.3 127.245
12.35580 16182.1 127.209
12.35830 16124.9 126.984
12.36080 16127.5 126.994
12.36330 16185.2 127.221
12.36580 16223.8 127.373
12.36830 16253.5 127.489
12.37080 16274.6 127.572
12.37330 16274.3 127.571
12.37580 16279.1 127.59
12.37830 16286.7 127.619
12.38080 16256.3 127.5
12.38330 16255.8 127.498
12.38580 16280.4 127.595
12.38830 16306.6 127.697
12.39080 16354.4 127.884
12.39330 16420.1 128.141
12.39580 16489.5 128.412
12.39830 16510.8 128.494
12.40080 16494.3 128.43
12.40330 16477.3 128.364
12.40580 16516.7 128.517
12.40830 16595 128.822
12.41080 16619.6 128.917
12.41330 16681.1 129.155
12.41580 16768.6 129.494
12.41830 16844.3 129.786
12.42080 16951.3 130.197
12.42330 17078.8 130.686
12.42580 17187.5 131.101
12.42830 17306.8 131.555
12.43080 17444 132.076
12.43330 17679.7 132.965
12.43580 17861.4 133.646
12.43830 18020.6 134.241
12.44080 18294 135.255
12.44330 18668.5 136.633
12.44580 19131.6 138.317
12.44830 19780.3 140.642
12.45080 20849.7 144.394
12.45330 22343.2 149.476
12.45580 25016.7 158.167
12.45830 29219.4 170.937
12.46080 34850.8 186.684
12.46330 43928.5 209.591
12.46580 55597.9 235.792
12.46830 69242.4 263.139
12.47080 85872.9 293.041
12.47330 104265 322.901
12.47580 123793 351.842
12.47830 144219 379.762
12.48080 165340 406.62
12.48330 187059 432.503
12.48580 210013 458.272
12.48830 233583 483.304
12.49080 257304 507.251
12.49330 280157 529.298
12.49580 299972 547.697
12.49830 317151 563.162
12.50080 328906 573.503
12.50330 336615 580.186
12.50580 341259 584.174
12.50830 340779 583.762
12.51080 335816 579.497
12.51330 328215 572.9
12.51580 318179 564.074
12.51830 306408 553.541
12.52080 293322 541.592
12.52330 278013 527.269
12.52580 260960 510.842
12.52830 242869 492.818
12.53080 223653 472.92
12.53330 204979 452.746
12.53580 186876 432.292
12.53830 170066 412.391
12.54080 155980 394.944
12.54330 143262 378.5
12.54580 131562 362.715
12.54830 120473 347.092
12.55080 109585 331.036
12.55330 98590.7 313.992
12.55580 87427.5 295.681
12.55830 76328.1 276.275
12.56080 65633.7 256.191
12.56330 55573.3 235.74
12.56580 46240.5 215.036
12.56830 38467 196.13
12.57080 32483.9 180.233
12.57330 27610.2 166.163
12.57580 24240.1 155.692
12.57830 22059.5 148.525
12.58080 20483.9 143.122
12.58330 19540.3 139.787
12.58580 18881.4 137.41
12.58830 18359.6 135.498
12.59080 17972.7 134.062
12.59330 17703.9 133.056
12.59580 17478 132.204
12.59830 17273.5 131.429
12.60080 17183.4 131.086
12.60330 17095.9 130.751
12.60580 16935.4 130.136
12.60830 16804.5 129.632
12.61080 16718.6 129.3
12.61330 16721.7 129.312
12.61580 16652.2 129.044
12.61830 16564.8 128.704
12.62080 16478.2 128.367
12.62330 16413.9 128.117
12.62580 16361.5 127.912
12.62830 16323.8 127.765
12.63080 16296.5 127.658
12.63330 16256.8 127.502
12.63580 16185.6 127.223
12.63830 16162.6 127.132
12.64080 16144.3 127.06
12.64330 16114.6 126.943
12.64580 16113.2 126.938
12.64830 16103 126.898
12.65080 16063.9 126.744
12.65330 15978.6 126.407
12.65580 15920.3 126.176
12.65830 15930.4 126.216
12.66080 15903.7 126.11
12.66330 15892 126.064
12.66580 15920.3 126.176
12.66830 15889.1 126.052
12.67080 15877.7 126.007
12.67330 15919 126.171
12.67580 15897.1 126.084
12.67830 15870.1 125.977
12.68080 15851.7 125.904
12.68330 15903.1 126.108
12.68580 15945.4 126.275
12.68830 15955.7 126.316
12.69080 16027.2 126.599
12.69330 16102.9 126.897
12.69580 16171.8 127.168
12.69830 16277.3 127.582
12.70080 16404.4 128.08
12.70330 16557.8 128.677
12.70580 16736.4 129.369
12.70830 16888.4 129.955
12.71080 16996.2 130.369
12.71330 17073.3 130.665
12.71580 17168 131.027
12.71830 17292.9 131.503
12.72080 17443.7 132.075
12.72330 17617.5 132.731
12.72580 17819.9 133.491
12.72830 17973.7 134.066
12.73080 18101 134.54
12.73330 18198.3 134.901
12.73580 18219.9 134.981
12.73830 18210.3 134.946
12.74080 18167.4 134.786
12.74330 18082.7 134.472
12.74580 17937.4 133.931
12.74830 17719.4 133.114
12.75080 17445.7 132.082
12.75330 17191.9 131.118
12.75580 16966.2 130.254
12.75830 16746 129.406
12.76080 16515.5 128.513
12.76330 16272.5 127.564
12.76580 16082.1 126.815
12.76830 15914.4 126.152
12.77080 15770.3 125.58
12.77330 15694.2 125.276
12.77580 15647.9 125.092
12.77830 15632.3 125.029
12.78080 15590.6 124.862
12.78330 15557.7 124.73
12.78580 15534.6 124.638
12.78830 15493.6 124.473
12.79080 15475.4 124.4
12.79330 15481 124.423
12.79580 15409.9 124.137
12.79830 15391.5 124.063
12.80080 15425.8 124.201
12.80330 15394.2 124.073
12.80580 15395.7 124.079
12.80830 15429.3 124.215
12.81080 15461.5 124.344
12.81330 15441.2 124.263
12.81580 15374.3 123.993
12.81830 15422.6 124.188
12.82080 15436.9 124.245
12.82330 15421 124.181
12.82580 15422.9 124.189
12.82830 15407.3 124.126
12.83080 15377.3 124.005
12.83330 15371.5 123.982
12.83580 15351.9 123.903
12.83830 15321.5 123.78
12.84080 15309.9 123.733
12.84330 15307 123.721
12.84580 15310.9 123.737
12.84830 15313.5 123.748
12.85080 15345.4 123.877
12.85330 15391.5 124.063
12.85580 15298.3 123.686
12.85830 15259.7 123.53
12.86080 15268.1 123.564
12.86330 15345.9 123.878
12.86580 15378.6 124.01
12.86830 15375.6 123.998
12.87080 15344.7 123.874
12.87330 15335.4 123.836
12.87580 15339.1 123.851
12.87830 15319.6 123.772
12.88080 15290.8 123.656
12.88330 15259.7 123.53
12.88580 15266.9 123.559
12.88830 15295.2 123.674
12.89080 15331.7 123.821
12.89330 15318.2 123.767
12.89580 15326.6 123.801
12.89830 15341 123.859
12.90080 15289.5 123.651
12.90330 15261.1 123.536
12.90580 15253.9 123.507
12.90830 15297 123.681
12.91080 15288 123.645
12.91330 15257.8 123.522
12.91580 15297.9 123.685
12.91830 15306 123.718
12.92080 15294.2 123.67
12.92330 15274.5 123.59
12.92580 15289.7 123.652
12.92830 15316.5 123.76
12.93080 15295.4 123.675
12.93330 15307.1 123.722
12.93580 15330.7 123.817
12.93830 15321 123.778
12.94080 15294.1 123.669
12.94330 15264 123.548
12.94580 15264.9 123.551
12.94830 15260.4 123.533
12.95080 15265.4 123.553
12.95330 15330.4 123.816
12.95580 15363.6 123.95
12.95830 15377.7 124.007
12.96080 15374.4 123.993
12.96330 15353.6 123.91
12.96580 15317.3 123.763
12.96830 15249.1 123.487
12.97080 15248.1 123.483
12.97330 15277.7 123.603
12.97580 15307.9 123.725
12.97830 15320.1 123.774
12.98080 15318.1 123.766
12.98330 15291.5 123.659
12.98580 15294 123.669
12.98830 15303.7 123.708
12.99080 15294.9 123.672
12.99330 15322.6 123.784
12.99580 15342 123.863
12.99830 15279.2 123.609
13.00080 15221.4 123.375
13.00330 15183.9 123.223
13.00580 15210 123.329
13.00830 15208.3 123.322
13.01080 15198.5 123.282
13.01330 15196.6 123.274
13.01580 15209.7 123.328
13.01830 15220.9 123.373
13.02080 15209 123.325
13.02330 15185.4 123.229
13.02580 15163.5 123.14
13.02830 15158.6 123.12
13.03080 15151 123.089
13.03330 15151.6 123.092
13.03580 15178.3 123.2
13.03830 15179.5 123.205
13.04080 15181.8 123.214
13.04330 15208.7 123.324
13.04580 15163.8 123.141
13.04830 15130.5 123.006
13.05080 15183.7 123.222
13.05330 15163.9 123.142
13.05580 15151.6 123.092
13.05830 15210.3 123.33
13.06080 15210.4 123.331
13.06330 15190 123.248
13.06580 15157.9 123.117
13.06830 15172.9 123.179
13.07080 15190 123.248
13.07330 15183.6 123.222
13.07580 15185.5 123.23
13.07830 15186.3 123.233
13.08080 15179.8 123.206
13.08330 15179.8 123.207
13.08580 15169.4 123.164
13.08830 15133.3 123.017
13.09080 15151.9 123.093
13.09330 15168.9 123.162
13.09580 15157.9 123.117
13.09830 15189 123.243
13.10080 15235.6 123.433
13.10330 15296 123.677
13.10580 15341.7 123.862
13.10830 15392.5 124.067
13.11080 15458.3 124.332
13.11330 15556.5 124.726
13.11580 15656.2 125.125
13.11830 15747.9 125.491
13.12080 15917.2 126.164
13.12330 16116.5 126.951
13.12580 16345.6 127.85
13.12830 16518.3 128.523
13.13080 16695.7 129.212
13.13330 16897.1 129.989
13.13580 17095.9 130.751
13.13830 17284.3 131.47
13.14080 17455.9 132.121
13.14330 17561.8 132.521
13.14580 17635.2 132.798
13.14830 17670.7 132.931
13.15080 17628.4 132.772
13.15330 17580.7 132.592
13.15580 17540.3 132.44
13.15830 17469.3 132.171
13.16080 17382.4 131.842
13.16330 17277.1 131.442
13.16580 17215.2 131.207
13.16830 17131.7 130.888
13.17080 17010 130.422
13.17330 17020.1 130.461
13.17580 17014.3 130.439
13.17830 16968.1 130.262
13.18080 16937.8 130.145
13.18330 16981.4 130.313
13.18580 17123.4 130.857
13.18830 17245.3 131.321
13.19080 17410.2 131.948
13.19330 17633.6 132.792
13.19580 17859.8 133.64
13.19830 18113.2 134.585
13.20080 18400.9 135.65
13.20330 18810.9 137.153
13.20580 19176.1 138.478
13.20830 19477.4 139.561
13.21080 19658 140.207
13.21330 19797.1 140.702
13.21580 19893.9 141.046
13.21830 19867.1 140.951
13.22080 19828.2 140.813
13.22330 19781.2 140.646
13.22580 19647.4 140.169
13.22830 19487.5 139.598
13.23080 19301.9 138.931
13.23330 19079.2 138.128
13.23580 18756 136.953
13.23830 18325.4 135.371
13.24080 17892.5 133.763
13.24330 17490.3 132.251
13.24580 17120 130.844
13.24830 16649.3 129.032
13.25080 16259.1 127.511
13.25330 15950.9 126.297
13.25580 15754 125.515
13.25830 15580.4 124.822
13.26080 15430 124.218
13.26330 15310.4 123.735
13.26580 15234.5 123.428
13.26830 15199.4 123.286
13.27080 15139.9 123.044
13.27330 15110.6 122.925
13.27580 15108.9 122.918
13.27830 15107.5 122.912
13.28080 15128.5 122.998
13.28330 15165.8 123.149
13.28580 15105.9 122.906
13.28830 15063.7 122.734
13.29080 15038.3 122.631
13.29330 15048.9 122.674
13.29580 15025.2 122.577
13.29830 14978.1 122.385
13.30080 15024 122.573
13.30330 15026.1 122.581
13.30580 14999.7 122.473
13.30830 15077.1 122.789
13.31080 15082.8 122.812
13.31330 15035.3 122.618
13.31580 15020.1 122.556
13.31830 15024.3 122.573
13.32080 15038.5 122.631
13.32330 14997.7 122.465
13.32580 14983.3 122.406
13.32830 14986.3 122.419
13.33080 14969.3 122.349
13.33330 14929.6 122.187
13.33580 14882.1 121.992
13.33830 14913.7 122.121
13.34080 14941.3 122.235
13.34330 14961.1 122.316
13.34580 14934.6 122.207
13.34830 14935.7 122.212
13.35080 14954.6 122.289
13.35330 14972.9 122.364
13.35580 14960.8 122.314
13.35830 14931.8 122.196
13.36080 14920.8 122.151
13.36330 14937.1 122.217
13.36580 14964.4 122.329
13.36830 14952.2 122.279
13.37080 14966.7 122.339
13.37330 14990.8 122.437
13.37580 14974.6 122.371
13.37830 14958.2 122.304
13.38080 14944.1 122.246
13.38330 14944.9 122.249
13.38580 14948.7 122.265
13.38830 14956.4 122.296
13.39080 14976.2 122.377
13.39330 14989.5 122.432
13.39580 14994.8 122.453
13.39830 14975.9 122.376
13.40080 14947.8 122.261
13.40330 14923.5 122.162
13.40580 14941.8 122.237
13.40830 14911.3 122.112
13.41080 14867.9 121.934
13.41330 14876.3 121.968
13.41580 14885.7 122.007
13.41830 14899.7 122.064
13.42080 14932 122.197
13.42330 14938.5 122.223
13.42580 14922.9 122.159
13.42830 14862.9 121.913
13.43080 14848.2 121.853
13.43330 14862.1 121.91
13.43580 14911.1 122.111
13.43830 14917.6 122.137
13.44080 14908.8 122.101
13.44330 14909.9 122.106
13.44580 14874.4 121.961
13.44830 14844.1 121.836
13.45080 14886.6 122.01
13.45330 14897.1 122.053
13.45580 14904 122.082
13.45830 14941.6 122.236
13.46080 14914.7 122.126
13.46330 14879 121.98
13.46580 14894 122.041
13.46830 14879.7 121.982
13.47080 14866.9 121.93
13.47330 14892 122.033
13.47580 14884.8 122.003
13.47830 14873 121.955
13.48080 14881 121.988
13.48330 14912.5 122.117
13.48580 14933.5 122.203
13.48830 14901.9 122.073
13.49080 14902.5 122.076
13.49330 14927.4 122.178
13.49580 14992 122.442
13.49830 14959.9 122.311
13.50080 14912 122.115
13.50330 14899.1 122.062
13.50580 14887 122.012
13.50830 14868.8 121.938
13.51080 14834.1 121.795
13.51330 14849.4 121.858
13.51580 14873 121.955
13.51830 14883.7 121.999
13.52080 14865.7 121.925
13.52330 14845.5 121.842
13.52580 14837.8 121.81
13.52830 14868.9 121.938
13.53080 14904.8 122.085
13.53330 14930 122.188
13.53580 14924.7 122.167
13.53830 14923.5 122.162
13.54080 14946.7 122.257
13.54330 14903.6 122.08
13.54580 14865.5 121.924
13.54830 14868.6 121.937
13.55080 14919 122.143
13.55330 14945.1 122.25
13.55580 14902.4 122.075
13.55830 14937.6 122.22
13.56080 14948.4 122.264
13.56330 14881.8 121.991
13.56580 14875.6 121.966
13.56830 14908.6 122.101
13.57080 14993.9 122.449
13.57330 14949 122.266
13.57580 14923.5 122.162
13.57830 14973.7 122.367
13.58080 14985.9 122.417
13.58330 14987 122.421
13.58580 14979.4 122.39
13.58830 14971.1 122.356
13.59080 14969.6 122.35
13.59330 14979.6 122.391
13.59580 14936.9 122.216
13.59830 14930.2 122.189
13.60080 14994.2 122.451
13.60330 15017 122.544
13.60580 15017.3 122.545
13.60830 14990.5 122.436
13.61080 15008.6 122.509
13.61330 15030.8 122.6
13.61580 15051.2 122.683
13.61830 15047.8 122.67
13.62080 15041.3 122.643
13.62330 15034.1 122.613
13.62580 15024.3 122.574
13.62830 15004.3 122.492
13.63080 14970.3 122.353
13.63330 15016 122.54
13.63580 15040.3 122.639
13.63830 15025.7 122.579
13.64080 15033.4 122.611
13.64330 15044.7 122.657
13.64580 15058.4 122.713
13.64830 15029.3 122.594
13.65080 14995.5 122.456
13.65330 14959.6 122.31
13.65580 15012.6 122.526
13.65830 15045.1 122.659
13.66080 15045.4 122.66
13.66330 15074.7 122.779
13.66580 15084.2 122.818
13.66830 15068 122.752
13.67080 15077.7 122.791
13.67330 15092.1 122.85
13.67580 15110.9 122.926
13.67830 15060.6 122.722
13.68080 15048.6 122.673
13.68330 15082.1 122.809
13.68580 15118 122.955
13.68830 15151 123.089
13.69080 15180.9 123.211
13.69330 15186.5 123.234
13.69580 15154.5 123.103
13.69830 15083.2 122.814
13.70080 15161.6 123.132
13.70330 15199.8 123.287
13.70580 15195.8 123.271
13.70830 15198.3 123.281
13.71080 15203.3 123.302
13.71330 15210.4 123.331
13.71580 15172.3 123.176
13.71830 15149.7 123.084
13.72080 15142.4 123.055
13.72330 15169.6 123.165
13.72580 15166 123.15
13.72830 15135.3 123.026
13.73080 15147.3 123.074
13.73330 15166.4 123.152
13.73580 15190.7 123.251
13.73830 15181.2 123.212
13.74080 15167.1 123.155
13.74330 15150.8 123.089
13.74580 15177.5 123.197
13.74830 15153.7 123.1
13.75080 15089.9 122.841
13.75330 15066.4 122.745
13.75580 15059.9 122.719
13.75830 15065.5 122.742
13.76080 15047.8 122.669
13.76330 15024.2 122.573
13.76580 14998.2 122.467
13.76830 14999.8 122.474
13.77080 14998.8 122.47
13.77330 14995 122.454
13.77580 14980.4 122.394
13.77830 14981.4 122.398
13.78080 14994.3 122.451
13.78330 15014 122.532
13.78580 14991.7 122.441
13.78830 14944.7 122.248
13.79080 14946.4 122.255
13.79330 14928.9 122.184
13.79580 14903.7 122.081
13.79830 14929.1 122.185
13.80080 14955.9 122.294
13.80330 14977.8 122.384
13.80580 14951 122.274
13.80830 14950.7 122.273
13.81080 14957.4 122.3
13.81330 14888.1 122.017
13.81580 14875.8 121.966
13.81830 14899 122.061
13.82080 14924.5 122.166
13.82330 14907.1 122.095
13.82580 14876.3 121.968
13.82830 14925.2 122.169
13.83080 14940.2 122.23
13.83330 14931.3 122.194
13.83580 14895 122.045
13.83830 14862.8 121.913
13.84080 14839 121.816
13.84330 14850.3 121.862
13.84580 14865.3 121.923
13.84830 14887.8 122.016
13.85080 14940.2 122.23
13.85330 14943.9 122.245
13.85580 14923.3 122.161
13.85830 14906.4 122.092
13.86080 14922.4 122.157
13.86330 14954.4 122.288
13.86580 14986 122.418
13.86830 14993.6 122.448
13.87080 14982.8 122.404
13.87330 14941.3 122.235
13.87580 14942.8 122.241
13.87830 14961.3 122.316
13.88080 14968.5 122.346
13.88330 14951.9 122.278
13.88580 14939.9 122.229
13.88830 14990.1 122.434
13.89080 15014.3 122.533
13.89330 15041 122.642
13.89580 15120.4 122.965
13.89830 15202.6 123.299
13.90080 15284.2 123.629
13.90330 15358.9 123.931
13.90580 15561.5 124.746
13.90830 15815 125.758
13.91080 16071.1 126.772
13.91330 16388.2 128.016
13.91580 16727.7 129.336
13.91830 17065.6 130.635
13.92080 17462.2 132.144
13.92330 17916.1 133.851
13.92580 18485.1 135.96
13.92830 19143.3 138.359
13.93080 19884 141.011
13.93330 20782.7 144.162
13.93580 21666.2 147.194
13.93830 22499.4 149.998
13.94080 23200.3 152.317
13.94330 23791.8 154.246
13.94580 24313.7 155.929
13.94830 24738.1 157.284
13.95080 25185.4 158.699
13.95330 25552.5 159.852
13.95580 25686 160.269
13.95830 25648.7 160.152
13.96080 25478.4 159.619
13.96330 25093.1 158.408
13.96580 24370.3 156.11
13.96830 23509.3 153.328
13.97080 22537.1 150.124
13.97330 21504.6 146.644
13.97580 20434.6 142.95
13.97830 19313.1 138.972
13.98080 18390.8 135.613
13.98330 17562.8 132.525
13.98580 16837.1 129.758
13.98830 16277.2 127.582
13.99080 15841.6 125.863
13.99330 15592.9 124.871
13.99580 15451 124.302
13.99830 15313.6 123.748
14.00080 15134.7 123.023
14.00330 15051.8 122.686
14.00580 14996.3 122.459
14.00830 14955.2 122.291
14.01080 14921.6 122.154
14.01330 14891.2 122.029
14.01580 14863.7 121.917
14.01830 14861 121.906
14.02080 14860.8 121.905
14.02330 14856.2 121.886
14.02580 14826.5 121.764
14.02830 14820.6 121.74
14.03080 14866.4 121.928
14.03330 14854.7 121.88
14.03580 14833.8 121.794
14.03830 14813.7 121.711
14.04080 14846.4 121.846
14.04330 14855.6 121.884
14.04580 14811.1 121.701
14.04830 14835 121.799
14.05080 14876.9 121.971
14.05330 14932.1 122.197
14.05580 14939.5 122.227
14.05830 14952.7 122.281
14.06080 14985.5 122.415
14.06330 15042.5 122.648
14.06580 15131.5 123.01
14.06830 15265.4 123.553
14.07080 15433.4 124.231
14.07330 15595.5 124.882
14.07580 15743.1 125.472
14.07830 15938.8 126.249
14.08080 16113.7 126.94
14.08330 16251.7 127.482
14.08580 16298.2 127.664
14.08830 16327.1 127.778
14.09080 16343.3 127.841
14.09330 16354.1 127.883
14.09580 16315.3 127.731
14.09830 16210.6 127.321
14.10080 16170.5 127.163
14.10330 16078.1 126.799
14.10580 15911.8 126.142
14.10830 15689.9 125.259
14.11080 15508.6 124.534
14.11330 15382.6 124.026
14.11580 15242.9 123.462
14.11830 15127.5 122.994
14.12080 15042.4 122.647
14.12330 14985.7 122.416
14.12580 14940.9 122.233
14.12830 14908.4 122.1
14.13080 14884.4 122.002
14.13330 14857.7 121.892
14.13580 14827.5 121.768
14.13830 14867.2 121.931
14.14080 14900.2 122.066
14.14330 14923.8 122.163
14.14580 15033.4 122.611
14.14830 15117.2 122.952
14.15080 15171.9 123.174
14.15330 15333.9 123.83
14.15580 15607.1 124.928
14.15830 15993.3 126.464
14.16080 16528.9 128.565
14.16330 17150.3 130.959
14.16580 17857.7 133.633
14.16830 18742.3 136.903
14.17080 19777.6 140.633
14.17330 20961.7 144.781
14.17580 22433.8 149.779
14.17830 23955.3 154.775
14.18080 25521.9 159.756
14.18330 27057.5 164.492
14.18580 28346.1 168.363
14.18830 29395.2 171.45
14.19080 29893.7 172.898
14.19330 30271.3 173.986
14.19580 30531.1 174.731
14.19830 30480.9 174.588
14.20080 30095.7 173.481
14.20330 29404.9 171.479
14.20580 28237.7 168.041
14.20830 26869.4 163.919
14.21080 25330.6 159.156
14.21330 23677.5 153.875
14.21580 22088.7 148.623
14.21830 20566.6 143.411
14.22080 19283.4 138.865
14.22330 18152.7 134.732
14.22580 17159.7 130.995
14.22830 16448 128.25
14.23080 15900.7 126.098
14.23330 15490.8 124.462
14.23580 15267.5 123.562
14.23830 15059.8 122.718
14.24080 14877 121.971
14.24330 14838.2 121.812
14.24580 14808.4 121.69
14.24830 14785.3 121.595
14.25080 14766.5 121.518
14.25330 14740.8 121.412
14.25580 14709.7 121.284
14.25830 14673 121.132
14.26080 14631.2 120.959
14.26330 14595.1 120.81
14.26580 14628.9 120.95
14.26830 14626 120.938
14.27080 14598.8 120.825
14.27330 14559.9 120.664
14.27580 14563.3 120.679
14.27830 14594.8 120.809
14.28080 14643.8 121.012
14.28330 14632.2 120.964
14.28580 14598.1 120.823
14.28830 14643.5 121.011
14.29080 14646.6 121.023
14.29330 14626.9 120.942
14.29580 14612.2 120.881
14.29830 14598.1 120.823
14.30080 14588 120.781
14.30330 14598.4 120.824
14.30580 14594.1 120.806
14.30830 14584.6 120.767
14.31080 14587.2 120.777
14.31330 14565.1 120.686
14.31580 14542.5 120.592
14.31830 14577.6 120.738
14.32080 14612 120.88
14.32330 14632.7 120.966
14.32580 14592.7 120.8
14.32830 14592.1 120.798
14.33080 14604.5 120.849
14.33330 14592.8 120.801
14.33580 14552.4 120.633
14.33830 14506.2 120.442
14.34080 14489.5 120.372
14.34330 14509.1 120.454
14.34580 14532.5 120.551
14.34830 14509.3 120.455
14.35080 14547.5 120.613
14.35330 14595.3 120.811
14.35580 14584.8 120.768
14.35830 14563.3 120.679
14.36080 14548.1 120.615
14.36330 14570.4 120.708
14.36580 14574.8 120.726
14.36830 14575.1 120.727
14.37080 14584.3 120.765
14.37330 14577.2 120.736
14.37580 14560 120.665
14.37830 14529.1 120.537
14.38080 14511.1 120.462
14.38330 14506 120.441
14.38580 14526.7 120.527
14.38830 14548 120.615
14.39080 14571.3 120.712
14.39330 14600.2 120.831
14.39580 14620.1 120.914
14.39830 14623.8 120.929
14.40080 14589.5 120.787
14.40330 14563.6 120.68
14.40580 14570.8 120.71
14.40830 14661.2 121.084
14.41080 14686.5 121.188
14.41330 14701.3 121.249
14.41580 14738.5 121.402
14.41830 14815 121.717
14.42080 14916.9 122.135
14.42330 15054.9 122.698
14.42580 15294.6 123.671
14.42830 15597.8 124.891
14.43080 15988.2 126.445
14.43330 16538.2 128.601
14.43580 17194.1 131.126
14.43830 18001.4 134.169
14.44080 19082.6 138.14
14.44330 20371.3 142.728
14.44580 21975.2 148.24
14.44830 23667.4 153.842
14.45080 25584.2 159.951
14.45330 27938.3 167.148
14.45580 30114.1 173.534
14.45830 32126.1 179.238
14.46080 33880.1 184.065
14.46330 35254.8 187.763
14.46580 36304.1 190.536
14.46830 36860.9 191.992
14.47080 36980.1 192.302
14.47330 36739.7 191.676
14.47580 35971.6 189.662
14.47830 34673.9 186.209
14.48080 33108.1 181.956
14.48330 31223.6 176.702
14.48580 29050.2 170.441
14.48830 26857.6 163.883
14.49080 24717.4 157.218
14.49330 22805.5 151.015
14.49580 21007.3 144.939
14.49830 19342.7 139.078
14.50080 18025.8 134.26
14.50330 16925.7 130.099
14.50580 16100.5 126.888
14.50830 15589.6 124.858
14.51080 15198.7 123.283
14.51330 14931.4 122.194
14.51580 14820.7 121.74
14.51830 14727.6 121.357
14.52080 14631.1 120.959
14.52330 14555.1 120.644
14.52580 14506.5 120.443
14.52830 14495.4 120.397
14.53080 14504.5 120.434
14.53330 14508.9 120.453
14.53580 14503.8 120.432
14.53830 14518 120.49
14.54080 14517.2 120.487
14.54330 14492.9 120.386
14.54580 14461.9 120.258
14.54830 14454.8 120.228
14.55080 14480.8 120.336
14.55330 14453.5 120.223
14.55580 14439.7 120.165
14.55830 14448.8 120.203
14.56080 14468 120.283
14.56330 14460 120.25
14.56580 14416.7 120.07
14.56830 14420 120.083
14.57080 14429.1 120.121
14.57330 14441.9 120.175
14.57580 14443.8 120.182
14.57830 14447.9 120.199
14.58080 14455.2 120.23
14.58330 14446.7 120.195
14.58580 14441 120.171
14.58830 14439 120.163
14.59080 14421.2 120.088
14.59330 14429.8 120.124
14.59580 14467.9 120.283
14.59830 14465.7 120.273
14.60080 14478.6 120.327
14.60330 14508.8 120.453
14.60580 14499.8 120.415
14.60830 14501.9 120.424
14.61080 14516.1 120.483
14.61330 14504.9 120.436
14.61580 14500.6 120.418
14.61830 14503.3 120.43
14.62080 14508.5 120.451
14.62330 14493.2 120.388
14.62580 14458.5 120.244
14.62830 14472.7 120.303
14.63080 14459.5 120.248
14.63330 14422.4 120.093
14.63580 14469.8 120.29
14.63830 14518.3 120.492
14.64080 14566.6 120.692
14.64330 14577.5 120.737
14.64580 14590.2 120.79
14.64830 14602.3 120.84
14.65080 14560.1 120.665
14.65330 14536.8 120.569
14.65580 14532.4 120.55
14.65830 14587.4 120.778
14.66080 14608.3 120.865
14.66330 14601.7 120.838
14.66580 14601.7 120.837
14.66830 14631.3 120.96
14.67080 14680 121.161
14.67330 14659.2 121.075
14.67580 14639.2 120.993
14.67830 14620.4 120.915
14.68080 14610.6 120.874
14.68330 14646 121.021
14.68580 14709.4 121.282
14.68830 14706.9 121.272
14.69080 14690.6 121.205
14.69330 14668.7 121.114
14.69580 14690.5 121.204
14.69830 14678.4 121.154
14.70080 14650.2 121.038
14.70330 14693.9 121.218
14.70580 14728.9 121.363
14.70830 14756.6 121.477
14.71080 14770.1 121.532
14.71330 14831.1 121.783
14.71580 14916.4 122.133
14.71830 14949.7 122.269
14.72080 14971.7 122.359
14.72330 14987.4 122.423
14.72580 15008.1 122.508
14.72830 15118.6 122.958
14.73080 15287.4 123.642
14.73330 15484.5 124.437
14.73580 15722.7 125.39
14.73830 16003.3 126.504
14.74080 16400.9 128.066
14.74330 16970.6 130.271
14.74580 17668.5 132.923
14.74830 18551.9 136.206
14.75080 19533.6 139.763
14.75330 20613.3 143.573
14.75580 21941.9 148.128
14.75830 23547.2 153.451
14.76080 25476.4 159.613
14.76330 28343 168.354
14.76580 32421.9 180.061
14.76830 37531.4 193.73
14.77080 44704.7 211.435
14.77330 53627.1 231.575
14.77580 63866.8 252.719
14.77830 76276.7 276.182
14.78080 89988.5 299.981
14.78330 104358 323.045
14.78580 118934 344.869
14.78830 133021 364.72
14.79080 146336 382.54
14.79330 157358 396.684
14.79580 166036 407.475
14.79830 172951 415.874
14.80080 176911 420.608
14.80330 177990 421.888
14.80580 176920 420.619
14.80830 172287 415.075
14.81080 164846 406.013
14.81330 155462 394.287
14.81580 143146 378.346
14.81830 128848 358.954
14.82080 113548 336.968
14.82330 97428.5 312.135
14.82580 81917.9 286.213
14.82830 67315.6 259.453
14.83080 54947.4 234.409
14.83330 45016.1 212.17
14.83580 36688.2 191.542
14.83830 30671.5 175.133
14.84080 26617.4 163.148
14.84330 23650.6 153.788
14.84580 21942.3 148.129
14.84830 21013 144.959
14.85080 20475.1 143.091
14.85330 20332.7 142.593
14.85580 20595 143.509
14.85830 21176.3 145.521
14.86080 22287.9 149.291
14.86330 24308.6 155.912
14.86580 27239.3 165.043
14.86830 31855.1 178.48
14.87080 39468 198.666
14.87330 49578.1 222.661
14.87580 63854.9 252.695
14.87830 82839.3 287.818
14.88080 104277 322.92
14.88330 128592 358.597
14.88580 154066 392.513
14.88830 179277 423.411
14.89080 203175 450.749
14.89330 222331 471.52
14.89580 238425 488.288
14.89830 250238 500.238
14.90080 256274 506.235
14.90330 258825 508.748
14.90580 256730 506.685
14.90830 248154 498.15
14.91080 235926 485.723
14.91330 219052 468.029
14.91580 197626 444.551
14.91830 174569 417.814
14.92080 150127 387.462
14.92330 125744 354.605
14.92580 102467 320.105
14.92830 81301.7 285.135
14.93080 64586.4 254.139
14.93330 50499.8 224.722
14.93580 39791.1 199.477
14.93830 32404.4 180.012
14.94080 26747.6 163.547
14.94330 23174.1 152.23
14.94580 21051.8 145.092
14.94830 19501.5 139.648
14.95080 18539.1 136.158
14.95330 17818 133.484
14.95580 17221.9 131.232
14.95830 16774.4 129.516
14.96080 16435.5 128.201
14.96330 16143.5 127.057
14.96580 15903 126.107
14.96830 15651.4 125.106
14.97080 15439 124.254
14.97330 15289.8 123.652
14.97580 15152.5 123.095
14.97830 15025 122.576
14.98080 14910.3 122.108
14.98330 14839.9 121.819
14.98580 14748.8 121.444
14.98830 14620.3 120.914
14.99080 14577.5 120.737
14.99330 14561 120.669
14.99580 14569.8 120.705
14.99830 14495.1 120.396
15.00080 14416.5 120.069
15.00330 14342.5 119.76
15.00580 14308.1 119.616
15.00830 14298.1 119.575
15.01080 14316.3 119.651
15.01330 14212.2 119.215
15.01580 14158.2 118.988
15.01830 14178.5 119.074
15.02080 14131.9 118.877
15.02330 14083.6 118.674
15.02580 14038.3 118.483
15.02830 14068.4 118.61
15.03080 14085.4 118.682
15.03330 14082.5 118.67
15.03580 14050.4 118.535
15.03830 14058.8 118.57
15.04080 14115.2 118.807
15.04330 14024.4 118.425
15.04580 13965.3 118.175
15.04830 13946.9 118.097
15.05080 13980.6 118.24
15.05330 14011.6 118.371
15.05580 14038.5 118.484
15.05830 14064.3 118.593
15.06080 14112.9 118.798
15.06330 14185.2 119.102
15.06580 14260.8 119.419
15.06830 14346.3 119.776
15.07080 14442 120.175
15.07330 14575.5 120.729
15.07580 14710.5 121.287
15.07830 14846.8 121.848
15.08080 14980.3 122.394
15.08330 15100 122.882
15.08580 15205.5 123.311
15.08830 15244.6 123.469
15.09080 15270.6 123.574
15.09330 15284.7 123.631
15.09580 15299.8 123.692
15.09830 15283.5 123.627
15.10080 15237.4 123.44
15.10330 15133 123.016
15.10580 14982.5 122.403
15.10830 14793.7 121.629
15.11080 14630 120.955
15.11330 14494.3 120.392
15.11580 14379.7 119.915
15.11830 14225.8 119.272
15.12080 14085.4 118.682
15.12330 13960.2 118.153
15.12580 13903.7 117.914
15.12830 13833.6 117.616
15.13080 13753.1 117.274
15.13330 13672.6 116.93
15.13580 13654.1 116.851
15.13830 13680.8 116.965
15.14080 13691.3 117.01
15.14330 13677.9 116.953
15.14580 13647.2 116.821
15.14830 13616.4 116.689
15.15080 13580.1 116.534
15.15330 13548.1 116.396
15.15580 13596.4 116.604
15.15830 13583 116.546
15.16080 13533.9 116.335
15.16330 13540.1 116.362
15.16580 13556.7 116.433
15.16830 13576 116.516
15.17080 13562.5 116.458
15.17330 13560.3 116.449
15.17580 13559.1 116.444
15.17830 13510.8 116.236
15.18080 13517.2 116.263
15.18330 13552.8 116.417
15.18580 13559.6 116.446
15.18830 13545.2 116.384
15.19080 13516.6 116.261
15.19330 13477.7 116.094
15.19580 13455.9 116
15.19830 13446.6 115.959
15.20080 13454.1 115.992
15.20330 13477.4 116.092
15.20580 13502.7 116.201
15.20830 13489.9 116.146
15.21080 13496.5 116.175
15.21330 13503.1 116.203
15.21580 13455.3 115.997
15.21830 13437.3 115.92
15.22080 13438 115.922
15.22330 13455.1 115.996
15.22580 13426.8 115.874
15.22830 13392.5 115.726
15.23080 13434.6 115.908
15.23330 13452.4 115.985
15.23580 13458.9 116.012
15.23830 13466.6 116.046
15.24080 13481.3 116.109
15.24330 13511 116.237
15.24580 13591 116.581
15.24830 13574 116.508
15.25080 13520.1 116.276
15.25330 13488.9 116.142
15.25580 13507.3 116.221
15.25830 13537.8 116.352
15.26080 13534.9 116.339
15.26330 13499.6 116.188
15.26580 13468.5 116.054
15.26830 13500.3 116.191
15.27080 13497.8 116.18
15.27330 13480 116.104
15.27580 13455.2 115.996
15.27830 13453.2 115.988
15.28080 13459.5 116.015
15.28330 13464.5 116.036
15.28580 13438.5 115.924
15.28830 13415.3 115.825
15.29080 13436.5 115.916
15.29330 13416.6 115.83
15.29580 13386 115.698
15.29830 13365.4 115.609
15.30080 13386.4 115.7
15.30330 13411.9 115.81
15.30580 13410.8 115.805
15.30830 13418 115.836
15.31080 13414.8 115.822
15.31330 13375.3 115.652
15.31580 13366.9 115.615
15.31830 13372.1 115.638
15.32080 13388.7 115.709
15.32330 13407.5 115.791
15.32580 13419 115.84
15.32830 13410.3 115.803
15.33080 13396.3 115.742
15.33330 13384 115.689
15.33580 13379.8 115.671
15.33830 13344.4 115.518
15.34080 13323.8 115.429
15.34330 13357.4 115.574
15.34580 13362.7 115.597
15.34830 13367.5 115.618
15.35080 13386.9 115.702
15.35330 13351 115.547
15.35580 13313.8 115.385
15.35830 13302 115.334
15.36080 13317 115.399
15.36330 13344 115.516
15.36580 13383.7 115.688
15.36830 13375.5 115.653
15.37080 13363.8 115.602
15.37330 13365.4 115.609
15.37580 13339.8 115.498
15.37830 13310.2 115.37
15.38080 13283.4 115.254
15.38330 13259.8 115.151
15.38580 13256.4 115.136
15.38830 13289.9 115.282
15.39080 13320.6 115.415
15.39330 13332.2 115.465
15.39580 13310.1 115.369
15.39830 13294.6 115.302
15.40080 13262.3 115.162
15.40330 13198.7 114.886
15.40580 13228.4 115.015
15.40830 13249 115.104
15.41080 13230.2 115.023
15.41330 13246 115.091
15.41580 13265.8 115.177
15.41830 13284.3 115.258
15.42080 13286.7 115.268
15.42330 13287.9 115.273
15.42580 13290.7 115.285
15.42830 13248.2 115.101
15.43080 13224.6 114.998
15.43330 13237.9 115.056
15.43580 13259.7 115.151
15.43830 13270.6 115.198
15.44080 13263.8 115.169
15.44330 13227.4 115.01
15.44580 13210.2 114.935
15.44830 13224.5 114.998
15.45080 13238.7 115.06
15.45330 13250.2 115.11
15.45580 13257.9 115.143
15.45830 13257.5 115.141
15.46080 13256.4 115.136
15.46330 13255.3 115.132
15.46580 13239.7 115.064
15.46830 13232 115.03
15.47080 13235.6 115.046
15.47330 13236.5 115.05
15.47580 13222.6 114.989
15.47830 13190.5 114.85
15.48080 13222.8 114.991
15.48330 13262.4 115.162
15.48580 13306.6 115.354
15.48830 13267.1 115.183
15.49080 13250.7 115.112
15.49330 13265.5 115.176
15.49580 13317.9 115.403
15.49830 13321.1 115.417
15.50080 13267.8 115.186
15.50330 13257.4 115.141
15.50580 13260.1 115.153
15.50830 13275.7 115.22
15.51080 13265.5 115.176
15.51330 13258.3 115.145
15.51580 13254.9 115.13
15.51830 13258.4 115.145
15.52080 13254.2 115.127
15.52330 13242.2 115.075
15.52580 13234 115.039
15.52830 13271 115.2
15.53080 13351.7 115.55
15.53330 13349.5 115.54
15.53580 13361.6 115.592
15.53830 13387.4 115.704
15.54080 13409.5 115.799
15.54330 13424.3 115.863
15.54580 13432.2 115.897
15.54830 13431.4 115.894
15.55080 13446.4 115.959
15.55330 13474.9 116.081
15.55580 13488.2 116.139
15.55830 13511.6 116.239
15.56080 13542.6 116.373
15.56330 13544.2 116.38
15.56580 13566.6 116.476
15.56830 13606.1 116.645
15.57080 13638.7 116.785
15.57330 13655.5 116.857
15.57580 13663.8 116.892
15.57830 13744.5 117.237
15.58080 13822 117.567
15.58330 13894.1 117.873
15.58580 13924.8 118.003
15.58830 13970.2 118.196
15.59080 14032.4 118.458
15.59330 14163.7 119.011
15.59580 14299.5 119.581
15.59830 14445.5 120.189
15.60080 14668.7 121.115
15.60330 14927.5 122.178
15.60580 15224 123.386
15.60830 15648.4 125.094
15.61080 16270.1 127.554
15.61330 17071.3 130.657
15.61580 18282.6 135.213
15.61830 19966.8 141.304
15.62080 22092.1 148.634
15.62330 25299.3 159.057
15.62580 29562.1 171.936
15.62830 34714.4 186.318
15.63080 41535.6 203.803
15.63330 49493.8 222.472
15.63580 58362.3 241.583
15.63830 68729.6 262.163
15.64080 79487.4 281.935
15.64330 90472.3 300.786
15.64580 101423 318.47
15.64830 111514 333.937
15.65080 120890 347.693
15.65330 128904 359.032
15.65580 135902 368.649
15.65830 141845 376.623
15.66080 144943 380.714
15.66330 146015 382.119
15.66580 145531 381.486
15.66830 142490 377.479
15.67080 137435 370.723
15.67330 130826 361.699
15.67580 121582 348.686
15.67830 110616 332.59
15.68080 98706.5 314.176
15.68330 86372.8 293.892
15.68580 73367 270.863
15.68830 60615.8 246.203
15.69080 50478.5 224.674
15.69330 41941.7 204.797
15.69580 34606.6 186.028
15.69830 29267.2 171.076
15.70080 25238.1 158.865
15.70330 22050.7 148.495
15.70580 19926.1 141.16
15.70830 18378 135.566
15.71080 17184.2 131.088
15.71330 16410.6 128.104
15.71580 15791.4 125.664
15.71830 15291 123.657
15.72080 14995.7 122.457
15.72330 14729.1 121.364
15.72580 14496.4 120.401
15.72830 14342.6 119.761
15.73080 14200.1 119.164
15.73330 14073 118.63
15.73580 13983.5 118.252
15.73830 13876.6 117.799
15.74080 13784 117.405
15.74330 13756.6 117.289
15.74580 13723.2 117.146
15.74830 13671.6 116.926
15.75080 13571.2 116.496
15.75330 13497.1 116.177
15.75580 13448.8 115.969
15.75830 13450.9 115.978
15.76080 13412.8 115.814
15.76330 13365.7 115.61
15.76580 13329.4 115.453
15.76830 13335 115.477
15.77080 13339.2 115.496
15.77330 13305.6 115.35
15.77580 13286.9 115.269
15.77830 13277.2 115.227
15.78080 13279.7 115.238
15.78330 13269.7 115.194
15.78580 13266.3 115.179
15.78830 13287.9 115.273
15.79080 13263.2 115.166
15.79330 13220 114.978
15.79580 13161.5 114.724
15.79830 13159.1 114.713
15.80080 13172.8 114.773
15.80330 13191.3 114.854
15.80580 13173.6 114.776
15.80830 13157.5 114.706
15.81080 13164.1 114.735
15.81330 13156.7 114.703
15.81580 13148.5 114.667
15.81830 13145.3 114.653
15.82080 13138.6 114.624
15.82330 13111.8 114.507
15.82580 13045.1 114.215
15.82830 13067.8 114.315
15.83080 13105.5 114.479
15.83330 13137.2 114.618
15.83580 13109.1 114.495
15.83830 13073.9 114.341
15.84080 13046.7 114.222
15.84330 13044.4 114.212
15.84580 13049.2 114.233
15.84830 13058.8 114.275
15.85080 13058 114.271
15.85330 13042.9 114.206
15.85580 13005.8 114.043
15.85830 12994 113.991
15.86080 13002.9 114.03
15.86330 13040.3 114.194
15.86580 13032 114.158
15.86830 13027.4 114.137
15.87080 13039.7 114.191
15.87330 13022.1 114.115
15.87580 13003.7 114.034
15.87830 12990.2 113.975
15.88080 12967.2 113.874
15.88330 12959.7 113.841
15.88580 12977.9 113.921
15.88830 13027.6 114.139
15.89080 13060.6 114.283
15.89330 13063.5 114.296
15.89580 13046.7 114.222
15.89830 13031.7 114.157
15.90080 13022.3 114.115
15.90330 12970.7 113.889
15.90580 12954.3 113.817
15.90830 12991.9 113.982
15.91080 13010.9 114.065
15.91330 13015.3 114.085
15.91580 13002.4 114.028
15.91830 13061.6 114.287
15.92080 13091.6 114.418
15.92330 13076.8 114.354
15.92580 13080.3 114.369
15.92830 13070 114.324
15.93080 13040.8 114.197
15.93330 13086.9 114.398
15.93580 13147 114.661
15.93830 13219.4 114.976
15.94080 13227.9 115.012
15.94330 13241.1 115.07
15.94580 13263.4 115.167
15.94830 13309.6 115.367
15.95080 13419 115.84
15.95330 13599 116.615
15.95580 13767.8 117.336
15.95830 14000.9 118.325
15.96080 14304.9 119.603
15.96330 14897.2 122.054
15.96580 15709.4 125.337
15.96830 16749 129.418
15.97080 18257.7 135.121
15.97330 20064.5 141.649
15.97580 22172.3 148.904
15.97830 24926.4 157.881
15.98080 27991.8 167.307
15.98330 31366.1 177.105
15.98580 34942.1 186.928
15.98830 38468 196.133
15.99080 41943.6 204.801
15.99330 45256 212.734
15.99580 48263.7 219.69
15.99830 50970.8 225.767
16.00080 52914.2 230.031
16.00330 54547.1 233.553
16.00580 55873.8 236.376
16.00830 56345.9 237.373
16.01080 56123.7 236.904
16.01330 55253.7 235.061
16.01580 53312.7 230.895
16.01830 50791.5 225.37
16.02080 47733.7 218.48
16.02330 43705.7 209.059
16.02580 39548.7 198.868
16.02830 35306.8 187.901
16.03080 31417.6 177.25
16.03330 27840.4 166.855
16.03580 24557 156.707
16.03830 21977.8 148.249
16.04080 19737.9 140.492
16.04330 17808.4 133.448
16.04580 16549.3 128.644
16.04830 15573.8 124.795
16.05080 14831.1 121.783
16.05330 14362.2 119.842
16.05580 14019.3 118.403
16.05830 13774.1 117.363
16.06080 13611 116.666
16.06330 13476.9 116.09
16.06580 13364.4 115.604
16.06830 13265.7 115.177
16.07080 13194.8 114.869
16.07330 13144.3 114.649
16.07580 13110.6 114.502
16.07830 13082.2 114.378
16.08080 13059.1 114.277
16.08330 13050.5 114.239
16.08580 13005.8 114.043
16.08830 12941.7 113.761
16.09080 12899.4 113.576
16.09330 12887.8 113.525
16.09580 12895.4 113.558
16.09830 12908.1 113.614
16.10080 12933.8 113.727
16.10330 12959.6 113.84
16.10580 12939.7 113.753
16.10830 12915 113.644
16.11080 12894.2 113.553
16.11330 12912.6 113.634
16.11580 12941.4 113.76
16.11830 12969.4 113.883
16.12080 12962.1 113.851
16.12330 12950.5 113.8
16.12580 12940.7 113.757
16.12830 12952.2 113.808
16.13080 12968 113.877
16.13330 13002.8 114.03
16.13580 13120.4 114.544
16.13830 13257 115.139
16.14080 13398.4 115.751
16.14330 13519.8 116.275
16.14580 13644.9 116.811
16.14830 13769.9 117.345
16.15080 13887.5 117.845
16.15330 14002.1 118.331
16.15580 14117.6 118.817
16.15830 14241.8 119.339
16.16080 14298.9 119.578
16.16330 14317.3 119.655
16.16580 14297 119.57
16.16830 14294.6 119.56
16.17080 14278.5 119.493
16.17330 14183.8 119.096
16.17580 14091.7 118.708
16.17830 13990.5 118.281
16.18080 13853.5 117.701
16.18330 13736.5 117.203
16.18580 13632.8 116.759
16.18830 13548.4 116.397
16.19080 13455.6 115.998
16.19330 13365.5 115.609
16.19580 13293.8 115.299
16.19830 13297.7 115.315
16.20080 13330.3 115.457
16.20330 13370.1 115.629
16.20580 13381.6 115.679
16.20830 13389.9 115.715
16.21080 13417.1 115.832
16.21330 13493.4 116.161
16.21580 13576.3 116.517
16.21830 13633 116.76
16.22080 13772.5 117.356
16.22330 13932.6 118.037
16.22580 14079.1 118.656
16.22830 14332.8 119.72
16.23080 14654.9 121.058
16.23330 15073.3 122.773
16.23580 15627.6 125.01
16.23830 16339.8 127.827
16.24080 17352 131.727
16.24330 18955.8 137.68
16.24580 20959.5 144.774
16.24830 23545.8 153.446
16.25080 27130 164.712
16.25330 31452.7 177.349
16.25580 36898.1 192.089
16.25830 43491.8 208.547
16.26080 50635.8 225.024
16.26330 58388.9 241.638
16.26580 66674.7 258.215
16.26830 74954.5 273.778
16.27080 82960.9 288.029
16.27330 90057.7 300.096
16.27580 96525.3 310.685
16.27830 102100 319.531
16.28080 106142 325.794
16.28330 109028 330.194
16.28580 110240 332.024
16.28830 109751 331.288
16.29080 108075 328.748
16.29330 104749 323.649
16.29580 100123 316.422
16.29830 94731.2 307.784
16.30080 88357.5 297.25
16.30330 80554 283.82
16.30580 72117.7 268.547
16.30830 62985 250.968
16.31080 54193.4 232.795
16.31330 45972.5 214.412
16.31580 38640.2 196.571
16.31830 32990.9 181.634
16.32080 28199.5 167.927
16.32330 24421.7 156.274
16.32580 21782.7 147.59
16.32830 19627.2 140.097
16.33080 17997.9 134.156
16.33330 16947.8 130.184
16.33580 16087.2 126.835
16.33830 15407.2 124.126
16.34080 14937.3 122.218
16.34330 14573.1 120.719
16.34580 14330.8 119.711
16.34830 14153.1 118.967
16.35080 14016 118.389
16.35330 13927.7 118.016
16.35580 13808.9 117.511
16.35830 13693.1 117.017
16.36080 13585.5 116.557
16.36330 13544 116.379
16.36580 13503 116.202
16.36830 13455.1 115.996
16.37080 13404.8 115.779
16.37330 13373.8 115.645
16.37580 13368.1 115.62
16.37830 13333.2 115.469
16.38080 13279.4 115.236
16.38330 13204.2 114.909
16.38580 13203.5 114.907
16.38830 13236 115.048
16.39080 13303.7 115.342
16.39330 13261.5 115.159
16.39580 13217.2 114.966
16.39830 13176.7 114.79
16.40080 13170.6 114.763
16.40330 13161 114.721
16.40580 13145.8 114.655
16.40830 13185.7 114.829
16.41080 13221 114.983
16.41330 13249.5 115.106
16.41580 13272 115.204
16.41830 13321.2 115.418
16.42080 13399.4 115.756
16.42330 13449.2 115.971
16.42580 13481.6 116.11
16.42830 13496.2 116.173
16.43080 13585 116.555
16.43330 13709.1 117.086
16.43580 13868.5 117.764
16.43830 14092 118.71
16.44080 14335.9 119.733
16.44330 14601.2 120.835
16.44580 15015.2 122.536
16.44830 15627.2 125.009
16.45080 16438.6 128.213
16.45330 17915.8 133.85
16.45580 19925.3 141.157
16.45830 22459.2 149.864
16.46080 26404.2 162.494
16.46330 31316.2 176.964
16.46580 37172.2 192.801
16.46830 45518.7 213.351
16.47080 54204.2 232.818
16.47330 63182.8 251.362
16.47580 72272.9 268.836
16.47830 81083 284.751
16.48080 89589 299.314
16.48330 96770.1 311.079
16.48580 102609 320.327
16.48830 107264 327.512
16.49080 110130 331.858
16.49330 111835 334.417
16.49580 112448 335.332
16.49830 110387 332.245
16.50080 107199 327.412
16.50330 103034 320.99
16.50580 97231.2 311.819
16.50830 90099.7 300.166
16.51080 81889.8 286.164
16.51330 72370.2 269.017
16.51580 63178.7 251.354
16.51830 54297.6 233.018
16.52080 46209.2 214.963
16.52330 39306.4 198.258
16.52580 33411 182.787
16.52830 29367.9 171.371
16.53080 26304.1 162.185
16.53330 23992 154.893
16.53580 22612.9 150.376
16.53830 21616.3 147.025
16.54080 20895.9 144.554
16.54330 20446.3 142.99
16.54580 20106.7 141.798
16.54830 19840.5 140.856
16.55080 19620.3 140.073
16.55330 19388.8 139.244
16.55580 19135.4 138.331
16.55830 18784.7 137.057
16.56080 18353.2 135.474
16.56330 17866.3 133.665
16.56580 17320.6 131.608
16.56830 16781.1 129.542
16.57080 16245.1 127.456
16.57330 15709.7 125.338
16.57580 15223.2 123.382
16.57830 14768 121.524
16.58080 14342 119.758
16.58330 13993.7 118.295
16.58580 13692.2 117.014
16.58830 13428 115.879
16.59080 13236.1 115.048
16.59330 13102.1 114.464
16.59580 13074.1 114.342
16.59830 13053.3 114.251
16.60080 13025.1 114.128
16.60330 12949.4 113.796
16.60580 12897.5 113.567
16.60830 12865.7 113.427
16.61080 12873.3 113.461
16.61330 12859.5 113.4
16.61580 12838.1 113.305
16.61830 12824.3 113.245
16.62080 12820.4 113.227
16.62330 12812.9 113.194
16.62580 12776 113.031
16.62830 12752.7 112.928
16.63080 12734.8 112.849
16.63330 12717.1 112.77
16.63580 12718.4 112.776
16.63830 12736.3 112.855
16.64080 12786.2 113.076
16.64330 12776.5 113.033
16.64580 12750.2 112.917
16.64830 12741.7 112.879
16.65080 12715.6 112.764
16.65330 12690.1 112.65
16.65580 12685.8 112.631
16.65830 12694.9 112.672
16.66080 12714.4 112.758
16.66330 12751.3 112.922
16.66580 12762.3 112.97
16.66830 12770.1 113.005
16.67080 12793 113.106
16.67330 12793.6 113.109
16.67580 12787.1 113.08
16.67830 12780 113.049
16.68080 12801.8 113.145
16.68330 12822.9 113.238
16.68580 12819.4 113.223
16.68830 12855.5 113.382
16.69080 12886 113.517
16.69330 12874.1 113.464
16.69580 12916.9 113.653
16.69830 12965.4 113.866
16.70080 12991.6 113.981
16.70330 13062.8 114.293
16.70580 13140.4 114.632
16.70830 13205.8 114.917
16.71080 13272.4 115.206
16.71330 13345.6 115.523
16.71580 13433.2 115.902
16.71830 13535.4 116.342
16.72080 13661.7 116.883
16.72330 13832.5 117.612
16.72580 14037.5 118.48
16.72830 14302.3 119.592
16.73080 14676.1 121.145
16.73330 15180.4 123.209
16.73580 15834.3 125.835
16.73830 16734.3 129.361
16.74080 18450.7 135.834
16.74330 20996 144.9
16.74580 24835.8 157.594
16.74830 31126.4 176.427
16.75080 39275 198.179
16.75330 50049.9 223.718
16.75580 64279.7 253.534
16.75830 79884.7 282.639
16.76080 96894 311.278
16.76330 113610 337.061
16.76580 129136 359.355
16.76830 142679 377.729
16.77080 149744 386.968
16.77330 153637 391.966
16.77580 153842 392.228
16.77830 151659 389.435
16.78080 147786 384.429
16.78330 141714 376.45
16.78580 132677 364.248
16.78830 122317 349.739
16.79080 110489 332.399
16.79330 96727.4 311.01
16.79580 82683.7 287.548
16.79830 68559.1 261.838
16.80080 55996.9 236.637
16.80330 44854.5 211.789
16.80580 35537.4 188.514
16.80830 29088.5 170.554
16.81080 23928.2 154.687
16.81330 20189 142.088
16.81580 18105.2 134.556
16.81830 16574.2 128.741
16.82080 15597.7 124.891
16.82330 15005.8 122.498
16.82580 14544.4 120.6
16.82830 14215.2 119.227
16.83080 13953.3 118.124
16.83330 13738.7 117.212
16.83580 13578.6 116.527
16.83830 13410.3 115.803
16.84080 13281.3 115.244
16.84330 13201.5 114.898
16.84580 13158.3 114.71
16.84830 13118.3 114.535
16.85080 13079.7 114.367
16.85330 13023.6 114.121
16.85580 12967.4 113.875
16.85830 12912.1 113.631
16.86080 12838.5 113.307
16.86330 12800.1 113.138
16.86580 12801.9 113.145
16.86830 12770.2 113.005
16.87080 12746 112.898
16.87330 12730.7 112.83
16.87580 12700.8 112.698
16.87830 12682 112.614
16.88080 12674.9 112.583
16.88330 12632.9 112.396
16.88580 12630.8 112.387
16.88830 12669.3 112.558
16.89080 12676.2 112.588
16.89330 12663.1 112.53
16.89580 12630.6 112.386
16.89830 12621.3 112.345
16.90080 12604.6 112.27
16.90330 12581.3 112.167
16.90580 12580.4 112.163
16.90830 12572.6 112.128
16.91080 12558.7 112.066
16.91330 12557.4 112.06
16.91580 12568.7 112.11
16.91830 12591 112.21
16.92080 12608.6 112.288
16.92330 12623.8 112.356
16.92580 12635.2 112.406
16.92830 12605 112.272
16.93080 12613.3 112.309
16.93330 12652.8 112.485
16.93580 12679.6 112.604
16.93830 12701.2 112.7
16.94080 12718.6 112.777
16.94330 12733.9 112.845
16.94580 12754.2 112.935
16.94830 12778.8 113.043
16.95080 12808.2 113.173
16.95330 12856.7 113.388
16.95580 12918.5 113.659
16.95830 12967.2 113.874
16.96080 13036.2 114.176
16.96330 13119.3 114.539
16.96580 13195 114.869
16.96830 13301.4 115.332
16.97080 13433.6 115.903
16.97330 13608 116.653
16.97580 13813.7 117.532
16.97830 14059.4 118.573
16.98080 14475.5 120.314
16.98330 15055.5 122.701
16.98580 15804.4 125.715
16.98830 17059.5 130.612
16.99080 19030.9 137.952
16.99330 21694.7 147.291
16.99580 26170.6 161.773
16.99830 32309.7 179.749
17.00080 39857.7 199.644
17.00330 50158.2 223.96
17.00580 62056 249.11
17.00830 75010.2 273.88
17.01080 88705.3 297.834
17.01330 101946 319.289
17.01580 114640 338.585
17.01830 125587 354.383
17.02080 133492 365.366
17.02330 138937 372.742
17.02580 139892 374.022
17.02830 138212 371.769
17.03080 134555 366.818
17.03330 127800 357.491
17.03580 119709 345.989
17.03830 110715 332.739
17.04080 100619 317.205
17.04330 89523.4 299.205
17.04580 77959.1 279.212
17.04830 66506.9 257.889
17.05080 55959 236.557
17.05330 46226.4 215.003
17.05580 38225.3 195.513
17.05830 31751.8 178.19
17.06080 26352.1 162.333
17.06330 22550.4 150.168
17.06580 19771.6 140.611
17.06830 17644 132.831
17.07080 16329.2 127.786
17.07330 15392.7 124.067
17.07580 14689.3 121.2
17.07830 14266.3 119.442
17.08080 13952.6 118.121
17.08330 13704.2 117.065
17.08580 13531.8 116.326
17.08830 13332.7 115.467
17.09080 13162.5 114.728
17.09330 13128 114.577
17.09580 13051.1 114.241
17.09830 12972.4 113.896
17.10080 12940.6 113.757
17.10330 12902.4 113.589
17.10580 12857.4 113.391
17.10830 12797.7 113.127
17.11080 12746.7 112.901
17.11330 12712.9 112.752
17.11580 12722 112.792
17.11830 12721.1 112.788
17.12080 12714.2 112.757
17.12330 12699.1 112.69
17.12580 12705.1 112.717
17.12830 12703 112.707
17.13080 12659.3 112.514
17.13330 12638.9 112.423
17.13580 12653.8 112.489
17.13830 12744.2 112.89
17.14080 12799.2 113.133
17.14330 12836.4 113.298
17.14580 12854.2 113.376
17.14830 12930.9 113.714
17.15080 13030.5 114.151
17.15330 13146.7 114.659
17.15580 13323.2 115.426
17.15830 13513.3 116.247
17.16080 13698.6 117.041
17.16330 13893.6 117.871
17.16580 14095.3 118.724
17.16830 14306.7 119.611
17.17080 14480.9 120.337
17.17330 14628.2 120.947
17.17580 14735.6 121.39
17.17830 14780.7 121.576
17.18080 14847.5 121.85
17.18330 14988.8 122.429
17.18580 15065.7 122.743
17.18830 15124.9 122.983
17.19080 15175.4 123.189
17.19330 15179.7 123.206
17.19580 15163.5 123.14
17.19830 15125.3 122.985
17.20080 15200.2 123.289
17.20330 15318.5 123.768
17.20580 15478.5 124.413
17.20830 15864.3 125.953
17.21080 16437.6 128.209
17.21330 17279.8 131.453
17.21580 18872.2 137.376
17.21830 21160.2 145.465
17.22080 24451.3 156.369
17.22330 29970.6 173.12
17.22580 37129.2 192.689
17.22830 46484.1 215.602
17.23080 58966.1 242.829
17.23330 72886 269.974
17.23580 88429 297.37
17.23830 105171 324.301
17.24080 122207 349.582
17.24330 139460 373.444
17.24580 155358 394.155
17.24830 169518 411.726
17.25080 181281 425.771
17.25330 189476 435.289
17.25580 195276 441.901
17.25830 198131 445.119
17.26080 195387 442.027
17.26330 189977 435.863
17.26580 181571 426.112
17.26830 170326 412.705
17.27080 157718 397.137
17.27330 143590 378.933
17.27580 129104 359.31
17.27830 114955 339.05
17.28080 101293 318.266
17.28330 88491.7 297.476
17.28580 76700.2 276.948
17.28830 66128.8 257.155
17.29080 57308.9 239.393
17.29330 49346.3 222.14
17.29580 42315 205.706
17.29830 36887.7 192.062
17.30080 32165 179.346
17.30330 28188 167.893
17.30580 25148.6 158.583
17.30830 22518.3 150.061
17.31080 20316.3 142.535
17.31330 18621.4 136.46
17.31580 17178.9 131.068
17.31830 16000.8 126.494
17.32080 15301.7 123.7
17.32330 14704.7 121.263
17.32580 14205.1 119.185
17.32830 13945.4 118.09
17.33080 13701.9 117.055
17.33330 13471.1 116.065
17.33580 13275.2 115.218
17.33830 13087.6 114.401
17.34080 12908.3 113.615
17.34330 12839.8 113.313
17.34580 12779.7 113.047
17.34830 12727.8 112.818
17.35080 12677.7 112.595
17.35330 12624 112.357
17.35580 12566.5 112.1
17.35830 12488.1 111.75
17.36080 12439.3 111.532
17.36330 12417.4 111.433
17.36580 12376 111.248
17.36830 12341.6 111.093
17.37080 12312.7 110.963
17.37330 12269.3 110.767
17.37580 12227.1 110.576
17.37830 12186.2 110.391
17.38080 12149.8 110.226
17.38330 12114.4 110.066
17.38580 12083.1 109.923
17.38830 12116.7 110.076
17.39080 12129.9 110.136
17.39330 12125.7 110.117
17.39580 12106 110.027
17.39830 12068.9 109.859
17.40080 12018.8 109.63
17.40330 11976.6 109.438
17.40580 11965.5 109.387
17.40830 11976.1 109.435
17.41080 11963.6 109.378
17.41330 11934.3 109.244
17.41580 11900.8 109.091
17.41830 11959.3 109.359
17.42080 11965.8 109.388
17.42330 11938.2 109.262
17.42580 11938.9 109.265
17.42830 11918.8 109.173
17.43080 11886.6 109.026
17.43330 11874.1 108.968
17.43580 11861.6 108.911
17.43830 11849.7 108.857
17.44080 11844.8 108.834
17.44330 11825.7 108.746
17.44580 11797.5 108.616
17.44830 11770.2 108.491
17.45080 11790.3 108.583
17.45330 11833.6 108.782
17.45580 11834.9 108.788
17.45830 11826.8 108.751
17.46080 11816.2 108.702
17.46330 11825.1 108.743
17.46580 11801.9 108.637
17.46830 11764.9 108.466
17.47080 11756.3 108.426
17.47330 11743.7 108.369
17.47580 11729.8 108.304
17.47830 11719.6 108.257
17.48080 11732.6 108.317
17.48330 11751.3 108.404
17.48580 11733.7 108.322
17.48830 11717.7 108.248
17.49080 11708.7 108.207
17.49330 11730.5 108.307
17.49580 11752.6 108.409
17.49830 11766.7 108.474
17.50080 11742.2 108.361
17.50330 11727 108.291
17.50580 11723.5 108.275
17.50830 11752.8 108.41
17.51080 11757.7 108.433
17.51330 11746.2 108.38
17.51580 11712.1 108.223
17.51830 11687.7 108.11
17.52080 11669.3 108.025
17.52330 11658.1 107.973
17.52580 11670 108.028
17.52830 11697.6 108.156
17.53080 11748 108.388
17.53330 11750 108.398
17.53580 11737.9 108.342
17.53830 11746.6 108.382
17.54080 11733.4 108.321
17.54330 11714.3 108.233
17.54580 11705 108.189
17.54830 11724 108.277
17.55080 11750.9 108.402
17.55330 11768.2 108.481
17.55580 11762.5 108.455
17.55830 11743.7 108.368
17.56080 11709.9 108.212
17.56330 11699.2 108.163
17.56580 11698.6 108.16
17.56830 11704 108.185
17.57080 11715.4 108.238
17.57330 11728.6 108.299
17.57580 11741.1 108.356
17.57830 11741 108.356
17.58080 11738.4 108.344
17.58330 11740.2 108.352
17.58580 11696.2 108.149
17.58830 11643.7 107.906
17.59080 11605.3 107.728
17.59330 11640.5 107.891
17.59580 11679.2 108.07
17.59830 11671.4 108.034
17.60080 11697.5 108.155
17.60330 11720.7 108.262
17.60580 11713.1 108.227
17.60830 11666.8 108.013
17.61080 11640.7 107.892
17.61330 11687.3 108.108
17.61580 11692.5 108.132
17.61830 11702.9 108.18
17.62080 11748.9 108.392
17.62330 11779.1 108.532
17.62580 11798.4 108.621
17.62830 11802.1 108.638
17.63080 11799.2 108.624
17.63330 11814.8 108.696
17.63580 11872.7 108.962
17.63830 11973.3 109.423
17.64080 12086.5 109.939
17.64330 12207 110.485
17.64580 12373 111.234
17.64830 12604.5 112.27
17.65080 12947.4 113.787
17.65330 13487.6 116.136
17.65580 14269.8 119.456
17.65830 15440.8 124.261
17.66080 17232.3 131.272
17.66330 19405.6 139.304
17.66580 22076.5 148.582
17.66830 25052.5 158.28
17.67080 28131 167.723
17.67330 31300.6 176.92
17.67580 34384.1 185.43
17.67830 37280.2 193.081
17.68080 39879.2 199.698
17.68330 41829.3 204.522
17.68580 43173.1 207.781
17.68830 43672.7 208.98
17.69080 43099.4 207.604
17.69330 42034.3 205.023
17.69580 40415.4 201.036
17.69830 38287.9 195.673
17.70080 35999.6 189.735
17.70330 33560.5 183.195
17.70580 30883.9 175.738
17.70830 28111.8 167.666
17.71080 25237.7 158.864
17.71330 22489.8 149.966
17.71580 19887.1 141.022
17.71830 17474 132.189
17.72080 15987.2 126.44
17.72330 14787.4 121.604
17.72580 13866.2 117.755
17.72830 13322.6 115.424
17.73080 12910.6 113.625
17.73330 12632.8 112.396
17.73580 12403.2 111.37
17.73830 12211.5 110.506
17.74080 12064.3 109.838
17.74330 12011 109.595
17.74580 11953.2 109.33
17.74830 11881.9 109.004
17.75080 11817.5 108.708
17.75330 11779.3 108.532
17.75580 11772.2 108.5
17.75830 11761.7 108.451
17.76080 11733.1 108.319
17.76330 11683.3 108.089
17.76580 11666.9 108.013
17.76830 11681.1 108.079
17.77080 11728.8 108.3
17.77330 11691.7 108.128
17.77580 11670.2 108.029
17.77830 11668.7 108.022
17.78080 11670.7 108.031
17.78330 11657.4 107.97
17.78580 11627.8 107.832
17.78830 11671 108.032
17.79080 11666 108.009
17.79330 11610.6 107.752
17.79580 11566.8 107.549
17.79830 11549.6 107.469
17.80080 11558.4 107.51
17.80330 11534.4 107.399
17.80580 11507 107.271
17.80830 11476 107.126
17.81080 11436.5 106.942
17.81330 11409.7 106.816
17.81580 11394.8 106.746
17.81830 11380.9 106.681
17.82080 11408.1 106.809
17.82330 11468.9 107.093
17.82580 11414.7 106.84
17.82830 11392 106.733
17.83080 11396.2 106.753
17.83330 11387.3 106.711
17.83580 11372.8 106.643
17.83830 11352.8 106.549
17.84080 11319.7 106.394
17.84330 11328.8 106.437
17.84580 11370 106.63
17.84830 11371.3 106.636
17.85080 11374.7 106.652
17.85330 11378.1 106.668
17.85580 11357.1 106.57
17.85830 11350.5 106.539
17.86080 11354.4 106.557
17.86330 11352.2 106.547
17.86580 11367.5 106.618
17.86830 11395.3 106.749
17.87080 11420.5 106.867
17.87330 11433.9 106.929
17.87580 11436.1 106.94
17.87830 11410.5 106.82
17.88080 11403 106.785
17.88330 11417.2 106.851
17.88580 11518.3 107.324
17.88830 11633.8 107.86
17.89080 11758.2 108.435
17.89330 11877.6 108.985
17.89580 12070.6 109.866
17.89830 12322.1 111.005
17.90080 12661.8 112.525
17.90330 13052 114.245
17.90580 13492.7 116.158
17.90830 14072.2 118.626
17.91080 14680.4 121.163
17.91330 15309.2 123.73
17.91580 15960.9 126.337
17.91830 16627.8 128.949
17.92080 17291 131.495
17.92330 17875.8 133.7
17.92580 18450 135.831
17.92830 19007.5 137.868
17.93080 19501 139.646
17.93330 19992.3 141.394
17.93580 20455.6 143.023
17.93830 20770.3 144.119
17.94080 20988.9 144.875
17.94330 21147.8 145.423
17.94580 21256.7 145.797
17.94830 21256.3 145.795
17.95080 21160.8 145.467
17.95330 20868.4 144.459
17.95580 20423 142.909
17.95830 19877.4 140.987
17.96080 19211.8 138.606
17.96330 18502.9 136.025
17.96580 17730.9 133.157
17.96830 16770.9 129.503
17.97080 15990.4 126.453
17.97330 15285.2 123.634
17.97580 14559.2 120.662
17.97830 13913.1 117.954
17.98080 13332.4 115.466
17.98330 12873.9 113.463
17.98580 12485.4 111.738
17.98830 12148.3 110.219
17.99080 11895.3 109.066
17.99330 11752.4 108.409
17.99580 11656.9 107.967
17.99830 11573.5 107.58
18.00080 11508.1 107.276
18.00330 11464.1 107.071
18.00580 11469.6 107.096
18.00830 11454.7 107.026
18.01080 11425.2 106.889
18.01330 11373 106.644
18.01580 11370 106.63
18.01830 11386.9 106.71
18.02080 11411.7 106.826
18.02330 11422.9 106.878
18.02580 11435.8 106.938
18.02830 11467.8 107.088
18.03080 11531 107.383
18.03330 11605.1 107.727
18.03580 11681.4 108.081
18.03830 11799.7 108.627
18.04080 11927.1 109.211
18.04330 12043.9 109.745
18.04580 12292.8 110.873
18.04830 12615.8 112.32
18.05080 13030.2 114.15
18.05330 13619.1 116.701
18.05580 14323.8 119.682
18.05830 15196.3 123.273
18.06080 16206.2 127.303
18.06330 17342.6 131.691
18.06580 18695.8 136.732
18.06830 20222 142.204
18.07080 21815.9 147.702
18.07330 23464.7 153.182
18.07580 25089.8 158.398
18.07830 26630.3 163.188
18.08080 27994.9 167.317
18.08330 29161.3 170.767
18.08580 30097.9 173.487
18.08830 30638.6 175.039
18.09080 30895.5 175.771
18.09330 30994.7 176.053
18.09580 30895 175.77
18.09830 30515 174.685
18.10080 29952.8 173.069
18.10330 29142.5 170.712
18.10580 27996.2 167.321
18.10830 26714.2 163.445
18.11080 25295.7 159.046
18.11330 23751.1 154.114
18.11580 22192.4 148.971
18.11830 20649.7 143.7
18.12080 19188.1 138.521
18.12330 17819.3 133.489
18.12580 16591.5 128.808
18.12830 15611.4 124.946
18.13080 14739.3 121.406
18.13330 13985.6 118.261
18.13580 13510.4 116.234
18.13830 13136.2 114.613
18.14080 12861.8 113.41
18.14330 12646.2 112.456
18.14580 12481.9 111.722
18.14830 12386.8 111.296
18.15080 12414.1 111.419
18.15330 12520.2 111.894
18.15580 12724.5 112.803
18.15830 13070.2 114.325
18.16080 13497.4 116.178
18.16330 14021.9 118.414
18.16580 14693.4 121.217
18.16830 15497.3 124.488
18.17080 16470.2 128.336
18.17330 17520.5 132.365
18.17580 18633.2 136.503
18.17830 19822.8 140.793
18.18080 21168 145.492
18.18330 22560.4 150.201
18.18580 23998.5 154.915
18.18830 25532.2 159.788
18.19080 26892.3 163.989
18.19330 28015.6 167.379
18.19580 28926.9 170.079
18.19830 29748.4 172.477
18.20080 30474.2 174.569
18.20330 30857.9 175.664
18.20580 31089.9 176.323
18.20830 31160.2 176.523
18.21080 31030 176.153
18.21330 30774.2 175.426
18.21580 30381.3 174.302
18.21830 29320.7 171.233
18.22080 28219.6 167.987
18.22330 27102.5 164.628
18.22580 25674.2 160.232
18.22830 24179.8 155.498
18.23080 22622.6 150.408
18.23330 21064 145.135
18.23580 19524 139.728
18.23830 18003.9 134.179
18.24080 16813.2 129.666
18.24330 15786.6 125.645
18.24580 14925.5 122.17
18.24830 14192.5 119.132
18.25080 13533.1 116.332
18.25330 12947.5 113.787
18.25580 12569 112.112
18.25830 12266.6 110.755
18.26080 12038.1 109.718
18.26330 11805.3 108.652
18.26580 11665.4 108.006
18.26830 11611.7 107.758
18.27080 11500.2 107.239
18.27330 11413.1 106.832
18.27580 11350.3 106.538
18.27830 11365.3 106.608
18.28080 11359.3 106.58
18.28330 11335.6 106.469
18.28580 11335.5 106.468
18.28830 11332.2 106.453
18.29080 11325.1 106.419
18.29330 11294.2 106.274
18.29580 11264.6 106.135
18.29830 11238.1 106.01
18.30080 11251.3 106.072
18.30330 11262.8 106.126
18.30580 11273.6 106.177
18.30830 11292.3 106.265
18.31080 11287.3 106.242
18.31330 11263.1 106.128
18.31580 11224.1 105.944
18.31830 11200.1 105.831
18.32080 11189.4 105.78
18.32330 11203.2 105.845
18.32580 11222.1 105.935
18.32830 11241.9 106.028
18.33080 11230.7 105.975
18.33330 11228.4 105.964
18.33580 11227.3 105.959
18.33830 11179 105.731
18.34080 11165.3 105.666
18.34330 11174.6 105.71
18.34580 11180.6 105.738
18.34830 11196.6 105.814
18.35080 11216.7 105.909
18.35330 11216.7 105.909
18.35580 11208.1 105.869
18.35830 11197.3 105.817
18.36080 11209.3 105.874
18.36330 11197.3 105.817
18.36580 11174.7 105.711
18.36830 11180.2 105.736
18.37080 11197.9 105.82
18.37330 11217.5 105.913
18.37580 11204.1 105.849
18.37830 11179.4 105.733
18.38080 11148.7 105.588
18.38330 11120.5 105.454
18.38580 11154 105.612
18.38830 11216.9 105.91
18.39080 11256.5 106.097
18.39330 11237.6 106.008
18.39580 11194.5 105.804
18.39830 11185.5 105.762
18.40080 11159.4 105.638
18.40330 11134.9 105.522
18.40580 11161.2 105.646
18.40830 11178.6 105.729
18.41080 11188.2 105.774
18.41330 11181.6 105.743
18.41580 11192 105.792
18.41830 11205.1 105.854
18.42080 11194.2 105.803
18.42330 11193.4 105.799
18.42580 11188.1 105.774
18.42830 11145.4 105.572
18.43080 11144.6 105.568
18.43330 11161.3 105.647
18.43580 11175.3 105.713
18.43830 11186 105.764
18.44080 11186.3 105.765
18.44330 11152.6 105.606
18.44580 11126.3 105.481
18.44830 11119 105.447
18.45080 11169.4 105.685
18.45330 11168.2 105.68
18.45580 11157.3 105.628
18.45830 11180.8 105.739
18.46080 11212.4 105.889
18.46330 11232.6 105.984
18.46580 11205.1 105.854
18.46830 11190.3 105.784
18.47080 11183.1 105.75
18.47330 11185.3 105.761
18.47580 11177.1 105.722
18.47830 11180.9 105.74
18.48080 11232 105.981
18.48330 11257.9 106.103
18.48580 11272.9 106.174
18.48830 11280.3 106.209
18.49080 11309.9 106.348
18.49330 11345.9 106.517
18.49580 11380.8 106.681
18.49830 11413.6 106.834
18.50080 11450.4 107.007
18.50330 11499.5 107.236
18.50580 11578.7 107.604
18.50830 11679.7 108.073
18.51080 11814.4 108.694
18.51330 11957.9 109.352
18.51580 12155.5 110.252
18.51830 12478.9 111.709
18.52080 12870.2 113.447
18.52330 13294.2 115.3
18.52580 13753.5 117.275
18.52830 14341.3 119.755
18.53080 15036.5 122.624
18.53330 15902.9 126.107
18.53580 16913.2 130.051
18.53830 18077.6 134.453
18.54080 19503 139.653
18.54330 21042.6 145.061
18.54580 22699.1 150.662
18.54830 24547.1 156.675
18.55080 26462.7 162.673
18.55330 28383.9 168.475
18.55580 30288.7 174.037
18.55830 32116.3 179.21
18.56080 33851.6 183.988
18.56330 35437.4 188.248
18.56580 36976.5 192.293
18.56830 38510.1 196.24
18.57080 40049.3 200.123
18.57330 41758.7 204.349
18.57580 43646.7 208.918
18.57830 45803.3 214.017
18.58080 48244.3 219.646
18.58330 50735.1 225.244
18.58580 53232.7 230.722
18.58830 55198.6 234.944
18.59080 56725.1 238.17
18.59330 57648.5 240.101
18.59580 57587.7 239.974
18.59830 57099.2 238.954
18.60080 56140.4 236.94
18.60330 54380 233.195
18.60580 52163.6 228.393
18.60830 49395.3 222.251
18.61080 46030.7 214.548
18.61330 42443.3 206.018
18.61580 38626 196.535
18.61830 34717.5 186.326
18.62080 30978.5 176.007
18.62330 27501.6 165.836
18.62580 24440.1 156.333
18.62830 21690 147.275
18.63080 19321.7 139.003
18.63330 17454 132.114
18.63580 15900.9 126.099
18.63830 14716.8 121.313
18.64080 13908.5 117.934
18.64330 13236 115.048
18.64580 12703.8 112.711
18.64830 12355.6 111.156
18.65080 12092.4 109.965
18.65330 11921.2 109.184
18.65580 11827.6 108.755
18.65830 11739.2 108.348
18.66080 11651.6 107.942
18.66330 11593.8 107.674
18.66580 11554.5 107.492
18.66830 11535.4 107.403
18.67080 11507.1 107.271
18.67330 11493 107.205
18.67580 11495.7 107.218
18.67830 11440.1 106.958
18.68080 11411.4 106.824
18.68330 11414.9 106.841
18.68580 11456.1 107.033
18.68830 11506.2 107.267
18.69080 11564.7 107.539
18.69330 11608.7 107.744
18.69580 11662.4 107.992
18.69830 11726.5 108.289
18.70080 11926.5 109.208
18.70330 12151.9 110.235
18.70580 12401.9 111.364
18.70830 12669.2 112.558
18.71080 12964.9 113.863
18.71330 13289.9 115.282
18.71580 13798.8 117.468
18.71830 14291.9 119.549
18.72080 14770.4 121.534
18.72330 15276.5 123.598
18.72580 15773.6 125.593
18.72830 16264.3 127.531
18.73080 16826.5 129.717
18.73330 17376 131.818
18.73580 17915.2 133.848
18.73830 18481 135.945
18.74080 19073.7 138.108
18.74330 19691.4 140.326
18.74580 20352.9 142.664
18.74830 20908.2 144.597
18.75080 21371.1 146.189
18.75330 21753.3 147.49
18.75580 22103.6 148.673
18.75830 22415.1 149.717
18.76080 22514.3 150.048
18.76330 22494.6 149.982
18.76580 22367.4 149.558
18.76830 22029.2 148.422
18.77080 21484.5 146.576
18.77330 20767 144.108
18.77580 19834.6 140.835
18.77830 18891.6 137.447
18.78080 17938.2 133.933
18.78330 16956.3 130.216
18.78580 16034 126.625
18.78830 15163.1 123.139
18.79080 14388.4 119.952
18.79330 13699.4 117.044
18.79580 13088 114.403
18.79830 12652.6 112.484
18.80080 12316.1 110.978
18.80330 12050.7 109.776
18.80580 11836.7 108.796
18.80830 11684.6 108.096
18.81080 11569.8 107.563
18.81330 11438.7 106.952
18.81580 11380.3 106.678
18.81830 11366 106.611
18.82080 11348.6 106.53
18.82330 11316.5 106.379
18.82580 11281.7 106.215
18.82830 11286.5 106.238
18.83080 11283.1 106.222
18.83330 11273.5 106.177
18.83580 11255.1 106.09
18.83830 11215.4 105.903
18.84080 11175.5 105.714
18.84330 11201.7 105.838
18.84580 11214.9 105.9
18.84830 11220.4 105.926
18.85080 11222 105.934
18.85330 11235.9 106
18.85580 11249.5 106.064
18.85830 11229.4 105.969
18.86080 11259.9 106.113
18.86330 11307.5 106.337
18.86580 11317 106.382
18.86830 11317.9 106.385
18.87080 11315.1 106.373
18.87330 11314.9 106.372
18.87580 11319.7 106.394
18.87830 11325.8 106.423
18.88080 11327.4 106.43
18.88330 11343 106.503
18.88580 11376 106.658
18.88830 11454.5 107.026
18.89080 11502.7 107.251
18.89330 11539.6 107.422
18.89580 11581.9 107.619
18.89830 11600 107.703
18.90080 11614.9 107.772
18.90330 11654.5 107.956
18.90580 11724.8 108.281
18.90830 11796 108.61
18.91080 11828.5 108.759
18.91330 11913.9 109.151
18.91580 12021.2 109.641
18.91830 12135.5 110.161
18.92080 12262 110.734
18.92330 12398.1 111.347
18.92580 12551.3 112.033
18.92830 12749.6 112.914
18.93080 13001.7 114.025
18.93330 13370.2 115.63
18.93580 13931.8 118.033
18.93830 14609.9 120.871
18.94080 15441.4 124.264
18.94330 16657.5 129.064
18.94580 18255.8 135.114
18.94830 20580.5 143.459
18.95080 24222.3 155.635
18.95330 28816.7 169.755
18.95580 34894.2 186.8
18.95830 42828.7 206.951
18.96080 51959 227.945
18.96330 62784.4 250.568
18.96580 75999 275.679
18.96830 89557.9 299.262
18.97080 102353 319.927
18.97330 114485 338.356
18.97580 125897 354.82
18.97830 136016 368.804
18.98080 144662 380.344
18.98330 151993 389.863
18.98580 157169 396.446
18.98830 159656 399.57
18.99080 160580 400.724
18.99330 159468 399.334
18.99580 155192 393.944
18.99830 148662 385.567
19.00080 138870 372.652
19.00330 127067 356.464
19.00580 114606 338.534
19.00830 101668 318.854
19.01080 89173.5 298.619
19.01330 77227 277.898
19.01580 66179.5 257.254
19.01830 56759.5 238.242
19.02080 48193.4 219.53
19.02330 40663.7 201.652
19.02580 34651.4 186.149
19.02830 29508.7 171.781
19.03080 25462.7 159.57
19.03330 22352.7 149.508
19.03580 19756.9 140.559
19.03830 17793.6 133.393
19.04080 16426.9 128.168
19.04330 15291.4 123.659
19.04580 14392.7 119.969
19.04830 13815.8 117.541
19.05080 13354.8 115.563
19.05330 13008.5 114.055
19.05580 12749.5 112.914
19.05830 12520.9 111.897
19.06080 12322 111.004
19.06330 12162.6 110.284
19.06580 12028.9 109.676
19.06830 11926.9 109.21
19.07080 11843.7 108.829
19.07330 11745.6 108.377
19.07580 11622.6 107.808
19.07830 11563.9 107.536
19.08080 11507 107.271
19.08330 11443.3 106.973
19.08580 11385.8 106.704
19.08830 11337.6 106.478
19.09080 11301.4 106.308
19.09330 11289.2 106.25
19.09580 11270.6 106.163
19.09830 11241 106.024
19.10080 11231.2 105.977
19.10330 11200.2 105.831
19.10580 11140.2 105.547
19.10830 11125.3 105.477
19.11080 11101.8 105.365
19.11330 11064 105.185
19.11580 11057.1 105.153
19.11830 11048.4 105.111
19.12080 11035.6 105.05
19.12330 11008 104.919
19.12580 10988.9 104.828
19.12830 10980.4 104.787
19.13080 10949 104.637
19.13330 10926 104.528
19.13580 10913.5 104.468
19.13830 10931.3 104.553
19.14080 10935 104.571
19.14330 10922.6 104.511
19.14580 10910.4 104.453
19.14830 10893.2 104.371
19.15080 10870.7 104.263
19.15330 10852.8 104.177
19.15580 10839.5 104.113
19.15830 10830.7 104.071
19.16080 10820.9 104.024
19.16330 10806.2 103.953
19.16580 10787 103.861
19.16830 10811 103.976
19.17080 10841.9 104.124
19.17330 10878.4 104.299
19.17580 10856.3 104.194
19.17830 10817.4 104.007
19.18080 10764.6 103.752
19.18330 10786.7 103.859
19.18580 10804.4 103.944
19.18830 10817.7 104.008
19.19080 10821.9 104.028
19.19330 10797.8 103.913
19.19580 10750.5 103.685
19.19830 10734 103.605
19.20080 10736.5 103.617
19.20330 10753.4 103.698
19.20580 10738 103.624
19.20830 10733.7 103.604
19.21080 10739.5 103.632
19.21330 10762.2 103.741
19.21580 10737.9 103.624
19.21830 10682.1 103.354
19.22080 10702.6 103.453
19.22330 10709.3 103.486
19.22580 10705.2 103.466
19.22830 10698 103.431
19.23080 10708.1 103.48
19.23330 10730.9 103.59
19.23580 10752.6 103.695
19.23830 10748.2 103.673
19.24080 10729.6 103.584
19.24330 10756.4 103.713
19.24580 10764.6 103.752
19.24830 10754.4 103.703
19.25080 10693.5 103.409
19.25330 10683.9 103.363
19.25580 10703 103.455
19.25830 10678.6 103.337
19.26080 10651.2 103.205
19.26330 10629.6 103.1
19.26580 10667.7 103.285
19.26830 10671.3 103.302
19.27080 10653.6 103.216
19.27330 10636.9 103.135
19.27580 10617.9 103.043
19.27830 10608.2 102.996
19.28080 10669.3 103.292
19.28330 10704.4 103.462
19.28580 10721.9 103.547
19.28830 10722.6 103.55
19.29080 10724.4 103.559
19.29330 10729.2 103.582
19.29580 10748.5 103.675
19.29830 10753.8 103.701
19.30080 10747.3 103.669
19.30330 10715.9 103.518
19.30580 10718.7 103.531
19.30830 10741.9 103.643
19.31080 10778.5 103.819
19.31330 10818.8 104.014
19.31580 10872.1 104.27
19.31830 10978.8 104.78
19.32080 11069.5 105.212
19.32330 11168.2 105.68
19.32580 11338.4 106.482
19.32830 11557.5 107.506
19.33080 11804.6 108.649
19.33330 12075.3 109.888
19.33580 12351.9 111.139
19.33830 12640.8 112.431
19.34080 12969 113.881
19.34330 13320.5 115.414
19.34580 13668.2 116.911
19.34830 13963 118.165
19.35080 14224.2 119.265
19.35330 14435.4 120.148
19.35580 14512.8 120.469
19.35830 14537.2 120.57
19.36080 14531.6 120.547
19.36330 14494.5 120.393
19.36580 14363.6 119.848
19.36830 14183.4 119.094
19.37080 13957.6 118.142
19.37330 13707.3 117.078
19.37580 13435.2 115.911
19.37830 13122.4 114.553
19.38080 12785.8 113.074
19.38330 12466.2 111.652
19.38580 12224.6 110.565
19.38830 12005 109.568
19.39080 11791.9 108.59
19.39330 11575.8 107.591
19.39580 11383.9 106.695
19.39830 11206 105.858
19.40080 11045.6 105.098
19.40330 10918.1 104.49
19.40580 10824.6 104.042
19.40830 10795.8 103.903
19.41080 10725.6 103.564
19.41330 10663.9 103.266
19.41580 10655.6 103.226
19.41830 10671.6 103.303
19.42080 10675.1 103.32
19.42330 10630.8 103.106
19.42580 10613.6 103.022
19.42830 10612.1 103.015
19.43080 10630.8 103.106
19.43330 10617.8 103.043
19.43580 10604.3 102.977
19.43830 10607.8 102.994
19.44080 10598.6 102.949
19.44330 10574.4 102.832
19.44580 10524.1 102.587
19.44830 10505.3 102.495
19.45080 10509.2 102.515
19.45330 10546.4 102.695
19.45580 10550.3 102.715
19.45830 10555.2 102.738
19.46080 10576.7 102.843
19.46330 10575 102.835
19.46580 10554 102.732
19.46830 10504 102.489
19.47080 10517.2 102.553
19.47330 10532.9 102.63
19.47580 10530.8 102.62
19.47830 10541.8 102.673
19.48080 10562.9 102.776
19.48330 10598.4 102.948
19.48580 10571.3 102.817
19.48830 10550.3 102.715
19.49080 10558.4 102.754
19.49330 10598.2 102.947
19.49580 10624.9 103.077
19.49830 10621 103.058
19.50080 10590.8 102.912
19.50330 10579.3 102.856
19.50580 10605 102.981
19.50830 10633.9 103.121
19.51080 10629.5 103.1
19.51330 10571.4 102.817
19.51580 10595.4 102.934
19.51830 10619.7 103.052
19.52080 10628.7 103.096
19.52330 10619.6 103.051
19.52580 10631 103.107
19.52830 10676 103.325
19.53080 10708 103.48
19.53330 10735.2 103.611
19.53580 10757.1 103.716
19.53830 10809.4 103.968
19.54080 10844.6 104.137
19.54330 10851.9 104.173
19.54580 10922.5 104.511
19.54830 11024.7 104.998
19.55080 11162 105.651
19.55330 11316.8 106.38
19.55580 11518.1 107.322
19.55830 11778.2 108.528
19.56080 12126.2 110.119
19.56330 12548.7 112.021
19.56580 13057.7 114.27
19.56830 13771.9 117.354
19.57080 14597.8 120.821
19.57330 15545.8 124.683
19.57580 16632.8 128.968
19.57830 17799.1 133.413
19.58080 19051 138.025
19.58330 20359.6 142.687
19.58580 21687.8 147.268
19.58830 23036 151.776
19.59080 24352.7 156.054
19.59330 25738.7 160.433
19.59580 27202 164.93
19.59830 28655.9 169.28
19.60080 30159 173.663
19.60330 31714.7 178.086
19.60580 33283.1 182.437
19.60830 34916.4 186.859
19.61080 36616.4 191.354
19.61330 38285.7 195.667
19.61580 39729.7 199.323
19.61830 40947 202.354
19.62080 41725.1 204.267
19.62330 42251.9 205.553
19.62580 42527.2 206.221
19.62830 42122.6 205.238
19.63080 41458.7 203.614
19.63330 40546.6 201.362
19.63580 39340.6 198.345
19.63830 37996.1 194.926
19.64080 36516.9 191.094
19.64330 34717.3 186.326
19.64580 32909.9 181.411
19.64830 31100.7 176.354
19.65080 29421.5 171.527
19.65330 27829.7 166.822
19.65580 26324.5 162.248
19.65830 25087.1 158.389
19.66080 23984.4 154.869
19.66330 23005 151.674
19.66580 22256 149.184
19.66830 21613.4 147.015
19.67080 21055 145.104
19.67330 20496.2 143.165
19.67580 19946.2 141.231
19.67830 19399.9 139.284
19.68080 18812.7 137.16
19.68330 18224.6 134.999
19.68580 17626 132.763
19.68830 16913.3 130.051
19.69080 16178.4 127.194
19.69330 15431.3 124.223
19.69580 14722.4 121.336
19.69830 14086.8 118.688
19.70080 13512.7 116.244
19.70330 13040.4 114.194
19.70580 12622.2 112.349
19.70830 12247.1 110.666
19.71080 11931.4 109.231
19.71330 11674.9 108.051
19.71580 11458 107.042
19.71830 11251.7 106.074
19.72080 11102.5 105.368
19.72330 10989 104.828
19.72580 10876.4 104.29
19.72830 10799.5 103.921
19.73080 10751.6 103.69
19.73330 10754.8 103.705
19.73580 10696.3 103.423
19.73830 10615.9 103.033
19.74080 10622.8 103.067
19.74330 10628.4 103.094
19.74580 10628.7 103.095
19.74830 10601.8 102.965
19.75080 10567.5 102.798
19.75330 10535.4 102.642
19.75580 10537.9 102.654
19.75830 10529.4 102.613
19.76080 10512.9 102.532
19.76330 10483.6 102.389
19.76580 10515.2 102.544
19.76830 10559.7 102.76
19.77080 10516.8 102.551
19.77330 10487.3 102.408
19.77580 10469.8 102.322
19.77830 10477.7 102.361
19.78080 10494.7 102.444
19.78330 10514.6 102.541
19.78580 10528.9 102.61
19.78830 10541.8 102.673
19.79080 10544.9 102.689
19.79330 10510.5 102.521
19.79580 10499 102.465
19.79830 10500.1 102.47
19.80080 10512 102.528
19.80330 10546.5 102.696
19.80580 10581.1 102.864
19.80830 10580.7 102.863
19.81080 10561 102.767
19.81330 10537.3 102.651
19.81580 10526.8 102.6
19.81830 10532.9 102.63
19.82080 10547.9 102.703
19.82330 10571.4 102.818
19.82580 10577.3 102.846
19.82830 10573.6 102.828
19.83080 10560 102.762
19.83330 10589.6 102.906
19.83580 10614.2 103.025
19.83830 10576 102.84
19.84080 10579.4 102.856
19.84330 10598.3 102.948
19.84580 10621.1 103.059
19.84830 10640.9 103.155
19.85080 10664.9 103.271
19.85330 10703.4 103.457
19.85580 10738.1 103.625
19.85830 10772.8 103.792
19.86080 10810.3 103.972
19.86330 10866.5 104.242
19.86580 10926.2 104.528
19.86830 10980.4 104.787
19.87080 11077.5 105.25
19.87330 11185 105.759
19.87580 11288 106.245
19.87830 11442.7 106.971
19.88080 11644.5 107.91
19.88330 11926.3 109.208
19.88580 12380.6 111.268
19.88830 12948.5 113.791
19.89080 13678.2 116.954
19.89330 14566.5 120.692
19.89580 15647.5 125.09
19.89830 17073.3 130.665
19.90080 18845.9 137.28
19.90330 20833.2 144.337
19.90580 23111.3 152.024
19.90830 25744.1 160.45
19.91080 28567.9 169.02
19.91330 31627.3 177.841
19.91580 34889.7 186.788
19.91830 38214.9 195.486
19.92080 41582.6 203.918
19.92330 44819.5 211.706
19.92580 47883.3 218.823
19.92830 50663 225.085
19.93080 53344.3 230.964
19.93330 55803.8 236.228
19.93580 57885.2 240.593
19.93830 59036.2 242.974
19.94080 59696.7 244.329
19.94330 59763.3 244.465
19.94580 59309.6 243.536
19.94830 58536.3 241.943
19.95080 57354.2 239.487
19.95330 55751.1 236.117
19.95580 53906 232.177
19.95830 51761.8 227.512
19.96080 49097.2 221.579
19.96330 46234.1 215.021
19.96580 43166.6 207.766
19.96830 39281.3 198.195
19.97080 35644 188.796
19.97330 32552.7 180.424
19.97580 29503.4 171.765
19.97830 26671.3 163.313
19.98080 24157.9 155.428
19.98330 22033.3 148.436
19.98580 20074.2 141.683
19.98830 18295 135.259
19.99080 16925.6 130.098
19.99330 15743.4 125.473
19.99580 14768.5 121.526
19.99830 13915.6 117.964
20.00080 13184.7 114.825
20.00330 12605 112.272
20.00580 12210.4 110.501
20.00830 11868.7 108.944
20.01080 11577.9 107.601
20.01330 11301.3 106.308
20.01580 11127.1 105.485
20.01830 11081.3 105.268
20.02080 10982.5 104.797
20.02330 10891.9 104.364
20.02580 10815 103.995
20.02830 10779.7 103.825
20.03080 10739.5 103.631
20.03330 10690.9 103.397
20.03580 10652.3 103.21
20.03830 10634.5 103.124
20.04080 10640.1 103.151
20.04330 10593.1 102.923
20.04580 10554.6 102.735
20.04830 10527.1 102.602
20.05080 10518.4 102.559
20.05330 10509.5 102.516
20.05580 10500 102.469
20.05830 10473.3 102.339
20.06080 10450.5 102.228
20.06330 10431.8 102.136
20.06580 10432.1 102.138
20.06830 10435.8 102.156
20.07080 10442.8 102.19
20.07330 10432.2 102.138
20.07580 10425.5 102.105
20.07830 10422.5 102.091
20.08080 10417.7 102.067
20.08330 10414.5 102.052
20.08580 10411.9 102.039
20.08830 10357.7 101.773
20.09080 10333.7 101.655
20.09330 10337.9 101.675
20.09580 10360.8 101.788
20.09830 10385.3 101.908
20.10080 10409.1 102.025
20.10330 10377.2 101.869
20.10580 10367 101.818
20.10830 10375.5 101.86
20.11080 10392.8 101.945
20.11330 10416.5 102.061
20.11580 10443.3 102.193
20.11830 10432.7 102.141
20.12080 10422.9 102.093
20.12330 10414.9 102.053
20.12580 10425 102.103
20.12830 10446.8 102.21
20.13080 10478.7 102.365
20.13330 10525.4 102.593
20.13580 10601.4 102.963
20.13830 10705.1 103.465
20.14080 10877.5 104.295
20.14330 11033.8 105.042
20.14580 11191.7 105.791
20.14830 11492.6 107.203
20.15080 11846.7 108.842
20.15330 12250.8 110.684
20.15580 12780.4 113.051
20.15830 13345.9 115.524
20.16080 13942.3 118.077
20.16330 14599.2 120.827
20.16580 15248.8 123.486
20.16830 15885.7 126.039
20.17080 16458.8 128.292
20.17330 16969.9 130.269
20.17580 17420 131.985
20.17830 17704.5 133.058
20.18080 17911.8 133.835
20.18330 18040.9 134.317
20.18580 17954.7 133.995
20.18830 17736.8 133.18
20.19080 17421.1 131.989
20.19330 16973.3 130.282
20.19580 16460.1 128.297
20.19830 15901.4 126.101
20.20080 15292.8 123.664
20.20330 14668.9 121.115
20.20580 14037.4 118.479
20.20830 13408.8 115.796
20.21080 12862.8 113.414
20.21330 12373 111.234
20.21580 11949.8 109.315
20.21830 11598.2 107.695
20.22080 11298.3 106.294
20.22330 11075.8 105.241
20.22580 10916.7 104.483
20.22830 10795.9 103.903
20.23080 10708.4 103.481
20.23330 10630.5 103.104
20.23580 10557.4 102.749
20.23830 10485.2 102.397
20.24080 10462.7 102.287
20.24330 10474.6 102.346
20.24580 10536.7 102.649
20.24830 10512.1 102.528
20.25080 10455 102.25
20.25330 10419.3 102.075
20.25580 10425 102.103
20.25830 10446.1 102.206
20.26080 10459.4 102.271
20.26330 10435.4 102.154
20.26580 10416.3 102.06
20.26830 10469.5 102.321
20.27080 10506.8 102.503
20.27330 10537.7 102.653
20.27580 10567.6 102.799
20.27830 10617.1 103.039
20.28080 10686.4 103.375
20.28330 10796.5 103.906
20.28580 10887.9 104.345
20.28830 10983.5 104.802
20.29080 11112.6 105.416
20.29330 11197.3 105.817
20.29580 11276.4 106.19
20.29830 11384.2 106.697
20.30080 11575.1 107.588
20.30330 11799.8 108.627
20.30580 12043.5 109.743
20.30830 12339.6 111.084
20.31080 12708.3 112.731
20.31330 13232.4 115.032
20.31580 14143 118.925
20.31830 15380.4 124.018
20.32080 17177.2 131.062
20.32330 19694 140.335
20.32580 22793.8 150.976
20.32830 26853.7 163.871
20.33080 31717.9 178.095
20.33330 36907.7 192.114
20.33580 42359.9 205.815
20.33830 47498.9 217.943
20.34080 52364.5 228.833
20.34330 56778.3 238.282
20.34580 60460.6 245.887
20.34830 63654.9 252.299
20.35080 66153.1 257.202
20.35330 67439.3 259.691
20.35580 67900.8 260.578
20.35830 67183.9 259.199
20.36080 65632.1 256.188
20.36330 63701.9 252.392
20.36580 61364.9 247.719
20.36830 58629.8 242.136
20.37080 55817.2 236.257
20.37330 53015.4 230.251
20.37580 50397.9 224.495
20.37830 47913.2 218.891
20.38080 45616.2 213.579
20.38330 43530.1 208.639
20.38580 41650.1 204.084
20.38830 40082.9 200.207
20.39080 38510.2 196.24
20.39330 36908.2 192.115
20.39580 35255.1 187.763
20.39830 33602.4 183.31
20.40080 31912.6 178.641
20.40330 30158 173.661
20.40580 28424.4 168.595
20.40830 26647 163.239
20.41080 24790.6 157.45
20.41330 23101.2 151.991
20.41580 21507.8 146.655
20.41830 20032.3 141.536
20.42080 18602.4 136.391
20.42330 17261.5 131.383
20.42580 16050.7 126.692
20.42830 15035.3 122.619
20.43080 14129.3 118.867
20.43330 13353.7 115.558
20.43580 12760 112.96
20.43830 12244.8 110.656
20.44080 11815.4 108.699
20.44330 11500.7 107.241
20.44580 11238.5 106.012
20.44830 11034.7 105.046
20.45080 10922.6 104.511
20.45330 10832.2 104.078
20.45580 10759.9 103.73
20.45830 10700.5 103.443
20.46080 10659.9 103.247
20.46330 10643 103.165
20.46580 10591.7 102.916
20.46830 10567 102.796
20.47080 10579.4 102.856
20.47330 10619 103.048
20.47580 10650.1 103.199
20.47830 10668.7 103.289
20.48080 10747.4 103.67
20.48330 10860.5 104.214
20.48580 11011.2 104.934
20.48830 11184.5 105.757
20.49080 11395.7 106.75
20.49330 11649.5 107.933
20.49580 12025.1 109.659
20.49830 12414 111.418
20.50080 12813.1 113.195
20.50330 13327.3 115.444
20.50580 13963.5 118.167
20.50830 14728.6 121.361
20.51080 15748.2 125.492
20.51330 16944.4 130.17
20.51580 18321.3 135.356
20.51830 20240.6 142.27
20.52080 22361.7 149.538
20.52330 24683.4 157.109
20.52580 27256.3 165.095
20.52830 29897.5 172.909
20.53080 32604.2 180.566
20.53330 35131.5 187.434
20.53580 37504.2 193.66
20.53830 39719.8 199.298
20.54080 41330.9 203.3
20.54330 42369.7 205.839
20.54580 42858.2 207.022
20.54830 42403.5 205.921
20.55080 41505.6 203.729
20.55330 40189.2 200.472
20.55580 38164.1 195.356
20.55830 35916.1 189.515
20.56080 33464.7 182.934
20.56330 30744.6 175.342
20.56580 28094.6 167.615
20.56830 25513.1 159.728
20.57080 23127 152.076
20.57330 20896.1 144.555
20.57580 18815 137.168
20.57830 17137.6 130.911
20.58080 15672.9 125.191
20.58330 14396.3 119.984
20.58580 13437.2 115.919
20.58830 12620.7 112.342
20.59080 11935.5 109.25
20.59330 11544.7 107.446
20.59580 11206.7 105.862
20.59830 10918.4 104.491
20.60080 10756.3 103.712
20.60330 10626.6 103.085
20.60580 10522 102.577
20.60830 10440.8 102.18
20.61080 10394.5 101.954
20.61330 10370 101.833
20.61580 10325.6 101.615
20.61830 10284 101.41
20.62080 10243.8 101.212
20.62330 10199.5 100.992
20.62580 10175.3 100.873
20.62830 10163.4 100.814
20.63080 10147 100.732
20.63330 10125.2 100.624
20.63580 10106.5 100.531
20.63830 10134.1 100.668
20.64080 10144.9 100.722
20.64330 10140.7 100.701
20.64580 10103.4 100.516
20.64830 10075.4 100.376
20.65080 10052.8 100.264
20.65330 10030.8 100.154
20.65580 10040.7 100.203
20.65830 10062.1 100.31
20.66080 10049.7 100.248
20.66330 10056.5 100.282
20.66580 10075.5 100.377
20.66830 10105.6 100.527
20.67080 10115.6 100.576
20.67330 10117.3 100.585
20.67580 10129.2 100.644
20.67830 10132.3 100.66
20.68080 10142.2 100.708
20.68330 10204.3 101.016
20.68580 10267.6 101.329
20.68830 10336.6 101.669
20.69080 10428.5 102.12
20.69330 10520.7 102.57
20.69580 10632.5 103.114
20.69830 10827.6 104.056
20.70080 11096.9 105.342
20.70330 11417.1 106.851
20.70580 11811.4 108.68
20.70830 12240.8 110.638
20.71080 12707.7 112.729
20.71330 13262.4 115.162
20.71580 13941.8 118.075
20.71830 14660.5 121.08
20.72080 15336.6 123.841
20.72330 16063.8 126.743
20.72580 16813.4 129.666
20.72830 17571.5 132.557
20.73080 18265.9 135.151
20.73330 18924.5 137.566
20.73580 19543.1 139.797
20.73830 20078.4 141.698
20.74080 20570.8 143.425
20.74330 21022.2 144.99
20.74580 21417.2 146.346
20.74830 21755.8 147.499
20.75080 21982.2 148.264
20.75330 22212.9 149.04
20.75580 22412 149.706
20.75830 22515.2 150.051
20.76080 22581.3 150.271
20.76330 22600.6 150.335
20.76580 22522.3 150.074
20.76830 22474.3 149.914
20.77080 22394.6 149.648
20.77330 22205.8 149.016
20.77580 21975.6 148.242
20.77830 21754.5 147.494
20.78080 21587.3 146.926
20.78330 21396 146.274
20.78580 21199.7 145.601
20.78830 21007.7 144.94
20.79080 20847.4 144.386
20.79330 20684.1 143.82
20.79580 20494.1 143.158
20.79830 20333.9 142.597
20.80080 20191.5 142.097
20.80330 20072.7 141.678
20.80580 20014.8 141.474
20.80830 19961.8 141.286
20.81080 19888.2 141.025
20.81330 19733.5 140.476
20.81580 19578.2 139.922
20.81830 19460 139.499
20.82080 19360.6 139.142
20.82330 19231.1 138.676
20.82580 19032.4 137.958
20.82830 18795.2 137.096
20.83080 18543.1 136.173
20.83330 18276.7 135.191
20.83580 17961.1 134.019
20.83830 17621 132.744
20.84080 17252 131.347
20.84330 16890.7 129.964
20.84580 16498.2 128.445
20.84830 16046.6 126.675
20.85080 15572.9 124.792
20.85330 15086 122.825
20.85580 14582.1 120.756
20.85830 14086.4 118.686
20.86080 13623.7 116.721
20.86330 13215.1 114.957
20.86580 12816 113.208
20.86830 12425.3 111.469
20.87080 12046.2 109.755
20.87330 11767.9 108.48
20.87580 11531.6 107.385
20.87830 11340.5 106.492
20.88080 11151.6 105.601
20.88330 10992.9 104.847
20.88580 10879.8 104.306
20.88830 10848 104.154
20.89080 10811.3 103.977
20.89330 10754.3 103.703
20.89580 10702.1 103.451
20.89830 10683 103.358
20.90080 10710.3 103.49
20.90330 10770.4 103.781
20.90580 10829.3 104.064
20.90830 10882.2 104.318
20.91080 10946.8 104.627
20.91330 10986.3 104.816
20.91580 10991.2 104.839
20.91830 11015.1 104.953
20.92080 11006.9 104.914
20.92330 10955.6 104.669
20.92580 10938.8 104.589
20.92830 10923.3 104.515
20.93080 10907 104.437
20.93330 10914 104.47
20.93580 10907.7 104.44
20.93830 10884.1 104.327
20.94080 10855.3 104.189
20.94330 10845 104.139
20.94580 10856.5 104.194
20.94830 10930.2 104.547
20.95080 11061.3 105.173
20.95330 11254.9 106.089
20.95580 11475.9 107.126
20.95830 11759.2 108.44
20.96080 12109.6 110.044
20.96330 12643.9 112.445
20.96580 13196.7 114.877
20.96830 13765.4 117.326
20.97080 14409.2 120.038
20.97330 15003.1 122.487
20.97580 15545.3 124.681
20.97830 15971.4 126.378
20.98080 16345 127.848
20.98330 16665.2 129.094
20.98580 16720.4 129.307
20.98830 16725.4 129.327
20.99080 16682.4 129.16
20.99330 16636.9 128.984
20.99580 16531.2 128.574
20.99830 16367.3 127.935
21.00080 16102.5 126.895
21.00330 15800.1 125.699
21.00580 15461.2 124.343
21.00830 15028.4 122.59
21.01080 14520.2 120.5
21.01330 13947.2 118.098
21.01580 13389.8 115.714
21.01830 12856.8 113.388
21.02080 12347.7 111.12
21.02330 11911.2 109.138
21.02580 11513.3 107.3
21.02830 11151.6 105.601
21.03080 10873 104.274
21.03330 10612.2 103.015
21.03580 10374.2 101.854
21.03830 10266.9 101.325
21.04080 10163.4 100.814
21.04330 10063.2 100.315
21.04580 9964.8 99.8238
21.04830 9896.47 99.481
21.05080 9852.99 99.2622
21.05330 9841.36 99.2037
21.05580 9830.2 99.1473
21.05830 9817.96 99.0856
21.06080 9791.54 98.9522
21.06330 9770.66 98.8467
21.06580 9754.79 98.7663
21.06830 9750.14 98.7428
21.07080 9765.5 98.8205
21.07330 9787.11 98.9298
21.07580 9749.15 98.7378
21.07830 9731.65 98.6491
21.08080 9726.99 98.6255
21.08330 9720.27 98.5914
21.08580 9702.63 98.5019
21.08830 9678.83 98.381
21.09080 9659.42 98.2823
21.09330 9658.28 98.2765
21.09580 9664.61 98.3088
21.09830 9647.96 98.224
21.10080 9656.09 98.2654
21.10330 9668.23 98.3272
21.10580 9616.4 98.0632
21.10830 9600.14 97.9803
21.11080 9605.57 98.008
21.11330 9622.06 98.0921
21.11580 9614.25 98.0523
21.11830 9593.44 97.9461
21.12080 9572.95 97.8415
21.12330 9572.92 97.8413
21.12580 9581.37 97.8845
21.12830 9578.94 97.872
21.13080 9542.68 97.6866
21.13330 9502.55 97.481
21.13580 9525.33 97.5978
21.13830 9538.35 97.6645
21.14080 9544.63 97.6966
21.14330 9541.51 97.6807
21.14580 9550.38 97.726
21.14830 9556.78 97.7588
21.15080 9528.54 97.6142
21.15330 9496.09 97.4479
21.15580 9471.65 97.3224
21.15830 9487.71 97.4049
21.16080 9497.92 97.4573
21.16330 9508.71 97.5126
21.16580 9531.58 97.6298
21.16830 9550.27 97.7255
21.17080 9554.42 97.7467
21.17330 9511.03 97.5245
21.17580 9491.5 97.4243
21.17830 9486.25 97.3974
21.18080 9498.06 97.458
21.18330 9524.52 97.5937
21.18580 9551.02 97.7293
21.18830 9558.94 97.7698
21.19080 9527.27 97.6077
21.19330 9489.26 97.4128
21.19580 9477.23 97.3511
21.19830 9492.06 97.4272
21.20080 9511.74 97.5282
21.20330 9517.55 97.558
21.20580 9530.66 97.6251
21.20830 9545.53 97.7012
21.21080 9558.47 97.7674
21.21330 9586.08 97.9085
21.21580 9605.96 98.01
21.21830 9590.79 97.9326
21.22080 9613.56 98.0488
21.22330 9646.28 98.2155
21.22580 9674.54 98.3592
21.22830 9722.21 98.6013
21.23080 9777.63 98.8819
21.23330 9838.49 99.1892
21.23580 9931.38 99.6563
21.23830 10034 100.17
21.24080 10138.6 100.691
21.24330 10333.4 101.654
21.24580 10556.7 102.746
21.24830 10790.8 103.879
21.25080 11058.1 105.157
21.25330 11354.2 106.556
21.25580 11697.7 108.156
21.25830 12067.3 109.851
21.26080 12431 111.495
21.26330 12768.3 112.997
21.26580 13189.8 114.847
21.26830 13630.1 116.748
21.27080 14069.5 118.615
21.27330 14496.5 120.401
21.27580 14893.5 122.039
21.27830 15234.7 123.429
21.28080 15553.8 124.715
21.28330 15852 125.905
21.28580 16117.7 126.955
21.28830 16295.8 127.655
21.29080 16439.8 128.218
21.29330 16550.4 128.648
21.29580 16615.1 128.9
21.29830 16671 129.116
21.30080 16725.8 129.328
21.30330 16766.6 129.486
21.30580 16780.8 129.541
21.30830 16751.9 129.429
21.31080 16706.2 129.252
21.31330 16657.5 129.064
21.31580 16608 128.872
21.31830 16460.5 128.298
21.32080 16289.4 127.63
21.32330 16103.3 126.899
21.32580 15832.9 125.829
21.32830 15547.1 124.688
21.33080 15254.8 123.51
21.33330 14918.8 122.143
21.33580 14546.3 120.608
21.33830 14126.1 118.853
21.34080 13727.4 117.164
21.34330 13332 115.464
21.34580 12937.6 113.744
21.34830 12560.2 112.072
21.35080 12169.3 110.314
21.35330 11756.5 108.428
21.35580 11373.1 106.645
21.35830 11027.9 105.014
21.36080 10732 103.596
21.36330 10479.8 102.371
21.36580 10267.3 101.328
21.36830 10103.1 100.514
21.37080 9964.58 99.8227
21.37330 9849.06 99.2425
21.37580 9760.92 98.7974
21.37830 9687.74 98.4263
21.38080 9620.85 98.0859
21.38330 9560.66 97.7786
21.38580 9564.39 97.7977
21.38830 9570.77 97.8303
21.39080 9576.02 97.8572
21.39330 9528.4 97.6135
21.39580 9487.49 97.4037
21.39830 9457.41 97.2492
21.40080 9460.55 97.2654
21.40330 9448.06 97.2011
21.40580 9416.34 97.0378
21.40830 9416.55 97.0389
21.41080 9421.46 97.0642
21.41330 9430.51 97.1108
21.41580 9429.91 97.1077
21.41830 9435.45 97.1362
21.42080 9447.75 97.1995
21.42330 9441.17 97.1657
21.42580 9426.37 97.0895
21.42830 9403.31 96.9707
21.43080 9405.03 96.9795
21.43330 9415.86 97.0353
21.43580 9435.62 97.1371
21.43830 9438.36 97.1512
21.44080 9417.9 97.0459
21.44330 9375.65 96.8279
21.44580 9379.34 96.847
21.44830 9393.97 96.9225
21.45080 9418.82 97.0506
21.45330 9443.57 97.1781
21.45580 9463.19 97.2789
21.45830 9477.66 97.3533
21.46080 9475.29 97.3411
21.46330 9460.05 97.2628
21.46580 9433.86 97.1281
21.46830 9415.47 97.0333
21.47080 9452.6 97.2245
21.47330 9533.84 97.6414
21.47580 9554.57 97.7475
21.47830 9595.25 97.9554
21.48080 9653.56 98.2525
21.48330 9734.07 98.6614
21.48580 9834.99 99.1715
21.48830 9958.06 99.7901
21.49080 10171.5 100.854
21.49330 10482.9 102.386
21.49580 10880.7 104.311
21.49830 11430.1 106.912
21.50080 12168.8 110.312
21.50330 13075.2 114.347
21.50580 14303.5 119.597
21.50830 15656.6 125.126
21.51080 17099.7 130.766
21.51330 18551.3 136.203
21.51580 20016.4 141.479
21.51830 21471.9 146.533
21.52080 22748.1 150.825
21.52330 23953.9 154.77
21.52580 25091.5 158.403
21.52830 26046 161.388
21.53080 26858.2 163.885
21.53330 27535.3 165.938
21.53580 27868.9 166.94
21.53830 28015.1 167.377
21.54080 28003.8 167.343
21.54330 27693.1 166.412
21.54580 27253.3 165.086
21.54830 26709.9 163.432
21.55080 25990.6 161.216
21.55330 25131.4 158.529
21.55580 24181.4 155.504
21.55830 23172.9 152.227
21.56080 22098.2 148.655
21.56330 20971.8 144.816
21.56580 19759.6 140.569
21.56830 18518.7 136.083
21.57080 17274.4 131.432
21.57330 16098.2 126.879
21.57580 14989 122.43
21.57830 13944.9 118.089
21.58080 13057.3 114.269
21.58330 12321.9 111.004
21.58580 11680.6 108.077
21.58830 11125.1 105.475
21.59080 10700.2 103.442
21.59330 10362.9 101.798
21.59580 10137.1 100.683
21.59830 9967.33 99.8365
21.60080 9831.03 99.1516
21.60330 9726.35 98.6223
21.60580 9640.7 98.1871
21.60830 9568 97.8161
21.61080 9513.56 97.5375
21.61330 9482.5 97.3781
21.61580 9462.58 97.2758
21.61830 9446.77 97.1945
21.62080 9427.27 97.0941
21.62330 9404.83 96.9785
21.62580 9377.19 96.8359
21.62830 9370.17 96.7997
21.63080 9360.55 96.7499
21.63330 9312.08 96.4991
21.63580 9325.46 96.5684
21.63830 9359.06 96.7422
21.64080 9380.68 96.8539
21.64330 9383.45 96.8682
21.64580 9373.94 96.8191
21.64830 9347.06 96.6802
21.65080 9317.57 96.5275
21.65330 9294.36 96.4073
21.65580 9293.57 96.4032
21.65830 9294.12 96.406
21.66080 9298.64 96.4295
21.66330 9313.67 96.5074
21.66580 9326.33 96.5729
21.66830 9341.34 96.6506
21.67080 9365.26 96.7743
21.67330 9363.83 96.7669
21.67580 9357.03 96.7317
21.67830 9357 96.7316
21.68080 9393.49 96.92
21.68330 9436.72 97.1428
21.68580 9469.35 97.3106
21.68830 9466.41 97.2955
21.69080 9449.69 97.2095
21.69330 9423.5 97.0747
21.69580 9477.48 97.3523
21.69830 9558.21 97.7661
21.70080 9651.66 98.2429
21.70330 9759.81 98.7917
21.70580 9883.3 99.4148
21.70830 10033.7 100.169
21.71080 10237.4 101.18
21.71330 10477.9 102.362
21.71580 10772.1 103.789
21.71830 11174.8 105.711
21.72080 11645.3 107.913
21.72330 12208.2 110.491
21.72580 12795.7 113.118
21.72830 13419.4 115.842
21.73080 14106.6 118.771
21.73330 14799.1 121.652
21.73580 15481.9 124.426
21.73830 16143.4 127.057
21.74080 16788 129.569
21.74330 17431 132.026
21.74580 18077.2 134.451
21.74830 18591.6 136.351
21.75080 19060.1 138.058
21.75330 19487.8 139.599
21.75580 19911.4 141.108
21.75830 20307 142.503
21.76080 20654 143.715
21.76330 20921 144.641
21.76580 21185.4 145.552
21.76830 21467.4 146.517
21.77080 21585.3 146.92
21.77330 21630.8 147.074
21.77580 21595.8 146.955
21.77830 21520.3 146.698
21.78080 21376.4 146.207
21.78330 21131.2 145.366
21.78580 20687 143.83
21.78830 20195.1 142.109
21.79080 19668.1 140.243
21.79330 19073.2 138.106
21.79580 18434.8 135.775
21.79830 17742.7 133.202
21.80080 16949.6 130.191
21.80330 16130 127.004
21.80580 15287.6 123.643
21.80830 14505.1 120.437
21.81080 13739.1 117.214
21.81330 12988.3 113.966
21.81580 12324.8 111.017
21.81830 11750.3 108.399
21.82080 11286.5 106.238
21.82330 10895.5 104.382
21.82580 10538.4 102.656
21.82830 10218 101.084
21.83080 10041.3 100.206
21.83330 9887.93 99.4381
21.83580 9751.74 98.7509
21.83830 9645.52 98.2116
21.84080 9565.47 97.8032
21.84330 9515.39 97.5469
21.84580 9514.05 97.54
21.84830 9509.95 97.519
21.85080 9499.73 97.4665
21.85330 9480.49 97.3678
21.85580 9446.22 97.1917
21.85830 9395.12 96.9285
21.86080 9411.33 97.012
21.86330 9425.95 97.0873
21.86580 9436.45 97.1414
21.86830 9415.87 97.0354
21.87080 9396.84 96.9373
21.87330 9380.25 96.8517
21.87580 9376.02 96.8299
21.87830 9374.6 96.8225
21.88080 9375.9 96.8292
21.88330 9354.2 96.7171
21.88580 9354.54 96.7189
21.88830 9377.15 96.8357
21.89080 9372.39 96.8111
21.89330 9352.36 96.7076
21.89580 9317.68 96.5281
21.89830 9302.42 96.4491
21.90080 9296.72 96.4195
21.90330 9300.03 96.4366
21.90580 9303.17 96.4529
21.90830 9289.11 96.38
21.91080 9260.18 96.2299
21.91330 9260.24 96.2301
21.91580 9275.88 96.3114
21.91830 9304.81 96.4614
21.92080 9320.63 96.5434
21.92330 9331.3 96.5987
21.92580 9338.75 96.6372
21.92830 9371.98 96.809
21.93080 9428.82 97.1021
21.93330 9507.66 97.5072
21.93580 9631.99 98.1427
21.93830 9777.62 98.8819
21.94080 9946.59 99.7326
21.94330 10214.3 101.066
21.94580 10608.1 102.996
21.94830 11114.2 105.424
21.95080 11821.2 108.725
21.95330 12669.3 112.558
21.95580 13627.6 116.737
21.95830 14642.6 121.007
21.96080 15710.8 125.343
21.96330 16812.8 129.664
21.96580 17864.7 133.659
21.96830 18843.4 137.271
21.97080 19744.2 140.514
21.97330 20384.2 142.773
21.97580 20731.2 143.983
21.97830 20846.3 144.382
21.98080 20658 143.729
21.98330 20296.8 142.467
21.98580 19782.6 140.651
21.98830 18940.6 137.625
21.99080 18059.3 134.385
21.99330 17155 130.977
21.99580 16265.6 127.537
21.99830 15411.6 124.143
22.00080 14616.6 120.899
22.00330 14082.1 118.668
22.00580 13713.4 117.104
22.00830 13473.4 116.075
22.01080 13435.5 115.912
22.01330 13455.8 115.999
22.01580 13537.8 116.352
22.01830 13793 117.444
22.02080 14094.5 118.72
22.02330 14427.4 120.114
22.02580 14794.6 121.633
22.02830 15165.3 123.147
22.03080 15527.3 124.609
22.03330 15833.6 125.832
22.03580 16153.3 127.096
22.03830 16459.8 128.296
22.04080 16666.7 129.1
22.04330 16764.1 129.476
22.04580 16774 129.514
22.04830 16624.5 128.936
22.05080 16414.3 128.118
22.05330 16167.9 127.153
22.05580 15888.3 126.049
22.05830 15598.9 124.896
22.06080 15300.5 123.695
22.06330 14982.2 122.402
22.06580 14685.4 121.183
22.06830 14418.5 120.077
22.07080 14233.8 119.306
22.07330 14039.2 118.487
22.07580 13855.5 117.709
22.07830 13729 117.171
22.08080 13642.1 116.8
22.08330 13569.4 116.488
22.08580 13489.7 116.145
22.08830 13402.2 115.768
22.09080 13304.3 115.344
22.09330 13181.1 114.809
22.09580 13002.8 114.03
22.09830 12806.3 113.165
22.10080 12616.9 112.325
22.10330 12366.6 111.205
22.10580 12099.5 109.998
22.10830 11847.3 108.845
22.11080 11593.9 107.675
22.11330 11344.1 106.509
22.11580 11106.4 105.387
22.11830 10849 104.159
22.12080 10586.4 102.89
22.12330 10327.5 101.624
22.12580 10114.4 100.57
22.12830 9915.04 99.5743
22.13080 9713.88 98.559
22.13330 9537.3 97.6591
22.13580 9400.78 96.9576
22.13830 9350.93 96.7002
22.14080 9307.01 96.4729
22.14330 9254.4 96.1998
22.14580 9175.36 95.7881
22.14830 9140.18 95.6043
22.15080 9116.07 95.4781
22.15330 9089.93 95.3411
22.15580 9095.5 95.3703
22.15830 9102.49 95.407
22.16080 9093.54 95.3601
22.16330 9095.16 95.3685
22.16580 9087.94 95.3307
22.16830 9054.92 95.1574
22.17080 9054.89 95.1572
22.17330 9063.9 95.2045
22.17580 9075.89 95.2674
22.17830 9076.37 95.27
22.18080 9071.06 95.2421
22.18330 9058.96 95.1786
22.18580 9041.94 95.0891
22.18830 9024.56 94.9977
22.19080 9008.5 94.9131
22.19330 8991.1 94.8214
22.19580 8979 94.7576
22.19830 8977.67 94.7506
22.20080 8969.36 94.7067
22.20330 8967.92 94.6991
22.20580 8981.77 94.7722
22.20830 8981.55 94.771
22.21080 8994.53 94.8395
22.21330 9035.8 95.0568
22.21580 9007.29 94.9067
22.21830 8978.33 94.7541
22.22080 8968.31 94.7012
22.22330 8970.2 94.7111
22.22580 8972.02 94.7208
22.22830 8970.72 94.7139
22.23080 9008.76 94.9145
22.23330 9039.31 95.0753
22.23580 9048.71 95.1247
22.23830 9022.89 94.9889
22.24080 9008.34 94.9123
22.24330 9018.63 94.9665
22.24580 9016.81 94.9569
22.24830 9007.69 94.9088
22.25080 8989.7 94.814
22.25330 8999.63 94.8664
22.25580 9006.47 94.9024
22.25830 9004.33 94.8912
22.26080 9004.86 94.894
22.26330 9005.92 94.8995
22.26580 9007.36 94.9071
22.26830 9000.39 94.8704
22.27080 8990.89 94.8203
22.27330 8978.96 94.7574
22.27580 8951.91 94.6145
22.27830 8955.66 94.6343
22.28080 9001.79 94.8778
22.28330 9018.42 94.9653
22.28580 9036.15 95.0587
22.28830 9057.96 95.1733
22.29080 9069.94 95.2363
22.29330 9065.37 95.2122
22.29580 9041.03 95.0843
22.29830 9055.09 95.1582
22.30080 9079.13 95.2845
22.30330 9112.77 95.4608
22.30580 9126.42 95.5323
22.30830 9166.85 95.7437
22.31080 9239.29 96.1212
22.31330 9308.35 96.4798
22.31580 9385.49 96.8787
22.31830 9471.83 97.3233
22.32080 9614.61 98.0541
22.32330 9755.92 98.7721
22.32580 9894.1 99.4691
22.32830 10053.2 100.265
22.33080 10198.3 100.987
22.33330 10328.5 101.629
22.33580 10444.6 102.199
22.33830 10565.1 102.787
22.34080 10690.1 103.393
22.34330 10834.5 104.089
22.34580 10961.7 104.698
22.34830 11071.6 105.222
22.35080 11143.5 105.563
22.35330 11189.9 105.782
22.35580 11212.5 105.889
22.35830 11256.9 106.099
22.36080 11301.9 106.31
22.36330 11347.5 106.525
22.36580 11404.3 106.791
22.36830 11432.5 106.923
22.37080 11436.2 106.94
22.37330 11468.1 107.089
22.37580 11481.8 107.153
22.37830 11481.2 107.151
22.38080 11508.4 107.277
22.38330 11550 107.471
22.38580 11608.9 107.745
22.38830 11772.3 108.5
22.39080 11902.5 109.099
22.39330 12007.6 109.579
22.39580 12140.2 110.183
22.39830 12273.8 110.787
22.40080 12405.9 111.382
22.40330 12507.1 111.835
22.40580 12553.9 112.044
22.40830 12562.8 112.084
22.41080 12606.8 112.28
22.41330 12651.9 112.48
22.41580 12691.5 112.657
22.41830 12662.7 112.529
22.42080 12658.3 112.509
22.42330 12655.8 112.498
22.42580 12501.1 111.808
22.42830 12315.6 110.976
22.43080 12103.8 110.017
22.43330 11844.3 108.831
22.43580 11575 107.587
22.43830 11289.2 106.251
22.44080 10918.3 104.491
22.44330 10616.9 103.039
22.44580 10357.6 101.772
22.44830 10081.8 100.408
22.45080 9862.77 99.3115
22.45330 9688.81 98.4318
22.45580 9587 97.9133
22.45830 9485.22 97.3921
22.46080 9395.26 96.9292
22.46330 9382.94 96.8656
22.46580 9342.54 96.6568
22.46830 9301.67 96.4452
22.47080 9356.53 96.7292
22.47330 9432.69 97.122
22.47580 9525.7 97.5997
22.47830 9647.91 98.2238
22.48080 9856.46 99.2797
22.48330 10127.6 100.636
22.48580 10487.9 102.41
22.48830 10903.6 104.42
22.49080 11370.2 106.631
22.49330 11950.1 109.316
22.49580 12560 112.071
22.49830 13181.6 114.811
22.50080 13787.9 117.422
22.50330 14384.6 119.936
22.50580 14939.2 122.226
22.50830 15325.4 123.796
22.51080 15509.3 124.536
22.51330 15566.9 124.768
22.51580 15482 124.427
22.51830 15215.7 123.352
22.52080 14848.8 121.856
22.52330 14398.9 119.995
22.52580 13918 117.975
22.52830 13419.5 115.843
22.53080 12903.8 113.595
22.53330 12347.5 111.119
22.53580 11794.8 108.604
22.53830 11315.2 106.373
22.54080 10875.3 104.285
22.54330 10481.9 102.381
22.54580 10197.3 100.981
22.54830 9952.62 99.7628
22.55080 9751.39 98.7491
22.55330 9644.68 98.2073
22.55580 9594.77 97.9529
22.55830 9569.38 97.8232
22.56080 9556.83 97.759
22.56330 9573.07 97.842
22.56580 9604.88 98.0045
22.56830 9653.82 98.2539
22.57080 9706.91 98.5237
22.57330 9762.32 98.8044
22.57580 9820.48 99.0983
22.57830 9911.57 99.5568
22.58080 9989.02 99.9451
22.58330 9999.27 99.9963
22.58580 10040.8 100.204
22.58830 10097 100.484
22.59080 10167.4 100.833
22.59330 10229.4 101.141
22.59580 10295.6 101.467
22.59830 10378.9 101.877
22.60080 10486.4 102.403
22.60330 10591.5 102.915
22.60580 10673.9 103.314
22.60830 10767.7 103.768
22.61080 10852.9 104.177
22.61330 10910.3 104.452
22.61580 11009.6 104.927
22.61830 11127.3 105.486
22.62080 11263.4 106.129
22.62330 11335.1 106.467
22.62580 11392.4 106.735
22.62830 11451.3 107.011
22.63080 11428.4 106.903
22.63330 11396.9 106.756
22.63580 11386.1 106.705
22.63830 11323 106.41
22.64080 11227.5 105.96
22.64330 11088.5 105.302
22.64580 10903.9 104.422
22.64830 10707.8 103.479
22.65080 10507.3 102.505
22.65330 10312.1 101.548
22.65580 10117.3 100.585
22.65830 9921.33 99.6059
22.66080 9773.84 98.8627
22.66330 9628.46 98.1247
22.66580 9471.3 97.3206
22.66830 9357.98 96.7367
22.67080 9266.25 96.2614
22.67330 9199.79 95.9155
22.67580 9141.91 95.6133
22.67830 9093.77 95.3612
22.68080 9059.92 95.1836
22.68330 9016.64 94.956
22.68580 8981.72 94.7719
22.68830 8962.7 94.6716
22.69080 8927.66 94.4863
22.69330 8906.69 94.3753
22.69580 8911.37 94.4001
22.69830 8909.06 94.3878
22.70080 8901.61 94.3483
22.70330 8887.59 94.274
22.70580 8895.82 94.3177
22.70830 8896.8 94.3229
22.71080 8883.39 94.2517
22.71330 8917.89 94.4346
22.71580 8908.34 94.384
22.71830 8828.89 93.9622
22.72080 8874.48 94.2044
22.72330 8918.1 94.4357
22.72580 8943.17 94.5683
22.72830 8920.44 94.4481
22.73080 8910.56 94.3958
22.73330 8923.09 94.4621
22.73580 8924.47 94.4694
22.73830 8904.34 94.3628
22.74080 8857.47 94.1141
22.74330 8859.6 94.1254
22.74580 8864.32 94.1505
22.74830 8868.41 94.1722
22.75080 8833.92 93.9889
22.75330 8843.32 94.0389
22.75580 8908.26 94.3836
22.75830 8912.24 94.4046
22.76080 8911.82 94.4024
22.76330 8909.45 94.3899
22.76580 8888.31 94.2779
22.76830 8876.14 94.2133
22.77080 8874.88 94.2066
22.77330 8899.35 94.3364
22.77580 8910.2 94.3938
22.77830 8905.35 94.3682
22.78080 8909.6 94.3907
22.78330 8892.28 94.2989
22.78580 8851.94 94.0847
22.78830 8888.97 94.2813
22.79080 8900.55 94.3427
22.79330 8885.28 94.2617
22.79580 8894.07 94.3084
22.79830 8898.33 94.3309
22.80080 8897.9 94.3287
22.80330 8875.43 94.2095
22.80580 8864.24 94.1501
22.80830 8864.26 94.1502
22.81080 8890.38 94.2888
22.81330 8885.01 94.2603
22.81580 8851.46 94.0822
22.81830 8862.4 94.1403
22.82080 8869.96 94.1805
22.82330 8874.9 94.2067
22.82580 8892.56 94.3004
22.82830 8900.96 94.3449
22.83080 8899.29 94.3361
22.83330 8847.9 94.0633
22.83580 8833.4 93.9862
22.83830 8849.69 94.0728
22.84080 8861.71 94.1367
22.84330 8861.18 94.1338
22.84580 8853.93 94.0953
22.84830 8905.81 94.3706
22.85080 8921.58 94.4541
22.85330 8908.87 94.3868
22.85580 8894.63 94.3113
22.85830 8890.23 94.288
22.86080 8890.49 94.2894
22.86330 8854.58 94.0988
22.86580 8851.61 94.083
22.86830 8873.3 94.1982
22.87080 8899.96 94.3396
22.87330 8904.28 94.3625
22.87580 8894.9 94.3128
22.87830 8907.89 94.3816
22.88080 8893.06 94.303
22.88330 8864.02 94.1489
22.88580 8880.56 94.2367
22.88830 8903.43 94.358
22.89080 8926.29 94.4791
22.89330 8913.32 94.4104
22.89580 8898.17 94.3301
22.89830 8884.09 94.2554
22.90080 8889.35 94.2834
22.90330 8890.19 94.2878
22.90580 8889.14 94.2822
22.90830 8894.25 94.3093
22.91080 8925.29 94.4738
22.91330 8973.59 94.7291
22.91580 9033.68 95.0457
22.91830 9076.95 95.273
22.92080 9110.84 95.4507
22.92330 9146.75 95.6387
22.92580 9208.77 95.9623
22.92830 9288.91 96.379
22.93080 9389.96 96.9018
22.93330 9502.98 97.4832
22.93580 9623.8 98.101
22.93830 9752.05 98.7525
22.94080 9863.08 99.3131
22.94330 9988.67 99.9433
22.94580 10235 101.168
22.94830 10497.3 102.456
22.95080 10770.5 103.781
22.95330 11057.8 105.156
22.95580 11413.7 106.835
22.95830 11806.8 108.659
22.96080 12218.4 110.537
22.96330 12641.8 112.436
22.96580 13031.8 114.157
22.96830 13253.4 115.123
22.97080 13571.9 116.498
22.97330 13909.3 117.938
22.97580 14147.4 118.943
22.97830 14357 119.821
22.98080 14564.6 120.684
22.98330 14812 121.705
22.98580 14960.7 122.314
22.98830 15081.6 122.807
22.99080 15251 123.495
22.99330 15454.6 124.317
22.99580 15680.1 125.22
22.99830 15935.2 126.235
23.00080 16246.3 127.461
23.00330 16596.5 128.828
23.00580 17006.5 130.409
23.00830 17441.8 132.068
23.01080 17872.9 133.69
23.01330 18260.5 135.132
23.01580 18600.7 136.384
23.01830 18883.2 137.416
23.02080 19039.3 137.983
23.02330 19105.2 138.222
23.02580 19074.5 138.111
23.02830 18848 137.288
23.03080 18453.2 135.843
23.03330 17966 134.037
23.03580 17369.9 131.795
23.03830 16707.8 129.259
23.04080 15990.7 126.454
23.04330 15179.2 123.204
23.04580 14368.8 119.87
23.04830 13577.2 116.521
23.05080 12833.1 113.283
23.05330 12149.1 110.223
23.05580 11541.4 107.431
23.05830 11082.8 105.275
23.06080 10717.7 103.526
23.06330 10396.3 101.962
23.06580 10119.7 100.597
23.06830 9961.3 99.8063
23.07080 9840.17 99.1976
23.07330 9736.33 98.6728
23.07580 9672.28 98.3477
23.07830 9635.23 98.1592
23.08080 9636.93 98.1679
23.08330 9596.59 97.9622
23.08580 9566.98 97.8109
23.08830 9580.62 97.8806
23.09080 9569.08 97.8217
23.09330 9563.01 97.7906
23.09580 9579.28 97.8738
23.09830 9610.71 98.0342
23.10080 9627.63 98.1205
23.10330 9609.73 98.0292
23.10580 9625.53 98.1098
23.10830 9643.25 98.2001
23.11080 9652.38 98.2465
23.11330 9650.63 98.2376
23.11580 9666.75 98.3196
23.11830 9719.33 98.5867
23.12080 9772.18 98.8543
23.12330 9821.2 99.1019
23.12580 9863.32 99.3142
23.12830 9927.35 99.6361
23.13080 9983.58 99.9179
23.13330 10020.5 100.103
23.13580 10104.6 100.522
23.13830 10198.1 100.986
23.14080 10295.8 101.468
23.14330 10352.8 101.749
23.14580 10420.3 102.08
23.14830 10513.3 102.534
23.15080 10496.3 102.451
23.15330 10469.6 102.321
23.15580 10449.3 102.222
23.15830 10420 102.078
23.16080 10395 101.956
23.16330 10377.7 101.871
23.16580 10299 101.484
23.16830 10196.4 100.977
23.17080 10068.8 100.343
23.17330 9991.72 99.9586
23.17580 9894.3 99.4701
23.17830 9761.86 98.8021
23.18080 9626.08 98.1126
23.18330 9507.26 97.5052
23.18580 9411.68 97.0138
23.18830 9339.19 96.6395
23.19080 9242.76 96.1393
23.19330 9112.91 95.4616
23.19580 9101.53 95.402
23.19830 9092 95.352
23.20080 9075 95.2628
23.20330 9056.56 95.166
23.20580 9046.35 95.1123
23.20830 9046.25 95.1118
23.21080 9060.55 95.1869
23.21330 9078.81 95.2828
23.21580 9100.92 95.3987
23.21830 9091.32 95.3484
23.22080 9102.27 95.4058
23.22330 9138.05 95.5931
23.22580 9187.91 95.8536
23.22830 9237.07 96.1097
23.23080 9285.01 96.3588
23.23330 9331.94 96.602
23.23580 9365.51 96.7756
23.23830 9384.84 96.8754
23.24080 9425.87 97.0869
23.24330 9469.58 97.3118
23.24580 9515.78 97.5489
23.24830 9588.1 97.9188
23.25080 9656.81 98.2691
23.25330 9722.01 98.6003
23.25580 9832.14 99.1571
23.25830 9925.94 99.629
23.26080 10003.5 100.018
23.26330 10045.9 100.229
23.26580 10096.7 100.483
23.26830 10154.9 100.771
23.27080 10177.2 100.882
23.27330 10200.5 100.997
23.27580 10223.9 101.113
23.27830 10223.5 101.111
23.28080 10175.8 100.875
23.28330 10086.9 100.433
23.28580 10005.9 100.029
23.28830 9920.92 99.6038
23.29080 9833.17 99.1623
23.29330 9755.95 98.7722
23.29580 9674.19 98.3574
23.29830 9589.11 97.924
23.30080 9511.44 97.5266
23.30330 9451.19 97.2173
23.30580 9406.08 96.985
23.30830 9380.77 96.8544
23.31080 9346.54 96.6775
23.31330 9307.98 96.4779
23.31580 9302.78 96.4509
23.31830 9325.24 96.5673
23.32080 9369.99 96.7987
23.32330 9435.74 97.1377
23.32580 9543.07 97.6886
23.32830 9682.78 98.4011
23.33080 9849.55 99.2449
23.33330 10068.7 100.343
23.33580 10337.1 101.672
23.33830 10728.6 103.579
23.34080 11199.6 105.828
23.34330 11731.4 108.311
23.34580 12329.9 111.04
23.34830 12960.8 113.846
23.35080 13614.5 116.681
23.35330 14283.7 119.514
23.35580 14935.6 122.211
23.35830 15577.3 124.809
23.36080 16222.6 127.368
23.36330 16833.2 129.743
23.36580 17434 132.038
23.36830 18111.5 134.579
23.37080 18732.6 136.867
23.37330 19318.9 138.992
23.37580 19892.5 141.041
23.37830 20423.9 142.912
23.38080 20939.4 144.704
23.38330 21501 146.632
23.38580 22242.8 149.14
23.38830 23092.2 151.961
23.39080 23997.2 154.91
23.39330 24914.9 157.844
23.39580 25871.4 160.846
23.39830 26996.6 164.306
23.40080 28054.5 167.495
23.40330 29026.7 170.372
23.40580 29743.7 172.464
23.40830 30278 174.006
23.41080 30661.1 175.103
23.41330 30753.4 175.367
23.41580 30406.9 174.376
23.41830 29779.6 172.568
23.42080 28820.8 169.767
23.42330 27614.8 166.177
23.42580 26200.3 161.865
23.42830 24380.3 156.142
23.43080 22502.2 150.007
23.43330 20631.4 143.636
23.43580 18889.1 137.438
23.43830 17229.9 131.263
23.44080 15667.5 125.17
23.44330 14339.6 119.748
23.44580 13307.2 115.357
23.44830 12435.7 111.515
23.45080 11716.8 108.244
23.45330 11205.8 105.858
23.45580 10806.6 103.955
23.45830 10516.2 102.548
23.46080 10297.4 101.476
23.46330 10119.2 100.594
23.46580 9987.29 99.9364
23.46830 9901.74 99.5075
23.47080 9838.49 99.1892
23.47330 9793.7 98.9631
23.47580 9769 98.8383
23.47830 9746.18 98.7227
23.48080 9708.67 98.5326
23.48330 9709.16 98.5351
23.48580 9714.34 98.5613
23.48830 9697.68 98.4768
23.49080 9708.6 98.5322
23.49330 9723.12 98.6059
23.49580 9724.11 98.6109
23.49830 9763.44 98.8101
23.50080 9806.08 99.0256
23.50330 9827.61 99.1343
23.50580 9895.55 99.4764
23.50830 9973.16 99.8657
23.51080 10042.1 100.21
23.51330 10127.9 100.638
23.51580 10226.8 101.128
23.51830 10346.5 101.718
23.52080 10462.7 102.287
23.52330 10574.5 102.832
23.52580 10677.9 103.334
23.52830 10774.7 103.801
23.53080 10851 104.168
23.53330 10885.2 104.332
23.53580 10937.8 104.584
23.53830 10978.5 104.778
23.54080 10984.7 104.808
23.54330 10955 104.666
23.54580 10912.2 104.461
23.54830 10858.6 104.205
23.55080 10785.9 103.855
23.55330 10699.5 103.438
23.55580 10593.5 102.925
23.55830 10472.1 102.333
23.56080 10348 101.725
23.56330 10224.4 101.116
23.56580 10114.2 100.569
23.56830 10018.2 100.091
23.57080 9944.03 99.7198
23.57330 9876.53 99.3808
23.57580 9820.77 99.0998
23.57830 9783.97 98.9139
23.58080 9753.1 98.7578
23.58330 9705.64 98.5172
23.58580 9627.82 98.1214
23.58830 9579.85 97.8767
23.59080 9545.35 97.7003
23.59330 9525.92 97.6008
23.59580 9480.76 97.3692
23.59830 9439.79 97.1586
23.60080 9411.29 97.0118
23.60330 9367.21 96.7844
23.60580 9316.71 96.5231
23.60830 9259.31 96.2253
23.61080 9195.21 95.8917
23.61330 9157.94 95.6971
23.61580 9162.22 95.7195
23.61830 9163.51 95.7262
23.62080 9139.82 95.6024
23.62330 9080.25 95.2904
23.62580 9087.17 95.3267
23.62830 9091.65 95.3501
23.63080 9083.63 95.3081
23.63330 9054.64 95.1558
23.63580 9061.6 95.1924
23.63830 9119.92 95.4983
23.64080 9125.44 95.5272
23.64330 9114.77 95.4713
23.64580 9088.19 95.332
23.64830 9087.4 95.3279
23.65080 9091.53 95.3495
23.65330 9099.67 95.3922
23.65580 9110.33 95.4481
23.65830 9128.78 95.5447
23.66080 9156.62 95.6902
23.66330 9200.12 95.9173
23.66580 9220.18 96.0218
23.66830 9211.42 95.9761
23.67080 9248.34 96.1683
23.67330 9276.42 96.3141
23.67580 9292.18 96.3959
23.67830 9297.55 96.4238
23.68080 9313.81 96.5081
23.68330 9342.56 96.6569
23.68580 9405.82 96.9836
23.68830 9439.57 97.1574
23.69080 9440.67 97.1631
23.69330 9487.16 97.4021
23.69580 9580.61 97.8806
23.69830 9722.3 98.6017
23.70080 9877.51 99.3857
23.70330 10072.2 100.36
23.70580 10306.6 101.521
23.70830 10567.5 102.798
23.71080 10914.5 104.473
23.71330 11345.4 106.515
23.71580 11746.3 108.38
23.71830 12221.2 110.549
23.72080 12766.7 112.99
23.72330 13357.3 115.574
23.72580 13927.7 118.016
23.72830 14478.8 120.328
23.73080 14999.4 122.472
23.73330 15521.9 124.587
23.73580 16044.9 126.669
23.73830 16530.2 128.57
23.74080 17071.7 130.659
23.74330 17663.1 132.903
23.74580 18300.1 135.278
23.74830 18974.5 137.748
23.75080 19687.3 140.311
23.75330 20538.9 143.314
23.75580 21581.6 146.907
23.75830 22797.2 150.987
23.76080 24326.7 155.97
23.76330 26103.3 161.565
23.76580 28096.3 167.62
23.76830 30436.9 174.462
23.77080 32918.7 181.435
23.77330 35524.6 188.48
23.77580 38352.9 195.839
23.77830 41099.4 202.73
23.78080 43752.5 209.171
23.78330 46033.3 214.554
23.78580 48104.4 219.327
23.78830 49962.7 223.523
23.79080 51174 226.217
23.79330 51951.1 227.928
23.79580 52336.9 228.773
23.79830 51850.2 227.706
23.80080 50992.8 225.816
23.80330 49785.5 223.127
23.80580 47698.3 218.399
23.80830 45331.4 212.912
23.81080 42715.9 206.678
23.81330 39555.6 198.886
23.81580 36472.2 190.977
23.81830 33439.3 182.864
23.82080 30430.4 174.443
23.82330 27554.3 165.995
23.82580 24784.2 157.43
23.82830 22195.2 148.981
23.83080 19868.4 140.955
23.83330 17758.5 133.261
23.83580 16060.9 126.732
23.83830 14642.2 121.005
23.84080 13435 115.91
23.84330 12560.6 112.074
23.84580 11888.8 109.036
23.84830 11349.4 106.534
23.85080 10944.8 104.617
23.85330 10648.5 103.192
23.85580 10408.5 102.022
23.85830 10173.7 100.865
23.86080 10022.4 100.112
23.86330 9919.36 99.596
23.86580 9851.39 99.2542
23.86830 9801.49 99.0025
23.87080 9766.5 98.8256
23.87330 9759.92 98.7923
23.87580 9768.8 98.8372
23.87830 9782.94 98.9087
23.88080 9789.6 98.9424
23.88330 9800.61 98.998
23.88580 9817.32 99.0824
23.88830 9849.24 99.2433
23.89080 9875.21 99.3741
23.89330 9899.28 99.4951
23.89580 9925.59 99.6272
23.89830 9943.75 99.7184
23.90080 9963.74 99.8186
23.90330 10002.3 100.012
23.90580 10018.9 100.095
23.90830 10034.9 100.174
23.91080 10078.6 100.392
23.91330 10145.7 100.726
23.91580 10219.9 101.093
23.91830 10288.1 101.43
23.92080 10372.5 101.846
23.92330 10468.4 102.315
23.92580 10582.4 102.871
23.92830 10691.9 103.402
23.93080 10816.7 104.003
23.93330 10992.7 104.846
23.93580 11230.4 105.974
23.93830 11473.6 107.115
23.94080 11674 108.046
23.94330 11933.8 109.242
23.94580 12222.3 110.555
23.94830 12538.3 111.974
23.95080 12801.7 113.145
23.95330 13056 114.263
23.95580 13327.7 115.446
23.95830 13512.3 116.242
23.96080 13681.7 116.969
23.96330 13875.9 117.796
23.96580 14046 118.516
23.96830 14192.9 119.134
23.97080 14299 119.579
23.97330 14308.1 119.616
23.97580 14254.5 119.392
23.97830 14112.8 118.797
23.98080 13952.3 118.12
23.98330 13774 117.363
23.98580 13566.3 116.475
23.98830 13255.6 115.133
23.99080 12930.2 113.711
23.99330 12625.1 112.361
23.99580 12310.6 110.953
23.99830 12009.8 109.589
24.00080 11742 108.361
24.00330 11518.5 107.324
24.00580 11338.1 106.48
24.00830 11226 105.953
24.01080 11114.4 105.425
24.01330 11017.9 104.966
24.01580 10950.8 104.646
24.01830 10878.1 104.298
24.02080 10843.4 104.131
24.02330 10881.5 104.314
24.02580 10968.9 104.732
24.02830 11060.5 105.169
24.03080 11144.3 105.567
24.03330 11223.9 105.943
24.03580 11315.7 106.375
24.03830 11429.9 106.911
24.04080 11593.2 107.672
24.04330 11759.1 108.439
24.04580 11916.9 109.164
24.04830 12113.7 110.062
24.05080 12341.6 111.093
24.05330 12610.8 112.298
24.05580 12897.7 113.568
24.05830 13242.4 115.076
24.06080 13674.5 116.938
24.06330 14033.2 118.462
24.06580 14410.5 120.044
24.06830 14829.3 121.776
24.07080 15237.8 123.441
24.07330 15631 125.024
24.07580 16003.6 126.506
24.07830 16278.3 127.587
24.08080 16502.3 128.461
24.08330 16668.2 129.105
24.08580 16727.8 129.336
24.08830 16771.4 129.504
24.09080 16806.1 129.638
24.09330 16730 129.344
24.09580 16617.6 128.909
24.09830 16469 128.332
24.10080 16244 127.452
24.10330 16005.9 126.514
24.10580 15757.8 125.53
24.10830 15545.6 124.682
24.11080 15358.4 123.929
24.11330 15199.3 123.285
24.11580 15085.9 122.825
24.11830 14995.8 122.457
24.12080 14930.8 122.192
24.12330 14869.8 121.942
24.12580 14834.3 121.796
24.12830 14828.3 121.771
24.13080 14723.4 121.34
24.13330 14645.8 121.02
24.13580 14602.5 120.841
24.13830 14649.3 121.034
24.14080 14729.5 121.365
24.14330 14843.7 121.835
24.14580 15063.4 122.733
24.14830 15337.7 123.845
24.15080 15667.4 125.169
24.15330 16040.4 126.651
24.15580 16363 127.918
24.15830 16634 128.973
24.16080 16883.6 129.937
24.16330 17037.8 130.529
24.16580 17096.3 130.753
24.16830 16927.6 130.106
24.17080 16707.7 129.258
24.17330 16434.1 128.196
24.17580 15865.4 125.958
24.17830 15228.1 123.402
24.18080 14527.8 120.531
24.18330 13830.4 117.603
24.18580 13152.2 114.683
24.18830 12490.3 111.76
24.19080 11809.7 108.673
24.19330 11228.5 105.965
24.19580 10740.1 103.635
24.19830 10419.6 102.077
24.20080 10138.9 100.692
24.20330 9896.36 99.4805
24.20580 9749.52 98.7397
24.20830 9611.33 98.0374
24.21080 9485.1 97.3915
24.21330 9440.62 97.1629
24.21580 9383.4 96.868
24.21830 9319.9 96.5396
24.22080 9308.34 96.4798
24.22330 9305.25 96.4637
24.22580 9307.14 96.4735
24.22830 9291.58 96.3928
24.23080 9317.31 96.5262
24.23330 9376.16 96.8306
24.23580 9468.29 97.3051
24.23830 9554.26 97.7459
24.24080 9638.05 98.1736
24.24330 9743.66 98.71
24.24580 9870.07 99.3482
24.24830 10013.2 100.066
24.25080 10179.9 100.896
24.25330 10389 101.926
24.25580 10627.5 103.09
24.25830 10877.9 104.297
24.26080 11126 105.48
24.26330 11384.2 106.697
24.26580 11730.8 108.309
24.26830 12070.4 109.865
24.27080 12420.2 111.446
24.27330 12872.7 113.458
24.27580 13336.7 115.485
24.27830 13798.8 117.468
24.28080 14201.7 119.171
24.28330 14591.6 120.796
24.28580 14959.3 122.308
24.28830 15235.3 123.431
24.29080 15416.5 124.163
24.29330 15511.1 124.543
24.29580 15409.8 124.136
24.29830 15257.9 123.523
24.30080 15053.2 122.691
24.30330 14709.7 121.284
24.30580 14276.2 119.483
24.30830 13794.9 117.452
24.31080 13305.2 115.348
24.31330 12750.4 112.918
24.31580 12174 110.336
24.31830 11648.4 107.928
24.32080 11173.2 105.703
24.32330 10736.6 103.617
24.32580 10365.9 101.813
24.32830 10027.9 100.14
24.33080 9724.01 98.6104
24.33330 9501.61 97.4762
24.33580 9333.5 96.61
24.33830 9195.03 95.8907
24.34080 9079.45 95.2862
24.34330 9026.25 95.0066
24.34580 9005 94.8947
24.34830 9004.73 94.8933
24.35080 8976.99 94.747
24.35330 8940.08 94.552
24.35580 8910.73 94.3967
24.35830 8880.53 94.2366
24.36080 8864.26 94.1502
24.36330 8897.93 94.3288
24.36580 8908.42 94.3844
24.36830 8907.34 94.3787
24.37080 8896.84 94.3231
24.37330 8913.96 94.4138
24.37580 8943.92 94.5723
24.37830 8983 94.7787
24.38080 8997.39 94.8546
24.38330 9011.83 94.9306
24.38580 9052.57 95.145
24.38830 9097.35 95.38
24.39080 9145.12 95.6301
24.39330 9197.7 95.9046
24.39580 9242.88 96.1399
24.39830 9295.86 96.415
24.40080 9377.21 96.836
24.40330 9457.2 97.2482
24.40580 9510.83 97.5235
24.40830 9494.82 97.4414
24.41080 9560.77 97.7792
24.41330 9644.36 98.2057
24.41580 9712.34 98.5512
24.41830 9720.03 98.5902
24.42080 9728.34 98.6324
24.42330 9779.32 98.8904
24.42580 9815.92 99.0753
24.42830 9841.32 99.2034
24.43080 9849.05 99.2424
24.43330 9919.93 99.5988
24.43580 10009.8 100.049
24.43830 10107.2 100.534
24.44080 10132.1 100.658
24.44330 10188.6 100.938
24.44580 10352.3 101.746
24.44830 10531.3 102.622
24.45080 10748.4 103.675
24.45330 11039 105.067
24.45580 11415.6 106.844
24.45830 11827.7 108.755
24.46080 12274.8 110.792
24.46330 12802 113.146
24.46580 13341.4 115.505
24.46830 13873.1 117.784
24.47080 14571.5 120.713
24.47330 15296.8 123.68
24.47580 16013.5 126.544
24.47830 16717.7 129.297
24.48080 17376 131.818
24.48330 17954.6 133.995
24.48580 18359.9 135.499
24.48830 18662.1 136.609
24.49080 18833 137.234
24.49330 18832.3 137.231
24.49580 18721 136.825
24.49830 18466.8 135.893
24.50080 18027.3 134.266
24.50330 17536.3 132.425
24.50580 17004.4 130.401
24.50830 16343 127.84
24.51080 15651.7 125.107
24.51330 14940.3 122.23
24.51580 14229.9 119.289
24.51830 13523.1 116.289
24.52080 12821.5 113.232
24.52330 12303.4 110.921
24.52580 11843.8 108.829
24.52830 11440.2 106.959
24.53080 11123.8 105.47
24.53330 10861.8 104.22
24.53580 10664.9 103.271
24.53830 10522 102.577
24.54080 10440.5 102.179
24.54330 10437 102.161
24.54580 10364.2 101.805
24.54830 10281.7 101.398
24.55080 10193.6 100.963
24.55330 10132.1 100.658
24.55580 10073.5 100.367
24.55830 10016.2 100.081
24.56080 9921.16 99.605
24.56330 9809.72 99.044
24.56580 9680.7 98.3906
24.56830 9565 97.8008
24.57080 9437.79 97.1483
24.57330 9295.77 96.4146
24.57580 9195.22 95.8917
24.57830 9104.16 95.4157
24.58080 9022 94.9842
24.58330 8940.94 94.5566
24.58580 8863.28 94.145
24.58830 8789.43 93.752
24.59080 8758.41 93.5864
24.59330 8761.39 93.6023
24.59580 8800.33 93.8101
24.59830 8820.47 93.9173
24.60080 8820.69 93.9185
24.60330 8800.17 93.8092
24.60580 8774.58 93.6727
24.60830 8757.55 93.5818
24.61080 8749.38 93.5381
24.61330 8726.94 93.4181
24.61580 8761.52 93.603
24.61830 8852.2 94.0861
24.62080 8860.45 94.13
24.62330 8888.68 94.2798
24.62580 8936.73 94.5343
24.62830 9027.68 95.0141
24.63080 9091.11 95.3473
24.63330 9131.02 95.5564
24.63580 9259.48 96.2262
24.63830 9388.93 96.8965
24.64080 9517.99 97.5602
24.64330 9606.45 98.0125
24.64580 9698.76 98.4823
24.64830 9795.19 98.9707
24.65080 9910.73 99.5527
24.65330 9985.42 99.9271
24.65580 10022.8 100.114
24.65830 10000.7 100.004
24.66080 10024.3 100.122
24.66330 10082 100.409
24.66580 10087.7 100.437
24.66830 10097 100.484
24.67080 10112.6 100.561
24.67330 10176.7 100.88
24.67580 10218 101.084
24.67830 10243.3 101.209
24.68080 10289.1 101.435
24.68330 10378.2 101.873
24.68580 10497 102.455
24.68830 10589.6 102.906
24.69080 10632.8 103.116
24.69330 10648.7 103.193
24.69580 10744.6 103.656
24.69830 10821 104.024
24.70080 10874.7 104.282
24.70330 10841.8 104.124
24.70580 10788.3 103.867
24.70830 10717.7 103.526
24.71080 10617.7 103.042
24.71330 10499.6 102.468
24.71580 10365.6 101.812
24.71830 10198.4 100.987
24.72080 10050.1 100.25
24.72330 9913.42 99.5662
24.72580 9776.28 98.8751
24.72830 9661.71 98.294
24.73080 9562.87 97.7899
24.73330 9478.93 97.3598
24.73580 9438.74 97.1532
24.73830 9428.94 97.1028
24.74080 9451.05 97.2165
24.74330 9533.51 97.6397
24.74580 9659.42 98.2823
24.74830 9842.48 99.2093
24.75080 10071.9 100.359
24.75330 10349.7 101.734
24.75580 10756.7 103.715
24.75830 11220.3 105.926
24.76080 11719.7 108.258
24.76330 12252.9 110.693
24.76580 12822.3 113.236
24.76830 13403.4 115.773
24.77080 13953.1 118.123
24.77330 14502.2 120.425
24.77580 15031.5 122.603
24.77830 15471.7 124.385
24.78080 15775.4 125.6
24.78330 15985.2 126.433
24.78580 16062 126.736
24.78830 15985 126.432
24.79080 15798.2 125.691
24.79330 15442.8 124.269
24.79580 14995.9 122.458
24.79830 14487.2 120.363
24.80080 13890.5 117.858
24.80330 13275 115.217
24.80580 12653.5 112.488
24.80830 12038.1 109.718
24.81080 11494.8 107.214
24.81330 11000.8 104.885
24.81580 10580.1 102.859
24.81830 10210.7 101.048
24.82080 9887.02 99.4335
24.82330 9652.04 98.2448
24.82580 9497.3 97.4541
24.82830 9390.58 96.905
24.83080 9344.32 96.666
24.83330 9304.45 96.4596
24.83580 9276.09 96.3124
24.83830 9276.33 96.3137
24.84080 9290.5 96.3872
24.84330 9318.38 96.5317
24.84580 9372.94 96.814
24.84830 9445.83 97.1896
24.85080 9534.26 97.6436
24.85330 9650.07 98.2348
24.85580 9786.86 98.9286
24.85830 9953.06 99.765
24.86080 10181.6 100.904
24.86330 10558.6 102.755
24.86580 11017.8 104.966
24.86830 11577.6 107.599
24.87080 12171.5 110.324
24.87330 12826.4 113.254
24.87580 13610 116.662
24.87830 14420.4 120.085
24.88080 15235.2 123.431
24.88330 16043.5 126.663
24.88580 16941.2 130.158
24.88830 17816.7 133.479
24.89080 18588.4 136.339
24.89330 19233.8 138.686
24.89580 19766 140.591
24.89830 20113.8 141.823
24.90080 20312.3 142.521
24.90330 20373.9 142.737
24.90580 20215.9 142.183
24.90830 19719.7 140.427
24.91080 19121.4 138.28
24.91330 18462.6 135.877
24.91580 17624.8 132.759
24.91830 16709.4 129.265
24.92080 15712.3 125.349
24.92330 14597.5 120.82
24.92580 13552.6 116.416
24.92830 12684.3 112.624
24.93080 11924.5 109.199
24.93330 11249.3 106.063
24.93580 10694.4 103.414
24.93830 10275.4 101.368
24.94080 9891.39 99.4555
24.94330 9528.95 97.6163
24.94580 9335.44 96.6201
24.94830 9191.64 95.873
24.95080 9087.5 95.3284
24.95330 8963.81 94.6774
24.95580 8858.3 94.1185
24.95830 8787.63 93.7424
24.96080 8749.7 93.5398
24.96330 8718.34 93.372
24.96580 8690.39 93.2223
24.96830 8647.47 92.9918
24.97080 8624.94 92.8705
24.97330 8636.82 92.9345
24.97580 8653.12 93.0222
24.97830 8644.83 92.9776
24.98080 8599.05 92.7311
24.98330 8591.31 92.6893
24.98580 8578.07 92.6179
24.98830 8551.14 92.4724
24.99080 8550.81 92.4706
24.99330 8548.01 92.4554
24.99580 8538.24 92.4026
24.99830 8517.5 92.2903
25.00080 8484.33 92.1104
25.00330 8435.64 91.8457
25.00580 8487.26 92.1263
25.00830 8511.74 92.2591
25.01080 8490.94 92.1463
25.01330 8497.24 92.1805
25.01580 8501.27 92.2023
25.01830 8500.18 92.1964
25.02080 8485.24 92.1153
25.02330 8485.42 92.1163
25.02580 8505.02 92.2227
25.02830 8498.84 92.1891
25.03080 8506.56 92.231
25.03330 8532.14 92.3696
25.03580 8496.31 92.1754
25.03830 8455.96 91.9563
25.04080 8413.17 91.7233
25.04330 8432.16 91.8268
25.04580 8448.4 91.9152
25.04830 8459.55 91.9758
25.05080 8451.32 91.9311
25.05330 8455.63 91.9545
25.05580 8473.77 92.0531
25.05830 8481 92.0924
25.06080 8488.84 92.1349
25.06330 8497.45 92.1816
25.06580 8497.33 92.1809
25.06830 8492.36 92.154
25.07080 8482.56 92.1008
25.07330 8468.39 92.0239
25.07580 8462.32 91.9909
25.07830 8463.86 91.9992
25.08080 8446.81 91.9065
25.08330 8430.9 91.8199
25.08580 8416.52 91.7416
25.08830 8423.77 91.7811
25.09080 8431.48 91.8231
25.09330 8439.26 91.8654
25.09580 8434.47 91.8394
25.09830 8446.23 91.9034
25.10080 8471.42 92.0403
25.10330 8468.06 92.022
25.10580 8447.86 91.9122
25.10830 8414.78 91.7321
25.11080 8411.55 91.7145
25.11330 8420.76 91.7647
25.11580 8440.52 91.8723
25.11830 8465.89 92.0102
25.12080 8461.73 91.9877
25.12330 8435.64 91.8457
25.12580 8432.5 91.8286
25.12830 8427.33 91.8005
25.13080 8419.67 91.7587
25.13330 8399.53 91.649
25.13580 8395.87 91.629
25.13830 8404.87 91.6781
25.14080 8419.11 91.7557
25.14330 8425.04 91.788
25.14580 8422.47 91.774
25.14830 8393.06 91.6137
25.15080 8396.95 91.6349
25.15330 8421.35 91.7679
25.15580 8420.86 91.7653
25.15830 8417.08 91.7446
25.16080 8412.97 91.7222
25.16330 8425.47 91.7903
25.16580 8446.97 91.9074
25.16830 8472.17 92.0444
25.17080 8480.24 92.0882
25.17330 8472.83 92.048
25.17580 8457.73 91.9659
25.17830 8457.29 91.9635
25.18080 8450.94 91.929
25.18330 8449.54 91.9214
25.18580 8506.61 92.2313
25.18830 8509.33 92.246
25.19080 8479.53 92.0844
25.19330 8444.56 91.8943
25.19580 8447.07 91.908
25.19830 8469.59 92.0304
25.20080 8485.57 92.1172
25.20330 8486.94 92.1246
25.20580 8482 92.0978
25.20830 8486.23 92.1207
25.21080 8469.49 92.0298
25.21330 8447.34 91.9094
25.21580 8454.5 91.9484
25.21830 8476.11 92.0658
25.22080 8506.01 92.228
25.22330 8540.83 92.4166
25.22580 8578.4 92.6197
25.22830 8606.58 92.7717
25.23080 8584.83 92.6543
25.23330 8591.44 92.69
25.23580 8606.6 92.7718
25.23830 8600.76 92.7403
25.24080 8633.35 92.9158
25.24330 8683.05 93.1829
25.24580 8731.77 93.4439
25.24830 8780.72 93.7055
25.25080 8839.15 94.0168
25.25330 8934.82 94.5242
25.25580 9159.38 95.7047
25.25830 9464.38 97.2851
25.26080 9869.83 99.347
25.26330 10376 101.863
25.26580 10934.8 104.57
25.26830 11537.3 107.412
25.27080 12243.7 110.651
25.27330 12986.9 113.96
25.27580 13718.9 117.128
25.27830 14312.5 119.635
25.28080 14779.6 121.571
25.28330 15000.9 122.478
25.28580 14985.3 122.414
25.28830 14841.6 121.826
25.29080 14560.2 120.666
25.29330 14208.1 119.198
25.29580 13803.4 117.488
25.29830 13313.2 115.383
25.30080 12775 113.027
25.30330 12213.5 110.515
25.30580 11629.4 107.839
25.30830 11082.4 105.273
25.31080 10552 102.723
25.31330 10035.7 100.178
25.31580 9662.19 98.2964
25.31830 9363.59 96.7656
25.32080 9150.68 95.6592
25.32330 8971.32 94.717
25.32580 8824.37 93.9381
25.32830 8735.32 93.4629
25.33080 8674.71 93.1381
25.33330 8619.91 92.8434
25.33580 8560.6 92.5235
25.33830 8543.26 92.4298
25.34080 8532.99 92.3742
25.34330 8514.11 92.2719
25.34580 8495.09 92.1688
25.34830 8486.89 92.1243
25.35080 8503.02 92.2118
25.35330 8504.59 92.2204
25.35580 8502.07 92.2067
25.35830 8497.98 92.1845
25.36080 8488.4 92.1325
25.36330 8488.2 92.1314
25.36580 8509.97 92.2495
25.36830 8537 92.3959
25.37080 8554.21 92.489
25.37330 8549.57 92.4639
25.37580 8577.13 92.6128
25.37830 8598.4 92.7276
25.38080 8595.41 92.7115
25.38330 8592.07 92.6934
25.38580 8604.64 92.7612
25.38830 8646.91 92.9888
25.39080 8660.05 93.0594
25.39330 8685.73 93.1973
25.39580 8742.91 93.5035
25.39830 8811.6 93.8701
25.40080 8905.48 94.3688
25.40330 9039.81 95.0779
25.40580 9214.72 95.9933
25.40830 9477.54 97.3527
25.41080 9877.24 99.3843
25.41330 10532 102.625
25.41580 11328.4 106.435
25.41830 12296.7 110.89
25.42080 13571 116.495
25.42330 15013.7 122.531
25.42580 16657.9 129.066
25.42830 18205.2 134.927
25.43080 19686.4 140.308
25.43330 21085.1 145.207
25.43580 22302 149.338
25.43830 23279 152.574
25.44080 23935 154.709
25.44330 24107.7 155.267
25.44580 24118.1 155.3
25.44830 23966.5 154.811
25.45080 23260.6 152.514
25.45330 22443.1 149.81
25.45580 21539.7 146.764
25.45830 20369.6 142.722
25.46080 19124.2 138.29
25.46330 17807.2 133.444
25.46580 16474.3 128.352
25.46830 15213.8 123.344
25.47080 14046.9 118.52
25.47330 12990.1 113.974
25.47580 12063 109.832
25.47830 11287.2 106.241
25.48080 10675.9 103.324
25.48330 10174.3 100.868
25.48580 9793.5 98.9621
25.48830 9524.87 97.5954
25.49080 9308.86 96.4824
25.49330 9148.16 95.646
25.49580 9028.9 95.0205
25.49830 8930.55 94.5016
25.50080 8854.01 94.0957
25.50330 8795.09 93.7821
25.50580 8761.51 93.6029
25.50830 8754.81 93.5671
25.51080 8741.67 93.4969
25.51330 8733.49 93.4531
25.51580 8730.58 93.4376
25.51830 8741.1 93.4938
25.52080 8751.84 93.5512
25.52330 8762.81 93.6099
25.52580 8832.75 93.9827
25.52830 8908.22 94.3834
25.53080 8989.03 94.8105
25.53330 9062.43 95.1968
25.53580 9139.21 95.5992
25.53830 9220.62 96.024
25.54080 9379.09 96.8457
25.54330 9589.55 97.9263
25.54580 9849.38 99.244
25.54830 10176.5 100.878
25.55080 10537.3 102.651
25.55330 10930.7 104.55
25.55580 11399.6 106.769
25.55830 11950.7 109.319
25.56080 12569.5 112.114
25.56330 13127.4 114.575
25.56580 13787.2 117.419
25.56830 14531.7 120.547
25.57080 15277.6 123.603
25.57330 15995.6 126.474
25.57580 16688.6 129.184
25.57830 17340 131.681
25.58080 17956.2 134.001
25.58330 18528.4 136.119
25.58580 18867.5 137.359
25.58830 19195.8 138.549
25.59080 19503.6 139.655
25.59330 19657.5 140.205
25.59580 19716.9 140.417
25.59830 19694.1 140.336
25.60080 19520.6 139.716
25.60330 19281.7 138.858
25.60580 18976 137.753
25.60830 18464.3 135.884
25.61080 17960.6 134.017
25.61330 17451.8 132.105
25.61580 16848.8 129.803
25.61830 16256.7 127.502
25.62080 15673.5 125.194
25.62330 15104.3 122.9
25.62580 14630.2 120.955
25.62830 14233.6 119.305
25.63080 13970.3 118.196
25.63330 13797.3 117.462
25.63580 13690.4 117.006
25.63830 13660.9 116.88
25.64080 13638.8 116.785
25.64330 13619.9 116.704
25.64580 13593 116.589
25.64830 13566.7 116.476
25.65080 13528.2 116.311
25.65330 13413.7 115.817
25.65580 13178.6 114.798
25.65830 12874.2 113.465
25.66080 12551.3 112.032
25.66330 12197.2 110.441
25.66580 11825.5 108.745
25.66830 11447.9 106.995
25.67080 11029.4 105.021
25.67330 10604.2 102.977
25.67580 10249.5 101.24
25.67830 9954.47 99.7721
25.68080 9696.4 98.4703
25.68330 9474.5 97.3371
25.68580 9314.92 96.5139
25.68830 9173.67 95.7793
25.69080 8982.46 94.7759
25.69330 8849.92 94.074
25.69580 8761.66 93.6037
25.69830 8747.64 93.5288
25.70080 8692.61 93.2342
25.70330 8627.42 92.8839
25.70580 8593.61 92.7017
25.70830 8570.18 92.5752
25.71080 8548.49 92.458
25.71330 8516.8 92.2865
25.71580 8483.27 92.1047
25.71830 8458.34 91.9693
25.72080 8467.42 92.0186
25.72330 8483.21 92.1043
25.72580 8498.77 92.1888
25.72830 8504.52 92.2199
25.73080 8482.08 92.0982
25.73330 8454.48 91.9483
25.73580 8444.63 91.8947
25.73830 8439.61 91.8674
25.74080 8435.28 91.8438
25.74330 8427.64 91.8022
25.74580 8426.75 91.7973
25.74830 8426.32 91.795
25.75080 8420.29 91.7622
25.75330 8424.03 91.7825
25.75580 8435.23 91.8435
25.75830 8458.74 91.9714
25.76080 8442.52 91.8832
25.76330 8423.02 91.777
25.76580 8429.04 91.8098
25.76830 8412.15 91.7178
25.77080 8401.54 91.6599
25.77330 8425.86 91.7925
25.77580 8441.64 91.8784
25.77830 8442.72 91.8843
25.78080 8412.52 91.7198
25.78330 8423.63 91.7803
25.78580 8431.67 91.8241
25.78830 8404.6 91.6766
25.79080 8433.45 91.8338
25.79330 8466.91 92.0158
25.79580 8477.08 92.071
25.79830 8457.81 91.9664
25.80080 8432.77 91.8301
25.80330 8411.1 91.7121
25.80580 8400.7 91.6553
25.80830 8407.26 91.6911
25.81080 8445.03 91.8969
25.81330 8420.2 91.7617
25.81580 8414.58 91.731
25.81830 8478.38 92.0781
25.82080 8489.96 92.141
25.82330 8491.67 92.1503
25.82580 8495.54 92.1713
25.82830 8485.41 92.1163
25.83080 8474.29 92.0559
25.83330 8466.63 92.0143
25.83580 8473.29 92.0505
25.83830 8496.06 92.1741
25.84080 8544.1 92.4343
25.84330 8569.65 92.5724
25.84580 8583.52 92.6473
25.84830 8583.35 92.6463
25.85080 8630.83 92.9022
25.85330 8688.31 93.2111
25.85580 8749.68 93.5397
25.85830 8798.28 93.7991
25.86080 8864.86 94.1534
25.86330 8965.07 94.6841
25.86580 9101.95 95.4041
25.86830 9245.89 96.1555
25.87080 9392.89 96.9169
25.87330 9540.04 97.6731
25.87580 9705.96 98.5188
25.87830 9901.38 99.5057
25.88080 10120.8 100.602
25.88330 10373 101.848
25.88580 10670.6 103.299
25.88830 11023 104.991
25.89080 11360.8 106.587
25.89330 11668.2 108.02
25.89580 11961.7 109.369
25.89830 12262.2 110.735
25.90080 12574.7 112.137
25.90330 12799.5 113.135
25.90580 12936 113.737
25.90830 12962.5 113.853
25.91080 13000.3 114.019
25.91330 12978.9 113.925
25.91580 12877.5 113.479
25.91830 12704 112.712
25.92080 12518.8 111.887
25.92330 12325.3 111.019
25.92580 12201.1 110.459
25.92830 12129.8 110.136
25.93080 12118.8 110.086
25.93330 12302.7 110.918
25.93580 12644.9 112.45
25.93830 13164.9 114.739
25.94080 13943.6 118.083
25.94330 14971.2 122.357
25.94580 16274.9 127.573
25.94830 17969.2 134.049
25.95080 19885.5 141.016
25.95330 22036.1 148.445
25.95580 24055.2 155.097
25.95830 25960.4 161.122
25.96080 27745.4 166.569
25.96330 29357.3 171.34
25.96580 30695.6 175.202
25.96830 31749 178.183
25.97080 32431.6 180.088
25.97330 32858.2 181.268
25.97580 33027.5 181.735
25.97830 32564.2 180.456
25.98080 31804.9 178.339
25.98330 30751.7 175.362
25.98580 29365.9 171.365
25.98830 27765.5 166.63
25.99080 25958.9 161.118
25.99330 24055.1 155.097
25.99580 22124.6 148.743
25.99830 20173.5 142.033
26.00080 18389.1 135.607
26.00330 16788 129.568
26.00580 15360.3 123.937
26.00830 14229.7 119.288
26.01080 13244.8 115.086
26.01330 12394.4 111.33
26.01580 11749.7 108.396
26.01830 11186.4 105.766
26.02080 10701.7 103.449
26.02330 10425.3 102.104
26.02580 10194.2 100.966
26.02830 10003.1 100.016
26.03080 9869.31 99.3444
26.03330 9785.77 98.923
26.03580 9741.46 98.6988
26.03830 9696.29 98.4698
26.04080 9705.39 98.516
26.04330 9754.5 98.7649
26.04580 9791.01 98.9495
26.04830 9850.02 99.2473
26.05080 9925.31 99.6258
26.05330 9998.76 99.9938
26.05580 10065 100.324
26.05830 10128.5 100.641
26.06080 10216.1 101.075
26.06330 10317.4 101.574
26.06580 10443.3 102.193
26.06830 10709.3 103.486
26.07080 11011 104.933
26.07330 11342 106.499
26.07580 11721.4 108.265
26.07830 12128.3 110.128
26.08080 12548.1 112.018
26.08330 12931.8 113.718
26.08580 13265.7 115.177
26.08830 13572.9 116.503
26.09080 13908.7 117.935
26.09330 14172.2 119.047
26.09580 14372.3 119.884
26.09830 14437.5 120.156
26.10080 14398 119.992
26.10330 14264 119.432
26.10580 13917.6 117.973
26.10830 13501.1 116.194
26.11080 13035.7 114.174
26.11330 12512.1 111.858
26.11580 11960.6 109.364
26.11830 11397 106.757
26.12080 10849.2 104.16
26.12330 10408.2 102.021
26.12580 10031.8 100.159
26.12830 9704.93 98.5136
26.13080 9420.08 97.0571
26.13330 9175.49 95.7888
26.13580 9023.97 94.9946
26.13830 8892.18 94.2984
26.14080 8779.28 93.6978
26.14330 8709.25 93.3234
26.14580 8645.24 92.9798
26.14830 8595.33 92.711
26.15080 8594.02 92.7039
26.15330 8605.54 92.766
26.15580 8607.09 92.7744
26.15830 8544.86 92.4384
26.16080 8528.3 92.3488
26.16330 8536.14 92.3912
26.16580 8563.1 92.537
26.16830 8578.41 92.6197
26.17080 8587.28 92.6676
26.17330 8590.01 92.6823
26.17580 8586.41 92.6629
26.17830 8582.03 92.6393
26.18080 8583.65 92.648
26.18330 8622.17 92.8556
26.18580 8665.99 93.0913
26.18830 8680.9 93.1713
26.19080 8673.81 93.1333
26.19330 8683.23 93.1839
26.19580 8770.96 93.6534
26.19830 8874.45 94.2043
26.20080 8977.52 94.7498
26.20330 9062.59 95.1976
26.20580 9185 95.8384
26.20830 9329.16 96.5876
26.21080 9500.7 97.4715
26.21330 9718.63 98.5831
26.21580 9966.86 99.8342
26.21830 10258.7 101.285
26.22080 10607.8 102.994
26.22330 10988.3 104.825
26.22580 11406 106.799
26.22830 11826.9 108.752
26.23080 12253.1 110.694
26.23330 12690.3 112.651
26.23580 13165.8 114.742
26.23830 13650.7 116.836
26.24080 14132.6 118.881
26.24330 14622.5 120.923
26.24580 15100.4 122.884
26.24830 15545.1 124.68
26.25080 15844.1 125.874
26.25330 16134.9 127.023
26.25580 16490 128.413
26.25830 16750.8 129.425
26.26080 16963 130.242
26.26330 17117.3 130.833
26.26580 17215 131.206
26.26830 17266.4 131.402
26.27080 17246.6 131.326
26.27330 17330.5 131.645
26.27580 17441.6 132.066
26.27830 17563.1 132.526
26.28080 17669 132.925
26.28330 17747 133.218
26.28580 17776.2 133.327
26.28830 17901.7 133.797
26.29080 18069.6 134.423
26.29330 18283.5 135.217
26.29580 18472.7 135.914
26.29830 18628 136.485
26.30080 18729.4 136.855
26.30330 18811.8 137.156
26.30580 18857.5 137.323
26.30830 18844 137.274
26.31080 18663.1 136.613
26.31330 18399.2 135.644
26.31580 18038.4 134.307
26.31830 17563 132.526
26.32080 16994.1 130.361
26.32330 16298.3 127.665
26.32580 15526.8 124.606
26.32830 14756 121.474
26.33080 14002.4 118.332
26.33330 13236.9 115.052
26.33580 12505.8 111.829
26.33830 11829.6 108.764
26.34080 11276 106.189
26.34330 10773.8 103.797
26.34580 10327.1 101.622
26.34830 10006.6 100.033
26.35080 9717.66 98.5782
26.35330 9455.52 97.2395
26.35580 9263.58 96.2475
26.35830 9110.41 95.4485
26.36080 9001.94 94.8786
26.36330 8921.89 94.4558
26.36580 8861.04 94.1331
26.36830 8822.73 93.9294
26.37080 8776.35 93.6822
26.37330 8752.82 93.5565
26.37580 8759.64 93.593
26.37830 8763.04 93.6111
26.38080 8751.13 93.5475
26.38330 8720.33 93.3827
26.38580 8782.39 93.7144
26.38830 8831.94 93.9784
26.39080 8860.18 94.1285
26.39330 8870.03 94.1809
26.39580 8897.19 94.3249
26.39830 8945.61 94.5812
26.40080 9043.88 95.0993
26.40330 9124.6 95.5228
26.40580 9183.34 95.8298
26.40830 9285.82 96.3629
26.41080 9429.29 97.1045
26.41330 9616.39 98.0632
26.41580 9860.34 99.2992
26.41830 10159.3 100.793
26.42080 10515.5 102.545
26.42330 11143.4 105.562
26.42580 11802 108.637
26.42830 12489.2 111.755
26.43080 13266.9 115.182
26.43330 14175.1 119.059
26.43580 15213.1 123.341
26.43830 16318.6 127.744
26.44080 17436.6 132.048
26.44330 18568.1 136.265
26.44580 19809.5 140.746
26.44830 20972.1 144.818
26.45080 22057.8 148.519
26.45330 22979 151.588
26.45580 23643.2 153.764
26.45830 24063.7 155.125
26.46080 24085.3 155.194
26.46330 23930.8 154.696
26.46580 23610.9 153.658
26.46830 22990.5 151.626
26.47080 22206.4 149.018
26.47330 21277.8 145.869
26.47580 20214 142.176
26.47830 19097.3 138.193
26.48080 17942.7 133.95
26.48330 16878.1 129.916
26.48580 15887.5 126.046
26.48830 14969.2 122.349
26.49080 14257.1 119.403
26.49330 13672.1 116.928
26.49580 13199.7 114.89
26.49830 12932.3 113.72
26.50080 12755 112.938
26.50330 12660.3 112.518
26.50580 12751.1 112.921
26.50830 12873.9 113.463
26.51080 13031.7 114.156
26.51330 13316.9 115.399
26.51580 13618.1 116.697
26.51830 13939.1 118.064
26.52080 14342.9 119.762
26.52330 14834.8 121.798
26.52580 15385.4 124.038
26.52830 15937.1 126.242
26.53080 16542.7 128.618
26.53330 17184.7 131.091
26.53580 17841.7 133.573
26.53830 18449.5 135.829
26.54080 19023.3 137.925
26.54330 19571.4 139.898
26.54580 19965.9 141.301
26.54830 20229 142.229
26.55080 20227.2 142.222
26.55330 20084.2 141.719
26.55580 19824.5 140.799
26.55830 19343.8 139.082
26.56080 18738.3 136.888
26.56330 18050.6 134.353
26.56580 17290.8 131.494
26.56830 16518.8 128.525
26.57080 15725.3 125.401
26.57330 14849.8 121.86
26.57580 14074.5 118.636
26.57830 13378.6 115.666
26.58080 12824.3 113.244
26.58330 12397.2 111.343
26.58580 12078.7 109.903
26.58830 11979.1 109.449
26.59080 12017.6 109.625
26.59330 12156.1 110.255
26.59580 12447.5 111.568
26.59830 12907.7 113.612
26.60080 13472.1 116.069
26.60330 14148.1 118.946
26.60580 14968.2 122.345
26.60830 15898.1 126.088
26.61080 17014.5 130.44
26.61330 18318.9 135.347
26.61580 19766.5 140.593
26.61830 21458.6 146.488
26.62080 23254.9 152.496
26.62330 25147.7 158.58
26.62580 27239.7 165.045
26.62830 29485 171.712
26.63080 31768 178.236
26.63330 33968.8 184.306
26.63580 36191.2 190.24
26.63830 38335.8 195.795
26.64080 40189.1 200.472
26.64330 41888.8 204.667
26.64580 43454 208.456
26.64830 44766.6 211.581
26.65080 45861.6 214.153
26.65330 46720.9 216.15
26.65580 47087.6 216.997
26.65830 47131.8 217.099
26.66080 47007.3 216.812
26.66330 46704.1 216.111
26.66580 45905.7 214.256
26.66830 44750.7 211.544
26.67080 43036.6 207.453
26.67330 40585 201.457
26.67580 37959.7 194.832
26.67830 35478.2 188.356
26.68080 32904.3 181.395
26.68330 30406.2 174.374
26.68580 28176.2 167.858
26.68830 25876 160.86
26.69080 23563.6 153.504
26.69330 21269.5 145.841
26.69580 19308.4 138.955
26.69830 17505.3 132.308
26.70080 15868.6 125.971
26.70330 14370.6 119.877
26.70580 13063.9 114.297
26.70830 12118.1 110.082
26.71080 11405.2 106.795
26.71330 10811.3 103.978
26.71580 10357.9 101.774
26.71830 10023.3 100.116
26.72080 9740.93 98.6962
26.72330 9512.38 97.5314
26.72580 9371.61 96.8071
26.72830 9252.34 96.1891
26.73080 9138.33 95.5946
26.73330 9078.53 95.2813
26.73580 9011.79 94.9305
26.73830 8909.35 94.3893
26.74080 8856.71 94.1101
26.74330 8806.53 93.8431
26.74580 8742.76 93.5027
26.74830 8704.54 93.2981
26.75080 8661.56 93.0675
26.75330 8601.25 92.7429
26.75580 8581.07 92.634
26.75830 8564.36 92.5438
26.76080 8541.79 92.4218
26.76330 8550.87 92.4709
26.76580 8548.17 92.4563
26.76830 8516.65 92.2857
26.77080 8481.04 92.0926
26.77330 8453.78 91.9444
26.77580 8441.38 91.877
26.77830 8424.6 91.7856
26.78080 8425.25 91.7892
26.78330 8454.78 91.9499
26.78580 8392.84 91.6125
26.78830 8343.98 91.3454
26.79080 8333.14 91.286
26.79330 8359.88 91.4324
26.79580 8368.17 91.4777
26.79830 8342.4 91.3367
26.80080 8354.53 91.4031
26.80330 8366.35 91.4677
26.80580 8371.95 91.4983
26.80830 8345.16 91.3518
26.81080 8318.58 91.2063
26.81330 8296.62 91.0858
26.81580 8295.52 91.0798
26.81830 8297.98 91.0933
26.82080 8302.84 91.1199
26.82330 8273.19 90.9571
26.82580 8249.71 90.8279
26.82830 8237.7 90.7618
26.83080 8265.1 90.9126
26.83330 8266.99 90.923
26.83580 8233.34 90.7378
26.83830 8240.1 90.775
26.84080 8241.14 90.7807
26.84330 8232.37 90.7324
26.84580 8238.75 90.7675
26.84830 8244 90.7965
26.85080 8247.08 90.8134
26.85330 8243.34 90.7928
26.85580 8238.42 90.7657
26.85830 8232.45 90.7329
26.86080 8241.68 90.7837
26.86330 8249.31 90.8257
26.86580 8254.65 90.8551
26.86830 8309.11 91.1543
26.87080 8350.84 91.3829
26.87330 8377.81 91.5304
26.87580 8450.6 91.9272
26.87830 8511.09 92.2556
26.88080 8558.2 92.5106
26.88330 8618.65 92.8367
26.88580 8692.75 93.2349
26.88830 8780.54 93.7046
26.89080 8885.12 94.2609
26.89330 8971.65 94.7188
26.89580 9041.1 95.0847
26.89830 9144.31 95.6259
26.90080 9231.72 96.0818
26.90330 9303.72 96.4558
26.90580 9346.8 96.6789
26.90830 9377.59 96.838
26.91080 9396.55 96.9358
26.91330 9392.26 96.9137
26.91580 9364.1 96.7683
26.91830 9314.14 96.5098
26.92080 9242.28 96.1368
26.92330 9145.89 95.6342
26.92580 9029.85 95.0255
26.92830 8939.16 94.5471
26.93080 8854.05 94.096
26.93330 8775.47 93.6775
26.93580 8731.68 93.4435
26.93830 8642.35 92.9643
26.94080 8519.03 92.2986
26.94330 8429.79 91.8139
26.94580 8381.58 91.5509
26.94830 8363.58 91.4526
26.95080 8327.78 91.2566
26.95330 8307.9 91.1477
26.95580 8297.36 91.0898
26.95830 8256.91 90.8675
26.96080 8212.02 90.6202
26.96330 8166.94 90.3711
26.96580 8153.79 90.2983
26.96830 8150.31 90.2791
26.97080 8153.95 90.2992
26.97330 8161.44 90.3407
26.97580 8173.83 90.4092
26.97830 8186.37 90.4785
26.98080 8171.29 90.3952
26.98330 8161.84 90.3429
26.98580 8153.04 90.2942
26.98830 8120.15 90.1119
26.99080 8113.53 90.0751
26.99330 8120.47 90.1136
26.99580 8105.83 90.0324
26.99830 8083.5 89.9083
27.00080 8059.51 89.7747
27.00330 8056.12 89.7559
27.00580 8080.29 89.8905
27.00830 8117.69 90.0982
27.01080 8136.63 90.2033
27.01330 8147.52 90.2636
27.01580 8148.25 90.2677
27.01830 8115.47 90.0859
27.02080 8105.04 90.028
27.02330 8105.84 90.0324
27.02580 8101.42 90.0079
27.02830 8116.72 90.0929
27.03080 8134.08 90.1891
27.03330 8107.8 90.0433
27.03580 8092.27 89.9571
27.03830 8082.42 89.9023
27.04080 8073.68 89.8537
27.04330 8095.4 89.9744
27.04580 8122.73 90.1262
27.04830 8107 90.0389
27.05080 8092.06 89.9559
27.05330 8083.5 89.9083
27.05580 8101.49 90.0083
27.05830 8102.34 90.013
27.06080 8087.62 89.9312
27.06330 8040.13 89.6668
27.06580 8056.38 89.7573
27.06830 8092.51 89.9584
27.07080 8097.53 89.9863
27.07330 8082.5 89.9027
27.07580 8061.6 89.7864
27.07830 8050.19 89.7229
27.08080 8036.9 89.6487
27.08330 8025.27 89.5838
27.08580 8022.36 89.5676
27.08830 8042.01 89.6773
27.09080 8068.91 89.8271
27.09330 8090.79 89.9488
27.09580 8069.15 89.8284
27.09830 8041.85 89.6764
27.10080 8048.78 89.715
27.10330 8052.86 89.7377
27.10580 8056.88 89.7601
27.10830 8063.91 89.7993
27.11080 8063.41 89.7965
27.11330 8059.98 89.7774
27.11580 8055.41 89.7519
27.11830 8061.21 89.7842
27.12080 8065.06 89.8057
27.12330 8053.65 89.7421
27.12580 8065.14 89.8061
27.12830 8076.18 89.8675
27.13080 8066.41 89.8132
27.13330 8050.94 89.727
27.13580 8043.12 89.6834
27.13830 8059.98 89.7774
27.14080 8035.5 89.641
27.14330 8017.13 89.5384
27.14580 8043.81 89.6873
27.14830 8057.35 89.7628
27.15080 8068.69 89.8259
27.15330 8083.27 89.907
27.15580 8059.8 89.7764
27.15830 8031.54 89.6188
27.16080 8014.9 89.526
27.16330 8043.75 89.6869
27.16580 8081.89 89.8993
27.16830 8115.98 90.0888
27.17080 8116.35 90.0908
27.17330 8104.85 90.027
27.17580 8084.56 89.9142
27.17830 8094.96 89.972
27.18080 8107.27 90.0404
27.18330 8109.58 90.0532
27.18580 8153.06 90.2943
27.18830 8177.98 90.4322
27.19080 8148.58 90.2695
27.19330 8139.44 90.2189
27.19580 8157.39 90.3183
27.19830 8220.03 90.6644
27.20080 8238.53 90.7664
27.20330 8257.69 90.8718
27.20580 8293.12 91.0666
27.20830 8332.19 91.2808
27.21080 8388.69 91.5898
27.21330 8475.43 92.0621
27.21580 8529.68 92.3563
27.21830 8609.46 92.7872
27.22080 8742.58 93.5018
27.22330 8901.56 94.3481
27.22580 9072.54 95.2499
27.22830 9257.1 96.2139
27.23080 9434.94 97.1336
27.23330 9634.65 98.1562
27.23580 9871.22 99.354
27.23830 10119.3 100.595
27.24080 10377.9 101.872
27.24330 10650.6 103.202
27.24580 10885.3 104.333
27.24830 11125 105.475
27.25080 11379 106.673
27.25330 11675.7 108.054
27.25580 11963.1 109.376
27.25830 12230.4 110.591
27.26080 12444.1 111.553
27.26330 12649.3 112.469
27.26580 12849.8 113.357
27.26830 12963.2 113.856
27.27080 13064.1 114.298
27.27330 13158.2 114.709
27.27580 13214.5 114.954
27.27830 13251.9 115.117
27.28080 13268.5 115.189
27.28330 13177.1 114.792
27.28580 13058.7 114.275
27.28830 12915.2 113.645
27.29080 12735.3 112.851
27.29330 12562.9 112.085
27.29580 12402.7 111.367
27.29830 12139.1 110.177
27.30080 11879.7 108.994
27.30330 11631.7 107.851
27.30580 11345.7 106.516
27.30830 11094.7 105.332
27.31080 10886 104.336
27.31330 10647.6 103.187
27.31580 10459.9 102.274
27.31830 10329.9 101.636
27.32080 10208 101.035
27.32330 10092.1 100.46
27.32580 9982.54 99.9127
27.32830 9899.46 99.496
27.33080 9833.51 99.164
27.33330 9785.03 98.9193
27.33580 9749.03 98.7372
27.33830 9723.91 98.6099
27.34080 9709.67 98.5377
27.34330 9688.05 98.4279
27.34580 9649.72 98.233
27.34830 9594.96 97.9539
27.35080 9531.4 97.6289
27.35330 9473.86 97.3337
27.35580 9421.43 97.0641
27.35830 9336.76 96.6269
27.36080 9243.28 96.142
27.36330 9142.76 95.6178
27.36580 9079.67 95.2873
27.36830 8995.86 94.8465
27.37080 8893.77 94.3068
27.37330 8794.09 93.7768
27.37580 8703.05 93.2901
27.37830 8618.29 92.8348
27.38080 8508.49 92.2415
27.38330 8421.69 91.7698
27.38580 8354.47 91.4028
27.38830 8297 91.0879
27.39080 8248.47 90.8211
27.39330 8209.38 90.6056
27.39580 8206.59 90.5902
27.39830 8198.8 90.5472
27.40080 8186.38 90.4786
27.40330 8163.53 90.3523
27.40580 8144.98 90.2496
27.40830 8133.09 90.1836
27.41080 8163.32 90.3511
27.41330 8186.21 90.4777
27.41580 8204.02 90.576
27.41830 8224.62 90.6897
27.42080 8241.42 90.7823
27.42330 8256.94 90.8677
27.42580 8286.11 91.0281
27.42830 8281.48 91.0026
27.43080 8257.25 90.8694
27.43330 8262.71 90.8995
27.43580 8298.62 91.0968
27.43830 8343.2 91.3411
27.44080 8295.17 91.0778
27.44330 8277.64 90.9815
27.44580 8281.27 91.0015
27.44830 8299.03 91.099
27.45080 8279.98 90.9944
27.45330 8241.12 90.7806
27.45580 8221.14 90.6705
27.45830 8201.09 90.5599
27.46080 8184.21 90.4666
27.46330 8188.11 90.4882
27.46580 8181.09 90.4494
27.46830 8175.16 90.4166
27.47080 8213.62 90.629
27.47330 8246.19 90.8085
27.47580 8279.73 90.993
27.47830 8337.25 91.3086
27.48080 8380.41 91.5446
27.48330 8423.58 91.7801
27.48580 8507.47 92.2359
27.48830 8578.04 92.6177
27.49080 8642.4 92.9645
27.49330 8709.71 93.3258
27.49580 8778.54 93.6939
27.49830 8845.42 94.0501
27.50080 8899.52 94.3373
27.50330 9009.4 94.9179
27.50580 9140.93 95.6082
27.50830 9250.99 96.182
27.51080 9344.08 96.6648
27.51330 9430.82 97.1124
27.51580 9523.48 97.5883
27.51830 9553.76 97.7433
27.52080 9563.07 97.7909
27.52330 9598.23 97.9706
27.52580 9629.72 98.1312
27.52830 9646.34 98.2158
27.53080 9611.93 98.0405
27.53330 9591.15 97.9344
27.53580 9562.58 97.7884
27.53830 9485.46 97.3933
27.54080 9419.39 97.0535
27.54330 9360.4 96.7491
27.54580 9311.03 96.4937
27.54830 9255.15 96.2037
27.55080 9191.39 95.8717
27.55330 9109.57 95.4441
27.55580 9037.95 95.0681
27.55830 8973.03 94.7261
27.56080 8917.72 94.4337
27.56330 8854.46 94.0981
27.56580 8819.92 93.9145
27.56830 8880.64 94.2372
27.57080 8931.12 94.5046
27.57330 8991.25 94.8222
27.57580 9089.14 95.337
27.57830 9247.95 96.1663
27.58080 9451.49 97.2188
27.58330 9725.99 98.6204
27.58580 10102 100.509
27.58830 10542.6 102.677
27.59080 11074.1 105.233
27.59330 11670.9 108.032
27.59580 12295 110.883
27.59830 12940.9 113.758
27.60080 13609.4 116.659
27.60330 14284.4 119.517
27.60580 14959.6 122.31
27.60830 15584.1 124.836
27.61080 16175.3 127.182
27.61330 16719 129.302
27.61580 17223.3 131.238
27.61830 17660 132.891
27.62080 17965.2 134.034
27.62330 18222.7 134.991
27.62580 18419.8 135.72
27.62830 18509.8 136.051
27.63080 18396.5 135.634
27.63330 18218.5 134.976
27.63580 17999.5 134.162
27.63830 17659.5 132.889
27.64080 17241.2 131.306
27.64330 16715.9 129.29
27.64580 16190.3 127.241
27.64830 15670.9 125.184
27.65080 15163.8 123.142
27.65330 14649.9 121.037
27.65580 14118.1 118.82
27.65830 13555.4 116.428
27.66080 13066.9 114.31
27.66330 12587.3 112.193
27.66580 12100.4 110.002
27.66830 11624 107.815
27.67080 11138.5 105.539
27.67330 10634 103.121
27.67580 10217.8 101.083
27.67830 9842.19 99.2078
27.68080 9512.6 97.5325
27.68330 9292.77 96.399
27.68580 9107.75 95.4345
27.68830 8954.11 94.6262
27.69080 8775.84 93.6794
27.69330 8625.39 92.873
27.69580 8523.89 92.3249
27.69830 8475.26 92.0612
27.70080 8416.62 91.7421
27.70330 8333.03 91.2854
27.70580 8280.93 90.9996
27.70830 8231.1 90.7254
27.71080 8179.48 90.4405
27.71330 8156.94 90.3158
27.71580 8138.09 90.2114
27.71830 8120.34 90.1129
27.72080 8128.64 90.159
27.72330 8133.71 90.1871
27.72580 8131.09 90.1726
27.72830 8131.72 90.1761
27.73080 8127.65 90.1535
27.73330 8116.97 90.0942
27.73580 8129.75 90.1651
27.73830 8129.7 90.1648
27.74080 8110.99 90.061
27.74330 8086.48 89.9248
27.74580 8080.62 89.8923
27.74830 8098.41 89.9912
27.75080 8088.24 89.9347
27.75330 8091.28 89.9515
27.75580 8111.96 90.0664
27.75830 8099.96 89.9998
27.76080 8084.78 89.9154
27.76330 8067.57 89.8197
27.76580 8101.52 90.0084
27.76830 8112.73 90.0707
27.77080 8096.35 89.9797
27.77330 8129.96 90.1663
27.77580 8155.06 90.3054
27.77830 8169.47 90.3851
27.78080 8178.6 90.4356
27.78330 8187.32 90.4838
27.78580 8195.7 90.5301
27.78830 8207.21 90.5937
27.79080 8239.46 90.7715
27.79330 8292.82 91.0649
27.79580 8312.81 91.1746
27.79830 8357.2 91.4177
27.80080 8425.97 91.7931
27.80330 8533.63 92.3776
27.80580 8641.27 92.9584
27.80830 8749.95 93.5412
27.81080 8924.76 94.4709
27.81330 9118.86 95.4927
27.81580 9335.31 96.6194
27.81830 9736.42 98.6733
27.82080 10152.8 100.761
27.82330 10587 102.893
27.82580 11146.9 105.579
27.82830 11762.4 108.455
27.83080 12429.1 111.486
27.83330 13171.1 114.766
27.83580 14000.2 118.323
27.83830 14904.2 122.083
27.84080 15849.5 125.895
27.84330 16763.9 129.475
27.84580 17651.2 132.858
27.84830 18504.7 136.032
27.85080 19311.1 138.964
27.85330 20063.9 141.647
27.85580 20575.8 143.443
27.85830 20963.8 144.789
27.86080 21244.7 145.755
27.86330 21355.2 146.134
27.86580 21315.7 145.999
27.86830 21136.3 145.383
27.87080 20617.8 143.589
27.87330 19995.3 141.405
27.87580 19287.3 138.879
27.87830 18458.7 135.863
27.88080 17541.1 132.443
27.88330 16565.2 128.706
27.88580 15612 124.948
27.88830 14695.3 121.224
27.89080 13812.1 117.525
27.89330 13007.1 114.049
27.89580 12272.2 110.78
27.89830 11597.1 107.69
27.90080 11039.2 105.068
27.90330 10534.4 102.637
27.90580 10077.9 100.389
27.90830 9732.61 98.654
27.91080 9461.38 97.2696
27.91330 9238.39 96.1166
27.91580 9043.06 95.095
27.91830 8901.5 94.3477
27.92080 8796.07 93.7874
27.92330 8723.04 93.3972
27.92580 8689.22 93.216
27.92830 8682.98 93.1825
27.93080 8710.48 93.3299
27.93330 8791.92 93.7653
27.93580 8913.7 94.4124
27.93830 9097.71 95.3819
27.94080 9283.25 96.3496
27.94330 9501.03 97.4732
27.94580 9879.26 99.3945
27.94830 10329.8 101.636
27.95080 10832.5 104.079
27.95330 11413.6 106.835
27.95580 12011 109.595
27.95830 12599.4 112.247
27.96080 13111.7 114.506
27.96330 13593.9 116.593
27.96580 14040.4 118.492
27.96830 14392.9 119.97
27.97080 14653.3 121.051
27.97330 14842.6 121.83
27.97580 14908.5 122.1
27.97830 14837.8 121.811
27.98080 14690.1 121.203
27.98330 14469.6 120.29
27.98580 14139.7 118.911
27.98830 13744.9 117.239
27.99080 13276.1 115.222
27.99330 12752.1 112.925
27.99580 12204.4 110.473
27.99830 11649.6 107.933
28.00080 11112.6 105.416
28.00330 10604.7 102.979
28.00580 10172.3 100.858
28.00830 9811.55 99.0532
28.01080 9496.77 97.4514
28.01330 9246.28 96.1576
28.01580 9045.88 95.1098
28.01830 8860.19 94.1286
28.02080 8666.2 93.0924
28.02330 8556.79 92.5029
28.02580 8483.52 92.106
28.02830 8433.64 91.8349
28.03080 8420.58 91.7637
28.03330 8407.57 91.6928
28.03580 8361.77 91.4427
28.03830 8336.15 91.3025
28.04080 8336.79 91.306
28.04330 8391.65 91.6059
28.04580 8428 91.8041
28.04830 8467.62 92.0197
28.05080 8529.58 92.3557
28.05330 8593.2 92.6995
28.05580 8670.73 93.1167
28.05830 8781.6 93.7102
28.06080 8904.58 94.3641
28.06330 9038.43 95.0706
28.06580 9190.55 95.8674
28.06830 9432.5 97.1211
28.07080 9692.02 98.448
28.07330 9940.21 99.7006
28.07580 10238.5 101.185
28.07830 10576 102.84
28.08080 10973.8 104.756
28.08330 11386.9 106.709
28.08580 11818.6 108.714
28.08830 12282.7 110.828
28.09080 12791.4 113.099
28.09330 13316.8 115.399
28.09580 13857.2 117.717
28.09830 14416.8 120.07
28.10080 14964.6 122.33
28.10330 15481.7 124.426
28.10580 15889.9 126.055
28.10830 16258.6 127.509
28.11080 16591.4 128.808
28.11330 16878.4 129.917
28.11580 17105 130.786
28.11830 17235.6 131.284
28.12080 17257 131.366
28.12330 17225.8 131.247
28.12580 17133.6 130.895
28.12830 16923 130.088
28.13080 16615.7 128.902
28.13330 16175.2 127.182
28.13580 15777.8 125.61
28.13830 15360.5 123.938
28.14080 14900.1 122.066
28.14330 14353.6 119.807
28.14580 13805.8 117.498
28.14830 13274.1 115.213
28.15080 12773.9 113.022
28.15330 12270.8 110.774
28.15580 11757.2 108.431
28.15830 11259.2 106.109
28.16080 10818.5 104.012
28.16330 10460.1 102.275
28.16580 10133.8 100.667
28.16830 9827.68 99.1346
28.17080 9545.71 97.7022
28.17330 9301.68 96.4452
28.17580 9099.73 95.3925
28.17830 8951.26 94.6111
28.18080 8786.94 93.7387
28.18330 8662.86 93.0745
28.18580 8594.52 92.7066
28.18830 8505.95 92.2277
28.19080 8414.83 91.7324
28.19330 8322.34 91.2269
28.19580 8312.62 91.1736
28.19830 8305.1 91.1323
28.20080 8293.66 91.0695
28.20330 8266.17 90.9185
28.20580 8251.74 90.8391
28.20830 8254.21 90.8527
28.21080 8238.76 90.7676
28.21330 8233.04 90.7361
28.21580 8239.72 90.7729
28.21830 8273.94 90.9612
28.22080 8303.06 91.1211
28.22330 8325.22 91.2426
28.22580 8381.66 91.5514
28.22830 8437.76 91.8573
28.23080 8492.43 92.1544
28.23330 8551.71 92.4754
28.23580 8613.9 92.8111
28.23830 8679.09 93.1616
28.24080 8733.1 93.4511
28.24330 8805.83 93.8394
28.24580 8897.93 94.3289
28.24830 8967 94.6942
28.25080 9051.16 95.1376
28.25330 9150.53 95.6584
28.25580 9273.6 96.2995
28.25830 9390.58 96.905
28.26080 9501.4 97.4751
28.26330 9591.08 97.9341
28.26580 9688.01 98.4277
28.26830 9791.18 98.9504
28.27080 9872.42 99.3601
28.27330 9998.26 99.9913
28.27580 10164 100.817
28.27830 10321.1 101.593
28.28080 10503.4 102.486
28.28330 10708.2 103.48
28.28580 10920.2 104.5
28.28830 11158.5 105.634
28.29080 11424.8 106.887
28.29330 11808.6 108.668
28.29580 12124.7 110.112
28.29830 12386.3 111.294
28.30080 12660.7 112.52
28.30330 12909.7 113.621
28.30580 13132.7 114.598
28.30830 13266 115.178
28.31080 13378.3 115.665
28.31330 13468.6 116.054
28.31580 13481.7 116.111
28.31830 13459.1 116.013
28.32080 13402.1 115.767
28.32330 13253 115.121
28.32580 13082.9 114.381
28.32830 12894.9 113.556
28.33080 12674.2 112.58
28.33330 12457 111.611
28.33580 12251.6 110.687
28.33830 12134.6 110.157
28.34080 12029.8 109.68
28.34330 11939.6 109.268
28.34580 11906.2 109.116
28.34830 11913.6 109.15
28.35080 11953.2 109.331
28.35330 12039.4 109.724
28.35580 12147.3 110.215
28.35830 12270.6 110.773
28.36080 12406.6 111.385
28.36330 12582.3 112.171
28.36580 12786.1 113.076
28.36830 13019.2 114.102
28.37080 13219.8 114.977
28.37330 13410.9 115.805
28.37580 13661 116.88
28.37830 13883.8 117.83
28.38080 14088.7 118.696
28.38330 14277.8 119.49
28.38580 14470.3 120.293
28.38830 14641.8 121.003
28.39080 14685.8 121.185
28.39330 14712 121.293
28.39580 14714.1 121.302
28.39830 14640.3 120.997
28.40080 14502.9 120.428
28.40330 14314.4 119.643
28.40580 14033.3 118.462
28.40830 13703.7 117.063
28.41080 13352.8 115.554
28.41330 13011.2 114.067
28.41580 12590.3 112.207
28.41830 12133.5 110.152
28.42080 11680.6 108.077
28.42330 11212.9 105.891
28.42580 10760.8 103.734
28.42830 10400.6 101.983
28.43080 10047.2 100.236
28.43330 9718.62 98.583
28.43580 9475.68 97.3431
28.43830 9246.75 96.16
28.44080 9023.67 94.993
28.44330 8800.69 93.812
28.44580 8671.16 93.1191
28.44830 8574.52 92.5987
28.45080 8462.44 91.9915
28.45330 8363.88 91.4543
28.45580 8274.03 90.9617
28.45830 8196.23 90.533
28.46080 8144.92 90.2492
28.46330 8105.25 90.0292
28.46580 8071.84 89.8434
28.46830 8058.75 89.7705
28.47080 8054.04 89.7443
28.47330 8053.14 89.7393
28.47580 8051.31 89.7291
28.47830 8047.5 89.7079
28.48080 8038.78 89.6593
28.48330 8034.79 89.637
28.48580 8029.98 89.6101
28.48830 8018.53 89.5463
28.49080 8002.54 89.4569
28.49330 7987.32 89.3718
28.49580 7978.02 89.3198
28.49830 7955.5 89.1936
28.50080 7933.5 89.0702
28.50330 7923.01 89.0113
28.50580 7950.49 89.1655
28.50830 7973.99 89.2972
28.51080 7960.81 89.2234
28.51330 7982.65 89.3457
28.51580 8003.16 89.4604
28.51830 7997.94 89.4312
28.52080 7997.38 89.4281
28.52330 8000.29 89.4444
28.52580 8008.54 89.4905
28.52830 8024.84 89.5815
28.53080 8045.18 89.6949
28.53330 8070.18 89.8342
28.53580 8083.84 89.9102
28.53830 8104.38 90.0243
28.54080 8145.2 90.2508
28.54330 8207.49 90.5952
28.54580 8287.51 91.0358
28.54830 8394.54 91.6217
28.55080 8493.98 92.1628
28.55330 8603.76 92.7565
28.55580 8737.19 93.4729
28.55830 8933.77 94.5186
28.56080 9140.48 95.6058
28.56330 9343.27 96.6606
28.56580 9587.3 97.9147
28.56830 9822.09 99.1065
28.57080 10026 100.13
28.57330 10264.9 101.316
28.57580 10526.2 102.597
28.57830 10816.9 104.004
28.58080 11090.5 105.312
28.58330 11352.8 106.55
28.58580 11600.1 107.704
28.58830 11868.4 108.942
28.59080 12136.6 110.166
28.59330 12399.7 111.354
28.59580 12649.5 112.47
28.59830 12862.9 113.415
28.60080 13021.2 114.111
28.60330 13131.4 114.592
28.60580 13200.3 114.892
28.60830 13214.7 114.955
28.61080 13264.9 115.173
28.61330 13276.2 115.222
28.61580 13222.8 114.991
28.61830 13177.7 114.794
28.62080 13099.1 114.451
28.62330 12970.8 113.889
28.62580 12842.1 113.323
28.62830 12689.4 112.647
28.63080 12502.9 111.816
28.63330 12345.9 111.112
28.63580 12186.4 110.392
28.63830 12020.3 109.637
28.64080 11782.3 108.546
28.64330 11559.7 107.516
28.64580 11364.4 106.604
28.64830 11192.6 105.795
28.65080 11014.3 104.949
28.65330 10825.7 104.047
28.65580 10633.1 103.117
28.65830 10461.2 102.28
28.66080 10314.9 101.562
28.66330 10206.4 101.027
28.66580 10107.9 100.538
28.66830 10019 100.095
28.67080 9912.24 99.5602
28.67330 9827.81 99.1353
28.67580 9769.79 98.8422
28.67830 9747.34 98.7286
28.68080 9720.9 98.5946
28.68330 9688.83 98.4319
28.68580 9766.4 98.8251
28.68830 9811.75 99.0543
28.69080 9819.99 99.0958
28.69330 9827.77 99.1351
28.69580 9888.57 99.4413
28.69830 10004.4 100.022
28.70080 10059.3 100.296
28.70330 10125.7 100.627
28.70580 10203.9 101.014
28.70830 10254 101.262
28.71080 10313.1 101.553
28.71330 10381.1 101.888
28.71580 10452.2 102.236
28.71830 10564 102.782
28.72080 10714.2 103.51
28.72330 10866.7 104.244
28.72580 11021.7 104.984
28.72830 11177.2 105.722
28.73080 11274.6 106.182
28.73330 11404 106.79
28.73580 11558.5 107.51
28.73830 11627.8 107.832
28.74080 11709.9 108.212
28.74330 11799.2 108.624
28.74580 11810.2 108.675
28.74830 11768.7 108.484
28.75080 11685.5 108.099
28.75330 11629.7 107.841
28.75580 11551.6 107.478
28.75830 11453 107.019
28.76080 11312.6 106.361
28.76330 11135.5 105.525
28.76580 10925.1 104.523
28.76830 10646.7 103.183
28.77080 10386.5 101.914
28.77330 10142.3 100.709
28.77580 9928.21 99.6404
28.77830 9705.09 98.5144
28.78080 9476.16 97.3456
28.78330 9254.81 96.2019
28.78580 9055.58 95.1608
28.78830 8876.1 94.2131
28.79080 8738.89 93.482
28.79330 8617.9 92.8326
28.79580 8507.52 92.2362
28.79830 8394.46 91.6213
28.80080 8322.09 91.2255
28.80330 8273.23 90.9573
28.80580 8200.8 90.5583
28.80830 8158.87 90.3265
28.81080 8131.22 90.1733
28.81330 8067.26 89.8179
28.81580 8035.62 89.6416
28.81830 8025.15 89.5832
28.82080 8025.5 89.5852
28.82330 8002.78 89.4583
28.82580 7971.35 89.2824
28.82830 7970.66 89.2786
28.83080 7972.3 89.2877
28.83330 7973.84 89.2963
28.83580 7966.92 89.2576
28.83830 8006.5 89.479
28.84080 8062.73 89.7927
28.84330 8070.21 89.8343
28.84580 8103.78 90.021
28.84830 8151 90.2829
28.85080 8197.83 90.5419
28.85330 8258.62 90.8769
28.85580 8327.9 91.2573
28.85830 8404.22 91.6745
28.86080 8486.68 92.1232
28.86330 8589.12 92.6775
28.86580 8771.08 93.654
28.86830 8958.03 94.6469
28.87080 9132.65 95.5649
28.87330 9242.18 96.1363
28.87580 9435.56 97.1368
28.87830 9653.46 98.252
28.88080 9814.95 99.0704
28.88330 10012.5 100.063
28.88580 10230.4 101.146
28.88830 10466.8 102.307
28.89080 10685.6 103.371
28.89330 10894.7 104.378
28.89580 11095.4 105.335
28.89830 11285.3 106.232
28.90080 11467.8 107.088
28.90330 11639.3 107.886
28.90580 11769.7 108.488
28.90830 11881.7 109.003
28.91080 11985 109.476
28.91330 12056.8 109.803
28.91580 12096 109.982
28.91830 12066.9 109.849
28.92080 12006.1 109.572
28.92330 11928.1 109.216
28.92580 11830.8 108.77
28.92830 11694.2 108.14
28.93080 11539.8 107.423
28.93330 11372.3 106.641
28.93580 11256.4 106.096
28.93830 11131 105.503
28.94080 10929.7 104.545
28.94330 10746.2 103.664
28.94580 10586.9 102.893
28.94830 10479 102.367
28.95080 10304.5 101.511
28.95330 10152.9 100.762
28.95580 10114.1 100.569
28.95830 10069.8 100.348
28.96080 10041.1 100.205
28.96330 10056.1 100.28
28.96580 10104 100.519
28.96830 10175.8 100.875
28.97080 10283.9 101.41
28.97330 10407.1 102.015
28.97580 10532.1 102.626
28.97830 10652.2 103.209
28.98080 10767.4 103.766
28.98330 10891.6 104.363
28.98580 11039 105.067
28.98830 11153.9 105.612
28.99080 11268.9 106.155
28.99330 11400.2 106.772
28.99580 11476.8 107.13
28.99830 11527.7 107.367
29.00080 11549.7 107.469
29.00330 11628.9 107.837
29.00580 11706.8 108.198
29.00830 11757.9 108.434
29.01080 11782 108.545
29.01330 11798.4 108.62
29.01580 11810 108.674
29.01830 11773.8 108.507
29.02080 11754.2 108.417
29.02330 11781.8 108.544
29.02580 11820.9 108.724
29.02830 11840.3 108.813
29.03080 11820.6 108.722
29.03330 11783.3 108.551
29.03580 11732.5 108.317
29.03830 11663.2 107.996
29.04080 11643 107.903
29.04330 11630.7 107.846
29.04580 11619.3 107.793
29.04830 11585.9 107.638
29.05080 11542.5 107.436
29.05330 11487.6 107.18
29.05580 11475 107.121
29.05830 11486 107.173
29.06080 11525.6 107.358
29.06330 11481 107.15
29.06580 11486.5 107.175
29.06830 11582.8 107.623
29.07080 11704.1 108.185
29.07330 11828.8 108.76
29.07580 11954.6 109.337
29.07830 12183.9 110.381
29.08080 12440.1 111.535
29.08330 12719.9 112.782
29.08580 13048.5 114.23
29.08830 13401.6 115.765
29.09080 13782.4 117.399
29.09330 14170.7 119.041
29.09580 14545.5 120.605
29.09830 14901.8 122.073
29.10080 15145.5 123.067
29.10330 15381.1 124.021
29.10580 15616.4 124.965
29.10830 15730 125.419
29.11080 15782.2 125.627
29.11330 15767.3 125.568
29.11580 15652.8 125.111
29.11830 15489.9 124.459
29.12080 15275.4 123.594
29.12330 15006.9 122.503
29.12580 14736 121.392
29.12830 14464.9 120.27
29.13080 14146.4 118.939
29.13330 13804.6 117.493
29.13580 13438.4 115.924
29.13830 13122.3 114.552
29.14080 12794.4 113.112
29.14330 12452.7 111.591
29.14580 12185.8 110.389
29.14830 11897.4 109.075
29.15080 11585.1 107.634
29.15330 11327.2 106.429
29.15580 11038.9 105.066
29.15830 10719.2 103.534
29.16080 10467.7 102.312
29.16330 10250.1 101.243
29.16580 10066.1 100.33
29.16830 9914.19 99.57
29.17080 9721.15 98.5959
29.17330 9490.28 97.4181
29.17580 9325.76 96.57
29.17830 9166.55 95.7421
29.18080 9013.32 94.9385
29.18330 8901.74 94.349
29.18580 8798.08 93.7981
29.18830 8700.54 93.2767
29.19080 8577.05 92.6124
29.19330 8484.85 92.1132
29.19580 8420.09 91.7611
29.19830 8368.73 91.4807
29.20080 8294.07 91.0718
29.20330 8201.88 90.5642
29.20580 8143.85 90.2433
29.20830 8088.01 89.9333
29.21080 8035.42 89.6405
29.21330 8006.88 89.4812
29.21580 7981.4 89.3387
29.21830 7959.35 89.2152
29.22080 7952.21 89.1752
29.22330 7943.79 89.1279
29.22580 7934.45 89.0756
29.22830 7925.73 89.0266
29.23080 7920.67 88.9981
29.23330 7918.07 88.9836
29.23580 7913.43 88.9575
29.23830 7896.18 88.8605
29.24080 7871.21 88.7199
29.24330 7857.57 88.643
29.24580 7852.49 88.6143
29.24830 7853.79 88.6216
29.25080 7860.41 88.659
29.25330 7862.51 88.6708
29.25580 7865.4 88.6871
29.25830 7899.35 88.8783
29.26080 7917.99 88.9831
29.26330 7928.14 89.0401
29.26580 7947.48 89.1486
29.26830 7950.13 89.1635
29.27080 7950.02 89.1629
29.27330 8002.35 89.4558
29.27580 8050.75 89.726
29.27830 8098.89 89.9938
29.28080 8160.4 90.3349
29.28330 8213.99 90.6311
29.28580 8259.88 90.8839
29.28830 8286.42 91.0297
29.29080 8352.28 91.3908
29.29330 8435.1 91.8428
29.29580 8491.22 92.1478
29.29830 8552.94 92.4821
29.30080 8619.82 92.843
29.30330 8698.5 93.2657
29.30580 8755.87 93.5728
29.30830 8804.81 93.8339
29.31080 8866.1 94.16
29.31330 8908.26 94.3836
29.31580 8942.61 94.5654
29.31830 8984.71 94.7877
29.32080 8999.19 94.8641
29.32330 8999.12 94.8637
29.32580 8992.69 94.8298
29.32830 8996.89 94.852
29.33080 8998.66 94.8613
29.33330 8969.4 94.7069
29.33580 8949.33 94.6009
29.33830 8936.64 94.5338
29.34080 8937.45 94.5381
29.34330 8939.07 94.5466
29.34580 8939.34 94.5481
29.34830 8933.18 94.5155
29.35080 8941.16 94.5577
29.35330 8958.17 94.6476
29.35580 8987.22 94.8009
29.35830 9015.09 94.9478
29.36080 9058.57 95.1765
29.36330 9157.88 95.6968
29.36580 9286.06 96.3642
29.36830 9440.65 97.163
29.37080 9646.98 98.219
29.37330 9855.8 99.2764
29.37580 10082.8 100.413
29.37830 10364.4 101.806
29.38080 10623 103.068
29.38330 10882.6 104.32
29.38580 11168.9 105.683
29.38830 11439.6 106.956
29.39080 11701.8 108.175
29.39330 11954 109.334
29.39580 12187.5 110.397
29.39830 12395.8 111.336
29.40080 12550.3 112.028
29.40330 12656.3 112.5
29.40580 12729.6 112.826
29.40830 12754.6 112.936
29.41080 12812.4 113.192
29.41330 12861.5 113.409
29.41580 12864.1 113.42
29.41830 12836.9 113.3
29.42080 12797.5 113.126
29.42330 12748 112.907
29.42580 12664.5 112.537
29.42830 12568.2 112.108
29.43080 12462.6 111.636
29.43330 12358.3 111.168
29.43580 12252 110.689
29.43830 12140.2 110.183
29.44080 12004.5 109.565
29.44330 11893.3 109.056
29.44580 11848.2 108.849
29.44830 11777.3 108.523
29.45080 11666.3 108.011
29.45330 11483 107.159
29.45580 11350 106.536
29.45830 11224.1 105.944
29.46080 11091 105.314
29.46330 10924.4 104.52
29.46580 10761.6 103.738
29.46830 10619.1 103.049
29.47080 10505.9 102.498
29.47330 10402.7 101.994
29.47580 10308.1 101.529
29.47830 10188.6 100.939
29.48080 10068.3 100.341
29.48330 9954.46 99.7721
29.48580 9852.62 99.2604
29.48830 9777.5 98.8812
29.49080 9745.76 98.7206
29.49330 9692.38 98.4499
29.49580 9634.64 98.1562
29.49830 9575.12 97.8525
29.50080 9528.14 97.6122
29.50330 9502.49 97.4807
29.50580 9508.81 97.5131
29.50830 9537.27 97.659
29.51080 9569.78 97.8253
29.51330 9604.08 98.0004
29.51580 9617.89 98.0708
29.51830 9619.59 98.0795
29.52080 9606.63 98.0134
29.52330 9655.7 98.2634
29.52580 9730.54 98.6435
29.52830 9833.22 99.1626
29.53080 9920.36 99.601
29.53330 10017.1 100.085
29.53580 10129.8 100.647
29.53830 10273.3 101.358
29.54080 10450.2 102.226
29.54330 10669.1 103.291
29.54580 10853.1 104.178
29.54830 11020.9 104.98
29.55080 11170.9 105.693
29.55330 11334.4 106.463
29.55580 11470.8 107.102
29.55830 11571 107.569
29.56080 11571.3 107.57
29.56330 11566.6 107.548
29.56580 11563.4 107.533
29.56830 11500.1 107.239
29.57080 11384.7 106.699
29.57330 11210.4 105.879
29.57580 10966 104.718
29.57830 10724.5 103.559
29.58080 10490.3 102.422
29.58330 10193.2 100.961
29.58580 9914.12 99.5697
29.58830 9657.94 98.2748
29.59080 9445.08 97.1858
29.59330 9234.15 96.0945
29.59580 9024.09 94.9952
29.59830 8834.35 93.9912
29.60080 8665.24 93.0872
29.60330 8517.5 92.2903
29.60580 8386.96 91.5804
29.60830 8270.07 90.9399
29.61080 8166.95 90.3712
29.61330 8093.55 89.9641
29.61580 8023.01 89.5713
29.61830 7955.55 89.1939
29.62080 7926.13 89.0288
29.62330 7902.67 88.897
29.62580 7885.01 88.7976
29.62830 7875.04 88.7414
29.63080 7838.08 88.5329
29.63330 7778.51 88.1958
29.63580 7816.02 88.4083
29.63830 7832.17 88.4995
29.64080 7828.67 88.4798
29.64330 7809.77 88.3729
29.64580 7797.8 88.3051
29.64830 7793.24 88.2793
29.65080 7822.88 88.4471
29.65330 7850.37 88.6023
29.65580 7875.21 88.7424
29.65830 7883.77 88.7906
29.66080 7922.36 89.0077
29.66330 7985.77 89.3631
29.66580 8056.87 89.7601
29.66830 8123.19 90.1288
29.67080 8195.71 90.5301
29.67330 8411.85 91.7161
29.67580 8613.46 92.8087
29.67830 8804.66 93.8331
29.68080 9003.43 94.8864
29.68330 9257.8 96.2175
29.68580 9553.2 97.7405
29.68830 9851.9 99.2567
29.69080 10142.7 100.711
29.69330 10433 102.142
29.69580 10775.1 103.803
29.69830 11136 105.527
29.70080 11516.6 107.315
29.70330 11959.8 109.361
29.70580 12326.8 111.026
29.70830 12640.1 112.428
29.71080 12927.9 113.701
29.71330 13197.9 114.882
29.71580 13449.6 115.972
29.71830 13647 116.82
29.72080 13818 117.55
29.72330 13969.1 118.191
29.72580 14094.6 118.721
29.72830 14149.1 118.95
29.73080 14160.3 118.997
29.73330 14166.1 119.021
29.73580 14106.5 118.771
29.73830 13999.9 118.321
29.74080 13834.4 117.62
29.74330 13641 116.795
29.74580 13425.3 115.868
29.74830 13170.5 114.763
29.75080 12898.8 113.573
29.75330 12622.5 112.35
29.75580 12369.4 111.218
29.75830 12048.2 109.764
29.76080 11699.4 108.164
29.76330 11389.6 106.722
29.76580 11058.3 105.158
29.76830 10716.3 103.519
29.77080 10374.3 101.854
29.77330 10088.7 100.442
29.77580 9834.1 99.167
29.77830 9597.87 97.9687
29.78080 9367.41 96.7854
29.78330 9152.51 95.6688
29.78580 8993.34 94.8332
29.78830 8845.18 94.0488
29.79080 8713.34 93.3453
29.79330 8628.19 92.888
29.79580 8552.72 92.4809
29.79830 8496.01 92.1738
29.80080 8496.07 92.1742
29.80330 8486.27 92.121
29.80580 8494.89 92.1677
29.80830 8586.63 92.664
29.81080 8684.97 93.1932
29.81330 8799.84 93.8075
29.81580 8963.72 94.6769
29.81830 9170.13 95.7608
29.82080 9389.62 96.9
29.82330 9598.95 97.9742
29.82580 9848.09 99.2376
29.82830 10130 100.648
29.83080 10470.6 102.326
29.83330 10718.1 103.528
29.83580 10952.1 104.652
29.83830 11244 106.038
29.84080 11506.4 107.268
29.84330 11744.6 108.373
29.84580 11941.2 109.276
29.84830 12140.5 110.184
29.85080 12308.1 110.942
29.85330 12383.8 111.283
29.85580 12424.3 111.464
29.85830 12421.2 111.451
29.86080 12329.9 111.04
29.86330 12186.9 110.394
29.86580 12016.8 109.621
29.86830 11815.5 108.699
29.87080 11504.1 107.257
29.87330 11161.8 105.649
29.87580 10818.5 104.012
29.87830 10515.9 102.547
29.88080 10217.6 101.082
29.88330 9903.87 99.5182
29.88580 9664.57 98.3086
29.88830 9442.01 97.17
29.89080 9214.99 95.9947
29.89330 8999.52 94.8658
29.89580 8807.22 93.8468
29.89830 8660 93.0591
29.90080 8557.46 92.5066
29.90330 8464.91 92.0049
29.90580 8372.09 91.4991
29.90830 8264.7 90.9104
29.91080 8178.36 90.4343
29.91330 8141.52 90.2304
29.91580 8094.48 89.9693
29.91830 8049.06 89.7165
29.92080 8010.87 89.5035
29.92330 7970.89 89.2798
29.92580 7938.23 89.0968
29.92830 7920.16 88.9953
29.93080 7879.45 88.7663
29.93330 7861.99 88.6679
29.93580 7894.62 88.8517
29.93830 7883.4 88.7885
29.94080 7866.45 88.693
29.94330 7852.31 88.6132
29.94580 7867.67 88.6999
29.94830 7883.42 88.7886
29.95080 7891.98 88.8368
29.95330 7885.83 88.8022
29.95580 7892.35 88.8389
29.95830 7923.3 89.0129
29.96080 7892.52 88.8398
29.96330 7882.86 88.7855
29.96580 7920.06 88.9947
29.96830 7937.41 89.0922
29.97080 7949.32 89.159
29.97330 7956.63 89.1999
29.97580 8009.06 89.4933
29.97830 8041.59 89.6749
29.98080 8036.93 89.6489
29.98330 8040.61 89.6694
29.98580 8046.85 89.7042
29.98830 8055.52 89.7525
29.99080 8059.03 89.7721
29.99330 8049.84 89.7209
29.99580 8023.65 89.5748
29.99830 8011.82 89.5088
30.00080 7991.25 89.3938
30.00330 7957.32 89.2038
30.00580 7938.71 89.0994
30.00830 7931.39 89.0584
30.01080 7937.28 89.0914
30.01330 7925.41 89.0247
30.01580 7902.52 88.8961
30.01830 7867.23 88.6974
30.02080 7826.57 88.4679
30.02330 7821.66 88.4401
30.02580 7860.54 88.6597
30.02830 7833.76 88.5085
30.03080 7811.58 88.3831
30.03330 7798.37 88.3084
30.03580 7802.2 88.3301
30.03830 7804.64 88.3439
30.04080 7804.76 88.3445
30.04330 7847.72 88.5874
30.04580 7875.68 88.745
30.04830 7885.77 88.8019
30.05080 7895.83 88.8585
30.05330 7912.58 88.9527
30.05580 7936.48 89.0869
30.05830 7941.63 89.1158
30.06080 7942.47 89.1205
30.06330 7939.07 89.1015
30.06580 7931.37 89.0583
30.06830 7936.38 89.0863
30.07080 7953.65 89.1833
30.07330 7892.05 88.8372
30.07580 7841.77 88.5538
30.07830 7802.77 88.3333
30.08080 7790.71 88.265
30.08330 7770.12 88.1483
30.08580 7742.09 87.9891
30.08830 7737.25 87.9617
30.09080 7716.76 87.8451
30.09330 7682.85 87.6519
30.09580 7672.4 87.5922
30.09830 7663.21 87.5398
30.10080 7654.67 87.491
30.10330 7634.52 87.3757
30.10580 7616.43 87.2722
30.10830 7600.97 87.1836
30.11080 7603.82 87.1999
30.11330 7601.38 87.1859
30.11580 7595.13 87.15
30.11830 7597.83 87.1655
30.12080 7593.12 87.1385
30.12330 7583.94 87.0858
30.12580 7595.53 87.1523
30.12830 7582.83 87.0794
30.13080 7554.12 86.9145
30.13330 7558.97 86.9423
30.13580 7576.25 87.0417
30.13830 7598.62 87.17
30.14080 7573.11 87.0236
30.14330 7564.85 86.9762
30.14580 7568.95 86.9997
30.14830 7573.35 87.025
30.15080 7567.7 86.9925
30.15330 7556.33 86.9272
30.15580 7556.48 86.928
30.15830 7555.28 86.9211
30.16080 7555.98 86.9251
30.16330 7580.77 87.0676
30.16580 7594.48 87.1463
30.16830 7600.99 87.1837
30.17080 7607.06 87.2184
30.17330 7604.74 87.2052
30.17580 7599.29 87.1739
30.17830 7609 87.2296
30.18080 7602.62 87.193
30.18330 7590.21 87.1218
30.18580 7602.56 87.1927
30.18830 7609.74 87.2338
30.19080 7611.75 87.2453
30.19330 7600.13 87.1787
30.19580 7623.16 87.3107
30.19830 7658.05 87.5103
30.20080 7648.28 87.4545
30.20330 7643.14 87.425
30.20580 7645.77 87.4401
30.20830 7677.65 87.6222
30.21080 7669.81 87.5774
30.21330 7647.93 87.4524
30.21580 7660.77 87.5258
30.21830 7669.24 87.5742
30.22080 7676.7 87.6168
30.22330 7689.98 87.6925
30.22580 7717.2 87.8476
30.22830 7744.72 88.0041
30.23080 7742.39 87.9908
30.23330 7741.4 87.9852
30.23580 7737.63 87.9638
30.23830 7718.88 87.8572
30.24080 7728.59 87.9124
30.24330 7750.16 88.035
30.24580 7767.98 88.1361
30.24830 7803.38 88.3368
30.25080 7843.33 88.5626
30.25330 7871.23 88.72
30.25580 7943.47 89.1261
30.25830 8034.89 89.6375
30.26080 8129.24 90.1623
30.26330 8228.8 90.7127
30.26580 8334.36 91.2927
30.26830 8453.97 91.9455
30.27080 8580.69 92.632
30.27330 8704.43 93.2975
30.27580 8808.78 93.8551
30.27830 8938.38 94.543
30.28080 9065.73 95.2141
30.28330 9155.68 95.6853
30.28580 9213.59 95.9874
30.28830 9254.59 96.2008
30.29080 9278.12 96.323
30.29330 9296.34 96.4175
30.29580 9288.17 96.3751
30.29830 9206.96 95.9529
30.30080 9122.53 95.5119
30.30330 9025.08 95.0004
30.30580 8893.57 94.3057
30.30830 8766.77 93.631
30.31080 8624.09 92.866
30.31330 8434.16 91.8377
30.31580 8332.15 91.2806
30.31830 8249.1 90.8246
30.32080 8147.9 90.2657
30.32330 8065.55 89.8084
30.32580 7987.55 89.3731
30.32830 7907.12 88.922
30.33080 7869.45 88.7099
30.33330 7837.9 88.5319
30.33580 7793.53 88.281
30.33830 7795.96 88.2947
30.34080 7807.18 88.3582
30.34330 7811.16 88.3808
30.34580 7816.7 88.4121
30.34830 7828.75 88.4802
30.35080 7854.48 88.6255
30.35330 7868.61 88.7052
30.35580 7881.53 88.778
30.35830 7897.57 88.8683
30.36080 7961.07 89.2248
30.36330 8032.24 89.6228
30.36580 8097.98 89.9888
30.36830 8186.11 90.4771
30.37080 8261.37 90.8921
30.37330 8301.87 91.1146
30.37580 8380.44 91.5448
30.37830 8459.76 91.977
30.38080 8526.42 92.3386
30.38330 8587.86 92.6707
30.38580 8672.19 93.1246
30.38830 8800.67 93.8119
30.39080 8884.31 94.2566
30.39330 8959.54 94.6549
30.39580 9033.38 95.0441
30.39830 9162.78 95.7224
30.40080 9294.77 96.4094
30.40330 9416.01 97.0361
30.40580 9497.03 97.4527
30.40830 9580.82 97.8816
30.41080 9679.13 98.3826
30.41330 9778.54 98.8865
30.41580 9872.94 99.3626
30.41830 9959.04 99.795
30.42080 10022.4 100.112
30.42330 10062.5 100.312
30.42580 10071.2 100.355
30.42830 10115 100.573
30.43080 10139.2 100.694
30.43330 10128 100.638
30.43580 10195.7 100.974
30.43830 10234 101.163
30.44080 10217.9 101.084
30.44330 10181.4 100.903
30.44580 10166.3 100.828
30.44830 10184.1 100.916
30.45080 10110.2 100.549
30.45330 10033.6 100.168
30.45580 9964.13 99.8205
30.45830 9904.97 99.5237
30.46080 9833.1 99.162
30.46330 9743.56 98.7095
30.46580 9641.99 98.1936
30.46830 9559.67 97.7736
30.47080 9502.76 97.4821
30.47330 9433.25 97.1249
30.47580 9359.63 96.7452
30.47830 9281.86 96.3424
30.48080 9170.48 95.7626
30.48330 9073.93 95.2572
30.48580 8996.91 94.852
30.48830 8898.95 94.3343
30.49080 8795.3 93.7832
30.49330 8686.05 93.199
30.49580 8582.94 92.6442
30.49830 8476.31 92.0669
30.50080 8365.56 91.4634
30.50330 8269.27 90.9355
30.50580 8200.3 90.5555
30.50830 8160.29 90.3343
30.51080 8117.06 90.0947
30.51330 8058.44 89.7688
30.51580 7983.89 89.3526
30.51830 7936.81 89.0888
30.52080 7898.95 88.876
30.52330 7870.34 88.715
30.52580 7890.06 88.826
30.52830 7883.46 88.7888
30.53080 7851.53 88.6089
30.53330 7843.09 88.5612
30.53580 7830.4 88.4895
30.53830 7813.57 88.3944
30.54080 7790.57 88.2642
30.54330 7792.48 88.275
30.54580 7816.18 88.4091
30.54830 7807.98 88.3628
30.55080 7807.4 88.3595
30.55330 7813.19 88.3923
30.55580 7810.24 88.3756
30.55830 7807.17 88.3582
30.56080 7803.28 88.3362
30.56330 7784.12 88.2277
30.56580 7785.31 88.2344
30.56830 7802.99 88.3345
30.57080 7815.78 88.4069
30.57330 7812.07 88.3859
30.57580 7797.85 88.3055
30.57830 7824.76 88.4577
30.58080 7837.23 88.5282
30.58330 7838.68 88.5363
30.58580 7841.5 88.5522
30.58830 7864.54 88.6823
30.59080 7900.45 88.8845
30.59330 7909.73 88.9366
30.59580 7959.35 89.2152
30.59830 8034.33 89.6344
30.60080 8068.97 89.8275
30.60330 8111.27 90.0626
30.60580 8156.95 90.3158
30.60830 8183.58 90.4631
30.61080 8248.87 90.8233
30.61330 8345.41 91.3532
30.61580 8487.86 92.1296
30.61830 8600.83 92.7407
30.62080 8695.38 93.249
30.62330 8796.2 93.788
30.62580 8927.53 94.4856
30.62830 9079.36 95.2857
30.63080 9241.06 96.1304
30.63330 9398.93 96.9481
30.63580 9567.68 97.8145
30.63830 9827.73 99.1349
30.64080 10045.1 100.225
30.64330 10261.8 101.3
30.64580 10635.5 103.129
30.64830 11055.1 105.143
30.65080 11516.5 107.315
30.65330 12072.8 109.876
30.65580 12725.2 112.806
30.65830 13464.6 116.037
30.66080 14397.5 119.989
30.66330 15554.8 124.719
30.66580 16870.8 129.888
30.66830 18400.2 135.647
30.67080 20073.1 141.679
30.67330 21800.6 147.65
30.67580 23438.6 153.097
30.67830 24889.1 157.763
30.68080 26185.5 161.819
30.68330 27189.2 164.892
30.68580 28040.1 167.452
30.68830 28692.1 169.387
30.69080 28781.4 169.651
30.69330 28713.6 169.451
30.69580 28515 168.864
30.69830 28066.4 167.53
30.70080 27135.1 164.727
30.70330 25958.2 161.116
30.70580 24641.9 156.977
30.70830 23244.7 152.462
30.71080 21812.6 147.691
30.71330 20376.7 142.747
30.71580 19079.8 138.129
30.71830 17895 133.772
30.72080 16913.1 130.051
30.72330 15989.8 126.451
30.72580 15147.8 123.077
30.72830 14507.8 120.448
30.73080 13919.7 117.982
30.73330 13396.7 115.744
30.73580 13023.8 114.122
30.73830 12696.9 112.68
30.74080 12403.8 111.373
30.74330 12165.5 110.297
30.74580 11977.1 109.44
30.74830 11799.7 108.626
30.75080 11603.8 107.721
30.75330 11516.3 107.314
30.75580 11460.9 107.056
30.75830 11396 106.752
30.76080 11302.3 106.312
30.76330 11198.7 105.824
30.76580 11093.3 105.325
30.76830 10959.3 104.686
30.77080 10829.7 104.066
30.77330 10734.9 103.609
30.77580 10612.8 103.019
30.77830 10489.7 102.419
30.78080 10383.2 101.898
30.78330 10239.7 101.191
30.78580 10081.7 100.408
30.78830 9913.07 99.5644
30.79080 9800.7 98.9985
30.79330 9698.3 98.4799
30.79580 9585.23 97.9042
30.79830 9456.1 97.2425
30.80080 9324.49 96.5634
30.80330 9196.15 95.8966
30.80580 9088.14 95.3318
30.80830 8991.58 94.8239
30.81080 8909.58 94.3906
30.81330 8792.87 93.7703
30.81580 8708.71 93.3205
30.81830 8708.49 93.3193
30.82080 8663.43 93.0775
30.82330 8616.05 92.8227
30.82580 8582.79 92.6434
30.82830 8615.62 92.8204
30.83080 8683.36 93.1846
30.83330 8793.67 93.7746
30.83580 8949.26 94.6006
30.83830 9148.32 95.6468
30.84080 9413.01 97.0207
30.84330 9773.36 98.8603
30.84580 10170.9 100.851
30.84830 10605.7 102.984
30.85080 11099.7 105.355
30.85330 11591.5 107.664
30.85580 12063 109.832
30.85830 12452.6 111.591
30.86080 12845.6 113.338
30.86330 13265 115.174
30.86580 13621.5 116.711
30.86830 13883.5 117.828
30.87080 14006.2 118.348
30.87330 14022.5 118.416
30.87580 13959.8 118.152
30.87830 13795.2 117.453
30.88080 13396.4 115.743
30.88330 12976.6 113.915
30.88580 12567.1 112.103
30.88830 12072.9 109.877
30.89080 11574.8 107.586
30.89330 11084.4 105.283
30.89580 10680.8 103.348
30.89830 10331.8 101.645
30.90080 10047.7 100.238
30.90330 9739.52 98.689
30.90580 9459.7 97.261
30.90830 9221.58 96.0291
30.91080 9048.2 95.122
30.91330 8895.05 94.3136
30.91580 8761.86 93.6048
30.91830 8596.48 92.7172
30.92080 8451.09 91.9298
30.92330 8334.09 91.2913
30.92580 8229.88 90.7187
30.92830 8152.34 90.2903
30.93080 8106.79 90.0377
30.93330 8047.41 89.7073
30.93580 8024.32 89.5786
30.93830 8045.48 89.6966
30.94080 7988.92 89.3808
30.94330 7966.12 89.2531
30.94580 7986.14 89.3652
30.94830 7995.39 89.4169
30.95080 7992.94 89.4033
30.95330 7977.83 89.3187
30.95580 8002.05 89.4542
30.95830 8028.9 89.6041
30.96080 8057.57 89.764
30.96330 8069.41 89.8299
30.96580 8087.46 89.9303
30.96830 8112.31 90.0684
30.97080 8148.76 90.2705
30.97330 8197.51 90.5401
30.97580 8258.62 90.8769
30.97830 8286.25 91.0288
30.98080 8315.88 91.1915
30.98330 8347.75 91.366
30.98580 8408.32 91.6969
30.98830 8457.84 91.9665
30.99080 8496.32 92.1755
30.99330 8501.75 92.2049
30.99580 8521.81 92.3137
30.99830 8555.53 92.4961
31.00080 8598.01 92.7254
31.00330 8638.25 92.9422
31.00580 8676.35 93.1469
31.00830 8709.85 93.3266
31.01080 8743.99 93.5093
31.01330 8778.02 93.6911
31.01580 8796.88 93.7917
31.01830 8785.71 93.7321
31.02080 8752.55 93.555
31.02330 8776.16 93.6812
31.02580 8792.59 93.7688
31.02830 8803.09 93.8248
31.03080 8811.15 93.8677
31.03330 8792.49 93.7683
31.03580 8753.71 93.5613
31.03830 8724.42 93.4046
31.04080 8706.69 93.3097
31.04330 8696.36 93.2543
31.04580 8669.94 93.1125
31.04830 8640.72 92.9555
31.05080 8609.38 92.7868
31.05330 8577.12 92.6128
31.05580 8523.68 92.3238
31.05830 8461.07 91.9841
31.06080 8455.46 91.9536
31.06330 8422.85 91.7761
31.06580 8375.05 91.5153
31.06830 8355.86 91.4104
31.07080 8316.75 91.1962
31.07330 8267.34 90.9249
31.07580 8241.03 90.7801
31.07830 8220.65 90.6678
31.08080 8203.28 90.572
31.08330 8180.25 90.4448
31.08580 8180.08 90.4438
31.08830 8198.15 90.5436
31.09080 8246.02 90.8076
31.09330 8282.34 91.0074
31.09580 8313.88 91.1805
31.09830 8358.9 91.427
31.10080 8425.13 91.7885
31.10330 8500.21 92.1966
31.10580 8555.35 92.4952
31.10830 8623.02 92.8602
31.11080 8700.86 93.2784
31.11330 8797.44 93.7947
31.11580 8884.21 94.2561
31.11830 8963.64 94.6765
31.12080 9031.75 95.0355
31.12330 9105.47 95.4226
31.12580 9179.57 95.8101
31.12830 9241.05 96.1304
31.13080 9270.41 96.283
31.13330 9282.98 96.3482
31.13580 9291.04 96.3901
31.13830 9298.11 96.4267
31.14080 9300.08 96.4369
31.14330 9281.17 96.3389
31.14580 9262.29 96.2408
31.14830 9244.76 96.1497
31.15080 9233.01 96.0886
31.15330 9204.09 95.9379
31.15580 9154.52 95.6792
31.15830 9052.07 95.1424
31.16080 9010.38 94.923
31.16330 8984.27 94.7854
31.16580 8919.09 94.4409
31.16830 8866.59 94.1626
31.17080 8818.76 93.9083
31.17330 8769.17 93.6438
31.17580 8700.49 93.2764
31.17830 8625.08 92.8713
31.18080 8552.25 92.4784
31.18330 8498.5 92.1873
31.18580 8456.1 91.9571
31.18830 8427.58 91.8018
31.19080 8359.04 91.4278
31.19330 8303.38 91.1229
31.19580 8334.47 91.2933
31.19830 8324.37 91.238
31.20080 8299.69 91.1027
31.20330 8273.88 90.9609
31.20580 8274.26 90.963
31.20830 8289.11 91.0446
31.21080 8320.87 91.2188
31.21330 8356.85 91.4158
31.21580 8406.46 91.6868
31.21830 8490.31 92.1429
31.22080 8574.89 92.6007
31.22330 8686.34 93.2006
31.22580 8869.03 94.1755
31.22830 9043.14 95.0954
31.23080 9222.84 96.0356
31.23330 9423.2 97.0732
31.23580 9638.66 98.1767
31.23830 9865.22 99.3238
31.24080 10108.9 100.543
31.24330 10363.2 101.8
31.24580 10606.2 102.986
31.24830 10815.8 103.999
31.25080 11033.4 105.04
31.25330 11250.8 106.07
31.25580 11463 107.065
31.25830 11623 107.81
31.26080 11766.3 108.473
31.26330 11900.1 109.088
31.26580 11997 109.531
31.26830 12056.5 109.802
31.27080 12054.8 109.794
31.27330 12059.3 109.815
31.27580 12067.3 109.851
31.27830 12080 109.909
31.28080 12065.4 109.843
31.28330 12046.6 109.757
31.28580 12029.9 109.681
31.28830 12007 109.577
31.29080 12013.6 109.607
31.29330 12077.8 109.899
31.29580 12108.6 110.039
31.29830 12148.3 110.219
31.30080 12214.8 110.52
31.30330 12304.7 110.927
31.30580 12411.5 111.407
31.30830 12541 111.987
31.31080 12791.7 113.1
31.31330 13088.3 114.404
31.31580 13431.3 115.893
31.31830 13870.3 117.772
31.32080 14327.5 119.697
31.32330 14791.9 121.622
31.32580 15319 123.77
31.32830 15850 125.897
31.33080 16374.2 127.962
31.33330 16841.6 129.775
31.33580 17291 131.495
31.33830 17723.5 133.13
31.34080 18076.4 134.449
31.34330 18369.5 135.534
31.34580 18587.2 136.335
31.34830 18697 136.737
31.35080 18734.4 136.873
31.35330 18683.8 136.689
31.35580 18518.3 136.082
31.35830 18299.4 135.275
31.36080 18021.6 134.245
31.36330 17709.7 133.078
31.36580 17398.5 131.903
31.36830 17092.2 130.737
31.37080 16701.8 129.236
31.37330 16311.4 127.716
31.37580 15928.8 126.209
31.37830 15541.5 124.666
31.38080 15135.2 123.025
31.38330 14705.6 121.267
31.38580 14345.8 119.774
31.38830 13995.2 118.301
31.39080 13651.3 116.839
31.39330 13376.9 115.659
31.39580 13099 114.451
31.39830 12813.4 113.196
31.40080 12570.7 112.119
31.40330 12370.3 111.222
31.40580 12216 110.526
31.40830 12070.8 109.867
31.41080 11969.7 109.406
31.41330 11916.5 109.163
31.41580 11889.5 109.039
31.41830 11880.6 108.998
31.42080 11890.4 109.043
31.42330 11943.4 109.286
31.42580 11996.9 109.53
31.42830 12050.3 109.774
31.43080 12077.2 109.896
31.43330 12141.8 110.19
31.43580 12243.5 110.65
31.43830 12301.8 110.914
31.44080 12343.6 111.102
31.44330 12369.4 111.218
31.44580 12394.9 111.332
31.44830 12446.2 111.562
31.45080 12519.6 111.891
31.45330 12511 111.853
31.45580 12507.5 111.837
31.45830 12508.6 111.842
31.46080 12510 111.848
31.46330 12497.3 111.791
31.46580 12470.9 111.673
31.46830 12408.4 111.393
31.47080 12356.3 111.159
31.47330 12310.3 110.952
31.47580 12209.3 110.496
31.47830 12059.6 109.816
31.48080 11870.4 108.951
31.48330 11682.7 108.087
31.48580 11482.3 107.155
31.48830 11270 106.16
31.49080 11032.9 105.038
31.49330 10812.2 103.982
31.49580 10603.8 102.975
31.49830 10395.1 101.956
31.50080 10198.6 100.988
31.50330 10010.8 100.054
31.50580 9818.23 99.087
31.50830 9620.31 98.0832
31.51080 9424.2 97.0783
31.51330 9285.56 96.3616
31.51580 9149.77 95.6544
31.51830 9018.84 94.9676
31.52080 8914.93 94.4189
31.52330 8826.74 93.9507
31.52580 8746.68 93.5237
31.52830 8647.31 92.9909
31.53080 8575.51 92.604
31.53330 8521.56 92.3123
31.53580 8469.19 92.0282
31.53830 8406.25 91.6856
31.54080 8343.08 91.3405
31.54330 8325.28 91.243
31.54580 8306.87 91.142
31.54830 8285.84 91.0266
31.55080 8249.84 90.8287
31.55330 8227.45 90.7053
31.55580 8212.42 90.6224
31.55830 8194.39 90.5229
31.56080 8184.03 90.4657
31.56330 8176.85 90.4259
31.56580 8163.26 90.3508
31.56830 8150.81 90.2818
31.57080 8141.62 90.2309
31.57330 8146.9 90.2602
31.57580 8129.14 90.1617
31.57830 8105.56 90.0309
31.58080 8113.2 90.0733
31.58330 8118.94 90.1052
31.58580 8124.48 90.1359
31.58830 8133.61 90.1865
31.59080 8121.99 90.1221
31.59330 8102.33 90.0129
31.59580 8091.42 89.9523
31.59830 8088.54 89.9363
31.60080 8088.35 89.9352
31.60330 8083.71 89.9095
31.60580 8040.43 89.6684
31.60830 7988.96 89.381
31.61080 7974.48 89.2999
31.61330 7959.78 89.2176
31.61580 7953.92 89.1848
31.61830 7982.88 89.347
31.62080 7960.8 89.2233
31.62330 7923.12 89.0119
31.62580 7905.49 88.9128
31.62830 7894.07 88.8486
31.63080 7875.63 88.7448
31.63330 7823.77 88.4521
31.63580 7815.99 88.4081
31.63830 7821.19 88.4375
31.64080 7813.79 88.3957
31.64330 7830.12 88.488
31.64580 7839.31 88.5399
31.64830 7797.77 88.305
31.65080 7826.29 88.4663
31.65330 7865.77 88.6892
31.65580 7863.79 88.678
31.65830 7868.51 88.7046
31.66080 7887.02 88.8089
31.66330 7939.54 89.1041
31.66580 7996.43 89.4227
31.66830 8041.37 89.6737
31.67080 8048.74 89.7148
31.67330 8124.26 90.1347
31.67580 8213.8 90.63
31.67830 8285.02 91.0221
31.68080 8317.09 91.1981
31.68330 8360.51 91.4358
31.68580 8462.95 91.9943
31.68830 8533.42 92.3765
31.69080 8584.78 92.6541
31.69330 8610.73 92.794
31.69580 8657.37 93.045
31.69830 8709.47 93.3245
31.70080 8761.53 93.6031
31.70330 8793.28 93.7725
31.70580 8816.27 93.895
31.70830 8830.89 93.9728
31.71080 8859.5 94.1249
31.71330 8895.77 94.3174
31.71580 8941.58 94.5599
31.71830 8973.39 94.728
31.72080 8985.88 94.7939
31.72330 8963.95 94.6782
31.72580 8964.46 94.6808
31.72830 8963.8 94.6774
31.73080 8950.91 94.6092
31.73330 8949.03 94.5993
31.73580 8953.62 94.6236
31.73830 8966.59 94.6921
31.74080 9020.21 94.9748
31.74330 9069.59 95.2344
31.74580 9096.16 95.3738
31.74830 9099.93 95.3936
31.75080 9113.46 95.4644
31.75330 9152.41 95.6682
31.75580 9199.15 95.9122
31.75830 9217.68 96.0088
31.76080 9183.89 95.8326
31.76330 9184.54 95.836
31.76580 9195.52 95.8933
31.76830 9214.96 95.9946
31.77080 9204.06 95.9378
31.77330 9232.8 96.0874
31.77580 9334.27 96.614
31.77830 9435.21 97.135
31.78080 9586.35 97.9099
31.78330 9817.68 99.0842
31.78580 10119.1 100.594
31.78830 10496.4 102.452
31.79080 10977.2 104.772
31.79330 11548.2 107.463
31.79580 12157.1 110.259
31.79830 12807 113.168
31.80080 13486.1 116.13
31.80330 14169 119.033
31.80580 14853.1 121.873
31.80830 15466.8 124.366
31.81080 15984.5 126.43
31.81330 16377.8 127.976
31.81580 16673.2 129.125
31.81830 16880.5 129.925
31.82080 16980.4 130.309
31.82330 16990.9 130.349
31.82580 16869.4 129.882
31.82830 16585 128.783
31.83080 16237.3 127.426
31.83330 15822.4 125.787
31.83580 15328.4 123.808
31.83830 14804.2 121.672
31.84080 14285.5 119.522
31.84330 13775.6 117.369
31.84580 13320.7 115.415
31.84830 12875.3 113.469
31.85080 12437.8 111.525
31.85330 12053.2 109.787
31.85580 11677.4 108.062
31.85830 11309.4 106.346
31.86080 11005 104.905
31.86330 10739.1 103.629
31.86580 10513.6 102.536
31.86830 10389.6 101.93
31.87080 10242.6 101.206
31.87330 10068.6 100.342
31.87580 9972.95 99.8647
31.87830 9883.56 99.4161
31.88080 9799.68 98.9933
31.88330 9704.18 98.5098
31.88580 9633.15 98.1486
31.88830 9586.75 97.912
31.89080 9580.19 97.8785
31.89330 9583.47 97.8952
31.89580 9596.72 97.9629
31.89830 9647.21 98.2202
31.90080 9693.62 98.4562
31.90330 9736.35 98.673
31.90580 9785.38 98.9211
31.90830 9864.62 99.3208
31.91080 9973.95 99.8697
31.91330 10175 100.871
31.91580 10365.5 101.811
31.91830 10545 102.689
31.92080 10678.8 103.338
31.92330 10857.4 104.199
31.92580 11073 105.228
31.92830 11275.8 106.188
31.93080 11458.2 107.043
31.93330 11627 107.829
31.93580 11852.6 108.87
31.93830 12005.7 109.571
31.94080 12099.3 109.997
31.94330 12160.3 110.274
31.94580 12208 110.49
31.94830 12239.5 110.632
31.95080 12189.4 110.406
31.95330 12058.9 109.813
31.95580 11866 108.931
31.95830 11639.6 107.887
31.96080 11375.3 106.655
31.96330 11083.1 105.276
31.96580 10782.3 103.838
31.96830 10463.1 102.289
31.97080 10136.1 100.678
31.97330 9855.53 99.275
31.97580 9581.98 97.8876
31.97830 9310.66 96.4917
31.98080 9017.97 94.963
31.98330 8777.77 93.6897
31.98580 8577.49 92.6147
31.98830 8425.14 91.7885
31.99080 8280.23 90.9958
31.99330 8144.84 90.2488
31.99580 8045.26 89.6954
31.99830 7973.16 89.2925
32.00080 7919.47 88.9914
32.00330 7878.44 88.7606
32.00580 7855.34 88.6304
32.00830 7842.63 88.5586
32.01080 7829.68 88.4855
32.01330 7822.87 88.447
32.01580 7819.12 88.4258
32.01830 7812.97 88.391
32.02080 7814.34 88.3987
32.02330 7826.44 88.4672
32.02580 7875.53 88.7442
32.02830 7898.72 88.8747
32.03080 7916.84 88.9766
32.03330 7979.06 89.3256
32.03580 8015.06 89.5269
32.03830 8047.54 89.7081
32.04080 8127.48 90.1525
32.04330 8227.43 90.7052
32.04580 8350.31 91.38
32.04830 8534.43 92.382
32.05080 8718.91 93.3751
32.05330 8906.9 94.3764
32.05580 9109.63 95.4444
32.05830 9338.23 96.6345
32.06080 9573.25 97.843
32.06330 9786.69 98.9277
32.06580 10017.3 100.086
32.06830 10250.6 101.245
32.07080 10465.5 102.301
32.07330 10650.2 103.2
32.07580 10809.2 103.967
32.07830 10918.8 104.493
32.08080 11024 104.995
32.08330 11114.2 105.424
32.08580 11156.9 105.626
32.08830 11228.4 105.964
32.09080 11303.2 106.317
32.09330 11352.2 106.547
32.09580 11386.3 106.707
32.09830 11410.4 106.82
32.10080 11419.6 106.863
32.10330 11448 106.995
32.10580 11475.1 107.122
32.10830 11477.1 107.131
32.11080 11509.4 107.282
32.11330 11553 107.485
32.11580 11600.1 107.704
32.11830 11686.6 108.105
32.12080 11761.1 108.449
32.12330 11765 108.467
32.12580 11838.5 108.805
32.12830 11932.7 109.237
32.13080 12024.7 109.657
32.13330 12073.6 109.88
32.13580 12101.2 110.006
32.13830 12106.6 110.03
32.14080 12069.4 109.861
32.14330 11996.7 109.53
32.14580 11864.7 108.925
32.14830 11690.3 108.122
32.15080 11493.2 107.206
32.15330 11268.6 106.153
32.15580 10976.9 104.771
32.15830 10675.9 103.324
32.16080 10392.7 101.945
32.16330 10168.7 100.84
32.16580 9965.98 99.8297
32.16830 9778.99 98.8888
32.17080 9619.7 98.0801
32.17330 9475.77 97.3436
32.17580 9351.2 96.7016
32.17830 9243.18 96.1415
32.18080 9136.71 95.5861
32.18330 9025.98 95.0051
32.18580 8996.32 94.8489
32.18830 8978.42 94.7546
32.19080 8950.8 94.6087
32.19330 8926.02 94.4776
32.19580 8916.58 94.4276
32.19830 8935.6 94.5283
32.20080 8971.71 94.7191
32.20330 9019.89 94.9731
32.20580 9084.7 95.3137
32.20830 9172.47 95.773
32.21080 9270.21 96.2819
32.21330 9378.8 96.8442
32.21580 9561.73 97.7841
32.21830 9782.63 98.9072
32.22080 10048.7 100.243
32.22330 10309.3 101.535
32.22580 10574.4 102.832
32.22830 10848.5 104.156
32.23080 11094.5 105.33
32.23330 11334.1 106.462
32.23580 11569.8 107.563
32.23830 11803.3 108.643
32.24080 12011 109.595
32.24330 12179.4 110.36
32.24580 12272.1 110.779
32.24830 12321.7 111.003
32.25080 12319.7 110.994
32.25330 12231.5 110.596
32.25580 12096 109.982
32.25830 11905 109.11
32.26080 11693.3 108.136
32.26330 11455.9 107.032
32.26580 11185.1 105.76
32.26830 10888.6 104.348
32.27080 10560 102.762
32.27330 10190.9 100.95
32.27580 9924.46 99.6216
32.27830 9663.69 98.3041
32.28080 9400 96.9536
32.28330 9183.98 95.8331
32.28580 8985.92 94.7941
32.28830 8806.58 93.8434
32.29080 8718.01 93.3703
32.29330 8648.54 92.9975
32.29580 8596.03 92.7148
32.29830 8601.94 92.7466
32.30080 8626.93 92.8813
32.30330 8671.18 93.1192
32.30580 8788.01 93.7444
32.30830 8888.01 94.2762
32.31080 8965.33 94.6854
32.31330 9065.24 95.2115
32.31580 9174.31 95.7826
32.31830 9292.78 96.3991
32.32080 9359.53 96.7447
32.32330 9425.44 97.0847
32.32580 9491.72 97.4255
32.32830 9511.65 97.5277
32.33080 9541.81 97.6822
32.33330 9583.29 97.8943
32.33580 9553.46 97.7418
32.33830 9510.84 97.5236
32.34080 9455.61 97.24
32.34330 9343.16 96.66
32.34580 9242.62 96.1385
32.34830 9153.36 95.6732
32.35080 9035.36 95.0545
32.35330 8915.26 94.4206
32.35580 8793.38 93.773
32.35830 8681.37 93.1739
32.36080 8577.59 92.6153
32.36330 8481.16 92.0932
32.36580 8379.31 91.5386
32.36830 8298.23 91.0946
32.37080 8234.91 90.7464
32.37330 8156.33 90.3124
32.37580 8096.06 89.9781
32.37830 8050.78 89.7261
32.38080 7991.67 89.3961
32.38330 7925.4 89.0247
32.38580 7855.77 88.6328
32.38830 7832.33 88.5005
32.39080 7815.39 88.4047
32.39330 7805.26 88.3474
32.39580 7820.53 88.4338
32.39830 7835 88.5155
32.40080 7851.29 88.6075
32.40330 7900.92 88.8871
32.40580 7937.33 89.0917
32.40830 7966.98 89.2579
32.41080 8034.12 89.6332
32.41330 8119.12 90.1061
32.41580 8214.18 90.6321
32.41830 8278.7 90.9874
32.42080 8353.83 91.3993
32.42330 8437.04 91.8533
32.42580 8526.88 92.3411
32.42830 8618.67 92.8368
32.43080 8710.11 93.328
32.43330 8786.66 93.7372
32.43580 8888.69 94.2798
32.43830 8997.02 94.8526
32.44080 9021.63 94.9823
32.44330 9025.67 95.0035
32.44580 9026.49 95.0078
32.44830 9100.29 95.3954
32.45080 9113.09 95.4625
32.45330 9094.64 95.3658
32.45580 9116.74 95.4816
32.45830 9148.93 95.6501
32.46080 9181.52 95.8202
32.46330 9178.36 95.8037
32.46580 9200.92 95.9214
32.46830 9237.38 96.1113
32.47080 9269.8 96.2798
32.47330 9326.67 96.5747
32.47580 9402.04 96.9641
32.47830 9506.42 97.5009
32.48080 9560.89 97.7798
32.48330 9600.53 97.9823
32.48580 9700.99 98.4936
32.48830 9810.52 99.0481
32.49080 9921.66 99.6075
32.49330 10017.9 100.089
32.49580 10166.9 100.831
32.49830 10333.7 101.655
32.50080 10462.4 102.286
32.50330 10592.8 102.921
32.50580 10723.7 103.555
32.50830 10853.4 104.18
32.51080 10939.9 104.594
32.51330 11008.3 104.92
32.51580 11082.4 105.273
32.51830 11110.2 105.405
32.52080 11098.5 105.35
32.52330 11009.4 104.926
32.52580 10930.5 104.549
32.52830 10837.3 104.102
32.53080 10673.8 103.314
32.53330 10531.7 102.624
32.53580 10381.9 101.892
32.53830 10172.8 100.86
32.54080 10026.6 100.133
32.54330 9897.56 99.4865
32.54580 9743.43 98.7088
32.54830 9636.69 98.1666
32.55080 9547.58 97.7117
32.55330 9458.44 97.2545
32.55580 9388.45 96.894
32.55830 9321.66 96.5487
32.56080 9243.5 96.1431
32.56330 9204.49 95.94
32.56580 9187.4 95.8509
32.56830 9195.99 95.8957
32.57080 9199.29 95.9129
32.57330 9200.29 95.9182
32.57580 9199.65 95.9148
32.57830 9191.41 95.8718
32.58080 9186.65 95.847
32.58330 9198.09 95.9067
32.58580 9213.17 95.9852
32.58830 9227.79 96.0614
32.59080 9238.35 96.1163
32.59330 9254.89 96.2023
32.59580 9273.6 96.2995
32.59830 9293.48 96.4027
32.60080 9328.57 96.5845
32.60330 9361.29 96.7538
32.60580 9378.1 96.8406
32.60830 9421.58 97.0648
32.61080 9478.2 97.356
32.61330 9549.47 97.7214
32.61580 9659.66 98.2835
32.61830 9789.3 98.9409
32.62080 9941.3 99.7061
32.62330 10093.4 100.466
32.62580 10247.2 101.229
32.62830 10404.7 102.003
32.63080 10567.7 102.799
32.63330 10722.1 103.548
32.63580 10855.9 104.192
32.63830 10969.3 104.734
32.64080 11079.6 105.259
32.64330 11192.2 105.793
32.64580 11270.1 106.161
32.64830 11318.5 106.389
32.65080 11322.7 106.408
32.65330 11291.8 106.263
32.65580 11218.9 105.919
32.65830 11079.5 105.259
32.66080 11005.2 104.906
32.66330 10912.1 104.461
32.66580 10764.5 103.752
32.66830 10593.8 102.926
32.67080 10423.8 102.097
32.67330 10261.3 101.298
32.67580 10138.6 100.691
32.67830 10012.3 100.061
32.68080 9869.49 99.3453
32.68330 9730.2 98.6418
32.68580 9621.44 98.089
32.68830 9561.49 97.7829
32.69080 9435.06 97.1342
32.69330 9337.73 96.6319
32.69580 9299.56 96.4342
32.69830 9233.08 96.0889
32.70080 9156.68 95.6905
32.70330 9070.35 95.2384
32.70580 9016.94 94.9576
32.70830 8964.77 94.6825
32.71080 8909.15 94.3883
32.71330 8836.43 94.0023
32.71580 8781.37 93.709
32.71830 8753.72 93.5613
32.72080 8675.39 93.1418
32.72330 8604.38 92.7598
32.72580 8549.55 92.4638
32.72830 8475.81 92.0641
32.73080 8381.93 91.5529
32.73330 8263.41 90.9033
32.73580 8176.65 90.4248
32.73830 8087.35 89.9297
32.74080 7991.92 89.3976
32.74330 7924.16 89.0177
32.74580 7865.07 88.6852
32.74830 7814.65 88.4005
32.75080 7771.12 88.1539
32.75330 7724.55 87.8894
32.75580 7673.92 87.6009
32.75830 7644.85 87.4349
32.76080 7619.31 87.2887
32.76330 7596.8 87.1596
32.76580 7593.75 87.1421
32.76830 7579.23 87.0588
32.77080 7551.14 86.8973
32.77330 7537.55 86.8191
32.77580 7544.83 86.861
32.77830 7574.35 87.0308
32.78080 7569.37 87.0021
32.78330 7564.16 86.9722
32.78580 7559.3 86.9442
32.78830 7544.03 86.8564
32.79080 7531.49 86.7842
32.79330 7521.81 86.7284
32.79580 7529.14 86.7706
32.79830 7536.53 86.8132
32.80080 7544.17 86.8572
32.80330 7571.66 87.0153
32.80580 7579.59 87.0608
32.80830 7568.91 86.9995
32.81080 7557.13 86.9318
32.81330 7554.68 86.9177
32.81580 7560.83 86.953
32.81830 7568.17 86.9952
32.82080 7562.57 86.963
32.82330 7545.06 86.8623
32.82580 7516.33 86.6967
32.82830 7493.73 86.5663
32.83080 7477.85 86.4745
32.83330 7495.07 86.5741
32.83580 7508.9 86.6539
32.83830 7518.64 86.7101
32.84080 7503.99 86.6256
32.84330 7484.52 86.5131
32.84580 7463.19 86.3898
32.84830 7474.74 86.4566
32.85080 7476.67 86.4678
32.85330 7470.74 86.4335
32.85580 7459.68 86.3694
32.85830 7469.64 86.4271
32.86080 7492.36 86.5584
32.86330 7477 86.4697
32.86580 7487.46 86.5301
32.86830 7513.89 86.6827
32.87080 7509.01 86.6545
32.87330 7480.96 86.4926
32.87580 7443.55 86.276
32.87830 7475.49 86.4609
32.88080 7494.31 86.5697
32.88330 7502.24 86.6155
32.88580 7492.45 86.559
32.88830 7497.31 86.587
32.89080 7512.85 86.6767
32.89330 7537.1 86.8165
32.89580 7556.62 86.9288
32.89830 7573.16 87.0239
32.90080 7589.82 87.1196
32.90330 7609.43 87.2321
32.90580 7630.66 87.3536
32.90830 7650.51 87.4672
32.91080 7709.96 87.8064
32.91330 7794.14 88.2844
32.91580 7886.62 88.8066
32.91830 7969.51 89.2721
32.92080 8049.26 89.7177
32.92330 8143.46 90.2411
32.92580 8273.72 90.96
32.92830 8421.47 91.7686
32.93080 8555.54 92.4962
32.93330 8698.39 93.2651
32.93580 8851.29 94.0813
32.93830 9033.18 95.0431
32.94080 9195.84 95.8949
32.94330 9347.61 96.683
32.94580 9494.26 97.4385
32.94830 9671.32 98.3429
32.95080 9841.28 99.2032
32.95330 9905.52 99.5265
32.95580 9988.74 99.9437
32.95830 10077.7 100.388
32.96080 10151.6 100.755
32.96330 10165.9 100.826
32.96580 10140.3 100.699
32.96830 10061.7 100.308
32.97080 9985.27 99.9263
32.97330 9899.37 99.4956
32.97580 9771 98.8484
32.97830 9623.22 98.098
32.98080 9454.45 97.234
32.98330 9236.64 96.1075
32.98580 9036.43 95.0601
32.98830 8857.86 94.1162
32.99080 8732.35 93.447
32.99330 8623.45 92.8625
32.99580 8524.11 92.3261
32.99830 8435.39 91.8444
33.00080 8358.78 91.4264
33.00330 8289.91 91.0489
33.00580 8231.59 90.7281
33.00830 8216.31 90.6439
33.01080 8214.7 90.635
33.01330 8207.19 90.5935
33.01580 8202.14 90.5657
33.01830 8194.58 90.5239
33.02080 8176.74 90.4253
33.02330 8198.87 90.5476
33.02580 8233.41 90.7381
33.02830 8265.55 90.9151
33.03080 8252.8 90.8449
33.03330 8236.16 90.7533
33.03580 8248.35 90.8204
33.03830 8272.86 90.9553
33.04080 8309.45 91.1562
33.04330 8368.41 91.479
33.04580 8417.34 91.7461
33.04830 8467.36 92.0182
33.05080 8527.56 92.3448
33.05330 8626.24 92.8776
33.05580 8726.02 93.4131
33.05830 8802.37 93.8209
33.06080 8874.28 94.2034
33.06330 8952.99 94.6202
33.06580 9050.56 95.1344
33.06830 9137.41 95.5898
33.07080 9218.23 96.0116
33.07330 9291.42 96.392
33.07580 9320.26 96.5415
33.07830 9338.23 96.6345
33.08080 9355.32 96.7229
33.08330 9388.45 96.894
33.08580 9422.59 97.07
33.08830 9451.3 97.2178
33.09080 9433.35 97.1254
33.09330 9417.35 97.043
33.09580 9425.41 97.0846
33.09830 9429.14 97.1038
33.10080 9429.7 97.1066
33.10330 9425.72 97.0861
33.10580 9385.84 96.8805
33.10830 9347.17 96.6807
33.11080 9323.51 96.5583
33.11330 9310.02 96.4884
33.11580 9323.56 96.5586
33.11830 9383.15 96.8667
33.12080 9428.67 97.1014
33.12330 9456.57 97.2449
33.12580 9457.53 97.2499
33.12830 9474.05 97.3347
33.13080 9498.25 97.459
33.13330 9531.45 97.6291
33.13580 9579.25 97.8736
33.13830 9641.13 98.1893
33.14080 9722.68 98.6037
33.14330 9849.24 99.2433
33.14580 9971.92 99.8595
33.14830 10079 100.394
33.15080 10245.1 101.218
33.15330 10424.3 102.099
33.15580 10612.8 103.018
33.15830 10797 103.908
33.16080 10993.1 104.848
33.16330 11207.5 105.866
33.16580 11401.6 106.778
33.16830 11555 107.494
33.17080 11653.2 107.95
33.17330 11757.3 108.431
33.17580 11827.4 108.754
33.17830 11849.9 108.857
33.18080 11833.2 108.781
33.18330 11780.1 108.536
33.18580 11682.6 108.086
33.18830 11497.8 107.228
33.19080 11264.5 106.134
33.19330 10976.8 104.77
33.19580 10706.2 103.471
33.19830 10406.1 102.01
33.20080 10067.9 100.339
33.20330 9763.68 98.8113
33.20580 9474.8 97.3386
33.20830 9202.22 95.9282
33.21080 8977.11 94.7476
33.21330 8755.46 93.5706
33.21580 8535.39 92.3872
33.21830 8397.11 91.6358
33.22080 8280.09 90.995
33.22330 8183.78 90.4642
33.22580 8123.68 90.1314
33.22830 8087.39 89.9299
33.23080 8076.08 89.867
33.23330 8031.97 89.6213
33.23580 7998.08 89.432
33.23830 7975.64 89.3065
33.24080 7947.97 89.1514
33.24330 7936.47 89.0869
33.24580 7941.57 89.1155
33.24830 7926.46 89.0306
33.25080 7933.31 89.0691
33.25330 7961.71 89.2284
33.25580 7950.19 89.1638
33.25830 7955.87 89.1957
33.26080 7977.58 89.3173
33.26330 7968.04 89.2639
33.26580 7985.03 89.359
33.26830 8026.21 89.5891
33.27080 8049.72 89.7202
33.27330 8076.81 89.8711
33.27580 8107.03 90.039
33.27830 8134.34 90.1906
33.28080 8174.08 90.4106
33.28330 8223.24 90.6821
33.28580 8239.38 90.771
33.28830 8272.64 90.9541
33.29080 8322.48 91.2276
33.29330 8415.98 91.7387
33.29580 8504.79 92.2214
33.29830 8588.23 92.6727
33.30080 8645.29 92.9801
33.30330 8745.37 93.5167
33.30580 8875.65 94.2106
33.30830 8953.4 94.6224
33.31080 9043.36 95.0966
33.31330 9145.75 95.6334
33.31580 9288.64 96.3776
33.31830 9404.11 96.9748
33.32080 9500.24 97.4692
33.32330 9605.42 98.0073
33.32580 9687.74 98.4263
33.32830 9759.19 98.7886
33.33080 9885.65 99.4266
33.33330 10021.6 100.108
33.33580 10157.9 100.786
33.33830 10235.9 101.172
33.34080 10346 101.715
33.34330 10472.6 102.336
33.34580 10557.4 102.749
33.34830 10662 103.257
33.35080 10774.8 103.802
33.35330 10851.7 104.171
33.35580 10922 104.509
33.35830 10992.1 104.843
33.36080 11088.9 105.304
33.36330 11145 105.57
33.36580 11185.6 105.762
33.36830 11285.9 106.235
33.37080 11300.4 106.303
33.37330 11260.1 106.114
33.37580 11186.8 105.768
33.37830 11090.4 105.311
33.38080 10973.1 104.753
33.38330 10809.4 103.968
33.38580 10673.3 103.312
33.38830 10548.3 102.705
33.39080 10401.7 101.989
33.39330 10237.7 101.182
33.39580 10069.7 100.348
33.39830 9927.17 99.6352
33.40080 9775.47 98.871
33.40330 9624.46 98.1043
33.40580 9499.13 97.4635
33.40830 9365.24 96.7742
33.41080 9238.7 96.1181
33.41330 9164.66 95.7322
33.41580 9144.73 95.6281
33.41830 9146.05 95.635
33.42080 9130.85 95.5555
33.42330 9142.96 95.6188
33.42580 9173.63 95.7791
33.42830 9230.55 96.0758
33.43080 9296.3 96.4173
33.43330 9368.79 96.7925
33.43580 9452.77 97.2254
33.43830 9523.51 97.5885
33.44080 9590.35 97.9303
33.44330 9662.98 98.3005
33.44580 9762.03 98.803
33.44830 9858.58 99.2904
33.45080 9909.3 99.5455
33.45330 9917.98 99.5891
33.45580 9903.46 99.5161
33.45830 9864.55 99.3205
33.46080 9824.12 99.1167
33.46330 9768.54 98.8359
33.46580 9666 98.3158
33.46830 9558.07 97.7654
33.47080 9446.51 97.1932
33.47330 9329.63 96.59
33.47580 9186.93 95.8485
33.47830 9037.12 95.0638
33.48080 8891.8 94.2963
33.48330 8750.44 93.5438
33.48580 8612.15 92.8017
33.48830 8478.96 92.0812
33.49080 8390.61 91.6003
33.49330 8316.78 91.1964
33.49580 8245.1 90.8025
33.49830 8205.85 90.5861
33.50080 8175.52 90.4186
33.50330 8143.78 90.2429
33.50580 8123.29 90.1293
33.50830 8110.59 90.0588
33.51080 8109.48 90.0527
33.51330 8105.96 90.0331
33.51580 8117.36 90.0964
33.51830 8166.09 90.3664
33.52080 8184.04 90.4657
33.52330 8199.11 90.5489
33.52580 8225.45 90.6943
33.52830 8243.02 90.7911
33.53080 8275.7 90.9709
33.53330 8346.46 91.359
33.53580 8360.84 91.4376
33.53830 8361.55 91.4415
33.54080 8360.43 91.4354
33.54330 8379.53 91.5398
33.54580 8422.34 91.7733
33.54830 8504.93 92.2222
33.55080 8535.7 92.3889
33.55330 8581.59 92.6369
33.55580 8678.17 93.1567
33.55830 8715.9 93.359
33.56080 8756.93 93.5785
33.56330 8825.69 93.9451
33.56580 8965.06 94.684
33.56830 9100.93 95.3988
33.57080 9207.05 95.9534
33.57330 9353.96 96.7159
33.57580 9494.75 97.441
33.57830 9612.53 98.0435
33.58080 9824.59 99.119
33.58330 10035.1 100.175
33.58580 10217.6 101.082
33.58830 10410.2 102.031
33.59080 10613.9 103.024
33.59330 10833.3 104.083
33.59580 10985.8 104.813
33.59830 11128 105.489
33.60080 11268.2 106.152
33.60330 11346.7 106.521
33.60580 11373.9 106.649
33.60830 11333.7 106.46
33.61080 11308.2 106.34
33.61330 11246.6 106.05
33.61580 11128.8 105.493
33.61830 11030.2 105.025
33.62080 10892.1 104.365
33.62330 10694.5 103.414
33.62580 10476.5 102.355
33.62830 10259.5 101.289
33.63080 10046.4 100.232
33.63330 9798.92 98.9895
33.63580 9552.43 97.7365
33.63830 9311.14 96.4942
33.64080 9143.3 95.6206
33.64330 8982.85 94.7779
33.64580 8824.86 93.9407
33.64830 8683.94 93.1877
33.65080 8558.38 92.5115
33.65330 8450.75 91.928
33.65580 8337.08 91.3076
33.65830 8241.24 90.7813
33.66080 8167.53 90.3744
33.66330 8123.64 90.1312
33.66580 8104.16 90.0231
33.66830 8111.8 90.0655
33.67080 8042 89.6772
33.67330 7986.06 89.3648
33.67580 7949.31 89.1589
33.67830 7988.21 89.3768
33.68080 8004.91 89.4702
33.68330 7994.7 89.4131
33.68580 8010.48 89.5013
33.68830 8014.88 89.5259
33.69080 8006.58 89.4795
33.69330 8031.25 89.6172
33.69580 8084.75 89.9153
33.69830 8167.62 90.3749
33.70080 8223.44 90.6832
33.70330 8270.95 90.9448
33.70580 8310.59 91.1624
33.70830 8426.21 91.7944
33.71080 8521.77 92.3134
33.71330 8598.18 92.7264
33.71580 8691.89 93.2303
33.71830 8771.74 93.6575
33.72080 8838.52 94.0134
33.72330 8901.12 94.3457
33.72580 8927.93 94.4877
33.72830 8922.25 94.4576
33.73080 8912.7 94.4071
33.73330 8888.43 94.2785
33.73580 8849.91 94.074
33.73830 8776.43 93.6826
33.74080 8674.68 93.138
33.74330 8551.34 92.4735
33.74580 8477.58 92.0738
33.74830 8390.77 91.6012
33.75080 8295.79 91.0812
33.75330 8245.06 90.8023
33.75580 8166.51 90.3687
33.75830 8068.45 89.8245
33.76080 8009.07 89.4934
33.76330 7970.28 89.2764
33.76580 7950.71 89.1668
33.76830 7976.76 89.3127
33.77080 8002.39 89.4561
33.77330 8031.28 89.6174
33.77580 8102.01 90.0112
33.77830 8174.41 90.4125
33.78080 8254.53 90.8545
33.78330 8403.38 91.67
33.78580 8524.71 92.3294
33.78830 8633.58 92.917
33.79080 8805.43 93.8372
33.79330 9007.63 94.9085
33.79580 9236.6 96.1072
33.79830 9521.68 97.5791
33.80080 9826.86 99.1305
33.80330 10149.7 100.746
33.80580 10510.3 102.52
33.80830 10866.2 104.241
33.81080 11211.5 105.884
33.81330 11500.9 107.242
33.81580 11794.2 108.601
33.81830 12073.4 109.879
33.82080 12240.9 110.639
33.82330 12366.6 111.205
33.82580 12441.9 111.543
33.82830 12351.6 111.138
33.83080 12233.6 110.606
33.83330 12095 109.977
33.83580 11926.7 109.209
33.83830 11684.2 108.093
33.84080 11400.9 106.775
33.84330 11114.5 105.425
33.84580 10836.9 104.1
33.84830 10573.4 102.827
33.85080 10359.9 101.783
33.85330 10198.5 100.988
33.85580 10071.4 100.357
33.85830 9983.04 99.9152
33.86080 9938.11 99.6901
33.86330 9926.35 99.6311
33.86580 9970.55 99.8527
33.86830 10121.2 100.604
33.87080 10297.8 101.478
33.87330 10369.7 101.832
33.87580 10490.5 102.423
33.87830 10644.1 103.17
33.88080 10842.5 104.127
33.88330 11048.7 105.113
33.88580 11278.6 106.201
33.88830 11588.8 107.651
33.89080 11985.1 109.476
33.89330 12421.1 111.45
33.89580 12871.6 113.453
33.89830 13384.2 115.69
33.90080 13924.2 118.001
33.90330 14473.7 120.307
33.90580 14995.9 122.458
33.90830 15495.1 124.479
33.91080 15951.9 126.301
33.91330 16366.6 127.932
33.91580 16731.1 129.349
33.91830 16982.9 130.318
33.92080 17013.1 130.434
33.92330 16947.3 130.182
33.92580 16826.5 129.717
33.92830 16576.4 128.75
33.93080 16219.8 127.357
33.93330 15675.6 125.202
33.93580 15044.6 122.656
33.93830 14363.9 119.849
33.94080 13621.7 116.712
33.94330 12848.5 113.351
33.94580 12112 110.055
33.94830 11501.8 107.246
33.95080 10965.2 104.715
33.95330 10437.2 102.162
33.95580 9874.68 99.3714
33.95830 9458.55 97.2551
33.96080 9110.95 95.4513
33.96330 8832.04 93.9789
33.96580 8615.23 92.8183
33.96830 8431.78 91.8247
33.97080 8288.71 91.0423
33.97330 8181.55 90.4519
33.97580 8088.4 89.9355
33.97830 8006.49 89.479
33.98080 7964.06 89.2416
33.98330 7934.12 89.0737
33.98580 7910.7 88.9421
33.98830 7865.78 88.6892
33.99080 7821.31 88.4381
33.99330 7788.43 88.2521
33.99580 7815.26 88.4039
33.99830 7842.99 88.5607
34.00080 7845.65 88.5757
34.00330 7840.71 88.5478
34.00580 7825.12 88.4597
34.00830 7791.38 88.2688
34.01080 7786.71 88.2423
34.01330 7791.56 88.2698
34.01580 7803.91 88.3397
34.01830 7835.49 88.5183
34.02080 7857.49 88.6425
34.02330 7855.15 88.6293
34.02580 7901.29 88.8892
34.02830 7945.8 89.1392
34.03080 7972.56 89.2892
34.03330 8084.2 89.9122
34.03580 8187.78 90.4864
34.03830 8253.96 90.8513
34.04080 8340.49 91.3263
34.04330 8440.82 91.8739
34.04580 8559.14 92.5156
34.04830 8734.53 93.4587
34.05080 8882.67 94.2479
34.05330 8974.18 94.7322
34.05580 9125.89 95.5295
34.05830 9262.55 96.2421
34.06080 9363.84 96.7669
34.06330 9448.74 97.2046
34.06580 9546.86 97.708
34.06830 9667.75 98.3247
34.07080 9722.95 98.605
34.07330 9776.37 98.8755
34.07580 9837.39 99.1836
34.07830 9815.96 99.0755
34.08080 9805.96 99.025
34.08330 9823.22 99.1121
34.08580 9832.84 99.1607
34.08830 9825.76 99.125
34.09080 9796.87 98.9791
34.09330 9770.17 98.8442
34.09580 9720.72 98.5937
34.09830 9641.14 98.1893
34.10080 9600.15 97.9804
34.10330 9529.52 97.6193
34.10580 9417.91 97.0459
34.10830 9265.62 96.2581
34.11080 9099.3 95.3902
34.11330 8918.67 94.4387
34.11580 8786.95 93.7387
34.11830 8677.55 93.1533
34.12080 8591.78 92.6919
34.12330 8394.5 91.6215
34.12580 8223.39 90.6829
34.12830 8087.58 89.931
34.13080 7995.07 89.4151
34.13330 7890.32 88.8275
34.13580 7770.45 88.1501
34.13830 7699.68 87.7478
34.14080 7650.5 87.4672
34.14330 7623.35 87.3118
34.14580 7561.03 86.9542
34.14830 7504.85 86.6305
34.15080 7455.61 86.3459
34.15330 7425.03 86.1686
34.15580 7404.77 86.051
34.15830 7394.76 85.9928
34.16080 7373.28 85.8678
34.16330 7345.7 85.7071
34.16580 7312.73 85.5145
34.16830 7333 85.633
34.17080 7328.86 85.6088
34.17330 7301.76 85.4503
34.17580 7279.35 85.3191
34.17830 7294.4 85.4073
34.18080 7341.76 85.6841
34.18330 7320.59 85.5604
34.18580 7312.54 85.5134
34.18830 7315.64 85.5315
34.19080 7306.4 85.4775
34.19330 7304.55 85.4667
34.19580 7308.97 85.4925
34.19830 7312.11 85.5109
34.20080 7296.05 85.4169
34.20330 7264.75 85.2335
34.20580 7245.45 85.1202
34.20830 7251.14 85.1536
34.21080 7275.37 85.2958
34.21330 7277 85.3053
34.21580 7273.39 85.2841
34.21830 7266.3 85.2426
34.22080 7267.1 85.2473
34.22330 7295.49 85.4137
34.22580 7341.14 85.6804
34.22830 7345.77 85.7075
34.23080 7349.93 85.7317
34.23330 7353.76 85.7541
34.23580 7357.72 85.7771
34.23830 7369.69 85.8469
34.24080 7385.24 85.9374
34.24330 7380.93 85.9123
34.24580 7392.28 85.9784
34.24830 7414.1 86.1052
34.25080 7434.87 86.2257
34.25330 7437.39 86.2403
34.25580 7428.76 86.1902
34.25830 7426.31 86.176
34.26080 7425.8 86.1731
34.26330 7427.26 86.1816
34.26580 7434.3 86.2224
34.26830 7447.47 86.2987
34.27080 7458.18 86.3608
34.27330 7425.94 86.1739
34.27580 7421.86 86.1502
34.27830 7428.35 86.1879
34.28080 7396.06 86.0004
34.28330 7396.09 86.0005
34.28580 7405.47 86.0551
34.28830 7360.62 85.794
34.29080 7341.2 85.6808
34.29330 7333.57 85.6363
34.29580 7313.87 85.5212
34.29830 7305.94 85.4748
34.30080 7303.44 85.4602
34.30330 7296.84 85.4216
34.30580 7293.08 85.3995
34.30830 7288.58 85.3732
34.31080 7273.16 85.2829
34.31330 7254.33 85.1724
34.31580 7240.99 85.094
34.31830 7261.4 85.2138
34.32080 7254.22 85.1717
34.32330 7238.06 85.0768
34.32580 7239.94 85.0878
34.32830 7214.64 84.939
34.33080 7192.03 84.8058
34.33330 7232.99 85.047
34.33580 7252.23 85.1601
34.33830 7254.56 85.1737
34.34080 7227.18 85.0128
34.34330 7228.04 85.0179
34.34580 7236.35 85.0667
34.34830 7227.69 85.0158
34.35080 7223.21 84.9895
34.35330 7226.02 85.006
34.35580 7249.13 85.1418
34.35830 7229.61 85.0271
34.36080 7195.65 84.8272
34.36330 7169.07 84.6704
34.36580 7191.38 84.802
34.36830 7230.36 85.0315
34.37080 7264.2 85.2303
34.37330 7270.32 85.2662
34.37580 7273.43 85.2844
34.37830 7298.27 85.4299
34.38080 7318.97 85.5509
34.38330 7326.03 85.5922
34.38580 7296.29 85.4183
34.38830 7325.78 85.5908
34.39080 7367.24 85.8326
34.39330 7387.21 85.9489
34.39580 7439.57 86.253
34.39830 7505.69 86.6354
34.40080 7581.75 87.0733
34.40330 7641.72 87.417
34.40580 7695.82 87.7258
34.40830 7747.09 88.0176
34.41080 7804.26 88.3417
34.41330 7868.21 88.7029
34.41580 7945.12 89.1354
34.41830 7980.35 89.3328
34.42080 8000.87 89.4476
34.42330 8013.16 89.5162
34.42580 8007.81 89.4864
34.42830 7998.96 89.4369
34.43080 7992.6 89.4014
34.43330 7943.1 89.124
34.43580 7893.25 88.8439
34.43830 7866.63 88.694
34.44080 7789.82 88.26
34.44330 7716.65 87.8445
34.44580 7676.87 87.6177
34.44830 7658.03 87.5102
34.45080 7630.2 87.351
34.45330 7573.85 87.0279
34.45580 7559.39 86.9448
34.45830 7562.21 86.961
34.46080 7582.22 87.0759
34.46330 7577.07 87.0464
34.46580 7582.29 87.0764
34.46830 7617.3 87.2771
34.47080 7657.55 87.5074
34.47330 7711.7 87.8163
34.47580 7790.07 88.2614
34.47830 7822.59 88.4454
34.48080 7846.23 88.5789
34.48330 7868.24 88.7031
34.48580 7881.69 88.7789
34.48830 7884.09 88.7924
34.49080 7869.64 88.711
34.49330 7855.65 88.6321
34.49580 7845.6 88.5754
34.49830 7842.06 88.5554
34.50080 7823.67 88.4515
34.50330 7800.96 88.323
34.50580 7774.61 88.1738
34.50830 7753.41 88.0535
34.51080 7724.39 87.8885
34.51330 7682.02 87.6471
34.51580 7690.7 87.6966
34.51830 7716.82 87.8454
34.52080 7760.16 88.0918
34.52330 7725.79 87.8965
34.52580 7717.12 87.8471
34.52830 7758.62 88.083
34.53080 7794.37 88.2857
34.53330 7869.97 88.7128
34.53580 8002.87 89.4588
34.53830 8074.22 89.8567
34.54080 8163.56 90.3524
34.54330 8285.11 91.0226
34.54580 8472.95 92.0486
34.54830 8677.17 93.1514
34.55080 8896.09 94.3191
34.55330 9150.3 95.6572
34.55580 9394.46 96.925
34.55830 9622.55 98.0946
34.56080 9853.33 99.2639
34.56330 10075.8 100.378
34.56580 10287.8 101.429
34.56830 10478.7 102.366
34.57080 10620.7 103.057
34.57330 10705.3 103.466
34.57580 10775.2 103.804
34.57830 10800.7 103.926
34.58080 10775.3 103.804
34.58330 10742.1 103.644
34.58580 10687.5 103.38
34.58830 10609.1 103.001
34.59080 10427.4 102.115
34.59330 10249.9 101.242
34.59580 10079.9 100.399
34.59830 9855.31 99.2739
34.60080 9633.77 98.1518
34.60330 9416.46 97.0384
34.60580 9205.12 95.9433
34.60830 9018.23 94.9644
34.61080 8856.14 94.1071
34.61330 8639.79 92.9505
34.61580 8504.78 92.2214
34.61830 8449.76 91.9226
34.62080 8394.5 91.6215
34.62330 8344.57 91.3486
34.62580 8300.22 91.1055
34.62830 8284.7 91.0203
34.63080 8284.01 91.0165
34.63330 8296.63 91.0858
34.63580 8295.74 91.081
34.63830 8346.5 91.3592
34.64080 8443.4 91.888
34.64330 8544.27 92.4352
34.64580 8646.22 92.985
34.64830 8750.95 93.5465
34.65080 8899.15 94.3353
34.65330 9065.98 95.2155
34.65580 9250.51 96.1796
34.65830 9476.76 97.3487
34.66080 9719.45 98.5873
34.66330 9978.08 99.8903
34.66580 10280.3 101.392
34.66830 10598.2 102.947
34.67080 10929.3 104.543
34.67330 11275.6 106.187
34.67580 11605.8 107.73
34.67830 11930.9 109.228
34.68080 12343.8 111.103
34.68330 12699.2 112.691
34.68580 13009.7 114.06
34.68830 13288.4 115.275
34.69080 13505.3 116.212
34.69330 13683.4 116.976
34.69580 13906.9 117.927
34.69830 14069.5 118.615
34.70080 14196.9 119.151
34.70330 14381.2 119.922
34.70580 14396.2 119.984
34.70830 14293 119.553
34.71080 14135.8 118.894
34.71330 13953 118.123
34.71580 13743.9 117.234
34.71830 13456.6 116.003
34.72080 13139.7 114.629
34.72330 12801.3 113.143
34.72580 12439.6 111.533
34.72830 12098.2 109.992
34.73080 11764.6 108.465
34.73330 11403.1 106.785
34.73580 11031 105.029
34.73830 10647.9 103.189
34.74080 10234.5 101.166
34.74330 9879.37 99.395
34.74580 9563.42 97.7927
34.74830 9288.03 96.3744
34.75080 9034.35 95.0492
34.75330 8791.24 93.7616
34.75580 8542.74 92.4269
34.75830 8361.72 91.4425
34.76080 8215.36 90.6386
34.76330 8068.84 89.8267
34.76580 7980.78 89.3352
34.76830 7920.97 88.9999
34.77080 7857.81 88.6443
34.77330 7798.86 88.3112
34.77580 7742.45 87.9912
34.77830 7688.45 87.6838
34.78080 7655.11 87.4935
34.78330 7636.05 87.3845
34.78580 7637.49 87.3928
34.78830 7623.1 87.3104
34.79080 7604.86 87.2058
34.79330 7599.44 87.1748
34.79580 7614.76 87.2626
34.79830 7643.12 87.425
34.80080 7687.82 87.6802
34.80330 7742.17 87.9896
34.80580 7795.16 88.2902
34.80830 7828.72 88.4801
34.81080 7890.32 88.8275
34.81330 7964.38 89.2434
34.81580 8043.51 89.6856
34.81830 8135.77 90.1985
34.82080 8230.14 90.7201
34.82330 8315.1 91.1872
34.82580 8404.2 91.6744
34.82830 8495.39 92.1705
34.83080 8588.49 92.6741
34.83330 8702.16 93.2854
34.83580 8807.05 93.8459
34.83830 8863.4 94.1456
34.84080 8893.16 94.3036
34.84330 8928.41 94.4902
34.84580 9005.41 94.8968
34.84830 9009.83 94.9201
34.85080 8985.57 94.7922
34.85330 8945.4 94.5801
34.85580 8916.3 94.4262
34.85830 8877 94.2178
34.86080 8801.36 93.8156
34.86330 8726.8 93.4173
34.86580 8672.13 93.1243
34.86830 8667.86 93.1013
34.87080 8642.24 92.9636
34.87330 8615.28 92.8186
34.87580 8599.59 92.734
34.87830 8636.22 92.9312
34.88080 8691.2 93.2266
34.88330 8757.2 93.5799
34.88580 8837.85 94.0099
34.88830 8943.68 94.571
34.89080 9098.64 95.3868
34.89330 9246.79 96.1602
34.89580 9392.75 96.9162
34.89830 9537.45 97.6599
34.90080 9703.49 98.5063
34.90330 9871.38 99.3548
34.90580 10033.1 100.165
34.90830 10156.6 100.78
34.91080 10267.3 101.328
34.91330 10368.4 101.825
34.91580 10400.5 101.983
34.91830 10398.5 101.973
34.92080 10356.4 101.766
34.92330 10269.8 101.34
34.92580 10159 100.792
34.92830 10018.3 100.092
34.93080 9893.48 99.466
34.93330 9749.73 98.7407
34.93580 9566.41 97.808
34.93830 9456.11 97.2425
34.94080 9340.5 96.6462
34.94330 9194.22 95.8865
34.94580 9108.06 95.4361
34.94830 9061.11 95.1899
34.95080 9065.06 95.2106
34.95330 9040.4 95.081
34.95580 9006.6 94.9031
34.95830 8964.53 94.6812
34.96080 8981.08 94.7686
34.96330 9029.95 95.0261
34.96580 9117.7 95.4867
34.96830 9188.23 95.8553
34.97080 9271.45 96.2884
34.97330 9377.34 96.8367
34.97580 9441.12 97.1654
34.97830 9504.27 97.4899
34.98080 9573.47 97.8441
34.98330 9614.59 98.054
34.98580 9656.4 98.267
34.98830 9703.26 98.5051
34.99080 9640.34 98.1852
34.99330 9596.32 97.9608
34.99580 9592.41 97.9408
34.99830 9564.76 97.7996
35.00080 9514.76 97.5437
35.00330 9437.5 97.1468
35.00580 9370.79 96.8028
35.00830 9277.41 96.3193
35.01080 9148.56 95.6481
35.01330 9023.96 94.9945
35.01580 8920.7 94.4494
35.01830 8843.75 94.0412
35.02080 8710.54 93.3303
35.02330 8570.71 92.5781
35.02580 8426.57 91.7964
35.02830 8293.71 91.0698
35.03080 8172.23 90.4004
35.03330 8063.49 89.797
35.03580 7984.53 89.3562
35.03830 7901.52 88.8905
35.04080 7812.74 88.3897
35.04330 7752.36 88.0475
35.04580 7708.78 87.7997
35.04830 7682.76 87.6514
35.05080 7663.86 87.5435
35.05330 7653.37 87.4835
35.05580 7651.65 87.4737
35.05830 7625.43 87.3237
35.06080 7622.84 87.3089
35.06330 7644.72 87.4341
35.06580 7676.85 87.6176
35.06830 7719.7 87.8618
35.07080 7773.34 88.1665
35.07330 7854.57 88.626
35.07580 7953.41 89.1819
35.07830 8069.45 89.8301
35.08080 8204.98 90.5814
35.08330 8363.05 91.4497
35.08580 8542.6 92.4262
35.08830 8746.55 93.523
35.09080 8975.5 94.7391
35.09330 9227.93 96.0621
35.09580 9511.74 97.5282
35.09830 9820.26 99.0972
35.10080 10149.6 100.745
35.10330 10462.8 102.288
35.10580 10772.4 103.79
35.10830 11076.9 105.247
35.11080 11338.8 106.484
35.11330 11593.8 107.674
35.11580 11844.8 108.834
35.11830 12125.9 110.118
35.12080 12299.7 110.904
35.12330 12389.1 111.306
35.12580 12480.2 111.715
35.12830 12523.3 111.907
35.13080 12520.7 111.896
35.13330 12400.2 111.356
35.13580 12231.7 110.597
35.13830 12023.6 109.652
35.14080 11766.3 108.472
35.14330 11502.9 107.251
35.14580 11232.3 105.982
35.14830 10931.3 104.553
35.15080 10609.8 103.004
35.15330 10274.7 101.364
35.15580 9944.88 99.724
35.15830 9631.3 98.1392
35.16080 9330.27 96.5933
35.16330 9044.34 95.1017
35.16580 8797.44 93.7947
35.16830 8578.5 92.6202
35.17080 8382.25 91.5546
35.17330 8210.57 90.6122
35.17580 8058.13 89.7671
35.17830 7934.76 89.0773
35.18080 7839.55 88.5412
35.18330 7758.48 88.0822
35.18580 7659.24 87.5171
35.18830 7601.78 87.1882
35.19080 7571.94 87.0169
35.19330 7563.79 86.97
35.19580 7549.53 86.888
35.19830 7534.4 86.8009
35.20080 7534.01 86.7987
35.20330 7535.29 86.806
35.20580 7538.79 86.8262
35.20830 7549.55 86.8881
35.21080 7561.74 86.9582
35.21330 7573.9 87.0281
35.21580 7582.07 87.0751
35.21830 7597.08 87.1612
35.22080 7613.84 87.2573
35.22330 7622.48 87.3068
35.22580 7627.1 87.3333
35.22830 7630.96 87.3554
35.23080 7640.23 87.4084
35.23330 7633.67 87.3709
35.23580 7621.3 87.3
35.23830 7615.66 87.2677
35.24080 7586.57 87.1009
35.24330 7547.87 86.8785
35.24580 7512.67 86.6757
35.24830 7490.37 86.5469
35.25080 7470.22 86.4304
35.25330 7436.83 86.2371
35.25580 7398.36 86.0137
35.25830 7355.71 85.7654
35.26080 7305.27 85.4709
35.26330 7283.81 85.3452
35.26580 7278.36 85.3133
35.26830 7288.9 85.375
35.27080 7295.78 85.4153
35.27330 7294.26 85.4065
35.27580 7269.06 85.2588
35.27830 7230.42 85.0319
35.28080 7197.77 84.8397
35.28330 7200.28 84.8544
35.28580 7217.11 84.9536
35.28830 7229.26 85.025
35.29080 7211.43 84.9201
35.29330 7196.27 84.8308
35.29580 7187.3 84.7779
35.29830 7193.99 84.8174
35.30080 7207.61 84.8976
35.30330 7220.8 84.9753
35.30580 7226.5 85.0088
35.30830 7233.27 85.0486
35.31080 7237.11 85.0712
35.31330 7232.15 85.0421
35.31580 7224.34 84.9961
35.31830 7222.45 84.985
35.32080 7238.13 85.0772
35.32330 7232.03 85.0413
35.32580 7218.62 84.9624
35.32830 7202.15 84.8655
35.33080 7202.1 84.8652
35.33330 7204.52 84.8795
35.33580 7202.4 84.867
35.33830 7214.43 84.9378
35.34080 7224.12 84.9948
35.34330 7220.2 84.9717
35.34580 7226.61 85.0095
35.34830 7244.76 85.1162
35.35080 7283.47 85.3432
35.35330 7285.55 85.3554
35.35580 7289.71 85.3798
35.35830 7316.14 85.5344
35.36080 7334.14 85.6396
35.36330 7345.83 85.7078
35.36580 7348.28 85.7221
35.36830 7433.57 86.2182
35.37080 7510.38 86.6624
35.37330 7536.98 86.8158
35.37580 7590.77 87.125
35.37830 7644.44 87.4325
35.38080 7687.95 87.681
35.38330 7761.14 88.0973
35.38580 7827.02 88.4705
35.38830 7869.63 88.7109
35.39080 7950.88 89.1677
35.39330 8043.28 89.6843
35.39580 8143.92 90.2437
35.39830 8212.1 90.6207
35.40080 8282.61 91.0088
35.40330 8365.87 91.4651
35.40580 8422.97 91.7767
35.40830 8470.67 92.0362
35.41080 8509.13 92.2449
35.41330 8545.5 92.4419
35.41580 8577.56 92.6151
35.41830 8603.17 92.7533
35.42080 8603.32 92.7541
35.42330 8584.85 92.6544
35.42580 8542.52 92.4258
35.42830 8503.66 92.2153
35.43080 8467.79 92.0206
35.43330 8435.82 91.8467
35.43580 8364.75 91.459
35.43830 8304.43 91.1287
35.44080 8265.54 90.915
35.44330 8253.62 90.8495
35.44580 8243.34 90.7928
35.44830 8231.78 90.7292
35.45080 8257.31 90.8697
35.45330 8300.69 91.1081
35.45580 8363.9 91.4544
35.45830 8481.56 92.0954
35.46080 8607.05 92.7742
35.46330 8737.41 93.4741
35.46580 8936.86 94.535
35.46830 9163.59 95.7266
35.47080 9418.99 97.0515
35.47330 9802.33 99.0067
35.47580 10187.8 100.935
35.47830 10567 102.796
35.48080 11025.1 105.001
35.48330 11477.3 107.132
35.48580 11918 109.17
35.48830 12373.8 111.237
35.49080 12809.1 113.177
35.49330 13220.3 114.98
35.49580 13682.4 116.972
35.49830 14082.3 118.669
35.50080 14411.9 120.049
35.50330 14649.7 121.036
35.50580 14828.9 121.774
35.50830 14947.4 122.26
35.51080 15012 122.524
35.51330 15026.1 122.581
35.51580 14988.5 122.427
35.51830 14867.1 121.931
35.52080 14668.1 121.112
35.52330 14391.5 119.965
35.52580 14021.4 118.412
35.52830 13608.7 116.656
35.53080 13154.8 114.694
35.53330 12702.7 112.706
35.53580 12222.6 110.556
35.53830 11717.3 108.246
35.54080 11253.9 106.085
35.54330 10789.8 103.874
35.54580 10328 101.627
35.54830 9965.25 99.8261
35.55080 9611.7 98.0393
35.55330 9269.59 96.2787
35.55580 9014.99 94.9473
35.55830 8782.75 93.7163
35.56080 8571.04 92.5799
35.56330 8392.45 91.6103
35.56580 8250.44 90.8319
35.56830 8140.14 90.2227
35.57080 8059.8 89.7764
35.57330 7984.95 89.3586
35.57580 7912.8 88.9539
35.57830 7815.37 88.4046
35.58080 7761.86 88.1014
35.58330 7741.85 87.9878
35.58580 7719 87.8578
35.58830 7677.32 87.6203
35.59080 7623.67 87.3136
35.59330 7593.89 87.1429
35.59580 7575.39 87.0367
35.59830 7563.92 86.9708
35.60080 7541.11 86.8396
35.60330 7520.72 86.7221
35.60580 7501.73 86.6125
35.60830 7480.24 86.4884
35.61080 7426.08 86.1747
35.61330 7356.75 85.7715
35.61580 7346.2 85.71
35.61830 7351.83 85.7428
35.62080 7360.34 85.7924
35.62330 7307.96 85.4866
35.62580 7282.97 85.3403
35.62830 7277.93 85.3108
35.63080 7293.69 85.4031
35.63330 7288.19 85.3709
35.63580 7269.04 85.2587
35.63830 7244.45 85.1143
35.64080 7237.84 85.0755
35.64330 7241.01 85.0941
35.64580 7239.57 85.0857
35.64830 7232.26 85.0427
35.65080 7222.96 84.988
35.65330 7221.56 84.9798
35.65580 7223.71 84.9924
35.65830 7224.01 84.9942
35.66080 7203.23 84.8718
35.66330 7196.05 84.8295
35.66580 7196.17 84.8302
35.66830 7197.25 84.8366
35.67080 7190.98 84.7996
35.67330 7180.85 84.7399
35.67580 7170.02 84.676
35.67830 7171.49 84.6847
35.68080 7177.32 84.7191
35.68330 7175.58 84.7088
35.68580 7188.52 84.7851
35.68830 7205.15 84.8832
35.69080 7207.73 84.8984
35.69330 7200.61 84.8564
35.69580 7191.06 84.8001
35.69830 7189.62 84.7916
35.70080 7200.76 84.8573
35.70330 7209.47 84.9086
35.70580 7186.96 84.776
35.70830 7186.21 84.7715
35.71080 7194.08 84.8179
35.71330 7200.27 84.8544
35.71580 7209.5 84.9088
35.71830 7218.24 84.9602
35.72080 7220.79 84.9753
35.72330 7249.17 85.142
35.72580 7279.46 85.3197
35.72830 7282.31 85.3365
35.73080 7327.71 85.6021
35.73330 7383.71 85.9285
35.73580 7423.02 86.1569
35.73830 7476.7 86.4679
35.74080 7528.78 86.7685
35.74330 7559.99 86.9482
35.74580 7643.44 87.4268
35.74830 7741.11 87.9836
35.75080 7828.35 88.4779
35.75330 7909.04 88.9328
35.75580 7984.71 89.3572
35.75830 8052.07 89.7333
35.76080 8133.71 90.1871
35.76330 8216.41 90.6444
35.76580 8289.84 91.0485
35.76830 8369.39 91.4844
35.77080 8433.23 91.8326
35.77330 8450.95 91.929
35.77580 8461.82 91.9881
35.77830 8462.03 91.9893
35.78080 8440.21 91.8706
35.78330 8431.46 91.823
35.78580 8396.72 91.6336
35.78830 8290.45 91.0519
35.79080 8214.19 90.6322
35.79330 8148.36 90.2683
35.79580 8088.92 89.9384
35.79830 8048.39 89.7128
35.80080 8004.16 89.466
35.80330 7941.35 89.1142
35.80580 7887.16 88.8097
35.80830 7843.03 88.5609
35.81080 7816.31 88.4099
35.81330 7754.75 88.061
35.81580 7716.24 87.8421
35.81830 7741.42 87.9854
35.82080 7704.38 87.7746
35.82330 7662.31 87.5347
35.82580 7635.87 87.3835
35.82830 7624.88 87.3205
35.83080 7622.1 87.3047
35.83330 7629.39 87.3464
35.83580 7601.98 87.1894
35.83830 7572.57 87.0205
35.84080 7551.24 86.8979
35.84330 7532.85 86.792
35.84580 7513.15 86.6784
35.84830 7490.17 86.5458
35.85080 7473.41 86.4489
35.85330 7448.15 86.3027
35.85580 7406.45 86.0607
35.85830 7410.19 86.0825
35.86080 7407.67 86.0678
35.86330 7383.32 85.9262
35.86580 7364.17 85.8148
35.86830 7370.89 85.8539
35.87080 7418.18 86.1289
35.87330 7418.84 86.1327
35.87580 7424.93 86.168
35.87830 7448.78 86.3063
35.88080 7481.93 86.4982
35.88330 7501.95 86.6138
35.88580 7500.53 86.6056
35.88830 7505.95 86.6369
35.89080 7517.87 86.7057
35.89330 7538.17 86.8227
35.89580 7534.85 86.8035
35.89830 7540.97 86.8387
35.90080 7563.59 86.9689
35.90330 7587.91 87.1086
35.90580 7607.49 87.2209
35.90830 7620.44 87.2951
35.91080 7622.76 87.3084
35.91330 7640.87 87.4121
35.91580 7680.81 87.6402
35.91830 7716.76 87.8451
35.92080 7730.88 87.9254
35.92330 7717.59 87.8498
35.92580 7704.46 87.775
35.92830 7721.83 87.874
35.93080 7776.73 88.1858
35.93330 7778.07 88.1934
35.93580 7777.98 88.1929
35.93830 7779.39 88.2009
35.94080 7758.08 88.08
35.94330 7739.16 87.9725
35.94580 7724.06 87.8866
35.94830 7700.25 87.7511
35.95080 7679.85 87.6348
35.95330 7663.56 87.5418
35.95580 7646.03 87.4416
35.95830 7631.52 87.3586
35.96080 7620.31 87.2944
35.96330 7615.14 87.2648
35.96580 7608.14 87.2247
35.96830 7599.13 87.173
35.97080 7561.77 86.9585
35.97330 7537.41 86.8182
35.97580 7526.35 86.7546
35.97830 7528.24 86.7654
35.98080 7541.83 86.8437
35.98330 7566.78 86.9872
35.98580 7587.19 87.1045
35.98830 7599.35 87.1742
35.99080 7603.95 87.2007
35.99330 7621.87 87.3033
35.99580 7677.73 87.6227
35.99830 7766.78 88.1293
36.00080 7800.4 88.3199
36.00330 7834.9 88.515
36.00580 7871.46 88.7212
36.00830 7942.83 89.1226
36.01080 8012.21 89.5109
36.01330 8080.97 89.8942
36.01580 8174.26 90.4116
36.01830 8279.5 90.9917
36.02080 8394.92 91.6238
36.02330 8515.69 92.2805
36.02580 8625.49 92.8735
36.02830 8723.64 93.4004
36.03080 8776.67 93.6839
36.03330 8876.79 94.2167
36.03580 9009.06 94.9161
36.03830 9082.11 95.3001
36.04080 9110.25 95.4477
36.04330 9105.28 95.4216
36.04580 9106.63 95.4287
36.04830 9080.8 95.2932
36.05080 9034.61 95.0506
36.05330 8981.17 94.769
36.05580 8933.16 94.5154
36.05830 8882.02 94.2445
36.06080 8762.78 93.6097
36.06330 8614.34 92.8134
36.06580 8453.83 91.9447
36.06830 8362.03 91.4441
36.07080 8242.71 90.7894
36.07330 8109.55 90.053
36.07580 8010.32 89.5004
36.07830 7933.78 89.0718
36.08080 7873.58 88.7332
36.08330 7828.52 88.4789
36.08580 7807.17 88.3582
36.08830 7798.51 88.3091
36.09080 7777.36 88.1893
36.09330 7792.05 88.2726
36.09580 7823.72 88.4518
36.09830 7828.63 88.4796
36.10080 7864.58 88.6825
36.10330 7919.87 88.9936
36.10580 7985.42 89.3612
36.10830 8036.14 89.6445
36.11080 8075.92 89.8661
36.11330 8099.79 89.9988
36.11580 8187.76 90.4862
36.11830 8302.95 91.1205
36.12080 8382.61 91.5566
36.12330 8469.16 92.028
36.12580 8557.99 92.5094
36.12830 8640.68 92.9553
36.13080 8750.38 93.5434
36.13330 8863.81 94.1478
36.13580 8932.22 94.5104
36.13830 9006.9 94.9047
36.14080 9099.3 95.3902
36.14330 9257.61 96.2165
36.14580 9427.93 97.0975
36.14830 9608.29 98.0219
36.15080 9807.98 99.0352
36.15330 10000.3 100.002
36.15580 10191.8 100.954
36.15830 10392.2 101.942
36.16080 10558.6 102.755
36.16330 10711.3 103.496
36.16580 10866.8 104.244
36.16830 11001.9 104.89
36.17080 11110.9 105.408
36.17330 11155 105.617
36.17580 11170.1 105.689
36.17830 11169.2 105.684
36.18080 11151.9 105.603
36.18330 11038.1 105.063
36.18580 10893.9 104.374
36.18830 10767.9 103.768
36.19080 10581.9 102.868
36.19330 10375.4 101.86
36.19580 10171.4 100.853
36.19830 9961.5 99.8073
36.20080 9753.13 98.758
36.20330 9555.64 97.7529
36.20580 9342.82 96.6582
36.20830 9137.08 95.5881
36.21080 8966.37 94.6909
36.21330 8790.8 93.7593
36.21580 8618.42 92.8355
36.21830 8459.1 91.9734
36.22080 8311.17 91.1656
36.22330 8170.79 90.3924
36.22580 8041.43 89.674
36.22830 7947.94 89.1512
36.23080 7863.57 88.6768
36.23330 7776.28 88.1832
36.23580 7709.08 87.8013
36.23830 7647.45 87.4497
36.24080 7586.09 87.0981
36.24330 7525.11 86.7474
36.24580 7487.9 86.5327
36.24830 7506.44 86.6397
36.25080 7479.92 86.4865
36.25330 7439.25 86.2511
36.25580 7391.69 85.975
36.25830 7377.23 85.8908
36.26080 7366.07 85.8258
36.26330 7345.21 85.7042
36.26580 7372.84 85.8653
36.26830 7409.81 86.0802
36.27080 7443.83 86.2776
36.27330 7465.5 86.4031
36.27580 7493.2 86.5633
36.27830 7538.32 86.8235
36.28080 7592.39 87.1343
36.28330 7669.42 87.5752
36.28580 7787.74 88.2482
36.28830 7899.14 88.8771
36.29080 8014.73 89.525
36.29330 8140.59 90.2252
36.29580 8285.05 91.0222
36.29830 8431.69 91.8243
36.30080 8576.44 92.6091
36.30330 8694.76 93.2457
36.30580 8784.03 93.7232
36.30830 8830.05 93.9683
36.31080 8890.71 94.2906
36.31330 8921.35 94.4529
36.31580 8897.58 94.327
36.31830 8896.96 94.3237
36.32080 8859.82 94.1266
36.32330 8757.87 93.5835
36.32580 8660.75 93.0631
36.32830 8547.55 92.453
36.33080 8408.07 91.6955
36.33330 8285.66 91.0256
36.33580 8168.48 90.3797
36.33830 8056.13 89.7559
36.34080 7927.16 89.0346
36.34330 7821.58 88.4397
36.34580 7753.02 88.0513
36.34830 7678.87 87.6292
36.35080 7615.6 87.2674
36.35330 7568.59 86.9976
36.35580 7543.02 86.8506
36.35830 7521.61 86.7272
36.36080 7503.24 86.6213
36.36330 7497.28 86.5868
36.36580 7525.99 86.7525
36.36830 7599.38 87.1744
36.37080 7645.29 87.4373
36.37330 7688.18 87.6822
36.37580 7729.69 87.9186
36.37830 7786.42 88.2407
36.38080 7840.09 88.5443
36.38330 7888.78 88.8188
36.38580 7857.4 88.642
36.38830 7850.48 88.6029
36.39080 7877.94 88.7577
36.39330 7855.03 88.6286
36.39580 7830.5 88.4901
36.39830 7806.61 88.355
36.40080 7742.54 87.9917
36.40330 7682.8 87.6516
36.40580 7629.47 87.3468
36.40830 7586.68 87.1015
36.41080 7538.48 86.8244
36.41330 7484.12 86.5108
36.41580 7440.57 86.2587
36.41830 7415.93 86.1158
36.42080 7411 86.0872
36.42330 7365.62 85.8232
36.42580 7327.24 85.5993
36.42830 7296.34 85.4186
36.43080 7333.15 85.6338
36.43330 7339.24 85.6694
36.43580 7315.5 85.5307
36.43830 7347.47 85.7174
36.44080 7340.29 85.6755
36.44330 7296.58 85.42
36.44580 7298.56 85.4316
36.44830 7310.9 85.5038
36.45080 7332.59 85.6305
36.45330 7345.84 85.7079
36.45580 7351.97 85.7436
36.45830 7351.23 85.7393
36.46080 7335.12 85.6453
36.46330 7329.54 85.6127
36.46580 7334.2 85.64
36.46830 7365.85 85.8245
36.47080 7383.95 85.9299
36.47330 7387.84 85.9525
36.47580 7335.54 85.6478
36.47830 7322.95 85.5742
36.48080 7341.44 85.6822
36.48330 7343.7 85.6954
36.48580 7350.74 85.7365
36.48830 7359.82 85.7894
36.49080 7344.69 85.7012
36.49330 7343.98 85.697
36.49580 7354.55 85.7586
36.49830 7370.09 85.8492
36.50080 7380.41 85.9093
36.50330 7386.76 85.9463
36.50580 7391.25 85.9724
36.50830 7397.56 86.009
36.51080 7405.8 86.0569
36.51330 7420.69 86.1434
36.51580 7455.03 86.3425
36.51830 7498.41 86.5934
36.52080 7503.04 86.6201
36.52330 7502.56 86.6173
36.52580 7501.72 86.6125
36.52830 7526.12 86.7532
36.53080 7537.34 86.8178
36.53330 7536.8 86.8147
36.53580 7510.45 86.6629
36.53830 7492.68 86.5603
36.54080 7480.24 86.4884
36.54330 7468.19 86.4187
36.54580 7448.47 86.3045
36.54830 7426.67 86.1781
36.55080 7421.27 86.1468
36.55330 7420.16 86.1404
36.55580 7417.76 86.1264
36.55830 7392.21 85.978
36.56080 7375.61 85.8814
36.56330 7363.62 85.8115
36.56580 7349.64 85.73
36.56830 7346.83 85.7137
36.57080 7345.06 85.7034
36.57330 7316.65 85.5374
36.57580 7288.29 85.3715
36.57830 7260.73 85.2099
36.58080 7237.14 85.0714
36.58330 7234.65 85.0567
36.58580 7242.27 85.1016
36.58830 7248.23 85.1365
36.59080 7255.48 85.1791
36.59330 7260.8 85.2103
36.59580 7254.59 85.1739
36.59830 7256.67 85.1861
36.60080 7264.71 85.2333
36.60330 7281.99 85.3346
36.60580 7290.02 85.3816
36.60830 7295.37 85.4129
36.61080 7306.41 85.4776
36.61330 7290.64 85.3852
36.61580 7281.35 85.3308
36.61830 7341.35 85.6817
36.62080 7384.88 85.9353
36.62330 7423.36 86.159
36.62580 7468.04 86.4178
36.62830 7519.16 86.7131
36.63080 7573.14 87.0238
36.63330 7628.22 87.3397
36.63580 7671.06 87.5846
36.63830 7724.87 87.8912
36.64080 7830.77 88.4917
36.64330 7920.97 88.9999
36.64580 8009.9 89.498
36.64830 8112.91 90.0717
36.65080 8216.52 90.645
36.65330 8329.45 91.2658
36.65580 8470.17 92.0335
36.65830 8592.04 92.6933
36.66080 8710.52 93.3301
36.66330 8837.39 94.0074
36.66580 8980.58 94.7659
36.66830 9128.4 95.5427
36.67080 9274.68 96.3052
36.67330 9413.18 97.0215
36.67580 9552.83 97.7386
36.67830 9701.93 98.4984
36.68080 9872.39 99.3599
36.68330 10012.5 100.063
36.68580 10058.5 100.292
36.68830 10184.8 100.92
36.69080 10305.5 101.516
36.69330 10358 101.774
36.69580 10395.7 101.959
36.69830 10421.2 102.084
36.70080 10427.3 102.114
36.70330 10428.2 102.119
36.70580 10423 102.093
36.70830 10407 102.015
36.71080 10327 101.622
36.71330 10229 101.139
36.71580 10124.8 100.622
36.71830 9997.56 99.9878
36.72080 9881.29 99.4047
36.72330 9799.22 98.991
36.72580 9609.35 98.0273
36.72830 9427.66 97.0961
36.73080 9309.38 96.4851
36.73330 9156.64 95.6903
36.73580 9015.5 94.95
36.73830 8910.76 94.3968
36.74080 8738.93 93.4823
36.74330 8596.02 92.7147
36.74580 8531.93 92.3685
36.74830 8465.32 92.0072
36.75080 8399.02 91.6462
36.75330 8334.12 91.2914
36.75580 8263.52 90.9039
36.75830 8201.59 90.5626
36.76080 8156.63 90.3141
36.76330 8157.77 90.3204
36.76580 8173.09 90.4051
36.76830 8200.42 90.5561
36.77080 8220.36 90.6662
36.77330 8234.54 90.7444
36.77580 8240.99 90.7799
36.77830 8238.42 90.7657
36.78080 8248.59 90.8217
36.78330 8280.88 90.9993
36.78580 8263.52 90.9039
36.78830 8244.89 90.8014
36.79080 8233.65 90.7395
36.79330 8208.16 90.5989
36.79580 8203.8 90.5748
36.79830 8233.14 90.7366
36.80080 8231.06 90.7252
36.80330 8214.28 90.6326
36.80580 8181.04 90.4491
36.80830 8150.18 90.2784
36.81080 8119.92 90.1106
36.81330 8090.17 89.9454
36.81580 8052.48 89.7356
36.81830 8025.94 89.5876
36.82080 8015.2 89.5277
36.82330 8017.24 89.539
36.82580 8019.72 89.5529
36.82830 8021.57 89.5632
36.83080 8038.66 89.6586
36.83330 8064.48 89.8024
36.83580 8099.98 89.9999
36.83830 8138.29 90.2125
36.84080 8172.24 90.4004
36.84330 8200.73 90.5579
36.84580 8284.63 91.0199
36.84830 8359.22 91.4287
36.85080 8419.94 91.7602
36.85330 8509.45 92.2467
36.85580 8597.22 92.7212
36.85830 8681.82 93.1763
36.86080 8757.8 93.5831
36.86330 8821.58 93.9232
36.86580 8872.22 94.1925
36.86830 9044.14 95.1007
36.87080 9185.63 95.8417
36.87330 9292.36 96.3969
36.87580 9419.93 97.0563
36.87830 9549.51 97.7216
36.88080 9680.92 98.3916
36.88330 9800.76 98.9988
36.88580 9915.75 99.5779
36.88830 10026.1 100.13
36.89080 10160.4 100.799
36.89330 10296.9 101.474
36.89580 10434.7 102.151
36.89830 10507.6 102.507
36.90080 10594.1 102.928
36.90330 10692.2 103.403
36.90580 10742.7 103.647
36.90830 10769.3 103.775
36.91080 10774.1 103.798
36.91330 10762.3 103.742
36.91580 10741 103.639
36.91830 10709.8 103.488
36.92080 10637.5 103.138
36.92330 10558.9 102.757
36.92580 10474.8 102.346
36.92830 10386.3 101.913
36.93080 10285.4 101.417
36.93330 10169.5 100.844
36.93580 9970.06 99.8502
36.93830 9808.12 99.036
36.94080 9669.07 98.3314
36.94330 9431.35 97.1152
36.94580 9248.23 96.1677
36.94830 9107.83 95.435
36.95080 8982.09 94.7739
36.95330 8831.66 93.9769
36.95580 8667.03 93.0969
36.95830 8548.45 92.4578
36.96080 8434.3 91.8385
36.96330 8326.18 91.2479
36.96580 8247.77 90.8172
36.96830 8171.11 90.3942
36.97080 8098.85 89.9936
36.97330 8056.47 89.7578
36.97580 8022.93 89.5708
36.97830 8000.4 89.4449
36.98080 8021.87 89.5649
36.98330 8038.48 89.6576
36.98580 8060.53 89.7804
36.98830 8150.02 90.2775
36.99080 8202.03 90.5651
36.99330 8236.11 90.753
36.99580 8309.02 91.1538
36.99830 8406.56 91.6873
37.00080 8517.02 92.2877
37.00330 8615.02 92.8171
37.00580 8705.01 93.3006
37.00830 8785.8 93.7326
37.01080 8837.97 94.0105
37.01330 8887.3 94.2725
37.01580 8938.17 94.5419
37.01830 9007.46 94.9077
37.02080 9031.04 95.0318
37.02330 9024.88 94.9994
37.02580 8990.74 94.8195
37.02830 8938.34 94.5428
37.03080 8877.25 94.2192
37.03330 8820.32 93.9166
37.03580 8745.03 93.5149
37.03830 8659.04 93.054
37.04080 8565.72 92.5512
37.04330 8441.36 91.8769
37.04580 8313.82 91.1802
37.04830 8240.52 90.7773
37.05080 8138.94 90.2161
37.05330 8026.06 89.5883
37.05580 7921.28 89.0016
37.05830 7836.65 88.5249
37.06080 7765.42 88.1216
37.06330 7712.32 87.8198
37.06580 7655.59 87.4962
37.06830 7601.39 87.1859
37.07080 7563.19 86.9666
37.07330 7538.36 86.8237
37.07580 7515.63 86.6928
37.07830 7480.12 86.4877
37.08080 7465.71 86.4044
37.08330 7463.75 86.393
37.08580 7476.18 86.4649
37.08830 7467.98 86.4175
37.09080 7450.92 86.3187
37.09330 7430.51 86.2004
37.09580 7431.79 86.2078
37.09830 7443.23 86.2742
37.10080 7461.87 86.3821
37.10330 7471.8 86.4396
37.10580 7472.8 86.4453
37.10830 7455.62 86.3459
37.11080 7458.51 86.3626
37.11330 7461.96 86.3826
37.11580 7447.16 86.2969
37.11830 7496.59 86.5829
37.12080 7547.13 86.8742
37.12330 7542.31 86.8465
37.12580 7526.83 86.7573
37.12830 7519.49 86.715
37.13080 7543.16 86.8514
37.13330 7533 86.7929
37.13580 7514.43 86.6858
37.13830 7499.8 86.6014
37.14080 7495.56 86.5769
37.14330 7497.89 86.5903
37.14580 7509.34 86.6565
37.14830 7480.74 86.4913
37.15080 7452.83 86.3298
37.15330 7452.21 86.3262
37.15580 7464.44 86.397
37.15830 7467.68 86.4158
37.16080 7442.6 86.2705
37.16330 7437.59 86.2415
37.16580 7444.55 86.2818
37.16830 7467.37 86.414
37.17080 7437.67 86.2419
37.17330 7401.98 86.0347
37.17580 7379.08 85.9016
37.17830 7382.14 85.9194
37.18080 7396.81 86.0047
37.18330 7423.9 86.1621
37.18580 7410.65 86.0851
37.18830 7389.17 85.9603
37.19080 7367.67 85.8352
37.19330 7343.31 85.6931
37.19580 7318.07 85.5457
37.19830 7292.22 85.3945
37.20080 7297.9 85.4277
37.20330 7292.47 85.396
37.20580 7256.07 85.1826
37.20830 7263.49 85.2261
37.21080 7280.15 85.3238
37.21330 7300.07 85.4404
37.21580 7299.05 85.4344
37.21830 7300.67 85.444
37.22080 7312.52 85.5133
37.22330 7337.78 85.6608
37.22580 7347.19 85.7158
37.22830 7327.07 85.5983
37.23080 7361.77 85.8008
37.23330 7392.12 85.9775
37.23580 7403.56 86.0439
37.23830 7441.7 86.2653
37.24080 7476.44 86.4664
37.24330 7500.71 86.6066
37.24580 7528.56 86.7673
37.24830 7559.28 86.9441
37.25080 7593.68 87.1417
37.25330 7656.54 87.5016
37.25580 7709.57 87.8041
37.25830 7744.08 88.0004
37.26080 7792.78 88.2767
37.26330 7849.19 88.5956
37.26580 7914.48 88.9634
37.26830 7993.46 89.4062
37.27080 8057.98 89.7663
37.27330 8101.41 90.0079
37.27580 8143.79 90.243
37.27830 8171.92 90.3987
37.28080 8181.54 90.4519
37.28330 8249.6 90.8273
37.28580 8293.7 91.0697
37.28830 8302.65 91.1189
37.29080 8317.98 91.203
37.29330 8337.08 91.3076
37.29580 8360.32 91.4348
37.29830 8380.1 91.5429
37.30080 8376.47 91.5231
37.30330 8345.37 91.353
37.30580 8356.01 91.4112
37.30830 8365.16 91.4612
37.31080 8370.75 91.4918
37.31330 8354.36 91.4022
37.31580 8355.39 91.4078
37.31830 8376.42 91.5228
37.32080 8352.04 91.3895
37.32330 8336.39 91.3038
37.32580 8331.11 91.2749
37.32830 8308.69 91.152
37.33080 8317.21 91.1987
37.33330 8357.97 91.422
37.33580 8398.82 91.6451
37.33830 8420.2 91.7616
37.34080 8422.13 91.7722
37.34330 8436.44 91.8501
37.34580 8436.77 91.8519
37.34830 8423.83 91.7815
37.35080 8436.2 91.8488
37.35330 8453.19 91.9413
37.35580 8473.9 92.0538
37.35830 8464.04 92.0002
37.36080 8426.18 91.7943
37.36330 8366.07 91.4662
37.36580 8413.67 91.7261
37.36830 8472.49 92.0461
37.37080 8536.6 92.3937
37.37330 8480.8 92.0913
37.37580 8430.28 91.8166
37.37830 8387.19 91.5816
37.38080 8406.99 91.6896
37.38330 8389.97 91.5968
37.38580 8342.63 91.338
37.38830 8294.33 91.0732
37.39080 8264.21 90.9077
37.39330 8245.56 90.805
37.39580 8181.29 90.4505
37.39830 8113.89 90.0771
37.40080 8043.59 89.6861
37.40330 7966.81 89.257
37.40580 7918.56 88.9863
37.40830 7889.85 88.8248
37.41080 7841.29 88.551
37.41330 7781.84 88.2147
37.41580 7717.42 87.8489
37.41830 7683.36 87.6548
37.42080 7645.85 87.4406
37.42330 7602.99 87.1951
37.42580 7531.62 86.7849
37.42830 7506.46 86.6398
37.43080 7506.91 86.6424
37.43330 7460.03 86.3715
37.43580 7438.41 86.2462
37.43830 7429.39 86.1939
37.44080 7389.84 85.9642
37.44330 7373.03 85.8663
37.44580 7370.2 85.8499
37.44830 7365.4 85.8219
37.45080 7365.63 85.8232
37.45330 7364.68 85.8177
37.45580 7334.66 85.6426
37.45830 7332.22 85.6284
37.46080 7346.73 85.7131
37.46330 7366.49 85.8282
37.46580 7373.87 85.8712
37.46830 7374.82 85.8768
37.47080 7379.05 85.9014
37.47330 7398.42 86.014
37.47580 7421.67 86.1491
37.47830 7420.54 86.1425
37.48080 7440.38 86.2576
37.48330 7471.18 86.436
37.48580 7501.77 86.6128
37.48830 7528.57 86.7673
37.49080 7544.64 86.8599
37.49330 7517.16 86.7016
37.49580 7553.07 86.9084
37.49830 7608.66 87.2276
37.50080 7611.97 87.2466
37.50330 7624.67 87.3193
37.50580 7638.35 87.3976
37.50830 7636.88 87.3892
37.51080 7658.48 87.5127
37.51330 7687.24 87.6769
37.51580 7702.35 87.763
37.51830 7736.14 87.9553
37.52080 7767.83 88.1353
37.52330 7758.86 88.0844
37.52580 7751.15 88.0406
37.52830 7741.97 87.9885
37.53080 7725.22 87.8932
37.53330 7729.14 87.9155
37.53580 7729.91 87.9199
37.53830 7689.53 87.69
37.54080 7667.57 87.5647
37.54330 7654.96 87.4926
37.54580 7650.01 87.4643
37.54830 7631.74 87.3598
37.55080 7611.34 87.243
37.55330 7600.12 87.1787
37.55580 7575.34 87.0364
37.55830 7551.26 86.898
37.56080 7544.46 86.8589
37.56330 7525.3 86.7485
37.56580 7510.13 86.661
37.56830 7519.45 86.7148
37.57080 7505.29 86.6331
37.57330 7490.37 86.5469
37.57580 7495.1 86.5743
37.57830 7473.61 86.45
37.58080 7450.49 86.3162
37.58330 7445.31 86.2862
37.58580 7471.42 86.4374
37.58830 7489.16 86.54
37.59080 7460.39 86.3736
37.59330 7462.02 86.383
37.59580 7464.72 86.3986
37.59830 7448.4 86.3041
37.60080 7470.16 86.4301
37.60330 7498.34 86.5929
37.60580 7517.14 86.7014
37.60830 7533.62 86.7964
37.61080 7546.74 86.872
37.61330 7553.4 86.9103
37.61580 7609.62 87.2331
37.61830 7672.76 87.5943
37.62080 7724.33 87.8882
37.62330 7765.49 88.122
37.62580 7800.37 88.3197
37.62830 7826.86 88.4696
37.63080 7868.15 88.7026
37.63330 7893.38 88.8447
37.63580 7878.47 88.7608
37.63830 7885.12 88.7982
37.64080 7900.79 88.8864
37.64330 7925.61 89.0259
37.64580 7921.29 89.0016
37.64830 7910.62 88.9417
37.65080 7898.65 88.8743
37.65330 7910.99 88.9438
37.65580 7912.5 88.9522
37.65830 7885.51 88.8004
37.66080 7850.22 88.6015
37.66330 7813.27 88.3927
37.66580 7775.88 88.181
37.66830 7760.6 88.0943
37.67080 7751.72 88.0438
37.67330 7747.77 88.0214
37.67580 7720.69 87.8675
37.67830 7711.69 87.8162
37.68080 7738.76 87.9702
37.68330 7687.63 87.6791
37.68580 7660.47 87.5241
37.68830 7689.6 87.6903
37.69080 7669.01 87.5729
37.69330 7655.35 87.4948
37.69580 7662.44 87.5353
37.69830 7700.1 87.7502
37.70080 7736.26 87.956
37.70330 7764.69 88.1175
37.70580 7783.74 88.2255
37.70830 7820.81 88.4354
37.71080 7885.63 88.8011
37.71330 7952.93 89.1792
37.71580 8012.11 89.5104
37.71830 8059.52 89.7749
37.72080 8129.76 90.1652
37.72330 8213.39 90.6278
37.72580 8312.53 91.1731
37.72830 8408.47 91.6977
37.73080 8518.54 92.2959
37.73330 8647.53 92.9921
37.73580 8755.62 93.5715
37.73830 8868.05 94.1703
37.74080 8987.82 94.8041
37.74330 9091.82 95.351
37.74580 9226.04 96.0523
37.74830 9398.64 96.9466
37.75080 9536.94 97.6572
37.75330 9687.18 98.4235
37.75580 9853.74 99.266
37.75830 9997.52 99.9876
37.76080 10122.5 100.61
37.76330 10226.8 101.128
37.76580 10383.6 101.9
37.76830 10549.4 102.71
37.77080 10723.1 103.553
37.77330 10798.4 103.915
37.77580 10882.1 104.317
37.77830 10977.6 104.774
37.78080 11021.1 104.981
37.78330 11100.2 105.358
37.78580 11217.3 105.912
37.78830 11249.2 106.062
37.79080 11259.7 106.112
37.79330 11249.3 106.063
37.79580 11240.5 106.021
37.79830 11234.4 105.992
37.80080 11230.1 105.972
37.80330 11145.7 105.573
37.80580 11049.3 105.116
37.80830 10940.7 104.598
37.81080 10781.3 103.833
37.81330 10605 102.981
37.81580 10414.4 102.051
37.81830 10268.5 101.333
37.82080 10085.4 100.426
37.82330 9870.38 99.3498
37.82580 9683.15 98.403
37.82830 9476.35 97.3465
37.83080 9256.68 96.2116
37.83330 9124.33 95.5214
37.83580 8997.56 94.8554
37.83830 8873.17 94.1975
37.84080 8707.17 93.3122
37.84330 8588.4 92.6736
37.84580 8507.11 92.234
37.84830 8420.08 91.761
37.85080 8357.52 91.4195
37.85330 8314.62 91.1846
37.85580 8280.94 90.9997
37.85830 8259.16 90.8799
37.86080 8244.15 90.7973
37.86330 8202.78 90.5692
37.86580 8225.87 90.6966
37.86830 8294.14 91.0721
37.87080 8345.32 91.3527
37.87330 8391.27 91.6039
37.87580 8436.14 91.8484
37.87830 8506.64 92.2315
37.88080 8577.59 92.6153
37.88330 8645.52 92.9813
37.88580 8683.66 93.1862
37.88830 8744.79 93.5136
37.89080 8818.8 93.9085
37.89330 8874.95 94.207
37.89580 8924.42 94.4692
37.89830 8972.3 94.7222
37.90080 9040.13 95.0796
37.90330 9063.04 95.2
37.90580 9061.24 95.1906
37.90830 9078.56 95.2815
37.91080 9085.91 95.32
37.91330 9086.3 95.3221
37.91580 9079.62 95.2871
37.91830 9063.91 95.2045
37.92080 9038.99 95.0736
37.92330 8989.46 94.8128
37.92580 8919.68 94.444
37.92830 8848.49 94.0664
37.93080 8832.53 93.9815
37.93330 8782.59 93.7155
37.93580 8715.4 93.3563
37.93830 8652.19 93.0171
37.94080 8546.82 92.449
37.94330 8431.14 91.8212
37.94580 8371.75 91.4972
37.94830 8313.69 91.1794
37.95080 8257.3 90.8697
37.95330 8205.67 90.5851
37.95580 8113.17 90.0731
37.95830 8018.31 89.545
37.96080 7999.62 89.4406
37.96330 7939.79 89.1055
37.96580 7871.58 88.7219
37.96830 7847.39 88.5855
37.97080 7817.86 88.4186
37.97330 7783.94 88.2267
37.97580 7741.82 87.9876
37.97830 7719.41 87.8602
37.98080 7707.24 87.7909
37.98330 7702.4 87.7633
37.98580 7730.52 87.9234
37.98830 7757.61 88.0773
37.99080 7732.23 87.9331
37.99330 7707.41 87.7919
37.99580 7697.21 87.7337
37.99830 7736.94 87.9598
38.00080 7735.34 87.9508
38.00330 7730.19 87.9215
38.00580 7764.41 88.1159
38.00830 7771.02 88.1534
38.01080 7775.26 88.1774
38.01330 7803.28 88.3362
38.01580 7830.46 88.4899
38.01830 7862.29 88.6695
38.02080 7909.06 88.9329
38.02330 7973.21 89.2928
38.02580 8032.44 89.6239
38.02830 8060.85 89.7822
38.03080 8117.13 90.0951
38.03330 8187.94 90.4872
38.03580 8274.75 90.9656
38.03830 8385.49 91.5723
38.04080 8506.77 92.2321
38.04330 8636.97 92.9353
38.04580 8811.25 93.8682
38.04830 8995.4 94.8441
38.05080 9172.53 95.7733
38.05330 9371.82 96.8082
38.05580 9584.83 97.9022
38.05830 9816.67 99.0791
38.06080 9994.44 99.9722
38.06330 10149.8 100.746
38.06580 10285.3 101.416
38.06830 10383.4 101.899
38.07080 10445.1 102.201
38.07330 10445 102.201
38.07580 10400.2 101.982
38.07830 10328.6 101.63
38.08080 10221.3 101.1
38.08330 10130.7 100.651
38.08580 10019.9 100.099
38.08830 9858.99 99.2925
38.09080 9677.12 98.3724
38.09330 9501.57 97.476
38.09580 9347.71 96.6836
38.09830 9198.53 95.909
38.10080 9048.56 95.1239
38.10330 8895.25 94.3147
38.10580 8746.64 93.5234
38.10830 8610.29 92.7917
38.11080 8495.4 92.1705
38.11330 8390.49 91.5996
38.11580 8312.84 91.1748
38.11830 8281.48 91.0026
38.12080 8230.46 90.7219
38.12330 8192.98 90.5151
38.12580 8184.84 90.4701
38.12830 8187.05 90.4823
38.13080 8185.4 90.4732
38.13330 8174.57 90.4134
38.13580 8176.72 90.4252
38.13830 8179.46 90.4404
38.14080 8180.2 90.4444
38.14330 8196.35 90.5337
38.14580 8218.36 90.6552
38.14830 8246.43 90.8099
38.15080 8268.17 90.9295
38.15330 8292.4 91.0626
38.15580 8321.56 91.2226
38.15830 8378.23 91.5327
38.16080 8410.05 91.7063
38.16330 8400.85 91.6561
38.16580 8395.22 91.6254
38.16830 8398.44 91.643
38.17080 8413.74 91.7265
38.17330 8403.58 91.6711
38.17580 8416.23 91.74
38.17830 8463.37 91.9966
38.18080 8493.3 92.1591
38.18330 8502.83 92.2108
38.18580 8487.1 92.1255
38.18830 8516.92 92.2872
38.19080 8519.77 92.3026
38.19330 8483.8 92.1076
38.19580 8484.17 92.1096
38.19830 8489.61 92.1391
38.20080 8498.57 92.1877
38.20330 8472.93 92.0485
38.20580 8464.23 92.0012
38.20830 8478.08 92.0765
38.21080 8467.41 92.0185
38.21330 8459.56 91.9759
38.21580 8456.24 91.9578
38.21830 8441.06 91.8752
38.22080 8433.58 91.8346
38.22330 8435.26 91.8436
38.22580 8384.48 91.5668
38.22830 8381.04 91.548
38.23080 8430.61 91.8183
38.23330 8402.31 91.6641
38.23580 8389.79 91.5958
38.23830 8395.31 91.6259
38.24080 8351.27 91.3853
38.24330 8324.39 91.2381
38.24580 8315.47 91.1892
38.24830 8312.53 91.1731
38.25080 8309.84 91.1583
38.25330 8307.34 91.1446
38.25580 8296.84 91.087
38.25830 8273.72 90.96
38.26080 8238.5 90.7662
38.26330 8199.15 90.5492
38.26580 8189.38 90.4952
38.26830 8205.88 90.5863
38.27080 8180.73 90.4474
38.27330 8154.97 90.3049
38.27580 8128.54 90.1584
38.27830 8098.81 89.9934
38.28080 8071.64 89.8423
38.28330 8046.93 89.7047
38.28580 8028.16 89.6
38.28830 7992.03 89.3982
38.29080 7941.62 89.1157
38.29330 7895.65 88.8575
38.29580 7865.77 88.6891
38.29830 7848.83 88.5936
38.30080 7830.86 88.4921
38.30330 7817.83 88.4185
38.30580 7806.13 88.3523
38.30830 7758.18 88.0805
38.31080 7722.75 87.8792
38.31330 7697.44 87.7351
38.31580 7680.49 87.6384
38.31830 7665.09 87.5505
38.32080 7648.1 87.4534
38.32330 7600.7 87.182
38.32580 7556.95 86.9307
38.32830 7517.55 86.7038
38.33080 7496.1 86.58
38.33330 7495.58 86.577
38.33580 7507.12 86.6437
38.33830 7497.98 86.5909
38.34080 7494.22 86.5692
38.34330 7494.63 86.5715
38.34580 7500.21 86.6038
38.34830 7504.26 86.6271
38.35080 7508.19 86.6498
38.35330 7518.72 86.7105
38.35580 7528.2 86.7652
38.35830 7536.8 86.8148
38.36080 7543.64 86.8541
38.36330 7563.22 86.9668
38.36580 7597.79 87.1653
38.36830 7681.45 87.6439
38.37080 7738.08 87.9664
38.37330 7782.82 88.2203
38.37580 7850.09 88.6007
38.37830 7925.43 89.0249
38.38080 8006.3 89.4779
38.38330 8093.13 89.9618
38.38580 8138.84 90.2155
38.38830 8165.09 90.3609
38.39080 8205.16 90.5824
38.39330 8230.4 90.7215
38.39580 8244.49 90.7992
38.39830 8240.82 90.7789
38.40080 8235.49 90.7496
38.40330 8226 90.6973
38.40580 8200.45 90.5563
38.40830 8172.52 90.402
38.41080 8141.34 90.2294
38.41330 8100.53 90.003
38.41580 8042.83 89.6818
38.41830 7974.09 89.2977
38.42080 7891.39 88.8335
38.42330 7826.81 88.4693
38.42580 7772.28 88.1605
38.42830 7725.87 87.8969
38.43080 7695.42 87.7235
38.43330 7672.37 87.5921
38.43580 7651.63 87.4736
38.43830 7618.16 87.282
38.44080 7576.98 87.0458
38.44330 7526.62 86.7561
38.44580 7534.4 86.8009
38.44830 7557.16 86.9319
38.45080 7552.11 86.9029
38.45330 7549.65 86.8887
38.45580 7551.6 86.9
38.45830 7565.01 86.9771
38.46080 7570.31 87.0075
38.46330 7573.87 87.028
38.46580 7581.31 87.0707
38.46830 7615.79 87.2685
38.47080 7671.56 87.5874
38.47330 7763.73 88.1121
38.47580 7797.98 88.3062
38.47830 7833.6 88.5076
38.48080 7929.72 89.049
38.48330 8017.27 89.5392
38.48580 8109.45 90.0525
38.48830 8222.29 90.6768
38.49080 8306.76 91.1414
38.49330 8400.09 91.652
38.49580 8540.46 92.4146
38.49830 8675.06 93.14
38.50080 8793.98 93.7762
38.50330 8876.71 94.2163
38.50580 8978.17 94.7532
38.50830 9082.62 95.3028
38.51080 9181.65 95.8209
38.51330 9265.53 96.2576
38.51580 9346.67 96.6782
38.51830 9430.77 97.1121
38.52080 9477.46 97.3522
38.52330 9502.42 97.4804
38.52580 9499.07 97.4632
38.52830 9453.59 97.2296
38.53080 9403.57 96.972
38.53330 9365.59 96.776
38.53580 9292.25 96.3963
38.53830 9211.41 95.9761
38.54080 9131.55 95.5591
38.54330 9014.46 94.9445
38.54580 8899.49 94.3371
38.54830 8805.06 93.8353
38.55080 8700.03 93.274
38.55330 8588.98 92.6768
38.55580 8470.28 92.0341
38.55830 8365.13 91.4611
38.56080 8267.67 90.9267
38.56330 8179.93 90.443
38.56580 8106.75 90.0375
38.56830 8045.1 89.6945
38.57080 7999.85 89.4419
38.57330 7945.92 89.1399
38.57580 7886.37 88.8052
38.57830 7819.45 88.4276
38.58080 7779.15 88.1995
38.58330 7761.44 88.0991
38.58580 7775.22 88.1772
38.58830 7776.32 88.1834
38.59080 7766.06 88.1253
38.59330 7740.12 87.9779
38.59580 7793.63 88.2815
38.59830 7837.81 88.5314
38.60080 7850.26 88.6017
38.60330 7931.83 89.0608
38.60580 8006.03 89.4764
38.60830 8055.84 89.7544
38.61080 8078.98 89.8831
38.61330 8116.76 90.0931
38.61580 8180.76 90.4475
38.61830 8336.98 91.307
38.62080 8469.98 92.0325
38.62330 8556.07 92.499
38.62580 8667.97 93.102
38.62830 8781.81 93.7113
38.63080 8894.98 94.3132
38.63330 8968.12 94.7001
38.63580 9038.2 95.0694
38.63830 9108.65 95.4392
38.64080 9232.96 96.0883
38.64330 9341.09 96.6493
38.64580 9423.1 97.0727
38.64830 9469.81 97.3129
38.65080 9540.31 97.6745
38.65330 9643.49 98.2013
38.65580 9677.37 98.3736
38.65830 9704.06 98.5092
38.66080 9726.66 98.6238
38.66330 9736.44 98.6734
38.66580 9751.03 98.7473
38.66830 9771.95 98.8532
38.67080 9757.42 98.7796
38.67330 9733.42 98.6581
38.67580 9700.19 98.4895
38.67830 9729.54 98.6384
38.68080 9751.89 98.7517
38.68330 9764.61 98.8161
38.68580 9719.34 98.5867
38.68830 9681.56 98.3949
38.69080 9652.95 98.2494
38.69330 9634.33 98.1546
38.69580 9631.97 98.1426
38.69830 9646.23 98.2152
38.70080 9697.62 98.4765
38.70330 9723.89 98.6098
38.70580 9725.4 98.6175
38.70830 9789.75 98.9432
38.71080 9853.52 99.2649
38.71330 9916.1 99.5796
38.71580 9932.71 99.663
38.71830 9941.4 99.7066
38.72080 9942.93 99.7142
38.72330 9954.77 99.7736
38.72580 9934.16 99.6703
38.72830 9884.93 99.423
38.73080 9855.42 99.2745
38.73330 9804.45 99.0174
38.73580 9736.22 98.6723
38.73830 9703.89 98.5083
38.74080 9653.65 98.253
38.74330 9589.04 97.9236
38.74580 9539.67 97.6712
38.74830 9503.4 97.4854
38.75080 9476.74 97.3486
38.75330 9431.73 97.1171
38.75580 9381.44 96.8579
38.75830 9329.8 96.5909
38.76080 9319.61 96.5381
38.76330 9321.82 96.5496
38.76580 9332.74 96.6061
38.76830 9334.1 96.6131
38.77080 9320.41 96.5423
38.77330 9295.31 96.4122
38.77580 9266.52 96.2628
38.77830 9217.09 96.0057
38.78080 9157.15 95.693
38.78330 9141.02 95.6087
38.78580 9075.04 95.263
38.78830 8976.07 94.7421
38.79080 8890.21 94.2879
38.79330 8815.98 93.8934
38.79580 8753.15 93.5583
38.79830 8721.82 93.3907
38.80080 8673.51 93.1317
38.80330 8620.49 92.8466
38.80580 8616.72 92.8263
38.80830 8598.3 92.727
38.81080 8570.11 92.5749
38.81330 8537.17 92.3968
38.81580 8539.99 92.4121
38.81830 8564.69 92.5456
38.82080 8592.05 92.6933
38.82330 8641.17 92.9579
38.82580 8699.36 93.2704
38.82830 8735.3 93.4628
38.83080 8812.3 93.8739
38.83330 8917.2 94.4309
38.83580 9051.09 95.1372
38.83830 9182.76 95.8267
38.84080 9315.71 96.5179
38.84330 9462.29 97.2743
38.84580 9626.78 98.1162
38.84830 9804.44 99.0174
38.85080 10002 100.01
38.85330 10218.2 101.085
38.85580 10444.8 102.2
38.85830 10675.9 103.324
38.86080 10896.4 104.386
38.86330 11123.6 105.468
38.86580 11405.7 106.797
38.86830 11749 108.393
38.87080 12099.6 109.998
38.87330 12357.4 111.164
38.87580 12662.5 112.528
38.87830 12990.1 113.974
38.88080 13323.3 115.426
38.88330 13579 116.529
38.88580 13785.2 117.411
38.88830 13928 118.017
38.89080 14047.4 118.522
38.89330 14130.2 118.871
38.89580 14112.9 118.798
38.89830 14048.9 118.528
38.90080 13945.1 118.089
38.90330 13765.9 117.328
38.90580 13510.9 116.237
38.90830 13211.5 114.941
38.91080 12859.7 113.401
38.91330 12523.5 111.908
38.91580 12194.7 110.43
38.91830 11871.8 108.958
38.92080 11521.1 107.336
38.92330 11167.6 105.677
38.92580 10835.5 104.093
38.92830 10543.9 102.684
38.93080 10261.2 101.298
38.93330 9964.19 99.8208
38.93580 9715.31 98.5663
38.93830 9493.78 97.436
38.94080 9305.87 96.467
38.94330 9132.73 95.5653
38.94580 8979.07 94.758
38.94830 8866.07 94.1598
38.95080 8827.56 93.9551
38.95330 8789.05 93.7499
38.95580 8693.37 93.2382
38.95830 8633.28 92.9154
38.96080 8582.19 92.6401
38.96330 8528.67 92.3508
38.96580 8505.56 92.2256
38.96830 8495.34 92.1702
38.97080 8496.62 92.1771
38.97330 8500.84 92.2
38.97580 8484.38 92.1107
38.97830 8418.37 91.7517
38.98080 8403.4 91.6701
38.98330 8399.92 91.6511
38.98580 8394.64 91.6223
38.98830 8396.5 91.6324
38.99080 8383.09 91.5592
38.99330 8333.47 91.2878
38.99580 8320.25 91.2154
38.99830 8300.1 91.1049
39.00080 8249.45 90.8265
39.00330 8238.71 90.7673
39.00580 8229.65 90.7174
39.00830 8207.76 90.5967
39.01080 8174.43 90.4125
39.01330 8140.49 90.2246
39.01580 8109.59 90.0533
39.01830 8092.88 89.9604
39.02080 8058.53 89.7693
39.02330 7986.84 89.3691
39.02580 7957.32 89.2038
39.02830 7935.74 89.0828
39.03080 7915.59 88.9696
39.03330 7920.04 88.9946
39.03580 7896.04 88.8597
39.03830 7816.38 88.4103
39.04080 7791.12 88.2673
39.04330 7769.2 88.1431
39.04580 7739.55 87.9747
39.04830 7739.71 87.9756
39.05080 7737.08 87.9607
39.05330 7723.45 87.8831
39.05580 7700.02 87.7498
39.05830 7685.81 87.6688
39.06080 7687.81 87.6801
39.06330 7654.33 87.489
39.06580 7633.52 87.37
39.06830 7637.84 87.3947
39.07080 7638.97 87.4012
39.07330 7638.57 87.3989
39.07580 7636.47 87.3869
39.07830 7613.56 87.2557
39.08080 7601.09 87.1842
39.08330 7606.01 87.2124
39.08580 7589.9 87.12
39.08830 7573.15 87.0238
39.09080 7557.96 86.9365
39.09330 7564.82 86.976
39.09580 7577.28 87.0476
39.09830 7594.85 87.1484
39.10080 7600.27 87.1795
39.10330 7607.54 87.2212
39.10580 7618.19 87.2822
39.10830 7598.48 87.1693
39.11080 7582.81 87.0793
39.11330 7574.2 87.0299
39.11580 7603.97 87.2007
39.11830 7645.23 87.437
39.12080 7697.89 87.7376
39.12330 7693.77 87.7141
39.12580 7699.9 87.7491
39.12830 7720.32 87.8653
39.13080 7757.54 88.0769
39.13330 7774.03 88.1705
39.13580 7766.99 88.1305
39.13830 7762.92 88.1074
39.14080 7780.73 88.2085
39.14330 7821.93 88.4417
39.14580 7852.06 88.6118
39.14830 7874.97 88.741
39.15080 7890.57 88.8289
39.15330 7883.39 88.7884
39.15580 7888.49 88.8172
39.15830 7905.92 88.9152
39.16080 7883.11 88.7869
39.16330 7877.49 88.7552
39.16580 7888.85 88.8192
39.16830 7925.04 89.0227
39.17080 7934.22 89.0742
39.17330 7918.02 88.9833
39.17580 7901.31 88.8893
39.17830 7887.31 88.8105
39.18080 7875.44 88.7437
39.18330 7852.67 88.6153
39.18580 7835.24 88.5169
39.18830 7821.49 88.4392
39.19080 7780.55 88.2074
39.19330 7755.13 88.0632
39.19580 7742.55 87.9917
39.19830 7721.69 87.8731
39.20080 7703.64 87.7704
39.20330 7688.34 87.6832
39.20580 7680.94 87.641
39.20830 7672.93 87.5953
39.21080 7664.23 87.5456
39.21330 7652.39 87.478
39.21580 7636.87 87.3892
39.21830 7619.66 87.2907
39.22080 7617.96 87.2809
39.22330 7631.02 87.3557
39.22580 7651.43 87.4724
39.22830 7628.26 87.3399
39.23080 7627.72 87.3368
39.23330 7641.61 87.4163
39.23580 7635.71 87.3825
39.23830 7651.97 87.4755
39.24080 7676.45 87.6154
39.24330 7631.43 87.358
39.24580 7646.26 87.4429
39.24830 7695.88 87.7262
39.25080 7697.52 87.7355
39.25330 7698.45 87.7408
39.25580 7695.28 87.7228
39.25830 7662.81 87.5375
39.26080 7643.51 87.4272
39.26330 7632.73 87.3655
39.26580 7623.76 87.3142
39.26830 7632.05 87.3616
39.27080 7644.29 87.4316
39.27330 7611.74 87.2453
39.27580 7603.46 87.1978
39.27830 7603.85 87.2001
39.28080 7568.84 86.9991
39.28330 7561.54 86.9571
39.28580 7564.64 86.9749
39.28830 7536.34 86.8121
39.29080 7515.72 86.6932
39.29330 7503.19 86.621
39.29580 7512.52 86.6748
39.29830 7507.83 86.6477
39.30080 7497.2 86.5864
39.30330 7494.15 86.5688
39.30580 7515.44 86.6916
39.30830 7540.14 86.834
39.31080 7520.62 86.7215
39.31330 7492.31 86.5581
39.31580 7471.43 86.4374
39.31830 7505.36 86.6335
39.32080 7494.25 86.5694
39.32330 7469.09 86.4239
39.32580 7475.35 86.4601
39.32830 7469.8 86.428
39.33080 7465.82 86.405
39.33330 7490.84 86.5497
39.33580 7480.46 86.4897
39.33830 7455.16 86.3433
39.34080 7431.84 86.2081
39.34330 7428.09 86.1864
39.34580 7434.4 86.2229
39.34830 7447.77 86.3004
39.35080 7447.72 86.3002
39.35330 7444.83 86.2834
39.35580 7451.11 86.3198
39.35830 7445.48 86.2872
39.36080 7429.01 86.1917
39.36330 7391.08 85.9714
39.36580 7411.28 86.0888
39.36830 7447.54 86.2991
39.37080 7465.81 86.4049
39.37330 7480.56 86.4903
39.37580 7492.04 86.5566
39.37830 7497.16 86.5862
39.38080 7505.93 86.6368
39.38330 7512.08 86.6722
39.38580 7506.64 86.6409
39.38830 7508.1 86.6493
39.39080 7513.85 86.6825
39.39330 7525.53 86.7498
39.39580 7545.31 86.8637
39.39830 7571.56 87.0147
39.40080 7608.7 87.2279
39.40330 7596.19 87.1561
39.40580 7578.39 87.0539
39.40830 7585.55 87.0951
39.41080 7606.52 87.2154
39.41330 7633.89 87.3722
39.41580 7667.54 87.5645
39.41830 7699.4 87.7462
39.42080 7729.12 87.9154
39.42330 7754.79 88.0613
39.42580 7792.37 88.2744
39.42830 7846.89 88.5826
39.43080 7933.84 89.0721
39.43330 7967.94 89.2633
39.43580 8001.45 89.4508
39.43830 8062.69 89.7925
39.44080 8124.95 90.1385
39.44330 8179.81 90.4423
39.44580 8218.12 90.6539
39.44830 8313.54 91.1786
39.45080 8406.41 91.6865
39.45330 8467.9 92.0212
39.45580 8493.06 92.1578
39.45830 8525.06 92.3312
39.46080 8585.91 92.6602
39.46330 8657.48 93.0456
39.46580 8711.03 93.3329
39.46830 8725.65 93.4112
39.47080 8746.1 93.5206
39.47330 8749.52 93.5389
39.47580 8719.19 93.3766
39.47830 8716.19 93.3605
39.48080 8715.19 93.3552
39.48330 8709.32 93.3237
39.48580 8681.62 93.1752
39.48830 8651.8 93.015
39.49080 8624.35 92.8674
39.49330 8583.17 92.6454
39.49580 8540.79 92.4164
39.49830 8499.86 92.1947
39.50080 8456.69 91.9602
39.50330 8407.67 91.6934
39.50580 8349.71 91.3768
39.50830 8312.73 91.1742
39.51080 8271.77 90.9493
39.51330 8220.39 90.6664
39.51580 8237.29 90.7595
39.51830 8238.95 90.7687
39.52080 8205.37 90.5835
39.52330 8171.09 90.3941
39.52580 8135.84 90.1989
39.52830 8099.29 89.9961
39.53080 8078.96 89.883
39.53330 8059.67 89.7757
39.53580 8039.62 89.6639
39.53830 8006.22 89.4775
39.54080 7976.94 89.3137
39.54330 7954.89 89.1902
39.54580 7917.87 88.9824
39.54830 7899.41 88.8786
39.55080 7906.97 88.9212
39.55330 7884.86 88.7968
39.55580 7864.37 88.6813
39.55830 7848.55 88.592
39.56080 7830.36 88.4893
39.56330 7804.96 88.3457
39.56580 7770.86 88.1525
39.56830 7747.25 88.0184
39.57080 7715.74 87.8393
39.57330 7674.16 87.6023
39.57580 7655.67 87.4967
39.57830 7638.24 87.397
39.58080 7620.92 87.2979
39.58330 7625.15 87.3221
39.58580 7627.79 87.3372
39.58830 7627.87 87.3377
39.59080 7606.97 87.218
39.59330 7603.18 87.1962
39.59580 7618.43 87.2836
39.59830 7603.37 87.1973
39.60080 7589.61 87.1184
39.60330 7577.68 87.0499
39.60580 7584.53 87.0892
39.60830 7575.75 87.0388
39.61080 7551.02 86.8966
39.61330 7532.86 86.7921
39.61580 7539.79 86.832
39.61830 7571.06 87.0119
39.62080 7579.44 87.06
39.62330 7579.21 87.0586
39.62580 7571.65 87.0152
39.62830 7611.31 87.2428
39.63080 7636.01 87.3843
39.63330 7645.6 87.4391
39.63580 7602.3 87.1911
39.63830 7571.55 87.0146
39.64080 7552.52 86.9053
39.64330 7550 86.8907
39.64580 7550.57 86.894
39.64830 7553.08 86.9084
39.65080 7539.23 86.8288
39.65330 7536.29 86.8118
39.65580 7542.95 86.8502
39.65830 7560 86.9482
39.66080 7565.14 86.9778
39.66330 7562.34 86.9617
39.66580 7585.35 87.0939
39.66830 7588.06 87.1095
39.67080 7574.94 87.0341
39.67330 7561.08 86.9544
39.67580 7538.75 86.826
39.67830 7516.19 86.696
39.68080 7568.93 86.9996
39.68330 7582.55 87.0778
39.68580 7569.19 87.0011
39.68830 7571.64 87.0151
39.69080 7551.14 86.8973
39.69330 7521.04 86.7239
39.69580 7555.2 86.9207
39.69830 7564.57 86.9745
39.70080 7560.32 86.9501
39.70330 7584.89 87.0913
39.70580 7578.64 87.0554
39.70830 7556.91 86.9305
39.71080 7574.26 87.0302
39.71330 7584.25 87.0876
39.71580 7591.77 87.1308
39.71830 7615.94 87.2694
39.72080 7641.47 87.4155
39.72330 7659.28 87.5173
39.72580 7617.06 87.2758
39.72830 7620.86 87.2975
39.73080 7651.49 87.4728
39.73330 7679.94 87.6353
39.73580 7700.48 87.7524
39.73830 7715.41 87.8374
39.74080 7723.67 87.8844
39.74330 7719.2 87.859
39.74580 7715.25 87.8365
39.74830 7754.12 88.0575
39.75080 7759.76 88.0895
39.75330 7747.35 88.019
39.75580 7732.61 87.9352
39.75830 7719.09 87.8584
39.76080 7705.18 87.7791
39.76330 7686.07 87.6702
39.76580 7702.61 87.7645
39.76830 7731.86 87.931
39.77080 7738.06 87.9662
39.77330 7724.1 87.8869
39.77580 7703.47 87.7694
39.77830 7695.81 87.7258
39.78080 7692.19 87.7051
39.78330 7693.51 87.7127
39.78580 7708.01 87.7953
39.78830 7705.26 87.7796
39.79080 7697.57 87.7358
39.79330 7700.56 87.7529
39.79580 7725.74 87.8962
39.79830 7758.88 88.0845
39.80080 7786.52 88.2413
39.80330 7798.47 88.309
39.80580 7806.73 88.3557
39.80830 7824.79 88.4578
39.81080 7843.5 88.5635
39.81330 7863.23 88.6748
39.81580 7885.63 88.8011
39.81830 7940.66 89.1104
39.82080 7993.06 89.4039
39.82330 7996.2 89.4215
39.82580 8024.15 89.5776
39.82830 8055.94 89.7549
39.83080 8071.71 89.8427
39.83330 8112.34 90.0685
39.83580 8158.67 90.3254
39.83830 8196.33 90.5336
39.84080 8244.54 90.7994
39.84330 8297.5 91.0906
39.84580 8354.19 91.4012
39.84830 8412.59 91.7202
39.85080 8480.3 92.0885
39.85330 8572.38 92.5871
39.85580 8662.08 93.0703
39.85830 8756.61 93.5768
39.86080 8865.94 94.1591
39.86330 8951.04 94.6099
39.86580 9041.98 95.0893
39.86830 9165.65 95.7374
39.87080 9259.44 96.226
39.87330 9358.13 96.7374
39.87580 9488.97 97.4114
39.87830 9607.17 98.0162
39.88080 9709.15 98.535
39.88330 9780.62 98.897
39.88580 9843.34 99.2136
39.88830 9896.84 99.4829
39.89080 9934.34 99.6712
39.89330 9973.92 99.8695
39.89580 10005.7 100.028
39.89830 10019.2 100.096
39.90080 10027.3 100.137
39.90330 10036.1 100.18
39.90580 10048.9 100.244
39.90830 10040.3 100.201
39.91080 10012.4 100.062
39.91330 9954.58 99.7726
39.91580 9909.43 99.5461
39.91830 9857.64 99.2857
39.92080 9787.99 98.9343
39.92330 9716.63 98.573
39.92580 9637.85 98.1725
39.92830 9545.69 97.7021
39.93080 9492.29 97.4284
39.93330 9419.46 97.0539
39.93580 9299.03 96.4315
39.93830 9229.62 96.0709
39.94080 9153.82 95.6756
39.94330 9052.17 95.1429
39.94580 8992.45 94.8285
39.94830 8946.58 94.5864
39.95080 8913.32 94.4104
39.95330 8871.76 94.19
39.95580 8848.51 94.0665
39.95830 8857.07 94.112
39.96080 8904.12 94.3617
39.96330 8962.71 94.6716
39.96580 9031.52 95.0343
39.96830 9111.86 95.456
39.97080 9203.19 95.9333
39.97330 9309.16 96.484
39.97580 9445.11 97.186
39.97830 9572.99 97.8417
39.98080 9684.1 98.4078
39.98330 9792.54 98.9573
39.98580 9897.47 99.486
39.98830 9997.76 99.9888
39.99080 10028.7 100.143
39.99330 10054.4 100.272
39.99580 10081.7 100.408
39.99830 10118.4 100.59
40.00080 10113.5 100.566
40.00330 10052.2 100.261
40.00580 9937.58 99.6874
40.00830 9806.31 99.0268
40.01080 9658.55 98.2779
40.01330 9512.82 97.5337
40.01580 9373.64 96.8176
40.01830 9242.44 96.1376
40.02080 9106.87 95.4299
40.02330 8941.86 94.5614
40.02580 8741.68 93.4969
40.02830 8606.47 92.771
40.03080 8483.37 92.1052
40.03330 8371.04 91.4934
40.03580 8284.84 91.0211
40.03830 8198.58 90.546
40.04080 8111.21 90.0622
40.04330 8019.34 89.5508
40.04580 7963.79 89.24
40.04830 7947.95 89.1513
40.05080 7896.63 88.863
40.05330 7858.59 88.6487
40.05580 7835.2 88.5167
40.05830 7789.67 88.2591
40.06080 7765.57 88.1225
40.06330 7763.55 88.111
40.06580 7748.12 88.0234
40.06830 7734.83 87.9479
40.07080 7723.7 87.8846
40.07330 7715.79 87.8396
40.07580 7711.21 87.8135
40.07830 7710.25 87.808
40.08080 7736.71 87.9586
40.08330 7769.81 88.1465
40.08580 7808.09 88.3634
40.08830 7807.23 88.3585
40.09080 7823.47 88.4504
40.09330 7856.22 88.6353
40.09580 7925.73 89.0266
40.09830 8008.23 89.4887
40.10080 8103.23 90.0179
40.10330 8227.84 90.7075
40.10580 8345.95 91.3562
40.10830 8460.46 91.9808
40.11080 8611.35 92.7974
40.11330 8769.82 93.6473
40.11580 8938.6 94.5441
40.11830 9176.72 95.7952
40.12080 9356.93 96.7312
40.12330 9490.11 97.4172
40.12580 9599.14 97.9752
40.12830 9682.7 98.4007
40.13080 9743.43 98.7088
40.13330 9759.09 98.7881
40.13580 9722.91 98.6048
40.13830 9650.39 98.2364
40.14080 9596.18 97.9601
40.14330 9506.96 97.5037
40.14580 9393.24 96.9187
40.14830 9282.36 96.345
40.15080 9190.83 95.8688
40.15330 9110.25 95.4477
40.15580 9008.42 94.9127
40.15830 8918.63 94.4385
40.16080 8837.56 94.0083
40.16330 8762.88 93.6103
40.16580 8689.57 93.2179
40.16830 8617 92.8278
40.17080 8543.36 92.4303
40.17330 8490.3 92.1428
40.17580 8451.69 91.9331
40.17830 8425.7 91.7916
40.18080 8401.29 91.6586
40.18330 8376.12 91.5212
40.18580 8339.65 91.3217
40.18830 8314.28 91.1827
40.19080 8291.59 91.0582
40.19330 8245.99 90.8075
40.19580 8223.58 90.684
40.19830 8212.69 90.6239
40.20080 8193.97 90.5205
40.20330 8159.43 90.3296
40.20580 8122.76 90.1263
40.20830 8120.42 90.1134
40.21080 8124.48 90.1359
40.21330 8125.46 90.1413
40.21580 8093.79 89.9655
40.21830 8080.67 89.8926
40.22080 8078.65 89.8813
40.22330 8085.59 89.9199
40.22580 8084.23 89.9124
40.22830 8083.75 89.9097
40.23080 8105.37 90.0299
40.23330 8104.4 90.0245
40.23580 8093.55 89.9641
40.23830 8085 89.9167
40.24080 8043.95 89.6881
40.24330 7998.64 89.4351
40.24580 7994.94 89.4144
40.24830 7987.44 89.3725
40.25080 7973.3 89.2933
40.25330 7939.61 89.1045
40.25580 7905.55 88.9131
40.25830 7868.2 88.7029
40.26080 7819.27 88.4266
40.26330 7798.59 88.3096
40.26580 7793.31 88.2798
40.26830 7803.04 88.3348
40.27080 7806.2 88.3527
40.27330 7803.05 88.3349
40.27580 7787.01 88.244
40.27830 7764.12 88.1142
40.28080 7753.32 88.0529
40.28330 7789.31 88.2571
40.28580 7794.69 88.2876
40.28830 7792.59 88.2756
40.29080 7800.2 88.3187
40.29330 7798.06 88.3066
40.29580 7800.91 88.3228
40.29830 7827.93 88.4756
40.30080 7868.55 88.7049
40.30330 7916.16 88.9728
40.30580 7971.18 89.2815
40.30830 8013.29 89.517
40.31080 8043.72 89.6868
40.31330 8053.29 89.7401
40.31580 8111.65 90.0647
40.31830 8176.45 90.4237
40.32080 8221.23 90.671
40.32330 8261.39 90.8922
40.32580 8300.94 91.1095
40.32830 8342.19 91.3356
40.33080 8412.44 91.7193
40.33330 8484.49 92.1113
40.33580 8542.55 92.4259
40.33830 8600.63 92.7396
40.34080 8665.47 93.0885
40.34330 8745.78 93.5189
40.34580 8820.28 93.9163
40.34830 8898.35 94.3311
40.35080 8987.37 94.8017
40.35330 9092.41 95.3541
40.35580 9185.76 95.8424
40.35830 9246.6 96.1593
40.36080 9297.8 96.4251
40.36330 9340.78 96.6477
40.36580 9371.12 96.8046
40.36830 9486.47 97.3985
40.37080 9592.29 97.9402
40.37330 9645.55 98.2118
40.37580 9713.02 98.5546
40.37830 9797.51 98.9824
40.38080 9909.26 99.5453
40.38330 9964 99.8199
40.38580 10001.1 100.005
40.38830 10024.3 100.121
40.39080 10083.7 100.418
40.39330 10151.4 100.754
40.39580 10223.2 101.11
40.39830 10282.5 101.403
40.40080 10343 101.701
40.40330 10409 102.025
40.40580 10447.6 102.213
40.40830 10490 102.421
40.41080 10545.5 102.691
40.41330 10575.9 102.839
40.41580 10620.9 103.058
40.41830 10694.2 103.413
40.42080 10733.8 103.604
40.42330 10759.4 103.728
40.42580 10769.8 103.777
40.42830 10790.9 103.879
40.43080 10812.2 103.982
40.43330 10832 104.077
40.43580 10835.7 104.095
40.43830 10843.4 104.132
40.44080 10859.5 104.209
40.44330 10847.6 104.152
40.44580 10858.1 104.202
40.44830 10903.6 104.42
40.45080 10949.7 104.641
40.45330 10982.9 104.799
40.45580 10998.6 104.874
40.45830 11031.3 105.03
40.46080 11064.8 105.189
40.46330 11097.8 105.346
40.46580 11159 105.636
40.46830 11189.4 105.78
40.47080 11178.8 105.73
40.47330 11164 105.66
40.47580 11123.8 105.469
40.47830 11053.1 105.134
40.48080 11008.9 104.923
40.48330 10949.5 104.64
40.48580 10871 104.264
40.48830 10766 103.759
40.49080 10624.3 103.074
40.49330 10442 102.186
40.49580 10310.8 101.542
40.49830 10171.1 100.852
40.50080 10020.6 100.103
40.50330 9853.47 99.2646
40.50580 9674.25 98.3577
40.50830 9482.52 97.3783
40.51080 9316.92 96.5242
40.51330 9167.66 95.7479
40.51580 9034.91 95.0521
40.51830 8954.21 94.6267
40.52080 8874.13 94.2026
40.52330 8794.45 93.7787
40.52580 8704.19 93.2962
40.52830 8621.5 92.852
40.53080 8546.56 92.4476
40.53330 8504.62 92.2205
40.53580 8466.88 92.0157
40.53830 8433.2 91.8325
40.54080 8406.15 91.6851
40.54330 8380.43 91.5447
40.54580 8357.51 91.4194
40.54830 8387.05 91.5808
40.55080 8404.41 91.6756
40.55330 8409.52 91.7034
40.55580 8373.58 91.5072
40.55830 8344.21 91.3466
40.56080 8322.43 91.2274
40.56330 8342.47 91.3371
40.56580 8366.41 91.4681
40.56830 8390.33 91.5987
40.57080 8358.32 91.4238
40.57330 8345.06 91.3513
40.57580 8345.95 91.3562
40.57830 8336.78 91.306
40.58080 8328.89 91.2628
40.58330 8323.56 91.2335
40.58580 8338.98 91.318
40.58830 8356.83 91.4157
40.59080 8375.08 91.5154
40.59330 8377.31 91.5277
40.59580 8387.22 91.5817
40.59830 8400.59 91.6547
40.60080 8393.03 91.6135
40.60330 8414.9 91.7328
40.60580 8456.56 91.9595
40.60830 8493.21 92.1586
40.61080 8518.39 92.2951
40.61330 8536.34 92.3923
40.61580 8557.97 92.5093
40.61830 8610.97 92.7953
40.62080 8675.61 93.1429
40.62330 8672.19 93.1246
40.62580 8692.96 93.236
40.62830 8730.85 93.439
40.63080 8783.9 93.7224
40.63330 8809.43 93.8585
40.63580 8821.7 93.9239
40.63830 8856.28 94.1078
40.64080 8892.94 94.3024
40.64330 8927.75 94.4868
40.64580 8943.36 94.5693
40.64830 8977.92 94.7519
40.65080 9016.61 94.9559
40.65330 9017.03 94.958
40.65580 9025.13 95.0007
40.65830 9036.17 95.0588
40.66080 9040.54 95.0818
40.66330 9036.71 95.0616
40.66580 9033.9 95.0468
40.66830 9058.57 95.1765
40.67080 9061.84 95.1937
40.67330 9050.3 95.133
40.67580 9018.82 94.9675
40.67830 9025.46 95.0024
40.68080 9038.77 95.0725
40.68330 8997.63 94.8559
40.68580 8983.87 94.7833
40.68830 8976.6 94.7449
40.69080 8941.94 94.5618
40.69330 8895.86 94.3179
40.69580 8854.06 94.096
40.69830 8851.3 94.0813
40.70080 8833.63 93.9874
40.70330 8803.54 93.8272
40.70580 8749.87 93.5408
40.70830 8716.05 93.3598
40.71080 8690.68 93.2238
40.71330 8666.07 93.0917
40.71580 8642.04 92.9626
40.71830 8615.91 92.8219
40.72080 8581.45 92.6361
40.72330 8550.38 92.4682
40.72580 8523.38 92.3222
40.72830 8505.84 92.2271
40.73080 8516.22 92.2834
40.73330 8520.92 92.3088
40.73580 8473.89 92.0537
40.73830 8463.39 91.9967
40.74080 8451.78 91.9336
40.74330 8396.85 91.6343
40.74580 8387.47 91.5831
40.74830 8384.83 91.5687
40.75080 8356.61 91.4145
40.75330 8332.57 91.2829
40.75580 8308.07 91.1486
40.75830 8278.41 90.9858
40.76080 8264.26 90.908
40.76330 8255.7 90.8609
40.76580 8249.38 90.8261
40.76830 8278 90.9835
40.77080 8307.95 91.148
40.77330 8314.49 91.1838
40.77580 8308.26 91.1497
40.77830 8290.77 91.0537
40.78080 8253.99 90.8515
40.78330 8259.53 90.882
40.78580 8272.27 90.952
40.78830 8275.04 90.9673
40.79080 8288.01 91.0385
40.79330 8299.22 91.1
40.79580 8300.3 91.106
40.79830 8338.17 91.3136
40.80080 8364.88 91.4597
40.80330 8346.9 91.3614
40.80580 8350.97 91.3836
40.80830 8363.06 91.4498
40.81080 8381.53 91.5507
40.81330 8366.08 91.4663
40.81580 8354.61 91.4035
40.81830 8366.52 91.4687
40.82080 8353.24 91.3961
40.82330 8338.6 91.316
40.82580 8331.51 91.2771
40.82830 8315.76 91.1908
40.83080 8313.29 91.1772
40.83330 8339.49 91.3208
40.83580 8325.85 91.2461
40.83830 8310 91.1592
40.84080 8303.43 91.1232
40.84330 8289.45 91.0464
40.84580 8276.53 90.9755
40.84830 8267.75 90.9272
40.85080 8251.83 90.8396
40.85330 8227.9 90.7078
40.85580 8192.13 90.5104
40.85830 8163.67 90.353
40.86080 8134.33 90.1905
40.86330 8101.72 90.0096
40.86580 8120.03 90.1112
40.86830 8138.99 90.2164
40.87080 8147.8 90.2651
40.87330 8137.36 90.2073
40.87580 8118.33 90.1018
40.87830 8089.75 89.943
40.88080 8088.48 89.936
40.88330 8075.76 89.8652
40.88580 8041.12 89.6723
40.88830 8032.35 89.6234
40.89080 8025.52 89.5853
40.89330 8017.54 89.5407
40.89580 7993.36 89.4056
40.89830 7980.7 89.3348
40.90080 7986.34 89.3663
40.90330 7989.18 89.3822
40.90580 7987 89.37
40.90830 7978.35 89.3216
40.91080 7955.69 89.1947
40.91330 7938.81 89.1
40.91580 7930.9 89.0556
40.91830 7942.83 89.1225
40.92080 7942.51 89.1208
40.92330 7925.01 89.0225
40.92580 7899.89 88.8813
40.92830 7902.1 88.8937
40.93080 7938.33 89.0973
40.93330 7920.69 88.9982
40.93580 7922.16 89.0065
40.93830 7949.4 89.1594
40.94080 7949.07 89.1576
40.94330 7943.66 89.1272
40.94580 7933.69 89.0713
40.94830 7949.7 89.1611
40.95080 7977.41 89.3163
40.95330 8017.19 89.5388
40.95580 8039.68 89.6642
40.95830 8060.8 89.782
40.96080 8080.88 89.8937
40.96330 8097.91 89.9884
40.96580 8137.55 90.2084
40.96830 8200.71 90.5578
40.97080 8262.92 90.9006
40.97330 8321.27 91.221
40.97580 8375.74 91.5191
40.97830 8427.87 91.8034
40.98080 8504.95 92.2223
40.98330 8606.12 92.7692
40.98580 8692.96 93.236
40.98830 8785.52 93.7311
40.99080 8881.85 94.2436
40.99330 8896.89 94.3233
40.99580 8972.94 94.7256
40.99830 9103.4 95.4117
41.00080 9195.05 95.8908
41.00330 9295.48 96.4131
41.00580 9402.66 96.9673
41.00830 9483.6 97.3838
41.01080 9563.09 97.7911
41.01330 9641.7 98.1921
41.01580 9727.5 98.6281
41.01830 9822.54 99.1087
41.02080 9920.95 99.604
41.02330 9942.97 99.7144
41.02580 9985.49 99.9274
41.02830 10041.4 100.207
41.03080 10051.6 100.258
41.03330 10062.3 100.311
41.03580 10070.7 100.353
41.03830 10041.4 100.207
41.04080 10029.4 100.147
41.04330 10026.6 100.133
41.04580 9979.38 99.8968
41.04830 9945.68 99.728
41.05080 9919.47 99.5965
41.05330 9868.71 99.3414
41.05580 9813.74 99.0643
41.05830 9756.43 98.7746
41.06080 9705.05 98.5142
41.06330 9625.18 98.108
41.06580 9529.93 97.6213
41.06830 9468.29 97.3052
41.07080 9350.68 96.6989
41.07330 9202.26 95.9284
41.07580 9099.31 95.3903
41.07830 8989.87 94.8149
41.08080 8879.91 94.2333
41.08330 8796.48 93.7895
41.08580 8702.9 93.2894
41.08830 8604.2 92.7588
41.09080 8512.61 92.2638
41.09330 8447.19 91.9086
41.09580 8391.17 91.6034
41.09830 8297.01 91.0879
41.10080 8238.31 90.7651
41.10330 8199.1 90.5489
41.10580 8156.48 90.3132
41.10830 8096.41 89.98
41.11080 8027.06 89.5939
41.11330 7959.09 89.2137
41.11580 7945.87 89.1396
41.11830 7957.62 89.2055
41.12080 7949.17 89.1581
41.12330 7942.75 89.1221
41.12580 7936.46 89.0868
41.12830 7925.65 89.0261
41.13080 7936.92 89.0894
41.13330 7948.09 89.152
41.13580 7908.18 88.928
41.13830 7893.51 88.8454
41.14080 7892.67 88.8407
41.14330 7900.48 88.8846
41.14580 7897.16 88.8659
41.14830 7891.09 88.8318
41.15080 7894.66 88.8519
41.15330 7898.72 88.8747
41.15580 7905.58 88.9133
41.15830 7922.76 89.0099
41.16080 7925.06 89.0228
41.16330 7926.69 89.032
41.16580 7949.43 89.1596
41.16830 7980.69 89.3347
41.17080 8010.39 89.5008
41.17330 8022.09 89.5661
41.17580 8016.02 89.5323
41.17830 8019.86 89.5537
41.18080 8081.43 89.8968
41.18330 8114.58 90.081
41.18580 8142.43 90.2354
41.18830 8187.49 90.4848
41.19080 8208.75 90.6021
41.19330 8224.41 90.6885
41.19580 8249.13 90.8247
41.19830 8286.17 91.0284
41.20080 8328.86 91.2626
41.20330 8375.91 91.52
41.20580 8437.75 91.8572
41.20830 8499.83 92.1945
41.21080 8548.74 92.4594
41.21330 8612.82 92.8053
41.21580 8684.19 93.189
41.21830 8762.59 93.6087
41.22080 8809.19 93.8573
41.22330 8845.5 94.0505
41.22580 8879.69 94.2321
41.22830 8970.91 94.7149
41.23080 9061.41 95.1914
41.23330 9108.99 95.441
41.23580 9149.89 95.655
41.23830 9184.09 95.8336
41.24080 9206.4 95.95
41.24330 9196.84 95.9002
41.24580 9199.55 95.9143
41.24830 9250.22 96.1781
41.25080 9261.39 96.2361
41.25330 9247.99 96.1665
41.25580 9201.05 95.9221
41.25830 9220.73 96.0246
41.26080 9239.45 96.1221
41.26330 9222.54 96.034
41.26580 9205.15 95.9435
41.26830 9194.2 95.8864
41.27080 9196.91 95.9005
41.27330 9162.45 95.7207
41.27580 9126.18 95.5311
41.27830 9101.79 95.4033
41.28080 9069.52 95.234
41.28330 9042.08 95.0899
41.28580 9027.02 95.0106
41.28830 9010.25 94.9223
41.29080 8987.31 94.8014
41.29330 8953.45 94.6227
41.29580 8978.22 94.7535
41.29830 9006.52 94.9027
41.30080 9022.9 94.989
41.30330 9024.36 94.9967
41.30580 9027.07 95.0109
41.30830 9036.11 95.0585
41.31080 9089.81 95.3405
41.31330 9114.38 95.4693
41.31580 9078.77 95.2826
41.31830 9089.61 95.3394
41.32080 9101.74 95.4031
41.32330 9105.47 95.4226
41.32580 9110.76 95.4503
41.32830 9111.69 95.4552
41.33080 9105.48 95.4226
41.33330 9121.88 95.5085
41.33580 9132.08 95.5619
41.33830 9128.86 95.5451
41.34080 9124.09 95.5201
41.34330 9128.78 95.5447
41.34580 9147.55 95.6428
41.34830 9130.88 95.5556
41.35080 9119.5 95.4961
41.35330 9120.54 95.5015
41.35580 9118.66 95.4917
41.35830 9108.68 95.4394
41.36080 9088 95.331
41.36330 9068.83 95.2304
41.36580 9098.16 95.3843
41.36830 9191.4 95.8718
41.37080 9223.66 96.0399
41.37330 9256.96 96.2131
41.37580 9297.01 96.421
41.37830 9375.27 96.826
41.38080 9450.61 97.2142
41.38330 9519.51 97.568
41.38580 9560.78 97.7793
41.38830 9610.84 98.0349
41.39080 9673.09 98.3519
41.39330 9742.56 98.7044
41.39580 9809.84 99.0446
41.39830 9874.22 99.3691
41.40080 9949.75 99.7484
41.40330 10010.9 100.055
41.40580 10055.6 100.278
41.40830 10052.5 100.262
41.41080 10044.5 100.222
41.41330 10032.6 100.163
41.41580 10028.7 100.143
41.41830 10004.6 100.023
41.42080 9959.25 99.796
41.42330 9838 99.1867
41.42580 9724.61 98.6135
41.42830 9619.79 98.0805
41.43080 9545.97 97.7035
41.43330 9435.26 97.1352
41.43580 9289.16 96.3803
41.43830 9229.08 96.0681
41.44080 9127.03 95.5355
41.44330 8986.14 94.7952
41.44580 8900.99 94.3451
41.44830 8814.84 93.8874
41.45080 8727.99 93.4237
41.45330 8649.31 93.0017
41.45580 8585.69 92.659
41.45830 8535.31 92.3868
41.46080 8481.31 92.094
41.46330 8439.28 91.8656
41.46580 8405.91 91.6837
41.46830 8334.72 91.2947
41.47080 8290.42 91.0517
41.47330 8267.19 90.9241
41.47580 8219.59 90.662
41.47830 8192.44 90.5121
41.48080 8180.55 90.4464
41.48330 8149.54 90.2748
41.48580 8118.92 90.1051
41.48830 8088.93 89.9385
41.49080 8063.44 89.7967
41.49330 8042.52 89.6801
41.49580 8024.04 89.577
41.49830 7993.28 89.4052
41.50080 7988.59 89.3789
41.50330 7996.25 89.4218
41.50580 7930.96 89.0559
41.50830 7910.93 88.9434
41.51080 7918.65 88.9868
41.51330 7885.94 88.8028
41.51580 7851.46 88.6085
41.51830 7820.83 88.4354
41.52080 7835.98 88.5211
41.52330 7810.28 88.3758
41.52580 7760.46 88.0935
41.52830 7732.9 87.9369
41.53080 7707.66 87.7933
41.53330 7687.77 87.68
41.53580 7697.49 87.7353
41.53830 7699.62 87.7475
41.54080 7695.57 87.7244
41.54330 7680.58 87.6389
41.54580 7671.83 87.589
41.54830 7666.11 87.5563
41.55080 7655.99 87.4985
41.55330 7653.02 87.4815
41.55580 7655.72 87.4969
41.55830 7668.09 87.5676
41.56080 7679.25 87.6313
41.56330 7688.18 87.6823
41.56580 7688.11 87.6819
41.56830 7690.35 87.6946
41.57080 7693.36 87.7118
41.57330 7693.93 87.7151
41.57580 7698.71 87.7423
41.57830 7704.51 87.7754
41.58080 7704.64 87.7761
41.58330 7720.01 87.8636
41.58580 7743.9 87.9995
41.58830 7772.55 88.162
41.59080 7780.8 88.2088
41.59330 7781.94 88.2153
41.59580 7794.75 88.2879
41.59830 7797.74 88.3048
41.60080 7803.74 88.3388
41.60330 7841.7 88.5534
41.60580 7840.4 88.546
41.60830 7826.39 88.4669
41.61080 7830.93 88.4925
41.61330 7814.45 88.3994
41.61580 7803.79 88.3391
41.61830 7849.64 88.5982
41.62080 7874.26 88.737
41.62330 7891.15 88.8321
41.62580 7911.35 88.9458
41.62830 7913.47 88.9577
41.63080 7913.56 88.9582
41.63330 7931.18 89.0572
41.63580 7915.71 88.9703
41.63830 7894.98 88.8537
41.64080 7898.1 88.8712
41.64330 7908.77 88.9313
41.64580 7920.79 88.9988
41.64830 7928.39 89.0415
41.65080 7933.73 89.0715
41.65330 7943.81 89.1281
41.65580 7970.61 89.2783
41.65830 7960.08 89.2193
41.66080 7941.53 89.1152
41.66330 7935.48 89.0813
41.66580 7942.87 89.1228
41.66830 7953.31 89.1813
41.67080 7960.4 89.2211
41.67330 7947.94 89.1512
41.67580 7934.33 89.0749
41.67830 7933.4 89.0696
41.68080 7959.35 89.2152
41.68330 7980.77 89.3352
41.68580 7970.78 89.2792
41.68830 7980.21 89.332
41.69080 7986.2 89.3655
41.69330 7970.58 89.2781
41.69580 7969.55 89.2724
41.69830 7982.89 89.347
41.70080 8021.2 89.5611
41.70330 8026.64 89.5915
41.70580 8030.52 89.6132
41.70830 8049.4 89.7184
41.71080 8077.79 89.8765
41.71330 8102.13 90.0118
41.71580 8112.69 90.0704
41.71830 8120.05 90.1113
41.72080 8141.04 90.2277
41.72330 8192.24 90.511
41.72580 8192.34 90.5115
41.72830 8192.24 90.511
41.73080 8213.64 90.6292
41.73330 8248.99 90.8239
41.73580 8281.98 91.0054
41.73830 8304.97 91.1316
41.74080 8334.17 91.2916
41.74330 8351.81 91.3882
41.74580 8345.48 91.3536
41.74830 8343.89 91.3449
41.75080 8362.23 91.4452
41.75330 8415.33 91.7351
41.75580 8454.53 91.9485
41.75830 8495.37 92.1703
41.76080 8543.12 92.429
41.76330 8559.55 92.5179
41.76580 8590.1 92.6828
41.76830 8652.72 93.02
41.77080 8699.45 93.2708
41.77330 8733.31 93.4522
41.77580 8749.81 93.5404
41.77830 8771.14 93.6543
41.78080 8783.4 93.7198
41.78330 8780.32 93.7034
41.78580 8801.13 93.8143
41.78830 8806.37 93.8423
41.79080 8783.43 93.72
41.79330 8761.23 93.6014
41.79580 8747.49 93.528
41.79830 8746.12 93.5207
41.80080 8750.91 93.5463
41.80330 8738.8 93.4816
41.80580 8701.73 93.283
41.80830 8717.67 93.3685
41.81080 8720.24 93.3822
41.81330 8697.71 93.2615
41.81580 8662.92 93.0748
41.81830 8644.08 92.9735
41.82080 8647.81 92.9936
41.82330 8625.94 92.8759
41.82580 8610.28 92.7916
41.82830 8605.01 92.7632
41.83080 8593.46 92.7009
41.83330 8606.09 92.769
41.83580 8649.33 93.0018
41.83830 8660.75 93.0631
41.84080 8663.51 93.078
41.84330 8657.89 93.0478
41.84580 8690.81 93.2245
41.84830 8711.64 93.3362
41.85080 8716.39 93.3616
41.85330 8735.53 93.464
41.85580 8751.25 93.5481
41.85830 8762.53 93.6084
41.86080 8761.34 93.602
41.86330 8745.47 93.5172
41.86580 8713.93 93.3485
41.86830 8754.46 93.5653
41.87080 8755.09 93.5686
41.87330 8712.22 93.3393
41.87580 8725.99 93.413
41.87830 8733.83 93.4549
41.88080 8735.06 93.4615
41.88330 8705.26 93.302
41.88580 8671.27 93.1197
41.88830 8633.33 92.9157
41.89080 8614.81 92.816
41.89330 8581.61 92.637
41.89580 8534.55 92.3826
41.89830 8499.75 92.1941
41.90080 8483.39 92.1053
41.90330 8483.52 92.106
41.90580 8460.38 91.9803
41.90830 8456.64 91.96
41.91080 8468.99 92.0271
41.91330 8441.18 91.8759
41.91580 8441.05 91.8752
41.91830 8463.57 91.9976
41.92080 8453.95 91.9454
41.92330 8440.58 91.8727
41.92580 8424.97 91.7877
41.92830 8427.39 91.8008
41.93080 8424.82 91.7868
41.93330 8418.84 91.7542
41.93580 8423.89 91.7818
41.93830 8408.51 91.6979
41.94080 8375.88 91.5199
41.94330 8325.7 91.2453
41.94580 8284.04 91.0167
41.94830 8250.08 90.83
41.95080 8231.97 90.7302
41.95330 8196.64 90.5353
41.95580 8148.9 90.2712
41.95830 8103.81 90.0212
41.96080 8075.96 89.8664
41.96330 8057.94 89.7661
41.96580 8015.43 89.5289
41.96830 7977.57 89.3173
41.97080 7944.33 89.131
41.97330 7924.14 89.0176
41.97580 7895.2 88.8549
41.97830 7865.69 88.6887
41.98080 7880.36 88.7714
41.98330 7874.66 88.7393
41.98580 7856.95 88.6395
41.98830 7847.08 88.5838
41.99080 7824.4 88.4556
41.99330 7795.9 88.2944
41.99580 7782.5 88.2185
41.99830 7766.5 88.1278
42.00080 7749.81 88.033
42.00330 7738.78 87.9703
42.00580 7721.53 87.8723
42.00830 7701.7 87.7594
42.01080 7688.07 87.6816
42.01330 7690.1 87.6932
42.01580 7700.79 87.7541
42.01830 7711.12 87.813
42.02080 7691.22 87.6996
42.02330 7659.17 87.5167
42.02580 7649.2 87.4597
42.02830 7652.35 87.4777
42.03080 7665.81 87.5546
42.03330 7697.33 87.7344
42.03580 7713.77 87.8281
42.03830 7716.36 87.8428
42.04080 7688.31 87.683
42.04330 7683.16 87.6536
42.04580 7690 87.6927
42.04830 7701.38 87.7575
42.05080 7732.83 87.9365
42.05330 7764.66 88.1173
42.05580 7758.04 88.0797
42.05830 7772.44 88.1614
42.06080 7789.86 88.2602
42.06330 7781.35 88.2119
42.06580 7778.88 88.198
42.06830 7773.85 88.1694
42.07080 7748.71 88.0267
42.07330 7754.6 88.0602
42.07580 7767.98 88.1361
42.07830 7761.77 88.1009
42.08080 7732.59 87.9351
42.08330 7706.45 87.7864
42.08580 7723.09 87.8811
42.08830 7726.96 87.9031
42.09080 7724.75 87.8905
42.09330 7718.42 87.8545
42.09580 7710.88 87.8116
42.09830 7697.29 87.7342
42.10080 7665.63 87.5536
42.10330 7658.22 87.5112
42.10580 7653.51 87.4844
42.10830 7631.15 87.3565
42.11080 7613.81 87.2572
42.11330 7601.9 87.1889
42.11580 7601.01 87.1838
42.11830 7623.01 87.3098
42.12080 7643.64 87.4279
42.12330 7639.84 87.4061
42.12580 7636.59 87.3876
42.12830 7640.57 87.4103
42.13080 7663.59 87.5419
42.13330 7655.71 87.4969
42.13580 7646.98 87.447
42.13830 7659.39 87.5179
42.14080 7669 87.5728
42.14330 7679.82 87.6346
42.14580 7695.56 87.7243
42.14830 7712.39 87.8202
42.15080 7733.38 87.9396
42.15330 7763.63 88.1114
42.15580 7760.41 88.0932
42.15830 7763.36 88.1099
42.16080 7799.82 88.3166
42.16330 7827.7 88.4743
42.16580 7856.52 88.637
42.16830 7891.93 88.8365
42.17080 7901.3 88.8892
42.17330 7920.79 88.9988
42.17580 7974.35 89.2992
42.17830 8018.66 89.547
42.18080 8057.4 89.763
42.18330 8088.77 89.9376
42.18580 8109.29 90.0516
42.18830 8136.2 90.2009
42.19080 8180.1 90.4439
42.19330 8196.3 90.5334
42.19580 8207.07 90.5929
42.19830 8217.54 90.6507
42.20080 8250.39 90.8317
42.20330 8274.31 90.9632
42.20580 8274.46 90.9641
42.20830 8273.31 90.9577
42.21080 8286.65 91.031
42.21330 8326.07 91.2473
42.21580 8342.24 91.3359
42.21830 8352.72 91.3932
42.22080 8359.65 91.4311
42.22330 8327.54 91.2554
42.22580 8300.2 91.1054
42.22830 8290.09 91.0499
42.23080 8328.98 91.2632
42.23330 8360.31 91.4347
42.23580 8369.08 91.4827
42.23830 8355.11 91.4063
42.24080 8341.09 91.3296
42.24330 8331.34 91.2762
42.24580 8343.69 91.3438
42.24830 8353.74 91.3988
42.25080 8356.65 91.4147
42.25330 8357.44 91.419
42.25580 8353.9 91.3997
42.25830 8344.46 91.348
42.26080 8296.53 91.0853
42.26330 8258.81 90.878
42.26580 8240.3 90.7761
42.26830 8243.25 90.7924
42.27080 8250.6 90.8328
42.27330 8261.44 90.8925
42.27580 8240.06 90.7748
42.27830 8225.69 90.6956
42.28080 8223.57 90.6839
42.28330 8269.17 90.935
42.28580 8320.56 91.2171
42.28830 8375.32 91.5168
42.29080 8383.05 91.559
42.29330 8386.66 91.5787
42.29580 8388.46 91.5885
42.29830 8432.93 91.831
42.30080 8484.58 92.1118
42.30330 8542.36 92.4249
42.30580 8567.92 92.5631
42.30830 8584.01 92.6499
42.31080 8590.71 92.6861
42.31330 8607.18 92.7749
42.31580 8628.42 92.8893
42.31830 8654.58 93.03
42.32080 8610.77 92.7943
42.32330 8584.59 92.653
42.32580 8578.68 92.6212
42.32830 8548.33 92.4572
42.33080 8501.01 92.2009
42.33330 8436.5 91.8504
42.33580 8430.41 91.8172
42.33830 8391.69 91.6062
42.34080 8320.15 91.2149
42.34330 8229.33 90.7156
42.34580 8149.93 90.277
42.34830 8081.74 89.8985
42.35080 8025.98 89.5878
42.35330 7983.81 89.3521
42.35580 7953.31 89.1813
42.35830 7876.65 88.7505
42.36080 7809.42 88.3709
42.36330 7750.69 88.038
42.36580 7691.17 87.6993
42.36830 7665.72 87.5541
42.37080 7669.19 87.5739
42.37330 7651.14 87.4708
42.37580 7645.95 87.4411
42.37830 7651.01 87.47
42.38080 7643.19 87.4253
42.38330 7626.1 87.3275
42.38580 7602.12 87.1902
42.38830 7590.19 87.1217
42.39080 7583.76 87.0848
42.39330 7581.21 87.0701
42.39580 7571.9 87.0167
42.39830 7580.7 87.0672
42.40080 7603.12 87.1959
42.40330 7622.29 87.3057
42.40580 7626.35 87.329
42.40830 7621.08 87.2988
42.41080 7637.56 87.3932
42.41330 7646.98 87.447
42.41580 7652.6 87.4791
42.41830 7671.34 87.5862
42.42080 7684.54 87.6615
42.42330 7694.39 87.7177
42.42580 7708.77 87.7996
42.42830 7731.81 87.9307
42.43080 7756.49 88.0709
42.43330 7745.42 88.0081
42.43580 7756.35 88.0701
42.43830 7782.15 88.2165
42.44080 7813.26 88.3927
42.44330 7814.39 88.399
42.44580 7804.95 88.3456
42.44830 7855.27 88.63
42.45080 7881.77 88.7793
42.45330 7891.55 88.8344
42.45580 7885.33 88.7994
42.45830 7897.86 88.8699
42.46080 7921.13 89.0007
42.46330 7943.39 89.1257
42.46580 7945.67 89.1385
42.46830 7945.77 89.139
42.47080 7999.29 89.4387
42.47330 8034.03 89.6328
42.47580 8055.15 89.7505
42.47830 8057.07 89.7612
42.48080 8101.41 90.0078
42.48330 8170.23 90.3893
42.48580 8251.25 90.8364
42.48830 8304.01 91.1263
42.49080 8346.6 91.3597
42.49330 8409.03 91.7008
42.49580 8472.88 92.0482
42.49830 8537.65 92.3994
42.50080 8603.55 92.7553
42.50330 8670.28 93.1143
42.50580 8738.57 93.4803
42.50830 8811.94 93.8719
42.51080 8869.31 94.177
42.51330 8925.95 94.4772
42.51580 9009.47 94.9182
42.51830 9062.87 95.1991
42.52080 9099.67 95.3922
42.52330 9122.28 95.5106
42.52580 9121.91 95.5087
42.52830 9115.84 95.4769
42.53080 9124.28 95.5211
42.53330 9127.12 95.536
42.53580 9119.51 95.4961
42.53830 9082.48 95.302
42.54080 9015.26 94.9487
42.54330 8936.54 94.5333
42.54580 8858.12 94.1176
42.54830 8781.3 93.7086
42.55080 8699.86 93.273
42.55330 8601.45 92.744
42.55580 8509.94 92.2494
42.55830 8424.78 91.7866
42.56080 8351.77 91.388
42.56330 8246.11 90.8081
42.56580 8145.35 90.2516
42.56830 8091.95 89.9553
42.57080 8026.16 89.5888
42.57330 7957.41 89.2043
42.57580 7891.67 88.8351
42.57830 7842.38 88.5572
42.58080 7798.6 88.3097
42.58330 7755.97 88.068
42.58580 7741.18 87.984
42.58830 7725.34 87.8939
42.59080 7685.24 87.6655
42.59330 7671.46 87.5869
42.59580 7665.73 87.5541
42.59830 7661.59 87.5305
42.60080 7659.48 87.5184
42.60330 7667.19 87.5625
42.60580 7697.34 87.7345
42.60830 7691.8 87.7029
42.61080 7673.13 87.5964
42.61330 7645.11 87.4363
42.61580 7644.74 87.4342
42.61830 7664.11 87.5449
42.62080 7712.63 87.8216
42.62330 7732.59 87.9351
42.62580 7752.58 88.0487
42.62830 7786.71 88.2423
42.63080 7840.14 88.5446
42.63330 7870.16 88.7139
42.63580 7843.06 88.561
42.63830 7843.88 88.5657
42.64080 7849.36 88.5966
42.64330 7852.69 88.6154
42.64580 7881.85 88.7798
42.64830 7913.47 88.9577
42.65080 7940.2 89.1078
42.65330 7970.64 89.2785
42.65580 8000.78 89.4471
42.65830 8029.1 89.6052
42.66080 8050.47 89.7244
42.66330 8065.42 89.8077
42.66580 8070.99 89.8387
42.66830 8095.51 89.975
42.67080 8122.41 90.1244
42.67330 8148.2 90.2674
42.67580 8200.79 90.5582
42.67830 8247.69 90.8168
42.68080 8278.5 90.9862
42.68330 8288.34 91.0403
42.68580 8311.53 91.1676
42.68830 8360.8 91.4374
42.69080 8386.35 91.577
42.69330 8400.79 91.6558
42.69580 8402.65 91.666
42.69830 8467.48 92.0189
42.70080 8513.63 92.2693
42.70330 8520.73 92.3078
42.70580 8580.55 92.6313
42.70830 8641.39 92.9591
42.71080 8695.56 93.25
42.71330 8707.63 93.3147
42.71580 8717.33 93.3667
42.71830 8729.4 93.4312
42.72080 8764.59 93.6194
42.72330 8782.41 93.7145
42.72580 8773.94 93.6693
42.72830 8801.66 93.8172
42.73080 8848.02 94.0639
42.73330 8915.17 94.4202
42.73580 8914.18 94.4149
42.73830 8921.78 94.4552
42.74080 8946.09 94.5838
42.74330 8978.99 94.7575
42.74580 9014.92 94.9469
42.74830 9053.95 95.1522
42.75080 9087.44 95.3281
42.75330 9117.59 95.4861
42.75580 9144.08 95.6247
42.75830 9171.43 95.7676
42.76080 9190.23 95.8657
42.76330 9199.17 95.9123
42.76580 9236.6 96.1072
42.76830 9267.57 96.2682
42.77080 9290.39 96.3867
42.77330 9261.15 96.2349
42.77580 9224.93 96.0465
42.77830 9182.5 95.8253
42.78080 9176.6 95.7946
42.78330 9150.64 95.659
42.78580 9103.28 95.4111
42.78830 9056.07 95.1634
42.79080 8988.16 94.8059
42.79330 8899.56 94.3375
42.79580 8853.19 94.0914
42.79830 8803.18 93.8253
42.80080 8749.8 93.5404
42.80330 8714.08 93.3492
42.80580 8666.79 93.0956
42.80830 8609.29 92.7863
42.81080 8587.23 92.6673
42.81330 8557.76 92.5081
42.81580 8523.14 92.3208
42.81830 8545.9 92.444
42.82080 8531.24 92.3647
42.82330 8485.53 92.117
42.82580 8492.89 92.1569
42.82830 8489.51 92.1385
42.83080 8478.71 92.0799
42.83330 8506.13 92.2287
42.83580 8537.77 92.4
42.83830 8572.04 92.5853
42.84080 8590.89 92.687
42.84330 8592.52 92.6959
42.84580 8583.18 92.6455
42.84830 8616.87 92.8271
42.85080 8637.33 92.9373
42.85330 8647.95 92.9943
42.85580 8663.49 93.0779
42.85830 8703.4 93.292
42.86080 8760.98 93.6001
42.86330 8812.21 93.8734
42.86580 8872.61 94.1945
42.86830 8942.54 94.565
42.87080 9043.88 95.0993
42.87330 9173.64 95.7791
42.87580 9326.63 96.5745
42.87830 9512.81 97.5336
42.88080 9677.37 98.3736
42.88330 9819.9 99.0954
42.88580 9896.32 99.4802
42.88830 9960.65 99.803
42.89080 10018.6 100.093
42.89330 10088.9 100.444
42.89580 10109.7 100.547
42.89830 10096.5 100.481
42.90080 10061.3 100.306
42.90330 10000.5 100.003
42.90580 9920 99.5992
42.90830 9809.92 99.045
42.91080 9663.53 98.3033
42.91330 9495.07 97.4426
42.91580 9321.64 96.5487
42.91830 9158.5 95.7
42.92080 8997.81 94.8568
42.92330 8816.84 93.8981
42.92580 8648.5 92.9973
42.92830 8493.49 92.1601
42.93080 8374.77 91.5138
42.93330 8247.29 90.8146
42.93580 8128.62 90.1589
42.93830 8080.99 89.8943
42.94080 8011.83 89.5088
42.94330 7936.36 89.0862
42.94580 7883.87 88.7911
42.94830 7864.21 88.6804
42.95080 7858.37 88.6474
42.95330 7841.95 88.5548
42.95580 7824.78 88.4578
42.95830 7809.84 88.3733
42.96080 7806.39 88.3537
42.96330 7823.6 88.4511
42.96580 7841.03 88.5496
42.96830 7819.87 88.43
42.97080 7831.17 88.4939
42.97330 7848.77 88.5933
42.97580 7834.85 88.5147
42.97830 7830.66 88.491
42.98080 7837.91 88.532
42.98330 7873.03 88.7301
42.98580 7892.37 88.839
42.98830 7905.37 88.9122
42.99080 7918.44 88.9856
42.99330 7891.64 88.8349
42.99580 7854.83 88.6275
42.99830 7836.83 88.5259
43.00080 7841.58 88.5527
43.00330 7853.13 88.6179
43.00580 7859.21 88.6522
43.00830 7837.45 88.5294
43.01080 7810.97 88.3797
43.01330 7800.86 88.3225
43.01580 7804.94 88.3455
43.01830 7806.06 88.3519
43.02080 7783.76 88.2256
43.02330 7771.89 88.1583
43.02580 7759.91 88.0903
43.02830 7737.76 87.9645
43.03080 7745.24 88.007
43.03330 7762.43 88.1047
43.03580 7780.88 88.2093
43.03830 7772.06 88.1593
43.04080 7752.19 88.0466
43.04330 7724.59 87.8897
43.04580 7723.15 87.8815
43.04830 7740.49 87.98
43.05080 7786.59 88.2417
43.05330 7796.42 88.2973
43.05580 7796.1 88.2955
43.05830 7795.02 88.2894
43.06080 7763.68 88.1118
43.06330 7731.28 87.9277
43.06580 7714.69 87.8333
43.06830 7711.8 87.8169
43.07080 7692.8 87.7086
43.07330 7629.86 87.349
43.07580 7636.74 87.3885
43.07830 7648.4 87.4551
43.08080 7635.11 87.3791
43.08330 7644.81 87.4346
43.08580 7652.6 87.4792
43.08830 7645.85 87.4405
43.09080 7648.98 87.4584
43.09330 7647.55 87.4503
43.09580 7632.8 87.3659
43.09830 7624.57 87.3188
43.10080 7624.19 87.3166
43.10330 7636.57 87.3875
43.10580 7634.81 87.3774
43.10830 7634.42 87.3752
43.11080 7641.46 87.4155
43.11330 7653.92 87.4867
43.11580 7670.08 87.579
43.11830 7691.22 87.6996
43.12080 7729.39 87.917
43.12330 7748.74 88.0269
43.12580 7730.5 87.9232
43.12830 7768.88 88.1413
43.13080 7808.61 88.3663
43.13330 7836.21 88.5223
43.13580 7825.84 88.4638
43.13830 7813.02 88.3913
43.14080 7804.85 88.3451
43.14330 7789.34 88.2572
43.14580 7777.18 88.1883
43.14830 7771.78 88.1577
43.15080 7778.98 88.1986
43.15330 7782.51 88.2185
43.15580 7778.19 88.194
43.15830 7777.2 88.1885
43.16080 7776.24 88.183
43.16330 7774.77 88.1747
43.16580 7793.82 88.2826
43.16830 7809.47 88.3712
43.17080 7817.44 88.4163
43.17330 7823.73 88.4518
43.17580 7827.46 88.4729
43.17830 7827.91 88.4755
43.18080 7857.99 88.6453
43.18330 7874.26 88.737
43.18580 7869.14 88.7082
43.18830 7930.31 89.0523
43.19080 7974.18 89.2983
43.19330 7989.99 89.3868
43.19580 7971.11 89.2811
43.19830 7975.01 89.3029
43.20080 8009.71 89.497
43.20330 8006.7 89.4802
43.20580 8010.12 89.4993
43.20830 8023.57 89.5744
43.21080 8026.89 89.5929
43.21330 8034.12 89.6333
43.21580 8046.4 89.7018
43.21830 8019.81 89.5534
43.22080 7993.04 89.4038
43.22330 7967.51 89.2609
43.22580 7937.32 89.0916
43.22830 7915.24 88.9676
43.23080 7902.07 88.8936
43.23330 7907.16 88.9222
43.23580 7908.58 88.9302
43.23830 7905.85 88.9148
43.24080 7909.04 88.9328
43.24330 7901.68 88.8914
43.24580 7883.57 88.7895
43.24830 7861.71 88.6663
43.25080 7847.3 88.585
43.25330 7840.19 88.5449
43.25580 7833.13 88.505
43.25830 7821.73 88.4406
43.26080 7806.81 88.3562
43.26330 7826.04 88.4649
43.26580 7848.67 88.5927
43.26830 7874.19 88.7366
43.27080 7890.68 88.8295
43.27330 7888.67 88.8182
43.27580 7872.1 88.7249
43.27830 7910.31 88.9399
43.28080 7946.62 89.1438
43.28330 7980.99 89.3364
43.28580 8008.65 89.4911
43.28830 8031.05 89.6161
43.29080 8051.09 89.7279
43.29330 8109.57 90.0532
43.29580 8165.16 90.3613
43.29830 8219.4 90.6609
43.30080 8289.45 91.0464
43.30330 8354.74 91.4043
43.30580 8416.8 91.7431
43.30830 8485.67 92.1177
43.31080 8538.14 92.402
43.31330 8578.86 92.6221
43.31580 8626.87 92.881
43.31830 8673.33 93.1307
43.32080 8714.84 93.3533
43.32330 8714.09 93.3493
43.32580 8746.74 93.524
43.32830 8801.23 93.8149
43.33080 8839.11 94.0166
43.33330 8880.08 94.2342
43.33580 8922.97 94.4615
43.33830 8964.24 94.6797
43.34080 8991.04 94.8211
43.34330 9008.5 94.9131
43.34580 9027.44 95.0128
43.34830 9065.9 95.215
43.35080 9110.92 95.4511
43.35330 9111.41 95.4537
43.35580 9104.46 95.4173
43.35830 9091.09 95.3472
43.36080 9064.64 95.2084
43.36330 9041.47 95.0866
43.36580 9019.56 94.9713
43.36830 8993.17 94.8323
43.37080 8956.47 94.6386
43.37330 8909.71 94.3913
43.37580 8837.43 94.0076
43.37830 8797.04 93.7925
43.38080 8770.65 93.6517
43.38330 8723.69 93.4007
43.38580 8645.64 92.9819
43.38830 8550.39 92.4683
43.39080 8451.7 91.9331
43.39330 8383.09 91.5592
43.39580 8334.28 91.2923
43.39830 8307.47 91.1453
43.40080 8298.04 91.0936
43.40330 8292.04 91.0607
43.40580 8261.44 90.8925
43.40830 8242.7 90.7893
43.41080 8228.07 90.7087
43.41330 8206.58 90.5902
43.41580 8198.1 90.5434
43.41830 8198.34 90.5447
43.42080 8210.36 90.6111
43.42330 8252.5 90.8433
43.42580 8299.22 91.1001
43.42830 8310.66 91.1628
43.43080 8303.52 91.1236
43.43330 8292.57 91.0635
43.43580 8297.32 91.0896
43.43830 8321.31 91.2212
43.44080 8342.38 91.3366
43.44330 8323.98 91.2358
43.44580 8304.12 91.1269
43.44830 8288.11 91.039
43.45080 8287.52 91.0358
43.45330 8258.37 90.8756
43.45580 8225.11 90.6924
43.45830 8213.91 90.6306
43.46080 8177.2 90.4279
43.46330 8146.5 90.258
43.46580 8164.19 90.3559
43.46830 8123.88 90.1325
43.47080 8069.36 89.8296
43.47330 8032.64 89.625
43.47580 8038.08 89.6554
43.47830 8049.41 89.7185
43.48080 8037.25 89.6507
43.48330 8044.95 89.6936
43.48580 8050.4 89.724
43.48830 8032.06 89.6217
43.49080 8016.93 89.5373
43.49330 8004.68 89.4689
43.49580 7997.55 89.429
43.49830 7993.12 89.4043
43.50080 7992.45 89.4005
43.50330 7999.46 89.4397
43.50580 7999.97 89.4425
43.50830 8012 89.5098
43.51080 8056.87 89.7601
43.51330 8092.9 89.9606
43.51580 8135.16 90.1951
43.51830 8197.65 90.5409
43.52080 8258.79 90.8779
43.52330 8311.33 91.1665
43.52580 8345.02 91.3511
43.52830 8407.02 91.6898
43.53080 8479.07 92.0819
43.53330 8558.49 92.5121
43.53580 8639.79 92.9505
43.53830 8716.42 93.3618
43.54080 8782.32 93.714
43.54330 8835.13 93.9954
43.54580 8881.86 94.2436
43.54830 8921.81 94.4553
43.55080 8955.5 94.6335
43.55330 8982 94.7734
43.55580 8996.83 94.8516
43.55830 9020.65 94.9771
43.56080 9027.3 95.0121
43.56330 8998.34 94.8596
43.56580 8971.26 94.7167
43.56830 8937.96 94.5408
43.57080 8892.75 94.3014
43.57330 8861.3 94.1345
43.57580 8829.4 93.9649
43.57830 8792.71 93.7694
43.58080 8770.82 93.6526
43.58330 8758.78 93.5884
43.58580 8759.61 93.5928
43.58830 8728.53 93.4266
43.59080 8713.85 93.348
43.59330 8733.56 93.4535
43.59580 8724.94 93.4074
43.59830 8718.18 93.3712
43.60080 8720.28 93.3825
43.60330 8780.78 93.7058
43.60580 8848.07 94.0642
43.60830 8914.89 94.4187
43.61080 8998.93 94.8627
43.61330 9096.8 95.3771
43.61580 9212.23 95.9804
43.61830 9352.15 96.7065
43.62080 9488.09 97.4068
43.62330 9614.78 98.055
43.62580 9800.35 98.9967
43.62830 10008.6 100.043
43.63080 10240.8 101.197
43.63330 10417.7 102.067
43.63580 10571.6 102.818
43.63830 10701.1 103.446
43.64080 10800.7 103.926
43.64330 10889.9 104.355
43.64580 10968.5 104.73
43.64830 11031 105.029
43.65080 11069.6 105.212
43.65330 11079.4 105.259
43.65580 11043.4 105.087
43.65830 11004.3 104.901
43.66080 10964.5 104.712
43.66330 10833.5 104.084
43.66580 10727.7 103.575
43.66830 10656.4 103.23
43.67080 10495.8 102.449
43.67330 10368.4 101.825
43.67580 10282 101.4
43.67830 10189.3 100.942
43.68080 10086.4 100.431
43.68330 9972.49 99.8623
43.68580 9834.58 99.1694
43.68830 9705.02 98.5141
43.69080 9584.78 97.9019
43.69330 9460.99 97.2676
43.69580 9330.08 96.5923
43.69830 9191.94 95.8746
43.70080 9051.5 95.1394
43.70330 8925.33 94.474
43.70580 8813.35 93.8795
43.70830 8710.01 93.3275
43.71080 8594.99 92.7092
43.71330 8469.38 92.0293
43.71580 8385.02 91.5697
43.71830 8298.56 91.0964
43.72080 8210.66 90.6127
43.72330 8143.51 90.2414
43.72580 8072.75 89.8485
43.72830 8000.47 89.4453
43.73080 7981.29 89.3381
43.73330 7976.67 89.3122
43.73580 7983.82 89.3522
43.73830 7970 89.2749
43.74080 7960.57 89.222
43.74330 7954.26 89.1866
43.74580 7936.56 89.0874
43.74830 7932.23 89.0631
43.75080 7938.29 89.0971
43.75330 7936.49 89.087
43.75580 7947.41 89.1482
43.75830 7968.94 89.2689
43.76080 7999.67 89.4409
43.76330 8023.28 89.5728
43.76580 8044.5 89.6911
43.76830 8104.18 90.0232
43.77080 8139.24 90.2177
43.77330 8157.85 90.3208
43.77580 8195.05 90.5265
43.77830 8243.67 90.7946
43.78080 8299.06 91.0992
43.78330 8340.8 91.328
43.78580 8389.21 91.5926
43.78830 8439.95 91.8692
43.79080 8469.78 92.0314
43.79330 8517.21 92.2887
43.79580 8574.05 92.5962
43.79830 8611.63 92.7988
43.80080 8668.16 93.1029
43.80330 8729.36 93.4311
43.80580 8732.3 93.4468
43.80830 8759.63 93.5929
43.81080 8796.85 93.7915
43.81330 8796.44 93.7893
43.81580 8790.39 93.7571
43.81830 8780.04 93.7019
43.82080 8763.49 93.6135
43.82330 8750.61 93.5447
43.82580 8744.08 93.5098
43.82830 8763.97 93.6161
43.83080 8749.52 93.5389
43.83330 8720.48 93.3835
43.83580 8717.84 93.3694
43.83830 8683.02 93.1827
43.84080 8633.77 92.9181
43.84330 8600.14 92.737
43.84580 8569.92 92.5738
43.84830 8543.24 92.4297
43.85080 8525.78 92.3352
43.85330 8508.43 92.2412
43.85580 8486.23 92.1208
43.85830 8440.24 91.8708
43.86080 8415.62 91.7367
43.86330 8393.06 91.6136
43.86580 8332.91 91.2848
43.86830 8306.15 91.1381
43.87080 8298.56 91.0964
43.87330 8307.09 91.1433
43.87580 8317.84 91.2022
43.87830 8329.3 91.265
43.88080 8339.65 91.3217
43.88330 8334.12 91.2914
43.88580 8324.54 91.2389
43.88830 8325.72 91.2454
43.89080 8312.77 91.1744
43.89330 8307.52 91.1456
43.89580 8352.5 91.392
43.89830 8380.16 91.5432
43.90080 8404.67 91.677
43.90330 8442.27 91.8819
43.90580 8513.1 92.2665
43.90830 8590.75 92.6863
43.91080 8648.82 92.999
43.91330 8678.92 93.1607
43.91580 8708.35 93.3185
43.91830 8768.45 93.64
43.92080 8817.82 93.9032
43.92330 8860.58 94.1307
43.92580 8894.54 94.3109
43.92830 8891.07 94.2924
43.93080 8868.73 94.174
43.93330 8827.74 93.9561
43.93580 8791.46 93.7628
43.93830 8757.4 93.581
43.94080 8725.38 93.4098
43.94330 8657.48 93.0456
43.94580 8587 92.6661
43.94830 8539.23 92.408
43.95080 8466.65 92.0144
43.95330 8383.78 91.563
43.95580 8293.06 91.0662
43.95830 8208.09 90.5985
43.96080 8131.19 90.1731
43.96330 8070.42 89.8355
43.96580 8030.02 89.6104
43.96830 7967.93 89.2633
43.97080 7841 88.5494
43.97330 7778.13 88.1937
43.97580 7733.35 87.9395
43.97830 7693.04 87.71
43.98080 7662.28 87.5345
43.98330 7632.43 87.3638
43.98580 7599.55 87.1754
43.98830 7560.03 86.9484
43.99080 7526.29 86.7542
43.99330 7508.08 86.6492
43.99580 7496.73 86.5836
43.99830 7482.12 86.4993
44.00080 7457.84 86.3588
44.00330 7431.25 86.2047
44.00580 7419.71 86.1378
44.00830 7438.87 86.2489
44.01080 7429.16 86.1926
44.01330 7417.19 86.1231
44.01580 7411.39 86.0894
44.01830 7434.5 86.2235
44.02080 7453.93 86.3362
44.02330 7457.09 86.3544
44.02580 7438.12 86.2445
44.02830 7424.21 86.1639
44.03080 7425.87 86.1735
44.03330 7460.8 86.3759
44.03580 7482.71 86.5027
44.03830 7473.38 86.4487
44.04080 7458.15 86.3606
44.04330 7454.74 86.3409
44.04580 7472.29 86.4424
44.04830 7494.98 86.5736
44.05080 7516.36 86.6969
44.05330 7534.52 86.8016
44.05580 7535.68 86.8083
44.05830 7550.36 86.8928
44.06080 7589.16 87.1158
44.06330 7573.19 87.0241
44.06580 7570.89 87.0109
44.06830 7598.32 87.1684
44.07080 7594.6 87.147
44.07330 7596.58 87.1583
44.07580 7611.44 87.2436
44.07830 7645.45 87.4383
44.08080 7680.2 87.6368
44.08330 7713.48 87.8264
44.08580 7710.02 87.8067
44.08830 7712.22 87.8193
44.09080 7726.22 87.8989
44.09330 7734.53 87.9462
44.09580 7741.64 87.9866
44.09830 7747.73 88.0212
44.10080 7736.27 87.9561
44.10330 7722.99 87.8805
44.10580 7708.85 87.8
44.10830 7701.11 87.7559
44.11080 7685.5 87.667
44.11330 7659.87 87.5207
44.11580 7644.84 87.4348
44.11830 7632.56 87.3645
44.12080 7622.94 87.3095
44.12330 7578.76 87.0561
44.12580 7548.86 86.8842
44.12830 7536.74 86.8144
44.13080 7534.51 86.8015
44.13330 7526.96 86.758
44.13580 7513.23 86.6789
44.13830 7489.11 86.5396
44.14080 7471.38 86.4371
44.14330 7460.68 86.3753
44.14580 7431 86.2032
44.14830 7424.69 86.1666
44.15080 7442.73 86.2713
44.15330 7447.48 86.2988
44.15580 7456.85 86.3531
44.15830 7470.85 86.4341
44.16080 7471.29 86.4366
44.16330 7479.98 86.4869
44.16580 7496.2 86.5806
44.16830 7476.71 86.468
44.17080 7468.96 86.4232
44.17330 7471.96 86.4405
44.17580 7464.56 86.3977
44.17830 7470.94 86.4346
44.18080 7489.07 86.5394
44.18330 7484.07 86.5105
44.18580 7487.59 86.5309
44.18830 7499.35 86.5988
44.19080 7530.97 86.7812
44.19330 7532.06 86.7874
44.19580 7509.16 86.6554
44.19830 7525.35 86.7488
44.20080 7538.15 86.8225
44.20330 7550.57 86.894
44.20580 7605.38 87.2088
44.20830 7618.59 87.2845
44.21080 7602.17 87.1904
44.21330 7636.24 87.3856
44.21580 7676.06 87.6131
44.21830 7717.12 87.8471
44.22080 7716.31 87.8425
44.22330 7712.23 87.8193
44.22580 7708.61 87.7987
44.22830 7738.7 87.9699
44.23080 7794.33 88.2855
44.23330 7862.59 88.6713
44.23580 7871.34 88.7206
44.23830 7888.2 88.8155
44.24080 7913.66 88.9587
44.24330 7967.59 89.2613
44.24580 7994.71 89.4132
44.24830 8002.84 89.4586
44.25080 8001.74 89.4525
44.25330 8008.67 89.4912
44.25580 8017.75 89.5419
44.25830 8002.68 89.4577
44.26080 8009.65 89.4966
44.26330 8027.18 89.5945
44.26580 8021.1 89.5606
44.26830 8033.63 89.6305
44.27080 8056.19 89.7563
44.27330 8070.55 89.8362
44.27580 8079.27 89.8848
44.27830 8087.98 89.9332
44.28080 8117.47 90.097
44.28330 8138.45 90.2134
44.28580 8155.38 90.3071
44.28830 8176.56 90.4243
44.29080 8181.02 90.449
44.29330 8179.63 90.4413
44.29580 8196.02 90.5319
44.29830 8207.68 90.5963
44.30080 8217.87 90.6525
44.30330 8233.28 90.7374
44.30580 8243.6 90.7943
44.30830 8251.18 90.836
44.31080 8257.97 90.8734
44.31330 8236.47 90.755
44.31580 8205.62 90.5849
44.31830 8195.18 90.5272
44.32080 8169.91 90.3875
44.32330 8149.04 90.272
44.32580 8178 90.4323
44.32830 8193.81 90.5197
44.33080 8202.81 90.5694
44.33330 8208.18 90.599
44.33580 8222.99 90.6807
44.33830 8241.89 90.7849
44.34080 8260.74 90.8886
44.34330 8307.76 91.1469
44.34580 8366.41 91.4681
44.34830 8424.68 91.7861
44.35080 8478.47 92.0786
44.35330 8531.01 92.3635
44.35580 8585.48 92.6579
44.35830 8654.89 93.0317
44.36080 8731.27 93.4412
44.36330 8811.83 93.8713
44.36580 8879.75 94.2324
44.36830 8945.74 94.5819
44.37080 9020.65 94.9771
44.37330 9063.94 95.2047
44.37580 9111.19 95.4526
44.37830 9205.57 95.9457
44.38080 9308.35 96.4798
44.38330 9400.74 96.9574
44.38580 9453.68 97.23
44.38830 9538.44 97.6649
44.39080 9630.53 98.1353
44.39330 9714.18 98.5606
44.39580 9833.89 99.166
44.39830 9975.56 99.8777
44.40080 10146.8 100.731
44.40330 10267.7 101.33
44.40580 10383.5 101.899
44.40830 10524.6 102.589
44.41080 10650.5 103.201
44.41330 10767.8 103.768
44.41580 10874.2 104.28
44.41830 10947.8 104.632
44.42080 11001.3 104.887
44.42330 11027.8 105.013
44.42580 11035.5 105.05
44.42830 11022.5 104.988
44.43080 10972.8 104.751
44.43330 10857.7 104.2
44.43580 10739.6 103.632
44.43830 10650.1 103.199
44.44080 10502.8 102.483
44.44330 10340.8 101.69
44.44580 10175.5 100.874
44.44830 10038.1 100.191
44.45080 9873.23 99.3641
44.45330 9638.61 98.1764
44.45580 9459.05 97.2576
44.45830 9288.54 96.3771
44.46080 9113.53 95.4648
44.46330 8980.57 94.7659
44.46580 8850.6 94.0776
44.46830 8710.72 93.3312
44.47080 8544.13 92.4345
44.47330 8402.89 91.6673
44.47580 8317.74 91.2017
44.47830 8233.96 90.7412
44.48080 8158.88 90.3265
44.48330 8098.97 89.9943
44.48580 8012.85 89.5145
44.48830 7930.22 89.0518
44.49080 7860.87 88.6615
44.49330 7807.66 88.361
44.49580 7746.01 88.0114
44.49830 7666.24 87.5571
44.50080 7639.51 87.4043
44.50330 7622.67 87.3079
44.50580 7609.98 87.2352
44.50830 7587.63 87.107
44.51080 7565.25 86.9784
44.51330 7544.73 86.8604
44.51580 7534.83 86.8034
44.51830 7529.67 86.7736
44.52080 7529.78 86.7743
44.52330 7538.3 86.8234
44.52580 7554.46 86.9164
44.52830 7580.43 87.0657
44.53080 7568.85 86.9991
44.53330 7562.91 86.965
44.53580 7570 87.0057
44.53830 7598.27 87.168
44.54080 7619.21 87.2881
44.54330 7627.72 87.3368
44.54580 7632.76 87.3657
44.54830 7643.33 87.4261
44.55080 7661.5 87.53
44.55330 7672.96 87.5954
44.55580 7679.2 87.631
44.55830 7679.37 87.632
44.56080 7674.28 87.603
44.56330 7667.38 87.5636
44.56580 7658.66 87.5138
44.56830 7655.48 87.4956
44.57080 7639.41 87.4037
44.57330 7607.7 87.2221
44.57580 7662.35 87.5348
44.57830 7687.8 87.6801
44.58080 7675.68 87.6109
44.58330 7680.23 87.6369
44.58580 7690.72 87.6968
44.58830 7707.23 87.7908
44.59080 7717.02 87.8466
44.59330 7725.87 87.8969
44.59580 7733.86 87.9424
44.59830 7762.66 88.106
44.60080 7781.14 88.2108
44.60330 7788.57 88.2529
44.60580 7818.96 88.4249
44.60830 7850.4 88.6025
44.61080 7882.7 88.7846
44.61330 7889 88.82
44.61580 7906.88 88.9206
44.61830 7936.15 89.0851
44.62080 7974.66 89.301
44.62330 7998.86 89.4364
44.62580 8010.47 89.5013
44.62830 8070.21 89.8344
44.63080 8124.05 90.1335
44.63330 8171.44 90.396
44.63580 8180.83 90.4479
44.63830 8183.7 90.4638
44.64080 8181.16 90.4497
44.64330 8187.48 90.4847
44.64580 8182.67 90.4581
44.64830 8169.93 90.3877
44.65080 8191.92 90.5092
44.65330 8186.2 90.4776
44.65580 8158.51 90.3245
44.65830 8147.42 90.2631
44.66080 8112.38 90.0688
44.66330 8059.21 89.7731
44.66580 8021.71 89.564
44.66830 7973.3 89.2933
44.67080 7916.97 88.9774
44.67330 7867.82 88.7007
44.67580 7836.51 88.5241
44.67830 7818.04 88.4197
44.68080 7793.53 88.281
44.68330 7752.13 88.0462
44.68580 7700.54 87.7527
44.68830 7670.67 87.5824
44.69080 7641.72 87.4169
44.69330 7613.63 87.2561
44.69580 7587.86 87.1083
44.69830 7590.24 87.122
44.70080 7606.19 87.2135
44.70330 7573.81 87.0276
44.70580 7553 86.908
44.70830 7541.05 86.8392
44.71080 7539.83 86.8322
44.71330 7565.65 86.9808
44.71580 7601.97 87.1893
44.71830 7588.97 87.1147
44.72080 7579.58 87.0608
44.72330 7574.1 87.0293
44.72580 7580.5 87.0661
44.72830 7595.35 87.1513
44.73080 7615.53 87.267
44.73330 7638.18 87.3967
44.73580 7647.33 87.449
44.73830 7651.64 87.4736
44.74080 7672.91 87.5952
44.74330 7698.78 87.7427
44.74580 7721.72 87.8733
44.74830 7713.84 87.8285
44.75080 7722.17 87.8759
44.75330 7738.9 87.971
44.75580 7754.89 88.0619
44.75830 7775.05 88.1762
44.76080 7796.3 88.2967
44.76330 7812.41 88.3878
44.76580 7829.52 88.4846
44.76830 7846.81 88.5822
44.77080 7862.62 88.6714
44.77330 7866.43 88.6929
44.77580 7866.93 88.6957
44.77830 7877.9 88.7575
44.78080 7888.02 88.8145
44.78330 7892.22 88.8382
44.78580 7873.05 88.7302
44.78830 7860.56 88.6598
44.79080 7856.4 88.6364
44.79330 7873.97 88.7354
44.79580 7887.73 88.8129
44.79830 7905.7 88.914
44.80080 7945.83 89.1394
44.80330 7978.55 89.3228
44.80580 8015.38 89.5287
44.80830 8077.92 89.8773
44.81080 8123.93 90.1329
44.81330 8162.5 90.3466
44.81580 8197.55 90.5403
44.81830 8241.08 90.7804
44.82080 8281.77 91.0042
44.82330 8302.65 91.1189
44.82580 8351.64 91.3873
44.82830 8409.55 91.7036
44.83080 8463.9 91.9995
44.83330 8484.14 92.1094
44.83580 8488.09 92.1308
44.83830 8478.1 92.0766
44.84080 8458.48 91.97
44.84330 8429.11 91.8102
44.84580 8380.76 91.5465
44.84830 8354.04 91.4004
44.85080 8323.73 91.2345
44.85330 8264.78 90.9109
44.85580 8197.35 90.5392
44.85830 8131.9 90.177
44.86080 8078.43 89.8801
44.86330 8019.5 89.5517
44.86580 7962.53 89.233
44.86830 7914.5 88.9635
44.87080 7856.48 88.6368
44.87330 7788.43 88.2521
44.87580 7702.51 87.7639
44.87830 7688 87.6812
44.88080 7693.87 87.7147
44.88330 7704.2 87.7736
44.88580 7687.18 87.6766
44.88830 7662.34 87.5348
44.89080 7635.02 87.3786
44.89330 7590.62 87.1242
44.89580 7560.09 86.9488
44.89830 7568.34 86.9962
44.90080 7570.38 87.0079
44.90330 7559.15 86.9434
44.90580 7523.03 86.7354
44.90830 7498.65 86.5947
44.91080 7481.89 86.4979
44.91330 7475.58 86.4615
44.91580 7471.48 86.4377
44.91830 7465.22 86.4015
44.92080 7453.92 86.3361
44.92330 7474.19 86.4534
44.92580 7494.14 86.5687
44.92830 7502.56 86.6173
44.93080 7497.53 86.5883
44.93330 7497.84 86.59
44.93580 7511.98 86.6717
44.93830 7531.69 86.7853
44.94080 7559.04 86.9427
44.94330 7598.12 87.1672
44.94580 7644.93 87.4353
44.94830 7683.59 87.6561
44.95080 7706.54 87.7869
44.95330 7728.69 87.913
44.95580 7759.75 88.0894
44.95830 7805.45 88.3485
44.96080 7839.65 88.5418
44.96330 7891.31 88.833
44.96580 7972.75 89.2903
44.96830 8017.32 89.5395
44.97080 8053.96 89.7439
44.97330 8085.25 89.918
44.97580 8080.51 89.8916
44.97830 8072.91 89.8494
44.98080 8066.91 89.816
44.98330 8103.15 90.0175
44.98580 8114.39 90.0799
44.98830 8084.26 89.9125
44.99080 8066.99 89.8164
44.99330 8047.84 89.7097
44.99580 8024.53 89.5797
44.99830 7966.12 89.2532
45.00080 7924.33 89.0187
45.00330 7908.23 88.9282
45.00580 7899.53 88.8793
45.00830 7899.22 88.8776
45.01080 7908.98 88.9324
45.01330 7918.71 88.9871
45.01580 7931.26 89.0576
45.01830 7947.33 89.1478
45.02080 7998.49 89.4343
45.02330 8040.55 89.6691
45.02580 8069.51 89.8304
45.02830 8124.22 90.1344
45.03080 8178.53 90.4352
45.03330 8231.09 90.7254
45.03580 8243.91 90.796
45.03830 8260.8 90.889
45.04080 8283.79 91.0153
45.04330 8309.21 91.1549
45.04580 8322.21 91.2261
45.04830 8321.66 91.2231
45.05080 8338.52 91.3155
45.05330 8326.2 91.248
45.05580 8282.95 91.0107
45.05830 8296.36 91.0844
45.06080 8279.05 90.9893
45.06330 8230.06 90.7197
45.06580 8198.8 90.5472
45.06830 8156.43 90.3129
45.07080 8103.38 90.0188
45.07330 8079.47 89.8858
45.07580 8060.41 89.7798
45.07830 8045.97 89.6993
45.08080 8031.55 89.6189
45.08330 8008.27 89.4889
45.08580 7976.69 89.3123
45.08830 7939.55 89.1041
45.09080 7923.04 89.0114
45.09330 7924.82 89.0215
45.09580 7924.36 89.0189
45.09830 7916.2 88.973
45.10080 7900.65 88.8856
45.10330 7867.18 88.6971
45.10580 7845.78 88.5764
45.10830 7835.46 88.5181
45.11080 7844.74 88.5705
45.11330 7833.85 88.509
45.11580 7806.87 88.3565
45.11830 7782.83 88.2203
45.12080 7739.47 87.9742
45.12330 7683.23 87.654
45.12580 7657.86 87.5092
45.12830 7644.95 87.4354
45.13080 7642.68 87.4224
45.13330 7656.2 87.4997
45.13580 7646.38 87.4436
45.13830 7619.99 87.2925
45.14080 7598.48 87.1693
45.14330 7581.73 87.0731
45.14580 7569.55 87.0032
45.14830 7569.77 87.0044
45.15080 7567.77 86.9929
45.15330 7565.64 86.9807
45.15580 7576.18 87.0413
45.15830 7591.48 87.1291
45.16080 7604.78 87.2054
45.16330 7575.25 87.0359
45.16580 7578.75 87.056
45.16830 7600.5 87.1809
45.17080 7601.09 87.1842
45.17330 7626.13 87.3277
45.17580 7664.99 87.5499
45.17830 7695.3 87.7228
45.18080 7718.3 87.8539
45.18330 7735.08 87.9493
45.18580 7739.43 87.974
45.18830 7759.43 88.0876
45.19080 7786.15 88.2391
45.19330 7799.13 88.3127
45.19580 7816.35 88.4101
45.19830 7832.15 88.4995
45.20080 7826.43 88.4671
45.20330 7819.56 88.4283
45.20580 7812.19 88.3866
45.20830 7805.41 88.3482
45.21080 7760.97 88.0963
45.21330 7712.94 87.8233
45.21580 7744.81 88.0046
45.21830 7747.97 88.0225
45.22080 7735.73 87.953
45.22330 7717.86 87.8514
45.22580 7712.03 87.8182
45.22830 7717.97 87.8519
45.23080 7751.12 88.0405
45.23330 7807.58 88.3605
45.23580 7863.49 88.6763
45.23830 7871.23 88.72
45.24080 7932.04 89.062
45.24330 8012.31 89.5115
45.24580 8076.34 89.8685
45.24830 8147.87 90.2656
45.25080 8222.19 90.6763
45.25330 8294.98 91.0768
45.25580 8341.59 91.3323
45.25830 8388.57 91.5891
45.26080 8476.15 92.066
45.26330 8531.53 92.3663
45.26580 8573.66 92.5941
45.26830 8613.57 92.8093
45.27080 8637.42 92.9377
45.27330 8652.73 93.0201
45.27580 8659.73 93.0577
45.27830 8653.84 93.026
45.28080 8639.41 92.9484
45.28330 8612.61 92.8042
45.28580 8565.34 92.5491
45.28830 8504.89 92.222
45.29080 8425.85 91.7924
45.29330 8370.3 91.4893
45.29580 8319.56 91.2116
45.29830 8260.17 90.8855
45.30080 8217.83 90.6523
45.30330 8183.11 90.4605
45.30580 8154.6 90.3028
45.30830 8113.59 90.0755
45.31080 8066.62 89.8144
45.31330 8013.82 89.52
45.31580 7999.35 89.4391
45.31830 7996.31 89.4221
45.32080 7994.23 89.4104
45.32330 7998.69 89.4354
45.32580 8005.81 89.4752
45.32830 8015.07 89.5269
45.33080 8035.41 89.6405
45.33330 8066.63 89.8144
45.33580 8116.73 90.0929
45.33830 8173.28 90.4062
45.34080 8232.48 90.733
45.34330 8294.11 91.072
45.34580 8368.65 91.4803
45.34830 8444.78 91.8955
45.35080 8517.73 92.2916
45.35330 8592.88 92.6978
45.35580 8665.72 93.0899
45.35830 8732.67 93.4487
45.36080 8809.63 93.8596
45.36330 8872.63 94.1946
45.36580 8902.84 94.3549
45.36830 8939.52 94.549
45.37080 8957.58 94.6445
45.37330 8936.58 94.5335
45.37580 8920.62 94.449
45.37830 8906.84 94.3761
45.38080 8895.41 94.3155
45.38330 8863.22 94.1447
45.38580 8811.25 93.8683
45.38830 8729.89 93.4339
45.39080 8638.7 92.9446
45.39330 8530.78 92.3622
45.39580 8396.27 91.6312
45.39830 8303.69 91.1246
45.40080 8217.96 90.653
45.40330 8132.88 90.1825
45.40580 8014.39 89.5231
45.40830 7915.74 88.9704
45.41080 7857.48 88.6424
45.41330 7767.13 88.1313
45.41580 7684.48 87.6612
45.41830 7620.8 87.2972
45.42080 7549.07 86.8854
45.42330 7490.05 86.5451
45.42580 7451.98 86.3248
45.42830 7391.6 85.9744
45.43080 7335.78 85.6492
45.43330 7290.43 85.384
45.43580 7253.88 85.1697
45.43830 7223.53 84.9913
45.44080 7200.74 84.8572
45.44330 7194.23 84.8188
45.44580 7186.23 84.7716
45.44830 7174.09 84.7
45.45080 7143.52 84.5194
45.45330 7132.58 84.4546
45.45580 7149.87 84.5569
45.45830 7130.48 84.4422
45.46080 7117.86 84.3674
45.46330 7117.44 84.3649
45.46580 7124.26 84.4053
45.46830 7110.14 84.3216
45.47080 7069.28 84.079
45.47330 7077.3 84.1267
45.47580 7084.94 84.1721
45.47830 7088.94 84.1958
45.48080 7102.42 84.2759
45.48330 7118.67 84.3722
45.48580 7137.66 84.4846
45.48830 7110.71 84.325
45.49080 7105.71 84.2953
45.49330 7127.41 84.424
45.49580 7128.06 84.4278
45.49830 7122.32 84.3938
45.50080 7110.22 84.3221
45.50330 7110.64 84.3246
45.50580 7110.27 84.3224
45.50830 7108.83 84.3139
45.51080 7106.17 84.2981
45.51330 7108.79 84.3136
45.51580 7116.82 84.3613
45.51830 7128.17 84.4285
45.52080 7122.85 84.397
45.52330 7101.25 84.2689
45.52580 7121.4 84.3884
45.52830 7135.35 84.471
45.53080 7143.41 84.5187
45.53330 7155.21 84.5885
45.53580 7164.78 84.645
45.53830 7171.9 84.6871
45.54080 7162.92 84.634
45.54330 7164.97 84.6461
45.54580 7176.96 84.717
45.54830 7190.5 84.7968
45.55080 7217.53 84.9561
45.55330 7254.1 85.171
45.55580 7236.8 85.0694
45.55830 7261.31 85.2133
45.56080 7318.41 85.5477
45.56330 7323.8 85.5792
45.56580 7326.82 85.5969
45.56830 7325.59 85.5896
45.57080 7284.57 85.3497
45.57330 7285.98 85.3579
45.57580 7322.23 85.5701
45.57830 7380.35 85.909
45.58080 7414.58 86.1079
45.58330 7427.65 86.1838
45.58580 7402.42 86.0373
45.58830 7390.69 85.9691
45.59080 7390.52 85.9682
45.59330 7408.92 86.0751
45.59580 7427.4 86.1824
45.59830 7447.11 86.2967
45.60080 7478.97 86.4811
45.60330 7494.78 86.5724
45.60580 7505.05 86.6317
45.60830 7566.69 86.9867
45.61080 7632.35 87.3633
45.61330 7693.41 87.7121
45.61580 7692.67 87.7079
45.61830 7732.82 87.9365
45.62080 7793.09 88.2785
45.62330 7805.27 88.3474
45.62580 7833.6 88.5076
45.62830 7871.62 88.7222
45.63080 7907.45 88.9238
45.63330 7921.99 89.0056
45.63580 7918.16 88.9841
45.63830 7876.56 88.75
45.64080 7825.43 88.4614
45.64330 7767.38 88.1328
45.64580 7700.59 87.753
45.64830 7660.57 87.5247
45.65080 7628.94 87.3438
45.65330 7559.17 86.9435
45.65580 7499.91 86.602
45.65830 7450.53 86.3164
45.66080 7424.23 86.164
45.66330 7382.98 85.9243
45.66580 7338.16 85.6631
45.66830 7314.88 85.5271
45.67080 7274.25 85.2892
45.67330 7231.03 85.0355
45.67580 7217.42 84.9554
45.67830 7186.93 84.7757
45.68080 7145.92 84.5335
45.68330 7093.99 84.2258
45.68580 7094.28 84.2276
45.68830 7111.14 84.3276
45.69080 7094.8 84.2306
45.69330 7091.53 84.2112
45.69580 7094.11 84.2265
45.69830 7096.77 84.2423
45.70080 7082.39 84.1569
45.70330 7067.18 84.0665
45.70580 7077.31 84.1268
45.70830 7064.48 84.0505
45.71080 7050.38 83.9665
45.71330 7066.79 84.0642
45.71580 7084.21 84.1677
45.71830 7091.97 84.2138
45.72080 7064.1 84.0482
45.72330 7057.31 84.0078
45.72580 7064.13 84.0484
45.72830 7089.91 84.2016
45.73080 7098.59 84.2531
45.73330 7104.77 84.2898
45.73580 7123.03 84.398
45.73830 7133.66 84.461
45.74080 7143.31 84.5181
45.74330 7158.14 84.6058
45.74580 7186.67 84.7742
45.74830 7206.21 84.8894
45.75080 7185.68 84.7684
45.75330 7196.16 84.8302
45.75580 7215.13 84.9419
45.75830 7230.03 85.0296
45.76080 7262.93 85.2228
45.76330 7297.4 85.4248
45.76580 7321.19 85.5639
45.76830 7343.08 85.6917
45.77080 7365.93 85.825
45.77330 7392.71 85.9809
45.77580 7414.75 86.1089
45.77830 7448.85 86.3067
45.78080 7516.34 86.6968
45.78330 7574.58 87.032
45.78580 7625.61 87.3247
45.78830 7665.24 87.5514
45.79080 7678.44 87.6267
45.79330 7693.95 87.7152
45.79580 7730.2 87.9216
45.79830 7768.56 88.1394
45.80080 7815.94 88.4078
45.80330 7882.23 88.7819
45.80580 7893.77 88.8469
45.80830 7901.58 88.8908
45.81080 7928.03 89.0395
45.81330 7919.05 88.9891
45.81580 7901.31 88.8893
45.81830 7881.23 88.7763
45.82080 7836.38 88.5234
45.82330 7807.76 88.3615
45.82580 7821.23 88.4377
45.82830 7813.39 88.3934
45.83080 7794.35 88.2856
45.83330 7761.71 88.1006
45.83580 7705.43 87.7806
45.83830 7654.95 87.4926
45.84080 7622.98 87.3097
45.84330 7571.75 87.0158
45.84580 7529.31 86.7716
45.84830 7508.28 86.6503
45.85080 7456.19 86.3492
45.85330 7416.97 86.1219
45.85580 7408.23 86.071
45.85830 7390.72 85.9693
45.86080 7372.67 85.8643
45.86330 7355.83 85.7662
45.86580 7315.19 85.5289
45.86830 7279.01 85.3171
45.87080 7255.12 85.177
45.87330 7206.46 84.8909
45.87580 7176.77 84.7158
45.87830 7181.15 84.7417
45.88080 7177.07 84.7176
45.88330 7172.83 84.6925
45.88580 7169.78 84.6746
45.88830 7154.8 84.5861
45.89080 7133.53 84.4603
45.89330 7104.99 84.2911
45.89580 7099.34 84.2576
45.89830 7097.63 84.2474
45.90080 7098.41 84.252
45.90330 7091.67 84.2121
45.90580 7078.74 84.1352
45.90830 7058.32 84.0138
45.91080 7093.97 84.2257
45.91330 7115.44 84.3531
45.91580 7112.96 84.3383
45.91830 7139.29 84.4943
45.92080 7153.64 84.5792
45.92330 7150.49 84.5606
45.92580 7156.45 84.5958
45.92830 7161.71 84.6269
45.93080 7165.5 84.6493
45.93330 7157.28 84.6007
45.93580 7162.32 84.6305
45.93830 7183.68 84.7566
45.94080 7218.41 84.9612
45.94330 7261.28 85.2132
45.94580 7312.85 85.5152
45.94830 7339.32 85.6698
45.95080 7365.35 85.8216
45.95330 7391.71 85.975
45.95580 7421.14 86.146
45.95830 7466.24 86.4074
45.96080 7528.01 86.7641
45.96330 7577.91 87.0512
45.96580 7633.51 87.3699
45.96830 7695.15 87.722
45.97080 7724.19 87.8874
45.97330 7774.31 88.1721
45.97580 7845.49 88.5748
45.97830 7882.86 88.7855
45.98080 7925.98 89.028
45.98330 7974.06 89.2976
45.98580 7973.68 89.2954
45.98830 7983.24 89.349
45.99080 8002.77 89.4582
45.99330 8053.5 89.7413
45.99580 8089.41 89.9411
45.99830 8112.04 90.0669
46.00080 8139.85 90.2211
46.00330 8170.66 90.3917
46.00580 8204.1 90.5765
46.00830 8237.59 90.7612
46.01080 8283.36 91.013
46.01330 8339.65 91.3217
46.01580 8398.02 91.6407
46.01830 8457.11 91.9625
46.02080 8515.59 92.28
46.02330 8553.14 92.4832
46.02580 8599.59 92.734
46.02830 8655.03 93.0324
46.03080 8739.7 93.4863
46.03330 8774.08 93.6701
46.03580 8770.62 93.6516
46.03830 8777.08 93.6861
46.04080 8759.58 93.5926
46.04330 8724.61 93.4056
46.04580 8693.42 93.2385
46.04830 8640.03 92.9518
46.05080 8572.03 92.5853
46.05330 8518.06 92.2933
46.05580 8451.88 91.9341
46.05830 8377.48 91.5286
46.06080 8305.56 91.1349
46.06330 8206.68 90.5908
46.06580 8091.86 89.9548
46.06830 7995.5 89.4175
46.07080 7876.63 88.7504
46.07330 7750.16 88.035
46.07580 7679.48 87.6326
46.07830 7624.96 87.321
46.08080 7575.87 87.0395
46.08330 7492.24 86.5577
46.08580 7419.04 86.1339
46.08830 7357.94 85.7784
46.09080 7336.48 85.6533
46.09330 7275.59 85.2971
46.09580 7201.89 84.8639
46.09830 7193.01 84.8116
46.10080 7189.97 84.7937
46.10330 7187.4 84.7785
46.10580 7168.12 84.6648
46.10830 7156.08 84.5936
46.11080 7146.7 84.5382
46.11330 7130.2 84.4405
46.11580 7096.79 84.2425
46.11830 7058.98 84.0177
46.12080 7044.46 83.9313
46.12330 7024.86 83.8144
46.12580 7008.2 83.715
46.12830 7018.68 83.7776
46.13080 7036.1 83.8815
46.13330 7048.07 83.9528
46.13580 7018.98 83.7794
46.13830 7003.24 83.6853
46.14080 6993.49 83.6271
46.14330 6982.65 83.5623
46.14580 6976.09 83.523
46.14830 6976.62 83.5262
46.15080 6998.73 83.6584
46.15330 7004.44 83.6925
46.15580 7003.15 83.6848
46.15830 7002.3 83.6798
46.16080 7024.87 83.8145
46.16330 7049.25 83.9598
46.16580 7043.67 83.9266
46.16830 7021.88 83.7966
46.17080 7000.27 83.6676
46.17330 7002.61 83.6816
46.17580 7011.52 83.7348
46.17830 7022.02 83.7975
46.18080 7029.32 83.841
46.18330 7034.4 83.8714
46.18580 7031.49 83.854
46.18830 7005.12 83.6966
46.19080 7009.36 83.7219
46.19330 7027.17 83.8282
46.19580 7053.52 83.9853
46.19830 7068.48 84.0742
46.20080 7073 84.1011
46.20330 7057.91 84.0114
46.20580 7069.83 84.0823
46.20830 7088.09 84.1908
46.21080 7099.42 84.258
46.21330 7101.01 84.2675
46.21580 7100.35 84.2636
46.21830 7101.83 84.2724
46.22080 7097.54 84.2469
46.22330 7098.05 84.2499
46.22580 7115.69 84.3546
46.22830 7129.19 84.4345
46.23080 7147.15 84.5408
46.23330 7179.32 84.7309
46.23580 7167.47 84.6609
46.23830 7148.84 84.5508
46.24080 7142.52 84.5134
46.24330 7145.79 84.5328
46.24580 7141.64 84.5082
46.24830 7114.48 84.3474
46.25080 7107.69 84.3071
46.25330 7108.43 84.3115
46.25580 7114.92 84.35
46.25830 7104.91 84.2906
46.26080 7091.34 84.2101
46.26330 7078.33 84.1328
46.26580 7069.92 84.0828
46.26830 7065.64 84.0574
46.27080 7067.87 84.0706
46.27330 7050.89 83.9696
46.27580 7035.15 83.8758
46.27830 7029.83 83.8441
46.28080 7052.3 83.978
46.28330 7066.81 84.0643
46.28580 7055.54 83.9973
46.28830 7063.15 84.0426
46.29080 7065.49 84.0565
46.29330 7051.61 83.9739
46.29580 7066.59 84.063
46.29830 7081.33 84.1507
46.30080 7086.81 84.1832
46.30330 7121.05 84.3863
46.30580 7157.77 84.6036
46.30830 7190.79 84.7985
46.31080 7216.56 84.9504
46.31330 7232.72 85.0454
46.31580 7234.64 85.0567
46.31830 7241.04 85.0943
46.32080 7245.65 85.1214
46.32330 7246.36 85.1255
46.32580 7298.56 85.4316
46.32830 7352.99 85.7496
46.33080 7400.62 86.0269
46.33330 7464.48 86.3972
46.33580 7498.56 86.5942
46.33830 7484.95 86.5156
46.34080 7499.82 86.6015
46.34330 7501.5 86.6112
46.34580 7479.54 86.4843
46.34830 7497.46 86.5879
46.35080 7514.1 86.6839
46.35330 7523.5 86.7381
46.35580 7533.42 86.7953
46.35830 7528.89 86.7691
46.36080 7504.64 86.6293
46.36330 7461.64 86.3808
46.36580 7430.31 86.1993
46.36830 7416.27 86.1178
46.37080 7397.18 86.0068
46.37330 7363.26 85.8095
46.37580 7310.95 85.5041
46.37830 7318.22 85.5466
46.38080 7317.18 85.5405
46.38330 7301.58 85.4493
46.38580 7289.71 85.3798
46.38830 7283.11 85.3412
46.39080 7282.58 85.338
46.39330 7266.64 85.2446
46.39580 7243.23 85.1072
46.39830 7211.97 84.9233
46.40080 7206.76 84.8926
46.40330 7202.21 84.8658
46.40580 7197.49 84.838
46.40830 7223.84 84.9932
46.41080 7227.28 85.0134
46.41330 7205.25 84.8837
46.41580 7233.31 85.0489
46.41830 7241.28 85.0957
46.42080 7227.52 85.0148
46.42330 7240.91 85.0935
46.42580 7248.31 85.137
46.42830 7249.45 85.1437
46.43080 7229.68 85.0275
46.43330 7219.28 84.9664
46.43580 7218.02 84.9589
46.43830 7216.02 84.9472
46.44080 7219.34 84.9667
46.44330 7227.45 85.0144
46.44580 7224.07 84.9945
46.44830 7205.41 84.8847
46.45080 7173.11 84.6942
46.45330 7151.86 84.5687
46.45580 7157.35 84.6011
46.45830 7184.95 84.7641
46.46080 7170.05 84.6761
46.46330 7177.61 84.7208
46.46580 7201.66 84.8626
46.46830 7165.56 84.6497
46.47080 7136.67 84.4788
46.47330 7115.94 84.3561
46.47580 7136.25 84.4764
46.47830 7142.06 84.5107
46.48080 7138.02 84.4868
46.48330 7161.86 84.6277
46.48580 7172.6 84.6912
46.48830 7172.86 84.6927
46.49080 7168.11 84.6647
46.49330 7190.41 84.7963
46.49580 7229.52 85.0266
46.49830 7226.76 85.0104
46.50080 7263 85.2233
46.50330 7326.91 85.5974
46.50580 7384.78 85.9348
46.50830 7467.61 86.4153
46.51080 7566.09 86.9832
46.51330 7646.88 87.4464
46.51580 7735.25 87.9503
46.51830 7830.45 88.4898
46.52080 7940.79 89.1111
46.52330 8062.61 89.7921
46.52580 8191.15 90.505
46.52830 8313.33 91.1774
46.53080 8425.62 91.7912
46.53330 8526.88 92.3411
46.53580 8592.09 92.6935
46.53830 8631.94 92.9082
46.54080 8656.67 93.0412
46.54330 8683.8 93.1869
46.54580 8694.6 93.2449
46.54830 8696.03 93.2525
46.55080 8698.92 93.268
46.55330 8666.19 93.0924
46.55580 8615.09 92.8175
46.55830 8575.24 92.6026
46.56080 8511.87 92.2598
46.56330 8436.75 91.8518
46.56580 8368.13 91.4775
46.56830 8278.78 90.9878
46.57080 8179.09 90.4383
46.57330 8082.64 89.9035
46.57580 8043.35 89.6847
46.57830 8022.69 89.5695
46.58080 7949.48 89.1598
46.58330 7873.4 88.7322
46.58580 7801.6 88.3267
46.58830 7756.67 88.072
46.59080 7716.78 87.8452
46.59330 7672.93 87.5953
46.59580 7600.73 87.1821
46.59830 7555.99 86.9252
46.60080 7517.04 86.7008
46.60330 7449.65 86.3114
46.60580 7408.3 86.0715
46.60830 7380.9 85.9121
46.61080 7363.71 85.8121
46.61330 7333.44 85.6355
46.61580 7303.59 85.461
46.61830 7296.41 85.419
46.62080 7247.95 85.1349
46.62330 7199.24 84.8483
46.62580 7210.36 84.9138
46.62830 7203.65 84.8743
46.63080 7199.34 84.8489
46.63330 7227.26 85.0133
46.63580 7215.83 84.946
46.63830 7187.93 84.7816
46.64080 7154.16 84.5822
46.64330 7136.92 84.4803
46.64580 7130.09 84.4398
46.64830 7137.38 84.483
46.65080 7146.7 84.5382
46.65330 7153.65 84.5793
46.65580 7151.35 84.5657
46.65830 7142.87 84.5155
46.66080 7134.52 84.4661
46.66330 7132.41 84.4536
46.66580 7145.53 84.5312
46.66830 7156.71 84.5973
46.67080 7149.31 84.5536
46.67330 7151.81 84.5684
46.67580 7155.27 84.5888
46.67830 7153.41 84.5778
46.68080 7149.9 84.5571
46.68330 7145.88 84.5333
46.68580 7141.77 84.509
46.68830 7135.94 84.4745
46.69080 7133.52 84.4602
46.69330 7140.59 84.502
46.69580 7133.6 84.4606
46.69830 7114.73 84.3489
46.70080 7076.5 84.1219
46.70330 7059.71 84.0221
46.70580 7059.77 84.0225
46.70830 7086.03 84.1786
46.71080 7070.85 84.0884
46.71330 7059.72 84.0222
46.71580 7078.49 84.1338
46.71830 7047.48 83.9493
46.72080 7015.46 83.7584
46.72330 7004.45 83.6926
46.72580 7007.88 83.7131
46.72830 7007.98 83.7137
46.73080 6995.24 83.6375
46.73330 7015.29 83.7573
46.73580 7031.17 83.8521
46.73830 7026.31 83.8231
46.74080 7015.48 83.7585
46.74330 7009.89 83.7251
46.74580 7016.2 83.7628
46.74830 7006.93 83.7074
46.75080 6997.02 83.6482
46.75330 6990.89 83.6115
46.75580 6988.07 83.5947
46.75830 6995.48 83.639
46.76080 7019.83 83.7844
46.76330 7024.62 83.813
46.76580 7022.31 83.7992
46.76830 7013.04 83.7439
46.77080 7027.4 83.8296
46.77330 7046.01 83.9405
46.77580 7066.12 84.0602
46.77830 7071.12 84.0899
46.78080 7089.63 84.1999
46.78330 7132.48 84.454
46.78580 7158.68 84.609
46.78830 7175.83 84.7103
46.79080 7182.26 84.7482
46.79330 7221.52 84.9795
46.79580 7262.8 85.2221
46.79830 7301.76 85.4503
46.80080 7346.45 85.7114
46.80330 7387.73 85.9519
46.80580 7423.37 86.159
46.80830 7493.97 86.5677
46.81080 7539.98 86.833
46.81330 7547.93 86.8788
46.81580 7573.94 87.0284
46.81830 7577.8 87.0505
46.82080 7550.35 86.8927
46.82330 7565.9 86.9822
46.82580 7582.17 87.0756
46.82830 7595.45 87.1519
46.83080 7584.55 87.0893
46.83330 7574.49 87.0316
46.83580 7567.3 86.9902
46.83830 7537.12 86.8166
46.84080 7504.99 86.6313
46.84330 7471.97 86.4406
46.84580 7415.02 86.1105
46.84830 7380.99 85.9127
46.85080 7374.79 85.8766
46.85330 7351.28 85.7396
46.85580 7324.33 85.5823
46.85830 7294.15 85.4058
46.86080 7289.78 85.3802
46.86330 7256.48 85.185
46.86580 7191.02 84.7999
46.86830 7198.12 84.8418
46.87080 7176.01 84.7113
46.87330 7121.88 84.3912
46.87580 7095.94 84.2374
46.87830 7082.55 84.1579
46.88080 7081.69 84.1528
46.88330 7074.9 84.1124
46.88580 7072.93 84.1007
46.88830 7075.37 84.1152
46.89080 7035.41 83.8774
46.89330 6996.59 83.6456
46.89580 6959.63 83.4244
46.89830 6970.22 83.4879
46.90080 6981.12 83.5531
46.90330 6991.85 83.6173
46.90580 6984.69 83.5745
46.90830 6986.2 83.5835
46.91080 6994.51 83.6332
46.91330 6975.28 83.5182
46.91580 6977.57 83.5318
46.91830 6997.26 83.6496
46.92080 6990.01 83.6063
46.92330 6996.91 83.6475
46.92580 7015.23 83.757
46.92830 7025.79 83.82
46.93080 7021.4 83.7938
46.93330 7007.71 83.7121
46.93580 7039.75 83.9032
46.93830 7054.95 83.9938
46.94080 7056.54 84.0032
46.94330 7051.25 83.9717
46.94580 7059.42 84.0203
46.94830 7077.37 84.1271
46.95080 7090.49 84.205
46.95330 7107.68 84.307
46.95580 7127.62 84.4252
46.95830 7145.15 84.529
46.96080 7142.52 84.5134
46.96330 7131.73 84.4496
46.96580 7182.3 84.7484
46.96830 7198.62 84.8447
46.97080 7194.36 84.8196
46.97330 7215.56 84.9444
46.97580 7241.34 85.0961
46.97830 7270.3 85.2661
46.98080 7300.53 85.4432
46.98330 7336.84 85.6553
46.98580 7373.82 85.871
46.98830 7386.28 85.9435
46.99080 7427.24 86.1815
46.99330 7481.93 86.4981
46.99580 7509.49 86.6573
46.99830 7517.27 86.7022
47.00080 7517.26 86.7021
47.00330 7543.43 86.8529
47.00580 7599.86 87.1772
47.00830 7669.89 87.5779
47.01080 7716.85 87.8456
47.01330 7749.01 88.0285
47.01580 7772.62 88.1625
47.01830 7794.23 88.285
47.02080 7814.75 88.4011
47.02330 7837.76 88.5311
47.02580 7877.39 88.7546
47.02830 7926.56 89.0312
47.03080 7977.62 89.3175
47.03330 8013.27 89.5169
47.03580 8023.81 89.5757
47.03830 8023.3 89.5729
47.04080 8029.55 89.6077
47.04330 8054.71 89.748
47.04580 8080.38 89.891
47.04830 8067.46 89.819
47.05080 8076.24 89.8679
47.05330 8087.65 89.9314
47.05580 8067.47 89.8191
47.05830 8069.19 89.8287
47.06080 8069.76 89.8318
47.06330 8026.23 89.5893
47.06580 8010.65 89.5023
47.06830 7993.48 89.4063
47.07080 7924.18 89.0178
47.07330 7866.85 88.6953
47.07580 7822.49 88.4449
47.07830 7807.76 88.3615
47.08080 7767.62 88.1341
47.08330 7714.44 87.8319
47.08580 7650.52 87.4672
47.08830 7617.78 87.2799
47.09080 7590.81 87.1253
47.09330 7543.84 86.8553
47.09580 7502.28 86.6157
47.09830 7464.94 86.3999
47.10080 7434.83 86.2255
47.10330 7392.65 85.9805
47.10580 7350.24 85.7336
47.10830 7319.93 85.5566
47.11080 7276.47 85.3022
47.11330 7231.45 85.038
47.11580 7194.65 84.8213
47.11830 7190.61 84.7975
47.12080 7185.41 84.7668
47.12330 7147.81 84.5447
47.12580 7135.7 84.4731
47.12830 7137.57 84.4842
47.13080 7156.23 84.5945
47.13330 7141.96 84.5101
47.13580 7123.03 84.398
47.13830 7116.67 84.3604
47.14080 7108.17 84.31
47.14330 7105.39 84.2935
47.14580 7118.25 84.3697
47.14830 7133.52 84.4602
47.15080 7146.01 84.5341
47.15330 7150.37 84.5598
47.15580 7149.52 84.5548
47.15830 7155.95 84.5928
47.16080 7181.99 84.7466
47.16330 7203.97 84.8762
47.16580 7229.17 85.0245
47.16830 7263.56 85.2265
47.17080 7294.63 85.4086
47.17330 7328.68 85.6077
47.17580 7370.62 85.8523
47.17830 7392.93 85.9821
47.18080 7411.75 86.0915
47.18330 7431.95 86.2088
47.18580 7449.31 86.3094
47.18830 7481.9 86.498
47.19080 7545.53 86.865
47.19330 7589.23 87.1162
47.19580 7637.78 87.3944
47.19830 7702.63 87.7647
47.20080 7721.34 87.8712
47.20330 7755.08 88.0629
47.20580 7831.22 88.4942
47.20830 7900.15 88.8828
47.21080 7956.67 89.2001
47.21330 7993.39 89.4058
47.21580 8051.68 89.7311
47.21830 8093.54 89.9641
47.22080 8101.76 90.0097
47.22330 8168.02 90.3771
47.22580 8220.88 90.6691
47.22830 8238 90.7634
47.23080 8285.85 91.0267
47.23330 8326.03 91.2471
47.23580 8347.54 91.3649
47.23830 8334.57 91.2939
47.24080 8327.85 91.257
47.24330 8337.17 91.3081
47.24580 8331.71 91.2782
47.24830 8308.71 91.1521
47.25080 8262.23 90.8968
47.25330 8233.48 90.7385
47.25580 8200.55 90.5569
47.25830 8159.04 90.3274
47.26080 8124.74 90.1374
47.26330 8084.59 89.9144
47.26580 8035.42 89.6405
47.26830 7977.36 89.3161
47.27080 7912.61 88.9529
47.27330 7839.89 88.5432
47.27580 7793.57 88.2812
47.27830 7749.18 88.0294
47.28080 7704.8 87.777
47.28330 7653.63 87.485
47.28580 7610.24 87.2367
47.28830 7577.15 87.0468
47.29080 7540 86.8332
47.29330 7506.85 86.6421
47.29580 7478.81 86.4801
47.29830 7452.45 86.3276
47.30080 7435.75 86.2308
47.30330 7430.24 86.1989
47.30580 7394.12 85.989
47.30830 7371.21 85.8558
47.31080 7364.56 85.817
47.31330 7333.4 85.6353
47.31580 7312.37 85.5124
47.31830 7303.17 85.4586
47.32080 7246.97 85.1291
47.32330 7221.41 84.9789
47.32580 7229.28 85.0252
47.32830 7213.87 84.9345
47.33080 7188.06 84.7825
47.33330 7151.86 84.5687
47.33580 7138.88 84.4919
47.33830 7128.07 84.4279
47.34080 7119.39 84.3765
47.34330 7114.85 84.3496
47.34580 7112.78 84.3373
47.34830 7113 84.3386
47.35080 7107.69 84.3071
47.35330 7091.48 84.2109
47.35580 7065.48 84.0564
47.35830 7054.48 83.9909
47.36080 7033.62 83.8667
47.36330 7004.65 83.6938
47.36580 6999.38 83.6623
47.36830 7007.78 83.7125
47.37080 7025.33 83.8173
47.37330 6974.8 83.5153
47.37580 6958.73 83.419
47.37830 6970.37 83.4887
47.38080 6955.1 83.3973
47.38330 6955.35 83.3988
47.38580 6966.78 83.4672
47.38830 6953.32 83.3865
47.39080 6934.62 83.2744
47.39330 6911.37 83.1347
47.39580 6881.55 82.9551
47.39830 6890.81 83.0109
47.40080 6926.19 83.2237
47.40330 6914.29 83.1522
47.40580 6910 83.1264
47.40830 6911.62 83.1362
47.41080 6916.68 83.1666
47.41330 6918.39 83.1768
47.41580 6918.45 83.1772
47.41830 6926.31 83.2244
47.42080 6926.4 83.225
47.42330 6922.41 83.201
47.42580 6930.39 83.249
47.42830 6933.66 83.2686
47.43080 6933.16 83.2656
47.43330 6927.02 83.2287
47.43580 6921.76 83.1971
47.43830 6916.54 83.1657
47.44080 6907.32 83.1103
47.44330 6902.75 83.0828
47.44580 6902.86 83.0835
47.44830 6916.07 83.1629
47.45080 6915.87 83.1617
47.45330 6910.34 83.1285
47.45580 6923.03 83.2048
47.45830 6932.33 83.2606
47.46080 6941.42 83.3152
47.46330 6961.46 83.4354
47.46580 6961.22 83.4339
47.46830 6948.39 83.357
47.47080 6928.19 83.2357
47.47330 6944.61 83.3343
47.47580 6978.23 83.5358
47.47830 6997.94 83.6537
47.48080 7024.29 83.811
47.48330 7048.19 83.9535
47.48580 7041.62 83.9144
47.48830 7029.43 83.8417
47.49080 7019.64 83.7833
47.49330 7035.21 83.8762
47.49580 7040.04 83.9049
47.49830 7037.8 83.8916
47.50080 7026.89 83.8266
47.50330 7043.35 83.9247
47.50580 7069.47 84.0801
47.50830 7082.23 84.156
47.51080 7094.58 84.2293
47.51330 7100.58 84.2649
47.51580 7081.14 84.1495
47.51830 7080.82 84.1476
47.52080 7088.34 84.1923
47.52330 7094.36 84.228
47.52580 7102.3 84.2751
47.52830 7114.46 84.3472
47.53080 7139.41 84.495
47.53330 7126.14 84.4165
47.53580 7102.38 84.2756
47.53830 7095.27 84.2334
47.54080 7076.09 84.1195
47.54330 7061.38 84.032
47.54580 7077.35 84.127
47.54830 7069.25 84.0789
47.55080 7062.25 84.0372
47.55330 7087.27 84.1859
47.55580 7110.09 84.3213
47.55830 7132.76 84.4556
47.56080 7157.35 84.6012
47.56330 7165.35 84.6484
47.56580 7169.9 84.6753
47.56830 7180.77 84.7394
47.57080 7168.17 84.665
47.57330 7153.57 84.5788
47.57580 7154.67 84.5853
47.57830 7156.42 84.5956
47.58080 7158.03 84.6052
47.58330 7158.74 84.6093
47.58580 7150.66 84.5616
47.58830 7153.03 84.5756
47.59080 7189.33 84.7899
47.59330 7198.27 84.8426
47.59580 7199.4 84.8493
47.59830 7200.16 84.8538
47.60080 7177.02 84.7173
47.60330 7162.97 84.6343
47.60580 7186.05 84.7705
47.60830 7191.4 84.8021
47.61080 7179.45 84.7316
47.61330 7137.87 84.4859
47.61580 7130.64 84.4431
47.61830 7126.28 84.4173
47.62080 7109.97 84.3206
47.62330 7084.05 84.1668
47.62580 7062.86 84.0408
47.62830 7056.51 84.003
47.63080 7056.55 84.0032
47.63330 7054.06 83.9885
47.63580 7043.55 83.9258
47.63830 7022.26 83.7989
47.64080 7000.2 83.6672
47.64330 6980.95 83.5521
47.64580 6961.29 83.4343
47.64830 6953.3 83.3864
47.65080 6967.77 83.4732
47.65330 6957.35 83.4107
47.65580 6951.89 83.378
47.65830 6963.87 83.4498
47.66080 6964.3 83.4524
47.66330 6956.13 83.4034
47.66580 6936.1 83.2833
47.66830 6949.69 83.3648
47.67080 6955.81 83.4015
47.67330 6940.02 83.3068
47.67580 6950 83.3667
47.67830 6954.41 83.3931
47.68080 6943.31 83.3265
47.68330 6945.08 83.3371
47.68580 6944.97 83.3365
47.68830 6939.05 83.301
47.69080 6931.11 83.2533
47.69330 6926.87 83.2278
47.69580 6928.74 83.2391
47.69830 6950.3 83.3685
47.70080 6961.24 83.4341
47.70330 6952.94 83.3843
47.70580 6969.36 83.4827
47.70830 6980.13 83.5472
47.71080 6978.99 83.5404
47.71330 6987.07 83.5887
47.71580 7004.75 83.6944
47.71830 7034.6 83.8725
47.72080 7034.83 83.8739
47.72330 7044.7 83.9327
47.72580 7070.97 84.0891
47.72830 7083.24 84.162
47.73080 7117.02 84.3624
47.73330 7180.25 84.7364
47.73580 7204.59 84.8799
47.73830 7229.02 85.0236
47.74080 7256.8 85.1869
47.74330 7317.44 85.542
47.74580 7361.94 85.8018
47.74830 7384.47 85.933
47.75080 7390.2 85.9663
47.75330 7420.56 86.1427
47.75580 7480.94 86.4924
47.75830 7507.92 86.6483
47.76080 7552.45 86.9049
47.76330 7618.52 87.2842
47.76580 7672.97 87.5955
47.76830 7717.13 87.8472
47.77080 7750.29 88.0357
47.77330 7790.46 88.2636
47.77580 7822.72 88.4461
47.77830 7846.36 88.5797
47.78080 7911.53 88.9468
47.78330 7955.72 89.1948
47.78580 7977.66 89.3178
47.78830 7976.21 89.3096
47.79080 7967.53 89.261
47.79330 7951.8 89.1728
47.79580 7956.28 89.198
47.79830 7958.34 89.2096
47.80080 7957.94 89.2073
47.80330 7947.07 89.1463
47.80580 7932.84 89.0665
47.80830 7915.89 88.9713
47.81080 7919.94 88.994
47.81330 7902.45 88.8957
47.81580 7866.04 88.6907
47.81830 7850.55 88.6033
47.82080 7823.14 88.4485
47.82330 7787.38 88.2461
47.82580 7807.07 88.3577
47.82830 7827.94 88.4757
47.83080 7849.43 88.597
47.83330 7862.95 88.6733
47.83580 7874.63 88.7391
47.83830 7886.81 88.8077
47.84080 7934.84 89.0777
47.84330 7945.97 89.1402
47.84580 7931.37 89.0582
47.84830 7971.85 89.2852
47.85080 7998.12 89.4322
47.85330 8012.4 89.512
47.85580 8012 89.5098
47.85830 8023.85 89.5759
47.86080 8041.28 89.6732
47.86330 8017.18 89.5387
47.86580 8011.17 89.5051
47.86830 8013.41 89.5177
47.87080 7965.27 89.2483
47.87330 7934.98 89.0785
47.87580 7917.72 88.9816
47.87830 7906.61 88.9191
47.88080 7880.08 88.7698
47.88330 7843.29 88.5623
47.88580 7807.36 88.3593
47.88830 7767.14 88.1314
47.89080 7724.13 87.887
47.89330 7681.09 87.6418
47.89580 7634.53 87.3758
47.89830 7588.97 87.1147
47.90080 7567.06 86.9889
47.90330 7531.93 86.7867
47.90580 7493.75 86.5664
47.90830 7489.56 86.5422
47.91080 7482.27 86.5001
47.91330 7471.62 86.4386
47.91580 7451.17 86.3201
47.91830 7435.36 86.2285
47.92080 7423.97 86.1625
47.92330 7423.33 86.1588
47.92580 7426.36 86.1763
47.92830 7424.02 86.1628
47.93080 7380.61 85.9105
47.93330 7353.91 85.7549
47.93580 7341.04 85.6799
47.93830 7354.72 85.7597
47.94080 7359.59 85.7881
47.94330 7358.75 85.7831
47.94580 7351.68 85.742
47.94830 7346.22 85.7101
47.95080 7342.6 85.689
47.95330 7343.98 85.697
47.95580 7367.83 85.8361
47.95830 7392.42 85.9792
47.96080 7373.8 85.8708
47.96330 7399.58 86.0208
47.96580 7429.72 86.1958
47.96830 7394.2 85.9896
47.97080 7384.18 85.9312
47.97330 7389.69 85.9633
47.97580 7412.99 86.0987
47.97830 7426.57 86.1776
47.98080 7444.31 86.2804
47.98330 7493.01 86.5622
47.98580 7526.34 86.7545
47.98830 7550.85 86.8956
47.99080 7565.85 86.9819
47.99330 7629.66 87.3479
47.99580 7696.2 87.728
47.99830 7707.66 87.7933
48.00080 7708.94 87.8005
48.00330 7704.23 87.7738
48.00580 7692.31 87.7058
48.00830 7699.07 87.7443
48.01080 7708.31 87.797
48.01330 7704.63 87.776
48.01580 7714.44 87.8319
48.01830 7719.77 87.8622
48.02080 7698.01 87.7383
48.02330 7675.55 87.6102
48.02580 7648.26 87.4543
48.02830 7607.8 87.2227
48.03080 7597.35 87.1628
48.03330 7589.48 87.1176
48.03580 7563.09 86.966
48.03830 7521.23 86.725
48.04080 7471.24 86.4364
48.04330 7411.92 86.0925
48.04580 7389.87 85.9644
48.04830 7381.97 85.9184
48.05080 7383.18 85.9254
48.05330 7369.72 85.8471
48.05580 7356.47 85.7698
48.05830 7353.31 85.7515
48.06080 7349.58 85.7297
48.06330 7346.07 85.7092
48.06580 7343.44 85.6939
48.06830 7316.47 85.5364
48.07080 7278.25 85.3127
48.07330 7228.11 85.0183
48.07580 7221.14 84.9773
48.07830 7226.9 85.0112
48.08080 7238.62 85.0801
48.08330 7244 85.1117
48.08580 7239.51 85.0853
48.08830 7217.4 84.9553
48.09080 7225.8 85.0047
48.09330 7226.81 85.0106
48.09580 7200.41 84.8552
48.09830 7200.56 84.8561
48.10080 7209.62 84.9095
48.10330 7225.91 85.0053
48.10580 7214.87 84.9404
48.10830 7220.31 84.9724
48.11080 7265.76 85.2394
48.11330 7249.75 85.1455
48.11580 7237.36 85.0727
48.11830 7250.41 85.1494
48.12080 7267.59 85.2502
48.12330 7271.74 85.2745
48.12580 7252.16 85.1596
48.12830 7295.83 85.4156
48.13080 7338.26 85.6637
48.13330 7362.78 85.8067
48.13580 7387.11 85.9483
48.13830 7404.97 86.0521
48.14080 7412.44 86.0955
48.14330 7393.91 85.9879
48.14580 7382.74 85.9229
48.14830 7388.24 85.9549
48.15080 7383.26 85.9259
48.15330 7398.55 86.0148
48.15580 7446.26 86.2917
48.15830 7450.19 86.3145
48.16080 7446.17 86.2912
48.16330 7437.42 86.2405
48.16580 7456.15 86.349
48.16830 7462.52 86.3859
48.17080 7447.71 86.3001
48.17330 7451.29 86.3209
48.17580 7450.23 86.3147
48.17830 7440.64 86.2591
48.18080 7426.97 86.1799
48.18330 7403.22 86.0419
48.18580 7366.61 85.8289
48.18830 7365.55 85.8228
48.19080 7372.59 85.8638
48.19330 7386.85 85.9468
48.19580 7362.58 85.8055
48.19830 7340.66 85.6777
48.20080 7324.45 85.583
48.20330 7324.21 85.5816
48.20580 7314.63 85.5256
48.20830 7292.97 85.3989
48.21080 7269.92 85.2638
48.21330 7279.79 85.3217
48.21580 7327.64 85.6016
48.21830 7319.13 85.5519
48.22080 7304.97 85.4691
48.22330 7286.55 85.3613
48.22580 7288.77 85.3743
48.22830 7285.45 85.3548
48.23080 7275.61 85.2972
48.23330 7296.18 85.4177
48.23580 7303.35 85.4596
48.23830 7296.05 85.4169
48.24080 7285.54 85.3554
48.24330 7290.81 85.3863
48.24580 7311.98 85.5101
48.24830 7289.64 85.3794
48.25080 7267.97 85.2524
48.25330 7247.27 85.1309
48.25580 7258.98 85.1996
48.25830 7268.42 85.255
48.26080 7275.72 85.2978
48.26330 7282.78 85.3392
48.26580 7294.84 85.4098
48.26830 7311.21 85.5056
48.27080 7318.47 85.5481
48.27330 7305.49 85.4722
48.27580 7276.19 85.3006
48.27830 7291.53 85.3905
48.28080 7302.74 85.4561
48.28330 7309.65 85.4965
48.28580 7299.74 85.4385
48.28830 7278.81 85.316
48.29080 7250.84 85.1519
48.29330 7261.44 85.2141
48.29580 7262.57 85.2207
48.29830 7258.07 85.1943
48.30080 7284.65 85.3501
48.30330 7287.71 85.3681
48.30580 7272.83 85.2809
48.30830 7261.74 85.2159
48.31080 7243.99 85.1116
48.31330 7222.3 84.9841
48.31580 7213.64 84.9332
48.31830 7190.77 84.7984
48.32080 7159.05 84.6112
48.32330 7143.4 84.5186
48.32580 7138.02 84.4868
48.32830 7138.47 84.4895
48.33080 7125.55 84.413
48.33330 7116.35 84.3585
48.33580 7107.08 84.3035
48.33830 7074.45 84.1097
48.34080 7064.76 84.0521
48.34330 7065.62 84.0573
48.34580 7029.84 83.8441
48.34830 7018.26 83.775
48.35080 7021.03 83.7916
48.35330 7016.67 83.7655
48.35580 7007.73 83.7122
48.35830 7000.24 83.6674
48.36080 7022.52 83.8005
48.36330 7003.24 83.6854
48.36580 6964.33 83.4526
48.36830 6957.14 83.4094
48.37080 6938.93 83.3003
48.37330 6916.68 83.1666
48.37580 6907.84 83.1134
48.37830 6923.73 83.209
48.38080 6948.95 83.3603
48.38330 6950.01 83.3667
48.38580 6943.5 83.3277
48.38830 6933.65 83.2685
48.39080 6927.23 83.23
48.39330 6908.81 83.1192
48.39580 6891.46 83.0148
48.39830 6910.22 83.1277
48.40080 6930.23 83.248
48.40330 6944.72 83.335
48.40580 6930.16 83.2476
48.40830 6931.02 83.2528
48.41080 6939.66 83.3046
48.41330 6950.39 83.369
48.41580 6959.55 83.4239
48.41830 6961.4 83.435
48.42080 6935.3 83.2784
48.42330 6955.19 83.3978
48.42580 6988.86 83.5994
48.42830 6996.78 83.6467
48.43080 6977.4 83.5308
48.43330 6954.53 83.3938
48.43580 6962.37 83.4408
48.43830 6960.88 83.4319
48.44080 6962.73 83.443
48.44330 6990.5 83.6092
48.44580 7002.15 83.6789
48.44830 7002.32 83.6799
48.45080 6984.41 83.5728
48.45330 6985.27 83.578
48.45580 6994.55 83.6334
48.45830 7008.45 83.7165
48.46080 6990.32 83.6081
48.46330 6978.63 83.5382
48.46580 7023.65 83.8072
48.46830 7019.8 83.7842
48.47080 7006.71 83.7061
48.47330 7016.49 83.7645
48.47580 7043.12 83.9233
48.47830 7070.47 84.0861
48.48080 7083.89 84.1659
48.48330 7119.53 84.3773
48.48580 7153.22 84.5767
48.48830 7162.15 84.6295
48.49080 7173.88 84.6988
48.49330 7183.33 84.7545
48.49580 7184.47 84.7613
48.49830 7196.7 84.8334
48.50080 7219.12 84.9654
48.50330 7259.43 85.2023
48.50580 7302.46 85.4544
48.50830 7341.84 85.6845
48.51080 7370.48 85.8515
48.51330 7382.15 85.9195
48.51580 7390.23 85.9664
48.51830 7400.21 86.0245
48.52080 7387.77 85.9521
48.52330 7378.39 85.8975
48.52580 7388.47 85.9562
48.52830 7390.5 85.968
48.53080 7386.89 85.947
48.53330 7375.08 85.8783
48.53580 7376.82 85.8884
48.53830 7370.01 85.8488
48.54080 7338.92 85.6675
48.54330 7323.95 85.5801
48.54580 7309.67 85.4966
48.54830 7289.94 85.3811
48.55080 7290.2 85.3827
48.55330 7290 85.3815
48.55580 7281.17 85.3298
48.55830 7281.54 85.332
48.56080 7284.88 85.3515
48.56330 7290.59 85.3849
48.56580 7292.37 85.3954
48.56830 7279.17 85.318
48.57080 7240.03 85.0884
48.57330 7250.89 85.1521
48.57580 7267.79 85.2514
48.57830 7280.99 85.3287
48.58080 7304.13 85.4642
48.58330 7318.79 85.5499
48.58580 7316.59 85.5371
48.58830 7309.1 85.4933
48.59080 7315.22 85.529
48.59330 7344.73 85.7014
48.59580 7348.2 85.7216
48.59830 7357.34 85.7749
48.60080 7380.78 85.9115
48.60330 7401.23 86.0304
48.60580 7410.36 86.0834
48.60830 7402.83 86.0397
48.61080 7432.54 86.2122
48.61330 7451.17 86.3201
48.61580 7447.47 86.2987
48.61830 7476.12 86.4645
48.62080 7494.13 86.5686
48.62330 7492.42 86.5587
48.62580 7481.9 86.498
48.62830 7496.63 86.5831
48.63080 7547.12 86.8742
48.63330 7583 87.0804
48.63580 7612.34 87.2487
48.63830 7634.55 87.3759
48.64080 7634.59 87.3762
48.64330 7636.14 87.385
48.64580 7641.64 87.4165
48.64830 7683.45 87.6553
48.65080 7721.35 87.8712
48.65330 7751.6 88.0432
48.65580 7767 88.1306
48.65830 7800.68 88.3215
48.66080 7857.27 88.6412
48.66330 7882.81 88.7852
48.66580 7901.46 88.8902
48.66830 7913.66 88.9588
48.67080 7955.23 89.1921
48.67330 8003.23 89.4608
48.67580 8057.33 89.7626
48.67830 8102.29 90.0127
48.68080 8122.6 90.1255
48.68330 8116.35 90.0908
48.68580 8164.52 90.3578
48.68830 8208.86 90.6028
48.69080 8248.18 90.8195
48.69330 8281.37 91.002
48.69580 8330.15 91.2696
48.69830 8394.87 91.6235
48.70080 8429.06 91.8099
48.70330 8488.58 92.1335
48.70580 8572.94 92.5902
48.70830 8638.82 92.9453
48.71080 8697.83 93.2622
48.71330 8751 93.5468
48.71580 8847.91 94.0633
48.71830 8891.35 94.294
48.72080 8886.44 94.2679
48.72330 8921.51 94.4537
48.72580 8955.19 94.6319
48.72830 8985.75 94.7932
48.73080 8959.67 94.6556
48.73330 8952.01 94.615
48.73580 8956.29 94.6377
48.73830 8867.28 94.1662
48.74080 8818.93 93.9091
48.74330 8802.14 93.8197
48.74580 8738.36 93.4792
48.74830 8688.6 93.2127
48.75080 8648.63 92.998
48.75330 8583.14 92.6452
48.75580 8531.5 92.3661
48.75830 8491.89 92.1514
48.76080 8469.53 92.03
48.76330 8435.22 91.8435
48.76580 8393.22 91.6145
48.76830 8368.09 91.4773
48.77080 8343.82 91.3445
48.77330 8319.17 91.2095
48.77580 8283.07 91.0114
48.77830 8284.34 91.0183
48.78080 8308.2 91.1493
48.78330 8293.43 91.0683
48.78580 8267.24 90.9244
48.78830 8231.5 90.7276
48.79080 8179.78 90.4421
48.79330 8153.73 90.298
48.79580 8140.64 90.2255
48.79830 8094.06 89.967
48.80080 8081.1 89.8949
48.80330 8085.05 89.9169
48.80580 8054.05 89.7444
48.80830 8030.56 89.6134
48.81080 8015.55 89.5296
48.81330 8027.95 89.5988
48.81580 8046.48 89.7022
48.81830 8062.45 89.7912
48.82080 8037.3 89.651
48.82330 8065.06 89.8057
48.82580 8123.59 90.131
48.82830 8184.56 90.4686
48.83080 8234.27 90.7429
48.83330 8273.78 90.9603
48.83580 8290.39 91.0516
48.83830 8326.89 91.2518
48.84080 8368.9 91.4817
48.84330 8383.1 91.5593
48.84580 8374.38 91.5116
48.84830 8358.52 91.4249
48.85080 8366.49 91.4685
48.85330 8345.26 91.3524
48.85580 8314.5 91.1839
48.85830 8307.72 91.1467
48.86080 8260.61 90.8879
48.86330 8197.24 90.5386
48.86580 8147.57 90.2639
48.86830 8107.07 90.0393
48.87080 8059.4 89.7741
48.87330 7962.66 89.2337
48.87580 7884.97 88.7973
48.87830 7823.22 88.449
48.88080 7792.06 88.2727
48.88330 7749.18 88.0294
48.88580 7693.76 87.7141
48.88830 7609.17 87.2306
48.89080 7552.67 86.9061
48.89330 7503.28 86.6215
48.89580 7437.67 86.2419
48.89830 7406.4 86.0604
48.90080 7385.04 85.9362
48.90330 7350.98 85.7379
48.90580 7315.67 85.5317
48.90830 7283.67 85.3444
48.91080 7264.36 85.2312
48.91330 7241.06 85.0944
48.91580 7222.29 84.984
48.91830 7222.63 84.9861
48.92080 7184.92 84.7639
48.92330 7147.44 84.5425
48.92580 7151.12 84.5643
48.92830 7143.2 84.5175
48.93080 7133.56 84.4604
48.93330 7130.17 84.4403
48.93580 7116.8 84.3611
48.93830 7100.45 84.2641
48.94080 7084.64 84.1703
48.94330 7059.76 84.0224
48.94580 7037.79 83.8915
48.94830 7031.07 83.8515
48.95080 7024.71 83.8136
48.95330 7017.23 83.7689
48.95580 7006.57 83.7053
48.95830 7012.08 83.7381
48.96080 7016.55 83.7648
48.96330 7007.38 83.7101
48.96580 7008.17 83.7148
48.96830 7002.36 83.6801
48.97080 6974.6 83.5141
48.97330 6980.07 83.5468
48.97580 6986.94 83.5879
48.97830 6977.96 83.5342
48.98080 6988.43 83.5968
48.98330 7002.08 83.6784
48.98580 7012.58 83.7411
48.98830 7016.2 83.7628
48.99080 7019.47 83.7823
48.99330 7025.27 83.8169
48.99580 7008.49 83.7167
48.99830 6993.4 83.6265
49.00080 6991.56 83.6155
49.00330 7000.85 83.6711
49.00580 7017.52 83.7706
49.00830 7044.32 83.9304
49.01080 7040.28 83.9064
49.01330 7037.94 83.8924
49.01580 7049.87 83.9635
49.01830 7045.21 83.9357
49.02080 7037.49 83.8897
49.02330 7029.58 83.8426
49.02580 7034.06 83.8693
49.02830 7041.13 83.9115
49.03080 7049.16 83.9593
49.03330 7056.83 84.005
49.03580 7061.28 84.0314
49.03830 7060.32 84.0257
49.04080 7049.22 83.9597
49.04330 7043.89 83.9279
49.04580 7050.45 83.967
49.04830 7044.76 83.9331
49.05080 7057.44 84.0086
49.05330 7101.92 84.2729
49.05580 7111.14 84.3275
49.05830 7122.99 84.3978
49.06080 7145.58 84.5315
49.06330 7142.77 84.5149
49.06580 7139.08 84.4931
49.06830 7138.31 84.4885
49.07080 7130.95 84.445
49.07330 7134.81 84.4678
49.07580 7155.72 84.5915
49.07830 7197.98 84.8409
49.08080 7225.63 85.0037
49.08330 7230.26 85.031
49.08580 7238.54 85.0796
49.08830 7246.09 85.124
49.09080 7252.26 85.1602
49.09330 7288.33 85.3717
49.09580 7330.51 85.6184
49.09830 7377.74 85.8938
49.10080 7403.3 86.0424
49.10330 7431.69 86.2072
49.10580 7465.37 86.4024
49.10830 7540.43 86.8356
49.11080 7608.22 87.2251
49.11330 7664.43 87.5467
49.11580 7734.32 87.945
49.11830 7809 88.3686
49.12080 7888.58 88.8177
49.12330 7960.56 89.222
49.12580 8053.68 89.7423
49.12830 8171.1 90.3941
49.13080 8287 91.033
49.13330 8392.5 91.6106
49.13580 8486.63 92.1229
49.13830 8537.01 92.396
49.14080 8582.09 92.6396
49.14330 8622.44 92.8571
49.14580 8648.89 92.9994
49.14830 8678.13 93.1565
49.15080 8710.4 93.3295
49.15330 8724.83 93.4068
49.15580 8718.3 93.3718
49.15830 8690.9 93.225
49.16080 8654.33 93.0287
49.16330 8600.78 92.7404
49.16580 8530.76 92.3621
49.16830 8451.15 91.9302
49.17080 8371.46 91.4957
49.17330 8292.78 91.0647
49.17580 8263.11 90.9017
49.17830 8207.94 90.5977
49.18080 8130.08 90.1669
49.18330 8060.56 89.7806
49.18580 8015.13 89.5273
49.18830 7990.35 89.3888
49.19080 7956.84 89.2011
49.19330 7937.32 89.0917
49.19580 7930.64 89.0542
49.19830 7944.86 89.1339
49.20080 7933.43 89.0698
49.20330 7904.63 88.908
49.20580 7936.53 89.0872
49.20830 7958.74 89.2118
49.21080 7974.25 89.2987
49.21330 8003.71 89.4634
49.21580 8015.51 89.5294
49.21830 8012.36 89.5118
49.22080 7990.04 89.387
49.22330 7970.47 89.2775
49.22580 7953.41 89.1819
49.22830 7942.21 89.1191
49.23080 7938.4 89.0977
49.23330 7935.93 89.0839
49.23580 7892.74 88.8411
49.23830 7840.08 88.5442
49.24080 7782.12 88.2163
49.24330 7735.54 87.9519
49.24580 7691.38 87.7005
49.24830 7645.06 87.436
49.25080 7566.41 86.9851
49.25330 7504.79 86.6302
49.25580 7456.67 86.352
49.25830 7428.61 86.1894
49.26080 7407.99 86.0697
49.26330 7391.03 85.9711
49.26580 7366.97 85.8311
49.26830 7341.47 85.6824
49.27080 7315.45 85.5304
49.27330 7291.76 85.3918
49.27580 7278.35 85.3132
49.27830 7272.81 85.2808
49.28080 7279.33 85.319
49.28330 7262.84 85.2223
49.28580 7234.87 85.058
49.28830 7215.07 84.9416
49.29080 7186.83 84.7752
49.29330 7162.65 84.6325
49.29580 7185.94 84.7699
49.29830 7202.27 84.8662
49.30080 7216.06 84.9474
49.30330 7235.47 85.0616
49.30580 7237.38 85.0728
49.30830 7233.08 85.0475
49.31080 7241.3 85.0958
49.31330 7231.52 85.0383
49.31580 7213.15 84.9303
49.31830 7195.35 84.8254
49.32080 7188.06 84.7824
49.32330 7188.1 84.7827
49.32580 7198.74 84.8454
49.32830 7222.03 84.9825
49.33080 7245.98 85.1233
49.33330 7249.28 85.1427
49.33580 7241.8 85.0988
49.33830 7236.27 85.0662
49.34080 7256.59 85.1856
49.34330 7251.82 85.1576
49.34580 7240.87 85.0933
49.34830 7245.6 85.1211
49.35080 7252.03 85.1589
49.35330 7258.04 85.1941
49.35580 7260.1 85.2062
49.35830 7259.59 85.2033
49.36080 7259.76 85.2042
49.36330 7265.51 85.238
49.36580 7278.55 85.3144
49.36830 7296.61 85.4202
49.37080 7322.25 85.5702
49.37330 7300.84 85.445
49.37580 7269.88 85.2636
49.37830 7260.51 85.2086
49.38080 7287.95 85.3695
49.38330 7321.41 85.5653
49.38580 7336.06 85.6508
49.38830 7319.76 85.5556
49.39080 7298.61 85.4319
49.39330 7291.94 85.3929
49.39580 7287.05 85.3642
49.39830 7292.73 85.3975
49.40080 7325.66 85.5901
49.40330 7317.45 85.5421
49.40580 7305.26 85.4708
49.40830 7314.19 85.523
49.41080 7323.48 85.5774
49.41330 7326.43 85.5946
49.41580 7313.2 85.5173
49.41830 7300.99 85.4458
49.42080 7292.04 85.3935
49.42330 7290.34 85.3835
49.42580 7295.39 85.4131
49.42830 7295.21 85.412
49.43080 7278.94 85.3167
49.43330 7247.74 85.1336
49.43580 7222.57 84.9857
49.43830 7218.86 84.9639
49.44080 7222.54 84.9855
49.44330 7233.77 85.0515
49.44580 7257.57 85.1914
49.44830 7256.5 85.1851
49.45080 7242.39 85.1022
49.45330 7212.42 84.926
49.45580 7211.01 84.9177
49.45830 7213.26 84.9309
49.46080 7211.23 84.9189
49.46330 7247.93 85.1348
49.46580 7272.91 85.2814
49.46830 7261.18 85.2126
49.47080 7246.65 85.1273
49.47330 7251.91 85.1582
49.47580 7294.65 85.4087
49.47830 7285.22 85.3535
49.48080 7272.14 85.2769
49.48330 7268.29 85.2542
49.48580 7281.96 85.3344
49.48830 7287.92 85.3693
49.49080 7275.86 85.2986
49.49330 7295.66 85.4146
49.49580 7300.7 85.4441
49.49830 7273.44 85.2845
49.50080 7262.55 85.2206
49.50330 7263.65 85.2271
49.50580 7280.41 85.3253
49.50830 7257.84 85.1929
49.51080 7242.89 85.1052
49.51330 7247.42 85.1318
49.51580 7245.52 85.1206
49.51830 7243.05 85.1061
49.52080 7240.86 85.0933
49.52330 7231.34 85.0373
49.52580 7221.4 84.9788
49.52830 7211.97 84.9233
49.53080 7220.3 84.9723
49.53330 7214.13 84.936
49.53580 7185.33 84.7663
49.53830 7172.92 84.6931
49.54080 7161.6 84.6263
49.54330 7149.88 84.557
49.54580 7165.18 84.6474
49.54830 7169.98 84.6757
49.55080 7158.37 84.6072
49.55330 7184.16 84.7594
49.55580 7197.87 84.8403
49.55830 7193.17 84.8126
49.56080 7206.82 84.893
49.56330 7201.1 84.8593
49.56580 7170.39 84.6781
49.56830 7157.65 84.6029
49.57080 7143.51 84.5193
49.57330 7126.69 84.4197
49.57580 7146.9 84.5394
49.57830 7171.82 84.6866
49.58080 7200.46 84.8555
49.58330 7194.56 84.8208
49.58580 7178.79 84.7277
49.58830 7153.23 84.5767
49.59080 7150.6 84.5612
49.59330 7142.24 84.5118
49.59580 7127.21 84.4228
49.59830 7153.47 84.5782
49.60080 7164.8 84.6452
49.60330 7160.1 84.6174
49.60580 7137.12 84.4815
49.60830 7138.44 84.4893
49.61080 7164.05 84.6407
49.61330 7145.64 84.5319
49.61580 7119.05 84.3745
49.61830 7084.87 84.1716
49.62080 7081.13 84.1495
49.62330 7067.95 84.0711
49.62580 7046.66 83.9444
49.62830 7063.83 84.0466
49.63080 7079.99 84.1427
49.63330 7095.06 84.2322
49.63580 7103.64 84.2831
49.63830 7109.09 84.3154
49.64080 7110.13 84.3216
49.64330 7067.24 84.0669
49.64580 7045.53 83.9376
49.64830 7042.9 83.922
49.65080 7063.57 84.045
49.65330 7080.06 84.1431
49.65580 7092.39 84.2163
49.65830 7091.84 84.2131
49.66080 7094.25 84.2274
49.66330 7099.04 84.2558
49.66580 7104 84.2852
49.66830 7121.7 84.3901
49.67080 7145.96 84.5338
49.67330 7126.86 84.4207
49.67580 7129.28 84.4351
49.67830 7146.21 84.5352
49.68080 7145.23 84.5295
49.68330 7143.17 84.5173
49.68580 7137.53 84.4839
49.68830 7102.16 84.2743
49.69080 7084.33 84.1684
49.69330 7080.27 84.1444
49.69580 7091.56 84.2114
49.69830 7092.4 84.2164
49.70080 7084.88 84.1717
49.70330 7065.69 84.0576
49.70580 7054.3 83.9899
49.70830 7047.57 83.9498
49.71080 7037.62 83.8905
49.71330 7031.71 83.8553
49.71580 7025.18 83.8164
49.71830 6995.12 83.6368
49.72080 6980.34 83.5484
49.72330 6978.88 83.5397
49.72580 7005.46 83.6986
49.72830 6996.06 83.6424
49.73080 6973.13 83.5052
49.73330 6998.33 83.656
49.73580 7010.5 83.7287
49.73830 7011.66 83.7356
49.74080 6990.98 83.6121
49.74330 6997.49 83.651
49.74580 7013.01 83.7437
49.74830 6996.12 83.6428
49.75080 6983.32 83.5663
49.75330 6975.59 83.52
49.75580 6983.25 83.5659
49.75830 6981.27 83.554
49.76080 6977.98 83.5343
49.76330 6992.46 83.6209
49.76580 6984.25 83.5718
49.76830 6970.81 83.4914
49.77080 6984.66 83.5743
49.77330 6970.49 83.4895
49.77580 6951.32 83.3746
49.77830 6968.23 83.4759
49.78080 6991.03 83.6124
49.78330 7008.13 83.7146
49.78580 6990.13 83.607
49.78830 6975.84 83.5215
49.79080 6965.18 83.4577
49.79330 6962.58 83.4421
49.79580 6949.62 83.3644
49.79830 6940.99 83.3126
49.80080 6965.09 83.4571
49.80330 6995.54 83.6393
49.80580 7020.4 83.7878
49.80830 7015.95 83.7613
49.81080 7014.96 83.7553
49.81330 7011.09 83.7323
49.81580 6992.82 83.6231
49.81830 6978.7 83.5386
49.82080 6974.17 83.5115
49.82330 6995.99 83.642
49.82580 7031.42 83.8536
49.82830 7064.18 84.0487
49.83080 7073.43 84.1037
49.83330 7069.61 84.081
49.83580 7059.97 84.0237
49.83830 7046.2 83.9416
49.84080 7048.9 83.9577
49.84330 7059.25 84.0193
49.84580 7076.12 84.1197
49.84830 7096.22 84.2391
49.85080 7114.92 84.35
49.85330 7127.01 84.4216
49.85580 7116.12 84.3571
49.85830 7111.83 84.3316
49.86080 7142.93 84.5159
49.86330 7140.67 84.5025
49.86580 7142.48 84.5132
49.86830 7178.56 84.7264
49.87080 7167.9 84.6634
49.87330 7150.03 84.5578
49.87580 7145.33 84.5301
49.87830 7160.73 84.6211
49.88080 7184.4 84.7608
49.88330 7215.29 84.9429
49.88580 7223.02 84.9883
49.88830 7227.11 85.0124
49.89080 7235.75 85.0632
49.89330 7240.07 85.0886
49.89580 7245.38 85.1198
49.89830 7255.05 85.1766
49.90080 7289.47 85.3784
49.90330 7325.87 85.5913
49.90580 7355.06 85.7616
49.90830 7397.65 86.0096
49.91080 7437.9 86.2433
49.91330 7467.86 86.4168
49.91580 7490.62 86.5484
49.91830 7516.61 86.6984
49.92080 7551.56 86.8997
49.92330 7594.56 87.1468
49.92580 7632.75 87.3656
49.92830 7659.24 87.5171
49.93080 7658.98 87.5156
49.93330 7651.93 87.4753
49.93580 7640.97 87.4126
49.93830 7628.17 87.3394
49.94080 7611.36 87.2431
49.94330 7588.09 87.1096
49.94580 7557.16 86.9319
49.94830 7539.6 86.8309
49.95080 7546.38 86.8699
49.95330 7514.83 86.6881
49.95580 7477.77 86.4741
49.95830 7440.45 86.258
49.96080 7386.8 85.9465
49.96330 7349.64 85.7301
49.96580 7341.54 85.6828
49.96830 7304.39 85.4657
49.97080 7267.59 85.2502
49.97330 7236.49 85.0676
49.97580 7218.18 84.9599
49.97830 7193.37 84.8137
49.98080 7157.08 84.5995
49.98330 7142.55 84.5136
49.98580 7121.16 84.387
49.98830 7087.09 84.1848
49.99080 7065.74 84.058
49.99330 7051.76 83.9747
49.99580 7046.26 83.942
49.99830 7016.84 83.7666
50.00080 6996.3 83.6439
50.00330 6989.94 83.6059
50.00580 6982.94 83.564
50.00830 6979.54 83.5436
50.01080 6980.8 83.5512
50.01330 6948.08 83.3551
50.01580 6930.85 83.2517
50.01830 6935.23 83.2781
50.02080 6911.42 83.135
50.02330 6904.04 83.0906
50.02580 6917.97 83.1743
50.02830 6921.09 83.1931
50.03080 6934.29 83.2724
50.03330 6959.64 83.4244
50.03580 6950.13 83.3674
50.03830 6936.49 83.2856
50.04080 6919.5 83.1836
50.04330 6936.63 83.2864
50.04580 6939.17 83.3017
50.04830 6925.07 83.217
50.05080 6937.07 83.2891
50.05330 6951.37 83.3749
50.05580 6967.66 83.4725
50.05830 6961.37 83.4348
50.06080 6950.1 83.3673
50.06330 6933.98 83.2705
50.06580 6939.7 83.3048
50.06830 6934.44 83.2733
50.07080 6918.64 83.1784
50.07330 6921.81 83.1974
50.07580 6951.35 83.3748
50.07830 7005.28 83.6976
50.08080 7027.26 83.8287
50.08330 7034.04 83.8692
50.08580 7026.98 83.8271
50.08830 7023.41 83.8058
50.09080 7042.95 83.9223
50.09330 7081.64 84.1525
50.09580 7081.99 84.1546
50.09830 7085.34 84.1745
50.10080 7090.22 84.2035
50.10330 7071.5 84.0922
50.10580 7073.25 84.1026
50.10830 7091.51 84.2111
50.11080 7100.75 84.2659
50.11330 7106.52 84.3002
50.11580 7109.28 84.3165
50.11830 7108.2 84.3101
50.12080 7078.12 84.1315
50.12330 7028.16 83.8341
50.12580 7014.86 83.7548
50.12830 7023.84 83.8083
50.13080 7046.87 83.9457
50.13330 7037.47 83.8896
50.13580 7013.53 83.7468
50.13830 6981.41 83.5548
50.14080 6975.19 83.5176
50.14330 6960.19 83.4278
50.14580 6939.74 83.3051
50.14830 6926.2 83.2238
50.15080 6911.45 83.1351
50.15330 6897.43 83.0507
50.15580 6897.25 83.0497
50.15830 6897.27 83.0498
50.16080 6899.58 83.0637
50.16330 6919.78 83.1852
50.16580 6920.69 83.1907
50.16830 6906.81 83.1072
50.17080 6873.28 82.9053
50.17330 6873.01 82.9036
50.17580 6891.44 83.0147
50.17830 6898.41 83.0566
50.18080 6888.67 82.998
50.18330 6873.65 82.9075
50.18580 6888.43 82.9965
50.18830 6905.22 83.0977
50.19080 6923.64 83.2084
50.19330 6944.93 83.3362
50.19580 6932.12 83.2593
50.19830 6907.42 83.1109
50.20080 6921.77 83.1972
50.20330 6924.29 83.2123
50.20580 6919.7 83.1848
50.20830 6910.72 83.1307
50.21080 6915.45 83.1592
50.21330 6935.75 83.2812
50.21580 6999.04 83.6602
50.21830 7009.45 83.7225
50.22080 6995.81 83.641
50.22330 6991.64 83.616
50.22580 7011.24 83.7331
50.22830 7041.37 83.9129
50.23080 7068.13 84.0722
50.23330 7098.31 84.2515
50.23580 7118.88 84.3734
50.23830 7091.97 84.2138
50.24080 7115.16 84.3514
50.24330 7153.21 84.5767
50.24580 7162.4 84.631
50.24830 7180.14 84.7357
50.25080 7202.8 84.8693
50.25330 7230.45 85.032
50.25580 7241.78 85.0987
50.25830 7248.14 85.136
50.26080 7260.51 85.2086
50.26330 7268.45 85.2552
50.26580 7273.06 85.2823
50.26830 7272.11 85.2767
50.27080 7279.66 85.3209
50.27330 7294.28 85.4066
50.27580 7321.86 85.5679
50.27830 7336.79 85.6551
50.28080 7349.02 85.7264
50.28330 7367.11 85.8319
50.28580 7374.46 85.8747
50.28830 7374.67 85.8759
50.29080 7364.43 85.8163
50.29330 7381.02 85.9128
50.29580 7401.52 86.0321
50.29830 7407.75 86.0683
50.30080 7425.4 86.1708
50.30330 7440.47 86.2581
50.30580 7438.36 86.2459
50.30830 7454.44 86.3391
50.31080 7474.82 86.457
50.31330 7492.09 86.5569
50.31580 7485.53 86.519
50.31830 7462.66 86.3867
50.32080 7415.56 86.1137
50.32330 7423.82 86.1616
50.32580 7443.17 86.2738
50.32830 7452.56 86.3282
50.33080 7429.82 86.1964
50.33330 7401.79 86.0337
50.33580 7381.04 85.913
50.33830 7370.55 85.8519
50.34080 7365.19 85.8207
50.34330 7365.73 85.8238
50.34580 7327.56 85.6012
50.34830 7292.28 85.3949
50.35080 7283.19 85.3416
50.35330 7255.13 85.1771
50.35580 7222.6 84.9859
50.35830 7189.56 84.7912
50.36080 7188.46 84.7848
50.36330 7183.14 84.7534
50.36580 7155.68 84.5913
50.36830 7134.16 84.4639
50.37080 7115.44 84.3531
50.37330 7099.9 84.2609
50.37580 7073.58 84.1046
50.37830 7064.7 84.0518
50.38080 7092.42 84.2165
50.38330 7090.19 84.2033
50.38580 7089.49 84.1991
50.38830 7101.11 84.2681
50.39080 7112.26 84.3342
50.39330 7108.18 84.31
50.39580 7077.56 84.1282
50.39830 7063.19 84.0428
50.40080 7062.84 84.0407
50.40330 7081.97 84.1544
50.40580 7093.98 84.2258
50.40830 7101.77 84.272
50.41080 7104.31 84.2871
50.41330 7107.76 84.3075
50.41580 7114.42 84.347
50.41830 7125.97 84.4155
50.42080 7131.2 84.4465
50.42330 7142.82 84.5152
50.42580 7165.33 84.6483
50.42830 7160.41 84.6192
50.43080 7151.76 84.5681
50.43330 7142.09 84.5109
50.43580 7163.04 84.6347
50.43830 7177.46 84.7199
50.44080 7178.22 84.7244
50.44330 7178.55 84.7263
50.44580 7181.95 84.7464
50.44830 7189.63 84.7917
50.45080 7172.08 84.6881
50.45330 7158.68 84.609
50.45580 7153.53 84.5785
50.45830 7175.61 84.709
50.46080 7180.74 84.7393
50.46330 7161.57 84.6261
50.46580 7183.72 84.7568
50.46830 7181.67 84.7447
50.47080 7146.33 84.536
50.47330 7153.11 84.576
50.47580 7159.74 84.6152
50.47830 7163.51 84.6375
50.48080 7180.54 84.7381
50.48330 7196.25 84.8307
50.48580 7209.75 84.9102
50.48830 7165.55 84.6496
50.49080 7145.38 84.5304
50.49330 7154.53 84.5845
50.49580 7147.83 84.5448
50.49830 7134.62 84.4667
50.50080 7114.78 84.3492
50.50330 7110.94 84.3264
50.50580 7102.99 84.2792
50.50830 7090.41 84.2046
50.51080 7081.02 84.1488
50.51330 7074.56 84.1104
50.51580 7071.05 84.0896
50.51830 7063.25 84.0432
50.52080 7038.92 83.8983
50.52330 6998.65 83.658
50.52580 7009.25 83.7213
50.52830 7021.87 83.7966
50.53080 7035.92 83.8804
50.53330 7018.71 83.7778
50.53580 7003.32 83.6858
50.53830 6989.39 83.6026
50.54080 6966.76 83.4671
50.54330 6947.27 83.3503
50.54580 6931.45 83.2553
50.54830 6941.57 83.3161
50.55080 6953.97 83.3904
50.55330 6966 83.4626
50.55580 6922.53 83.2017
50.55830 6914.89 83.1558
50.56080 6935.5 83.2796
50.56330 6921.69 83.1967
50.56580 6904.87 83.0955
50.56830 6884.87 82.9751
50.57080 6852.53 82.78
50.57330 6839.96 82.7041
50.57580 6844.13 82.7292
50.57830 6866.12 82.8621
50.58080 6865.49 82.8582
50.58330 6848.23 82.754
50.58580 6837.4 82.6885
50.58830 6827.24 82.6271
50.59080 6819.13 82.578
50.59330 6828.65 82.6357
50.59580 6821.86 82.5946
50.59830 6805.51 82.4955
50.60080 6809.39 82.519
50.60330 6809.27 82.5183
50.60580 6806.42 82.501
50.60830 6803.79 82.4851
50.61080 6798.58 82.4535
50.61330 6793.06 82.4201
50.61580 6799.33 82.458
50.61830 6795.35 82.4339
50.62080 6784.22 82.3664
50.62330 6768.24 82.2693
50.62580 6749.41 82.1548
50.62830 6732.97 82.0547
50.63080 6746.22 82.1354
50.63330 6759.11 82.2138
50.63580 6770.35 82.2821
50.63830 6771.98 82.2921
50.64080 6771.28 82.2878
50.64330 6763.57 82.2409
50.64580 6720.73 81.9801
50.64830 6731.17 82.0437
50.65080 6766.07 82.2561
50.65330 6771.41 82.2886
50.65580 6759.27 82.2148
50.65830 6744.27 82.1235
50.66080 6764.54 82.2468
50.66330 6770.15 82.2809
50.66580 6770.47 82.2828
50.66830 6782.45 82.3556
50.67080 6781.39 82.3492
50.67330 6779.41 82.3372
50.67580 6804.24 82.4878
50.67830 6803.9 82.4857
50.68080 6791.35 82.4096
50.68330 6778.13 82.3294
50.68580 6783.21 82.3602
50.68830 6791.15 82.4084
50.69080 6775.08 82.3109
50.69330 6772.23 82.2936
50.69580 6778.69 82.3328
50.69830 6799.21 82.4573
50.70080 6796.6 82.4415
50.70330 6786.94 82.3829
50.70580 6788.17 82.3904
50.70830 6801.33 82.4702
50.71080 6820.55 82.5866
50.71330 6844.09 82.729
50.71580 6875.83 82.9206
50.71830 6901.86 83.0774
50.72080 6896.42 83.0447
50.72330 6918.49 83.1775
50.72580 6948.27 83.3563
50.72830 6968.95 83.4802
50.73080 7001.54 83.6752
50.73330 7038.75 83.8973
50.73580 7076.93 84.1245
50.73830 7074.22 84.1084
50.74080 7074.45 84.1098
50.74330 7127.37 84.4237
50.74580 7162.64 84.6324
50.74830 7182.87 84.7518
50.75080 7176.23 84.7126
50.75330 7202.64 84.8684
50.75580 7231.97 85.041
50.75830 7239.87 85.0874
50.76080 7252.2 85.1599
50.76330 7266.42 85.2433
50.76580 7282.11 85.3353
50.76830 7312.28 85.5119
50.77080 7331.56 85.6246
50.77330 7311.79 85.509
50.77580 7320.6 85.5605
50.77830 7334.79 85.6434
50.78080 7342.68 85.6894
50.78330 7364.13 85.8145
50.78580 7383.02 85.9245
50.78830 7387.26 85.9491
50.79080 7383.63 85.9281
50.79330 7370.4 85.8511
50.79580 7339.67 85.6719
50.79830 7337.95 85.6618
50.80080 7360.38 85.7927
50.80330 7420.88 86.1445
50.80580 7423.22 86.1581
50.80830 7416.07 86.1166
50.81080 7416.62 86.1198
50.81330 7383.93 85.9298
50.81580 7370.48 85.8515
50.81830 7410.93 86.0867
50.82080 7384.3 85.932
50.82330 7362.35 85.8042
50.82580 7376.23 85.885
50.82830 7385.32 85.9379
50.83080 7388.41 85.9559
50.83330 7381.85 85.9177
50.83580 7381.19 85.9139
50.83830 7388.86 85.9585
50.84080 7409.88 86.0807
50.84330 7417.71 86.1261
50.84580 7419.41 86.136
50.84830 7414.18 86.1056
50.85080 7407 86.0639
50.85330 7407.62 86.0675
50.85580 7422.09 86.1515
50.85830 7433.16 86.2158
50.86080 7438.93 86.2492
50.86330 7436.75 86.2366
50.86580 7401.98 86.0347
50.86830 7378.48 85.8981
50.87080 7379.88 85.9062
50.87330 7383.66 85.9282
50.87580 7386.82 85.9466
50.87830 7388.57 85.9568
50.88080 7404.38 86.0487
50.88330 7416.93 86.1216
50.88580 7422.28 86.1527
50.88830 7424.56 86.1659
50.89080 7417.65 86.1258
50.89330 7398.01 86.0117
50.89580 7392.98 85.9825
50.89830 7399.8 86.0221
50.90080 7421.15 86.1461
50.90330 7418.65 86.1316
50.90580 7405.45 86.0549
50.90830 7380.58 85.9103
50.91080 7394.7 85.9925
50.91330 7395.19 85.9953
50.91580 7374.24 85.8734
50.91830 7360.1 85.791
50.92080 7353.44 85.7522
50.92330 7355.61 85.7649
50.92580 7345.47 85.7057
50.92830 7336.25 85.6519
50.93080 7328.98 85.6095
50.93330 7319.28 85.5528
50.93580 7311.44 85.5069
50.93830 7305.91 85.4746
50.94080 7271.25 85.2716
50.94330 7234.5 85.0559
50.94580 7196.6 84.8328
50.94830 7185.78 84.769
50.95080 7176.08 84.7117
50.95330 7166.75 84.6567
50.95580 7159.33 84.6128
50.95830 7140.02 84.4987
50.96080 7108.03 84.3092
50.96330 7121.82 84.3909
50.96580 7120.21 84.3813
50.96830 7102.2 84.2746
50.97080 7066.94 84.0651
50.97330 7048.72 83.9567
50.97580 7047.6 83.95
50.97830 7059 84.0179
50.98080 7065.1 84.0541
50.98330 7065.89 84.0588
50.98580 7053.35 83.9842
50.98830 7029.36 83.8413
50.99080 6995.65 83.64
50.99330 7005.74 83.7003
50.99580 6997.34 83.6501
50.99830 6972.96 83.5043
51.00080 6970.41 83.489
51.00330 6972.37 83.5007
51.00580 6977.77 83.533
51.00830 6970.54 83.4898
51.01080 6965.8 83.4614
51.01330 6962.49 83.4416
51.01580 6945.52 83.3398
51.01830 6943.94 83.3303
51.02080 6953.28 83.3863
51.02330 6933.63 83.2684
51.02580 6941.98 83.3185
51.02830 6971.77 83.4972
51.03080 6991.56 83.6155
51.03330 6999.51 83.6631
51.03580 6998.96 83.6598
51.03830 7005.51 83.6989
51.04080 6999.41 83.6625
51.04330 6984.56 83.5737
51.04580 6976.32 83.5243
51.04830 6978.12 83.5351
51.05080 6987.25 83.5898
51.05330 6997.98 83.6539
51.05580 6998.96 83.6598
51.05830 6994.11 83.6308
51.06080 6997.66 83.652
51.06330 6971.09 83.4931
51.06580 6929.14 83.2415
51.06830 6927.83 83.2336
51.07080 6921.55 83.1959
51.07330 6914.39 83.1528
51.07580 6925.6 83.2202
51.07830 6926.22 83.2239
51.08080 6921.24 83.194
51.08330 6923.38 83.2069
51.08580 6908.49 83.1173
51.08830 6890.49 83.009
51.09080 6920.79 83.1913
51.09330 6917.08 83.169
51.09580 6896.72 83.0465
51.09830 6895.76 83.0407
51.10080 6879.92 82.9453
51.10330 6857.59 82.8105
51.10580 6846.06 82.7409
51.10830 6853.17 82.7839
51.11080 6869.29 82.8812
51.11330 6879.5 82.9428
51.11580 6866.91 82.8668
51.11830 6845.26 82.7361
51.12080 6838.3 82.694
51.12330 6822.89 82.6008
51.12580 6808.35 82.5127
51.12830 6818.69 82.5754
51.13080 6830.86 82.649
51.13330 6841.22 82.7116
51.13580 6839.16 82.6992
51.13830 6830.32 82.6458
51.14080 6817.09 82.5656
51.14330 6798.4 82.4524
51.14580 6788.78 82.3941
51.14830 6783.68 82.3631
51.15080 6780.48 82.3436
51.15330 6780.76 82.3453
51.15580 6779.55 82.338
51.15830 6766.61 82.2594
51.16080 6757.35 82.2031
51.16330 6751.24 82.1659
51.16580 6751.13 82.1653
51.16830 6752.63 82.1744
51.17080 6753.2 82.1779
51.17330 6748.21 82.1475
51.17580 6733.62 82.0586
51.17830 6723.19 81.995
51.18080 6739.32 82.0934
51.18330 6735.6 82.0707
51.18580 6733.44 82.0576
51.18830 6760.04 82.2195
51.19080 6753.53 82.1798
51.19330 6738.41 82.0878
51.19580 6732.74 82.0533
51.19830 6721.52 81.9849
51.20080 6705.75 81.8886
51.20330 6682.01 81.7435
51.20580 6688.43 81.7828
51.20830 6699.12 81.8482
51.21080 6694.28 81.8186
51.21330 6701.05 81.8599
51.21580 6700.27 81.8552
51.21830 6669.15 81.6649
51.22080 6652.39 81.5622
51.22330 6645.21 81.5182
51.22580 6652.04 81.56
51.22830 6650.51 81.5507
51.23080 6648.8 81.5402
51.23330 6652.5 81.5629
51.23580 6656.28 81.586
51.23830 6655.62 81.582
51.24080 6644.21 81.512
51.24330 6644.96 81.5166
51.24580 6645.16 81.5178
51.24830 6636.92 81.4673
51.25080 6632.1 81.4377
51.25330 6631.77 81.4357
51.25580 6639.66 81.4841
51.25830 6636.98 81.4677
51.26080 6638.27 81.4756
51.26330 6653.27 81.5675
51.26580 6638.36 81.4761
51.26830 6622.83 81.3808
51.27080 6619.38 81.3596
51.27330 6603.57 81.2623
51.27580 6595.91 81.2152
51.27830 6609.52 81.299
51.28080 6622.35 81.3778
51.28330 6627.57 81.4099
51.28580 6618.47 81.354
51.28830 6609.36 81.298
51.29080 6592.88 81.1965
51.29330 6562.78 81.011
51.29580 6560.27 80.9955
51.29830 6561.39 81.0024
51.30080 6560.65 80.9979
51.30330 6570.53 81.0588
51.30580 6579.58 81.1146
51.30830 6584.3 81.1437
51.31080 6595.43 81.2123
51.31330 6597.82 81.227
51.31580 6584.11 81.1425
51.31830 6583.59 81.1393
51.32080 6581.64 81.1273
51.32330 6574.51 81.0833
51.32580 6574 81.0802
51.32830 6581.43 81.126
51.33080 6599.85 81.2395
51.33330 6583.36 81.1379
51.33580 6569.31 81.0513
51.33830 6565 81.0247
51.34080 6571.84 81.0669
51.34330 6573.93 81.0798
51.34580 6567.41 81.0396
51.34830 6587.35 81.1625
51.35080 6592.99 81.1972
51.35330 6575.04 81.0866
51.35580 6571.99 81.0678
51.35830 6572.31 81.0698
51.36080 6575.43 81.089
51.36330 6563.38 81.0147
51.36580 6550.66 80.9362
51.36830 6538.6 80.8616
51.37080 6534.98 80.8392
51.37330 6533.5 80.8301
51.37580 6534.01 80.8332
51.37830 6538.85 80.8632
51.38080 6545.45 80.9039
51.38330 6553.87 80.956
51.38580 6541.82 80.8815
51.38830 6520.64 80.7505
51.39080 6489.81 80.5594
51.39330 6478.85 80.4913
51.39580 6486.71 80.5401
51.39830 6515.23 80.717
51.40080 6514.11 80.71
51.40330 6510.36 80.6868
51.40580 6504.71 80.6518
51.40830 6497.95 80.6099
51.41080 6491.39 80.5691
51.41330 6485.04 80.5298
51.41580 6502.07 80.6354
51.41830 6511.56 80.6943
51.42080 6512.9 80.7025
51.42330 6515.68 80.7198
51.42580 6513.2 80.7044
51.42830 6505.43 80.6562
51.43080 6503.96 80.6472
51.43330 6491.99 80.5729
51.43580 6470.23 80.4377
51.43830 6486.22 80.5371
51.44080 6501.73 80.6333
51.44330 6516.24 80.7232
51.44580 6503.69 80.6455
51.44830 6506.69 80.664
51.45080 6523.04 80.7653
51.45330 6512.18 80.6981
51.45580 6510.86 80.6899
51.45830 6517.17 80.729
51.46080 6503.16 80.6422
51.46330 6508.35 80.6743
51.46580 6528.02 80.7962
51.46830 6507.55 80.6694
51.47080 6505.85 80.6589
51.47330 6519.37 80.7426
51.47580 6528.2 80.7973
51.47830 6545.46 80.904
51.48080 6568.16 81.0442
51.48330 6571.28 81.0634
51.48580 6559.16 80.9886
51.48830 6539.56 80.8676
51.49080 6577.74 81.1033
51.49330 6606.1 81.2779
51.49580 6626.53 81.4035
51.49830 6639.43 81.4827
51.50080 6643.24 81.5061
51.50330 6638.64 81.4779
51.50580 6614.12 81.3273
51.50830 6608.22 81.291
51.51080 6619.32 81.3592
51.51330 6669.44 81.6666
51.51580 6697.24 81.8367
51.51830 6707.73 81.9007
51.52080 6698.07 81.8418
51.52330 6714.77 81.9437
51.52580 6747.37 82.1424
51.52830 6769.89 82.2793
51.53080 6780.72 82.3451
51.53330 6785.77 82.3758
51.53580 6802.44 82.4769
51.53830 6810.68 82.5268
51.54080 6815.4 82.5555
51.54330 6831.3 82.6517
51.54580 6836.78 82.6848
51.54830 6843.43 82.725
51.55080 6896.9 83.0476
51.55330 6932.09 83.2592
51.55580 6957.28 83.4103
51.55830 6984.48 83.5732
51.56080 6991.4 83.6146
51.56330 6992.22 83.6195
51.56580 7020.82 83.7904
51.56830 7023.92 83.8088
51.57080 7016.38 83.7638
51.57330 7023.49 83.8063
51.57580 7050.6 83.9679
51.57830 7084.15 84.1674
51.58080 7099.31 84.2574
51.58330 7102.57 84.2767
51.58580 7097.04 84.2439
51.58830 7077.63 84.1286
51.59080 7075.75 84.1175
51.59330 7075.27 84.1146
51.59580 7044.38 83.9308
51.59830 7042.65 83.9205
51.60080 7047.09 83.9469
51.60330 7021.94 83.797
51.60580 7030.52 83.8482
51.60830 7052.75 83.9807
51.61080 7070.81 84.0881
51.61330 7065.46 84.0563
51.61580 7048.27 83.954
51.61830 7023.37 83.8056
51.62080 6993.61 83.6278
51.62330 6972.44 83.5011
51.62580 6989.37 83.6025
51.62830 7016.25 83.763
51.63080 7037.35 83.8889
51.63330 7025.38 83.8176
51.63580 7006.28 83.7035
51.63830 6991.89 83.6175
51.64080 7001.71 83.6762
51.64330 6985.42 83.5788
51.64580 6972.29 83.5003
51.64830 6998.2 83.6553
51.65080 7016.08 83.762
51.65330 7021.34 83.7934
51.65580 6996.94 83.6477
51.65830 6984.46 83.5731
51.66080 6972.96 83.5043
51.66330 6953.09 83.3852
51.66580 6936.32 83.2846
51.66830 6923.51 83.2076
51.67080 6918.94 83.1802
51.67330 6912.5 83.1415
51.67580 6901.98 83.0782
51.67830 6882.16 82.9588
51.68080 6848.5 82.7557
51.68330 6817.07 82.5655
51.68580 6801.28 82.4699
51.68830 6795.58 82.4353
51.69080 6800.13 82.4629
51.69330 6822.97 82.6013
51.69580 6818.95 82.5769
51.69830 6812.75 82.5394
51.70080 6817.68 82.5693
51.70330 6787.72 82.3876
51.70580 6761.73 82.2297
51.70830 6763.91 82.243
51.71080 6757.2 82.2022
51.71330 6752.57 82.174
51.71580 6756.9 82.2004
51.71830 6736.2 82.0744
51.72080 6717.6 81.961
51.72330 6714.86 81.9443
51.72580 6714.41 81.9415
51.72830 6708.49 81.9053
51.73080 6690.59 81.796
51.73330 6702.33 81.8678
51.73580 6709.55 81.9118
51.73830 6696.76 81.8337
51.74080 6687.61 81.7778
51.74330 6684.04 81.756
51.74580 6689.63 81.7901
51.74830 6670.67 81.6742
51.75080 6650.6 81.5512
51.75330 6636.16 81.4626
51.75580 6641.66 81.4964
51.75830 6635.97 81.4615
51.76080 6605.23 81.2726
51.76330 6620.42 81.366
51.76580 6622.89 81.3811
51.76830 6592.4 81.1936
51.77080 6606.23 81.2787
51.77330 6616.16 81.3398
51.77580 6609.72 81.3002
51.77830 6627.24 81.4079
51.78080 6645.73 81.5213
51.78330 6660.86 81.6141
51.78580 6642.21 81.4997
51.78830 6618.5 81.3541
51.79080 6593.19 81.1985
51.79330 6581.45 81.1261
51.79580 6565.4 81.0272
51.79830 6540.92 80.8759
51.80080 6579.15 81.1119
51.80330 6613.54 81.3237
51.80580 6633.8 81.4481
51.80830 6638.63 81.4778
51.81080 6627.74 81.411
51.81330 6597.28 81.2236
51.81580 6602.28 81.2544
51.81830 6601.57 81.25
51.82080 6589.62 81.1765
51.82330 6589.23 81.1741
51.82580 6595.78 81.2144
51.82830 6610.16 81.3029
51.83080 6621.71 81.3739
51.83330 6616.66 81.3429
51.83580 6591.32 81.187
51.83830 6587.3 81.1622
51.84080 6589.5 81.1757
51.84330 6597.84 81.2271
51.84580 6583.52 81.1389
51.84830 6574.99 81.0863
51.85080 6574.27 81.0818
51.85330 6557.02 80.9754
51.85580 6560.62 80.9977
51.85830 6588.16 81.1675
51.86080 6605.76 81.2758
51.86330 6604.03 81.2652
51.86580 6581.65 81.1274
51.86830 6566.72 81.0353
51.87080 6553.1 80.9512
51.87330 6540.73 80.8748
51.87580 6528.95 80.8019
51.87830 6523.74 80.7696
51.88080 6525.18 80.7786
51.88330 6529.12 80.803
51.88580 6532.2 80.822
51.88830 6534.47 80.836
51.89080 6542.21 80.8839
51.89330 6534.76 80.8378
51.89580 6513.58 80.7068
51.89830 6530.7 80.8127
51.90080 6534.44 80.8359
51.90330 6526 80.7837
51.90580 6521.56 80.7562
51.90830 6512.81 80.702
51.91080 6501.25 80.6304
51.91330 6518.26 80.7358
51.91580 6532.16 80.8218
51.91830 6542.42 80.8852
51.92080 6530.8 80.8134
51.92330 6531.4 80.8171
51.92580 6542.07 80.8831
51.92830 6551.27 80.9399
51.93080 6565.52 81.0279
51.93330 6582.91 81.1352
51.93580 6585.6 81.1517
51.93830 6580.41 81.1197
51.94080 6571.07 81.0622
51.94330 6589.37 81.175
51.94580 6595.26 81.2112
51.94830 6593.39 81.1997
51.95080 6610.73 81.3064
51.95330 6624.1 81.3886
51.95580 6635.22 81.4568
51.95830 6653.47 81.5688
51.96080 6662.3 81.6229
51.96330 6665.27 81.6411
51.96580 6675.6 81.7043
51.96830 6702 81.8657
51.97080 6738.23 82.0867
51.97330 6764.62 82.2473
51.97580 6798.52 82.4531
51.97830 6837.49 82.6891
51.98080 6877.8 82.9325
51.98330 6922.04 83.1988
51.98580 6964.6 83.4542
51.98830 6975.48 83.5193
51.99080 7002.46 83.6807
51.99330 7037.49 83.8898
51.99580 7059.66 84.0218
51.99830 7062.92 84.0412
52.00080 7054.49 83.991
52.00330 7042.78 83.9213
52.00580 7057.35 84.008
52.00830 7086.55 84.1816
52.01080 7113.52 84.3417
52.01330 7128.68 84.4315
52.01580 7133.31 84.4589
52.01830 7115.09 84.351
52.02080 7115.58 84.3539
52.02330 7121.79 84.3907
52.02580 7105.44 84.2938
52.02830 7097.92 84.2492
52.03080 7096.26 84.2393
52.03330 7101.32 84.2693
52.03580 7098.58 84.253
52.03830 7083.18 84.1617
52.04080 7025.92 83.8208
52.04330 7001.03 83.6722
52.04580 6990.45 83.6089
52.04830 6974.98 83.5163
52.05080 6962.62 83.4423
52.05330 6955.15 83.3975
52.05580 6962.46 83.4414
52.05830 6949.19 83.3618
52.06080 6926 83.2226
52.06330 6899.36 83.0624
52.06580 6896.51 83.0452
52.06830 6893.83 83.0291
52.07080 6853.11 82.7835
52.07330 6840.17 82.7053
52.07580 6844.08 82.7289
52.07830 6868.24 82.8748
52.08080 6874.12 82.9103
52.08330 6872.85 82.9026
52.08580 6871.6 82.8951
52.08830 6864.57 82.8527
52.09080 6855.85 82.8
52.09330 6848.65 82.7566
52.09580 6848.06 82.753
52.09830 6844.19 82.7296
52.10080 6822.32 82.5973
52.10330 6812.21 82.5361
52.10580 6814.33 82.5489
52.10830 6841.24 82.7118
52.11080 6838.17 82.6932
52.11330 6826.94 82.6253
52.11580 6820.69 82.5875
52.11830 6809.14 82.5175
52.12080 6793.62 82.4234
52.12330 6771.78 82.2909
52.12580 6760.54 82.2225
52.12830 6756.46 82.1977
52.13080 6762.97 82.2373
52.13330 6762.68 82.2355
52.13580 6760.68 82.2234
52.13830 6759.36 82.2153
52.14080 6751.83 82.1695
52.14330 6747.97 82.146
52.14580 6757.3 82.2028
52.14830 6748.36 82.1484
52.15080 6733.65 82.0588
52.15330 6716.56 81.9546
52.15580 6707.59 81.8999
52.15830 6707.89 81.9017
52.16080 6724.68 82.0042
52.16330 6722.33 81.9898
52.16580 6714.39 81.9414
52.16830 6704.11 81.8786
52.17080 6697.35 81.8373
52.17330 6692.95 81.8105
52.17580 6691.87 81.8039
52.17830 6689.65 81.7903
52.18080 6679.09 81.7257
52.18330 6652.08 81.5603
52.18580 6633.5 81.4463
52.18830 6616.49 81.3418
52.19080 6599.31 81.2361
52.19330 6587.69 81.1646
52.19580 6584.32 81.1438
52.19830 6594.53 81.2067
52.20080 6581.21 81.1246
52.20330 6559.22 80.989
52.20580 6528.98 80.8021
52.20830 6543.56 80.8923
52.21080 6552.12 80.9452
52.21330 6537.21 80.853
52.21580 6531.19 80.8158
52.21830 6517.78 80.7327
52.22080 6489.51 80.5575
52.22330 6513.5 80.7062
52.22580 6529.39 80.8047
52.22830 6519.88 80.7458
52.23080 6519.07 80.7408
52.23330 6524.85 80.7765
52.23580 6539.23 80.8655
52.23830 6533.1 80.8276
52.24080 6532.56 80.8242
52.24330 6544.36 80.8972
52.24580 6560.69 80.9981
52.24830 6579.86 81.1163
52.25080 6602.5 81.2558
52.25330 6581.18 81.1245
52.25580 6567.94 81.0428
52.25830 6572.54 81.0712
52.26080 6574.99 81.0863
52.26330 6579.43 81.1137
52.26580 6586.9 81.1597
52.26830 6592.04 81.1914
52.27080 6591.29 81.1868
52.27330 6582.96 81.1354
52.27580 6575.22 81.0877
52.27830 6584.62 81.1457
52.28080 6616.07 81.3392
52.28330 6609.6 81.2994
52.28580 6600.67 81.2445
52.28830 6591.64 81.1889
52.29080 6594.84 81.2086
52.29330 6594.22 81.2048
52.29580 6588.21 81.1678
52.29830 6600.62 81.2442
52.30080 6615.3 81.3345
52.30330 6631.69 81.4352
52.30580 6640.88 81.4916
52.30830 6638.81 81.4789
52.31080 6624.32 81.3899
52.31330 6632.35 81.4392
52.31580 6629.62 81.4225
52.31830 6614.5 81.3296
52.32080 6616.03 81.339
52.32330 6618.46 81.3539
52.32580 6621.54 81.3729
52.32830 6626.59 81.4039
52.33080 6635.46 81.4583
52.33330 6648.22 81.5366
52.33580 6652.67 81.5639
52.33830 6662.59 81.6247
52.34080 6677.83 81.718
52.34330 6677.38 81.7153
52.34580 6675.16 81.7017
52.34830 6671.36 81.6784
52.35080 6675.8 81.7056
52.35330 6682.05 81.7438
52.35580 6690.25 81.794
52.35830 6709.93 81.9142
52.36080 6722.87 81.9931
52.36330 6729.77 82.0352
52.36580 6736.19 82.0743
52.36830 6727.28 82.02
52.37080 6705.66 81.8881
52.37330 6697.99 81.8413
52.37580 6698.96 81.8472
52.37830 6706.33 81.8922
52.38080 6697.53 81.8384
52.38330 6707.85 81.9014
52.38580 6732.28 82.0505
52.38830 6733.56 82.0583
52.39080 6730.89 82.042
52.39330 6725.3 82.0079
52.39580 6722.24 81.9893
52.39830 6727.2 82.0195
52.40080 6736.81 82.0781
52.40330 6728.31 82.0263
52.40580 6722.78 81.9926
52.40830 6722.7 81.9921
52.41080 6759.87 82.2184
52.41330 6779.59 82.3382
52.41580 6787.51 82.3863
52.41830 6801.38 82.4705
52.42080 6790.36 82.4036
52.42330 6765.69 82.2538
52.42580 6772.61 82.2959
52.42830 6765.27 82.2513
52.43080 6750.51 82.1615
52.43330 6752.68 82.1747
52.43580 6764.81 82.2485
52.43830 6781.55 82.3501
52.44080 6784.43 82.3677
52.44330 6807.88 82.5099
52.44580 6839.9 82.7037
52.44830 6842.19 82.7175
52.45080 6836.8 82.6849
52.45330 6828.94 82.6374
52.45580 6835.19 82.6752
52.45830 6844.15 82.7294
52.46080 6852.36 82.779
52.46330 6846.27 82.7422
52.46580 6870.26 82.887
52.46830 6903.46 83.0871
52.47080 6893.08 83.0246
52.47330 6906.54 83.1056
52.47580 6927.92 83.2341
52.47830 6922.86 83.2037
52.48080 6934.01 83.2707
52.48330 6955.48 83.3995
52.48580 6986.9 83.5877
52.48830 7002.78 83.6826
52.49080 7013.37 83.7459
52.49330 7035.72 83.8792
52.49580 7041.42 83.9132
52.49830 7035.2 83.8761
52.50080 7011.08 83.7322
52.50330 7010.33 83.7277
52.50580 7016.28 83.7632
52.50830 7004.43 83.6925
52.51080 7030.27 83.8467
52.51330 7056.31 84.0018
52.51580 7014.48 83.7525
52.51830 7001.93 83.6776
52.52080 6997.65 83.652
52.52330 6976.78 83.5271
52.52580 6976.14 83.5233
52.52830 6987.23 83.5896
52.53080 7010.99 83.7316
52.53330 7018.64 83.7773
52.53580 7017.53 83.7707
52.53830 7007.98 83.7137
52.54080 7018.21 83.7747
52.54330 7035.51 83.8779
52.54580 7051.36 83.9724
52.54830 7053.51 83.9852
52.55080 7062.69 84.0398
52.55330 7110.49 84.3238
52.55580 7141.41 84.5069
52.55830 7160.67 84.6207
52.56080 7162.17 84.6296
52.56330 7165.45 84.649
52.56580 7170.75 84.6803
52.56830 7180.29 84.7366
52.57080 7181.08 84.7412
52.57330 7188.93 84.7875
52.57580 7224.51 84.9971
52.57830 7245.51 85.1206
52.58080 7249.8 85.1458
52.58330 7221.02 84.9766
52.58580 7194.55 84.8207
52.58830 7167.5 84.6611
52.59080 7137.19 84.4819
52.59330 7108.93 84.3145
52.59580 7084.52 84.1696
52.59830 7068.24 84.0728
52.60080 7038.96 83.8985
52.60330 6997.47 83.6509
52.60580 6934.97 83.2765
52.60830 6935.46 83.2794
52.61080 6940.47 83.3095
52.61330 6919.53 83.1837
52.61580 6878.7 82.938
52.61830 6835.7 82.6783
52.62080 6798.37 82.4523
52.62330 6782.08 82.3534
52.62580 6764.16 82.2445
52.62830 6732.66 82.0528
52.63080 6724.53 82.0032
52.63330 6717.89 81.9627
52.63580 6704.08 81.8785
52.63830 6701.31 81.8615
52.64080 6692.94 81.8104
52.64330 6669.14 81.6648
52.64580 6660.57 81.6123
52.64830 6657.29 81.5922
52.65080 6658.54 81.5999
52.65330 6646.5 81.526
52.65580 6620.69 81.3676
52.65830 6573.98 81.0801
52.66080 6574.56 81.0836
52.66330 6577.37 81.101
52.66580 6570.13 81.0564
52.66830 6547.34 80.9156
52.67080 6537.75 80.8564
52.67330 6554.89 80.9623
52.67580 6554.93 80.9625
52.67830 6545.69 80.9054
52.68080 6525.24 80.779
52.68330 6506.06 80.6602
52.68580 6501.19 80.63
52.68830 6518.86 80.7395
52.69080 6513.93 80.7089
52.69330 6509.62 80.6822
52.69580 6510.57 80.6881
52.69830 6477.65 80.4838
52.70080 6466.64 80.4154
52.70330 6493.95 80.5851
52.70580 6507.02 80.6661
52.70830 6519.08 80.7408
52.71080 6531.81 80.8196
52.71330 6527.68 80.794
52.71580 6530.35 80.8106
52.71830 6544.67 80.8991
52.72080 6523.91 80.7707
52.72330 6520.16 80.7475
52.72580 6543.21 80.8901
52.72830 6563.68 81.0165
52.73080 6579.03 81.1112
52.73330 6588 81.1665
52.73580 6613.97 81.3263
52.73830 6625.82 81.3991
52.74080 6618.54 81.3544
52.74330 6632.35 81.4392
52.74580 6654.55 81.5754
52.74830 6685.54 81.7652
52.75080 6653.41 81.5685
52.75330 6638.74 81.4785
52.75580 6648.06 81.5356
52.75830 6638.11 81.4746
52.76080 6646.14 81.5239
52.76330 6675.44 81.7034
52.76580 6663.53 81.6305
52.76830 6655.75 81.5828
52.77080 6653.82 81.5709
52.77330 6647.86 81.5344
52.77580 6642.36 81.5007
52.77830 6637.44 81.4705
52.78080 6647.97 81.5351
52.78330 6642 81.4985
52.78580 6618.84 81.3563
52.78830 6601.19 81.2477
52.79080 6604.19 81.2661
52.79330 6627.71 81.4107
52.79580 6645.21 81.5182
52.79830 6655.72 81.5826
52.80080 6659.44 81.6054
52.80330 6661.54 81.6183
52.80580 6667.16 81.6527
52.80830 6675.84 81.7058
52.81080 6673.74 81.693
52.81330 6680.82 81.7363
52.81580 6695.81 81.8279
52.81830 6698.44 81.844
52.82080 6696.46 81.8319
52.82330 6690.55 81.7958
52.82580 6686.89 81.7734
52.82830 6700.12 81.8543
52.83080 6726.42 82.0148
52.83330 6727.45 82.021
52.83580 6718.79 81.9682
52.83830 6704.77 81.8826
52.84080 6735.35 82.0692
52.84330 6737.98 82.0852
52.84580 6719.86 81.9748
52.84830 6722.42 81.9904
52.85080 6710.23 81.916
52.85330 6691.38 81.8009
52.85580 6733.22 82.0562
52.85830 6770.72 82.2844
52.86080 6801.74 82.4727
52.86330 6794.58 82.4292
52.86580 6792.04 82.4138
52.86830 6789.41 82.3979
52.87080 6751.18 82.1655
52.87330 6740.17 82.0985
52.87580 6747.97 82.146
52.87830 6755.64 82.1927
52.88080 6768.33 82.2698
52.88330 6785.67 82.3752
52.88580 6814.34 82.549
52.88830 6817.89 82.5705
52.89080 6808.46 82.5134
52.89330 6824.69 82.6117
52.89580 6842.49 82.7194
52.89830 6856.59 82.8045
52.90080 6836.44 82.6828
52.90330 6823.87 82.6067
52.90580 6820.84 82.5884
52.90830 6851.6 82.7744
52.91080 6885.16 82.9769
52.91330 6916.16 83.1634
52.91580 6920.54 83.1898
52.91830 6913.97 83.1503
52.92080 6906.21 83.1036
52.92330 6927.69 83.2328
52.92580 6938.23 83.296
52.92830 6941.68 83.3167
52.93080 6938.74 83.2991
52.93330 6922.16 83.1995
52.93580 6902.44 83.0809
52.93830 6903.44 83.0869
52.94080 6905 83.0964
52.94330 6901.95 83.078
52.94580 6874.79 82.9143
52.94830 6842.47 82.7192
52.95080 6817.84 82.5702
52.95330 6840.33 82.7063
52.95580 6851.41 82.7732
52.95830 6848.98 82.7586
52.96080 6810.72 82.5271
52.96330 6790.02 82.4016
52.96580 6782.82 82.3579
52.96830 6798.9 82.4555
52.97080 6795.86 82.437
52.97330 6789.11 82.396
52.97580 6800.27 82.4637
52.97830 6807.27 82.5062
52.98080 6815.65 82.557
52.98330 6835.75 82.6786
52.98580 6842.54 82.7197
52.98830 6848.56 82.756
52.99080 6870.78 82.8902
52.99330 6875.26 82.9172
52.99580 6873.05 82.9039
52.99830 6871.24 82.8929
53.00080 6859.94 82.8247
53.00330 6845.98 82.7404
53.00580 6834.71 82.6723
53.00830 6815.13 82.5538
53.01080 6804.02 82.4865
53.01330 6828.3 82.6335
53.01580 6811.15 82.5297
53.01830 6787.57 82.3867
53.02080 6786.47 82.38
53.02330 6768.7 82.2721
53.02580 6758.34 82.2091
53.02830 6784.41 82.3675
53.03080 6795.6 82.4354
53.03330 6793.61 82.4233
53.03580 6768.2 82.2691
53.03830 6733.75 82.0594
53.04080 6706.68 81.8943
53.04330 6705.9 81.8895
53.04580 6698.89 81.8467
53.04830 6688.98 81.7862
53.05080 6676.18 81.7079
53.05330 6660.84 81.614
53.05580 6645.84 81.522
53.05830 6633.29 81.445
53.06080 6584.9 81.1474
53.06330 6547.4 80.916
53.06580 6556.3 80.971
53.06830 6534.57 80.8367
53.07080 6508.71 80.6766
53.07330 6490.16 80.5615
53.07580 6491.66 80.5709
53.07830 6497.61 80.6077
53.08080 6503.21 80.6425
53.08330 6493.99 80.5853
53.08580 6476.65 80.4777
53.08830 6449.19 80.3068
53.09080 6450.36 80.3142
53.09330 6443.52 80.2716
53.09580 6409 80.0562
53.09830 6387.45 79.9215
53.10080 6378.39 79.8648
53.10330 6388.52 79.9282
53.10580 6388.28 79.9267
53.10830 6389.39 79.9337
53.11080 6396.48 79.978
53.11330 6398.06 79.9879
53.11580 6407.15 80.0447
53.11830 6431.36 80.1957
53.12080 6401.33 80.0083
53.12330 6385.89 79.9117
53.12580 6410.45 80.0653
53.12830 6388.79 79.9299
53.13080 6373.61 79.8349
53.13330 6380.63 79.8788
53.13580 6373.46 79.834
53.13830 6369.48 79.8091
53.14080 6373.77 79.8359
53.14330 6357.09 79.7314
53.14580 6349.44 79.6834
53.14830 6359.92 79.7491
53.15080 6347.51 79.6713
53.15330 6341.61 79.6343
53.15580 6349.49 79.6837
53.15830 6363.05 79.7687
53.16080 6381.21 79.8825
53.16330 6405.17 80.0323
53.16580 6388.48 79.928
53.16830 6387.35 79.9209
53.17080 6413.51 80.0844
53.17330 6430.64 80.1913
53.17580 6445.36 80.283
53.17830 6457.85 80.3608
53.18080 6455.76 80.3477
53.18330 6453.32 80.3325
53.18580 6451.89 80.3237
53.18830 6456.45 80.3521
53.19080 6474.39 80.4636
53.19330 6508.76 80.6769
53.19580 6541.18 80.8776
53.19830 6551.4 80.9407
53.20080 6534.54 80.8365
53.20330 6538.46 80.8607
53.20580 6549.64 80.9298
53.20830 6568.22 81.0446
53.21080 6562.1 81.0068
53.21330 6561.11 81.0007
53.21580 6567.12 81.0378
53.21830 6564.41 81.0211
53.22080 6566.75 81.0355
53.22330 6574.98 81.0863
53.22580 6598.9 81.2336
53.22830 6608.21 81.2909
53.23080 6601.46 81.2494
53.23330 6612.35 81.3164
53.23580 6602.28 81.2544
53.23830 6570.15 81.0565
53.24080 6584.41 81.1444
53.24330 6600.65 81.2444
53.24580 6618.54 81.3544
53.24830 6613.54 81.3237
53.25080 6610.19 81.3031
53.25330 6608.31 81.2915
53.25580 6593.8 81.2022
53.25830 6574.44 81.0829
53.26080 6550.91 80.9377
53.26330 6547.75 80.9182
53.26580 6544.33 80.897
53.26830 6541.08 80.877
53.27080 6552.46 80.9473
53.27330 6559.69 80.9919
53.27580 6564.02 81.0186
53.27830 6588.51 81.1696
53.28080 6599.83 81.2393
53.28330 6599.93 81.24
53.28580 6600.35 81.2425
53.28830 6599.38 81.2366
53.29080 6597.04 81.2221
53.29330 6590.35 81.1809
53.29580 6611.5 81.3111
53.29830 6653.3 81.5678
53.30080 6670.54 81.6734
53.30330 6685.54 81.7651
53.30580 6698.06 81.8417
53.30830 6700.49 81.8565
53.31080 6695.48 81.8259
53.31330 6686.99 81.774
53.31580 6703.6 81.8755
53.31830 6716.63 81.955
53.32080 6727.54 82.0216
53.32330 6743.63 82.1196
53.32580 6753.68 82.1808
53.32830 6760.44 82.2219
53.33080 6776.15 82.3174
53.33330 6771.7 82.2903
53.33580 6756.1 82.1955
53.33830 6762.27 82.233
53.34080 6769.12 82.2747
53.34330 6771.54 82.2893
53.34580 6734.28 82.0626
53.34830 6709.14 81.9094
53.35080 6690.43 81.7951
53.35330 6662.71 81.6254
53.35580 6665.81 81.6444
53.35830 6684.27 81.7574
53.36080 6679.43 81.7278
53.36330 6651.69 81.5579
53.36580 6612.65 81.3182
53.36830 6587.28 81.1621
53.37080 6545.84 80.9064
53.37330 6502.96 80.6409
53.37580 6506.09 80.6603
53.37830 6492.32 80.575
53.38080 6469.57 80.4337
53.38330 6448.23 80.3009
53.38580 6431.46 80.1964
53.38830 6421.13 80.1319
53.39080 6432.09 80.2003
53.39330 6418.19 80.1136
53.39580 6392.29 79.9518
53.39830 6369.48 79.809
53.40080 6352.43 79.7021
53.40330 6342.45 79.6395
53.40580 6352.37 79.7018
53.40830 6342.22 79.638
53.41080 6328.48 79.5518
53.41330 6340.88 79.6297
53.41580 6352.67 79.7037
53.41830 6359.35 79.7455
53.42080 6345.64 79.6595
53.42330 6329.88 79.5605
53.42580 6317.03 79.4798
53.42830 6319.45 79.495
53.43080 6318.05 79.4861
53.43330 6316.4 79.4758
53.43580 6319.94 79.498
53.43830 6322.39 79.5134
53.44080 6324.9 79.5292
53.44330 6329.2 79.5563
53.44580 6319.23 79.4936
53.44830 6307.79 79.4216
53.45080 6310.38 79.4379
53.45330 6306.64 79.4144
53.45580 6304.23 79.3992
53.45830 6313.92 79.4602
53.46080 6298.63 79.3639
53.46330 6279.98 79.2463
53.46580 6278.76 79.2387
53.46830 6280.55 79.2499
53.47080 6283.18 79.2665
53.47330 6285.28 79.2798
53.47580 6287.02 79.2907
53.47830 6294.77 79.3396
53.48080 6320.15 79.4994
53.48330 6333.36 79.5824
53.48580 6336.15 79.5999
53.48830 6320.65 79.5025
53.49080 6334.7 79.5908
53.49330 6350.34 79.689
53.49580 6346.92 79.6675
53.49830 6339.75 79.6226
53.50080 6336.59 79.6027
53.50330 6346.29 79.6636
53.50580 6335.07 79.5931
53.50830 6319.69 79.4965
53.51080 6308.02 79.4231
53.51330 6307.51 79.4198
53.51580 6310.58 79.4392
53.51830 6315.34 79.4691
53.52080 6327.2 79.5437
53.52330 6332.6 79.5776
53.52580 6319.5 79.4953
53.52830 6321.14 79.5056
53.53080 6329.62 79.5589
53.53330 6345.54 79.6589
53.53580 6340.4 79.6267
53.53830 6324.12 79.5243
53.54080 6294.2 79.336
53.54330 6294.31 79.3367
53.54580 6303.88 79.397
53.54830 6319.96 79.4982
53.55080 6338.18 79.6127
53.55330 6349.8 79.6857
53.55580 6347.8 79.6731
53.55830 6342.79 79.6416
53.56080 6337.67 79.6095
53.56330 6333.37 79.5825
53.56580 6356.92 79.7303
53.56830 6369.56 79.8095
53.57080 6353.81 79.7108
53.57330 6364.2 79.7759
53.57580 6378.13 79.8632
53.57830 6390.87 79.9429
53.58080 6385.19 79.9074
53.58330 6384.26 79.9016
53.58580 6395.98 79.9749
53.58830 6408.05 80.0503
53.59080 6423.96 80.1496
53.59330 6446.01 80.2871
53.59580 6437.37 80.2332
53.59830 6425.17 80.1572
53.60080 6413.63 80.0852
53.60330 6423.67 80.1478
53.60580 6442.34 80.2642
53.60830 6470.17 80.4374
53.61080 6498.56 80.6136
53.61330 6513.36 80.7054
53.61580 6508.19 80.6734
53.61830 6488.45 80.5509
53.62080 6466.19 80.4126
53.62330 6442.42 80.2647
53.62580 6472.75 80.4534
53.62830 6489.21 80.5557
53.63080 6480.12 80.4992
53.63330 6495.09 80.5921
53.63580 6500.75 80.6272
53.63830 6491.6 80.5704
53.64080 6485.18 80.5306
53.64330 6475.26 80.469
53.64580 6460.61 80.3779
53.64830 6469.23 80.4315
53.65080 6470.54 80.4397
53.65330 6461.08 80.3809
53.65580 6453.15 80.3315
53.65830 6446.16 80.288
53.66080 6440.2 80.2508
53.66330 6439.98 80.2495
53.66580 6441 80.2558
53.66830 6443.18 80.2694
53.67080 6451.32 80.3201
53.67330 6456.21 80.3505
53.67580 6457.23 80.3569
53.67830 6462.71 80.391
53.68080 6460.78 80.379
53.68330 6450.7 80.3162
53.68580 6482.41 80.5134
53.68830 6496.19 80.599
53.69080 6490.47 80.5635
53.69330 6520.1 80.7471
53.69580 6532.24 80.8223
53.69830 6526.4 80.7861
53.70080 6545.12 80.9019
53.70330 6553.65 80.9546
53.70580 6552.33 80.9465
53.70830 6569.53 81.0526
53.71080 6575.98 81.0924
53.71330 6572.06 81.0682
53.71580 6558.82 80.9865
53.71830 6551.65 80.9423
53.72080 6550.18 80.9332
53.72330 6553.28 80.9523
53.72580 6559.49 80.9907
53.72830 6568.14 81.0441
53.73080 6567.18 81.0382
53.73330 6578.11 81.1055
53.73580 6596.59 81.2194
53.73830 6553.99 80.9567
53.74080 6533.45 80.8298
53.74330 6531.21 80.8159
53.74580 6527.69 80.7941
53.74830 6515.19 80.7168
53.75080 6495.91 80.5972
53.75330 6483.75 80.5217
53.75580 6460.74 80.3788
53.75830 6430.28 80.189
53.76080 6413.52 80.0845
53.76330 6404.04 80.0253
53.76580 6400.36 80.0023
53.76830 6400.72 80.0045
53.77080 6394.42 79.9651
53.77330 6381.38 79.8835
53.77580 6347.37 79.6704
53.77830 6346.45 79.6646
53.78080 6364.89 79.7803
53.78330 6344.39 79.6516
53.78580 6317.94 79.4855
53.78830 6290.69 79.3139
53.79080 6292.75 79.3268
53.79330 6298.57 79.3636
53.79580 6307.74 79.4213
53.79830 6324.07 79.524
53.80080 6331.51 79.5708
53.80330 6331.79 79.5726
53.80580 6320.58 79.5021
53.80830 6326.49 79.5392
53.81080 6336.21 79.6003
53.81330 6298.64 79.364
53.81580 6296.56 79.3509
53.81830 6312.6 79.4519
53.82080 6309.65 79.4333
53.82330 6328.28 79.5505
53.82580 6354.3 79.7139
53.82830 6350.02 79.687
53.83080 6343 79.6429
53.83330 6332.99 79.5801
53.83580 6314.63 79.4646
53.83830 6310.39 79.438
53.84080 6316.4 79.4758
53.84330 6337.14 79.6062
53.84580 6326.59 79.5399
53.84830 6302.2 79.3864
53.85080 6288.98 79.3031
53.85330 6305.56 79.4075
53.85580 6328.66 79.5529
53.85830 6312.68 79.4524
53.86080 6321.17 79.5058
53.86330 6332.44 79.5766
53.86580 6303.69 79.3958
53.86830 6293.3 79.3303
53.87080 6291.12 79.3166
53.87330 6288.06 79.2973
53.87580 6291.09 79.3164
53.87830 6294.19 79.336
53.88080 6286.76 79.2891
53.88330 6270.23 79.1848
53.88580 6254.63 79.0862
53.88830 6257.42 79.1039
53.89080 6251.29 79.0651
53.89330 6245.63 79.0293
53.89580 6255.03 79.0887
53.89830 6238.55 78.9845
53.90080 6214.51 78.8322
53.90330 6199.37 78.7361
53.90580 6196.1 78.7153
53.90830 6195.22 78.7097
53.91080 6187.44 78.6603
53.91330 6191.84 78.6882
53.91580 6198.19 78.7286
53.91830 6196.82 78.7199
53.92080 6201.39 78.7489
53.92330 6206.94 78.7841
53.92580 6209.21 78.7985
53.92830 6208.73 78.7955
53.93080 6205.92 78.7776
53.93330 6198.9 78.7331
53.93580 6205.26 78.7735
53.93830 6212.15 78.8172
53.94080 6208.71 78.7954
53.94330 6216.71 78.8461
53.94580 6227.79 78.9164
53.94830 6237.89 78.9803
53.95080 6244.12 79.0197
53.95330 6247.24 79.0395
53.95580 6245.23 79.0268
53.95830 6231.52 78.94
53.96080 6216.92 78.8475
53.96330 6208.06 78.7913
53.96580 6216.94 78.8476
53.96830 6226.08 78.9055
53.97080 6224.88 78.8979
53.97330 6229.67 78.9283
53.97580 6232.32 78.945
53.97830 6226.67 78.9092
53.98080 6260.59 79.1239
53.98330 6296.38 79.3497
53.98580 6315.78 79.4719
53.98830 6307.48 79.4197
53.99080 6303.21 79.3927
53.99330 6320.48 79.5014
53.99580 6326.51 79.5394
53.99830 6323.09 79.5179
54.00080 6305.28 79.4058
54.00330 6297.97 79.3598
54.00580 6285.64 79.282
54.00830 6259.38 79.1163
54.01080 6259.05 79.1142
54.01330 6264.6 79.1492
54.01580 6272.07 79.1964
54.01830 6284.46 79.2746
54.02080 6284.69 79.276
54.02330 6261.18 79.1276
54.02580 6249.03 79.0508
54.02830 6251.54 79.0667
54.03080 6276.52 79.2245
54.03330 6280.41 79.2491
54.03580 6269.55 79.1805
54.03830 6239.14 78.9882
54.04080 6238.83 78.9863
54.04330 6238.12 78.9818
54.04580 6229.7 78.9284
54.04830 6245.42 79.028
54.05080 6258.44 79.1103
54.05330 6262.11 79.1335
54.05580 6266.85 79.1634
54.05830 6264.49 79.1485
54.06080 6251.1 79.0639
54.06330 6241.76 79.0048
54.06580 6241.24 79.0015
54.06830 6253.1 79.0765
54.07080 6228.24 78.9192
54.07330 6216.56 78.8451
54.07580 6228.98 78.9239
54.07830 6229.47 78.927
54.08080 6239.03 78.9875
54.08330 6262.6 79.1366
54.08580 6238.61 78.9849
54.08830 6219.88 78.8662
54.09080 6213.35 78.8248
54.09330 6214.64 78.833
54.09580 6211.62 78.8139
54.09830 6202.33 78.7549
54.10080 6197.82 78.7263
54.10330 6195.85 78.7137
54.10580 6196.64 78.7187
54.10830 6204.48 78.7686
54.11080 6216.75 78.8464
54.11330 6233.91 78.9551
54.11580 6229.81 78.9292
54.11830 6228.02 78.9178
54.12080 6230.02 78.9305
54.12330 6208.59 78.7946
54.12580 6202.57 78.7564
54.12830 6214.9 78.8346
54.13080 6205.06 78.7722
54.13330 6207.24 78.786
54.13580 6223.19 78.8872
54.13830 6216.14 78.8425
54.14080 6212.92 78.8221
54.14330 6214.19 78.8301
54.14580 6216.28 78.8434
54.14830 6210.87 78.8091
54.15080 6197.76 78.7258
54.15330 6202.39 78.7552
54.15580 6191.83 78.6882
54.15830 6166.47 78.5269
54.16080 6178.57 78.6039
54.16330 6192.21 78.6906
54.16580 6207.35 78.7868
54.16830 6223.21 78.8873
54.17080 6246.3 79.0335
54.17330 6275.02 79.215
54.17580 6259.2 79.1151
54.17830 6252.91 79.0753
54.18080 6254.59 79.086
54.18330 6239.13 78.9882
54.18580 6231.87 78.9422
54.18830 6231.7 78.9411
54.19080 6230.82 78.9356
54.19330 6225.73 78.9033
54.19580 6218.47 78.8573
54.19830 6238.41 78.9836
54.20080 6246.04 79.0319
54.20330 6244.42 79.0216
54.20580 6255.55 79.092
54.20830 6262.85 79.1382
54.21080 6266.75 79.1628
54.21330 6264.83 79.1507
54.21580 6264.65 79.1496
54.21830 6266.75 79.1628
54.22080 6281.07 79.2532
54.22330 6295.08 79.3416
54.22580 6308.84 79.4282
54.22830 6322.29 79.5128
54.23080 6336.28 79.6008
54.23330 6350.63 79.6908
54.23580 6364.59 79.7784
54.23830 6372.94 79.8307
54.24080 6378.37 79.8647
54.24330 6392.44 79.9528
54.24580 6387.46 79.9216
54.24830 6371.31 79.8205
54.25080 6367.56 79.797
54.25330 6373.46 79.834
54.25580 6380.93 79.8807
54.25830 6352.29 79.7012
54.26080 6348.97 79.6804
54.26330 6357.92 79.7366
54.26580 6342.39 79.6391
54.26830 6331.58 79.5712
54.27080 6321.81 79.5098
54.27330 6300.1 79.3732
54.27580 6290.72 79.3141
54.27830 6289.7 79.3077
54.28080 6296.45 79.3501
54.28330 6289.81 79.3083
54.28580 6275.69 79.2193
54.28830 6261.32 79.1285
54.29080 6243.9 79.0183
54.29330 6227.05 78.9117
54.29580 6222.34 78.8818
54.29830 6243.94 79.0186
54.30080 6274.14 79.2095
54.30330 6278.66 79.238
54.30580 6286 79.2843
54.30830 6288.98 79.3031
54.31080 6263.97 79.1453
54.31330 6258.58 79.1112
54.31580 6262.66 79.137
54.31830 6266.91 79.1638
54.32080 6268.66 79.1749
54.32330 6276.15 79.2222
54.32580 6313.52 79.4577
54.32830 6323.97 79.5234
54.33080 6325.14 79.5307
54.33330 6337.42 79.6079
54.33580 6336.45 79.6018
54.33830 6335.35 79.5949
54.34080 6355.91 79.7239
54.34330 6367.42 79.7961
54.34580 6376.98 79.856
54.34830 6393.12 79.957
54.35080 6381.22 79.8825
54.35330 6368.17 79.8008
54.35580 6390.26 79.9391
54.35830 6407.96 80.0497
54.36080 6422.35 80.1396
54.36330 6431.23 80.1949
54.36580 6429.82 80.1862
54.36830 6418.83 80.1176
54.37080 6389.03 79.9314
54.37330 6392.88 79.9555
54.37580 6405.86 80.0366
54.37830 6410.79 80.0674
54.38080 6415.14 80.0946
54.38330 6419.91 80.1243
54.38580 6426.49 80.1654
54.38830 6418.11 80.1131
54.39080 6407.73 80.0483
54.39330 6405.2 80.0325
54.39580 6404.64 80.029
54.39830 6398.31 79.9894
54.40080 6374.75 79.842
54.40330 6368.48 79.8027
54.40580 6359.73 79.7479
54.40830 6331.48 79.5706
54.41080 6325.38 79.5322
54.41330 6327.1 79.5431
54.41580 6332.97 79.58
54.41830 6316.64 79.4773
54.42080 6298.59 79.3636
54.42330 6290.48 79.3126
54.42580 6276.31 79.2232
54.42830 6264.97 79.1515
54.43080 6263.65 79.1432
54.43330 6252.26 79.0712
54.43580 6246.43 79.0344
54.43830 6258.25 79.1091
54.44080 6234.02 78.9558
54.44330 6211.16 78.8109
54.44580 6208.6 78.7947
54.44830 6200.14 78.7409
54.45080 6192.95 78.6953
54.45330 6191 78.6829
54.45580 6199.41 78.7363
54.45830 6210.21 78.8049
54.46080 6221.6 78.8771
54.46330 6209.98 78.8034
54.46580 6201.48 78.7495
54.46830 6207.29 78.7864
54.47080 6205.54 78.7752
54.47330 6202.99 78.7591
54.47580 6201.5 78.7496
54.47830 6196.12 78.7154
54.48080 6198.34 78.7296
54.48330 6215.22 78.8366
54.48580 6228.55 78.9212
54.48830 6244.85 79.0244
54.49080 6267.16 79.1654
54.49330 6269.6 79.1808
54.49580 6270.3 79.1852
54.49830 6272.93 79.2018
54.50080 6271.96 79.1957
54.50330 6271.03 79.1898
54.50580 6270.93 79.1892
54.50830 6243.91 79.0184
54.51080 6230.09 78.9309
54.51330 6241.77 79.0049
54.51580 6246.77 79.0365
54.51830 6252.02 79.0697
54.52080 6258.82 79.1127
54.52330 6235.57 78.9657
54.52580 6230.12 78.9311
54.52830 6254.78 79.0871
54.53080 6264.8 79.1505
54.53330 6270.17 79.1844
54.53580 6270.99 79.1896
54.53830 6258.93 79.1134
54.54080 6243.33 79.0147
54.54330 6224.44 78.8951
54.54580 6242.57 79.0099
54.54830 6273 79.2023
54.55080 6315.82 79.4721
54.55330 6329.57 79.5586
54.55580 6341.45 79.6332
54.55830 6353.37 79.708
54.56080 6337.09 79.6058
54.56330 6330.76 79.5661
54.56580 6338.49 79.6146
54.56830 6339.68 79.6221
54.57080 6339.54 79.6212
54.57330 6338.18 79.6127
54.57580 6325.88 79.5354
54.57830 6327.37 79.5447
54.58080 6345.04 79.6557
54.58330 6351.71 79.6976
54.58580 6333.1 79.5808
54.58830 6286.99 79.2905
54.59080 6301.31 79.3808
54.59330 6291.48 79.3189
54.59580 6254.58 79.0859
54.59830 6254.33 79.0843
54.60080 6240.39 78.9962
54.60330 6211.88 78.8155
54.60580 6241.04 79.0003
54.60830 6254.48 79.0853
54.61080 6251.93 79.0691
54.61330 6230.09 78.9309
54.61580 6225.41 78.9013
54.61830 6236.25 78.9699
54.62080 6164.81 78.5163
54.62330 6133.65 78.3176
54.62580 6139.84 78.3571
54.62830 6132.24 78.3086
54.63080 6115.5 78.2016
54.63330 6091.13 78.0457
54.63580 6088.17 78.0267
54.63830 6082.2 77.9884
54.64080 6074.08 77.9364
54.64330 6078.67 77.9658
54.64580 6080.65 77.9785
54.64830 6079.56 77.9716
54.65080 6060.76 77.8509
54.65330 6044.53 77.7466
54.65580 6031.35 77.6618
54.65830 6034.81 77.684
54.66080 6057.57 77.8304
54.66330 6093.85 78.0631
54.66580 6103.13 78.1225
54.66830 6101.8 78.114
54.67080 6092.34 78.0535
54.67330 6082.93 77.9932
54.67580 6079.86 77.9734
54.67830 6081.08 77.9813
54.68080 6077.68 77.9595
54.68330 6079.26 77.9696
54.68580 6083.06 77.994
54.68830 6072.9 77.9288
54.69080 6071.57 77.9203
54.69330 6078.47 77.9645
54.69580 6105.65 78.1387
54.69830 6115.99 78.2048
54.70080 6115.22 78.1999
54.70330 6115.8 78.2035
54.70580 6123.76 78.2544
54.70830 6133.72 78.3181
54.71080 6121.58 78.2405
54.71330 6119.89 78.2298
54.71580 6124.06 78.2564
54.71830 6123.36 78.2519
54.72080 6127.55 78.2787
54.72330 6131.47 78.3037
54.72580 6113.43 78.1884
54.72830 6107.1 78.1479
54.73080 6107.39 78.1498
54.73330 6106.42 78.1436
54.73580 6107.59 78.1511
54.73830 6111.01 78.1729
54.74080 6120.62 78.2344
54.74330 6122.07 78.2437
54.74580 6119.08 78.2245
54.74830 6115.99 78.2048
54.75080 6100.91 78.1083
54.75330 6081.01 77.9809
54.75580 6068.74 77.9021
54.75830 6065.68 77.8824
54.76080 6068.06 77.8977
54.76330 6074.38 77.9383
54.76580 6071.5 77.9198
54.76830 6067.8 77.8961
54.77080 6080.95 77.9805
54.77330 6060.54 77.8495
54.77580 6027.63 77.6378
54.77830 6008.75 77.5161
54.78080 6020.81 77.5939
54.78330 6043.07 77.7372
54.78580 6049.84 77.7807
54.78830 6042.61 77.7343
54.79080 6029.71 77.6512
54.79330 6018.35 77.578
54.79580 6016.78 77.5679
54.79830 6020.45 77.5915
54.80080 6028.53 77.6436
54.80330 6037.05 77.6984
54.80580 6047.58 77.7662
54.80830 6064.73 77.8764
54.81080 6040.88 77.7231
54.81330 6017.15 77.5703
54.81580 6047.46 77.7654
54.81830 6050.3 77.7837
54.82080 6043.88 77.7424
54.82330 6040.23 77.7189
54.82580 6042.77 77.7352
54.82830 6049.88 77.781
54.83080 6064.43 77.8744
54.83330 6053.83 77.8064
54.83580 6042.12 77.7311
54.83830 6052.38 77.7971
54.84080 6079.44 77.9708
54.84330 6099.25 78.0977
54.84580 6082.89 77.9929
54.84830 6090.29 78.0403
54.85080 6099.46 78.0991
54.85330 6093.38 78.0601
54.85580 6118.04 78.2179
54.85830 6147.53 78.4062
54.86080 6165.88 78.5231
54.86330 6189.64 78.6742
54.86580 6206.59 78.7819
54.86830 6202.57 78.7564
54.87080 6183.75 78.6368
54.87330 6181.53 78.6227
54.87580 6229.06 78.9244
54.87830 6252.42 79.0722
54.88080 6264.13 79.1462
54.88330 6263.08 79.1396
54.88580 6270.55 79.1868
54.88830 6275.18 79.2161
54.89080 6268.85 79.1761
54.89330 6295.87 79.3465
54.89580 6322.16 79.512
54.89830 6330.39 79.5637
54.90080 6313.82 79.4596
54.90330 6305.51 79.4072
54.90580 6325.48 79.5329
54.90830 6330.1 79.5619
54.91080 6342.97 79.6428
54.91330 6378.61 79.8662
54.91580 6380.15 79.8758
54.91830 6374.53 79.8406
54.92080 6367.82 79.7987
54.92330 6369.6 79.8098
54.92580 6372.24 79.8263
54.92830 6373.61 79.8349
54.93080 6368.45 79.8026
54.93330 6374.28 79.8391
54.93580 6401.78 80.0111
54.93830 6420.56 80.1284
54.94080 6426 80.1624
54.94330 6410.78 80.0673
54.94580 6420.94 80.1308
54.94830 6432.37 80.202
54.95080 6439.62 80.2472
54.95330 6447.55 80.2966
54.95580 6458.76 80.3664
54.95830 6475.1 80.468
54.96080 6481.47 80.5076
54.96330 6479.9 80.4978
54.96580 6467.95 80.4236
54.96830 6484.29 80.5251
54.97080 6487.82 80.547
54.97330 6467.13 80.4185
54.97580 6458.22 80.3631
54.97830 6457.36 80.3577
54.98080 6466.36 80.4137
54.98330 6461.54 80.3837
54.98580 6449.24 80.3072
54.98830 6428.31 80.1767
54.99080 6436.22 80.226
54.99330 6423.34 80.1457
54.99580 6378.84 79.8676
54.99830 6359.75 79.7481
55.00080 6340.82 79.6293
55.00330 6319.5 79.4953
55.00580 6305.98 79.4102
55.00830 6290.08 79.31
55.01080 6270.5 79.1865
55.01330 6270.2 79.1846
55.01580 6259.63 79.1178
55.01830 6235.09 78.9626
55.02080 6231.88 78.9422
55.02330 6206.22 78.7795
55.02580 6152.65 78.4388
55.02830 6190.67 78.6808
55.03080 6204.25 78.7671
55.03330 6185.52 78.6481
55.03580 6187.06 78.6579
55.03830 6176.2 78.5888
55.04080 6150.86 78.4274
55.04330 6138.11 78.3461
55.04580 6139.55 78.3552
55.04830 6155.94 78.4598
55.05080 6155.1 78.4544
55.05330 6155.86 78.4593
55.05580 6158.55 78.4764
55.05830 6142.7 78.3754
55.06080 6122.9 78.249
55.06330 6099.28 78.0979
55.06580 6103.65 78.1259
55.06830 6099.89 78.1018
55.07080 6088.17 78.0268
55.07330 6075.31 77.9443
55.07580 6074.02 77.936
55.07830 6083.53 77.997
55.08080 6086.68 78.0172
55.08330 6086.03 78.013
55.08580 6081.89 77.9865
55.08830 6076.76 77.9536
55.09080 6093.37 78.06
55.09330 6127.57 78.2788
55.09580 6118.55 78.2212
55.09830 6099.61 78.1
55.10080 6073.7 77.9339
55.10330 6080.71 77.9789
55.10580 6080.67 77.9787
55.10830 6076.22 77.9501
55.11080 6097.76 78.0881
55.11330 6113.66 78.1899
55.11580 6123.65 78.2538
55.11830 6111.27 78.1746
55.12080 6086.34 78.015
55.12330 6055.25 77.8155
55.12580 6072.35 77.9253
55.12830 6070.56 77.9138
55.13080 6055.73 77.8185
55.13330 6054.03 77.8077
55.13580 6053.75 77.8059
55.13830 6054.77 77.8124
55.14080 6058.74 77.8379
55.14330 6055.5 77.8171
55.14580 6049.19 77.7766
55.14830 6062.16 77.8598
55.15080 6057.4 77.8293
55.15330 6042.99 77.7367
55.15580 6049.07 77.7758
55.15830 6052.61 77.7985
55.16080 6057.85 77.8322
55.16330 6090.53 78.0418
55.16580 6096.06 78.0773
55.16830 6087.45 78.0221
55.17080 6101.02 78.109
55.17330 6101.13 78.1097
55.17580 6094.87 78.0696
55.17830 6101.2 78.1102
55.18080 6118.18 78.2188
55.18330 6139.31 78.3538
55.18580 6146.92 78.4023
55.18830 6147.54 78.4062
55.19080 6149.22 78.417
55.19330 6181.19 78.6206
55.19580 6190.03 78.6767
55.19830 6188.87 78.6694
55.20080 6202.79 78.7578
55.20330 6206.72 78.7828
55.20580 6204.41 78.7681
55.20830 6196.96 78.7208
55.21080 6200.35 78.7423
55.21330 6203.51 78.7624
55.21580 6178.07 78.6007
55.21830 6181.91 78.6251
55.22080 6191.24 78.6845
55.22330 6158.85 78.4783
55.22580 6138.89 78.351
55.22830 6128.68 78.2859
55.23080 6135.79 78.3313
55.23330 6133.9 78.3192
55.23580 6128.88 78.2872
55.23830 6127.91 78.281
55.24080 6135.76 78.3311
55.24330 6138.63 78.3494
55.24580 6106.13 78.1417
55.24830 6083.44 77.9964
55.25080 6070.44 77.913
55.25330 6078.59 77.9653
55.25580 6081.85 77.9862
55.25830 6080.84 77.9797
55.26080 6071.5 77.9198
55.26330 6061.77 77.8573
55.26580 6053.84 77.8064
55.26830 6052.7 77.7991
55.27080 6047.07 77.7629
55.27330 6040.07 77.7179
55.27580 6034.03 77.679
55.27830 6045.05 77.7499
55.28080 6063.68 77.8696
55.28330 6087.07 78.0197
55.28580 6089.28 78.0338
55.28830 6084.07 78.0004
55.29080 6078.33 77.9637
55.29330 6076.26 77.9504
55.29580 6082.88 77.9928
55.29830 6111.06 78.1733
55.30080 6124.67 78.2603
55.30330 6135.95 78.3323
55.30580 6153.39 78.4435
55.30830 6152.11 78.4354
55.31080 6138.77 78.3503
55.31330 6108.27 78.1554
55.31580 6106.04 78.1412
55.31830 6112.33 78.1814
55.32080 6119.78 78.229
55.32330 6127.97 78.2813
55.32580 6127.55 78.2786
55.32830 6105.61 78.1384
55.33080 6122.9 78.249
55.33330 6136.98 78.3389
55.33580 6119.67 78.2283
55.33830 6102.91 78.1211
55.34080 6098.66 78.0939
55.34330 6122.36 78.2455
55.34580 6119.11 78.2247
55.34830 6103.81 78.1269
55.35080 6075.96 77.9484
55.35330 6091.65 78.049
55.35580 6105.21 78.1358
55.35830 6094.2 78.0653
55.36080 6097.19 78.0845
55.36330 6099.68 78.1004
55.36580 6095.23 78.0719
55.36830 6064.71 77.8762
55.37080 6036.06 77.6921
55.37330 6021 77.5951
55.37580 6039.46 77.7139
55.37830 6052.39 77.7971
55.38080 6043.35 77.739
55.38330 6039.2 77.7123
55.38580 6028.8 77.6454
55.38830 6005.59 77.4957
55.39080 6031.24 77.6611
55.39330 6053.72 77.8057
55.39580 6056.83 77.8256
55.39830 6063.23 77.8667
55.40080 6060.8 77.8511
55.40330 6042.67 77.7346
55.40580 6050.96 77.7879
55.40830 6065.42 77.8808
55.41080 6083.86 77.9991
55.41330 6131.23 78.3022
55.41580 6168.48 78.5396
55.41830 6183.9 78.6378
55.42080 6199.03 78.7339
55.42330 6225.74 78.9034
55.42580 6270.06 79.1837
55.42830 6298.9 79.3656
55.43080 6325.46 79.5328
55.43330 6351.15 79.6941
55.43580 6413.75 80.0859
55.43830 6464.79 80.4039
55.44080 6494.27 80.587
55.44330 6547.62 80.9174
55.44580 6583.22 81.137
55.44830 6591.57 81.1885
55.45080 6621.6 81.3732
55.45330 6639.64 81.484
55.45580 6639.53 81.4833
55.45830 6687.67 81.7782
55.46080 6716.06 81.9516
55.46330 6714.82 81.944
55.46580 6692.61 81.8084
55.46830 6691.3 81.8004
55.47080 6717.47 81.9602
55.47330 6696.35 81.8312
55.47580 6658.6 81.6002
55.47830 6603.83 81.264
55.48080 6599.89 81.2397
55.48330 6600.15 81.2413
55.48580 6602.77 81.2575
55.48830 6564.59 81.0222
55.49080 6536.98 80.8516
55.49330 6522.75 80.7635
55.49580 6482.5 80.514
55.49830 6434.52 80.2154
55.50080 6378.84 79.8676
55.50330 6371.99 79.8248
55.50580 6355.44 79.721
55.50830 6327.85 79.5478
55.51080 6324.06 79.524
55.51330 6307.28 79.4184
55.51580 6277.1 79.2281
55.51830 6242.99 79.0126
55.52080 6216.8 78.8467
55.52330 6198.12 78.7281
55.52580 6147.4 78.4054
55.52830 6133.34 78.3156
55.53080 6153.85 78.4465
55.53330 6158.53 78.4763
55.53580 6159.3 78.4812
55.53830 6156.14 78.461
55.54080 6139.95 78.3578
55.54330 6121 78.2368
55.54580 6101.15 78.1099
55.54830 6126.68 78.2731
55.55080 6140.01 78.3582
55.55330 6142.83 78.3762
55.55580 6145.51 78.3933
55.55830 6149.43 78.4183
55.56080 6154.45 78.4503
55.56330 6160.42 78.4883
55.56580 6159.03 78.4795
55.56830 6153.9 78.4468
55.57080 6184.42 78.6411
55.57330 6201.43 78.7492
55.57580 6207.82 78.7897
55.57830 6212.99 78.8225
55.58080 6223.56 78.8896
55.58330 6237.53 78.9781
55.58580 6243.12 79.0134
55.58830 6260.38 79.1225
55.59080 6284.73 79.2763
55.59330 6293.52 79.3317
55.59580 6291.93 79.3217
55.59830 6284.56 79.2752
55.60080 6292.65 79.3262
55.60330 6324.57 79.5272
55.60580 6367.78 79.7984
55.60830 6366.03 79.7874
55.61080 6366.61 79.7911
55.61330 6368.2 79.801
55.61580 6365.32 79.7829
55.61830 6334.22 79.5878
55.62080 6289.93 79.3091
55.62330 6281.88 79.2583
55.62580 6299.38 79.3686
55.62830 6325.07 79.5303
55.63080 6297.77 79.3585
55.63330 6261.14 79.1274
55.63580 6223.41 78.8886
55.63830 6214.88 78.8345
55.64080 6221.23 78.8748
55.64330 6230.33 78.9325
55.64580 6204.11 78.7662
55.64830 6205.72 78.7764
55.65080 6214.4 78.8314
55.65330 6175.33 78.5833
55.65580 6155.06 78.4542
55.65830 6145.04 78.3903
55.66080 6136.32 78.3347
55.66330 6144.72 78.3882
55.66580 6155.38 78.4562
55.66830 6132.98 78.3134
55.67080 6122.82 78.2485
55.67330 6118.07 78.2181
55.67580 6110.28 78.1683
55.67830 6108.15 78.1546
55.68080 6105.2 78.1358
55.68330 6086.37 78.0152
55.68580 6101.49 78.112
55.68830 6125.99 78.2687
55.69080 6123.9 78.2554
55.69330 6123.68 78.254
55.69580 6123.24 78.2512
55.69830 6118.57 78.2213
55.70080 6130.35 78.2965
55.70330 6142.53 78.3743
55.70580 6129.33 78.29
55.70830 6131.16 78.3018
55.71080 6133.83 78.3188
55.71330 6117.02 78.2114
55.71580 6098.48 78.0928
55.71830 6090.36 78.0407
55.72080 6120.99 78.2368
55.72330 6116.5 78.2081
55.72580 6107.74 78.152
55.72830 6128.86 78.2871
55.73080 6155.03 78.454
55.73330 6176.95 78.5936
55.73580 6179.55 78.6101
55.73830 6173.15 78.5694
55.74080 6171 78.5557
55.74330 6191.26 78.6846
55.74580 6191.02 78.683
55.74830 6186.52 78.6545
55.75080 6189.42 78.6728
55.75330 6203.2 78.7604
55.75580 6222.06 78.88
55.75830 6245.49 79.0284
55.76080 6264.5 79.1486
55.76330 6281.81 79.2579
55.76580 6298.17 79.361
55.76830 6328.89 79.5543
55.77080 6353.07 79.7062
55.77330 6349.84 79.6859
55.77580 6350.35 79.6891
55.77830 6356.81 79.7296
55.78080 6375.4 79.8461
55.78330 6391.38 79.9461
55.78580 6405.77 80.036
55.78830 6418.02 80.1126
55.79080 6402.25 80.0141
55.79330 6383.22 79.895
55.79580 6372.66 79.829
55.79830 6394.83 79.9677
55.80080 6412.82 80.0801
55.80330 6404.65 80.029
55.80580 6380.61 79.8787
55.80830 6358.07 79.7375
55.81080 6346.2 79.6631
55.81330 6324.57 79.5271
55.81580 6306.67 79.4146
55.81830 6300.61 79.3764
55.82080 6296.07 79.3478
55.82330 6287.67 79.2948
55.82580 6271.1 79.1903
55.82830 6271.94 79.1956
55.83080 6269.28 79.1788
55.83330 6253.85 79.0813
55.83580 6246.07 79.0321
55.83830 6237.57 78.9783
55.84080 6225.29 78.9005
55.84330 6193.8 78.7007
55.84580 6168.24 78.5381
55.84830 6158.7 78.4774
55.85080 6146.09 78.397
55.85330 6142.86 78.3764
55.85580 6156.33 78.4623
55.85830 6131.02 78.3008
55.86080 6120.76 78.2353
55.86330 6144.33 78.3858
55.86580 6132.28 78.3089
55.86830 6094.75 78.0689
55.87080 6024.34 77.6166
55.87330 6036.57 77.6954
55.87580 6056.91 77.8262
55.87830 6074.22 77.9373
55.88080 6031.9 77.6653
55.88330 6002.42 77.4753
55.88580 6001.78 77.4712
55.88830 5988.16 77.3832
55.89080 5983.99 77.3562
55.89330 5995.21 77.4288
55.89580 6005.7 77.4965
55.89830 6006.46 77.5013
55.90080 5993.87 77.4201
55.90330 5971.39 77.2748
55.90580 5958.5 77.1913
55.90830 5959.49 77.1977
55.91080 5970.59 77.2696
55.91330 5981.69 77.3414
55.91580 5991.87 77.4072
55.91830 5969.5 77.2626
55.92080 5958.38 77.1906
55.92330 5963.88 77.2261
55.92580 5974.16 77.2927
55.92830 5975.48 77.3012
55.93080 5965.68 77.2378
55.93330 5964.56 77.2306
55.93580 5968.49 77.256
55.93830 5977.85 77.3166
55.94080 5966.66 77.2442
55.94330 5964.91 77.2328
55.94580 5974.68 77.296
55.94830 5972.12 77.2795
55.95080 5967.94 77.2524
55.95330 5962.33 77.2161
55.95580 5979.11 77.3247
55.95830 5990.35 77.3974
55.96080 5995.28 77.4292
55.96330 5980.57 77.3341
55.96580 5978.22 77.3189
55.96830 5988.74 77.387
55.97080 5988.55 77.3857
55.97330 5985.31 77.3648
55.97580 5979.21 77.3254
55.97830 5994.27 77.4226
55.98080 6015.9 77.5623
55.98330 6043.68 77.7411
55.98580 6059 77.8396
55.98830 6054.41 77.8101
55.99080 6032.07 77.6664
55.99330 6040.62 77.7215
55.99580 6050.59 77.7855
55.99830 6061.57 77.8561
56.00080 6064.77 77.8766
56.00330 6069.51 77.9071
56.00580 6075.5 77.9455
56.00830 6079.24 77.9695
56.01080 6078.03 77.9617
56.01330 6072.34 77.9252
56.01580 6060.58 77.8497
56.01830 6067.27 77.8927
56.02080 6087.83 78.0246
56.02330 6089.34 78.0342
56.02580 6103.46 78.1246
56.02830 6126.94 78.2748
56.03080 6142.19 78.3721
56.03330 6143.32 78.3793
56.03580 6135.67 78.3305
56.03830 6153.29 78.4429
56.04080 6151.59 78.4321
56.04330 6136.55 78.3361
56.04580 6131.33 78.3028
56.04830 6128.5 78.2848
56.05080 6129.38 78.2903
56.05330 6150.9 78.4277
56.05580 6150.82 78.4272
56.05830 6134.01 78.3199
56.06080 6099.54 78.0995
56.06330 6079.65 77.9721
56.06580 6070.95 77.9163
56.06830 6075.1 77.9429
56.07080 6085.01 78.0065
56.07330 6096.2 78.0782
56.07580 6088.56 78.0293
56.07830 6089.06 78.0324
56.08080 6092.6 78.0551
56.08330 6081.75 77.9855
56.08580 6067.98 77.8973
56.08830 6058.22 77.8346
56.09080 6086.96 78.019
56.09330 6082.95 77.9933
56.09580 6062.49 77.862
56.09830 6057.29 77.8286
56.10080 6049.74 77.7801
56.10330 6047.9 77.7682
56.10580 6087.03 78.0194
56.10830 6093.97 78.0639
56.11080 6088.64 78.0298
56.11330 6110.82 78.1717
56.11580 6109.62 78.1641
56.11830 6093.27 78.0594
56.12080 6061.24 77.854
56.12330 6071.57 77.9203
56.12580 6099.52 78.0995
56.12830 6110.36 78.1688
56.13080 6112.68 78.1836
56.13330 6111.54 78.1763
56.13580 6113.35 78.1879
56.13830 6127.97 78.2813
56.14080 6147.2 78.4041
56.14330 6160.72 78.4903
56.14580 6172.78 78.5671
56.14830 6180.6 78.6168
56.15080 6173.64 78.5725
56.15330 6170.15 78.5503
56.15580 6170.65 78.5535
56.15830 6180.88 78.6186
56.16080 6194.17 78.7031
56.16330 6210.61 78.8074
56.16580 6234.06 78.9561
56.16830 6243.77 79.0175
56.17080 6247.22 79.0393
56.17330 6247.84 79.0433
56.17580 6261.42 79.1291
56.17830 6274.89 79.2142
56.18080 6271.36 79.1919
56.18330 6262.9 79.1385
56.18580 6260.13 79.121
56.18830 6281.48 79.2558
56.19080 6302.9 79.3908
56.19330 6318.48 79.4888
56.19580 6315.97 79.4731
56.19830 6309.52 79.4325
56.20080 6301.69 79.3832
56.20330 6293.69 79.3328
56.20580 6316.74 79.4779
56.20830 6337.25 79.6069
56.21080 6322.52 79.5143
56.21330 6300.13 79.3733
56.21580 6280.68 79.2507
56.21830 6275.59 79.2186
56.22080 6282.29 79.2609
56.22330 6288.18 79.298
56.22580 6283 79.2654
56.22830 6280.6 79.2502
56.23080 6289.46 79.3061
56.23330 6324.44 79.5263
56.23580 6347.48 79.6711
56.23830 6360.6 79.7534
56.24080 6357.53 79.7341
56.24330 6343.99 79.6492
56.24580 6338.28 79.6133
56.24830 6356.71 79.729
56.25080 6352.56 79.7029
56.25330 6340.22 79.6255
56.25580 6321.73 79.5093
56.25830 6313.23 79.4558
56.26080 6312.83 79.4533
56.26330 6324.86 79.529
56.26580 6347.44 79.6709
56.26830 6359.09 79.7439
56.27080 6343.59 79.6467
56.27330 6338.07 79.612
56.27580 6328.74 79.5534
56.27830 6307.85 79.422
56.28080 6327.37 79.5448
56.28330 6352.18 79.7006
56.28580 6372.35 79.827
56.28830 6392.22 79.9514
56.29080 6402.9 80.0181
56.29330 6396.76 79.9797
56.29580 6423.99 80.1498
56.29830 6453.67 80.3347
56.30080 6477.69 80.4841
56.30330 6483.31 80.519
56.30580 6482.06 80.5112
56.30830 6473.96 80.4609
56.31080 6453.34 80.3327
56.31330 6440.34 80.2517
56.31580 6442.96 80.268
56.31830 6476.59 80.4772
56.32080 6500.94 80.6284
56.32330 6503.76 80.6459
56.32580 6487.13 80.5427
56.32830 6486.23 80.5371
56.33080 6513.38 80.7055
56.33330 6531.38 80.8169
56.33580 6542.33 80.8847
56.33830 6544.32 80.897
56.34080 6561.86 81.0053
56.34330 6573.7 81.0784
56.34580 6574.99 81.0863
56.34830 6558.99 80.9876
56.35080 6543.86 80.8941
56.35330 6532.24 80.8223
56.35580 6556.92 80.9748
56.35830 6577.83 81.1038
56.36080 6589.53 81.1759
56.36330 6606.08 81.2778
56.36580 6615.92 81.3383
56.36830 6616.55 81.3422
56.37080 6573.38 81.0764
56.37330 6557.21 80.9766
56.37580 6578.7 81.1092
56.37830 6630.24 81.4263
56.38080 6655.57 81.5817
56.38330 6646.91 81.5286
56.38580 6675.04 81.7009
56.38830 6697.78 81.84
56.39080 6712.12 81.9276
56.39330 6747.02 82.1402
56.39580 6770.82 82.285
56.39830 6781.07 82.3473
56.40080 6766.14 82.2565
56.40330 6766.22 82.257
56.40580 6783.69 82.3631
56.40830 6802.56 82.4776
56.41080 6831.81 82.6547
56.41330 6872.1 82.8981
56.41580 6863.49 82.8462
56.41830 6856.28 82.8027
56.42080 6851.15 82.7717
56.42330 6855.36 82.7971
56.42580 6849.12 82.7594
56.42830 6832.28 82.6576
56.43080 6791.13 82.4083
56.43330 6763.42 82.24
56.43580 6748.38 82.1485
56.43830 6706.56 81.8936
56.44080 6674.51 81.6977
56.44330 6651.14 81.5545
56.44580 6605.16 81.2721
56.44830 6563.59 81.016
56.45080 6526.04 80.7839
56.45330 6489.34 80.5564
56.45580 6454.81 80.3418
56.45830 6421.59 80.1348
56.46080 6372.48 79.8278
56.46330 6336.23 79.6004
56.46580 6310.62 79.4394
56.46830 6279.23 79.2416
56.47080 6244.75 79.0238
56.47330 6209.55 78.8007
56.47580 6206.07 78.7786
56.47830 6202.21 78.7541
56.48080 6197.94 78.727
56.48330 6192.09 78.6898
56.48580 6183.98 78.6383
56.48830 6174.38 78.5772
56.49080 6167.96 78.5364
56.49330 6153.74 78.4458
56.49580 6134.45 78.3228
56.49830 6123.5 78.2528
56.50080 6122.85 78.2486
56.50330 6128.66 78.2857
56.50580 6124.47 78.259
56.50830 6112.91 78.1851
56.51080 6097.98 78.0896
56.51330 6099.64 78.1002
56.51580 6105.34 78.1367
56.51830 6111.98 78.1792
56.52080 6103.2 78.123
56.52330 6089.13 78.0329
56.52580 6075.12 77.943
56.52830 6089 78.032
56.53080 6098.2 78.091
56.53330 6105.59 78.1383
56.53580 6121.28 78.2386
56.53830 6126.11 78.2695
56.54080 6124.42 78.2587
56.54330 6123.08 78.2501
56.54580 6126.9 78.2745
56.54830 6136.42 78.3353
56.55080 6163.18 78.5059
56.55330 6164.76 78.516
56.55580 6155.35 78.4561
56.55830 6164.81 78.5163
56.56080 6153.39 78.4435
56.56330 6132.31 78.3091
56.56580 6120.6 78.2342
56.56830 6119.29 78.2259
56.57080 6123.58 78.2533
56.57330 6128.71 78.2861
56.57580 6122.4 78.2457
56.57830 6113.05 78.186
56.58080 6117.17 78.2123
56.58330 6113.7 78.1901
56.58580 6109.92 78.166
56.58830 6121.89 78.2425
56.59080 6135.14 78.3271
56.59330 6140.56 78.3617
56.59580 6108.85 78.1591
56.59830 6094.71 78.0686
56.60080 6089.92 78.038
56.60330 6091.18 78.046
56.60580 6102.99 78.1216
56.60830 6112.9 78.185
56.61080 6097.16 78.0843
56.61330 6109.93 78.166
56.61580 6128.54 78.285
56.61830 6124.38 78.2584
56.62080 6092.6 78.0551
56.62330 6068.01 77.8974
56.62580 6108.88 78.1593
56.62830 6116.24 78.2064
56.63080 6109.86 78.1656
56.63330 6100.6 78.1064
56.63580 6095.88 78.0761
56.63830 6102.27 78.117
56.64080 6139.46 78.3547
56.64330 6147.59 78.4065
56.64580 6144.34 78.3859
56.64830 6137.72 78.3436
56.65080 6115.61 78.2024
56.65330 6099.89 78.1018
56.65580 6118.82 78.2229
56.65830 6105.75 78.1393
56.66080 6097.12 78.0841
56.66330 6130.87 78.2999
56.66580 6149.41 78.4182
56.66830 6153.71 78.4456
56.67080 6131.94 78.3067
56.67330 6122.72 78.2478
56.67580 6127.37 78.2775
56.67830 6158.69 78.4773
56.68080 6153.69 78.4455
56.68330 6137.14 78.3399
56.68580 6117.32 78.2133
56.68830 6126.05 78.2691
56.69080 6137.79 78.3441
56.69330 6138.23 78.3469
56.69580 6141.84 78.3699
56.69830 6155.52 78.4571
56.70080 6190.73 78.6812
56.70330 6191.96 78.689
56.70580 6191.54 78.6863
56.70830 6205.91 78.7776
56.71080 6184.96 78.6445
56.71330 6161.56 78.4956
56.71580 6150.44 78.4248
56.71830 6170.11 78.5501
56.72080 6192.38 78.6917
56.72330 6206.13 78.779
56.72580 6198.92 78.7332
56.72830 6188.73 78.6685
56.73080 6181.2 78.6206
56.73330 6194.98 78.7082
56.73580 6205.12 78.7726
56.73830 6200.26 78.7417
56.74080 6192.67 78.6935
56.74330 6175 78.5811
56.74580 6139.51 78.355
56.74830 6117.91 78.2171
56.75080 6109.26 78.1618
56.75330 6119.58 78.2278
56.75580 6123.24 78.2512
56.75830 6117.36 78.2135
56.76080 6096.8 78.082
56.76330 6081.48 77.9838
56.76580 6071.6 77.9205
56.76830 6069.52 77.9071
56.77080 6061.65 77.8566
56.77330 6054.46 77.8104
56.77580 6049.66 77.7796
56.77830 6057.59 77.8305
56.78080 6062.6 77.8627
56.78330 6060.54 77.8495
56.78580 6055.82 77.8192
56.78830 6059.02 77.8397
56.79080 6074.61 77.9398
56.79330 6044.32 77.7453
56.79580 6036.2 77.693
56.79830 6067.44 77.8938
56.80080 6079.23 77.9694
56.80330 6086.73 78.0175
56.80580 6090.86 78.044
56.80830 6059 77.8396
56.81080 6026.65 77.6315
56.81330 5997.91 77.4462
56.81580 5994.67 77.4253
56.81830 6000.48 77.4627
56.82080 6015.56 77.5601
56.82330 6047.34 77.7647
56.82580 6064.79 77.8767
56.82830 6062.56 77.8625
56.83080 6068.52 77.9007
56.83330 6071.46 77.9196
56.83580 6070.09 77.9108
56.83830 6058.59 77.837
56.84080 6065.52 77.8815
56.84330 6094.96 78.0702
56.84580 6100.27 78.1042
56.84830 6106.32 78.1429
56.85080 6114.34 78.1943
56.85330 6125.25 78.264
56.85580 6143.18 78.3784
56.85830 6168.8 78.5417
56.86080 6178.25 78.6019
56.86330 6193.11 78.6963
56.86580 6214.19 78.8302
56.86830 6181.71 78.6239
56.87080 6157.33 78.4686
56.87330 6142.2 78.3722
56.87580 6177.71 78.5984
56.87830 6202.61 78.7567
56.88080 6216.51 78.8448
56.88330 6228.46 78.9206
56.88580 6231.01 78.9367
56.88830 6224.58 78.896
56.89080 6236.85 78.9737
56.89330 6234.8 78.9608
56.89580 6219.66 78.8648
56.89830 6225.72 78.9032
56.90080 6227.85 78.9167
56.90330 6226.19 78.9062
56.90580 6217.61 78.8518
56.90830 6216.85 78.847
56.91080 6222.55 78.8832
56.91330 6215.75 78.84
56.91580 6205.02 78.7719
56.91830 6191.33 78.685
56.92080 6186.42 78.6538
56.92330 6186.92 78.657
56.92580 6191.41 78.6855
56.92830 6186.96 78.6572
56.93080 6174.52 78.5781
56.93330 6157.49 78.4697
56.93580 6168.72 78.5412
56.93830 6169 78.543
56.94080 6159.68 78.4836
56.94330 6134.89 78.3256
56.94580 6126.67 78.2731
56.94830 6131.99 78.307
56.95080 6151.11 78.429
56.95330 6144.37 78.3861
56.95580 6122.29 78.2451
56.95830 6136.8 78.3378
56.96080 6138.1 78.346
56.96330 6127.95 78.2812
56.96580 6096.24 78.0784
56.96830 6093.85 78.0631
56.97080 6108.07 78.1541
56.97330 6093.62 78.0617
56.97580 6090.9 78.0442
56.97830 6095.2 78.0718
56.98080 6094.35 78.0663
56.98330 6103.67 78.126
56.98580 6120.68 78.2348
56.98830 6147.26 78.4045
56.99080 6161.32 78.4941
56.99330 6164.59 78.5149
56.99580 6145.94 78.396
56.99830 6146.72 78.401
57.00080 6160.49 78.4888
57.00330 6184.37 78.6408
57.00580 6202.07 78.7532
57.00830 6218.78 78.8593
57.01080 6250.77 79.0618
57.01330 6268.56 79.1742
57.01580 6283.09 79.266
57.01830 6323.29 79.5191
57.02080 6357.58 79.7344
57.02330 6384.3 79.9018
57.02580 6387.42 79.9213
57.02830 6423.69 80.1479
57.03080 6475.98 80.4735
57.03330 6524.04 80.7715
57.03580 6549.05 80.9262
57.03830 6562.86 81.0115
57.04080 6577.21 81.1
57.04330 6592.73 81.1956
57.04580 6607.19 81.2846
57.04830 6614.43 81.3292
57.05080 6625.91 81.3997
57.05330 6635.71 81.4599
57.05580 6630.29 81.4266
57.05830 6599.01 81.2343
57.06080 6559.19 80.9889
57.06330 6530.54 80.8118
57.06580 6501.72 80.6332
57.06830 6474.14 80.4621
57.07080 6451.64 80.3221
57.07330 6438.14 80.238
57.07580 6424.59 80.1536
57.07830 6397.64 79.9852
57.08080 6383.42 79.8963
57.08330 6365.26 79.7826
57.08580 6316.3 79.4752
57.08830 6292.93 79.328
57.09080 6277.75 79.2323
57.09330 6258.09 79.1081
57.09580 6233.12 78.9501
57.09830 6204.31 78.7674
57.10080 6169.37 78.5453
57.10330 6172.8 78.5672
57.10580 6181.63 78.6233
57.10830 6167.08 78.5308
57.11080 6146.74 78.4011
57.11330 6131.02 78.3009
57.11580 6134.18 78.321
57.11830 6102.1 78.116
57.12080 6058.81 77.8384
57.12330 6015.02 77.5566
57.12580 6029.66 77.6509
57.12830 6051.92 77.7941
57.13080 6047.94 77.7685
57.13330 6032.47 77.669
57.13580 6017.62 77.5733
57.13830 6012.73 77.5418
57.14080 6001.92 77.472
57.14330 5994.16 77.4219
57.14580 5997.83 77.4456
57.14830 6004.46 77.4884
57.15080 5998.69 77.4512
57.15330 5961.93 77.2135
57.15580 5961.56 77.2111
57.15830 5964.87 77.2326
57.16080 5956.22 77.1766
57.16330 5974.37 77.2941
57.16580 5991.71 77.4061
57.16830 5993.64 77.4186
57.17080 5978.25 77.3191
57.17330 5959.48 77.1976
57.17580 5941.64 77.082
57.17830 5955.3 77.1706
57.18080 5965.56 77.237
57.18330 5955.63 77.1727
57.18580 5972.61 77.2827
57.18830 5978.3 77.3195
57.19080 5951.7 77.1473
57.19330 5949.13 77.1306
57.19580 5948.71 77.1279
57.19830 5943.97 77.0971
57.20080 5941.06 77.0783
57.20330 5946.41 77.113
57.20580 5966.11 77.2406
57.20830 5974.3 77.2936
57.21080 5965.34 77.2356
57.21330 5929.71 77.0046
57.21580 5914.05 76.9029
57.21830 5911.19 76.8842
57.22080 5924.8 76.9727
57.22330 5917.34 76.9242
57.22580 5916.34 76.9177
57.22830 5930.7 77.011
57.23080 5945.9 77.1096
57.23330 5958.19 77.1893
57.23580 5965.77 77.2384
57.23830 5964.81 77.2322
57.24080 5966.39 77.2424
57.24330 5973.39 77.2877
57.24580 5973.28 77.287
57.24830 5966.88 77.2456
57.25080 5952.4 77.1518
57.25330 5940.94 77.0775
57.25580 5932.02 77.0196
57.25830 5926.26 76.9822
57.26080 5949.64 77.1339
57.26330 5956 77.1751
57.26580 5935.44 77.0418
57.26830 5963.01 77.2205
57.27080 5980.95 77.3366
57.27330 5981.01 77.337
57.27580 5978.96 77.3237
57.27830 5989.63 77.3927
57.28080 6016.8 77.568
57.28330 6014.95 77.5561
57.28580 6016.72 77.5675
57.28830 6025.14 77.6218
57.29080 6006.31 77.5004
57.29330 5998.16 77.4478
57.29580 6004.53 77.4889
57.29830 6072.51 77.9263
57.30080 6113.38 78.1881
57.30330 6119.74 78.2288
57.30580 6104.84 78.1335
57.30830 6103.3 78.1236
57.31080 6117.57 78.2149
57.31330 6093.36 78.06
57.31580 6086.94 78.0188
57.31830 6100.89 78.1082
57.32080 6135.13 78.3271
57.32330 6164.7 78.5156
57.32580 6189.02 78.6703
57.32830 6163.52 78.5081
57.33080 6158.67 78.4772
57.33330 6175.22 78.5826
57.33580 6174.81 78.58
57.33830 6173.57 78.572
57.34080 6171.4 78.5582
57.34330 6156.8 78.4652
57.34580 6155.16 78.4549
57.34830 6165.91 78.5233
57.35080 6178.52 78.6035
57.35330 6197.15 78.722
57.35580 6220.08 78.8675
57.35830 6192.73 78.6939
57.36080 6180.64 78.6171
57.36330 6183.26 78.6337
57.36580 6218.6 78.8581
57.36830 6207.42 78.7872
57.37080 6158.22 78.4743
57.37330 6158.06 78.4733
57.37580 6165.57 78.5212
57.37830 6178.84 78.6056
57.38080 6179.35 78.6089
57.38330 6179.74 78.6113
57.38580 6180.02 78.6131
57.38830 6180.07 78.6135
57.39080 6177.73 78.5985
57.39330 6172.54 78.5655
57.39580 6153.44 78.4439
57.39830 6127.86 78.2806
57.40080 6098.36 78.092
57.40330 6081.16 77.9818
57.40580 6068.66 77.9016
57.40830 6059.01 77.8396
57.41080 6042.76 77.7352
57.41330 6050.23 77.7832
57.41580 6070.74 77.915
57.41830 6054.25 77.8091
57.42080 6040.44 77.7203
57.42330 6027.77 77.6387
57.42580 6008.62 77.5153
57.42830 5994.05 77.4212
57.43080 5984.2 77.3576
57.43330 5988.65 77.3863
57.43580 5989.78 77.3937
57.43830 5986.94 77.3753
57.44080 5969.61 77.2633
57.44330 5963.07 77.2209
57.44580 5961.14 77.2084
57.44830 5944.85 77.1028
57.45080 5955.68 77.1731
57.45330 5979.05 77.3243
57.45580 5978.86 77.3231
57.45830 5973.65 77.2894
57.46080 5965.57 77.2371
57.46330 5957.63 77.1857
57.46580 5945.85 77.1093
57.46830 5937.05 77.0523
57.47080 5957.62 77.1857
57.47330 5949.44 77.1326
57.47580 5928.12 76.9943
57.47830 5918.79 76.9337
57.48080 5928.94 76.9996
57.48330 5944.62 77.1014
57.48580 5937.46 77.0549
57.48830 5937.32 77.054
57.49080 5944.05 77.0977
57.49330 5966.97 77.2462
57.49580 5967.17 77.2475
57.49830 5957.77 77.1866
57.50080 5953.95 77.1618
57.50330 5966.72 77.2445
57.50580 5976.52 77.3079
57.50830 5940.91 77.0773
57.51080 5941.04 77.0782
57.51330 5950.18 77.1374
57.51580 5931.67 77.0174
57.51830 5925.56 76.9777
57.52080 5926.56 76.9842
57.52330 5934.69 77.0369
57.52580 5927.28 76.9889
57.52830 5918.51 76.9319
57.53080 5928.05 76.9938
57.53330 5922.63 76.9586
57.53580 5916.29 76.9174
57.53830 5927.32 76.9891
57.54080 5934.32 77.0346
57.54330 5935.69 77.0435
57.54580 5923.31 76.963
57.54830 5953.79 77.1608
57.55080 5985.08 77.3633
57.55330 5969.52 77.2627
57.55580 5969.66 77.2636
57.55830 5964.46 77.2299
57.56080 5926.35 76.9828
57.56330 5927.74 76.9919
57.56580 5940.95 77.0776
57.56830 5950.36 77.1386
57.57080 5961.35 77.2098
57.57330 5972.84 77.2841
57.57580 5984.34 77.3585
57.57830 5992.06 77.4084
57.58080 5998.16 77.4478
57.58330 6003 77.479
57.58580 6015.5 77.5596
57.58830 6025.21 77.6222
57.59080 6022.05 77.6018
57.59330 6000.21 77.461
57.59580 5980.98 77.3368
57.59830 5980.92 77.3364
57.60080 5989.77 77.3936
57.60330 6003.16 77.48
57.60580 6021.78 77.6001
57.60830 6028.75 77.6451
57.61080 6039.14 77.7119
57.61330 6063.98 77.8715
57.61580 6066.11 77.8852
57.61830 6048.35 77.7711
57.62080 5998.65 77.4509
57.62330 6007.29 77.5067
57.62580 6031.98 77.6658
57.62830 6062.92 77.8647
57.63080 6064.77 77.8767
57.63330 6054.64 77.8116
57.63580 6032.64 77.67
57.63830 6024.81 77.6196
57.64080 6029.79 77.6517
57.64330 6054.38 77.8099
57.64580 6089.6 78.0359
57.64830 6109.21 78.1614
57.65080 6095.48 78.0736
57.65330 6082.9 77.993
57.65580 6073.91 77.9353
57.65830 6071.12 77.9174
57.66080 6098.69 78.0941
57.66330 6126.84 78.2741
57.66580 6147.16 78.4038
57.66830 6165.97 78.5237
57.67080 6173 78.5684
57.67330 6160.39 78.4881
57.67580 6174.05 78.5751
57.67830 6185.35 78.647
57.68080 6186.59 78.6549
57.68330 6192.02 78.6894
57.68580 6204.93 78.7714
57.68830 6228.81 78.9228
57.69080 6201.69 78.7508
57.69330 6188 78.6638
57.69580 6204.49 78.7686
57.69830 6184.32 78.6405
57.70080 6162.31 78.5004
57.70330 6143.65 78.3815
57.70580 6126.38 78.2712
57.70830 6117.49 78.2144
57.71080 6120.42 78.2331
57.71330 6091.51 78.0481
57.71580 6063.42 77.868
57.71830 6040.56 77.7211
57.72080 6029.4 77.6492
57.72330 6015.67 77.5607
57.72580 5997.23 77.4418
57.72830 6006.73 77.5031
57.73080 6017.55 77.5729
57.73330 6027.43 77.6365
57.73580 6013.46 77.5465
57.73830 5998.87 77.4524
57.74080 5985.42 77.3655
57.74330 5995.89 77.4331
57.74580 6004.22 77.4869
57.74830 6008.37 77.5137
57.75080 5992.51 77.4113
57.75330 5979.65 77.3282
57.75580 5971.36 77.2746
57.75830 5972.61 77.2827
57.76080 5981.4 77.3395
57.76330 5998.34 77.4489
57.76580 5988.49 77.3853
57.76830 5979.65 77.3282
57.77080 5972.73 77.2834
57.77330 5990.16 77.3961
57.77580 6004.93 77.4915
57.77830 6016.37 77.5652
57.78080 6034.83 77.6842
57.78330 6043.78 77.7417
57.78580 6042.88 77.736
57.78830 6046.08 77.7565
57.79080 6050.85 77.7872
57.79330 6057.27 77.8285
57.79580 6081.16 77.9818
57.79830 6099.59 78.0999
57.80080 6113.01 78.1858
57.80330 6142.51 78.3742
57.80580 6162.83 78.5037
57.80830 6173.85 78.5739
57.81080 6152.06 78.4351
57.81330 6147.93 78.4088
57.81580 6158.91 78.4787
57.81830 6144.9 78.3894
57.82080 6143.8 78.3824
57.82330 6154.14 78.4483
57.82580 6169.68 78.5473
57.82830 6174.14 78.5757
57.83080 6170.09 78.5499
57.83330 6182.87 78.6312
57.83580 6181.71 78.6238
57.83830 6170.15 78.5503
57.84080 6174.88 78.5804
57.84330 6180.55 78.6164
57.84580 6185.69 78.6491
57.84830 6172.17 78.5631
57.85080 6152.77 78.4396
57.85330 6131.02 78.3008
57.85580 6136.67 78.3369
57.85830 6144.48 78.3868
57.86080 6153.77 78.446
57.86330 6161.68 78.4964
57.86580 6157.44 78.4694
57.86830 6141.95 78.3706
57.87080 6099.37 78.0985
57.87330 6085.44 78.0092
57.87580 6091.34 78.0471
57.87830 6098.44 78.0925
57.88080 6083.5 77.9968
57.88330 6057.65 77.8309
57.88580 6063.8 77.8704
57.88830 6073.47 77.9325
57.89080 6084.03 78.0002
57.89330 6083.8 77.9987
57.89580 6080.26 77.976
57.89830 6069.75 77.9086
57.90080 6023.48 77.6111
57.90330 6005.41 77.4946
57.90580 6004.66 77.4897
57.90830 6006.84 77.5038
57.91080 6020.91 77.5945
57.91330 6041.22 77.7253
57.91580 6057.63 77.8308
57.91830 6055.02 77.814
57.92080 6043.77 77.7417
57.92330 6044.1 77.7438
57.92580 6040.2 77.7187
57.92830 6034.41 77.6814
57.93080 6030.7 77.6576
57.93330 6020.71 77.5932
57.93580 6011.96 77.5368
57.93830 6026.49 77.6305
57.94080 6035.26 77.687
57.94330 6038.51 77.7079
57.94580 6028.91 77.646
57.94830 6027.75 77.6386
57.95080 6033 77.6724
57.95330 6048.93 77.7749
57.95580 6060.36 77.8483
57.95830 6071.21 77.918
57.96080 6088.7 78.0301
57.96330 6108.78 78.1587
57.96580 6124.69 78.2604
57.96830 6118.64 78.2217
57.97080 6102.47 78.1183
57.97330 6086.19 78.014
57.97580 6086.52 78.0161
57.97830 6109.95 78.1661
57.98080 6133.96 78.3196
57.98330 6124.6 78.2598
57.98580 6136.99 78.3389
57.98830 6154.87 78.453
57.99080 6161.58 78.4957
57.99330 6173.58 78.5721
57.99580 6179 78.6066
57.99830 6155.3 78.4557
58.00080 6146.9 78.4021
58.00330 6147.84 78.4082
58.00580 6160.92 78.4915
58.00830 6176.94 78.5935
58.01080 6186.09 78.6517
58.01330 6170.87 78.5549
58.01580 6168.19 78.5378
58.01830 6170.31 78.5513
58.02080 6174.19 78.576
58.02330 6169.86 78.5484
58.02580 6170.85 78.5548
58.02830 6194.39 78.7044
58.03080 6225.27 78.9004
58.03330 6248.38 79.0467
58.03580 6244.28 79.0208
58.03830 6241.06 79.0004
58.04080 6239.3 78.9892
58.04330 6240.66 78.9978
58.04580 6259.13 79.1146
58.04830 6280.82 79.2516
58.05080 6298.64 79.364
58.05330 6308.51 79.4261
58.05580 6312.3 79.45
58.05830 6306.54 79.4137
58.06080 6264.01 79.1455
58.06330 6232.07 78.9435
58.06580 6246.09 79.0322
58.06830 6242.47 79.0093
58.07080 6233.38 78.9517
58.07330 6221.5 78.8765
58.07580 6192.42 78.6919
58.07830 6176.22 78.5889
58.08080 6195.93 78.7142
58.08330 6195.96 78.7144
58.08580 6188.86 78.6693
58.08830 6175.79 78.5862
58.09080 6173.45 78.5713
58.09330 6162 78.4984
58.09580 6128.16 78.2826
58.09830 6116.66 78.2091
58.10080 6111.37 78.1753
58.10330 6109.76 78.1649
58.10580 6099.09 78.0967
58.10830 6093.03 78.0579
58.11080 6098.49 78.0928
58.11330 6105.3 78.1364
58.11580 6104.73 78.1328
58.11830 6090.63 78.0425
58.12080 6076.48 77.9518
58.12330 6071.72 77.9212
58.12580 6083.11 77.9943
58.12830 6079.63 77.972
58.13080 6066.4 77.8871
58.13330 6040.61 77.7213
58.13580 6031.97 77.6658
58.13830 6025.3 77.6228
58.14080 6018.04 77.576
58.14330 6013.73 77.5483
58.14580 6014.75 77.5548
58.14830 6023.42 77.6107
58.15080 6009.26 77.5194
58.15330 5991.24 77.4031
58.15580 5971.39 77.2748
58.15830 5990.44 77.3979
58.16080 6005.14 77.4929
58.16330 6007.68 77.5092
58.16580 5984.25 77.358
58.16830 5971.18 77.2734
58.17080 5976.01 77.3046
58.17330 5976.58 77.3084
58.17580 5976.21 77.306
58.17830 5975.06 77.2985
58.18080 5985.36 77.3651
58.18330 5990.64 77.3993
58.18580 5988.25 77.3838
58.18830 5991.81 77.4068
58.19080 5984.23 77.3578
58.19330 5962.13 77.2149
58.19580 5953.23 77.1572
58.19830 5951.88 77.1484
58.20080 5958.85 77.1936
58.20330 5973.34 77.2874
58.20580 5980.31 77.3325
58.20830 5977.99 77.3175
58.21080 5952.17 77.1503
58.21330 5932.31 77.0215
58.21580 5920.3 76.9435
58.21830 5944.1 77.098
58.22080 5959.16 77.1956
58.22330 5963.36 77.2228
58.22580 5974.45 77.2946
58.22830 5978.16 77.3186
58.23080 5973.82 77.2905
58.23330 5994.06 77.4213
58.23580 6008.59 77.5151
58.23830 6016.91 77.5688
58.24080 6043.86 77.7423
58.24330 6052.8 77.7998
58.24580 6043.61 77.7407
58.24830 6026.96 77.6335
58.25080 6010.27 77.5259
58.25330 5993.73 77.4192
58.25580 5992.43 77.4108
58.25830 5995.61 77.4313
58.26080 6002.77 77.4775
58.26330 5998.71 77.4513
58.26580 5989.26 77.3903
58.26830 5975.3 77.3
58.27080 5974.21 77.293
58.27330 5973.12 77.286
58.27580 5971.56 77.2759
58.27830 5957.8 77.1868
58.28080 5953.33 77.1578
58.28330 5957.36 77.1839
58.28580 5974.61 77.2956
58.28830 5982.71 77.348
58.29080 5981.75 77.3418
58.29330 5953.18 77.1569
58.29580 5950.63 77.1403
58.29830 5967.47 77.2494
58.30080 5964.94 77.233
58.30330 5967.47 77.2494
58.30580 5973.41 77.2878
58.30830 5973.02 77.2853
58.31080 5947.41 77.1194
58.31330 5908.12 76.8643
58.31580 5928.75 76.9984
58.31830 5916.02 76.9157
58.32080 5884.34 76.7094
58.32330 5905.54 76.8475
58.32580 5919.78 76.9401
58.32830 5929.07 77.0005
58.33080 5937.4 77.0545
58.33330 5938.69 77.0629
58.33580 5935.16 77.04
58.33830 5930.59 77.0103
58.34080 5933.51 77.0293
58.34330 5937.92 77.0579
58.34580 5915.29 76.9109
58.34830 5907.79 76.8621
58.35080 5909.31 76.8721
58.35330 5907.61 76.861
58.35580 5906.72 76.8552
58.35830 5908.07 76.864
58.36080 5921.4 76.9506
58.36330 5925.68 76.9784
58.36580 5924.59 76.9714
58.36830 5922.94 76.9606
58.37080 5921.29 76.9499
58.37330 5924.03 76.9677
58.37580 5952.98 77.1556
58.37830 5959.18 77.1957
58.38080 5953.98 77.1621
58.38330 5954.19 77.1634
58.38580 5938.41 77.0611
58.38830 5920.62 76.9456
58.39080 5936.24 77.047
58.39330 5939.68 77.0693
58.39580 5939.53 77.0683
58.39830 5952.01 77.1493
58.40080 5925.82 76.9793
58.40330 5890.86 76.752
58.40580 5902.85 76.83
58.40830 5917.91 76.928
58.41080 5935.09 77.0395
58.41330 5955.24 77.1702
58.41580 5952.83 77.1546
58.41830 5942.35 77.0866
58.42080 5940.67 77.0757
58.42330 5928.07 76.994
58.42580 5915.87 76.9147
58.42830 5924.01 76.9676
58.43080 5927.84 76.9925
58.43330 5929.87 77.0057
58.43580 5931.91 77.0189
58.43830 5933.51 77.0293
58.44080 5934.27 77.0342
58.44330 5932.68 77.0239
58.44580 5954.69 77.1666
58.44830 5972.24 77.2803
58.45080 5943.43 77.0936
58.45330 5929.38 77.0025
58.45580 5926.58 76.9843
58.45830 5942.65 77.0886
58.46080 5949.33 77.1319
58.46330 5950.24 77.1378
58.46580 5943.52 77.0942
58.46830 5957.7 77.1862
58.47080 5972.45 77.2816
58.47330 5967.63 77.2504
58.47580 5963.16 77.2215
58.47830 5964.76 77.2318
58.48080 5983.38 77.3523
58.48330 5985.16 77.3638
58.48580 5991.81 77.4068
58.48830 6026.14 77.6282
58.49080 6017.03 77.5695
58.49330 5998.77 77.4517
58.49580 5990.31 77.3971
58.49830 6001.4 77.4687
58.50080 6018.94 77.5818
58.50330 6038.77 77.7095
58.50580 6022.93 77.6076
58.50830 6003.21 77.4804
58.51080 5997.34 77.4425
58.51330 5998.38 77.4492
58.51580 6005.92 77.4979
58.51830 6024.51 77.6177
58.52080 6031.18 77.6607
58.52330 6034.92 77.6847
58.52580 6038.6 77.7084
58.52830 6059.87 77.8452
58.53080 6076.02 77.9488
58.53330 6072.32 77.9251
58.53580 6056.53 77.8237
58.53830 6040.19 77.7187
58.54080 6028.21 77.6415
58.54330 6028.92 77.6461
58.54580 6032.2 77.6672
58.54830 6035.39 77.6878
58.55080 6052.75 77.7994
58.55330 6071.12 77.9174
58.55580 6086.11 78.0136
58.55830 6084.63 78.004
58.56080 6065.07 77.8786
58.56330 6017.51 77.5726
58.56580 6003.08 77.4795
58.56830 6004.38 77.4879
58.57080 6023.72 77.6126
58.57330 6038.72 77.7092
58.57580 6047.24 77.764
58.57830 6045.76 77.7545
58.58080 6045.47 77.7526
58.58330 6039.6 77.7149
58.58580 6024.12 77.6152
58.58830 6013.61 77.5475
58.59080 6010.83 77.5296
58.59330 6019.43 77.585
58.59580 6015.58 77.5601
58.59830 6003.85 77.4845
58.60080 5982.31 77.3454
58.60330 5987.69 77.3802
58.60580 5995.25 77.429
58.60830 6001.32 77.4682
58.61080 5983.6 77.3537
58.61330 5985.1 77.3634
58.61580 6018.31 77.5778
58.61830 5986.97 77.3755
58.62080 5960.08 77.2016
58.62330 5948.34 77.1255
58.62580 5977.29 77.3129
58.62830 5994.15 77.4219
58.63080 5989.71 77.3932
58.63330 5960.75 77.2059
58.63580 5949.43 77.1325
58.63830 5963.85 77.2259
58.64080 5990.55 77.3986
58.64330 6006.13 77.4992
58.64580 6006.48 77.5015
58.64830 5992.81 77.4132
58.65080 5969.61 77.2632
58.65330 5935.7 77.0435
58.65580 5961.88 77.2132
58.65830 5993.53 77.4179
58.66080 6028.1 77.6409
58.66330 6056.12 77.8211
58.66580 6078.73 77.9662
58.66830 6095.4 78.073
58.67080 6104.35 78.1303
58.67330 6105.12 78.1353
58.67580 6097.06 78.0836
58.67830 6115.28 78.2002
58.68080 6130.36 78.2966
58.68330 6141.41 78.3671
58.68580 6166.95 78.5299
58.68830 6178.13 78.6011
58.69080 6174.09 78.5754
58.69330 6207.11 78.7852
58.69580 6209.15 78.7981
58.69830 6179.7 78.6111
58.70080 6186.5 78.6543
58.70330 6190.01 78.6766
58.70580 6190.5 78.6797
58.70830 6210.54 78.807
58.71080 6203.13 78.7599
58.71330 6169.64 78.5471
58.71580 6129.98 78.2942
58.71830 6121.37 78.2392
58.72080 6140.17 78.3592
58.72330 6121.77 78.2417
58.72580 6104.65 78.1323
58.72830 6089.41 78.0347
58.73080 6094.78 78.0691
58.73330 6104.87 78.1337
58.73580 6118.01 78.2177
58.73830 6108.52 78.157
58.74080 6101.52 78.1123
58.74330 6095.83 78.0758
58.74580 6075.72 77.9469
58.74830 6053.97 77.8073
58.75080 6032.59 77.6697
58.75330 6037.89 77.7039
58.75580 6034.26 77.6805
58.75830 6023.55 77.6115
58.76080 6010.85 77.5297
58.76330 6002.62 77.4766
58.76580 5999.26 77.4549
58.76830 6014.39 77.5525
58.77080 6026.63 77.6314
58.77330 6033.56 77.676
58.77580 6005.23 77.4934
58.77830 6001.61 77.4701
58.78080 6011.36 77.533
58.78330 5982.32 77.3455
58.78580 5980.43 77.3332
58.78830 5994.55 77.4245
58.79080 5987.55 77.3792
58.79330 5972.59 77.2825
58.79580 5955.28 77.1704
58.79830 5961.36 77.2098
58.80080 5961.98 77.2138
58.80330 5963.01 77.2205
58.80580 5993.17 77.4156
58.80830 5991.9 77.4073
58.81080 5970.23 77.2673
58.81330 5940.12 77.0722
58.81580 5934.32 77.0345
58.81830 5943.68 77.0952
58.82080 5958.48 77.1912
58.82330 5980.82 77.3358
58.82580 5999.43 77.456
58.82830 5969.41 77.262
58.83080 5945.82 77.1091
58.83330 5929.25 77.0016
58.83580 5932.5 77.0227
58.83830 5930.16 77.0076
58.84080 5923.41 76.9637
58.84330 5908.85 76.8691
58.84580 5900.94 76.8176
58.84830 5894.54 76.7759
58.85080 5878.68 76.6726
58.85330 5888.1 76.7339
58.85580 5908.29 76.8654
58.85830 5920.72 76.9462
58.86080 5921.29 76.9499
58.86330 5919.25 76.9366
58.86580 5930.61 77.0105
58.86830 5925.81 76.9793
58.87080 5912.55 76.8931
58.87330 5894.72 76.7771
58.87580 5890.39 76.7489
58.87830 5894.32 76.7745
58.88080 5907.67 76.8614
58.88330 5891.79 76.758
58.88580 5869.24 76.611
58.88830 5868.33 76.605
58.89080 5879.87 76.6803
58.89330 5892.05 76.7597
58.89580 5888.15 76.7343
58.89830 5893.36 76.7682
58.90080 5889.78 76.7449
58.90330 5843.42 76.4422
58.90580 5852 76.4983
58.90830 5871.5 76.6257
58.91080 5859.22 76.5456
58.91330 5878.85 76.6737
58.91580 5907.22 76.8584
58.91830 5927.08 76.9875
58.92080 5928.36 76.9959
58.92330 5921.58 76.9518
58.92580 5909.66 76.8743
58.92830 5923.77 76.966
58.93080 5940.28 77.0732
58.93330 5939.01 77.0649
58.93580 5938.38 77.0609
58.93830 5943.74 77.0956
58.94080 5965.1 77.2341
58.94330 5982.92 77.3493
58.94580 5983.42 77.3526
58.94830 5940.69 77.0759
58.95080 5940.83 77.0768
58.95330 5958.67 77.1924
58.95580 5990.33 77.3972
58.95830 5998.4 77.4493
58.96080 5998.06 77.4471
58.96330 5992.91 77.4139
58.96580 5981.21 77.3383
58.96830 5979.59 77.3278
58.97080 6005.73 77.4967
58.97330 5994.14 77.4218
58.97580 5981.27 77.3386
58.97830 5986.61 77.3732
58.98080 6002.63 77.4766
58.98330 6017.86 77.5749
58.98580 6025.95 77.627
58.98830 6028.28 77.642
58.99080 6031.19 77.6608
58.99330 6038.03 77.7047
58.99580 6025.64 77.625
58.99830 6015.77 77.5614
59.00080 6019.13 77.583
59.00330 6026.14 77.6282
59.00580 6026.17 77.6284
59.00830 6011.19 77.5319
59.01080 6016.44 77.5657
59.01330 6029.91 77.6525
59.01580 6051.77 77.7931
59.01830 6045.45 77.7525
59.02080 6039.19 77.7122
59.02330 6041.96 77.73
59.02580 6052.74 77.7994
59.02830 6061.17 77.8535
59.03080 6063.18 77.8664
59.03330 6070.81 77.9154
59.03580 6083 77.9936
59.03830 6101.44 78.1117
59.04080 6110.09 78.1671
59.04330 6103.56 78.1253
59.04580 6074.53 77.9393
59.04830 6105.31 78.1365
59.05080 6136.77 78.3376
59.05330 6157 78.4665
59.05580 6150.07 78.4224
59.05830 6140.07 78.3586
59.06080 6130.38 78.2967
59.06330 6106.81 78.1461
59.06580 6088.13 78.0265
59.06830 6078.89 77.9672
59.07080 6096.83 78.0822
59.07330 6107.97 78.1535
59.07580 6105.58 78.1382
59.07830 6102.07 78.1157
59.08080 6093.25 78.0593
59.08330 6077.28 77.9569
59.08580 6071.26 77.9183
59.08830 6056.65 77.8245
59.09080 6029.59 77.6504
59.09330 6039.7 77.7155
59.09580 6036.69 77.6961
59.09830 6013.44 77.5464
59.10080 5999.96 77.4594
59.10330 5994.01 77.421
59.10580 5996.65 77.438
59.10830 5998.91 77.4526
59.11080 5998.77 77.4517
59.11330 5995.77 77.4323
59.11580 5999.47 77.4562
59.11830 5977.64 77.3152
59.12080 5925.81 76.9793
59.12330 5930.25 77.0081
59.12580 5942.8 77.0896
59.12830 5962.28 77.2158
59.13080 5952.68 77.1536
59.13330 5940.25 77.073
59.13580 5925.55 76.9776
59.13830 5909.78 76.8751
59.14080 5907.8 76.8622
59.14330 5920.34 76.9438
59.14580 5937.72 77.0566
59.14830 5936.62 77.0495
59.15080 5916.65 76.9197
59.15330 5889.77 76.7448
59.15580 5888.58 76.7371
59.15830 5912.47 76.8926
59.16080 5908.48 76.8667
59.16330 5904.1 76.8382
59.16580 5899.55 76.8085
59.16830 5907.65 76.8613
59.17080 5904.92 76.8435
59.17330 5892.69 76.7639
59.17580 5900.3 76.8134
59.17830 5911.26 76.8847
59.18080 5924.39 76.9701
59.18330 5913.41 76.8987
59.18580 5913.91 76.9019
59.18830 5923.1 76.9617
59.19080 5903.59 76.8348
59.19330 5916.06 76.916
59.19580 5952.67 77.1535
59.19830 5938.65 77.0626
59.20080 5934.66 77.0367
59.20330 5939.26 77.0666
59.20580 5951.83 77.1481
59.20830 5966.86 77.2455
59.21080 5980.42 77.3332
59.21330 5945.43 77.1066
59.21580 5929.75 77.0049
59.21830 5929.08 77.0005
59.22080 5933.52 77.0294
59.22330 5937.84 77.0573
59.22580 5943.35 77.0931
59.22830 5963.34 77.2226
59.23080 5968.61 77.2568
59.23330 5963.74 77.2252
59.23580 5961.36 77.2098
59.23830 5968.83 77.2582
59.24080 5981.9 77.3428
59.24330 5984.61 77.3603
59.24580 5986.15 77.3702
59.24830 5985.74 77.3675
59.25080 5975.45 77.301
59.25330 5977.84 77.3165
59.25580 5987.33 77.3778
59.25830 5989.25 77.3902
59.26080 5994.8 77.4261
59.26330 6000.08 77.4602
59.26580 5987.55 77.3792
59.26830 5976.16 77.3057
59.27080 5969.01 77.2594
59.27330 5985.31 77.3648
59.27580 5977.75 77.3159
59.27830 5963.27 77.2222
59.28080 5990.6 77.399
59.28330 5995.78 77.4324
59.28580 5989.85 77.3941
59.28830 5990.57 77.3988
59.29080 5988.12 77.383
59.29330 5980.74 77.3352
59.29580 5955.84 77.1741
59.29830 5974.73 77.2964
59.30080 6008.84 77.5167
59.30330 6005.63 77.496
59.30580 6003.37 77.4814
59.30830 6001.08 77.4666
59.31080 5996.38 77.4363
59.31330 5990.85 77.4006
59.31580 5983 77.3499
59.31830 5966.43 77.2427
59.32080 5970.73 77.2705
59.32330 5985.58 77.3665
59.32580 6004.54 77.489
59.32830 6013.09 77.5441
59.33080 6010.22 77.5256
59.33330 5979.59 77.3278
59.33580 5960.89 77.2068
59.33830 5951.06 77.1431
59.34080 5955.85 77.1742
59.34330 5970.34 77.268
59.34580 5978.68 77.3219
59.34830 5949.76 77.1347
59.35080 5940.49 77.0746
59.35330 5942.9 77.0902
59.35580 5959.15 77.1956
59.35830 5960.5 77.2043
59.36080 5960.55 77.2046
59.36330 5975.11 77.2989
59.36580 5976.55 77.3082
59.36830 5963.81 77.2257
59.37080 5920.95 76.9477
59.37330 5914.47 76.9056
59.37580 5922.06 76.955
59.37830 5934.06 77.0328
59.38080 5936.35 77.0477
59.38330 5930.21 77.0078
59.38580 5908.79 76.8686
59.38830 5902.94 76.8306
59.39080 5905.84 76.8495
59.39330 5919.36 76.9374
59.39580 5944.03 77.0975
59.39830 5959.03 77.1948
59.40080 5938.99 77.0648
59.40330 5943.83 77.0962
59.40580 5952.77 77.1542
59.40830 5953.7 77.1602
59.41080 5940.22 77.0728
59.41330 5929.24 77.0016
59.41580 5934.34 77.0346
59.41830 5941.73 77.0826
59.42080 5943.9 77.0967
59.42330 5932.21 77.0208
59.42580 5920.48 76.9447
59.42830 5918.75 76.9334
59.43080 5939.94 77.071
59.43330 5941.8 77.0831
59.43580 5938.88 77.0641
59.43830 5935.54 77.0425
59.44080 5914.1 76.9032
59.44330 5908.98 76.8699
59.44580 5947.12 77.1175
59.44830 5951.88 77.1484
59.45080 5942.09 77.085
59.45330 5917.09 76.9226
59.45580 5930.34 77.0087
59.45830 5950.78 77.1413
59.46080 5970.25 77.2674
59.46330 5958.72 77.1928
59.46580 5941.95 77.084
59.46830 5926.34 76.9827
59.47080 5929.83 77.0054
59.47330 5931.39 77.0155
59.47580 5923.19 76.9623
59.47830 5927.68 76.9914
59.48080 5931.63 77.0171
59.48330 5930.89 77.0123
59.48580 5952.95 77.1554
59.48830 5970.29 77.2677
59.49080 5973.57 77.2889
59.49330 5965.48 77.2365
59.49580 5960.02 77.2012
59.49830 5961.58 77.2112
59.50080 5949.71 77.1344
59.50330 5933.28 77.0278
59.50580 5912.45 76.8925
59.50830 5894.62 76.7764
59.51080 5887.18 76.728
59.51330 5895.13 76.7797
59.51580 5889.02 76.74
59.51830 5885.12 76.7145
59.52080 5886.83 76.7257
59.52330 5871.17 76.6235
59.52580 5859.63 76.5482
59.52830 5856.55 76.5281
59.53080 5861.3 76.5591
59.53330 5860.51 76.554
59.53580 5851.05 76.4922
59.53830 5855.56 76.5216
59.54080 5855.65 76.5222
59.54330 5848.27 76.474
59.54580 5858.79 76.5427
59.54830 5866.23 76.5913
59.55080 5867.98 76.6027
59.55330 5873.18 76.6367
59.55580 5868.42 76.6056
59.55830 5850.92 76.4913
59.56080 5848.91 76.4782
59.56330 5834.25 76.3823
59.56580 5803.24 76.179
59.56830 5809.56 76.2205
59.57080 5827.24 76.3363
59.57330 5856.22 76.5259
59.57580 5856.07 76.525
59.57830 5856.23 76.526
59.58080 5857.95 76.5373
59.58330 5850.27 76.487
59.58580 5837.76 76.4052
59.58830 5820.25 76.2906
59.59080 5828.86 76.347
59.59330 5825.17 76.3228
59.59580 5807.9 76.2096
59.59830 5826.05 76.3285
59.60080 5829.67 76.3523
59.60330 5817.99 76.2757
59.60580 5845.62 76.4566
59.60830 5856.44 76.5274
59.61080 5850.45 76.4883
59.61330 5843.97 76.4458
59.61580 5843.91 76.4455
59.61830 5849.2 76.4801
59.62080 5794.85 76.1239
59.62330 5784.53 76.0561
59.62580 5814.84 76.2551
59.62830 5828.95 76.3476
59.63080 5830.23 76.356
59.63330 5820.62 76.293
59.63580 5832.23 76.369
59.63830 5836.34 76.396
59.64080 5833.93 76.3802
59.64330 5831.68 76.3655
59.64580 5837.55 76.4038
59.64830 5848.58 76.476
59.65080 5825.61 76.3257
59.65330 5808.94 76.2164
59.65580 5797.78 76.1432
59.65830 5793.32 76.1139
59.66080 5784.74 76.0575
59.66330 5775.5 75.9967
59.66580 5804.6 76.1879
59.66830 5829.91 76.3538
59.67080 5847.95 76.4719
59.67330 5809.16 76.2179
59.67580 5804.43 76.1868
59.67830 5822.95 76.3083
59.68080 5820.1 76.2896
59.68330 5814.86 76.2553
59.68580 5809.41 76.2195
59.68830 5819.3 76.2843
59.69080 5815.04 76.2564
59.69330 5802.35 76.1732
59.69580 5802.15 76.1719
59.69830 5808.77 76.2153
59.70080 5817.41 76.2719
59.70330 5804.57 76.1877
59.70580 5816.26 76.2644
59.70830 5839.22 76.4148
59.71080 5826.75 76.3331
59.71330 5807.08 76.2042
59.71580 5787.81 76.0777
59.71830 5803.99 76.1839
59.72080 5803.7 76.182
59.72330 5793.9 76.1177
59.72580 5786.63 76.0699
59.72830 5791.62 76.1027
59.73080 5805.21 76.1919
59.73330 5828.18 76.3425
59.73580 5837.72 76.405
59.73830 5838.64 76.411
59.74080 5832.99 76.374
59.74330 5827.74 76.3396
59.74580 5824.42 76.3179
59.74830 5830.63 76.3585
59.75080 5824.01 76.3152
59.75330 5813.94 76.2492
59.75580 5820.53 76.2924
59.75830 5826.16 76.3293
59.76080 5830.28 76.3563
59.76330 5829.35 76.3502
59.76580 5834.88 76.3864
59.76830 5844.86 76.4517
59.77080 5860.91 76.5566
59.77330 5854.05 76.5117
59.77580 5842.29 76.4349
59.77830 5855.69 76.5225
59.78080 5872.71 76.6336
59.78330 5890.26 76.748
59.78580 5903.27 76.8328
59.78830 5896.14 76.7864
59.79080 5880.56 76.6848
59.79330 5865.83 76.5887
59.79580 5864.87 76.5825
59.79830 5872.41 76.6316
59.80080 5890.35 76.7486
59.80330 5908.52 76.8669
59.80580 5918.85 76.9341
59.80830 5901.01 76.818
59.81080 5879.38 76.6771
59.81330 5863.1 76.5709
59.81580 5869.89 76.6152
59.81830 5884.24 76.7088
59.82080 5898.86 76.8041
59.82330 5905.41 76.8467
59.82580 5903.09 76.8316
59.82830 5899.76 76.8099
59.83080 5902.95 76.8307
59.83330 5887.78 76.7319
59.83580 5875.55 76.6522
59.83830 5890.33 76.7485
59.84080 5893.93 76.772
59.84330 5886.36 76.7226
59.84580 5857.28 76.5328
59.84830 5861.63 76.5613
59.85080 5876.12 76.6559
59.85330 5890.26 76.748
59.85580 5908.17 76.8646
59.85830 5921.09 76.9486
59.86080 5918.09 76.9291
59.86330 5903.61 76.8349
59.86580 5893.1 76.7665
59.86830 5900.57 76.8152
59.87080 5870.28 76.6177
59.87330 5849.78 76.4839
59.87580 5877.06 76.662
59.87830 5881.78 76.6927
59.88080 5883.74 76.7055
59.88330 5892.58 76.7632
59.88580 5885.21 76.7151
59.88830 5876.45 76.658
59.89080 5873.28 76.6373
59.89330 5884.07 76.7077
59.89580 5898.74 76.8033
59.89830 5914.91 76.9085
59.90080 5890.14 76.7472
59.90330 5865.89 76.5891
59.90580 5860.95 76.5568
59.90830 5861.59 76.561
59.91080 5871.2 76.6238
59.91330 5896.41 76.7881
59.91580 5912.45 76.8924
59.91830 5920.97 76.9479
59.92080 5918.49 76.9317
59.92330 5907.11 76.8577
59.92580 5904.17 76.8386
59.92830 5919.79 76.9402
59.93080 5918.89 76.9343
59.93330 5922.6 76.9584
59.93580 5939.52 77.0683
59.93830 5958.69 77.1925
59.94080 5965.49 77.2366
59.94330 5950.44 77.1391
59.94580 5950.19 77.1375
59.94830 5948.77 77.1283
59.95080 5941.77 77.0829
59.95330 5949.66 77.134
59.95580 5959.93 77.2006
59.95830 5970.76 77.2707
59.96080 5977.07 77.3115
59.96330 5972.58 77.2825
59.96580 5952.27 77.1509
59.96830 5965.27 77.2352
59.97080 5970.59 77.2696
59.97330 5958.64 77.1922
59.97580 5957.4 77.1842
59.97830 5967.59 77.2502
59.98080 5992.68 77.4124
59.98330 5993.53 77.4179
59.98580 5991.1 77.4022
59.98830 5987.34 77.3779
59.99080 6008.37 77.5137
59.99330 6014.65 77.5542
59.99580 5998.13 77.4476
59.99830 6004.11 77.4862
60.00080 6003.09 77.4796
60.00330 5990.71 77.3997
60.00580 5992.39 77.4105
60.00830 5992.9 77.4138
60.01080 5990.73 77.3998
60.01330 5993.64 77.4186
60.01580 5998.51 77.45
60.01830 6005.42 77.4947
60.02080 6003.13 77.4798
60.02330 6002.8 77.4778
60.02580 6005.34 77.4941
60.02830 6025.9 77.6267
60.03080 6036.89 77.6974
60.03330 6036.12 77.6925
60.03580 6048.78 77.7739
60.03830 6056.86 77.8259
60.04080 6059.44 77.8424
60.04330 6035.51 77.6886
60.04580 6036.72 77.6963
60.04830 6065.45 77.881
60.05080 6088.59 78.0294
60.05330 6097.27 78.085
60.05580 6091.05 78.0452
60.05830 6108.11 78.1544
60.06080 6105.54 78.138
60.06330 6083.28 77.9954
60.06580 6086.9 78.0186
60.06830 6086.13 78.0137
60.07080 6081.06 77.9811
60.07330 6072.5 77.9263
60.07580 6074.96 77.942
60.07830 6087.74 78.024
60.08080 6100.11 78.1032
60.08330 6090.98 78.0448
60.08580 6062.89 77.8645
60.08830 6053.64 77.8051
60.09080 6053.04 77.8013
60.09330 6059.35 77.8418
60.09580 6047.31 77.7645
60.09830 6035.64 77.6894
60.10080 6025.2 77.6221
60.10330 6034.15 77.6798
60.10580 6038.79 77.7097
60.10830 6038.19 77.7058
60.11080 6006.85 77.5039
60.11330 5999.92 77.4592
60.11580 6011.71 77.5352
60.11830 6012.62 77.5411
60.12080 5982.82 77.3487
60.12330 5935.46 77.0419
60.12580 5969.19 77.2605
60.12830 5977.94 77.3172
60.13080 5968.75 77.2577
60.13330 5967.07 77.2468
60.13580 5960.87 77.2066
60.13830 5953.89 77.1614
60.14080 5973.4 77.2878
60.14330 5971.87 77.2779
60.14580 5957.1 77.1823
60.14830 5955.83 77.174
60.15080 5943.08 77.0914
60.15330 5926.11 76.9812
60.15580 5939.72 77.0696
60.15830 5944.91 77.1033
60.16080 5945.77 77.1088
60.16330 5955.67 77.173
60.16580 5956.94 77.1812
60.16830 5955.22 77.1701
60.17080 5971.47 77.2753
60.17330 5983.88 77.3555
60.17580 5989.11 77.3893
60.17830 5961.02 77.2076
60.18080 5950.68 77.1407
60.18330 5952.57 77.1529
60.18580 5966.29 77.2417
60.18830 5963.31 77.2225
60.19080 5953.59 77.1595
60.19330 5959.78 77.1996
60.19580 5980.9 77.3363
60.19830 6006.38 77.5008
60.20080 6010.85 77.5296
60.20330 6016.61 77.5668
60.20580 6020.74 77.5934
60.20830 6012.7 77.5416
60.21080 6005.66 77.4962
60.21330 5998.6 77.4506
60.21580 5988.95 77.3883
60.21830 5981.7 77.3415
60.22080 5976.45 77.3075
60.22330 5975.1 77.2987
60.22580 5968.93 77.2588
60.22830 5963.05 77.2208
60.23080 5968.41 77.2555
60.23330 5976.49 77.3077
60.23580 5983.52 77.3532
60.23830 5981.03 77.3371
60.24080 5979.22 77.3254
60.24330 5975.45 77.3011
60.24580 5962.74 77.2188
60.24830 5936.11 77.0461
60.25080 5917.2 76.9233
60.25330 5949.49 77.1329
60.25580 5936.8 77.0506
60.25830 5915.29 76.9109
60.26080 5927.15 76.988
60.26330 5921.61 76.952
60.26580 5910.31 76.8785
60.26830 5902.22 76.8259
60.27080 5922.16 76.9555
60.27330 5937.23 77.0534
60.27580 5902.39 76.827
60.27830 5889.88 76.7456
60.28080 5881 76.6877
60.28330 5858.66 76.5419
60.28580 5868.2 76.6042
60.28830 5883.66 76.705
60.29080 5884.44 76.7101
60.29330 5867.42 76.5991
60.29580 5852.92 76.5044
60.29830 5862.27 76.5654
60.30080 5862.34 76.5659
60.30330 5860.77 76.5557
60.30580 5862.64 76.5678
60.30830 5869 76.6094
60.31080 5865.19 76.5845
60.31330 5830.99 76.3609
60.31580 5810.96 76.2296
60.31830 5807.42 76.2064
60.32080 5835.45 76.3901
60.32330 5852.84 76.5038
60.32580 5864.48 76.5799
60.32830 5869.12 76.6102
60.33080 5857.49 76.5343
60.33330 5845.97 76.459
60.33580 5844.48 76.4492
60.33830 5843.29 76.4414
60.34080 5847.66 76.47
60.34330 5864.39 76.5793
60.34580 5853.99 76.5114
60.34830 5841.81 76.4317
60.35080 5839.35 76.4156
60.35330 5850.4 76.4879
60.35580 5867.27 76.5981
60.35830 5890.09 76.7469
60.36080 5889.68 76.7443
60.36330 5884.68 76.7117
60.36580 5880.11 76.6819
60.36830 5851.94 76.498
60.37080 5829.08 76.3484
60.37330 5825.38 76.3241
60.37580 5837.16 76.4013
60.37830 5850.7 76.4899
60.38080 5862.22 76.5651
60.38330 5851.54 76.4953
60.38580 5839.75 76.4183
60.38830 5832.84 76.373
60.39080 5828.96 76.3476
60.39330 5829.33 76.3501
60.39580 5836.26 76.3954
60.39830 5837.02 76.4004
60.40080 5832.28 76.3694
60.40330 5819.89 76.2882
60.40580 5802.22 76.1723
60.40830 5794.3 76.1203
60.41080 5803.32 76.1795
60.41330 5834.23 76.3821
60.41580 5850.3 76.4872
60.41830 5838.76 76.4118
60.42080 5845.87 76.4583
60.42330 5850.41 76.488
60.42580 5847.77 76.4707
60.42830 5833.05 76.3744
60.43080 5817.84 76.2748
60.43330 5803.82 76.1828
60.43580 5815.25 76.2578
60.43830 5820.6 76.2929
60.44080 5813.88 76.2488
60.44330 5812.53 76.24
60.44580 5805.32 76.1926
60.44830 5789.46 76.0885
60.45080 5811.44 76.2328
60.45330 5833.76 76.3791
60.45580 5852.62 76.5024
60.45830 5849.33 76.4809
60.46080 5834.2 76.3819
60.46330 5805.91 76.1966
60.46580 5796.37 76.1339
60.46830 5800.05 76.1581
60.47080 5818.66 76.2801
60.47330 5823.73 76.3134
60.47580 5821.26 76.2972
60.47830 5810.64 76.2275
60.48080 5824.72 76.3199
60.48330 5833.39 76.3766
60.48580 5834.62 76.3847
60.48830 5836.46 76.3967
60.49080 5844.28 76.4479
60.49330 5858.78 76.5426
60.49580 5832.69 76.3721
60.49830 5821.82 76.3009
60.50080 5828.41 76.3441
60.50330 5845.49 76.4558
60.50580 5845.97 76.4589
60.50830 5828.94 76.3475
60.51080 5860.73 76.5554
60.51330 5864.24 76.5783
60.51580 5838.86 76.4124
60.51830 5843.14 76.4404
60.52080 5850.3 76.4872
60.52330 5859.97 76.5504
60.52580 5839.08 76.4139
60.52830 5839.39 76.4159
60.53080 5859.02 76.5442
60.53330 5836.81 76.399
60.53580 5839.97 76.4197
60.53830 5865.65 76.5875
60.54080 5864.27 76.5786
60.54330 5853.47 76.508
60.54580 5836.27 76.3955
60.54830 5873.96 76.6417
60.55080 5875.69 76.653
60.55330 5848.14 76.4731
60.55580 5855.4 76.5206
60.55830 5870.88 76.6217
60.56080 5891.08 76.7534
60.56330 5871.91 76.6284
60.56580 5855.45 76.5209
60.56830 5842.92 76.439
60.57080 5858.3 76.5395
60.57330 5871.06 76.6228
60.57580 5881.23 76.6892
60.57830 5883.69 76.7052
60.58080 5889.44 76.7427
60.58330 5895.45 76.7818
60.58580 5874.27 76.6438
60.58830 5881.59 76.6915
60.59080 5904.92 76.8435
60.59330 5877.09 76.6622
60.59580 5873.43 76.6383
60.59830 5885.97 76.72
60.60080 5890.91 76.7523
60.60330 5908.78 76.8686
60.60580 5931.02 77.0131
60.60830 5913.68 76.9005
60.61080 5915.05 76.9093
60.61330 5929.37 77.0024
60.61580 5949.49 77.133
60.61830 5930.21 77.0079
60.62080 5892.92 76.7653
60.62330 5908.1 76.8642
60.62580 5922.01 76.9546
60.62830 5932.81 77.0248
60.63080 5927.37 76.9894
60.63330 5912.66 76.8938
60.63580 5897.26 76.7936
60.63830 5912.98 76.8959
60.64080 5911.31 76.885
60.64330 5902.64 76.8286
60.64580 5911.61 76.887
60.64830 5918.77 76.9336
60.65080 5921.95 76.9542
60.65330 5908.08 76.864
60.65580 5914.55 76.9061
60.65830 5926.92 76.9865
60.66080 5913.15 76.897
60.66330 5931.12 77.0137
60.66580 5955.95 77.1748
60.66830 5933.87 77.0316
60.67080 5916.31 76.9175
60.67330 5907.18 76.8582
60.67580 5927.56 76.9907
60.67830 5921.14 76.949
60.68080 5906.19 76.8518
60.68330 5909.99 76.8765
60.68580 5928.97 76.9998
60.68830 5944.99 77.1037
60.69080 5919.04 76.9353
60.69330 5912.65 76.8938
60.69580 5914.88 76.9083
60.69830 5917.17 76.9232
60.70080 5924.66 76.9718
60.70330 5929.86 77.0056
60.70580 5917.86 76.9276
60.70830 5934.78 77.0375
60.71080 5955.95 77.1748
60.71330 5949.86 77.1353
60.71580 5957.86 77.1872
60.71830 5968.63 77.2569
60.72080 5969.93 77.2653
60.72330 5959.79 77.1997
60.72580 5953.01 77.1557
60.72830 5971.55 77.2758
60.73080 5988.27 77.3839
60.73330 6001.51 77.4694
60.73580 6005.84 77.4974
60.73830 6024.74 77.6192
60.74080 6044.02 77.7433
60.74330 6049.24 77.7769
60.74580 6027.69 77.6382
60.74830 6002 77.4726
60.75080 5989.87 77.3942
60.75330 5988.45 77.3851
60.75580 5990.01 77.3951
60.75830 5990.43 77.3979
60.76080 6011.75 77.5355
60.76330 6029.02 77.6468
60.76580 6018.75 77.5806
60.76830 6009.28 77.5196
60.77080 6006.31 77.5004
60.77330 6019.35 77.5845
60.77580 6006.76 77.5033
60.77830 6000.45 77.4626
60.78080 6026.78 77.6324
60.78330 6045.29 77.7514
60.78580 6058.75 77.838
60.78830 6065.14 77.879
60.79080 6058.4 77.8357
60.79330 6050.89 77.7875
60.79580 6048.98 77.7752
60.79830 6048.12 77.7697
60.80080 6047.06 77.7629
60.80330 6045 77.7496
60.80580 6061.19 77.8537
60.80830 6061.54 77.8559
60.81080 6020.05 77.589
60.81330 6008.17 77.5124
60.81580 6000.97 77.4659
60.81830 5990.68 77.3995
60.82080 5996.18 77.435
60.82330 6003.27 77.4808
60.82580 6007.36 77.5071
60.82830 6000.14 77.4606
60.83080 5990.34 77.3973
60.83330 5979.62 77.328
60.83580 5977.15 77.312
60.83830 5971.34 77.2745
60.84080 5956.87 77.1808
60.84330 5948.41 77.1259
60.84580 5936.94 77.0515
60.84830 5918.47 76.9316
60.85080 5923.08 76.9615
60.85330 5932.74 77.0243
60.85580 5945.01 77.1039
60.85830 5929.92 77.006
60.86080 5920.65 76.9458
60.86330 5927.22 76.9884
60.86580 5930.61 77.0104
60.86830 5915.38 76.9115
60.87080 5871.46 76.6254
60.87330 5871.03 76.6226
60.87580 5876.99 76.6615
60.87830 5884.67 76.7116
60.88080 5869.77 76.6144
60.88330 5861.53 76.5606
60.88580 5866.78 76.5949
60.88830 5872.79 76.6341
60.89080 5883.38 76.7032
60.89330 5900.39 76.814
60.89580 5874.81 76.6473
60.89830 5855.19 76.5192
60.90080 5849.06 76.4791
60.90330 5848.5 76.4755
60.90580 5851.51 76.4952
60.90830 5858.68 76.542
60.91080 5858.16 76.5386
60.91330 5867.98 76.6027
60.91580 5891.79 76.758
60.91830 5885.32 76.7158
60.92080 5875.86 76.6541
60.92330 5865.01 76.5834
60.92580 5877.99 76.6681
60.92830 5887.78 76.7319
60.93080 5892.23 76.7608
60.93330 5871.74 76.6273
60.93580 5871.37 76.6249
60.93830 5895.67 76.7833
60.94080 5867.58 76.6001
60.94330 5852.83 76.5038
60.94580 5855.16 76.519
60.94830 5873.82 76.6409
60.95080 5877.3 76.6635
60.95330 5863.75 76.5751
60.95580 5885.49 76.717
60.95830 5892.29 76.7613
60.96080 5882.68 76.6986
60.96330 5870.21 76.6173
60.96580 5873.42 76.6383
60.96830 5892.64 76.7635
60.97080 5876.83 76.6605
60.97330 5862.64 76.5679
60.97580 5850.34 76.4875
60.97830 5872.77 76.634
60.98080 5889.55 76.7434
60.98330 5900.93 76.8175
60.98580 5911.76 76.8879
60.98830 5911.66 76.8873
60.99080 5901.97 76.8243
60.99330 5912.62 76.8935
60.99580 5910.65 76.8808
60.99830 5897.67 76.7963
61.00080 5892.41 76.762
61.00330 5888.96 76.7396
61.00580 5886.08 76.7208
61.00830 5859.63 76.5482
61.01080 5862.18 76.5649
61.01330 5887.84 76.7323
61.01580 5891.36 76.7552
61.01830 5876.9 76.6609
61.02080 5849.29 76.4807
61.02330 5845 76.4526
61.02580 5849.55 76.4823
61.02830 5861.39 76.5597
61.03080 5878.64 76.6723
61.03330 5892.65 76.7636
61.03580 5902.45 76.8274
61.03830 5889.98 76.7462
61.04080 5878.53 76.6716
61.04330 5868.83 76.6083
61.04580 5870.42 76.6187
61.04830 5881.97 76.694
61.05080 5899.92 76.8109
61.05330 5911.28 76.8848
61.05580 5915.23 76.9106
61.05830 5913.8 76.9012
61.06080 5909.28 76.8718
61.06330 5901.83 76.8234
61.06580 5892.39 76.7619
61.06830 5882.46 76.6972
61.07080 5893.81 76.7711
61.07330 5913.7 76.9006
61.07580 5894.65 76.7766
61.07830 5887.81 76.732
61.08080 5890.48 76.7495
61.08330 5907.41 76.8597
61.08580 5916.64 76.9197
61.08830 5923.43 76.9638
61.09080 5944.54 77.1008
61.09330 5952.98 77.1556
61.09580 5950.38 77.1387
61.09830 5924.44 76.9704
61.10080 5906.75 76.8554
61.10330 5899.98 76.8113
61.10580 5929.93 77.006
61.10830 5954.74 77.167
61.11080 5973.58 77.289
61.11330 5974.94 77.2977
61.11580 5961.19 77.2087
61.11830 5939.63 77.069
61.12080 5918.04 76.9288
61.12330 5912.08 76.89
61.12580 5915.61 76.913
61.12830 5927.4 76.9896
61.13080 5927.15 76.988
61.13330 5920.37 76.9439
61.13580 5910.17 76.8776
61.13830 5923.87 76.9667
61.14080 5942.25 77.086
61.14330 5933.34 77.0281
61.14580 5937.09 77.0525
61.14830 5938.31 77.0604
61.15080 5906.23 76.852
61.15330 5893.97 76.7722
61.15580 5893.82 76.7712
61.15830 5907.79 76.8621
61.16080 5910.9 76.8824
61.16330 5913.04 76.8963
61.16580 5928.02 76.9936
61.16830 5925.31 76.976
61.17080 5919.41 76.9377
61.17330 5926.8 76.9857
61.17580 5932.53 77.023
61.17830 5936.16 77.0465
61.18080 5934.76 77.0374
61.18330 5916.66 76.9198
61.18580 5902.95 76.8307
61.18830 5922.71 76.9591
61.19080 5912.41 76.8922
61.19330 5902.74 76.8293
61.19580 5926.98 76.9869
61.19830 5927.64 76.9912
61.20080 5921.97 76.9543
61.20330 5920.73 76.9463
61.20580 5911.88 76.8887
61.20830 5906.95 76.8567
61.21080 5919.89 76.9408
61.21330 5919.84 76.9405
61.21580 5919.36 76.9374
61.21830 5928.3 76.9955
61.22080 5933.56 77.0296
61.22330 5932.24 77.021
61.22580 5916.68 76.9199
61.22830 5920.92 76.9475
61.23080 5937.09 77.0525
61.23330 5969.19 77.2606
61.23580 5969.66 77.2636
61.23830 5969.65 77.2635
61.24080 5988.41 77.3848
61.24330 5992.98 77.4144
61.24580 5989.03 77.3888
61.24830 5973.67 77.2895
61.25080 5967.05 77.2467
61.25330 5968.22 77.2543
61.25580 5982 77.3434
61.25830 5964.69 77.2314
61.26080 5955.83 77.174
61.26330 5979.8 77.3292
61.26580 5968.4 77.2554
61.26830 5959.19 77.1958
61.27080 5969.89 77.2651
61.27330 5957.93 77.1876
61.27580 5954.23 77.1637
61.27830 5975.83 77.3035
61.28080 5984.66 77.3606
61.28330 5978.22 77.3189
61.28580 5947.37 77.1192
61.28830 5947.71 77.1214
61.29080 5948.96 77.1295
61.29330 5941.72 77.0826
61.29580 5958.69 77.1926
61.29830 5982.44 77.3463
61.30080 6011.06 77.531
61.30330 5997.92 77.4462
61.30580 5986.86 77.3748
61.30830 5990.44 77.3979
61.31080 5981.57 77.3406
61.31330 5970.01 77.2658
61.31580 5956.95 77.1813
61.31830 5950.57 77.14
61.32080 5953.27 77.1574
61.32330 5968.97 77.2591
61.32580 5972.17 77.2798
61.32830 5976.36 77.307
61.33080 5984.47 77.3594
61.33330 5979.48 77.3271
61.33580 5970.75 77.2706
61.33830 5958.67 77.1924
61.34080 5974.52 77.295
61.34330 5979.28 77.3258
61.34580 5964.02 77.2271
61.34830 5972.77 77.2837
61.35080 5986.38 77.3717
61.35330 6003.63 77.4831
61.35580 5979.14 77.3249
61.35830 5974.27 77.2934
61.36080 6000.39 77.4622
61.36330 6018.78 77.5808
61.36580 6020.33 77.5908
61.36830 6000.77 77.4647
61.37080 5963.37 77.2228
61.37330 5948.75 77.1282
61.37580 5964.17 77.228
61.37830 5976.64 77.3087
61.38080 5980.14 77.3314
61.38330 5972.97 77.285
61.38580 5996 77.4339
61.38830 6012.28 77.5389
61.39080 6019.02 77.5823
61.39330 6011.42 77.5334
61.39580 6012.58 77.5408
61.39830 6024.28 77.6163
61.40080 6010.29 77.5261
61.40330 6007.13 77.5057
61.40580 6016.69 77.5673
61.40830 6001.43 77.4689
61.41080 6002.89 77.4783
61.41330 6022.62 77.6055
61.41580 6012.5 77.5403
61.41830 6004.89 77.4912
61.42080 6000.22 77.4611
61.42330 5988.91 77.388
61.42580 5982.53 77.3468
61.42830 5981.09 77.3375
61.43080 5977.92 77.317
61.43330 5975.69 77.3026
61.43580 5974.51 77.2949
61.43830 5983.47 77.3529
61.44080 5978.53 77.321
61.44330 5961.17 77.2086
61.44580 5967.51 77.2497
61.44830 5979.01 77.324
61.45080 5994.3 77.4229
61.45330 5982.01 77.3435
61.45580 5972.83 77.2841
61.45830 5966.02 77.24
61.46080 5950.72 77.1409
61.46330 5939.76 77.0698
61.46580 5933.23 77.0275
61.46830 5942.71 77.089
61.47080 5941.02 77.078
61.47330 5931.24 77.0146
61.47580 5939.19 77.0661
61.47830 5945.31 77.1058
61.48080 5948.99 77.1297
61.48330 5937.81 77.0572
61.48580 5941.53 77.0813
61.48830 5956.81 77.1803
61.49080 5974.3 77.2936
61.49330 5970.71 77.2704
61.49580 5953.33 77.1578
61.49830 5956.7 77.1796
61.50080 5961.39 77.21
61.50330 5964.82 77.2323
61.50580 5945.29 77.1057
61.50830 5926.09 76.9811
61.51080 5909.8 76.8752
61.51330 5918.98 76.9349
61.51580 5913.81 76.9013
61.51830 5899.12 76.8057
61.52080 5884.78 76.7123
61.52330 5862.02 76.5638
61.52580 5840.68 76.4243
61.52830 5873.43 76.6383
61.53080 5885.23 76.7152
61.53330 5880.69 76.6857
61.53580 5852.11 76.4991
61.53830 5844.56 76.4498
61.54080 5849.88 76.4845
61.54330 5856.61 76.5285
61.54580 5853.76 76.5098
61.54830 5846.59 76.463
61.55080 5847.39 76.4682
61.55330 5848.47 76.4753
61.55580 5847.81 76.471
61.55830 5835.96 76.3935
61.56080 5832.95 76.3738
61.56330 5829.61 76.3519
61.56580 5798.1 76.1453
61.56830 5786.64 76.07
61.57080 5786.91 76.0718
61.57330 5793.86 76.1174
61.57580 5784.5 76.0559
61.57830 5775.51 75.9968
61.58080 5808.35 76.2126
61.58330 5813.63 76.2472
61.58580 5806.76 76.2021
61.58830 5805.3 76.1925
61.59080 5822.3 76.304
61.59330 5840.19 76.4211
61.59580 5824.47 76.3182
61.59830 5810.31 76.2254
61.60080 5800.37 76.1602
61.60330 5804.94 76.1901
61.60580 5800.58 76.1616
61.60830 5792.89 76.111
61.61080 5787.21 76.0737
61.61330 5818.6 76.2797
61.61580 5852.71 76.503
61.61830 5839.52 76.4167
61.62080 5808.16 76.2113
61.62330 5785.82 76.0646
61.62580 5821.37 76.2979
61.62830 5828.57 76.3451
61.63080 5819.6 76.2863
61.63330 5792.56 76.1089
61.63580 5799.43 76.154
61.63830 5814.82 76.2549
61.64080 5817.49 76.2725
61.64330 5815.81 76.2614
61.64580 5817.69 76.2738
61.64830 5835.43 76.39
61.65080 5804.57 76.1877
61.65330 5773.7 75.9849
61.65580 5791.3 76.1006
61.65830 5816.32 76.2648
61.66080 5836.89 76.3996
61.66330 5838.06 76.4072
61.66580 5843.07 76.44
61.66830 5846.55 76.4627
61.67080 5842.61 76.4369
61.67330 5829.19 76.3491
61.67580 5814.2 76.2509
61.67830 5802.4 76.1735
61.68080 5815.86 76.2618
61.68330 5833.4 76.3767
61.68580 5843.37 76.4419
61.68830 5839.85 76.4189
61.69080 5838.83 76.4122
61.69330 5852.48 76.5015
61.69580 5852.19 76.4996
61.69830 5853.07 76.5054
61.70080 5864.88 76.5825
61.70330 5878.55 76.6717
61.70580 5888.25 76.7349
61.70830 5888.14 76.7342
61.71080 5872.91 76.6349
61.71330 5856.25 76.5261
61.71580 5843.93 76.4456
61.71830 5851.74 76.4967
61.72080 5864.92 76.5828
61.72330 5880.21 76.6825
61.72580 5888.38 76.7358
61.72830 5888.65 76.7375
61.73080 5876.1 76.6557
61.73330 5893.57 76.7696
61.73580 5909.94 76.8761
61.73830 5913.12 76.8968
61.74080 5910.01 76.8766
61.74330 5905.08 76.8445
61.74580 5898.88 76.8041
61.74830 5885.44 76.7166
61.75080 5884.88 76.7129
61.75330 5909.48 76.8732
61.75580 5914.66 76.9069
61.75830 5909.91 76.8759
61.76080 5893.35 76.7682
61.76330 5913.7 76.9006
61.76580 5931.3 77.0149
61.76830 5935.28 77.0408
61.77080 5921.73 76.9528
61.77330 5901.51 76.8213
61.77580 5874.42 76.6448
61.77830 5918.69 76.933
61.78080 5955.04 77.1689
61.78330 5965.16 77.2344
61.78580 5962.34 77.2162
61.78830 5962.19 77.2152
61.79080 5968.27 77.2546
61.79330 5953.73 77.1604
61.79580 5955.7 77.1732
61.79830 5984.72 77.361
61.80080 5991.72 77.4062
61.80330 5991.17 77.4026
61.80580 5982.98 77.3497
61.80830 5996.33 77.436
61.81080 5993.06 77.4149
61.81330 5964.8 77.2321
61.81580 5981.68 77.3413
61.81830 5985.67 77.3671
61.82080 5968.3 77.2548
61.82330 5968.38 77.2553
61.82580 5962.19 77.2152
61.82830 5946.58 77.114
61.83080 5964.33 77.2291
61.83330 5978.58 77.3213
61.83580 5986.19 77.3705
61.83830 5959.81 77.1998
61.84080 5959.77 77.1996
61.84330 5992.88 77.4137
61.84580 5953.23 77.1572
61.84830 5929.44 77.0028
61.85080 5927.09 76.9876
61.85330 5925.21 76.9754
61.85580 5920.18 76.9427
61.85830 5911.63 76.8871
61.86080 5932.51 77.0228
61.86330 5938.09 77.059
61.86580 5926.56 76.9842
61.86830 5891.19 76.7541
61.87080 5860.26 76.5523
61.87330 5834.24 76.3822
61.87580 5858.34 76.5398
61.87830 5864.77 76.5818
61.88080 5853.25 76.5066
61.88330 5855.58 76.5218
61.88580 5855.23 76.5195
61.88830 5852.22 76.4998
61.89080 5844.14 76.4469
61.89330 5842.64 76.4372
61.89580 5847.52 76.4691
61.89830 5861.43 76.56
61.90080 5850.31 76.4873
61.90330 5817.77 76.2743
61.90580 5832.09 76.3681
61.90830 5835.39 76.3897
61.91080 5829.49 76.3511
61.91330 5837.07 76.4007
61.91580 5844.98 76.4525
61.91830 5852.89 76.5042
61.92080 5855.1 76.5187
61.92330 5859.28 76.5459
61.92580 5864.21 76.5781
61.92830 5853.87 76.5106
61.93080 5844.06 76.4464
61.93330 5836.34 76.3959
61.93580 5854.55 76.515
61.93830 5845.62 76.4567
61.94080 5817.82 76.2746
61.94330 5817.38 76.2718
61.94580 5828.04 76.3416
61.94830 5846.81 76.4644
61.95080 5863.76 76.5752
61.95330 5870.51 76.6193
61.95580 5868.1 76.6036
61.95830 5846.22 76.4606
61.96080 5844.06 76.4464
61.96330 5853.68 76.5093
61.96580 5844.47 76.4491
61.96830 5862.36 76.566
61.97080 5891.21 76.7542
61.97330 5855.87 76.5236
61.97580 5854.59 76.5153
61.97830 5875.49 76.6518
61.98080 5896.57 76.7891
61.98330 5905.62 76.848
61.98580 5907.26 76.8587
61.98830 5910 76.8766
61.99080 5910.23 76.878
61.99330 5907.06 76.8574
61.99580 5890.93 76.7524
61.99830 5872.05 76.6293
62.00080 5858.77 76.5426
62.00330 5891.76 76.7578
62.00580 5896.03 76.7856
62.00830 5885.95 76.72
62.01080 5887.1 76.7275
62.01330 5898.59 76.8022
62.01580 5914.64 76.9067
62.01830 5924.77 76.9725
62.02080 5926.49 76.9837
62.02330 5919 76.9351
62.02580 5886.34 76.7225
62.02830 5874.69 76.6465
62.03080 5871.39 76.625
62.03330 5856.62 76.5285
62.03580 5854.58 76.5152
62.03830 5857.81 76.5363
62.04080 5856.56 76.5282
62.04330 5851.66 76.4962
62.04580 5849.16 76.4798
62.04830 5864.91 76.5827
62.05080 5875.77 76.6535
62.05330 5882.59 76.698
62.05580 5881.8 76.6929
62.05830 5874.9 76.6479
62.06080 5863.89 76.5761
62.06330 5847.08 76.4662
62.06580 5855.11 76.5187
62.06830 5866.55 76.5934
62.07080 5851.48 76.495
62.07330 5845.67 76.457
62.07580 5839.33 76.4155
62.07830 5817.63 76.2734
62.08080 5826.12 76.329
62.08330 5845.31 76.4546
62.08580 5861.2 76.5585
62.08830 5848.76 76.4772
62.09080 5837.99 76.4068
62.09330 5867.16 76.5974
62.09580 5883.43 76.7035
62.09830 5891.66 76.7572
62.10080 5889.04 76.7401
62.10330 5892.87 76.7651
62.10580 5904.69 76.842
62.10830 5933.87 77.0316
62.11080 5944.9 77.1032
62.11330 5955.9 77.1745
62.11580 5983.82 77.3552
62.11830 5969.09 77.2599
62.12080 5950.67 77.1406
62.12330 5958.75 77.193
62.12580 5971.88 77.2779
62.12830 5982.89 77.3491
62.13080 5984.39 77.3588
62.13330 5970.55 77.2694
62.13580 5955.13 77.1695
62.13830 5946.73 77.115
62.14080 5944.75 77.1022
62.14330 5950.52 77.1396
62.14580 5970.94 77.2718
62.14830 5966.71 77.2445
62.15080 5946.28 77.1121
62.15330 5902.8 76.8297
62.15580 5901.08 76.8185
62.15830 5902.47 76.8275
62.16080 5887.87 76.7325
62.16330 5898.7 76.803
62.16580 5909.88 76.8757
62.16830 5909.04 76.8703
62.17080 5883.22 76.7022
62.17330 5871.24 76.624
62.17580 5899.59 76.8088
62.17830 5881.4 76.6903
62.18080 5853.39 76.5075
62.18330 5825.04 76.322
62.18580 5838.59 76.4107
62.18830 5845.22 76.454
62.19080 5822.57 76.3058
62.19330 5821.12 76.2963
62.19580 5819.33 76.2845
62.19830 5809.61 76.2208
62.20080 5800.22 76.1592
62.20330 5794.22 76.1198
62.20580 5794.22 76.1198
62.20830 5775.36 75.9958
62.21080 5764.88 75.9268
62.21330 5774.24 75.9885
62.21580 5774.97 75.9932
62.21830 5772.81 75.979
62.22080 5768.01 75.9474
62.22330 5777.68 76.0111
62.22580 5784.02 76.0527
62.22830 5781.69 76.0374
62.23080 5776.04 76.0002
62.23330 5785.07 76.0597
62.23580 5817.77 76.2743
62.23830 5811.33 76.2321
62.24080 5802.29 76.1728
62.24330 5796.33 76.1337
62.24580 5785.2 76.0605
62.24830 5767.19 75.942
62.25080 5739.94 75.7624
62.25330 5752.11 75.8427
62.25580 5755.95 75.868
62.25830 5742.55 75.7796
62.26080 5740.49 75.766
62.26330 5743.23 75.7841
62.26580 5751.15 75.8363
62.26830 5758.58 75.8853
62.27080 5754.63 75.8593
62.27330 5735.72 75.7345
62.27580 5736.72 75.7412
62.27830 5749.48 75.8253
62.28080 5775.46 75.9964
62.28330 5751.66 75.8397
62.28580 5727.73 75.6817
62.28830 5707.32 75.5468
62.29080 5707.83 75.5502
62.29330 5713.32 75.5865
62.29580 5723.48 75.6537
62.29830 5739.67 75.7606
62.30080 5750.26 75.8305
62.30330 5754.1 75.8558
62.30580 5760.16 75.8957
62.30830 5761.25 75.9029
62.31080 5756.7 75.8729
62.31330 5725.25 75.6654
62.31580 5717.76 75.6159
62.31830 5736.86 75.7421
62.32080 5722.9 75.6498
62.32330 5725.49 75.667
62.32580 5745.95 75.8021
62.32830 5728.55 75.6872
62.33080 5738.18 75.7508
62.33330 5775.42 75.9962
62.33580 5772.94 75.9799
62.33830 5774.66 75.9912
62.34080 5780.43 76.0291
62.34330 5780.12 76.0271
62.34580 5774.89 75.9927
62.34830 5765.37 75.93
62.35080 5777.06 76.007
62.35330 5782.61 76.0435
62.35580 5782.67 76.0439
62.35830 5787.2 76.0737
62.36080 5788.81 76.0842
62.36330 5787.45 76.0753
62.36580 5776.01 76.0001
62.36830 5757.85 75.8805
62.37080 5735.2 75.7311
62.37330 5741.54 75.7729
62.37580 5753.93 75.8547
62.37830 5770.03 75.9607
62.38080 5761.35 75.9036
62.38330 5752.11 75.8427
62.38580 5743.49 75.7858
62.38830 5751.77 75.8404
62.39080 5764.81 75.9264
62.39330 5781.36 76.0352
62.39580 5794.9 76.1242
62.39830 5778.29 76.0151
62.40080 5743.18 75.7838
62.40330 5759.24 75.8897
62.40580 5767.91 75.9467
62.40830 5769.68 75.9584
62.41080 5754.71 75.8598
62.41330 5759.34 75.8903
62.41580 5777.9 76.0125
62.41830 5798.1 76.1452
62.42080 5803.33 76.1796
62.42330 5798.93 76.1507
62.42580 5799.32 76.1533
62.42830 5798.25 76.1463
62.43080 5796.16 76.1325
62.43330 5793.48 76.1149
62.43580 5800.41 76.1604
62.43830 5807.91 76.2096
62.44080 5773.37 75.9827
62.44330 5763.48 75.9176
62.44580 5769.67 75.9583
62.44830 5782.83 76.0449
62.45080 5796.11 76.1322
62.45330 5807.18 76.2049
62.45580 5803.48 76.1806
62.45830 5788.83 76.0843
62.46080 5773.05 75.9806
62.46330 5788.42 76.0817
62.46580 5776.3 76.002
62.46830 5754.19 75.8564
62.47080 5761.43 75.9041
62.47330 5755.25 75.8633
62.47580 5743.47 75.7857
62.47830 5739.96 75.7625
62.48080 5756.07 75.8688
62.48330 5779.1 76.0204
62.48580 5786.44 76.0687
62.48830 5795.11 76.1257
62.49080 5795.16 76.126
62.49330 5751.07 75.8358
62.49580 5748.99 75.8221
62.49830 5761.82 75.9066
62.50080 5751.99 75.8419
62.50330 5753.1 75.8492
62.50580 5758.22 75.883
62.50830 5759.21 75.8894
62.51080 5761 75.9012
62.51330 5763.47 75.9175
62.51580 5767.26 75.9424
62.51830 5754.17 75.8562
62.52080 5732.44 75.7129
62.52330 5704.97 75.5312
62.52580 5698.24 75.4867
62.52830 5702.98 75.5181
62.53080 5718.85 75.6231
62.53330 5725.91 75.6697
62.53580 5727.09 75.6775
62.53830 5719.77 75.6291
62.54080 5714.23 75.5926
62.54330 5712.53 75.5813
62.54580 5721.29 75.6392
62.54830 5744.26 75.7909
62.55080 5759.82 75.8935
62.55330 5735.68 75.7343
62.55580 5749.6 75.8261
62.55830 5771.93 75.9732
62.56080 5779.95 76.026
62.56330 5760.52 75.8981
62.56580 5744.04 75.7895
62.56830 5762.49 75.9111
62.57080 5783.14 76.0469
62.57330 5804.09 76.1846
62.57580 5823.96 76.3149
62.57830 5824.15 76.3161
62.58080 5827.95 76.341
62.58330 5857.19 76.5323
62.58580 5858.71 76.5422
62.58830 5857.46 76.5341
62.59080 5869.55 76.613
62.59330 5878.03 76.6683
62.59580 5886.1 76.7209
62.59830 5895.58 76.7827
62.60080 5905.5 76.8472
62.60330 5913.75 76.9009
62.60580 5917.8 76.9272
62.60830 5943.99 77.0973
62.61080 5969.58 77.2631
62.61330 5981.33 77.3391
62.61580 5980.2 77.3318
62.61830 5971.7 77.2768
62.62080 5953.69 77.1601
62.62330 5956.15 77.1761
62.62580 5964.34 77.2291
62.62830 5974.95 77.2978
62.63080 5985.78 77.3678
62.63330 6000.11 77.4604
62.63580 6021.44 77.598
62.63830 6015.76 77.5613
62.64080 6006.69 77.5028
62.64330 6001.53 77.4695
62.64580 5985.91 77.3687
62.64830 5974.13 77.2925
62.65080 5973.25 77.2868
62.65330 5970.78 77.2708
62.65580 5967.51 77.2497
62.65830 5963.3 77.2224
62.66080 5954.93 77.1682
62.66330 5950.55 77.1398
62.66580 5954.35 77.1644
62.66830 5945.23 77.1054
62.67080 5939.84 77.0704
62.67330 5944.1 77.098
62.67580 5934.24 77.0341
62.67830 5923.67 76.9654
62.68080 5915.22 76.9104
62.68330 5916.65 76.9197
62.68580 5919.65 76.9392
62.68830 5923.07 76.9615
62.69080 5908.19 76.8648
62.69330 5887.35 76.7291
62.69580 5860.8 76.5559
62.69830 5862.3 76.5656
62.70080 5866.36 76.5921
62.70330 5869.61 76.6134
62.70580 5866.65 76.594
62.70830 5860.43 76.5534
62.71080 5850.47 76.4883
62.71330 5849.33 76.4809
62.71580 5843.83 76.4449
62.71830 5831.22 76.3624
62.72080 5838.67 76.4112
62.72330 5834.86 76.3862
62.72580 5813.89 76.2488
62.72830 5816.44 76.2656
62.73080 5820.34 76.2912
62.73330 5823.81 76.3139
62.73580 5835.17 76.3883
62.73830 5838.71 76.4115
62.74080 5831.93 76.3671
62.74330 5813.73 76.2478
62.74580 5803.12 76.1782
62.74830 5802.4 76.1735
62.75080 5809.27 76.2185
62.75330 5822.85 76.3076
62.75580 5843.87 76.4452
62.75830 5833 76.3741
62.76080 5821.86 76.3011
62.76330 5811.66 76.2343
62.76580 5831.8 76.3662
62.76830 5843.71 76.4442
62.77080 5845.77 76.4576
62.77330 5811.92 76.2359
62.77580 5801.96 76.1706
62.77830 5817.89 76.2751
62.78080 5841.94 76.4326
62.78330 5850.14 76.4862
62.78580 5842.08 76.4335
62.78830 5820.15 76.2899
62.79080 5807.23 76.2052
62.79330 5803.37 76.1798
62.79580 5821.46 76.2985
62.79830 5826.88 76.334
62.80080 5820.36 76.2913
62.80330 5825.12 76.3225
62.80580 5836.52 76.3971
62.80830 5853.44 76.5078
62.81080 5844.5 76.4494
62.81330 5825.73 76.3264
62.81580 5799.09 76.1517
62.81830 5801.34 76.1665
62.82080 5797.24 76.1396
62.82330 5787.81 76.0777
62.82580 5782.75 76.0444
62.82830 5774.34 75.989
62.83080 5764.82 75.9264
62.83330 5789.26 76.0872
62.83580 5795.97 76.1313
62.83830 5788.33 76.0811
62.84080 5780.82 76.0317
62.84330 5776.07 76.0004
62.84580 5773.65 75.9846
62.84830 5773.73 75.9851
62.85080 5777.1 76.0072
62.85330 5781.92 76.0389
62.85580 5773.56 75.984
62.85830 5777.23 76.0081
62.86080 5790.85 76.0977
62.86330 5817.38 76.2717
62.86580 5820.24 76.2905
62.86830 5806.01 76.1972
62.87080 5788.4 76.0816
62.87330 5778.45 76.0161
62.87580 5775.34 75.9956
62.87830 5786.99 76.0723
62.88080 5786.83 76.0712
62.88330 5778.86 76.0188
62.88580 5771.11 75.9678
62.88830 5772.7 75.9783
62.89080 5779.78 76.0249
62.89330 5783.14 76.047
62.89580 5798.95 76.1508
62.89830 5816.13 76.2636
62.90080 5787.95 76.0786
62.90330 5773.61 75.9843
62.90580 5768.46 75.9504
62.90830 5769.54 75.9575
62.91080 5773.01 75.9804
62.91330 5777.71 76.0113
62.91580 5781.51 76.0362
62.91830 5787.01 76.0724
62.92080 5790.78 76.0971
62.92330 5779.09 76.0203
62.92580 5790.24 76.0936
62.92830 5809.66 76.2211
62.93080 5807.41 76.2064
62.93330 5809.67 76.2212
62.93580 5811.69 76.2344
62.93830 5800.54 76.1613
62.94080 5787.55 76.076
62.94330 5776.36 76.0024
62.94580 5778.23 76.0147
62.94830 5803.14 76.1784
62.95080 5832.77 76.3726
62.95330 5833.54 76.3776
62.95580 5833.95 76.3803
62.95830 5829.47 76.351
62.96080 5804.58 76.1878
62.96330 5804.2 76.1853
62.96580 5806.7 76.2017
62.96830 5776.4 76.0027
62.97080 5777.69 76.0111
62.97330 5790.22 76.0935
62.97580 5793.97 76.1181
62.97830 5797.73 76.1428
62.98080 5798.18 76.1458
62.98330 5786.36 76.0681
62.98580 5779.07 76.0202
62.98830 5774.61 75.9909
62.99080 5773.84 75.9858
62.99330 5761.57 75.905
62.99580 5747.13 75.8098
62.99830 5739.97 75.7626
63.00080 5726.43 75.6731
63.00330 5713.72 75.5892
63.00580 5711.19 75.5724
63.00830 5695.72 75.47
63.01080 5678.04 75.3528
63.01330 5667.4 75.2822
63.01580 5675.86 75.3383
63.01830 5683.78 75.3908
63.02080 5671.43 75.3089
63.02330 5653.42 75.1892
63.02580 5640.59 75.1039
63.02830 5647.4 75.1492
63.03080 5653.56 75.1902
63.03330 5661.06 75.24
63.03580 5672.68 75.3172
63.03830 5660.98 75.2395
63.04080 5645.48 75.1364
63.04330 5637.74 75.0849
63.04580 5644.98 75.1331
63.04830 5657.03 75.2132
63.05080 5670.66 75.3038
63.05330 5672.24 75.3143
63.05580 5667.71 75.2842
63.05830 5656.2 75.2077
63.06080 5639.61 75.0974
63.06330 5632.06 75.0471
63.06580 5648.19 75.1545
63.06830 5654.86 75.1988
63.07080 5652.91 75.1858
63.07330 5636.9 75.0793
63.07580 5634.9 75.066
63.07830 5640.86 75.1057
63.08080 5657.02 75.2132
63.08330 5661.79 75.2448
63.08580 5655.41 75.2024
63.08830 5631.19 75.0412
63.09080 5642.63 75.1174
63.09330 5654.43 75.1959
63.09580 5652.74 75.1847
63.09830 5663.93 75.2591
63.10080 5667.43 75.2824
63.10330 5651.65 75.1775
63.10580 5642.83 75.1188
63.10830 5647.06 75.1469
63.11080 5672.95 75.319
63.11330 5684.4 75.3949
63.11580 5679.62 75.3633
63.11830 5650.41 75.1692
63.12080 5649.06 75.1602
63.12330 5655.44 75.2026
63.12580 5667.6 75.2835
63.12830 5665.47 75.2693
63.13080 5661.46 75.2427
63.13330 5657.77 75.2181
63.13580 5656.92 75.2125
63.13830 5653.15 75.1874
63.14080 5644.09 75.1272
63.14330 5649.2 75.1611
63.14580 5662.09 75.2468
63.14830 5684.25 75.394
63.15080 5655.28 75.2016
63.15330 5637.91 75.086
63.15580 5646.4 75.1425
63.15830 5651.1 75.1738
63.16080 5656.94 75.2126
63.16330 5664.99 75.2661
63.16580 5652.67 75.1843
63.16830 5648.06 75.1536
63.17080 5656.78 75.2116
63.17330 5657.19 75.2143
63.17580 5652.48 75.183
63.17830 5641.81 75.112
63.18080 5646.68 75.1444
63.18330 5653.83 75.192
63.18580 5662.46 75.2493
63.18830 5646.07 75.1403
63.19080 5637.66 75.0844
63.19330 5641.34 75.1088
63.19580 5646.17 75.141
63.19830 5650.28 75.1684
63.20080 5653.44 75.1894
63.20330 5649.29 75.1618
63.20580 5647.06 75.1469
63.20830 5647.46 75.1496
63.21080 5630.23 75.0348
63.21330 5633.08 75.0539
63.21580 5659.54 75.2299
63.21830 5648.94 75.1595
63.22080 5643.48 75.1231
63.22330 5644.85 75.1322
63.22580 5642.22 75.1147
63.22830 5641.01 75.1067
63.23080 5641.41 75.1093
63.23330 5643.8 75.1252
63.23580 5657.41 75.2157
63.23830 5682.54 75.3826
63.24080 5677.6 75.3499
63.24330 5664.97 75.266
63.24580 5644.89 75.1325
63.24830 5650.19 75.1677
63.25080 5650.67 75.171
63.25330 5646.63 75.1441
63.25580 5650.47 75.1696
63.25830 5659.13 75.2272
63.26080 5671.61 75.3101
63.26330 5653.24 75.188
63.26580 5641.73 75.1115
63.26830 5636.27 75.0751
63.27080 5625.42 75.0028
63.27330 5619.75 74.965
63.27580 5619.73 74.9649
63.27830 5648.76 75.1582
63.28080 5652.94 75.186
63.28330 5636.46 75.0764
63.28580 5627.16 75.0144
63.28830 5624.9 74.9993
63.29080 5628.63 75.0242
63.29330 5636.91 75.0793
63.29580 5638.48 75.0898
63.29830 5635.14 75.0675
63.30080 5637.67 75.0844
63.30330 5629.12 75.0275
63.30580 5615.83 74.9388
63.30830 5651.58 75.177
63.31080 5656 75.2064
63.31330 5639.35 75.0956
63.31580 5646.86 75.1456
63.31830 5646.21 75.1412
63.32080 5639.97 75.0997
63.32330 5636.31 75.0754
63.32580 5625.66 75.0044
63.32830 5610.9 74.9059
63.33080 5602.97 74.853
63.33330 5613.77 74.9251
63.33580 5635.82 75.0721
63.33830 5647.12 75.1473
63.34080 5664.5 75.2629
63.34330 5681.14 75.3733
63.34580 5660.65 75.2373
63.34830 5652.31 75.1818
63.35080 5652.62 75.1839
63.35330 5660.86 75.2387
63.35580 5673.72 75.3241
63.35830 5690.36 75.4345
63.36080 5713.83 75.5899
63.36330 5718.13 75.6183
63.36580 5710.28 75.5664
63.36830 5696.07 75.4723
63.37080 5693.28 75.4538
63.37330 5694.88 75.4644
63.37580 5684.6 75.3963
63.37830 5680.44 75.3687
63.38080 5683.13 75.3866
63.38330 5705.43 75.5343
63.38580 5714.31 75.5931
63.38830 5714.03 75.5912
63.39080 5702.43 75.5144
63.39330 5697.15 75.4795
63.39580 5698.75 75.4901
63.39830 5718.41 75.6202
63.40080 5708.58 75.5552
63.40330 5691.24 75.4403
63.40580 5705.24 75.533
63.40830 5712.97 75.5842
63.41080 5715.76 75.6027
63.41330 5709.74 75.5628
63.41580 5704.11 75.5256
63.41830 5698.07 75.4856
63.42080 5689.6 75.4294
63.42330 5690.16 75.4331
63.42580 5696.02 75.472
63.42830 5707.4 75.5473
63.43080 5702.75 75.5166
63.43330 5692.48 75.4485
63.43580 5686.03 75.4057
63.43830 5680.99 75.3723
63.44080 5677.6 75.3499
63.44330 5678.09 75.3531
63.44580 5676.39 75.3418
63.44830 5677.69 75.3505
63.45080 5692.07 75.4458
63.45330 5685.29 75.4009
63.45580 5673.07 75.3198
63.45830 5668.43 75.289
63.46080 5681.65 75.3767
63.46330 5695.94 75.4715
63.46580 5694.01 75.4587
63.46830 5685.64 75.4032
63.47080 5678.45 75.3555
63.47330 5681.19 75.3737
63.47580 5687.26 75.4139
63.47830 5694.91 75.4646
63.48080 5704.02 75.525
63.48330 5686.87 75.4114
63.48580 5673.26 75.321
63.48830 5691.36 75.4411
63.49080 5668.45 75.2891
63.49330 5638.6 75.0906
63.49580 5622.24 74.9816
63.49830 5640.48 75.1031
63.50080 5657.64 75.2173
63.50330 5647.68 75.151
63.50580 5637.48 75.0831
63.50830 5631.6 75.044
63.51080 5636.29 75.0752
63.51330 5640.6 75.1039
63.51580 5640.85 75.1056
63.51830 5631.91 75.0461
63.52080 5635.55 75.0703
63.52330 5629.79 75.0319
63.52580 5596.28 74.8083
63.52830 5619.78 74.9652
63.53080 5633.81 75.0587
63.53330 5599.44 74.8294
63.53580 5598.05 74.8201
63.53830 5593.35 74.7887
63.54080 5567 74.6124
63.54330 5580.65 74.7038
63.54580 5599.54 74.8301
63.54830 5612.53 74.9168
63.55080 5605.6 74.8705
63.55330 5604.64 74.8642
63.55580 5622.57 74.9838
63.55830 5614.81 74.932
63.56080 5606.12 74.8741
63.56330 5604.36 74.8622
63.56580 5601.61 74.8439
63.56830 5597.2 74.8144
63.57080 5590.1 74.7669
63.57330 5598.07 74.8203
63.57580 5602.89 74.8524
63.57830 5598.14 74.8207
63.58080 5612.68 74.9178
63.58330 5622.37 74.9825
63.58580 5619.23 74.9615
63.58830 5609.46 74.8963
63.59080 5606.96 74.8797
63.59330 5617.63 74.9508
63.59580 5603.89 74.8591
63.59830 5608.56 74.8903
63.60080 5646.62 75.144
63.60330 5632.1 75.0473
63.60580 5621.89 74.9793
63.60830 5627.33 75.0155
63.61080 5640.63 75.1041
63.61330 5643.23 75.1214
63.61580 5629.1 75.0274
63.61830 5622.93 74.9862
63.62080 5615.71 74.938
63.62330 5605.95 74.8729
63.62580 5616.44 74.9429
63.62830 5627.32 75.0155
63.63080 5636.38 75.0758
63.63330 5643.71 75.1246
63.63580 5650.07 75.167
63.63830 5655.35 75.2021
63.64080 5660.86 75.2387
63.64330 5661.1 75.2403
63.64580 5654.66 75.1975
63.64830 5643.59 75.1239
63.65080 5631.6 75.044
63.65330 5618.79 74.9586
63.65580 5626.91 75.0127
63.65830 5627.52 75.0168
63.66080 5618.01 74.9534
63.66330 5633.16 75.0544
63.66580 5639.83 75.0988
63.66830 5635.65 75.071
63.67080 5631.58 75.0439
63.67330 5628.44 75.0229
63.67580 5626.34 75.0089
63.67830 5616.71 74.9447
63.68080 5614.08 74.9272
63.68330 5619.17 74.9611
63.68580 5646.61 75.1439
63.68830 5653.7 75.1911
63.69080 5639.32 75.0954
63.69330 5635.12 75.0675
63.69580 5626.83 75.0122
63.69830 5614.42 74.9294
63.70080 5621.87 74.9791
63.70330 5629.66 75.0311
63.70580 5637.75 75.0849
63.70830 5642.47 75.1164
63.71080 5635.09 75.0672
63.71330 5616.87 74.9458
63.71580 5627.52 75.0168
63.71830 5642.24 75.1148
63.72080 5659.59 75.2303
63.72330 5638.84 75.0922
63.72580 5642.37 75.1157
63.72830 5666.1 75.2735
63.73080 5657.98 75.2195
63.73330 5653.41 75.1892
63.73580 5652.01 75.1799
63.73830 5653.21 75.1879
63.74080 5656.84 75.212
63.74330 5661.57 75.2434
63.74580 5650.01 75.1665
63.74830 5629.46 75.0298
63.75080 5602.42 74.8493
63.75330 5585.56 74.7366
63.75580 5599.62 74.8306
63.75830 5635.99 75.0732
63.76080 5651.64 75.1774
63.76330 5668.44 75.2891
63.76580 5682.49 75.3823
63.76830 5653.12 75.1872
63.77080 5636.09 75.0739
63.77330 5628.17 75.0212
63.77580 5622.5 74.9834
63.77830 5622.61 74.984
63.78080 5626.97 75.0131
63.78330 5633.61 75.0574
63.78580 5635.76 75.0717
63.78830 5634.62 75.0641
63.79080 5631.03 75.0402
63.79330 5635.83 75.0721
63.79580 5644.47 75.1297
63.79830 5639.95 75.0996
63.80080 5643.48 75.1231
63.80330 5654.85 75.1987
63.80580 5686.92 75.4116
63.80830 5686.57 75.4093
63.81080 5665.05 75.2665
63.81330 5633.28 75.0552
63.81580 5636.48 75.0765
63.81830 5659.51 75.2297
63.82080 5678.1 75.3532
63.82330 5670.48 75.3026
63.82580 5649.76 75.1649
63.82830 5639.41 75.096
63.83080 5640.3 75.1019
63.83330 5647.11 75.1473
63.83580 5652.84 75.1854
63.83830 5648.38 75.1557
63.84080 5641.68 75.1111
63.84330 5651.36 75.1756
63.84580 5655.29 75.2017
63.84830 5657.19 75.2143
63.85080 5663.52 75.2564
63.85330 5668.23 75.2877
63.85580 5671.82 75.3115
63.85830 5673.85 75.325
63.86080 5661.32 75.2417
63.86330 5647.93 75.1527
63.86580 5661.19 75.2409
63.86830 5650.07 75.1669
63.87080 5635.22 75.0681
63.87330 5651.21 75.1745
63.87580 5635.61 75.0707
63.87830 5621.09 74.974
63.88080 5665.86 75.2719
63.88330 5671.01 75.3061
63.88580 5658.3 75.2217
63.88830 5640.89 75.1058
63.89080 5643.73 75.1248
63.89330 5655.72 75.2045
63.89580 5671.25 75.3077
63.89830 5669.14 75.2937
63.90080 5652.88 75.1857
63.90330 5611.39 74.9092
63.90580 5611.52 74.9101
63.90830 5623.48 74.9899
63.91080 5623.51 74.99
63.91330 5636.28 75.0752
63.91580 5651.81 75.1785
63.91830 5661.74 75.2445
63.92080 5666.94 75.2791
63.92330 5664.22 75.261
63.92580 5642.6 75.1172
63.92830 5639.6 75.0973
63.93080 5637.59 75.0839
63.93330 5620.87 74.9725
63.93580 5643.06 75.1203
63.93830 5661.37 75.2421
63.94080 5635.5 75.0699
63.94330 5630.41 75.0361
63.94580 5627.93 75.0196
63.94830 5615.93 74.9395
63.95080 5632.22 75.0481
63.95330 5648.65 75.1575
63.95580 5645 75.1332
63.95830 5648.38 75.1557
63.96080 5648.56 75.1569
63.96330 5636.29 75.0752
63.96580 5616.2 74.9413
63.96830 5605.49 74.8698
63.97080 5621.5 74.9767
63.97330 5643.69 75.1245
63.97580 5660.9 75.239
63.97830 5663.48 75.2561
63.98080 5651.82 75.1786
63.98330 5644.69 75.1312
63.98580 5654.59 75.197
63.98830 5644.67 75.131
63.99080 5632.51 75.05
63.99330 5624.75 74.9983
63.99580 5630.09 75.0339
63.99830 5638.22 75.0881
64.00080 5646.5 75.1432
64.00330 5653.98 75.1929
64.00580 5661.72 75.2444
64.00830 5670.27 75.3012
64.01080 5679.65 75.3635
64.01330 5682.93 75.3852
64.01580 5674.48 75.3291
64.01830 5662.72 75.251
64.02080 5655.67 75.2042
64.02330 5658.14 75.2206
64.02580 5650.77 75.1716
64.02830 5653.94 75.1927
64.03080 5678.23 75.354
64.03330 5687.99 75.4188
64.03580 5690.86 75.4378
64.03830 5685.83 75.4045
64.04080 5682.86 75.3847
64.04330 5689.02 75.4256
64.04580 5709.53 75.5614
64.04830 5700.39 75.501
64.05080 5685.51 75.4023
64.05330 5667.64 75.2837
64.05580 5687.05 75.4125
64.05830 5706.26 75.5398
64.06080 5718.45 75.6204
64.06330 5692.25 75.447
64.06580 5672.08 75.3132
64.06830 5666.83 75.2784
64.07080 5674.28 75.3278
64.07330 5682.15 75.38
64.07580 5688.83 75.4243
64.07830 5699.13 75.4926
64.08080 5707.34 75.547
64.08330 5712.27 75.5796
64.08580 5698.92 75.4912
64.08830 5688.45 75.4218
64.09080 5683.73 75.3905
64.09330 5665.93 75.2724
64.09580 5658.01 75.2198
64.09830 5663.89 75.2588
64.10080 5683.64 75.3899
64.10330 5680.42 75.3685
64.10580 5647.77 75.1516
64.10830 5651.15 75.1741
64.11080 5662.84 75.2519
64.11330 5682.28 75.3809
64.11580 5665.47 75.2693
64.11830 5652.67 75.1842
64.12080 5646.27 75.1417
64.12330 5653 75.1864
64.12580 5662.78 75.2514
64.12830 5675.48 75.3357
64.13080 5672.7 75.3173
64.13330 5674.68 75.3305
64.13580 5682.23 75.3806
64.13830 5699.75 75.4967
64.14080 5702.56 75.5153
64.14330 5689.8 75.4308
64.14580 5669.68 75.2973
64.14830 5661.05 75.24
64.15080 5664.12 75.2604
64.15330 5660.7 75.2376
64.15580 5662.95 75.2526
64.15830 5670.83 75.3049
64.16080 5684.8 75.3976
64.16330 5693.18 75.4532
64.16580 5696.1 75.4725
64.16830 5690.95 75.4384
64.17080 5696.47 75.475
64.17330 5711.21 75.5725
64.17580 5703.51 75.5216
64.17830 5702.34 75.5139
64.18080 5706.1 75.5387
64.18330 5684.63 75.3965
64.18580 5682.24 75.3806
64.18830 5695.3 75.4672
64.19080 5686.71 75.4103
64.19330 5687.9 75.4182
64.19580 5696.22 75.4733
64.19830 5685.04 75.3992
64.20080 5684.61 75.3963
64.20330 5692.4 75.448
64.20580 5693.23 75.4535
64.20830 5682.02 75.3792
64.21080 5662.73 75.2511
64.21330 5661.18 75.2408
64.21580 5648.2 75.1545
64.21830 5628.05 75.0203
64.22080 5625.51 75.0034
64.22330 5626.44 75.0096
64.22580 5631.42 75.0428
64.22830 5653.03 75.1866
64.23080 5650.12 75.1673
64.23330 5632.48 75.0498
64.23580 5640.02 75.1001
64.23830 5647.95 75.1529
64.24080 5657.21 75.2144
64.24330 5675.96 75.339
64.24580 5673.87 75.3251
64.24830 5658.48 75.2229
64.25080 5646.4 75.1426
64.25330 5644.21 75.128
64.25580 5647.89 75.1525
64.25830 5648.54 75.1568
64.26080 5667.01 75.2795
64.26330 5689.91 75.4315
64.26580 5667.02 75.2796
64.26830 5669.67 75.2972
64.27080 5681.27 75.3742
64.27330 5652.34 75.1821
64.27580 5626.23 75.0082
64.27830 5608.08 74.8871
64.28080 5628.76 75.025
64.28330 5639.83 75.0988
64.28580 5642.89 75.1192
64.28830 5630.44 75.0362
64.29080 5617.73 74.9515
64.29330 5608.37 74.8891
64.29580 5617.66 74.951
64.29830 5620.03 74.9669
64.30080 5617.55 74.9503
64.30330 5608.48 74.8898
64.30580 5618.86 74.959
64.30830 5637.86 75.0857
64.31080 5652.19 75.1811
64.31330 5637.61 75.084
64.31580 5616.06 74.9404
64.31830 5625.1 75.0007
64.32080 5628.57 75.0238
64.32330 5630.61 75.0374
64.32580 5637.44 75.0829
64.32830 5636.93 75.0795
64.33080 5634.61 75.0641
64.33330 5638.16 75.0877
64.33580 5637.35 75.0823
64.33830 5635.57 75.0704
64.34080 5637.2 75.0813
64.34330 5643.87 75.1257
64.34580 5654.81 75.1985
64.34830 5673.85 75.3249
64.35080 5688.84 75.4244
64.35330 5698.11 75.4858
64.35580 5692.96 75.4517
64.35830 5692.77 75.4504
64.36080 5697.85 75.4841
64.36330 5714.26 75.5928
64.36580 5718.25 75.6191
64.36830 5723.92 75.6566
64.37080 5749.14 75.8231
64.37330 5756.23 75.8698
64.37580 5756.7 75.8729
64.37830 5756.07 75.8688
64.38080 5770.05 75.9608
64.38330 5778.09 76.0137
64.38580 5754.82 75.8606
64.38830 5759.81 75.8934
64.39080 5772.11 75.9744
64.39330 5779.9 76.0256
64.39580 5786.21 76.0671
64.39830 5785.91 76.0652
64.40080 5769.13 75.9548
64.40330 5734.55 75.7268
64.40580 5705.93 75.5376
64.40830 5705.78 75.5366
64.41080 5704.41 75.5275
64.41330 5702.84 75.5171
64.41580 5701.62 75.5091
64.41830 5682.03 75.3792
64.42080 5669.46 75.2958
64.42330 5684.88 75.3981
64.42580 5680.72 75.3705
64.42830 5668.72 75.2909
64.43080 5649.97 75.1663
64.43330 5628 75.02
64.43580 5616.62 74.9441
64.43830 5630.11 75.0341
64.44080 5619.89 74.9659
64.44330 5606.82 74.8787
64.44580 5598.91 74.8259
64.44830 5592.43 74.7826
64.45080 5590.4 74.769
64.45330 5596.83 74.812
64.45580 5589.53 74.7631
64.45830 5575.96 74.6724
64.46080 5555.48 74.5351
64.46330 5571.35 74.6415
64.46580 5571.36 74.6415
64.46830 5528.54 74.3542
64.47080 5524.87 74.3295
64.47330 5527.99 74.3505
64.47580 5530.95 74.3704
64.47830 5552.1 74.5124
64.48080 5559.35 74.561
64.48330 5536.92 74.4105
64.48580 5540.1 74.4318
64.48830 5541.93 74.4441
64.49080 5534.83 74.3964
64.49330 5539.22 74.4259
64.49580 5541 74.4379
64.49830 5535.81 74.4031
64.50080 5527.14 74.3447
64.50330 5521.86 74.3092
64.50580 5522.68 74.3147
64.50830 5531.92 74.3769
64.51080 5543.19 74.4526
64.51330 5556.01 74.5386
64.51580 5552.9 74.5178
64.51830 5557.56 74.5491
64.52080 5576.29 74.6746
64.52330 5557.2 74.5466
64.52580 5540.43 74.4341
64.52830 5532.45 74.3804
64.53080 5549.53 74.4952
64.53330 5561.08 74.5727
64.53580 5561.84 74.5777
64.53830 5544.68 74.4626
64.54080 5521.37 74.3059
64.54330 5491.81 74.1068
64.54580 5540.03 74.4314
64.54830 5567.84 74.618
64.55080 5562.11 74.5795
64.55330 5544.82 74.4635
64.55580 5535.91 74.4037
64.55830 5538.35 74.4201
64.56080 5544.49 74.4613
64.56330 5554.88 74.5311
64.56580 5570.18 74.6337
64.56830 5579.19 74.694
64.57080 5579.66 74.6972
64.57330 5570.5 74.6358
64.57580 5585.48 74.7361
64.57830 5597.01 74.8132
64.58080 5603.67 74.8576
64.58330 5602.95 74.8528
64.58580 5602.54 74.8501
64.58830 5602.68 74.851
64.59080 5596.47 74.8095
64.59330 5599.7 74.8311
64.59580 5613.03 74.9201
64.59830 5612.37 74.9158
64.60080 5620.22 74.9681
64.60330 5636.9 75.0793
64.60580 5638.53 75.0902
64.60830 5648.31 75.1552
64.61080 5666.14 75.2737
64.61330 5679.54 75.3627
64.61580 5679.69 75.3638
64.61830 5667.76 75.2845
64.62080 5694.63 75.4628
64.62330 5702.96 75.5179
64.62580 5694.47 75.4617
64.62830 5701.28 75.5068
64.63080 5715.17 75.5987
64.63330 5733.93 75.7227
64.63580 5707.38 75.5472
64.63830 5706.46 75.5411
64.64080 5727.81 75.6823
64.64330 5749.75 75.8271
64.64580 5751.96 75.8417
64.64830 5737.39 75.7455
64.65080 5717.95 75.6172
64.65330 5699.31 75.4937
64.65580 5683.85 75.3913
64.65830 5711.5 75.5745
64.66080 5719.96 75.6304
64.66330 5713.74 75.5893
64.66580 5713.07 75.5848
64.66830 5717.4 75.6135
64.67080 5724.75 75.6621
64.67330 5722 75.6439
64.67580 5722.22 75.6454
64.67830 5723.67 75.6549
64.68080 5714.24 75.5926
64.68330 5709.12 75.5587
64.68580 5706.83 75.5435
64.68830 5702.21 75.513
64.69080 5691.92 75.4448
64.69330 5678.05 75.3528
64.69580 5667.03 75.2797
64.69830 5660.61 75.237
64.70080 5658.34 75.2219
64.70330 5665.35 75.2685
64.70580 5670.43 75.3023
64.70830 5672.52 75.3161
64.71080 5660.91 75.239
64.71330 5650.77 75.1716
64.71580 5641.34 75.1089
64.71830 5630.47 75.0364
64.72080 5635.49 75.0699
64.72330 5650.71 75.1712
64.72580 5670.67 75.3038
64.72830 5672.23 75.3142
64.73080 5660.75 75.238
64.73330 5634.07 75.0605
64.73580 5633.41 75.056
64.73830 5643.36 75.1223
64.74080 5630.92 75.0395
64.74330 5611.67 74.9111
64.74580 5593.63 74.7906
64.74830 5602.1 74.8472
64.75080 5603.85 74.8588
64.75330 5605.2 74.8679
64.75580 5622.42 74.9828
64.75830 5631.66 75.0444
64.76080 5635.95 75.0729
64.76330 5635.55 75.0703
64.76580 5628.23 75.0215
64.76830 5621.82 74.9788
64.77080 5634.73 75.0648
64.77330 5633.28 75.0552
64.77580 5623.31 74.9888
64.77830 5605.25 74.8682
64.78080 5600.01 74.8332
64.78330 5603.75 74.8582
64.78580 5620.97 74.9731
64.78830 5610.99 74.9065
64.79080 5596.9 74.8124
64.79330 5612.21 74.9147
64.79580 5616.13 74.9409
64.79830 5615.07 74.9338
64.80080 5612.94 74.9196
64.80330 5601.53 74.8434
64.80580 5588.12 74.7537
64.80830 5580.6 74.7034
64.81080 5587.88 74.7521
64.81330 5598.49 74.8231
64.81580 5601.43 74.8427
64.81830 5603.02 74.8533
64.82080 5601.85 74.8455
64.82330 5593.34 74.7886
64.82580 5594.19 74.7943
64.82830 5598.49 74.8231
64.83080 5603.34 74.8555
64.83330 5611.79 74.9119
64.83580 5618.9 74.9593
64.83830 5618.56 74.9571
64.84080 5599.32 74.8286
64.84330 5586.83 74.7451
64.84580 5610.38 74.9025
64.84830 5622.67 74.9845
64.85080 5631.71 75.0447
64.85330 5641.26 75.1083
64.85580 5637.04 75.0802
64.85830 5639.93 75.0995
64.86080 5671.7 75.3107
64.86330 5684.71 75.397
64.86580 5690.48 75.4353
64.86830 5691.22 75.4402
64.87080 5720.2 75.632
64.87330 5740.7 75.7674
64.87580 5723.03 75.6507
64.87830 5754.44 75.8581
64.88080 5790.06 76.0925
64.88330 5806.96 76.2034
64.88580 5800.33 76.1599
64.88830 5799.32 76.1533
64.89080 5823.18 76.3098
64.89330 5834.69 76.3851
64.89580 5837.14 76.4012
64.89830 5826.27 76.33
64.90080 5806.36 76.1995
64.90330 5789.91 76.0915
64.90580 5784.56 76.0563
64.90830 5788.45 76.0819
64.91080 5797.05 76.1384
64.91330 5811.28 76.2317
64.91580 5804.06 76.1844
64.91830 5792.26 76.1069
64.92080 5779.48 76.0229
64.92330 5785.41 76.0619
64.92580 5784.28 76.0545
64.92830 5764.01 75.9211
64.93080 5729.17 75.6913
64.93330 5706.92 75.5441
64.93580 5711.28 75.573
64.93830 5722.03 75.6441
64.94080 5733.51 75.7199
64.94330 5744.53 75.7927
64.94580 5709.49 75.5612
64.94830 5687.27 75.414
64.95080 5697.31 75.4805
64.95330 5707.69 75.5493
64.95580 5710.33 75.5667
64.95830 5700.51 75.5017
64.96080 5705.22 75.5329
64.96330 5712.66 75.5822
64.96580 5721.55 75.6409
64.96830 5708.79 75.5566
64.97080 5704.39 75.5274
64.97330 5716.09 75.6048
64.97580 5721.6 75.6412
64.97830 5719.28 75.6259
64.98080 5706.63 75.5423
64.98330 5683.4 75.3883
64.98580 5682.82 75.3845
64.98830 5715.14 75.5985
64.99080 5702.73 75.5164
64.99330 5685.02 75.3991
64.99580 5665.26 75.2679
64.99830 5649.26 75.1615
65.00080 5641.06 75.107
65.00330 5642.67 75.1177
65.00580 5652.7 75.1845
65.00830 5658.22 75.2211
65.01080 5657.36 75.2155
65.01330 5666.76 75.2779
65.01580 5662.61 75.2503
65.01830 5641.29 75.1085
65.02080 5631.94 75.0463
65.02330 5614.16 74.9277
65.02580 5585.78 74.7381
65.02830 5594.41 74.7958
65.03080 5593.43 74.7892
65.03330 5579.91 74.6988
65.03580 5583.09 74.72
65.03830 5569.35 74.6281
65.04080 5536.46 74.4074
65.04330 5565.03 74.5991
65.04580 5584.27 74.728
65.04830 5592.24 74.7813
65.05080 5532.81 74.3829
65.05330 5502.23 74.177
65.05580 5502.23 74.177
65.05830 5535.77 74.4028
65.06080 5559.49 74.562
65.06330 5573.08 74.6531
65.06580 5540.56 74.435
65.06830 5527.09 74.3444
65.07080 5531.82 74.3762
65.07330 5522.13 74.311
65.07580 5516.66 74.2742
65.07830 5514.99 74.263
65.08080 5506.56 74.2062
65.08330 5511 74.2361
65.08580 5527.02 74.3439
65.08830 5541.72 74.4427
65.09080 5543.83 74.4569
65.09330 5535.68 74.4021
65.09580 5546.6 74.4755
65.09830 5552.36 74.5142
65.10080 5552.6 74.5158
65.10330 5528.57 74.3544
65.10580 5514.13 74.2572
65.10830 5509.75 74.2277
65.11080 5544.01 74.4581
65.11330 5555.15 74.5329
65.11580 5548.13 74.4858
65.11830 5543.36 74.4538
65.12080 5534.94 74.3971
65.12330 5523.53 74.3205
65.12580 5509.88 74.2285
65.12830 5523.87 74.3227
65.13080 5556.22 74.5401
65.13330 5563.81 74.5909
65.13580 5558.58 74.5559
65.13830 5544.71 74.4628
65.14080 5536.19 74.4056
65.14330 5552.4 74.5144
65.14580 5581.1 74.7068
65.14830 5565.87 74.6047
65.15080 5536.46 74.4074
65.15330 5503.44 74.1852
65.15580 5521.31 74.3055
65.15830 5532.55 74.3811
65.16080 5540.15 74.4322
65.16330 5552.9 74.5178
65.16580 5563.62 74.5897
65.16830 5573.64 74.6568
65.17080 5587.85 74.7519
65.17330 5573.05 74.6528
65.17580 5543.96 74.4578
65.17830 5536.75 74.4094
65.18080 5528.84 74.3562
65.18330 5526.02 74.3372
65.18580 5558.02 74.5522
65.18830 5566.18 74.6068
65.19080 5561.57 74.576
65.19330 5560.73 74.5703
65.19580 5552.9 74.5178
65.19830 5545.83 74.4703
65.20080 5563.96 74.592
65.20330 5559.59 74.5626
65.20580 5542.1 74.4453
65.20830 5517.55 74.2802
65.21080 5528.45 74.3535
65.21330 5551.73 74.5099
65.21580 5548.17 74.4861
65.21830 5540.73 74.4361
65.22080 5534.13 74.3917
65.22330 5540.23 74.4328
65.22580 5563.94 74.5918
65.22830 5585.69 74.7375
65.23080 5562.81 74.5843
65.23330 5535.81 74.403
65.23580 5522.02 74.3103
65.23830 5570.87 74.6383
65.24080 5588.54 74.7565
65.24330 5591.21 74.7744
65.24580 5587.92 74.7524
65.24830 5572.56 74.6496
65.25080 5558.86 74.5577
65.25330 5570.19 74.6337
65.25580 5577.63 74.6835
65.25830 5583.97 74.7259
65.26080 5591.93 74.7792
65.26330 5600.19 74.8344
65.26580 5605.06 74.8669
65.26830 5598.02 74.8199
65.27080 5595.53 74.8033
65.27330 5591.11 74.7738
65.27580 5574.94 74.6655
65.27830 5580.86 74.7052
65.28080 5591.25 74.7747
65.28330 5591.26 74.7747
65.28580 5576.17 74.6738
65.28830 5550.69 74.503
65.29080 5509.5 74.226
65.29330 5524.02 74.3238
65.29580 5556.53 74.5421
65.29830 5588.95 74.7593
65.30080 5577.25 74.681
65.30330 5556.32 74.5407
65.30580 5547.44 74.4811
65.30830 5548.21 74.4863
65.31080 5548.12 74.4857
65.31330 5538.31 74.4199
65.31580 5533.22 74.3856
65.31830 5525.82 74.3359
65.32080 5509.31 74.2247
65.32330 5516.94 74.2761
65.32580 5529.62 74.3614
65.32830 5538.87 74.4236
65.33080 5524.08 74.3242
65.33330 5516.25 74.2714
65.33580 5538.82 74.4233
65.33830 5556.97 74.5451
65.34080 5563.65 74.5899
65.34330 5547.09 74.4788
65.34580 5533.72 74.389
65.34830 5531.31 74.3728
65.35080 5550.87 74.5041
65.35330 5546.23 74.473
65.35580 5541.23 74.4394
65.35830 5546.38 74.474
65.36080 5566.14 74.6066
65.36330 5577.66 74.6837
65.36580 5566.75 74.6107
65.36830 5573.64 74.6568
65.37080 5576.49 74.6759
65.37330 5564.97 74.5988
65.37580 5569.03 74.6259
65.37830 5576.13 74.6735
65.38080 5583.64 74.7238
65.38330 5574.05 74.6596
65.38580 5568.46 74.6221
65.38830 5575.26 74.6677
65.39080 5573.01 74.6526
65.39330 5568.49 74.6223
65.39580 5562.57 74.5826
65.39830 5549.98 74.4982
65.40080 5540.3 74.4332
65.40330 5537.14 74.412
65.40580 5545.87 74.4706
65.40830 5557.98 74.5519
65.41080 5572.91 74.6519
65.41330 5579.07 74.6932
65.41580 5578.86 74.6918
65.41830 5570.48 74.6356
65.42080 5595.66 74.8042
65.42330 5610.52 74.9034
65.42580 5603.97 74.8596
65.42830 5590.84 74.7719
65.43080 5579.83 74.6983
65.43330 5572.92 74.652
65.43580 5613.27 74.9218
65.43830 5632.36 75.0491
65.44080 5615.2 74.9346
65.44330 5621.34 74.9756
65.44580 5621.82 74.9788
65.44830 5611.89 74.9125
65.45080 5629.29 75.0286
65.45330 5643.35 75.1222
65.45580 5650.25 75.1681
65.45830 5641.47 75.1097
65.46080 5648.58 75.157
65.46330 5677.2 75.3472
65.46580 5689.11 75.4262
65.46830 5685.53 75.4024
65.47080 5664.13 75.2604
65.47330 5656.24 75.208
65.47580 5662.61 75.2503
65.47830 5685.12 75.3997
65.48080 5672.04 75.3129
65.48330 5667.52 75.2829
65.48580 5674.47 75.329
65.48830 5662.09 75.2468
65.49080 5653.64 75.1907
65.49330 5650.25 75.1681
65.49580 5669.7 75.2974
65.49830 5669.96 75.2992
65.50080 5649.02 75.16
65.50330 5640.86 75.1057
65.50580 5638.6 75.0906
65.50830 5642.29 75.1152
65.51080 5640.98 75.1065
65.51330 5646.35 75.1422
65.51580 5658.42 75.2225
65.51830 5654.95 75.1994
65.52080 5650.27 75.1683
65.52330 5644.23 75.1281
65.52580 5622.46 74.9831
65.52830 5622.37 74.9825
65.53080 5642.18 75.1144
65.53330 5633.78 75.0585
65.53580 5614.1 74.9273
65.53830 5585.03 74.7331
65.54080 5587.98 74.7528
65.54330 5607.13 74.8808
65.54580 5639.46 75.0964
65.54830 5642.01 75.1133
65.55080 5624.39 74.9959
65.55330 5591.26 74.7747
65.55580 5595.51 74.8032
65.55830 5605.89 74.8725
65.56080 5620.78 74.9718
65.56330 5625.92 75.0061
65.56580 5618.52 74.9568
65.56830 5601.44 74.8428
65.57080 5589.82 74.7651
65.57330 5592.07 74.7802
65.57580 5603.66 74.8576
65.57830 5596.65 74.8107
65.58080 5600.12 74.834
65.58330 5611.33 74.9088
65.58580 5621.31 74.9754
65.58830 5607.04 74.8801
65.59080 5577.86 74.6851
65.59330 5576.8 74.678
65.59580 5580.42 74.7022
65.59830 5588.53 74.7565
65.60080 5608.6 74.8906
65.60330 5610.07 74.9004
65.60580 5601.58 74.8437
65.60830 5615.93 74.9395
65.61080 5631.9 75.046
65.61330 5646.03 75.1401
65.61580 5636.77 75.0784
65.61830 5643.69 75.1245
65.62080 5657.28 75.2149
65.62330 5644.5 75.1299
65.62580 5651.64 75.1774
65.62830 5668.26 75.2878
65.63080 5666.51 75.2762
65.63330 5666.1 75.2735
65.63580 5667.28 75.2814
65.63830 5673.66 75.3237
65.64080 5669.02 75.2929
65.64330 5659.34 75.2286
65.64580 5656.9 75.2123
65.64830 5654.96 75.1994
65.65080 5653.66 75.1908
65.65330 5654.42 75.1959
65.65580 5652.52 75.1832
65.65830 5651.63 75.1773
65.66080 5663.52 75.2563
65.66330 5655.6 75.2037
65.66580 5640.66 75.1043
65.66830 5640.93 75.1062
65.67080 5633.94 75.0596
65.67330 5620.32 74.9688
65.67580 5592.36 74.7821
65.67830 5595.19 74.801
65.68080 5604.17 74.861
65.68330 5575.88 74.6718
65.68580 5582.2 74.7141
65.68830 5595 74.7998
65.69080 5568.92 74.6252
65.69330 5563.85 74.5912
65.69580 5561.92 74.5783
65.69830 5535.79 74.4029
65.70080 5547.69 74.4829
65.70330 5568.65 74.6234
65.70580 5563.28 74.5874
65.70830 5540.67 74.4357
65.71080 5524.59 74.3276
65.71330 5557.41 74.548
65.71580 5578.66 74.6904
65.71830 5584.79 74.7314
65.72080 5554.18 74.5264
65.72330 5543 74.4513
65.72580 5540.49 74.4345
65.72830 5542.75 74.4497
65.73080 5540.55 74.4349
65.73330 5536.79 74.4096
65.73580 5533.12 74.385
65.73830 5531.18 74.3719
65.74080 5529.2 74.3586
65.74330 5525.32 74.3325
65.74580 5527.28 74.3457
65.74830 5524.04 74.3239
65.75080 5500.31 74.164
65.75330 5500.29 74.164
65.75580 5514.36 74.2587
65.75830 5546.82 74.477
65.76080 5549.76 74.4967
65.76330 5539.59 74.4284
65.76580 5518.07 74.2837
65.76830 5530.73 74.3689
65.77080 5538.8 74.4231
65.77330 5510.41 74.2321
65.77580 5518.73 74.2881
65.77830 5536.51 74.4077
65.78080 5553.03 74.5187
65.78330 5546.15 74.4725
65.78580 5533.13 74.385
65.78830 5519.92 74.2962
65.79080 5532.28 74.3793
65.79330 5546.96 74.4779
65.79580 5552.73 74.5167
65.79830 5570.4 74.6351
65.80080 5575.31 74.668
65.80330 5546.5 74.4748
65.80580 5558.16 74.5531
65.80830 5575.49 74.6692
65.81080 5585.99 74.7395
65.81330 5565.61 74.603
65.81580 5550.29 74.5003
65.81830 5558.1 74.5527
65.82080 5544.65 74.4624
65.82330 5535.96 74.404
65.82580 5544.63 74.4622
65.82830 5551.06 74.5054
65.83080 5555.06 74.5323
65.83330 5555.3 74.5339
65.83580 5562.47 74.582
65.83830 5564.07 74.5927
65.84080 5553.43 74.5213
65.84330 5548.87 74.4908
65.84580 5545.72 74.4696
65.84830 5543.27 74.4532
65.85080 5545.96 74.4712
65.85330 5547.76 74.4833
65.85580 5546.8 74.4768
65.85830 5554.7 74.5299
65.86080 5564.68 74.5968
65.86330 5576.01 74.6727
65.86580 5555.47 74.535
65.86830 5538.04 74.418
65.87080 5532.01 74.3775
65.87330 5525.8 74.3358
65.87580 5526.81 74.3425
65.87830 5538.76 74.4228
65.88080 5560.3 74.5674
65.88330 5569.35 74.6281
65.88580 5558.57 74.5558
65.88830 5568.84 74.6247
65.89080 5579.78 74.698
65.89330 5588.72 74.7577
65.89580 5577.9 74.6854
65.89830 5564.34 74.5945
65.90080 5549.4 74.4943
65.90330 5537.81 74.4165
65.90580 5540.96 74.4376
65.90830 5563.25 74.5872
65.91080 5559.99 74.5654
65.91330 5574.24 74.6608
65.91580 5613.18 74.9212
65.91830 5610.76 74.905
65.92080 5624.8 74.9987
65.92330 5662.32 75.2484
65.92580 5646.3 75.1419
65.92830 5624.62 74.9975
65.93080 5599.47 74.8296
65.93330 5618.42 74.9561
65.93580 5645.65 75.1376
65.93830 5680.31 75.3678
65.94080 5668.88 75.2919
65.94330 5667.96 75.2859
65.94580 5680.58 75.3696
65.94830 5673.94 75.3256
65.95080 5679.44 75.3621
65.95330 5698.64 75.4894
65.95580 5701.47 75.508
65.95830 5700.67 75.5028
65.96080 5696.36 75.4743
65.96330 5705.31 75.5335
65.96580 5720.5 75.634
65.96830 5741.89 75.7752
65.97080 5716.18 75.6054
65.97330 5718.14 75.6184
65.97580 5747.14 75.8099
65.97830 5757.35 75.8772
65.98080 5754.81 75.8604
65.98330 5740.55 75.7664
65.98580 5750.1 75.8294
65.98830 5747.6 75.8129
65.99080 5734.06 75.7236
65.99330 5722.45 75.6469
65.99580 5706.27 75.5399
65.99830 5687.03 75.4124
66.00080 5696.6 75.4758
66.00330 5695.11 75.466
66.00580 5684.4 75.3949
66.00830 5680.74 75.3707
66.01080 5680.01 75.3658
66.01330 5681.25 75.3741
66.01580 5673.42 75.3221
66.01830 5661.71 75.2443
66.02080 5646.86 75.1456
66.02330 5631.62 75.0441
66.02580 5629.23 75.0282
66.02830 5636.71 75.078
66.03080 5642.28 75.1151
66.03330 5642.25 75.1149
66.03580 5635.63 75.0708
66.03830 5599.58 74.8303
66.04080 5583.14 74.7204
66.04330 5583.58 74.7234
66.04580 5612.92 74.9194
66.04830 5613.42 74.9228
66.05080 5593.21 74.7878
66.05330 5569 74.6258
66.05580 5560.21 74.5668
66.05830 5561.16 74.5732
66.06080 5555.2 74.5332
66.06330 5557.35 74.5477
66.06580 5565.2 74.6002
66.06830 5575.97 74.6724
66.07080 5569.72 74.6306
66.07330 5554.48 74.5284
66.07580 5553.16 74.5195
66.07830 5548.08 74.4855
66.08080 5543.45 74.4543
66.08330 5558.25 74.5536
66.08580 5571.89 74.6451
66.08830 5578.78 74.6912
66.09080 5545.85 74.4705
66.09330 5530.33 74.3662
66.09580 5525.07 74.3308
66.09830 5521.74 74.3084
66.10080 5514.08 74.2569
66.10330 5504.49 74.1922
66.10580 5497.52 74.1453
66.10830 5513.39 74.2522
66.11080 5537.96 74.4175
66.11330 5543.89 74.4573
66.11580 5549.5 74.495
66.11830 5555.14 74.5328
66.12080 5561.72 74.5769
66.12330 5564.6 74.5962
66.12580 5567.99 74.619
66.12830 5582.55 74.7164
66.13080 5595.2 74.8011
66.13330 5599.59 74.8304
66.13580 5570.72 74.6373
66.13830 5560 74.5654
66.14080 5558.24 74.5536
66.14330 5559.16 74.5598
66.14580 5567.97 74.6189
66.14830 5573.16 74.6536
66.15080 5549.53 74.4952
66.15330 5561.56 74.5759
66.15580 5581.52 74.7096
66.15830 5573.66 74.6569
66.16080 5582.83 74.7183
66.16330 5600.28 74.835
66.16580 5622.61 74.9841
66.16830 5630.17 75.0345
66.17080 5635.31 75.0687
66.17330 5652.21 75.1812
66.17580 5667.41 75.2822
66.17830 5671.35 75.3084
66.18080 5639.84 75.0989
66.18330 5632.41 75.0494
66.18580 5642.67 75.1177
66.18830 5681.63 75.3766
66.19080 5669.98 75.2993
66.19330 5642.15 75.1142
66.19580 5618.32 74.9555
66.19830 5628.27 75.0218
66.20080 5651 75.1731
66.20330 5678.35 75.3548
66.20580 5671.24 75.3077
66.20830 5651.12 75.174
66.21080 5625.13 75.0009
66.21330 5632.64 75.0509
66.21580 5642.76 75.1183
66.21830 5632.76 75.0517
66.22080 5629.26 75.0284
66.22330 5619.03 74.9602
66.22580 5586.65 74.7439
66.22830 5608.49 74.8898
66.23080 5638.48 75.0898
66.23330 5651.79 75.1784
66.23580 5663.48 75.2561
66.23830 5662.47 75.2494
66.24080 5632.3 75.0487
66.24330 5609.31 74.8953
66.24580 5591.08 74.7735
66.24830 5579.63 74.6969
66.25080 5600.63 74.8373
66.25330 5621.65 74.9777
66.25580 5625.96 75.0064
66.25830 5638.5 75.0899
66.26080 5648.82 75.1587
66.26330 5650.58 75.1704
66.26580 5646.18 75.141
66.26830 5639.72 75.0981
66.27080 5631.75 75.045
66.27330 5627.97 75.0198
66.27580 5623.4 74.9893
66.27830 5615.65 74.9376
66.28080 5620.93 74.9728
66.28330 5624.51 74.9967
66.28580 5620.27 74.9685
66.28830 5590.68 74.7709
66.29080 5572.9 74.6519
66.29330 5584.8 74.7315
66.29580 5612.52 74.9168
66.29830 5626.39 75.0093
66.30080 5611.3 74.9086
66.30330 5592.02 74.7798
66.30580 5586.86 74.7453
66.30830 5606.77 74.8784
66.31080 5598.45 74.8228
66.31330 5588.8 74.7582
66.31580 5583.58 74.7234
66.31830 5584.22 74.7276
66.32080 5578.4 74.6887
66.32330 5561.15 74.5731
66.32580 5571.64 74.6434
66.32830 5571.5 74.6425
66.33080 5549.93 74.4978
66.33330 5544.86 74.4638
66.33580 5548.52 74.4884
66.33830 5562.35 74.5812
66.34080 5548.46 74.488
66.34330 5534.3 74.3929
66.34580 5523.78 74.3222
66.34830 5541.24 74.4395
66.35080 5554.04 74.5254
66.35330 5556.85 74.5442
66.35580 5533.58 74.388
66.35830 5521.8 74.3088
66.36080 5528.21 74.3519
66.36330 5539.43 74.4273
66.36580 5547.3 74.4802
66.36830 5550.43 74.5012
66.37080 5558.11 74.5528
66.37330 5553.48 74.5217
66.37580 5533.09 74.3848
66.37830 5527.04 74.344
66.38080 5531.52 74.3742
66.38330 5547.81 74.4836
66.38580 5534.96 74.3973
66.38830 5531.98 74.3773
66.39080 5542.06 74.445
66.39330 5577.87 74.6851
66.39580 5588.22 74.7544
66.39830 5568.75 74.6241
66.40080 5535.18 74.3988
66.40330 5508.36 74.2183
66.40580 5489.34 74.0901
66.40830 5502.5 74.1788
66.41080 5519.33 74.2922
66.41330 5539.42 74.4273
66.41580 5546.74 74.4764
66.41830 5546.13 74.4723
66.42080 5537.53 74.4146
66.42330 5539.72 74.4293
66.42580 5534.59 74.3948
66.42830 5522.28 74.312
66.43080 5526.58 74.341
66.43330 5529.56 74.361
66.43580 5531.47 74.3738
66.43830 5545.84 74.4704
66.44080 5548.18 74.4861
66.44330 5539.14 74.4254
66.44580 5519.75 74.295
66.44830 5520.83 74.3023
66.45080 5539.7 74.4292
66.45330 5540.5 74.4345
66.45580 5544.61 74.4622
66.45830 5551.18 74.5062
66.46080 5547.11 74.4789
66.46330 5547.5 74.4816
66.46580 5551.29 74.507
66.46830 5548.03 74.4851
66.47080 5539.86 74.4302
66.47330 5529.55 74.3609
66.47580 5550.39 74.501
66.47830 5562.84 74.5845
66.48080 5568.18 74.6203
66.48330 5566.02 74.6058
66.48580 5570.92 74.6386
66.48830 5579.9 74.6987
66.49080 5572.57 74.6497
66.49330 5575.17 74.667
66.49580 5581.95 74.7125
66.49830 5553.33 74.5206
66.50080 5543.73 74.4562
66.50330 5547.01 74.4782
66.50580 5543.55 74.455
66.50830 5547.28 74.48
66.51080 5556.67 74.5431
66.51330 5572.89 74.6518
66.51580 5580.27 74.7012
66.51830 5580.13 74.7003
66.52080 5565.88 74.6048
66.52330 5553.61 74.5226
66.52580 5547.04 74.4785
66.52830 5575.06 74.6663
66.53080 5586.07 74.74
66.53330 5586.83 74.7451
66.53580 5589.58 74.7635
66.53830 5567.2 74.6137
66.54080 5539.17 74.4256
66.54330 5574.04 74.6595
66.54580 5585.75 74.7379
66.54830 5582.91 74.7189
66.55080 5572.68 74.6504
66.55330 5571.89 74.6451
66.55580 5574 74.6592
66.55830 5562.28 74.5807
66.56080 5553.63 74.5227
66.56330 5550.61 74.5024
66.56580 5569.4 74.6284
66.56830 5588.66 74.7574
66.57080 5603.65 74.8575
66.57330 5595.36 74.8022
66.57580 5583.61 74.7236
66.57830 5570.53 74.636
66.58080 5559.41 74.5615
66.58330 5569.77 74.6309
66.58580 5582.85 74.7185
66.58830 5561.19 74.5734
66.59080 5560.9 74.5714
66.59330 5569.71 74.6305
66.59580 5575.04 74.6662
66.59830 5595.71 74.8045
66.60080 5616.58 74.9438
66.60330 5610.1 74.9006
66.60580 5592.03 74.7799
66.60830 5575.86 74.6717
66.61080 5586.51 74.743
66.61330 5591.25 74.7747
66.61580 5592.68 74.7842
66.61830 5590.85 74.772
66.62080 5594.4 74.7958
66.62330 5602.18 74.8477
66.62580 5617.38 74.9492
66.62830 5639.44 75.0962
66.63080 5657.8 75.2183
66.63330 5654.89 75.199
66.63580 5648.37 75.1556
66.63830 5647.53 75.1501
66.64080 5669.26 75.2945
66.64330 5683.21 75.3871
66.64580 5692.09 75.4459
66.64830 5693.7 75.4566
66.65080 5668.31 75.2882
66.65330 5644.45 75.1295
66.65580 5651.7 75.1778
66.65830 5658.55 75.2233
66.66080 5665.06 75.2666
66.66330 5670.97 75.3058
66.66580 5684.83 75.3978
66.66830 5694.04 75.4588
66.67080 5684.08 75.3928
66.67330 5702.88 75.5174
66.67580 5720.9 75.6366
66.67830 5715.06 75.598
66.68080 5695.72 75.47
66.68330 5683.65 75.39
66.68580 5699.1 75.4924
66.68830 5708.91 75.5573
66.69080 5717.53 75.6144
66.69330 5726.9 75.6763
66.69580 5704.07 75.5253
66.69830 5682.4 75.3817
66.70080 5682.13 75.3799
66.70330 5704.66 75.5292
66.70580 5719.03 75.6243
66.70830 5703.18 75.5194
66.71080 5699.49 75.495
66.71330 5699.24 75.4933
66.71580 5700.43 75.5012
66.71830 5699.12 75.4925
66.72080 5700.89 75.5042
66.72330 5710.07 75.565
66.72580 5704.98 75.5313
66.72830 5702.9 75.5175
66.73080 5712.49 75.581
66.73330 5717.08 75.6114
66.73580 5721.43 75.6402
66.73830 5727.18 75.6781
66.74080 5724.11 75.6578
66.74330 5721.72 75.6421
66.74580 5723.51 75.6539
66.74830 5688.31 75.4209
66.75080 5666.77 75.278
66.75330 5680.55 75.3694
66.75580 5698.13 75.4859
66.75830 5702.76 75.5166
66.76080 5684.2 75.3937
66.76330 5692.06 75.4457
66.76580 5699.27 75.4935
66.76830 5699.05 75.4921
66.77080 5708.96 75.5577
66.77330 5707.96 75.551
66.77580 5687.34 75.4145
66.77830 5689.73 75.4303
66.78080 5689.2 75.4268
66.78330 5679.75 75.3641
66.78580 5659.83 75.2318
66.78830 5634.37 75.0625
66.79080 5602.45 74.8495
66.79330 5619.12 74.9608
66.79580 5638.24 75.0882
66.79830 5653.59 75.1903
66.80080 5645.35 75.1355
66.80330 5631.74 75.0449
66.80580 5613.77 74.9251
66.80830 5615.65 74.9376
66.81080 5615.96 74.9397
66.81330 5611.89 74.9126
66.81580 5597.02 74.8133
66.81830 5593.15 74.7874
66.82080 5604.65 74.8642
66.82330 5611.64 74.9109
66.82580 5612.96 74.9197
66.82830 5607.52 74.8834
66.83080 5582.76 74.7178
66.83330 5578.56 74.6897
66.83580 5600.74 74.8381
66.83830 5600.63 74.8374
66.84080 5595.35 74.8021
66.84330 5585.21 74.7343
66.84580 5590.79 74.7716
66.84830 5592.09 74.7803
66.85080 5587.85 74.7519
66.85330 5587.6 74.7503
66.85580 5572.23 74.6474
66.85830 5540.05 74.4315
66.86080 5572.93 74.652
66.86330 5593.47 74.7895
66.86580 5599.41 74.8292
66.86830 5581.5 74.7094
66.87080 5576.29 74.6745
66.87330 5584.5 74.7295
66.87580 5591.77 74.7782
66.87830 5587.03 74.7464
66.88080 5570.3 74.6345
66.88330 5558.45 74.555
66.88580 5563.65 74.5899
66.88830 5585.32 74.735
66.89080 5604.68 74.8644
66.89330 5610.79 74.9052
66.89580 5604.59 74.8638
66.89830 5602.86 74.8522
66.90080 5584.75 74.7312
66.90330 5553.59 74.5224
66.90580 5581.45 74.7091
66.90830 5572.65 74.6502
66.91080 5533.87 74.39
66.91330 5550.22 74.4998
66.91580 5559.78 74.5639
66.91830 5564.15 74.5933
66.92080 5580.64 74.7037
66.92330 5592.13 74.7805
66.92580 5598.81 74.8252
66.92830 5593.17 74.7875
66.93080 5578.41 74.6888
66.93330 5559.34 74.561
66.93580 5584.37 74.7286
66.93830 5592.86 74.7854
66.94080 5589.58 74.7635
66.94330 5598.62 74.8239
66.94580 5593.4 74.789
66.94830 5580.7 74.7041
66.95080 5604.31 74.8619
66.95330 5603.93 74.8594
66.95580 5587 74.7463
66.95830 5577.06 74.6797
66.96080 5578.74 74.6909
66.96330 5590.48 74.7695
66.96580 5621.36 74.9757
66.96830 5628.06 75.0204
66.97080 5619.24 74.9616
66.97330 5616.11 74.9407
66.97580 5617.6 74.9506
66.97830 5619.04 74.9602
66.98080 5596.26 74.8081
66.98330 5594.22 74.7945
66.98580 5604.09 74.8605
66.98830 5606.08 74.8738
66.99080 5599.69 74.8311
66.99330 5590.97 74.7728
66.99580 5600.84 74.8388
66.99830 5594.57 74.7969
67.00080 5579.14 74.6937
67.00330 5565.25 74.6006
67.00580 5573.32 74.6547
67.00830 5589.93 74.7658
67.01080 5583.9 74.7255
67.01330 5587.95 74.7526
67.01580 5595.41 74.8025
67.01830 5591.43 74.7759
67.02080 5581 74.7061
67.02330 5567.6 74.6164
67.02580 5556.33 74.5408
67.02830 5558.8 74.5573
67.03080 5567.27 74.6141
67.03330 5571.23 74.6407
67.03580 5554.95 74.5316
67.03830 5529.79 74.3625
67.04080 5508.96 74.2224
67.04330 5516.83 74.2754
67.04580 5536.77 74.4094
67.04830 5550.69 74.503
67.05080 5545.16 74.4658
67.05330 5534.99 74.3975
67.05580 5542.06 74.445
67.05830 5543.92 74.4575
67.06080 5538.99 74.4244
67.06330 5516.08 74.2703
67.06580 5497.71 74.1465
67.06830 5490.58 74.0984
67.07080 5518.65 74.2876
67.07330 5520.97 74.3032
67.07580 5514.51 74.2597
67.07830 5513.52 74.2531
67.08080 5505.92 74.2019
67.08330 5507.07 74.2096
67.08580 5546.8 74.4768
67.08830 5553.55 74.5221
67.09080 5540.47 74.4344
67.09330 5502.45 74.1785
67.09580 5493.71 74.1196
67.09830 5501.66 74.1732
67.10080 5529.39 74.3598
67.10330 5524.07 74.3241
67.10580 5511.4 74.2388
67.10830 5510.17 74.2305
67.11080 5532.96 74.3839
67.11330 5548.4 74.4876
67.11580 5520.64 74.301
67.11830 5518.01 74.2833
67.12080 5520.28 74.2986
67.12330 5514.68 74.2609
67.12580 5512.27 74.2447
67.12830 5521.06 74.3039
67.13080 5556.75 74.5436
67.13330 5542.11 74.4453
67.13580 5524.07 74.3241
67.13830 5533.24 74.3858
67.14080 5533.53 74.3877
67.14330 5538.52 74.4213
67.14580 5560.69 74.57
67.14830 5556.55 74.5423
67.15080 5543.98 74.4579
67.15330 5527.44 74.3468
67.15580 5523.76 74.322
67.15830 5524.74 74.3286
67.16080 5529.21 74.3587
67.16330 5535.11 74.3984
67.16580 5536.1 74.4049
67.16830 5525.76 74.3354
67.17080 5544.06 74.4585
67.17330 5557.88 74.5512
67.17580 5549.47 74.4947
67.17830 5554.34 74.5274
67.18080 5554.48 74.5284
67.18330 5539.67 74.429
67.18580 5561.94 74.5784
67.18830 5584.25 74.7278
67.19080 5592.79 74.7849
67.19330 5571.35 74.6415
67.19580 5552.44 74.5147
67.19830 5548.36 74.4873
67.20080 5563.2 74.5869
67.20330 5569.61 74.6298
67.20580 5555.13 74.5327
67.20830 5535.99 74.4042
67.21080 5528.05 74.3509
67.21330 5540.78 74.4364
67.21580 5551.48 74.5082
67.21830 5556.36 74.541
67.22080 5552.04 74.512
67.22330 5554.93 74.5314
67.22580 5554.62 74.5293
67.22830 5547.53 74.4818
67.23080 5551.19 74.5063
67.23330 5555.39 74.5345
67.23580 5558.28 74.5539
67.23830 5576.89 74.6786
67.24080 5585.44 74.7358
67.24330 5576.06 74.673
67.24580 5561.96 74.5785
67.24830 5549.27 74.4934
67.25080 5539.38 74.427
67.25330 5538.01 74.4178
67.25580 5532.45 74.3804
67.25830 5519.8 74.2954
67.26080 5538.88 74.4237
67.26330 5559.47 74.5618
67.26580 5578.33 74.6882
67.26830 5584.16 74.7272
67.27080 5581.28 74.708
67.27330 5568.3 74.6211
67.27580 5541 74.4379
67.27830 5537.71 74.4158
67.28080 5566.18 74.6069
67.28330 5555.69 74.5365
67.28580 5547.84 74.4839
67.28830 5546.06 74.4719
67.29080 5555.68 74.5365
67.29330 5561.9 74.5781
67.29580 5563.39 74.5881
67.29830 5565.28 74.6008
67.30080 5556.65 74.5429
67.30330 5535.87 74.4034
67.30580 5547.26 74.48
67.30830 5566.8 74.611
67.31080 5594.27 74.7948
67.31330 5568.96 74.6255
67.31580 5560.06 74.5658
67.31830 5570.14 74.6334
67.32080 5582.38 74.7153
67.32330 5588.1 74.7536
67.32580 5586.99 74.7462
67.32830 5577.9 74.6853
67.33080 5575.78 74.6711
67.33330 5580.78 74.7046
67.33580 5604.05 74.8602
67.33830 5602.96 74.8529
67.34080 5578.34 74.6883
67.34330 5576.56 74.6764
67.34580 5566.57 74.6094
67.34830 5549.53 74.4952
67.35080 5570.59 74.6364
67.35330 5588.74 74.7579
67.35580 5603.9 74.8592
67.35830 5606.14 74.8742
67.36080 5625.52 75.0035
67.36330 5658.05 75.22
67.36580 5636.2 75.0746
67.36830 5617.61 74.9507
67.37080 5603.24 74.8548
67.37330 5620.18 74.9678
67.37580 5620.66 74.9711
67.37830 5609.69 74.8978
67.38080 5638.15 75.0876
67.38330 5647.36 75.1489
67.38580 5641.82 75.1121
67.38830 5646.67 75.1443
67.39080 5659.15 75.2273
67.39330 5676.19 75.3405
67.39580 5674.79 75.3312
67.39830 5666 75.2728
67.40080 5651.47 75.1763
67.40330 5634.54 75.0636
67.40580 5638.25 75.0883
67.40830 5654.48 75.1963
67.41080 5644.69 75.1312
67.41330 5644.27 75.1284
67.41580 5649.14 75.1608
67.41830 5641.78 75.1118
67.42080 5654.78 75.1983
67.42330 5679.11 75.3599
67.42580 5681.76 75.3774
67.42830 5673.4 75.322
67.43080 5657.75 75.218
67.43330 5641.15 75.1076
67.43580 5654.26 75.1948
67.43830 5681.9 75.3784
67.44080 5677.99 75.3524
67.44330 5671.12 75.3069
67.44580 5662.49 75.2495
67.44830 5654.09 75.1936
67.45080 5664.9 75.2656
67.45330 5684.06 75.3927
67.45580 5684.02 75.3924
67.45830 5679.82 75.3646
67.46080 5677.5 75.3492
67.46330 5700.74 75.5033
67.46580 5699.18 75.4929
67.46830 5687.43 75.4151
67.47080 5694.93 75.4648
67.47330 5694.4 75.4613
67.47580 5692.01 75.4454
67.47830 5702.22 75.513
67.48080 5697.35 75.4808
67.48330 5690.09 75.4327
67.48580 5709.29 75.5599
67.48830 5719.49 75.6273
67.49080 5718.24 75.6191
67.49330 5683.85 75.3913
67.49580 5680.01 75.3659
67.49830 5687.03 75.4124
67.50080 5678.06 75.3529
67.50330 5687.91 75.4182
67.50580 5705.3 75.5334
67.50830 5718.38 75.62
67.51080 5716.41 75.607
67.51330 5710.55 75.5681
67.51580 5715.44 75.6005
67.51830 5708.89 75.5572
67.52080 5700.6 75.5023
67.52330 5703.98 75.5247
67.52580 5694.05 75.459
67.52830 5680.14 75.3667
67.53080 5671.27 75.3079
67.53330 5660.59 75.2369
67.53580 5639.96 75.0997
67.53830 5587.4 74.7489
67.54080 5591.45 74.776
67.54330 5615.45 74.9363
67.54580 5635.7 75.0713
67.54830 5643.05 75.1202
67.55080 5635.84 75.0722
67.55330 5597.26 74.8149
67.55580 5605.17 74.8677
67.55830 5626.76 75.0117
67.56080 5641.64 75.1108
67.56330 5637.27 75.0818
67.56580 5629.08 75.0272
67.56830 5628.08 75.0205
67.57080 5625.28 75.0019
67.57330 5624.14 74.9943
67.57580 5629.16 75.0278
67.57830 5621.34 74.9756
67.58080 5614.19 74.9279
67.58330 5619.04 74.9602
67.58580 5622.53 74.9835
67.58830 5623.24 74.9883
67.59080 5617.83 74.9522
67.59330 5615.56 74.937
67.59580 5619.67 74.9644
67.59830 5637.32 75.0821
67.60080 5642.35 75.1156
67.60330 5638.48 75.0898
67.60580 5621.37 74.9758
67.60830 5628.4 75.0227
67.61080 5638.29 75.0886
67.61330 5641.19 75.1079
67.61580 5614.53 74.9301
67.61830 5598.57 74.8236
67.62080 5620.94 74.973
67.62330 5617.09 74.9473
67.62580 5613.18 74.9212
67.62830 5621.31 74.9754
67.63080 5626.46 75.0097
67.63330 5623.24 74.9883
67.63580 5604.44 74.8628
67.63830 5596.59 74.8104
67.64080 5597.05 74.8134
67.64330 5609.44 74.8962
67.64580 5609.34 74.8955
67.64830 5605.81 74.8719
67.65080 5600.2 74.8345
67.65330 5600.88 74.8391
67.65580 5602.63 74.8507
67.65830 5604.34 74.8621
67.66080 5586.9 74.7456
67.66330 5580.66 74.7038
67.66580 5599.4 74.8291
67.66830 5598.7 74.8244
67.67080 5596.81 74.8118
67.67330 5597.9 74.8191
67.67580 5598.37 74.8223
67.67830 5595.87 74.8055
67.68080 5588.66 74.7573
67.68330 5578.11 74.6868
67.68580 5581.01 74.7061
67.68830 5605.69 74.8712
67.69080 5594.72 74.7979
67.69330 5584.84 74.7318
67.69580 5583.11 74.7202
67.69830 5582.65 74.7172
67.70080 5583.01 74.7195
67.70330 5584.33 74.7284
67.70580 5575.93 74.6722
67.70830 5563.82 74.591
67.71080 5547.81 74.4836
67.71330 5564.21 74.5937
67.71580 5575.03 74.6661
67.71830 5574.2 74.6606
67.72080 5572.07 74.6463
67.72330 5571.89 74.6451
67.72580 5574.44 74.6622
67.72830 5579.21 74.6941
67.73080 5583.36 74.7219
67.73330 5586.51 74.743
67.73580 5583.64 74.7238
67.73830 5584.43 74.729
67.74080 5590.19 74.7676
67.74330 5589.81 74.765
67.74580 5577.82 74.6848
67.74830 5552.29 74.5137
67.75080 5553.97 74.525
67.75330 5555.63 74.5361
67.75580 5555.91 74.538
67.75830 5574.08 74.6597
67.76080 5580.53 74.703
67.76330 5573.16 74.6536
67.76580 5586.26 74.7413
67.76830 5602.16 74.8476
67.77080 5620.52 74.9702
67.77330 5615.51 74.9367
67.77580 5609.2 74.8946
67.77830 5601.95 74.8461
67.78080 5600.27 74.8349
67.78330 5600.78 74.8383
67.78580 5603.47 74.8563
67.78830 5588.06 74.7533
67.79080 5591.26 74.7747
67.79330 5612.72 74.9181
67.79580 5626.26 75.0084
67.79830 5635.53 75.0702
67.80080 5640.51 75.1033
67.80330 5631.14 75.0409
67.80580 5637.36 75.0824
67.80830 5657.39 75.2156
67.81080 5655.53 75.2033
67.81330 5644.41 75.1293
67.81580 5626.93 75.0129
67.81830 5665.37 75.2686
67.82080 5668.61 75.2902
67.82330 5644.3 75.1285
67.82580 5684.99 75.3989
67.82830 5706.63 75.5422
67.83080 5711.92 75.5772
67.83330 5708.39 75.5539
67.83580 5706.66 75.5424
67.83830 5705.66 75.5358
67.84080 5692.71 75.45
67.84330 5691.11 75.4395
67.84580 5698.19 75.4864
67.84830 5702.64 75.5158
67.85080 5710.61 75.5686
67.85330 5718.47 75.6206
67.85580 5691.79 75.444
67.85830 5695.63 75.4694
67.86080 5720.29 75.6326
67.86330 5728.73 75.6884
67.86580 5721.47 75.6404
67.86830 5707.56 75.5484
67.87080 5738.13 75.7504
67.87330 5737.01 75.7431
67.87580 5716.5 75.6075
67.87830 5716.05 75.6046
67.88080 5713.94 75.5906
67.88330 5707.71 75.5494
67.88580 5676.28 75.3411
67.88830 5676.17 75.3404
67.89080 5696 75.4718
67.89330 5715.94 75.6039
67.89580 5731.4 75.706
67.89830 5738.48 75.7527
67.90080 5705.59 75.5354
67.90330 5681.76 75.3774
67.90580 5664.48 75.2627
67.90830 5654.99 75.1997
67.91080 5648.29 75.1551
67.91330 5645.94 75.1395
67.91580 5660.46 75.236
67.91830 5679.09 75.3597
67.92080 5698.39 75.4877
67.92330 5708.51 75.5546
67.92580 5687.19 75.4135
67.92830 5655.29 75.2016
67.93080 5656.6 75.2104
67.93330 5666.82 75.2783
67.93580 5682.39 75.3816
67.93830 5701.92 75.5111
67.94080 5698.53 75.4886
67.94330 5681.19 75.3737
67.94580 5651.46 75.1762
67.94830 5659.98 75.2328
67.95080 5679.6 75.3631
67.95330 5666.85 75.2785
67.95580 5648.77 75.1583
67.95830 5629.41 75.0294
67.96080 5615.14 74.9343
67.96330 5621.33 74.9755
67.96580 5633.93 75.0595
67.96830 5635.83 75.0722
67.97080 5633.37 75.0558
67.97330 5626.56 75.0104
67.97580 5610.1 74.9006
67.97830 5596.66 74.8108
67.98080 5585.26 74.7346
67.98330 5576.88 74.6785
67.98580 5590.12 74.7671
67.98830 5605.72 74.8714
67.99080 5599.9 74.8324
67.99330 5603.48 74.8564
67.99580 5599.3 74.8285
67.99830 5557.3 74.5473
68.00080 5546.42 74.4743
68.00330 5547.84 74.4839
68.00580 5552.61 74.5159
68.00830 5558.91 74.5581
68.01080 5566.77 74.6108
68.01330 5577.78 74.6846
68.01580 5578.03 74.6862
68.01830 5578.97 74.6925
68.02080 5592.32 74.7818
68.02330 5576.97 74.6791
68.02580 5561.15 74.5731
68.02830 5569.47 74.6288
68.03080 5565.75 74.604
68.03330 5561.95 74.5785
68.03580 5567.68 74.6169
68.03830 5547.61 74.4823
68.04080 5530.31 74.3661
68.04330 5539.36 74.4269
68.04580 5550.4 74.501
68.04830 5557.44 74.5482
68.05080 5553.25 74.5201
68.05330 5551.43 74.5079
68.05580 5549.62 74.4958
68.05830 5546.35 74.4738
68.06080 5558.22 74.5535
68.06330 5567.93 74.6186
68.06580 5564.09 74.5928
68.06830 5549.32 74.4938
68.07080 5538.59 74.4217
68.07330 5542.43 74.4475
68.07580 5556.74 74.5435
68.07830 5564.05 74.5926
68.08080 5551.6 74.5091
68.08330 5561.02 74.5723
68.08580 5571.07 74.6396
68.08830 5572.94 74.6521
68.09080 5554.85 74.5308
68.09330 5549.45 74.4946
68.09580 5576.85 74.6783
68.09830 5573.89 74.6585
68.10080 5567.72 74.6172
68.10330 5566.33 74.6079
68.10580 5562.79 74.5841
68.10830 5563.61 74.5896
68.11080 5573.07 74.653
68.11330 5565.92 74.6051
68.11580 5568.56 74.6228
68.11830 5593.3 74.7883
68.12080 5603.34 74.8554
68.12330 5597.23 74.8146
68.12580 5567.5 74.6157
68.12830 5571.98 74.6457
68.13080 5579.65 74.6971
68.13330 5584.5 74.7295
68.13580 5566.94 74.6119
68.13830 5562.98 74.5854
68.14080 5585.31 74.7349
68.14330 5583.82 74.7249
68.14580 5580.23 74.7009
68.14830 5577.9 74.6854
68.15080 5564.03 74.5924
68.15330 5559.32 74.5608
68.15580 5570.08 74.6329
68.15830 5560.54 74.569
68.16080 5555.76 74.537
68.16330 5560.77 74.5706
68.16580 5568.49 74.6223
68.16830 5575.02 74.6661
68.17080 5579.57 74.6965
68.17330 5563.99 74.5922
68.17580 5554.24 74.5268
68.17830 5554.51 74.5286
68.18080 5550.36 74.5007
68.18330 5549.95 74.498
68.18580 5554.78 74.5304
68.18830 5580.56 74.7031
68.19080 5590.08 74.7668
68.19330 5577.61 74.6834
68.19580 5541.91 74.444
68.19830 5529.4 74.3599
68.20080 5546.43 74.4744
68.20330 5559.54 74.5623
68.20580 5554.16 74.5263
68.20830 5527.35 74.3462
68.21080 5538.2 74.4191
68.21330 5560.77 74.5705
68.21580 5595.04 74.8
68.21830 5580.35 74.7018
68.22080 5567.19 74.6136
68.22330 5557.17 74.5464
68.22580 5560.25 74.5671
68.22830 5562.36 74.5812
68.23080 5563.19 74.5868
68.23330 5566.02 74.6058
68.23580 5573.54 74.6561
68.23830 5585.84 74.7385
68.24080 5579.74 74.6976
68.24330 5567.46 74.6154
68.24580 5549.01 74.4917
68.24830 5515.95 74.2694
68.25080 5511.96 74.2426
68.25330 5535.76 74.4027
68.25580 5549.64 74.4959
68.25830 5564.64 74.5965
68.26080 5580.5 74.7027
68.26330 5588.61 74.757
68.26580 5583.39 74.7221
68.26830 5566.88 74.6115
68.27080 5571.38 74.6417
68.27330 5564.12 74.593
68.27580 5548.19 74.4861
68.27830 5570.64 74.6367
68.28080 5586.19 74.7408
68.28330 5594.42 74.7959
68.28580 5572.31 74.6479
68.28830 5549.57 74.4955
68.29080 5528.19 74.3518
68.29330 5538.59 74.4217
68.29580 5559.37 74.5612
68.29830 5584.84 74.7318
68.30080 5559.09 74.5593
68.30330 5539.81 74.4299
68.30580 5527.13 74.3446
68.30830 5536.32 74.4065
68.31080 5553.13 74.5193
68.31330 5572.73 74.6507
68.31580 5560.05 74.5657
68.31830 5562.01 74.5789
68.32080 5573.48 74.6557
68.32330 5575.46 74.669
68.32580 5580.76 74.7045
68.32830 5586.73 74.7445
68.33080 5577.72 74.6841
68.33330 5581.45 74.7091
68.33580 5591.03 74.7732
68.33830 5578.31 74.6881
68.34080 5565.26 74.6006
68.34330 5555.45 74.5349
68.34580 5572.94 74.6521
68.34830 5587.77 74.7514
68.35080 5597.98 74.8196
68.35330 5586.7 74.7442
68.35580 5572.49 74.6491
68.35830 5560.55 74.5691
68.36080 5575.63 74.6701
68.36330 5578.38 74.6886
68.36580 5573.4 74.6552
68.36830 5564.62 74.5964
68.37080 5577.55 74.683
68.37330 5598.56 74.8235
68.37580 5595.97 74.8062
68.37830 5585.92 74.739
68.38080 5575.5 74.6693
68.38330 5585.13 74.7337
68.38580 5593.82 74.7919
68.38830 5598.72 74.8246
68.39080 5586.53 74.7431
68.39330 5579.34 74.6949
68.39580 5575.59 74.6698
68.39830 5576.45 74.6756
68.40080 5567.66 74.6168
68.40330 5555.64 74.5362
68.40580 5550.11 74.499
68.40830 5547.05 74.4785
68.41080 5546.09 74.472
68.41330 5549.19 74.4929
68.41580 5546.15 74.4725
68.41830 5545.2 74.4661
68.42080 5564.22 74.5937
68.42330 5573.9 74.6585
68.42580 5578.56 74.6897
68.42830 5579.27 74.6945
68.43080 5569.74 74.6307
68.43330 5561.27 74.5739
68.43580 5572.55 74.6495
68.43830 5570.98 74.639
68.44080 5567.75 74.6174
68.44330 5576.69 74.6772
68.44580 5567.61 74.6164
68.44830 5560.82 74.5709
68.45080 5584.96 74.7326
68.45330 5570.18 74.6336
68.45580 5545.91 74.4709
68.45830 5536.96 74.4108
68.46080 5551.38 74.5076
68.46330 5574.06 74.6597
68.46580 5596.96 74.8129
68.46830 5582.55 74.7164
68.47080 5559.06 74.5591
68.47330 5545.74 74.4698
68.47580 5563.06 74.586
68.47830 5576.7 74.6773
68.48080 5552.1 74.5124
68.48330 5557.9 74.5513
68.48580 5569.84 74.6314
68.48830 5573.2 74.6539
68.49080 5568.31 74.6211
68.49330 5562.97 74.5853
68.49580 5562.79 74.5841
68.49830 5534.77 74.396
68.50080 5515.44 74.266
68.50330 5537.24 74.4127
68.50580 5553.32 74.5206
68.50830 5561.54 74.5758
68.51080 5554.58 74.5291
68.51330 5570.79 74.6377
68.51580 5587.3 74.7483
68.51830 5591 74.773
68.52080 5578.04 74.6863
68.52330 5557.09 74.5459
68.52580 5527.25 74.3455
68.52830 5540.57 74.435
68.53080 5559.23 74.5602
68.53330 5568.32 74.6212
68.53580 5558.84 74.5576
68.53830 5541.26 74.4397
68.54080 5515.27 74.2649
68.54330 5544.84 74.4637
68.54580 5575.95 74.6723
68.54830 5587.73 74.7512
68.55080 5554.98 74.5317
68.55330 5527.52 74.3473
68.55580 5526.48 74.3403
68.55830 5535.62 74.4017
68.56080 5530.93 74.3702
68.56330 5497.38 74.1443
68.56580 5491.91 74.1075
68.56830 5501.33 74.1709
68.57080 5528.77 74.3557
68.57330 5521.03 74.3036
68.57580 5516.22 74.2713
68.57830 5525.96 74.3368
68.58080 5525.27 74.3321
68.58330 5526.27 74.3389
68.58580 5532.61 74.3816
68.58830 5539.33 74.4267
68.59080 5537.55 74.4147
68.59330 5522.1 74.3108
68.59580 5531.29 74.3726
68.59830 5538.63 74.422
68.60080 5538.35 74.4201
68.60330 5526.94 74.3434
68.60580 5527.99 74.3504
68.60830 5549.54 74.4953
68.61080 5555.43 74.5348
68.61330 5547.35 74.4805
68.61580 5521.46 74.3065
68.61830 5521.79 74.3088
68.62080 5524.47 74.3268
68.62330 5526.96 74.3435
68.62580 5532.13 74.3783
68.62830 5536.93 74.4105
68.63080 5540.92 74.4374
68.63330 5536.38 74.4068
68.63580 5533.28 74.386
68.63830 5532.9 74.3835
68.64080 5548.08 74.4854
68.64330 5561.68 74.5767
68.64580 5572 74.6458
68.64830 5563.57 74.5893
68.65080 5547.14 74.4792
68.65330 5522.26 74.3119
68.65580 5515.5 74.2664
68.65830 5501.56 74.1725
68.66080 5478.13 74.0144
68.66330 5500.98 74.1686
68.66580 5513.01 74.2496
68.66830 5510.63 74.2336
68.67080 5538.68 74.4223
68.67330 5555.99 74.5385
68.67580 5560.44 74.5684
68.67830 5541.09 74.4385
68.68080 5526.93 74.3433
68.68330 5518.86 74.2891
68.68580 5537.43 74.4139
68.68830 5541.47 74.4411
68.69080 5530.16 74.365
68.69330 5528.43 74.3534
68.69580 5524 74.3236
68.69830 5516.98 74.2764
68.70080 5549.41 74.4944
68.70330 5564.58 74.5961
68.70580 5562.77 74.584
68.70830 5540.63 74.4354
68.71080 5541.1 74.4386
68.71330 5562.28 74.5807
68.71580 5560.17 74.5666
68.71830 5566.17 74.6068
68.72080 5579.04 74.6929
68.72330 5575.84 74.6715
68.72580 5577.73 74.6842
68.72830 5583.33 74.7217
68.73080 5568.84 74.6246
68.73330 5568.45 74.6221
68.73580 5581.1 74.7068
68.73830 5616.26 74.9417
68.74080 5622.09 74.9806
68.74330 5604.23 74.8614
68.74580 5593.09 74.787
68.74830 5577.23 74.6808
68.75080 5559.97 74.5652
68.75330 5578.48 74.6892
68.75580 5590.6 74.7703
68.75830 5598.78 74.825
68.76080 5619.53 74.9635
68.76330 5614.71 74.9314
68.76580 5592.55 74.7833
68.76830 5589.74 74.7645
68.77080 5588.67 74.7574
68.77330 5588.24 74.7546
68.77580 5581.3 74.7081
68.77830 5590.62 74.7704
68.78080 5608.51 74.89
68.78330 5600.33 74.8353
68.78580 5589.06 74.76
68.78830 5575 74.6659
68.79080 5554.56 74.5289
68.79330 5558.93 74.5582
68.79580 5578.55 74.6897
68.79830 5591.4 74.7757
68.80080 5575.44 74.6689
68.80330 5545.2 74.4661
68.80580 5542.79 74.4499
68.80830 5559.96 74.5651
68.81080 5584.4 74.7289
68.81330 5577.62 74.6835
68.81580 5580.19 74.7007
68.81830 5585.57 74.7367
68.82080 5574.06 74.6596
68.82330 5562.6 74.5829
68.82580 5550.82 74.5038
68.82830 5536.81 74.4098
68.83080 5535.96 74.4041
68.83330 5545.5 74.4681
68.83580 5573.12 74.6533
68.83830 5571.59 74.6431
68.84080 5556.64 74.5429
68.84330 5551.42 74.5079
68.84580 5545.63 74.469
68.84830 5546.44 74.4745
68.85080 5581.29 74.7081
68.85330 5580.49 74.7027
68.85580 5566.2 74.6069
68.85830 5569.86 74.6315
68.86080 5592.51 74.7831
68.86330 5610.53 74.9035
68.86580 5568.94 74.6254
68.86830 5570.57 74.6363
68.87080 5585.08 74.7334
68.87330 5571.92 74.6453
68.87580 5572.01 74.6459
68.87830 5581.28 74.708
68.88080 5604.22 74.8614
68.88330 5608.64 74.8909
68.88580 5602.28 74.8484
68.88830 5584.4 74.7288
68.89080 5582.02 74.7129
68.89330 5583.22 74.721
68.89580 5574.94 74.6655
68.89830 5578.85 74.6917
68.90080 5576.82 74.6781
68.90330 5538.37 74.4202
68.90580 5532.11 74.3782
68.90830 5537.17 74.4122
68.91080 5540.34 74.4335
68.91330 5555.56 74.5356
68.91580 5569.49 74.629
68.91830 5566.11 74.6064
68.92080 5569.32 74.6279
68.92330 5575.36 74.6683
68.92580 5583.2 74.7208
68.92830 5568.27 74.6208
68.93080 5553.22 74.52
68.93330 5558.97 74.5585
68.93580 5565.4 74.6016
68.93830 5570.53 74.636
68.94080 5571.52 74.6426
68.94330 5569.9 74.6318
68.94580 5567.14 74.6133
68.94830 5563.4 74.5882
68.95080 5583.35 74.7219
68.95330 5600.74 74.8381
68.95580 5594.69 74.7977
68.95830 5571.92 74.6453
68.96080 5566.3 74.6076
68.96330 5613.22 74.9214
68.96580 5627.47 75.0165
68.96830 5626.41 75.0094
68.97080 5609.15 74.8943
68.97330 5592.61 74.7838
68.97580 5580.99 74.706
68.97830 5579.98 74.6992
68.98080 5593.12 74.7872
68.98330 5610.31 74.902
68.98580 5629.18 75.0278
68.98830 5641.17 75.1077
68.99080 5646.41 75.1426
68.99330 5640.75 75.1049
68.99580 5636.26 75.075
68.99830 5623.7 74.9913
69.00080 5594.51 74.7964
69.00330 5601.34 74.8421
69.00580 5612.12 74.9141
69.00830 5617.02 74.9468
69.01080 5626.34 75.0089
69.01330 5628.62 75.0241
69.01580 5616.29 74.9419
69.01830 5610.19 74.9012
69.02080 5606.77 74.8783
69.02330 5606.26 74.8749
69.02580 5602.5 74.8499
69.02830 5606.27 74.875
69.03080 5623.94 74.9929
69.03330 5625.73 75.0049
69.03580 5612.76 74.9183
69.03830 5579.07 74.6932
69.04080 5566.76 74.6107
69.04330 5565.31 74.601
69.04580 5576.61 74.6767
69.04830 5589.46 74.7627
69.05080 5583.84 74.7251
69.05330 5549.1 74.4923
69.05580 5547.38 74.4808
69.05830 5553.26 74.5202
69.06080 5564.71 74.597
69.06330 5553.81 74.5239
69.06580 5548.5 74.4882
69.06830 5554.8 74.5305
69.07080 5538.98 74.4243
69.07330 5533.32 74.3863
69.07580 5544.99 74.4647
69.07830 5542.88 74.4505
69.08080 5538.6 74.4218
69.08330 5533.02 74.3843
69.08580 5534.6 74.3949
69.08830 5537.09 74.4116
69.09080 5540.05 74.4315
69.09330 5519 74.29
69.09580 5515.71 74.2678
69.09830 5537.1 74.4117
69.10080 5547.63 74.4824
69.10330 5544.34 74.4603
69.10580 5524.83 74.3292
69.10830 5538.54 74.4214
69.11080 5550.36 74.5007
69.11330 5557.96 74.5517
69.11580 5559.85 74.5644
69.11830 5565.61 74.603
69.12080 5576.07 74.6731
69.12330 5560.73 74.5703
69.12580 5549.31 74.4937
69.12830 5543.19 74.4526
69.13080 5550.09 74.499
69.13330 5564.05 74.5926
69.13580 5585.27 74.7347
69.13830 5583.83 74.725
69.14080 5584.99 74.7328
69.14330 5589.2 74.761
69.14580 5606.87 74.879
69.14830 5600.37 74.8356
69.15080 5569.45 74.6288
69.15330 5562.9 74.5849
69.15580 5563.68 74.5901
69.15830 5571.41 74.6419
69.16080 5557.42 74.5481
69.16330 5556.83 74.5441
69.16580 5568.49 74.6223
69.16830 5557.89 74.5512
69.17080 5564.4 74.5949
69.17330 5585.97 74.7394
69.17580 5586.06 74.74
69.17830 5584.97 74.7327
69.18080 5581.99 74.7127
69.18330 5555.61 74.5359
69.18580 5566.03 74.6059
69.18830 5605.56 74.8703
69.19080 5591.51 74.7764
69.19330 5580.72 74.7042
69.19580 5572.88 74.6517
69.19830 5569.65 74.6301
69.20080 5573.14 74.6535
69.20330 5581.49 74.7094
69.20580 5581.31 74.7081
69.20830 5572.15 74.6468
69.21080 5559.43 74.5616
69.21330 5593.48 74.7895
69.21580 5594.54 74.7967
69.21830 5572.19 74.6471
69.22080 5565.49 74.6022
69.22330 5571.61 74.6432
69.22580 5586.8 74.7449
69.22830 5599.76 74.8315
69.23080 5597.2 74.8144
69.23330 5584.8 74.7315
69.23580 5582.51 74.7162
69.23830 5593.5 74.7897
69.24080 5612.97 74.9198
69.24330 5627.91 75.0194
69.24580 5618.81 74.9587
69.24830 5595.53 74.8033
69.25080 5584.93 74.7324
69.25330 5582.09 74.7134
69.25580 5585.73 74.7378
69.25830 5601.27 74.8416
69.26080 5611.59 74.9105
69.26330 5617.24 74.9483
69.26580 5612.51 74.9167
69.26830 5610.5 74.9033
69.27080 5609.64 74.8976
69.27330 5605.9 74.8725
69.27580 5600.49 74.8364
69.27830 5598.71 74.8245
69.28080 5624.55 74.997
69.28330 5629.2 75.028
69.28580 5619.55 74.9637
69.28830 5594.76 74.7981
69.29080 5579.08 74.6932
69.29330 5572.6 74.6498
69.29580 5589.41 74.7623
69.29830 5596.7 74.8111
69.30080 5597.25 74.8148
69.30330 5588.26 74.7547
69.30580 5586.26 74.7413
69.30830 5589.81 74.7651
69.31080 5603.35 74.8555
69.31330 5593.37 74.7888
69.31580 5573.76 74.6576
69.31830 5560.85 74.5711
69.32080 5570.89 74.6384
69.32330 5587.35 74.7486
69.32580 5586.72 74.7444
69.32830 5569.95 74.6321
69.33080 5554.46 74.5282
69.33330 5572.55 74.6495
69.33580 5583.18 74.7207
69.33830 5583.51 74.7229
69.34080 5556.54 74.5422
69.34330 5549.19 74.4929
69.34580 5546.46 74.4745
69.34830 5531.63 74.375
69.35080 5545.45 74.4678
69.35330 5563.72 74.5903
69.35580 5558.8 74.5574
69.35830 5571.23 74.6407
69.36080 5582.51 74.7162
69.36330 5568.6 74.6231
69.36580 5552.19 74.513
69.36830 5545.36 74.4672
69.37080 5571.64 74.6434
69.37330 5575.09 74.6665
69.37580 5574.74 74.6642
69.37830 5586.55 74.7432
69.38080 5585.15 74.7339
69.38330 5576.97 74.6791
69.38580 5561.67 74.5766
69.38830 5567.94 74.6186
69.39080 5579.7 74.6974
69.39330 5587.96 74.7527
69.39580 5611.57 74.9104
69.39830 5624.57 74.9971
69.40080 5597.14 74.814
69.40330 5574.77 74.6644
69.40580 5561.36 74.5745
69.40830 5567.13 74.6132
69.41080 5567.52 74.6158
69.41330 5570.55 74.6361
69.41580 5583.62 74.7236
69.41830 5586.11 74.7403
69.42080 5589.97 74.7661
69.42330 5603.49 74.8565
69.42580 5604.94 74.8661
69.42830 5597.59 74.8171
69.43080 5577.06 74.6797
69.43330 5564.67 74.5967
69.43580 5565.02 74.5991
69.43830 5589.01 74.7597
69.44080 5590.86 74.7721
69.44330 5580.87 74.7052
69.44580 5556.3 74.5406
69.44830 5539.07 74.4249
69.45080 5536.58 74.4082
69.45330 5560.77 74.5706
69.45580 5565.69 74.6035
69.45830 5564.33 74.5944
69.46080 5558.16 74.5531
69.46330 5568.85 74.6247
69.46580 5566.64 74.6099
69.46830 5534.35 74.3932
69.47080 5534 74.3909
69.47330 5539.26 74.4262
69.47580 5544.6 74.4621
69.47830 5550.91 74.5045
69.48080 5554.28 74.5271
69.48330 5552.23 74.5133
69.48580 5559.67 74.5632
69.48830 5563.57 74.5894
69.49080 5559.08 74.5592
69.49330 5550.65 74.5027
69.49580 5536.93 74.4105
69.49830 5515.49 74.2664
69.50080 5505.49 74.199
69.50330 5499.78 74.1605
69.50580 5498.46 74.1516
69.50830 5510.28 74.2313
69.51080 5527.51 74.3473
69.51330 5550.57 74.5021
69.51580 5535.32 74.3997
69.51830 5518.77 74.2884
69.52080 5506.48 74.2057
69.52330 5540.04 74.4315
69.52580 5556.78 74.5438
69.52830 5543.11 74.4521
69.53080 5552.15 74.5128
69.53330 5561.7 74.5768
69.53580 5569.14 74.6267
69.53830 5528.04 74.3508
69.54080 5508.09 74.2165
69.54330 5521.38 74.306
69.54580 5555.17 74.533
69.54830 5573.75 74.6575
69.55080 5570.95 74.6388
69.55330 5545.23 74.4663
69.55580 5528.36 74.353
69.55830 5524.22 74.3251
69.56080 5543.76 74.4564
69.56330 5539.63 74.4287
69.56580 5505.6 74.1998
69.56830 5534.08 74.3914
69.57080 5548.25 74.4866
69.57330 5542.67 74.4491
69.57580 5527.24 74.3454
69.57830 5525.79 74.3356
69.58080 5540.42 74.434
69.58330 5520.24 74.2983
69.58580 5504.44 74.1919
69.58830 5494.38 74.1241
69.59080 5510.34 74.2317
69.59330 5520.93 74.303
69.59580 5525.42 74.3332
69.59830 5552.08 74.5123
69.60080 5563.24 74.5872
69.60330 5558.42 74.5548
69.60580 5531.71 74.3755
69.60830 5534.01 74.3909
69.61080 5564.57 74.596
69.61330 5554.09 74.5258
69.61580 5543.99 74.4579
69.61830 5534.41 74.3936
69.62080 5535.61 74.4017
69.62330 5540.73 74.4361
69.62580 5548.81 74.4903
69.62830 5530.68 74.3685
69.63080 5533.82 74.3897
69.63330 5554.77 74.5303
69.63580 5540.85 74.4369
69.63830 5537.9 74.4171
69.64080 5544.28 74.4599
69.64330 5546.92 74.4776
69.64580 5545.1 74.4654
69.64830 5538.93 74.424
69.65080 5520.6 74.3007
69.65330 5512.28 74.2448
69.65580 5512.53 74.2464
69.65830 5520.47 74.2998
69.66080 5518.26 74.285
69.66330 5508.57 74.2197
69.66580 5505.14 74.1966
69.66830 5502.95 74.1819
69.67080 5503.47 74.1853
69.67330 5526.09 74.3376
69.67580 5528.15 74.3515
69.67830 5515.81 74.2685
69.68080 5510.5 74.2328
69.68330 5501.15 74.1698
69.68580 5492.34 74.1103
69.68830 5517.75 74.2816
69.69080 5519.37 74.2925
69.69330 5506.73 74.2074
69.69580 5512.22 74.2443
69.69830 5511.29 74.238
69.70080 5507.4 74.2119
69.70330 5514.29 74.2583
69.70580 5523.97 74.3234
69.70830 5531.22 74.3722
69.71080 5506.11 74.2031
69.71330 5500.42 74.1648
69.71580 5505.76 74.2008
69.71830 5504.45 74.192
69.72080 5497.31 74.1439
69.72330 5490.75 74.0996
69.72580 5510.97 74.2359
69.72830 5507.82 74.2147
69.73080 5492.6 74.1121
69.73330 5485.6 74.0649
69.73580 5505.98 74.2023
69.73830 5537.15 74.412
69.74080 5543.07 74.4518
69.74330 5538.98 74.4243
69.74580 5528.65 74.3549
69.74830 5513.6 74.2536
69.75080 5511.81 74.2415
69.75330 5516.88 74.2757
69.75580 5522.13 74.311
69.75830 5517.17 74.2777
69.76080 5513.78 74.2548
69.76330 5542.16 74.4457
69.76580 5524.64 74.3279
69.76830 5497.68 74.1463
69.77080 5527.38 74.3464
69.77330 5516.72 74.2746
69.77580 5494.29 74.1235
69.77830 5501.13 74.1696
69.78080 5508.35 74.2183
69.78330 5514.48 74.2595
69.78580 5515.43 74.2659
69.78830 5495.04 74.1285
69.79080 5476.16 74.0011
69.79330 5498.31 74.1506
69.79580 5510.67 74.2339
69.79830 5517.24 74.2782
69.80080 5517.22 74.278
69.80330 5495.47 74.1314
69.80580 5473.51 73.9832
69.80830 5480.77 74.0322
69.81080 5492.97 74.1146
69.81330 5504.42 74.1918
69.81580 5507.15 74.2101
69.81830 5499.28 74.1572
69.82080 5486.97 74.0741
69.82330 5472.7 73.9777
69.82580 5465.99 73.9324
69.82830 5464.26 73.9207
69.83080 5469.74 73.9577
69.83330 5486.02 74.0677
69.83580 5495.69 74.1329
69.83830 5475.49 73.9965
69.84080 5470.42 73.9623
69.84330 5471.97 73.9728
69.84580 5478.59 74.0175
69.84830 5490.11 74.0953
69.85080 5495.01 74.1284
69.85330 5478.14 74.0145
69.85580 5473.89 73.9858
69.85830 5480.47 74.0302
69.86080 5505.52 74.1992
69.86330 5503.24 74.1838
69.86580 5491.77 74.1065
69.86830 5476.21 74.0014
69.87080 5478.85 74.0193
69.87330 5483.17 74.0484
69.87580 5480.07 74.0275
69.87830 5486.84 74.0732
69.88080 5495.18 74.1295
69.88330 5501.47 74.1719
69.88580 5496.27 74.1368
69.88830 5494.31 74.1236
69.89080 5505.49 74.199
69.89330 5491.68 74.1059
69.89580 5481.6 74.0378
69.89830 5491.33 74.1035
69.90080 5486.33 74.0697
69.90330 5482.78 74.0458
69.90580 5488.6 74.0851
69.90830 5481.07 74.0342
69.91080 5478.35 74.0159
69.91330 5490.38 74.0971
69.91580 5484.2 74.0554
69.91830 5480.47 74.0302
69.92080 5487.92 74.0805
69.92330 5481.72 74.0386
69.92580 5476.97 74.0066
69.92830 5479.31 74.0223
69.93080 5458.24 73.8799
69.93330 5453.03 73.8446
69.93580 5482.63 74.0448
69.93830 5499.39 74.1579
69.94080 5504.16 74.19
69.94330 5491.9 74.1073
69.94580 5459.64 73.8894
69.94830 5448.59 73.8146
69.95080 5477.14 74.0077
69.95330 5496.71 74.1398
69.95580 5500.48 74.1652
69.95830 5481.03 74.034
69.96080 5468.72 73.9508
69.96330 5472.49 73.9763
69.96580 5499.58 74.1592
69.96830 5493.68 74.1193
69.97080 5490.3 74.0966
69.97330 5496.19 74.1363
69.97580 5494.41 74.1243
69.97830 5490.17 74.0957
69.98080 5483.52 74.0508
69.98330 5477.55 74.0105
69.98580 5485.76 74.0659
69.98830 5513.52 74.2531
69.99080 5496.66 74.1395
69.99330 5487.73 74.0792
69.99580 5494.36 74.124
69.99830 5478.54 74.0172
70.00080 5473.06 73.9802
70.00330 5483.12 74.0481
70.00580 5488.89 74.0871
70.00830 5497.7 74.1465
70.01080 5510.64 74.2337
70.01330 5511.54 74.2397
70.01580 5507.36 74.2116
70.01830 5497.85 74.1475
70.02080 5494.23 74.1231
70.02330 5494.61 74.1257
70.02580 5499.37 74.1577
70.02830 5518.7 74.2879
70.03080 5525.6 74.3344
70.03330 5517.83 74.2821
70.03580 5497.54 74.1454
70.03830 5476.18 74.0012
70.04080 5454.03 73.8514
70.04330 5490.75 74.0996
70.04580 5516.27 74.2716
70.04830 5528.69 74.3552
70.05080 5517.08 74.277
70.05330 5505.72 74.2005
70.05580 5494.89 74.1275
70.05830 5506.9 74.2085
70.06080 5512.55 74.2465
70.06330 5511.85 74.2419
70.06580 5514.53 74.2599
70.06830 5520.66 74.3012
70.07080 5529.75 74.3623
70.07330 5513.58 74.2535
70.07580 5499.76 74.1604
70.07830 5488.57 74.0849
70.08080 5496.91 74.1411
70.08330 5508.32 74.2181
70.08580 5521.56 74.3072
70.08830 5504.62 74.1931
70.09080 5484.35 74.0564
70.09330 5462.15 73.9064
70.09580 5464.62 73.9231
70.09830 5488.47 74.0842
70.10080 5528.63 74.3548
70.10330 5534.03 74.391
70.10580 5519.76 74.2951
70.10830 5492.55 74.1117
70.11080 5517.98 74.2831
70.11330 5520.09 74.2973
70.11580 5504.42 74.1918
70.11830 5497.46 74.1449
70.12080 5492.53 74.1116
70.12330 5489.59 74.0918
70.12580 5492.64 74.1124
70.12830 5497.95 74.1482
70.13080 5504.13 74.1898
70.13330 5501.24 74.1703
70.13580 5492.05 74.1083
70.13830 5481.47 74.0369
70.14080 5503.08 74.1827
70.14330 5512.94 74.2492
70.14580 5515.4 74.2657
70.14830 5524.2 74.325
70.15080 5507.94 74.2155
70.15330 5480.34 74.0293
70.15580 5498.63 74.1528
70.15830 5501.34 74.171
70.16080 5494.41 74.1243
70.16330 5490.66 74.099
70.16580 5507.88 74.2151
70.16830 5535.2 74.399
70.17080 5541.37 74.4404
70.17330 5543.96 74.4578
70.17580 5544.24 74.4596
70.17830 5543.34 74.4536
70.18080 5539.45 74.4275
70.18330 5538.58 74.4216
70.18580 5567.45 74.6153
70.18830 5585.77 74.738
70.19080 5595.55 74.8034
70.19330 5589.82 74.7651
70.19580 5569.82 74.6312
70.19830 5545.05 74.4651
70.20080 5536.33 74.4065
70.20330 5535.42 74.4004
70.20580 5536.79 74.4096
70.20830 5528.98 74.3571
70.21080 5535.58 74.4015
70.21330 5552.29 74.5137
70.21580 5583.08 74.72
70.21830 5580.88 74.7053
70.22080 5562.56 74.5825
70.22330 5543.37 74.4538
70.22580 5559.96 74.5651
70.22830 5581.88 74.712
70.23080 5554.67 74.5296
70.23330 5540.33 74.4334
70.23580 5534.8 74.3963
70.23830 5541.87 74.4437
70.24080 5528.94 74.3568
70.24330 5511.65 74.2405
70.24580 5511.05 74.2365
70.24830 5495.16 74.1293
70.25080 5481.93 74.04
70.25330 5502.23 74.1771
70.25580 5501.93 74.175
70.25830 5497.57 74.1456
70.26080 5507.93 74.2154
70.26330 5505.49 74.199
70.26580 5497.62 74.146
70.26830 5487.94 74.0806
70.27080 5491.97 74.1078
70.27330 5500.08 74.1625
70.27580 5505.16 74.1968
70.27830 5517.03 74.2767
70.28080 5521.34 74.3057
70.28330 5494.89 74.1276
70.28580 5480.38 74.0296
70.28830 5462.87 73.9112
70.29080 5424.65 73.6522
70.29330 5435.42 73.7253
70.29580 5463.43 73.915
70.29830 5495.68 74.1328
70.30080 5468.06 73.9463
70.30330 5433.93 73.7152
70.30580 5432.07 73.7026
70.30830 5451.34 73.8332
70.31080 5464.47 73.9221
70.31330 5445.49 73.7936
70.31580 5440.61 73.7605
70.31830 5436.94 73.7356
70.32080 5426.42 73.6642
70.32330 5439.34 73.7519
70.32580 5451.47 73.8341
70.32830 5446.69 73.8017
70.33080 5447.85 73.8096
70.33330 5453.75 73.8495
70.33580 5467.11 73.9399
70.33830 5448.78 73.8158
70.34080 5431.19 73.6966
70.34330 5432.18 73.7033
70.34580 5447.8 73.8092
70.34830 5459.92 73.8913
70.35080 5457.46 73.8746
70.35330 5456.77 73.8699
70.35580 5450.41 73.8269
70.35830 5431.59 73.6993
70.36080 5449.73 73.8223
70.36330 5460.57 73.8957
70.36580 5442.01 73.77
70.36830 5449.48 73.8206
70.37080 5456.8 73.8702
70.37330 5454.26 73.853
70.37580 5456.12 73.8656
70.37830 5464.65 73.9233
70.38080 5484.03 74.0542
70.38330 5460.66 73.8963
70.38580 5439.8 73.755
70.38830 5436.28 73.7311
70.39080 5445.61 73.7944
70.39330 5450.94 73.8305
70.39580 5445.93 73.7965
70.39830 5429.7 73.6865
70.40080 5409.65 73.5503
70.40330 5386 73.3894
70.40580 5406.53 73.5291
70.40830 5421.58 73.6314
70.41080 5418.18 73.6083
70.41330 5422.89 73.6402
70.41580 5428.47 73.6781
70.41830 5433.82 73.7145
70.42080 5446.95 73.8035
70.42330 5450.05 73.8245
70.42580 5436.81 73.7347
70.42830 5424.9 73.6539
70.43080 5413.38 73.5757
70.43330 5402.23 73.4999
70.43580 5429.16 73.6828
70.43830 5449.53 73.8209
70.44080 5455.69 73.8626
70.44330 5442.2 73.7713
70.44580 5432.4 73.7048
70.44830 5429.85 73.6875
70.45080 5462.76 73.9105
70.45330 5479.38 74.0228
70.45580 5471.19 73.9675
70.45830 5435.88 73.7284
70.46080 5427.14 73.6691
70.46330 5454.22 73.8527
70.46580 5455.87 73.8639
70.46830 5457.85 73.8773
70.47080 5462.02 73.9055
70.47330 5444.22 73.785
70.47580 5436.61 73.7334
70.47830 5442.28 73.7718
70.48080 5434.18 73.7169
70.48330 5429.68 73.6864
70.48580 5429.92 73.688
70.48830 5425.52 73.6581
70.49080 5421.97 73.634
70.49330 5419.52 73.6174
70.49580 5421.2 73.6288
70.49830 5418.12 73.6079
70.50080 5409.86 73.5517
70.50330 5416.15 73.5945
70.50580 5422.22 73.6357
70.50830 5427.89 73.6742
70.51080 5444.03 73.7837
70.51330 5452.24 73.8393
70.51580 5452.41 73.8405
70.51830 5438.23 73.7443
70.52080 5433.64 73.7132
70.52330 5438.09 73.7434
70.52580 5421.62 73.6317
70.52830 5427.79 73.6736
70.53080 5454.57 73.855
70.53330 5450.29 73.8261
70.53580 5437.2 73.7374
70.53830 5416.74 73.5985
70.54080 5417.28 73.6022
70.54330 5431.1 73.696
70.54580 5455.47 73.8611
70.54830 5450.39 73.8268
70.55080 5448.02 73.8107
70.55330 5447.58 73.8077
70.55580 5439.61 73.7537
70.55830 5447.83 73.8094
70.56080 5467.05 73.9395
70.56330 5445.48 73.7935
70.56580 5439.12 73.7504
70.56830 5444.94 73.7898
70.57080 5452.1 73.8383
70.57330 5450.12 73.8249
70.57580 5440.84 73.762
70.57830 5427.74 73.6732
70.58080 5430.59 73.6925
70.58330 5444.25 73.7852
70.58580 5445.45 73.7933
70.58830 5439.25 73.7513
70.59080 5428.96 73.6815
70.59330 5431.64 73.6996
70.59580 5415.53 73.5903
70.59830 5393.82 73.4427
70.60080 5443.77 73.7819
70.60330 5463.54 73.9158
70.60580 5463.48 73.9154
70.60830 5467.3 73.9412
70.61080 5484.55 74.0578
70.61330 5503.66 74.1866
70.61580 5467.47 73.9424
70.61830 5460.08 73.8923
70.62080 5469.74 73.9577
70.62330 5472.15 73.974
70.62580 5464.1 73.9196
70.62830 5455.36 73.8604
70.63080 5485.32 74.0629
70.63330 5485.05 74.0611
70.63580 5472.65 73.9773
70.63830 5495.72 74.1331
70.64080 5506.75 74.2075
70.64330 5509.84 74.2283
70.64580 5505.94 74.202
70.64830 5492.26 74.1098
70.65080 5473.38 73.9823
70.65330 5455.19 73.8593
70.65580 5453.22 73.8459
70.65830 5460.76 73.897
70.66080 5473.61 73.9839
70.66330 5490.44 74.0975
70.66580 5504.46 74.1921
70.66830 5494.66 74.126
70.67080 5496.11 74.1358
70.67330 5502.61 74.1796
70.67580 5506.99 74.2091
70.67830 5498.1 74.1492
70.68080 5484.87 74.0599
70.68330 5480.04 74.0273
70.68580 5495.9 74.1343
70.68830 5515.09 74.2636
70.69080 5509.04 74.2229
70.69330 5508.2 74.2173
70.69580 5509.54 74.2263
70.69830 5510.54 74.233
70.70080 5517.73 74.2815
70.70330 5524.88 74.3295
70.70580 5522.07 74.3106
70.70830 5509.25 74.2243
70.71080 5499.8 74.1606
70.71330 5516.87 74.2757
70.71580 5518.68 74.2878
70.71830 5513.99 74.2563
70.72080 5507.26 74.2109
70.72330 5504.3 74.191
70.72580 5504.24 74.1906
70.72830 5509.06 74.2231
70.73080 5494.34 74.1238
70.73330 5479.33 74.0225
70.73580 5485.09 74.0614
70.73830 5502.47 74.1786
70.74080 5512.78 74.2481
70.74330 5490.17 74.0957
70.74580 5473.15 73.9807
70.74830 5461.98 73.9052
70.75080 5462.42 73.9082
70.75330 5481.31 74.0359
70.75580 5498.16 74.1496
70.75830 5493.69 74.1194
70.76080 5487.45 74.0773
70.76330 5484.5 74.0574
70.76580 5491.63 74.1055
70.76830 5478.88 74.0195
70.77080 5470.71 73.9643
70.77330 5488.37 74.0835
70.77580 5494.9 74.1276
70.77830 5491.04 74.1015
70.78080 5469.26 73.9544
70.78330 5464.89 73.9249
70.78580 5455.8 73.8634
70.78830 5425.21 73.656
70.79080 5423.01 73.6411
70.79330 5426.48 73.6647
70.79580 5427.12 73.669
70.79830 5448.82 73.8161
70.80080 5463.35 73.9145
70.80330 5451.84 73.8366
70.80580 5436.06 73.7296
70.80830 5429.93 73.688
70.81080 5445.84 73.7959
70.81330 5442.23 73.7715
70.81580 5435.31 73.7245
70.81830 5429.84 73.6875
70.82080 5433.14 73.7098
70.82330 5440.43 73.7592
70.82580 5452.11 73.8384
70.82830 5442.97 73.7765
70.83080 5436.98 73.7359
70.83330 5443.98 73.7833
70.83580 5443.34 73.779
70.83830 5433.64 73.7133
70.84080 5410.01 73.5528
70.84330 5405.75 73.5238
70.84580 5414.63 73.5842
70.84830 5440.91 73.7625
70.85080 5445.48 73.7935
70.85330 5435.2 73.7238
70.85580 5405.49 73.5221
70.85830 5421.27 73.6293
70.86080 5441.18 73.7643
70.86330 5457.56 73.8753
70.86580 5434.98 73.7223
70.86830 5425.5 73.658
70.87080 5444.29 73.7854
70.87330 5454.25 73.8529
70.87580 5454.68 73.8558
70.87830 5442.31 73.772
70.88080 5446.77 73.8022
70.88330 5445.81 73.7957
70.88580 5434.28 73.7176
70.88830 5435.3 73.7245
70.89080 5445.05 73.7906
70.89330 5465.4 73.9283
70.89580 5467.68 73.9438
70.89830 5461.49 73.9019
70.90080 5445.93 73.7965
70.90330 5419.4 73.6165
70.90580 5409.35 73.5483
70.90830 5422.16 73.6353
70.91080 5429.77 73.687
70.91330 5432.3 73.7041
70.91580 5428.78 73.6803
70.91830 5423.27 73.6428
70.92080 5428.5 73.6784
70.92330 5447.13 73.8046
70.92580 5443.7 73.7815
70.92830 5436.15 73.7302
70.93080 5424.99 73.6545
70.93330 5414.37 73.5824
70.93580 5417.32 73.6024
70.93830 5435.89 73.7285
70.94080 5444.74 73.7885
70.94330 5435.92 73.7287
70.94580 5407.75 73.5374
70.94830 5408.03 73.5393
70.95080 5416.87 73.5994
70.95330 5434.19 73.717
70.95580 5417.27 73.6021
70.95830 5398.87 73.477
70.96080 5379.49 73.345
70.96330 5432.51 73.7055
70.96580 5453.71 73.8493
70.96830 5442.25 73.7716
70.97080 5422.53 73.6378
70.97330 5418.4 73.6098
70.97580 5429.66 73.6863
70.97830 5455.47 73.8612
70.98080 5462.65 73.9098
70.98330 5452.07 73.8382
70.98580 5434.49 73.719
70.98830 5416.57 73.5973
70.99080 5399.27 73.4798
70.99330 5417.58 73.6042
70.99580 5416.28 73.5954
70.99830 5398.4 73.4738
71.00080 5402.79 73.5037
71.00330 5414.59 73.5839
71.00580 5432.28 73.704
71.00830 5439.76 73.7547
71.01080 5441.65 73.7675
71.01330 5439.55 73.7533
71.01580 5449.44 73.8203
71.01830 5454.81 73.8567
71.02080 5456.35 73.8671
71.02330 5454.27 73.853
71.02580 5450.58 73.8281
71.02830 5446.23 73.7986
71.03080 5449.94 73.8237
71.03330 5445.81 73.7957
71.03580 5435.02 73.7226
71.03830 5414.87 73.5858
71.04080 5406.76 73.5307
71.04330 5410.65 73.5571
71.04580 5450.32 73.8263
71.04830 5461.77 73.9038
71.05080 5453.06 73.8448
71.05330 5440.64 73.7607
71.05580 5436.8 73.7346
71.05830 5439.96 73.7561
71.06080 5453.9 73.8505
71.06330 5446.36 73.7995
71.06580 5429.12 73.6825
71.06830 5447.65 73.8082
71.07080 5450.71 73.8289
71.07330 5448.22 73.812
71.07580 5477.76 74.0119
71.07830 5462.66 73.9098
71.08080 5427.11 73.6689
71.08330 5439.27 73.7514
71.08580 5438.82 73.7483
71.08830 5430.26 73.6903
71.09080 5417.34 73.6026
71.09330 5407.36 73.5348
71.09580 5401.64 73.4958
71.09830 5411.55 73.5633
71.10080 5435.81 73.7279
71.10330 5460.37 73.8943
71.10580 5441.92 73.7694
71.10830 5450.46 73.8272
71.11080 5470.4 73.9621
71.11330 5474.84 73.9921
71.11580 5458.03 73.8785
71.11830 5435.69 73.7271
71.12080 5440 73.7564
71.12330 5441.68 73.7677
71.12580 5444.7 73.7882
71.12830 5460.25 73.8935
71.13080 5468.88 73.9519
71.13330 5469.33 73.9549
71.13580 5447.89 73.8098
71.13830 5450.56 73.8279
71.14080 5461.62 73.9028
71.14330 5461.51 73.902
71.14580 5473.46 73.9828
71.14830 5483.65 74.0517
71.15080 5465.51 73.9291
71.15330 5436.34 73.7315
71.15580 5410.57 73.5566
71.15830 5415.66 73.5912
71.16080 5423.33 73.6433
71.16330 5436.12 73.73
71.16580 5463.7 73.9169
71.16830 5465.4 73.9283
71.17080 5456.82 73.8703
71.17330 5447.6 73.8079
71.17580 5441.4 73.7659
71.17830 5436.64 73.7336
71.18080 5432.88 73.7081
71.18330 5428.5 73.6784
71.18580 5429.49 73.685
71.18830 5448.14 73.8115
71.19080 5448.78 73.8158
71.19330 5444.11 73.7842
71.19580 5442.1 73.7706
71.19830 5451.96 73.8374
71.20080 5462.66 73.9098
71.20330 5464.5 73.9223
71.20580 5445.66 73.7947
71.20830 5428.41 73.6778
71.21080 5433.69 73.7136
71.21330 5455.94 73.8643
71.21580 5473.49 73.983
71.21830 5464.95 73.9253
71.22080 5448.33 73.8128
71.22330 5440.81 73.7619
71.22580 5462.46 73.9085
71.22830 5469.05 73.953
71.23080 5465.38 73.9282
71.23330 5446.6 73.8011
71.23580 5456.97 73.8713
71.23830 5469.16 73.9538
71.24080 5467.78 73.9445
71.24330 5452.26 73.8394
71.24580 5438.32 73.745
71.24830 5435.92 73.7287
71.25080 5449.8 73.8227
71.25330 5463.54 73.9157
71.25580 5468.66 73.9504
71.25830 5460.2 73.8932
71.26080 5461.97 73.9051
71.26330 5491.55 74.105
71.26580 5481.81 74.0392
71.26830 5475.1 73.9939
71.27080 5491.27 74.1031
71.27330 5496.61 74.1391
71.27580 5500.29 74.164
71.27830 5504.9 74.195
71.28080 5498.01 74.1486
71.28330 5494.97 74.1281
71.28580 5503.23 74.1837
71.28830 5488.85 74.0868
71.29080 5485.25 74.0625
71.29330 5508.4 74.2186
71.29580 5525.28 74.3322
71.29830 5531.21 74.3721
71.30080 5519.79 74.2953
71.30330 5488.3 74.0831
71.30580 5471.33 73.9684
71.30830 5484.07 74.0545
71.31080 5510.89 74.2353
71.31330 5522.74 74.3152
71.31580 5506.94 74.2088
71.31830 5506.69 74.2071
71.32080 5502.52 74.179
71.32330 5488.96 74.0875
71.32580 5493.36 74.1172
71.32830 5494.26 74.1233
71.33080 5486.52 74.071
71.33330 5482.14 74.0414
71.33580 5480.86 74.0328
71.33830 5483.61 74.0514
71.34080 5448.91 73.8168
71.34330 5427.31 73.6703
71.34580 5429.67 73.6863
71.34830 5460.65 73.8962
71.35080 5487.62 74.0784
71.35330 5505.49 74.199
71.35580 5477.27 74.0085
71.35830 5466.13 73.9333
71.36080 5482.64 74.0448
71.36330 5483.96 74.0538
71.36580 5481.67 74.0383
71.36830 5476.13 74.0009
71.37080 5466.37 73.9349
71.37330 5457.76 73.8767
71.37580 5450.9 73.8302
71.37830 5454.94 73.8575
71.38080 5463.13 73.913
71.38330 5475.64 73.9976
71.38580 5463.27 73.914
71.38830 5459.95 73.8915
71.39080 5468.4 73.9486
71.39330 5453.83 73.8501
71.39580 5445.27 73.7921
71.39830 5444.37 73.786
71.40080 5439.19 73.7508
71.40330 5428.94 73.6814
71.40580 5413.31 73.5752
71.40830 5406.53 73.5291
71.41080 5415.17 73.5879
71.41330 5439.89 73.7556
71.41580 5450.26 73.8259
71.41830 5442.34 73.7722
71.42080 5415.89 73.5928
71.42330 5436.42 73.7321
71.42580 5445.49 73.7936
71.42830 5443.23 73.7782
71.43080 5440.6 73.7604
71.43330 5443.13 73.7776
71.43580 5450.29 73.8261
71.43830 5440.15 73.7574
71.44080 5431.28 73.6973
71.44330 5423.39 73.6436
71.44580 5406.86 73.5314
71.44830 5414.69 73.5846
71.45080 5442.95 73.7763
71.45330 5431.77 73.7005
71.45580 5428.22 73.6764
71.45830 5429.9 73.6879
71.46080 5399.63 73.4822
71.46330 5406.14 73.5265
71.46580 5441.74 73.7682
71.46830 5444.69 73.7881
71.47080 5445.57 73.7941
71.47330 5444.43 73.7864
71.47580 5437.41 73.7388
71.47830 5430.74 73.6936
71.48080 5423.37 73.6435
71.48330 5402.19 73.4996
71.48580 5395.99 73.4574
71.48830 5401.31 73.4936
71.49080 5409.07 73.5464
71.49330 5421.21 73.6289
71.49580 5433.05 73.7093
71.49830 5405.36 73.5212
71.50080 5395.3 73.4527
71.50330 5399.96 73.4844
71.50580 5427.6 73.6722
71.50830 5444.16 73.7846
71.51080 5450.73 73.8291
71.51330 5435.01 73.7225
71.51580 5427.26 73.6699
71.51830 5427.76 73.6733
71.52080 5453.23 73.846
71.52330 5441.35 73.7655
71.52580 5407.92 73.5386
71.52830 5392.16 73.4313
71.53080 5404.17 73.513
71.53330 5430.27 73.6904
71.53580 5434.8 73.7211
71.53830 5421.05 73.6278
71.54080 5401.89 73.4976
71.54330 5418.98 73.6137
71.54580 5431.82 73.7009
71.54830 5437.79 73.7413
71.55080 5416.28 73.5954
71.55330 5398 73.4711
71.55580 5387.4 73.3989
71.55830 5410.93 73.559
71.56080 5423.8 73.6464
71.56330 5424.31 73.6499
71.56580 5388.73 73.408
71.56830 5383.21 73.3704
71.57080 5393.83 73.4427
71.57330 5407.7 73.537
71.57580 5416.21 73.5949
71.57830 5417.54 73.6039
71.58080 5397.11 73.465
71.58330 5390.44 73.4196
71.58580 5393.47 73.4402
71.58830 5410.64 73.557
71.59080 5415.01 73.5868
71.59330 5409.09 73.5465
71.59580 5384.26 73.3775
71.59830 5380.58 73.3525
71.60080 5382.6 73.3662
71.60330 5369.53 73.2771
71.60580 5381.07 73.3558
71.60830 5399.76 73.4831
71.61080 5405.48 73.522
71.61330 5396.62 73.4617
71.61580 5387.72 73.4011
71.61830 5400.67 73.4892
71.62080 5419.11 73.6146
71.62330 5431.54 73.699
71.62580 5415.19 73.588
71.62830 5417.81 73.6058
71.63080 5422.69 73.6389
71.63330 5411.09 73.5601
71.63580 5417.55 73.604
71.63830 5424.35 73.6502
71.64080 5411.2 73.5608
71.64330 5418.38 73.6097
71.64580 5424.94 73.6542
71.64830 5407.93 73.5386
71.65080 5388.47 73.4062
71.65330 5370.8 73.2857
71.65580 5360.79 73.2174
71.65830 5364.33 73.2416
71.66080 5369.46 73.2766
71.66330 5366.94 73.2594
71.66580 5380.72 73.3534
71.66830 5401.75 73.4966
71.67080 5428.95 73.6814
71.67330 5433.28 73.7108
71.67580 5426.68 73.666
71.67830 5409.04 73.5462
71.68080 5389.53 73.4134
71.68330 5375.78 73.3197
71.68580 5377.6 73.3321
71.68830 5399.87 73.4838
71.69080 5417.92 73.6065
71.69330 5413.02 73.5732
71.69580 5403.65 73.5095
71.69830 5398.65 73.4755
71.70080 5406.26 73.5273
71.70330 5397.2 73.4656
71.70580 5385.72 73.3874
71.70830 5377.64 73.3324
71.71080 5398.73 73.4761
71.71330 5418.6 73.6111
71.71580 5421.9 73.6336
71.71830 5424.71 73.6526
71.72080 5424.23 73.6494
71.72330 5417.22 73.6018
71.72580 5428.42 73.6778
71.72830 5433.05 73.7092
71.73080 5417.55 73.604
71.73330 5396.47 73.4607
71.73580 5395.69 73.4553
71.73830 5435.44 73.7254
71.74080 5418.96 73.6136
71.74330 5397.43 73.4672
71.74580 5384.94 73.3821
71.74830 5372.99 73.3007
71.75080 5372.82 73.2995
71.75330 5393.3 73.4391
71.75580 5387.73 73.4012
71.75830 5384.47 73.379
71.76080 5392.04 73.4305
71.76330 5398.34 73.4734
71.76580 5403.59 73.5091
71.76830 5407.4 73.535
71.77080 5435.1 73.7232
71.77330 5446.52 73.8006
71.77580 5426.97 73.668
71.77830 5416.54 73.5971
71.78080 5414.84 73.5856
71.78330 5424.84 73.6535
71.78580 5427.16 73.6693
71.78830 5412.06 73.5667
71.79080 5372.38 73.2965
71.79330 5390.64 73.4209
71.79580 5408.8 73.5445
71.79830 5418.28 73.609
71.80080 5402.04 73.4986
71.80330 5389.42 73.4126
71.80580 5385.11 73.3833
71.80830 5407.05 73.5326
71.81080 5415.56 73.5905
71.81330 5403.13 73.506
71.81580 5382.65 73.3665
71.81830 5378.3 73.3369
71.82080 5395.64 73.455
71.82330 5414.24 73.5815
71.82580 5420.09 73.6213
71.82830 5409.85 73.5517
71.83080 5387.77 73.4014
71.83330 5382.03 73.3623
71.83580 5396.91 73.4637
71.83830 5403.39 73.5077
71.84080 5399.19 73.4791
71.84330 5382.91 73.3684
71.84580 5379.97 73.3483
71.84830 5392.48 73.4335
71.85080 5421.99 73.6341
71.85330 5418.31 73.6092
71.85580 5414.73 73.5849
71.85830 5412.31 73.5684
71.86080 5393.61 73.4412
71.86330 5379.19 73.343
71.86580 5369.67 73.278
71.86830 5389.64 73.4141
71.87080 5407.07 73.5328
71.87330 5421.56 73.6312
71.87580 5408.58 73.543
71.87830 5405.7 73.5235
71.88080 5412.84 73.572
71.88330 5398.26 73.4729
71.88580 5387.71 73.401
71.88830 5381.26 73.3571
71.89080 5389.84 73.4155
71.89330 5388.6 73.4071
71.89580 5378.13 73.3357
71.89830 5363.63 73.2368
71.90080 5348.22 73.1315
71.90330 5332.62 73.0248
71.90580 5338.01 73.0617
71.90830 5347.25 73.1249
71.91080 5360.44 73.215
71.91330 5388.7 73.4078
71.91580 5386.92 73.3956
71.91830 5361.87 73.2248
71.92080 5379.56 73.3455
71.92330 5384.68 73.3803
71.92580 5379.49 73.345
71.92830 5373.71 73.3056
71.93080 5358.43 73.2013
71.93330 5338.56 73.0654
71.93580 5361.86 73.2247
71.93830 5374.24 73.3092
71.94080 5378.69 73.3396
71.94330 5388.46 73.4061
71.94580 5390.78 73.4219
71.94830 5388.97 73.4096
71.95080 5403.2 73.5065
71.95330 5392.67 73.4348
71.95580 5367.59 73.2639
71.95830 5374.91 73.3138
71.96080 5381.64 73.3597
71.96330 5388.43 73.406
71.96580 5399.57 73.4818
71.96830 5402.15 73.4993
71.97080 5398.25 73.4728
71.97330 5387.7 73.401
71.97580 5391.66 73.4279
71.97830 5402.78 73.5036
71.98080 5396.68 73.4621
71.98330 5388.59 73.407
71.98580 5382.92 73.3684
71.98830 5403.86 73.5109
71.99080 5406.99 73.5322
71.99330 5399.15 73.4789
71.99580 5389.4 73.4125
71.99830 5371.39 73.2897
72.00080 5355.56 73.1817
72.00330 5383.6 73.373
72.00580 5393.68 73.4417
72.00830 5394.66 73.4483
72.01080 5401.23 73.4931
72.01330 5413.06 73.5735
72.01580 5424.62 73.6521
72.01830 5419.2 73.6152
72.02080 5412.82 73.5718
72.02330 5405.96 73.5252
72.02580 5399.21 73.4793
72.02830 5403.86 73.511
72.03080 5408.15 73.5401
72.03330 5382.69 73.3668
72.03580 5374.81 73.3131
72.03830 5373.65 73.3052
72.04080 5364.34 73.2416
72.04330 5387.45 73.3993
72.04580 5419.64 73.6182
72.04830 5425.57 73.6584
72.05080 5396.27 73.4593
72.05330 5359.34 73.2075
72.05580 5356.19 73.186
72.05830 5380.33 73.3507
72.06080 5408.51 73.5426
72.06330 5406.38 73.5281
72.06580 5403.01 73.5051
72.06830 5405.47 73.5219
72.07080 5431.67 73.6999
72.07330 5424.32 73.65
72.07580 5403.78 73.5104
72.07830 5383.85 73.3747
72.08080 5381.79 73.3607
72.08330 5389.78 73.4151
72.08580 5408.71 73.5439
72.08830 5399.99 73.4846
72.09080 5383.6 73.373
72.09330 5375.24 73.3161
72.09580 5377.63 73.3323
72.09830 5387.72 73.4011
72.10080 5409.95 73.5524
72.10330 5411.82 73.5651
72.10580 5403.4 73.5078
72.10830 5384.77 73.381
72.11080 5397.72 73.4692
72.11330 5410.43 73.5556
72.11580 5393.59 73.4411
72.11830 5382.23 73.3636
72.12080 5372.69 73.2986
72.12330 5363.53 73.2361
72.12580 5370.93 73.2866
72.12830 5385.93 73.3889
72.13080 5408.09 73.5397
72.13330 5387.53 73.3998
72.13580 5367.82 73.2654
72.13830 5380.23 73.3501
72.14080 5404.41 73.5147
72.14330 5420.24 73.6223
72.14580 5408.37 73.5416
72.14830 5411.09 73.5601
72.15080 5406.56 73.5293
72.15330 5376.73 73.3262
72.15580 5367.61 73.264
72.15830 5365.7 73.2509
72.16080 5368.69 73.2713
72.16330 5374.97 73.3142
72.16580 5387.2 73.3975
72.16830 5410.53 73.5563
72.17080 5428.19 73.6763
72.17330 5439.62 73.7538
72.17580 5440.73 73.7613
72.17830 5444.61 73.7876
72.18080 5445.41 73.793
72.18330 5438.94 73.7491
72.18580 5440.7 73.7611
72.18830 5440.16 73.7575
72.19080 5432.18 73.7033
72.19330 5435.55 73.7262
72.19580 5439.5 73.753
72.19830 5440.72 73.7613
72.20080 5445.74 73.7953
72.20330 5444.28 73.7854
72.20580 5430.12 73.6893
72.20830 5415.37 73.5892
72.21080 5420.15 73.6217
72.21330 5458.72 73.8831
72.21580 5466.87 73.9383
72.21830 5463.44 73.9151
72.22080 5448.22 73.812
72.22330 5431.28 73.6972
72.22580 5432.79 73.7075
72.22830 5464.29 73.9208
72.23080 5446.26 73.7988
72.23330 5430.14 73.6895
72.23580 5426.69 73.6661
72.23830 5427.85 73.6739
72.24080 5425.14 73.6555
72.24330 5415.85 73.5924
72.24580 5412.75 73.5714
72.24830 5404.28 73.5138
72.25080 5387.09 73.3968
72.25330 5401.66 73.496
72.25580 5421.33 73.6297
72.25830 5443.87 73.7826
72.26080 5449.78 73.8226
72.26330 5447.52 73.8073
72.26580 5436.15 73.7303
72.26830 5437.26 73.7377
72.27080 5437.54 73.7397
72.27330 5435.53 73.726
72.27580 5417.09 73.6009
72.27830 5400.11 73.4854
72.28080 5386.38 73.3919
72.28330 5415.2 73.588
72.28580 5421.3 73.6295
72.28830 5396.6 73.4616
72.29080 5380.02 73.3486
72.29330 5377.27 73.3299
72.29580 5390.43 73.4195
72.29830 5401.44 73.4945
72.30080 5404.05 73.5122
72.30330 5397.14 73.4653
72.30580 5388.12 73.4038
72.30830 5394.62 73.4481
72.31080 5418.39 73.6097
72.31330 5412.54 73.57
72.31580 5400.49 73.4881
72.31830 5382.5 73.3655
72.32080 5419.93 73.6202
72.32330 5444.18 73.7847
72.32580 5453.98 73.8511
72.32830 5409.73 73.5509
72.33080 5397.37 73.4668
72.33330 5417.2 73.6016
72.33580 5410.56 73.5565
72.33830 5407.67 73.5369
72.34080 5408.22 73.5406
72.34330 5391.45 73.4265
72.34580 5392.97 73.4369
72.34830 5411.35 73.5619
72.35080 5413.8 73.5786
72.35330 5413.19 73.5744
72.35580 5410.3 73.5547
72.35830 5425.54 73.6583
72.36080 5436.15 73.7302
72.36330 5441.48 73.7664
72.36580 5414.86 73.5857
72.36830 5416.78 73.5988
72.37080 5441.28 73.765
72.37330 5428.97 73.6815
72.37580 5424.26 73.6495
72.37830 5427.39 73.6708
72.38080 5459.27 73.8869
72.38330 5454.05 73.8516
72.38580 5421.53 73.631
72.38830 5423.48 73.6443
72.39080 5415.93 73.593
72.39330 5400.73 73.4897
72.39580 5380.89 73.3546
72.39830 5378.05 73.3352
72.40080 5384.79 73.3811
72.40330 5354.87 73.177
72.40580 5355.77 73.1831
72.40830 5375.73 73.3194
72.41080 5362.29 73.2277
72.41330 5366.58 73.257
72.41580 5382.49 73.3655
72.41830 5391.4 73.4262
72.42080 5393.94 73.4434
72.42330 5390.2 73.418
72.42580 5368.89 73.2727
72.42830 5375.32 73.3166
72.43080 5395.42 73.4535
72.43330 5380.3 73.3506
72.43580 5391.53 73.4271
72.43830 5413.77 73.5783
72.44080 5394.85 73.4496
72.44330 5374.69 73.3122
72.44580 5356.22 73.1862
72.44830 5354.64 73.1754
72.45080 5370.83 73.286
72.45330 5392.2 73.4316
72.45580 5380.05 73.3488
72.45830 5369.7 73.2783
72.46080 5365.15 73.2472
72.46330 5389.14 73.4108
72.46580 5400.08 73.4852
72.46830 5399.68 73.4825
72.47080 5375.61 73.3186
72.47330 5382.71 73.3669
72.47580 5404.53 73.5155
72.47830 5417.72 73.6051
72.48080 5394.48 73.4472
72.48330 5364.23 73.2409
72.48580 5390.61 73.4208
72.48830 5389.67 73.4144
72.49080 5378.43 73.3378
72.49330 5381.4 73.3581
72.49580 5381.31 73.3574
72.49830 5377.35 73.3304
72.50080 5362.64 73.2301
72.50330 5383.37 73.3715
72.50580 5412.46 73.5694
72.50830 5409.34 73.5482
72.51080 5407.24 73.5339
72.51330 5398.69 73.4758
72.51580 5362.65 73.2301
72.51830 5373.78 73.3061
72.52080 5403.93 73.5114
72.52330 5431.31 73.6974
72.52580 5435.72 73.7273
72.52830 5430.09 73.6891
72.53080 5421.56 73.6312
72.53330 5419.74 73.6189
72.53580 5416.37 73.596
72.53830 5398.82 73.4767
72.54080 5399.93 73.4842
72.54330 5403 73.5051
72.54580 5389.83 73.4155
72.54830 5402.36 73.5007
72.55080 5415.59 73.5907
72.55330 5402.42 73.5012
72.55580 5414.42 73.5827
72.55830 5431.57 73.6992
72.56080 5438.48 73.746
72.56330 5415.86 73.5925
72.56580 5394.59 73.4479
72.56830 5404.8 73.5174
72.57080 5415.61 73.5909
72.57330 5423.39 73.6437
72.57580 5422.3 73.6362
72.57830 5409.79 73.5513
72.58080 5399.68 73.4825
72.58330 5404.87 73.5178
72.58580 5399.11 73.4786
72.58830 5396.22 73.459
72.59080 5408.47 73.5423
72.59330 5403.58 73.509
72.59580 5407.18 73.5335
72.59830 5442.69 73.7746
72.60080 5434.03 73.7159
72.60330 5417.42 73.6031
72.60580 5408.79 73.5445
72.60830 5402.85 73.5041
72.61080 5401.2 73.4928
72.61330 5407.69 73.537
72.61580 5400.48 73.488
72.61830 5397.73 73.4693
72.62080 5411.52 73.5631
72.62330 5398.73 73.4761
72.62580 5394.07 73.4444
72.62830 5418.53 73.6107
72.63080 5449.74 73.8224
72.63330 5450.26 73.8259
72.63580 5386.33 73.3916
72.63830 5381.77 73.3605
72.64080 5395.08 73.4512
72.64330 5420.56 73.6245
72.64580 5429.93 73.688
72.64830 5427.31 73.6703
72.65080 5407.84 73.538
72.65330 5374.64 73.312
72.65580 5364.42 73.2422
72.65830 5399.8 73.4833
72.66080 5394.09 73.4445
72.66330 5397.02 73.4644
72.66580 5426.48 73.6647
72.66830 5424.3 73.6498
72.67080 5412.65 73.5707
72.67330 5393.1 73.4377
72.67580 5386.13 73.3902
72.67830 5383.87 73.3749
72.68080 5386.42 73.3922
72.68330 5373.12 73.3016
72.68580 5375.88 73.3204
72.68830 5406.93 73.5318
72.69080 5400.3 73.4867
72.69330 5390.19 73.4179
72.69580 5381.55 73.359
72.69830 5389.42 73.4126
72.70080 5399.21 73.4793
72.70330 5409.21 73.5474
72.70580 5416.74 73.5985
72.70830 5413.9 73.5792
72.71080 5396.77 73.4627
72.71330 5440.27 73.7582
72.71580 5453.15 73.8454
72.71830 5416.95 73.5999
72.72080 5415.5 73.5901
72.72330 5407.84 73.538
72.72580 5388.38 73.4056
72.72830 5393.52 73.4406
72.73080 5394.69 73.4486
72.73330 5388.61 73.4072
72.73580 5395.96 73.4572
72.73830 5404.78 73.5172
72.74080 5414.4 73.5826
72.74330 5405.76 73.5239
72.74580 5383.36 73.3714
72.74830 5345.65 73.1139
72.75080 5372.46 73.2971
72.75330 5386.82 73.395
72.75580 5383.69 73.3736
72.75830 5408.64 73.5435
72.76080 5422.28 73.6361
72.76330 5422.25 73.6359
72.76580 5405.45 73.5218
72.76830 5407.26 73.5341
72.77080 5429.62 73.6859
72.77330 5460.89 73.8978
72.77580 5461.91 73.9047
72.77830 5431.15 73.6964
72.78080 5415.2 73.5881
72.78330 5419.24 73.6155
72.78580 5443.32 73.7789
72.78830 5403.72 73.51
72.79080 5391.53 73.4271
72.79330 5406.27 73.5274
72.79580 5428.93 73.6813
72.79830 5432.97 73.7087
72.80080 5419.15 73.6149
72.80330 5393.65 73.4415
72.80580 5387.86 73.4021
72.80830 5399.84 73.4836
72.81080 5399.79 73.4833
72.81330 5391.04 73.4237
72.81580 5375.61 73.3185
72.81830 5389.8 73.4153
72.82080 5382.94 73.3685
72.82330 5358.97 73.205
72.82580 5356.82 73.1903
72.82830 5354.61 73.1752
72.83080 5353.71 73.1691
72.83330 5378.18 73.3361
72.83580 5378.45 73.338
72.83830 5359.44 73.2082
72.84080 5342.74 73.094
72.84330 5353.48 73.1675
72.84580 5383.22 73.3704
72.84830 5380.62 73.3527
72.85080 5380.67 73.353
72.85330 5380.79 73.3539
72.85580 5357.48 73.1948
72.85830 5359.55 73.209
72.86080 5378.53 73.3385
72.86330 5380.72 73.3534
72.86580 5374.34 73.3099
72.86830 5365.22 73.2477
72.87080 5388.69 73.4077
72.87330 5378.73 73.3398
72.87580 5348.97 73.1367
72.87830 5345.36 73.1119
72.88080 5365.45 73.2492
72.88330 5389.68 73.4144
72.88580 5319.84 72.9372
72.88830 5321.2 72.9466
72.89080 5361.1 73.2195
72.89330 5351.05 73.1509
72.89580 5354.95 73.1775
72.89830 5361.85 73.2247
72.90080 5329.9 73.0062
72.90330 5309.26 72.8647
72.90580 5301.85 72.8138
72.90830 5337.27 73.0566
72.91080 5342.24 73.0906
72.91330 5330.27 73.0087
72.91580 5320.89 72.9445
72.91830 5320.45 72.9414
72.92080 5326.3 72.9815
72.92330 5339.91 73.0747
72.92580 5330.3 73.0089
72.92830 5313.71 72.8952
72.93080 5325.69 72.9773
72.93330 5335.74 73.0462
72.93580 5346.73 73.1213
72.93830 5367.34 73.2621
72.94080 5353.79 73.1696
72.94330 5328.07 72.9936
72.94580 5324.56 72.9696
72.94830 5323.55 72.9627
72.95080 5323.72 72.9638
72.95330 5323.88 72.9649
72.95580 5329.23 73.0016
72.95830 5338.45 73.0647
72.96080 5354.03 73.1713
72.96330 5381.79 73.3607
72.96580 5407.63 73.5366
72.96830 5404.18 73.5132
72.97080 5394.1 73.4446
72.97330 5381.95 73.3618
72.97580 5372.6 73.298
72.97830 5381.99 73.362
72.98080 5389.69 73.4145
72.98330 5363.42 73.2354
72.98580 5373.55 73.3045
72.98830 5392.15 73.4313
72.99080 5390.83 73.4223
72.99330 5383.78 73.3743
72.99580 5374.77 73.3128
72.99830 5366.33 73.2552
73.00080 5370.43 73.2832
73.00330 5379.68 73.3463
73.00580 5390.98 73.4233
73.00830 5409.32 73.5481
73.01080 5420.04 73.6209
73.01330 5400.34 73.487
73.01580 5408.96 73.5456
73.01830 5430.38 73.6911
73.02080 5461.9 73.9047
73.02330 5465.38 73.9282
73.02580 5452.45 73.8407
73.02830 5418.52 73.6106
73.03080 5417.31 73.6024
73.03330 5427.88 73.6741
73.03580 5443.58 73.7806
73.03830 5429.13 73.6827
73.04080 5415.89 73.5927
73.04330 5427.86 73.674
73.04580 5425.15 73.6556
73.04830 5419.89 73.6199
73.05080 5418.24 73.6087
73.05330 5396.6 73.4616
73.05580 5393 73.4371
73.05830 5444.32 73.7856
73.06080 5452.98 73.8443
73.06330 5438.32 73.745
73.06580 5394.64 73.4482
73.06830 5373.78 73.306
73.07080 5375.73 73.3193
73.07330 5415.83 73.5924
73.07580 5420.66 73.6252
73.07830 5420.11 73.6214
73.08080 5424.74 73.6529
73.08330 5395.51 73.4541
73.08580 5373.98 73.3074
73.08830 5382.53 73.3657
73.09080 5354.6 73.1752
73.09330 5347.84 73.1289
73.09580 5396.57 73.4614
73.09830 5399.6 73.482
73.10080 5399.73 73.4829
73.10330 5410.48 73.556
73.10580 5420.87 73.6266
73.10830 5423.17 73.6422
73.11080 5410.86 73.5585
73.11330 5397.54 73.4679
73.11580 5385.35 73.385
73.11830 5375.45 73.3174
73.12080 5359.54 73.2089
73.12330 5345.89 73.1156
73.12580 5337.6 73.0589
73.12830 5387.35 73.3986
73.13080 5418.1 73.6077
73.13330 5404.32 73.5141
73.13580 5374.31 73.3097
73.13830 5367.99 73.2666
73.14080 5402.42 73.5012
73.14330 5398.7 73.4759
73.14580 5380.63 73.3528
73.14830 5347.71 73.1281
73.15080 5346.03 73.1166
73.15330 5341.88 73.0882
73.15580 5329 73
73.15830 5344.57 73.1066
73.16080 5360.26 73.2138
73.16330 5372.04 73.2942
73.16580 5400.49 73.488
73.16830 5411.64 73.5638
73.17080 5396.91 73.4637
73.17330 5385.78 73.3879
73.17580 5373.37 73.3033
73.17830 5358.85 73.2041
73.18080 5366.37 73.2555
73.18330 5364.91 73.2455
73.18580 5349.84 73.1426
73.18830 5353.99 73.171
73.19080 5360.84 73.2178
73.19330 5369.55 73.2772
73.19580 5360.26 73.2138
73.19830 5360.45 73.2151
73.20080 5373.2 73.3021
73.20330 5403.07 73.5056
73.20580 5397.74 73.4693
73.20830 5350.54 73.1474
73.21080 5341.36 73.0846
73.21330 5352.01 73.1574
73.21580 5383.52 73.3725
73.21830 5397.66 73.4688
73.22080 5386.6 73.3935
73.22330 5348.55 73.1338
73.22580 5361.18 73.2201
73.22830 5365.33 73.2484
73.23080 5359.57 73.2091
73.23330 5343.79 73.1013
73.23580 5345.65 73.1139
73.23830 5365.6 73.2503
73.24080 5368.19 73.2679
73.24330 5377.9 73.3341
73.24580 5394.48 73.4471
73.24830 5386.92 73.3957
73.25080 5378.16 73.336
73.25330 5367.94 73.2662
73.25580 5337.3 73.0568
73.25830 5350.64 73.1481
73.26080 5403.33 73.5073
73.26330 5401.1 73.4922
73.26580 5403.58 73.509
73.26830 5411.2 73.5609
73.27080 5447.4 73.8065
73.27330 5438.71 73.7476
73.27580 5392.67 73.4348
73.27830 5382.69 73.3668
73.28080 5380.74 73.3535
73.28330 5385.79 73.388
73.28580 5396.19 73.4588
73.28830 5400.71 73.4896
73.29080 5399.77 73.4831
73.29330 5386.97 73.396
73.29580 5378.72 73.3398
73.29830 5373.16 73.3018
73.30080 5354.78 73.1764
73.30330 5332.71 73.0254
73.30580 5313.24 72.892
73.30830 5362.6 73.2297
73.31080 5380.2 73.3498
73.31330 5372.51 73.2974
73.31580 5341.81 73.0877
73.31830 5334.1 73.0349
73.32080 5343.01 73.0959
73.32330 5355.47 73.1811
73.32580 5369.94 73.2798
73.32830 5383.41 73.3717
73.33080 5375.16 73.3155
73.33330 5368.11 73.2674
73.33580 5362.68 73.2303
73.33830 5364.15 73.2404
73.34080 5361.49 73.2222
73.34330 5358 73.1984
73.34580 5368.53 73.2702
73.34830 5369.24 73.2751
73.35080 5361.59 73.2229
73.35330 5337.36 73.0573
73.35580 5312.26 72.8853
73.35830 5296.32 72.7758
73.36080 5344.72 73.1076
73.36330 5346.74 73.1214
73.36580 5324.23 72.9673
73.36830 5315.1 72.9047
73.37080 5320.31 72.9405
73.37330 5330.95 73.0134
73.37580 5326.93 72.9858
73.37830 5353.6 73.1683
73.38080 5381.32 73.3575
73.38330 5325.44 72.9756
73.38580 5317.15 72.9188
73.38830 5336.83 73.0536
73.39080 5373.83 73.3064
73.39330 5362.45 73.2288
73.39580 5328.33 72.9954
73.39830 5300.59 72.8051
73.40080 5299.83 72.8
73.40330 5308.51 72.8595
73.40580 5301.18 72.8092
73.40830 5308.43 72.8589
73.41080 5323.02 72.9591
73.41330 5340.28 73.0773
73.41580 5359.71 73.21
73.41830 5372.31 73.2961
73.42080 5353.13 73.1651
73.42330 5340.76 73.0805
73.42580 5335.37 73.0436
73.42830 5345.78 73.1148
73.43080 5328.86 72.999
73.43330 5308.43 72.859
73.43580 5316.55 72.9147
73.43830 5350.59 73.1477
73.44080 5381.12 73.3561
73.44330 5363.25 73.2342
73.44580 5336.7 73.0528
73.44830 5322.45 72.9551
73.45080 5360.51 73.2155
73.45330 5369.25 73.2752
73.45580 5363.86 73.2384
73.45830 5347.33 73.1254
73.46080 5361.73 73.2238
73.46330 5383.37 73.3714
73.46580 5394.17 73.445
73.46830 5375.23 73.316
73.47080 5350 73.1437
73.47330 5335.41 73.0439
73.47580 5351.94 73.1569
73.47830 5370.53 73.2839
73.48080 5367.03 73.26
73.48330 5376.99 73.328
73.48580 5386.37 73.3919
73.48830 5383.1 73.3696
73.49080 5383.52 73.3725
73.49330 5383.61 73.3731
73.49580 5380.04 73.3488
73.49830 5361.19 73.2201
73.50080 5342.33 73.0912
73.50330 5333.98 73.0341
73.50580 5348.69 73.1347
73.50830 5364.44 73.2423
73.51080 5368.15 73.2677
73.51330 5366.31 73.2551
73.51580 5367.38 73.2624
73.51830 5378.37 73.3374
73.52080 5395.1 73.4514
73.52330 5403.73 73.5101
73.52580 5391.43 73.4263
73.52830 5371.99 73.2938
73.53080 5355.21 73.1793
73.53330 5347.5 73.1266
73.53580 5373.1 73.3014
73.53830 5388.86 73.4088
73.54080 5369.9 73.2796
73.54330 5384.45 73.3788
73.54580 5398.58 73.4751
73.54830 5398.6 73.4752
73.55080 5372.34 73.2962
73.55330 5349.12 73.1377
73.55580 5341.17 73.0833
73.55830 5356.46 73.1878
73.56080 5369.73 73.2784
73.56330 5371.71 73.292
73.56580 5353.62 73.1684
73.56830 5332.81 73.0261
73.57080 5313.11 72.8911
73.57330 5329.45 73.0031
73.57580 5345.97 73.1161
73.57830 5353.17 73.1654
73.58080 5369.78 73.2788
73.58330 5378.71 73.3397
73.58580 5372.74 73.299
73.58830 5360.69 73.2168
73.59080 5344.38 73.1053
73.59330 5322.58 72.956
73.59580 5336.66 73.0524
73.59830 5339.53 73.0721
73.60080 5318.32 72.9268
73.60330 5332.44 73.0235
73.60580 5332.4 73.0233
73.60830 5305.37 72.8379
73.61080 5337.49 73.0581
73.61330 5341.32 73.0843
73.61580 5295.7 72.7715
73.61830 5322.53 72.9557
73.62080 5328.82 72.9988
73.62330 5297.17 72.7816
73.62580 5302.84 72.8206
73.62830 5328.44 72.9962
73.63080 5376.6 73.3253
73.63330 5361.71 73.2237
73.63580 5346.49 73.1197
73.63830 5336.9 73.0541
73.64080 5341.1 73.0828
73.64330 5339.63 73.0728
73.64580 5329.94 73.0065
73.64830 5313.6 72.8944
73.65080 5289.22 72.727
73.65330 5255.54 72.4951
73.65580 5267.95 72.5806
73.65830 5286.86 72.7108
73.66080 5310.9 72.8759
73.66330 5348.39 73.1327
73.66580 5359.9 73.2113
73.66830 5341.3 73.0842
73.67080 5343.02 73.096
73.67330 5350.16 73.1448
73.67580 5362.62 73.2299
73.67830 5374.49 73.3109
73.68080 5357.07 73.192
73.68330 5308.49 72.8594
73.68580 5336 73.0479
73.68830 5349.09 73.1375
73.69080 5346.44 73.1194
73.69330 5363.22 73.234
73.69580 5367.93 73.2662
73.69830 5360.51 73.2155
73.70080 5339.58 73.0724
73.70330 5328.66 72.9977
73.70580 5327.68 72.9909
73.70830 5348.79 73.1354
73.71080 5383.26 73.3707
73.71330 5428.85 73.6807
73.71580 5413.7 73.5779
73.71830 5399.52 73.4814
73.72080 5385.58 73.3865
73.72330 5351.48 73.1538
73.72580 5352.78 73.1627
73.72830 5382.44 73.3651
73.73080 5347.69 73.1279
73.73330 5350.06 73.1441
73.73580 5382.38 73.3647
73.73830 5386.06 73.3898
73.74080 5387.53 73.3998
73.74330 5388.35 73.4054
73.74580 5409.28 73.5478
73.74830 5401.07 73.492
73.75080 5371.56 73.291
73.75330 5368.07 73.2671
73.75580 5373.56 73.3046
73.75830 5386.27 73.3912
73.76080 5403.25 73.5068
73.76330 5412.15 73.5673
73.76580 5415.33 73.5889
73.76830 5421.72 73.6324
73.77080 5412.55 73.57
73.77330 5395.84 73.4564
73.77580 5416.51 73.597
73.77830 5412.74 73.5713
73.78080 5390.63 73.4209
73.78330 5354.73 73.176
73.78580 5343.67 73.1004
73.78830 5351.68 73.1552
73.79080 5381.26 73.3571
73.79330 5369.62 73.2777
73.79580 5342 73.089
73.79830 5398.48 73.4743
73.80080 5409.96 73.5524
73.80330 5393.79 73.4424
73.80580 5380.36 73.3509
73.80830 5364.93 73.2456
73.81080 5352.13 73.1583
73.81330 5365.41 73.249
73.81580 5356.98 73.1914
73.81830 5340.26 73.0771
73.82080 5350.86 73.1496
73.82330 5373.84 73.3065
73.82580 5398.45 73.4741
73.82830 5391.75 73.4285
73.83080 5400.58 73.4886
73.83330 5414.76 73.585
73.83580 5412.14 73.5672
73.83830 5400.35 73.4871
73.84080 5376.85 73.327
73.84330 5317.29 72.9198
73.84580 5313.7 72.8951
73.84830 5333.78 73.0328
73.85080 5332.1 73.0212
73.85330 5310.5 72.8732
73.85580 5293.32 72.7552
73.85830 5341.13 73.0831
73.86080 5376.23 73.3227
73.86330 5400.53 73.4883
73.86580 5403.6 73.5092
73.86830 5394.16 73.4449
73.87080 5375.27 73.3162
73.87330 5340.53 73.079
73.87580 5354.02 73.1712
73.87830 5383.34 73.3712
73.88080 5393.01 73.4371
73.88330 5359.53 73.2088
73.88580 5316.76 72.9161
73.88830 5306.19 72.8436
73.89080 5313.28 72.8922
73.89330 5325.07 72.9731
73.89580 5328.54 72.9968
73.89830 5328.32 72.9953
73.90080 5316.02 72.9111
73.90330 5267.46 72.5773
73.90580 5305.3 72.8375
73.90830 5351.76 73.1557
73.91080 5323.23 72.9605
73.91330 5332.28 73.0225
73.91580 5349.51 73.1403
73.91830 5351.02 73.1506
73.92080 5359.1 73.2058
73.92330 5359.13 73.2061
73.92580 5328.68 72.9978
73.92830 5313.64 72.8947
73.93080 5297.36 72.783
73.93330 5263.41 72.5494
73.93580 5286.6 72.709
73.93830 5323.93 72.9653
73.94080 5351.81 73.156
73.94330 5341.36 73.0846
73.94580 5325.03 72.9728
73.94830 5322.82 72.9577
73.95080 5336.79 73.0533
73.95330 5351.77 73.1558
73.95580 5357.86 73.1974
73.95830 5354.19 73.1723
73.96080 5359.4 73.208
73.96330 5392.39 73.4329
73.96580 5394.3 73.4459
73.96830 5383.64 73.3733
73.97080 5362.15 73.2267
73.97330 5337.69 73.0595
73.97580 5331.96 73.0203
73.97830 5369.61 73.2776
73.98080 5362.44 73.2287
73.98330 5355.2 73.1793
73.98580 5369.83 73.2791
73.98830 5364.51 73.2428
73.99080 5366.27 73.2548
73.99330 5391.59 73.4274
73.99580 5380.67 73.353
73.99830 5373.1 73.3014
74.00080 5387 73.3962
74.00330 5370.12 73.2811
74.00580 5353.53 73.1678
74.00830 5348.89 73.1361
74.01080 5343.39 73.0985
74.01330 5342.35 73.0914
74.01580 5349.87 73.1428
74.01830 5383.48 73.3722
74.02080 5407.38 73.5349
74.02330 5406.03 73.5257
74.02580 5393.88 73.4431
74.02830 5378.3 73.3369
74.03080 5359.72 73.2101
74.03330 5382.83 73.3678
74.03580 5387.65 73.4006
74.03830 5351.77 73.1558
74.04080 5348.36 73.1325
74.04330 5347.57 73.1271
74.04580 5343.82 73.1015
74.04830 5342.55 73.0927
74.05080 5319.34 72.9338
74.05330 5261.59 72.5368
74.05580 5270.39 72.5974
74.05830 5308.52 72.8596
74.06080 5379.06 73.3421
74.06330 5371.4 73.2898
74.06580 5352.08 73.1579
74.06830 5327.87 72.9923
74.07080 5331.06 73.0141
74.07330 5343.42 73.0987
74.07580 5364.95 73.2458
74.07830 5350.68 73.1483
74.08080 5338.04 73.0619
74.08330 5331.77 73.019
74.08580 5318.73 72.9296
74.08830 5316.32 72.9131
74.09080 5328.5 72.9966
74.09330 5316.35 72.9133
74.09580 5303.09 72.8223
74.09830 5290.5 72.7358
74.10080 5292.02 72.7463
74.10330 5299.48 72.7975
74.10580 5313.19 72.8916
74.10830 5343.4 73.0986
74.11080 5351.07 73.151
74.11330 5331.06 73.0141
74.11580 5315.85 72.9099
74.11830 5320.97 72.945
74.12080 5349.16 73.1379
74.12330 5319.74 72.9366
74.12580 5307.08 72.8497
74.12830 5314.97 72.9039
74.13080 5368.55 73.2704
74.13330 5377.52 73.3316
74.13580 5337.55 73.0585
74.13830 5281.13 72.6714
74.14080 5265.64 72.5647
74.14330 5292.89 72.7522
74.14580 5298.21 72.7888
74.14830 5299.13 72.7951
74.15080 5295.79 72.7722
74.15330 5310.04 72.87
74.15580 5316.01 72.911
74.15830 5314.23 72.8988
74.16080 5338.99 73.0684
74.16330 5347.33 73.1255
74.16580 5340.48 73.0786
74.16830 5346.5 73.1198
74.17080 5361.24 73.2205
74.17330 5382.86 73.368
74.17580 5367.79 73.2652
74.17830 5365.41 73.249
74.18080 5371.84 73.2928
74.18330 5314.25 72.8989
74.18580 5332.34 73.0228
74.18830 5410.06 73.5531
74.19080 5382.99 73.3689
74.19330 5367.48 73.2631
74.19580 5360.8 73.2175
74.19830 5341.53 73.0858
74.20080 5349.09 73.1375
74.20330 5376.94 73.3276
74.20580 5387.87 73.4021
74.20830 5370.89 73.2864
74.21080 5337.62 73.059
74.21330 5375.22 73.3159
74.21580 5399.46 73.481
74.21830 5410.13 73.5536
74.22080 5377.43 73.331
74.22330 5358.33 73.2006
74.22580 5348.77 73.1353
74.22830 5336.49 73.0513
74.23080 5355.11 73.1786
74.23330 5390.94 73.423
74.23580 5384.69 73.3804
74.23830 5394.35 73.4462
74.24080 5410.96 73.5592
74.24330 5394.33 73.4461
74.24580 5349.01 73.1369
74.24830 5292.43 72.7491
74.25080 5295.96 72.7734
74.25330 5290.45 72.7355
74.25580 5283.11 72.685
74.25830 5304.57 72.8325
74.26080 5341.32 73.0843
74.26330 5377.91 73.3342
74.26580 5349.22 73.1384
74.26830 5344.13 73.1036
74.27080 5353.9 73.1703
74.27330 5370.24 73.2819
74.27580 5375.45 73.3175
74.27830 5374.13 73.3085
74.28080 5371.44 73.2901
74.28330 5363.69 73.2372
74.28580 5353.88 73.1702
74.28830 5348.07 73.1305
74.29080 5296.45 72.7767
74.29330 5242.36 72.4042
74.29580 5302.54 72.8186
74.29830 5357.37 73.1941
74.30080 5381.06 73.3557
74.30330 5263.51 72.55
74.30580 5235.14 72.3543
74.30830 5265.72 72.5653
74.31080 5368.25 73.2683
74.31330 5334.07 73.0347
74.31580 5256.54 72.502
74.31830 5272.28 72.6105
74.32080 5258.39 72.5147
74.32330 5246.83 72.435
74.32580 5301.57 72.8119
74.32830 5307.26 72.8509
74.33080 5302.26 72.8166
74.33330 5339.95 73.075
74.33580 5342.34 73.0913
74.33830 5319.78 72.9368
74.34080 5258.7 72.5169
74.34330 5252.9 72.4769
74.34580 5268.92 72.5873
74.34830 5283.26 72.686
74.35080 5296.06 72.774
74.35330 5300.45 72.8042
74.35580 5277.98 72.6497
74.35830 5306.41 72.8451
74.36080 5329.62 73.0042
74.36330 5273.61 72.6196
74.36580 5317.58 72.9217
74.36830 5360.52 73.2156
74.37080 5288.49 72.722
74.37330 5306.12 72.8431
74.37580 5352.52 73.1609
74.37830 5393.47 73.4403
74.38080 5397.85 73.4701
74.38330 5371.09 73.2877
74.38580 5289.07 72.726
74.38830 5310.33 72.872
74.39080 5334.24 73.0359
74.39330 5276.65 72.6406
74.39580 5279.8 72.6622
74.39830 5298.16 72.7885
74.40080 5308.89 72.8622
74.40330 5268.58 72.585
74.40580 5245.98 72.4292
74.40830 5305.17 72.8366
74.41080 5321.74 72.9503
74.41330 5335.52 73.0447
74.41580 5370.65 73.2847
74.41830 5359.51 73.2087
74.42080 5345.62 73.1137
74.42330 5353.21 73.1656
74.42580 5359 73.2052
74.42830 5364.47 73.2425
74.43080 5370.18 73.2815
74.43330 5300.3 72.8032
74.43580 5276.6 72.6402
74.43830 5391.1 73.4241
74.44080 5410.36 73.5552
74.44330 5392.48 73.4335
74.44580 5340.77 73.0806
74.44830 5348.54 73.1337
74.45080 5350.74 73.1488
74.45330 5316.9 72.917
74.45580 5304.5 72.832
74.45830 5302.26 72.8166
74.46080 5311.54 72.8803
74.46330 5351.28 73.1524
74.46580 5378.37 73.3373
74.46830 5371.32 73.2893
74.47080 5355.97 73.1845
74.47330 5345.69 73.1142
74.47580 5347.12 73.124
74.47830 5362.74 73.2308
74.48080 5359.91 73.2114
74.48330 5320.99 72.9451
74.48580 5286.7 72.7097
74.48830 5270.2 72.5961
74.49080 5282.38 72.68
74.49330 5347.43 73.1262
74.49580 5366.37 73.2555
74.49830 5298.53 72.791
74.50080 5311.59 72.8807
74.50330 5321.69 72.9499
74.50580 5310.78 72.8751
74.50830 5296.59 72.7777
74.51080 5303.53 72.8254
74.51330 5343.04 73.0961
74.51580 5330.72 73.0118
74.51830 5327.81 72.9918
74.52080 5346.89 73.1225
74.52330 5374.7 73.3124
74.52580 5414.27 73.5817
74.52830 5469.25 73.9544
74.53080 5379.62 73.3459
74.53330 5313.13 72.8912
74.53580 5295.81 72.7723
74.53830 5290.39 72.735
74.54080 5293.74 72.7581
74.54330 5307.44 72.8522
74.54580 5346.71 73.1212
74.54830 5364.88 73.2454
74.55080 5353.82 73.1698
74.55330 5306.88 72.8483
74.55580 5281.81 72.6761
74.55830 5286.46 72.7081
74.56080 5349.1 73.1375
74.56330 5388.04 73.4033
74.56580 5395.13 73.4516
74.56830 5342.05 73.0893
74.57080 5301.76 72.8132
74.57330 5279.2 72.6581
74.57580 5281.31 72.6726
74.57830 5320.59 72.9424
74.58080 5400.53 73.4883
74.58330 5326.91 72.9857
74.58580 5265.64 72.5647
74.58830 5221.81 72.2621
74.59080 5234.98 72.3531
74.59330 5230.66 72.3233
74.59580 5207.09 72.1601
74.59830 5245.88 72.4284
74.60080 5295.73 72.7718
74.60330 5356.27 73.1865
74.60580 5326.91 72.9857
74.60830 5310.82 72.8753
74.61080 5308.36 72.8585
74.61330 5376.57 73.3251
74.61580 5380.32 73.3507
74.61830 5322.76 72.9572
74.62080 5255.57 72.4953
74.62330 5221.85 72.2623
74.62580 5220.49 72.253
74.62830 5282.61 72.6816
74.63080 5356.13 73.1856
74.63330 5434.1 73.7163
74.63580 5349.52 73.1404
74.63830 5329.56 73.0038
74.64080 5361.4 73.2216
74.64330 5308.59 72.8601
74.64580 5265.95 72.5669
74.64830 5238.07 72.3745
74.65080 5329.69 73.0047
74.65330 5348.06 73.1304
74.65580 5308.01 72.8561
74.65830 5276.02 72.6362
74.66080 5259.63 72.5233
74.66330 5257.75 72.5103
74.66580 5289.19 72.7268
74.66830 5297.36 72.783
74.67080 5292.95 72.7527
74.67330 5349.34 73.1392
74.67580 5344.76 73.1079
74.67830 5305.5 72.8389
74.68080 5372.72 73.2988
74.68330 5345.98 73.1162
74.68580 5271.55 72.6054
74.68830 5379.92 73.348
74.69080 5425.78 73.6599
74.69330 5424.72 73.6527
74.69580 5383.6 73.3731
74.69830 5377.63 73.3323
74.70080 5387.43 73.3991
74.70330 5336.75 73.053
74.70580 5350.46 73.1468
74.70830 5392.71 73.4351
74.71080 5341.13 73.0831
74.71330 5356.85 73.1905
74.71580 5404.92 73.5182
74.71830 5390.53 73.4203
74.72080 5354.6 73.1752
74.72330 5320.28 72.9403
74.72580 5379.99 73.3484
74.72830 5375.48 73.3177
74.73080 5339.31 73.0706
74.73330 5333.72 73.0323
74.73580 5359.43 73.2081
74.73830 5388.65 73.4074
74.74080 5339.37 73.071
74.74330 5376.7 73.326
74.74580 5433.85 73.7147
74.74830 5350.46 73.1468
74.75080 5340.62 73.0796
74.75330 5351.6 73.1546
74.75580 5277.42 72.6459
74.75830 5235.09 72.3539
74.76080 5234.75 72.3516
74.76330 5359.44 73.2082
74.76580 5377.46 73.3312
74.76830 5359.63 73.2095
74.77080 5408.76 73.5443
74.77330 5367.06 73.2602
74.77580 5318.95 72.9312
74.77830 5420.78 73.626
74.78080 5376.92 73.3275
74.78330 5285.09 72.6986
74.78580 5258.89 72.5182
74.78830 5248.64 72.4475
74.79080 5263.39 72.5492
74.79330 5348.18 73.1312
74.79580 5334.98 73.0409
74.79830 5290.77 72.7377
74.80080 5279.12 72.6576
74.80330 5239.89 72.387
74.80580 5227.02 72.2981
74.80830 5343.64 73.1002
74.81080 5325.15 72.9736
74.81330 5250.12 72.4577
74.81580 5155.71 71.8033
74.81830 5193.93 72.0689
74.82080 5257.85 72.511
74.82330 5251.8 72.4693
74.82580 5261.8 72.5383
74.82830 5265.26 72.5621
74.83080 5232.06 72.3329
74.83330 5211.06 72.1877
74.83580 5207.33 72.1619
74.83830 5242.07 72.4022
74.84080 5244.86 72.4214
74.84330 5238.85 72.3799
74.84580 5236.44 72.3633
74.84830 5278.91 72.6561
74.85080 5351.86 73.1564
74.85330 5470.06 73.9598
74.85580 5354.71 73.1759
74.85830 5252.14 72.4717
74.86080 5354.72 73.176
74.86330 5217.35 72.2312
74.86580 5106.77 71.4617
74.86830 5224.33 72.2795
74.87080 5148.03 71.7498
74.87330 5089.69 71.3421
74.87580 5193.71 72.0674
74.87830 5215.68 72.2197
74.88080 5244.57 72.4194
74.88330 5335.56 73.045
74.88580 5332.33 73.0228
74.88830 5314.56 72.901
74.89080 5313.56 72.8941
74.89330 5290.6 72.7365
74.89580 5272.24 72.6102
74.89830 5273.92 72.6217
74.90080 5234.01 72.3465
74.90330 5219.97 72.2493
74.90580 5276.27 72.6379
74.90830 5220.3 72.2516
74.91080 5149.54 71.7603
74.91330 5093.54 71.369
74.91580 5200.14 72.112
74.91830 5299.14 72.7952
74.92080 5326.39 72.9821
74.92330 5214.4 72.2108
74.92580 5149.5 71.76
74.92830 5214.85 72.2139
74.93080 5320.11 72.9391
74.93330 5381.3 73.3573
74.93580 5353.59 73.1682
74.93830 5345.74 73.1146
74.94080 5345.68 73.1141
74.94330 5353.62 73.1684
74.94580 5339.42 73.0713
74.94830 5336.65 73.0524
74.95080 5357.75 73.1967
74.95330 5402.29 73.5003
74.95580 5420.04 73.6209
74.95830 5390.58 73.4206
74.96080 5361.32 73.221
74.96330 5351.16 73.1516
74.96580 5370.12 73.2811
74.96830 5402.54 73.502
74.97080 5398.56 73.4749
74.97330 5338.65 73.0661
74.97580 5327.95 72.9928
74.97830 5306.61 72.8465
74.98080 5262.99 72.5465
74.98330 5265.66 72.5649
74.98580 5288.64 72.723
74.98830 5333.79 73.0328
74.99080 5358.17 73.1995
74.99330 5375.75 73.3195
74.99580 5386.52 73.3929
74.99830 5303.86 72.8276
75.00080 5265.45 72.5634
75.00330 5292.74 72.7512
75.00580 5337.79 73.0602
75.00830 5362.21 73.2271
75.01080 5359.55 73.209
75.01330 5410.09 73.5533
75.01580 5457.48 73.8748
75.01830 5497.65 74.1461
75.02080 5443.96 73.7832
75.02330 5420.88 73.6266
75.02580 5438.35 73.7452
75.02830 5456.47 73.8679
75.03080 5453.64 73.8488
75.03330 5427.16 73.6693
75.03580 5308.24 72.8577
75.03830 3304.55 57.4853
