# columns: two_theta_deg intensity sigma
2.00000 1153 33.9559
2.01000 1108 33.2866
2.02000 1099 33.1512
2.03000 1153 33.9559
2.04000 1119 33.4515
2.05000 1117 33.4215
2.06000 1205 34.7131
2.07000 1091 33.0303
2.08000 1106 33.2566
2.09000 1066 32.6497
2.10000 1166 34.1467
2.11000 1108 33.2866
2.12000 1056 32.4962
2.13000 1011 31.7962
2.14000 1049 32.3883
2.15000 1171 34.2199
2.16000 1111 33.3317
2.17000 1111 33.3317
2.18000 1124 33.5261
2.19000 1119 33.4515
2.20000 1072 32.7414
2.21000 1132 33.6452
2.22000 1117 33.4215
2.23000 1030 32.0936
2.24000 1028 32.0624
2.25000 1064 32.619
2.26000 1064 32.619
2.27000 1115 33.3916
2.28000 1058 32.5269
2.29000 1064 32.619
2.30000 1060 32.5576
2.31000 1086 32.9545
2.32000 1121 33.4813
2.33000 1084 32.9242
2.34000 991 31.4802
2.35000 1042 32.28
2.36000 1086 32.9545
2.37000 1046 32.3419
2.38000 1032 32.1248
2.39000 1047 32.3574
2.40000 1050 32.4037
2.41000 1008 31.749
2.42000 1114 33.3766
2.43000 1103 33.2114
2.44000 1093 33.0606
2.45000 1078 32.8329
2.46000 1129 33.6006
2.47000 1096 33.1059
2.48000 1029 32.078
2.49000 1032 32.1248
2.50000 1058 32.5269
2.51000 1062 32.5883
2.52000 1077 32.8177
2.53000 1051 32.4191
2.54000 1036 32.187
2.55000 1021 31.9531
2.56000 1075 32.7872
2.57000 1066 32.6497
2.58000 1100 33.1662
2.59000 1045 32.3265
2.60000 1082 32.8938
2.61000 1105 33.2415
2.62000 1078 32.8329
2.63000 1054 32.4654
2.64000 1030 32.0936
2.65000 1082 32.8938
2.66000 1104 33.2265
2.67000 1109 33.3017
2.68000 1069 32.6956
2.69000 1036 32.187
2.70000 1052 32.4345
2.71000 1045 32.3265
2.72000 1107 33.2716
2.73000 1076 32.8024
2.74000 1068 32.6803
2.75000 1071 32.7261
2.76000 1078 32.8329
2.77000 1072 32.7414
2.78000 1034 32.1559
2.79000 1027 32.0468
2.80000 1058 32.5269
2.81000 1064 32.619
2.82000 1052 32.4345
2.83000 1054 32.4654
2.84000 1059 32.5423
2.85000 1039 32.2335
2.86000 1060 32.5576
2.87000 1061 32.573
2.88000 1084 32.9242
2.89000 1098 33.1361
2.90000 1080 32.8634
2.91000 1089 33
2.92000 1036 32.187
2.93000 994 31.5278
2.94000 1052 32.4345
2.95000 1098 33.1361
2.96000 1100 33.1662
2.97000 1077 32.8177
2.98000 1102 33.1964
2.99000 1156 34
3.00000 1063 32.6037
3.01000 1089 33
3.02000 1101 33.1813
3.03000 1063 32.6037
3.04000 1100 33.1662
3.05000 1124 33.5261
3.06000 1109 33.3017
3.07000 1078 32.8329
3.08000 1071 32.7261
3.09000 1108 33.2866
3.10000 1105 33.2415
3.11000 1153 33.9559
3.12000 1134 33.6749
3.13000 1095 33.0908
3.14000 1120 33.4664
3.15000 1097 33.121
3.16000 1081 32.8786
3.17000 1092 33.0454
3.18000 1024 32
3.19000 1091 33.0303
3.20000 1107 33.2716
3.21000 1104 33.2265
3.22000 1095 33.0908
3.23000 1093 33.0606
3.24000 1115 33.3916
3.25000 1129 33.6006
3.26000 1125 33.541
3.27000 1089 33
3.28000 1071 32.7261
3.29000 1061 32.573
3.30000 1115 33.3916
3.31000 1174 34.2637
3.32000 1120 33.4664
3.33000 1059 32.5423
3.34000 1139 33.7491
3.35000 1091 33.0303
3.36000 1100 33.1662
3.37000 1075 32.7872
3.38000 1090 33.0151
3.39000 1128 33.5857
3.40000 1140 33.7639
3.41000 1158 34.0294
3.42000 1178 34.322
3.43000 1108 33.2866
3.44000 1113 33.3617
3.45000 1148 33.8821
3.46000 1134 33.6749
3.47000 1145 33.8378
3.48000 1154 33.9706
3.49000 1165 34.1321
3.50000 1108 33.2866
3.51000 1073 32.7567
3.52000 1159 34.0441
3.53000 1136 33.7046
3.54000 1142 33.7935
3.55000 1101 33.1813
3.56000 1083 32.909
3.57000 1074 32.7719
3.58000 1153 33.9559
3.59000 1113 33.3617
3.60000 1139 33.7491
3.61000 1154 33.9706
3.62000 1132 33.6452
3.63000 1172 34.2345
3.64000 1143 33.8083
3.65000 1136 33.7046
3.66000 1202 34.6699
3.67000 1169 34.1906
3.68000 1141 33.7787
3.69000 1198 34.6121
3.70000 1200 34.641
3.71000 1136 33.7046
3.72000 1151 33.9264
3.73000 1155 33.9853
3.74000 1147 33.8674
3.75000 1168 34.176
3.76000 1133 33.6601
3.77000 1135 33.6898
3.78000 1108 33.2866
3.79000 1154 33.9706
3.80000 1139 33.7491
3.81000 1171 34.2199
3.82000 1166 34.1467
3.83000 1111 33.3317
3.84000 1138 33.7343
3.85000 1211 34.7994
3.86000 1156 34
3.87000 1177 34.3074
3.88000 1236 35.1568
3.89000 1193 34.5398
3.90000 1146 33.8526
3.91000 1193 34.5398
3.92000 1156 34
3.93000 1170 34.2053
3.94000 1127 33.5708
3.95000 1205 34.7131
3.96000 1158 34.0294
3.97000 1146 33.8526
3.98000 1220 34.9285
3.99000 1176 34.2929
4.00000 1137 33.7194
4.01000 1121 33.4813
4.02000 1176 34.2929
4.03000 1162 34.0881
4.04000 1178 34.322
4.05000 1199 34.6266
4.06000 1198 34.6121
4.07000 1186 34.4384
4.08000 1142 33.7935
4.09000 1172 34.2345
4.10000 1222 34.9571
4.11000 1129 33.6006
4.12000 1201 34.6554
4.13000 1164 34.1174
4.14000 1217 34.8855
4.15000 1189 34.4819
4.16000 1077 32.8177
4.17000 1178 34.322
4.18000 1144 33.8231
4.19000 1147 33.8674
4.20000 1183 34.3948
4.21000 1194 34.5543
4.22000 1195 34.5688
4.23000 1133 33.6601
4.24000 1172 34.2345
4.25000 1176 34.2929
4.26000 1210 34.7851
4.27000 1167 34.1614
4.28000 1197 34.5977
4.29000 1133 33.6601
4.30000 1166 34.1467
4.31000 1178 34.322
4.32000 1167 34.1614
4.33000 1225 35
4.34000 1162 34.0881
4.35000 1199 34.6266
4.36000 1173 34.2491
4.37000 1181 34.3657
4.38000 1167 34.1614
4.39000 1173 34.2491
4.40000 1162 34.0881
4.41000 1186 34.4384
4.42000 1176 34.2929
4.43000 1213 34.8281
4.44000 1146 33.8526
4.45000 1192 34.5254
4.46000 1227 35.0286
4.47000 1189 34.4819
4.48000 1184 34.4093
4.49000 1177 34.3074
4.50000 1152 33.9411
4.51000 1172 34.2345
4.52000 1189 34.4819
4.53000 1164 34.1174
4.54000 1146 33.8526
4.55000 1212 34.8138
4.56000 1135 33.6898
4.57000 1217 34.8855
4.58000 1185 34.4238
4.59000 1109 33.3017
4.60000 1176 34.2929
4.61000 1199 34.6266
4.62000 1159 34.0441
4.63000 1170 34.2053
4.64000 1233 35.1141
4.65000 1218 34.8999
4.66000 1197 34.5977
4.67000 1234 35.1283
4.68000 1190 34.4964
4.69000 1188 34.4674
4.70000 1175 34.2783
4.71000 1170 34.2053
4.72000 1200 34.641
4.73000 1205 34.7131
4.74000 1183 34.3948
4.75000 1175 34.2783
4.76000 1139 33.7491
4.77000 1205 34.7131
4.78000 1198 34.6121
4.79000 1196 34.5832
4.80000 1178 34.322
4.81000 1180 34.3511
4.82000 1256 35.4401
4.83000 1227 35.0286
4.84000 1212 34.8138
4.85000 1229 35.0571
4.86000 1212 34.8138
4.87000 1232 35.0999
4.88000 1219 34.9142
4.89000 1249 35.3412
4.90000 1225 35
4.91000 1225 35
4.92000 1223 34.9714
4.93000 1229 35.0571
4.94000 1194 34.5543
4.95000 1210 34.7851
4.96000 1215 34.8569
4.97000 1184 34.4093
4.98000 1198 34.6121
4.99000 1254 35.4119
5.00000 1253 35.3977
5.01000 1216 34.8712
5.02000 1272 35.6651
5.03000 1225 35
5.04000 1182 34.3802
5.05000 1248 35.327
5.06000 1247 35.3129
5.07000 1167 34.1614
5.08000 1174 34.2637
5.09000 1202 34.6699
5.10000 1266 35.5809
5.11000 1263 35.5387
5.12000 1289 35.9026
5.13000 1191 34.5109
5.14000 1258 35.4683
5.15000 1231 35.0856
5.16000 1210 34.7851
5.17000 1157 34.0147
5.18000 1253 35.3977
5.19000 1191 34.5109
5.20000 1230 35.0714
5.21000 1219 34.9142
5.22000 1224 34.9857
5.23000 1228 35.0428
5.24000 1240 35.2136
5.25000 1186 34.4384
5.26000 1294 35.9722
5.27000 1204 34.6987
5.28000 1248 35.327
5.29000 1232 35.0999
5.30000 1197 34.5977
5.31000 1183 34.3948
5.32000 1206 34.7275
5.33000 1258 35.4683
5.34000 1221 34.9428
5.35000 1248 35.327
5.36000 1190 34.4964
5.37000 1188 34.4674
5.38000 1194 34.5543
5.39000 1253 35.3977
5.40000 1226 35.0143
5.41000 1292 35.9444
5.42000 1212 34.8138
5.43000 1195 34.5688
5.44000 1221 34.9428
5.45000 1279 35.7631
5.46000 1193 34.5398
5.47000 1235 35.1426
5.48000 1202 34.6699
5.49000 1238 35.1852
5.50000 1247 35.3129
5.51000 1213 34.8281
5.52000 1262 35.5246
5.53000 1232 35.0999
5.54000 1190 34.4964
5.55000 1173 34.2491
5.56000 1243 35.2562
5.57000 1211 34.7994
5.58000 1188 34.4674
5.59000 1209 34.7707
5.60000 1212 34.8138
5.61000 1250 35.3553
5.62000 1210 34.7851
5.63000 1258 35.4683
5.64000 1253 35.3977
5.65000 1225 35
5.66000 1217 34.8855
5.67000 1223 34.9714
5.68000 1231 35.0856
5.69000 1223 34.9714
5.70000 1224 34.9857
5.71000 1185 34.4238
5.72000 1229 35.0571
5.73000 1303 36.0971
5.74000 1252 35.3836
5.75000 1253 35.3977
5.76000 1211 34.7994
5.77000 1199 34.6266
5.78000 1204 34.6987
5.79000 1237 35.171
5.80000 1207 34.7419
5.81000 1199 34.6266
5.82000 1163 34.1028
5.83000 1212 34.8138
5.84000 1232 35.0999
5.85000 1217 34.8855
5.86000 1220 34.9285
5.87000 1223 34.9714
5.88000 1292 35.9444
5.89000 1259 35.4824
5.90000 1246 35.2987
5.91000 1260 35.4965
5.92000 1307 36.1525
5.93000 1250 35.3553
5.94000 1293 35.9583
5.95000 1302 36.0832
5.96000 1217 34.8855
5.97000 1173 34.2491
5.98000 1204 34.6987
5.99000 1187 34.4529
6.00000 1211 34.7994
6.01000 1240 35.2136
6.02000 1204 34.6987
6.03000 1284 35.8329
6.04000 1216 34.8712
6.05000 1294 35.9722
6.06000 1278 35.7491
6.07000 1278 35.7491
6.08000 1262 35.5246
6.09000 1207 34.7419
6.10000 1297 36.0139
6.11000 1255 35.426
6.12000 1271 35.6511
6.13000 1227 35.0286
6.14000 1229 35.0571
6.15000 1247 35.3129
6.16000 1255 35.426
6.17000 1208 34.7563
6.18000 1293 35.9583
6.19000 1271 35.6511
6.20000 1204 34.6987
6.21000 1254 35.4119
6.22000 1302 36.0832
6.23000 1263 35.5387
6.24000 1214 34.8425
6.25000 1203 34.6843
6.26000 1282 35.805
6.27000 1295 35.9861
6.28000 1183 34.3948
6.29000 1223 34.9714
6.30000 1202 34.6699
6.31000 1304 36.1109
6.32000 1289 35.9026
6.33000 1248 35.327
6.34000 1342 36.6333
6.35000 1257 35.4542
6.36000 1184 34.4093
6.37000 1217 34.8855
6.38000 1227 35.0286
6.39000 1271 35.6511
6.40000 1236 35.1568
6.41000 1254 35.4119
6.42000 1264 35.5528
6.43000 1218 34.8999
6.44000 1219 34.9142
6.45000 1275 35.7071
6.46000 1214 34.8425
6.47000 1163 34.1028
6.48000 1260 35.4965
6.49000 1212 34.8138
6.50000 1291 35.9305
6.51000 1209 34.7707
6.52000 1301 36.0694
6.53000 1273 35.6791
6.54000 1268 35.609
6.55000 1252 35.3836
6.56000 1223 34.9714
6.57000 1220 34.9285
6.58000 1267 35.5949
6.59000 1297 36.0139
6.60000 1241 35.2278
6.61000 1279 35.7631
6.62000 1212 34.8138
6.63000 1256 35.4401
6.64000 1223 34.9714
6.65000 1212 34.8138
6.66000 1224 34.9857
6.67000 1274 35.6931
6.68000 1256 35.4401
6.69000 1227 35.0286
6.70000 1227 35.0286
6.71000 1240 35.2136
6.72000 1319 36.318
6.73000 1248 35.327
6.74000 1236 35.1568
6.75000 1216 34.8712
6.76000 1225 35
6.77000 1226 35.0143
6.78000 1238 35.1852
6.79000 1263 35.5387
6.80000 1240 35.2136
6.81000 1234 35.1283
6.82000 1234 35.1283
6.83000 1271 35.6511
6.84000 1262 35.5246
6.85000 1214 34.8425
6.86000 1272 35.6651
6.87000 1258 35.4683
6.88000 1242 35.242
6.89000 1250 35.3553
6.90000 1248 35.327
6.91000 1253 35.3977
6.92000 1232 35.0999
6.93000 1200 34.641
6.94000 1245 35.2846
6.95000 1187 34.4529
6.96000 1242 35.242
6.97000 1184 34.4093
6.98000 1215 34.8569
6.99000 1212 34.8138
7.00000 1227 35.0286
7.01000 1218 34.8999
7.02000 1232 35.0999
7.03000 1251 35.3695
7.04000 1228 35.0428
7.05000 1247 35.3129
7.06000 1266 35.5809
7.07000 1237 35.171
7.08000 1218 34.8999
7.09000 1206 34.7275
7.10000 1210 34.7851
7.11000 1221 34.9428
7.12000 1245 35.2846
7.13000 1233 35.1141
7.14000 1237 35.171
7.15000 1228 35.0428
7.16000 1228 35.0428
7.17000 1184 34.4093
7.18000 1306 36.1386
7.19000 1228 35.0428
7.20000 1182 34.3802
7.21000 1218 34.8999
7.22000 1241 35.2278
7.23000 1188 34.4674
7.24000 1207 34.7419
7.25000 1218 34.8999
7.26000 1230 35.0714
7.27000 1225 35
7.28000 1222 34.9571
7.29000 1260 35.4965
7.30000 1212 34.8138
7.31000 1195 34.5688
7.32000 1217 34.8855
7.33000 1226 35.0143
7.34000 1258 35.4683
7.35000 1174 34.2637
7.36000 1127 33.5708
7.37000 1183 34.3948
7.38000 1237 35.171
7.39000 1179 34.3366
7.40000 1167 34.1614
7.41000 1199 34.6266
7.42000 1188 34.4674
7.43000 1233 35.1141
7.44000 1224 34.9857
7.45000 1246 35.2987
7.46000 1185 34.4238
7.47000 1220 34.9285
7.48000 1208 34.7563
7.49000 1233 35.1141
7.50000 1157 34.0147
7.51000 1166 34.1467
7.52000 1234 35.1283
7.53000 1215 34.8569
7.54000 1154 33.9706
7.55000 1233 35.1141
7.56000 1233 35.1141
7.57000 1252 35.3836
7.58000 1209 34.7707
7.59000 1271 35.6511
7.60000 1139 33.7491
7.61000 1185 34.4238
7.62000 1205 34.7131
7.63000 1203 34.6843
7.64000 1185 34.4238
7.65000 1161 34.0735
7.66000 1134 33.6749
7.67000 1147 33.8674
7.68000 1193 34.5398
7.69000 1175 34.2783
7.70000 1200 34.641
7.71000 1267 35.5949
7.72000 1216 34.8712
7.73000 1250 35.3553
7.74000 1184 34.4093
7.75000 1173 34.2491
7.76000 1162 34.0881
7.77000 1222 34.9571
7.78000 1159 34.0441
7.79000 1214 34.8425
7.80000 1220 34.9285
7.81000 1248 35.327
7.82000 1179 34.3366
7.83000 1189 34.4819
7.84000 1203 34.6843
7.85000 1240 35.2136
7.86000 1253 35.3977
7.87000 1191 34.5109
7.88000 1202 34.6699
7.89000 1176 34.2929
7.90000 1207 34.7419
7.91000 1165 34.1321
7.92000 1211 34.7994
7.93000 1175 34.2783
7.94000 1190 34.4964
7.95000 1191 34.5109
7.96000 1178 34.322
7.97000 1192 34.5254
7.98000 1181 34.3657
7.99000 1236 35.1568
8.00000 1145 33.8378
8.01000 1172 34.2345
8.02000 1205 34.7131
8.03000 1177 34.3074
8.04000 1213 34.8281
8.05000 1186 34.4384
8.06000 1196 34.5832
8.07000 1177 34.3074
8.08000 1115 33.3916
8.09000 1090 33.0151
8.10000 1147 33.8674
8.11000 1172 34.2345
8.12000 1200 34.641
8.13000 1155 33.9853
8.14000 1171 34.2199
8.15000 1249 35.3412
8.16000 1221 34.9428
8.17000 1192 34.5254
8.18000 1179 34.3366
8.19000 1245 35.2846
8.20000 1164 34.1174
8.21000 1185 34.4238
8.22000 1251 35.3695
8.23000 1246 35.2987
8.24000 1141 33.7787
8.25000 1203 34.6843
8.26000 1182 34.3802
8.27000 1229 35.0571
8.28000 1200 34.641
8.29000 1173 34.2491
8.30000 1243 35.2562
8.31000 1230 35.0714
8.32000 1150 33.9116
8.33000 1220 34.9285
8.34000 1249 35.3412
8.35000 1174 34.2637
8.36000 1127 33.5708
8.37000 1149 33.8969
8.38000 1165 34.1321
8.39000 1208 34.7563
8.40000 1171 34.2199
8.41000 1193 34.5398
8.42000 1205 34.7131
8.43000 1183 34.3948
8.44000 1207 34.7419
8.45000 1149 33.8969
8.46000 1107 33.2716
8.47000 1237 35.171
8.48000 1167 34.1614
8.49000 1221 34.9428
8.50000 1205 34.7131
8.51000 1202 34.6699
8.52000 1274 35.6931
8.53000 1206 34.7275
8.54000 1171 34.2199
8.55000 1168 34.176
8.56000 1130 33.6155
8.57000 1160 34.0588
8.58000 1118 33.4365
8.59000 1232 35.0999
8.60000 1181 34.3657
8.61000 1243 35.2562
8.62000 1175 34.2783
8.63000 1178 34.322
8.64000 1260 35.4965
8.65000 1274 35.6931
8.66000 1181 34.3657
8.67000 1267 35.5949
8.68000 1259 35.4824
8.69000 1237 35.171
8.70000 1208 34.7563
8.71000 1241 35.2278
8.72000 1216 34.8712
8.73000 1201 34.6554
8.74000 1238 35.1852
8.75000 1207 34.7419
8.76000 1175 34.2783
8.77000 1203 34.6843
8.78000 1200 34.641
8.79000 1189 34.4819
8.80000 1238 35.1852
8.81000 1224 34.9857
8.82000 1233 35.1141
8.83000 1252 35.3836
8.84000 1215 34.8569
8.85000 1271 35.6511
8.86000 1255 35.426
8.87000 1224 34.9857
8.88000 1225 35
8.89000 1228 35.0428
8.90000 1219 34.9142
8.91000 1263 35.5387
8.92000 1264 35.5528
8.93000 1236 35.1568
8.94000 1236 35.1568
8.95000 1236 35.1568
8.96000 1217 34.8855
8.97000 1160 34.0588
8.98000 1171 34.2199
8.99000 1228 35.0428
9.00000 1236 35.1568
9.01000 1258 35.4683
9.02000 1221 34.9428
9.03000 1254 35.4119
9.04000 1189 34.4819
9.05000 1185 34.4238
9.06000 1245 35.2846
9.07000 1219 34.9142
9.08000 1232 35.0999
9.09000 1242 35.242
9.10000 1269 35.623
9.11000 1221 34.9428
9.12000 1242 35.242
9.13000 1245 35.2846
9.14000 1227 35.0286
9.15000 1209 34.7707
9.16000 1219 34.9142
9.17000 1226 35.0143
9.18000 1232 35.0999
9.19000 1200 34.641
9.20000 1225 35
9.21000 1211 34.7994
9.22000 1243 35.2562
9.23000 1266 35.5809
9.24000 1258 35.4683
9.25000 1213 34.8281
9.26000 1171 34.2199
9.27000 1232 35.0999
9.28000 1157 34.0147
9.29000 1226 35.0143
9.30000 1223 34.9714
9.31000 1278 35.7491
9.32000 1275 35.7071
9.33000 1246 35.2987
9.34000 1208 34.7563
9.35000 1235 35.1426
9.36000 1195 34.5688
9.37000 1229 35.0571
9.38000 1211 34.7994
9.39000 1232 35.0999
9.40000 1187 34.4529
9.41000 1266 35.5809
9.42000 1248 35.327
9.43000 1249 35.3412
9.44000 1267 35.5949
9.45000 1201 34.6554
9.46000 1216 34.8712
9.47000 1248 35.327
9.48000 1244 35.2704
9.49000 1245 35.2846
9.50000 1230 35.0714
9.51000 1273 35.6791
9.52000 1193 34.5398
9.53000 1209 34.7707
9.54000 1239 35.1994
9.55000 1252 35.3836
9.56000 1229 35.0571
9.57000 1232 35.0999
9.58000 1285 35.8469
9.59000 1274 35.6931
9.60000 1208 34.7563
9.61000 1222 34.9571
9.62000 1253 35.3977
9.63000 1203 34.6843
9.64000 1249 35.3412
9.65000 1236 35.1568
9.66000 1279 35.7631
9.67000 1293 35.9583
9.68000 1238 35.1852
9.69000 1249 35.3412
9.70000 1312 36.2215
9.71000 1236 35.1568
9.72000 1262 35.5246
9.73000 1230 35.0714
9.74000 1224 34.9857
9.75000 1234 35.1283
9.76000 1228 35.0428
9.77000 1193 34.5398
9.78000 1202 34.6699
9.79000 1235 35.1426
9.80000 1297 36.0139
9.81000 1310 36.1939
9.82000 1254 35.4119
9.83000 1228 35.0428
9.84000 1222 34.9571
9.85000 1267 35.5949
9.86000 1277 35.7351
9.87000 1269 35.623
9.88000 1291 35.9305
9.89000 1316 36.2767
9.90000 1185 34.4238
9.91000 1180 34.3511
9.92000 1294 35.9722
9.93000 1245 35.2846
9.94000 1258 35.4683
9.95000 1275 35.7071
9.96000 1269 35.623
9.97000 1285 35.8469
9.98000 1214 34.8425
9.99000 1252 35.3836
10.00000 1244 35.2704
10.01000 1293 35.9583
10.02000 1280 35.7771
10.03000 1376 37.0945
10.04000 1353 36.7831
10.05000 1296 36
10.06000 1378 37.1214
10.07000 1347 36.7015
10.08000 1422 37.7094
10.09000 1408 37.5233
10.10000 1422 37.7094
10.11000 1450 38.0789
10.12000 1424 37.7359
10.13000 1433 37.855
10.14000 1499 38.7169
10.15000 1580 39.7492
10.16000 1535 39.1791
10.17000 1533 39.1535
10.18000 1543 39.281
10.19000 1531 39.128
10.20000 1479 38.4578
10.21000 1498 38.704
10.22000 1476 38.4187
10.23000 1392 37.3095
10.24000 1297 36.0139
10.25000 1339 36.5923
10.26000 1342 36.6333
10.27000 1311 36.2077
10.28000 1236 35.1568
10.29000 1288 35.8887
10.30000 1230 35.0714
10.31000 1242 35.242
10.32000 1198 34.6121
10.33000 1248 35.327
10.34000 1253 35.3977
10.35000 1267 35.5949
10.36000 1235 35.1426
10.37000 1227 35.0286
10.38000 1270 35.6371
10.39000 1282 35.805
10.40000 1205 34.7131
10.41000 1266 35.5809
10.42000 1268 35.609
10.43000 1214 34.8425
10.44000 1220 34.9285
10.45000 1277 35.7351
10.46000 1295 35.9861
10.47000 1237 35.171
10.48000 1279 35.7631
10.49000 1267 35.5949
10.50000 1243 35.2562
10.51000 1223 34.9714
10.52000 1263 35.5387
10.53000 1228 35.0428
10.54000 1234 35.1283
10.55000 1235 35.1426
10.56000 1165 34.1321
10.57000 1198 34.6121
10.58000 1246 35.2987
10.59000 1255 35.426
10.60000 1260 35.4965
10.61000 1313 36.2353
10.62000 1265 35.5668
10.63000 1192 34.5254
10.64000 1269 35.623
10.65000 1258 35.4683
10.66000 1300 36.0555
10.67000 1276 35.7211
10.68000 1231 35.0856
10.69000 1262 35.5246
10.70000 1237 35.171
10.71000 1272 35.6651
10.72000 1227 35.0286
10.73000 1264 35.5528
10.74000 1221 34.9428
10.75000 1261 35.5106
10.76000 1241 35.2278
10.77000 1262 35.5246
10.78000 1284 35.8329
10.79000 1288 35.8887
10.80000 1285 35.8469
10.81000 1300 36.0555
10.82000 1224 34.9857
10.83000 1173 34.2491
10.84000 1236 35.1568
10.85000 1323 36.3731
10.86000 1262 35.5246
10.87000 1232 35.0999
10.88000 1183 34.3948
10.89000 1289 35.9026
10.90000 1264 35.5528
10.91000 1274 35.6931
10.92000 1254 35.4119
10.93000 1230 35.0714
10.94000 1203 34.6843
10.95000 1250 35.3553
10.96000 1184 34.4093
10.97000 1270 35.6371
10.98000 1278 35.7491
10.99000 1270 35.6371
11.00000 1272 35.6651
11.01000 1282 35.805
11.02000 1283 35.819
11.03000 1293 35.9583
11.04000 1277 35.7351
11.05000 1302 36.0832
11.06000 1284 35.8329
11.07000 1349 36.7287
11.08000 1298 36.0278
11.09000 1315 36.2629
11.10000 1336 36.5513
11.11000 1320 36.3318
11.12000 1326 36.4143
11.13000 1313 36.2353
11.14000 1312 36.2215
11.15000 1326 36.4143
11.16000 1347 36.7015
11.17000 1370 37.0135
11.18000 1362 36.9053
11.19000 1429 37.8021
11.20000 1359 36.8646
11.21000 1447 38.0395
11.22000 1476 38.4187
11.23000 1501 38.7427
11.24000 1500 38.7298
11.25000 1603 40.0375
11.26000 1591 39.8873
11.27000 1667 40.8289
11.28000 1708 41.328
11.29000 1789 42.2966
11.30000 1905 43.6463
11.31000 1891 43.4856
11.32000 2037 45.1331
11.33000 2112 45.9565
11.34000 2179 46.6798
11.35000 2233 47.2546
11.36000 2160 46.4758
11.37000 2226 47.1805
11.38000 2194 46.8402
11.39000 2018 44.9222
11.40000 1973 44.4185
11.41000 1811 42.5558
11.42000 1712 41.3763
11.43000 1610 40.1248
11.44000 1499 38.7169
11.45000 1539 39.2301
11.46000 1357 36.8375
11.47000 1338 36.5787
11.48000 1322 36.3593
11.49000 1295 35.9861
11.50000 1299 36.0416
11.51000 1212 34.8138
11.52000 1281 35.7911
11.53000 1255 35.426
11.54000 1278 35.7491
11.55000 1289 35.9026
11.56000 1269 35.623
11.57000 1231 35.0856
11.58000 1284 35.8329
11.59000 1272 35.6651
11.60000 1270 35.6371
11.61000 1318 36.3043
11.62000 1253 35.3977
11.63000 1229 35.0571
11.64000 1233 35.1141
11.65000 1267 35.5949
11.66000 1259 35.4824
11.67000 1259 35.4824
11.68000 1261 35.5106
11.69000 1182 34.3802
11.70000 1260 35.4965
11.71000 1248 35.327
11.72000 1230 35.0714
11.73000 1212 34.8138
11.74000 1220 34.9285
11.75000 1230 35.0714
11.76000 1207 34.7419
11.77000 1204 34.6987
11.78000 1177 34.3074
11.79000 1205 34.7131
11.80000 1263 35.5387
11.81000 1270 35.6371
11.82000 1263 35.5387
11.83000 1198 34.6121
11.84000 1269 35.623
11.85000 1236 35.1568
11.86000 1237 35.171
11.87000 1271 35.6511
11.88000 1239 35.1994
11.89000 1265 35.5668
11.90000 1248 35.327
11.91000 1172 34.2345
11.92000 1260 35.4965
11.93000 1165 34.1321
11.94000 1278 35.7491
11.95000 1236 35.1568
11.96000 1174 34.2637
11.97000 1190 34.4964
11.98000 1229 35.0571
11.99000 1226 35.0143
12.00000 1200 34.641
12.01000 1248 35.327
12.02000 1172 34.2345
12.03000 1193 34.5398
12.04000 1227 35.0286
12.05000 1237 35.171
12.06000 1243 35.2562
12.07000 1265 35.5668
12.08000 1246 35.2987
12.09000 1242 35.242
12.10000 1257 35.4542
12.11000 1185 34.4238
12.12000 1182 34.3802
12.13000 1243 35.2562
12.14000 1258 35.4683
12.15000 1226 35.0143
12.16000 1233 35.1141
12.17000 1221 34.9428
12.18000 1274 35.6931
12.19000 1222 34.9571
12.20000 1220 34.9285
12.21000 1237 35.171
12.22000 1225 35
12.23000 1241 35.2278
12.24000 1284 35.8329
12.25000 1280 35.7771
12.26000 1230 35.0714
12.27000 1291 35.9305
12.28000 1251 35.3695
12.29000 1285 35.8469
12.30000 1221 34.9428
12.31000 1261 35.5106
12.32000 1331 36.4829
12.33000 1277 35.7351
12.34000 1280 35.7771
12.35000 1265 35.5668
12.36000 1310 36.1939
12.37000 1327 36.428
12.38000 1288 35.8887
12.39000 1237 35.171
12.40000 1251 35.3695
12.41000 1252 35.3836
12.42000 1351 36.756
12.43000 1258 35.4683
12.44000 1271 35.6511
12.45000 1278 35.7491
12.46000 1259 35.4824
12.47000 1299 36.0416
12.48000 1271 35.6511
12.49000 1245 35.2846
12.50000 1296 36
12.51000 1196 34.5832
12.52000 1285 35.8469
12.53000 1282 35.805
12.54000 1309 36.1801
12.55000 1333 36.5103
12.56000 1328 36.4417
12.57000 1331 36.4829
12.58000 1308 36.1663
12.59000 1327 36.428
12.60000 1252 35.3836
12.61000 1315 36.2629
12.62000 1283 35.819
12.63000 1258 35.4683
12.64000 1251 35.3695
12.65000 1298 36.0278
12.66000 1259 35.4824
12.67000 1279 35.7631
12.68000 1313 36.2353
12.69000 1238 35.1852
12.70000 1246 35.2987
12.71000 1233 35.1141
12.72000 1305 36.1248
12.73000 1224 34.9857
12.74000 1242 35.242
12.75000 1234 35.1283
12.76000 1197 34.5977
12.77000 1251 35.3695
12.78000 1220 34.9285
12.79000 1218 34.8999
12.80000 1214 34.8425
12.81000 1190 34.4964
12.82000 1285 35.8469
12.83000 1285 35.8469
12.84000 1205 34.7131
12.85000 1259 35.4824
12.86000 1195 34.5688
12.87000 1247 35.3129
12.88000 1292 35.9444
12.89000 1299 36.0416
12.90000 1269 35.623
12.91000 1249 35.3412
12.92000 1271 35.6511
12.93000 1246 35.2987
12.94000 1251 35.3695
12.95000 1299 36.0416
12.96000 1218 34.8999
12.97000 1292 35.9444
12.98000 1205 34.7131
12.99000 1197 34.5977
13.00000 1183 34.3948
13.01000 1224 34.9857
13.02000 1226 35.0143
13.03000 1287 35.8748
13.04000 1231 35.0856
13.05000 1260 35.4965
13.06000 1186 34.4384
13.07000 1286 35.8608
13.08000 1274 35.6931
13.09000 1299 36.0416
13.10000 1278 35.7491
13.11000 1215 34.8569
13.12000 1259 35.4824
13.13000 1164 34.1174
13.14000 1252 35.3836
13.15000 1262 35.5246
13.16000 1201 34.6554
13.17000 1221 34.9428
13.18000 1282 35.805
13.19000 1243 35.2562
13.20000 1188 34.4674
13.21000 1186 34.4384
13.22000 1225 35
13.23000 1195 34.5688
13.24000 1212 34.8138
13.25000 1258 35.4683
13.26000 1184 34.4093
13.27000 1228 35.0428
13.28000 1224 34.9857
13.29000 1236 35.1568
13.30000 1221 34.9428
13.31000 1278 35.7491
13.32000 1214 34.8425
13.33000 1228 35.0428
13.34000 1287 35.8748
13.35000 1236 35.1568
13.36000 1235 35.1426
13.37000 1227 35.0286
13.38000 1290 35.9166
13.39000 1215 34.8569
13.40000 1203 34.6843
13.41000 1264 35.5528
13.42000 1201 34.6554
13.43000 1158 34.0294
13.44000 1217 34.8855
13.45000 1207 34.7419
13.46000 1249 35.3412
13.47000 1240 35.2136
13.48000 1233 35.1141
13.49000 1224 34.9857
13.50000 1212 34.8138
13.51000 1241 35.2278
13.52000 1274 35.6931
13.53000 1201 34.6554
13.54000 1244 35.2704
13.55000 1242 35.242
13.56000 1225 35
13.57000 1270 35.6371
13.58000 1280 35.7771
13.59000 1226 35.0143
13.60000 1343 36.647
13.61000 1362 36.9053
13.62000 1353 36.7831
13.63000 1379 37.1349
13.64000 1395 37.3497
13.65000 1418 37.6563
13.66000 1404 37.47
13.67000 1519 38.9744
13.68000 1489 38.5876
13.69000 1619 40.2368
13.70000 1651 40.6325
13.71000 1660 40.7431
13.72000 1685 41.0488
13.73000 1826 42.7317
13.74000 1802 42.45
13.75000 1978 44.4747
13.76000 2062 45.4093
13.77000 2136 46.2169
13.78000 2508 50.0799
13.79000 2759 52.5262
13.80000 2939 54.2125
13.81000 3118 55.8391
13.82000 3520 59.3296
13.83000 3815 61.7657
13.84000 4249 65.1844
13.85000 4776 69.1086
13.86000 5246 72.4293
13.87000 5856 76.5245
13.88000 6315 79.467
13.89000 6759 82.2131
13.90000 6949 83.3607
13.91000 6945 83.3367
13.92000 6698 81.8413
13.93000 6354 79.712
13.94000 6149 78.4156
13.95000 5454 73.8512
13.96000 4642 68.1322
13.97000 3864 62.1611
13.98000 3212 56.6745
13.99000 2845 53.3385
14.00000 2348 48.4562
14.01000 2018 44.9222
14.02000 1861 43.1393
14.03000 1607 40.0874
14.04000 1537 39.2046
14.05000 1430 37.8153
14.06000 1448 38.0526
14.07000 1377 37.108
14.08000 1323 36.3731
14.09000 1301 36.0694
14.10000 1321 36.3456
14.11000 1273 35.6791
14.12000 1324 36.3868
14.13000 1252 35.3836
14.14000 1255 35.426
14.15000 1250 35.3553
14.16000 1250 35.3553
14.17000 1236 35.1568
14.18000 1219 34.9142
14.19000 1255 35.426
14.20000 1214 34.8425
14.21000 1280 35.7771
14.22000 1289 35.9026
14.23000 1252 35.3836
14.24000 1269 35.623
14.25000 1227 35.0286
14.26000 1256 35.4401
14.27000 1247 35.3129
14.28000 1182 34.3802
14.29000 1259 35.4824
14.30000 1281 35.7911
14.31000 1226 35.0143
14.32000 1250 35.3553
14.33000 1224 34.9857
14.34000 1222 34.9571
14.35000 1246 35.2987
14.36000 1211 34.7994
14.37000 1264 35.5528
14.38000 1219 34.9142
14.39000 1204 34.6987
14.40000 1274 35.6931
14.41000 1296 36
14.42000 1338 36.5787
14.43000 1242 35.242
14.44000 1248 35.327
14.45000 1262 35.5246
14.46000 1249 35.3412
14.47000 1227 35.0286
14.48000 1267 35.5949
14.49000 1243 35.2562
14.50000 1227 35.0286
14.51000 1225 35
14.52000 1261 35.5106
14.53000 1269 35.623
14.54000 1225 35
14.55000 1227 35.0286
14.56000 1219 34.9142
14.57000 1173 34.2491
14.58000 1275 35.7071
14.59000 1246 35.2987
14.60000 1162 34.0881
14.61000 1172 34.2345
14.62000 1275 35.7071
14.63000 1226 35.0143
14.64000 1242 35.242
14.65000 1247 35.3129
14.66000 1287 35.8748
14.67000 1203 34.6843
14.68000 1191 34.5109
14.69000 1291 35.9305
14.70000 1325 36.4005
14.71000 1275 35.7071
14.72000 1286 35.8608
14.73000 1272 35.6651
14.74000 1298 36.0278
14.75000 1257 35.4542
14.76000 1243 35.2562
14.77000 1203 34.6843
14.78000 1230 35.0714
14.79000 1322 36.3593
14.80000 1256 35.4401
14.81000 1277 35.7351
14.82000 1178 34.322
14.83000 1282 35.805
14.84000 1289 35.9026
14.85000 1302 36.0832
14.86000 1269 35.623
14.87000 1297 36.0139
14.88000 1295 35.9861
14.89000 1298 36.0278
14.90000 1290 35.9166
14.91000 1285 35.8469
14.92000 1280 35.7771
14.93000 1250 35.3553
14.94000 1344 36.6606
14.95000 1294 35.9722
14.96000 1353 36.7831
14.97000 1352 36.7696
14.98000 1274 35.6931
14.99000 1284 35.8329
15.00000 1250 35.3553
15.01000 1257 35.4542
15.02000 1351 36.756
15.03000 1293 35.9583
15.04000 1304 36.1109
15.05000 1241 35.2278
15.06000 1223 34.9714
15.07000 1264 35.5528
15.08000 1341 36.6197
15.09000 1274 35.6931
15.10000 1274 35.6931
15.11000 1283 35.819
15.12000 1257 35.4542
15.13000 1273 35.6791
15.14000 1318 36.3043
15.15000 1253 35.3977
15.16000 1288 35.8887
15.17000 1262 35.5246
15.18000 1297 36.0139
15.19000 1305 36.1248
15.20000 1260 35.4965
15.21000 1265 35.5668
15.22000 1246 35.2987
15.23000 1270 35.6371
15.24000 1263 35.5387
15.25000 1283 35.819
15.26000 1267 35.5949
15.27000 1306 36.1386
15.28000 1260 35.4965
15.29000 1246 35.2987
15.30000 1281 35.7911
15.31000 1288 35.8887
15.32000 1291 35.9305
15.33000 1318 36.3043
15.34000 1236 35.1568
15.35000 1311 36.2077
15.36000 1284 35.8329
15.37000 1301 36.0694
15.38000 1304 36.1109
15.39000 1332 36.4966
15.40000 1289 35.9026
15.41000 1313 36.2353
15.42000 1319 36.318
15.43000 1313 36.2353
15.44000 1311 36.2077
15.45000 1304 36.1109
15.46000 1306 36.1386
15.47000 1315 36.2629
15.48000 1283 35.819
15.49000 1247 35.3129
15.50000 1295 35.9861
15.51000 1279 35.7631
15.52000 1314 36.2491
15.53000 1319 36.318
15.54000 1341 36.6197
15.55000 1352 36.7696
15.56000 1279 35.7631
15.57000 1326 36.4143
15.58000 1325 36.4005
15.59000 1379 37.1349
15.60000 1359 36.8646
15.61000 1324 36.3868
15.62000 1322 36.3593
15.63000 1304 36.1109
15.64000 1309 36.1801
15.65000 1389 37.2693
15.66000 1358 36.8511
15.67000 1404 37.47
15.68000 1350 36.7423
15.69000 1440 37.9473
15.70000 1507 38.8201
15.71000 1544 39.2938
15.72000 1440 37.9473
15.73000 1473 38.3797
15.74000 1472 38.3667
15.75000 1536 39.1918
15.76000 1551 39.3827
15.77000 1606 40.0749
15.78000 1662 40.7676
15.79000 1638 40.4722
15.80000 1707 41.3159
15.81000 1740 41.7133
15.82000 1694 41.1582
15.83000 1755 41.8927
15.84000 1777 42.1545
15.85000 1872 43.2666
15.86000 1931 43.9431
15.87000 2025 45
15.88000 2039 45.1553
15.89000 2245 47.3814
15.90000 2370 48.6826
15.91000 2550 50.4975
15.92000 2886 53.7215
15.93000 3034 55.0818
15.94000 3470 58.9067
15.95000 3893 62.3939
15.96000 4190 64.7302
15.97000 4660 68.2642
15.98000 5450 73.8241
15.99000 5837 76.4003
16.00000 6318 79.4858
16.01000 6608 81.2896
16.02000 6946 83.3427
16.03000 6954 83.3906
16.04000 6856 82.801
16.05000 6413 80.0812
16.06000 5708 75.5513
16.07000 5087 71.3232
16.08000 4399 66.325
16.09000 3856 62.0967
16.10000 3151 56.1338
16.11000 2679 51.7591
16.12000 2361 48.5901
16.13000 1998 44.699
16.14000 1806 42.4971
16.15000 1597 39.9625
16.16000 1547 39.3319
16.17000 1484 38.5227
16.18000 1398 37.3898
16.19000 1350 36.7423
16.20000 1348 36.7151
16.21000 1359 36.8646
16.22000 1326 36.4143
16.23000 1365 36.9459
16.24000 1301 36.0694
16.25000 1330 36.4692
16.26000 1333 36.5103
16.27000 1352 36.7696
16.28000 1419 37.6696
16.29000 1344 36.6606
16.30000 1357 36.8375
16.31000 1347 36.7015
16.32000 1432 37.8418
16.33000 1328 36.4417
16.34000 1350 36.7423
16.35000 1285 35.8469
16.36000 1395 37.3497
16.37000 1347 36.7015
16.38000 1398 37.3898
16.39000 1319 36.318
16.40000 1381 37.1618
16.41000 1424 37.7359
16.42000 1385 37.2156
16.43000 1309 36.1801
16.44000 1322 36.3593
16.45000 1389 37.2693
16.46000 1393 37.3229
16.47000 1365 36.9459
16.48000 1379 37.1349
16.49000 1331 36.4829
16.50000 1293 35.9583
16.51000 1303 36.0971
16.52000 1359 36.8646
16.53000 1318 36.3043
16.54000 1388 37.2559
16.55000 1340 36.606
16.56000 1328 36.4417
16.57000 1315 36.2629
16.58000 1352 36.7696
16.59000 1351 36.756
16.60000 1314 36.2491
16.61000 1377 37.108
16.62000 1323 36.3731
16.63000 1343 36.647
16.64000 1364 36.9324
16.65000 1393 37.3229
16.66000 1389 37.2693
16.67000 1403 37.4566
16.68000 1385 37.2156
16.69000 1387 37.2424
16.70000 1352 36.7696
16.71000 1383 37.1887
16.72000 1395 37.3497
16.73000 1398 37.3898
16.74000 1395 37.3497
16.75000 1459 38.1969
16.76000 1398 37.3898
16.77000 1349 36.7287
16.78000 1353 36.7831
16.79000 1323 36.3731
16.80000 1396 37.3631
16.81000 1415 37.6165
16.82000 1365 36.9459
16.83000 1370 37.0135
16.84000 1324 36.3868
16.85000 1399 37.4032
16.86000 1444 38
16.87000 1413 37.5899
16.88000 1359 36.8646
16.89000 1399 37.4032
16.90000 1388 37.2559
16.91000 1382 37.1753
16.92000 1349 36.7287
16.93000 1382 37.1753
16.94000 1422 37.7094
16.95000 1421 37.6962
16.96000 1405 37.4833
16.97000 1424 37.7359
16.98000 1420 37.6829
16.99000 1377 37.108
17.00000 1402 37.4433
17.01000 1446 38.0263
17.02000 1478 38.4448
17.03000 1416 37.6298
17.04000 1446 38.0263
17.05000 1440 37.9473
17.06000 1483 38.5097
17.07000 1409 37.5366
17.08000 1414 37.6032
17.09000 1445 38.0132
17.10000 1424 37.7359
17.11000 1504 38.7814
17.12000 1489 38.5876
17.13000 1428 37.7889
17.14000 1451 38.092
17.15000 1437 37.9078
17.16000 1402 37.4433
17.17000 1473 38.3797
17.18000 1475 38.4057
17.19000 1507 38.8201
17.20000 1464 38.2623
17.21000 1476 38.4187
17.22000 1487 38.5616
17.23000 1544 39.2938
17.24000 1559 39.4842
17.25000 1543 39.281
17.26000 1531 39.128
17.27000 1574 39.6737
17.28000 1581 39.7618
17.29000 1529 39.1024
17.30000 1554 39.4208
17.31000 1570 39.6232
17.32000 1562 39.5221
17.33000 1517 38.9487
17.34000 1560 39.4968
17.35000 1592 39.8999
17.36000 1583 39.7869
17.37000 1655 40.6817
17.38000 1696 41.1825
17.39000 1718 41.4488
17.40000 1784 42.2374
17.41000 1789 42.2966
17.42000 1910 43.7035
17.43000 1927 43.8976
17.44000 2062 45.4093
17.45000 2232 47.244
17.46000 2368 48.6621
17.47000 2526 50.2593
17.48000 2844 53.3292
17.49000 2975 54.5436
17.50000 3304 57.4804
17.51000 3597 59.975
17.52000 4183 64.6761
17.53000 4624 68
17.54000 5196 72.0833
17.55000 5990 77.3951
17.56000 6807 82.5045
17.57000 7782 88.2156
17.58000 9149 95.6504
17.59000 10759 103.726
17.60000 12368 111.212
17.61000 14531 120.545
17.62000 17161 131
17.63000 19606 140.021
17.64000 23099 151.984
17.65000 26853 163.869
17.66000 30448 174.494
17.67000 34321 185.259
17.68000 38122 195.249
17.69000 42120 205.232
17.70000 44202 210.243
17.71000 45043 212.233
17.72000 45974 214.415
17.73000 43832 209.361
17.74000 42175 205.366
17.75000 38262 195.607
17.76000 33355 182.634
17.77000 28379 168.461
17.78000 24132 155.345
17.79000 19746 140.52
17.80000 15775 125.599
17.81000 12399 111.351
17.82000 9674 98.3565
17.83000 7449 86.3076
17.84000 5765 75.9276
17.85000 4665 68.3008
17.86000 3778 61.4654
17.87000 3194 56.5155
17.88000 2707 52.0288
17.89000 2378 48.7647
17.90000 2248 47.4131
17.91000 2062 45.4093
17.92000 1961 44.2832
17.93000 1849 43
17.94000 1865 43.1856
17.95000 1751 41.845
17.96000 1698 41.2068
17.97000 1699 41.2189
17.98000 1716 41.4246
17.99000 1749 41.821
18.00000 1713 41.3884
18.01000 1572 39.6485
18.02000 1672 40.8901
18.03000 1614 40.1746
18.04000 1618 40.2244
18.05000 1683 41.0244
18.06000 1616 40.1995
18.07000 1613 40.1622
18.08000 1549 39.3573
18.09000 1610 40.1248
18.10000 1556 39.4462
18.11000 1537 39.2046
18.12000 1512 38.8844
18.13000 1544 39.2938
18.14000 1544 39.2938
18.15000 1519 38.9744
18.16000 1574 39.6737
18.17000 1512 38.8844
18.18000 1545 39.3065
18.19000 1582 39.7744
18.20000 1545 39.3065
18.21000 1580 39.7492
18.22000 1501 38.7427
18.23000 1508 38.833
18.24000 1569 39.6106
18.25000 1474 38.3927
18.26000 1571 39.6358
18.27000 1568 39.598
18.28000 1553 39.4081
18.29000 1609 40.1123
18.30000 1512 38.8844
18.31000 1578 39.724
18.32000 1630 40.3733
18.33000 1581 39.7618
18.34000 1659 40.7308
18.35000 1646 40.5709
18.36000 1677 40.9512
18.37000 1664 40.7922
18.38000 1640 40.4969
18.39000 1815 42.6028
18.40000 1800 42.4264
18.41000 1849 43
18.42000 1870 43.2435
18.43000 1941 44.0568
18.44000 2033 45.0888
18.45000 2207 46.9787
18.46000 2315 48.1144
18.47000 2384 48.8262
18.48000 2603 51.0196
18.49000 2828 53.1789
18.50000 3143 56.0625
18.51000 3391 58.2323
18.52000 3764 61.3514
18.53000 4157 64.4748
18.54000 4873 69.8069
18.55000 5391 73.4234
18.56000 5938 77.0584
18.57000 6987 83.5883
18.58000 7766 88.1249
18.59000 8688 93.2094
18.60000 9526 97.6012
18.61000 10653 103.213
18.62000 11617 107.782
18.63000 11921 109.183
18.64000 12087 109.941
18.65000 12166 110.3
18.66000 11815 108.697
18.67000 11237 106.005
18.68000 10173 100.861
18.69000 9298 96.4261
18.70000 8136 90.1998
18.71000 7036 83.8809
18.72000 5981 77.3369
18.73000 4989 70.6329
18.74000 4360 66.0303
18.75000 3980 63.0872
18.76000 3403 58.3352
18.77000 3175 56.3471
18.78000 3111 55.7763
18.79000 3123 55.8838
18.80000 3113 55.7943
18.81000 3354 57.9137
18.82000 3699 60.8194
18.83000 3910 62.53
18.84000 4233 65.0615
18.85000 4854 69.6707
18.86000 5350 73.1437
18.87000 6169 78.543
18.88000 7115 84.3505
18.89000 8260 90.8845
18.90000 9227 96.0573
18.91000 10359 101.779
18.92000 12008 109.581
18.93000 13230 115.022
18.94000 14887 122.012
18.95000 16367 127.934
18.96000 17238 131.294
18.97000 18194 134.885
18.98000 18682 136.682
18.99000 18556 136.22
19.00000 17605 132.684
19.01000 17226 131.248
19.02000 15880 126.016
19.03000 13869 117.767
19.04000 12247 110.666
19.05000 10491 102.426
19.06000 8819 93.9095
19.07000 7315 85.5278
19.08000 5962 77.214
19.09000 4995 70.6753
19.10000 4085 63.914
19.11000 3378 58.1206
19.12000 2928 54.111
19.13000 2534 50.3389
19.14000 2342 48.3942
19.15000 2120 46.0435
19.16000 1964 44.317
19.17000 1772 42.0951
19.18000 1827 42.7434
19.19000 1750 41.833
19.20000 1638 40.4722
19.21000 1712 41.3763
19.22000 1705 41.2916
19.23000 1615 40.1871
19.24000 1637 40.4599
19.25000 1645 40.5586
19.26000 1552 39.3954
19.27000 1558 39.4715
19.28000 1582 39.7744
19.29000 1619 40.2368
19.30000 1552 39.3954
19.31000 1556 39.4462
19.32000 1564 39.5474
19.33000 1581 39.7618
19.34000 1619 40.2368
19.35000 1658 40.7185
19.36000 1585 39.8121
19.37000 1611 40.1373
19.38000 1692 41.1339
19.39000 1730 41.5933
19.40000 1610 40.1248
19.41000 1706 41.3038
19.42000 1649 40.6079
19.43000 1764 42
19.44000 1722 41.497
19.45000 1788 42.2847
19.46000 1834 42.8252
19.47000 1828 42.7551
19.48000 1933 43.9659
19.49000 2055 45.3321
19.50000 2176 46.6476
19.51000 2232 47.244
19.52000 2423 49.224
19.53000 2569 50.6853
19.54000 2861 53.4883
19.55000 3189 56.4712
19.56000 3461 58.8303
19.57000 3914 62.562
19.58000 4398 66.3174
19.59000 5013 70.8025
19.60000 5510 74.2294
19.61000 6385 79.9062
19.62000 7299 85.4342
19.63000 7991 89.3924
19.64000 9196 95.8958
19.65000 10202 101.005
19.66000 11157 105.627
19.67000 12114 110.064
19.68000 12709 112.734
19.69000 13223 114.991
19.70000 13376 115.655
19.71000 12994 113.991
19.72000 12473 111.683
19.73000 11254 106.085
19.74000 10509 102.513
19.75000 9311 96.4935
19.76000 7883 88.7863
19.77000 6622 81.3757
19.78000 5676 75.3392
19.79000 4815 69.3902
19.80000 3990 63.1664
19.81000 3376 58.1034
19.82000 3038 55.1181
19.83000 2569 50.6853
19.84000 2416 49.1528
19.85000 2157 46.4435
19.86000 2149 46.3573
19.87000 2108 45.913
19.88000 2021 44.9555
19.89000 2132 46.1736
19.90000 2134 46.1952
19.91000 2135 46.2061
19.92000 2306 48.0208
19.93000 2466 49.6588
19.94000 2613 51.1175
19.95000 2680 51.7687
19.96000 2853 53.4135
19.97000 2956 54.3691
19.98000 3268 57.1664
19.99000 3406 58.3609
20.00000 3419 58.4722
20.01000 3692 60.7618
20.02000 3568 59.7327
20.03000 3451 58.7452
20.04000 3405 58.3524
20.05000 3399 58.3009
20.06000 3229 56.8243
20.07000 2947 54.2863
20.08000 2704 52
20.09000 2500 50
20.10000 2250 47.4342
20.11000 2077 45.5741
20.12000 1980 44.4972
20.13000 1771 42.0833
20.14000 1696 41.1825
20.15000 1704 41.2795
20.16000 1651 40.6325
20.17000 1629 40.3609
20.18000 1569 39.6106
20.19000 1554 39.4208
20.20000 1497 38.6911
20.21000 1578 39.724
20.22000 1573 39.6611
20.23000 1521 39
20.24000 1571 39.6358
20.25000 1521 39
20.26000 1556 39.4462
20.27000 1564 39.5474
20.28000 1576 39.6989
20.29000 1569 39.6106
20.30000 1626 40.3237
20.31000 1644 40.5463
20.32000 1675 40.9268
20.33000 1669 40.8534
20.34000 1655 40.6817
20.35000 1674 40.9145
20.36000 1723 41.509
20.37000 1682 41.0122
20.38000 1826 42.7317
20.39000 1813 42.5793
20.40000 1908 43.6807
20.41000 2012 44.8553
20.42000 1930 43.9318
20.43000 1944 44.0908
20.44000 1989 44.5982
20.45000 1982 44.5197
20.46000 1877 43.3244
20.47000 2003 44.7549
20.48000 1977 44.4635
20.49000 1989 44.5982
20.50000 1957 44.238
20.51000 1924 43.8634
20.52000 1990 44.6094
20.53000 1887 43.4396
20.54000 1940 44.0454
20.55000 1965 44.3283
20.56000 1916 43.7721
20.57000 2022 44.9667
20.58000 2030 45.0555
20.59000 2012 44.8553
20.60000 2057 45.3542
20.61000 2212 47.0319
20.62000 2273 47.676
20.63000 2163 46.5081
20.64000 2233 47.2546
20.65000 2203 46.9361
20.66000 2119 46.0326
20.67000 2080 45.607
20.68000 1998 44.699
20.69000 1966 44.3396
20.70000 1909 43.6921
20.71000 1847 42.9767
20.72000 1773 42.107
20.73000 1686 41.0609
20.74000 1693 41.1461
20.75000 1644 40.5463
20.76000 1586 39.8246
20.77000 1515 38.923
20.78000 1610 40.1248
20.79000 1550 39.37
20.80000 1478 38.4448
20.81000 1497 38.6911
20.82000 1499 38.7169
20.83000 1484 38.5227
20.84000 1487 38.5616
20.85000 1537 39.2046
20.86000 1564 39.5474
20.87000 1514 38.9102
20.88000 1484 38.5227
20.89000 1496 38.6782
20.90000 1506 38.8072
20.91000 1468 38.3145
20.92000 1514 38.9102
20.93000 1518 38.9615
20.94000 1477 38.4318
20.95000 1500 38.7298
20.96000 1529 39.1024
20.97000 1488 38.5746
20.98000 1482 38.4968
20.99000 1549 39.3573
21.00000 1534 39.1663
21.01000 1532 39.1408
21.02000 1569 39.6106
21.03000 1475 38.4057
21.04000 1441 37.9605
21.05000 1509 38.8458
21.06000 1496 38.6782
21.07000 1510 38.8587
21.08000 1556 39.4462
21.09000 1596 39.95
21.10000 1573 39.6611
21.11000 1595 39.9375
21.12000 1643 40.5339
21.13000 1551 39.3827
21.14000 1571 39.6358
21.15000 1541 39.2556
21.16000 1553 39.4081
21.17000 1565 39.5601
21.18000 1612 40.1497
21.19000 1587 39.8372
21.20000 1558 39.4715
21.21000 1585 39.8121
21.22000 1639 40.4846
21.23000 1545 39.3065
21.24000 1588 39.8497
21.25000 1661 40.7554
21.26000 1610 40.1248
21.27000 1622 40.2741
21.28000 1578 39.724
21.29000 1628 40.3485
21.30000 1654 40.6694
21.31000 1629 40.3609
21.32000 1641 40.5093
21.33000 1670 40.8656
21.34000 1639 40.4846
21.35000 1678 40.9634
21.36000 1711 41.3642
21.37000 1703 41.2674
21.38000 1851 43.0232
21.39000 1864 43.1741
21.40000 1897 43.5546
21.41000 2045 45.2217
21.42000 2152 46.3897
21.43000 2298 47.9375
21.44000 2490 49.8999
21.45000 2693 51.8941
21.46000 2930 54.1295
21.47000 3245 56.9649
21.48000 3547 59.5567
21.49000 4007 63.3009
21.50000 4486 66.9776
21.51000 5018 70.8378
21.52000 5617 74.9466
21.53000 6169 78.543
21.54000 6859 82.8191
21.55000 7432 86.209
21.56000 7843 88.5607
21.57000 8403 91.6679
21.58000 8735 93.4612
21.59000 8825 93.9415
21.60000 8859 94.1223
21.61000 8617 92.8278
21.62000 8070 89.8332
21.63000 7502 86.6141
21.64000 6828 82.6317
21.65000 6226 78.905
21.66000 5355 73.1779
21.67000 4747 68.8985
21.68000 4143 64.3661
21.69000 3535 59.4559
21.70000 3048 55.2087
21.71000 2660 51.5752
21.72000 2396 48.949
21.73000 2123 46.076
21.74000 2008 44.8107
21.75000 1923 43.852
21.76000 1817 42.6263
21.77000 1691 41.1218
21.78000 1701 41.2432
21.79000 1619 40.2368
21.80000 1654 40.6694
21.81000 1619 40.2368
21.82000 1627 40.3361
21.83000 1561 39.5095
21.84000 1593 39.9124
21.85000 1527 39.0768
21.86000 1594 39.9249
21.87000 1548 39.3446
21.88000 1508 38.833
21.89000 1553 39.4081
21.90000 1505 38.7943
21.91000 1471 38.3536
21.92000 1540 39.2428
21.93000 1472 38.3667
21.94000 1509 38.8458
21.95000 1581 39.7618
21.96000 1469 38.3275
21.97000 1491 38.6135
21.98000 1460 38.2099
21.99000 1532 39.1408
22.00000 1486 38.5487
22.01000 1526 39.064
22.02000 1526 39.064
22.03000 1452 38.1051
22.04000 1462 38.2361
22.05000 1476 38.4187
22.06000 1469 38.3275
22.07000 1430 37.8153
22.08000 1449 38.0657
22.09000 1498 38.704
22.10000 1547 39.3319
22.11000 1505 38.7943
22.12000 1433 37.855
22.13000 1467 38.3014
22.14000 1535 39.1791
22.15000 1544 39.2938
22.16000 1495 38.6652
22.17000 1439 37.9342
22.18000 1505 38.7943
22.19000 1455 38.1445
22.20000 1440 37.9473
22.21000 1447 38.0395
22.22000 1480 38.4708
22.23000 1434 37.8682
22.24000 1537 39.2046
22.25000 1486 38.5487
22.26000 1476 38.4187
22.27000 1520 38.9872
22.28000 1504 38.7814
22.29000 1510 38.8587
22.30000 1491 38.6135
22.31000 1437 37.9078
22.32000 1458 38.1838
22.33000 1461 38.223
22.34000 1434 37.8682
22.35000 1485 38.5357
22.36000 1440 37.9473
22.37000 1462 38.2361
22.38000 1455 38.1445
22.39000 1454 38.1314
22.40000 1447 38.0395
22.41000 1517 38.9487
22.42000 1524 39.0384
22.43000 1520 38.9872
22.44000 1542 39.2683
22.45000 1560 39.4968
22.46000 1571 39.6358
22.47000 1544 39.2938
22.48000 1561 39.5095
22.49000 1554 39.4208
22.50000 1569 39.6106
22.51000 1593 39.9124
22.52000 1789 42.2966
22.53000 1687 41.0731
22.54000 1734 41.6413
22.55000 1771 42.0833
22.56000 1877 43.3244
22.57000 1829 42.7668
22.58000 1933 43.9659
22.59000 1973 44.4185
22.60000 2049 45.2659
22.61000 2206 46.9681
22.62000 2315 48.1144
22.63000 2431 49.3052
22.64000 2608 51.0686
22.65000 2763 52.5642
22.66000 2924 54.074
22.67000 3066 55.3715
22.68000 3255 57.0526
22.69000 3431 58.5747
22.70000 3533 59.439
22.71000 3660 60.4979
22.72000 3643 60.3573
22.73000 3600 60
22.74000 3583 59.8582
22.75000 3417 58.4551
22.76000 3280 57.2713
22.77000 3055 55.2721
22.78000 2903 53.8795
22.79000 2708 52.0384
22.80000 2472 49.7192
22.81000 2287 47.8226
22.82000 2165 46.5296
22.83000 2037 45.1331
22.84000 1940 44.0454
22.85000 1799 42.4146
22.86000 1792 42.332
22.87000 1727 41.5572
22.88000 1656 40.694
22.89000 1603 40.0375
22.90000 1549 39.3573
22.91000 1534 39.1663
22.92000 1492 38.6264
22.93000 1547 39.3319
22.94000 1481 38.4838
22.95000 1496 38.6782
22.96000 1397 37.3765
22.97000 1467 38.3014
22.98000 1512 38.8844
22.99000 1488 38.5746
23.00000 1496 38.6782
23.01000 1378 37.1214
23.02000 1461 38.223
23.03000 1480 38.4708
23.04000 1430 37.8153
23.05000 1473 38.3797
23.06000 1434 37.8682
23.07000 1388 37.2559
23.08000 1445 38.0132
23.09000 1480 38.4708
23.10000 1445 38.0132
23.11000 1395 37.3497
23.12000 1377 37.108
23.13000 1351 36.756
23.14000 1405 37.4833
23.15000 1409 37.5366
23.16000 1434 37.8682
23.17000 1435 37.8814
23.18000 1437 37.9078
23.19000 1452 38.1051
23.20000 1352 36.7696
23.21000 1414 37.6032
23.22000 1433 37.855
23.23000 1400 37.4166
23.24000 1397 37.3765
23.25000 1415 37.6165
23.26000 1421 37.6962
23.27000 1447 38.0395
23.28000 1472 38.3667
23.29000 1402 37.4433
23.30000 1419 37.6696
23.31000 1337 36.565
23.32000 1400 37.4166
23.33000 1352 36.7696
23.34000 1386 37.229
23.35000 1403 37.4566
23.36000 1447 38.0395
23.37000 1450 38.0789
23.38000 1403 37.4566
23.39000 1353 36.7831
23.40000 1422 37.7094
23.41000 1377 37.108
23.42000 1399 37.4032
23.43000 1366 36.9594
23.44000 1370 37.0135
23.45000 1393 37.3229
23.46000 1451 38.092
23.47000 1340 36.606
23.48000 1351 36.756
23.49000 1445 38.0132
23.50000 1375 37.081
23.51000 1459 38.1969
23.52000 1408 37.5233
23.53000 1407 37.51
23.54000 1417 37.6431
23.55000 1457 38.1707
23.56000 1368 36.9865
23.57000 1328 36.4417
23.58000 1354 36.7967
23.59000 1411 37.5633
23.60000 1390 37.2827
23.61000 1366 36.9594
23.62000 1391 37.2961
23.63000 1404 37.47
23.64000 1348 36.7151
23.65000 1362 36.9053
23.66000 1441 37.9605
23.67000 1433 37.855
23.68000 1366 36.9594
23.69000 1378 37.1214
23.70000 1344 36.6606
23.71000 1340 36.606
23.72000 1384 37.2022
23.73000 1323 36.3731
23.74000 1350 36.7423
23.75000 1370 37.0135
23.76000 1336 36.5513
23.77000 1364 36.9324
23.78000 1409 37.5366
23.79000 1390 37.2827
23.80000 1392 37.3095
23.81000 1362 36.9053
23.82000 1336 36.5513
23.83000 1338 36.5787
23.84000 1412 37.5766
23.85000 1397 37.3765
23.86000 1334 36.524
23.87000 1371 37.027
23.88000 1333 36.5103
23.89000 1416 37.6298
23.90000 1372 37.0405
23.91000 1303 36.0971
23.92000 1366 36.9594
23.93000 1357 36.8375
23.94000 1328 36.4417
23.95000 1414 37.6032
23.96000 1382 37.1753
23.97000 1367 36.973
23.98000 1362 36.9053
23.99000 1369 37
24.00000 1391 37.2961
24.01000 1388 37.2559
24.02000 1305 36.1248
24.03000 1375 37.081
24.04000 1420 37.6829
24.05000 1384 37.2022
24.06000 1441 37.9605
24.07000 1438 37.921
24.08000 1399 37.4032
24.09000 1458 38.1838
24.10000 1489 38.5876
24.11000 1528 39.0896
24.12000 1490 38.6005
24.13000 1434 37.8682
24.14000 1549 39.3573
24.15000 1601 40.0125
24.16000 1562 39.5221
24.17000 1692 41.1339
24.18000 1767 42.0357
24.19000 1865 43.1856
24.20000 1895 43.5316
24.21000 1981 44.5084
24.22000 2059 45.3762
24.23000 2036 45.1221
24.24000 2150 46.3681
24.25000 2189 46.7868
24.26000 2167 46.551
24.27000 2175 46.6369
24.28000 2131 46.1628
24.29000 2150 46.3681
24.30000 2042 45.1885
24.31000 1807 42.5088
24.32000 1854 43.0581
24.33000 1799 42.4146
24.34000 1675 40.9268
24.35000 1651 40.6325
24.36000 1484 38.5227
24.37000 1485 38.5357
24.38000 1441 37.9605
24.39000 1476 38.4187
24.40000 1358 36.8511
24.41000 1348 36.7151
24.42000 1351 36.756
24.43000 1322 36.3593
24.44000 1346 36.6879
24.45000 1315 36.2629
24.46000 1268 35.609
24.47000 1332 36.4966
24.48000 1341 36.6197
24.49000 1327 36.428
24.50000 1373 37.054
24.51000 1267 35.5949
24.52000 1333 36.5103
24.53000 1272 35.6651
24.54000 1291 35.9305
24.55000 1369 37
24.56000 1279 35.7631
24.57000 1306 36.1386
24.58000 1274 35.6931
24.59000 1304 36.1109
24.60000 1292 35.9444
24.61000 1251 35.3695
24.62000 1324 36.3868
24.63000 1280 35.7771
24.64000 1230 35.0714
24.65000 1325 36.4005
24.66000 1362 36.9053
24.67000 1313 36.2353
24.68000 1321 36.3456
24.69000 1252 35.3836
24.70000 1451 38.092
24.71000 1245 35.2846
24.72000 1257 35.4542
24.73000 1311 36.2077
24.74000 1306 36.1386
24.75000 1334 36.524
24.76000 1304 36.1109
24.77000 1328 36.4417
24.78000 1355 36.8103
24.79000 1396 37.3631
24.80000 1435 37.8814
24.81000 1506 38.8072
24.82000 1477 38.4318
24.83000 1443 37.9868
24.84000 1539 39.2301
24.85000 1524 39.0384
24.86000 1741 41.7253
24.87000 1675 40.9268
24.88000 1762 41.9762
24.89000 1802 42.45
24.90000 1934 43.9773
24.91000 1990 44.6094
24.92000 2007 44.7996
24.93000 1978 44.4747
24.94000 2051 45.288
24.95000 2102 45.8476
24.96000 2057 45.3542
24.97000 2054 45.3211
24.98000 2060 45.3872
24.99000 2022 44.9667
25.00000 1908 43.6807
25.01000 1834 42.8252
25.02000 1741 41.7253
25.03000 1715 41.4126
25.04000 1631 40.3856
25.05000 1510 38.8587
25.06000 1461 38.223
25.07000 1476 38.4187
25.08000 1393 37.3229
25.09000 1379 37.1349
25.10000 1329 36.4555
25.11000 1297 36.0139
25.12000 1306 36.1386
25.13000 1335 36.5377
25.14000 1328 36.4417
25.15000 1273 35.6791
25.16000 1328 36.4417
25.17000 1283 35.819
25.18000 1260 35.4965
25.19000 1275 35.7071
25.20000 1304 36.1109
25.21000 1283 35.819
25.22000 1268 35.609
25.23000 1281 35.7911
25.24000 1419 37.6696
25.25000 1384 37.2022
25.26000 1441 37.9605
25.27000 1442 37.9737
25.28000 1419 37.6696
25.29000 1413 37.5899
25.30000 1494 38.6523
25.31000 1456 38.1576
25.32000 1514 38.9102
25.33000 1544 39.2938
25.34000 1604 40.05
25.35000 1598 39.975
25.36000 1585 39.8121
25.37000 1580 39.7492
25.38000 1607 40.0874
25.39000 1533 39.1535
25.40000 1581 39.7618
25.41000 1603 40.0375
25.42000 1577 39.7115
25.43000 1560 39.4968
25.44000 1493 38.6394
25.45000 1501 38.7427
25.46000 1506 38.8072
25.47000 1417 37.6431
25.48000 1458 38.1838
25.49000 1441 37.9605
25.50000 1437 37.9078
25.51000 1397 37.3765
25.52000 1378 37.1214
25.53000 1339 36.5923
25.54000 1347 36.7015
25.55000 1393 37.3229
25.56000 1378 37.1214
25.57000 1426 37.7624
25.58000 1548 39.3446
25.59000 1537 39.2046
25.60000 1590 39.8748
25.61000 1699 41.2189
25.62000 1852 43.0349
25.63000 1864 43.1741
25.64000 2028 45.0333
25.65000 2206 46.9681
25.66000 2414 49.1325
25.67000 2637 51.3517
25.68000 2799 52.9056
25.69000 2977 54.5619
25.70000 3315 57.576
25.71000 3567 59.7244
25.72000 3800 61.6441
25.73000 3874 62.2415
25.74000 4127 64.2417
25.75000 4251 65.1997
25.76000 4296 65.5439
25.77000 4209 64.8768
25.78000 4151 64.4283
25.79000 4022 63.4192
25.80000 3706 60.8769
25.81000 3475 58.9491
25.82000 3241 56.9298
25.83000 2871 53.5817
25.84000 2707 52.0288
25.85000 2418 49.1732
25.86000 2294 47.8957
25.87000 2041 45.1774
25.88000 1902 43.6119
25.89000 1875 43.3013
25.90000 1703 41.2674
25.91000 1633 40.4104
25.92000 1685 41.0488
25.93000 1584 39.7995
25.94000 1627 40.3361
25.95000 1606 40.0749
25.96000 1579 39.7366
25.97000 1561 39.5095
25.98000 1639 40.4846
25.99000 1635 40.4351
26.00000 1604 40.05
26.01000 1611 40.1373
26.02000 1565 39.5601
26.03000 1430 37.8153
26.04000 1481 38.4838
26.05000 1431 37.8286
26.06000 1420 37.6829
26.07000 1403 37.4566
26.08000 1355 36.8103
26.09000 1272 35.6651
26.10000 1258 35.4683
26.11000 1264 35.5528
26.12000 1223 34.9714
26.13000 1257 35.4542
26.14000 1247 35.3129
26.15000 1249 35.3412
26.16000 1197 34.5977
26.17000 1161 34.0735
26.18000 1230 35.0714
26.19000 1159 34.0441
26.20000 1200 34.641
26.21000 1238 35.1852
26.22000 1249 35.3412
26.23000 1161 34.0735
26.24000 1188 34.4674
26.25000 1197 34.5977
26.26000 1201 34.6554
26.27000 1169 34.1906
26.28000 1171 34.2199
26.29000 1194 34.5543
26.30000 1181 34.3657
26.31000 1255 35.426
26.32000 1268 35.609
26.33000 1172 34.2345
26.34000 1177 34.3074
26.35000 1209 34.7707
26.36000 1212 34.8138
26.37000 1177 34.3074
26.38000 1195 34.5688
26.39000 1153 33.9559
26.40000 1198 34.6121
26.41000 1212 34.8138
26.42000 1177 34.3074
26.43000 1209 34.7707
26.44000 1209 34.7707
26.45000 1247 35.3129
26.46000 1329 36.4555
26.47000 1253 35.3977
26.48000 1256 35.4401
26.49000 1256 35.4401
26.50000 1242 35.242
26.51000 1281 35.7911
26.52000 1425 37.7492
26.53000 1386 37.229
26.54000 1395 37.3497
26.55000 1493 38.6394
26.56000 1565 39.5601
26.57000 1586 39.8246
26.58000 1698 41.2068
26.59000 1858 43.1045
26.60000 1974 44.4297
26.61000 2128 46.1303
26.62000 2446 49.4571
26.63000 2640 51.3809
26.64000 2872 53.591
26.65000 3199 56.5597
26.66000 3614 60.1166
26.67000 4073 63.8201
26.68000 4482 66.9477
26.69000 5102 71.4283
26.70000 5525 74.3303
26.71000 5917 76.922
26.72000 6609 81.2958
26.73000 6919 83.1805
26.74000 7380 85.9069
26.75000 7675 87.6071
26.76000 7505 86.6314
26.77000 7453 86.3308
26.78000 7638 87.3957
26.79000 7468 86.4176
26.80000 7036 83.8809
26.81000 6698 81.8413
26.82000 6238 78.981
26.83000 5793 76.1118
26.84000 5673 75.3193
26.85000 5335 73.0411
26.86000 5001 70.7177
26.87000 5073 71.225
26.88000 4970 70.4982
26.89000 5283 72.6842
26.90000 5417 73.6003
26.91000 5701 75.505
26.92000 6135 78.3262
26.93000 6609 81.2958
26.94000 6965 83.4566
26.95000 7362 85.8021
26.96000 7382 85.9186
26.97000 7369 85.8429
26.98000 7507 86.6429
26.99000 7198 84.841
27.00000 6752 82.1706
27.01000 6454 80.3368
27.02000 5782 76.0395
27.03000 5017 70.8308
27.04000 4530 67.3053
27.05000 3868 62.1932
27.06000 3333 57.7321
27.07000 2928 54.111
27.08000 2414 49.1325
27.09000 2148 46.3465
27.10000 1915 43.7607
27.11000 1642 40.5216
27.12000 1525 39.0512
27.13000 1468 38.3145
27.14000 1430 37.8153
27.15000 1430 37.8153
27.16000 1300 36.0555
27.17000 1307 36.1525
27.18000 1228 35.0428
27.19000 1285 35.8469
27.20000 1266 35.5809
27.21000 1313 36.2353
27.22000 1261 35.5106
27.23000 1315 36.2629
27.24000 1297 36.0139
27.25000 1352 36.7696
27.26000 1393 37.3229
27.27000 1410 37.55
27.28000 1400 37.4166
27.29000 1495 38.6652
27.30000 1487 38.5616
27.31000 1475 38.4057
27.32000 1505 38.7943
27.33000 1546 39.3192
27.34000 1513 38.8973
27.35000 1493 38.6394
27.36000 1473 38.3797
27.37000 1433 37.855
27.38000 1445 38.0132
27.39000 1434 37.8682
27.40000 1324 36.3868
27.41000 1319 36.318
27.42000 1334 36.524
27.43000 1280 35.7771
27.44000 1311 36.2077
27.45000 1180 34.3511
27.46000 1163 34.1028
27.47000 1244 35.2704
27.48000 1184 34.4093
27.49000 1115 33.3916
27.50000 1106 33.2566
27.51000 1092 33.0454
27.52000 1162 34.0881
27.53000 1078 32.8329
27.54000 1102 33.1964
27.55000 1163 34.1028
27.56000 1101 33.1813
27.57000 1055 32.4808
27.58000 1109 33.3017
27.59000 1070 32.7109
27.60000 1098 33.1361
27.61000 1113 33.3617
27.62000 1156 34
27.63000 1067 32.665
27.64000 1102 33.1964
27.65000 1082 32.8938
27.66000 1088 32.9848
27.67000 1099 33.1512
27.68000 1117 33.4215
27.69000 1115 33.3916
27.70000 1161 34.0735
27.71000 1122 33.4963
27.72000 1032 32.1248
27.73000 1078 32.8329
27.74000 1127 33.5708
27.75000 1099 33.1512
27.76000 1095 33.0908
27.77000 1038 32.218
27.78000 1136 33.7046
27.79000 1107 33.2716
27.80000 1061 32.573
27.81000 1042 32.28
27.82000 1106 33.2566
27.83000 1056 32.4962
27.84000 1097 33.121
27.85000 1156 34
27.86000 1108 33.2866
27.87000 1105 33.2415
27.88000 1052 32.4345
27.89000 1102 33.1964
27.90000 1085 32.9393
27.91000 1085 32.9393
27.92000 1168 34.176
27.93000 1099 33.1512
27.94000 1174 34.2637
27.95000 1197 34.5977
27.96000 1178 34.322
27.97000 1214 34.8425
27.98000 1249 35.3412
27.99000 1298 36.0278
28.00000 1314 36.2491
28.01000 1392 37.3095
28.02000 1382 37.1753
28.03000 1409 37.5366
28.04000 1393 37.3229
28.05000 1454 38.1314
28.06000 1456 38.1576
28.07000 1432 37.8418
28.08000 1485 38.5357
28.09000 1522 39.0128
28.10000 1519 38.9744
28.11000 1569 39.6106
28.12000 1642 40.5216
28.13000 1578 39.724
28.14000 1633 40.4104
28.15000 1609 40.1123
28.16000 1581 39.7618
28.17000 1606 40.0749
28.18000 1585 39.8121
28.19000 1521 39
28.20000 1451 38.092
28.21000 1475 38.4057
28.22000 1501 38.7427
28.23000 1432 37.8418
28.24000 1393 37.3229
28.25000 1332 36.4966
28.26000 1289 35.9026
28.27000 1232 35.0999
28.28000 1316 36.2767
28.29000 1344 36.6606
28.30000 1209 34.7707
28.31000 1219 34.9142
28.32000 1209 34.7707
28.33000 1218 34.8999
28.34000 1257 35.4542
28.35000 1265 35.5668
28.36000 1243 35.2562
28.37000 1248 35.327
28.38000 1208 34.7563
28.39000 1199 34.6266
28.40000 1163 34.1028
28.41000 1170 34.2053
28.42000 1117 33.4215
28.43000 1155 33.9853
28.44000 1133 33.6601
28.45000 1121 33.4813
28.46000 1080 32.8634
28.47000 1135 33.6898
28.48000 1075 32.7872
28.49000 1091 33.0303
28.50000 1045 32.3265
28.51000 1049 32.3883
28.52000 1069 32.6956
28.53000 1104 33.2265
28.54000 1090 33.0151
28.55000 1009 31.7648
28.56000 1008 31.749
28.57000 981 31.3209
28.58000 1032 32.1248
28.59000 1046 32.3419
28.60000 1060 32.5576
28.61000 1034 32.1559
28.62000 1010 31.7805
28.63000 1009 31.7648
28.64000 1036 32.187
28.65000 1037 32.2025
28.66000 1059 32.5423
28.67000 998 31.5911
28.68000 1043 32.2955
28.69000 1020 31.9374
28.70000 1053 32.45
28.71000 1025 32.0156
28.72000 1008 31.749
28.73000 1016 31.8748
28.74000 1004 31.686
28.75000 1019 31.9218
28.76000 985 31.3847
28.77000 1049 32.3883
28.78000 1039 32.2335
28.79000 1026 32.0312
28.80000 1031 32.1092
28.81000 1034 32.1559
28.82000 1073 32.7567
28.83000 1117 33.4215
28.84000 1111 33.3317
28.85000 1052 32.4345
28.86000 1138 33.7343
28.87000 1095 33.0908
28.88000 1145 33.8378
28.89000 1119 33.4515
28.90000 1186 34.4384
28.91000 1143 33.8083
28.92000 1232 35.0999
28.93000 1280 35.7771
28.94000 1265 35.5668
28.95000 1280 35.7771
28.96000 1275 35.7071
28.97000 1291 35.9305
28.98000 1367 36.973
28.99000 1360 36.8782
29.00000 1342 36.6333
29.01000 1445 38.0132
29.02000 1345 36.6742
29.03000 1218 34.8999
29.04000 1255 35.426
29.05000 1259 35.4824
29.06000 1274 35.6931
29.07000 1200 34.641
29.08000 1166 34.1467
29.09000 1130 33.6155
29.10000 1107 33.2716
29.11000 1038 32.218
29.12000 1140 33.7639
29.13000 1088 32.9848
29.14000 1026 32.0312
29.15000 1059 32.5423
29.16000 1063 32.6037
29.17000 1012 31.8119
29.18000 1073 32.7567
29.19000 1078 32.8329
29.20000 1054 32.4654
29.21000 1046 32.3419
29.22000 1066 32.6497
29.23000 1079 32.8481
29.24000 1138 33.7343
29.25000 1200 34.641
29.26000 1198 34.6121
29.27000 1230 35.0714
29.28000 1209 34.7707
29.29000 1251 35.3695
29.30000 1275 35.7071
29.31000 1320 36.3318
29.32000 1409 37.5366
29.33000 1397 37.3765
29.34000 1436 37.8946
29.35000 1455 38.1445
29.36000 1442 37.9737
29.37000 1470 38.3406
29.38000 1449 38.0657
29.39000 1440 37.9473
29.40000 1447 38.0395
29.41000 1361 36.8917
29.42000 1379 37.1349
29.43000 1315 36.2629
29.44000 1254 35.4119
29.45000 1279 35.7631
29.46000 1239 35.1994
29.47000 1226 35.0143
29.48000 1123 33.5112
29.49000 1094 33.0757
29.50000 1129 33.6006
29.51000 1083 32.909
29.52000 1093 33.0606
29.53000 1038 32.218
29.54000 988 31.4325
29.55000 983 31.3528
29.56000 978 31.273
29.57000 955 30.9031
29.58000 1032 32.1248
29.59000 1021 31.9531
29.60000 994 31.5278
29.61000 1035 32.1714
29.62000 992 31.496
29.63000 977 31.257
29.64000 973 31.1929
29.65000 965 31.0644
29.66000 1001 31.6386
29.67000 985 31.3847
29.68000 1007 31.7333
29.69000 990 31.4643
29.70000 950 30.8221
29.71000 957 30.9354
29.72000 951 30.8383
29.73000 987 31.4166
29.74000 1002 31.6544
29.75000 984 31.3688
29.76000 986 31.4006
29.77000 1008 31.749
29.78000 985 31.3847
29.79000 1005 31.7017
29.80000 981 31.3209
29.81000 992 31.496
29.82000 1012 31.8119
29.83000 966 31.0805
29.84000 976 31.241
29.85000 987 31.4166
29.86000 976 31.241
29.87000 1048 32.3728
29.88000 1061 32.573
29.89000 1006 31.7175
29.90000 1016 31.8748
29.91000 1030 32.0936
29.92000 995 31.5436
29.93000 1092 33.0454
29.94000 1027 32.0468
29.95000 1020 31.9374
29.96000 1056 32.4962
29.97000 1081 32.8786
29.98000 1087 32.9697
29.99000 1036 32.187
30.00000 1104 33.2265
30.01000 1149 33.8969
30.02000 1209 34.7707
30.03000 1221 34.9428
30.04000 1272 35.6651
30.05000 1339 36.5923
30.06000 1449 38.0657
30.07000 1501 38.7427
30.08000 1499 38.7169
30.09000 1606 40.0749
30.10000 1660 40.7431
30.11000 1750 41.833
30.12000 1814 42.5911
30.13000 1895 43.5316
30.14000 2009 44.8219
30.15000 2016 44.8999
30.16000 2029 45.0444
30.17000 2017 44.911
30.18000 2057 45.3542
30.19000 1975 44.441
30.20000 1930 43.9318
30.21000 1933 43.9659
30.22000 1778 42.1663
30.23000 1740 41.7133
30.24000 1782 42.2137
30.25000 1661 40.7554
30.26000 1533 39.1535
30.27000 1489 38.5876
30.28000 1382 37.1753
30.29000 1364 36.9324
30.30000 1314 36.2491
30.31000 1290 35.9166
30.32000 1245 35.2846
30.33000 1183 34.3948
30.34000 1151 33.9264
30.35000 1150 33.9116
30.36000 1093 33.0606
30.37000 1147 33.8674
30.38000 1076 32.8024
30.39000 1118 33.4365
30.40000 1124 33.5261
30.41000 1177 34.3074
30.42000 1180 34.3511
30.43000 1188 34.4674
30.44000 1258 35.4683
30.45000 1178 34.322
30.46000 1229 35.0571
30.47000 1241 35.2278
30.48000 1244 35.2704
30.49000 1276 35.7211
30.50000 1283 35.819
30.51000 1214 34.8425
30.52000 1321 36.3456
30.53000 1215 34.8569
30.54000 1244 35.2704
30.55000 1157 34.0147
30.56000 1140 33.7639
30.57000 1138 33.7343
30.58000 1062 32.5883
30.59000 1089 33
30.60000 1000 31.6228
30.61000 1094 33.0757
30.62000 1063 32.6037
30.63000 1020 31.9374
30.64000 1098 33.1361
30.65000 999 31.607
30.66000 931 30.5123
30.67000 997 31.5753
30.68000 1001 31.6386
30.69000 919 30.315
30.70000 989 31.4484
30.71000 962 31.0161
30.72000 954 30.8869
30.73000 961 31
30.74000 915 30.249
30.75000 968 31.1127
30.76000 994 31.5278
30.77000 1037 32.2025
30.78000 1011 31.7962
30.79000 970 31.1448
30.80000 950 30.8221
30.81000 935 30.5778
30.82000 1032 32.1248
30.83000 1005 31.7017
30.84000 979 31.289
30.85000 989 31.4484
30.86000 1011 31.7962
30.87000 1043 32.2955
30.88000 1033 32.1403
30.89000 1009 31.7648
30.90000 972 31.1769
30.91000 990 31.4643
30.92000 1059 32.5423
30.93000 995 31.5436
30.94000 987 31.4166
30.95000 1066 32.6497
30.96000 996 31.5595
30.97000 988 31.4325
30.98000 968 31.1127
30.99000 984 31.3688
31.00000 968 31.1127
31.01000 995 31.5436
31.02000 995 31.5436
31.03000 917 30.282
31.04000 965 31.0644
31.05000 988 31.4325
31.06000 1033 32.1403
31.07000 981 31.3209
31.08000 969 31.1288
31.09000 967 31.0966
31.10000 932 30.5287
31.11000 982 31.3369
31.12000 998 31.5911
31.13000 1033 32.1403
31.14000 981 31.3209
31.15000 995 31.5436
31.16000 1002 31.6544
31.17000 985 31.3847
31.18000 976 31.241
31.19000 990 31.4643
31.20000 959 30.9677
31.21000 972 31.1769
31.22000 1050 32.4037
31.23000 1004 31.686
31.24000 975 31.225
31.25000 988 31.4325
31.26000 976 31.241
31.27000 1042 32.28
31.28000 956 30.9192
31.29000 958 30.9516
31.30000 967 31.0966
31.31000 946 30.7571
31.32000 1058 32.5269
31.33000 1047 32.3574
31.34000 1010 31.7805
31.35000 1018 31.9061
31.36000 1025 32.0156
31.37000 1037 32.2025
31.38000 1055 32.4808
31.39000 1057 32.5115
31.40000 1020 31.9374
31.41000 1038 32.218
31.42000 1112 33.3467
31.43000 1119 33.4515
31.44000 1127 33.5708
31.45000 1149 33.8969
31.46000 1158 34.0294
31.47000 1257 35.4542
31.48000 1251 35.3695
31.49000 1339 36.5923
31.50000 1410 37.55
31.51000 1366 36.9594
31.52000 1470 38.3406
31.53000 1467 38.3014
31.54000 1420 37.6829
31.55000 1517 38.9487
31.56000 1600 40
31.57000 1522 39.0128
31.58000 1594 39.9249
31.59000 1718 41.4488
31.60000 1639 40.4846
31.61000 1711 41.3642
31.62000 1746 41.7852
31.63000 1771 42.0833
31.64000 1857 43.0929
31.65000 1876 43.3128
31.66000 1965 44.3283
31.67000 1970 44.3847
31.68000 2131 46.1628
31.69000 2133 46.1844
31.70000 2186 46.7547
31.71000 2361 48.5901
31.72000 2544 50.4381
31.73000 2675 51.7204
31.74000 2958 54.3875
31.75000 3193 56.5066
31.76000 3627 60.2246
31.77000 3944 62.8013
31.78000 4590 67.7495
31.79000 5363 73.2325
31.80000 5967 77.2464
31.81000 7084 84.1665
31.82000 7938 89.0955
31.83000 8889 94.2815
31.84000 10099 100.494
31.85000 10835 104.091
31.86000 11782 108.545
31.87000 12670 112.561
31.88000 13117 114.529
31.89000 13760 117.303
31.90000 14121 118.832
31.91000 13548 116.396
31.92000 13446 115.957
31.93000 12820 113.225
31.94000 12040 109.727
31.95000 11210 105.877
31.96000 9880 99.3982
31.97000 8727 93.4184
31.98000 7887 88.8088
31.99000 6731 82.0427
32.00000 5624 74.9933
32.01000 4854 69.6707
32.02000 4063 63.7417
32.03000 3265 57.1402
32.04000 2878 53.647
32.05000 2474 49.7393
32.06000 2080 45.607
32.07000 1856 43.0813
32.08000 1625 40.3113
32.09000 1435 37.8814
32.10000 1394 37.3363
32.11000 1345 36.6742
32.12000 1274 35.6931
32.13000 1177 34.3074
32.14000 1178 34.322
32.15000 1162 34.0881
32.16000 1129 33.6006
32.17000 1110 33.3167
32.18000 1129 33.6006
32.19000 1087 32.9697
32.20000 1027 32.0468
32.21000 1094 33.0757
32.22000 1103 33.2114
32.23000 1089 33
32.24000 1165 34.1321
32.25000 1163 34.1028
32.26000 1166 34.1467
32.27000 1143 33.8083
32.28000 1255 35.426
32.29000 1281 35.7911
32.30000 1325 36.4005
32.31000 1339 36.5923
32.32000 1417 37.6431
32.33000 1458 38.1838
32.34000 1564 39.5474
32.35000 1638 40.4722
32.36000 1701 41.2432
32.37000 1704 41.2795
32.38000 1783 42.2256
32.39000 1856 43.0813
32.40000 1833 42.8135
32.41000 1929 43.9204
32.42000 1947 44.1248
32.43000 1831 42.7902
32.44000 1895 43.5316
32.45000 1860 43.1277
32.46000 1824 42.7083
32.47000 1766 42.0238
32.48000 1649 40.6079
32.49000 1584 39.7995
32.50000 1558 39.4715
32.51000 1494 38.6523
32.52000 1521 39
32.53000 1454 38.1314
32.54000 1356 36.8239
32.55000 1322 36.3593
32.56000 1194 34.5543
32.57000 1171 34.2199
32.58000 1149 33.8969
32.59000 1101 33.1813
32.60000 1097 33.121
32.61000 1032 32.1248
32.62000 1070 32.7109
32.63000 1016 31.8748
32.64000 1033 32.1403
32.65000 997 31.5753
32.66000 1004 31.686
32.67000 1052 32.4345
32.68000 988 31.4325
32.69000 976 31.241
32.70000 964 31.0483
32.71000 958 30.9516
32.72000 975 31.225
32.73000 940 30.6594
32.74000 1008 31.749
32.75000 1019 31.9218
32.76000 992 31.496
32.77000 1022 31.9687
32.78000 1091 33.0303
32.79000 1033 32.1403
32.80000 1139 33.7491
32.81000 1130 33.6155
32.82000 1154 33.9706
32.83000 1205 34.7131
32.84000 1329 36.4555
32.85000 1349 36.7287
32.86000 1485 38.5357
32.87000 1516 38.9358
32.88000 1607 40.0874
32.89000 1663 40.7799
32.90000 1853 43.0465
32.91000 1998 44.699
32.92000 2127 46.1194
32.93000 2251 47.4447
32.94000 2435 49.3457
32.95000 2621 51.1957
32.96000 2796 52.8772
32.97000 2897 53.8238
32.98000 3073 55.4346
32.99000 3115 55.8122
33.00000 3202 56.5862
33.01000 3319 57.6108
33.02000 3279 57.2626
33.03000 3230 56.8331
33.04000 3214 56.6922
33.05000 3132 55.9643
33.06000 3087 55.5608
33.07000 2931 54.1387
33.08000 2767 52.6023
33.09000 2551 50.5074
33.10000 2427 49.2646
33.11000 2164 46.5188
33.12000 2032 45.0777
33.13000 1782 42.2137
33.14000 1576 39.6989
33.15000 1570 39.6232
33.16000 1451 38.092
33.17000 1313 36.2353
33.18000 1281 35.7911
33.19000 1217 34.8855
33.20000 1211 34.7994
33.21000 1200 34.641
33.22000 1230 35.0714
33.23000 1175 34.2783
33.24000 1096 33.1059
33.25000 1143 33.8083
33.26000 1088 32.9848
33.27000 1130 33.6155
33.28000 1068 32.6803
33.29000 1136 33.7046
33.30000 1141 33.7787
33.31000 1131 33.6303
33.32000 1153 33.9559
33.33000 1204 34.6987
33.34000 1167 34.1614
33.35000 1159 34.0441
33.36000 1157 34.0147
33.37000 1146 33.8526
33.38000 1138 33.7343
33.39000 1197 34.5977
33.40000 1240 35.2136
33.41000 1174 34.2637
33.42000 1187 34.4529
33.43000 1211 34.7994
33.44000 1257 35.4542
33.45000 1219 34.9142
33.46000 1214 34.8425
33.47000 1242 35.242
33.48000 1242 35.242
33.49000 1309 36.1801
33.50000 1351 36.756
33.51000 1425 37.7492
33.52000 1512 38.8844
33.53000 1525 39.0512
33.54000 1584 39.7995
33.55000 1629 40.3609
33.56000 1719 41.4608
33.57000 1889 43.4626
33.58000 1951 44.1701
33.59000 2090 45.7165
33.60000 2112 45.9565
33.61000 2242 47.3498
33.62000 2337 48.3425
33.63000 2323 48.1975
33.64000 2423 49.224
33.65000 2619 51.1762
33.66000 2750 52.4404
33.67000 2877 53.6377
33.68000 3053 55.254
33.69000 3214 56.6922
33.70000 3389 58.2151
33.71000 3691 60.7536
33.72000 4240 65.1153
33.73000 4433 66.5808
33.74000 5263 72.5465
33.75000 5593 74.7864
33.76000 6240 78.9937
33.77000 6700 81.8535
33.78000 7438 86.2438
33.79000 8088 89.9333
33.80000 8411 91.7115
33.81000 8785 93.7283
33.82000 9154 95.6765
33.83000 9040 95.0789
33.84000 9066 95.2155
33.85000 8809 93.8563
33.86000 8478 92.0761
33.87000 7975 89.3029
33.88000 7363 85.8079
33.89000 6786 82.3772
33.90000 6140 78.3582
33.91000 5474 73.9865
33.92000 4693 68.5055
33.93000 4075 63.8357
33.94000 3548 59.5651
33.95000 3047 55.1996
33.96000 2573 50.7247
33.97000 2267 47.613
33.98000 2077 45.5741
33.99000 1748 41.8091
34.00000 1589 39.8623
34.01000 1500 38.7298
34.02000 1302 36.0832
34.03000 1286 35.8608
34.04000 1197 34.5977
34.05000 1179 34.3366
34.06000 1050 32.4037
34.07000 1079 32.8481
34.08000 1073 32.7567
34.09000 1060 32.5576
34.10000 1004 31.686
34.11000 1030 32.0936
34.12000 1014 31.8434
34.13000 981 31.3209
34.14000 1019 31.9218
34.15000 951 30.8383
34.16000 1011 31.7962
34.17000 1028 32.0624
34.18000 1004 31.686
34.19000 976 31.241
34.20000 994 31.5278
34.21000 1040 32.249
34.22000 1029 32.078
34.23000 1040 32.249
34.24000 1074 32.7719
34.25000 1107 33.2716
34.26000 1129 33.6006
34.27000 1209 34.7707
34.28000 1262 35.5246
34.29000 1353 36.7831
34.30000 1474 38.3927
34.31000 1540 39.2428
34.32000 1610 40.1248
34.33000 1828 42.7551
34.34000 2091 45.7275
34.35000 2298 47.9375
34.36000 2493 49.93
34.37000 2726 52.2111
34.38000 2983 54.6168
34.39000 3358 57.9483
34.40000 3450 58.7367
34.41000 3786 61.5305
34.42000 3902 62.466
34.43000 4047 63.616
34.44000 4135 64.304
34.45000 4160 64.4981
34.46000 4218 64.9461
34.47000 4092 63.9687
34.48000 3907 62.506
34.49000 3703 60.8523
34.50000 3554 59.6154
34.51000 3223 56.7715
34.52000 2995 54.7266
34.53000 2771 52.6403
34.54000 2482 49.8197
34.55000 2312 48.0833
34.56000 2071 45.5082
34.57000 1877 43.3244
34.58000 1768 42.0476
34.59000 1575 39.6863
34.60000 1523 39.0256
34.61000 1480 38.4708
34.62000 1392 37.3095
34.63000 1298 36.0278
34.64000 1219 34.9142
34.65000 1218 34.8999
34.66000 1188 34.4674
34.67000 1168 34.176
34.68000 1124 33.5261
34.69000 1123 33.5112
34.70000 1103 33.2114
34.71000 1103 33.2114
34.72000 1186 34.4384
34.73000 1114 33.3766
34.74000 1138 33.7343
34.75000 1277 35.7351
34.76000 1237 35.171
34.77000 1445 38.0132
34.78000 1493 38.6394
34.79000 1574 39.6737
34.80000 1685 41.0488
34.81000 1797 42.391
34.82000 1983 44.5309
34.83000 2173 46.6154
34.84000 2270 47.6445
34.85000 2388 48.8672
34.86000 2529 50.2892
34.87000 2705 52.0096
34.88000 2791 52.8299
34.89000 2799 52.9056
34.90000 2789 52.811
34.91000 2849 53.376
34.92000 2849 53.376
34.93000 2671 51.6817
34.94000 2610 51.0882
34.95000 2499 49.99
34.96000 2340 48.3735
34.97000 2170 46.5833
34.98000 2055 45.3321
34.99000 1924 43.8634
35.00000 1751 41.845
35.01000 1618 40.2244
35.02000 1555 39.4335
35.03000 1358 36.8511
35.04000 1348 36.7151
35.05000 1316 36.2767
35.06000 1186 34.4384
35.07000 1159 34.0441
35.08000 1080 32.8634
35.09000 1049 32.3883
35.10000 1041 32.2645
35.11000 1042 32.28
35.12000 997 31.5753
35.13000 1044 32.311
35.14000 1064 32.619
35.15000 1068 32.6803
35.16000 980 31.305
35.17000 1044 32.311
35.18000 1110 33.3167
35.19000 1136 33.7046
35.20000 1149 33.8969
35.21000 1167 34.1614
35.22000 1243 35.2562
35.23000 1244 35.2704
35.24000 1329 36.4555
35.25000 1386 37.229
35.26000 1400 37.4166
35.27000 1406 37.4967
35.28000 1530 39.1152
35.29000 1554 39.4208
35.30000 1632 40.398
35.31000 1634 40.4228
35.32000 1652 40.6448
35.33000 1680 40.9878
35.34000 1805 42.4853
35.35000 1752 41.8569
35.36000 1768 42.0476
35.37000 1797 42.391
35.38000 1888 43.4511
35.39000 1889 43.4626
35.40000 1870 43.2435
35.41000 1990 44.6094
35.42000 1974 44.4297
35.43000 2023 44.9778
35.44000 2089 45.7056
35.45000 2122 46.0652
35.46000 2267 47.613
35.47000 2312 48.0833
35.48000 2427 49.2646
35.49000 2663 51.6043
35.50000 2720 52.1536
35.51000 2798 52.8961
35.52000 2920 54.037
35.53000 3076 55.4617
35.54000 3115 55.8122
35.55000 3150 56.1249
35.56000 3102 55.6956
35.57000 3054 55.263
35.58000 3089 55.5788
35.59000 3098 55.6597
35.60000 2913 53.9722
35.61000 2835 53.2447
35.62000 2653 51.5073
35.63000 2521 50.2096
35.64000 2324 48.2079
35.65000 2141 46.2709
35.66000 1925 43.8748
35.67000 1805 42.4853
35.68000 1661 40.7554
35.69000 1650 40.6202
35.70000 1544 39.2938
35.71000 1415 37.6165
35.72000 1474 38.3927
35.73000 1364 36.9324
35.74000 1401 37.4299
35.75000 1408 37.5233
35.76000 1400 37.4166
35.77000 1463 38.2492
35.78000 1499 38.7169
35.79000 1657 40.7063
35.80000 1719 41.4608
35.81000 1803 42.4617
35.82000 1913 43.7379
35.83000 1927 43.8976
35.84000 2029 45.0444
35.85000 2209 47
35.86000 2337 48.3425
35.87000 2297 47.927
35.88000 2435 49.3457
35.89000 2437 49.366
35.90000 2446 49.4571
35.91000 2352 48.4974
35.92000 2409 49.0816
35.93000 2258 47.5184
35.94000 2223 47.1487
35.95000 2176 46.6476
35.96000 2077 45.5741
35.97000 1903 43.6234
35.98000 1867 43.2088
35.99000 1790 42.3084
36.00000 1698 41.2068
36.01000 1543 39.281
36.02000 1434 37.8682
36.03000 1356 36.8239
36.04000 1253 35.3977
36.05000 1215 34.8569
36.06000 1166 34.1467
36.07000 1161 34.0735
36.08000 1069 32.6956
36.09000 1070 32.7109
36.10000 1054 32.4654
36.11000 972 31.1769
36.12000 998 31.5911
36.13000 927 30.4467
36.14000 1014 31.8434
36.15000 991 31.4802
36.16000 973 31.1929
36.17000 924 30.3974
36.18000 935 30.5778
36.19000 904 30.0666
36.20000 922 30.3645
36.21000 981 31.3209
36.22000 1012 31.8119
36.23000 943 30.7083
36.24000 941 30.6757
36.25000 997 31.5753
36.26000 939 30.6431
36.27000 959 30.9677
36.28000 1005 31.7017
36.29000 971 31.1609
36.30000 942 30.692
36.31000 1009 31.7648
36.32000 978 31.273
36.33000 965 31.0644
36.34000 1026 32.0312
36.35000 996 31.5595
36.36000 1059 32.5423
36.37000 1051 32.4191
36.38000 1063 32.6037
36.39000 1142 33.7935
36.40000 1148 33.8821
36.41000 1244 35.2704
36.42000 1261 35.5106
36.43000 1257 35.4542
36.44000 1362 36.9053
36.45000 1402 37.4433
36.46000 1456 38.1576
36.47000 1487 38.5616
36.48000 1536 39.1918
36.49000 1641 40.5093
36.50000 1602 40.025
36.51000 1632 40.398
36.52000 1633 40.4104
36.53000 1623 40.2865
36.54000 1682 41.0122
36.55000 1622 40.2741
36.56000 1540 39.2428
36.57000 1487 38.5616
36.58000 1465 38.2753
36.59000 1477 38.4318
36.60000 1542 39.2683
36.61000 1459 38.1969
36.62000 1364 36.9324
36.63000 1239 35.1994
36.64000 1171 34.2199
36.65000 1163 34.1028
36.66000 1125 33.541
36.67000 1081 32.8786
36.68000 1123 33.5112
36.69000 1127 33.5708
36.70000 1036 32.187
36.71000 1027 32.0468
36.72000 1013 31.8277
36.73000 952 30.8545
36.74000 989 31.4484
36.75000 945 30.7409
36.76000 925 30.4138
36.77000 899 29.9833
36.78000 911 30.1828
36.79000 951 30.8383
36.80000 907 30.1164
36.81000 882 29.6985
36.82000 926 30.4302
36.83000 928 30.4631
36.84000 913 30.2159
36.85000 978 31.273
36.86000 984 31.3688
36.87000 986 31.4006
36.88000 946 30.7571
36.89000 969 31.1288
36.90000 1001 31.6386
36.91000 1047 32.3574
36.92000 1057 32.5115
36.93000 1078 32.8329
36.94000 1135 33.6898
36.95000 1163 34.1028
36.96000 1188 34.4674
36.97000 1193 34.5398
36.98000 1318 36.3043
36.99000 1364 36.9324
37.00000 1481 38.4838
37.01000 1606 40.0749
37.02000 1768 42.0476
37.03000 1873 43.2782
37.04000 2176 46.6476
37.05000 2281 47.7598
37.06000 2541 50.4083
37.07000 2821 53.1131
37.08000 3035 55.0908
37.09000 3381 58.1464
37.10000 3649 60.407
37.11000 3973 63.0317
37.12000 4288 65.4828
37.13000 4696 68.5274
37.14000 5014 70.8096
37.15000 5244 72.4155
37.16000 5393 73.437
37.17000 5565 74.5989
37.18000 5890 76.7463
37.19000 5949 77.1298
37.20000 6049 77.7753
37.21000 5901 76.818
37.22000 5889 76.7398
37.23000 5739 75.7562
37.24000 5686 75.4056
37.25000 5523 74.3169
37.26000 5225 72.2842
37.27000 5037 70.9718
37.28000 4768 69.0507
37.29000 4494 67.0373
37.30000 4243 65.1383
37.31000 3948 62.8331
37.32000 3794 61.5955
37.33000 3503 59.1861
37.34000 3274 57.2189
37.35000 3130 55.9464
37.36000 3001 54.7814
37.37000 2834 53.2353
37.38000 2731 52.259
37.39000 2550 50.4975
37.40000 2383 48.816
37.41000 2392 48.9081
37.42000 2190 46.7974
37.43000 1997 44.6878
37.44000 1885 43.4166
37.45000 1801 42.4382
37.46000 1694 41.1582
37.47000 1539 39.2301
37.48000 1466 38.2884
37.49000 1433 37.855
37.50000 1281 35.7911
37.51000 1196 34.5832
37.52000 1265 35.5668
37.53000 1195 34.5688
37.54000 1156 34
37.55000 1103 33.2114
37.56000 1023 31.9844
37.57000 1062 32.5883
37.58000 1061 32.573
37.59000 982 31.3369
37.60000 1033 32.1403
37.61000 1042 32.28
37.62000 1057 32.5115
37.63000 1023 31.9844
37.64000 1125 33.541
37.65000 1100 33.1662
37.66000 1125 33.541
37.67000 1219 34.9142
37.68000 1288 35.8887
37.69000 1302 36.0832
37.70000 1409 37.5366
37.71000 1554 39.4208
37.72000 1631 40.3856
37.73000 1699 41.2189
37.74000 1910 43.7035
37.75000 2042 45.1885
37.76000 2106 45.8912
37.77000 2206 46.9681
37.78000 2303 47.9896
37.79000 2519 50.1896
37.80000 2589 50.8822
37.81000 2673 51.7011
37.82000 2616 51.1468
37.83000 2675 51.7204
37.84000 2669 51.6624
37.85000 2658 51.5558
37.86000 2562 50.6162
37.87000 2497 49.97
37.88000 2399 48.9796
37.89000 2267 47.613
37.90000 2212 47.0319
37.91000 2031 45.0666
37.92000 1895 43.5316
37.93000 1741 41.7253
37.94000 1639 40.4846
37.95000 1568 39.598
37.96000 1408 37.5233
37.97000 1371 37.027
37.98000 1278 35.7491
37.99000 1229 35.0571
38.00000 1152 33.9411
38.01000 1152 33.9411
38.02000 1133 33.6601
38.03000 1117 33.4215
38.04000 1112 33.3467
38.05000 1108 33.2866
38.06000 1146 33.8526
38.07000 1105 33.2415
38.08000 1152 33.9411
38.09000 1200 34.641
38.10000 1255 35.426
38.11000 1337 36.565
38.12000 1431 37.8286
38.13000 1583 39.7869
38.14000 1742 41.7373
38.15000 1919 43.8064
38.16000 2110 45.9347
38.17000 2296 47.9166
38.18000 2546 50.4579
38.19000 2828 53.1789
38.20000 3165 56.2583
38.21000 3435 58.6089
38.22000 3860 62.1289
38.23000 3943 62.7933
38.24000 4475 66.8954
38.25000 4787 69.1881
38.26000 5123 71.5751
38.27000 5342 73.089
38.28000 5447 73.8038
38.29000 5669 75.2928
38.30000 5969 77.2593
38.31000 5899 76.8049
38.32000 5989 77.3886
38.33000 5810 76.2234
38.34000 5906 76.8505
38.35000 5759 75.8881
38.36000 5293 72.753
38.37000 5206 72.1526
38.38000 5130 71.624
38.39000 4843 69.5917
38.40000 4442 66.6483
38.41000 4184 64.6838
38.42000 3966 62.9762
38.43000 3692 60.7618
38.44000 3413 58.4209
38.45000 3154 56.1605
38.46000 2814 53.0471
38.47000 2660 51.5752
38.48000 2465 49.6488
38.49000 2341 48.3839
38.50000 2129 46.1411
38.51000 2047 45.2438
38.52000 1918 43.795
38.53000 1807 42.5088
38.54000 1800 42.4264
38.55000 1683 41.0244
38.56000 1741 41.7253
38.57000 1655 40.6817
38.58000 1738 41.6893
38.59000 1720 41.4729
38.60000 1713 41.3884
38.61000 1722 41.497
38.62000 1776 42.1426
38.63000 1657 40.7063
38.64000 1717 41.4367
38.65000 1756 41.9047
38.66000 1701 41.2432
38.67000 1702 41.2553
38.68000 1569 39.6106
38.69000 1579 39.7366
38.70000 1550 39.37
38.71000 1443 37.9868
38.72000 1396 37.3631
38.73000 1295 35.9861
38.74000 1257 35.4542
38.75000 1191 34.5109
38.76000 1092 33.0454
38.77000 1122 33.4963
38.78000 1104 33.2265
38.79000 1021 31.9531
38.80000 1016 31.8748
38.81000 956 30.9192
38.82000 947 30.7734
38.83000 890 29.8329
38.84000 933 30.545
38.85000 916 30.2655
38.86000 894 29.8998
38.87000 915 30.249
38.88000 859 29.3087
38.89000 879 29.6479
38.90000 947 30.7734
38.91000 969 31.1288
38.92000 963 31.0322
38.93000 932 30.5287
38.94000 1014 31.8434
38.95000 1112 33.3467
38.96000 1130 33.6155
38.97000 1117 33.4215
38.98000 1302 36.0832
38.99000 1342 36.6333
39.00000 1428 37.7889
39.01000 1488 38.5746
39.02000 1511 38.8716
39.03000 1654 40.6694
39.04000 1621 40.2616
39.05000 1671 40.8779
39.06000 1732 41.6173
39.07000 1772 42.0951
39.08000 1822 42.6849
39.09000 1820 42.6615
39.10000 1851 43.0232
39.11000 1790 42.3084
39.12000 1783 42.2256
39.13000 1768 42.0476
39.14000 1833 42.8135
39.15000 1742 41.7373
39.16000 1601 40.0125
39.17000 1559 39.4842
39.18000 1472 38.3667
39.19000 1479 38.4578
39.20000 1425 37.7492
39.21000 1398 37.3898
39.22000 1318 36.3043
39.23000 1339 36.5923
39.24000 1260 35.4965
39.25000 1249 35.3412
39.26000 1290 35.9166
39.27000 1320 36.3318
39.28000 1278 35.7491
39.29000 1347 36.7015
39.30000 1410 37.55
39.31000 1374 37.0675
39.32000 1405 37.4833
39.33000 1439 37.9342
39.34000 1464 38.2623
39.35000 1482 38.4968
39.36000 1446 38.0263
39.37000 1481 38.4838
39.38000 1442 37.9737
39.39000 1528 39.0896
39.40000 1407 37.51
39.41000 1500 38.7298
39.42000 1460 38.2099
39.43000 1461 38.223
39.44000 1406 37.4967
39.45000 1378 37.1214
39.46000 1333 36.5103
39.47000 1294 35.9722
39.48000 1277 35.7351
39.49000 1255 35.426
39.50000 1166 34.1467
39.51000 1198 34.6121
39.52000 1141 33.7787
39.53000 1114 33.3766
39.54000 1075 32.7872
39.55000 1046 32.3419
39.56000 1023 31.9844
39.57000 946 30.7571
39.58000 940 30.6594
39.59000 951 30.8383
39.60000 894 29.8998
39.61000 892 29.8664
39.62000 918 30.2985
39.63000 877 29.6142
39.64000 850 29.1548
39.65000 813 28.5132
39.66000 837 28.931
39.67000 818 28.6007
39.68000 801 28.3019
39.69000 824 28.7054
39.70000 838 28.9482
39.71000 827 28.7576
39.72000 815 28.5482
39.73000 808 28.4253
39.74000 814 28.5307
39.75000 820 28.6356
39.76000 787 28.0535
39.77000 798 28.2489
39.78000 839 28.9655
39.79000 852 29.189
39.80000 868 29.4618
39.81000 860 29.3258
39.82000 808 28.4253
39.83000 857 29.2746
39.84000 836 28.9137
39.85000 929 30.4795
39.86000 1008 31.749
39.87000 945 30.7409
39.88000 997 31.5753
39.89000 1088 32.9848
39.90000 1087 32.9697
39.91000 1138 33.7343
39.92000 1150 33.9116
39.93000 1233 35.1141
39.94000 1286 35.8608
39.95000 1344 36.6606
39.96000 1419 37.6696
39.97000 1372 37.0405
39.98000 1474 38.3927
39.99000 1486 38.5487
40.00000 1481 38.4838
40.01000 1593 39.9124
40.02000 1670 40.8656
40.03000 1617 40.2119
40.04000 1616 40.1995
40.05000 1585 39.8121
40.06000 1584 39.7995
40.07000 1521 39
40.08000 1454 38.1314
40.09000 1485 38.5357
40.10000 1419 37.6696
40.11000 1308 36.1663
40.12000 1268 35.609
40.13000 1224 34.9857
40.14000 1175 34.2783
40.15000 1126 33.5559
40.16000 1079 32.8481
40.17000 992 31.496
40.18000 931 30.5123
40.19000 1002 31.6544
40.20000 918 30.2985
40.21000 936 30.5941
40.22000 893 29.8831
40.23000 927 30.4467
40.24000 897 29.95
40.25000 918 30.2985
40.26000 881 29.6816
40.27000 876 29.5973
40.28000 903 30.05
40.29000 888 29.7993
40.30000 896 29.9333
40.31000 869 29.4788
40.32000 908 30.133
40.33000 914 30.2324
40.34000 952 30.8545
40.35000 932 30.5287
40.36000 950 30.8221
40.37000 966 31.0805
40.38000 938 30.6268
40.39000 1026 32.0312
40.40000 1044 32.311
40.41000 1065 32.6343
40.42000 1109 33.3017
40.43000 1061 32.573
40.44000 1122 33.4963
40.45000 1135 33.6898
40.46000 1253 35.3977
40.47000 1243 35.2562
40.48000 1319 36.318
40.49000 1361 36.8917
40.50000 1286 35.8608
40.51000 1306 36.1386
40.52000 1384 37.2022
40.53000 1387 37.2424
40.54000 1514 38.9102
40.55000 1584 39.7995
40.56000 1513 38.8973
40.57000 1554 39.4208
40.58000 1535 39.1791
40.59000 1601 40.0125
40.60000 1573 39.6611
40.61000 1563 39.5348
40.62000 1551 39.3827
40.63000 1493 38.6394
40.64000 1535 39.1791
40.65000 1479 38.4578
40.66000 1426 37.7624
40.67000 1446 38.0263
40.68000 1377 37.108
40.69000 1329 36.4555
40.70000 1258 35.4683
40.71000 1316 36.2767
40.72000 1223 34.9714
40.73000 1201 34.6554
40.74000 1110 33.3167
40.75000 1097 33.121
40.76000 1105 33.2415
40.77000 1124 33.5261
40.78000 1136 33.7046
40.79000 1098 33.1361
40.80000 1132 33.6452
40.81000 1092 33.0454
40.82000 1176 34.2929
40.83000 1231 35.0856
40.84000 1238 35.1852
40.85000 1277 35.7351
40.86000 1330 36.4692
40.87000 1299 36.0416
40.88000 1291 35.9305
40.89000 1342 36.6333
40.90000 1318 36.3043
40.91000 1331 36.4829
40.92000 1352 36.7696
40.93000 1319 36.318
40.94000 1387 37.2424
40.95000 1304 36.1109
40.96000 1283 35.819
40.97000 1238 35.1852
40.98000 1269 35.623
40.99000 1157 34.0147
41.00000 1158 34.0294
41.01000 1135 33.6898
41.02000 1142 33.7935
41.03000 1066 32.6497
41.04000 986 31.4006
41.05000 965 31.0644
41.06000 899 29.9833
41.07000 945 30.7409
41.08000 865 29.4109
41.09000 861 29.3428
41.10000 871 29.5127
41.11000 870 29.4958
41.12000 845 29.0689
41.13000 856 29.2575
41.14000 851 29.1719
41.15000 836 28.9137
41.16000 828 28.775
41.17000 761 27.5862
41.18000 779 27.9106
41.19000 836 28.9137
41.20000 776 27.8568
41.21000 801 28.3019
41.22000 834 28.8791
41.23000 780 27.9285
41.24000 790 28.1069
41.25000 904 30.0666
41.26000 824 28.7054
41.27000 864 29.3939
41.28000 849 29.1376
41.29000 832 28.8444
41.30000 829 28.7924
41.31000 884 29.7321
41.32000 899 29.9833
41.33000 894 29.8998
41.34000 990 31.4643
41.35000 974 31.209
41.36000 1031 32.1092
41.37000 1063 32.6037
41.38000 1186 34.4384
41.39000 1247 35.3129
41.40000 1313 36.2353
41.41000 1487 38.5616
41.42000 1567 39.5854
41.43000 1706 41.3038
41.44000 1933 43.9659
41.45000 2099 45.8148
41.46000 2327 48.239
41.47000 2484 49.8397
41.48000 2673 51.7011
41.49000 2934 54.1664
41.50000 3081 55.5068
41.51000 3450 58.7367
41.52000 3614 60.1166
41.53000 3576 59.7997
41.54000 3940 62.7694
41.55000 4028 63.4665
41.56000 4108 64.0937
41.57000 4147 64.3972
41.58000 4222 64.9769
41.59000 4365 66.0681
41.60000 4232 65.0538
41.61000 4199 64.7997
41.62000 4082 63.8905
41.63000 3866 62.1772
41.64000 3840 61.9677
41.65000 3663 60.5227
41.66000 3394 58.258
41.67000 3177 56.3649
41.68000 2938 54.2033
41.69000 2811 53.0189
41.70000 2503 50.03
41.71000 2323 48.1975
41.72000 2144 46.3033
41.73000 1973 44.4185
41.74000 1802 42.45
41.75000 1630 40.3733
41.76000 1487 38.5616
41.77000 1414 37.6032
41.78000 1319 36.318
41.79000 1239 35.1994
41.80000 1174 34.2637
41.81000 1126 33.5559
41.82000 1054 32.4654
41.83000 1011 31.7962
41.84000 976 31.241
41.85000 967 31.0966
41.86000 859 29.3087
41.87000 855 29.2404
41.88000 885 29.7489
41.89000 840 28.9828
41.90000 860 29.3258
41.91000 833 28.8617
41.92000 846 29.0861
41.93000 842 29.0172
41.94000 823 28.688
41.95000 837 28.931
41.96000 830 28.8097
41.97000 829 28.7924
41.98000 782 27.9643
41.99000 814 28.5307
42.00000 805 28.3725
42.01000 803 28.3373
42.02000 745 27.2947
42.03000 749 27.3679
42.04000 812 28.4956
42.05000 823 28.688
42.06000 807 28.4077
42.07000 796 28.2135
42.08000 790 28.1069
42.09000 757 27.5136
42.10000 781 27.9464
42.11000 807 28.4077
42.12000 746 27.313
42.13000 729 27
42.14000 802 28.3196
42.15000 755 27.4773
42.16000 796 28.2135
42.17000 765 27.6586
42.18000 790 28.1069
42.19000 722 26.8701
42.20000 760 27.5681
42.21000 780 27.9285
42.22000 793 28.1603
42.23000 757 27.5136
42.24000 760 27.5681
42.25000 790 28.1069
42.26000 724 26.9072
42.27000 774 27.8209
42.28000 771 27.7669
42.29000 827 28.7576
42.30000 791 28.1247
42.31000 821 28.6531
42.32000 816 28.5657
42.33000 788 28.0713
42.34000 836 28.9137
42.35000 879 29.6479
42.36000 861 29.3428
42.37000 896 29.9333
42.38000 950 30.8221
42.39000 1004 31.686
42.40000 1020 31.9374
42.41000 1031 32.1092
42.42000 1122 33.4963
42.43000 1068 32.6803
42.44000 1257 35.4542
42.45000 1354 36.7967
42.46000 1389 37.2693
42.47000 1384 37.2022
42.48000 1418 37.6563
42.49000 1485 38.5357
42.50000 1604 40.05
42.51000 1604 40.05
42.52000 1698 41.2068
42.53000 1673 40.9023
42.54000 1754 41.8808
42.55000 1773 42.107
42.56000 1810 42.5441
42.57000 1817 42.6263
42.58000 1805 42.4853
42.59000 1876 43.3128
42.60000 1876 43.3128
42.61000 1877 43.3244
42.62000 1861 43.1393
42.63000 1806 42.4971
42.64000 1881 43.3705
42.65000 1957 44.238
42.66000 1929 43.9204
42.67000 1955 44.2154
42.68000 1894 43.5201
42.69000 1955 44.2154
42.70000 1962 44.2945
42.71000 1865 43.1856
42.72000 1851 43.0232
42.73000 1799 42.4146
42.74000 1690 41.1096
42.75000 1788 42.2847
42.76000 1693 41.1461
42.77000 1706 41.3038
42.78000 1723 41.509
42.79000 1642 40.5216
42.80000 1593 39.9124
42.81000 1452 38.1051
42.82000 1477 38.4318
42.83000 1340 36.606
42.84000 1379 37.1349
42.85000 1317 36.2905
42.86000 1290 35.9166
42.87000 1162 34.0881
42.88000 1164 34.1174
42.89000 1105 33.2415
42.90000 1093 33.0606
42.91000 1046 32.3419
42.92000 990 31.4643
42.93000 987 31.4166
42.94000 978 31.273
42.95000 905 30.0832
42.96000 923 30.3809
42.97000 879 29.6479
42.98000 911 30.1828
42.99000 923 30.3809
43.00000 849 29.1376
43.01000 844 29.0517
43.02000 852 29.189
43.03000 856 29.2575
43.04000 808 28.4253
43.05000 880 29.6648
43.06000 851 29.1719
43.07000 859 29.3087
43.08000 879 29.6479
43.09000 870 29.4958
43.10000 822 28.6705
43.11000 837 28.931
43.12000 816 28.5657
43.13000 801 28.3019
43.14000 818 28.6007
43.15000 792 28.1425
43.16000 833 28.8617
43.17000 810 28.4605
43.18000 823 28.688
43.19000 785 28.0179
43.20000 768 27.7128
43.21000 787 28.0535
43.22000 830 28.8097
43.23000 768 27.7128
43.24000 781 27.9464
43.25000 761 27.5862
43.26000 828 28.775
43.27000 795 28.1957
43.28000 772 27.7849
43.29000 854 29.2233
43.30000 808 28.4253
43.31000 783 27.9821
43.32000 758 27.5318
43.33000 741 27.2213
43.34000 760 27.5681
43.35000 779 27.9106
43.36000 766 27.6767
43.37000 748 27.3496
43.38000 758 27.5318
43.39000 726 26.9444
43.40000 735 27.1109
43.41000 718 26.7955
43.42000 702 26.4953
43.43000 731 27.037
43.44000 733 27.074
43.45000 722 26.8701
43.46000 723 26.8887
43.47000 742 27.2397
43.48000 734 27.0924
43.49000 688 26.2298
43.50000 724 26.9072
43.51000 695 26.3629
43.52000 720 26.8328
43.53000 751 27.4044
43.54000 710 26.6458
43.55000 705 26.5518
43.56000 719 26.8142
43.57000 693 26.3249
43.58000 651 25.5147
43.59000 659 25.671
43.60000 716 26.7582
43.61000 687 26.2107
43.62000 718 26.7955
43.63000 705 26.5518
43.64000 665 25.7876
43.65000 695 26.3629
43.66000 702 26.4953
43.67000 657 25.632
43.68000 724 26.9072
43.69000 690 26.2679
43.70000 698 26.4197
43.71000 716 26.7582
43.72000 723 26.8887
43.73000 709 26.6271
43.74000 657 25.632
43.75000 684 26.1534
43.76000 741 27.2213
43.77000 720 26.8328
43.78000 719 26.8142
43.79000 754 27.4591
43.80000 736 27.1293
43.81000 753 27.4408
43.82000 768 27.7128
43.83000 729 27
43.84000 750 27.3861
43.85000 803 28.3373
43.86000 818 28.6007
43.87000 826 28.7402
43.88000 896 29.9333
43.89000 881 29.6816
43.90000 881 29.6816
43.91000 912 30.1993
43.92000 972 31.1769
43.93000 1050 32.4037
43.94000 1079 32.8481
43.95000 1119 33.4515
43.96000 1127 33.5708
43.97000 1227 35.0286
43.98000 1244 35.2704
43.99000 1279 35.7631
44.00000 1352 36.7696
44.01000 1370 37.0135
44.02000 1442 37.9737
44.03000 1510 38.8587
44.04000 1524 39.0384
44.05000 1657 40.7063
44.06000 1594 39.9249
44.07000 1784 42.2374
44.08000 1720 41.4729
44.09000 1791 42.3202
44.10000 1845 42.9535
44.11000 1816 42.6146
44.12000 1839 42.8836
44.13000 1857 43.0929
44.14000 1958 44.2493
44.15000 1968 44.3621
44.16000 1995 44.6654
44.17000 2018 44.9222
44.18000 2151 46.3789
44.19000 2221 47.1275
44.20000 2273 47.676
44.21000 2358 48.5592
44.22000 2517 50.1697
44.23000 2554 50.5371
44.24000 2636 51.342
44.25000 2707 52.0288
44.26000 2739 52.3355
44.27000 2744 52.3832
44.28000 2786 52.7826
44.29000 2845 53.3385
44.30000 2821 53.1131
44.31000 2826 53.1601
44.32000 2738 52.3259
44.33000 2727 52.2207
44.34000 2552 50.5173
44.35000 2591 50.9019
44.36000 2382 48.8057
44.37000 2221 47.1275
44.38000 2213 47.0425
44.39000 2043 45.1996
44.40000 1919 43.8064
44.41000 1894 43.5201
44.42000 1752 41.8569
44.43000 1583 39.7869
44.44000 1445 38.0132
44.45000 1390 37.2827
44.46000 1258 35.4683
44.47000 1219 34.9142
44.48000 1107 33.2716
44.49000 1039 32.2335
44.50000 951 30.8383
44.51000 913 30.2159
44.52000 857 29.2746
44.53000 899 29.9833
44.54000 813 28.5132
44.55000 824 28.7054
44.56000 742 27.2397
44.57000 724 26.9072
44.58000 749 27.3679
44.59000 726 26.9444
44.60000 741 27.2213
44.61000 695 26.3629
44.62000 718 26.7955
44.63000 703 26.5141
44.64000 685 26.1725
44.65000 645 25.3969
44.66000 727 26.9629
44.67000 671 25.9037
44.68000 706 26.5707
44.69000 667 25.8263
44.70000 674 25.9615
44.71000 681 26.096
44.72000 630 25.0998
44.73000 652 25.5343
44.74000 688 26.2298
44.75000 689 26.2488
44.76000 627 25.04
44.77000 651 25.5147
44.78000 631 25.1197
44.79000 640 25.2982
44.80000 682 26.1151
44.81000 663 25.7488
44.82000 704 26.533
44.83000 669 25.865
44.84000 654 25.5734
44.85000 711 26.6646
44.86000 650 25.4951
44.87000 660 25.6905
44.88000 656 25.6125
44.89000 646 25.4165
44.90000 642 25.3377
44.91000 688 26.2298
44.92000 692 26.3059
44.93000 677 26.0192
44.94000 627 25.04
44.95000 670 25.8844
44.96000 681 26.096
44.97000 646 25.4165
44.98000 672 25.923
44.99000 700 26.4575
45.00000 656 25.6125
45.01000 652 25.5343
45.02000 632 25.1396
45.03000 665 25.7876
45.04000 700 26.4575
45.05000 695 26.3629
45.06000 681 26.096
45.07000 689 26.2488
45.08000 692 26.3059
45.09000 704 26.533
45.10000 646 25.4165
45.11000 647 25.4362
45.12000 699 26.4386
45.13000 664 25.7682
45.14000 661 25.7099
45.15000 665 25.7876
45.16000 672 25.923
45.17000 659 25.671
45.18000 710 26.6458
45.19000 732 27.0555
45.20000 693 26.3249
45.21000 697 26.4008
45.22000 699 26.4386
45.23000 720 26.8328
45.24000 712 26.6833
45.25000 750 27.3861
45.26000 762 27.6043
45.27000 777 27.8747
45.28000 795 28.1957
45.29000 774 27.8209
45.30000 847 29.1033
45.31000 846 29.0861
45.32000 888 29.7993
45.33000 855 29.2404
45.34000 911 30.1828
45.35000 907 30.1164
45.36000 906 30.0998
45.37000 863 29.3769
45.38000 942 30.692
45.39000 935 30.5778
45.40000 909 30.1496
45.41000 933 30.545
45.42000 944 30.7246
45.43000 954 30.8869
45.44000 933 30.545
45.45000 953 30.8707
45.46000 906 30.0998
45.47000 871 29.5127
45.48000 873 29.5466
45.49000 805 28.3725
45.50000 825 28.7228
45.51000 816 28.5657
45.52000 821 28.6531
45.53000 768 27.7128
45.54000 757 27.5136
45.55000 783 27.9821
45.56000 828 28.775
45.57000 746 27.313
45.58000 773 27.8029
45.59000 792 28.1425
45.60000 742 27.2397
45.61000 742 27.2397
45.62000 727 26.9629
45.63000 777 27.8747
45.64000 767 27.6948
45.65000 762 27.6043
45.66000 787 28.0535
45.67000 837 28.931
45.68000 855 29.2404
45.69000 888 29.7993
45.70000 908 30.133
45.71000 1001 31.6386
45.72000 1084 32.9242
45.73000 1047 32.3574
45.74000 1182 34.3802
45.75000 1199 34.6266
45.76000 1234 35.1283
45.77000 1337 36.565
45.78000 1397 37.3765
45.79000 1521 39
45.80000 1601 40.0125
45.81000 1709 41.3401
45.82000 1742 41.7373
45.83000 1824 42.7083
45.84000 1850 43.0116
45.85000 1943 44.0795
45.86000 1930 43.9318
45.87000 2076 45.5631
45.88000 2024 44.9889
45.89000 2093 45.7493
45.90000 2003 44.7549
45.91000 2006 44.7884
45.92000 2061 45.3982
45.93000 1900 43.589
45.94000 1897 43.5546
45.95000 1763 41.9881
45.96000 1698 41.2068
45.97000 1638 40.4722
45.98000 1639 40.4846
45.99000 1554 39.4208
46.00000 1466 38.2884
46.01000 1439 37.9342
46.02000 1429 37.8021
46.03000 1360 36.8782
46.04000 1301 36.0694
46.05000 1268 35.609
46.06000 1283 35.819
46.07000 1240 35.2136
46.08000 1263 35.5387
46.09000 1242 35.242
46.10000 1219 34.9142
46.11000 1213 34.8281
46.12000 1227 35.0286
46.13000 1199 34.6266
46.14000 1155 33.9853
46.15000 1205 34.7131
46.16000 1032 32.1248
46.17000 1088 32.9848
46.18000 1076 32.8024
46.19000 1076 32.8024
46.20000 998 31.5911
46.21000 1015 31.8591
46.22000 1024 32
46.23000 986 31.4006
46.24000 921 30.348
46.25000 884 29.7321
46.26000 878 29.6311
46.27000 906 30.0998
46.28000 903 30.05
46.29000 898 29.9666
46.30000 928 30.4631
46.31000 887 29.7825
46.32000 882 29.6985
46.33000 914 30.2324
46.34000 912 30.1993
46.35000 951 30.8383
46.36000 963 31.0322
46.37000 955 30.9031
46.38000 1039 32.2335
46.39000 1023 31.9844
46.40000 1022 31.9687
46.41000 1219 34.9142
46.42000 1139 33.7491
46.43000 1147 33.8674
46.44000 1180 34.3511
46.45000 1240 35.2136
46.46000 1297 36.0139
46.47000 1319 36.318
46.48000 1344 36.6606
46.49000 1363 36.9188
46.50000 1356 36.8239
46.51000 1337 36.565
46.52000 1357 36.8375
46.53000 1360 36.8782
46.54000 1303 36.0971
46.55000 1374 37.0675
46.56000 1293 35.9583
46.57000 1222 34.9571
46.58000 1244 35.2704
46.59000 1233 35.1141
46.60000 1246 35.2987
46.61000 1173 34.2491
46.62000 1138 33.7343
46.63000 1094 33.0757
46.64000 1060 32.5576
46.65000 1049 32.3883
46.66000 1009 31.7648
46.67000 991 31.4802
46.68000 939 30.6431
46.69000 915 30.249
46.70000 851 29.1719
46.71000 838 28.9482
46.72000 857 29.2746
46.73000 806 28.3901
46.74000 794 28.178
46.75000 785 28.0179
46.76000 795 28.1957
46.77000 808 28.4253
46.78000 748 27.3496
46.79000 792 28.1425
46.80000 781 27.9464
46.81000 808 28.4253
46.82000 836 28.9137
46.83000 759 27.55
46.84000 854 29.2233
46.85000 854 29.2233
46.86000 871 29.5127
46.87000 877 29.6142
46.88000 959 30.9677
46.89000 926 30.4302
46.90000 961 31
46.91000 989 31.4484
46.92000 1077 32.8177
46.93000 1061 32.573
46.94000 1216 34.8712
46.95000 1187 34.4529
46.96000 1234 35.1283
46.97000 1274 35.6931
46.98000 1306 36.1386
46.99000 1348 36.7151
47.00000 1351 36.756
47.01000 1455 38.1445
47.02000 1437 37.9078
47.03000 1450 38.0789
47.04000 1493 38.6394
47.05000 1500 38.7298
47.06000 1544 39.2938
47.07000 1544 39.2938
47.08000 1507 38.8201
47.09000 1543 39.281
47.10000 1445 38.0132
47.11000 1418 37.6563
47.12000 1362 36.9053
47.13000 1400 37.4166
47.14000 1314 36.2491
47.15000 1361 36.8917
47.16000 1298 36.0278
47.17000 1241 35.2278
47.18000 1203 34.6843
47.19000 1214 34.8425
47.20000 1198 34.6121
47.21000 1153 33.9559
47.22000 1115 33.3916
47.23000 1131 33.6303
47.24000 1074 32.7719
47.25000 1079 32.8481
47.26000 1003 31.6702
47.27000 976 31.241
47.28000 967 31.0966
47.29000 924 30.3974
47.30000 889 29.8161
47.31000 912 30.1993
47.32000 918 30.2985
47.33000 860 29.3258
47.34000 910 30.1662
47.35000 861 29.3428
47.36000 814 28.5307
47.37000 842 29.0172
47.38000 820 28.6356
47.39000 828 28.775
47.40000 838 28.9482
47.41000 815 28.5482
47.42000 773 27.8029
47.43000 716 26.7582
47.44000 730 27.0185
47.45000 762 27.6043
47.46000 744 27.2764
47.47000 786 28.0357
47.48000 723 26.8887
47.49000 712 26.6833
47.50000 702 26.4953
47.51000 719 26.8142
47.52000 766 27.6767
47.53000 757 27.5136
47.54000 784 28
47.55000 695 26.3629
47.56000 707 26.5895
47.57000 656 25.6125
47.58000 712 26.6833
47.59000 698 26.4197
47.60000 686 26.1916
47.61000 684 26.1534
47.62000 663 25.7488
47.63000 683 26.1343
47.64000 714 26.7208
47.65000 695 26.3629
47.66000 662 25.7294
47.67000 686 26.1916
47.68000 755 27.4773
47.69000 802 28.3196
47.70000 774 27.8209
47.71000 792 28.1425
47.72000 794 28.178
47.73000 853 29.2062
47.74000 846 29.0861
47.75000 890 29.8329
47.76000 934 30.5614
47.77000 928 30.4631
47.78000 1039 32.2335
47.79000 1076 32.8024
47.80000 1104 33.2265
47.81000 1128 33.5857
47.82000 1236 35.1568
47.83000 1249 35.3412
47.84000 1263 35.5387
47.85000 1325 36.4005
47.86000 1335 36.5377
47.87000 1428 37.7889
47.88000 1459 38.1969
47.89000 1478 38.4448
47.90000 1513 38.8973
47.91000 1491 38.6135
47.92000 1515 38.923
47.93000 1446 38.0263
47.94000 1490 38.6005
47.95000 1556 39.4462
47.96000 1438 37.921
47.97000 1489 38.5876
47.98000 1386 37.229
47.99000 1437 37.9078
48.00000 1465 38.2753
48.01000 1383 37.1887
48.02000 1363 36.9188
48.03000 1303 36.0971
48.04000 1357 36.8375
48.05000 1313 36.2353
48.06000 1291 35.9305
48.07000 1292 35.9444
48.08000 1314 36.2491
48.09000 1256 35.4401
48.10000 1225 35
48.11000 1218 34.8999
48.12000 1313 36.2353
48.13000 1210 34.7851
48.14000 1336 36.5513
48.15000 1248 35.327
48.16000 1155 33.9853
48.17000 1184 34.4093
48.18000 1163 34.1028
48.19000 1168 34.176
48.20000 1125 33.541
48.21000 1128 33.5857
48.22000 1030 32.0936
48.23000 964 31.0483
48.24000 953 30.8707
48.25000 919 30.315
48.26000 889 29.8161
48.27000 883 29.7153
48.28000 869 29.4788
48.29000 876 29.5973
48.30000 827 28.7576
48.31000 798 28.2489
48.32000 778 27.8927
48.33000 773 27.8029
48.34000 725 26.9258
48.35000 704 26.533
48.36000 722 26.8701
48.37000 715 26.7395
48.38000 703 26.5141
48.39000 661 25.7099
48.40000 685 26.1725
48.41000 705 26.5518
48.42000 679 26.0576
48.43000 644 25.3772
48.44000 656 25.6125
48.45000 679 26.0576
48.46000 592 24.3311
48.47000 676 26
48.48000 660 25.6905
48.49000 623 24.96
48.50000 625 25
48.51000 614 24.779
48.52000 684 26.1534
48.53000 646 25.4165
48.54000 675 25.9808
48.55000 634 25.1794
48.56000 626 25.02
48.57000 632 25.1396
48.58000 656 25.6125
48.59000 670 25.8844
48.60000 659 25.671
48.61000 676 26
48.62000 640 25.2982
48.63000 649 25.4755
48.64000 677 26.0192
48.65000 667 25.8263
48.66000 677 26.0192
48.67000 693 26.3249
48.68000 678 26.0384
48.69000 679 26.0576
48.70000 713 26.7021
48.71000 686 26.1916
48.72000 665 25.7876
48.73000 680 26.0768
48.74000 698 26.4197
48.75000 701 26.4764
48.76000 726 26.9444
48.77000 712 26.6833
48.78000 706 26.5707
48.79000 682 26.1151
48.80000 633 25.1595
48.81000 635 25.1992
48.82000 662 25.7294
48.83000 647 25.4362
48.84000 647 25.4362
48.85000 607 24.6374
48.86000 623 24.96
48.87000 674 25.9615
48.88000 599 24.4745
48.89000 617 24.8395
48.90000 642 25.3377
48.91000 594 24.3721
48.92000 623 24.96
48.93000 578 24.0416
48.94000 649 25.4755
48.95000 601 24.5153
48.96000 604 24.5764
48.97000 616 24.8193
48.98000 604 24.5764
48.99000 666 25.807
49.00000 576 24
49.01000 637 25.2389
49.02000 646 25.4165
49.03000 615 24.7992
49.04000 632 25.1396
49.05000 688 26.2298
49.06000 672 25.923
49.07000 653 25.5539
49.08000 639 25.2784
49.09000 678 26.0384
49.10000 658 25.6515
49.11000 713 26.7021
49.12000 723 26.8887
49.13000 750 27.3861
49.14000 760 27.5681
49.15000 798 28.2489
49.16000 824 28.7054
49.17000 865 29.4109
49.18000 868 29.4618
49.19000 916 30.2655
49.20000 966 31.0805
49.21000 974 31.209
49.22000 1108 33.2866
49.23000 1103 33.2114
49.24000 1182 34.3802
49.25000 1254 35.4119
49.26000 1364 36.9324
49.27000 1430 37.8153
49.28000 1527 39.0768
49.29000 1650 40.6202
49.30000 1830 42.7785
49.31000 1828 42.7551
49.32000 1969 44.3734
49.33000 2102 45.8476
49.34000 2286 47.8121
49.35000 2438 49.3761
49.36000 2536 50.3587
49.37000 2598 50.9706
49.38000 2735 52.2972
49.39000 2753 52.469
49.40000 2878 53.647
49.41000 3113 55.7943
49.42000 3013 54.8908
49.43000 2939 54.2125
49.44000 2946 54.2771
49.45000 3106 55.7315
49.46000 3143 56.0625
49.47000 2924 54.074
49.48000 2964 54.4426
49.49000 2911 53.9537
49.50000 2792 52.8394
49.51000 2727 52.2207
49.52000 2480 49.7996
49.53000 2209 47
49.54000 2174 46.6262
49.55000 2052 45.299
49.56000 1848 42.9884
49.57000 1799 42.4146
49.58000 1617 40.2119
49.59000 1476 38.4187
49.60000 1462 38.2361
49.61000 1351 36.756
49.62000 1221 34.9428
49.63000 1097 33.121
49.64000 1112 33.3467
49.65000 1022 31.9687
49.66000 976 31.241
49.67000 929 30.4795
49.68000 947 30.7734
49.69000 901 30.0167
49.70000 861 29.3428
49.71000 833 28.8617
49.72000 863 29.3769
49.73000 807 28.4077
49.74000 826 28.7402
49.75000 815 28.5482
49.76000 832 28.8444
49.77000 775 27.8388
49.78000 812 28.4956
49.79000 785 28.0179
49.80000 817 28.5832
49.81000 813 28.5132
49.82000 780 27.9285
49.83000 802 28.3196
49.84000 816 28.5657
49.85000 828 28.775
49.86000 840 28.9828
49.87000 831 28.8271
49.88000 864 29.3939
49.89000 858 29.2916
49.90000 841 29
49.91000 822 28.6705
49.92000 870 29.4958
49.93000 849 29.1376
49.94000 873 29.5466
49.95000 900 30
49.96000 869 29.4788
49.97000 832 28.8444
49.98000 858 29.2916
49.99000 832 28.8444
50.00000 901 30.0167
50.01000 937 30.6105
50.02000 916 30.2655
50.03000 868 29.4618
50.04000 972 31.1769
50.05000 956 30.9192
50.06000 940 30.6594
50.07000 965 31.0644
50.08000 996 31.5595
50.09000 1024 32
50.10000 1030 32.0936
50.11000 1038 32.218
50.12000 1148 33.8821
50.13000 1157 34.0147
50.14000 1201 34.6554
50.15000 1153 33.9559
50.16000 1280 35.7771
50.17000 1215 34.8569
50.18000 1211 34.7994
50.19000 1313 36.2353
50.20000 1330 36.4692
50.21000 1363 36.9188
50.22000 1354 36.7967
50.23000 1343 36.647
50.24000 1388 37.2559
50.25000 1382 37.1753
50.26000 1304 36.1109
50.27000 1329 36.4555
50.28000 1289 35.9026
50.29000 1272 35.6651
50.30000 1249 35.3412
50.31000 1224 34.9857
50.32000 1206 34.7275
50.33000 1154 33.9706
50.34000 1108 33.2866
50.35000 1116 33.4066
50.36000 1051 32.4191
50.37000 963 31.0322
50.38000 972 31.1769
50.39000 958 30.9516
50.40000 921 30.348
50.41000 886 29.7658
50.42000 887 29.7825
50.43000 833 28.8617
50.44000 778 27.8927
50.45000 823 28.688
50.46000 776 27.8568
50.47000 776 27.8568
50.48000 743 27.258
50.49000 733 27.074
50.50000 730 27.0185
50.51000 710 26.6458
50.52000 693 26.3249
50.53000 646 25.4165
50.54000 725 26.9258
50.55000 679 26.0576
50.56000 656 25.6125
50.57000 638 25.2587
50.58000 657 25.632
50.59000 706 26.5707
50.60000 639 25.2784
50.61000 647 25.4362
50.62000 688 26.2298
50.63000 655 25.593
50.64000 660 25.6905
50.65000 646 25.4165
50.66000 651 25.5147
50.67000 675 25.9808
50.68000 642 25.3377
50.69000 643 25.3574
50.70000 636 25.219
50.71000 606 24.6171
50.72000 616 24.8193
50.73000 625 25
50.74000 605 24.5967
50.75000 606 24.6171
50.76000 633 25.1595
50.77000 652 25.5343
50.78000 628 25.0599
50.79000 702 26.4953
50.80000 708 26.6083
50.81000 723 26.8887
50.82000 727 26.9629
50.83000 650 25.4951
50.84000 783 27.9821
50.85000 798 28.2489
50.86000 835 28.8964
50.87000 834 28.8791
50.88000 897 29.95
50.89000 849 29.1376
50.90000 920 30.3315
50.91000 908 30.133
50.92000 946 30.7571
50.93000 1002 31.6544
50.94000 1000 31.6228
50.95000 997 31.5753
50.96000 1010 31.7805
50.97000 1006 31.7175
50.98000 1006 31.7175
50.99000 1038 32.218
51.00000 943 30.7083
51.01000 1041 32.2645
51.02000 1028 32.0624
51.03000 926 30.4302
51.04000 980 31.305
51.05000 976 31.241
51.06000 1001 31.6386
51.07000 996 31.5595
51.08000 924 30.3974
51.09000 908 30.133
51.10000 878 29.6311
51.11000 908 30.133
51.12000 891 29.8496
51.13000 912 30.1993
51.14000 876 29.5973
51.15000 880 29.6648
51.16000 913 30.2159
51.17000 833 28.8617
51.18000 884 29.7321
51.19000 821 28.6531
51.20000 797 28.2312
51.21000 851 29.1719
51.22000 843 29.0345
51.23000 810 28.4605
51.24000 833 28.8617
51.25000 846 29.0861
51.26000 832 28.8444
51.27000 838 28.9482
51.28000 813 28.5132
51.29000 746 27.313
51.30000 757 27.5136
51.31000 753 27.4408
51.32000 705 26.5518
51.33000 795 28.1957
51.34000 705 26.5518
51.35000 756 27.4955
51.36000 698 26.4197
51.37000 661 25.7099
51.38000 698 26.4197
51.39000 685 26.1725
51.40000 675 25.9808
51.41000 674 25.9615
51.42000 710 26.6458
51.43000 705 26.5518
51.44000 726 26.9444
51.45000 690 26.2679
51.46000 743 27.258
51.47000 752 27.4226
51.48000 765 27.6586
51.49000 769 27.7308
51.50000 789 28.0891
51.51000 755 27.4773
51.52000 841 29
51.53000 829 28.7924
51.54000 824 28.7054
51.55000 876 29.5973
51.56000 870 29.4958
51.57000 898 29.9666
51.58000 883 29.7153
51.59000 870 29.4958
51.60000 884 29.7321
51.61000 873 29.5466
51.62000 925 30.4138
51.63000 905 30.0832
51.64000 887 29.7825
51.65000 898 29.9666
51.66000 884 29.7321
51.67000 794 28.178
51.68000 831 28.8271
51.69000 854 29.2233
51.70000 763 27.6225
51.71000 774 27.8209
51.72000 776 27.8568
51.73000 742 27.2397
51.74000 722 26.8701
51.75000 729 27
51.76000 719 26.8142
51.77000 702 26.4953
51.78000 719 26.8142
51.79000 628 25.0599
51.80000 627 25.04
51.81000 637 25.2389
51.82000 705 26.5518
51.83000 661 25.7099
51.84000 673 25.9422
51.85000 593 24.3516
51.86000 614 24.779
51.87000 651 25.5147
51.88000 611 24.7184
51.89000 634 25.1794
51.90000 595 24.3926
51.91000 602 24.5357
51.92000 620 24.8998
51.93000 609 24.6779
51.94000 602 24.5357
51.95000 634 25.1794
51.96000 628 25.0599
51.97000 612 24.7386
51.98000 613 24.7588
51.99000 636 25.219
52.00000 611 24.7184
52.01000 636 25.219
52.02000 618 24.8596
52.03000 668 25.8457
52.04000 651 25.5147
52.05000 636 25.219
52.06000 661 25.7099
52.07000 718 26.7955
52.08000 706 26.5707
52.09000 693 26.3249
52.10000 788 28.0713
52.11000 706 26.5707
52.12000 760 27.5681
52.13000 732 27.0555
52.14000 811 28.4781
52.15000 801 28.3019
52.16000 811 28.4781
52.17000 817 28.5832
52.18000 870 29.4958
52.19000 860 29.3258
52.20000 932 30.5287
52.21000 888 29.7993
52.22000 915 30.249
52.23000 1000 31.6228
52.24000 967 31.0966
52.25000 1028 32.0624
52.26000 1049 32.3883
52.27000 982 31.3369
52.28000 999 31.607
52.29000 1022 31.9687
52.30000 1032 32.1248
52.31000 1003 31.6702
52.32000 1079 32.8481
52.33000 983 31.3528
52.34000 1005 31.7017
52.35000 983 31.3528
52.36000 943 30.7083
52.37000 930 30.4959
52.38000 910 30.1662
52.39000 941 30.6757
52.40000 867 29.4449
52.41000 902 30.0333
52.42000 859 29.3087
52.43000 844 29.0517
52.44000 814 28.5307
52.45000 811 28.4781
52.46000 793 28.1603
52.47000 793 28.1603
52.48000 747 27.3313
52.49000 696 26.3818
52.50000 727 26.9629
52.51000 707 26.5895
52.52000 761 27.5862
52.53000 664 25.7682
52.54000 643 25.3574
52.55000 636 25.219
52.56000 599 24.4745
52.57000 577 24.0208
52.58000 613 24.7588
52.59000 607 24.6374
52.60000 592 24.3311
52.61000 596 24.4131
52.62000 580 24.0832
52.63000 561 23.6854
52.64000 531 23.0434
52.65000 573 23.9374
52.66000 575 23.9792
52.67000 564 23.7487
52.68000 601 24.5153
52.69000 566 23.7908
52.70000 577 24.0208
52.71000 573 23.9374
52.72000 599 24.4745
52.73000 547 23.388
52.74000 632 25.1396
52.75000 595 24.3926
52.76000 577 24.0208
52.77000 599 24.4745
52.78000 627 25.04
52.79000 612 24.7386
52.80000 621 24.9199
52.81000 646 25.4165
52.82000 640 25.2982
52.83000 593 24.3516
52.84000 659 25.671
52.85000 620 24.8998
52.86000 652 25.5343
52.87000 701 26.4764
52.88000 644 25.3772
52.89000 704 26.533
52.90000 734 27.0924
52.91000 727 26.9629
52.92000 682 26.1151
52.93000 704 26.533
52.94000 684 26.1534
52.95000 696 26.3818
52.96000 724 26.9072
52.97000 774 27.8209
52.98000 730 27.0185
52.99000 742 27.2397
53.00000 750 27.3861
53.01000 754 27.4591
53.02000 794 28.178
53.03000 743 27.258
53.04000 749 27.3679
53.05000 710 26.6458
53.06000 735 27.1109
53.07000 687 26.2107
53.08000 661 25.7099
53.09000 693 26.3249
53.10000 686 26.1916
53.11000 651 25.5147
53.12000 655 25.593
53.13000 634 25.1794
53.14000 621 24.9199
53.15000 613 24.7588
53.16000 609 24.6779
53.17000 636 25.219
53.18000 660 25.6905
53.19000 604 24.5764
53.20000 602 24.5357
53.21000 627 25.04
53.22000 620 24.8998
53.23000 586 24.2074
53.24000 604 24.5764
53.25000 601 24.5153
53.26000 628 25.0599
53.27000 627 25.04
53.28000 630 25.0998
53.29000 642 25.3377
53.30000 669 25.865
53.31000 624 24.98
53.32000 648 25.4558
53.33000 639 25.2784
53.34000 660 25.6905
53.35000 678 26.0384
53.36000 708 26.6083
53.37000 719 26.8142
53.38000 745 27.2947
53.39000 706 26.5707
53.40000 759 27.55
53.41000 731 27.037
53.42000 780 27.9285
53.43000 759 27.55
53.44000 729 27
53.45000 737 27.1477
53.46000 790 28.1069
53.47000 803 28.3373
53.48000 803 28.3373
53.49000 785 28.0179
53.50000 803 28.3373
53.51000 776 27.8568
53.52000 822 28.6705
53.53000 758 27.5318
53.54000 778 27.8927
53.55000 763 27.6225
53.56000 720 26.8328
53.57000 709 26.6271
53.58000 705 26.5518
53.59000 726 26.9444
53.60000 665 25.7876
53.61000 661 25.7099
53.62000 648 25.4558
53.63000 607 24.6374
53.64000 607 24.6374
53.65000 628 25.0599
53.66000 647 25.4362
53.67000 658 25.6515
53.68000 667 25.8263
53.69000 587 24.2281
53.70000 627 25.04
53.71000 617 24.8395
53.72000 594 24.3721
53.73000 588 24.2487
53.74000 625 25
53.75000 577 24.0208
53.76000 562 23.7065
53.77000 528 22.9783
53.78000 589 24.2693
53.79000 567 23.8118
53.80000 539 23.2164
53.81000 567 23.8118
53.82000 572 23.9165
53.83000 564 23.7487
53.84000 567 23.8118
53.85000 577 24.0208
53.86000 591 24.3105
53.87000 621 24.9199
53.88000 580 24.0832
53.89000 581 24.1039
53.90000 579 24.0624
53.91000 525 22.9129
53.92000 549 23.4307
53.93000 544 23.3238
53.94000 522 22.8473
53.95000 582 24.1247
53.96000 567 23.8118
53.97000 520 22.8035
53.98000 553 23.516
53.99000 534 23.1084
54.00000 523 22.8692
54.01000 505 22.4722
54.02000 546 23.3666
54.03000 511 22.6053
54.04000 531 23.0434
54.05000 506 22.4944
54.06000 486 22.0454
54.07000 506 22.4944
54.08000 542 23.2809
54.09000 486 22.0454
54.10000 502 22.4054
54.11000 507 22.5167
54.12000 543 23.3024
54.13000 534 23.1084
54.14000 522 22.8473
54.15000 528 22.9783
54.16000 509 22.561
54.17000 469 21.6564
54.18000 515 22.6936
54.19000 541 23.2594
54.20000 473 21.7486
54.21000 523 22.8692
54.22000 532 23.0651
54.23000 503 22.4277
54.24000 501 22.383
54.25000 513 22.6495
54.26000 524 22.891
54.27000 528 22.9783
54.28000 489 22.1133
54.29000 519 22.7816
54.30000 541 23.2594
54.31000 542 23.2809
54.32000 567 23.8118
54.33000 535 23.1301
54.34000 576 24
54.35000 544 23.3238
54.36000 562 23.7065
54.37000 571 23.8956
54.38000 568 23.8328
54.39000 582 24.1247
54.40000 587 24.2281
54.41000 595 24.3926
54.42000 615 24.7992
54.43000 636 25.219
54.44000 607 24.6374
54.45000 627 25.04
54.46000 593 24.3516
54.47000 592 24.3311
54.48000 577 24.0208
54.49000 562 23.7065
54.50000 600 24.4949
54.51000 589 24.2693
54.52000 577 24.0208
54.53000 552 23.4947
54.54000 592 24.3311
54.55000 590 24.2899
54.56000 570 23.8747
54.57000 564 23.7487
54.58000 599 24.4745
54.59000 556 23.5797
54.60000 565 23.7697
54.61000 585 24.1868
54.62000 571 23.8956
54.63000 573 23.9374
54.64000 569 23.8537
54.65000 551 23.4734
54.66000 551 23.4734
54.67000 548 23.4094
54.68000 531 23.0434
54.69000 525 22.9129
54.70000 564 23.7487
54.71000 566 23.7908
54.72000 513 22.6495
54.73000 517 22.7376
54.74000 587 24.2281
54.75000 526 22.9347
54.76000 515 22.6936
54.77000 548 23.4094
54.78000 585 24.1868
54.79000 573 23.9374
54.80000 555 23.5584
54.81000 562 23.7065
54.82000 560 23.6643
54.83000 601 24.5153
54.84000 598 24.454
54.85000 604 24.5764
54.86000 621 24.9199
54.87000 606 24.6171
54.88000 574 23.9583
54.89000 624 24.98
54.90000 662 25.7294
54.91000 673 25.9422
54.92000 709 26.6271
54.93000 678 26.0384
54.94000 687 26.2107
54.95000 682 26.1151
54.96000 740 27.2029
54.97000 840 28.9828
54.98000 794 28.178
54.99000 879 29.6479
55.00000 851 29.1719
55.01000 909 30.1496
55.02000 929 30.4795
55.03000 1001 31.6386
55.04000 991 31.4802
55.05000 1039 32.2335
55.06000 1014 31.8434
55.07000 1112 33.3467
55.08000 1089 33
55.09000 1111 33.3317
55.10000 1105 33.2415
55.11000 1090 33.0151
55.12000 1170 34.2053
55.13000 1201 34.6554
55.14000 1150 33.9116
55.15000 1182 34.3802
55.16000 1138 33.7343
55.17000 1132 33.6452
55.18000 1150 33.9116
55.19000 1132 33.6452
55.20000 1072 32.7414
55.21000 1080 32.8634
55.22000 1045 32.3265
55.23000 1004 31.686
55.24000 995 31.5436
55.25000 984 31.3688
55.26000 922 30.3645
55.27000 854 29.2233
55.28000 825 28.7228
55.29000 872 29.5296
55.30000 800 28.2843
55.31000 778 27.8927
55.32000 790 28.1069
55.33000 733 27.074
55.34000 705 26.5518
55.35000 698 26.4197
55.36000 664 25.7682
55.37000 668 25.8457
55.38000 697 26.4008
55.39000 695 26.3629
55.40000 698 26.4197
55.41000 674 25.9615
55.42000 670 25.8844
55.43000 682 26.1151
55.44000 685 26.1725
55.45000 686 26.1916
55.46000 683 26.1343
55.47000 664 25.7682
55.48000 738 27.1662
55.49000 736 27.1293
55.50000 702 26.4953
55.51000 780 27.9285
55.52000 802 28.3196
55.53000 781 27.9464
55.54000 805 28.3725
55.55000 782 27.9643
55.56000 823 28.688
55.57000 801 28.3019
55.58000 772 27.7849
55.59000 821 28.6531
55.60000 812 28.4956
55.61000 861 29.3428
55.62000 866 29.4279
55.63000 777 27.8747
55.64000 863 29.3769
55.65000 827 28.7576
55.66000 871 29.5127
55.67000 852 29.189
55.68000 810 28.4605
55.69000 797 28.2312
55.70000 774 27.8209
55.71000 778 27.8927
55.72000 763 27.6225
55.73000 751 27.4044
55.74000 778 27.8927
55.75000 742 27.2397
55.76000 762 27.6043
55.77000 704 26.533
55.78000 731 27.037
55.79000 768 27.7128
55.80000 784 28
55.81000 722 26.8701
55.82000 731 27.037
55.83000 703 26.5141
55.84000 730 27.0185
55.85000 728 26.9815
55.86000 692 26.3059
55.87000 745 27.2947
55.88000 751 27.4044
55.89000 762 27.6043
55.90000 750 27.3861
55.91000 759 27.55
55.92000 713 26.7021
55.93000 737 27.1477
55.94000 718 26.7955
55.95000 704 26.533
55.96000 719 26.8142
55.97000 711 26.6646
55.98000 729 27
55.99000 709 26.6271
56.00000 727 26.9629
56.01000 687 26.2107
56.02000 727 26.9629
56.03000 648 25.4558
56.04000 732 27.0555
56.05000 732 27.0555
56.06000 673 25.9422
56.07000 701 26.4764
56.08000 671 25.9037
56.09000 672 25.923
56.10000 688 26.2298
56.11000 645 25.3969
56.12000 657 25.632
56.13000 659 25.671
56.14000 688 26.2298
56.15000 699 26.4386
56.16000 692 26.3059
56.17000 704 26.533
56.18000 709 26.6271
56.19000 691 26.2869
56.20000 703 26.5141
56.21000 747 27.3313
56.22000 800 28.2843
56.23000 752 27.4226
56.24000 752 27.4226
56.25000 811 28.4781
56.26000 828 28.775
56.27000 855 29.2404
56.28000 849 29.1376
56.29000 876 29.5973
56.30000 844 29.0517
56.31000 831 28.8271
56.32000 836 28.9137
56.33000 829 28.7924
56.34000 809 28.4429
56.35000 847 29.1033
56.36000 820 28.6356
56.37000 849 29.1376
56.38000 807 28.4077
56.39000 838 28.9482
56.40000 800 28.2843
56.41000 775 27.8388
56.42000 739 27.1846
56.43000 756 27.4955
56.44000 706 26.5707
56.45000 700 26.4575
56.46000 695 26.3629
56.47000 648 25.4558
56.48000 685 26.1725
56.49000 669 25.865
56.50000 622 24.9399
56.51000 689 26.2488
56.52000 650 25.4951
56.53000 595 24.3926
56.54000 629 25.0799
56.55000 602 24.5357
56.56000 617 24.8395
56.57000 611 24.7184
56.58000 670 25.8844
56.59000 654 25.5734
56.60000 639 25.2784
56.61000 637 25.2389
56.62000 613 24.7588
56.63000 622 24.9399
56.64000 636 25.219
56.65000 632 25.1396
56.66000 676 26
56.67000 697 26.4008
56.68000 703 26.5141
56.69000 656 25.6125
56.70000 674 25.9615
56.71000 697 26.4008
56.72000 721 26.8514
56.73000 686 26.1916
56.74000 728 26.9815
56.75000 681 26.096
56.76000 713 26.7021
56.77000 710 26.6458
56.78000 689 26.2488
56.79000 749 27.3679
56.80000 689 26.2488
56.81000 717 26.7769
56.82000 722 26.8701
56.83000 674 25.9615
56.84000 732 27.0555
56.85000 682 26.1151
56.86000 659 25.671
56.87000 662 25.7294
56.88000 642 25.3377
56.89000 632 25.1396
56.90000 662 25.7294
56.91000 657 25.632
56.92000 645 25.3969
56.93000 624 24.98
56.94000 605 24.5967
56.95000 577 24.0208
56.96000 601 24.5153
56.97000 611 24.7184
56.98000 617 24.8395
56.99000 604 24.5764
57.00000 567 23.8118
57.01000 577 24.0208
57.02000 564 23.7487
57.03000 575 23.9792
57.04000 541 23.2594
57.05000 574 23.9583
57.06000 549 23.4307
57.07000 549 23.4307
57.08000 567 23.8118
57.09000 577 24.0208
57.10000 565 23.7697
57.11000 576 24
57.12000 601 24.5153
57.13000 582 24.1247
57.14000 535 23.1301
57.15000 604 24.5764
57.16000 557 23.6008
57.17000 557 23.6008
57.18000 567 23.8118
57.19000 638 25.2587
57.20000 581 24.1039
57.21000 595 24.3926
57.22000 656 25.6125
57.23000 601 24.5153
57.24000 624 24.98
57.25000 612 24.7386
57.26000 662 25.7294
57.27000 669 25.865
57.28000 622 24.9399
57.29000 679 26.0576
57.30000 698 26.4197
57.31000 650 25.4951
57.32000 654 25.5734
57.33000 641 25.318
57.34000 650 25.4951
57.35000 658 25.6515
57.36000 655 25.593
57.37000 650 25.4951
57.38000 674 25.9615
57.39000 641 25.318
57.40000 657 25.632
57.41000 643 25.3574
57.42000 673 25.9422
57.43000 639 25.2784
57.44000 692 26.3059
57.45000 681 26.096
57.46000 595 24.3926
57.47000 707 26.5895
57.48000 668 25.8457
57.49000 669 25.865
57.50000 674 25.9615
57.51000 648 25.4558
57.52000 628 25.0599
57.53000 620 24.8998
57.54000 602 24.5357
57.55000 634 25.1794
57.56000 585 24.1868
57.57000 585 24.1868
57.58000 585 24.1868
57.59000 600 24.4949
57.60000 572 23.9165
57.61000 594 24.3721
57.62000 572 23.9165
57.63000 570 23.8747
57.64000 610 24.6982
57.65000 591 24.3105
57.66000 538 23.1948
57.67000 599 24.4745
57.68000 549 23.4307
57.69000 547 23.388
57.70000 567 23.8118
57.71000 560 23.6643
57.72000 595 24.3926
57.73000 556 23.5797
57.74000 575 23.9792
57.75000 568 23.8328
57.76000 554 23.5372
57.77000 519 22.7816
57.78000 552 23.4947
57.79000 618 24.8596
57.80000 595 24.3926
57.81000 557 23.6008
57.82000 558 23.622
57.83000 554 23.5372
57.84000 545 23.3452
57.85000 587 24.2281
57.86000 565 23.7697
57.87000 512 22.6274
57.88000 565 23.7697
57.89000 547 23.388
57.90000 573 23.9374
57.91000 597 24.4336
57.92000 534 23.1084
57.93000 564 23.7487
57.94000 551 23.4734
57.95000 565 23.7697
57.96000 565 23.7697
57.97000 563 23.7276
57.98000 532 23.0651
57.99000 579 24.0624
58.00000 590 24.2899
58.01000 586 24.2074
58.02000 524 22.891
58.03000 547 23.388
58.04000 546 23.3666
58.05000 562 23.7065
58.06000 556 23.5797
58.07000 571 23.8956
58.08000 562 23.7065
58.09000 617 24.8395
58.10000 574 23.9583
58.11000 559 23.6432
58.12000 590 24.2899
58.13000 536 23.1517
58.14000 545 23.3452
58.15000 601 24.5153
58.16000 577 24.0208
58.17000 596 24.4131
58.18000 565 23.7697
58.19000 612 24.7386
58.20000 591 24.3105
58.21000 581 24.1039
58.22000 618 24.8596
58.23000 574 23.9583
58.24000 583 24.1454
58.25000 625 25
58.26000 652 25.5343
58.27000 640 25.2982
58.28000 679 26.0576
58.29000 646 25.4165
58.30000 634 25.1794
58.31000 644 25.3772
58.32000 663 25.7488
58.33000 643 25.3574
58.34000 679 26.0576
58.35000 716 26.7582
58.36000 685 26.1725
58.37000 693 26.3249
58.38000 663 25.7488
58.39000 672 25.923
58.40000 652 25.5343
58.41000 702 26.4953
58.42000 631 25.1197
58.43000 653 25.5539
58.44000 666 25.807
58.45000 623 24.96
58.46000 619 24.8797
58.47000 614 24.779
58.48000 601 24.5153
58.49000 597 24.4336
58.50000 617 24.8395
58.51000 588 24.2487
58.52000 618 24.8596
58.53000 608 24.6577
58.54000 596 24.4131
58.55000 598 24.454
58.56000 573 23.9374
58.57000 620 24.8998
58.58000 635 25.1992
58.59000 596 24.4131
58.60000 594 24.3721
58.61000 571 23.8956
58.62000 548 23.4094
58.63000 553 23.516
58.64000 531 23.0434
58.65000 550 23.4521
58.66000 545 23.3452
58.67000 597 24.4336
58.68000 606 24.6171
58.69000 603 24.5561
58.70000 586 24.2074
58.71000 539 23.2164
58.72000 555 23.5584
58.73000 564 23.7487
58.74000 586 24.2074
58.75000 566 23.7908
58.76000 554 23.5372
58.77000 551 23.4734
58.78000 590 24.2899
58.79000 560 23.6643
58.80000 578 24.0416
58.81000 569 23.8537
58.82000 595 24.3926
58.83000 606 24.6171
58.84000 554 23.5372
58.85000 594 24.3721
58.86000 601 24.5153
58.87000 597 24.4336
58.88000 593 24.3516
58.89000 569 23.8537
58.90000 577 24.0208
58.91000 600 24.4949
58.92000 653 25.5539
58.93000 565 23.7697
58.94000 580 24.0832
58.95000 612 24.7386
58.96000 599 24.4745
58.97000 573 23.9374
58.98000 610 24.6982
58.99000 624 24.98
59.00000 561 23.6854
59.01000 582 24.1247
59.02000 592 24.3311
59.03000 563 23.7276
59.04000 616 24.8193
59.05000 599 24.4745
59.06000 606 24.6171
59.07000 630 25.0998
59.08000 620 24.8998
59.09000 619 24.8797
59.10000 593 24.3516
59.11000 630 25.0998
59.12000 586 24.2074
59.13000 610 24.6982
59.14000 615 24.7992
59.15000 619 24.8797
59.16000 586 24.2074
59.17000 622 24.9399
59.18000 575 23.9792
59.19000 589 24.2693
59.20000 549 23.4307
59.21000 607 24.6374
59.22000 587 24.2281
59.23000 585 24.1868
59.24000 566 23.7908
59.25000 581 24.1039
59.26000 608 24.6577
59.27000 582 24.1247
59.28000 617 24.8395
59.29000 642 25.3377
59.30000 604 24.5764
59.31000 608 24.6577
59.32000 624 24.98
59.33000 637 25.2389
59.34000 612 24.7386
59.35000 644 25.3772
59.36000 615 24.7992
59.37000 651 25.5147
59.38000 626 25.02
59.39000 625 25
59.40000 585 24.1868
59.41000 626 25.02
59.42000 634 25.1794
59.43000 585 24.1868
59.44000 587 24.2281
59.45000 635 25.1992
59.46000 598 24.454
59.47000 594 24.3721
59.48000 590 24.2899
59.49000 600 24.4949
59.50000 604 24.5764
59.51000 572 23.9165
59.52000 604 24.5764
59.53000 566 23.7908
59.54000 576 24
59.55000 613 24.7588
59.56000 620 24.8998
59.57000 574 23.9583
59.58000 630 25.0998
59.59000 638 25.2587
59.60000 623 24.96
59.61000 605 24.5967
59.62000 646 25.4165
59.63000 640 25.2982
59.64000 667 25.8263
59.65000 712 26.6833
59.66000 720 26.8328
59.67000 700 26.4575
59.68000 708 26.6083
59.69000 784 28
59.70000 766 27.6767
59.71000 751 27.4044
59.72000 768 27.7128
59.73000 759 27.55
59.74000 781 27.9464
59.75000 790 28.1069
59.76000 740 27.2029
59.77000 767 27.6948
59.78000 778 27.8927
59.79000 767 27.6948
59.80000 774 27.8209
59.81000 770 27.7489
59.82000 773 27.8029
59.83000 725 26.9258
59.84000 741 27.2213
59.85000 756 27.4955
59.86000 749 27.3679
59.87000 734 27.0924
59.88000 724 26.9072
59.89000 708 26.6083
59.90000 684 26.1534
59.91000 751 27.4044
59.92000 732 27.0555
59.93000 691 26.2869
59.94000 694 26.3439
59.95000 725 26.9258
59.96000 718 26.7955
59.97000 722 26.8701
59.98000 718 26.7955
59.99000 764 27.6405
60.00000 726 26.9444
60.01000 693 26.3249
60.02000 726 26.9444
60.03000 755 27.4773
60.04000 717 26.7769
60.05000 741 27.2213
60.06000 751 27.4044
60.07000 800 28.2843
60.08000 795 28.1957
60.09000 831 28.8271
60.10000 858 29.2916
60.11000 812 28.4956
60.12000 854 29.2233
60.13000 790 28.1069
60.14000 757 27.5136
60.15000 754 27.4591
60.16000 757 27.5136
60.17000 759 27.55
60.18000 779 27.9106
60.19000 757 27.5136
60.20000 696 26.3818
60.21000 737 27.1477
60.22000 739 27.1846
60.23000 736 27.1293
60.24000 718 26.7955
60.25000 734 27.0924
60.26000 679 26.0576
60.27000 683 26.1343
60.28000 686 26.1916
60.29000 640 25.2982
60.30000 630 25.0998
60.31000 653 25.5539
60.32000 578 24.0416
60.33000 583 24.1454
60.34000 610 24.6982
60.35000 592 24.3311
60.36000 562 23.7065
60.37000 550 23.4521
60.38000 541 23.2594
60.39000 531 23.0434
60.40000 529 23
60.41000 508 22.5389
60.42000 556 23.5797
60.43000 564 23.7487
60.44000 548 23.4094
60.45000 529 23
60.46000 514 22.6716
60.47000 508 22.5389
60.48000 506 22.4944
60.49000 514 22.6716
60.50000 466 21.587
60.51000 508 22.5389
60.52000 531 23.0434
60.53000 525 22.9129
60.54000 533 23.0868
60.55000 477 21.8403
60.56000 500 22.3607
60.57000 488 22.0907
60.58000 501 22.383
60.59000 510 22.5832
60.60000 497 22.2935
60.61000 505 22.4722
60.62000 512 22.6274
60.63000 494 22.2261
60.64000 456 21.3542
60.65000 528 22.9783
60.66000 517 22.7376
60.67000 503 22.4277
60.68000 485 22.0227
60.69000 532 23.0651
60.70000 516 22.7156
60.71000 510 22.5832
60.72000 514 22.6716
60.73000 526 22.9347
60.74000 516 22.7156
60.75000 509 22.561
60.76000 550 23.4521
60.77000 524 22.891
60.78000 532 23.0651
60.79000 579 24.0624
60.80000 548 23.4094
60.81000 586 24.2074
60.82000 627 25.04
60.83000 611 24.7184
60.84000 671 25.9037
60.85000 680 26.0768
60.86000 651 25.5147
60.87000 665 25.7876
60.88000 708 26.6083
60.89000 744 27.2764
60.90000 734 27.0924
60.91000 764 27.6405
60.92000 756 27.4955
60.93000 784 28
60.94000 784 28
60.95000 848 29.1204
60.96000 813 28.5132
60.97000 825 28.7228
60.98000 882 29.6985
60.99000 886 29.7658
61.00000 880 29.6648
61.01000 907 30.1164
61.02000 920 30.3315
61.03000 930 30.4959
61.04000 864 29.3939
61.05000 832 28.8444
61.06000 901 30.0167
61.07000 918 30.2985
61.08000 884 29.7321
61.09000 874 29.5635
61.10000 896 29.9333
61.11000 830 28.8097
61.12000 815 28.5482
61.13000 793 28.1603
61.14000 789 28.0891
61.15000 826 28.7402
61.16000 829 28.7924
61.17000 747 27.3313
61.18000 769 27.7308
61.19000 789 28.0891
61.20000 787 28.0535
61.21000 766 27.6767
61.22000 767 27.6948
61.23000 730 27.0185
61.24000 772 27.7849
61.25000 704 26.533
61.26000 745 27.2947
61.27000 736 27.1293
61.28000 736 27.1293
61.29000 736 27.1293
61.30000 697 26.4008
61.31000 691 26.2869
61.32000 710 26.6458
61.33000 636 25.219
61.34000 657 25.632
61.35000 657 25.632
61.36000 650 25.4951
61.37000 651 25.5147
61.38000 662 25.7294
61.39000 638 25.2587
61.40000 639 25.2784
61.41000 674 25.9615
61.42000 620 24.8998
61.43000 654 25.5734
61.44000 648 25.4558
61.45000 704 26.533
61.46000 604 24.5764
61.47000 599 24.4745
61.48000 618 24.8596
61.49000 642 25.3377
61.50000 661 25.7099
61.51000 618 24.8596
61.52000 641 25.318
61.53000 636 25.219
61.54000 683 26.1343
61.55000 631 25.1197
61.56000 627 25.04
61.57000 666 25.807
61.58000 706 26.5707
61.59000 614 24.779
61.60000 662 25.7294
61.61000 667 25.8263
61.62000 664 25.7682
61.63000 651 25.5147
61.64000 673 25.9422
61.65000 683 26.1343
61.66000 699 26.4386
61.67000 667 25.8263
61.68000 719 26.8142
61.69000 647 25.4362
61.70000 685 26.1725
61.71000 722 26.8701
61.72000 687 26.2107
61.73000 666 25.807
61.74000 677 26.0192
61.75000 688 26.2298
61.76000 669 25.865
61.77000 645 25.3969
61.78000 662 25.7294
61.79000 616 24.8193
61.80000 677 26.0192
61.81000 674 25.9615
61.82000 706 26.5707
61.83000 661 25.7099
61.84000 674 25.9615
61.85000 622 24.9399
61.86000 612 24.7386
61.87000 576 24
61.88000 653 25.5539
61.89000 644 25.3772
61.90000 632 25.1396
61.91000 619 24.8797
61.92000 649 25.4755
61.93000 609 24.6779
61.94000 620 24.8998
61.95000 562 23.7065
61.96000 586 24.2074
61.97000 585 24.1868
61.98000 588 24.2487
61.99000 598 24.454
62.00000 616 24.8193
62.01000 571 23.8956
62.02000 599 24.4745
62.03000 545 23.3452
62.04000 553 23.516
62.05000 585 24.1868
62.06000 582 24.1247
62.07000 580 24.0832
62.08000 548 23.4094
62.09000 515 22.6936
62.10000 552 23.4947
62.11000 554 23.5372
62.12000 569 23.8537
62.13000 488 22.0907
62.14000 512 22.6274
62.15000 532 23.0651
62.16000 480 21.9089
62.17000 538 23.1948
62.18000 519 22.7816
62.19000 531 23.0434
62.20000 479 21.8861
62.21000 464 21.5407
62.22000 506 22.4944
62.23000 486 22.0454
62.24000 487 22.0681
62.25000 512 22.6274
62.26000 516 22.7156
62.27000 524 22.891
62.28000 516 22.7156
62.29000 519 22.7816
62.30000 513 22.6495
62.31000 493 22.2036
62.32000 493 22.2036
62.33000 531 23.0434
62.34000 517 22.7376
62.35000 520 22.8035
62.36000 525 22.9129
62.37000 485 22.0227
62.38000 515 22.6936
62.39000 515 22.6936
62.40000 551 23.4734
62.41000 534 23.1084
62.42000 510 22.5832
62.43000 487 22.0681
62.44000 488 22.0907
62.45000 476 21.8174
62.46000 490 22.1359
62.47000 510 22.5832
62.48000 502 22.4054
62.49000 503 22.4277
62.50000 509 22.561
62.51000 481 21.9317
62.52000 484 22
62.53000 498 22.3159
62.54000 533 23.0868
62.55000 580 24.0832
62.56000 504 22.4499
62.57000 512 22.6274
62.58000 499 22.3383
62.59000 514 22.6716
62.60000 492 22.1811
62.61000 516 22.7156
62.62000 543 23.3024
62.63000 512 22.6274
62.64000 509 22.561
62.65000 543 23.3024
62.66000 577 24.0208
62.67000 545 23.3452
62.68000 568 23.8328
62.69000 559 23.6432
62.70000 533 23.0868
62.71000 539 23.2164
62.72000 579 24.0624
62.73000 584 24.1661
62.74000 541 23.2594
62.75000 562 23.7065
62.76000 581 24.1039
62.77000 591 24.3105
62.78000 561 23.6854
62.79000 595 24.3926
62.80000 561 23.6854
62.81000 599 24.4745
62.82000 558 23.622
62.83000 535 23.1301
62.84000 550 23.4521
62.85000 565 23.7697
62.86000 550 23.4521
62.87000 534 23.1084
62.88000 549 23.4307
62.89000 572 23.9165
62.90000 571 23.8956
62.91000 534 23.1084
62.92000 534 23.1084
62.93000 559 23.6432
62.94000 524 22.891
62.95000 538 23.1948
62.96000 535 23.1301
62.97000 482 21.9545
62.98000 554 23.5372
62.99000 524 22.891
63.00000 524 22.891
63.01000 502 22.4054
63.02000 526 22.9347
63.03000 491 22.1585
63.04000 525 22.9129
63.05000 492 22.1811
63.06000 543 23.3024
63.07000 513 22.6495
63.08000 513 22.6495
63.09000 547 23.388
63.10000 526 22.9347
63.11000 527 22.9565
63.12000 511 22.6053
63.13000 535 23.1301
63.14000 524 22.891
63.15000 543 23.3024
63.16000 493 22.2036
63.17000 519 22.7816
63.18000 520 22.8035
63.19000 584 24.1661
63.20000 574 23.9583
63.21000 549 23.4307
63.22000 544 23.3238
63.23000 533 23.0868
63.24000 549 23.4307
63.25000 570 23.8747
63.26000 576 24
63.27000 600 24.4949
63.28000 598 24.454
63.29000 584 24.1661
63.30000 615 24.7992
63.31000 616 24.8193
63.32000 626 25.02
63.33000 570 23.8747
63.34000 595 24.3926
63.35000 580 24.0832
63.36000 534 23.1084
63.37000 596 24.4131
63.38000 629 25.0799
63.39000 617 24.8395
63.40000 542 23.2809
63.41000 585 24.1868
63.42000 656 25.6125
63.43000 595 24.3926
63.44000 589 24.2693
63.45000 599 24.4745
63.46000 587 24.2281
63.47000 620 24.8998
63.48000 649 25.4755
63.49000 577 24.0208
63.50000 595 24.3926
63.51000 557 23.6008
63.52000 628 25.0599
63.53000 598 24.454
63.54000 606 24.6171
63.55000 603 24.5561
63.56000 612 24.7386
63.57000 596 24.4131
63.58000 566 23.7908
63.59000 578 24.0416
63.60000 609 24.6779
63.61000 612 24.7386
63.62000 587 24.2281
63.63000 568 23.8328
63.64000 571 23.8956
63.65000 565 23.7697
63.66000 602 24.5357
63.67000 576 24
63.68000 592 24.3311
63.69000 578 24.0416
63.70000 587 24.2281
63.71000 585 24.1868
63.72000 569 23.8537
63.73000 535 23.1301
63.74000 556 23.5797
63.75000 577 24.0208
63.76000 525 22.9129
63.77000 530 23.0217
63.78000 563 23.7276
63.79000 527 22.9565
63.80000 547 23.388
63.81000 507 22.5167
63.82000 525 22.9129
63.83000 533 23.0868
63.84000 543 23.3024
63.85000 538 23.1948
63.86000 511 22.6053
63.87000 546 23.3666
63.88000 504 22.4499
63.89000 501 22.383
63.90000 492 22.1811
63.91000 446 21.1187
63.92000 501 22.383
63.93000 500 22.3607
63.94000 503 22.4277
63.95000 518 22.7596
63.96000 500 22.3607
63.97000 456 21.3542
63.98000 465 21.5639
63.99000 478 21.8632
64.00000 449 21.1896
64.01000 468 21.6333
64.02000 455 21.3307
64.03000 477 21.8403
64.04000 453 21.2838
64.05000 481 21.9317
64.06000 474 21.7715
64.07000 478 21.8632
64.08000 479 21.8861
64.09000 489 22.1133
64.10000 487 22.0681
64.11000 451 21.2368
64.12000 488 22.0907
64.13000 482 21.9545
64.14000 511 22.6053
64.15000 472 21.7256
64.16000 476 21.8174
64.17000 490 22.1359
64.18000 464 21.5407
64.18999 455 21.3307
64.20000 465 21.5639
64.21000 510 22.5832
64.22000 501 22.383
64.23000 506 22.4944
64.24000 480 21.9089
64.25000 523 22.8692
64.26000 546 23.3666
64.27000 496 22.2711
64.28000 511 22.6053
64.29000 536 23.1517
64.30000 574 23.9583
64.31000 532 23.0651
64.32000 571 23.8956
64.33000 530 23.0217
64.34000 521 22.8254
64.35000 576 24
64.36000 551 23.4734
64.37000 516 22.7156
64.38000 563 23.7276
64.39000 573 23.9374
64.40000 526 22.9347
64.41000 523 22.8692
64.42000 539 23.2164
64.43000 534 23.1084
64.43999 566 23.7908
64.45000 544 23.3238
64.46000 546 23.3666
64.47000 511 22.6053
64.48000 542 23.2809
64.49000 555 23.5584
64.50000 564 23.7487
64.51000 526 22.9347
64.52000 537 23.1733
64.53000 538 23.1948
64.54000 506 22.4944
64.55000 510 22.5832
64.56000 537 23.1733
64.57000 519 22.7816
64.58000 539 23.2164
64.59000 529 23
64.60000 502 22.4054
64.61000 513 22.6495
64.62000 550 23.4521
64.63000 507 22.5167
64.64000 466 21.587
64.65000 487 22.0681
64.66000 500 22.3607
64.67000 474 21.7715
64.68000 495 22.2486
64.68999 471 21.7025
64.70000 502 22.4054
64.71000 506 22.4944
64.72000 490 22.1359
64.73000 450 21.2132
64.74000 497 22.2935
64.75000 463 21.5174
64.76000 463 21.5174
64.77000 514 22.6716
64.78000 494 22.2261
64.79000 478 21.8632
64.80000 477 21.8403
64.81000 462 21.4942
64.82000 474 21.7715
64.83000 459 21.4243
64.84000 435 20.8567
64.85000 519 22.7816
64.86000 435 20.8567
64.87000 510 22.5832
64.88000 436 20.8806
64.89000 483 21.9773
64.90000 464 21.5407
64.91000 478 21.8632
64.92000 450 21.2132
64.93000 468 21.6333
64.93999 480 21.9089
64.95000 480 21.9089
64.96000 461 21.4709
64.97000 479 21.8861
64.98000 491 22.1585
64.99000 521 22.8254
65.00000 462 21.4942
65.01000 466 21.587
65.02000 462 21.4942
65.03000 444 21.0713
65.04000 504 22.4499
65.05000 477 21.8403
65.06000 487 22.0681
65.07000 502 22.4054
65.08000 468 21.6333
65.09000 461 21.4709
65.10000 482 21.9545
65.11000 489 22.1133
65.12000 454 21.3073
65.13000 480 21.9089
65.14000 458 21.4009
65.15000 480 21.9089
65.16000 515 22.6936
65.17000 506 22.4944
65.18000 527 22.9565
65.18999 518 22.7596
65.20000 550 23.4521
65.21000 570 23.8747
65.22000 524 22.891
65.23000 561 23.6854
65.24000 509 22.561
65.25000 522 22.8473
65.26000 541 23.2594
65.27000 572 23.9165
65.28000 555 23.5584
65.29000 542 23.2809
65.30000 539 23.2164
65.31000 598 24.454
65.32000 614 24.779
65.33000 612 24.7386
65.34000 589 24.2693
65.35000 588 24.2487
65.36000 564 23.7487
65.37000 642 25.3377
65.38000 605 24.5967
65.39000 628 25.0599
65.40000 611 24.7184
65.41000 622 24.9399
65.42000 619 24.8797
65.43000 631 25.1197
65.43999 601 24.5153
65.45000 642 25.3377
65.46000 609 24.6779
65.47000 607 24.6374
65.48000 607 24.6374
65.49000 621 24.9199
65.50000 618 24.8596
65.51000 583 24.1454
65.52000 575 23.9792
65.53000 609 24.6779
65.54000 587 24.2281
65.55000 617 24.8395
65.56000 593 24.3516
65.57000 553 23.516
65.58000 562 23.7065
65.59000 558 23.622
65.60000 563 23.7276
65.61000 593 24.3516
65.62000 562 23.7065
65.63000 569 23.8537
65.64000 558 23.622
65.65000 558 23.622
65.66000 530 23.0217
65.67000 534 23.1084
65.68000 558 23.622
65.68999 517 22.7376
65.70000 539 23.2164
65.71000 490 22.1359
65.72000 543 23.3024
65.73000 568 23.8328
65.74000 531 23.0434
65.75000 549 23.4307
65.76000 533 23.0868
65.77000 505 22.4722
65.78000 510 22.5832
65.79000 526 22.9347
65.80000 531 23.0434
65.81000 574 23.9583
65.82000 569 23.8537
65.83000 536 23.1517
65.84000 507 22.5167
65.85000 510 22.5832
65.86000 500 22.3607
65.87000 498 22.3159
65.88000 509 22.561
65.89000 463 21.5174
65.90000 468 21.6333
65.91000 510 22.5832
65.92000 523 22.8692
65.93000 452 21.2603
65.93999 488 22.0907
65.95000 505 22.4722
65.96000 528 22.9783
65.97000 511 22.6053
65.98000 536 23.1517
65.99000 517 22.7376
66.00000 498 22.3159
66.01000 539 23.2164
66.02000 531 23.0434
66.03000 517 22.7376
66.04000 512 22.6274
66.05000 502 22.4054
66.06000 544 23.3238
66.07000 518 22.7596
66.08000 484 22
66.09000 496 22.2711
66.10000 492 22.1811
66.11000 544 23.3238
66.12000 528 22.9783
66.13000 538 23.1948
66.14000 555 23.5584
66.15000 540 23.2379
66.16000 552 23.4947
66.17000 553 23.516
66.18000 534 23.1084
66.18999 558 23.622
66.20000 580 24.0832
66.21000 578 24.0416
66.22000 510 22.5832
66.23000 531 23.0434
66.24000 565 23.7697
66.25000 549 23.4307
66.26000 504 22.4499
66.27000 518 22.7596
66.28000 522 22.8473
66.29000 543 23.3024
66.30000 533 23.0868
66.31000 530 23.0217
66.32000 536 23.1517
66.33000 534 23.1084
66.34000 506 22.4944
66.35000 533 23.0868
66.36000 526 22.9347
66.37000 540 23.2379
66.38000 577 24.0208
66.39000 589 24.2693
66.40000 550 23.4521
66.41000 527 22.9565
66.42000 474 21.7715
66.43000 507 22.5167
66.43999 498 22.3159
66.45000 542 23.2809
66.46000 495 22.2486
66.47000 524 22.891
66.48000 495 22.2486
66.49000 528 22.9783
66.50000 493 22.2036
66.51000 539 23.2164
66.52000 508 22.5389
66.53000 517 22.7376
66.54000 524 22.891
66.55000 502 22.4054
66.56000 535 23.1301
66.57000 526 22.9347
66.58000 501 22.383
66.59000 511 22.6053
66.60000 518 22.7596
66.61000 522 22.8473
66.62000 532 23.0651
66.63000 571 23.8956
66.64000 553 23.516
66.65000 553 23.516
66.66000 574 23.9583
66.67000 549 23.4307
66.68000 543 23.3024
66.68999 501 22.383
66.70000 535 23.1301
66.71000 560 23.6643
66.72000 517 22.7376
66.73000 534 23.1084
66.74000 554 23.5372
66.75000 567 23.8118
66.76000 551 23.4734
66.77000 567 23.8118
66.78000 567 23.8118
66.79000 540 23.2379
66.80000 542 23.2809
66.81000 577 24.0208
66.82000 598 24.454
66.83000 534 23.1084
66.84000 578 24.0416
66.85000 592 24.3311
66.86000 546 23.3666
66.87000 585 24.1868
66.88000 585 24.1868
66.89000 538 23.1948
66.90000 572 23.9165
66.91000 594 24.3721
66.92000 609 24.6779
66.93000 583 24.1454
66.93999 582 24.1247
66.95000 620 24.8998
66.96000 563 23.7276
66.97000 568 23.8328
66.98000 547 23.388
66.99000 565 23.7697
67.00000 591 24.3105
67.01000 552 23.4947
67.02000 569 23.8537
67.03000 555 23.5584
67.04000 532 23.0651
67.05000 562 23.7065
67.06000 597 24.4336
67.07000 611 24.7184
67.08000 568 23.8328
67.09000 609 24.6779
67.10000 584 24.1661
67.11000 608 24.6577
67.12000 580 24.0832
67.13000 599 24.4745
67.14000 588 24.2487
67.15000 622 24.9399
67.16000 627 25.04
67.17000 612 24.7386
67.18000 678 26.0384
67.18999 615 24.7992
67.20000 589 24.2693
67.21000 610 24.6982
67.22000 623 24.96
67.23000 566 23.7908
67.24000 615 24.7992
67.25000 602 24.5357
67.26000 569 23.8537
67.27000 589 24.2693
67.28000 563 23.7276
67.29000 616 24.8193
67.30000 546 23.3666
67.31000 565 23.7697
67.32000 577 24.0208
67.33000 576 24
67.34000 555 23.5584
67.35000 589 24.2693
67.36000 568 23.8328
67.37000 521 22.8254
67.38000 533 23.0868
67.39000 539 23.2164
67.40000 535 23.1301
67.41000 535 23.1301
67.42000 534 23.1084
67.43000 554 23.5372
67.43999 580 24.0832
67.45000 528 22.9783
67.46000 519 22.7816
67.47000 501 22.383
67.48000 478 21.8632
67.49000 499 22.3383
67.50000 495 22.2486
67.51000 477 21.8403
67.52000 500 22.3607
67.53000 484 22
67.54000 482 21.9545
67.55000 512 22.6274
67.56000 507 22.5167
67.57000 521 22.8254
67.58000 499 22.3383
67.59000 489 22.1133
67.60000 528 22.9783
67.61000 523 22.8692
67.62000 493 22.2036
67.63000 489 22.1133
67.64000 558 23.622
67.65000 537 23.1733
67.66000 567 23.8118
67.67000 531 23.0434
67.68000 518 22.7596
67.68999 515 22.6936
67.70000 559 23.6432
67.71000 541 23.2594
67.72000 526 22.9347
67.73000 556 23.5797
67.74000 588 24.2487
67.75000 640 25.2982
67.76000 575 23.9792
67.77000 586 24.2074
67.78000 655 25.593
67.79000 670 25.8844
67.80000 653 25.5539
67.81000 669 25.865
67.82000 625 25
67.83000 632 25.1396
67.84000 687 26.2107
67.85000 729 27
67.86000 695 26.3629
67.87000 709 26.6271
67.88000 688 26.2298
67.89000 762 27.6043
67.90000 725 26.9258
67.91000 724 26.9072
67.92000 718 26.7955
67.93000 740 27.2029
67.93999 822 28.6705
67.95000 792 28.1425
67.96000 742 27.2397
67.97000 731 27.037
67.98000 817 28.5832
67.99000 795 28.1957
68.00000 836 28.9137
68.01000 788 28.0713
68.02000 790 28.1069
68.03000 772 27.7849
68.04000 783 27.9821
68.05000 844 29.0517
68.06000 824 28.7054
68.07000 833 28.8617
68.08000 806 28.3901
68.09000 825 28.7228
68.10000 836 28.9137
68.11000 820 28.6356
68.12000 817 28.5832
68.13000 808 28.4253
68.14000 806 28.3901
68.15000 864 29.3939
68.16000 782 27.9643
68.17000 806 28.3901
68.18000 815 28.5482
68.18999 812 28.4956
68.20000 813 28.5132
68.21000 822 28.6705
68.22000 789 28.0891
68.23000 841 29
68.24000 793 28.1603
68.25000 771 27.7669
68.26000 768 27.7128
68.27000 764 27.6405
68.28000 731 27.037
68.29000 686 26.1916
68.30000 672 25.923
68.31000 672 25.923
68.32000 702 26.4953
68.33000 644 25.3772
68.34000 673 25.9422
68.35000 623 24.96
68.36000 603 24.5561
68.37000 597 24.4336
68.38000 607 24.6374
68.39000 649 25.4755
68.40000 603 24.5561
68.41000 561 23.6854
68.42000 584 24.1661
68.43000 539 23.2164
68.43999 598 24.454
68.45000 564 23.7487
68.46000 564 23.7487
68.47000 563 23.7276
68.48000 534 23.1084
68.49000 540 23.2379
68.50000 540 23.2379
68.51000 513 22.6495
68.52000 559 23.6432
68.53000 515 22.6936
68.54000 496 22.2711
68.55000 552 23.4947
68.56000 493 22.2036
68.57000 506 22.4944
68.58000 502 22.4054
68.59000 505 22.4722
68.60000 484 22
68.61000 499 22.3383
68.62000 515 22.6936
68.63000 486 22.0454
68.64000 545 23.3452
68.65000 518 22.7596
68.66000 514 22.6716
68.67000 557 23.6008
68.68000 508 22.5389
68.68999 517 22.7376
68.70000 519 22.7816
68.71000 539 23.2164
68.72000 514 22.6716
68.73000 535 23.1301
68.74000 531 23.0434
68.75000 543 23.3024
68.76000 527 22.9565
68.77000 502 22.4054
68.78000 524 22.891
68.79000 501 22.383
68.80000 521 22.8254
68.81000 538 23.1948
68.82000 517 22.7376
68.83000 569 23.8537
68.84000 530 23.0217
68.85000 508 22.5389
68.86000 506 22.4944
68.87000 563 23.7276
68.88000 544 23.3238
68.89000 538 23.1948
68.90000 535 23.1301
68.91000 540 23.2379
68.92000 578 24.0416
68.93000 578 24.0416
68.93999 574 23.9583
68.95000 611 24.7184
68.96000 574 23.9583
68.97000 580 24.0832
68.98000 609 24.6779
68.99000 620 24.8998
69.00000 633 25.1595
69.01000 626 25.02
69.02000 637 25.2389
69.03000 611 24.7184
69.04000 683 26.1343
69.05000 694 26.3439
69.06000 658 25.6515
69.07000 671 25.9037
69.08000 714 26.7208
69.09000 645 25.3969
69.10000 727 26.9629
69.11000 735 27.1109
69.12000 729 27
69.13000 739 27.1846
69.14000 697 26.4008
69.15000 681 26.096
69.16000 693 26.3249
69.17000 734 27.0924
69.18000 739 27.1846
69.18999 735 27.1109
69.20000 792 28.1425
69.21000 763 27.6225
69.22000 798 28.2489
69.23000 788 28.0713
69.24000 778 27.8927
69.25000 779 27.9106
69.26000 804 28.3549
69.27000 807 28.4077
69.28000 783 27.9821
69.29000 756 27.4955
69.30000 755 27.4773
69.31000 758 27.5318
69.32000 777 27.8747
69.33000 768 27.7128
69.34000 768 27.7128
69.35000 744 27.2764
69.36000 701 26.4764
69.37000 666 25.807
69.38000 692 26.3059
69.39000 695 26.3629
69.40000 679 26.0576
69.41000 651 25.5147
69.42000 651 25.5147
69.43000 662 25.7294
69.43999 674 25.9615
69.45000 612 24.7386
69.46000 610 24.6982
69.47000 631 25.1197
69.48000 568 23.8328
69.49000 628 25.0599
69.50000 590 24.2899
69.51000 576 24
69.52000 566 23.7908
69.53000 563 23.7276
69.54000 577 24.0208
69.55000 526 22.9347
69.56000 513 22.6495
69.57000 493 22.2036
69.58000 554 23.5372
69.59000 549 23.4307
69.60000 528 22.9783
69.61000 488 22.0907
69.62000 481 21.9317
69.63000 542 23.2809
69.64000 553 23.516
69.65000 501 22.383
69.66000 541 23.2594
69.67000 520 22.8035
69.68000 510 22.5832
69.68999 519 22.7816
69.70000 526 22.9347
69.71000 506 22.4944
69.72000 523 22.8692
69.73000 503 22.4277
69.74000 476 21.8174
69.75000 511 22.6053
69.76000 507 22.5167
69.77000 479 21.8861
69.78000 506 22.4944
69.79000 514 22.6716
69.80000 497 22.2935
69.81000 503 22.4277
69.82000 497 22.2935
69.83000 465 21.5639
69.84000 463 21.5174
69.85000 493 22.2036
69.86000 511 22.6053
69.87000 505 22.4722
69.88000 505 22.4722
69.89000 508 22.5389
69.90000 500 22.3607
69.91000 497 22.2935
69.92000 514 22.6716
69.93000 517 22.7376
69.93999 502 22.4054
69.95000 499 22.3383
69.96000 475 21.7945
69.97000 534 23.1084
69.98000 565 23.7697
69.99000 516 22.7156
70.00000 540 23.2379
70.01000 526 22.9347
70.02000 550 23.4521
70.03000 539 23.2164
70.04000 550 23.4521
70.05000 546 23.3666
70.06000 534 23.1084
70.07000 552 23.4947
70.08000 579 24.0624
70.09000 516 22.7156
70.10000 536 23.1517
70.11000 514 22.6716
70.12000 556 23.5797
70.13000 548 23.4094
70.14000 570 23.8747
70.15000 553 23.516
70.16000 569 23.8537
70.17000 542 23.2809
70.18000 566 23.7908
70.18999 551 23.4734
70.20000 540 23.2379
70.21000 528 22.9783
70.22000 572 23.9165
70.23000 602 24.5357
70.24000 572 23.9165
70.25000 551 23.4734
70.26000 576 24
70.27000 594 24.3721
70.28000 584 24.1661
70.29000 575 23.9792
70.30000 583 24.1454
70.31000 549 23.4307
70.32000 586 24.2074
70.33000 589 24.2693
70.34000 599 24.4745
70.35000 566 23.7908
70.36000 539 23.2164
70.37000 539 23.2164
70.38000 523 22.8692
70.39000 541 23.2594
70.40000 580 24.0832
70.41000 571 23.8956
70.42000 603 24.5561
70.43000 602 24.5357
70.43999 566 23.7908
70.45000 577 24.0208
70.46000 562 23.7065
70.47000 589 24.2693
70.48000 573 23.9374
70.49000 554 23.5372
70.50000 567 23.8118
70.51000 574 23.9583
70.52000 594 24.3721
70.53000 559 23.6432
70.54000 622 24.9399
70.55000 576 24
70.56000 569 23.8537
70.57000 581 24.1039
70.58000 563 23.7276
70.59000 573 23.9374
70.60000 593 24.3516
70.61000 615 24.7992
70.62000 583 24.1454
70.63000 568 23.8328
70.64000 571 23.8956
70.65000 534 23.1084
70.66000 540 23.2379
70.67000 568 23.8328
70.68000 530 23.0217
70.68999 561 23.6854
70.70000 495 22.2486
70.71000 539 23.2164
70.72000 584 24.1661
70.73000 559 23.6432
70.74000 585 24.1868
70.75000 548 23.4094
70.76000 570 23.8747
70.77000 564 23.7487
70.78000 567 23.8118
70.79000 515 22.6936
70.80000 557 23.6008
70.81000 528 22.9783
70.82000 541 23.2594
70.83000 499 22.3383
70.84000 519 22.7816
70.85000 535 23.1301
70.86000 523 22.8692
70.87000 529 23
70.88000 526 22.9347
70.89000 515 22.6936
70.90000 533 23.0868
70.91000 549 23.4307
70.92000 498 22.3159
70.93000 508 22.5389
70.93999 519 22.7816
70.95000 535 23.1301
70.96000 520 22.8035
70.97000 476 21.8174
70.98000 514 22.6716
70.99000 516 22.7156
71.00000 501 22.383
71.01000 523 22.8692
71.02000 518 22.7596
71.03000 518 22.7596
71.04000 504 22.4499
71.05000 509 22.561
71.06000 537 23.1733
71.07000 581 24.1039
71.08000 578 24.0416
71.09000 549 23.4307
71.10000 563 23.7276
71.11000 528 22.9783
71.12000 568 23.8328
71.13000 516 22.7156
71.14000 522 22.8473
71.15000 558 23.622
71.16000 528 22.9783
71.17000 552 23.4947
71.18000 633 25.1595
71.18999 584 24.1661
71.20000 559 23.6432
71.21000 599 24.4745
71.22000 556 23.5797
71.23000 580 24.0832
71.24000 558 23.622
71.25000 595 24.3926
71.26000 598 24.454
71.27000 600 24.4949
71.28000 627 25.04
71.29000 611 24.7184
71.30000 600 24.4949
71.31000 631 25.1197
71.32000 620 24.8998
71.33000 610 24.6982
71.34000 607 24.6374
71.35000 629 25.0799
71.36000 658 25.6515
71.37000 649 25.4755
71.38000 643 25.3574
71.39000 650 25.4951
71.40000 632 25.1396
71.41000 669 25.865
71.42000 710 26.6458
71.43000 680 26.0768
71.43999 674 25.9615
71.45000 687 26.2107
71.46000 715 26.7395
71.47000 716 26.7582
71.48000 726 26.9444
71.49000 662 25.7294
71.50000 689 26.2488
71.51000 709 26.6271
71.52000 714 26.7208
71.53000 722 26.8701
71.54000 731 27.037
71.55000 755 27.4773
71.56000 737 27.1477
71.57000 685 26.1725
71.58000 697 26.4008
71.59000 739 27.1846
71.60000 687 26.2107
71.61000 650 25.4951
71.62000 706 26.5707
71.63000 699 26.4386
71.64000 667 25.8263
71.65000 691 26.2869
71.66000 678 26.0384
71.67000 639 25.2784
71.68000 651 25.5147
71.68999 647 25.4362
71.70000 589 24.2693
71.71000 597 24.4336
71.72000 584 24.1661
71.73000 598 24.454
71.74000 586 24.2074
71.75000 626 25.02
71.76000 571 23.8956
71.77000 555 23.5584
71.78000 542 23.2809
71.79000 512 22.6274
71.80000 556 23.5797
71.81000 571 23.8956
71.82000 531 23.0434
71.83000 534 23.1084
71.84000 550 23.4521
71.85000 553 23.516
71.86000 565 23.7697
71.87000 556 23.5797
71.88000 542 23.2809
71.89000 561 23.6854
71.90000 553 23.516
71.91000 555 23.5584
71.92000 568 23.8328
71.93000 551 23.4734
71.93999 574 23.9583
71.95000 572 23.9165
71.96000 566 23.7908
71.97000 554 23.5372
71.98000 565 23.7697
71.99000 556 23.5797
72.00000 587 24.2281
72.01000 565 23.7697
72.02000 587 24.2281
72.03000 561 23.6854
72.04000 575 23.9792
72.05000 571 23.8956
72.06000 599 24.4745
72.07000 563 23.7276
72.08000 580 24.0832
72.09000 551 23.4734
72.10000 589 24.2693
72.11000 552 23.4947
72.12000 588 24.2487
72.13000 551 23.4734
72.14000 590 24.2899
72.15000 530 23.0217
72.16000 533 23.0868
72.17000 559 23.6432
72.18000 516 22.7156
72.18999 536 23.1517
72.20000 519 22.7816
72.21000 547 23.388
72.22000 537 23.1733
72.23000 498 22.3159
72.24000 515 22.6936
72.25000 512 22.6274
72.26000 545 23.3452
72.27000 515 22.6936
72.28000 540 23.2379
72.29000 506 22.4944
72.30000 537 23.1733
72.31000 548 23.4094
72.32000 541 23.2594
72.33000 528 22.9783
72.34000 513 22.6495
72.35000 566 23.7908
72.36000 518 22.7596
72.37000 561 23.6854
72.38000 541 23.2594
72.39000 584 24.1661
72.40000 548 23.4094
72.41000 551 23.4734
72.42000 544 23.3238
72.43000 543 23.3024
72.43999 588 24.2487
72.45000 582 24.1247
72.46000 585 24.1868
72.47000 568 23.8328
72.48000 563 23.7276
72.49000 597 24.4336
72.50000 582 24.1247
72.51000 590 24.2899
72.52000 604 24.5764
72.53000 582 24.1247
72.54000 609 24.6779
72.55000 625 25
72.56000 635 25.1992
72.57000 614 24.779
72.58000 641 25.318
72.59000 634 25.1794
72.60000 607 24.6374
72.61000 627 25.04
72.62000 635 25.1992
72.63000 645 25.3969
72.64000 628 25.0599
72.65000 620 24.8998
72.66000 602 24.5357
72.67000 630 25.0998
72.68000 630 25.0998
72.68999 639 25.2784
72.70000 636 25.219
72.71000 619 24.8797
72.72000 587 24.2281
72.73000 583 24.1454
72.74000 610 24.6982
72.75000 584 24.1661
72.76000 566 23.7908
72.77000 553 23.516
72.78000 588 24.2487
72.79000 567 23.8118
72.80000 546 23.3666
72.81000 560 23.6643
72.82000 570 23.8747
72.83000 533 23.0868
72.84000 524 22.891
72.85000 527 22.9565
72.86000 533 23.0868
72.87000 549 23.4307
72.88000 513 22.6495
72.89000 532 23.0651
72.90000 462 21.4942
72.91000 527 22.9565
72.92000 506 22.4944
72.93000 502 22.4054
72.93999 500 22.3607
72.95000 540 23.2379
72.96000 495 22.2486
72.97000 485 22.0227
72.98000 511 22.6053
72.99000 508 22.5389
73.00000 511 22.6053
73.01000 505 22.4722
73.02000 520 22.8035
73.03000 529 23
73.04000 505 22.4722
73.05000 563 23.7276
73.06000 527 22.9565
73.07000 506 22.4944
73.08000 561 23.6854
73.09000 519 22.7816
73.10000 500 22.3607
73.11000 514 22.6716
73.12000 534 23.1084
73.13000 516 22.7156
73.14000 535 23.1301
73.15000 499 22.3383
73.16000 487 22.0681
73.17000 482 21.9545
73.18000 537 23.1733
73.18999 507 22.5167
73.20000 508 22.5389
73.21000 519 22.7816
73.22000 511 22.6053
73.23000 526 22.9347
73.24000 506 22.4944
73.25000 535 23.1301
73.26000 523 22.8692
73.27000 537 23.1733
73.28000 540 23.2379
73.29000 540 23.2379
73.30000 538 23.1948
73.31000 538 23.1948
73.32000 555 23.5584
73.33000 544 23.3238
73.34000 567 23.8118
73.35000 577 24.0208
73.36000 559 23.6432
73.37000 578 24.0416
73.38000 588 24.2487
73.39000 630 25.0998
73.40000 655 25.593
73.41000 686 26.1916
73.42000 666 25.807
73.43000 606 24.6171
73.43999 653 25.5539
73.45000 722 26.8701
73.46000 681 26.096
73.47000 678 26.0384
73.48000 742 27.2397
73.49000 753 27.4408
73.50000 732 27.0555
73.51000 800 28.2843
73.52000 814 28.5307
73.53000 776 27.8568
73.54000 838 28.9482
73.55000 828 28.775
73.56000 786 28.0357
73.57000 818 28.6007
73.58000 897 29.95
73.59000 897 29.95
73.60000 854 29.2233
73.61000 888 29.7993
73.62000 880 29.6648
73.63000 875 29.5804
73.64000 885 29.7489
73.65000 899 29.9833
73.66000 872 29.5296
73.67000 841 29
73.68000 894 29.8998
73.68999 873 29.5466
73.70000 841 29
73.71000 839 28.9655
73.72000 863 29.3769
73.73000 779 27.9106
73.74000 803 28.3373
73.75000 798 28.2489
73.76000 764 27.6405
73.77000 738 27.1662
73.78000 725 26.9258
73.79000 702 26.4953
73.80000 664 25.7682
73.81000 649 25.4755
73.82000 671 25.9037
73.83000 653 25.5539
73.84000 605 24.5967
73.85000 577 24.0208
73.86000 592 24.3311
73.87000 593 24.3516
73.88000 554 23.5372
73.89000 574 23.9583
73.90000 566 23.7908
73.91000 520 22.8035
73.92000 548 23.4094
73.93000 517 22.7376
73.93999 544 23.3238
73.95000 533 23.0868
73.96000 499 22.3383
73.97000 519 22.7816
73.98000 514 22.6716
73.99000 511 22.6053
74.00000 498 22.3159
74.01000 512 22.6274
74.02000 542 23.2809
74.03000 516 22.7156
74.04000 547 23.388
74.05000 502 22.4054
74.06000 520 22.8035
74.07000 529 23
74.08000 501 22.383
74.09000 525 22.9129
74.10000 501 22.383
74.11000 537 23.1733
74.12000 557 23.6008
74.13000 525 22.9129
74.14000 524 22.891
74.15000 517 22.7376
74.16000 574 23.9583
74.17000 555 23.5584
74.18000 541 23.2594
74.18999 512 22.6274
74.20000 529 23
74.21000 537 23.1733
74.22000 523 22.8692
74.23000 553 23.516
74.24000 542 23.2809
74.25000 566 23.7908
74.26000 576 24
74.27000 592 24.3311
74.28000 574 23.9583
74.29000 569 23.8537
74.30000 570 23.8747
74.31000 565 23.7697
74.32000 575 23.9792
74.33000 607 24.6374
74.34000 584 24.1661
74.35000 594 24.3721
74.36000 579 24.0624
74.37000 587 24.2281
74.38000 568 23.8328
74.39000 598 24.454
74.40000 563 23.7276
74.41000 578 24.0416
74.42000 592 24.3311
74.43000 573 23.9374
74.43999 584 24.1661
74.45000 548 23.4094
74.46000 532 23.0651
74.47000 573 23.9374
74.48000 552 23.4947
74.49000 518 22.7596
74.50000 573 23.9374
74.51000 550 23.4521
74.52000 562 23.7065
74.53000 615 24.7992
74.54000 562 23.7065
74.55000 551 23.4734
74.56000 541 23.2594
74.57000 559 23.6432
74.58000 525 22.9129
74.59000 521 22.8254
74.60000 548 23.4094
74.61000 540 23.2379
74.62000 538 23.1948
74.63000 487 22.0681
74.64000 497 22.2935
74.65000 515 22.6936
74.66000 519 22.7816
74.67000 513 22.6495
74.68000 538 23.1948
74.68999 500 22.3607
74.70000 523 22.8692
74.71000 524 22.891
74.72000 518 22.7596
74.73000 492 22.1811
74.74000 533 23.0868
74.75000 542 23.2809
74.76000 501 22.383
74.77000 492 22.1811
74.78000 458 21.4009
74.79000 489 22.1133
74.80000 470 21.6795
74.81000 526 22.9347
74.82000 508 22.5389
74.83000 489 22.1133
74.84000 453 21.2838
74.85000 488 22.0907
74.86000 509 22.561
74.87000 520 22.8035
74.88000 496 22.2711
74.89000 473 21.7486
74.90000 464 21.5407
74.91000 489 22.1133
74.92000 503 22.4277
74.93000 468 21.6333
74.93999 478 21.8632
74.95000 480 21.9089
74.96000 491 22.1585
74.97000 488 22.0907
74.98000 479 21.8861
74.99000 516 22.7156
75.00000 500 22.3607
75.01000 507 22.5167
75.02000 518 22.7596
75.03000 530 23.0217
75.04000 504 22.4499
75.05000 506 22.4944
75.06000 503 22.4277
75.07000 488 22.0907
75.08000 498 22.3159
75.09000 542 23.2809
75.10000 505 22.4722
75.11000 515 22.6936
75.12000 503 22.4277
75.13000 518 22.7596
75.14000 463 21.5174
75.15000 528 22.9783
75.16000 509 22.561
75.17000 536 23.1517
75.18000 535 23.1301
75.18999 560 23.6643
75.20000 511 22.6053
75.21000 517 22.7376
75.22000 527 22.9565
75.23000 510 22.5832
75.24000 509 22.561
75.25000 549 23.4307
75.26000 538 23.1948
75.27000 563 23.7276
75.28000 545 23.3452
75.29000 524 22.891
75.30000 554 23.5372
75.31000 552 23.4947
75.32000 579 24.0624
75.33000 548 23.4094
75.34000 528 22.9783
75.35000 599 24.4745
75.36000 573 23.9374
75.37000 551 23.4734
75.38000 552 23.4947
75.39000 562 23.7065
75.40000 529 23
75.41000 546 23.3666
75.42000 552 23.4947
75.43000 566 23.7908
75.43999 592 24.3311
75.45000 589 24.2693
75.46000 575 23.9792
75.47000 557 23.6008
75.48000 588 24.2487
75.49000 580 24.0832
75.50000 617 24.8395
75.51000 594 24.3721
75.52000 556 23.5797
75.53000 605 24.5967
75.54000 547 23.388
75.55000 592 24.3311
75.56000 590 24.2899
75.57000 571 23.8956
75.58000 603 24.5561
75.59000 587 24.2281
75.60000 589 24.2693
75.61000 567 23.8118
75.62000 585 24.1868
75.63000 567 23.8118
75.64000 545 23.3452
75.65000 594 24.3721
75.66000 572 23.9165
75.67000 559 23.6432
75.68000 526 22.9347
75.68999 565 23.7697
75.70000 579 24.0624
75.71000 566 23.7908
75.72000 552 23.4947
75.73000 565 23.7697
75.74000 546 23.3666
75.75000 552 23.4947
75.76000 512 22.6274
75.77000 513 22.6495
75.78000 537 23.1733
75.79000 524 22.891
75.80000 519 22.7816
75.81000 533 23.0868
75.82000 527 22.9565
75.83000 524 22.891
75.84000 525 22.9129
75.85000 507 22.5167
75.86000 506 22.4944
75.87000 517 22.7376
75.88000 505 22.4722
75.89000 501 22.383
75.90000 513 22.6495
75.91000 493 22.2036
75.92000 536 23.1517
75.93000 526 22.9347
75.93999 494 22.2261
75.95000 507 22.5167
75.96000 539 23.2164
75.97000 533 23.0868
75.98000 548 23.4094
75.99000 569 23.8537
76.00000 537 23.1733
76.01000 523 22.8692
76.02000 542 23.2809
76.03000 555 23.5584
76.04000 540 23.2379
76.05000 558 23.622
76.06000 546 23.3666
76.07000 575 23.9792
76.08000 565 23.7697
76.09000 547 23.388
76.10000 542 23.2809
76.11000 524 22.891
76.12000 534 23.1084
76.13000 562 23.7065
76.14000 567 23.8118
76.15000 541 23.2594
76.16000 510 22.5832
76.17000 535 23.1301
76.18000 527 22.9565
76.18999 531 23.0434
76.20000 515 22.6936
76.21000 542 23.2809
76.22000 530 23.0217
76.23000 537 23.1733
76.24000 484 22
76.25000 528 22.9783
76.26000 530 23.0217
76.27000 496 22.2711
76.28000 518 22.7596
76.29000 487 22.0681
76.30000 530 23.0217
76.31000 516 22.7156
76.32000 499 22.3383
76.33000 490 22.1359
76.34000 475 21.7945
76.35000 504 22.4499
76.36000 461 21.4709
76.37000 490 22.1359
76.38000 478 21.8632
76.39000 473 21.7486
76.40000 445 21.095
76.41000 489 22.1133
76.42000 496 22.2711
76.43000 472 21.7256
76.43999 485 22.0227
76.45000 495 22.2486
76.46000 489 22.1133
76.47000 516 22.7156
76.48000 480 21.9089
76.49000 460 21.4476
76.50000 467 21.6102
76.51000 459 21.4243
76.52000 460 21.4476
76.53000 504 22.4499
76.54000 491 22.1585
76.55000 494 22.2261
76.56000 513 22.6495
76.57000 492 22.1811
76.58000 474 21.7715
76.59000 444 21.0713
76.60000 483 21.9773
76.61000 475 21.7945
76.62000 487 22.0681
76.63000 499 22.3383
76.64000 520 22.8035
76.65000 512 22.6274
76.66000 501 22.383
76.67000 491 22.1585
76.68000 515 22.6936
76.68999 481 21.9317
76.70000 493 22.2036
76.71000 484 22
76.72000 498 22.3159
76.73000 494 22.2261
76.74000 478 21.8632
76.75000 539 23.2164
76.76000 489 22.1133
76.77000 424 20.5913
76.78000 475 21.7945
76.79000 470 21.6795
76.80000 512 22.6274
76.81000 533 23.0868
76.82000 490 22.1359
76.83000 491 22.1585
76.84000 489 22.1133
76.85000 518 22.7596
76.86000 504 22.4499
76.87000 511 22.6053
76.88000 483 21.9773
76.89000 518 22.7596
76.90000 536 23.1517
76.91000 490 22.1359
76.92000 477 21.8403
76.93000 464 21.5407
76.93999 477 21.8403
76.95000 463 21.5174
76.96000 464 21.5407
76.97000 462 21.4942
76.98000 514 22.6716
76.99000 503 22.4277
77.00000 466 21.587
77.01000 499 22.3383
77.02000 466 21.587
77.03000 504 22.4499
77.04000 499 22.3383
77.05000 502 22.4054
77.06000 470 21.6795
77.07000 491 22.1585
77.08000 469 21.6564
77.09000 472 21.7256
77.10000 507 22.5167
77.11000 471 21.7025
77.12000 510 22.5832
77.13000 463 21.5174
77.14000 491 22.1585
77.15000 504 22.4499
77.16000 442 21.0238
77.17000 470 21.6795
77.18000 492 22.1811
77.18999 486 22.0454
77.20000 453 21.2838
77.21000 498 22.3159
77.22000 479 21.8861
77.23000 462 21.4942
77.24000 481 21.9317
77.25000 466 21.587
77.25999 489 22.1133
77.27000 495 22.2486
77.28000 492 22.1811
77.29000 517 22.7376
77.30000 525 22.9129
77.31000 442 21.0238
77.32000 496 22.2711
77.33000 497 22.2935
77.34000 505 22.4722
77.35000 511 22.6053
77.36000 481 21.9317
77.37000 528 22.9783
77.38000 502 22.4054
77.39000 522 22.8473
77.40000 484 22
77.41000 504 22.4499
77.42000 496 22.2711
77.43000 520 22.8035
77.43999 520 22.8035
77.45000 528 22.9783
77.46000 514 22.6716
77.47000 495 22.2486
77.48000 532 23.0651
77.49000 508 22.5389
77.50000 509 22.561
77.50999 524 22.891
77.52000 581 24.1039
77.53000 521 22.8254
77.54000 499 22.3383
77.55000 539 23.2164
77.56000 533 23.0868
77.57000 520 22.8035
77.58000 549 23.4307
77.59000 549 23.4307
77.60000 560 23.6643
77.61000 556 23.5797
77.62000 553 23.516
77.63000 550 23.4521
77.64000 557 23.6008
77.65000 545 23.3452
77.66000 556 23.5797
77.67000 540 23.2379
77.68000 550 23.4521
77.68999 546 23.3666
77.70000 551 23.4734
77.71000 546 23.3666
77.72000 578 24.0416
77.73000 573 23.9374
77.74000 569 23.8537
77.75000 565 23.7697
77.75999 536 23.1517
77.77000 562 23.7065
77.78000 541 23.2594
77.79000 576 24
77.80000 544 23.3238
77.81000 571 23.8956
77.82000 513 22.6495
77.83000 518 22.7596
77.84000 527 22.9565
77.85000 536 23.1517
77.86000 552 23.4947
77.87000 568 23.8328
77.88000 553 23.516
77.89000 596 24.4131
77.90000 553 23.516
77.91000 546 23.3666
77.92000 518 22.7596
77.93000 569 23.8537
77.93999 572 23.9165
77.95000 558 23.622
77.96000 532 23.0651
77.97000 546 23.3666
77.98000 558 23.622
77.99000 580 24.0832
78.00000 547 23.388
78.00999 563 23.7276
78.02000 539 23.2164
78.03000 519 22.7816
78.04000 570 23.8747
78.05000 548 23.4094
78.06000 521 22.8254
78.07000 574 23.9583
78.08000 538 23.1948
78.09000 582 24.1247
78.10000 512 22.6274
78.11000 503 22.4277
78.12000 520 22.8035
78.13000 504 22.4499
78.14000 556 23.5797
78.15000 567 23.8118
78.16000 555 23.5584
78.17000 523 22.8692
78.18000 609 24.6779
78.18999 586 24.2074
78.20000 531 23.0434
78.21000 557 23.6008
78.22000 565 23.7697
78.23000 581 24.1039
78.24000 549 23.4307
78.25000 550 23.4521
78.25999 583 24.1454
78.27000 601 24.5153
78.28000 560 23.6643
78.29000 558 23.622
78.30000 579 24.0624
78.31000 582 24.1247
78.32000 596 24.4131
78.33000 578 24.0416
78.34000 594 24.3721
78.35000 592 24.3311
78.36000 606 24.6171
78.37000 616 24.8193
78.38000 613 24.7588
78.39000 646 25.4165
78.40000 628 25.0599
78.41000 646 25.4165
78.42000 624 24.98
78.43000 661 25.7099
78.43999 642 25.3377
78.45000 676 26
78.46000 666 25.807
78.47000 677 26.0192
78.48000 648 25.4558
78.49000 687 26.2107
78.50000 674 25.9615
78.50999 688 26.2298
78.52000 699 26.4386
78.53000 672 25.923
78.54000 703 26.5141
78.55000 704 26.533
78.56000 671 25.9037
78.57000 698 26.4197
78.58000 663 25.7488
78.59000 697 26.4008
78.60000 708 26.6083
78.61000 696 26.3818
78.62000 720 26.8328
78.63000 707 26.5895
78.64000 689 26.2488
78.65000 675 25.9808
78.66000 634 25.1794
78.67000 661 25.7099
78.68000 674 25.9615
78.68999 649 25.4755
78.70000 654 25.5734
78.71000 639 25.2784
78.72000 586 24.2074
78.73000 578 24.0416
78.74000 597 24.4336
78.75000 557 23.6008
78.75999 573 23.9374
78.77000 563 23.7276
78.78000 572 23.9165
78.79000 549 23.4307
78.80000 529 23
78.81000 553 23.516
78.82000 526 22.9347
78.83000 552 23.4947
78.84000 525 22.9129
78.85000 516 22.7156
78.86000 505 22.4722
78.87000 553 23.516
78.88000 543 23.3024
78.89000 503 22.4277
78.90000 534 23.1084
78.91000 479 21.8861
78.92000 451 21.2368
78.93000 446 21.1187
78.93999 498 22.3159
78.95000 519 22.7816
78.96000 475 21.7945
78.97000 468 21.6333
78.98000 504 22.4499
78.99000 473 21.7486
79.00000 449 21.1896
79.00999 484 22
79.02000 539 23.2164
79.03000 486 22.0454
79.04000 484 22
79.05000 502 22.4054
79.06000 512 22.6274
79.07000 526 22.9347
79.08000 506 22.4944
79.09000 507 22.5167
79.10000 498 22.3159
79.11000 509 22.561
79.12000 482 21.9545
79.13000 456 21.3542
79.14000 486 22.0454
79.15000 527 22.9565
79.16000 492 22.1811
79.17000 507 22.5167
79.18000 526 22.9347
79.18999 493 22.2036
79.20000 531 23.0434
79.21000 478 21.8632
79.22000 534 23.1084
79.23000 536 23.1517
79.24000 538 23.1948
79.25000 502 22.4054
79.25999 530 23.0217
79.27000 534 23.1084
79.28000 550 23.4521
79.29000 577 24.0208
79.30000 563 23.7276
79.31000 564 23.7487
79.32000 578 24.0416
79.33000 585 24.1868
79.34000 537 23.1733
79.35000 559 23.6432
79.36000 585 24.1868
79.37000 556 23.5797
79.38000 543 23.3024
79.39000 552 23.4947
79.40000 564 23.7487
79.41000 595 24.3926
79.42000 564 23.7487
79.43000 576 24
79.43999 544 23.3238
79.45000 588 24.2487
79.46000 598 24.454
79.47000 558 23.622
79.48000 552 23.4947
79.49000 538 23.1948
79.50000 548 23.4094
79.50999 555 23.5584
79.52000 584 24.1661
79.53000 561 23.6854
79.54000 563 23.7276
79.55000 525 22.9129
79.56000 526 22.9347
79.57000 577 24.0208
79.58000 589 24.2693
79.59000 571 23.8956
79.60000 525 22.9129
79.61000 575 23.9792
79.62000 595 24.3926
79.63000 555 23.5584
79.64000 517 22.7376
79.65000 558 23.622
79.66000 561 23.6854
79.67000 544 23.3238
79.68000 554 23.5372
79.68999 527 22.9565
79.70000 508 22.5389
79.71000 490 22.1359
79.72000 536 23.1517
79.73000 534 23.1084
79.74000 524 22.891
79.75000 521 22.8254
79.75999 537 23.1733
79.77000 520 22.8035
79.78000 524 22.891
79.79000 535 23.1301
79.80000 553 23.516
79.81000 568 23.8328
79.82000 543 23.3024
79.83000 549 23.4307
79.84000 531 23.0434
79.85000 523 22.8692
79.86000 560 23.6643
79.87000 534 23.1084
79.88000 579 24.0624
79.89000 587 24.2281
79.90000 552 23.4947
79.91000 568 23.8328
79.92000 587 24.2281
79.93000 567 23.8118
79.93999 528 22.9783
79.95000 523 22.8692
79.96000 545 23.3452
79.97000 552 23.4947
79.98000 517 22.7376
79.99000 566 23.7908
