# columns: two_theta_deg intensity sigma
4.00000 3685 6.07457
4.01000 3681 6.06339
4.02000 3659 6.05228
4.03000 3703 6.08581
4.04000 3731 6.10847
4.05000 3733 6.10847
4.06000 3722 6.09711
4.07000 3781 6.15457
4.08000 3781 6.15457
4.09000 3791 6.15457
4.10000 3800 6.16626
4.11000 3754 6.13139
4.12000 3825 6.18984
4.13000 3868 6.2137
4.14000 3846 6.20174
4.15000 3820 6.17802
4.16000 3829 6.18984
4.17000 3838 6.18984
4.18000 3866 6.2137
4.19000 3859 6.2137
4.20000 3840 6.20174
4.21000 3808 6.16626
4.22000 3815 6.17802
4.23000 3825 6.18984
4.24000 3782 6.15457
4.25000 3858 6.2137
4.26000 3779 6.14295
4.27000 3823 6.17802
4.28000 3823 6.17802
4.29000 3832 6.18984
4.30000 3830 6.18984
4.31000 3873 6.22573
4.32000 3889 6.23783
4.33000 3836 6.18984
4.34000 3843 6.20174
4.35000 3848 6.20174
4.36000 3901 6.25
4.37000 3860 6.2137
4.38000 3868 6.2137
4.39000 3913 6.25
4.40000 3889 6.23783
4.41000 3947 6.28695
4.42000 3888 6.23783
4.43000 3907 6.25
4.44000 3960 6.28695
4.45000 3979 6.31194
4.46000 3924 6.26224
4.47000 3890 6.23783
4.48000 3931 6.27456
4.49000 3911 6.25
4.50000 3881 6.22573
4.51000 3866 6.2137
4.52000 3950 6.28695
4.53000 3933 6.27456
4.54000 3936 6.27456
4.55000 3978 6.31194
4.56000 3954 6.28695
4.57000 3940 6.27456
4.58000 3925 6.26224
4.59000 3990 6.31194
4.60000 3929 6.26224
4.61000 3945 6.28695
4.62000 3956 6.28695
4.63000 3973 6.29941
4.64000 3988 6.31194
4.65000 4018 6.33724
4.66000 4027 6.35001
4.67000 4016 6.33724
4.68000 4001 6.32456
4.69000 3976 6.29941
4.70000 3976 6.29941
4.71000 3957 6.28695
4.72000 3982 6.31194
4.73000 4026 6.35001
4.74000 4000 6.32456
4.75000 3996 6.32456
4.76000 4013 6.33724
4.77000 4057 6.37577
4.78000 4060 6.37577
4.79000 4041 6.36285
4.80000 4043 6.36285
4.81000 4006 6.32456
4.82000 3966 6.29941
4.83000 4005 6.32456
4.84000 4048 6.36285
4.85000 4018 6.33724
4.86000 4010 6.33724
4.87000 4024 6.33724
4.88000 4030 6.35001
4.89000 4022 6.33724
4.90000 3970 6.29941
4.91000 4003 6.32456
4.92000 4024 6.33724
4.93000 4003 6.32456
4.94000 4087 6.38877
4.95000 4088 6.38877
4.96000 4061 6.37577
4.97000 4078 6.38877
4.98000 4092 6.40184
4.99000 4076 6.38877
5.00000 4043 6.36285
5.01000 4020 6.33724
5.02000 4071 6.37577
5.03000 4098 6.40184
5.04000 4045 6.36285
5.05000 4063 6.37577
5.06000 4062 6.37577
5.07000 4053 6.36285
5.08000 4040 6.35001
5.09000 4056 6.36285
5.10000 4070 6.37577
5.11000 4057 6.37577
5.12000 3997 6.32456
5.13000 4014 6.33724
5.14000 4107 6.415
5.15000 4114 6.415
5.16000 4165 6.45497
5.17000 4109 6.415
5.18000 4104 6.40184
5.19000 4142 6.44157
5.20000 4116 6.415
5.21000 4142 6.44157
5.22000 4110 6.415
5.23000 4124 6.42824
5.24000 4133 6.42824
5.25000 4113 6.415
5.26000 4144 6.44157
5.27000 4133 6.42824
5.28000 4117 6.415
5.29000 4102 6.40184
5.30000 4143 6.44157
5.31000 4072 6.37577
5.32000 4097 6.40184
5.33000 4104 6.40184
5.34000 4078 6.38877
5.35000 4116 6.415
5.36000 4133 6.42824
5.37000 4110 6.415
5.38000 4156 6.44157
5.39000 4100 6.40184
5.40000 4120 6.415
5.41000 4197 6.48204
5.42000 4155 6.44157
5.43000 4154 6.44157
5.44000 4216 6.4957
5.45000 4220 6.4957
5.46000 4154 6.44157
5.47000 4155 6.44157
5.48000 4216 6.4957
5.49000 4234 6.50945
5.50000 4199 6.48204
5.51000 4185 6.46846
5.52000 4182 6.46846
5.53000 4140 6.42824
5.54000 4111 6.415
5.55000 4102 6.40184
5.56000 4172 6.45497
5.57000 4147 6.44157
5.58000 4135 6.42824
5.59000 4122 6.415
5.60000 4146 6.44157
5.61000 4199 6.48204
5.62000 4156 6.44157
5.63000 4150 6.44157
5.64000 4216 6.4957
5.65000 4236 6.50945
5.66000 4209 6.48204
5.67000 4237 6.50945
5.68000 4237 6.50945
5.69000 4201 6.48204
5.70000 4238 6.50945
5.71000 4202 6.48204
5.72000 4162 6.45497
5.73000 4211 6.4957
5.74000 4169 6.45497
5.75000 4153 6.44157
5.76000 4139 6.42824
5.77000 4133 6.42824
5.78000 4159 6.45497
5.79000 4208 6.48204
5.80000 4234 6.50945
5.81000 4191 6.46846
5.82000 4254 6.52328
5.83000 4248 6.52328
5.84000 4223 6.4957
5.85000 4245 6.50945
5.86000 4185 6.46846
5.87000 4205 6.48204
5.88000 4193 6.48204
5.89000 4223 6.4957
5.90000 4182 6.46846
5.91000 4212 6.4957
5.92000 4203 6.48204
5.93000 4171 6.45497
5.94000 4233 6.50945
5.95000 4239 6.50945
5.96000 4222 6.4957
5.97000 4210 6.48204
5.98000 4217 6.4957
5.99000 4232 6.50945
6.00000 4224 6.4957
6.01000 4266 6.5372
6.02000 4254 6.52328
6.03000 4273 6.5372
6.04000 4227 6.4957
6.05000 4167 6.45497
6.06000 4207 6.48204
6.07000 4187 6.46846
6.08000 4283 6.55122
6.09000 4273 6.5372
6.10000 4253 6.52328
6.11000 4206 6.48204
6.12000 4263 6.52328
6.13000 4279 6.5372
6.14000 4265 6.5372
6.15000 4255 6.52328
6.16000 4246 6.50945
6.17000 4227 6.4957
6.18000 4296 6.55122
6.19000 4342 6.5938
6.20000 4283 6.55122
6.21000 4288 6.55122
6.22000 4302 6.56532
6.23000 4241 6.50945
6.24000 4230 6.50945
6.25000 4238 6.50945
6.26000 4272 6.5372
6.27000 4260 6.52328
6.28000 4270 6.5372
6.29000 4284 6.55122
6.30000 4283 6.55122
6.31000 4236 6.50945
6.32000 4213 6.4957
6.33000 4232 6.50945
6.34000 4265 6.5372
6.35000 4282 6.5372
6.36000 4282 6.5372
6.37000 4269 6.5372
6.38000 4240 6.50945
6.39000 4237 6.50945
6.40000 4200 6.48204
6.41000 4197 6.48204
6.42000 4249 6.52328
6.43000 4251 6.52328
6.44000 4271 6.5372
6.45000 4269 6.5372
6.46000 4220 6.4957
6.47000 4247 6.52328
6.48000 4229 6.50945
6.49000 4244 6.50945
6.50000 4251 6.52328
6.51000 4303 6.56532
6.52000 4220 6.4957
6.53000 4308 6.56532
6.54000 4314 6.56532
6.55000 4347 6.5938
6.56000 4343 6.5938
6.57000 4328 6.57952
6.58000 4318 6.56532
6.59000 4377 6.62266
6.60000 4355 6.5938
6.61000 4328 6.57952
6.62000 4367 6.60819
6.63000 4334 6.57952
6.64000 4329 6.57952
6.65000 4395 6.62266
6.66000 4332 6.57952
6.67000 4317 6.56532
6.68000 4331 6.57952
6.69000 4340 6.5938
6.70000 4371 6.60819
6.71000 4353 6.5938
6.72000 4349 6.5938
6.73000 4403 6.63723
6.74000 4329 6.57952
6.75000 4329 6.57952
6.76000 4357 6.5938
6.77000 4330 6.57952
6.78000 4337 6.57952
6.79000 4400 6.63723
6.80000 4408 6.63723
6.81000 4399 6.63723
6.82000 4426 6.6519
6.83000 4398 6.63723
6.84000 4358 6.60819
6.85000 4408 6.63723
6.86000 4393 6.62266
6.87000 4363 6.60819
6.88000 4397 6.63723
6.89000 4398 6.63723
6.90000 4380 6.62266
6.91000 4387 6.62266
6.92000 4377 6.62266
6.93000 4389 6.62266
6.94000 4366 6.60819
6.95000 4362 6.60819
6.96000 4448 6.66667
6.97000 4418 6.6519
6.98000 4403 6.63723
6.99000 4397 6.63723
7.00000 4420 6.6519
7.01000 4438 6.66667
7.02000 4337 6.57952
7.03000 4361 6.60819
7.04000 4431 6.6519
7.05000 4423 6.6519
7.06000 4434 6.6519
7.07000 4469 6.68153
7.08000 4435 6.66667
7.09000 4433 6.6519
7.10000 4446 6.66667
7.11000 4503 6.71156
7.12000 4503 6.71156
7.13000 4528 6.72673
7.14000 4594 6.77285
7.15000 4532 6.72673
7.16000 4500 6.71156
7.17000 4462 6.68153
7.18000 4491 6.6965
7.19000 4569 6.75737
7.20000 4567 6.75737
7.21000 4560 6.75737
7.22000 4527 6.72673
7.23000 4551 6.742
7.24000 4542 6.742
7.25000 4617 6.78844
7.26000 4582 6.77285
7.27000 4564 6.75737
7.28000 4551 6.742
7.29000 4586 6.77285
7.30000 4607 6.78844
7.31000 4579 6.77285
7.32000 4572 6.75737
7.33000 4588 6.77285
7.34000 4611 6.78844
7.35000 4629 6.80414
7.36000 4611 6.78844
7.37000 4586 6.77285
7.38000 4580 6.77285
7.39000 4698 6.85189
7.40000 4773 6.90066
7.41000 4701 6.85189
7.42000 4724 6.86803
7.43000 4665 6.83586
7.44000 4679 6.83586
7.45000 4675 6.83586
7.46000 4673 6.83586
7.47000 4711 6.86803
7.48000 4726 6.86803
7.49000 4706 6.86803
7.50000 4759 6.90066
7.51000 4756 6.90066
7.52000 4758 6.90066
7.53000 4807 6.93375
7.54000 4806 6.93375
7.55000 4863 6.96733
7.56000 4882 6.9843
7.57000 4816 6.93375
7.58000 4953 7.03598
7.59000 4947 7.03598
7.60000 4946 7.03598
7.61000 4990 7.07107
7.62000 5038 7.10669
7.63000 5099 7.14286
7.64000 5183 7.19816
7.65000 5110 7.14286
7.66000 5125 7.16115
7.67000 5048 7.10669
7.68000 4970 7.05346
7.69000 4949 7.03598
7.70000 4940 7.03598
7.71000 4905 7.0014
7.72000 4870 6.9843
7.73000 4853 6.96733
7.74000 4826 6.95048
7.75000 4834 6.95048
7.76000 4900 7.0014
7.77000 4887 6.9843
7.78000 4797 6.93375
7.79000 4898 7.0014
7.80000 4923 7.01862
7.81000 4920 7.01862
7.82000 4908 7.0014
7.83000 4918 7.01862
7.84000 4870 6.9843
7.85000 4910 7.0014
7.86000 4877 6.9843
7.87000 4886 6.9843
7.88000 4905 7.0014
7.89000 4931 7.01862
7.90000 4941 7.03598
7.91000 4931 7.01862
7.92000 5000 7.07107
7.93000 5038 7.10669
7.94000 5044 7.10669
7.95000 4991 7.07107
7.96000 4983 7.05346
7.97000 5038 7.10669
7.98000 5071 7.1247
7.99000 5113 7.14286
8.00000 5167 7.17958
8.01000 5153 7.17958
8.02000 5147 7.17958
8.03000 5187 7.19816
8.04000 5159 7.17958
8.05000 5237 7.23575
8.06000 5277 7.25476
8.07000 5276 7.25476
8.08000 5209 7.21688
8.09000 5293 7.27393
8.10000 5263 7.25476
8.11000 5310 7.29325
8.12000 5310 7.29325
8.13000 5324 7.29325
8.14000 5299 7.27393
8.15000 5360 7.31272
8.16000 5377 7.33236
8.17000 5454 7.39221
8.18000 5456 7.39221
8.19000 5415 7.35215
8.20000 5422 7.3721
8.21000 5508 7.41249
8.22000 5547 7.45356
8.23000 5542 7.45356
8.24000 5562 7.45356
8.25000 5599 7.47435
8.26000 5672 7.53778
8.27000 5726 7.55929
8.28000 5717 7.55929
8.29000 5776 7.60286
8.30000 5842 7.64719
8.31000 5850 7.64719
8.32000 5853 7.64719
8.33000 5957 7.71517
8.34000 5899 7.66965
8.35000 5884 7.66965
8.36000 5924 7.69231
8.37000 5958 7.71517
8.38000 5978 7.73823
8.39000 6072 7.78499
8.40000 6260 7.90569
8.41000 6274 7.93052
8.42000 6290 7.93052
8.43000 6337 7.95557
8.44000 6365 7.98087
8.45000 6446 8.03219
8.46000 6520 8.08452
8.47000 6595 8.11107
8.48000 6629 8.13788
8.49000 6680 8.16497
8.50000 6663 8.16497
8.51000 6757 8.21995
8.52000 6770 8.21995
8.53000 6867 8.27606
8.54000 6883 8.30455
8.55000 6860 8.27606
8.56000 6845 8.27606
8.57000 6986 8.36242
8.58000 7055 8.39181
8.59000 7161 8.45154
8.60000 7167 8.45154
8.61000 7239 8.51257
8.62000 7355 8.57493
8.63000 7312 8.54358
8.64000 7379 8.57493
8.65000 7398 8.60663
8.66000 7502 8.6711
8.67000 7621 8.73704
8.68000 7613 8.73704
8.69000 7653 8.73704
8.70000 7629 8.73704
8.71000 7623 8.73704
8.72000 7839 8.83883
8.73000 7892 8.87357
8.74000 7984 8.94427
8.75000 7985 8.94427
8.76000 8028 8.94427
8.77000 8225 9.05357
8.78000 8199 9.05357
8.79000 8280 9.09091
8.80000 8339 9.12871
8.81000 8468 9.20575
8.82000 8611 9.28477
8.83000 8725 9.32505
8.84000 8792 9.36586
8.85000 8807 9.36586
8.86000 8821 9.40721
8.87000 8953 9.44911
8.88000 9023 9.49158
8.89000 9081 9.53463
8.90000 9236 9.6225
8.91000 9452 9.71286
8.92000 9586 9.80581
8.93000 9698 9.85329
8.94000 9820 9.90148
8.95000 9957 10
8.96000 10043 10
8.97000 10203 10.1015
8.98000 10278 10.1535
8.99000 10410 10.2062
9.00000 10611 10.3142
9.01000 10870 10.4257
9.02000 10991 10.4828
9.03000 11201 10.6
9.04000 11455 10.7211
9.05000 11756 10.8465
9.06000 12082 10.9764
9.07000 12168 11.0432
9.08000 12420 11.1111
9.09000 12682 11.2509
9.10000 13087 11.4708
9.11000 13485 11.6248
9.12000 13913 11.7851
9.13000 14399 12.0386
9.14000 14818 12.2169
9.15000 15221 12.3091
9.16000 15871 12.5988
9.17000 16455 12.8037
9.18000 17218 13.1306
9.19000 17840 13.3631
9.20000 18994 13.7361
9.21000 19967 14.1421
9.22000 20783 14.4338
9.23000 21400 14.5865
9.24000 21508 14.7442
9.25000 21379 14.5865
9.26000 20795 14.4338
9.27000 19554 14.0028
9.28000 18022 13.484
9.29000 16424 12.8037
9.30000 14922 12.2169
9.31000 13353 11.547
9.32000 11760 10.8465
9.33000 10445 10.2062
9.34000 9515 9.759
9.35000 8847 9.40721
9.36000 8311 9.12871
9.37000 7917 8.90871
9.38000 7574 8.70388
9.39000 7278 8.54358
9.40000 7145 8.45154
9.41000 6878 8.30455
9.42000 6765 8.21995
9.43000 6712 8.19232
9.44000 6717 8.19232
9.45000 6682 8.16497
9.46000 6664 8.16497
9.47000 6590 8.11107
9.48000 6587 8.11107
9.49000 6622 8.13788
9.50000 6684 8.16497
9.51000 6754 8.21995
9.52000 6946 8.33333
9.53000 7111 8.42152
9.54000 7179 8.48189
9.55000 7214 8.48189
9.56000 7372 8.57493
9.57000 7324 8.54358
9.58000 7301 8.54358
9.59000 7185 8.48189
9.60000 7026 8.39181
9.61000 6809 8.24786
9.62000 6602 8.13788
9.63000 6400 8.00641
9.64000 6047 7.78499
9.65000 5922 7.69231
9.66000 5709 7.55929
9.67000 5529 7.43294
9.68000 5371 7.33236
9.69000 5340 7.31272
9.70000 5245 7.23575
9.71000 5141 7.16115
9.72000 5172 7.19816
9.73000 5116 7.16115
9.74000 5088 7.1247
9.75000 5141 7.16115
9.76000 5109 7.14286
9.77000 5146 7.17958
9.78000 5182 7.19816
9.79000 5212 7.21688
9.80000 5143 7.17958
9.81000 5140 7.16115
9.82000 5152 7.17958
9.83000 5172 7.19816
9.84000 5224 7.23575
9.85000 5238 7.23575
9.86000 5227 7.23575
9.87000 5311 7.29325
9.88000 5384 7.33236
9.89000 5343 7.31272
9.90000 5448 7.3721
9.91000 5492 7.41249
9.92000 5533 7.43294
9.93000 5443 7.3721
9.94000 5530 7.43294
9.95000 5512 7.43294
9.96000 5539 7.43294
9.97000 5547 7.45356
9.98000 5569 7.45356
9.99000 5662 7.51646
10.00000 5650 7.51646
10.01000 5734 7.58098
10.02000 5855 7.64719
10.03000 5863 7.64719
10.04000 5849 7.64719
10.05000 5896 7.66965
10.06000 5916 7.69231
10.07000 5871 7.66965
10.08000 5893 7.66965
10.09000 5963 7.71517
10.10000 5958 7.71517
10.11000 5996 7.73823
10.12000 6112 7.80869
10.13000 6155 7.85674
10.14000 6173 7.85674
10.15000 6119 7.8326
10.16000 6176 7.85674
10.17000 6266 7.90569
10.18000 6329 7.95557
10.19000 6401 8.00641
10.20000 6440 8.03219
10.21000 6518 8.08452
10.22000 6469 8.03219
10.23000 6615 8.13788
10.24000 6657 8.16497
10.25000 6764 8.21995
10.26000 6845 8.27606
10.27000 6874 8.30455
10.28000 6883 8.30455
10.29000 6960 8.33333
10.30000 7144 8.45154
10.31000 7186 8.48189
10.32000 7342 8.57493
10.33000 7436 8.63868
10.34000 7523 8.6711
10.35000 7421 8.60663
10.36000 7515 8.6711
10.37000 7583 8.70388
10.38000 7738 8.80451
10.39000 7769 8.80451
10.40000 7939 8.90871
10.41000 8028 8.94427
10.42000 8127 9.0167
10.43000 8195 9.05357
10.44000 8246 9.09091
10.45000 8388 9.16698
10.46000 8414 9.16698
10.47000 8403 9.16698
10.48000 8553 9.245
10.49000 8788 9.36586
10.50000 8895 9.44911
10.51000 9026 9.49158
10.52000 9204 9.57826
10.53000 9302 9.6225
10.54000 9561 9.759
10.55000 9655 9.80581
10.56000 9763 9.90148
10.57000 9977 10
10.58000 10088 10.0504
10.59000 10215 10.1015
10.60000 10427 10.2062
10.61000 10527 10.2598
10.62000 10639 10.3142
10.63000 10821 10.4257
10.64000 10969 10.4828
10.65000 11220 10.6
10.66000 11482 10.7211
10.67000 11515 10.7211
10.68000 11689 10.7833
10.69000 11843 10.9109
10.70000 12163 11.0432
10.71000 12509 11.1803
10.72000 12741 11.3228
10.73000 13091 11.4708
10.74000 13370 11.547
10.75000 13781 11.7041
10.76000 14230 11.9523
10.77000 14614 12.1268
10.78000 15231 12.3091
10.79000 15683 12.5
10.80000 16180 12.7
10.81000 16782 12.9099
10.82000 17489 13.2453
10.83000 18201 13.484
10.84000 18886 13.7361
10.85000 19859 14.1421
10.86000 20608 14.2857
10.87000 21556 14.7442
10.88000 21976 14.7442
10.89000 22222 14.9071
10.90000 22470 14.9071
10.91000 22331 14.9071
10.92000 21764 14.7442
10.93000 20990 14.4338
10.94000 20108 14.1421
10.95000 19389 13.8675
10.96000 18485 13.6083
10.97000 17682 13.2453
10.98000 17023 13.0189
10.99000 16485 12.8037
11.00000 16076 12.7
11.01000 15470 12.4035
11.02000 14950 12.2169
11.03000 14454 12.0386
11.04000 13727 11.7041
11.05000 12883 11.3228
11.06000 11978 10.9764
11.07000 11121 10.5409
11.08000 10223 10.1015
11.09000 9609 9.80581
11.10000 9021 9.49158
11.11000 8624 9.28477
11.12000 8291 9.09091
11.13000 7950 8.90871
11.14000 7746 8.80451
11.15000 7659 8.73704
11.16000 7568 8.70388
11.17000 7490 8.63868
11.18000 7524 8.6711
11.19000 7521 8.6711
11.20000 7525 8.6711
11.21000 7589 8.70388
11.22000 7731 8.80451
11.23000 7753 8.80451
11.24000 7799 8.83883
11.25000 7766 8.80451
11.26000 7885 8.87357
11.27000 8008 8.94427
11.28000 8113 9.0167
11.29000 8197 9.05357
11.30000 8257 9.09091
11.31000 8331 9.12871
11.32000 8458 9.20575
11.33000 8577 9.245
11.34000 8728 9.32505
11.35000 8834 9.40721
11.36000 8939 9.44911
11.37000 9103 9.53463
11.38000 9236 9.6225
11.39000 9437 9.71286
11.40000 9550 9.759
11.41000 9761 9.90148
11.42000 10109 10.0504
11.43000 10405 10.2062
11.44000 10611 10.3142
11.45000 10995 10.4828
11.46000 11311 10.66
11.47000 11538 10.7211
11.48000 11983 10.9764
11.49000 12518 11.1803
11.50000 12928 11.3961
11.51000 13678 11.7041
11.52000 14316 11.9523
11.53000 14778 12.1268
11.54000 15188 12.3091
11.55000 15379 12.4035
11.56000 15171 12.3091
11.57000 14669 12.1268
11.58000 14060 11.8678
11.59000 13283 11.547
11.60000 12132 11.0432
11.61000 10974 10.4828
11.62000 9859 9.95037
11.63000 8792 9.36586
11.64000 7808 8.83883
11.65000 7140 8.45154
11.66000 6573 8.11107
11.67000 6099 7.80869
11.68000 5686 7.53778
11.69000 5388 7.33236
11.70000 5265 7.25476
11.71000 5120 7.16115
11.72000 5005 7.07107
11.73000 4904 7.0014
11.74000 4875 6.9843
11.75000 4770 6.90066
11.76000 4729 6.88428
11.77000 4724 6.86803
11.78000 4666 6.83586
11.79000 4630 6.80414
11.80000 4648 6.81994
11.81000 4627 6.80414
11.82000 4568 6.75737
11.83000 4505 6.71156
11.84000 4570 6.75737
11.85000 4528 6.72673
11.86000 4435 6.66667
11.87000 4454 6.66667
11.88000 4480 6.6965
11.89000 4525 6.72673
11.90000 4512 6.71156
11.91000 4346 6.5938
11.92000 4336 6.57952
11.93000 4299 6.55122
11.94000 4353 6.5938
11.95000 4375 6.60819
11.96000 4335 6.57952
11.97000 4333 6.57952
11.98000 4310 6.56532
11.99000 4360 6.60819
12.00000 4403 6.63723
12.01000 4401 6.63723
12.02000 4351 6.5938
12.03000 4364 6.60819
12.04000 4386 6.62266
12.05000 4364 6.60819
12.06000 4306 6.56532
12.07000 4295 6.55122
12.08000 4284 6.55122
12.09000 4313 6.56532
12.10000 4306 6.56532
12.11000 4281 6.5372
12.12000 4220 6.4957
12.13000 4189 6.46846
12.14000 4264 6.52328
12.15000 4257 6.52328
12.16000 4265 6.5372
12.17000 4241 6.50945
12.18000 4293 6.55122
12.19000 4311 6.56532
12.20000 4356 6.5938
12.21000 4358 6.60819
12.22000 4330 6.57952
12.23000 4329 6.57952
12.24000 4292 6.55122
12.25000 4306 6.56532
12.26000 4304 6.56532
12.27000 4283 6.55122
12.28000 4248 6.52328
12.29000 4291 6.55122
12.30000 4309 6.56532
12.31000 4315 6.56532
12.32000 4315 6.56532
12.33000 4305 6.56532
12.34000 4314 6.56532
12.35000 4253 6.52328
12.36000 4239 6.50945
12.37000 4249 6.52328
12.38000 4292 6.55122
12.39000 4250 6.52328
12.40000 4235 6.50945
12.41000 4242 6.50945
12.42000 4265 6.5372
12.43000 4298 6.55122
12.44000 4258 6.52328
12.45000 4235 6.50945
12.46000 4298 6.55122
12.47000 4318 6.56532
12.48000 4296 6.55122
12.49000 4325 6.57952
12.50000 4307 6.56532
12.51000 4337 6.57952
12.52000 4363 6.60819
12.53000 4331 6.57952
12.54000 4315 6.56532
12.55000 4287 6.55122
12.56000 4298 6.55122
12.57000 4282 6.5372
12.58000 4340 6.5938
12.59000 4330 6.57952
12.60000 4267 6.5372
12.61000 4219 6.4957
12.62000 4257 6.52328
12.63000 4272 6.5372
12.64000 4316 6.56532
12.65000 4364 6.60819
12.66000 4256 6.52328
12.67000 4305 6.56532
12.68000 4299 6.55122
12.69000 4291 6.55122
12.70000 4316 6.56532
12.71000 4265 6.5372
12.72000 4284 6.55122
12.73000 4284 6.55122
12.74000 4301 6.55122
12.75000 4303 6.56532
12.76000 4272 6.5372
12.77000 4292 6.55122
12.78000 4339 6.5938
12.79000 4271 6.5372
12.80000 4287 6.55122
12.81000 4317 6.56532
12.82000 4344 6.5938
12.83000 4354 6.5938
12.84000 4342 6.5938
12.85000 4268 6.5372
12.86000 4254 6.52328
12.87000 4286 6.55122
12.88000 4337 6.57952
12.89000 4416 6.6519
12.90000 4388 6.62266
12.91000 4285 6.55122
12.92000 4347 6.5938
12.93000 4367 6.60819
12.94000 4370 6.60819
12.95000 4420 6.6519
12.96000 4372 6.60819
12.97000 4374 6.60819
12.98000 4425 6.6519
12.99000 4406 6.63723
13.00000 4375 6.60819
13.01000 4401 6.63723
13.02000 4359 6.60819
13.03000 4432 6.6519
13.04000 4429 6.6519
13.05000 4404 6.63723
13.06000 4447 6.66667
13.07000 4396 6.63723
13.08000 4414 6.63723
13.09000 4459 6.68153
13.10000 4463 6.68153
13.11000 4483 6.6965
13.12000 4516 6.72673
13.13000 4469 6.68153
13.14000 4532 6.72673
13.15000 4566 6.75737
13.16000 4576 6.75737
13.17000 4600 6.78844
13.18000 4603 6.78844
13.19000 4676 6.83586
13.20000 4682 6.83586
13.21000 4685 6.85189
13.22000 4631 6.80414
13.23000 4611 6.78844
13.24000 4686 6.85189
13.25000 4787 6.91714
13.26000 4725 6.86803
13.27000 4649 6.81994
13.28000 4723 6.86803
13.29000 4758 6.90066
13.30000 4707 6.86803
13.31000 4761 6.90066
13.32000 4772 6.90066
13.33000 4830 6.95048
13.34000 4917 7.01862
13.35000 4943 7.03598
13.36000 4869 6.9843
13.37000 4872 6.9843
13.38000 4939 7.03598
13.39000 4992 7.07107
13.40000 4948 7.03598
13.41000 5038 7.10669
13.42000 5032 7.08881
13.43000 5033 7.08881
13.44000 5143 7.17958
13.45000 5186 7.19816
13.46000 5247 7.23575
13.47000 5259 7.25476
13.48000 5272 7.25476
13.49000 5327 7.29325
13.50000 5372 7.33236
13.51000 5374 7.33236
13.52000 5490 7.41249
13.53000 5505 7.41249
13.54000 5522 7.43294
13.55000 5652 7.51646
13.56000 5627 7.49532
13.57000 5732 7.58098
13.58000 5808 7.62493
13.59000 5799 7.62493
13.60000 5863 7.64719
13.61000 5997 7.73823
13.62000 6019 7.76151
13.63000 6069 7.78499
13.64000 6238 7.90569
13.65000 6302 7.93052
13.66000 6292 7.93052
13.67000 6330 7.95557
13.68000 6507 8.05823
13.69000 6592 8.11107
13.70000 6696 8.19232
13.71000 6818 8.24786
13.72000 6924 8.33333
13.73000 6998 8.36242
13.74000 7153 8.45154
13.75000 7364 8.57493
13.76000 7530 8.6711
13.77000 7743 8.80451
13.78000 8088 8.98027
13.79000 8218 9.05357
13.80000 8490 9.20575
13.81000 8768 9.36586
13.82000 9081 9.53463
13.83000 9403 9.71286
13.84000 9605 9.80581
13.85000 9561 9.759
13.86000 9589 9.80581
13.87000 9366 9.66736
13.88000 9193 9.57826
13.89000 8891 9.44911
13.90000 8595 9.28477
13.91000 8197 9.05357
13.92000 7898 8.87357
13.93000 7623 8.73704
13.94000 7436 8.63868
13.95000 7179 8.48189
13.96000 6882 8.30455
13.97000 6809 8.24786
13.98000 6813 8.24786
13.99000 6779 8.21995
14.00000 6750 8.21995
14.01000 6843 8.27606
14.02000 6842 8.27606
14.03000 6912 8.30455
14.04000 7105 8.42152
14.05000 7243 8.51257
14.06000 7276 8.54358
14.07000 7466 8.63868
14.08000 7457 8.63868
14.09000 7620 8.73704
14.10000 7806 8.83883
14.11000 7974 8.94427
14.12000 8034 8.98027
14.13000 8205 9.05357
14.14000 8293 9.09091
14.15000 8462 9.20575
14.16000 8568 9.245
14.17000 8714 9.32505
14.18000 8892 9.44911
14.19000 8834 9.40721
14.20000 8952 9.44911
14.21000 9016 9.49158
14.22000 9249 9.6225
14.23000 9417 9.71286
14.24000 9564 9.759
14.25000 9613 9.80581
14.26000 9923 9.95037
14.27000 10228 10.1015
14.28000 10457 10.2062
14.29000 10808 10.3695
14.30000 11191 10.6
14.31000 11518 10.7211
14.32000 12013 10.9764
14.33000 12555 11.1803
14.34000 13074 11.4708
14.35000 13694 11.7041
14.36000 14142 11.8678
14.37000 14680 12.1268
14.38000 15140 12.3091
14.39000 15350 12.4035
14.40000 15308 12.4035
14.41000 15131 12.3091
14.42000 14717 12.1268
14.43000 14092 11.8678
14.44000 13389 11.547
14.45000 12754 11.3228
14.46000 12038 10.9764
14.47000 11388 10.66
14.48000 10814 10.4257
14.49000 10441 10.2062
14.50000 10035 10
14.51000 9844 9.90148
14.52000 9659 9.80581
14.53000 9685 9.85329
14.54000 9638 9.80581
14.55000 9802 9.90148
14.56000 9970 10
14.57000 9951 10
14.58000 9986 10
14.59000 10224 10.1015
14.60000 10492 10.2598
14.61000 10678 10.3142
14.62000 10989 10.4828
14.63000 11240 10.6
14.64000 11525 10.7211
14.65000 11732 10.8465
14.66000 12055 10.9764
14.67000 12358 11.1111
14.68000 12824 11.3228
14.69000 13167 11.4708
14.70000 13536 11.6248
14.71000 13954 11.7851
14.72000 14515 12.0386
14.73000 15101 12.3091
14.74000 15754 12.5988
14.75000 16411 12.8037
14.76000 17088 13.0189
14.77000 17805 13.3631
14.78000 18485 13.6083
14.79000 19180 13.8675
14.80000 19546 14.0028
14.81000 20008 14.1421
14.82000 20297 14.2857
14.83000 20223 14.2857
14.84000 20111 14.1421
14.85000 20004 14.1421
14.86000 19727 14.0028
14.87000 19208 13.8675
14.88000 18751 13.7361
14.89000 18303 13.484
14.90000 17522 13.2453
14.91000 16597 12.9099
14.92000 15865 12.5988
14.93000 14995 12.2169
14.94000 13943 11.7851
14.95000 13038 11.3961
14.96000 11968 10.9109
14.97000 11178 10.6
14.98000 10621 10.3142
14.99000 10108 10.0504
15.00000 9687 9.85329
15.01000 9483 9.759
15.02000 9384 9.66736
15.03000 9252 9.6225
15.04000 9230 9.6225
15.05000 9242 9.6225
15.06000 9277 9.6225
15.07000 9267 9.6225
15.08000 9396 9.71286
15.09000 9491 9.759
15.10000 9640 9.80581
15.11000 9841 9.90148
15.12000 10029 10
15.13000 10243 10.1015
15.14000 10587 10.3142
15.15000 10798 10.3695
15.16000 11094 10.5409
15.17000 11273 10.6
15.18000 11542 10.7211
15.19000 11870 10.9109
15.20000 12335 11.1111
15.21000 12759 11.3228
15.22000 13261 11.547
15.23000 13785 11.7041
15.24000 14349 11.9523
15.25000 14671 12.1268
15.26000 15073 12.3091
15.27000 15324 12.4035
15.28000 15406 12.4035
15.29000 15349 12.4035
15.30000 15178 12.3091
15.31000 14836 12.2169
15.32000 14304 11.9523
15.33000 13872 11.7851
15.34000 13302 11.547
15.35000 12916 11.3961
15.36000 12573 11.1803
15.37000 12193 11.0432
15.38000 11971 10.9109
15.39000 12031 10.9764
15.40000 12097 10.9764
15.41000 12225 11.0432
15.42000 12519 11.1803
15.43000 12932 11.3961
15.44000 13339 11.547
15.45000 13865 11.7851
15.46000 14361 11.9523
15.47000 15062 12.3091
15.48000 15841 12.5988
15.49000 16410 12.8037
15.50000 16790 12.9099
15.51000 17090 13.0189
15.52000 17151 13.1306
15.53000 16796 12.9099
15.54000 16157 12.7
15.55000 15327 12.4035
15.56000 14183 11.8678
15.57000 12893 11.3228
15.58000 11690 10.7833
15.59000 10578 10.2598
15.60000 9489 9.759
15.61000 8445 9.20575
15.62000 7587 8.70388
15.63000 6909 8.30455
15.64000 6427 8.00641
15.65000 6060 7.78499
15.66000 5702 7.55929
15.67000 5474 7.39221
15.68000 5300 7.27393
15.69000 5256 7.25476
15.70000 5159 7.17958
15.71000 5065 7.1247
15.72000 5005 7.07107
15.73000 4884 6.9843
15.74000 4912 7.0014
15.75000 4893 7.0014
15.76000 4711 6.86803
15.77000 4752 6.90066
15.78000 4731 6.88428
15.79000 4777 6.91714
15.80000 4735 6.88428
15.81000 4679 6.83586
15.82000 4770 6.90066
15.83000 4770 6.90066
15.84000 4757 6.90066
15.85000 4780 6.91714
15.86000 4748 6.88428
15.87000 4770 6.90066
15.88000 4761 6.90066
15.89000 4772 6.90066
15.90000 4766 6.90066
15.91000 4749 6.88428
15.92000 4736 6.88428
15.93000 4737 6.88428
15.94000 4753 6.90066
15.95000 4811 6.93375
15.96000 4827 6.95048
15.97000 4834 6.95048
15.98000 4826 6.95048
15.99000 4861 6.96733
16.00000 4890 7.0014
16.01000 4925 7.01862
16.02000 5048 7.10669
16.03000 4988 7.07107
16.04000 5057 7.10669
16.05000 5032 7.08881
16.06000 5062 7.10669
16.07000 5096 7.14286
16.08000 5089 7.1247
16.09000 5136 7.16115
16.10000 5133 7.16115
16.11000 5169 7.19816
16.12000 5236 7.23575
16.13000 5315 7.29325
16.14000 5338 7.31272
16.15000 5314 7.29325
16.16000 5411 7.35215
16.17000 5479 7.39221
16.18000 5588 7.47435
16.19000 5601 7.47435
16.20000 5632 7.49532
16.21000 5698 7.53778
16.22000 5818 7.62493
16.23000 5955 7.71517
16.24000 6029 7.76151
16.25000 6118 7.8326
16.26000 6215 7.8811
16.27000 6249 7.90569
16.28000 6508 8.05823
16.29000 6638 8.13788
16.30000 6815 8.24786
16.31000 6935 8.33333
16.32000 7083 8.42152
16.33000 7213 8.48189
16.34000 7288 8.54358
16.35000 7194 8.48189
16.36000 7066 8.39181
16.37000 7034 8.39181
16.38000 6854 8.27606
16.39000 6683 8.16497
16.40000 6392 8.00641
16.41000 6069 7.78499
16.42000 5738 7.58098
16.43000 5525 7.43294
16.44000 5262 7.25476
16.45000 5070 7.1247
16.46000 4972 7.05346
16.47000 4842 6.95048
16.48000 4731 6.88428
16.49000 4608 6.78844
16.50000 4505 6.71156
16.51000 4515 6.72673
16.52000 4507 6.71156
16.53000 4494 6.6965
16.54000 4445 6.66667
16.55000 4368 6.60819
16.56000 4322 6.57952
16.57000 4373 6.60819
16.58000 4335 6.57952
16.59000 4365 6.60819
16.60000 4322 6.57952
16.61000 4335 6.57952
16.62000 4361 6.60819
16.63000 4301 6.55122
16.64000 4324 6.57952
16.65000 4297 6.55122
16.66000 4363 6.60819
16.67000 4355 6.5938
16.68000 4313 6.56532
16.69000 4360 6.60819
16.70000 4360 6.60819
16.71000 4370 6.60819
16.72000 4337 6.57952
16.73000 4328 6.57952
16.74000 4350 6.5938
16.75000 4301 6.55122
16.76000 4250 6.52328
16.77000 4316 6.56532
16.78000 4325 6.57952
16.79000 4334 6.57952
16.80000 4329 6.57952
16.81000 4327 6.57952
16.82000 4336 6.57952
16.83000 4305 6.56532
16.84000 4334 6.57952
16.85000 4364 6.60819
16.86000 4380 6.62266
16.87000 4382 6.62266
16.88000 4367 6.60819
16.89000 4416 6.6519
16.90000 4416 6.6519
16.91000 4400 6.63723
16.92000 4391 6.62266
16.93000 4405 6.63723
16.94000 4411 6.63723
16.95000 4432 6.6519
16.96000 4376 6.60819
16.97000 4353 6.5938
16.98000 4383 6.62266
16.99000 4458 6.68153
17.00000 4432 6.6519
17.01000 4462 6.68153
17.02000 4393 6.62266
17.03000 4481 6.6965
17.04000 4467 6.68153
17.05000 4454 6.66667
17.06000 4464 6.68153
17.07000 4461 6.68153
17.08000 4454 6.66667
17.09000 4497 6.71156
17.10000 4430 6.6519
17.11000 4415 6.63723
17.12000 4492 6.6965
17.13000 4459 6.68153
17.14000 4385 6.62266
17.15000 4475 6.6965
17.16000 4446 6.66667
17.17000 4383 6.62266
17.18000 4391 6.62266
17.19000 4491 6.6965
17.20000 4524 6.72673
17.21000 4488 6.6965
17.22000 4550 6.742
17.23000 4550 6.742
17.24000 4488 6.6965
17.25000 4500 6.71156
17.26000 4484 6.6965
17.27000 4559 6.75737
17.28000 4586 6.77285
17.29000 4623 6.80414
17.30000 4625 6.80414
17.31000 4627 6.80414
17.32000 4571 6.75737
17.33000 4650 6.81994
17.34000 4686 6.85189
17.35000 4654 6.81994
17.36000 4642 6.81994
17.37000 4721 6.86803
17.38000 4730 6.88428
17.39000 4739 6.88428
17.40000 4765 6.90066
17.41000 4765 6.90066
17.42000 4865 6.96733
17.43000 4881 6.9843
17.44000 4888 6.9843
17.45000 4948 7.03598
17.46000 4948 7.03598
17.47000 4930 7.01862
17.48000 5004 7.07107
17.49000 5071 7.1247
17.50000 5169 7.19816
17.51000 5115 7.14286
17.52000 5159 7.17958
17.53000 5192 7.19816
17.54000 5140 7.16115
17.55000 5181 7.19816
17.56000 5251 7.25476
17.57000 5305 7.27393
17.58000 5372 7.33236
17.59000 5448 7.3721
17.60000 5480 7.41249
17.61000 5577 7.47435
17.62000 5638 7.51646
17.63000 5684 7.53778
17.64000 5669 7.53778
17.65000 5734 7.58098
17.66000 5836 7.64719
17.67000 5996 7.73823
17.68000 6086 7.80869
17.69000 6320 7.95557
17.70000 6340 7.95557
17.71000 6397 8.00641
17.72000 6453 8.03219
17.73000 6540 8.08452
17.74000 6563 8.11107
17.75000 6641 8.13788
17.76000 6730 8.19232
17.77000 6923 8.33333
17.78000 6934 8.33333
17.79000 7085 8.42152
17.80000 7212 8.48189
17.81000 7386 8.60663
17.82000 7656 8.73704
17.83000 7836 8.83883
17.84000 8029 8.94427
17.85000 8172 9.05357
17.86000 8377 9.16698
17.87000 8547 9.245
17.88000 8763 9.36586
17.89000 9054 9.53463
17.90000 9406 9.71286
17.91000 9825 9.90148
17.92000 10172 10.1015
17.93000 10579 10.2598
17.94000 10824 10.4257
17.95000 11215 10.6
17.96000 11420 10.66
17.97000 11612 10.7833
17.98000 11730 10.8465
17.99000 11603 10.7833
18.00000 11505 10.7211
18.01000 11201 10.6
18.02000 10775 10.3695
18.03000 10251 10.1015
18.04000 9716 9.85329
18.05000 9323 9.66736
18.06000 8931 9.44911
18.07000 8606 9.28477
18.08000 8386 9.16698
18.09000 8267 9.09091
18.10000 8125 9.0167
18.11000 7991 8.94427
18.12000 8054 8.98027
18.13000 8036 8.98027
18.14000 8202 9.05357
18.15000 8329 9.12871
18.16000 8423 9.16698
18.17000 8681 9.32505
18.18000 8847 9.40721
18.19000 9009 9.49158
18.20000 9287 9.6225
18.21000 9509 9.759
18.22000 9794 9.90148
18.23000 10078 10.0504
18.24000 10444 10.2062
18.25000 10809 10.3695
18.26000 11108 10.5409
18.27000 11407 10.66
18.28000 11747 10.8465
18.29000 11831 10.8465
18.30000 11790 10.8465
18.31000 11677 10.7833
18.32000 11602 10.7833
18.33000 11409 10.66
18.34000 11242 10.6
18.35000 10989 10.4828
18.36000 10781 10.3695
18.37000 10337 10.1535
18.38000 10320 10.1535
18.39000 10256 10.1015
18.40000 10376 10.2062
18.41000 10628 10.3142
18.42000 10741 10.3695
18.43000 11003 10.4828
18.44000 11423 10.66
18.45000 11673 10.7833
18.46000 12183 11.0432
18.47000 12752 11.3228
18.48000 13067 11.3961
18.49000 13362 11.547
18.50000 13580 11.6248
18.51000 13746 11.7041
18.52000 13606 11.7041
18.53000 13352 11.547
18.54000 12947 11.3961
18.55000 12339 11.1111
18.56000 11478 10.7211
18.57000 10850 10.4257
18.58000 10279 10.1535
18.59000 9571 9.80581
18.60000 8954 9.44911
18.61000 8407 9.16698
18.62000 8065 8.98027
18.63000 7770 8.80451
18.64000 7646 8.73704
18.65000 7399 8.60663
18.66000 7312 8.54358
18.67000 7290 8.54358
18.68000 7279 8.54358
18.69000 7293 8.54358
18.70000 7361 8.57493
18.71000 7493 8.6711
18.72000 7563 8.70388
18.73000 7601 8.70388
18.74000 7665 8.77058
18.75000 7895 8.87357
18.76000 7917 8.90871
18.77000 8073 8.98027
18.78000 8217 9.05357
18.79000 8346 9.12871
18.80000 8545 9.245
18.81000 8735 9.36586
18.82000 8993 9.49158
18.83000 9329 9.66736
18.84000 9487 9.759
18.85000 9692 9.85329
18.86000 10041 10
18.87000 10413 10.2062
18.88000 10964 10.4828
18.89000 11240 10.6
18.90000 11706 10.8465
18.91000 12192 11.0432
18.92000 12879 11.3228
18.93000 13569 11.6248
18.94000 14178 11.8678
18.95000 14700 12.1268
18.96000 15307 12.4035
18.97000 15758 12.5988
18.98000 15986 12.5988
18.99000 16040 12.7
19.00000 15872 12.5988
19.01000 15420 12.4035
19.02000 14702 12.1268
19.03000 13914 11.7851
19.04000 12795 11.3228
19.05000 11671 10.7833
19.06000 10655 10.3142
19.07000 9569 9.759
19.08000 8631 9.28477
19.09000 7908 8.90871
19.10000 7316 8.54358
19.11000 6888 8.30455
19.12000 6468 8.03219
19.13000 6186 7.85674
19.14000 6038 7.76151
19.15000 5834 7.64719
19.16000 5737 7.58098
19.17000 5745 7.58098
19.18000 5692 7.53778
19.19000 5679 7.53778
19.20000 5681 7.53778
19.21000 5693 7.53778
19.22000 5686 7.53778
19.23000 5666 7.53778
19.24000 5754 7.58098
19.25000 5770 7.60286
19.26000 5780 7.60286
19.27000 5830 7.62493
19.28000 5979 7.73823
19.29000 5968 7.71517
19.30000 6039 7.76151
19.31000 6202 7.8811
19.32000 6192 7.8811
19.33000 6323 7.95557
19.34000 6428 8.00641
19.35000 6575 8.11107
19.36000 6692 8.19232
19.37000 6799 8.24786
19.38000 6871 8.27606
19.39000 6948 8.33333
19.40000 7090 8.42152
19.41000 7116 8.42152
19.42000 7363 8.57493
19.43000 7402 8.60663
19.44000 7468 8.63868
19.45000 7531 8.6711
19.46000 7672 8.77058
19.47000 7716 8.77058
19.48000 7745 8.80451
19.49000 7791 8.83883
19.50000 7880 8.87357
19.51000 8037 8.98027
19.52000 8138 9.0167
19.53000 8387 9.16698
19.54000 8511 9.245
19.55000 8703 9.32505
19.56000 8939 9.44911
19.57000 9185 9.57826
19.58000 9493 9.759
19.59000 9703 9.85329
19.60000 10031 10
19.61000 10444 10.2062
19.62000 10797 10.3695
19.63000 11260 10.6
19.64000 11825 10.8465
19.65000 12202 11.0432
19.66000 12526 11.1803
19.67000 12942 11.3961
19.68000 13041 11.3961
19.69000 13159 11.4708
19.70000 13165 11.4708
19.71000 13065 11.3961
19.72000 12843 11.3228
19.73000 12472 11.1803
19.74000 12099 10.9764
19.75000 11529 10.7211
19.76000 10972 10.4828
19.77000 10328 10.1535
19.78000 9852 9.90148
19.79000 9258 9.6225
19.80000 8707 9.32505
19.81000 8170 9.05357
19.82000 7721 8.77058
19.83000 7200 8.48189
19.84000 6831 8.27606
19.85000 6423 8.00641
19.86000 6094 7.80869
19.87000 5796 7.60286
19.88000 5648 7.51646
19.89000 5435 7.3721
19.90000 5299 7.27393
19.91000 5223 7.23575
19.92000 5188 7.19816
19.93000 5175 7.19816
19.94000 5181 7.19816
19.95000 5113 7.14286
19.96000 5171 7.19816
19.97000 5128 7.16115
19.98000 5091 7.14286
19.99000 5144 7.17958
20.00000 5104 7.14286
20.01000 5217 7.21688
20.02000 5228 7.23575
20.03000 5224 7.23575
20.04000 5339 7.31272
20.05000 5340 7.31272
20.06000 5322 7.29325
20.07000 5372 7.33236
20.08000 5424 7.3721
20.09000 5625 7.49532
20.10000 5674 7.53778
20.11000 5667 7.53778
20.12000 5776 7.60286
20.13000 5892 7.66965
20.14000 5999 7.73823
20.15000 6130 7.8326
20.16000 6281 7.93052
20.17000 6322 7.95557
20.18000 6469 8.03219
20.19000 6552 8.08452
20.20000 6639 8.13788
20.21000 6823 8.24786
20.22000 7026 8.39181
20.23000 7249 8.51257
20.24000 7381 8.60663
20.25000 7516 8.6711
20.26000 7691 8.77058
20.27000 7963 8.90871
20.28000 8158 9.0167
20.29000 8398 9.16698
20.30000 8761 9.36586
20.31000 8963 9.44911
20.32000 9141 9.57826
20.33000 9483 9.759
20.34000 9701 9.85329
20.35000 9828 9.90148
20.36000 10150 10.0504
20.37000 10453 10.2062
20.38000 10865 10.4257
20.39000 11331 10.66
20.40000 11762 10.8465
20.41000 12221 11.0432
20.42000 12739 11.3228
20.43000 13189 11.4708
20.44000 13793 11.7041
20.45000 14363 11.9523
20.46000 15046 12.3091
20.47000 15636 12.5
20.48000 16305 12.8037
20.49000 17181 13.1306
20.50000 18078 13.484
20.51000 19001 13.7361
20.52000 19999 14.1421
20.53000 21159 14.5865
20.54000 22539 15.0756
20.55000 23741 15.4303
20.56000 25153 15.8114
20.57000 26288 16.2221
20.58000 27273 16.4399
20.59000 28302 16.9031
20.60000 28843 16.9031
20.61000 28760 16.9031
20.62000 27850 16.6667
20.63000 26676 16.4399
20.64000 25254 15.8114
20.65000 23318 15.2499
20.66000 20975 14.4338
20.67000 18894 13.7361
20.68000 16679 12.9099
20.69000 14717 12.1268
20.70000 13044 11.3961
20.71000 11589 10.7833
20.72000 10581 10.2598
20.73000 9750 9.85329
20.74000 9057 9.53463
20.75000 8741 9.36586
20.76000 8388 9.16698
20.77000 8225 9.05357
20.78000 8035 8.98027
20.79000 7875 8.87357
20.80000 7789 8.83883
20.81000 7720 8.77058
20.82000 7576 8.70388
20.83000 7429 8.60663
20.84000 7152 8.45154
20.85000 6938 8.33333
20.86000 6699 8.19232
20.87000 6419 8.00641
20.88000 6224 7.8811
20.89000 5965 7.71517
20.90000 5702 7.55929
20.91000 5521 7.43294
20.92000 5330 7.29325
20.93000 5320 7.29325
20.94000 5152 7.17958
20.95000 5032 7.08881
20.96000 4938 7.01862
20.97000 4963 7.05346
20.98000 4944 7.03598
20.99000 4941 7.03598
21.00000 4933 7.01862
21.01000 4866 6.96733
21.02000 4816 6.93375
21.03000 4776 6.91714
21.04000 4833 6.95048
21.05000 4828 6.95048
21.06000 4859 6.96733
21.07000 4916 7.01862
21.08000 4908 7.0014
21.09000 4876 6.9843
21.10000 4856 6.96733
21.11000 4959 7.03598
21.12000 4974 7.05346
21.13000 4967 7.05346
21.14000 4983 7.05346
21.15000 5049 7.10669
21.16000 5123 7.16115
21.17000 5159 7.17958
21.18000 5082 7.1247
21.19000 5103 7.14286
21.20000 5201 7.21688
21.21000 5236 7.23575
21.22000 5338 7.31272
21.23000 5388 7.33236
21.24000 5457 7.39221
21.25000 5519 7.43294
21.26000 5572 7.47435
21.27000 5658 7.51646
21.28000 5734 7.58098
21.29000 5766 7.60286
21.30000 5853 7.64719
21.31000 5958 7.71517
21.32000 6023 7.76151
21.33000 6093 7.80869
21.34000 6159 7.85674
21.35000 6271 7.93052
21.36000 6403 8.00641
21.37000 6484 8.05823
21.38000 6613 8.13788
21.39000 6704 8.19232
21.40000 6678 8.16497
21.41000 6921 8.33333
21.42000 7150 8.45154
21.43000 7223 8.51257
21.44000 7397 8.60663
21.45000 7643 8.73704
21.46000 7866 8.87357
21.47000 8127 9.0167
21.48000 8408 9.16698
21.49000 8603 9.28477
21.50000 8897 9.44911
21.51000 9272 9.6225
21.52000 9680 9.85329
21.53000 10164 10.1015
21.54000 10613 10.3142
21.55000 11252 10.6
21.56000 11704 10.8465
21.57000 12178 11.0432
21.58000 12412 11.1111
21.59000 12909 11.3961
21.60000 13008 11.3961
21.61000 12928 11.3961
21.62000 12831 11.3228
21.63000 12599 11.2509
21.64000 12304 11.1111
21.65000 11851 10.9109
21.66000 11455 10.7211
21.67000 11123 10.5409
21.68000 10644 10.3142
21.69000 10133 10.0504
21.70000 9776 9.90148
21.71000 9529 9.759
21.72000 9390 9.71286
21.73000 9414 9.71286
21.74000 9413 9.71286
21.75000 9444 9.71286
21.76000 9496 9.759
21.77000 9676 9.85329
21.78000 10088 10.0504
21.79000 10486 10.2598
21.80000 10828 10.4257
21.81000 11297 10.6
21.82000 11780 10.8465
21.83000 12242 11.0432
21.84000 12919 11.3961
21.85000 13409 11.547
21.86000 13901 11.7851
21.87000 14210 11.9523
21.88000 14486 12.0386
21.89000 14697 12.1268
21.90000 14628 12.1268
21.91000 14393 12.0386
21.92000 13831 11.7851
21.93000 13306 11.547
21.94000 12585 11.2509
21.95000 11760 10.8465
21.96000 10898 10.4257
21.97000 10075 10.0504
21.98000 9341 9.66736
21.99000 8681 9.32505
22.00000 8171 9.05357
22.01000 7842 8.83883
22.02000 7554 8.70388
22.03000 7385 8.60663
22.04000 7280 8.54358
22.05000 7284 8.54358
22.06000 7267 8.51257
22.07000 7298 8.54358
22.08000 7316 8.54358
22.09000 7288 8.54358
22.10000 7206 8.48189
22.11000 7179 8.48189
22.12000 7202 8.48189
22.13000 7097 8.42152
22.14000 6875 8.30455
22.15000 6686 8.16497
22.16000 6619 8.13788
22.17000 6407 8.00641
22.18000 6150 7.8326
22.19000 5968 7.71517
22.20000 5856 7.64719
22.21000 5796 7.60286
22.22000 5692 7.53778
22.23000 5647 7.51646
22.24000 5589 7.47435
22.25000 5601 7.47435
22.26000 5564 7.45356
22.27000 5575 7.47435
22.28000 5607 7.49532
22.29000 5739 7.58098
22.30000 5657 7.51646
22.31000 5712 7.55929
22.32000 5831 7.64719
22.33000 5908 7.69231
22.34000 5946 7.71517
22.35000 6066 7.78499
22.36000 6141 7.8326
22.37000 6276 7.93052
22.38000 6353 7.98087
22.39000 6493 8.05823
22.40000 6613 8.13788
22.41000 6800 8.24786
22.42000 6982 8.36242
22.43000 7068 8.42152
22.44000 7174 8.48189
22.45000 7246 8.51257
22.46000 7367 8.57493
22.47000 7457 8.63868
22.48000 7508 8.6711
22.49000 7565 8.70388
22.50000 7726 8.80451
22.51000 7856 8.87357
22.52000 8009 8.94427
22.53000 8330 9.12871
22.54000 8444 9.20575
22.55000 8683 9.32505
22.56000 8973 9.49158
22.57000 9297 9.6225
22.58000 9774 9.90148
22.59000 9979 10
22.60000 10126 10.0504
22.61000 10275 10.1535
22.62000 10472 10.2598
22.63000 10534 10.2598
22.64000 10409 10.2062
22.65000 10419 10.2062
22.66000 10199 10.1015
22.67000 9973 10
22.68000 9802 9.90148
22.69000 9520 9.759
22.70000 9363 9.66736
22.71000 9200 9.57826
22.72000 9106 9.53463
22.73000 9155 9.57826
22.74000 9240 9.6225
22.75000 9420 9.71286
22.76000 9549 9.759
22.77000 9874 9.95037
22.78000 10261 10.1535
22.79000 10608 10.3142
22.80000 11024 10.4828
22.81000 11376 10.66
22.82000 11909 10.9109
22.83000 12430 11.1803
22.84000 12983 11.3961
22.85000 13484 11.6248
22.86000 13909 11.7851
22.87000 14704 12.1268
22.88000 15470 12.4035
22.89000 16249 12.7
22.90000 17025 13.0189
22.91000 18184 13.484
22.92000 19263 13.8675
22.93000 20220 14.2857
22.94000 21310 14.5865
22.95000 22540 15.0756
22.96000 23764 15.4303
22.97000 24882 15.8114
22.98000 25969 16.0128
22.99000 27332 16.4399
23.00000 28643 16.9031
23.01000 30258 17.4078
23.02000 32017 17.9605
23.03000 33800 18.2574
23.04000 35417 18.8982
23.05000 37533 19.245
23.06000 39912 20
23.07000 42606 20.8514
23.08000 45685 21.3201
23.09000 49038 22.3607
23.10000 52817 22.9416
23.11000 57074 23.5702
23.12000 61650 25
23.13000 66392 25.8199
23.14000 71283 26.7261
23.15000 75976 27.735
23.16000 80322 28.8675
23.17000 84164 28.8675
23.18000 86811 28.8675
23.19000 87987 30.1511
23.20000 87715 30.1511
23.21000 85470 28.8675
23.22000 81376 28.8675
23.23000 75700 27.735
23.24000 69209 26.7261
23.25000 62095 25
23.26000 54529 23.5702
23.27000 47494 21.8218
23.28000 40715 20
23.29000 35172 18.8982
23.30000 30408 17.4078
23.31000 26820 16.4399
23.32000 23629 15.4303
23.33000 21520 14.7442
23.34000 20017 14.1421
23.35000 19214 13.8675
23.36000 18474 13.6083
23.37000 17992 13.3631
23.38000 18084 13.484
23.39000 18146 13.484
23.40000 18100 13.484
23.41000 18418 13.6083
23.42000 18722 13.7361
23.43000 18768 13.7361
23.44000 18776 13.7361
23.45000 18425 13.6083
23.46000 18058 13.484
23.47000 17447 13.2453
23.48000 16826 13.0189
23.49000 16004 12.7
23.50000 15160 12.3091
23.51000 14228 11.9523
23.52000 13278 11.547
23.53000 12332 11.1111
23.54000 11585 10.7833
23.55000 10902 10.4257
23.56000 10353 10.1535
23.57000 9953 10
23.58000 9770 9.90148
23.59000 9627 9.80581
23.60000 9618 9.80581
23.61000 9652 9.80581
23.62000 9676 9.85329
23.63000 9874 9.95037
23.64000 10104 10.0504
23.65000 10303 10.1535
23.66000 10579 10.2598
23.67000 10846 10.4257
23.68000 11302 10.66
23.69000 11519 10.7211
23.70000 11719 10.8465
23.71000 12108 10.9764
23.72000 12467 11.1803
23.73000 12815 11.3228
23.74000 13157 11.4708
23.75000 13550 11.6248
23.76000 13842 11.7851
23.77000 14143 11.8678
23.78000 14415 12.0386
23.79000 14909 12.2169
23.80000 15419 12.4035
23.81000 16105 12.7
23.82000 16834 13.0189
23.83000 17451 13.2453
23.84000 17943 13.3631
23.85000 18358 13.6083
23.86000 18673 13.6083
23.87000 18784 13.7361
23.88000 18564 13.6083
23.89000 17923 13.3631
23.90000 17422 13.2453
23.91000 16421 12.8037
23.92000 15230 12.3091
23.93000 14049 11.8678
23.94000 12894 11.3228
23.95000 11776 10.8465
23.96000 10682 10.3142
23.97000 9824 9.90148
23.98000 9240 9.6225
23.99000 8498 9.20575
24.00000 7981 8.94427
24.01000 7513 8.6711
24.02000 7237 8.51257
24.03000 7042 8.39181
24.04000 7001 8.36242
24.05000 6977 8.36242
24.06000 6975 8.36242
24.07000 7010 8.36242
24.08000 7014 8.36242
24.09000 7013 8.36242
24.10000 6960 8.33333
24.11000 6972 8.36242
24.12000 7014 8.36242
24.13000 6925 8.33333
24.14000 6894 8.30455
24.15000 6760 8.21995
24.16000 6637 8.13788
24.17000 6606 8.13788
24.18000 6429 8.00641
24.19000 6233 7.90569
24.20000 6137 7.8326
24.21000 6074 7.78499
24.22000 5976 7.73823
24.23000 5995 7.73823
24.24000 5919 7.69231
24.25000 5957 7.71517
24.26000 6006 7.73823
24.27000 6099 7.80869
24.28000 6170 7.85674
24.29000 6273 7.93052
24.30000 6368 7.98087
24.31000 6503 8.05823
24.32000 6628 8.13788
24.33000 6821 8.24786
24.34000 6981 8.36242
24.35000 7094 8.42152
24.36000 7356 8.57493
24.37000 7403 8.60663
24.38000 7530 8.6711
24.39000 7601 8.70388
24.40000 7696 8.77058
24.41000 7751 8.80451
24.42000 7749 8.80451
24.43000 7720 8.77058
24.44000 7704 8.77058
24.45000 7501 8.6711
24.46000 7315 8.54358
24.47000 7091 8.42152
24.48000 6850 8.27606
24.49000 6608 8.13788
24.50000 6388 7.98087
24.51000 6133 7.8326
24.52000 5846 7.64719
24.53000 5605 7.49532
24.54000 5360 7.31272
24.55000 5185 7.19816
24.56000 4996 7.07107
24.57000 4895 7.0014
24.58000 4802 6.93375
24.59000 4685 6.85189
24.60000 4628 6.80414
24.61000 4629 6.80414
24.62000 4624 6.80414
24.63000 4600 6.78844
24.64000 4582 6.77285
24.65000 4615 6.78844
24.66000 4488 6.6965
24.67000 4525 6.72673
24.68000 4478 6.6965
24.69000 4530 6.72673
24.70000 4602 6.78844
24.71000 4540 6.742
24.72000 4614 6.78844
24.73000 4563 6.75737
24.74000 4596 6.77285
24.75000 4609 6.78844
24.76000 4616 6.78844
24.77000 4730 6.88428
24.78000 4738 6.88428
24.79000 4770 6.90066
24.80000 4841 6.95048
24.81000 4890 7.0014
24.82000 4956 7.03598
24.83000 5029 7.08881
24.84000 5081 7.1247
24.85000 5118 7.16115
24.86000 5121 7.16115
24.87000 5208 7.21688
24.88000 5286 7.27393
24.89000 5370 7.33236
24.90000 5513 7.43294
24.91000 5606 7.49532
24.92000 5762 7.58098
24.93000 5954 7.71517
24.94000 6116 7.80869
24.95000 6206 7.8811
24.96000 6433 8.03219
24.97000 6648 8.16497
24.98000 6783 8.24786
24.99000 6927 8.33333
25.00000 7183 8.48189
25.01000 7443 8.63868
25.02000 7732 8.80451
25.03000 7842 8.83883
25.04000 8050 8.98027
25.05000 8134 9.0167
25.06000 8184 9.05357
25.07000 8215 9.05357
25.08000 8143 9.0167
25.09000 7974 8.94427
25.10000 7809 8.83883
25.11000 7856 8.87357
25.12000 7613 8.73704
25.13000 7461 8.63868
25.14000 7326 8.54358
25.15000 7120 8.45154
25.16000 6989 8.36242
25.17000 6969 8.36242
25.18000 6984 8.36242
25.19000 6963 8.33333
25.20000 6985 8.36242
25.21000 7186 8.48189
25.22000 7245 8.51257
25.23000 7364 8.57493
25.24000 7584 8.70388
25.25000 7718 8.77058
25.26000 8047 8.98027
25.27000 8362 9.12871
25.28000 8612 9.28477
25.29000 8982 9.49158
25.30000 9372 9.66736
25.31000 9809 9.90148
25.32000 10197 10.1015
25.33000 10687 10.3142
25.34000 11110 10.5409
25.35000 11506 10.7211
25.36000 12129 11.0432
25.37000 12742 11.3228
25.38000 13386 11.547
25.39000 14122 11.8678
25.40000 14997 12.2169
25.41000 15821 12.5988
25.42000 16914 13.0189
25.43000 17968 13.3631
25.44000 19219 13.8675
25.45000 20406 14.2857
25.46000 21790 14.7442
25.47000 23288 15.2499
25.48000 25027 15.8114
25.49000 26451 16.2221
25.50000 27809 16.6667
25.51000 28947 16.9031
25.52000 30194 17.4078
25.53000 31045 17.6777
25.54000 31155 17.6777
25.55000 30896 17.6777
25.56000 30229 17.4078
25.57000 29528 17.1499
25.58000 28357 16.9031
25.59000 26595 16.2221
25.60000 25040 15.8114
25.61000 23386 15.2499
25.62000 21784 14.7442
25.63000 20273 14.2857
25.64000 19256 13.8675
25.65000 18293 13.484
25.66000 17283 13.1306
25.67000 16445 12.8037
25.68000 15750 12.5988
25.69000 15192 12.3091
25.70000 14725 12.1268
25.71000 13991 11.8678
25.72000 13311 11.547
25.73000 12687 11.2509
25.74000 11938 10.9109
25.75000 11331 10.66
25.76000 10662 10.3142
25.77000 10067 10.0504
25.78000 9652 9.80581
25.79000 9369 9.66736
25.80000 9251 9.6225
25.81000 9027 9.49158
25.82000 8799 9.36586
25.83000 8825 9.40721
25.84000 8898 9.44911
25.85000 8941 9.44911
25.86000 8974 9.49158
25.87000 9039 9.49158
25.88000 9247 9.6225
25.89000 9407 9.71286
25.90000 9668 9.85329
25.91000 9746 9.85329
25.92000 9776 9.90148
25.93000 9881 9.95037
25.94000 9885 9.95037
25.95000 9863 9.95037
25.96000 9701 9.85329
25.97000 9475 9.71286
25.98000 9162 9.57826
25.99000 8822 9.40721
26.00000 8412 9.16698
26.01000 7885 8.87357
26.02000 7419 8.60663
26.03000 6941 8.33333
26.04000 6559 8.11107
26.05000 6144 7.8326
26.06000 5771 7.60286
26.07000 5485 7.41249
26.08000 5212 7.21688
26.09000 5072 7.1247
26.10000 4964 7.05346
26.11000 4839 6.95048
26.12000 4808 6.93375
26.13000 4732 6.88428
26.14000 4769 6.90066
26.15000 4759 6.90066
26.16000 4713 6.86803
26.17000 4725 6.86803
26.18000 4733 6.88428
26.19000 4677 6.83586
26.20000 4721 6.86803
26.21000 4817 6.93375
26.22000 4835 6.95048
26.23000 4957 7.03598
26.24000 5002 7.07107
26.25000 5039 7.10669
26.26000 5087 7.1247
26.27000 5108 7.14286
26.28000 5140 7.16115
26.29000 5303 7.27393
26.30000 5424 7.3721
26.31000 5548 7.45356
26.32000 5651 7.51646
26.33000 5761 7.58098
26.34000 5945 7.71517
26.35000 6159 7.85674
26.36000 6326 7.95557
26.37000 6525 8.08452
26.38000 6784 8.24786
26.39000 7052 8.39181
26.40000 7290 8.54358
26.41000 7496 8.6711
26.42000 7838 8.83883
26.43000 8118 9.0167
26.44000 8482 9.20575
26.45000 8724 9.32505
26.46000 9007 9.49158
26.47000 9333 9.66736
26.48000 9647 9.80581
26.49000 9848 9.90148
26.50000 9931 9.95037
26.51000 10125 10.0504
26.52000 10207 10.1015
26.53000 10156 10.1015
26.54000 10030 10
26.55000 9946 9.95037
26.56000 9954 10
26.57000 10002 10
26.58000 9843 9.90148
26.59000 9829 9.90148
26.60000 9963 10
26.61000 9988 10
26.62000 10058 10.0504
26.63000 10083 10.0504
26.64000 10055 10.0504
26.65000 9837 9.90148
26.66000 9685 9.85329
26.67000 9345 9.66736
26.68000 8975 9.49158
26.69000 8489 9.20575
26.70000 8042 8.98027
26.71000 7439 8.63868
26.72000 6877 8.30455
26.73000 6326 7.95557
26.74000 5881 7.66965
26.75000 5468 7.39221
26.76000 5213 7.21688
26.77000 5018 7.08881
26.78000 4806 6.93375
26.79000 4644 6.81994
26.80000 4551 6.742
26.81000 4469 6.68153
26.82000 4409 6.63723
26.83000 4363 6.60819
26.84000 4266 6.5372
26.85000 4179 6.46846
26.86000 4149 6.44157
26.87000 4141 6.44157
26.88000 4115 6.415
26.89000 4142 6.44157
26.90000 4125 6.42824
26.91000 4168 6.45497
26.92000 4182 6.46846
26.93000 4205 6.48204
26.94000 4260 6.52328
26.95000 4331 6.57952
26.96000 4326 6.57952
26.97000 4327 6.57952
26.98000 4447 6.66667
26.99000 4477 6.6965
27.00000 4511 6.71156
27.01000 4574 6.75737
27.02000 4613 6.78844
27.03000 4689 6.85189
27.04000 4770 6.90066
27.05000 4805 6.93375
27.06000 4882 6.9843
27.07000 4935 7.01862
27.08000 4987 7.05346
27.09000 5127 7.16115
27.10000 5244 7.23575
27.11000 5402 7.35215
27.12000 5611 7.49532
27.13000 5775 7.60286
27.14000 5883 7.66965
27.15000 6012 7.76151
27.16000 6262 7.90569
27.17000 6476 8.05823
27.18000 6739 8.21995
27.19000 6959 8.33333
27.20000 7265 8.51257
27.21000 7607 8.73704
27.22000 7880 8.87357
27.23000 8221 9.05357
27.24000 8476 9.20575
27.25000 8652 9.28477
27.26000 8859 9.40721
27.27000 9068 9.53463
27.28000 9174 9.57826
27.29000 9136 9.57826
27.30000 9088 9.53463
27.31000 9060 9.53463
27.32000 8945 9.44911
27.33000 8788 9.36586
27.34000 8656 9.28477
27.35000 8539 9.245
27.36000 8495 9.20575
27.37000 8491 9.20575
27.38000 8533 9.245
27.39000 8657 9.28477
27.40000 8767 9.36586
27.41000 8871 9.40721
27.42000 9042 9.49158
27.43000 9086 9.53463
27.44000 9174 9.57826
27.45000 9110 9.53463
27.46000 8846 9.40721
27.47000 8604 9.28477
27.48000 8261 9.09091
27.49000 7923 8.90871
27.50000 7488 8.63868
27.51000 7021 8.39181
27.52000 6505 8.05823
27.53000 6052 7.78499
27.54000 5654 7.51646
27.55000 5413 7.35215
27.56000 5100 7.14286
27.57000 4824 6.95048
27.58000 4683 6.83586
27.59000 4547 6.742
27.60000 4399 6.63723
27.61000 4337 6.57952
27.62000 4295 6.55122
27.63000 4285 6.55122
27.64000 4295 6.55122
27.65000 4303 6.56532
27.66000 4205 6.48204
27.67000 4170 6.45497
27.68000 4224 6.4957
27.69000 4252 6.52328
27.70000 4279 6.5372
27.71000 4210 6.48204
27.72000 4253 6.52328
27.73000 4363 6.60819
27.74000 4441 6.66667
27.75000 4446 6.66667
27.76000 4437 6.66667
27.77000 4530 6.72673
27.78000 4575 6.75737
27.79000 4699 6.85189
27.80000 4807 6.93375
27.81000 4849 6.96733
27.82000 4901 7.0014
27.83000 5064 7.1247
27.84000 5197 7.21688
27.85000 5312 7.29325
27.86000 5511 7.43294
27.87000 5661 7.51646
27.88000 5773 7.60286
27.89000 5860 7.64719
27.90000 5945 7.71517
27.91000 6010 7.76151
27.92000 5985 7.73823
27.93000 5977 7.73823
27.94000 5935 7.71517
27.95000 5793 7.60286
27.96000 5627 7.49532
27.97000 5571 7.45356
27.98000 5318 7.29325
27.99000 5176 7.19816
28.00000 4923 7.01862
28.01000 4794 6.91714
28.02000 4593 6.77285
28.03000 4416 6.6519
28.04000 4323 6.57952
28.05000 4268 6.5372
28.06000 4168 6.45497
28.07000 4103 6.40184
28.08000 4092 6.40184
28.09000 4065 6.37577
28.10000 4028 6.35001
28.11000 4095 6.40184
28.12000 4078 6.38877
28.13000 4104 6.40184
28.14000 4117 6.415
28.15000 4152 6.44157
28.16000 4141 6.44157
28.17000 4258 6.52328
28.18000 4341 6.5938
28.19000 4350 6.5938
28.20000 4399 6.63723
28.21000 4458 6.68153
28.22000 4513 6.71156
28.23000 4575 6.75737
28.24000 4635 6.80414
28.25000 4731 6.88428
28.26000 4830 6.95048
28.27000 4938 7.01862
28.28000 5054 7.10669
28.29000 5183 7.19816
28.30000 5373 7.33236
28.31000 5511 7.43294
28.32000 5681 7.53778
28.33000 5841 7.64719
28.34000 6018 7.76151
28.35000 6229 7.8811
28.36000 6384 7.98087
28.37000 6577 8.11107
28.38000 6752 8.21995
28.39000 6915 8.30455
28.40000 7124 8.45154
28.41000 7255 8.51257
28.42000 7425 8.60663
28.43000 7483 8.63868
28.44000 7758 8.80451
28.45000 7814 8.83883
28.46000 8021 8.94427
28.47000 8226 9.05357
28.48000 8417 9.16698
28.49000 8609 9.28477
28.50000 8756 9.36586
28.51000 8794 9.36586
28.52000 8834 9.40721
28.53000 8933 9.44911
28.54000 8888 9.40721
28.55000 8829 9.40721
28.56000 8733 9.32505
28.57000 8506 9.20575
28.58000 8226 9.05357
28.59000 7960 8.90871
28.60000 7581 8.70388
28.61000 7239 8.51257
28.62000 6946 8.33333
28.63000 6716 8.19232
28.64000 6462 8.03219
28.65000 6301 7.93052
28.66000 6230 7.8811
28.67000 6152 7.8326
28.68000 6199 7.8811
28.69000 6274 7.93052
28.70000 6334 7.95557
28.71000 6361 7.98087
28.72000 6385 7.98087
28.73000 6491 8.05823
28.74000 6667 8.16497
28.75000 6806 8.24786
28.76000 6948 8.33333
28.77000 7210 8.48189
28.78000 7408 8.60663
28.79000 7671 8.77058
28.80000 7884 8.87357
28.81000 8257 9.09091
28.82000 8598 9.28477
28.83000 9043 9.49158
28.84000 9529 9.759
28.85000 9942 9.95037
28.86000 10414 10.2062
28.87000 10957 10.4828
28.88000 11618 10.7833
28.89000 12244 11.0432
28.90000 12710 11.2509
28.91000 13026 11.3961
28.92000 13549 11.6248
28.93000 13919 11.7851
28.94000 14058 11.8678
28.95000 14021 11.8678
28.96000 13848 11.7851
28.97000 13573 11.6248
28.98000 13158 11.4708
28.99000 12643 11.2509
29.00000 12045 10.9764
29.01000 11426 10.66
29.02000 10783 10.3695
29.03000 10143 10.0504
29.04000 9470 9.71286
29.05000 8940 9.44911
29.06000 8438 9.16698
29.07000 7922 8.90871
29.08000 7393 8.60663
29.09000 6917 8.30455
29.10000 6593 8.11107
29.11000 6281 7.93052
29.12000 5872 7.66965
29.13000 5552 7.45356
29.14000 5351 7.31272
29.15000 5085 7.1247
29.16000 4831 6.95048
29.17000 4610 6.78844
29.18000 4480 6.6965
29.19000 4348 6.5938
29.20000 4214 6.4957
29.21000 4108 6.415
29.22000 4070 6.37577
29.23000 3938 6.27456
29.24000 3918 6.26224
29.25000 3789 6.15457
29.26000 3720 6.09711
29.27000 3702 6.08581
29.28000 3714 6.09711
29.29000 3724 6.09711
29.30000 3671 6.06339
29.31000 3676 6.06339
29.32000 3707 6.08581
29.33000 3646 6.04122
29.34000 3626 6.01929
29.35000 3622 6.01929
29.36000 3590 5.98684
29.37000 3623 6.01929
29.38000 3609 6.00842
29.39000 3655 6.04122
29.40000 3689 6.07457
29.41000 3667 6.05228
29.42000 3634 6.03023
29.43000 3659 6.05228
29.44000 3682 6.06339
29.45000 3708 6.08581
29.46000 3755 6.13139
29.47000 3794 6.15457
29.48000 3824 6.17802
29.49000 3814 6.17802
29.50000 3876 6.22573
29.51000 3852 6.20174
29.52000 3941 6.27456
29.53000 3987 6.31194
29.54000 4057 6.37577
29.55000 4019 6.33724
29.56000 4097 6.40184
29.57000 4127 6.42824
29.58000 4204 6.48204
29.59000 4303 6.56532
29.60000 4283 6.55122
29.61000 4197 6.48204
29.62000 4170 6.45497
29.63000 4148 6.44157
29.64000 4110 6.415
29.65000 4067 6.37577
29.66000 4041 6.36285
29.67000 3937 6.27456
29.68000 3882 6.22573
29.69000 3849 6.20174
29.70000 3872 6.22573
29.71000 3791 6.15457
29.72000 3740 6.1199
29.73000 3680 6.06339
29.74000 3695 6.07457
29.75000 3683 6.06339
29.76000 3728 6.10847
29.77000 3684 6.07457
29.78000 3699 6.08581
29.79000 3701 6.08581
29.80000 3709 6.08581
29.81000 3776 6.14295
29.82000 3814 6.17802
29.83000 3828 6.18984
29.84000 3851 6.20174
29.85000 3893 6.23783
29.86000 3851 6.20174
29.87000 3902 6.25
29.88000 3985 6.31194
29.89000 4029 6.35001
29.90000 4041 6.36285
29.91000 3978 6.31194
29.92000 4089 6.38877
29.93000 4127 6.42824
29.94000 4203 6.48204
29.95000 4256 6.52328
29.96000 4274 6.5372
29.97000 4350 6.5938
29.98000 4440 6.66667
29.99000 4489 6.6965
30.00000 4577 6.77285
30.01000 4688 6.85189
30.02000 4724 6.86803
30.03000 4799 6.93375
30.04000 4833 6.95048
30.05000 4780 6.91714
30.06000 4848 6.96733
30.07000 4793 6.91714
30.08000 4679 6.83586
30.09000 4574 6.75737
30.10000 4577 6.77285
30.11000 4511 6.71156
30.12000 4432 6.6519
30.13000 4348 6.5938
30.14000 4298 6.55122
30.15000 4201 6.48204
30.16000 4221 6.4957
30.17000 4155 6.44157
30.18000 4097 6.40184
30.19000 4192 6.46846
30.20000 4169 6.45497
30.21000 4189 6.46846
30.22000 4189 6.46846
30.23000 4233 6.50945
30.24000 4298 6.55122
30.25000 4343 6.5938
30.26000 4404 6.63723
30.27000 4444 6.66667
30.28000 4613 6.78844
30.29000 4751 6.90066
30.30000 4811 6.93375
30.31000 4792 6.91714
30.32000 4819 6.93375
30.33000 4962 7.03598
30.34000 5007 7.07107
30.35000 5050 7.10669
30.36000 5064 7.1247
30.37000 5041 7.10669
30.38000 5087 7.1247
30.39000 5183 7.19816
30.40000 5210 7.21688
30.41000 5268 7.25476
30.42000 5377 7.33236
30.43000 5485 7.41249
30.44000 5516 7.43294
30.45000 5533 7.43294
30.46000 5577 7.47435
30.47000 5746 7.58098
30.48000 5701 7.55929
30.49000 5701 7.55929
30.50000 5659 7.51646
30.51000 5617 7.49532
30.52000 5556 7.45356
30.53000 5508 7.41249
30.54000 5554 7.45356
30.55000 5505 7.41249
30.56000 5457 7.39221
30.57000 5513 7.43294
30.58000 5509 7.41249
30.59000 5613 7.49532
30.60000 5611 7.49532
30.61000 5778 7.60286
30.62000 5965 7.71517
30.63000 6043 7.78499
30.64000 6238 7.90569
30.65000 6522 8.08452
30.66000 6757 8.21995
30.67000 6919 8.30455
30.68000 7143 8.45154
30.69000 7459 8.63868
30.70000 7666 8.77058
30.71000 7914 8.90871
30.72000 8321 9.12871
30.73000 8684 9.32505
30.74000 9146 9.57826
30.75000 9628 9.80581
30.76000 10002 10
30.77000 10382 10.2062
30.78000 10727 10.3695
30.79000 11196 10.6
30.80000 11527 10.7211
30.81000 11850 10.9109
30.82000 11980 10.9764
30.83000 11853 10.9109
30.84000 11729 10.8465
30.85000 11424 10.66
30.86000 10995 10.4828
30.87000 10460 10.2062
30.88000 9853 9.95037
30.89000 9178 9.57826
30.90000 8483 9.20575
30.91000 7845 8.87357
30.92000 7258 8.51257
30.93000 6647 8.16497
30.94000 6097 7.80869
30.95000 5667 7.53778
30.96000 5391 7.35215
30.97000 5061 7.10669
30.98000 4730 6.88428
30.99000 4554 6.742
31.00000 4409 6.63723
31.01000 4255 6.52328
31.02000 4184 6.46846
31.03000 4132 6.42824
31.04000 4138 6.42824
31.05000 4113 6.415
31.06000 4048 6.36285
31.07000 4018 6.33724
31.08000 3993 6.32456
31.09000 4005 6.32456
31.10000 4017 6.33724
31.11000 3998 6.32456
31.12000 4048 6.36285
31.13000 4062 6.37577
31.14000 4152 6.44157
31.15000 4135 6.42824
31.16000 4180 6.46846
31.17000 4224 6.4957
31.18000 4344 6.5938
31.19000 4332 6.57952
31.20000 4417 6.6519
31.21000 4582 6.77285
31.22000 4715 6.86803
31.23000 4831 6.95048
31.24000 4981 7.05346
31.25000 5098 7.14286
31.26000 5283 7.27393
31.27000 5439 7.3721
31.28000 5632 7.49532
31.29000 5785 7.60286
31.30000 5976 7.73823
31.31000 6125 7.8326
31.32000 6319 7.95557
31.33000 6406 8.00641
31.34000 6475 8.05823
31.35000 6531 8.08452
31.36000 6494 8.05823
31.37000 6453 8.03219
31.38000 6358 7.98087
31.39000 6301 7.93052
31.40000 6184 7.85674
31.41000 6031 7.76151
31.42000 5853 7.64719
31.43000 5823 7.62493
31.44000 5608 7.49532
31.45000 5476 7.39221
31.46000 5422 7.3721
31.47000 5309 7.29325
31.48000 5184 7.19816
31.49000 5058 7.10669
31.50000 5064 7.1247
31.51000 5162 7.17958
31.52000 5130 7.16115
31.53000 5202 7.21688
31.54000 5261 7.25476
31.55000 5264 7.25476
31.56000 5260 7.25476
31.57000 5188 7.19816
31.58000 5207 7.21688
31.59000 5144 7.17958
31.60000 5045 7.10669
31.61000 4925 7.01862
31.62000 4840 6.95048
31.63000 4732 6.88428
31.64000 4579 6.77285
31.65000 4464 6.68153
31.66000 4253 6.52328
31.67000 4104 6.40184
31.68000 3988 6.31194
31.69000 3897 6.23783
31.70000 3789 6.15457
31.71000 3686 6.07457
31.72000 3637 6.03023
31.73000 3581 5.98684
31.74000 3561 5.9655
31.75000 3559 5.9655
31.76000 3526 5.93391
31.77000 3440 5.8621
31.78000 3392 5.82223
31.79000 3446 5.8722
31.80000 3395 5.82223
31.81000 3379 5.81238
31.82000 3378 5.81238
31.83000 3439 5.8621
31.84000 3492 5.91312
31.85000 3448 5.8722
31.86000 3379 5.81238
31.87000 3347 5.78315
31.88000 3338 5.7735
31.89000 3386 5.82223
31.90000 3372 5.80259
31.91000 3404 5.83212
31.92000 3407 5.83212
31.93000 3369 5.80259
31.94000 3388 5.82223
31.95000 3328 5.7735
31.96000 3379 5.81238
31.97000 3436 5.8621
31.98000 3349 5.78315
31.99000 3335 5.7735
32.00000 3377 5.81238
32.01000 3328 5.7735
32.02000 3317 5.7639
32.03000 3413 5.84206
32.04000 3368 5.80259
32.05000 3371 5.80259
32.06000 3371 5.80259
32.07000 3407 5.83212
32.08000 3365 5.80259
32.09000 3370 5.80259
32.10000 3415 5.84206
32.11000 3438 5.8621
32.12000 3404 5.83212
32.13000 3410 5.84206
32.14000 3443 5.8722
32.15000 3435 5.8621
32.16000 3462 5.88235
32.17000 3498 5.91312
32.18000 3452 5.8722
32.19000 3472 5.89256
32.20000 3421 5.85206
32.21000 3461 5.88235
32.22000 3476 5.89256
32.23000 3539 5.94438
32.24000 3591 5.9976
32.25000 3649 6.04122
32.26000 3653 6.04122
32.27000 3681 6.06339
32.28000 3665 6.05228
32.29000 3719 6.09711
32.30000 3767 6.14295
32.31000 3775 6.14295
32.32000 3813 6.17802
32.33000 3884 6.23783
32.34000 4023 6.33724
32.35000 4068 6.37577
32.36000 4071 6.37577
32.37000 4149 6.44157
32.38000 4210 6.48204
32.39000 4284 6.55122
32.40000 4392 6.62266
32.41000 4527 6.72673
32.42000 4528 6.72673
32.43000 4531 6.72673
32.44000 4594 6.77285
32.45000 4646 6.81994
32.46000 4665 6.83586
32.47000 4750 6.88428
32.48000 4820 6.95048
32.49000 4896 7.0014
32.50000 4925 7.01862
32.51000 5006 7.07107
32.52000 5039 7.10669
32.53000 5194 7.19816
32.54000 5280 7.27393
32.55000 5395 7.35215
32.56000 5553 7.45356
32.57000 5663 7.51646
32.58000 5733 7.58098
32.59000 5806 7.62493
32.60000 5941 7.71517
32.61000 6103 7.80869
32.62000 6090 7.80869
32.63000 6054 7.78499
32.64000 6051 7.78499
32.65000 5990 7.73823
32.66000 5862 7.64719
32.67000 5771 7.60286
32.68000 5687 7.53778
32.69000 5505 7.41249
32.70000 5354 7.31272
32.71000 5222 7.23575
32.72000 5147 7.17958
32.73000 5096 7.14286
32.74000 5016 7.08881
32.75000 5040 7.10669
32.76000 4958 7.03598
32.77000 4999 7.07107
32.78000 5016 7.08881
32.79000 5114 7.14286
32.80000 5266 7.25476
32.81000 5465 7.39221
32.82000 5620 7.49532
32.83000 5833 7.64719
32.84000 6213 7.8811
32.85000 6390 8.00641
32.86000 6705 8.19232
32.87000 6952 8.33333
32.88000 7193 8.48189
32.89000 7376 8.57493
32.90000 7488 8.63868
32.91000 7688 8.77058
32.92000 7867 8.87357
32.93000 7893 8.87357
32.94000 7978 8.94427
32.95000 8076 8.98027
32.96000 7989 8.94427
32.97000 7858 8.87357
32.98000 7691 8.77058
32.99000 7729 8.80451
33.00000 7757 8.80451
33.01000 7622 8.73704
33.02000 7519 8.6711
33.03000 7323 8.54358
33.04000 7240 8.51257
33.05000 7098 8.42152
33.06000 6829 8.27606
33.07000 6587 8.11107
33.08000 6371 7.98087
33.09000 6175 7.85674
33.10000 5853 7.64719
33.11000 5565 7.45356
33.12000 5331 7.29325
33.13000 5093 7.14286
33.14000 4944 7.03598
33.15000 4798 6.93375
33.16000 4707 6.86803
33.17000 4589 6.77285
33.18000 4467 6.68153
33.19000 4446 6.66667
33.20000 4354 6.5938
33.21000 4291 6.55122
33.22000 4278 6.5372
33.23000 4225 6.4957
33.24000 4180 6.46846
33.25000 4084 6.38877
33.26000 4030 6.35001
33.27000 3983 6.31194
33.28000 3946 6.28695
33.29000 3934 6.27456
33.30000 3943 6.27456
33.31000 3949 6.28695
33.32000 3947 6.28695
33.33000 3955 6.28695
33.34000 3992 6.31194
33.35000 4044 6.36285
33.36000 4043 6.36285
33.37000 4070 6.37577
33.38000 4111 6.415
33.39000 4209 6.48204
33.40000 4312 6.56532
33.41000 4322 6.57952
33.42000 4474 6.68153
33.43000 4531 6.72673
33.44000 4603 6.78844
33.45000 4702 6.85189
33.46000 4751 6.90066
33.47000 4823 6.95048
33.48000 4865 6.96733
33.49000 4911 7.0014
33.50000 4927 7.01862
33.51000 5011 7.07107
33.52000 4934 7.01862
33.53000 4879 6.9843
33.54000 4967 7.05346
33.55000 4945 7.03598
33.56000 4803 6.93375
33.57000 4720 6.86803
33.58000 4599 6.78844
33.59000 4467 6.68153
33.60000 4347 6.5938
33.61000 4159 6.45497
33.62000 4013 6.33724
33.63000 3907 6.25
33.64000 3806 6.16626
33.65000 3679 6.06339
33.66000 3594 5.9976
33.67000 3536 5.94438
33.68000 3494 5.91312
33.69000 3459 5.88235
33.70000 3462 5.88235
33.71000 3464 5.88235
33.72000 3418 5.84206
33.73000 3453 5.8722
33.74000 3483 5.90281
33.75000 3516 5.93391
33.76000 3484 5.90281
33.77000 3517 5.93391
33.78000 3563 5.9655
33.79000 3653 6.04122
33.80000 3729 6.10847
33.81000 3745 6.1199
33.82000 3724 6.09711
33.83000 3844 6.20174
33.84000 3922 6.26224
33.85000 4011 6.33724
33.86000 4094 6.40184
33.87000 4209 6.48204
33.88000 4266 6.5372
33.89000 4392 6.62266
33.90000 4558 6.75737
33.91000 4736 6.88428
33.92000 4854 6.96733
33.93000 4970 7.05346
33.94000 5118 7.16115
33.95000 5224 7.23575
33.96000 5397 7.35215
33.97000 5551 7.45356
33.98000 5636 7.51646
33.99000 5685 7.53778
34.00000 5718 7.55929
34.01000 5664 7.51646
34.02000 5683 7.53778
34.03000 5508 7.41249
34.04000 5398 7.35215
34.05000 5206 7.21688
34.06000 5032 7.08881
34.07000 4870 6.9843
34.08000 4606 6.78844
34.09000 4369 6.60819
34.10000 4132 6.42824
34.11000 3964 6.29941
34.12000 3860 6.2137
34.13000 3770 6.14295
34.14000 3667 6.05228
34.15000 3611 6.00842
34.16000 3516 5.93391
34.17000 3497 5.91312
34.18000 3514 5.92349
34.19000 3471 5.89256
34.20000 3412 5.84206
34.21000 3413 5.84206
34.22000 3469 5.89256
34.23000 3421 5.85206
34.24000 3452 5.8722
34.25000 3463 5.88235
34.26000 3455 5.88235
34.27000 3496 5.91312
34.28000 3509 5.92349
34.29000 3551 5.95491
34.30000 3576 5.97614
34.31000 3588 5.98684
34.32000 3616 6.00842
34.33000 3687 6.07457
34.34000 3755 6.13139
34.35000 3831 6.18984
34.36000 3859 6.2137
34.37000 3936 6.27456
34.38000 3943 6.27456
34.39000 4033 6.35001
34.40000 3976 6.29941
34.41000 3996 6.32456
34.42000 3988 6.31194
34.43000 3897 6.23783
34.44000 3889 6.23783
34.45000 3857 6.2137
34.46000 3881 6.22573
34.47000 3869 6.22573
34.48000 3856 6.2137
34.49000 3855 6.2137
34.50000 3800 6.16626
34.51000 3877 6.22573
34.52000 3878 6.22573
34.53000 3836 6.18984
34.54000 3844 6.20174
34.55000 3880 6.22573
34.56000 3940 6.27456
34.57000 4050 6.36285
34.58000 4136 6.42824
34.59000 4227 6.4957
34.60000 4284 6.55122
34.61000 4336 6.57952
34.62000 4406 6.63723
34.63000 4539 6.742
34.64000 4724 6.86803
34.65000 4808 6.93375
34.66000 4972 7.05346
34.67000 5155 7.17958
34.68000 5325 7.29325
34.69000 5447 7.3721
34.70000 5605 7.49532
34.71000 5782 7.60286
34.72000 5833 7.64719
34.73000 5951 7.71517
34.74000 6010 7.76151
34.75000 5946 7.71517
34.76000 5866 7.66965
34.77000 5819 7.62493
34.78000 5739 7.58098
34.79000 5498 7.41249
34.80000 5270 7.25476
34.81000 5100 7.14286
34.82000 5034 7.08881
34.83000 4859 6.96733
34.84000 4655 6.81994
34.85000 4553 6.742
34.86000 4531 6.72673
34.87000 4439 6.66667
34.88000 4379 6.62266
34.89000 4388 6.62266
34.90000 4380 6.62266
34.91000 4359 6.60819
34.92000 4317 6.56532
34.93000 4398 6.63723
34.94000 4374 6.60819
34.95000 4396 6.63723
34.96000 4390 6.62266
34.97000 4391 6.62266
34.98000 4409 6.63723
34.99000 4457 6.68153
35.00000 4426 6.6519
35.01000 4457 6.68153
35.02000 4533 6.72673
35.03000 4504 6.71156
35.04000 4575 6.75737
35.05000 4539 6.742
35.06000 4496 6.71156
35.07000 4390 6.62266
35.08000 4393 6.62266
35.09000 4370 6.60819
35.10000 4313 6.56532
35.11000 4249 6.52328
35.12000 4187 6.46846
35.13000 4129 6.42824
35.14000 4152 6.44157
35.15000 4129 6.42824
35.16000 4009 6.33724
35.17000 3954 6.28695
35.18000 3878 6.22573
35.19000 3757 6.13139
35.20000 3725 6.10847
35.21000 3624 6.01929
35.22000 3574 5.97614
35.23000 3467 5.89256
35.24000 3413 5.84206
35.25000 3356 5.79284
35.26000 3368 5.80259
35.27000 3362 5.80259
35.28000 3332 5.7735
35.29000 3329 5.7735
35.30000 3304 5.74485
35.31000 3366 5.80259
35.32000 3354 5.79284
35.33000 3349 5.78315
35.34000 3354 5.79284
35.35000 3364 5.80259
35.36000 3445 5.8722
35.37000 3484 5.90281
35.38000 3463 5.88235
35.39000 3546 5.95491
35.40000 3560 5.9655
35.41000 3620 6.01929
35.42000 3682 6.06339
35.43000 3754 6.13139
35.44000 3795 6.15457
35.45000 3815 6.17802
35.46000 3934 6.27456
35.47000 4029 6.35001
35.48000 4127 6.42824
35.49000 4240 6.50945
35.50000 4422 6.6519
35.51000 4544 6.742
35.52000 4567 6.75737
35.53000 4799 6.93375
35.54000 4993 7.07107
35.55000 5156 7.17958
35.56000 5308 7.29325
35.57000 5475 7.39221
35.58000 5594 7.47435
35.59000 5711 7.55929
35.60000 5833 7.64719
35.61000 5860 7.64719
35.62000 5863 7.64719
35.63000 5892 7.66965
35.64000 5763 7.58098
35.65000 5616 7.49532
35.66000 5421 7.3721
35.67000 5277 7.25476
35.68000 5056 7.10669
35.69000 4814 6.93375
35.70000 4695 6.85189
35.71000 4443 6.66667
35.72000 4234 6.50945
35.73000 4169 6.45497
35.74000 4050 6.36285
35.75000 3902 6.25
35.76000 3802 6.16626
35.77000 3725 6.10847
35.78000 3668 6.05228
35.79000 3702 6.08581
35.80000 3685 6.07457
35.81000 3643 6.04122
35.82000 3663 6.05228
35.83000 3654 6.04122
35.84000 3709 6.08581
35.85000 3749 6.1199
35.86000 3767 6.14295
35.87000 3801 6.16626
35.88000 3917 6.26224
35.89000 3989 6.31194
35.90000 4014 6.33724
35.91000 4052 6.36285
35.92000 4083 6.38877
35.93000 4153 6.44157
35.94000 4285 6.55122
35.95000 4318 6.56532
35.96000 4369 6.60819
35.97000 4402 6.63723
35.98000 4435 6.66667
35.99000 4543 6.742
36.00000 4633 6.80414
36.01000 4673 6.83586
36.02000 4809 6.93375
36.03000 4930 7.01862
36.04000 4885 6.9843
36.05000 4917 7.01862
36.06000 5010 7.07107
36.07000 5083 7.1247
36.08000 5126 7.16115
36.09000 5165 7.17958
36.10000 5201 7.21688
36.11000 5178 7.19816
36.12000 5246 7.23575
36.13000 5282 7.27393
36.14000 5370 7.33236
36.15000 5415 7.35215
36.16000 5507 7.41249
36.17000 5667 7.53778
36.18000 5742 7.58098
36.19000 5775 7.60286
36.20000 5758 7.58098
36.21000 5828 7.62493
36.22000 5801 7.62493
36.23000 5673 7.53778
36.24000 5484 7.41249
36.25000 5405 7.35215
36.26000 5282 7.27393
36.27000 5161 7.17958
36.28000 4977 7.05346
36.29000 4817 6.93375
36.30000 4640 6.80414
36.31000 4536 6.742
36.32000 4449 6.66667
36.33000 4474 6.68153
36.34000 4460 6.68153
36.35000 4493 6.6965
36.36000 4467 6.68153
36.37000 4468 6.68153
36.38000 4517 6.72673
36.39000 4543 6.742
36.40000 4632 6.80414
36.41000 4636 6.80414
36.42000 4736 6.88428
36.43000 4804 6.93375
36.44000 4825 6.95048
36.45000 4865 6.96733
36.46000 4991 7.07107
36.47000 4961 7.03598
36.48000 5111 7.14286
36.49000 5208 7.21688
36.50000 5189 7.19816
36.51000 5248 7.23575
36.52000 5337 7.31272
36.53000 5436 7.3721
36.54000 5532 7.43294
36.55000 5592 7.47435
36.56000 5618 7.49532
36.57000 5691 7.53778
36.58000 5726 7.55929
36.59000 5761 7.58098
36.60000 5713 7.55929
36.61000 5701 7.55929
36.62000 5672 7.53778
36.63000 5633 7.49532
36.64000 5543 7.45356
36.65000 5374 7.33236
36.66000 5186 7.19816
36.67000 5004 7.07107
36.68000 4852 6.96733
36.69000 4612 6.78844
36.70000 4433 6.6519
36.71000 4277 6.5372
36.72000 4124 6.42824
36.73000 3918 6.26224
36.74000 3864 6.2137
36.75000 3816 6.17802
36.76000 3759 6.13139
36.77000 3710 6.08581
36.78000 3697 6.08581
36.79000 3621 6.01929
36.80000 3650 6.04122
36.81000 3676 6.06339
36.82000 3615 6.00842
36.83000 3716 6.09711
36.84000 3717 6.09711
36.85000 3749 6.1199
36.86000 3824 6.17802
36.87000 3920 6.26224
36.88000 4038 6.35001
36.89000 4091 6.40184
36.90000 4176 6.46846
36.91000 4285 6.55122
36.92000 4493 6.6965
36.93000 4538 6.742
36.94000 4644 6.81994
36.95000 4851 6.96733
36.96000 4991 7.07107
36.97000 5171 7.19816
36.98000 5252 7.25476
36.99000 5316 7.29325
37.00000 5400 7.35215
37.01000 5453 7.39221
37.02000 5522 7.43294
37.03000 5614 7.49532
37.04000 5651 7.51646
37.05000 5573 7.47435
37.06000 5476 7.39221
37.07000 5334 7.31272
37.08000 5289 7.27393
37.09000 5184 7.19816
37.10000 5123 7.16115
37.11000 4964 7.05346
37.12000 4803 6.93375
37.13000 4749 6.88428
37.14000 4596 6.77285
37.15000 4492 6.6965
37.16000 4357 6.5938
37.17000 4335 6.57952
37.18000 4176 6.46846
37.19000 4130 6.42824
37.20000 4122 6.415
37.21000 4006 6.32456
37.22000 4051 6.36285
37.23000 4039 6.35001
37.24000 3973 6.29941
37.25000 3954 6.28695
37.26000 3968 6.29941
37.27000 3977 6.31194
37.28000 3927 6.26224
37.29000 3979 6.31194
37.30000 4007 6.32456
37.31000 4067 6.37577
37.32000 4041 6.36285
37.33000 4032 6.35001
37.34000 4074 6.38877
37.35000 4086 6.38877
37.36000 4174 6.45497
37.37000 4280 6.5372
37.38000 4391 6.62266
37.39000 4446 6.66667
37.40000 4541 6.742
37.41000 4652 6.81994
37.42000 4689 6.85189
37.43000 4817 6.93375
37.44000 4997 7.07107
37.45000 5084 7.1247
37.46000 5122 7.16115
37.47000 5063 7.10669
37.48000 5037 7.08881
37.49000 5120 7.16115
37.50000 5049 7.10669
37.51000 5048 7.10669
37.52000 4964 7.05346
37.53000 4849 6.96733
37.54000 4667 6.83586
37.55000 4597 6.77285
37.56000 4398 6.63723
37.57000 4370 6.60819
37.58000 4266 6.5372
37.59000 4169 6.45497
37.60000 4076 6.38877
37.61000 4025 6.35001
37.62000 3941 6.27456
37.63000 3892 6.23783
37.64000 3865 6.2137
37.65000 3744 6.1199
37.66000 3685 6.07457
37.67000 3608 6.00842
37.68000 3545 5.95491
37.69000 3497 5.91312
37.70000 3511 5.92349
37.71000 3455 5.88235
37.72000 3426 5.85206
37.73000 3267 5.71662
37.74000 3199 5.65233
37.75000 3181 5.64333
37.76000 3128 5.59017
37.77000 3149 5.60772
37.78000 3156 5.61656
37.79000 3188 5.64333
37.80000 3190 5.65233
37.81000 3136 5.59893
37.82000 3187 5.64333
37.83000 3259 5.7073
37.84000 3218 5.67048
37.85000 3208 5.66139
37.86000 3253 5.7073
37.87000 3291 5.73539
37.88000 3282 5.72598
37.89000 3315 5.75435
37.90000 3282 5.72598
37.91000 3425 5.85206
37.92000 3418 5.84206
37.93000 3476 5.89256
37.94000 3588 5.98684
37.95000 3641 6.03023
37.96000 3691 6.07457
37.97000 3721 6.09711
37.98000 3795 6.15457
37.99000 3863 6.2137
38.00000 3915 6.26224
38.01000 3966 6.29941
38.02000 3948 6.28695
38.03000 4023 6.33724
38.04000 4019 6.33724
38.05000 3985 6.31194
38.06000 3924 6.26224
38.07000 3921 6.26224
38.08000 3881 6.22573
38.09000 3838 6.18984
38.10000 3720 6.09711
38.11000 3716 6.09711
38.12000 3674 6.06339
38.13000 3556 5.9655
38.14000 3478 5.89256
38.15000 3460 5.88235
38.16000 3365 5.80259
38.17000 3380 5.81238
38.18000 3329 5.7735
38.19000 3254 5.7073
38.20000 3226 5.67962
38.21000 3176 5.63436
38.22000 3208 5.66139
38.23000 3162 5.62544
38.24000 3086 5.55556
38.25000 3058 5.53001
38.26000 3123 5.59017
38.27000 3130 5.59893
38.28000 3089 5.55556
38.29000 3091 5.55556
38.30000 3066 5.53849
38.31000 3108 5.57278
38.32000 3124 5.59017
38.33000 3093 5.56415
38.34000 3067 5.53849
38.35000 3070 5.53849
38.36000 3110 5.57278
38.37000 3137 5.59893
38.38000 3154 5.61656
38.39000 3193 5.65233
38.40000 3202 5.66139
38.41000 3231 5.67962
38.42000 3227 5.67962
38.43000 3347 5.78315
38.44000 3377 5.81238
38.45000 3399 5.83212
38.46000 3451 5.8722
38.47000 3438 5.8621
38.48000 3450 5.8722
38.49000 3511 5.92349
38.50000 3555 5.9655
38.51000 3541 5.95491
38.52000 3534 5.94438
38.53000 3528 5.94438
38.54000 3543 5.95491
38.55000 3513 5.92349
38.56000 3487 5.90281
38.57000 3467 5.89256
38.58000 3444 5.8722
38.59000 3433 5.8621
38.60000 3395 5.82223
38.61000 3364 5.80259
38.62000 3295 5.74485
38.63000 3313 5.75435
38.64000 3335 5.7735
38.65000 3359 5.79284
38.66000 3313 5.75435
38.67000 3321 5.7639
38.68000 3404 5.83212
38.69000 3447 5.8722
38.70000 3456 5.88235
38.71000 3529 5.94438
38.72000 3525 5.93391
38.73000 3571 5.97614
38.74000 3647 6.04122
38.75000 3646 6.04122
38.76000 3670 6.06339
38.77000 3673 6.06339
38.78000 3752 6.1199
38.79000 3725 6.10847
38.80000 3713 6.09711
38.81000 3714 6.09711
38.82000 3699 6.08581
38.83000 3686 6.07457
38.84000 3719 6.09711
38.85000 3750 6.1199
38.86000 3716 6.09711
38.87000 3811 6.17802
38.88000 3765 6.13139
38.89000 3771 6.14295
38.90000 3840 6.20174
38.91000 3946 6.28695
38.92000 3943 6.27456
38.93000 3954 6.28695
38.94000 4040 6.35001
38.95000 4169 6.45497
38.96000 4160 6.45497
38.97000 4215 6.4957
38.98000 4224 6.4957
38.99000 4200 6.48204
39.00000 4244 6.50945
39.01000 4262 6.52328
39.02000 4223 6.4957
39.03000 4222 6.4957
39.04000 4049 6.36285
39.05000 3963 6.29941
39.06000 3907 6.25
39.07000 3815 6.17802
39.08000 3765 6.13139
39.09000 3691 6.07457
39.10000 3630 6.03023
39.11000 3560 5.9655
39.12000 3451 5.8722
39.13000 3446 5.8722
39.14000 3424 5.85206
39.15000 3455 5.88235
39.16000 3479 5.90281
39.17000 3432 5.8621
39.18000 3423 5.85206
39.19000 3516 5.93391
39.20000 3583 5.98684
39.21000 3710 6.08581
39.22000 3734 6.10847
39.23000 3774 6.14295
39.24000 3851 6.20174
39.25000 3840 6.20174
39.26000 3906 6.25
39.27000 3893 6.23783
39.28000 3940 6.27456
39.29000 3995 6.32456
39.30000 3994 6.32456
39.31000 3961 6.29941
39.32000 3922 6.26224
39.33000 3903 6.25
39.34000 3861 6.2137
39.35000 3794 6.15457
39.36000 3837 6.18984
39.37000 3780 6.14295
39.38000 3806 6.16626
39.39000 3749 6.1199
39.40000 3818 6.17802
39.41000 3768 6.14295
39.42000 3703 6.08581
39.43000 3682 6.06339
39.44000 3690 6.07457
39.45000 3629 6.01929
39.46000 3590 5.98684
39.47000 3592 5.9976
39.48000 3554 5.9655
39.49000 3520 5.93391
39.50000 3484 5.90281
39.51000 3453 5.8722
39.52000 3404 5.83212
39.53000 3415 5.84206
39.54000 3438 5.8621
39.55000 3454 5.8722
39.56000 3399 5.83212
39.57000 3359 5.79284
39.58000 3436 5.8621
39.59000 3480 5.90281
39.60000 3549 5.95491
39.61000 3629 6.01929
39.62000 3654 6.04122
39.63000 3719 6.09711
39.64000 3793 6.15457
39.65000 3881 6.22573
39.66000 3933 6.27456
39.67000 3995 6.32456
39.68000 4030 6.35001
39.69000 4099 6.40184
39.70000 4152 6.44157
39.71000 4160 6.45497
39.72000 4139 6.42824
39.73000 4112 6.415
39.74000 4087 6.38877
39.75000 4043 6.36285
39.76000 3973 6.29941
39.77000 3912 6.25
39.78000 3829 6.18984
39.79000 3757 6.13139
39.80000 3704 6.08581
39.81000 3664 6.05228
39.82000 3615 6.00842
39.83000 3580 5.98684
39.84000 3530 5.94438
39.85000 3575 5.97614
39.86000 3570 5.97614
39.87000 3584 5.98684
39.88000 3598 5.9976
39.89000 3702 6.08581
39.90000 3764 6.13139
39.91000 3853 6.20174
39.92000 3870 6.22573
39.93000 4042 6.36285
39.94000 4141 6.44157
39.95000 4219 6.4957
39.96000 4308 6.56532
39.97000 4296 6.55122
39.98000 4303 6.56532
39.99000 4291 6.55122
40.00000 4325 6.57952
40.01000 4347 6.5938
40.02000 4303 6.56532
40.03000 4217 6.4957
40.04000 4141 6.44157
40.05000 4132 6.42824
40.06000 4037 6.35001
40.07000 4026 6.35001
40.08000 3950 6.28695
40.09000 3828 6.18984
40.10000 3819 6.17802
40.11000 3781 6.15457
40.12000 3844 6.20174
40.13000 3798 6.16626
40.14000 3734 6.10847
40.15000 3713 6.09711
40.16000 3650 6.04122
40.17000 3628 6.01929
40.18000 3570 5.97614
40.19000 3538 5.94438
40.20000 3542 5.95491
40.21000 3534 5.94438
40.22000 3524 5.93391
40.23000 3538 5.94438
40.24000 3498 5.91312
40.25000 3487 5.90281
40.26000 3432 5.8621
40.27000 3445 5.8722
40.28000 3401 5.83212
40.29000 3376 5.81238
40.30000 3367 5.80259
40.31000 3382 5.81238
40.32000 3316 5.75435
40.33000 3256 5.7073
40.34000 3252 5.69803
40.35000 3246 5.69803
40.36000 3176 5.63436
40.37000 3182 5.64333
40.38000 3073 5.547
40.39000 3046 5.52158
40.40000 3001 5.47997
40.41000 3024 5.4965
40.42000 2967 5.44735
40.43000 2935 5.4153
40.44000 2908 5.39164
40.45000 2931 5.4153
40.46000 2912 5.39949
40.47000 2931 5.4153
40.48000 2943 5.42326
40.49000 2989 5.46358
40.50000 2914 5.39949
40.51000 2921 5.40738
40.52000 2937 5.42326
40.53000 2876 5.36056
40.54000 2899 5.38382
40.55000 2880 5.36828
40.56000 2926 5.40738
40.57000 2911 5.39164
40.58000 2977 5.45545
40.59000 2971 5.44735
40.60000 2984 5.46358
40.61000 2970 5.44735
40.62000 3009 5.48821
40.63000 3013 5.48821
40.64000 3069 5.53849
40.65000 3025 5.4965
40.66000 3066 5.53849
40.67000 3126 5.59017
40.68000 3155 5.61656
40.69000 3192 5.65233
40.70000 3209 5.66139
40.71000 3270 5.71662
40.72000 3322 5.7639
40.73000 3387 5.82223
40.74000 3418 5.84206
40.75000 3413 5.84206
40.76000 3481 5.90281
40.77000 3545 5.95491
40.78000 3591 5.9976
40.79000 3639 6.03023
40.80000 3717 6.09711
40.81000 3801 6.16626
40.82000 3783 6.15457
40.83000 3835 6.18984
40.84000 3774 6.14295
40.85000 3777 6.14295
40.86000 3786 6.15457
40.87000 3805 6.16626
40.88000 3781 6.15457
40.89000 3774 6.14295
40.90000 3760 6.13139
40.91000 3810 6.17802
40.92000 3769 6.14295
40.93000 3722 6.09711
40.94000 3748 6.1199
40.95000 3778 6.14295
40.96000 3767 6.14295
40.97000 3718 6.09711
40.98000 3719 6.09711
40.99000 3793 6.15457
41.00000 3795 6.15457
41.01000 3820 6.17802
41.02000 3896 6.23783
41.03000 4019 6.33724
41.04000 4037 6.35001
41.05000 4159 6.45497
41.06000 4283 6.55122
41.07000 4392 6.62266
41.08000 4482 6.6965
41.09000 4626 6.80414
41.10000 4804 6.93375
41.11000 4925 7.01862
41.12000 5022 7.08881
41.13000 5130 7.16115
41.14000 5213 7.21688
41.15000 5270 7.25476
41.16000 5359 7.31272
41.17000 5382 7.33236
41.18000 5364 7.33236
41.19000 5306 7.29325
41.20000 5297 7.27393
41.21000 5164 7.17958
41.22000 5138 7.16115
41.23000 4987 7.05346
41.24000 4886 6.9843
41.25000 4826 6.95048
41.26000 4670 6.83586
41.27000 4533 6.72673
41.28000 4424 6.6519
41.29000 4378 6.62266
41.30000 4262 6.52328
41.31000 4160 6.45497
41.32000 4115 6.415
41.33000 4060 6.37577
41.34000 4020 6.33724
41.35000 3898 6.23783
41.36000 3811 6.17802
41.37000 3837 6.18984
41.38000 3743 6.1199
41.39000 3673 6.06339
41.40000 3625 6.01929
41.41000 3540 5.95491
41.42000 3492 5.91312
41.43000 3529 5.94438
41.44000 3476 5.89256
41.45000 3470 5.89256
41.46000 3510 5.92349
41.47000 3517 5.93391
41.48000 3571 5.97614
41.49000 3596 5.9976
41.50000 3638 6.03023
41.51000 3683 6.06339
41.52000 3759 6.13139
41.53000 3791 6.15457
41.54000 3906 6.25
41.55000 4000 6.32456
41.56000 4094 6.40184
41.57000 4160 6.45497
41.58000 4141 6.44157
41.59000 4146 6.44157
41.60000 4190 6.46846
41.61000 4235 6.50945
41.62000 4192 6.46846
41.63000 4222 6.4957
41.64000 4124 6.42824
41.65000 3980 6.31194
41.66000 3929 6.26224
41.67000 3788 6.15457
41.68000 3716 6.09711
41.69000 3664 6.05228
41.70000 3634 6.03023
41.71000 3559 5.9655
41.72000 3528 5.94438
41.73000 3415 5.84206
41.74000 3348 5.78315
41.75000 3375 5.81238
41.76000 3330 5.7735
41.77000 3286 5.73539
41.78000 3319 5.7639
41.79000 3336 5.7735
41.80000 3320 5.7639
41.81000 3308 5.75435
41.82000 3333 5.7735
41.83000 3359 5.79284
41.84000 3357 5.79284
41.85000 3340 5.78315
41.86000 3390 5.82223
41.87000 3415 5.84206
41.88000 3443 5.8722
41.89000 3503 5.92349
41.90000 3565 5.9655
41.91000 3588 5.98684
41.92000 3643 6.04122
41.93000 3722 6.09711
41.94000 3724 6.09711
41.95000 3695 6.07457
41.96000 3679 6.06339
41.97000 3696 6.07457
41.98000 3679 6.06339
41.99000 3732 6.10847
42.00000 3720 6.09711
42.01000 3690 6.07457
42.02000 3641 6.03023
42.03000 3540 5.95491
42.04000 3526 5.93391
42.05000 3537 5.94438
42.06000 3467 5.89256
42.07000 3475 5.89256
42.08000 3371 5.80259
42.09000 3409 5.84206
42.10000 3381 5.81238
42.11000 3339 5.78315
42.12000 3395 5.82223
42.13000 3417 5.84206
42.14000 3360 5.79284
42.15000 3372 5.80259
42.16000 3419 5.85206
42.17000 3468 5.89256
42.18000 3447 5.8722
42.19000 3517 5.93391
42.20000 3494 5.91312
42.21000 3447 5.8722
42.22000 3541 5.95491
42.23000 3527 5.93391
42.24000 3534 5.94438
42.25000 3483 5.90281
42.26000 3523 5.93391
42.27000 3543 5.95491
42.28000 3582 5.98684
42.29000 3555 5.9655
42.30000 3636 6.03023
42.31000 3686 6.07457
42.32000 3682 6.06339
42.33000 3604 6.00842
42.34000 3630 6.03023
42.35000 3661 6.05228
42.36000 3627 6.01929
42.37000 3609 6.00842
42.38000 3690 6.07457
42.39000 3683 6.06339
42.40000 3696 6.07457
42.41000 3656 6.04122
42.42000 3579 5.98684
42.43000 3621 6.01929
42.44000 3636 6.03023
42.45000 3639 6.03023
42.46000 3620 6.01929
42.47000 3587 5.98684
42.48000 3640 6.03023
42.49000 3669 6.05228
42.50000 3651 6.04122
42.51000 3627 6.01929
42.52000 3588 5.98684
42.53000 3568 5.97614
42.54000 3579 5.98684
42.55000 3620 6.01929
42.56000 3593 5.9976
42.57000 3554 5.9655
42.58000 3552 5.95491
42.59000 3476 5.89256
42.60000 3461 5.88235
42.61000 3400 5.83212
42.62000 3377 5.81238
42.63000 3334 5.7735
42.64000 3355 5.79284
42.65000 3302 5.74485
42.66000 3292 5.73539
42.67000 3303 5.74485
42.68000 3278 5.72598
42.69000 3330 5.7735
42.70000 3322 5.7639
42.71000 3338 5.7735
42.72000 3359 5.79284
42.73000 3423 5.85206
42.74000 3498 5.91312
42.75000 3491 5.91312
42.76000 3508 5.92349
42.77000 3547 5.95491
42.78000 3489 5.90281
42.79000 3495 5.91312
42.80000 3557 5.9655
42.81000 3593 5.9976
42.82000 3554 5.9655
42.83000 3490 5.90281
42.84000 3512 5.92349
42.85000 3494 5.91312
42.86000 3521 5.93391
42.87000 3541 5.95491
42.88000 3581 5.98684
42.89000 3573 5.97614
42.90000 3508 5.92349
42.91000 3593 5.9976
42.92000 3746 6.1199
42.93000 3812 6.17802
42.94000 3855 6.2137
42.95000 3941 6.27456
42.96000 4002 6.32456
42.97000 4091 6.40184
42.98000 4172 6.45497
42.99000 4259 6.52328
43.00000 4293 6.55122
43.01000 4288 6.55122
43.02000 4293 6.55122
43.03000 4296 6.55122
43.04000 4269 6.5372
43.05000 4193 6.48204
43.06000 4165 6.45497
43.07000 4130 6.42824
43.08000 4085 6.38877
43.09000 3986 6.31194
43.10000 3852 6.20174
43.11000 3785 6.15457
43.12000 3731 6.10847
43.13000 3619 6.01929
43.14000 3544 5.95491
43.15000 3469 5.89256
43.16000 3450 5.8722
43.17000 3426 5.85206
43.18000 3358 5.79284
43.19000 3395 5.82223
43.20000 3365 5.80259
43.21000 3392 5.82223
43.22000 3380 5.81238
43.23000 3426 5.85206
43.24000 3455 5.88235
43.25000 3446 5.8722
43.26000 3530 5.94438
43.27000 3529 5.94438
43.28000 3585 5.98684
43.29000 3576 5.97614
43.30000 3628 6.01929
43.31000 3580 5.98684
43.32000 3582 5.98684
43.33000 3599 5.9976
43.34000 3670 6.06339
43.35000 3562 5.9655
43.36000 3519 5.93391
43.37000 3546 5.95491
43.38000 3492 5.91312
43.39000 3523 5.93391
43.40000 3474 5.89256
43.41000 3444 5.8722
43.42000 3431 5.8621
43.43000 3424 5.85206
43.44000 3397 5.83212
43.45000 3383 5.81238
43.46000 3324 5.7639
43.47000 3349 5.78315
43.48000 3318 5.7639
43.49000 3327 5.7639
43.50000 3298 5.74485
43.51000 3305 5.74485
43.52000 3337 5.7735
43.53000 3346 5.78315
43.54000 3307 5.75435
43.55000 3309 5.75435
43.56000 3297 5.74485
43.57000 3318 5.7639
43.58000 3337 5.7735
43.59000 3416 5.84206
43.60000 3443 5.8722
43.61000 3358 5.79284
43.62000 3358 5.79284
43.63000 3444 5.8722
43.64000 3464 5.88235
43.65000 3429 5.85206
43.66000 3461 5.88235
43.67000 3415 5.84206
43.68000 3427 5.85206
43.69000 3356 5.79284
43.70000 3320 5.7639
43.71000 3299 5.74485
43.72000 3303 5.74485
43.73000 3296 5.74485
43.74000 3247 5.69803
43.75000 3225 5.67962
43.76000 3237 5.6888
43.77000 3230 5.67962
43.78000 3217 5.67048
43.79000 3249 5.69803
43.80000 3228 5.67962
43.81000 3263 5.71662
43.82000 3254 5.7073
43.83000 3260 5.7073
43.84000 3303 5.74485
43.85000 3354 5.79284
43.86000 3349 5.78315
43.87000 3401 5.83212
43.88000 3406 5.83212
43.89000 3429 5.85206
43.90000 3441 5.8621
43.91000 3414 5.84206
43.92000 3426 5.85206
43.93000 3435 5.8621
43.94000 3467 5.89256
43.95000 3491 5.91312
43.96000 3535 5.94438
43.97000 3578 5.98684
43.98000 3544 5.95491
43.99000 3648 6.04122
44.00000 3596 5.9976
44.01000 3560 5.9655
44.02000 3635 6.03023
44.03000 3698 6.08581
44.04000 3767 6.14295
44.05000 3750 6.1199
44.06000 3878 6.22573
44.07000 3941 6.27456
44.08000 3908 6.25
44.09000 3956 6.28695
44.10000 4013 6.33724
44.11000 4059 6.37577
44.12000 4097 6.40184
44.13000 4242 6.50945
44.14000 4231 6.50945
44.15000 4218 6.4957
44.16000 4310 6.56532
44.17000 4372 6.60819
44.18000 4385 6.62266
44.19000 4381 6.62266
44.20000 4379 6.62266
44.21000 4363 6.60819
44.22000 4372 6.60819
44.23000 4281 6.5372
44.24000 4203 6.48204
44.25000 4054 6.36285
44.26000 3943 6.27456
44.27000 3881 6.22573
44.28000 3871 6.22573
44.29000 3724 6.09711
44.30000 3598 5.9976
44.31000 3526 5.93391
44.32000 3494 5.91312
44.33000 3388 5.82223
44.34000 3273 5.71662
44.35000 3267 5.71662
44.36000 3222 5.67962
44.37000 3210 5.66139
44.38000 3151 5.61656
44.39000 3157 5.61656
44.40000 3138 5.59893
44.41000 3118 5.58146
44.42000 3160 5.62544
44.43000 3167 5.62544
44.44000 3161 5.62544
44.45000 3164 5.62544
44.46000 3143 5.60772
44.47000 3188 5.64333
44.48000 3186 5.64333
44.49000 3187 5.64333
44.50000 3213 5.67048
44.51000 3259 5.7073
44.52000 3309 5.75435
44.53000 3335 5.7735
44.54000 3339 5.78315
44.55000 3352 5.79284
44.56000 3361 5.79284
44.57000 3343 5.78315
44.58000 3424 5.85206
44.59000 3495 5.91312
44.60000 3497 5.91312
44.61000 3427 5.85206
44.62000 3424 5.85206
44.63000 3366 5.80259
44.64000 3409 5.84206
44.65000 3448 5.8722
44.66000 3391 5.82223
44.67000 3370 5.80259
44.68000 3365 5.80259
44.69000 3353 5.79284
44.70000 3332 5.7735
44.71000 3318 5.7639
44.72000 3326 5.7639
44.73000 3410 5.84206
44.74000 3377 5.81238
44.75000 3369 5.80259
44.76000 3392 5.82223
44.77000 3350 5.78315
44.78000 3372 5.80259
44.79000 3421 5.85206
44.80000 3401 5.83212
44.81000 3425 5.85206
44.82000 3482 5.90281
44.83000 3514 5.92349
44.84000 3471 5.89256
44.85000 3507 5.92349
44.86000 3471 5.89256
44.87000 3414 5.84206
44.88000 3449 5.8722
44.89000 3477 5.89256
44.90000 3444 5.8722
44.91000 3455 5.88235
44.92000 3417 5.84206
44.93000 3430 5.85206
44.94000 3369 5.80259
44.95000 3375 5.81238
44.96000 3346 5.78315
44.97000 3392 5.82223
44.98000 3413 5.84206
44.99000 3405 5.83212
45.00000 3470 5.89256
45.01000 3546 5.95491
45.02000 3564 5.9655
45.03000 3585 5.98684
45.04000 3697 6.08581
45.05000 3742 6.1199
45.06000 3800 6.16626
45.07000 3818 6.17802
45.08000 3861 6.2137
45.09000 3965 6.29941
45.10000 4013 6.33724
45.11000 4083 6.38877
45.12000 4167 6.45497
45.13000 4259 6.52328
45.14000 4266 6.5372
45.15000 4300 6.55122
45.16000 4357 6.5938
45.17000 4353 6.5938
45.18000 4324 6.57952
45.19000 4324 6.57952
45.20000 4311 6.56532
45.21000 4286 6.55122
45.22000 4289 6.55122
45.23000 4207 6.48204
45.24000 4147 6.44157
45.25000 3976 6.29941
45.26000 3954 6.28695
45.27000 3889 6.23783
45.28000 3797 6.16626
45.29000 3670 6.06339
45.30000 3552 5.95491
45.31000 3525 5.93391
45.32000 3421 5.85206
45.33000 3343 5.78315
45.34000 3294 5.73539
45.35000 3299 5.74485
45.36000 3223 5.67962
45.37000 3096 5.56415
45.38000 3144 5.60772
45.39000 3192 5.65233
45.40000 3164 5.62544
45.41000 3135 5.59893
45.42000 3189 5.64333
45.43000 3155 5.61656
45.44000 3141 5.60772
45.45000 3140 5.60772
45.46000 3200 5.65233
45.47000 3249 5.69803
45.48000 3275 5.72598
45.49000 3365 5.80259
45.50000 3420 5.85206
45.51000 3395 5.82223
45.52000 3451 5.8722
45.53000 3544 5.95491
45.54000 3631 6.03023
45.55000 3710 6.08581
45.56000 3720 6.09711
45.57000 3772 6.14295
45.58000 3815 6.17802
45.59000 3862 6.2137
45.60000 3944 6.27456
45.61000 3984 6.31194
45.62000 4045 6.36285
45.63000 4118 6.415
45.64000 4167 6.45497
45.65000 4164 6.45497
45.66000 4255 6.52328
45.67000 4265 6.5372
45.68000 4348 6.5938
45.69000 4382 6.62266
45.70000 4400 6.63723
45.71000 4527 6.72673
45.72000 4545 6.742
45.73000 4564 6.75737
45.74000 4525 6.72673
45.75000 4608 6.78844
45.76000 4585 6.77285
45.77000 4576 6.75737
45.78000 4473 6.68153
45.79000 4478 6.6965
45.80000 4362 6.60819
45.81000 4220 6.4957
45.82000 4118 6.415
45.83000 3994 6.32456
45.84000 3886 6.23783
45.85000 3788 6.15457
45.86000 3662 6.05228
45.87000 3553 5.9655
45.88000 3476 5.89256
45.89000 3396 5.83212
45.90000 3319 5.7639
45.91000 3224 5.67962
45.92000 3180 5.64333
45.93000 3189 5.64333
45.94000 3155 5.61656
45.95000 3161 5.62544
45.96000 3110 5.57278
45.97000 3170 5.63436
45.98000 3153 5.61656
45.99000 3167 5.62544
46.00000 3209 5.66139
46.01000 3274 5.72598
46.02000 3293 5.73539
46.03000 3297 5.74485
46.04000 3367 5.80259
46.05000 3416 5.84206
46.06000 3479 5.90281
46.07000 3532 5.94438
46.08000 3675 6.06339
46.09000 3759 6.13139
46.10000 3818 6.17802
46.11000 3933 6.27456
46.12000 4057 6.37577
46.13000 4183 6.46846
46.14000 4282 6.5372
46.15000 4428 6.6519
46.16000 4537 6.742
46.17000 4656 6.81994
46.18000 4772 6.90066
46.19000 4944 7.03598
46.20000 4979 7.05346
46.21000 5051 7.10669
46.22000 5152 7.17958
46.23000 5123 7.16115
46.24000 5083 7.1247
46.25000 5021 7.08881
46.26000 4964 7.05346
46.27000 4907 7.0014
46.28000 4835 6.95048
46.29000 4738 6.88428
46.30000 4651 6.81994
46.31000 4508 6.71156
46.32000 4417 6.6519
46.33000 4329 6.57952
46.34000 4229 6.50945
46.35000 4144 6.44157
46.36000 4078 6.38877
46.37000 3994 6.32456
46.38000 3935 6.27456
46.39000 3872 6.22573
46.40000 3821 6.17802
46.41000 3765 6.13139
46.42000 3744 6.1199
46.43000 3700 6.08581
46.44000 3638 6.03023
46.45000 3578 5.98684
46.46000 3540 5.95491
46.47000 3456 5.88235
46.48000 3446 5.8722
46.49000 3436 5.8621
46.50000 3432 5.8621
46.51000 3439 5.8621
46.52000 3435 5.8621
46.53000 3423 5.85206
46.54000 3485 5.90281
46.55000 3509 5.92349
46.56000 3513 5.92349
46.57000 3496 5.91312
46.58000 3589 5.98684
46.59000 3638 6.03023
46.60000 3730 6.10847
46.61000 3788 6.15457
46.62000 3804 6.16626
46.63000 3875 6.22573
46.64000 3860 6.2137
46.65000 3893 6.23783
46.66000 3912 6.25
46.67000 3917 6.26224
46.68000 3871 6.22573
46.69000 3844 6.20174
46.70000 3821 6.17802
46.71000 3707 6.08581
46.72000 3706 6.08581
46.73000 3654 6.04122
46.74000 3606 6.00842
46.75000 3539 5.94438
46.76000 3478 5.89256
46.77000 3449 5.8722
46.78000 3458 5.88235
46.79000 3425 5.85206
46.80000 3375 5.81238
46.81000 3349 5.78315
46.82000 3327 5.7639
46.83000 3329 5.7735
46.84000 3301 5.74485
46.85000 3299 5.74485
46.86000 3241 5.6888
46.87000 3234 5.6888
46.88000 3248 5.69803
46.89000 3272 5.71662
46.90000 3262 5.7073
46.91000 3310 5.75435
46.92000 3343 5.78315
46.93000 3309 5.75435
46.94000 3375 5.81238
46.95000 3345 5.78315
46.96000 3298 5.74485
46.97000 3369 5.80259
46.98000 3348 5.78315
46.99000 3293 5.73539
47.00000 3298 5.74485
47.01000 3289 5.73539
47.02000 3298 5.74485
47.03000 3199 5.65233
47.04000 3218 5.67048
47.05000 3214 5.67048
47.06000 3161 5.62544
47.07000 3145 5.60772
47.08000 3103 5.57278
47.09000 3086 5.55556
47.10000 3097 5.56415
47.11000 3088 5.55556
47.12000 3107 5.57278
47.13000 3100 5.56415
47.14000 3109 5.57278
47.15000 3113 5.58146
47.16000 3155 5.61656
47.17000 3186 5.64333
47.18000 3219 5.67048
47.19000 3238 5.6888
47.20000 3261 5.7073
47.21000 3288 5.73539
47.22000 3348 5.78315
47.23000 3387 5.82223
47.24000 3457 5.88235
47.25000 3529 5.94438
47.26000 3611 6.00842
47.27000 3585 5.98684
47.28000 3621 6.01929
47.29000 3670 6.06339
47.30000 3647 6.04122
47.31000 3766 6.13139
47.32000 3783 6.15457
47.33000 3819 6.17802
47.34000 3774 6.14295
47.35000 3764 6.13139
47.36000 3830 6.18984
47.37000 3803 6.16626
47.38000 3807 6.16626
47.39000 3839 6.20174
47.40000 3855 6.2137
47.41000 3762 6.13139
47.42000 3742 6.1199
47.43000 3676 6.06339
47.44000 3688 6.07457
47.45000 3638 6.03023
47.46000 3598 5.9976
47.47000 3533 5.94438
47.48000 3493 5.91312
47.49000 3431 5.8621
47.50000 3348 5.78315
47.51000 3362 5.80259
47.52000 3377 5.81238
47.53000 3347 5.78315
47.54000 3333 5.7735
47.55000 3343 5.78315
47.56000 3377 5.81238
47.57000 3325 5.7639
47.58000 3330 5.7735
47.59000 3393 5.82223
47.60000 3469 5.89256
47.61000 3503 5.92349
47.62000 3460 5.88235
47.63000 3525 5.93391
47.64000 3577 5.97614
47.65000 3594 5.9976
47.66000 3601 5.9976
47.67000 3614 6.00842
47.68000 3684 6.07457
47.69000 3783 6.15457
47.70000 3879 6.22573
47.71000 3923 6.26224
47.72000 3992 6.31194
47.73000 4021 6.33724
47.74000 4053 6.36285
47.75000 4097 6.40184
47.76000 4110 6.415
47.77000 4182 6.46846
47.78000 4200 6.48204
47.79000 4121 6.415
47.80000 4100 6.40184
47.81000 4130 6.42824
47.82000 4081 6.38877
47.83000 4029 6.35001
47.84000 3996 6.32456
47.85000 3933 6.27456
47.86000 3917 6.26224
47.87000 3847 6.20174
47.88000 3753 6.13139
47.89000 3713 6.09711
47.90000 3682 6.06339
47.91000 3565 5.9655
47.92000 3493 5.91312
47.93000 3468 5.89256
47.94000 3389 5.82223
47.95000 3422 5.85206
47.96000 3432 5.8621
47.97000 3433 5.8621
47.98000 3422 5.85206
47.99000 3459 5.88235
48.00000 3435 5.8621
48.01000 3394 5.82223
48.02000 3416 5.84206
48.03000 3496 5.91312
48.04000 3501 5.91312
48.05000 3578 5.98684
48.06000 3621 6.01929
48.07000 3678 6.06339
48.08000 3715 6.09711
48.09000 3758 6.13139
48.10000 3830 6.18984
48.11000 3887 6.23783
48.12000 3982 6.31194
48.13000 3955 6.28695
48.14000 3954 6.28695
48.15000 3953 6.28695
48.16000 3914 6.26224
48.17000 3827 6.18984
48.18000 3793 6.15457
48.19000 3767 6.14295
48.20000 3729 6.10847
48.21000 3683 6.06339
48.22000 3616 6.00842
48.23000 3526 5.93391
48.24000 3518 5.93391
48.25000 3530 5.94438
48.26000 3554 5.9655
48.27000 3561 5.9655
48.28000 3595 5.9976
48.29000 3549 5.95491
48.30000 3620 6.01929
48.31000 3582 5.98684
48.32000 3680 6.06339
48.33000 3721 6.09711
48.34000 3846 6.20174
48.35000 3921 6.26224
48.36000 3874 6.22573
48.37000 3940 6.27456
48.38000 4016 6.33724
48.39000 3964 6.29941
48.40000 3985 6.31194
48.41000 4001 6.32456
48.42000 3996 6.32456
48.43000 3980 6.31194
48.44000 3955 6.28695
48.45000 3917 6.26224
48.46000 3806 6.16626
48.47000 3775 6.14295
48.48000 3748 6.1199
48.49000 3658 6.05228
48.50000 3600 5.9976
48.51000 3549 5.95491
48.52000 3494 5.91312
48.53000 3438 5.8621
48.54000 3413 5.84206
48.55000 3365 5.80259
48.56000 3365 5.80259
48.57000 3312 5.75435
48.58000 3280 5.72598
48.59000 3196 5.65233
48.60000 3205 5.66139
48.61000 3237 5.6888
48.62000 3203 5.66139
48.63000 3133 5.59893
48.64000 3126 5.59017
48.65000 3098 5.56415
48.66000 3128 5.59017
48.67000 3122 5.59017
48.68000 3108 5.57278
48.69000 3146 5.60772
48.70000 3166 5.62544
48.71000 3145 5.60772
48.72000 3163 5.62544
48.73000 3152 5.61656
48.74000 3166 5.62544
48.75000 3235 5.6888
48.76000 3281 5.72598
48.77000 3303 5.74485
48.78000 3287 5.73539
48.79000 3283 5.72598
48.80000 3305 5.74485
48.81000 3350 5.78315
48.82000 3332 5.7735
48.83000 3292 5.73539
48.84000 3295 5.74485
48.85000 3260 5.7073
48.86000 3258 5.7073
48.87000 3204 5.66139
48.88000 3112 5.58146
48.89000 3081 5.547
48.90000 3056 5.53001
48.91000 2973 5.45545
48.92000 2954 5.43125
48.93000 2944 5.42326
48.94000 2952 5.43125
48.95000 2884 5.36828
48.96000 2865 5.35288
48.97000 2884 5.36828
48.98000 2838 5.33002
48.99000 2835 5.32246
49.00000 2779 5.27046
49.01000 2789 5.2778
49.02000 2804 5.29256
49.03000 2801 5.29256
49.04000 2745 5.24142
49.05000 2740 5.23424
49.06000 2763 5.25588
49.07000 2723 5.21996
49.08000 2725 5.21996
49.09000 2678 5.1778
49.10000 2647 5.14344
49.11000 2689 5.18476
49.12000 2781 5.27046
49.13000 2694 5.19174
49.14000 2700 5.19875
49.15000 2693 5.19174
49.16000 2734 5.22708
49.17000 2747 5.24142
49.18000 2750 5.24142
49.19000 2719 5.21286
49.20000 2790 5.28516
49.21000 2807 5.29999
49.22000 2824 5.31494
49.23000 2811 5.29999
49.24000 2838 5.33002
49.25000 2849 5.33761
49.26000 2903 5.39164
49.27000 2965 5.44735
49.28000 2903 5.39164
49.29000 2888 5.37603
49.30000 2897 5.38382
49.31000 2950 5.43125
49.32000 2979 5.45545
49.33000 2955 5.43928
49.34000 2971 5.44735
49.35000 2926 5.40738
49.36000 2935 5.4153
49.37000 2986 5.46358
49.38000 2959 5.43928
49.39000 2966 5.44735
49.40000 2936 5.4153
49.41000 2909 5.39164
49.42000 2890 5.37603
49.43000 2909 5.39164
49.44000 2891 5.37603
49.45000 2823 5.31494
49.46000 2835 5.32246
49.47000 2789 5.2778
49.48000 2783 5.2778
49.49000 2785 5.2778
49.50000 2798 5.29256
49.51000 2792 5.28516
49.52000 2771 5.26316
49.53000 2729 5.22708
49.54000 2720 5.21286
49.55000 2738 5.23424
49.56000 2724 5.21996
49.57000 2735 5.22708
49.58000 2742 5.23424
49.59000 2770 5.26316
49.60000 2746 5.24142
49.61000 2737 5.23424
49.62000 2781 5.27046
49.63000 2801 5.29256
49.64000 2806 5.29999
49.65000 2873 5.36056
49.66000 2897 5.38382
49.67000 2929 5.4153
49.68000 2962 5.43928
49.69000 2944 5.42326
49.70000 2956 5.43928
49.71000 2999 5.47997
49.72000 3072 5.53849
49.73000 3105 5.57278
49.74000 3126 5.59017
49.75000 3131 5.59893
49.76000 3166 5.62544
49.77000 3181 5.64333
49.78000 3215 5.67048
49.79000 3236 5.6888
49.80000 3274 5.72598
49.81000 3297 5.74485
49.82000 3296 5.74485
49.83000 3351 5.79284
49.84000 3421 5.85206
49.85000 3493 5.91312
49.86000 3503 5.92349
49.87000 3472 5.89256
49.88000 3505 5.92349
49.89000 3590 5.98684
49.90000 3553 5.9655
49.91000 3610 6.00842
49.92000 3630 6.03023
49.93000 3632 6.03023
49.94000 3656 6.04122
49.95000 3650 6.04122
49.96000 3627 6.01929
49.97000 3662 6.05228
49.98000 3633 6.03023
49.99000 3606 6.00842
50.00000 3635 6.03023
50.01000 3627 6.01929
50.02000 3570 5.97614
50.03000 3542 5.95491
50.04000 3572 5.97614
50.05000 3509 5.92349
50.06000 3380 5.81238
50.07000 3344 5.78315
50.08000 3270 5.71662
50.09000 3294 5.73539
50.10000 3246 5.69803
50.11000 3188 5.64333
50.12000 3187 5.64333
50.13000 3178 5.63436
50.14000 3138 5.59893
50.15000 3104 5.57278
50.16000 3077 5.547
50.17000 3074 5.547
50.18000 3025 5.4965
50.19000 3021 5.4965
50.20000 3034 5.50482
50.21000 3022 5.4965
50.22000 3013 5.48821
50.23000 2975 5.45545
50.24000 2973 5.45545
50.25000 3005 5.47997
50.26000 3019 5.4965
50.27000 3004 5.47997
50.28000 2975 5.45545
50.29000 3095 5.56415
50.30000 3125 5.59017
50.31000 3168 5.62544
50.32000 3207 5.66139
50.33000 3249 5.69803
50.34000 3292 5.73539
50.35000 3412 5.84206
50.36000 3460 5.88235
50.37000 3603 5.9976
50.38000 3677 6.06339
50.39000 3826 6.18984
50.40000 3976 6.29941
50.41000 4044 6.36285
50.42000 4112 6.415
50.43000 4187 6.46846
50.44000 4311 6.56532
50.45000 4439 6.66667
50.46000 4563 6.75737
50.47000 4559 6.75737
50.48000 4649 6.81994
50.49000 4585 6.77285
50.50000 4629 6.80414
50.51000 4631 6.80414
50.52000 4606 6.78844
50.53000 4593 6.77285
50.54000 4431 6.6519
50.55000 4337 6.57952
50.56000 4290 6.55122
50.57000 4153 6.44157
50.58000 4014 6.33724
50.59000 3911 6.25
50.60000 3836 6.18984
50.61000 3742 6.1199
50.62000 3618 6.01929
50.63000 3562 5.9655
50.64000 3463 5.88235
50.65000 3408 5.84206
50.66000 3361 5.79284
50.67000 3312 5.75435
50.68000 3256 5.7073
50.69000 3166 5.62544
50.70000 3154 5.61656
50.71000 3159 5.61656
50.72000 3141 5.60772
50.73000 3149 5.60772
50.74000 3136 5.59893
50.75000 3161 5.62544
50.76000 3135 5.59893
50.77000 3168 5.62544
50.78000 3216 5.67048
50.79000 3172 5.63436
50.80000 3155 5.61656
50.81000 3119 5.58146
50.82000 3139 5.59893
50.83000 3172 5.63436
50.84000 3162 5.62544
50.85000 3154 5.61656
50.86000 3212 5.67048
50.87000 3242 5.69803
50.88000 3241 5.6888
50.89000 3246 5.69803
50.90000 3308 5.75435
50.91000 3320 5.7639
50.92000 3353 5.79284
50.93000 3344 5.78315
50.94000 3436 5.8621
50.95000 3445 5.8722
50.96000 3506 5.92349
50.97000 3422 5.85206
50.98000 3481 5.90281
50.99000 3426 5.85206
51.00000 3460 5.88235
51.01000 3498 5.91312
51.02000 3502 5.91312
51.03000 3471 5.89256
51.04000 3428 5.85206
51.05000 3403 5.83212
51.06000 3398 5.83212
51.07000 3362 5.80259
51.08000 3348 5.78315
51.09000 3316 5.75435
51.10000 3255 5.7073
51.11000 3193 5.65233
51.12000 3198 5.65233
51.13000 3103 5.57278
51.14000 3105 5.57278
51.15000 3135 5.59893
51.16000 3158 5.61656
51.17000 3106 5.57278
51.18000 3116 5.58146
51.19000 3113 5.58146
51.20000 3093 5.56415
51.21000 3062 5.53001
51.22000 3033 5.50482
51.23000 3054 5.53001
51.24000 3077 5.547
51.25000 3077 5.547
51.26000 3140 5.60772
51.27000 3182 5.64333
51.28000 3218 5.67048
51.29000 3207 5.66139
51.30000 3259 5.7073
51.31000 3336 5.7735
51.32000 3378 5.81238
51.33000 3430 5.85206
51.34000 3451 5.8722
51.35000 3471 5.89256
51.36000 3536 5.94438
51.37000 3601 5.9976
51.38000 3703 6.08581
51.39000 3788 6.15457
51.40000 3835 6.18984
51.41000 3906 6.25
51.42000 3980 6.31194
51.43000 3998 6.32456
51.44000 3951 6.28695
51.45000 3978 6.31194
51.46000 3979 6.31194
51.47000 3996 6.32456
51.48000 4005 6.32456
51.49000 3936 6.27456
51.50000 3936 6.27456
51.51000 3858 6.2137
51.52000 3765 6.13139
51.53000 3670 6.06339
51.54000 3629 6.01929
51.55000 3541 5.95491
51.56000 3478 5.89256
51.57000 3422 5.85206
51.58000 3368 5.80259
51.59000 3303 5.74485
51.60000 3261 5.7073
51.61000 3161 5.62544
51.62000 3176 5.63436
51.63000 3109 5.57278
51.64000 3080 5.547
51.65000 3048 5.52158
51.66000 2987 5.46358
51.67000 2954 5.43125
51.68000 2924 5.40738
51.69000 2935 5.4153
51.70000 2933 5.4153
51.71000 2863 5.35288
51.72000 2854 5.34522
51.73000 2860 5.34522
51.74000 2850 5.33761
51.75000 2818 5.30745
51.76000 2755 5.24864
51.77000 2734 5.22708
51.78000 2681 5.1778
51.79000 2784 5.2778
51.80000 2781 5.27046
51.81000 2697 5.19174
51.82000 2698 5.19174
51.83000 2668 5.16398
51.84000 2698 5.19174
51.85000 2725 5.21996
51.86000 2742 5.23424
51.87000 2772 5.26316
51.88000 2742 5.23424
51.89000 2752 5.24864
51.90000 2799 5.29256
51.91000 2753 5.24864
51.92000 2807 5.29999
51.93000 2861 5.34522
51.94000 2892 5.37603
51.95000 2918 5.39949
51.96000 2919 5.39949
51.97000 2955 5.43928
51.98000 3015 5.48821
51.99000 3099 5.56415
52.00000 3170 5.63436
52.01000 3188 5.64333
52.02000 3243 5.69803
52.03000 3300 5.74485
52.04000 3295 5.74485
52.05000 3364 5.80259
52.06000 3380 5.81238
52.07000 3425 5.85206
52.08000 3442 5.8621
52.09000 3435 5.8621
52.10000 3497 5.91312
52.11000 3500 5.91312
52.12000 3497 5.91312
52.13000 3536 5.94438
52.14000 3563 5.9655
52.15000 3570 5.97614
52.16000 3522 5.93391
52.17000 3576 5.97614
52.18000 3561 5.9655
52.19000 3563 5.9655
52.20000 3558 5.9655
52.21000 3567 5.97614
52.22000 3540 5.95491
52.23000 3496 5.91312
52.24000 3561 5.9655
52.25000 3468 5.89256
52.26000 3424 5.85206
52.27000 3388 5.82223
52.28000 3437 5.8621
52.29000 3409 5.84206
52.30000 3313 5.75435
52.31000 3340 5.78315
52.32000 3372 5.80259
52.33000 3347 5.78315
52.34000 3337 5.7735
52.35000 3312 5.75435
52.36000 3344 5.78315
52.37000 3372 5.80259
52.38000 3415 5.84206
52.39000 3444 5.8722
52.40000 3439 5.8621
52.41000 3382 5.81238
52.42000 3435 5.8621
52.43000 3478 5.89256
52.44000 3497 5.91312
52.45000 3468 5.89256
52.46000 3507 5.92349
52.47000 3528 5.94438
52.48000 3525 5.93391
52.49000 3534 5.94438
52.50000 3522 5.93391
52.51000 3544 5.95491
52.52000 3617 6.01929
52.53000 3589 5.98684
52.54000 3490 5.90281
52.55000 3467 5.89256
52.56000 3453 5.8722
52.57000 3479 5.90281
52.58000 3465 5.88235
52.59000 3480 5.90281
52.60000 3421 5.85206
52.61000 3395 5.82223
52.62000 3403 5.83212
52.63000 3400 5.83212
52.64000 3356 5.79284
52.65000 3352 5.79284
52.66000 3262 5.7073
52.67000 3235 5.6888
52.68000 3247 5.69803
52.69000 3269 5.71662
52.70000 3272 5.71662
52.71000 3251 5.69803
52.72000 3212 5.67048
52.73000 3239 5.6888
52.74000 3189 5.64333
52.75000 3164 5.62544
52.76000 3126 5.59017
52.77000 3090 5.55556
52.78000 3132 5.59893
52.79000 3070 5.53849
52.80000 2964 5.44735
52.81000 2938 5.42326
52.82000 2928 5.40738
52.83000 2902 5.38382
52.84000 2921 5.40738
52.85000 2887 5.37603
52.86000 2853 5.33761
52.87000 2800 5.29256
52.88000 2803 5.29256
52.89000 2794 5.28516
52.90000 2829 5.32246
52.91000 2844 5.33002
52.92000 2840 5.33002
52.93000 2787 5.2778
52.94000 2833 5.32246
52.95000 2868 5.35288
52.96000 2936 5.4153
52.97000 2950 5.43125
52.98000 2967 5.44735
52.99000 2976 5.45545
53.00000 3042 5.51318
53.01000 3059 5.53001
53.02000 3001 5.47997
53.03000 2999 5.47997
53.04000 3018 5.4965
53.05000 3070 5.53849
53.06000 3051 5.52158
53.07000 3046 5.52158
53.08000 3002 5.47997
53.09000 2974 5.45545
53.10000 3001 5.47997
53.11000 3018 5.4965
53.12000 2984 5.46358
53.13000 2964 5.44735
53.14000 2974 5.45545
53.15000 2970 5.44735
53.16000 2949 5.43125
53.17000 2939 5.42326
53.18000 2979 5.45545
53.19000 3006 5.47997
53.20000 2966 5.44735
53.21000 2988 5.46358
53.22000 3020 5.4965
53.23000 3074 5.547
53.24000 3092 5.56415
53.25000 3143 5.60772
53.26000 3141 5.60772
53.27000 3169 5.62544
53.28000 3230 5.67962
53.29000 3273 5.71662
53.30000 3291 5.73539
53.31000 3290 5.73539
53.32000 3323 5.7639
53.33000 3413 5.84206
53.34000 3384 5.81238
53.35000 3436 5.8621
53.36000 3418 5.84206
53.37000 3383 5.81238
53.38000 3408 5.84206
53.39000 3384 5.81238
53.40000 3386 5.82223
53.41000 3401 5.83212
53.42000 3355 5.79284
53.43000 3292 5.73539
53.44000 3339 5.78315
53.45000 3294 5.73539
53.46000 3250 5.69803
53.47000 3180 5.64333
53.48000 3138 5.59893
53.49000 3116 5.58146
53.50000 3086 5.55556
53.51000 3083 5.55556
53.52000 3055 5.53001
53.53000 3021 5.4965
53.54000 3023 5.4965
53.55000 2966 5.44735
53.56000 3037 5.51318
53.57000 2949 5.43125
53.58000 2936 5.4153
53.59000 2963 5.44735
53.60000 2924 5.40738
53.61000 2956 5.43928
53.62000 2955 5.43928
53.63000 2933 5.4153
53.64000 3012 5.48821
53.65000 2973 5.45545
53.66000 2975 5.45545
53.67000 2999 5.47997
53.68000 3001 5.47997
53.69000 2950 5.43125
53.70000 2923 5.40738
53.71000 2956 5.43928
53.72000 2970 5.44735
53.73000 2912 5.39949
53.74000 2897 5.38382
53.75000 2914 5.39949
53.76000 2896 5.38382
53.77000 2854 5.34522
53.78000 2872 5.36056
53.79000 2842 5.33002
53.80000 2800 5.29256
53.81000 2765 5.25588
53.82000 2755 5.24864
53.83000 2735 5.22708
53.84000 2748 5.24142
53.85000 2768 5.26316
53.86000 2720 5.21286
53.87000 2736 5.23424
53.88000 2773 5.26316
53.89000 2749 5.24142
53.90000 2708 5.20579
53.91000 2721 5.21286
53.92000 2713 5.20579
53.93000 2742 5.23424
53.94000 2732 5.22708
53.95000 2743 5.23424
53.96000 2791 5.28516
53.97000 2797 5.28516
53.98000 2814 5.30745
53.99000 2771 5.26316
54.00000 2820 5.30745
54.01000 2785 5.2778
54.02000 2824 5.31494
54.03000 2843 5.33002
54.04000 2846 5.33761
54.05000 2878 5.36828
54.06000 2825 5.31494
54.07000 2824 5.31494
54.08000 2774 5.27046
54.09000 2775 5.27046
54.10000 2787 5.2778
54.11000 2730 5.22708
54.12000 2795 5.28516
54.13000 2752 5.24864
54.14000 2748 5.24142
54.15000 2751 5.24142
54.16000 2755 5.24864
54.17000 2705 5.19875
54.18000 2706 5.19875
54.19000 2700 5.19875
54.20000 2711 5.20579
54.21000 2689 5.18476
54.22000 2628 5.12316
54.23000 2635 5.12989
54.24000 2645 5.14344
54.25000 2627 5.12316
54.26000 2618 5.11645
54.27000 2603 5.1031
54.28000 2633 5.12989
54.29000 2630 5.12989
54.30000 2590 5.08987
54.31000 2613 5.10976
54.32000 2645 5.14344
54.33000 2627 5.12316
54.34000 2652 5.15026
54.35000 2635 5.12989
54.36000 2649 5.14344
54.37000 2614 5.10976
54.38000 2635 5.12989
54.39000 2684 5.1778
54.40000 2695 5.19174
54.41000 2710 5.20579
54.42000 2673 5.17088
54.43000 2672 5.17088
54.44000 2727 5.21996
54.45000 2700 5.19875
54.46000 2657 5.15711
54.47000 2670 5.16398
54.48000 2689 5.18476
54.49000 2634 5.12989
54.50000 2666 5.16398
54.51000 2697 5.19174
54.52000 2692 5.19174
54.53000 2707 5.20579
54.54000 2669 5.16398
54.55000 2686 5.18476
54.56000 2751 5.24142
54.57000 2719 5.21286
54.58000 2732 5.22708
54.59000 2737 5.23424
54.60000 2759 5.25588
54.61000 2732 5.22708
54.62000 2774 5.27046
54.63000 2818 5.30745
54.64000 2841 5.33002
54.65000 2834 5.32246
54.66000 2899 5.38382
54.67000 2938 5.42326
54.68000 2916 5.39949
54.69000 2945 5.42326
54.70000 2999 5.47997
54.71000 3031 5.50482
54.72000 3056 5.53001
54.73000 3057 5.53001
54.74000 3096 5.56415
54.75000 3122 5.59017
54.76000 3115 5.58146
54.77000 3122 5.59017
54.78000 3146 5.60772
54.79000 3132 5.59893
54.80000 3141 5.60772
54.81000 3151 5.61656
54.82000 3208 5.66139
54.83000 3132 5.59893
54.84000 3145 5.60772
54.85000 3142 5.60772
54.86000 3111 5.58146
54.87000 3055 5.53001
54.88000 2947 5.43125
54.89000 2897 5.38382
54.90000 2868 5.35288
54.91000 2875 5.36056
54.92000 2823 5.31494
54.93000 2786 5.2778
54.94000 2760 5.25588
54.95000 2756 5.24864
54.96000 2715 5.21286
54.97000 2682 5.1778
54.98000 2696 5.19174
54.99000 2671 5.17088
55.00000 2675 5.17088
55.01000 2654 5.15026
55.02000 2686 5.18476
55.03000 2644 5.14344
55.04000 2667 5.16398
55.05000 2679 5.1778
55.06000 2697 5.19174
55.07000 2674 5.17088
55.08000 2677 5.17088
55.09000 2669 5.16398
55.10000 2701 5.19875
55.11000 2719 5.21286
55.12000 2668 5.16398
55.13000 2661 5.15711
55.14000 2680 5.1778
55.15000 2653 5.15026
55.16000 2680 5.1778
55.17000 2722 5.21996
55.18000 2672 5.17088
55.19000 2722 5.21996
55.20000 2744 5.24142
55.21000 2767 5.26316
55.22000 2753 5.24864
55.23000 2720 5.21286
55.24000 2714 5.21286
55.25000 2741 5.23424
55.26000 2693 5.19174
55.27000 2726 5.21996
55.28000 2748 5.24142
55.29000 2708 5.20579
55.30000 2734 5.22708
55.31000 2768 5.26316
55.32000 2748 5.24142
55.33000 2740 5.23424
55.34000 2711 5.20579
55.35000 2757 5.24864
55.36000 2787 5.2778
55.37000 2842 5.33002
55.38000 2869 5.35288
55.39000 2893 5.37603
55.40000 2877 5.36056
55.41000 2874 5.36056
55.42000 2896 5.38382
55.43000 2924 5.40738
55.44000 2957 5.43928
55.45000 2906 5.39164
55.46000 2909 5.39164
55.47000 2914 5.39949
55.48000 2920 5.40738
55.49000 2881 5.36828
55.50000 2873 5.36056
55.51000 2896 5.38382
55.52000 2859 5.34522
55.53000 2867 5.35288
55.54000 2840 5.33002
55.55000 2802 5.29256
55.56000 2837 5.33002
55.57000 2829 5.32246
55.58000 2767 5.26316
55.59000 2751 5.24142
55.60000 2778 5.27046
55.61000 2810 5.29999
55.62000 2779 5.27046
55.63000 2803 5.29256
55.64000 2835 5.32246
55.65000 2772 5.26316
55.66000 2781 5.27046
55.67000 2826 5.31494
55.68000 2799 5.29256
55.69000 2790 5.28516
55.70000 2797 5.28516
55.71000 2776 5.27046
55.72000 2843 5.33002
55.73000 2851 5.33761
55.74000 2855 5.34522
55.75000 2868 5.35288
55.76000 2875 5.36056
55.77000 2867 5.35288
55.78000 2914 5.39949
55.79000 2911 5.39164
55.80000 2888 5.37603
55.81000 2925 5.40738
55.82000 2948 5.43125
55.83000 2925 5.40738
55.84000 2917 5.39949
55.85000 2954 5.43125
55.86000 2986 5.46358
55.87000 2977 5.45545
55.88000 2979 5.45545
55.89000 2953 5.43125
55.90000 2967 5.44735
55.91000 2999 5.47997
55.92000 3021 5.4965
55.93000 2995 5.47176
55.94000 2990 5.47176
55.95000 2990 5.47176
55.96000 3005 5.47997
55.97000 3010 5.48821
55.98000 3091 5.55556
55.99000 3059 5.53001
56.00000 2998 5.47176
56.01000 3018 5.4965
56.02000 3027 5.50482
56.03000 3103 5.57278
56.04000 3076 5.547
56.05000 3080 5.547
56.06000 3082 5.55556
56.07000 3173 5.63436
56.08000 3174 5.63436
56.09000 3255 5.7073
56.10000 3265 5.71662
56.11000 3304 5.74485
56.12000 3333 5.7735
56.13000 3326 5.7639
56.14000 3296 5.74485
56.15000 3326 5.7639
56.16000 3339 5.78315
56.17000 3320 5.7639
56.18000 3266 5.71662
56.19000 3289 5.73539
56.20000 3284 5.72598
56.21000 3302 5.74485
56.22000 3247 5.69803
56.23000 3197 5.65233
56.24000 3164 5.62544
56.25000 3130 5.59893
56.26000 3048 5.52158
56.27000 2995 5.47176
56.28000 2970 5.44735
56.29000 2998 5.47176
56.30000 2907 5.39164
56.31000 2901 5.38382
56.32000 2875 5.36056
56.33000 2875 5.36056
56.34000 2812 5.29999
56.35000 2766 5.25588
56.36000 2771 5.26316
56.37000 2798 5.29256
56.38000 2802 5.29256
56.39000 2797 5.28516
56.40000 2785 5.2778
56.41000 2752 5.24864
56.42000 2750 5.24142
56.43000 2763 5.25588
56.44000 2803 5.29256
56.45000 2796 5.28516
56.46000 2793 5.28516
56.47000 2794 5.28516
56.48000 2831 5.32246
56.49000 2856 5.34522
56.50000 2848 5.33761
56.51000 2884 5.36828
56.52000 2906 5.39164
56.53000 2976 5.45545
56.54000 2944 5.42326
56.55000 2914 5.39949
56.56000 2953 5.43125
56.57000 2975 5.45545
56.58000 2971 5.44735
56.59000 2958 5.43928
56.60000 3015 5.48821
56.61000 3071 5.53849
56.62000 3009 5.48821
56.63000 3006 5.47997
56.64000 2980 5.45545
56.65000 2943 5.42326
56.66000 2933 5.4153
56.67000 2909 5.39164
56.68000 2822 5.31494
56.69000 2794 5.28516
56.70000 2824 5.31494
56.71000 2746 5.24142
56.72000 2724 5.21996
56.73000 2723 5.21996
56.74000 2727 5.21996
56.75000 2726 5.21996
56.76000 2692 5.19174
56.77000 2651 5.15026
56.78000 2660 5.15711
56.79000 2674 5.17088
56.80000 2703 5.19875
56.81000 2725 5.21996
56.82000 2724 5.21996
56.83000 2718 5.21286
56.84000 2743 5.23424
56.85000 2682 5.1778
56.86000 2700 5.19875
56.87000 2714 5.21286
56.88000 2711 5.20579
56.89000 2722 5.21996
56.90000 2685 5.18476
56.91000 2647 5.14344
56.92000 2664 5.16398
56.93000 2657 5.15711
56.94000 2603 5.1031
56.95000 2609 5.10976
56.96000 2609 5.10976
56.97000 2569 5.0702
56.98000 2549 5.05076
56.99000 2569 5.0702
57.00000 2598 5.09647
57.01000 2574 5.0702
57.02000 2560 5.05722
57.03000 2612 5.10976
57.04000 2577 5.07673
57.05000 2598 5.09647
57.06000 2615 5.11645
57.07000 2624 5.12316
57.08000 2601 5.1031
57.09000 2669 5.16398
57.10000 2663 5.15711
57.11000 2686 5.18476
57.12000 2749 5.24142
57.13000 2789 5.2778
57.14000 2778 5.27046
57.15000 2752 5.24864
57.16000 2789 5.2778
57.17000 2803 5.29256
57.18000 2768 5.26316
57.19000 2798 5.29256
57.20000 2739 5.23424
57.21000 2744 5.24142
57.22000 2729 5.22708
57.23000 2728 5.21996
57.24000 2741 5.23424
57.25000 2731 5.22708
57.26000 2761 5.25588
57.27000 2746 5.24142
57.28000 2720 5.21286
57.29000 2721 5.21286
57.30000 2697 5.19174
57.31000 2700 5.19875
57.32000 2706 5.19875
57.33000 2771 5.26316
57.34000 2781 5.27046
57.35000 2797 5.28516
57.36000 2778 5.27046
57.37000 2797 5.28516
57.38000 2856 5.34522
57.39000 2828 5.31494
57.40000 2799 5.29256
57.41000 2824 5.31494
57.42000 2817 5.30745
57.43000 2829 5.32246
57.44000 2877 5.36056
57.45000 2851 5.33761
57.46000 2793 5.28516
57.47000 2818 5.30745
57.48000 2817 5.30745
57.49000 2822 5.31494
57.50000 2804 5.29256
57.51000 2765 5.25588
57.52000 2791 5.28516
57.53000 2757 5.24864
57.54000 2752 5.24864
57.55000 2770 5.26316
57.56000 2741 5.23424
57.57000 2753 5.24864
57.58000 2739 5.23424
57.59000 2687 5.18476
57.60000 2719 5.21286
57.61000 2722 5.21996
57.62000 2708 5.20579
57.63000 2704 5.19875
57.64000 2691 5.18476
57.65000 2701 5.19875
57.66000 2681 5.1778
57.67000 2674 5.17088
57.68000 2682 5.1778
57.69000 2734 5.22708
57.70000 2713 5.20579
57.71000 2714 5.21286
57.72000 2704 5.19875
57.73000 2716 5.21286
57.74000 2763 5.25588
57.75000 2773 5.26316
57.76000 2807 5.29999
57.77000 2793 5.28516
57.78000 2852 5.33761
57.79000 2884 5.36828
57.80000 2899 5.38382
57.81000 2946 5.43125
57.82000 2979 5.45545
57.83000 2978 5.45545
57.84000 2963 5.44735
57.85000 2986 5.46358
57.86000 3051 5.52158
57.87000 3040 5.51318
57.88000 3006 5.47997
57.89000 3013 5.48821
57.90000 2979 5.45545
57.91000 3060 5.53001
57.92000 3029 5.50482
57.93000 2906 5.39164
57.94000 2881 5.36828
57.95000 2868 5.35288
57.96000 2837 5.33002
57.97000 2815 5.30745
57.98000 2755 5.24864
57.99000 2749 5.24142
58.00000 2705 5.19875
58.01000 2661 5.15711
58.02000 2678 5.1778
58.03000 2672 5.17088
58.04000 2628 5.12316
58.05000 2618 5.11645
58.06000 2601 5.1031
58.07000 2546 5.04433
58.08000 2532 5.03155
58.09000 2526 5.02519
58.10000 2502 5
58.11000 2483 4.98135
58.12000 2481 4.98135
58.13000 2508 5.00626
58.14000 2491 4.99376
58.15000 2496 4.99376
58.16000 2502 5
58.17000 2478 4.97519
58.18000 2468 4.96904
58.19000 2495 4.99376
58.20000 2534 5.03155
58.21000 2523 5.02519
58.22000 2527 5.02519
58.23000 2587 5.08329
58.24000 2561 5.0637
58.25000 2562 5.0637
58.26000 2563 5.0637
58.27000 2554 5.05076
58.28000 2579 5.07673
58.29000 2568 5.0702
58.30000 2586 5.08329
58.31000 2604 5.1031
58.32000 2596 5.09647
58.33000 2595 5.09647
58.34000 2610 5.10976
58.35000 2648 5.14344
58.36000 2652 5.15026
58.37000 2624 5.12316
58.38000 2581 5.08329
58.39000 2619 5.11645
58.40000 2625 5.12316
58.41000 2646 5.14344
58.42000 2612 5.10976
58.43000 2627 5.12316
58.44000 2609 5.10976
58.45000 2672 5.17088
58.46000 2660 5.15711
58.47000 2659 5.15711
58.48000 2674 5.17088
58.49000 2658 5.15711
58.50000 2631 5.12989
58.51000 2660 5.15711
58.52000 2707 5.20579
58.53000 2694 5.19174
58.54000 2704 5.19875
58.55000 2687 5.18476
58.56000 2709 5.20579
58.57000 2721 5.21286
58.58000 2788 5.2778
58.59000 2819 5.30745
58.60000 2808 5.29999
58.61000 2750 5.24142
58.62000 2754 5.24864
58.63000 2820 5.30745
58.64000 2801 5.29256
58.65000 2806 5.29999
58.66000 2780 5.27046
58.67000 2796 5.28516
58.68000 2772 5.26316
58.69000 2749 5.24142
58.70000 2734 5.22708
58.71000 2755 5.24864
58.72000 2679 5.1778
58.73000 2691 5.18476
58.74000 2682 5.1778
58.75000 2654 5.15026
58.76000 2698 5.19174
58.77000 2643 5.14344
58.78000 2614 5.10976
58.79000 2650 5.15026
58.80000 2589 5.08987
58.81000 2595 5.09647
58.82000 2580 5.07673
58.83000 2562 5.0637
58.84000 2581 5.08329
58.85000 2580 5.07673
58.86000 2577 5.07673
58.87000 2586 5.08329
58.88000 2567 5.0637
58.89000 2487 4.98755
58.90000 2520 5.01886
58.91000 2544 5.04433
58.92000 2548 5.05076
58.93000 2534 5.03155
58.94000 2530 5.03155
58.95000 2490 4.98755
58.96000 2484 4.98135
58.97000 2459 4.95682
58.98000 2444 4.94468
58.99000 2452 4.95074
59.00000 2489 4.98755
59.01000 2472 4.96904
59.02000 2516 5.01886
59.03000 2522 5.01886
59.04000 2526 5.02519
59.05000 2470 4.96904
59.06000 2434 4.93264
59.07000 2457 4.95682
59.08000 2478 4.97519
59.09000 2459 4.95682
59.10000 2482 4.98135
59.11000 2470 4.96904
59.12000 2465 4.96292
59.13000 2460 4.95682
59.14000 2424 4.92068
59.15000 2424 4.92068
59.16000 2485 4.98755
59.17000 2537 5.03793
59.18000 2511 5.01255
59.19000 2546 5.04433
59.20000 2562 5.0637
59.21000 2539 5.03793
59.22000 2571 5.0702
59.23000 2600 5.09647
59.24000 2598 5.09647
59.25000 2562 5.0637
59.26000 2572 5.0702
59.27000 2573 5.0702
59.28000 2619 5.11645
59.29000 2624 5.12316
59.30000 2614 5.10976
59.31000 2673 5.17088
59.32000 2677 5.17088
59.33000 2599 5.09647
59.34000 2600 5.09647
59.35000 2555 5.05722
59.36000 2602 5.1031
59.37000 2590 5.08987
59.38000 2587 5.08329
59.39000 2604 5.1031
59.40000 2593 5.08987
59.41000 2589 5.08987
59.42000 2546 5.04433
59.43000 2530 5.03155
59.44000 2518 5.01886
59.45000 2503 5
59.46000 2524 5.02519
59.47000 2519 5.01886
59.48000 2497 5
59.49000 2455 4.95682
59.50000 2462 4.96292
59.51000 2473 4.97519
59.52000 2437 4.93865
59.53000 2382 4.8795
59.54000 2386 4.88532
59.55000 2359 4.85643
59.56000 2373 4.8737
59.57000 2379 4.8795
59.58000 2392 4.89116
59.59000 2362 4.86217
59.60000 2340 4.83934
59.61000 2337 4.83368
59.62000 2338 4.83368
59.63000 2366 4.86217
59.64000 2344 4.83934
59.65000 2362 4.86217
59.66000 2384 4.88532
59.67000 2338 4.83368
59.68000 2364 4.86217
59.69000 2385 4.88532
59.70000 2386 4.88532
59.71000 2374 4.8737
59.72000 2352 4.85071
59.73000 2375 4.8737
59.74000 2472 4.96904
59.75000 2494 4.99376
59.76000 2476 4.97519
59.77000 2540 5.03793
59.78000 2562 5.0637
59.79000 2571 5.0702
59.80000 2550 5.05076
59.81000 2560 5.05722
59.82000 2571 5.0702
59.83000 2584 5.08329
59.84000 2637 5.13665
59.85000 2631 5.12989
59.86000 2630 5.12989
59.87000 2635 5.12989
59.88000 2654 5.15026
59.89000 2650 5.15026
59.90000 2677 5.17088
59.91000 2690 5.18476
59.92000 2733 5.22708
59.93000 2734 5.22708
59.94000 2711 5.20579
59.95000 2693 5.19174
59.96000 2742 5.23424
59.97000 2776 5.27046
59.98000 2784 5.2778
59.99000 2732 5.22708
60.00000 2780 5.27046
60.01000 2762 5.25588
60.02000 2734 5.22708
60.03000 2744 5.24142
60.04000 2737 5.23424
60.05000 2737 5.23424
60.06000 2726 5.21996
60.07000 2740 5.23424
60.08000 2687 5.18476
60.09000 2684 5.1778
60.10000 2649 5.14344
60.11000 2656 5.15026
60.12000 2642 5.13665
60.13000 2566 5.0637
60.14000 2568 5.0702
60.15000 2561 5.0637
60.16000 2616 5.11645
60.17000 2587 5.08329
60.18000 2591 5.08987
60.19000 2574 5.0702
60.20000 2549 5.05076
60.21000 2561 5.0637
60.22000 2580 5.07673
60.23000 2619 5.11645
60.24000 2653 5.15026
60.25000 2632 5.12989
60.26000 2643 5.14344
60.27000 2641 5.13665
60.28000 2672 5.17088
60.29000 2699 5.19174
60.30000 2718 5.21286
60.31000 2738 5.23424
60.32000 2770 5.26316
60.33000 2811 5.29999
60.34000 2812 5.29999
60.35000 2903 5.39164
60.36000 2862 5.35288
60.37000 2860 5.34522
60.38000 2890 5.37603
60.39000 2893 5.37603
60.40000 2872 5.36056
60.41000 2880 5.36828
60.42000 2822 5.31494
60.43000 2828 5.31494
60.44000 2798 5.29256
60.45000 2786 5.2778
60.46000 2775 5.27046
60.47000 2729 5.22708
60.48000 2766 5.25588
60.49000 2769 5.26316
60.50000 2712 5.20579
60.51000 2669 5.16398
60.52000 2691 5.18476
60.53000 2656 5.15026
60.54000 2682 5.1778
60.55000 2698 5.19174
60.56000 2668 5.16398
60.57000 2654 5.15026
60.58000 2704 5.19875
60.59000 2730 5.22708
60.60000 2689 5.18476
60.61000 2697 5.19174
60.62000 2714 5.21286
60.63000 2683 5.1778
60.64000 2699 5.19174
60.65000 2696 5.19174
60.66000 2678 5.1778
60.67000 2696 5.19174
60.68000 2701 5.19875
60.69000 2673 5.17088
60.70000 2720 5.21286
60.71000 2716 5.21286
60.72000 2722 5.21996
60.73000 2718 5.21286
60.74000 2778 5.27046
60.75000 2777 5.27046
60.76000 2787 5.2778
60.77000 2801 5.29256
60.78000 2793 5.28516
60.79000 2824 5.31494
60.80000 2848 5.33761
60.81000 2835 5.32246
60.82000 2860 5.34522
60.83000 2861 5.34522
60.84000 2939 5.42326
60.85000 2923 5.40738
60.86000 2939 5.42326
60.87000 2894 5.37603
60.88000 2853 5.33761
60.89000 2905 5.39164
60.90000 2889 5.37603
60.91000 2897 5.38382
60.92000 2871 5.36056
60.93000 2825 5.31494
60.94000 2797 5.28516
60.95000 2807 5.29999
60.96000 2843 5.33002
60.97000 2774 5.27046
60.98000 2769 5.26316
60.99000 2780 5.27046
61.00000 2731 5.22708
61.01000 2701 5.19875
61.02000 2708 5.20579
61.03000 2684 5.1778
61.04000 2673 5.17088
61.05000 2653 5.15026
61.06000 2639 5.13665
61.07000 2611 5.10976
61.08000 2617 5.11645
61.09000 2621 5.11645
61.10000 2577 5.07673
61.11000 2533 5.03155
61.12000 2526 5.02519
61.13000 2548 5.05076
61.14000 2592 5.08987
61.15000 2599 5.09647
61.16000 2527 5.02519
61.17000 2573 5.0702
61.18000 2563 5.0637
61.19000 2620 5.11645
61.20000 2635 5.12989
61.21000 2609 5.10976
61.22000 2616 5.11645
61.23000 2656 5.15026
61.24000 2703 5.19875
61.25000 2675 5.17088
61.26000 2649 5.14344
61.27000 2694 5.19174
61.28000 2677 5.17088
61.29000 2643 5.14344
61.30000 2677 5.17088
61.31000 2637 5.13665
61.32000 2659 5.15711
61.33000 2677 5.17088
61.34000 2613 5.10976
61.35000 2571 5.0702
61.36000 2578 5.07673
61.37000 2564 5.0637
61.38000 2539 5.03793
61.39000 2567 5.0637
61.40000 2595 5.09647
61.41000 2600 5.09647
61.42000 2592 5.08987
61.43000 2622 5.12316
61.44000 2606 5.1031
61.45000 2616 5.11645
61.46000 2616 5.11645
61.47000 2658 5.15711
61.48000 2691 5.18476
61.49000 2694 5.19174
61.50000 2701 5.19875
61.51000 2722 5.21996
61.52000 2709 5.20579
61.53000 2711 5.20579
61.54000 2745 5.24142
61.55000 2777 5.27046
61.56000 2788 5.2778
61.57000 2790 5.28516
61.58000 2828 5.31494
61.59000 2856 5.34522
61.60000 2850 5.33761
61.61000 2849 5.33761
61.62000 2814 5.30745
61.63000 2805 5.29256
61.64000 2804 5.29256
61.65000 2786 5.2778
61.66000 2735 5.22708
61.67000 2767 5.26316
61.68000 2759 5.25588
61.69000 2718 5.21286
61.70000 2674 5.17088
61.71000 2654 5.15026
61.72000 2670 5.16398
61.73000 2676 5.17088
61.74000 2622 5.12316
61.75000 2606 5.1031
61.76000 2629 5.12989
61.77000 2634 5.12989
61.78000 2619 5.11645
61.79000 2649 5.14344
61.80000 2656 5.15026
61.81000 2629 5.12989
61.82000 2660 5.15711
61.83000 2653 5.15026
61.84000 2653 5.15026
61.85000 2700 5.19875
61.86000 2661 5.15711
61.87000 2681 5.1778
61.88000 2702 5.19875
61.89000 2741 5.23424
61.90000 2756 5.24864
61.91000 2747 5.24142
61.92000 2733 5.22708
61.93000 2733 5.22708
61.94000 2819 5.30745
61.95000 2862 5.35288
61.96000 2807 5.29999
61.97000 2794 5.28516
61.98000 2825 5.31494
61.99000 2821 5.31494
62.00000 2853 5.33761
62.01000 2844 5.33002
62.02000 2788 5.2778
62.03000 2725 5.21996
62.04000 2744 5.24142
62.05000 2678 5.1778
62.06000 2666 5.16398
62.07000 2627 5.12316
62.08000 2630 5.12989
62.09000 2564 5.0637
62.10000 2559 5.05722
62.11000 2544 5.04433
62.12000 2472 4.96904
62.13000 2427 4.92665
62.14000 2411 4.90881
62.15000 2473 4.97519
62.16000 2440 4.93865
62.17000 2410 4.90881
62.18000 2404 4.9029
62.19000 2407 4.90881
62.20000 2401 4.9029
62.21000 2383 4.8795
62.22000 2398 4.89702
62.23000 2375 4.8737
62.24000 2356 4.85643
62.25000 2398 4.89702
62.26000 2408 4.90881
62.27000 2370 4.86792
62.28000 2376 4.8737
62.29000 2432 4.93264
62.30000 2456 4.95682
62.31000 2416 4.91473
62.32000 2422 4.92068
62.33000 2396 4.89702
62.34000 2450 4.95074
62.35000 2432 4.93264
62.36000 2436 4.93264
62.37000 2435 4.93264
62.38000 2445 4.94468
62.39000 2464 4.96292
62.40000 2440 4.93865
62.41000 2396 4.89702
62.42000 2388 4.88532
62.43000 2386 4.88532
62.44000 2387 4.88532
62.45000 2403 4.9029
62.46000 2384 4.88532
62.47000 2390 4.89116
62.48000 2388 4.88532
62.49000 2352 4.85071
62.50000 2355 4.85071
62.51000 2346 4.84502
62.52000 2322 4.81683
62.53000 2369 4.86792
62.54000 2358 4.85643
62.55000 2407 4.90881
62.56000 2350 4.84502
62.57000 2303 4.80015
62.58000 2330 4.82805
62.59000 2368 4.86792
62.60000 2344 4.83934
62.61000 2364 4.86217
62.62000 2350 4.84502
62.63000 2356 4.85643
62.64000 2334 4.83368
62.65000 2358 4.85643
62.66000 2319 4.81683
62.67000 2341 4.83934
62.68000 2306 4.80015
62.69000 2347 4.84502
62.70000 2364 4.86217
62.71000 2366 4.86217
62.72000 2339 4.83368
62.73000 2365 4.86217
62.74000 2347 4.84502
62.75000 2392 4.89116
62.76000 2412 4.90881
62.77000 2394 4.89116
62.78000 2360 4.85643
62.79000 2386 4.88532
62.80000 2409 4.90881
62.81000 2432 4.93264
62.82000 2486 4.98755
62.83000 2441 4.93865
62.84000 2412 4.90881
62.85000 2420 4.92068
62.86000 2442 4.93865
62.87000 2450 4.95074
62.88000 2459 4.95682
62.89000 2493 4.99376
62.90000 2480 4.98135
62.91000 2447 4.94468
62.92000 2498 5
62.93000 2463 4.96292
62.94000 2465 4.96292
62.95000 2530 5.03155
62.96000 2482 4.98135
62.97000 2433 4.93264
62.98000 2444 4.94468
62.99000 2458 4.95682
63.00000 2465 4.96292
63.01000 2480 4.98135
63.02000 2493 4.99376
63.03000 2511 5.01255
63.04000 2530 5.03155
63.05000 2508 5.00626
63.06000 2485 4.98755
63.07000 2475 4.97519
63.08000 2534 5.03155
63.09000 2512 5.01255
63.10000 2488 4.98755
63.11000 2524 5.02519
63.12000 2557 5.05722
63.13000 2560 5.05722
63.14000 2589 5.08987
63.15000 2602 5.1031
63.16000 2556 5.05722
63.17000 2602 5.1031
63.18000 2607 5.1031
63.19000 2635 5.12989
63.20000 2659 5.15711
63.21000 2640 5.13665
63.22000 2657 5.15711
63.23000 2666 5.16398
63.24000 2655 5.15026
63.25000 2663 5.15711
63.26000 2718 5.21286
63.27000 2672 5.17088
63.28000 2639 5.13665
63.29000 2620 5.11645
63.30000 2631 5.12989
63.31000 2573 5.0702
63.32000 2579 5.07673
63.33000 2558 5.05722
63.34000 2579 5.07673
63.35000 2557 5.05722
63.36000 2563 5.0637
63.37000 2582 5.08329
63.38000 2498 5
63.39000 2480 4.98135
63.40000 2483 4.98135
63.41000 2446 4.94468
63.42000 2396 4.89702
63.43000 2393 4.89116
63.44000 2443 4.94468
63.45000 2429 4.92665
63.46000 2363 4.86217
63.47000 2349 4.84502
63.48000 2383 4.8795
63.49000 2389 4.88532
63.50000 2356 4.85643
63.51000 2352 4.85071
63.52000 2386 4.88532
63.53000 2387 4.88532
63.54000 2396 4.89702
63.55000 2417 4.91473
63.56000 2390 4.89116
63.57000 2426 4.92665
63.58000 2458 4.95682
63.59000 2472 4.96904
63.60000 2447 4.94468
63.61000 2470 4.96904
63.62000 2486 4.98755
63.63000 2499 5
63.64000 2514 5.01255
63.65000 2538 5.03793
63.66000 2525 5.02519
63.67000 2503 5
63.68000 2489 4.98755
63.69000 2536 5.03793
63.70000 2516 5.01886
63.71000 2512 5.01255
63.72000 2488 4.98755
63.73000 2467 4.96904
63.74000 2473 4.97519
63.75000 2495 4.99376
63.76000 2483 4.98135
63.77000 2473 4.97519
63.78000 2521 5.01886
63.79000 2528 5.02519
63.80000 2474 4.97519
63.81000 2420 4.92068
63.82000 2431 4.93264
63.83000 2454 4.95682
63.84000 2468 4.96904
63.85000 2439 4.93865
63.86000 2410 4.90881
63.87000 2394 4.89116
63.88000 2412 4.90881
63.89000 2359 4.85643
63.90000 2363 4.86217
63.91000 2356 4.85643
63.92000 2419 4.92068
63.93000 2395 4.89116
63.94000 2367 4.86792
63.95000 2322 4.81683
63.96000 2294 4.78913
63.97000 2330 4.82805
63.98000 2313 4.81125
63.99000 2342 4.83934
64.00000 2353 4.85071
64.01000 2391 4.89116
64.02000 2375 4.8737
64.03000 2411 4.90881
64.04000 2396 4.89702
64.05000 2410 4.90881
64.06000 2419 4.92068
64.07000 2399 4.89702
64.08000 2419 4.92068
64.09000 2420 4.92068
64.10000 2441 4.93865
64.11000 2499 5
64.12000 2499 5
64.13000 2493 4.99376
64.14000 2530 5.03155
64.15000 2506 5.00626
64.16000 2498 5
64.17000 2505 5.00626
64.18000 2542 5.04433
64.19000 2510 5.01255
64.20000 2501 5
64.21000 2490 4.98755
64.22000 2515 5.01255
64.23000 2538 5.03793
64.24000 2516 5.01886
64.25000 2483 4.98135
64.26000 2430 4.92665
64.27000 2440 4.93865
64.28000 2418 4.91473
64.29000 2448 4.95074
64.30000 2389 4.88532
64.31000 2384 4.88532
64.32000 2366 4.86217
64.33000 2396 4.89702
64.34000 2424 4.92068
64.35000 2381 4.8795
64.36000 2332 4.82805
64.37000 2337 4.83368
64.38000 2340 4.83934
64.39000 2415 4.91473
64.40000 2425 4.92665
64.41000 2426 4.92665
64.42000 2415 4.91473
64.43000 2423 4.92068
64.44000 2431 4.93264
64.45000 2455 4.95682
64.46000 2466 4.96292
64.47000 2431 4.93264
64.48000 2447 4.94468
64.49000 2455 4.95682
64.50000 2495 4.99376
64.51000 2467 4.96904
64.52000 2480 4.98135
64.53000 2515 5.01255
64.54000 2530 5.03155
64.55000 2500 5
64.56000 2472 4.96904
64.57000 2448 4.95074
64.58000 2452 4.95074
64.59000 2492 4.99376
64.60000 2501 5
64.61000 2488 4.98755
64.62000 2480 4.98135
64.63000 2494 4.99376
64.64000 2462 4.96292
64.65000 2478 4.97519
64.66000 2492 4.99376
64.67000 2454 4.95682
64.68000 2448 4.95074
64.69000 2411 4.90881
64.70000 2418 4.91473
64.71000 2411 4.90881
64.72000 2432 4.93264
64.73000 2401 4.9029
64.74000 2382 4.8795
64.75000 2392 4.89116
64.76000 2394 4.89116
64.77000 2387 4.88532
64.78000 2460 4.95682
64.79000 2439 4.93865
64.80000 2386 4.88532
64.81000 2389 4.88532
64.82000 2356 4.85643
64.83000 2384 4.88532
64.84000 2386 4.88532
64.85000 2382 4.8795
64.86000 2393 4.89116
64.87000 2388 4.88532
64.88000 2324 4.82243
64.89000 2364 4.86217
64.90000 2314 4.81125
64.91000 2307 4.80569
64.92000 2335 4.83368
64.93000 2323 4.82243
64.94000 2334 4.83368
64.95000 2307 4.80569
64.96000 2279 4.77274
64.97000 2269 4.7619
64.98000 2282 4.77818
64.99000 2294 4.78913
65.00000 2301 4.79463
65.01000 2299 4.79463
65.02000 2330 4.82805
65.03000 2261 4.75651
65.04000 2253 4.74579
65.05000 2292 4.78913
65.06000 2294 4.78913
65.07000 2277 4.77274
65.08000 2253 4.74579
65.09000 2276 4.77274
65.10000 2282 4.77818
65.11000 2318 4.81683
65.12000 2326 4.82243
65.13000 2280 4.77274
65.14000 2291 4.78913
65.15000 2377 4.8737
65.16000 2346 4.84502
65.17000 2359 4.85643
65.18000 2350 4.84502
65.19000 2378 4.8737
65.20000 2340 4.83934
65.21000 2351 4.85071
65.22000 2367 4.86792
65.23000 2373 4.8737
65.24000 2391 4.89116
65.25000 2396 4.89702
65.26000 2421 4.92068
65.27000 2430 4.92665
65.28000 2402 4.9029
65.29000 2455 4.95682
65.30000 2492 4.99376
65.31000 2441 4.93865
65.32000 2451 4.95074
65.33000 2501 5
65.34000 2500 5
65.35000 2509 5.00626
65.36000 2522 5.01886
65.37000 2547 5.04433
65.38000 2551 5.05076
65.39000 2571 5.0702
65.40000 2568 5.0702
65.41000 2562 5.0637
65.42000 2585 5.08329
65.43000 2581 5.08329
65.44000 2603 5.1031
65.45000 2615 5.11645
65.46000 2624 5.12316
65.47000 2613 5.10976
65.48000 2629 5.12989
65.49000 2605 5.1031
65.50000 2609 5.10976
65.51000 2595 5.09647
65.52000 2603 5.1031
65.53000 2543 5.04433
65.54000 2526 5.02519
65.55000 2521 5.01886
65.56000 2497 5
65.57000 2508 5.00626
65.58000 2507 5.00626
65.59000 2463 4.96292
65.60000 2452 4.95074
65.61000 2439 4.93865
65.62000 2449 4.95074
65.63000 2440 4.93865
65.64000 2412 4.90881
65.65000 2411 4.90881
65.66000 2383 4.8795
65.67000 2413 4.91473
65.68000 2371 4.86792
65.69000 2418 4.91473
65.70000 2401 4.9029
65.71000 2398 4.89702
65.72000 2376 4.8737
65.73000 2380 4.8795
65.74000 2426 4.92665
65.75000 2442 4.93865
65.76000 2395 4.89116
65.77000 2403 4.9029
65.78000 2387 4.88532
65.79000 2442 4.93865
65.80000 2474 4.97519
65.81000 2434 4.93264
65.82000 2447 4.94468
65.83000 2472 4.96904
65.84000 2487 4.98755
65.85000 2452 4.95074
65.86000 2456 4.95682
65.87000 2461 4.96292
65.88000 2504 5.00626
65.89000 2497 5
65.90000 2446 4.94468
65.91000 2447 4.94468
65.92000 2451 4.95074
65.93000 2472 4.96904
65.94000 2458 4.95682
65.95000 2416 4.91473
65.96000 2441 4.93865
65.97000 2427 4.92665
65.98000 2465 4.96292
65.99000 2445 4.94468
66.00000 2484 4.98135
66.01000 2486 4.98755
66.02000 2482 4.98135
66.03000 2443 4.94468
66.04000 2435 4.93264
66.05000 2418 4.91473
66.06000 2462 4.96292
66.07000 2497 5
66.08000 2457 4.95682
66.09000 2452 4.95074
66.10000 2459 4.95682
66.11000 2510 5.01255
66.12000 2541 5.03793
66.13000 2534 5.03155
66.14000 2521 5.01886
66.15000 2551 5.05076
66.16000 2554 5.05076
66.17000 2540 5.03793
66.18000 2555 5.05722
66.19000 2629 5.12989
66.20000 2629 5.12989
66.21000 2636 5.13665
66.22000 2620 5.11645
66.23000 2611 5.10976
66.24000 2628 5.12316
66.25000 2594 5.08987
66.26000 2594 5.08987
66.27000 2558 5.05722
66.28000 2538 5.03793
66.29000 2534 5.03155
66.30000 2546 5.04433
66.31000 2522 5.01886
66.32000 2531 5.03155
66.33000 2522 5.01886
66.34000 2466 4.96292
66.35000 2462 4.96292
66.36000 2444 4.94468
66.37000 2465 4.96292
66.38000 2511 5.01255
66.39000 2466 4.96292
66.40000 2417 4.91473
66.41000 2438 4.93865
66.42000 2454 4.95682
66.43000 2432 4.93264
66.44000 2466 4.96292
66.45000 2438 4.93865
66.46000 2474 4.97519
66.47000 2511 5.01255
66.48000 2481 4.98135
66.49000 2520 5.01886
66.50000 2516 5.01886
66.51000 2504 5.00626
66.52000 2498 5
66.53000 2503 5
66.54000 2499 5
66.55000 2485 4.98755
66.56000 2550 5.05076
66.57000 2589 5.08987
66.58000 2585 5.08329
66.59000 2615 5.11645
66.60000 2563 5.0637
66.61000 2602 5.1031
66.62000 2596 5.09647
66.63000 2600 5.09647
66.64000 2632 5.12989
66.65000 2617 5.11645
66.66000 2655 5.15026
66.67000 2648 5.14344
66.68000 2680 5.1778
66.69000 2703 5.19875
66.70000 2702 5.19875
66.71000 2781 5.27046
66.72000 2713 5.20579
66.73000 2711 5.20579
66.74000 2767 5.26316
66.75000 2793 5.28516
66.76000 2801 5.29256
66.77000 2811 5.29999
66.78000 2798 5.29256
66.79000 2809 5.29999
66.80000 2805 5.29256
66.81000 2840 5.33002
66.82000 2823 5.31494
66.83000 2805 5.29256
66.84000 2832 5.32246
66.85000 2851 5.33761
66.86000 2833 5.32246
66.87000 2801 5.29256
66.88000 2809 5.29999
66.89000 2799 5.29256
66.90000 2785 5.2778
66.91000 2753 5.24864
66.92000 2701 5.19875
66.93000 2721 5.21286
66.94000 2761 5.25588
66.95000 2727 5.21996
66.96000 2669 5.16398
66.97000 2672 5.17088
66.98000 2650 5.15026
66.99000 2665 5.16398
67.00000 2614 5.10976
67.01000 2658 5.15711
67.02000 2668 5.16398
67.03000 2659 5.15711
67.04000 2606 5.1031
67.05000 2609 5.10976
67.06000 2586 5.08329
67.07000 2613 5.10976
67.08000 2548 5.05076
67.09000 2548 5.05076
67.10000 2590 5.08987
67.11000 2576 5.07673
67.12000 2638 5.13665
67.13000 2593 5.08987
67.14000 2600 5.09647
67.15000 2612 5.10976
67.16000 2567 5.0637
67.17000 2613 5.10976
67.18000 2582 5.08329
67.19000 2593 5.08987
67.20000 2556 5.05722
67.21000 2579 5.07673
67.22000 2585 5.08329
67.23000 2645 5.14344
67.24000 2651 5.15026
67.25000 2596 5.09647
67.26000 2584 5.08329
67.27000 2585 5.08329
67.28000 2602 5.1031
67.29000 2610 5.10976
67.30000 2649 5.14344
67.31000 2577 5.07673
67.32000 2568 5.0702
67.33000 2589 5.08987
67.34000 2523 5.02519
67.35000 2526 5.02519
67.36000 2500 5
67.37000 2510 5.01255
67.38000 2533 5.03155
67.39000 2534 5.03155
67.40000 2520 5.01886
67.41000 2479 4.98135
67.42000 2482 4.98135
67.43000 2501 5
67.44000 2477 4.97519
67.45000 2453 4.95074
67.46000 2447 4.94468
67.47000 2488 4.98755
67.48000 2489 4.98755
67.49000 2519 5.01886
67.50000 2515 5.01255
67.51000 2510 5.01255
67.52000 2546 5.04433
67.53000 2551 5.05076
67.54000 2542 5.04433
67.55000 2567 5.0637
67.56000 2556 5.05722
67.57000 2577 5.07673
67.58000 2584 5.08329
67.59000 2612 5.10976
67.60000 2614 5.10976
67.61000 2595 5.09647
67.62000 2625 5.12316
67.63000 2616 5.11645
67.64000 2604 5.1031
67.65000 2657 5.15711
67.66000 2634 5.12989
67.67000 2589 5.08987
67.68000 2588 5.08987
67.69000 2613 5.10976
67.70000 2610 5.10976
67.71000 2626 5.12316
67.72000 2632 5.12989
67.73000 2655 5.15026
67.74000 2713 5.20579
67.75000 2732 5.22708
67.76000 2712 5.20579
67.77000 2668 5.16398
67.78000 2673 5.17088
67.79000 2651 5.15026
67.80000 2679 5.1778
67.81000 2748 5.24142
67.82000 2737 5.23424
67.83000 2767 5.26316
67.84000 2761 5.25588
67.85000 2756 5.24864
67.86000 2718 5.21286
67.87000 2704 5.19875
67.88000 2714 5.21286
67.89000 2694 5.19174
67.90000 2727 5.21996
67.91000 2700 5.19875
67.92000 2668 5.16398
67.93000 2640 5.13665
67.94000 2624 5.12316
67.95000 2605 5.1031
67.96000 2586 5.08329
67.97000 2567 5.0637
67.98000 2540 5.03793
67.99000 2516 5.01886
68.00000 2532 5.03155
68.01000 2502 5
68.02000 2537 5.03793
68.03000 2504 5.00626
68.04000 2470 4.96904
68.05000 2474 4.97519
68.06000 2505 5.00626
68.07000 2509 5.00626
68.08000 2425 4.92665
68.09000 2436 4.93264
68.10000 2433 4.93264
68.11000 2416 4.91473
68.12000 2430 4.92665
68.13000 2411 4.90881
68.14000 2389 4.88532
68.15000 2423 4.92068
68.16000 2422 4.92068
68.17000 2415 4.91473
68.18000 2430 4.92665
68.19000 2472 4.96904
68.20000 2441 4.93865
68.21000 2435 4.93264
68.22000 2402 4.9029
68.23000 2400 4.89702
68.24000 2393 4.89116
68.25000 2407 4.90881
68.26000 2459 4.95682
68.27000 2474 4.97519
68.28000 2416 4.91473
68.29000 2448 4.95074
68.30000 2441 4.93865
68.31000 2451 4.95074
68.32000 2460 4.95682
68.33000 2453 4.95074
68.34000 2479 4.98135
68.35000 2486 4.98755
68.36000 2495 4.99376
68.37000 2517 5.01886
68.38000 2489 4.98755
68.39000 2520 5.01886
68.40000 2487 4.98755
68.41000 2544 5.04433
68.42000 2488 4.98755
68.43000 2477 4.97519
68.44000 2523 5.02519
68.45000 2502 5
68.46000 2480 4.98135
68.47000 2525 5.02519
68.48000 2529 5.03155
68.49000 2483 4.98135
68.50000 2497 5
68.51000 2511 5.01255
68.52000 2523 5.02519
68.53000 2546 5.04433
68.54000 2523 5.02519
68.55000 2500 5
68.56000 2502 5
68.57000 2540 5.03793
68.58000 2533 5.03155
68.59000 2548 5.05076
68.60000 2500 5
68.61000 2516 5.01886
68.62000 2492 4.99376
68.63000 2453 4.95074
68.64000 2523 5.02519
68.65000 2518 5.01886
68.66000 2480 4.98135
68.67000 2499 5
68.68000 2500 5
68.69000 2468 4.96904
68.70000 2431 4.93264
68.71000 2419 4.92068
68.72000 2407 4.90881
68.73000 2400 4.89702
68.74000 2419 4.92068
68.75000 2420 4.92068
68.76000 2449 4.95074
68.77000 2439 4.93865
68.78000 2414 4.91473
68.79000 2403 4.9029
68.80000 2414 4.91473
68.81000 2445 4.94468
68.82000 2444 4.94468
68.83000 2420 4.92068
68.84000 2448 4.95074
68.85000 2458 4.95682
68.86000 2447 4.94468
68.87000 2477 4.97519
68.88000 2460 4.95682
68.89000 2506 5.00626
68.90000 2457 4.95682
68.91000 2457 4.95682
68.92000 2493 4.99376
68.93000 2519 5.01886
68.94000 2545 5.04433
68.95000 2515 5.01255
68.96000 2538 5.03793
68.97000 2500 5
68.98000 2518 5.01886
68.99000 2553 5.05076
69.00000 2527 5.02519
69.01000 2520 5.01886
69.02000 2517 5.01886
69.03000 2509 5.00626
69.04000 2516 5.01886
69.05000 2476 4.97519
69.06000 2487 4.98755
69.07000 2511 5.01255
69.08000 2484 4.98135
69.09000 2499 5
69.10000 2436 4.93264
69.11000 2508 5.00626
69.12000 2526 5.02519
69.13000 2496 4.99376
69.14000 2544 5.04433
69.15000 2514 5.01255
69.16000 2531 5.03155
69.17000 2524 5.02519
69.18000 2538 5.03793
69.19000 2503 5
69.20000 2525 5.02519
69.21000 2542 5.04433
69.22000 2576 5.07673
69.23000 2545 5.04433
69.24000 2535 5.03793
69.25000 2538 5.03793
69.26000 2580 5.07673
69.27000 2561 5.0637
69.28000 2592 5.08987
69.29000 2608 5.10976
69.30000 2592 5.08987
69.31000 2610 5.10976
69.32000 2637 5.13665
69.33000 2589 5.08987
69.34000 2574 5.0702
69.35000 2559 5.05722
69.36000 2587 5.08329
69.37000 2559 5.05722
69.38000 2530 5.03155
69.39000 2584 5.08329
69.40000 2543 5.04433
69.41000 2496 4.99376
69.42000 2496 4.99376
69.43000 2516 5.01886
69.44000 2501 5
69.45000 2447 4.94468
69.46000 2434 4.93264
69.47000 2436 4.93264
69.48000 2423 4.92068
69.49000 2444 4.94468
69.50000 2431 4.93264
69.51000 2458 4.95682
69.52000 2452 4.95074
69.53000 2460 4.95682
69.54000 2446 4.94468
69.55000 2450 4.95074
69.56000 2467 4.96904
69.57000 2419 4.92068
69.58000 2409 4.90881
69.59000 2454 4.95682
69.60000 2475 4.97519
69.61000 2451 4.95074
69.62000 2474 4.97519
69.63000 2466 4.96292
69.64000 2487 4.98755
69.65000 2483 4.98135
69.66000 2454 4.95682
69.67000 2416 4.91473
69.68000 2407 4.90881
69.69000 2422 4.92068
69.70000 2422 4.92068
69.71000 2436 4.93264
69.72000 2435 4.93264
69.73000 2419 4.92068
69.74000 2427 4.92665
69.75000 2408 4.90881
69.76000 2365 4.86217
69.77000 2374 4.8737
69.78000 2398 4.89702
69.79000 2386 4.88532
69.80000 2427 4.92665
69.81000 2456 4.95682
69.82000 2427 4.92665
69.83000 2448 4.95074
69.84000 2445 4.94468
69.85000 2480 4.98135
69.86000 2444 4.94468
69.87000 2431 4.93264
69.88000 2481 4.98135
69.89000 2497 5
69.90000 2447 4.94468
69.91000 2477 4.97519
69.92000 2478 4.97519
69.93000 2483 4.98135
69.94000 2495 4.99376
69.95000 2503 5
69.96000 2528 5.02519
69.97000 2524 5.02519
69.98000 2494 4.99376
69.99000 2468 4.96904
70.00000 2504 5.00626
70.01000 2475 4.97519
70.02000 2495 4.99376
70.03000 2473 4.97519
70.04000 2520 5.01886
70.05000 2438 4.93865
70.06000 2473 4.97519
70.07000 2507 5.00626
70.08000 2497 5
70.09000 2476 4.97519
70.10000 2474 4.97519
70.11000 2484 4.98135
70.12000 2458 4.95682
70.13000 2489 4.98755
70.14000 2469 4.96904
70.15000 2470 4.96904
70.16000 2486 4.98755
70.17000 2523 5.02519
70.18000 2492 4.99376
70.19000 2497 5
70.20000 2552 5.05076
70.21000 2558 5.05722
70.22000 2589 5.08987
70.23000 2585 5.08329
70.24000 2582 5.08329
70.25000 2536 5.03793
70.26000 2582 5.08329
70.27000 2586 5.08329
70.28000 2595 5.09647
70.29000 2601 5.1031
70.30000 2619 5.11645
70.31000 2682 5.1778
70.32000 2685 5.18476
70.33000 2599 5.09647
70.34000 2624 5.12316
70.35000 2652 5.15026
70.36000 2644 5.14344
70.37000 2615 5.11645
70.38000 2676 5.17088
70.39000 2646 5.14344
70.40000 2622 5.12316
70.41000 2607 5.1031
70.42000 2602 5.1031
70.43000 2603 5.1031
70.44000 2599 5.09647
70.45000 2607 5.1031
70.46000 2529 5.03155
70.47000 2561 5.0637
70.48000 2565 5.0637
70.49000 2523 5.02519
70.50000 2521 5.01886
70.51000 2527 5.02519
70.52000 2520 5.01886
70.53000 2508 5.00626
70.54000 2497 5
70.55000 2510 5.01255
70.56000 2502 5
70.57000 2482 4.98135
70.58000 2517 5.01886
70.59000 2513 5.01255
70.60000 2501 5
70.61000 2518 5.01886
70.62000 2506 5.00626
70.63000 2554 5.05076
70.64000 2544 5.04433
70.65000 2561 5.0637
70.66000 2536 5.03793
70.67000 2525 5.02519
70.68000 2565 5.0637
70.69000 2549 5.05076
70.70000 2529 5.03155
70.71000 2549 5.05076
70.72000 2578 5.07673
70.73000 2588 5.08987
70.74000 2561 5.0637
70.75000 2578 5.07673
70.76000 2545 5.04433
70.77000 2563 5.0637
70.78000 2582 5.08329
70.79000 2524 5.02519
70.80000 2510 5.01255
70.81000 2502 5
70.82000 2496 4.99376
70.83000 2477 4.97519
70.84000 2494 4.99376
70.85000 2456 4.95682
70.86000 2436 4.93264
70.87000 2413 4.91473
70.88000 2382 4.8795
70.89000 2379 4.8795
70.90000 2348 4.84502
70.91000 2326 4.82243
70.92000 2333 4.82805
70.93000 2360 4.85643
70.94000 2341 4.83934
70.95000 2329 4.82805
70.96000 2330 4.82805
70.97000 2336 4.83368
70.98000 2306 4.80015
70.99000 2346 4.84502
71.00000 2372 4.86792
71.01000 2415 4.91473
71.02000 2416 4.91473
71.03000 2398 4.89702
71.04000 2391 4.89116
71.05000 2433 4.93264
71.06000 2450 4.95074
71.07000 2499 5
71.08000 2506 5.00626
71.09000 2527 5.02519
71.10000 2505 5.00626
71.11000 2550 5.05076
71.12000 2570 5.0702
71.13000 2568 5.0702
71.14000 2603 5.1031
71.15000 2574 5.0702
71.16000 2575 5.07673
71.17000 2559 5.05722
71.18000 2569 5.0702
71.19000 2608 5.10976
71.20000 2639 5.13665
71.21000 2662 5.15711
71.22000 2648 5.14344
71.23000 2638 5.13665
71.24000 2598 5.09647
71.25000 2585 5.08329
71.26000 2524 5.02519
71.27000 2526 5.02519
71.28000 2571 5.0702
71.29000 2671 5.17088
71.30000 2656 5.15026
71.31000 2605 5.1031
71.32000 2566 5.0637
71.33000 2574 5.0702
71.34000 2594 5.08987
71.35000 2540 5.03793
71.36000 2579 5.07673
71.37000 2600 5.09647
71.38000 2573 5.0702
71.39000 2600 5.09647
71.40000 2565 5.0637
71.41000 2493 4.99376
71.42000 2497 5
71.43000 2472 4.96904
71.44000 2506 5.00626
71.45000 2575 5.07673
71.46000 2566 5.0637
71.47000 2497 5
71.48000 2557 5.05722
71.49000 2562 5.0637
71.50000 2554 5.05076
71.51000 2563 5.0637
71.52000 2561 5.0637
71.53000 2562 5.0637
71.54000 2593 5.08987
71.55000 2575 5.07673
71.56000 2549 5.05076
71.57000 2546 5.04433
71.58000 2603 5.1031
71.59000 2568 5.0702
71.60000 2610 5.10976
71.61000 2630 5.12989
71.62000 2655 5.15026
71.63000 2585 5.08329
71.64000 2570 5.0702
71.65000 2568 5.0702
71.66000 2534 5.03155
71.67000 2534 5.03155
71.68000 2536 5.03793
71.69000 2544 5.04433
71.70000 2557 5.05722
71.71000 2568 5.0702
71.72000 2603 5.1031
71.73000 2535 5.03793
71.74000 2506 5.00626
71.75000 2529 5.03155
71.76000 2503 5
71.77000 2493 4.99376
71.78000 2499 5
71.79000 2541 5.03793
71.80000 2550 5.05076
71.81000 2536 5.03793
71.82000 2544 5.04433
71.83000 2517 5.01886
71.84000 2526 5.02519
71.85000 2508 5.00626
71.86000 2540 5.03793
71.87000 2531 5.03155
71.88000 2530 5.03155
71.89000 2558 5.05722
71.90000 2562 5.0637
71.91000 2544 5.04433
71.92000 2587 5.08329
71.93000 2600 5.09647
71.94000 2601 5.1031
71.95000 2617 5.11645
71.96000 2614 5.10976
71.97000 2647 5.14344
71.98000 2657 5.15711
71.99000 2623 5.12316
72.00000 2611 5.10976
72.01000 2630 5.12989
72.02000 2633 5.12989
72.03000 2652 5.15026
72.04000 2679 5.1778
72.05000 2615 5.11645
72.06000 2608 5.10976
72.07000 2677 5.17088
72.08000 2651 5.15026
72.09000 2589 5.08987
72.10000 2584 5.08329
72.11000 2561 5.0637
72.12000 2567 5.0637
72.13000 2614 5.10976
72.14000 2592 5.08987
72.15000 2506 5.00626
72.16000 2548 5.05076
72.17000 2528 5.02519
72.18000 2508 5.00626
72.19000 2514 5.01255
72.20000 2508 5.00626
72.21000 2495 4.99376
72.22000 2484 4.98135
72.23000 2442 4.93865
72.24000 2436 4.93264
72.25000 2465 4.96292
72.26000 2464 4.96292
72.27000 2413 4.91473
72.28000 2403 4.9029
72.29000 2435 4.93264
72.30000 2402 4.9029
72.31000 2383 4.8795
72.32000 2391 4.89116
72.33000 2379 4.8795
72.34000 2391 4.89116
72.35000 2397 4.89702
72.36000 2397 4.89702
72.37000 2393 4.89116
72.38000 2423 4.92068
72.39000 2439 4.93865
72.40000 2423 4.92068
72.41000 2392 4.89116
72.42000 2424 4.92068
72.43000 2419 4.92068
72.44000 2420 4.92068
72.45000 2418 4.91473
72.46000 2400 4.89702
72.47000 2393 4.89116
72.48000 2384 4.88532
72.49000 2379 4.8795
72.50000 2366 4.86217
72.51000 2357 4.85643
72.52000 2360 4.85643
72.53000 2383 4.8795
72.54000 2379 4.8795
72.55000 2328 4.82243
72.56000 2288 4.78365
72.57000 2303 4.80015
72.58000 2328 4.82243
72.59000 2343 4.83934
72.60000 2389 4.88532
72.61000 2343 4.83934
72.62000 2333 4.82805
72.63000 2320 4.81683
72.64000 2277 4.77274
72.65000 2295 4.78913
72.66000 2334 4.83368
72.67000 2316 4.81125
72.68000 2325 4.82243
72.69000 2331 4.82805
72.70000 2312 4.80569
72.71000 2322 4.81683
72.72000 2344 4.83934
72.73000 2336 4.83368
72.74000 2357 4.85643
72.75000 2378 4.8737
72.76000 2353 4.85071
72.77000 2325 4.82243
72.78000 2380 4.8795
72.79000 2392 4.89116
72.80000 2409 4.90881
72.81000 2451 4.95074
72.82000 2436 4.93264
72.83000 2420 4.92068
72.84000 2404 4.9029
72.85000 2417 4.91473
72.86000 2392 4.89116
72.87000 2364 4.86217
72.88000 2409 4.90881
72.89000 2388 4.88532
72.90000 2393 4.89116
72.91000 2413 4.91473
72.92000 2435 4.93264
72.93000 2430 4.92665
72.94000 2429 4.92665
72.95000 2437 4.93865
72.96000 2446 4.94468
72.97000 2474 4.97519
72.98000 2482 4.98135
72.99000 2430 4.92665
73.00000 2458 4.95682
73.01000 2485 4.98755
73.02000 2455 4.95682
73.03000 2477 4.97519
73.04000 2432 4.93264
73.05000 2502 5
73.06000 2482 4.98135
73.07000 2461 4.96292
73.08000 2489 4.98755
73.09000 2467 4.96904
73.10000 2426 4.92665
73.11000 2462 4.96292
73.12000 2493 4.99376
73.13000 2509 5.00626
73.14000 2448 4.95074
73.15000 2440 4.93865
73.16000 2442 4.93865
73.17000 2444 4.94468
73.18000 2476 4.97519
73.19000 2448 4.95074
73.20000 2451 4.95074
73.21000 2495 4.99376
73.22000 2497 5
73.23000 2523 5.02519
73.24000 2494 4.99376
73.25000 2483 4.98135
73.26000 2486 4.98755
73.27000 2463 4.96292
73.28000 2498 5
73.29000 2455 4.95682
73.30000 2501 5
73.31000 2485 4.98755
73.32000 2509 5.00626
73.33000 2478 4.97519
73.34000 2436 4.93264
73.35000 2380 4.8795
73.36000 2447 4.94468
73.37000 2483 4.98135
73.38000 2469 4.96904
73.39000 2453 4.95074
73.40000 2448 4.95074
73.41000 2459 4.95682
73.42000 2466 4.96292
73.43000 2430 4.92665
73.44000 2399 4.89702
73.45000 2394 4.89116
73.46000 2375 4.8737
73.47000 2404 4.9029
73.48000 2419 4.92068
73.49000 2422 4.92068
73.50000 2418 4.91473
73.51000 2413 4.91473
73.52000 2467 4.96904
73.53000 2412 4.90881
73.54000 2403 4.9029
73.55000 2403 4.9029
73.56000 2404 4.9029
73.57000 2408 4.90881
73.58000 2423 4.92068
73.59000 2412 4.90881
73.60000 2418 4.91473
73.61000 2377 4.8737
73.62000 2383 4.8795
73.63000 2371 4.86792
73.64000 2391 4.89116
73.65000 2406 4.9029
73.66000 2391 4.89116
73.67000 2345 4.84502
73.68000 2349 4.84502
73.69000 2318 4.81683
73.70000 2343 4.83934
73.71000 2346 4.84502
73.72000 2382 4.8795
73.73000 2358 4.85643
73.74000 2389 4.88532
73.75000 2391 4.89116
73.76000 2402 4.9029
73.77000 2384 4.88532
73.78000 2361 4.85643
73.79000 2342 4.83934
73.80000 2373 4.8737
73.81000 2385 4.88532
73.82000 2416 4.91473
73.83000 2394 4.89116
73.84000 2395 4.89116
73.85000 2397 4.89702
73.86000 2397 4.89702
73.87000 2380 4.8795
73.88000 2413 4.91473
73.89000 2406 4.9029
73.90000 2406 4.9029
73.91000 2372 4.86792
73.92000 2378 4.8737
73.93000 2411 4.90881
73.94000 2445 4.94468
73.95000 2454 4.95682
73.96000 2425 4.92665
73.97000 2433 4.93264
73.98000 2439 4.93865
73.99000 2462 4.96292
74.00000 2516 5.01886
74.01000 2521 5.01886
74.02000 2520 5.01886
74.03000 2558 5.05722
74.04000 2571 5.0702
74.05000 2515 5.01255
74.06000 2556 5.05722
74.07000 2578 5.07673
74.08000 2628 5.12316
74.09000 2603 5.1031
74.10000 2593 5.08987
74.11000 2612 5.10976
74.12000 2626 5.12316
74.13000 2642 5.13665
74.14000 2724 5.21996
74.15000 2695 5.19174
74.16000 2692 5.19174
74.17000 2710 5.20579
74.18000 2712 5.20579
74.19000 2709 5.20579
74.20000 2697 5.19174
74.21000 2677 5.17088
74.22000 2712 5.20579
74.23000 2711 5.20579
74.24000 2712 5.20579
74.25000 2676 5.17088
74.26000 2668 5.16398
74.27000 2653 5.15026
74.28000 2598 5.09647
74.29000 2601 5.1031
74.30000 2590 5.08987
74.31000 2575 5.07673
74.32000 2561 5.0637
74.33000 2557 5.05722
74.34000 2531 5.03155
74.35000 2529 5.03155
74.36000 2506 5.00626
74.37000 2521 5.01886
74.38000 2517 5.01886
74.39000 2505 5.00626
74.40000 2504 5.00626
74.41000 2556 5.05722
74.42000 2518 5.01886
74.43000 2507 5.00626
74.44000 2511 5.01255
74.45000 2458 4.95682
74.46000 2464 4.96292
74.47000 2462 4.96292
74.48000 2496 4.99376
74.49000 2457 4.95682
74.50000 2496 4.99376
74.51000 2471 4.96904
74.52000 2431 4.93264
74.53000 2419 4.92068
74.54000 2453 4.95074
74.55000 2405 4.9029
74.56000 2439 4.93865
74.57000 2438 4.93865
74.58000 2429 4.92665
74.59000 2406 4.9029
74.60000 2377 4.8737
74.61000 2361 4.85643
74.62000 2382 4.8795
74.63000 2361 4.85643
74.64000 2361 4.85643
74.65000 2388 4.88532
74.66000 2341 4.83934
74.67000 2401 4.9029
74.68000 2434 4.93264
74.69000 2389 4.88532
74.70000 2389 4.88532
74.71000 2373 4.8737
74.72000 2362 4.86217
74.73000 2352 4.85071
74.74000 2320 4.81683
74.75000 2287 4.78365
74.76000 2382 4.8795
74.77000 2346 4.84502
74.78000 2375 4.8737
74.79000 2376 4.8737
74.80000 2398 4.89702
74.81000 2348 4.84502
74.82000 2314 4.81125
74.83000 2344 4.83934
74.84000 2349 4.84502
74.85000 2357 4.85643
74.86000 2338 4.83368
74.87000 2377 4.8737
74.88000 2370 4.86792
74.89000 2362 4.86217
74.90000 2355 4.85071
74.91000 2341 4.83934
74.92000 2377 4.8737
74.93000 2353 4.85071
74.94000 2380 4.8795
74.95000 2396 4.89702
74.96000 2416 4.91473
74.97000 2450 4.95074
74.98000 2445 4.94468
74.99000 2438 4.93865
75.00000 2433 4.93264
75.01000 2419 4.92068
75.02000 2413 4.91473
75.03000 2424 4.92068
75.04000 2442 4.93865
75.05000 2437 4.93865
75.06000 2416 4.91473
75.07000 2418 4.91473
75.08000 2406 4.9029
75.09000 2415 4.91473
75.10000 2422 4.92068
75.11000 2443 4.94468
75.12000 2437 4.93865
75.13000 2439 4.93865
75.14000 2450 4.95074
75.15000 2444 4.94468
75.16000 2438 4.93865
75.17000 2466 4.96292
75.18000 2458 4.95682
75.19000 2476 4.97519
75.20000 2489 4.98755
75.21000 2472 4.96904
75.22000 2452 4.95074
75.23000 2439 4.93865
75.24000 2417 4.91473
75.25000 2416 4.91473
75.26000 2427 4.92665
75.27000 2455 4.95682
75.28000 2466 4.96292
75.29000 2441 4.93865
75.30000 2429 4.92665
75.31000 2441 4.93865
75.32000 2441 4.93865
75.33000 2466 4.96292
75.34000 2453 4.95074
75.35000 2451 4.95074
75.36000 2423 4.92068
75.37000 2379 4.8795
75.38000 2349 4.84502
75.39000 2388 4.88532
75.40000 2403 4.9029
75.41000 2407 4.90881
75.42000 2406 4.9029
75.43000 2406 4.9029
75.44000 2363 4.86217
75.45000 2393 4.89116
75.46000 2377 4.8737
75.47000 2346 4.84502
75.48000 2290 4.78365
75.49000 2320 4.81683
75.50000 2301 4.79463
75.51000 2272 4.76731
75.52000 2293 4.78913
75.53000 2326 4.82243
75.54000 2296 4.78913
75.55000 2301 4.79463
75.56000 2316 4.81125
75.57000 2319 4.81683
75.58000 2305 4.80015
75.59000 2310 4.80569
75.60000 2332 4.82805
75.61000 2300 4.79463
75.62000 2253 4.74579
75.63000 2281 4.77818
75.64000 2319 4.81683
75.65000 2308 4.80569
75.66000 2289 4.78365
75.67000 2322 4.81683
75.68000 2291 4.78913
75.69000 2297 4.79463
75.70000 2310 4.80569
75.71000 2311 4.80569
75.72000 2272 4.76731
75.73000 2222 4.71405
75.74000 2245 4.74045
75.75000 2262 4.75651
75.76000 2229 4.71929
75.77000 2272 4.76731
75.78000 2270 4.7619
75.79000 2254 4.74579
75.80000 2315 4.81125
75.81000 2312 4.80569
75.82000 2282 4.77818
75.83000 2304 4.80015
75.84000 2334 4.83368
75.85000 2306 4.80015
75.86000 2291 4.78913
75.87000 2299 4.79463
75.88000 2336 4.83368
75.89000 2365 4.86217
75.90000 2323 4.82243
75.91000 2360 4.85643
75.92000 2363 4.86217
75.93000 2386 4.88532
75.94000 2351 4.85071
75.95000 2339 4.83368
75.96000 2346 4.84502
75.97000 2360 4.85643
75.98000 2375 4.8737
75.99000 2368 4.86792
76.00000 2359 4.85643
76.01000 2396 4.89702
76.02000 2363 4.86217
76.03000 2406 4.9029
76.04000 2403 4.9029
76.05000 2347 4.84502
76.06000 2408 4.90881
76.07000 2365 4.86217
76.08000 2400 4.89702
76.09000 2400 4.89702
76.10000 2414 4.91473
76.11000 2417 4.91473
76.12000 2393 4.89116
76.13000 2360 4.85643
76.14000 2387 4.88532
76.15000 2393 4.89116
76.16000 2379 4.8795
76.17000 2364 4.86217
76.18000 2435 4.93264
76.19000 2402 4.9029
76.20000 2362 4.86217
76.21000 2372 4.86792
76.22000 2355 4.85071
76.23000 2366 4.86217
76.24000 2323 4.82243
76.25000 2336 4.83368
76.26000 2362 4.86217
76.27000 2336 4.83368
76.28000 2358 4.85643
76.29000 2312 4.80569
76.30000 2341 4.83934
76.31000 2343 4.83934
76.32000 2352 4.85071
76.33000 2344 4.83934
76.34000 2327 4.82243
76.35000 2329 4.82805
76.36000 2318 4.81683
76.37000 2344 4.83934
76.38000 2339 4.83368
76.39000 2312 4.80569
76.40000 2301 4.79463
76.41000 2339 4.83368
76.42000 2305 4.80015
76.43000 2337 4.83368
76.44000 2354 4.85071
76.45000 2338 4.83368
76.46000 2343 4.83934
76.47000 2345 4.84502
76.48000 2350 4.84502
76.49000 2339 4.83368
76.50000 2329 4.82805
76.51000 2305 4.80015
76.52000 2353 4.85071
76.53000 2370 4.86792
76.54000 2377 4.8737
76.55000 2359 4.85643
76.56000 2364 4.86217
76.57000 2394 4.89116
76.58000 2410 4.90881
76.59000 2435 4.93264
76.60000 2455 4.95682
76.61000 2455 4.95682
76.62000 2419 4.92068
76.63000 2399 4.89702
76.64000 2430 4.92665
76.65000 2419 4.92068
76.66000 2416 4.91473
76.67000 2468 4.96904
76.68000 2476 4.97519
76.69000 2475 4.97519
76.70000 2516 5.01886
76.71000 2476 4.97519
76.72000 2516 5.01886
76.73000 2522 5.01886
76.74000 2560 5.05722
76.75000 2549 5.05076
76.76000 2555 5.05722
76.77000 2532 5.03155
76.78000 2518 5.01886
76.79000 2569 5.0702
76.80000 2565 5.0637
76.81000 2560 5.05722
76.82000 2587 5.08329
76.83000 2556 5.05722
76.84000 2565 5.0637
76.85000 2536 5.03793
76.86000 2516 5.01886
76.87000 2524 5.02519
76.88000 2491 4.99376
76.89000 2512 5.01255
76.90000 2511 5.01255
76.91000 2509 5.00626
76.92000 2522 5.01886
76.93000 2479 4.98135
76.94000 2478 4.97519
76.95000 2461 4.96292
76.96000 2421 4.92068
76.97000 2420 4.92068
76.98000 2435 4.93264
76.99000 2414 4.91473
77.00000 2386 4.88532
77.01000 2437 4.93865
77.02000 2456 4.95682
77.03000 2422 4.92068
77.04000 2437 4.93865
77.05000 2405 4.9029
77.06000 2402 4.9029
77.07000 2384 4.88532
77.08000 2401 4.9029
77.09000 2425 4.92665
77.10000 2433 4.93264
77.11000 2422 4.92068
77.12000 2441 4.93865
77.13000 2460 4.95682
77.14000 2445 4.94468
77.15000 2448 4.95074
77.16000 2414 4.91473
77.17000 2493 4.99376
77.18000 2498 5
77.19000 2543 5.04433
77.20000 2518 5.01886
77.21000 2498 5
77.22000 2571 5.0702
77.23000 2559 5.05722
77.24000 2537 5.03793
77.25000 2476 4.97519
77.26000 2512 5.01255
77.27000 2480 4.98135
77.28000 2442 4.93865
77.29000 2478 4.97519
77.30000 2442 4.93865
77.31000 2450 4.95074
77.32000 2473 4.97519
77.33000 2481 4.98135
77.34000 2419 4.92068
77.35000 2454 4.95682
77.36000 2471 4.96904
77.37000 2435 4.93264
77.38000 2444 4.94468
77.39000 2475 4.97519
77.40000 2445 4.94468
77.41000 2399 4.89702
77.42000 2465 4.96292
77.43000 2467 4.96904
77.44000 2446 4.94468
77.45000 2467 4.96904
77.46000 2461 4.96292
77.47000 2452 4.95074
77.48000 2422 4.92068
77.49000 2402 4.9029
77.50000 2439 4.93865
77.51000 2490 4.98755
77.52000 2500 5
77.53000 2435 4.93264
77.54000 2448 4.95074
77.55000 2450 4.95074
77.56000 2460 4.95682
77.57000 2495 4.99376
77.58000 2495 4.99376
77.59000 2479 4.98135
77.60000 2487 4.98755
77.61000 2470 4.96904
77.62000 2480 4.98135
77.63000 2478 4.97519
77.64000 2482 4.98135
77.65000 2515 5.01255
77.66000 2528 5.02519
77.67000 2530 5.03155
77.68000 2518 5.01886
77.69000 2510 5.01255
77.70000 2525 5.02519
77.71000 2520 5.01886
77.72000 2489 4.98755
77.73000 2496 4.99376
77.74000 2443 4.94468
77.75000 2458 4.95682
77.76000 2455 4.95682
77.77000 2449 4.95074
77.78000 2492 4.99376
77.79000 2483 4.98135
77.80000 2481 4.98135
77.81000 2471 4.96904
77.82000 2494 4.99376
77.83000 2472 4.96904
77.84000 2435 4.93264
77.85000 2463 4.96292
77.86000 2473 4.97519
77.87000 2437 4.93865
77.88000 2449 4.95074
77.89000 2394 4.89116
77.90000 2392 4.89116
77.91000 2456 4.95682
77.92000 2441 4.93865
77.93000 2447 4.94468
77.94000 2459 4.95682
77.95000 2463 4.96292
77.96000 2448 4.95074
77.97000 2415 4.91473
77.98000 2431 4.93264
77.99000 2467 4.96904
78.00000 2439 4.93865
78.01000 2434 4.93264
78.02000 2468 4.96904
78.03000 2453 4.95074
78.04000 2468 4.96904
78.05000 2495 4.99376
78.06000 2462 4.96292
78.07000 2488 4.98755
78.08000 2514 5.01255
78.09000 2504 5.00626
78.10000 2544 5.04433
78.11000 2529 5.03155
78.12000 2518 5.01886
78.13000 2550 5.05076
78.14000 2606 5.1031
78.15000 2613 5.10976
78.16000 2592 5.08987
78.17000 2650 5.15026
78.18000 2679 5.1778
78.19000 2614 5.10976
78.20000 2611 5.10976
78.21000 2610 5.10976
78.22000 2563 5.0637
78.23000 2593 5.08987
78.24000 2643 5.14344
78.25000 2663 5.15711
78.26000 2626 5.12316
78.27000 2600 5.09647
78.28000 2606 5.1031
78.29000 2639 5.13665
78.30000 2638 5.13665
78.31000 2609 5.10976
78.32000 2589 5.08987
78.33000 2609 5.10976
78.34000 2583 5.08329
78.35000 2534 5.03155
78.36000 2546 5.04433
78.37000 2547 5.04433
78.38000 2565 5.0637
78.39000 2530 5.03155
78.40000 2482 4.98135
78.41000 2487 4.98755
78.42000 2512 5.01255
78.43000 2513 5.01255
78.44000 2502 5
78.45000 2494 4.99376
78.46000 2515 5.01255
78.47000 2473 4.97519
78.48000 2495 4.99376
78.49000 2486 4.98755
78.50000 2465 4.96292
78.51000 2467 4.96904
78.52000 2426 4.92665
78.53000 2447 4.94468
78.54000 2450 4.95074
78.55000 2459 4.95682
78.56000 2458 4.95682
78.57000 2470 4.96904
78.58000 2454 4.95682
78.59000 2547 5.04433
78.60000 2552 5.05076
78.61000 2520 5.01886
78.62000 2485 4.98755
78.63000 2500 5
78.64000 2539 5.03793
78.65000 2474 4.97519
78.66000 2499 5
78.67000 2471 4.96904
78.68000 2501 5
78.69000 2491 4.99376
78.70000 2488 4.98755
78.71000 2474 4.97519
78.72000 2498 5
78.73000 2490 4.98755
78.74000 2477 4.97519
78.75000 2492 4.99376
78.76000 2510 5.01255
78.77000 2526 5.02519
78.78000 2581 5.08329
78.79000 2564 5.0637
78.80000 2547 5.04433
78.81000 2517 5.01886
78.82000 2503 5
78.83000 2520 5.01886
78.84000 2530 5.03155
78.85000 2550 5.05076
78.86000 2541 5.03793
78.87000 2505 5.00626
78.88000 2526 5.02519
78.89000 2505 5.00626
78.90000 2513 5.01255
78.91000 2522 5.01886
78.92000 2514 5.01255
78.93000 2496 4.99376
78.94000 2498 5
78.95000 2483 4.98135
78.96000 2517 5.01886
78.97000 2497 5
78.98000 2450 4.95074
78.99000 2436 4.93264
79.00000 2465 4.96292
79.01000 2425 4.92665
79.02000 2434 4.93264
79.03000 2457 4.95682
79.04000 2428 4.92665
79.05000 2467 4.96904
79.06000 2444 4.94468
79.07000 2433 4.93264
79.08000 2427 4.92665
79.09000 2417 4.91473
79.10000 2421 4.92068
79.11000 2466 4.96292
79.12000 2440 4.93865
79.13000 2432 4.93264
79.14000 2447 4.94468
79.15000 2420 4.92068
79.16000 2424 4.92068
79.17000 2433 4.93264
79.18000 2450 4.95074
79.19000 2450 4.95074
79.20000 2475 4.97519
79.21000 2471 4.96904
79.22000 2480 4.98135
79.23000 2481 4.98135
79.24000 2490 4.98755
79.25000 2469 4.96904
79.26000 2463 4.96292
79.27000 2490 4.98755
79.28000 2536 5.03793
79.29000 2489 4.98755
79.30000 2496 4.99376
79.31000 2457 4.95682
79.32000 2466 4.96292
79.33000 2502 5
79.34000 2463 4.96292
79.35000 2445 4.94468
79.36000 2491 4.99376
79.37000 2472 4.96904
79.38000 2464 4.96292
79.39000 2433 4.93264
79.40000 2440 4.93865
79.41000 2443 4.94468
79.42000 2477 4.97519
79.43000 2454 4.95682
79.44000 2456 4.95682
79.45000 2483 4.98135
79.46000 2461 4.96292
79.47000 2446 4.94468
79.48000 2395 4.89116
79.49000 2383 4.8795
79.50000 2367 4.86792
79.51000 2418 4.91473
79.52000 2353 4.85071
79.53000 2367 4.86792
79.54000 2423 4.92068
79.55000 2398 4.89702
79.56000 2398 4.89702
79.57000 2400 4.89702
79.58000 2358 4.85643
79.59000 2391 4.89116
79.60000 2385 4.88532
79.61000 2382 4.8795
79.62000 2391 4.89116
79.63000 2373 4.8737
79.64000 2372 4.86792
79.65000 2386 4.88532
79.66000 2403 4.9029
79.67000 2389 4.88532
79.68000 2406 4.9029
79.69000 2404 4.9029
79.70000 2422 4.92068
79.71000 2421 4.92068
79.72000 2392 4.89116
79.73000 2393 4.89116
79.74000 2388 4.88532
79.75000 2424 4.92068
79.76000 2419 4.92068
79.77000 2421 4.92068
79.78000 2431 4.93264
79.79000 2453 4.95074
79.80000 2445 4.94468
79.81000 2440 4.93865
79.82000 2462 4.96292
79.83000 2478 4.97519
79.84000 2460 4.95682
79.85000 2436 4.93264
79.86000 2452 4.95074
79.87000 2462 4.96292
79.88000 2465 4.96292
79.89000 2445 4.94468
79.90000 2462 4.96292
79.91000 2451 4.95074
79.92000 2476 4.97519
79.93000 2498 5
79.94000 2487 4.98755
79.95000 2485 4.98755
79.96000 2449 4.95074
79.97000 2477 4.97519
79.98000 2499 5
79.99000 2523 5.02519
80.00000 2515 5.01255
80.01000 2489 4.98755
80.02000 2492 4.99376
80.03000 2516 5.01886
80.04000 2528 5.02519
80.05000 2584 5.08329
80.06000 2564 5.0637
80.07000 2556 5.05722
80.08000 2505 5.00626
80.09000 2542 5.04433
80.10000 2527 5.02519
80.11000 2539 5.03793
80.12000 2533 5.03155
80.13000 2498 5
80.14000 2481 4.98135
80.15000 2546 5.04433
80.16000 2508 5.00626
80.17000 2535 5.03793
80.18000 2555 5.05722
80.19000 2544 5.04433
80.20000 2569 5.0702
80.21000 2592 5.08987
80.22000 2559 5.05722
80.23000 2551 5.05076
80.24000 2587 5.08329
80.25000 2564 5.0637
80.26000 2543 5.04433
80.27000 2575 5.07673
80.28000 2562 5.0637
80.29000 2570 5.0702
80.30000 2641 5.13665
80.31000 2606 5.1031
80.32000 2566 5.0637
80.33000 2604 5.1031
80.34000 2627 5.12316
80.35000 2627 5.12316
80.36000 2622 5.12316
80.37000 2641 5.13665
80.38000 2625 5.12316
80.39000 2636 5.13665
80.40000 2647 5.14344
80.41000 2643 5.14344
80.42000 2651 5.15026
80.43000 2639 5.13665
80.44000 2624 5.12316
80.45000 2619 5.11645
80.46000 2592 5.08987
80.47000 2562 5.0637
80.48000 2599 5.09647
80.49000 2588 5.08987
80.50000 2588 5.08987
80.51000 2582 5.08329
80.52000 2564 5.0637
80.53000 2565 5.0637
80.54000 2573 5.0702
80.55000 2553 5.05076
80.56000 2535 5.03793
80.57000 2544 5.04433
80.58000 2540 5.03793
80.59000 2523 5.02519
80.60000 2520 5.01886
80.61000 2489 4.98755
80.62000 2501 5
80.63000 2503 5
80.64000 2518 5.01886
80.65000 2504 5.00626
80.66000 2498 5
80.67000 2491 4.99376
80.68000 2508 5.00626
80.69000 2478 4.97519
80.70000 2494 4.99376
80.71000 2563 5.0637
80.72000 2522 5.01886
80.73000 2503 5
80.74000 2478 4.97519
80.75000 2520 5.01886
80.76000 2480 4.98135
80.77000 2469 4.96904
80.78000 2521 5.01886
80.79000 2480 4.98135
80.80000 2467 4.96904
80.81000 2487 4.98755
80.82000 2463 4.96292
80.83000 2438 4.93865
80.84000 2488 4.98755
80.85000 2507 5.00626
80.86000 2498 5
80.87000 2454 4.95682
80.88000 2493 4.99376
80.89000 2481 4.98135
80.90000 2497 5
80.91000 2510 5.01255
80.92000 2560 5.05722
80.93000 2525 5.02519
80.94000 2573 5.0702
80.95000 2509 5.00626
80.96000 2503 5
80.97000 2501 5
80.98000 2505 5.00626
80.99000 2517 5.01886
81.00000 2537 5.03793
81.01000 2491 4.99376
81.02000 2515 5.01255
81.03000 2533 5.03155
81.04000 2533 5.03155
81.05000 2552 5.05076
81.06000 2550 5.05076
81.07000 2504 5.00626
81.08000 2544 5.04433
81.09000 2528 5.02519
81.10000 2510 5.01255
81.11000 2503 5
81.12000 2515 5.01255
81.13000 2565 5.0637
81.14000 2553 5.05076
81.15000 2545 5.04433
81.16000 2511 5.01255
81.17000 2515 5.01255
81.18000 2496 4.99376
81.19000 2518 5.01886
81.20000 2521 5.01886
81.21000 2524 5.02519
81.22000 2528 5.02519
81.23000 2506 5.00626
81.24000 2516 5.01886
81.25000 2533 5.03155
81.26000 2509 5.00626
81.27000 2549 5.05076
81.28000 2517 5.01886
81.29000 2514 5.01255
81.30000 2486 4.98755
81.31000 2520 5.01886
81.32000 2508 5.00626
81.33000 2503 5
81.34000 2512 5.01255
81.35000 2524 5.02519
81.36000 2501 5
81.37000 2471 4.96904
81.38000 2517 5.01886
81.39000 2493 4.99376
81.40000 2524 5.02519
81.41000 2547 5.04433
81.42000 2543 5.04433
81.43000 2542 5.04433
81.44000 2551 5.05076
81.45000 2547 5.04433
81.46000 2503 5
81.47000 2500 5
81.48000 2520 5.01886
81.49000 2526 5.02519
81.50000 2482 4.98135
81.51000 2498 5
81.52000 2506 5.00626
81.53000 2458 4.95682
81.54000 2477 4.97519
81.55000 2493 4.99376
81.56000 2468 4.96904
81.57000 2473 4.97519
81.58000 2485 4.98755
81.59000 2436 4.93264
81.60000 2452 4.95074
81.61000 2446 4.94468
81.62000 2434 4.93264
81.63000 2478 4.97519
81.64000 2454 4.95682
81.65000 2427 4.92665
81.66000 2426 4.92665
81.67000 2396 4.89702
81.68000 2370 4.86792
81.69000 2390 4.89116
81.70000 2432 4.93264
81.71000 2435 4.93264
81.72000 2409 4.90881
81.73000 2427 4.92665
81.74000 2439 4.93865
81.75000 2428 4.92665
81.76000 2398 4.89702
81.77000 2375 4.8737
81.78000 2388 4.88532
81.79000 2383 4.8795
81.80000 2373 4.8737
81.81000 2401 4.9029
81.82000 2415 4.91473
81.83000 2400 4.89702
81.84000 2351 4.85071
81.85000 2340 4.83934
81.86000 2373 4.8737
81.87000 2388 4.88532
81.88000 2356 4.85643
81.89000 2350 4.84502
81.90000 2369 4.86792
81.91000 2379 4.8795
81.92000 2358 4.85643
81.93000 2403 4.9029
81.94000 2371 4.86792
81.95000 2395 4.89116
81.96000 2388 4.88532
81.97000 2379 4.8795
81.98000 2430 4.92665
81.99000 2416 4.91473
82.00000 2371 4.86792
82.01000 2370 4.86792
82.02000 2367 4.86792
82.03000 2372 4.86792
82.04000 2371 4.86792
82.05000 2374 4.8737
82.06000 2364 4.86217
82.07000 2369 4.86792
82.08000 2383 4.8795
82.09000 2425 4.92665
82.10000 2396 4.89702
82.11000 2391 4.89116
82.12000 2422 4.92068
82.13000 2397 4.89702
82.14000 2379 4.8795
82.15000 2381 4.8795
82.16000 2375 4.8737
82.17000 2351 4.85071
82.18000 2371 4.86792
82.19000 2400 4.89702
82.20000 2391 4.89116
82.21000 2413 4.91473
82.22000 2398 4.89702
82.23000 2407 4.90881
82.24000 2421 4.92068
82.25000 2377 4.8737
82.26000 2372 4.86792
82.27000 2405 4.9029
82.28000 2401 4.9029
82.29000 2390 4.89116
82.30000 2378 4.8737
82.31000 2402 4.9029
82.32000 2433 4.93264
82.33000 2426 4.92665
82.34000 2428 4.92665
82.35000 2425 4.92665
82.36000 2393 4.89116
82.37000 2452 4.95074
82.38000 2521 5.01886
82.39000 2553 5.05076
82.40000 2539 5.03793
82.41000 2517 5.01886
82.42000 2476 4.97519
82.43000 2454 4.95682
82.44000 2505 5.00626
82.45000 2492 4.99376
82.46000 2465 4.96292
82.47000 2510 5.01255
82.48000 2532 5.03155
82.49000 2544 5.04433
82.50000 2539 5.03793
82.51000 2518 5.01886
82.52000 2495 4.99376
82.53000 2515 5.01255
82.54000 2510 5.01255
82.55000 2513 5.01255
82.56000 2505 5.00626
82.57000 2521 5.01886
82.58000 2577 5.07673
82.59000 2493 4.99376
82.60000 2496 4.99376
82.61000 2502 5
82.62000 2524 5.02519
82.63000 2555 5.05722
82.64000 2531 5.03155
82.65000 2544 5.04433
82.66000 2518 5.01886
82.67000 2538 5.03793
82.68000 2602 5.1031
82.69000 2536 5.03793
82.70000 2516 5.01886
82.71000 2527 5.02519
82.72000 2518 5.01886
82.73000 2502 5
82.74000 2460 4.95682
82.75000 2506 5.00626
82.76000 2506 5.00626
82.77000 2469 4.96904
82.78000 2479 4.98135
82.79000 2475 4.97519
82.80000 2505 5.00626
82.81000 2477 4.97519
82.82000 2482 4.98135
82.83000 2461 4.96292
82.84000 2444 4.94468
82.85000 2455 4.95682
82.86000 2464 4.96292
82.87000 2444 4.94468
82.88000 2438 4.93865
82.89000 2432 4.93264
82.90000 2419 4.92068
82.91000 2414 4.91473
82.92000 2421 4.92068
82.93000 2427 4.92665
82.94000 2453 4.95074
82.95000 2453 4.95074
82.96000 2461 4.96292
82.97000 2443 4.94468
82.98000 2443 4.94468
82.99000 2478 4.97519
83.00000 2478 4.97519
83.01000 2484 4.98135
83.02000 2526 5.02519
83.03000 2492 4.99376
83.04000 2446 4.94468
83.05000 2452 4.95074
83.06000 2486 4.98755
83.07000 2494 4.99376
83.08000 2488 4.98755
83.09000 2469 4.96904
83.10000 2483 4.98135
83.11000 2495 4.99376
83.12000 2486 4.98755
83.13000 2526 5.02519
83.14000 2567 5.0637
83.15000 2535 5.03793
83.16000 2558 5.05722
83.17000 2586 5.08329
83.18000 2528 5.02519
83.19000 2539 5.03793
83.20000 2528 5.02519
83.21000 2528 5.02519
83.22000 2580 5.07673
83.23000 2550 5.05076
83.24000 2548 5.05076
83.25000 2575 5.07673
83.26000 2554 5.05076
83.27000 2584 5.08329
83.28000 2534 5.03155
83.29000 2548 5.05076
83.30000 2531 5.03155
83.31000 2552 5.05076
83.32000 2555 5.05722
83.33000 2563 5.0637
83.34000 2540 5.03793
83.35000 2540 5.03793
83.36000 2517 5.01886
83.37000 2559 5.05722
83.38000 2567 5.0637
83.39000 2586 5.08329
83.40000 2550 5.05076
83.41000 2610 5.10976
83.42000 2562 5.0637
83.43000 2551 5.05076
83.44000 2526 5.02519
83.45000 2536 5.03793
83.46000 2528 5.02519
83.47000 2507 5.00626
83.48000 2490 4.98755
83.49000 2559 5.05722
83.50000 2533 5.03155
83.51000 2570 5.0702
83.52000 2559 5.05722
83.53000 2500 5
83.54000 2543 5.04433
83.55000 2575 5.07673
83.56000 2618 5.11645
83.57000 2582 5.08329
83.58000 2586 5.08329
83.59000 2544 5.04433
83.60000 2563 5.0637
83.61000 2575 5.07673
83.62000 2572 5.0702
83.63000 2573 5.0702
83.64000 2570 5.0702
83.65000 2577 5.07673
83.66000 2584 5.08329
83.67000 2608 5.10976
83.68000 2586 5.08329
83.69000 2593 5.08987
83.70000 2561 5.0637
83.71000 2538 5.03793
83.72000 2547 5.04433
83.73000 2594 5.08987
83.74000 2581 5.08329
83.75000 2590 5.08987
83.76000 2612 5.10976
83.77000 2650 5.15026
83.78000 2630 5.12989
83.79000 2633 5.12989
83.80000 2635 5.12989
83.81000 2618 5.11645
83.82000 2591 5.08987
83.83000 2560 5.05722
83.84000 2644 5.14344
83.85000 2617 5.11645
83.86000 2627 5.12316
83.87000 2604 5.1031
83.88000 2540 5.03793
83.89000 2550 5.05076
83.90000 2554 5.05076
83.91000 2619 5.11645
83.92000 2621 5.11645
83.93000 2632 5.12989
83.94000 2606 5.1031
83.95000 2646 5.14344
83.96000 2584 5.08329
83.97000 2593 5.08987
83.98000 2571 5.0702
83.99000 2576 5.07673
84.00000 2609 5.10976
84.01000 2572 5.0702
84.02000 2557 5.05722
84.03000 2569 5.0702
84.04000 2572 5.0702
84.05000 2600 5.09647
84.06000 2564 5.0637
84.07000 2531 5.03155
84.08000 2570 5.0702
84.09000 2560 5.05722
84.10000 2569 5.0702
84.11000 2587 5.08329
84.12000 2563 5.0637
84.13000 2549 5.05076
84.14000 2532 5.03155
84.15000 2544 5.04433
84.16000 2575 5.07673
84.17000 2575 5.07673
84.18000 2559 5.05722
84.19000 2570 5.0702
84.20000 2563 5.0637
84.21000 2561 5.0637
84.22000 2556 5.05722
84.23000 2550 5.05076
84.24000 2483 4.98135
84.25000 2464 4.96292
84.26000 2496 4.99376
84.27000 2550 5.05076
84.28000 2526 5.02519
84.29000 2486 4.98755
84.30000 2480 4.98135
84.31000 2481 4.98135
84.32000 2491 4.99376
84.33000 2480 4.98135
84.34000 2481 4.98135
84.35000 2469 4.96904
84.36000 2509 5.00626
84.37000 2535 5.03793
84.38000 2565 5.0637
84.39000 2521 5.01886
84.40000 2485 4.98755
84.41000 2472 4.96904
84.42000 2554 5.05076
84.43000 2513 5.01255
84.44000 2481 4.98135
84.45000 2467 4.96904
84.46000 2487 4.98755
84.47000 2459 4.95682
84.48000 2480 4.98135
84.49000 2463 4.96292
84.50000 2474 4.97519
84.51000 2516 5.01886
84.52000 2457 4.95682
84.53000 2435 4.93264
84.54000 2476 4.97519
84.55000 2458 4.95682
84.56000 2454 4.95682
84.57000 2449 4.95074
84.58000 2473 4.97519
84.59000 2515 5.01255
84.60000 2464 4.96292
84.61000 2468 4.96904
84.62000 2512 5.01255
84.63000 2516 5.01886
84.64000 2585 5.08329
84.65000 2570 5.0702
84.66000 2530 5.03155
84.67000 2512 5.01255
84.68000 2482 4.98135
84.69000 2520 5.01886
84.70000 2579 5.07673
84.71000 2541 5.03793
84.72000 2541 5.03793
84.73000 2573 5.0702
84.74000 2563 5.0637
84.75000 2513 5.01255
84.76000 2526 5.02519
84.77000 2526 5.02519
84.78000 2584 5.08329
84.79000 2557 5.05722
84.80000 2587 5.08329
84.81000 2558 5.05722
84.82000 2575 5.07673
84.83000 2596 5.09647
84.84000 2638 5.13665
84.85000 2648 5.14344
84.86000 2622 5.12316
84.87000 2581 5.08329
84.88000 2549 5.05076
84.89000 2580 5.07673
84.90000 2534 5.03155
84.91000 2494 4.99376
84.92000 2485 4.98755
84.93000 2482 4.98135
84.94000 2493 4.99376
84.95000 2464 4.96292
84.96000 2500 5
84.97000 2498 5
84.98000 2486 4.98755
84.99000 2431 4.93264
85.00000 2470 4.96904
85.01000 2465 4.96292
85.02000 2467 4.96904
85.03000 2448 4.95074
85.04000 2432 4.93264
85.05000 2441 4.93865
85.06000 2431 4.93264
85.07000 2460 4.95682
85.08000 2415 4.91473
85.09000 2420 4.92068
85.10000 2405 4.9029
85.11000 2408 4.90881
85.12000 2441 4.93865
85.13000 2418 4.91473
85.14000 2389 4.88532
85.15000 2419 4.92068
85.16000 2426 4.92665
85.17000 2419 4.92068
85.18000 2378 4.8737
85.19000 2385 4.88532
85.20000 2391 4.89116
85.21000 2400 4.89702
85.22000 2372 4.86792
85.23000 2416 4.91473
85.24000 2416 4.91473
85.25000 2442 4.93865
85.26000 2421 4.92068
85.27000 2378 4.8737
85.28000 2434 4.93264
85.29000 2472 4.96904
85.30000 2466 4.96292
85.31000 2488 4.98755
85.32000 2478 4.97519
85.33000 2477 4.97519
85.34000 2500 5
85.35000 2475 4.97519
85.36000 2451 4.95074
85.37000 2488 4.98755
85.38000 2510 5.01255
85.39000 2493 4.99376
85.40000 2544 5.04433
85.41000 2587 5.08329
85.42000 2568 5.0702
85.43000 2573 5.0702
85.44000 2517 5.01886
85.45000 2528 5.02519
85.46000 2572 5.0702
85.47000 2557 5.05722
85.48000 2579 5.07673
85.49000 2574 5.0702
85.50000 2530 5.03155
85.51000 2572 5.0702
85.52000 2524 5.02519
85.53000 2517 5.01886
85.54000 2519 5.01886
85.55000 2493 4.99376
85.56000 2481 4.98135
85.57000 2483 4.98135
85.58000 2468 4.96904
85.59000 2494 4.99376
85.60000 2523 5.02519
85.61000 2536 5.03793
85.62000 2522 5.01886
85.63000 2520 5.01886
85.64000 2467 4.96904
85.65000 2473 4.97519
85.66000 2497 5
85.67000 2506 5.00626
85.68000 2519 5.01886
85.69000 2496 4.99376
85.70000 2516 5.01886
85.71000 2515 5.01255
85.72000 2511 5.01255
85.73000 2486 4.98755
85.74000 2506 5.00626
85.75000 2526 5.02519
85.76000 2517 5.01886
85.77000 2463 4.96292
85.78000 2493 4.99376
85.79000 2500 5
85.80000 2504 5.00626
85.81000 2532 5.03155
85.82000 2525 5.02519
85.83000 2495 4.99376
85.84000 2522 5.01886
85.85000 2518 5.01886
85.86000 2494 4.99376
85.87000 2531 5.03155
85.88000 2496 4.99376
85.89000 2532 5.03155
85.90000 2532 5.03155
85.91000 2511 5.01255
85.92000 2453 4.95074
85.93000 2482 4.98135
85.94000 2510 5.01255
85.95000 2507 5.00626
85.96000 2529 5.03155
85.97000 2517 5.01886
85.98000 2512 5.01255
85.99000 2549 5.05076
86.00000 2529 5.03155
86.01000 2529 5.03155
86.02000 2533 5.03155
86.03000 2497 5
86.04000 2538 5.03793
86.05000 2559 5.05722
86.06000 2572 5.0702
86.07000 2543 5.04433
86.08000 2514 5.01255
86.09000 2576 5.07673
86.10000 2573 5.0702
86.11000 2576 5.07673
86.12000 2528 5.02519
86.13000 2512 5.01255
86.14000 2548 5.05076
86.15000 2551 5.05076
86.16000 2533 5.03155
86.17000 2535 5.03793
86.18000 2573 5.0702
86.19000 2604 5.1031
86.20000 2579 5.07673
86.21000 2599 5.09647
86.22000 2593 5.08987
86.23000 2620 5.11645
86.24000 2538 5.03793
86.25000 2562 5.0637
86.26000 2548 5.05076
86.27000 2540 5.03793
86.28000 2552 5.05076
86.29000 2592 5.08987
86.30000 2585 5.08329
86.31000 2556 5.05722
86.32000 2505 5.00626
86.33000 2491 4.99376
86.34000 2493 4.99376
86.35000 2527 5.02519
86.36000 2546 5.04433
86.37000 2578 5.07673
86.38000 2547 5.04433
86.39000 2544 5.04433
86.40000 2518 5.01886
86.41000 2474 4.97519
86.42000 2492 4.99376
86.43000 2528 5.02519
86.44000 2467 4.96904
86.45000 2447 4.94468
86.46000 2466 4.96292
86.47000 2528 5.02519
86.48000 2486 4.98755
86.49000 2467 4.96904
86.50000 2440 4.93865
86.51000 2460 4.95682
86.52000 2460 4.95682
86.53000 2482 4.98135
86.54000 2444 4.94468
86.55000 2455 4.95682
86.56000 2416 4.91473
86.57000 2402 4.9029
86.58000 2431 4.93264
86.59000 2413 4.91473
86.60000 2401 4.9029
86.61000 2386 4.88532
86.62000 2365 4.86217
86.63000 2355 4.85071
86.64000 2338 4.83368
86.65000 2359 4.85643
86.66000 2360 4.85643
86.67000 2351 4.85071
86.68000 2343 4.83934
86.69000 2337 4.83368
86.70000 2400 4.89702
86.71000 2334 4.83368
86.72000 2354 4.85071
86.73000 2357 4.85643
86.74000 2371 4.86792
86.75000 2377 4.8737
86.76000 2338 4.83368
86.77000 2342 4.83934
86.78000 2339 4.83368
86.79000 2346 4.84502
86.80000 2389 4.88532
86.81000 2331 4.82805
86.82000 2333 4.82805
86.83000 2300 4.79463
86.84000 2321 4.81683
86.85000 2304 4.80015
86.86000 2303 4.80015
86.87000 2290 4.78365
86.88000 2327 4.82243
86.89000 2362 4.86217
86.90000 2382 4.8795
86.91000 2413 4.91473
86.92000 2414 4.91473
86.93000 2376 4.8737
86.94000 2404 4.9029
86.95000 2371 4.86792
86.96000 2392 4.89116
86.97000 2349 4.84502
86.98000 2332 4.82805
86.99000 2362 4.86217
87.00000 2371 4.86792
87.01000 2352 4.85071
87.02000 2392 4.89116
87.03000 2395 4.89116
87.04000 2412 4.90881
87.05000 2371 4.86792
87.06000 2397 4.89702
87.07000 2376 4.8737
87.08000 2364 4.86217
87.09000 2363 4.86217
87.10000 2400 4.89702
87.11000 2430 4.92665
87.12000 2408 4.90881
87.13000 2401 4.9029
87.14000 2420 4.92068
87.15000 2395 4.89116
87.16000 2402 4.9029
87.17000 2404 4.9029
87.18000 2420 4.92068
87.19000 2378 4.8737
87.20000 2396 4.89702
87.21000 2363 4.86217
87.22000 2365 4.86217
87.23000 2323 4.82243
87.24000 2325 4.82243
87.25000 2348 4.84502
87.26000 2367 4.86792
87.27000 2386 4.88532
87.28000 2341 4.83934
87.29000 2362 4.86217
87.30000 2313 4.81125
87.31000 2360 4.85643
87.32000 2415 4.91473
87.33000 2393 4.89116
87.34000 2378 4.8737
87.35000 2390 4.89116
87.36000 2353 4.85071
87.37000 2379 4.8795
87.38000 2457 4.95682
87.39000 2408 4.90881
87.40000 2339 4.83368
87.41000 2338 4.83368
87.42000 2364 4.86217
87.43000 2381 4.8795
87.44000 2355 4.85071
87.45000 2334 4.83368
87.46000 2343 4.83934
87.47000 2302 4.80015
87.48000 2302 4.80015
87.49000 2399 4.89702
87.50000 2373 4.8737
87.51000 2338 4.83368
87.52000 2333 4.82805
87.53000 2316 4.81125
87.54000 2360 4.85643
87.55000 2371 4.86792
87.56000 2340 4.83934
87.57000 2369 4.86792
87.58000 2352 4.85071
87.59000 2347 4.84502
87.60000 2383 4.8795
87.61000 2367 4.86792
87.62000 2398 4.89702
87.63000 2380 4.8795
87.64000 2313 4.81125
87.65000 2337 4.83368
87.66000 2372 4.86792
87.67000 2403 4.9029
87.68000 2382 4.8795
87.69000 2340 4.83934
87.70000 2345 4.84502
87.71000 2344 4.83934
87.72000 2329 4.82805
87.73000 2367 4.86792
87.74000 2298 4.79463
87.75000 2299 4.79463
87.76000 2317 4.81125
87.77000 2289 4.78365
87.78000 2319 4.81683
87.79000 2324 4.82243
87.80000 2322 4.81683
87.81000 2359 4.85643
87.82000 2346 4.84502
87.83000 2343 4.83934
87.84000 2318 4.81683
87.85000 2336 4.83368
87.86000 2378 4.8737
87.87000 2338 4.83368
87.88000 2346 4.84502
87.89000 2331 4.82805
87.90000 2342 4.83934
87.91000 2417 4.91473
87.92000 2414 4.91473
87.93000 2402 4.9029
87.94000 2375 4.8737
87.95000 2344 4.83934
87.96000 2360 4.85643
87.97000 2352 4.85071
87.98000 2380 4.8795
87.99000 2400 4.89702
88.00000 2379 4.8795
88.01000 2394 4.89116
88.02000 2368 4.86792
88.03000 2382 4.8795
88.04000 2412 4.90881
88.05000 2402 4.9029
88.06000 2403 4.9029
88.07000 2409 4.90881
88.08000 2408 4.90881
88.09000 2449 4.95074
88.10000 2437 4.93865
88.11000 2444 4.94468
88.12000 2440 4.93865
88.13000 2417 4.91473
88.14000 2420 4.92068
88.15000 2428 4.92665
88.16000 2462 4.96292
88.17000 2470 4.96904
88.18000 2458 4.95682
88.19000 2502 5
88.20000 2477 4.97519
88.21000 2515 5.01255
88.22000 2489 4.98755
88.23000 2498 5
88.24000 2505 5.00626
88.25000 2504 5.00626
88.26000 2519 5.01886
88.27000 2535 5.03793
88.28000 2554 5.05076
88.29000 2541 5.03793
88.30000 2490 4.98755
88.31000 2546 5.04433
88.32000 2497 5
88.33000 2495 4.99376
88.34000 2493 4.99376
88.35000 2497 5
88.36000 2510 5.01255
88.37000 2513 5.01255
88.38000 2472 4.96904
88.39000 2462 4.96292
88.40000 2528 5.02519
88.41000 2482 4.98135
88.42000 2457 4.95682
88.43000 2474 4.97519
88.44000 2448 4.95074
88.45000 2440 4.93865
88.46000 2439 4.93865
88.47000 2444 4.94468
88.48000 2430 4.92665
88.49000 2445 4.94468
88.50000 2434 4.93264
88.51000 2396 4.89702
88.52000 2407 4.90881
88.53000 2395 4.89116
88.54000 2383 4.8795
88.55000 2393 4.89116
88.56000 2443 4.94468
88.57000 2404 4.9029
88.58000 2432 4.93264
88.59000 2444 4.94468
88.60000 2421 4.92068
88.61000 2405 4.9029
88.62000 2386 4.88532
88.63000 2411 4.90881
88.64000 2411 4.90881
88.65000 2404 4.9029
88.66000 2378 4.8737
88.67000 2418 4.91473
88.68000 2407 4.90881
88.69000 2393 4.89116
88.70000 2389 4.88532
88.71000 2400 4.89702
88.72000 2404 4.9029
88.73000 2366 4.86217
88.74000 2356 4.85643
88.75000 2369 4.86792
88.76000 2364 4.86217
88.77000 2388 4.88532
88.78000 2344 4.83934
88.79000 2349 4.84502
88.80000 2402 4.9029
88.81000 2397 4.89702
88.82000 2428 4.92665
88.83000 2323 4.82243
88.84000 2342 4.83934
88.85000 2392 4.89116
88.86000 2410 4.90881
88.87000 2371 4.86792
88.88000 2361 4.85643
88.89000 2364 4.86217
88.90000 2319 4.81683
88.91000 2311 4.80569
88.92000 2307 4.80569
88.93000 2312 4.80569
88.94000 2343 4.83934
88.95000 2334 4.83368
88.96000 2362 4.86217
88.97000 2326 4.82243
88.98000 2326 4.82243
88.99000 2330 4.82805
89.00000 2363 4.86217
89.01000 2388 4.88532
89.02000 2378 4.8737
89.03000 2374 4.8737
89.04000 2362 4.86217
89.05000 2365 4.86217
89.06000 2349 4.84502
89.07000 2343 4.83934
89.08000 2349 4.84502
89.09000 2356 4.85643
89.10000 2354 4.85071
89.11000 2374 4.8737
89.12000 2380 4.8795
89.13000 2358 4.85643
89.14000 2429 4.92665
89.15000 2416 4.91473
89.16000 2448 4.95074
89.17000 2444 4.94468
89.18000 2399 4.89702
89.19000 2447 4.94468
89.20000 2425 4.92665
89.21000 2449 4.95074
89.22000 2422 4.92068
89.23000 2422 4.92068
89.24000 2433 4.93264
89.25000 2363 4.86217
89.26000 2362 4.86217
89.27000 2361 4.85643
89.28000 2388 4.88532
89.29000 2385 4.88532
89.30000 2398 4.89702
89.31000 2408 4.90881
89.32000 2400 4.89702
89.33000 2374 4.8737
89.34000 2382 4.8795
89.35000 2369 4.86792
89.36000 2353 4.85071
89.37000 2349 4.84502
89.38000 2370 4.86792
89.39000 2348 4.84502
89.40000 2389 4.88532
89.41000 2364 4.86217
89.42000 2316 4.81125
89.43000 2321 4.81683
89.44000 2366 4.86217
89.45000 2377 4.8737
89.46000 2373 4.8737
89.47000 2406 4.9029
89.48000 2416 4.91473
89.49000 2425 4.92665
89.50000 2370 4.86792
89.51000 2323 4.82243
89.52000 2391 4.89116
89.53000 2390 4.89116
89.54000 2379 4.8795
89.55000 2381 4.8795
89.56000 2381 4.8795
89.57000 2385 4.88532
89.58000 2395 4.89116
89.59000 2389 4.88532
89.60000 2386 4.88532
89.61000 2341 4.83934
89.62000 2361 4.85643
89.63000 2380 4.8795
89.64000 2349 4.84502
89.65000 2354 4.85071
89.66000 2372 4.86792
89.67000 2368 4.86792
89.68000 2383 4.8795
89.69000 2393 4.89116
89.70000 2398 4.89702
89.71000 2343 4.83934
89.72000 2324 4.82243
89.73000 2375 4.8737
89.74000 2371 4.86792
89.75000 2352 4.85071
89.76000 2339 4.83368
89.77000 2333 4.82805
89.78000 2335 4.83368
89.79000 2330 4.82805
89.80000 2358 4.85643
89.81000 2350 4.84502
89.82000 2347 4.84502
89.83000 2336 4.83368
89.84000 2340 4.83934
89.85000 2376 4.8737
89.86000 2391 4.89116
89.87000 2418 4.91473
89.88000 2432 4.93264
89.89000 2382 4.8795
89.90000 2330 4.82805
89.91000 2316 4.81125
89.92000 2355 4.85071
89.93000 2361 4.85643
89.94000 2371 4.86792
89.95000 2383 4.8795
89.96000 2369 4.86792
89.97000 2370 4.86792
89.98000 2407 4.90881
89.99000 2377 4.8737
90.00000 2356 4.85643
