# columns: two_theta_deg intensity sigma
1.50000 1202.19 54.3125
1.50300 1202.38 54.5545
1.50600 1202.57 54.3125
1.50900 1202.75 52.7046
1.51200 1202.93 55.6415
1.51500 1203.11 54.153
1.51800 1203.29 54.7176
1.52100 1203.46 55.3849
1.52400 1203.63 50.5076
1.52700 1203.8 53.9164
1.53000 1203.97 52.778
1.53300 1204.13 54.153
1.53600 1204.29 54.3125
1.53900 1204.45 55.1318
1.54200 1204.6 54.7997
1.54500 1204.76 55.9017
1.54800 1204.91 53.8382
1.55100 1205.05 54.8821
1.55400 1205.2 53.5288
1.55700 1205.34 52.6316
1.56000 1205.48 54.3125
1.56300 1205.62 54.3125
1.56600 1205.75 54.8821
1.56900 1205.89 56.0772
1.57200 1206.02 54.153
1.57500 1206.14 54.5545
1.57800 1206.27 50.1886
1.58100 1206.39 53.9949
1.58400 1206.51 55.0482
1.58700 1206.63 52.8516
1.59000 1206.75 55.2158
1.59300 1206.86 54.7176
1.59600 1206.97 53.8382
1.59900 1207.08 55.3001
1.60200 1207.19 56.7048
1.60500 1207.3 54.6358
1.60800 1207.4 55.1318
1.61100 1207.51 54.965
1.61400 1207.61 52.9256
1.61700 1207.71 55.2158
1.62000 1207.81 54.6358
1.62300 1207.91 53.1494
1.62600 1208 53.9949
1.62900 1208.09 53.6056
1.63200 1208.17 52.1996
1.63500 1208.26 54.0738
1.63800 1208.34 54.5545
1.64100 1208.42 52.1996
1.64400 1208.5 54.7997
1.64700 1208.58 54.3928
1.65000 1208.65 53.6828
1.65300 1208.73 54.6358
1.65600 1208.8 54.7176
1.65900 1208.87 53.1494
1.66200 1208.93 53.9164
1.66500 1209 58.0259
1.66800 1209.06 55.2158
1.67100 1209.13 57.9284
1.67400 1209.19 54.7176
1.67700 1209.25 54.3928
1.68000 1209.3 55.47
1.68300 1209.36 54.0738
1.68600 1209.41 54.3928
1.68900 1209.46 54.965
1.69200 1209.52 56.3436
1.69500 1209.56 54.3125
1.69800 1209.61 52.9256
1.70100 1209.66 55.0482
1.70400 1209.7 53.4522
1.70700 1209.75 55.7278
1.71000 1209.79 56.1656
1.71300 1209.83 55.5556
1.71600 1209.87 56.888
1.71900 1209.91 53.7603
1.72200 1209.94 54.0738
1.72500 1209.98 54.3125
1.72800 1210.01 55.2158
1.73100 1210.04 55.6415
1.73400 1210.08 55.8146
1.73700 1210.11 52.778
1.74000 1210.13 54.2326
1.74300 1210.16 53.9164
1.74600 1210.19 55.47
1.74900 1210.21 53.9164
1.75200 1210.24 55.9017
1.75500 1210.26 53.9164
1.75800 1210.29 53.9949
1.76100 1210.31 54.965
1.76400 1210.33 53.8382
1.76700 1210.35 53.8382
1.77000 1210.37 53.9164
1.77300 1210.38 54.3125
1.77600 1210.4 56.5233
1.77900 1210.42 54.3928
1.78200 1210.43 52.9999
1.78500 1210.45 55.9017
1.78800 1210.46 55.3001
1.79100 1210.48 55.6415
1.79400 1210.49 56.4333
1.79700 1210.5 56.2544
1.80000 1210.52 54.965
1.80300 1210.53 51.7088
1.80600 1210.54 54.3125
1.80900 1210.55 55.47
1.81200 1210.56 54.4735
1.81500 1210.57 54.5545
1.81800 1210.58 55.0482
1.82100 1210.59 58.621
1.82400 1210.61 55.47
1.82700 1210.62 56.5233
1.83000 1210.63 55.3001
1.83300 1210.64 57.735
1.83600 1210.65 54.7997
1.83900 1210.66 55.47
1.84200 1210.67 54.5545
1.84500 1210.68 56.0772
1.84800 1210.69 52.5588
1.85100 1210.7 55.47
1.85400 1210.72 57.2598
1.85700 1210.73 54.7176
1.86000 1210.74 53.6056
1.86300 1210.76 54.3928
1.86600 1210.78 55.7278
1.86900 1210.79 56.9803
1.87200 1210.81 55.47
1.87500 1210.83 56.4333
1.87800 1210.85 55.9893
1.88100 1210.87 58.8235
1.88400 1210.9 54.965
1.88700 1210.92 56.4333
1.89000 1210.95 54.0738
1.89300 1210.97 55.9893
1.89600 1211.01 57.1662
1.89900 1211.04 55.9017
1.90200 1211.07 54.7997
1.90500 1211.11 55.5556
1.90800 1211.15 55.7278
1.91100 1211.19 54.0738
1.91400 1211.24 55.6415
1.91700 1211.28 56.9803
1.92000 1211.34 56.888
1.92300 1211.39 56.3436
1.92600 1211.45 54.153
1.92900 1211.51 56.888
1.93200 1211.58 56.7048
1.93500 1211.65 53.3002
1.93800 1211.72 54.3928
1.94100 1211.8 56.6139
1.94400 1211.89 56.888
1.94700 1211.98 52.778
1.95000 1212.08 56.5233
1.95300 1212.18 53.9949
1.95600 1212.29 57.2598
1.95900 1212.4 55.9893
1.96200 1212.52 57.735
1.96500 1212.66 56.1656
1.96800 1212.79 55.3001
1.97100 1212.94 57.735
1.97400 1213.1 56.3436
1.97700 1213.26 55.3849
1.98000 1213.44 53.8382
1.98300 1213.62 55.2158
1.98600 1213.82 55.3849
1.98900 1214.03 56.1656
1.99200 1214.25 56.888
1.99500 1214.48 53.2246
1.99800 1214.73 53.5288
2.00100 1215 57.4485
2.00400 1215.28 55.47
2.00700 1215.58 55.8146
2.01000 1215.89 56.7048
2.01300 1216.23 57.5435
2.01600 1216.59 56.3436
2.01900 1216.96 57.5435
2.02200 1217.37 55.2158
2.02500 1217.79 54.3928
2.02800 1218.25 55.3849
2.03100 1218.73 55.5556
2.03400 1219.25 54.6358
2.03700 1219.8 54.7997
2.04000 1220.38 56.3436
2.04300 1221 55.9017
2.04600 1221.66 54.4735
2.04900 1222.37 56.0772
2.05200 1223.13 55.9017
2.05500 1223.94 57.735
2.05800 1224.8 52.4142
2.06100 1225.73 55.6415
2.06400 1226.72 53.9164
2.06700 1227.78 53.9164
2.07000 1228.93 56.2544
2.07300 1230.15 54.2326
2.07600 1231.47 55.47
2.07900 1232.9 56.5233
2.08200 1234.43 58.5206
2.08500 1236.09 55.47
2.08800 1237.89 55.3001
2.09100 1239.83 58.621
2.09400 1241.95 54.2326
2.09700 1244.25 55.3001
2.10000 1246.75 55.1318
2.10300 1249.49 56.2544
2.10600 1252.49 55.9017
2.10900 1255.78 56.3436
2.11200 1259.4 57.9284
2.11500 1263.39 58.8235
2.11800 1267.81 57.073
2.12100 1272.72 59.3391
2.12400 1278.2 57.4485
2.12700 1284.33 58.621
2.13000 1291.22 58.3212
2.13300 1299 56.7048
2.13600 1307.84 59.976
2.13900 1317.94 59.8684
2.14200 1329.59 59.976
2.14500 1343.16 59.976
2.14800 1359.24 62.9941
2.15100 1378.82 60.3023
2.15400 1403.54 62.3783
2.15700 1436.22 60.4122
2.16000 1481.41 62.5
2.16300 1545.99 64.6846
2.16600 1639.46 68.6803
2.16900 1773.7 69.0066
2.17200 1961.83 71.0669
2.17500 2215.93 76.4719
2.17800 2544.37 76.9231
2.18100 2950.14 82.4786
2.18400 3431.2 88.3883
2.18700 3981.46 94.4911
2.19000 4591.92 102.062
2.19300 5252.09 109.109
2.19600 5952.12 120.386
2.19900 6684.84 125.988
2.20200 7446.09 138.675
2.20500 8229.74 144.338
2.20800 9014.07 150.756
2.21100 9743.14 160.128
2.21400 10314.3 160.128
2.21700 10582.1 166.667
2.22000 10388.3 160.128
2.22300 9633.03 156.174
2.22600 8380.75 144.338
2.22900 6878.5 125
2.23200 5410.76 114.708
2.23500 4166 99.0148
2.23800 3217.88 88.3883
2.24100 2557.11 81.9232
2.24400 2128.74 77.1517
2.24700 1864.33 73.721
2.25000 1703.48 66.965
2.25300 1602.76 67.5737
2.25600 1535.37 64.15
2.25900 1486.55 60.6339
2.26200 1448.75 62.7456
2.26500 1418.18 61.7802
2.26800 1392.79 58.8235
2.27100 1371.38 57.4485
2.27400 1353.11 57.4485
2.27700 1337.39 58.722
2.28000 1323.75 55.9017
2.28300 1311.85 57.073
2.28600 1301.39 56.888
2.28900 1292.14 57.8315
2.29200 1283.93 56.3436
2.29500 1276.6 58.2223
2.29800 1270.02 55.8146
2.30100 1264.09 55.9017
2.30400 1258.73 54.6358
2.30700 1253.87 55.47
2.31000 1249.43 55.3001
2.31300 1245.38 55.9893
2.31600 1241.66 54.7997
2.31900 1238.25 57.735
2.32200 1235.09 55.47
2.32500 1232.18 54.6358
2.32800 1229.47 57.3539
2.33100 1226.96 57.639
2.33400 1224.62 55.3001
2.33700 1222.43 53.2246
2.34000 1220.39 56.4333
2.34300 1218.47 54.7997
2.34600 1216.67 54.7997
2.34900 1214.97 53.6056
2.35200 1213.37 54.2326
2.35500 1211.86 53.1494
2.35800 1210.43 55.7278
2.36100 1209.07 53.5288
2.36400 1207.79 54.3125
2.36700 1206.56 55.5556
2.37000 1205.4 56.0772
2.37300 1204.29 53.7603
2.37600 1203.23 54.3928
2.37900 1202.21 58.2223
2.38200 1201.24 57.2598
2.38500 1200.31 54.3125
2.38800 1199.42 54.7176
2.39100 1198.56 56.0772
2.39400 1197.74 55.3849
2.39700 1196.94 55.8146
2.40000 1196.17 53.1494
2.40300 1195.43 56.3436
2.40600 1194.72 52.4864
2.40900 1194.03 53.8382
2.41200 1193.36 56.2544
2.41500 1192.71 53.5288
2.41800 1192.08 54.2326
2.42100 1191.47 51.3665
2.42400 1190.88 54.2326
2.42700 1190.3 54.2326
2.43000 1189.74 53.9949
2.43300 1189.19 54.7176
2.43600 1188.66 57.3539
2.43900 1188.14 54.2326
2.44200 1187.63 55.47
2.44500 1187.13 55.0482
2.44800 1186.65 54.6358
2.45100 1186.18 52.7046
2.45400 1185.71 53.6828
2.45700 1185.26 54.0738
2.46000 1184.81 53.9164
2.46300 1184.38 53.6056
2.46600 1183.95 54.965
2.46900 1183.53 55.3849
2.47200 1183.12 53.7603
2.47500 1182.71 54.3125
2.47800 1182.31 55.5556
2.48100 1181.92 54.7997
2.48400 1181.53 56.7962
2.48700 1181.15 53.3002
2.49000 1180.78 52.1286
2.49300 1180.41 55.6415
2.49600 1180.05 54.8821
2.49900 1179.69 53.9164
2.50200 1179.34 56.4333
2.50500 1178.99 52.8516
2.50800 1178.64 51.9875
2.51100 1178.31 55.6415
2.51400 1177.97 52.7046
2.51700 1177.64 57.1662
2.52000 1177.31 53.0745
2.52300 1176.98 56.7048
2.52600 1176.66 52.7046
2.52900 1176.34 55.8146
2.53200 1176.03 55.3849
2.53500 1175.72 53.5288
2.53800 1175.41 55.0482
2.54100 1175.1 53.3761
2.54400 1174.8 54.3928
2.54700 1174.5 53.6056
2.55000 1174.2 54.7997
2.55300 1173.9 55.8146
2.55600 1173.61 54.3928
2.55900 1173.32 55.3849
2.56200 1173.03 53.1494
2.56500 1172.75 54.3928
2.56800 1172.46 53.5288
2.57100 1172.18 54.5545
2.57400 1171.9 55.3849
2.57700 1171.62 52.7046
2.58000 1171.35 53.3002
2.58300 1171.07 54.8821
2.58600 1170.8 52.2708
2.58900 1170.53 51.9875
2.59200 1170.26 54.3928
2.59500 1169.99 53.5288
2.59800 1169.72 53.9949
2.60100 1169.46 56.3436
2.60400 1169.19 55.2158
2.60700 1168.93 54.5545
2.61000 1168.67 50.8987
2.61300 1168.41 55.2158
2.61600 1168.15 52.3424
2.61900 1167.9 52.9256
2.62200 1167.64 53.6056
2.62500 1167.39 53.9949
2.62800 1167.13 54.7997
2.63100 1166.88 54.7997
2.63400 1166.63 54.965
2.63700 1166.38 55.5556
2.64000 1166.13 53.6828
2.64300 1165.88 53.5288
2.64600 1165.64 53.4522
2.64900 1165.39 53.9164
2.65200 1165.15 53.9164
2.65500 1164.9 54.153
2.65800 1164.66 54.7176
2.66100 1164.42 56.6139
2.66400 1164.17 53.6828
2.66700 1163.93 52.6316
2.67000 1163.69 51.6398
2.67300 1163.45 55.5556
2.67600 1163.22 53.6056
2.67900 1162.98 53.9164
2.68200 1162.74 53.8382
2.68500 1162.51 53.1494
2.68800 1162.27 53.0745
2.69100 1162.04 53.2246
2.69400 1161.8 52.0579
2.69700 1161.57 51.7088
2.70000 1161.34 53.9949
2.70300 1161.11 52.4864
2.70600 1160.87 52.3424
2.70900 1160.64 52.1996
2.71200 1160.41 53.7603
2.71500 1160.18 53.4522
2.71800 1159.96 55.3849
2.72100 1159.73 52.7046
2.72400 1159.5 56.4333
2.72700 1159.27 56.0772
2.73000 1159.05 54.8821
2.73300 1158.82 55.2158
2.73600 1158.6 54.6358
2.73900 1158.37 53.7603
2.74200 1158.15 52.3424
2.74500 1157.92 54.965
2.74800 1157.7 53.2246
2.75100 1157.48 54.153
2.75400 1157.25 53.9164
2.75700 1157.03 55.5556
2.76000 1156.81 51.3665
2.76300 1156.59 52.9999
2.76600 1156.37 52.7046
2.76900 1156.15 54.4735
2.77200 1155.93 53.6056
2.77500 1155.71 53.4522
2.77800 1155.49 52.5588
2.78100 1155.27 53.0745
2.78400 1155.06 52.4864
2.78700 1154.84 53.3761
2.79000 1154.62 50.1255
2.79300 1154.41 54.7176
2.79600 1154.19 54.3928
2.79900 1153.98 52.9256
2.80200 1153.76 53.3761
2.80500 1153.55 53.7603
2.80800 1153.33 53.6828
2.81100 1153.12 52.3424
2.81400 1152.91 51.0976
2.81700 1152.69 54.5545
2.82000 1152.48 54.4735
2.82300 1152.27 55.8146
2.82600 1152.06 52.6316
2.82900 1151.84 52.1286
2.83200 1151.63 53.3761
2.83500 1151.42 53.6828
2.83800 1151.21 53.6828
2.84100 1151 53.1494
2.84400 1150.79 52.1996
2.84700 1150.58 51.9875
2.85000 1150.37 54.7176
2.85300 1150.17 54.4735
2.85600 1149.96 51.9174
2.85900 1149.76 53.7603
2.86200 1149.56 54.7997
2.86500 1149.35 50.7673
2.86800 1149.14 53.8382
2.87100 1148.93 54.153
2.87400 1148.73 51.9875
2.87700 1148.53 49.6904
2.88000 1148.33 52.5588
2.88300 1148.12 55.2158
2.88600 1147.92 52.6316
2.88900 1147.71 52.5588
2.89200 1147.51 56.3436
2.89500 1147.31 53.6056
2.89800 1147.1 51.3665
2.90100 1146.9 52.7046
2.90400 1146.69 53.4522
2.90700 1146.49 52.1286
2.91000 1146.29 53.9164
2.91300 1146.09 52.2708
2.91600 1145.89 53.5288
2.91900 1145.68 54.5545
2.92200 1145.48 54.965
2.92500 1145.28 51.5026
2.92800 1145.08 52.9999
2.93100 1144.88 53.8382
2.93400 1144.68 52.6316
2.93700 1144.48 51.0976
2.94000 1144.28 52.1996
2.94300 1144.08 52.3424
2.94600 1143.88 51.6398
2.94900 1143.69 51.9875
2.95200 1143.49 54.3125
2.95500 1143.29 52.2708
2.95800 1143.09 51.6398
2.96100 1142.9 53.5288
2.96400 1142.7 53.6056
2.96700 1142.5 54.965
2.97000 1142.31 52.1286
2.97300 1142.11 54.5545
2.97600 1141.91 52.6316
2.97900 1141.72 54.5545
2.98200 1141.52 52.0579
2.98500 1141.33 51.031
2.98800 1141.13 52.6316
2.99100 1140.94 53.9164
2.99400 1140.75 53.7603
2.99700 1140.55 54.3125
3.00000 1140.36 52.778
3.00300 1140.17 55.7278
3.00600 1139.97 52.1286
3.00900 1139.78 50.3155
3.01200 1139.59 52.9256
3.01500 1139.4 51.9875
3.01800 1139.21 53.9164
3.02100 1139.02 54.6358
3.02400 1138.82 54.153
3.02700 1138.63 54.7997
3.03000 1138.44 51.778
3.03300 1138.25 52.7046
3.03600 1138.06 53.1494
3.03900 1137.88 52.9256
3.04200 1137.69 56.7962
3.04500 1137.5 53.7603
3.04800 1137.31 53.0745
3.05100 1137.12 53.5288
3.05400 1136.93 52.5588
3.05700 1136.75 51.2989
3.06000 1136.56 52.0579
3.06300 1136.37 52.9256
3.06600 1136.19 50.9647
3.06900 1136 50.5722
3.07200 1135.81 53.0745
3.07500 1135.63 52.4864
3.07800 1135.44 52.7046
3.08100 1135.26 55.7278
3.08400 1135.07 53.3002
3.08700 1134.89 54.153
3.09000 1134.71 53.7603
3.09300 1134.52 53.3761
3.09600 1134.34 52.4142
3.09900 1134.16 51.1645
3.10200 1133.97 52.7046
3.10500 1133.79 52.9256
3.10800 1133.61 51.9174
3.11100 1133.43 52.8516
3.11400 1133.24 51.6398
3.11700 1133.06 53.9164
3.12000 1132.88 54.2326
3.12300 1132.7 51.2316
3.12600 1132.52 53.6056
3.12900 1132.34 51.031
3.13200 1132.16 53.2246
3.13500 1131.98 53.6828
3.13800 1131.81 52.2708
3.14100 1131.63 55.1318
3.14400 1131.45 52.1996
3.14700 1131.27 52.6316
3.15000 1131.09 52.4864
3.15300 1130.92 51.5026
3.15600 1130.74 53.6056
3.15900 1130.56 50.1886
3.16200 1130.39 54.7176
3.16500 1130.21 51.2989
3.16800 1130.04 53.9164
3.17100 1129.86 53.0745
3.17400 1129.69 53.6828
3.17700 1129.51 54.2326
3.18000 1129.34 53.3002
3.18300 1129.16 51.0976
3.18600 1128.99 52.8516
3.18900 1128.82 50.7673
3.19200 1128.65 53.9164
3.19500 1128.47 52.3424
3.19800 1128.3 52.2708
3.20100 1128.13 51.9875
3.20400 1127.96 53.0745
3.20700 1127.79 52.5588
3.21000 1127.62 54.0738
3.21300 1127.45 52.1286
3.21600 1127.28 52.4142
3.21900 1127.11 52.5588
3.22200 1126.94 56.0772
3.22500 1126.77 52.9999
3.22800 1126.61 53.2246
3.23100 1126.44 52.778
3.23400 1126.27 51.7088
3.23700 1126.11 51.3665
3.24000 1125.94 53.4522
3.24300 1125.77 50.7673
3.24600 1125.61 54.4735
3.24900 1125.44 50.7673
3.25200 1125.28 53.9164
3.25500 1125.11 52.1996
3.25800 1124.95 50.702
3.26100 1124.79 54.0738
3.26400 1124.62 51.2316
3.26700 1124.46 53.6056
3.27000 1124.3 51.2989
3.27300 1124.14 51.778
3.27600 1123.98 52.9999
3.27900 1123.82 51.0976
3.28200 1123.66 52.1286
3.28500 1123.5 53.3002
3.28800 1123.34 49.6292
3.29100 1123.18 52.778
3.29400 1123.02 51.5711
3.29700 1122.86 54.3928
3.30000 1122.71 50.8329
3.30300 1122.55 51.8476
3.30600 1122.39 53.9164
3.30900 1122.24 51.2989
3.31200 1122.08 50.9647
3.31500 1121.93 53.9949
3.31800 1121.77 52.0579
3.32100 1121.62 53.3002
3.32400 1121.47 53.3002
3.32700 1121.31 50.637
3.33000 1121.16 51.9875
3.33300 1121.01 52.8516
3.33600 1120.86 52.8516
3.33900 1120.71 52.2708
3.34200 1120.56 50.1886
3.34500 1120.41 53.1494
3.34800 1120.26 51.5711
3.35100 1120.11 54.7176
3.35400 1119.97 51.6398
3.35700 1119.82 52.1996
3.36000 1119.68 51.0976
3.36300 1119.53 53.1494
3.36600 1119.39 54.3928
3.36900 1119.24 53.7603
3.37200 1119.1 52.3424
3.37500 1118.96 51.778
3.37800 1118.82 53.1494
3.38100 1118.67 53.3002
3.38400 1118.53 53.0745
3.38700 1118.39 53.7603
3.39000 1118.26 54.6358
3.39300 1118.12 53.3002
3.39600 1117.98 55.3001
3.39900 1117.85 53.3002
3.40200 1117.71 53.3002
3.40500 1117.58 52.2708
3.40800 1117.44 50.4433
3.41100 1117.31 53.6056
3.41400 1117.18 51.6398
3.41700 1117.05 51.9174
3.42000 1116.92 51.2989
3.42300 1116.79 51.7088
3.42600 1116.66 51.6398
3.42900 1116.53 52.7046
3.43200 1116.41 52.2708
3.43500 1116.28 53.2246
3.43800 1116.16 51.3665
3.44100 1116.03 53.6056
3.44400 1115.91 52.5588
3.44700 1115.79 54.8821
3.45000 1115.67 50.2519
3.45300 1115.55 52.7046
3.45600 1115.44 52.778
3.45900 1115.32 51.6398
3.46200 1115.21 54.5545
3.46500 1115.1 53.3761
3.46800 1114.98 51.0976
3.47100 1114.87 52.6316
3.47400 1114.77 53.4522
3.47700 1114.66 56.888
3.48000 1114.55 53.3761
3.48300 1114.45 52.1996
3.48600 1114.35 53.6056
3.48900 1114.25 55.2158
3.49200 1114.15 51.2316
3.49500 1114.05 54.7997
3.49800 1113.95 52.9256
3.50100 1113.86 51.9875
3.50400 1113.77 51.7088
3.50700 1113.68 53.7603
3.51000 1113.59 52.6316
3.51300 1113.5 52.2708
3.51600 1113.42 54.2326
3.51900 1113.34 52.0579
3.52200 1113.26 52.0579
3.52500 1113.18 54.2326
3.52800 1113.11 50.5722
3.53100 1113.04 52.8516
3.53400 1112.97 52.1286
3.53700 1112.9 52.9256
3.54000 1112.84 54.153
3.54300 1112.78 49.8135
3.54600 1112.72 54.7997
3.54900 1112.67 52.9256
3.55200 1112.62 54.2326
3.55500 1112.57 51.0976
3.55800 1112.53 54.153
3.56100 1112.48 52.2708
3.56400 1112.45 51.5026
3.56700 1112.41 51.5711
3.57000 1112.39 52.7046
3.57300 1112.36 52.4142
3.57600 1112.34 52.1286
3.57900 1112.33 54.7176
3.58200 1112.31 52.1996
3.58500 1112.31 52.1286
3.58800 1112.31 53.4522
3.59100 1112.31 51.5711
3.59400 1112.32 50.8987
3.59700 1112.34 52.1286
3.60000 1112.36 53.5288
3.60300 1112.39 52.2708
3.60600 1112.43 54.965
3.60900 1112.47 51.9875
3.61200 1112.52 53.3002
3.61500 1112.58 53.0745
3.61800 1112.64 50.7673
3.62100 1112.72 52.8516
3.62400 1112.8 52.1286
3.62700 1112.89 52.6316
3.63000 1112.99 53.2246
3.63300 1113.11 51.6398
3.63600 1113.23 54.4735
3.63900 1113.37 52.9999
3.64200 1113.51 51.6398
3.64500 1113.68 53.1494
3.64800 1113.85 50.3793
3.65100 1114.04 51.9174
3.65400 1114.25 51.2989
3.65700 1114.48 52.8516
3.66000 1114.72 54.0738
3.66300 1114.97 51.6398
3.66600 1115.24 51.5711
3.66900 1115.54 53.9949
3.67200 1115.85 52.3424
3.67500 1116.19 54.3125
3.67800 1116.56 50.9647
3.68100 1116.95 51.5711
3.68400 1117.36 51.778
3.68700 1117.81 51.5711
3.69000 1118.29 51.7088
3.69300 1118.8 52.8516
3.69600 1119.35 53.3761
3.69900 1119.94 54.0738
3.70200 1120.58 53.6056
3.70500 1121.26 55.7278
3.70800 1121.98 52.1286
3.71100 1122.77 52.2708
3.71400 1123.61 51.9875
3.71700 1124.51 54.4735
3.72000 1125.48 54.2326
3.72300 1126.53 53.5288
3.72600 1127.66 52.3424
3.72900 1128.88 53.6056
3.73200 1130.19 52.9256
3.73500 1131.61 51.8476
3.73800 1133.15 52.778
3.74100 1134.82 52.8516
3.74400 1136.63 51.031
3.74700 1138.6 53.6056
3.75000 1140.74 53.1494
3.75300 1143.08 53.3002
3.75600 1145.64 51.031
3.75900 1148.44 53.6056
3.76200 1151.52 51.5711
3.76500 1154.91 53.9164
3.76800 1158.65 52.7046
3.77100 1162.81 54.8821
3.77400 1167.44 53.1494
3.77700 1172.64 55.8146
3.78000 1178.53 57.639
3.78300 1185.27 52.9256
3.78600 1193.12 56.1656
3.78900 1202.43 53.0745
3.79200 1213.71 52.8516
3.79500 1227.71 55.2158
3.79800 1245.49 53.7603
3.80100 1268.5 55.5556
3.80400 1298.69 58.5206
3.80700 1338.56 56.888
3.81000 1391.21 55.47
3.81300 1460.3 58.9256
3.81600 1549.85 62.6224
3.81900 1664.01 62.3783
3.82200 1806.54 63.6285
3.82500 1980.24 70.014
3.82800 2186.11 67.2673
3.83100 2422.55 73.9221
3.83400 2684.52 77.3823
3.83700 2963.03 78.5674
3.84000 3245.13 83.3333
3.84300 3514.57 86.0663
3.84600 3752.99 92.0575
3.84900 3941.8 94.0721
3.85200 4064.45 94.4911
3.85500 4109.25 100.504
3.85800 4072.67 96.6736
3.86100 3962.41 99.0148
3.86400 3798.29 96.6736
3.86700 3609.18 91.2871
3.87000 3427.12 87.7058
3.87300 3281 84.5154
3.87600 3191.84 83.0455
3.87900 3169.81 85.4358
3.88200 3212.66 88.3883
3.88500 3305.31 94.0721
3.88800 3420.81 94.9158
3.89100 3523.29 97.59
3.89400 3572.59 97.1286
3.89700 3530.63 96.6736
3.90000 3372.29 94.0721
3.90300 3102.02 87.0388
3.90600 2760.8 79.8087
3.90900 2405.96 72.7393
3.91200 2083.62 71.9816
3.91500 1818.59 68.5189
3.91800 1617.46 62.9941
3.92100 1474.63 61.8984
3.92400 1378.29 58.8235
3.92700 1315.22 57.073
3.93000 1273.96 56.3436
3.93300 1246.08 56.3436
3.93600 1226.14 55.9893
3.93900 1210.92 55.2158
3.94200 1198.66 53.1494
3.94500 1188.4 55.8146
3.94800 1179.62 53.3002
3.95100 1171.99 54.3928
3.95400 1165.29 53.3002
3.95700 1159.37 54.0738
3.96000 1154.1 54.6358
3.96300 1149.38 51.9875
3.96600 1145.13 51.8476
3.96900 1141.3 52.7046
3.97200 1137.82 53.5288
3.97500 1134.64 55.2158
3.97800 1131.74 50.637
3.98100 1129.08 50.8987
3.98400 1126.62 52.2708
3.98700 1124.36 51.5711
3.99000 1122.26 44.9921
3.99300 1120.31 42.4094
3.99600 1118.5 32.7385
3.99900 1116.8 36.2738
4.00200 1115.22 42.5628
4.00500 1113.74 44.3242
4.00800 1112.34 41.7756
4.01100 1111.03 45.0377
4.01400 1109.8 46.1757
4.01700 1108.63 44.6322
4.02000 1107.52 41.0997
4.02300 1106.48 44.2807
4.02600 1105.48 47.4045
4.02900 1104.54 45.1294
4.03200 1103.64 46.5746
4.03500 1102.79 45.0835
4.03800 1101.97 43.9799
4.04100 1101.19 45.9315
4.04400 1100.44 43.1532
4.04700 1099.73 46.8293
4.05000 1099.04 45.2679
4.05300 1098.38 43.8529
4.05600 1097.75 47.036
4.05900 1097.14 45.7869
4.06200 1096.55 45.6435
4.06500 1095.99 47.2984
4.06800 1095.44 43.8108
4.07100 1094.92 43.1131
4.07400 1094.41 43.8951
4.07700 1093.91 45.0835
4.08000 1093.44 45.7389
4.08300 1092.97 45.98
4.08600 1092.53 47.619
4.08900 1092.09 45.1754
4.09200 1091.67 44.6322
4.09500 1091.26 44.5435
4.09800 1090.86 44.9013
4.10100 1090.47 45.5016
4.10400 1090.09 44.5435
4.10700 1089.72 45.2216
4.11000 1089.36 43.1532
4.11300 1089.01 45.5488
4.11600 1088.67 45.6435
4.11900 1088.33 44.0653
4.12200 1088.01 46.3739
4.12500 1087.69 45.9315
4.12800 1087.38 44.9921
4.13100 1087.07 45.1294
4.13400 1086.78 44.1081
4.13700 1086.48 44.8561
4.14000 1086.2 47.036
4.14300 1085.91 45.8349
4.14600 1085.64 46.4739
4.14900 1085.37 45.1754
4.15200 1085.1 45.2216
4.15500 1084.84 45.2679
4.15800 1084.58 43.6436
4.16100 1084.33 46.0287
4.16400 1084.08 46.5242
4.16700 1083.83 45.7389
4.17000 1083.59 44.8111
4.17300 1083.36 47.619
4.17600 1083.12 46.1757
4.17900 1082.89 45.6912
4.18200 1082.67 44.9013
4.18500 1082.45 45.8349
4.18800 1082.23 46.0776
4.19100 1082.01 45.7869
4.19400 1081.8 45.5488
4.19700 1081.59 46.778
4.20000 1081.39 45.4077
4.20300 1081.18 43.8529
4.20600 1080.98 47.4579
4.20900 1080.79 44.2374
4.21200 1080.59 45.5016
4.21500 1080.4 46.778
4.21800 1080.21 43.0331
4.22100 1080.03 47.2456
4.22400 1079.85 46.4238
4.22700 1079.68 45.4077
4.23000 1079.5 45.0835
4.23300 1079.33 45.5016
4.23600 1079.15 48.5071
4.23900 1078.98 44.4554
4.24200 1078.81 44.1942
4.24500 1078.65 46.4739
4.24800 1078.49 44.9921
4.25100 1078.33 44.7214
4.25400 1078.17 45.4545
4.25700 1078.01 45.9315
4.26000 1077.86 44.6322
4.26300 1077.7 45.8831
4.26600 1077.55 45.98
4.26900 1077.41 45.5961
4.27200 1077.26 46.3739
4.27500 1077.11 45.9315
4.27800 1076.97 43.9799
4.28100 1076.83 45.6912
4.28400 1076.7 47.2984
4.28700 1076.56 47.2456
4.29000 1076.43 44.3242
4.29300 1076.28 45.8831
4.29600 1076.16 46.6252
4.29900 1076.06 44.1511
4.30200 1075.96 46.1757
4.30500 1075.87 47.1929
4.30800 1075.78 45.3143
4.31100 1075.69 45.0835
4.31400 1075.62 46.4739
4.31700 1075.55 47.2984
4.32000 1075.49 46.3241
4.32300 1075.43 44.1511
4.32600 1075.39 46.225
4.32900 1075.35 45.5016
4.33200 1075.33 48.0569
4.33500 1075.32 44.6767
4.33800 1075.32 44.6767
4.34100 1075.33 46.3241
4.34400 1075.37 45.8349
4.34700 1075.42 45.7869
4.35000 1075.49 46.2745
4.35300 1075.58 46.1266
4.35600 1075.71 45.7869
4.35900 1075.87 45.2216
4.36200 1076.07 45.6912
4.36500 1076.32 45.7869
4.36800 1076.65 45.0377
4.37100 1077.07 46.4238
4.37400 1077.61 45.1294
4.37700 1078.33 44.9467
4.38000 1079.27 46.9841
4.38300 1080.52 47.0882
4.38600 1082.18 48.0569
4.38900 1084.38 46.225
4.39200 1087.25 46.676
4.39500 1090.94 46.1757
4.39800 1095.65 45.9315
4.40100 1101.53 48.4502
4.40400 1108.75 46.7269
4.40700 1117.41 46.778
4.41000 1127.56 46.676
4.41300 1139.16 47.7818
4.41600 1152.01 48.5643
4.41900 1165.81 48.2805
4.42200 1180.07 49.7519
4.42500 1194.14 47.8365
4.42800 1207.26 48.737
4.43100 1218.56 49.2665
4.43400 1227.19 49.7519
4.43700 1232.38 49.5682
4.44000 1233.59 50.5722
4.44300 1230.61 48.2805
4.44600 1223.65 50.5076
4.44900 1213.31 48.1125
4.45200 1200.47 50.3793
4.45500 1186.14 48.1125
4.45800 1171.24 46.4238
4.46100 1156.54 48.2805
4.46400 1142.64 48.2805
4.46700 1129.94 47.2984
4.47000 1118.68 45.5488
4.47300 1108.96 45.6912
4.47600 1100.78 48.0015
4.47900 1094.03 44.5435
4.48200 1088.58 46.676
4.48500 1084.25 47.7274
4.48800 1080.85 44.6322
4.49100 1078.19 46.3739
4.49400 1076.13 45.3609
4.49700 1074.52 46.3241
4.50000 1073.25 45.98
4.50300 1072.22 45.5488
4.50600 1071.39 45.4545
4.50900 1070.68 44.3678
4.51200 1070.08 45.98
4.51500 1069.54 45.0377
4.51800 1069.07 46.1266
4.52100 1068.64 45.98
4.52400 1068.24 44.3678
4.52700 1067.88 44.8111
4.53000 1067.54 44.6767
4.53300 1067.22 45.4545
4.53600 1066.92 45.5016
4.53900 1066.64 44.2374
4.54200 1066.37 46.5746
4.54500 1066.12 46.0287
4.54800 1065.87 45.2216
4.55100 1065.64 47.3514
4.55400 1065.42 44.6767
4.55700 1065.21 45.5016
4.56000 1065.01 42.0331
4.56300 1064.82 47.1929
4.56600 1064.63 44.6767
4.56900 1064.45 42.679
4.57200 1064.28 45.5016
4.57500 1064.11 46.6252
4.57800 1063.95 44.9467
4.58100 1063.79 46.9841
4.58400 1063.64 44.5435
4.58700 1063.49 44.4994
4.59000 1063.35 44.8561
4.59300 1063.21 45.8349
4.59600 1063.08 45.3143
4.59900 1062.95 46.7269
4.60200 1062.82 45.3609
4.60500 1062.7 45.5016
4.60800 1062.58 45.9315
4.61100 1062.46 46.3739
4.61400 1062.35 46.5242
4.61700 1062.24 44.8561
4.62000 1062.14 43.8951
4.62300 1062.03 45.4545
4.62600 1061.93 44.8111
4.62900 1061.84 44.7214
4.63200 1061.75 46.3739
4.63500 1061.66 46.4238
4.63800 1061.57 45.6912
4.64100 1061.49 44.2374
4.64400 1061.41 44.9467
4.64700 1061.33 45.2679
4.65000 1061.26 44.9467
4.65300 1061.19 42.6014
4.65600 1061.12 45.7869
4.65900 1061.06 44.6767
4.66200 1061 44.7214
4.66500 1060.94 47.4045
4.66800 1060.89 42.9934
4.67100 1060.85 44.1942
4.67400 1060.8 44.1081
4.67700 1060.76 45.3609
4.68000 1060.73 44.0653
4.68300 1060.7 43.5194
4.68600 1060.68 45.0835
4.68900 1060.65 45.8831
4.69200 1060.64 46.676
4.69500 1060.63 45.8349
4.69800 1060.62 43.9799
4.70100 1060.62 46.8293
4.70400 1060.63 45.1294
4.70700 1060.64 43.9799
4.71000 1060.66 44.1942
4.71300 1060.68 44.1511
4.71600 1060.71 46.4739
4.71900 1060.75 46.225
4.72200 1060.8 45.6435
4.72500 1060.85 44.7214
4.72800 1060.92 43.5194
4.73100 1060.99 43.6021
4.73400 1061.07 44.8561
4.73700 1061.16 46.1266
4.74000 1061.27 46.778
4.74300 1061.38 45.2216
4.74600 1061.51 45.6435
4.74900 1061.64 43.2338
4.75200 1061.8 43.2338
4.75500 1061.96 44.0225
4.75800 1062.15 44.2807
4.76100 1062.35 46.6252
4.76400 1062.59 46.676
4.76700 1062.82 45.2679
4.77000 1063.07 44.8561
4.77300 1063.35 46.5746
4.77600 1063.64 45.6912
4.77900 1063.96 45.6912
4.78200 1064.31 45.0835
4.78500 1064.68 46.5746
4.78800 1065.08 43.8951
4.79100 1065.52 44.5435
4.79400 1065.99 44.5878
4.79700 1066.5 44.6767
4.80000 1067.05 45.7869
4.80300 1067.64 45.98
4.80600 1068.28 45.8831
4.80900 1068.98 45.3609
4.81200 1069.73 45.4077
4.81500 1070.54 44.8111
4.81800 1071.43 46.9323
4.82100 1072.38 45.98
4.82400 1073.43 45.2679
4.82700 1074.56 43.7269
4.83000 1075.8 44.7214
4.83300 1077.15 45.7389
4.83600 1078.62 44.9921
4.83900 1080.24 43.3963
4.84200 1082.01 44.2374
4.84500 1083.95 46.0776
4.84800 1086.1 44.7661
4.85100 1088.46 48.0015
4.85400 1091.08 45.9315
4.85700 1093.98 43.8951
4.86000 1097.22 46.0776
4.86300 1100.84 45.8831
4.86600 1104.92 48.1683
4.86900 1109.53 45.4545
4.87200 1114.81 45.7389
4.87500 1120.93 47.8365
4.87800 1128.16 46.1266
4.88100 1136.9 48.9702
4.88400 1147.74 47.036
4.88700 1161.58 49.3865
4.89000 1179.7 48.0569
4.89300 1203.93 49.2068
4.89600 1236.73 50.8329
4.89900 1281.27 52.2708
4.90200 1341.44 53.6056
4.90500 1421.68 51.3665
4.90800 1526.68 53.1494
4.91100 1660.78 57.735
4.91400 1827.24 58.2223
4.91700 2027.24 60.4122
4.92000 2258.81 62.7456
4.92300 2515.77 65.5122
4.92600 2786.99 68.8428
4.92900 3056.26 69.843
4.93200 3303.15 75.3778
4.93500 3504.92 77.3823
4.93800 3639.49 82.7606
4.94100 3689.24 84.5154
4.94400 3645.34 84.5154
4.94700 3511.35 80.3219
4.95000 3303.56 79.8087
4.95300 3046.73 77.8499
4.95600 2767.34 74.3294
4.95900 2488.25 67.8844
4.96200 2226.43 65.6532
4.96500 1992.79 63.1194
4.96800 1792.96 59.976
4.97100 1628.38 57.3539
4.97400 1497.33 57.4485
4.97700 1396.03 55.47
4.98000 1319.68 52.0579
4.98300 1263.23 52.1286
4.98600 1221.97 50.4433
4.98900 1191.87 49.2665
4.99200 1169.76 49.3865
4.99500 1153.24 49.6904
4.99800 1140.54 48.1125
5.00100 1130.51 49.5682
5.00400 1122.41 47.8365
5.00700 1115.82 46.1266
5.01000 1110.51 45.8349
5.01300 1106.48 47.7818
5.01600 1103.79 45.98
5.01900 1102.57 46.5242
5.02200 1102.88 45.8349
5.02500 1104.56 45.5016
5.02800 1107.13 44.6767
5.03100 1109.77 46.676
5.03400 1111.4 46.0776
5.03700 1110.85 44.4554
5.04000 1107.23 43.8951
5.04300 1100.55 45.98
5.04600 1092.18 46.676
5.04900 1083.9 44.5878
5.05200 1076.88 43.4372
5.05500 1071.49 45.98
5.05800 1067.6 44.7214
5.06100 1064.82 45.0835
5.06400 1062.78 45.6435
5.06700 1061.16 44.0653
5.07000 1059.8 46.5242
5.07300 1058.59 43.5607
5.07600 1057.49 45.0377
5.07900 1056.48 44.0653
5.08200 1055.54 46.1266
5.08500 1054.66 46.6252
5.08800 1053.83 44.7214
5.09100 1053.05 45.7389
5.09400 1052.31 46.2745
5.09700 1051.61 44.3678
5.10000 1050.95 42.796
5.10300 1050.32 43.7269
5.10600 1049.72 45.5016
5.10900 1049.14 44.6767
5.11200 1048.59 42.6401
5.11500 1048.06 44.6322
5.11800 1047.56 44.3678
5.12100 1047.07 45.2679
5.12400 1046.6 45.0377
5.12700 1046.15 44.4116
5.13000 1045.71 44.2807
5.13300 1045.29 45.2679
5.13600 1044.89 45.0377
5.13900 1044.49 44.7214
5.14200 1044.11 44.5435
5.14500 1043.74 45.0835
5.14800 1043.38 43.9375
5.15100 1043.03 44.9467
5.15400 1042.69 44.3242
5.15700 1042.36 46.3739
5.16000 1042.04 43.8529
5.16300 1041.72 45.7389
5.16600 1041.42 45.3609
5.16900 1041.12 44.1081
5.17200 1040.83 44.4554
5.17500 1040.54 45.0835
5.17800 1040.26 43.7688
5.18100 1039.99 45.8831
5.18400 1039.72 43.1532
5.18700 1039.46 43.8951
5.19000 1039.2 44.5435
5.19300 1038.95 44.3242
5.19600 1038.7 44.0653
5.19900 1038.46 42.9537
5.20200 1038.22 44.6322
5.20500 1037.98 44.4116
5.20800 1037.75 44.9467
5.21100 1037.52 44.5878
5.21400 1037.3 44.3242
5.21700 1037.07 42.22
5.22000 1036.86 42.679
5.22300 1036.64 43.7688
5.22600 1036.43 43.9799
5.22900 1036.22 44.2807
5.23200 1036.01 44.7661
5.23500 1035.81 43.9375
5.23800 1035.61 43.6436
5.24100 1035.41 46.1266
5.24400 1035.21 44.4994
5.24700 1035.02 44.4554
5.25000 1034.82 43.4783
5.25300 1034.63 44.3242
5.25600 1034.45 44.9013
5.25900 1034.26 45.4077
5.26200 1034.07 43.3148
5.26500 1033.89 45.4077
5.26800 1033.71 44.4554
5.27100 1033.53 44.7214
5.27400 1033.35 44.6767
5.27700 1033.18 44.9467
5.28000 1033 44.7214
5.28300 1032.83 43.7269
5.28600 1032.66 44.5878
5.28900 1032.49 43.1532
5.29200 1032.32 45.6912
5.29500 1032.15 45.0377
5.29800 1031.98 42.7179
5.30100 1031.82 44.7214
5.30400 1031.65 43.8529
5.30700 1031.49 43.5607
5.31000 1031.32 42.5628
5.31300 1031.16 46.8293
5.31600 1031 43.9375
5.31900 1030.84 43.9375
5.32200 1030.69 44.6322
5.32500 1030.53 44.6767
5.32800 1030.37 43.8529
5.33100 1030.22 44.7661
5.33400 1030.06 42.4476
5.33700 1029.91 42.1076
5.34000 1029.75 44.9013
5.34300 1029.6 44.9921
5.34600 1029.45 43.9799
5.34900 1029.3 45.1294
5.35200 1029.15 44.9921
5.35500 1029 44.2374
5.35800 1028.85 42.6401
5.36100 1028.7 44.4116
5.36400 1028.55 43.9375
5.36700 1028.41 43.5607
5.37000 1028.26 43.4372
5.37300 1028.11 44.5435
5.37600 1027.97 45.2679
5.37900 1027.82 44.6767
5.38200 1027.68 46.0287
5.38500 1027.54 43.4372
5.38800 1027.39 44.8111
5.39100 1027.25 44.9013
5.39400 1027.11 45.3609
5.39700 1026.97 46.3739
5.40000 1026.83 43.3555
5.40300 1026.69 45.3143
5.40600 1026.55 42.9141
5.40900 1026.41 44.1081
5.41200 1026.27 45.3609
5.41500 1026.13 45.5016
5.41800 1025.99 44.9921
5.42100 1025.85 44.5435
5.42400 1025.72 44.0653
5.42700 1025.58 44.2374
5.43000 1025.44 43.1934
5.43300 1025.31 45.6435
5.43600 1025.17 44.1942
5.43900 1025.04 44.1942
5.44200 1024.9 45.1294
5.44500 1024.77 43.4372
5.44800 1024.63 44.0225
5.45100 1024.5 44.8111
5.45400 1024.36 46.4238
5.45700 1024.23 45.0835
5.46000 1024.1 43.1934
5.46300 1023.96 42.3714
5.46600 1023.83 45.5488
5.46900 1023.7 43.2742
5.47200 1023.57 46.2745
5.47500 1023.44 46.0776
5.47800 1023.31 42.8746
5.48100 1023.18 44.2807
5.48400 1023.04 44.0225
5.48700 1022.91 44.5435
5.49000 1022.78 44.6322
5.49300 1022.65 42.9934
5.49600 1022.53 43.5607
5.49900 1022.4 44.2807
5.50200 1022.27 44.3242
5.50500 1022.14 44.5435
5.50800 1022.01 42.5628
5.51100 1021.88 44.8561
5.51400 1021.75 45.1294
5.51700 1021.63 43.2742
5.52000 1021.5 42.5243
5.52300 1021.37 44.8561
5.52600 1021.25 44.4116
5.52900 1021.12 41.9961
5.53200 1020.99 43.1131
5.53500 1020.87 44.9013
5.53800 1020.74 44.2374
5.54100 1020.62 44.5435
5.54400 1020.49 43.6436
5.54700 1020.37 42.8746
5.55000 1020.24 45.2679
5.55300 1020.12 45.3609
5.55600 1019.99 43.4372
5.55900 1019.87 43.073
5.56200 1019.74 43.1532
5.56500 1019.62 42.8353
5.56800 1019.5 42.5628
5.57100 1019.37 44.8111
5.57400 1019.25 45.5016
5.57700 1019.13 43.8108
5.58000 1019 42.6014
5.58300 1018.88 44.8561
5.58600 1018.76 42.6401
5.58900 1018.64 44.1511
5.59200 1018.51 43.073
5.59500 1018.39 43.6852
5.59800 1018.27 42.4094
5.60100 1018.15 43.1934
5.60400 1018.03 43.3148
5.60700 1017.91 44.2374
5.61000 1017.78 43.1934
5.61300 1017.66 44.8111
5.61600 1017.54 43.8951
5.61900 1017.42 44.7661
5.62200 1017.3 44.3242
5.62500 1017.18 43.2742
5.62800 1017.06 43.3963
5.63100 1016.94 43.6852
5.63400 1016.82 43.073
5.63700 1016.7 43.6021
5.64000 1016.58 44.2807
5.64300 1016.46 45.0377
5.64600 1016.35 45.1754
5.64900 1016.23 42.6014
5.65200 1016.11 43.8108
5.65500 1015.99 43.8529
5.65800 1015.87 43.1532
5.66100 1015.75 42.9934
5.66400 1015.64 45.0377
5.66700 1015.52 43.3148
5.67000 1015.4 43.8951
5.67300 1015.28 42.2955
5.67600 1015.17 43.4783
5.67900 1015.05 45.4545
5.68200 1014.93 42.5243
5.68500 1014.82 44.1942
5.68800 1014.7 44.2807
5.69100 1014.58 44.4554
5.69400 1014.47 45.4545
5.69700 1014.35 42.796
5.70000 1014.23 42.9537
5.70300 1014.12 46.778
5.70600 1014 43.6021
5.70900 1013.89 42.9934
5.71200 1013.77 44.5435
5.71500 1013.66 42.7569
5.71800 1013.54 43.073
5.72100 1013.43 44.3242
5.72400 1013.31 44.4554
5.72700 1013.2 44.5435
5.73000 1013.08 45.1294
5.73300 1012.97 44.4994
5.73600 1012.86 44.4554
5.73900 1012.74 42.679
5.74200 1012.63 43.8108
5.74500 1012.52 44.8561
5.74800 1012.4 44.1942
5.75100 1012.29 44.0225
5.75400 1012.18 42.6014
5.75700 1012.06 43.8108
5.76000 1011.95 43.7688
5.76300 1011.84 42.796
5.76600 1011.73 44.9467
5.76900 1011.61 40.757
5.77200 1011.5 43.3963
5.77500 1011.39 44.2374
5.77800 1011.28 44.1511
5.78100 1011.17 43.2742
5.78400 1011.05 43.7269
5.78700 1010.94 44.2374
5.79000 1010.83 44.0653
5.79300 1010.72 44.1511
5.79600 1010.61 43.8951
5.79900 1010.5 42.3714
5.80200 1010.39 43.1934
5.80500 1010.28 43.6436
5.80800 1010.17 42.4094
5.81100 1010.06 43.5194
5.81400 1009.95 43.9799
5.81700 1009.84 44.3678
5.82000 1009.73 43.5607
5.82300 1009.62 45.4077
5.82600 1009.51 44.0653
5.82900 1009.4 44.7661
5.83200 1009.29 44.4994
5.83500 1009.19 43.2338
5.83800 1009.08 44.4554
5.84100 1008.97 44.0225
5.84400 1008.86 43.6021
5.84700 1008.75 44.1511
5.85000 1008.68 44.9013
5.85300 1008.69 44.1942
5.85600 1008.84 44.5435
5.85900 1008.78 44.6322
5.86200 1008.67 42.7179
5.86500 1008.57 46.3739
5.86800 1008.46 42.6014
5.87100 1008.35 44.4994
5.87400 1008.25 43.6852
5.87700 1008.14 43.4783
5.88000 1008.04 42.7569
5.88300 1007.93 44.9921
5.88600 1007.82 45.0377
5.88900 1007.72 43.3555
5.89200 1007.61 45.98
5.89500 1007.51 45.5016
5.89800 1007.4 45.0377
5.90100 1007.3 44.2807
5.90400 1007.2 45.3609
5.90700 1007.09 46.4739
5.91000 1006.99 42.4859
5.91300 1006.88 43.5194
5.91600 1006.78 44.8561
5.91900 1006.68 43.3963
5.92200 1006.57 43.8951
5.92500 1006.47 43.1532
5.92800 1006.37 43.1934
5.93100 1006.26 43.8951
5.93400 1006.16 45.5016
5.93700 1006.06 42.6401
5.94000 1005.96 43.4783
5.94300 1005.85 44.4116
5.94600 1005.75 43.5194
5.94900 1005.65 43.0331
5.95200 1005.55 44.1081
5.95500 1005.45 44.6767
5.95800 1005.35 43.1532
5.96100 1005.25 32.2413
5.96400 1005.15 32.0421
5.96700 1005.04 26.2161
5.97000 1004.94 31.9275
5.97300 1004.84 33.389
5.97600 1004.74 34.2997
5.97900 1004.64 34.4418
5.98200 1004.54 35.9675
5.98500 1004.44 37.5558
5.98800 1004.35 32.2413
5.99100 1004.25 37.037
5.99400 1004.15 37.1391
5.99700 1004.05 37.5823
6.00000 1003.95 37.037
6.00300 1003.85 38.7783
6.00600 1003.75 38.8661
6.00900 1003.66 37.5029
6.01200 1003.56 38.3201
6.01500 1003.46 37.2678
6.01800 1003.36 37.6622
6.02100 1003.27 37.9322
6.02400 1003.17 37.2937
6.02700 1003.07 37.1391
6.03000 1002.97 38.6046
6.03300 1002.88 37.1904
6.03600 1002.78 37.5558
6.03900 1002.69 37.3197
6.04200 1002.59 38.0143
6.04500 1002.49 38.9545
6.04800 1002.4 35.8979
6.05100 1002.3 37.037
6.05400 1002.21 37.6889
6.05700 1002.11 35.3996
6.06000 1002.02 37.6622
6.06300 1001.93 38.4331
6.06600 1001.83 38.4048
6.06900 1001.74 35.3553
6.07200 1001.64 38.3482
6.07500 1001.55 38.0143
6.07800 1001.46 36.7607
6.08100 1001.36 37.5558
6.08400 1001.27 38.1524
6.08700 1001.18 38.4331
6.09000 1001.09 39.1031
6.09300 1000.99 37.2161
6.09600 1000.9 36.5881
6.09900 1000.81 37.3718
6.10200 1000.72 38.1246
6.10500 1000.63 37.7964
6.10800 1000.54 37.4241
6.11100 1000.45 39.841
6.11400 1000.36 38.4048
6.11700 1000.27 38.4615
6.12000 1000.18 37.2937
6.12300 1000.09 36.7856
6.12600 999.996 38.1246
6.12900 999.907 37.1647
6.13200 999.818 38.208
6.13500 999.729 37.7964
6.13800 999.641 38.9545
6.14100 999.552 38.1246
6.14400 999.464 38.1524
6.14700 999.377 36.8856
6.15000 999.289 37.3979
6.15300 999.202 35.5784
6.15600 999.115 38.6912
6.15900 999.028 38.9249
6.16200 998.941 37.8506
6.16500 998.854 38.1246
6.16800 998.766 37.3197
6.17100 998.678 38.0693
6.17400 998.59 38.1802
6.17700 998.502 38.0143
6.18000 998.413 38.3765
6.18300 998.32 38.9841
6.18600 998.235 39.6526
6.18900 998.151 37.5029
6.19200 998.067 36.5881
6.19500 997.984 38.6334
6.19800 997.901 36.3696
6.20100 997.819 37.2161
6.20400 997.736 38.9249
6.20700 997.654 37.7695
6.21000 997.573 39.7779
6.21300 997.491 37.7964
6.21600 997.41 39.4976
6.21900 997.33 35.8748
6.22200 997.249 38.3201
6.22500 997.169 38.5758
6.22800 997.09 37.9049
6.23100 997.011 38.8661
6.23400 996.932 39.3445
6.23700 996.853 37.3979
6.24000 996.775 37.5823
6.24300 996.697 39.0137
6.24600 996.62 38.1524
6.24900 996.543 38.3482
6.25200 996.466 38.8368
6.25500 996.39 38.1802
6.25800 996.314 37.3718
6.26100 996.238 39.3141
6.26400 996.163 37.4241
6.26700 996.089 38.5186
6.27000 996.015 38.4331
6.27300 995.941 38.1524
6.27600 995.867 38.3765
6.27900 995.795 37.5558
6.28200 995.722 39.6214
6.28500 995.651 37.3979
6.28800 995.579 38.3201
6.29100 995.508 38.0418
6.29400 995.438 38.8368
6.29700 995.368 38.7202
6.30000 995.299 38.8661
6.30300 995.23 38.208
6.30600 995.162 37.9049
6.30900 995.094 38.236
6.31200 995.027 37.9322
6.31500 994.96 39.0434
6.31800 994.894 38.9249
6.32100 994.829 37.7157
6.32400 994.764 37.5823
6.32700 994.7 38.6334
6.33000 994.637 38.5186
6.33300 994.575 38.9841
6.33600 994.513 39.4362
6.33900 994.452 37.2161
6.34200 994.391 38.1524
6.34500 994.332 38.0143
6.34800 994.273 37.1647
6.35100 994.215 38.5758
6.35400 994.159 37.7695
6.35700 994.103 37.6089
6.36000 994.048 37.9322
6.36300 993.993 37.3718
6.36600 993.94 38.4615
6.36900 993.888 38.208
6.37200 993.837 37.7695
6.37500 993.787 38.7492
6.37800 993.738 38.5758
6.38100 993.69 38.8075
6.38400 993.643 38.3765
6.38700 993.598 36.6864
6.39000 993.554 37.6622
6.39300 993.512 39.1931
6.39600 993.471 39.8094
6.39900 993.431 38.4331
6.40200 993.393 37.9322
6.40500 993.357 38.6334
6.40800 993.323 37.7426
6.41100 993.29 38.3201
6.41400 993.259 36.9107
6.41700 993.231 38.1802
6.42000 993.204 38.8661
6.42300 993.18 37.4241
6.42600 993.158 37.9869
6.42900 993.139 39.2232
6.43200 993.122 37.1647
6.43500 993.108 38.7783
6.43800 993.097 37.3457
6.44100 993.089 39.5285
6.44400 993.084 38.49
6.44700 993.083 37.3197
6.45000 993.085 39.1031
6.45300 993.092 36.9863
6.45600 993.103 37.7964
6.45900 993.118 38.4331
6.46200 993.138 38.208
6.46500 993.163 38.6622
6.46800 993.194 37.2937
6.47100 993.231 39.841
6.47400 993.274 37.0625
6.47700 993.324 37.3979
6.48000 993.382 38.4615
6.48300 993.447 36.8605
6.48600 993.521 37.2161
6.48900 993.605 38.097
6.49200 993.698 38.3765
6.49500 993.803 38.3765
6.49800 993.92 37.2678
6.50100 994.05 39.1031
6.50400 994.195 36.8605
6.50700 994.355 36.6618
6.51000 994.533 38.6046
6.51300 994.73 39.2837
6.51600 994.949 38.8955
6.51900 995.191 38.5186
6.52200 995.459 40.4226
6.52500 995.757 39.0732
6.52800 996.087 37.8506
6.53100 996.454 38.8955
6.53400 996.864 38.6912
6.53700 997.321 38.6334
6.54000 997.836 37.4241
6.54300 998.417 38.3482
6.54600 999.081 37.3718
6.54900 999.846 36.6618
6.55200 1000.74 37.5823
6.55500 1001.81 37.3197
6.55800 1003.12 37.9322
6.56100 1004.74 39.163
6.56400 1006.8 38.8955
6.56700 1009.45 39.0434
6.57000 1012.91 37.9595
6.57300 1017.44 38.5758
6.57600 1023.36 38.0693
6.57900 1031.03 38.3201
6.58200 1040.87 39.5594
6.58500 1053.29 39.7464
6.58800 1068.67 38.9249
6.59100 1087.32 38.6622
6.59400 1109.36 39.163
6.59700 1134.75 39.163
6.60000 1163.14 39.0434
6.60300 1193.84 39.841
6.60600 1225.79 42.0703
6.60900 1257.52 39.5285
6.61200 1287.14 42.8746
6.61500 1312.51 41.5945
6.61800 1331.46 41.7029
6.62100 1342.07 43.3555
6.62400 1343.2 45.5961
6.62700 1334.7 42.1076
6.63000 1317.59 42.3334
6.63300 1293.74 43.5607
6.63600 1265.42 42.2577
6.63900 1234.88 42.2577
6.64200 1204.04 42.2955
6.64500 1174.39 40.9273
6.64800 1146.99 39.2534
6.65100 1122.49 38.7202
6.65400 1101.2 39.133
6.65700 1083.17 38.7202
6.66000 1068.21 39.2232
6.66300 1056.02 39.968
6.66600 1046.19 40.2585
6.66900 1038.31 38.4615
6.67200 1031.99 40.2911
6.67500 1026.87 38.2639
6.67800 1022.67 38.3482
6.68100 1019.16 39.3445
6.68400 1016.17 39.133
6.68700 1013.59 37.7426
6.69000 1011.34 38.4331
6.69300 1009.38 38.1246
6.69600 1007.67 38.8661
6.69900 1006.21 37.2161
6.70200 1004.99 39.2534
6.70500 1004.02 38.236
6.70800 1003.31 38.5758
6.71100 1002.83 38.9545
6.71400 1002.6 37.5029
6.71700 1002.58 37.3979
6.72000 1002.76 37.2678
6.72300 1003.09 38.4048
6.72600 1003.51 38.1802
6.72900 1003.96 37.7695
6.73200 1004.37 38.8075
6.73500 1004.66 39.5285
6.73800 1004.74 38.8368
6.74100 1004.56 38.4331
6.74400 1004.08 39.841
6.74700 1003.31 38.7202
6.75000 1002.28 36.6618
6.75300 1001.06 37.9049
6.75600 999.722 39.5904
6.75900 998.327 38.7202
6.76200 996.938 38.4048
6.76500 995.604 39.2837
6.76800 994.357 38.292
6.77100 993.221 38.6622
6.77400 992.208 37.7964
6.77700 991.321 37.6089
6.78000 990.557 38.7202
6.78300 989.907 37.8777
6.78600 989.36 38.292
6.78900 988.902 38.9545
6.79200 988.519 38.292
6.79500 988.196 37.5293
6.79800 987.923 37.037
6.80100 987.689 38.4615
6.80400 987.486 38.8368
6.80700 987.306 37.4503
6.81000 987.144 38.236
6.81300 986.997 39.1931
6.81600 986.861 38.1246
6.81900 986.734 37.7426
6.82200 986.614 38.3201
6.82500 986.502 37.3718
6.82800 986.395 38.7783
6.83100 986.292 39.2837
6.83400 986.196 39.0434
6.83700 986.103 37.8235
6.84000 986.013 37.3457
6.84300 985.927 38.0693
6.84600 985.844 38.097
6.84900 985.763 38.3482
6.85200 985.686 38.8661
6.85500 985.611 38.7202
6.85800 985.538 37.4503
6.86100 985.468 38.4331
6.86400 985.4 37.3457
6.86700 985.334 37.7695
6.87000 985.27 38.9545
6.87300 985.209 37.2937
6.87600 985.149 36.4905
6.87900 985.091 37.2419
6.88200 985.034 39.3141
6.88500 984.979 38.3482
6.88800 984.925 37.2419
6.89100 984.872 37.3718
6.89400 984.821 36.6618
6.89700 984.772 37.8777
6.90000 984.723 37.7964
6.90300 984.676 38.1524
6.90600 984.63 37.4766
6.90900 984.585 36.8105
6.91200 984.541 38.208
6.91500 984.499 37.6889
6.91800 984.458 37.3197
6.92100 984.418 40.032
6.92400 984.379 39.163
6.92700 984.34 38.8955
6.93000 984.303 37.6622
6.93300 984.266 38.5472
6.93600 984.23 38.49
6.93900 984.195 36.9863
6.94200 984.161 38.1524
6.94500 984.128 39.3445
6.94800 984.095 37.5823
6.95100 984.064 39.7151
6.95400 984.033 37.0117
6.95700 984.003 38.49
6.96000 983.973 36.2024
6.96300 983.945 38.236
6.96600 983.917 37.9049
6.96900 983.89 38.1246
6.97200 983.864 38.8075
6.97500 983.838 38.6334
6.97800 983.813 39.163
6.98100 983.789 38.236
6.98400 983.765 37.7695
6.98700 983.742 39.0137
6.99000 983.719 37.8235
6.99300 983.698 39.6526
6.99600 983.677 38.2639
6.99900 983.656 37.4766
7.00200 983.636 38.0693
7.00500 983.617 37.8235
7.00800 983.599 36.5636
7.01100 983.581 38.8955
7.01400 983.563 37.9595
7.01700 983.546 38.5472
7.02000 983.53 37.5558
7.02300 983.515 36.8605
7.02600 983.5 37.2419
7.02900 983.485 38.0693
7.03200 983.471 38.3765
7.03500 983.458 37.1391
7.03800 983.445 38.097
7.04100 983.433 39.2534
7.04400 983.422 37.6355
7.04700 983.411 38.1246
7.05000 983.4 39.2837
7.05300 983.39 39.1931
7.05600 983.381 38.097
7.05900 983.372 36.8605
7.06200 983.364 38.8661
7.06500 983.357 38.49
7.06800 983.349 37.9322
7.07100 983.343 38.7202
7.07400 983.337 37.9869
7.07700 983.332 37.4766
7.08000 983.327 37.7426
7.08300 983.322 37.9049
7.08600 983.319 38.208
7.08900 983.315 36.8105
7.09200 983.313 37.3197
7.09500 983.31 38.7202
7.09800 983.309 37.9322
7.10100 983.308 37.6889
7.10400 983.307 37.2161
7.10700 983.307 38.5758
7.11000 983.308 38.3765
7.11300 983.309 37.4241
7.11600 983.311 37.8235
7.11900 983.313 38.3201
7.12200 983.316 38.6622
7.12500 983.319 37.3197
7.12800 983.323 37.9322
7.13100 983.328 38.7783
7.13400 983.333 37.9322
7.13700 983.338 37.5029
7.14000 983.345 37.5029
7.14300 983.351 38.097
7.14600 983.359 38.8075
7.14900 983.366 37.6889
7.15200 983.375 38.3201
7.15500 983.384 37.8777
7.15800 983.393 37.1904
7.16100 983.404 38.6622
7.16400 983.414 38.9545
7.16700 983.426 36.9107
7.17000 983.438 38.2639
7.17300 983.45 37.7964
7.17600 983.463 38.1524
7.17900 983.477 38.1802
7.18200 983.491 38.2639
7.18500 983.506 38.4048
7.18800 983.521 38.2639
7.19100 983.537 38.5758
7.19400 983.554 37.5293
7.19700 983.571 38.4615
7.20000 983.589 37.6089
7.20300 983.608 37.2937
7.20600 983.627 36.8105
7.20900 983.647 38.0693
7.21200 983.668 37.6089
7.21500 983.689 38.236
7.21800 983.711 36.5148
7.22100 983.733 38.8955
7.22400 983.756 38.0693
7.22700 983.78 38.0143
7.23000 983.804 38.49
7.23300 983.83 38.3201
7.23600 983.855 37.7157
7.23900 983.882 36.25
7.24200 983.909 38.9841
7.24500 983.937 37.9595
7.24800 983.966 37.6889
7.25100 983.995 38.292
7.25400 984.026 37.3197
7.25700 984.057 36.7359
7.26000 984.088 36.6864
7.26300 984.121 39.0137
7.26600 984.154 38.3765
7.26900 984.188 38.5472
7.27200 984.223 39.7464
7.27500 984.259 37.5029
7.27800 984.295 37.1391
7.28100 984.333 38.6334
7.28400 984.371 37.1135
7.28700 984.41 38.3765
7.29000 984.45 36.4905
7.29300 984.491 36.9611
7.29600 984.533 39.2837
7.29900 984.576 38.6046
7.30200 984.62 37.3197
7.30500 984.665 37.9595
7.30800 984.711 38.0143
7.31100 984.758 38.3201
7.31400 984.806 37.8777
7.31700 984.856 38.236
7.32000 984.906 39.0732
7.32300 984.958 37.3197
7.32600 985.011 38.2639
7.32900 985.066 38.8955
7.33200 985.123 37.9322
7.33500 985.181 38.5186
7.33800 985.241 36.2738
7.34100 985.304 38.9841
7.34400 985.369 37.8777
7.34700 985.436 37.5558
7.35000 985.507 38.8955
7.35300 985.582 37.9049
7.35600 985.661 38.1802
7.35900 985.745 38.236
7.36200 985.835 38.4331
7.36500 985.931 38.6912
7.36800 986.035 38.2639
7.37100 986.146 38.3482
7.37400 986.267 38.4331
7.37700 986.397 38.7202
7.38000 986.538 39.4362
7.38300 986.69 38.5186
7.38600 986.854 39.6214
7.38900 987.03 37.2161
7.39200 987.218 37.5029
7.39500 987.418 38.3765
7.39800 987.629 37.2678
7.40100 987.849 37.3457
7.40400 988.077 36.7607
7.40700 988.312 38.3765
7.41000 988.55 38.097
7.41300 988.788 38.2639
7.41600 989.023 38.8368
7.41900 989.25 38.4615
7.42200 989.464 38.4331
7.42500 989.662 38.236
7.42800 989.838 37.3197
7.43100 989.988 39.968
7.43400 990.111 38.3482
7.43700 990.205 37.5823
7.44000 990.27 38.208
7.44300 990.308 38.8368
7.44600 990.323 37.4503
7.44900 990.319 38.292
7.45200 990.301 38.7492
7.45500 990.274 36.4662
7.45800 990.243 37.9869
7.46100 990.21 37.6622
7.46400 990.179 38.208
7.46700 990.156 39.2837
7.47000 990.148 37.7964
7.47300 990.151 38.1246
7.47600 990.168 39.163
7.47900 990.198 37.5029
7.48200 990.243 37.5558
7.48500 990.302 37.9322
7.48800 990.376 37.3718
7.49100 990.466 38.6622
7.49400 990.569 38.292
7.49700 990.686 38.3765
7.50000 990.817 37.5558
7.50300 990.96 38.7202
7.50600 991.116 37.6889
7.50900 991.283 38.7202
7.51200 991.461 38.3765
7.51500 991.65 38.6912
7.51800 991.85 37.6622
7.52100 992.06 38.8368
7.52400 992.281 38.0143
7.52700 992.511 38.8661
7.53000 992.752 38.7202
7.53300 993.004 37.9869
7.53600 993.266 37.6889
7.53900 993.54 36.8355
7.54200 993.826 39.5594
7.54500 994.124 40.0642
7.54800 994.435 38.1524
7.55100 994.761 38.236
7.55400 995.1 38.3482
7.55700 995.456 37.5293
7.56000 995.828 39.163
7.56300 996.218 38.0693
7.56600 996.627 37.9049
7.56900 997.057 37.9595
7.57200 997.509 38.4048
7.57500 997.987 40.0642
7.57800 998.492 38.5758
7.58100 999.027 37.9322
7.58400 999.596 36.9107
7.58700 1000.2 38.6334
7.59000 1000.86 38.9249
7.59300 1001.56 39.6214
7.59600 1002.32 40.032
7.59900 1003.15 38.4615
7.60200 1004.06 37.6355
7.60500 1005.07 38.4048
7.60800 1006.2 38.2639
7.61100 1007.47 37.6622
7.61400 1008.9 38.3482
7.61700 1010.54 38.8075
7.62000 1012.42 39.1031
7.62300 1014.59 39.968
7.62600 1017.1 38.5186
7.62900 1020.01 39.0137
7.63200 1023.4 39.9362
7.63500 1027.35 38.9841
7.63800 1031.93 38.4331
7.64100 1037.24 38.8368
7.64400 1043.39 37.3979
7.64700 1050.47 38.7783
7.65000 1058.57 39.1931
7.65300 1067.81 38.8368
7.65600 1078.28 40.3567
7.65900 1090.04 38.8955
7.66200 1103.18 40.6558
7.66500 1117.73 41.0651
7.66800 1133.71 40.7909
7.67100 1151.12 40.4557
7.67400 1169.9 41.3803
7.67700 1189.98 40.2259
7.68000 1211.2 40.3567
7.68300 1233.4 41.0997
7.68600 1256.35 42.4094
7.68900 1279.75 42.796
7.69200 1303.24 44.4116
7.69500 1326.44 44.5878
7.69800 1348.87 44.1511
7.70100 1370.01 44.1511
7.70400 1389.31 45.0835
7.70700 1406.18 44.9921
7.71000 1420.07 44.4554
7.71300 1430.47 45.2216
7.71600 1436.96 45.8349
7.71900 1439.3 46.0287
7.72200 1437.38 46.2745
7.72500 1431.33 46.3739
7.72800 1421.4 45.4077
7.73100 1408.05 47.2984
7.73400 1391.79 45.1294
7.73700 1373.24 45.1754
7.74000 1353.01 44.6767
7.74300 1331.71 45.7389
7.74600 1309.91 44.4116
7.74900 1288.16 44.3242
7.75200 1266.94 43.6021
7.75500 1246.68 43.7688
7.75800 1227.77 42.9934
7.76100 1210.52 42.6401
7.76400 1195.2 42.5628
7.76700 1181.98 41.487
7.77000 1170.97 40.4226
7.77300 1162.2 42.0703
7.77600 1155.59 41.0997
7.77900 1150.98 40.8248
7.78200 1148.08 40.757
7.78500 1146.52 41.9591
7.78800 1145.82 40.4888
7.79100 1145.42 40.522
7.79400 1144.7 41.7756
7.79700 1143.06 40.996
7.80000 1140.01 40.6894
7.80300 1135.24 39.6214
7.80600 1128.69 40.0642
7.80900 1120.56 39.9362
7.81200 1111.2 39.1931
7.81500 1101.08 39.6214
7.81800 1090.65 39.6214
7.82100 1080.31 39.841
7.82400 1070.39 40.5554
7.82700 1061.11 40.0642
7.83000 1052.66 39.1031
7.83300 1045.11 38.2639
7.83600 1038.51 39.375
7.83900 1032.85 38.8661
7.84200 1028.06 37.7695
7.84500 1024.08 39.5904
7.84800 1020.81 38.208
7.85100 1018.14 38.6334
7.85400 1015.97 38.49
7.85700 1014.22 39.9362
7.86000 1012.8 38.097
7.86300 1011.64 39.1931
7.86600 1010.68 39.0732
7.86900 1009.89 37.8777
7.87200 1009.21 37.7695
7.87500 1008.63 39.4055
7.87800 1008.12 38.7783
7.88100 1007.68 38.6622
7.88400 1007.28 38.8368
7.88700 1006.93 39.1031
7.89000 1006.61 38.8368
7.89300 1006.32 37.8506
7.89600 1006.06 38.4331
7.89900 1005.82 31.0236
7.90200 1005.6 31.75
7.90500 1005.41 24.2393
7.90800 1005.23 29.3105
7.91100 1005.07 31.7821
7.91400 1004.93 30.7583
7.91700 1004.8 32.969
7.92000 1004.69 33.1133
7.92300 1004.58 32.6512
7.92600 1004.49 31.4503
7.92900 1004.41 32.1911
7.93200 1004.35 32.721
7.93500 1004.29 33.5578
7.93800 1004.24 33.6909
7.94100 1004.2 33.7484
7.94400 1004.16 34.1593
7.94700 1004.14 34.0601
7.95000 1004.12 34.0799
7.95300 1004.11 33.4825
7.95600 1004.11 34.401
7.95900 1004.11 34.1394
7.96200 1004.12 34.4828
7.96500 1004.13 33.3519
7.96800 1004.15 32.721
7.97100 1004.17 34.2594
7.97400 1004.2 33.7676
7.97700 1004.24 34.3807
7.98000 1004.28 33.9422
7.98300 1004.32 33.8449
7.98600 1004.37 34.9642
7.98900 1004.42 33.4077
7.99200 1004.47 34.3401
7.99500 1004.53 35.0715
7.99800 1004.6 33.5578
8.00100 1004.66 34.2796
8.00400 1004.73 34.8367
8.00700 1004.8 34.0404
8.01000 1004.88 34.4418
8.01300 1004.96 35.1799
8.01600 1005.04 33.2045
8.01900 1005.12 34.0207
8.02200 1005.21 33.7869
8.02500 1005.3 34.4418
8.02800 1005.39 34.5033
8.03100 1005.49 33.6146
8.03400 1005.59 35.6688
8.03700 1005.69 34.001
8.04000 1005.79 35.007
8.04300 1005.89 35.1147
8.04600 1006 34.6272
8.04900 1006.11 34.5651
8.05200 1006.22 34.3199
8.05500 1006.34 34.8155
8.05800 1006.45 33.5013
8.06100 1006.57 33.6146
8.06400 1006.69 34.4214
8.06700 1006.81 34.4418
8.07000 1006.94 34.7524
8.07300 1007.06 33.5201
8.07600 1007.19 35.2235
8.07900 1007.32 34.8367
8.08200 1007.45 35.1147
8.08500 1007.59 35.1364
8.08800 1007.72 34.3199
8.09100 1007.86 35.1581
8.09400 1008 34.2393
8.09700 1008.14 35.2017
8.10000 1008.28 35.1799
8.10300 1008.43 34.0601
8.10600 1008.57 33.6336
8.10900 1008.72 33.7292
8.11200 1008.87 35.1799
8.11500 1009.02 34.0404
8.11800 1009.17 33.9032
8.12100 1009.33 34.8578
8.12400 1009.49 34.9428
8.12700 1009.64 34.9215
8.13000 1009.8 35.4663
8.13300 1009.97 33.9227
8.13600 1010.13 35.3112
8.13900 1010.3 34.2594
8.14200 1010.46 34.7524
8.14500 1010.63 35.2454
8.14800 1010.8 34.3807
8.15100 1010.98 35.1364
8.15400 1011.15 35.05
8.15700 1011.33 33.8837
8.16000 1011.5 34.9856
8.16300 1011.68 34.2997
8.16600 1011.87 35.0715
8.16900 1012.05 33.1862
8.17200 1012.24 34.1394
8.17500 1012.42 35.2892
8.17800 1012.61 34.6896
8.18100 1012.8 33.2411
8.18400 1013 35.2892
8.18700 1013.19 34.3401
8.19000 1013.39 34.5444
8.19300 1013.59 35.7143
8.19600 1013.79 34.5033
8.19900 1013.99 34.9428
8.20200 1014.2 34.9856
8.20500 1014.41 34.9428
8.20800 1014.62 34.1993
8.21100 1014.83 35.3333
8.21400 1015.05 34.0799
8.21700 1015.26 34.0207
8.22000 1015.48 35.2892
8.22300 1015.71 34.1196
8.22600 1015.93 35.4441
8.22900 1016.16 34.5857
8.23200 1016.39 35.2892
8.23500 1016.62 35.0285
8.23800 1016.86 33.6718
8.24100 1017.1 36.3456
8.24400 1017.34 34.401
8.24700 1017.58 35.3553
8.25000 1017.83 33.8643
8.25300 1018.08 36.0375
8.25600 1018.33 35.1799
8.25900 1018.59 35.8517
8.26200 1018.85 34.7734
8.26500 1019.11 35.5335
8.26800 1019.38 34.5651
8.27100 1019.65 35.8517
8.27400 1019.92 35.05
8.27700 1020.2 34.0601
8.28000 1020.48 34.7105
8.28300 1020.77 35.4663
8.28600 1021.06 34.2997
8.28900 1021.36 34.4623
8.29200 1021.66 34.4418
8.29500 1021.96 35.1799
8.29800 1022.27 35.1147
8.30100 1022.58 35.1581
8.30400 1022.9 34.7314
8.30700 1023.23 34.6688
8.31000 1023.56 35.3996
8.31300 1023.9 34.9002
8.31600 1024.24 34.6479
8.31900 1024.59 33.6146
8.32200 1024.95 35.2673
8.32500 1025.31 34.0799
8.32800 1025.68 35.1147
8.33100 1026.06 35.2017
8.33400 1026.44 34.6272
8.33700 1026.84 34.8155
8.34000 1027.24 35.0715
8.34300 1027.65 35.7599
8.34600 1028.07 35.2454
8.34900 1028.5 35.3553
8.35200 1028.95 36.7112
8.35500 1029.4 34.6896
8.35800 1029.86 34.7945
8.36100 1030.34 33.9814
8.36400 1030.82 35.3112
8.36700 1031.33 34.7734
8.37000 1031.84 34.9428
8.37300 1032.37 34.2997
8.37600 1032.91 34.9642
8.37900 1033.48 35.2673
8.38200 1034.05 35.6915
8.38500 1034.65 36.2977
8.38800 1035.27 34.7524
8.39100 1035.9 37.0879
8.39400 1036.56 35.1364
8.39700 1037.24 34.9856
8.40000 1037.94 36.3216
8.40300 1038.67 34.2997
8.40600 1039.42 35.1364
8.40900 1040.2 36.5881
8.41200 1041.02 35.4887
8.41500 1041.88 34.4418
8.41800 1042.77 35.511
8.42100 1043.69 35.4218
8.42400 1044.67 35.3333
8.42700 1045.68 36.0609
8.43000 1046.74 35.3333
8.43300 1047.86 34.4828
8.43600 1049.03 35.1364
8.43900 1050.27 35.6688
8.44200 1051.58 35.3996
8.44500 1052.96 34.7945
8.44800 1054.42 35.5784
8.45100 1055.98 35.5784
8.45400 1057.66 35.6009
8.45700 1059.46 35.6462
8.46000 1061.41 37.037
8.46300 1063.54 37.1904
8.46600 1065.89 36.2738
8.46900 1068.49 35.007
8.47200 1071.42 36.442
8.47500 1074.74 36.25
8.47800 1078.54 35.0715
8.48100 1082.94 36.2024
8.48400 1088.08 36.7856
8.48700 1094.1 35.5559
8.49000 1101.2 37.3979
8.49300 1109.61 36.9358
8.49600 1119.55 37.6089
8.49900 1131.31 37.8506
8.50200 1145.16 37.9322
8.50500 1161.42 37.7157
8.50800 1180.38 37.7157
8.51100 1202.34 38.4331
8.51400 1227.56 38.8075
8.51700 1256.27 38.3765
8.52000 1288.65 39.6526
8.52300 1324.78 39.2837
8.52600 1364.66 40.3896
8.52900 1408.18 40.4888
8.53200 1455.09 42.22
8.53500 1504.99 40.4226
8.53800 1557.32 42.1825
8.54100 1611.33 43.7269
8.54400 1666.12 44.2807
8.54700 1720.65 44.8561
8.55000 1773.79 45.5016
8.55300 1824.42 46.225
8.55600 1871.56 46.1757
8.55900 1914.4 46.4739
8.56200 1952.42 47.6731
8.56500 1985.32 47.1405
8.56800 2012.96 48.0569
8.57100 2035.27 50.8987
8.57400 2052.12 50.4433
8.57700 2063.29 48.9702
8.58000 2068.47 49.6292
8.58300 2067.28 49.7519
8.58600 2059.41 49.6904
8.58900 2044.65 49.9376
8.59200 2023.02 49.3264
8.59500 1994.8 49.029
8.59800 1960.56 48.5071
8.60100 1921.08 49.0881
8.60400 1877.32 47.9463
8.60700 1830.32 47.8365
8.61000 1781.13 46.9841
8.61300 1730.72 46.9841
8.61600 1679.99 46.3739
8.61900 1629.73 44.4116
8.62200 1580.6 44.4994
8.62500 1533.15 43.1131
8.62800 1487.83 41.7392
8.63100 1444.97 42.4859
8.63400 1404.85 40.5554
8.63700 1367.63 39.7151
8.64000 1333.42 39.8726
8.64300 1302.25 40.0642
8.64600 1274.1 40.161
8.64900 1248.87 39.841
8.65200 1226.46 38.5472
8.65500 1206.7 37.6355
8.65800 1189.4 37.5293
8.66100 1174.37 38.8075
8.66400 1161.38 38.1524
8.66700 1150.22 36.9863
8.67000 1140.67 37.6355
8.67300 1132.51 37.4241
8.67600 1125.54 37.6355
8.67900 1119.59 36.6618
8.68200 1114.47 37.5558
8.68500 1110.06 36.9358
8.68800 1106.22 36.2262
8.69100 1102.86 36.442
8.69400 1099.9 37.037
8.69700 1097.31 37.037
8.70000 1095.06 37.2678
8.70300 1093.17 36.8355
8.70600 1091.69 37.2161
8.70900 1090.67 35.3112
8.71200 1090.2 37.6355
8.71500 1090.35 35.4887
8.71800 1091.17 36.7607
8.72100 1092.64 36.5392
8.72400 1094.63 36.0375
8.72700 1096.9 35.7371
8.73000 1099.05 36.3696
8.73300 1100.59 36.9358
8.73600 1101.02 36.7359
8.73900 1100 35.9675
8.74200 1097.55 37.7695
8.74500 1094.01 36.2024
8.74800 1089.93 35.7599
8.75100 1085.79 36.7359
8.75400 1081.97 35.4663
8.75700 1078.68 36.9107
8.76000 1076 35.9443
8.76300 1073.93 35.5784
8.76600 1072.41 35.2673
8.76900 1071.33 34.9215
8.77200 1070.61 35.3112
8.77500 1070.15 36.7607
8.77800 1069.89 35.6009
8.78100 1069.78 37.0625
8.78400 1069.79 36.442
8.78700 1069.91 35.8517
8.79000 1070.13 35.8057
8.79300 1070.45 35.4218
8.79600 1070.88 36.1315
8.79900 1071.41 36.2738
8.80200 1072.06 37.0879
8.80500 1072.83 35.8979
8.80800 1073.74 36.4905
8.81100 1074.79 35.6915
8.81400 1075.99 35.3333
8.81700 1077.35 35.9443
8.82000 1078.88 36.8856
8.82300 1080.59 36.5148
8.82600 1082.47 36.0375
8.82900 1084.54 36.0375
8.83200 1086.79 36.2977
8.83500 1089.23 35.5559
8.83800 1091.84 35.2235
8.84100 1094.62 36.8105
8.84400 1097.55 35.3553
8.84700 1100.63 35.6915
8.85000 1103.82 36.5636
8.85300 1107.1 35.0285
8.85600 1110.44 36.8856
8.85900 1113.8 35.3775
8.86200 1117.13 37.3979
8.86500 1120.4 37.2678
8.86800 1123.55 36.2738
8.87100 1126.51 36.7607
8.87400 1129.24 35.8979
8.87700 1131.66 36.6126
8.88000 1133.71 37.1647
8.88300 1135.35 37.3979
8.88600 1136.52 36.7856
8.88900 1137.19 35.511
8.89200 1137.34 37.7426
8.89500 1136.98 37.5293
8.89800 1136.12 36.0375
8.90100 1134.79 37.7157
8.90400 1133.05 37.4503
8.90700 1130.94 36.8355
8.91000 1128.53 36.5881
8.91300 1125.88 37.5823
8.91600 1123.05 37.4241
8.91900 1120.1 35.9211
8.92200 1117.07 35.4887
8.92500 1114.03 37.6355
8.92800 1111 36.8105
8.93100 1108.03 36.8105
8.93400 1105.15 37.4241
8.93700 1102.38 37.1904
8.94000 1099.75 36.6126
8.94300 1097.26 35.5335
8.94600 1094.94 37.037
8.94900 1092.79 35.3333
8.95200 1090.82 36.1079
8.95500 1089.02 35.3996
8.95800 1087.4 35.5335
8.96100 1085.94 35.8287
8.96400 1084.65 36.1787
8.96700 1083.52 35.8057
8.97000 1082.53 35.6915
8.97300 1081.68 34.7314
8.97600 1080.96 35.8748
8.97900 1080.35 35.9908
8.98200 1079.85 35.9908
8.98500 1079.45 36.0844
8.98800 1079.12 35.2454
8.99100 1078.88 36.8605
8.99400 1078.69 36.4905
8.99700 1078.57 36.7359
9.00000 1078.5 36.7856
9.00300 1078.47 36.5392
9.00600 1078.48 36.4662
9.00900 1078.52 36.0141
9.01200 1078.59 35.5335
9.01500 1078.69 36.9107
9.01800 1078.8 35.9908
9.02100 1078.94 37.0879
9.02400 1079.09 36.1079
9.02700 1079.25 35.2235
9.03000 1079.43 36.3696
9.03300 1079.61 35.8748
9.03600 1079.81 36.1787
9.03900 1080.01 36.1787
9.04200 1080.22 35.0285
9.04500 1080.44 35.6462
9.04800 1080.66 34.6064
9.05100 1080.89 36.8605
9.05400 1081.13 34.5238
9.05700 1081.37 36.7607
9.06000 1081.61 37.1647
9.06300 1081.86 35.2892
9.06600 1082.11 37.2161
9.06900 1082.37 36.7856
9.07200 1082.63 35.7828
9.07500 1082.89 35.8748
9.07800 1083.16 35.7599
9.08100 1083.43 37.1391
9.08400 1083.71 37.1647
9.08700 1083.99 35.1364
9.09000 1084.27 36.3216
9.09300 1084.55 36.6372
9.09600 1084.84 35.6688
9.09900 1085.13 35.8979
9.10200 1085.42 35.8748
9.10500 1085.72 37.0625
9.10800 1086.02 36.1551
9.11100 1086.32 36.2024
9.11400 1086.63 35.6688
9.11700 1086.93 35.5335
9.12000 1087.24 35.9675
9.12300 1087.56 35.6462
9.12600 1087.87 35.9443
9.12900 1088.19 36.3937
9.13200 1088.51 36.6372
9.13500 1088.83 37.3979
9.13800 1089.16 34.6688
9.14100 1089.49 36.2262
9.14400 1089.82 36.6126
9.14700 1090.15 36.1551
9.15000 1090.48 36.8605
9.15300 1090.82 37.1391
9.15600 1091.16 35.1147
9.15900 1091.51 35.6915
9.16200 1091.85 36.0844
9.16500 1092.2 36.7359
9.16800 1092.55 35.6915
9.17100 1092.9 35.3996
9.17400 1093.26 36.25
9.17700 1093.62 36.1551
9.18000 1093.98 36.5148
9.18300 1094.35 36.5636
9.18600 1094.71 36.1079
9.18900 1095.08 36.3216
9.19200 1095.46 36.3216
9.19500 1095.83 37.8506
9.19800 1096.21 35.511
9.20100 1096.59 36.7359
9.20400 1096.98 35.9908
9.20700 1097.37 36.1315
9.21000 1097.76 36.7856
9.21300 1098.15 36.1079
9.21600 1098.55 36.4662
9.21900 1098.95 36.6864
9.22200 1099.36 35.6235
9.22500 1099.76 35.6009
9.22800 1100.17 36.7112
9.23100 1100.59 36.442
9.23400 1101.01 36.4662
9.23700 1101.43 35.7143
9.24000 1101.86 36.4179
9.24300 1102.29 35.8748
9.24600 1102.73 37.1904
9.24900 1103.17 36.3696
9.25200 1103.61 36.1315
9.25500 1104.06 37.0117
9.25800 1104.51 36.3696
9.26100 1104.97 37.0625
9.26400 1105.44 36.9107
9.26700 1105.91 35.8979
9.27000 1106.38 37.0879
9.27300 1106.86 36.2977
9.27600 1107.35 37.6089
9.27900 1107.84 37.8235
9.28200 1108.34 36.4662
9.28500 1108.84 37.0117
9.28800 1109.35 35.8057
9.29100 1109.87 36.3696
9.29400 1110.4 37.0879
9.29700 1110.93 36.8605
9.30000 1111.47 36.5636
9.30300 1112.02 36.6864
9.30600 1112.58 36.8105
9.30900 1113.15 35.6009
9.31200 1113.73 36.8105
9.31500 1114.31 37.2937
9.31800 1114.91 37.1135
9.32100 1115.52 36.5392
9.32400 1116.14 37.4503
9.32700 1116.77 36.3456
9.33000 1117.41 37.4503
9.33300 1118.06 36.8105
9.33600 1118.73 36.7856
9.33900 1119.41 36.5636
9.34200 1120.11 36.7607
9.34500 1120.82 37.5558
9.34800 1121.55 36.8605
9.35100 1122.3 36.3937
9.35400 1123.06 37.5293
9.35700 1123.85 37.2678
9.36000 1124.65 37.6889
9.36300 1125.48 37.5823
9.36600 1126.33 36.8105
9.36900 1127.2 36.6864
9.37200 1128.1 36.7112
9.37500 1129.02 36.9863
9.37800 1129.98 36.9107
9.38100 1130.96 38.3765
9.38400 1131.98 37.4503
9.38700 1133.03 36.9107
9.39000 1134.12 36.9107
9.39300 1135.25 38.1246
9.39600 1136.42 37.5029
9.39900 1137.64 37.0625
9.40200 1138.9 37.7426
9.40500 1140.21 37.9049
9.40800 1141.59 36.9107
9.41100 1143.02 37.5823
9.41400 1144.51 37.1391
9.41700 1146.08 36.9863
9.42000 1147.72 37.2678
9.42300 1149.44 37.8506
9.42600 1151.24 37.9595
9.42900 1153.15 38.3482
9.43200 1155.16 37.8235
9.43500 1157.28 38.5186
9.43800 1159.54 37.1904
9.44100 1161.93 37.9049
9.44400 1164.48 39.0434
9.44700 1167.21 37.4766
9.45000 1170.15 37.7426
9.45300 1173.33 37.7964
9.45600 1176.79 38.1802
9.45900 1180.59 38.3201
9.46200 1184.8 37.0625
9.46500 1189.51 38.49
9.46800 1194.85 38.236
9.47100 1200.96 38.5472
9.47400 1208.05 38.6334
9.47700 1216.37 38.8368
9.48000 1226.21 39.0732
9.48300 1237.94 40.0642
9.48600 1252.03 38.8075
9.48900 1268.98 39.0732
9.49200 1289.4 40.1934
9.49500 1313.97 41.487
9.49800 1343.43 41.3803
9.50100 1378.57 40.5887
9.50400 1420.18 42.1825
9.50700 1469.07 41.5227
9.51000 1525.94 42.5243
9.51300 1591.41 44.1942
9.51600 1665.92 44.6322
9.51900 1749.67 44.3242
9.52200 1842.57 44.9921
9.52500 1944.17 47.3514
9.52800 2053.63 47.7818
9.53100 2169.61 48.795
9.53400 2290.31 50.5076
9.53700 2413.34 51.2989
9.54000 2535.76 53.3761
9.54300 2654.01 55.1318
9.54600 2764.02 56.0772
9.54900 2861.3 56.7048
9.55200 2941.24 57.639
9.55500 2999.53 59.8684
9.55800 3032.68 60.0842
9.56100 3038.57 59.7614
9.56400 3016.81 61.5457
9.56700 2968.83 60.4122
9.57000 2897.61 58.4206
9.57300 2807.24 58.5206
9.57600 2702.28 56.2544
9.57900 2587.36 55.2158
9.58200 2466.74 54.2326
9.58500 2344.21 53.8382
9.58800 2222.96 51.6398
9.59100 2105.59 48.0015
9.59400 1994.12 48.8532
9.59700 1890.07 47.1405
9.60000 1794.46 44.5878
9.60300 1707.88 44.0653
9.60600 1630.55 43.2742
9.60900 1562.39 43.2742
9.61200 1503.02 41.2393
9.61500 1451.91 41.5945
9.61800 1408.36 40.2259
9.62100 1371.61 39.0434
9.62400 1340.84 40.8589
9.62700 1315.27 39.7464
9.63000 1294.13 38.6622
9.63300 1276.71 39.4669
9.63600 1262.39 38.7202
9.63900 1250.6 38.4331
9.64200 1240.87 38.49
9.64500 1232.8 38.5758
9.64800 1226.06 37.3979
9.65100 1220.38 37.1135
9.65400 1215.55 39.0137
9.65700 1211.4 38.0143
9.66000 1207.8 37.7964
9.66300 1204.64 37.5558
9.66600 1201.84 37.3979
9.66900 1199.34 37.1135
9.67200 1197.1 38.5186
9.67500 1195.08 37.7964
9.67800 1193.25 37.2678
9.68100 1191.59 37.5558
9.68400 1190.07 39.0434
9.68700 1188.69 38.3765
9.69000 1187.43 38.4048
9.69300 1186.28 38.8661
9.69600 1185.23 35.6235
9.69900 1184.27 37.9049
9.70200 1183.4 38.3201
9.70500 1182.6 38.8661
9.70800 1181.88 37.5029
9.71100 1181.23 36.7856
9.71400 1180.64 38.4048
9.71700 1180.11 37.2678
9.72000 1179.64 37.8506
9.72300 1179.22 38.49
9.72600 1178.84 37.6622
9.72900 1178.52 38.1246
9.73200 1178.23 36.9863
9.73500 1177.99 37.2937
9.73800 1177.78 38.8955
9.74100 1177.61 36.6372
9.74400 1177.48 37.1135
9.74700 1177.38 37.5823
9.75000 1177.31 38.1802
9.75300 1177.27 38.1246
9.75600 1177.26 38.4615
9.75900 1177.28 37.5029
9.76200 1177.32 38.208
9.76500 1177.39 37.0625
9.76800 1177.49 37.7426
9.77100 1177.61 38.236
9.77400 1177.76 37.9869
9.77700 1177.93 37.0879
9.78000 1178.13 37.8777
9.78300 1178.35 38.8661
9.78600 1178.6 37.8777
9.78900 1178.89 37.1904
9.79200 1179.2 36.6864
9.79500 1179.54 38.6912
9.79800 1179.93 38.1524
9.80100 1180.36 37.3979
9.80400 1180.83 38.5186
9.80700 1181.36 37.6089
9.81000 1181.94 38.0693
9.81300 1182.6 38.1246
9.81600 1183.34 37.4766
9.81900 1184.16 38.3201
9.82200 1185.08 37.5293
9.82500 1186.12 37.9049
9.82800 1187.27 38.5758
9.83100 1188.57 38.1802
9.83400 1190 36.5881
9.83700 1191.6 38.208
9.84000 1193.36 37.6889
9.84300 1195.29 37.3979
9.84600 1197.39 37.3979
9.84900 1199.67 37.9322
9.85200 1202.12 38.292
9.85500 1204.73 39.4055
9.85800 1207.49 38.0418
9.86100 1210.37 38.8075
9.86400 1213.35 39.4055
9.86700 1216.39 37.7426
9.87000 1219.45 38.1524
9.87300 1222.48 38.6046
9.87600 1225.43 38.7492
9.87900 1228.23 39.0137
9.88200 1230.82 38.4331
9.88500 1233.12 38.7492
9.88800 1235.07 38.4048
9.89100 1236.62 37.7157
9.89400 1237.72 39.4976
9.89700 1238.34 38.5186
9.90000 1238.5 38.7783
9.90300 1238.21 38.2639
9.90600 1237.52 38.0693
9.90900 1236.5 39.0137
9.91200 1235.2 39.1031
9.91500 1233.71 39.7464
9.91800 1232.08 38.5472
9.92100 1230.4 39.1031
9.92400 1228.7 40.8248
9.92700 1227.04 38.1524
9.93000 1225.47 38.6334
9.93300 1224.02 39.4669
9.93600 1222.72 38.6912
9.93900 1221.59 38.2639
9.94200 1220.65 39.5285
9.94500 1219.91 39.7151
9.94800 1219.37 38.4615
9.95100 1219.05 38.0693
9.95400 1218.94 40.4557
9.95700 1219.04 38.0693
9.96000 1219.35 39.2232
9.96300 1219.87 38.5186
9.96600 1220.59 37.4503
9.96900 1221.52 38.0143
9.97200 1222.66 37.9049
9.97500 1224.03 38.5472
9.97800 1225.62 39.4976
9.98100 1227.48 38.6046
9.98400 1229.63 38.9841
9.98700 1232.1 39.2534
9.99000 1234.97 38.49
9.99300 1238.3 35.4663
9.99600 1242.18 32.1911
9.99900 1246.71 28.7006
10.00200 1252.02 28.6065
10.00500 1258.25 32.3762
10.00800 1265.58 33.2411
10.01100 1274.19 33.6336
10.01400 1284.28 35.2892
10.01700 1296.07 34.9002
10.02000 1309.77 35.05
10.02300 1325.61 32.7737
10.02600 1343.8 36.9358
10.02900 1364.55 37.1904
10.03200 1388.01 37.0117
10.03500 1414.34 37.5558
10.03800 1443.61 36.9358
10.04100 1475.88 38.0143
10.04400 1511.09 38.9841
10.04700 1549.16 38.8661
10.05000 1589.85 39.375
10.05300 1632.86 39.4362
10.05600 1677.7 40.3239
10.05900 1723.73 41.5945
10.06200 1770.12 40.5554
10.06500 1815.82 42.22
10.06800 1859.59 42.6014
10.07100 1899.96 43.3555
10.07400 1935.33 43.9799
10.07700 1963.95 44.1942
10.08000 1984.08 44.6767
10.08300 1994.13 45.8349
10.08600 1993.01 45.1294
10.08900 1980.41 44.0653
10.09200 1957.02 43.5607
10.09500 1924.41 44.6767
10.09800 1884.7 43.9799
10.10100 1840.16 43.3148
10.10400 1792.89 42.5628
10.10700 1744.72 41.7756
10.11000 1697.12 40.522
10.11300 1651.23 40.1286
10.11600 1607.86 40.2911
10.11900 1567.57 40.7231
10.12200 1530.68 39.0137
10.12500 1497.33 38.5472
10.12800 1467.54 38.8368
10.13100 1441.21 38.6334
10.13400 1418.2 37.9595
10.13700 1398.29 37.4241
10.14000 1381.28 37.4766
10.14300 1366.91 36.7112
10.14600 1354.95 37.3197
10.14900 1345.15 37.5823
10.15200 1337.27 36.1551
10.15500 1331.1 38.0418
10.15800 1326.41 36.5392
10.16100 1323.01 36.8856
10.16400 1320.74 36.1787
10.16700 1319.45 36.5881
10.17000 1319 35.9908
10.17300 1319.3 36.5881
10.17600 1320.25 36.5636
10.17900 1321.79 36.8355
10.18200 1323.86 36.0375
10.18500 1326.44 37.2937
10.18800 1329.5 36.9358
10.19100 1333.04 37.4766
10.19400 1337.07 36.9107
10.19700 1341.61 36.8105
10.20000 1346.72 37.8506
10.20300 1352.44 36.2262
10.20600 1358.88 38.49
10.20900 1366.15 37.1391
10.21200 1374.41 37.7157
10.21500 1383.87 37.6889
10.21800 1394.82 38.4615
10.22100 1407.6 37.5558
10.22400 1422.66 38.8075
10.22700 1440.56 39.1931
10.23000 1461.99 40.3896
10.23300 1487.78 39.9043
10.23600 1518.9 40.032
10.23900 1556.51 41.1345
10.24200 1601.91 41.0997
10.24500 1656.53 42.22
10.24800 1721.93 42.8353
10.25100 1799.72 44.8111
10.25400 1891.5 44.0653
10.25700 1998.8 44.7214
10.26000 2122.97 47.6731
10.26300 2265.05 47.2456
10.26600 2425.66 49.8755
10.26900 2604.91 50.8329
10.27200 2802.23 51.8476
10.27500 3016.27 55.5556
10.27800 3244.81 56.1656
10.28100 3484.64 56.6139
10.28400 3731.47 60.4122
10.28700 3979.89 61.5457
10.29000 4223.26 63.7577
10.29300 4453.83 65.7952
10.29600 4662.83 67.7285
10.29900 4840.96 69.843
10.30200 4979.1 71.247
10.30500 5069.3 73.9221
10.30800 5105.92 72.5476
10.31100 5086.58 74.1249
10.31400 5012.6 73.721
10.31700 4888.79 72.1688
10.32000 4722.58 71.4286
10.32300 4522.95 69.5048
10.32600 4299.28 67.5737
10.32900 4060.59 67.1156
10.33200 3814.95 63.2456
10.33500 3569.32 61.0847
10.33800 3329.44 58.2223
10.34100 3099.9 55.9893
10.34400 2884.17 54.8821
10.34700 2684.72 52.8516
10.35000 2503.14 50.702
10.35300 2340.17 48.3368
10.35600 2195.89 48.5071
10.35900 2069.8 47.2984
10.36200 1960.96 44.7661
10.36500 1868.08 43.9799
10.36800 1789.69 42.22
10.37100 1724.19 42.2955
10.37400 1669.97 41.7029
10.37700 1625.46 40.1286
10.38000 1589.2 40.5887
10.38300 1559.84 38.9841
10.38600 1536.21 39.5594
10.38900 1517.3 39.5594
10.39200 1502.24 39.163
10.39500 1490.31 40.1934
10.39800 1480.95 38.8075
10.40100 1473.68 39.375
10.40400 1468.14 38.3482
10.40700 1464.07 37.6355
10.41000 1461.23 38.1802
10.41300 1459.49 37.037
10.41600 1458.73 38.6622
10.41900 1458.87 38.5186
10.42200 1459.88 37.8235
10.42500 1461.74 37.9322
10.42800 1464.46 38.4048
10.43100 1468.08 38.0693
10.43400 1472.65 38.1802
10.43700 1478.29 38.4048
10.44000 1485.13 38.4331
10.44300 1493.36 38.0693
10.44600 1503.24 38.9249
10.44900 1515.12 38.49
10.45200 1529.42 39.133
10.45500 1546.69 41.3803
10.45800 1567.63 40.0963
10.46100 1593.08 40.8248
10.46400 1624.03 41.9222
10.46700 1661.69 42.4094
10.47000 1707.4 42.7569
10.47300 1762.7 42.145
10.47600 1829.24 44.3678
10.47900 1908.78 44.7214
10.48200 2003.07 45.5961
10.48500 2113.83 47.5651
10.48800 2242.6 47.5114
10.49100 2390.64 49.3264
10.49400 2558.81 50.8329
10.49700 2747.42 52.1996
10.50000 2956.12 55.2158
10.50300 3183.79 55.7278
10.50600 3428.37 57.8315
10.50900 3686.82 59.655
10.51200 3954.97 61.8984
10.51500 4227.49 65.372
10.51800 4497.77 67.42
10.52100 4758.05 70.8881
10.52400 4999.65 71.4286
10.52700 5213.47 74.5356
10.53000 5390.92 75.5929
10.53300 5525.06 78.0869
10.53600 5611.76 78.0869
10.53900 5650.47 79.5557
10.54200 5644.42 78.5674
10.54500 5599.94 80.0641
10.54800 5525.32 77.6151
10.55100 5429.57 78.5674
10.55400 5321.3 77.1517
10.55700 5208.01 73.5215
10.56000 5095.69 73.1272
10.56300 4988.69 71.4286
10.56600 4889.77 72.5476
10.56900 4800.19 70.3598
10.57200 4719.96 69.843
10.57500 4648.12 71.247
10.57800 4583.02 68.5189
10.58100 4522.69 67.8844
10.58400 4465.1 68.8428
10.58700 4408.33 68.0414
10.59000 4350.66 66.8153
10.59300 4290.56 66.965
10.59600 4226.6 67.8844
10.59900 4157.49 67.42
10.60200 4082.07 65.372
10.60500 3999.43 65.0945
10.60800 3908.98 64.4157
10.61100 3810.6 64.957
10.61400 3704.63 64.6846
10.61700 3591.88 62.5
10.62000 3473.56 63.1194
10.62300 3351.14 61.3139
10.62600 3226.24 61.199
10.62900 3100.46 59.1312
10.63200 2975.33 56.9803
10.63500 2852.23 56.888
10.63800 2732.34 53.4522
10.64100 2616.64 53.5288
10.64400 2505.92 52.3424
10.64700 2400.77 50.1255
10.65000 2301.63 50.1886
10.65300 2208.8 48.1125
10.65600 2122.44 46.9841
10.65900 2042.6 46.4739
10.66200 1969.25 44.6767
10.66500 1902.25 44.7214
10.66800 1841.42 42.9934
10.67100 1786.5 43.1934
10.67400 1737.19 41.7029
10.67700 1693.15 41.7756
10.68000 1654.04 41.0997
10.68300 1619.46 40.2259
10.68600 1589.03 40.8589
10.68900 1562.38 39.6214
10.69200 1539.11 39.841
10.69500 1518.87 40.032
10.69800 1501.32 38.8368
10.70100 1486.12 39.4976
10.70400 1472.97 38.5758
10.70700 1461.6 39.1931
10.71000 1451.76 39.5594
10.71300 1443.22 38.5186
10.71600 1435.79 39.841
10.71900 1429.27 38.4615
10.72200 1423.5 38.3201
10.72500 1418.35 38.4331
10.72800 1413.7 38.1802
10.73100 1409.44 38.3201
10.73400 1405.48 37.6889
10.73700 1401.75 37.9869
10.74000 1398.18 38.6046
10.74300 1394.72 36.7856
10.74600 1391.34 38.2639
10.74900 1388.01 37.9322
10.75200 1384.72 37.2678
10.75500 1381.45 37.8235
10.75800 1378.2 37.5029
10.76100 1374.97 37.5293
10.76400 1371.78 37.3197
10.76700 1368.63 37.1391
10.77000 1365.53 37.7964
10.77300 1362.5 36.9358
10.77600 1359.53 36.5636
10.77900 1356.64 37.1647
10.78200 1353.85 38.1802
10.78500 1351.14 37.6355
10.78800 1348.55 37.1135
10.79100 1346.06 37.4241
10.79400 1343.68 38.0693
10.79700 1341.41 37.2161
10.80000 1339.27 38.208
10.80300 1337.24 37.8777
10.80600 1335.33 37.6355
10.80900 1333.54 36.5148
10.81200 1331.87 36.7856
10.81500 1330.31 38.3765
10.81800 1328.86 37.5558
10.82100 1327.52 36.8856
10.82400 1326.29 37.8506
10.82700 1325.15 36.0141
10.83000 1324.12 38.236
10.83300 1323.17 35.9908
10.83600 1322.31 37.9049
10.83900 1321.53 36.6618
10.84200 1320.83 37.1904
10.84500 1320.2 37.4766
10.84800 1319.64 37.2937
10.85100 1319.14 37.8777
10.85400 1318.7 37.6089
10.85700 1318.32 37.3979
10.86000 1317.99 37.6622
10.86300 1317.72 37.4503
10.86600 1317.48 37.3979
10.86900 1317.3 37.7426
10.87200 1317.15 37.037
10.87500 1317.04 37.9049
10.87800 1316.97 36.3696
10.88100 1316.94 38.097
10.88400 1316.94 37.0879
10.88700 1316.97 37.7964
10.89000 1317.03 37.7426
10.89300 1317.13 36.5636
10.89600 1317.25 38.097
10.89900 1317.4 36.4662
10.90200 1317.58 36.8105
10.90500 1317.79 37.7426
10.90800 1318.02 36.7607
10.91100 1318.28 37.4766
10.91400 1318.57 38.1524
10.91700 1318.88 37.0625
10.92000 1319.22 38.0693
10.92300 1319.58 35.5559
10.92600 1319.98 37.6355
10.92900 1320.39 36.8105
10.93200 1320.83 35.8057
10.93500 1321.3 37.4503
10.93800 1321.8 37.4503
10.94100 1322.32 37.2678
10.94400 1322.87 37.1904
10.94700 1323.45 37.6622
10.95000 1324.05 37.3457
10.95300 1324.68 36.7607
10.95600 1325.35 36.5881
10.95900 1326.04 37.8506
10.96200 1326.77 36.6126
10.96500 1327.53 36.9611
10.96800 1328.33 37.0879
10.97100 1329.16 36.9863
10.97400 1330.03 37.3718
10.97700 1330.94 38.1524
10.98000 1331.89 37.3979
10.98300 1332.88 36.5881
10.98600 1333.93 37.6089
10.98900 1335.02 37.6889
10.99200 1336.17 37.4503
10.99500 1337.38 38.292
10.99800 1338.65 37.3197
11.00100 1339.98 38.2639
11.00400 1341.38 36.9863
11.00700 1342.86 38.292
11.01000 1344.42 38.1524
11.01300 1346.06 38.0418
11.01600 1347.79 37.7695
11.01900 1349.61 37.3197
11.02200 1351.53 37.2419
11.02500 1353.56 38.292
11.02800 1355.69 37.9049
11.03100 1357.94 38.8661
11.03400 1360.3 38.4615
11.03700 1362.79 37.9595
11.04000 1365.39 38.6334
11.04300 1368.13 37.9049
11.04600 1370.99 37.3197
11.04900 1373.98 37.8506
11.05200 1377.1 37.1647
11.05500 1380.34 38.236
11.05800 1383.71 37.3718
11.06100 1387.2 37.7157
11.06400 1390.81 38.5758
11.06700 1394.53 37.9049
11.07000 1398.35 40.1286
11.07300 1402.26 37.9869
11.07600 1406.26 39.0732
11.07900 1410.32 39.375
11.08200 1414.45 38.6334
11.08500 1418.61 39.0732
11.08800 1422.79 39.2232
11.09100 1426.98 40.4557
11.09400 1431.16 38.2639
11.09700 1435.3 38.0418
11.10000 1439.38 39.7779
11.10300 1443.38 39.375
11.10600 1447.27 39.7151
11.10900 1451.05 39.3445
11.11200 1454.69 38.0418
11.11500 1458.19 39.7464
11.11800 1461.53 39.0137
11.12100 1464.71 40.3896
11.12400 1467.74 40.5554
11.12700 1470.62 39.841
11.13000 1473.38 39.2232
11.13300 1476.04 39.1031
11.13600 1478.61 40
11.13900 1481.13 40.1934
11.14200 1483.63 39.4362
11.14500 1486.14 39.7779
11.14800 1488.69 40.3896
11.15100 1491.32 39.5904
11.15400 1494.05 40.3896
11.15700 1496.91 40.996
11.16000 1499.94 40.8589
11.16300 1503.15 39.7464
11.16600 1506.59 39.5285
11.16900 1510.25 40.2911
11.17200 1514.18 40.1286
11.17500 1518.39 41.2043
11.17800 1522.89 40.4226
11.18100 1527.71 40.032
11.18400 1532.86 40.522
11.18700 1538.35 41.5227
11.19000 1544.19 41.5945
11.19300 1550.4 40.6558
11.19600 1556.99 40.1934
11.19900 1563.95 42.2955
11.20200 1571.31 40.9273
11.20500 1579.07 41.9222
11.20800 1587.23 41.9591
11.21100 1595.8 41.7029
11.21400 1604.78 41.5586
11.21700 1614.19 42.145
11.22000 1624.02 41.8854
11.22300 1634.28 42.8353
11.22600 1644.98 42.4859
11.22900 1656.12 42.7569
11.23200 1667.74 41.5945
11.23500 1679.83 43.3148
11.23800 1692.42 42.5628
11.24100 1705.54 43.4372
11.24400 1719.23 43.6436
11.24700 1733.54 43.1532
11.25000 1748.5 42.9141
11.25300 1764.18 44.1942
11.25600 1780.64 43.9799
11.25900 1797.96 44.4116
11.26200 1816.2 43.5194
11.26500 1835.46 43.8951
11.26800 1855.81 43.8951
11.27100 1877.35 45.2679
11.27400 1900.19 45.3609
11.27700 1924.42 46.0287
11.28000 1950.17 45.0835
11.28300 1977.56 45.4077
11.28600 2006.73 46.3739
11.28900 2037.83 46.0776
11.29200 2071.03 45.8349
11.29500 2106.5 47.619
11.29800 2144.46 48.2805
11.30100 2185.12 47.5651
11.30400 2228.76 48.4502
11.30700 2275.68 48.8532
11.31000 2326.23 50.8329
11.31300 2380.83 50.0626
11.31600 2440.01 51.778
11.31900 2504.41 52.1286
11.32200 2574.86 53.5288
11.32500 2652.41 54.8821
11.32800 2738.46 56.6139
11.33100 2834.82 57.735
11.33400 2943.88 60.6339
11.33700 3068.8 60.7457
11.34000 3213.68 62.3783
11.34300 3383.87 65.0945
11.34600 3586.16 68.1994
11.34900 3829.13 71.0669
11.35200 4123.42 72.3575
11.35500 4481.92 78.811
11.35800 4919.97 82.4786
11.36100 5455.36 85.7493
11.36400 6108.21 90.9091
11.36700 6900.51 96.6736
11.37000 7855.53 103.142
11.37300 8996.81 110.432
11.37600 10346.9 117.851
11.37900 11925.8 125.988
11.38200 13749 132.453
11.38500 15825.9 145.865
11.38800 18157.5 154.303
11.39100 20734.2 164.399
11.39400 23534.5 179.605
11.39700 26522.9 192.45
11.40000 29648.1 204.124
11.40300 32842.1 218.218
11.40600 36018.5 235.702
11.40900 39072.6 250
11.41200 41883.3 267.261
11.41500 44318.1 277.35
11.41800 46243.8 288.675
11.42100 47542.4 301.511
11.42400 48129 316.228
11.42700 47968.2 301.511
11.43000 47080.8 301.511
11.43300 45539.5 301.511
11.43600 43454.3 301.511
11.43900 40954 277.35
11.44200 38169.4 258.199
11.44500 35222 250
11.44800 32217.9 229.416
11.45100 29245.7 208.514
11.45400 26376.8 200
11.45700 23666 182.574
11.46000 21153.1 169.031
11.46300 18864 154.303
11.46600 16811.8 145.865
11.46900 14998.6 134.84
11.47200 13417.4 125.988
11.47500 12053.7 120.386
11.47800 10887.9 111.803
11.48100 9897.02 105.409
11.48400 9056.8 101.535
11.48700 8343.04 96.225
11.49000 7733.06 90.5357
11.49300 7206.62 88.7357
11.49600 6746.43 85.1257
11.49900 6338.34 81.1107
11.50200 5971.27 78.811
11.50500 5636.8 76.4719
11.50800 5328.78 73.721
11.51100 5042.84 69.6733
11.51400 4775.95 69.0066
11.51700 4526.08 66.519
11.52000 4291.88 62.9941
11.52300 4072.48 60.5228
11.52600 3867.3 59.976
11.52900 3675.94 57.735
11.53200 3498.06 55.1318
11.53500 3333.38 54.3125
11.53800 3181.55 52.9256
11.54100 3042.16 51.7088
11.54400 2914.77 52.1286
11.54700 2798.8 50
11.55000 2693.66 47.7818
11.55300 2598.64 48.4502
11.55600 2513.03 48.3934
11.55900 2436.05 46.1266
11.56200 2366.93 44.9013
11.56500 2304.9 45.8349
11.56800 2249.19 44.5878
11.57100 2199.07 44.3242
11.57400 2153.85 44.1511
11.57700 2112.9 42.9537
11.58000 2075.62 42.8746
11.58300 2041.5 42.7179
11.58600 2010.05 42.5243
11.58900 1980.88 41.1693
11.59200 1953.64 40.9616
11.59500 1928.02 41.7029
11.59800 1903.8 41.487
11.60100 1880.77 41.7029
11.60400 1858.78 41.1345
11.60700 1837.71 41.9222
11.61000 1817.47 40.996
11.61300 1797.99 41.3803
11.61600 1779.24 40.8589
11.61900 1761.18 40.5554
11.62200 1743.81 40.032
11.62500 1727.13 40.9616
11.62800 1711.15 39.7464
11.63100 1695.89 39.133
11.63400 1681.37 39.1931
11.63700 1667.65 38.6046
11.64000 1654.75 38.292
11.64300 1642.74 39.4669
11.64600 1631.65 41.0997
11.64900 1621.56 39.3141
11.65200 1612.5 38.0418
11.65500 1604.54 40.2259
11.65800 1597.71 38.0693
11.66100 1592.06 38.4331
11.66400 1587.6 38.8075
11.66700 1584.33 38.6912
11.67000 1582.22 39.0732
11.67300 1581.24 41.2043
11.67600 1581.3 39.5285
11.67900 1582.28 40.3567
11.68200 1584.03 39.841
11.68500 1586.36 39.7779
11.68800 1589.03 40.0642
11.69100 1591.75 39.2837
11.69400 1594.21 40.0963
11.69700 1596.04 39.7151
11.70000 1596.88 37.9595
11.70300 1596.36 40.3896
11.70600 1594.15 39.968
11.70900 1590.03 39.7779
11.71200 1583.9 39.0137
11.71500 1575.78 39.6214
11.71800 1565.83 39.4362
11.72100 1554.33 38.7492
11.72400 1541.59 40.3567
11.72700 1527.97 39.133
11.73000 1513.8 40.2259
11.73300 1499.41 39.0732
11.73600 1485.06 38.236
11.73900 1470.98 37.2678
11.74200 1457.35 38.6046
11.74500 1444.33 38.3201
11.74800 1432.03 38.208
11.75100 1420.5 37.6889
11.75400 1409.8 38.0418
11.75700 1399.95 37.1391
11.76000 1390.92 37.8235
11.76300 1382.7 37.9869
11.76600 1375.23 36.9107
11.76900 1368.47 37.2161
11.77200 1362.36 37.9049
11.77500 1356.83 36.9358
11.77800 1351.82 37.8506
11.78100 1347.26 36.1315
11.78400 1343.1 37.1391
11.78700 1339.28 36.7607
11.79000 1335.75 36.9107
11.79300 1332.48 37.1135
11.79600 1329.43 38.292
11.79900 1326.56 37.4241
11.80200 1323.87 37.0879
11.80500 1321.31 36.6372
11.80800 1318.89 37.1647
11.81100 1316.59 36.7607
11.81400 1314.4 37.4503
11.81700 1312.31 35.9675
11.82000 1310.33 35.8979
11.82300 1308.45 37.5558
11.82600 1306.68 37.2161
11.82900 1305.01 36.2738
11.83200 1303.45 36.6372
11.83500 1302 36.3216
11.83800 1300.67 36.7359
11.84100 1299.47 36.1079
11.84400 1298.39 37.3979
11.84700 1297.46 36.3216
11.85000 1296.66 35.8517
11.85300 1296.01 36.8856
11.85600 1295.51 37.0625
11.85900 1295.16 35.7143
11.86200 1294.97 36.7359
11.86500 1294.92 37.0625
11.86800 1295.01 36.4179
11.87100 1295.25 31.3728
11.87400 1295.61 31.7982
11.87700 1296.08 28.183
11.88000 1296.64 32.6338
11.88300 1297.28 32.6164
11.88600 1297.96 33.9032
11.88900 1298.66 33.4637
11.89200 1299.34 33.5201
11.89500 1299.95 34.3604
11.89800 1300.47 32.5991
11.90100 1300.83 33.6336
11.90400 1301 34.8578
11.90700 1300.92 34.5238
11.91000 1300.57 35.2892
11.91300 1299.91 35.007
11.91600 1298.92 34.5651
11.91900 1297.59 34.2997
11.92200 1295.94 34.5857
11.92500 1293.99 34.401
11.92800 1291.78 34.2193
11.93100 1289.34 34.1394
11.93400 1286.72 35.1581
11.93700 1283.96 34.7734
11.94000 1281.12 33.7676
11.94300 1278.22 34.5444
11.94600 1275.32 34.1993
11.94900 1272.44 34.2594
11.95200 1269.6 33.6336
11.95500 1266.85 35.05
11.95800 1264.18 34.0404
11.96100 1261.63 33.7292
11.96400 1259.21 34.6064
11.96700 1256.91 34.2796
11.97000 1254.76 33.8837
11.97300 1252.75 34.6896
11.97600 1250.89 34.0601
11.97900 1249.18 33.6527
11.98200 1247.61 33.71
11.98500 1246.19 34.0404
11.98800 1244.91 33.0409
11.99100 1243.77 34.4623
11.99400 1242.76 33.5767
11.99700 1241.9 33.7292
12.00000 1241.17 33.7484
12.00300 1240.59 33.6909
12.00600 1240.15 34.401
12.00900 1239.85 34.1394
12.01200 1239.71 33.2411
12.01500 1239.74 34.3604
12.01800 1239.93 33.9422
12.02100 1240.32 33.1497
12.02400 1240.9 33.9814
12.02700 1241.69 33.9618
12.03000 1242.71 33.2411
12.03300 1243.97 34.4623
12.03600 1245.49 33.4263
12.03900 1247.29 34.1394
12.04200 1249.37 33.7676
12.04500 1251.75 34.7105
12.04800 1254.44 34.1993
12.05100 1257.46 33.7676
12.05400 1260.81 34.4418
12.05700 1264.5 33.445
12.06000 1268.53 34.1793
12.06300 1272.91 34.1593
12.06600 1277.62 33.9814
12.06900 1282.67 33.5767
12.07200 1288.04 33.71
12.07500 1293.71 35.2454
12.07800 1299.65 34.9215
12.08100 1305.85 34.3807
12.08400 1312.25 35.05
12.08700 1318.83 35.0285
12.09000 1325.54 35.0715
12.09300 1332.36 34.001
12.09600 1339.27 35.3333
12.09900 1346.25 34.6688
12.10200 1353.31 35.4218
12.10500 1360.43 36.0609
12.10800 1367.63 34.4418
12.11100 1374.89 36.2024
12.11400 1382.2 36.2977
12.11700 1389.51 35.0285
12.12000 1396.73 36.25
12.12300 1403.78 35.4218
12.12600 1410.51 35.5784
12.12900 1416.74 36.0844
12.13200 1422.28 35.7599
12.13500 1426.91 36.2977
12.13800 1430.39 35.4887
12.14100 1432.5 35.9443
12.14400 1433.06 36.7112
12.14700 1431.91 36.0609
12.15000 1429 36.1079
12.15300 1424.31 36.7607
12.15600 1417.95 36.8355
12.15900 1410.06 36.3696
12.16200 1400.87 35.4663
12.16500 1390.61 35.5335
12.16800 1379.53 35.1581
12.17100 1367.88 35.7143
12.17400 1355.9 35.5335
12.17700 1343.8 35.3333
12.18000 1331.77 34.9428
12.18300 1319.96 35.2235
12.18600 1308.5 34.6688
12.18900 1297.52 35.1581
12.19200 1287.08 34.1793
12.19500 1277.27 35.2235
12.19800 1268.12 34.1993
12.20100 1259.66 33.9814
12.20400 1251.9 33.7484
12.20700 1244.84 33.5013
12.21000 1238.47 33.5389
12.21300 1232.77 33.7676
12.21600 1227.69 33.3333
12.21900 1223.21 33.9618
12.22200 1219.28 33.1133
12.22500 1215.86 33.8643
12.22800 1212.91 32.2749
12.23100 1210.39 33.7869
12.23400 1208.26 33.4077
12.23700 1206.47 33.6146
12.24000 1205.01 34.0601
12.24300 1203.83 32.721
12.24600 1202.92 33.7676
12.24900 1202.25 33.3148
12.25200 1201.81 33.4077
12.25500 1201.59 33.8837
12.25800 1201.58 33.5201
12.26100 1201.76 33.4263
12.26400 1202.15 33.9814
12.26700 1202.73 33.6146
12.27000 1203.52 33.2779
12.27300 1204.51 33.1133
12.27600 1205.71 34.0799
12.27900 1207.13 32.8976
12.28200 1208.77 33.2779
12.28500 1210.64 34.9856
12.28800 1212.74 33.0952
12.29100 1215.08 35.6915
12.29400 1217.67 33.2411
12.29700 1220.5 32.9332
12.30000 1223.58 34.5857
12.30300 1226.91 34.5033
12.30600 1230.48 34.9002
12.30900 1234.3 34.001
12.31200 1238.34 33.4077
12.31500 1242.61 34.3604
12.31800 1247.09 33.5578
12.32100 1251.76 34.1593
12.32400 1256.6 34.3401
12.32700 1261.58 33.7484
12.33000 1266.68 33.6718
12.33300 1271.87 34.5238
12.33600 1277.1 35.0715
12.33900 1282.35 34.2393
12.34200 1287.56 34.7524
12.34500 1292.68 35.2454
12.34800 1297.66 33.71
12.35100 1302.44 33.8837
12.35400 1306.96 34.6688
12.35700 1311.16 34.3401
12.36000 1314.98 35.4218
12.36300 1318.34 34.4418
12.36600 1321.19 36.5148
12.36900 1323.48 35.7371
12.37200 1325.15 35.2017
12.37500 1326.17 35.6462
12.37800 1326.5 34.7734
12.38100 1326.14 35.6462
12.38400 1325.08 34.3807
12.38700 1323.34 34.6479
12.39000 1320.95 35.007
12.39300 1317.95 34.8155
12.39600 1314.39 35.0715
12.39900 1310.33 34.3604
12.40200 1305.82 34.3199
12.40500 1300.93 35.8057
12.40800 1295.72 34.4828
12.41100 1290.27 34.8155
12.41400 1284.62 35.3775
12.41700 1278.84 34.2594
12.42000 1272.97 34.2393
12.42300 1267.08 33.4263
12.42600 1261.2 34.6896
12.42900 1255.37 33.7676
12.43200 1249.64 34.2796
12.43500 1244.02 34.4214
12.43800 1238.56 33.9032
12.44100 1233.27 33.7869
12.44400 1228.17 33.7676
12.44700 1223.29 34.0207
12.45000 1218.63 33.5201
12.45300 1214.2 33.3148
12.45600 1210.02 33.7869
12.45900 1206.08 34.2997
12.46200 1202.4 33.1315
12.46500 1198.96 34.1793
12.46800 1195.77 33.4263
12.47100 1192.82 33.2228
12.47400 1190.11 33.7676
12.47700 1187.64 32.3254
12.48000 1185.39 32.6512
12.48300 1183.35 32.5645
12.48600 1181.52 33.2964
12.48900 1179.9 33.6718
12.49200 1178.46 33.9227
12.49500 1177.22 33.4637
12.49800 1176.15 33.1679
12.50100 1175.26 32.7913
12.50400 1174.55 32.7737
12.50700 1174.02 32.53
12.51000 1173.67 32.969
12.51300 1173.52 32.5472
12.51600 1173.57 33.6336
12.51900 1173.84 33.5201
12.52200 1174.36 32.686
12.52500 1175.14 34.0207
12.52800 1176.22 32.6164
12.53100 1177.6 32.969
12.53400 1179.32 34.3199
12.53700 1181.38 32.4443
12.54000 1183.79 33.5578
12.54300 1186.53 32.8798
12.54600 1189.59 33.9032
12.54900 1192.92 32.6338
12.55200 1196.45 33.6527
12.55500 1200.11 34.2393
12.55800 1203.78 33.1862
12.56100 1207.35 33.1862
12.56400 1210.68 33.5201
12.56700 1213.63 33.1315
12.57000 1216.11 33.2045
12.57300 1218.06 33.7292
12.57600 1219.53 33.8255
12.57900 1220.63 33.3704
12.58200 1221.54 33.2779
12.58500 1222.47 34.6272
12.58800 1223.64 33.8255
12.59100 1225.28 34.6064
12.59400 1227.57 33.8449
12.59700 1230.7 34.0601
12.60000 1234.82 34.9215
12.60300 1240.07 33.9618
12.60600 1246.56 34.5238
12.60900 1254.41 34.6896
12.61200 1263.68 35.0285
12.61500 1274.44 35.1581
12.61800 1286.75 34.0601
12.62100 1300.64 34.9428
12.62400 1316.11 35.6688
12.62700 1333.18 36.1315
12.63000 1351.82 36.8856
12.63300 1371.98 35.9675
12.63600 1393.63 36.8605
12.63900 1416.67 36.8105
12.64200 1441.03 36.8605
12.64500 1466.62 37.4241
12.64800 1493.35 37.3979
12.65100 1521.16 38.9841
12.65400 1550.02 39.0137
12.65700 1579.89 38.3482
12.66000 1610.78 38.9545
12.66300 1642.67 38.6622
12.66600 1675.54 40.5554
12.66900 1709.34 38.6334
12.67200 1744 39.4362
12.67500 1779.42 41.0997
12.67800 1815.49 40.0963
12.68100 1852.03 40.1934
12.68400 1888.86 41.8854
12.68700 1925.75 41.0305
12.69000 1962.41 42.3714
12.69300 1998.51 41.7756
12.69600 2033.68 43.7688
12.69900 2067.48 42.8353
12.70200 2099.45 42.9537
12.70500 2129.1 43.8108
12.70800 2155.93 42.9934
12.71100 2179.43 44.2807
12.71400 2199.16 44.7214
12.71700 2214.69 44.2374
12.72000 2225.73 44.8561
12.72300 2232.04 45.0377
12.72600 2233.54 45.0835
12.72900 2230.23 44.4116
12.73200 2222.27 44.9921
12.73500 2209.89 45.3609
12.73800 2193.41 45.2679
12.74100 2173.21 46.1266
12.74400 2149.7 44.8561
12.74700 2123.29 44.9921
12.75000 2094.38 44.6767
12.75300 2063.33 43.2742
12.75600 2030.46 42.6014
12.75900 1996.04 42.2577
12.76200 1960.31 41.4513
12.76500 1923.47 41.2744
12.76800 1885.7 40.757
12.77100 1847.19 41.7392
12.77400 1808.16 40.4226
12.77700 1768.83 39.2837
12.78000 1729.49 39.1931
12.78300 1690.42 38.6334
12.78600 1651.92 38.3201
12.78900 1614.31 37.9595
12.79200 1577.85 37.8506
12.79500 1542.78 38.0143
12.79800 1509.33 36.5636
12.80100 1477.64 36.3216
12.80400 1447.86 36.9358
12.80700 1420.05 35.6462
12.81000 1394.28 35.5559
12.81300 1370.57 35.2017
12.81600 1348.89 35.4663
12.81900 1329.21 34.9856
12.82200 1311.48 33.8255
12.82500 1295.62 34.5238
12.82800 1281.53 34.1993
12.83100 1269.1 33.8062
12.83400 1258.22 34.0404
12.83700 1248.77 33.6718
12.84000 1240.61 33.4263
12.84300 1233.62 34.1593
12.84600 1227.67 34.9428
12.84900 1222.62 33.445
12.85200 1218.35 32.721
12.85500 1214.73 33.9618
12.85800 1211.64 33.6909
12.86100 1208.97 33.4825
12.86400 1206.61 33.445
12.86700 1204.45 33.3704
12.87000 1202.4 33.5957
12.87300 1200.39 33.2779
12.87600 1198.34 34.0601
12.87900 1196.22 32.9511
12.88200 1193.98 34.1394
12.88500 1191.62 34.0799
12.88800 1189.13 32.3762
12.89100 1186.52 32.8266
12.89400 1183.83 33.0771
12.89700 1181.07 32.4785
12.90000 1178.28 33.7292
12.90300 1175.49 33.389
12.90600 1172.73 33.4077
12.90900 1170.02 32.8798
12.91200 1167.39 32.8976
12.91500 1164.86 33.3148
12.91800 1162.44 32.8798
12.92100 1160.15 32.1081
12.92400 1158 32.5645
12.92700 1156 33.4637
12.93000 1154.16 32.2917
12.93300 1152.47 32.4614
12.93600 1150.95 32.7561
12.93900 1149.58 33.0049
12.94200 1148.38 32.0421
12.94500 1147.32 32.9154
12.94800 1146.41 32.6338
12.95100 1145.64 33.3148
12.95400 1145.01 32.8443
12.95700 1144.51 32.5472
12.96000 1144.13 33.2228
12.96300 1143.86 31.895
12.96600 1143.7 32.3762
12.96900 1143.65 32.1745
12.97200 1143.69 32.3762
12.97500 1143.82 33.4077
12.97800 1144.04 32.3592
12.98100 1144.34 33.0229
12.98400 1144.73 33.1679
12.98700 1145.19 31.8142
12.99000 1145.73 32.969
12.99300 1146.34 32.5472
12.99600 1147.03 33.4263
12.99900 1147.79 32.5128
13.00200 1148.62 31.9438
13.00500 1149.52 32.8266
13.00800 1150.5 31.6386
13.01100 1151.56 31.6703
13.01400 1152.69 32.7385
13.01700 1153.9 32.1745
13.02000 1155.19 32.8798
13.02300 1156.57 32.2078
13.02600 1158.03 32.6512
13.02900 1159.57 32.4102
13.03200 1161.21 32.7913
13.03500 1162.94 32.9154
13.03800 1164.77 32.3085
13.04100 1166.71 33.3148
13.04400 1168.75 32.987
13.04700 1170.9 33.0409
13.05000 1173.16 33.5957
13.05300 1175.55 33.2228
13.05600 1178.07 32.2078
13.05900 1180.72 33.2411
13.06200 1183.51 33.6527
13.06500 1186.44 34.0601
13.06800 1189.53 33.4637
13.07100 1192.79 33.9422
13.07400 1196.21 33.8255
13.07700 1199.82 32.5991
13.08000 1203.62 32.9154
13.08300 1207.62 33.5957
13.08600 1211.84 34.4214
13.08900 1216.29 33.8062
13.09200 1220.98 33.4637
13.09500 1225.94 33.6909
13.09800 1231.18 33.9422
13.10100 1236.71 34.7524
13.10400 1242.58 34.7314
13.10700 1248.8 35.007
13.11000 1255.41 34.3199
13.11300 1262.45 34.9642
13.11600 1269.95 34.9428
13.11900 1277.99 35.3112
13.12200 1286.61 35.2235
13.12500 1295.91 36.5392
13.12800 1305.96 36.2262
13.13100 1316.89 35.9908
13.13400 1328.83 36.3696
13.13700 1341.94 36.6864
13.14000 1356.42 37.4241
13.14300 1372.5 36.9863
13.14600 1390.46 37.9322
13.14900 1410.63 37.9322
13.15200 1433.4 39.3141
13.15500 1459.21 39.5904
13.15800 1488.6 40
13.16100 1522.16 40.4226
13.16400 1560.58 42.0331
13.16700 1604.63 43.3555
13.17000 1655.18 42.6401
13.17300 1713.17 43.9799
13.17600 1779.64 44.4994
13.17900 1855.71 46.0287
13.18200 1942.55 45.3609
13.18500 2041.4 47.1405
13.18800 2153.51 47.8913
13.19100 2280.16 48.9702
13.19400 2422.58 51.2316
13.19700 2581.93 51.6398
13.20000 2759.29 53.3761
13.20300 2955.58 54.7176
13.20600 3171.51 55.9017
13.20900 3407.56 57.735
13.21200 3663.91 59.2349
13.21500 3940.4 62.8695
13.21800 4236.49 62.7456
13.22100 4551.17 64.5497
13.22400 4882.99 67.42
13.22700 5229.98 69.1714
13.23000 5589.59 72.7393
13.23300 5958.7 74.7435
13.23600 6333.58 76.6965
13.23900 6709.82 79.0569
13.24200 7082.36 81.1107
13.24500 7445.47 84.5154
13.24800 7792.79 85.4358
13.25100 8117.42 89.8027
13.25400 8412.07 93.2505
13.25700 8669.36 93.6586
13.26000 8882.14 96.6736
13.26300 9043.96 97.1286
13.26600 9149.57 98.0581
13.26900 9195.36 100
13.27200 9179.71 101.535
13.27500 9103.17 102.598
13.27800 8968.4 102.062
13.28100 8779.87 100.504
13.28400 8543.52 100.504
13.28700 8266.21 98.0581
13.29000 7955.27 94.0721
13.29300 7618.07 93.2505
13.29600 7261.73 91.2871
13.29900 6892.91 86.0663
13.30200 6517.65 83.9181
13.30500 6141.35 80.8452
13.30800 5768.72 76.9231
13.31100 5403.83 71.9816
13.31400 5050.09 70.8881
13.31700 4710.32 67.8844
13.32000 4386.76 64.6846
13.32300 4081.13 61.5457
13.32600 3794.64 60.1929
13.32900 3528.03 57.8315
13.33200 3281.67 53.7603
13.33500 3055.51 52.3424
13.33800 2849.23 51.0976
13.34100 2662.22 49.6292
13.34400 2493.63 47.8365
13.34700 2342.49 45.1294
13.35000 2207.65 44.7214
13.35300 2087.9 43.3555
13.35600 1982.01 42.796
13.35900 1888.69 41.6667
13.36200 1806.7 40.2585
13.36500 1734.85 40.6894
13.36800 1671.98 38.6334
13.37100 1617.02 38.4331
13.37400 1568.99 38.0418
13.37700 1526.98 36.6618
13.38000 1490.19 36.7607
13.38300 1457.89 36.1551
13.38600 1429.46 35.6688
13.38900 1404.33 34.5651
13.39200 1382.03 34.7105
13.39500 1362.15 34.9002
13.39800 1344.33 34.1196
13.40100 1328.29 33.0409
13.40400 1313.77 33.8062
13.40700 1300.56 33.9422
13.41000 1288.51 33.3333
13.41300 1277.45 32.4614
13.41600 1267.29 32.8976
13.41900 1257.91 33.2228
13.42200 1249.25 33.2595
13.42500 1241.23 32.0256
13.42800 1233.81 31.9765
13.43100 1226.92 32.3423
13.43400 1220.55 32.1911
13.43700 1214.64 31.607
13.44000 1209.17 31.4503
13.44300 1204.12 32.2749
13.44600 1199.45 32.2917
13.44900 1195.14 31.4658
13.45200 1191.18 32.1745
13.45500 1187.52 32.6164
13.45800 1184.16 31.2348
13.46100 1181.06 31.7021
13.46400 1178.19 30.8901
13.46700 1175.54 32.1246
13.47000 1173.06 32.1745
13.47300 1170.74 32.4443
13.47600 1168.53 32.0256
13.47900 1166.41 31.6544
13.48200 1164.35 31.9928
13.48500 1162.3 32.0421
13.48800 1160.23 31.9275
13.49100 1158.12 31.8788
13.49400 1155.92 32.4102
13.49700 1153.62 31.9438
13.50000 1151.19 31.3112
13.50300 1148.6 31.3574
13.50600 1145.86 31.9765
13.50900 1142.95 32.1246
13.51200 1139.88 31.8465
13.51500 1136.65 31.4503
13.51800 1133.3 31.6386
13.52100 1129.83 31.3574
13.52400 1126.29 32.2245
13.52700 1122.7 32.2581
13.53000 1119.1 30.7875
13.53300 1115.51 31.8142
13.53600 1111.97 31.734
13.53900 1108.51 31.1136
13.54200 1105.14 30.7875
13.54500 1101.9 31.4503
13.54800 1098.8 30.5852
13.55100 1095.84 30.5852
13.55400 1093.05 31.3882
13.55700 1090.43 30.5995
13.56000 1087.97 31.1437
13.56300 1085.67 31.0685
13.56600 1083.52 30.846
13.56900 1081.5 30.303
13.57200 1079.61 29.9342
13.57500 1077.81 31.5283
13.57800 1076.07 30.8021
13.58100 1074.36 30.3309
13.58400 1072.66 30.4997
13.58700 1070.92 30.9789
13.59000 1069.12 30.2752
13.59300 1067.24 30.846
13.59600 1065.26 30.0421
13.59900 1063.17 30.3869
13.60200 1060.98 30.5852
13.60500 1058.71 30.2891
13.60800 1056.37 30.9344
13.61100 1053.99 30.5424
13.61400 1051.59 30.6426
13.61700 1049.2 30.5852
13.62000 1046.84 31.1286
13.62300 1044.54 30.0557
13.62600 1042.29 30.4855
13.62900 1040.14 30.5995
13.63200 1038.08 29.9342
13.63500 1036.13 30.9789
13.63800 1034.29 29.7482
13.64100 1032.57 30.3309
13.64400 1030.99 31.0385
13.64700 1029.53 29.6435
13.65000 1028.22 30.303
13.65300 1027.04 30.0421
13.65600 1026 29.9476
13.65900 1025.11 30.0421
13.66200 1024.36 30.2061
13.66500 1023.77 30.2337
13.66800 1023.33 30.7583
13.67100 1023.06 30.1923
13.67400 1022.97 29.6565
13.67700 1023.09 30.0828
13.68000 1023.45 30.0421
13.68300 1024.08 29.1979
13.68600 1025.06 30.7875
13.68900 1026.48 30.5852
13.69200 1028.44 30.5566
13.69500 1031.08 30.5995
13.69800 1034.56 30.9049
13.70100 1039.08 30.2061
13.70400 1044.83 31.1286
13.70700 1051.99 30.2199
13.71000 1060.71 29.8941
13.71300 1071.08 31.25
13.71600 1083.1 31.2195
13.71900 1096.63 31.0985
13.72200 1111.39 31.0385
13.72500 1126.9 32.075
13.72800 1142.49 32.6512
13.73100 1157.26 32.2581
13.73400 1170.12 32.4443
13.73700 1179.85 32.1412
13.74000 1185.32 32.6686
13.74300 1185.72 32.7737
13.74600 1180.87 32.5472
13.74900 1171.27 32.9154
13.75200 1157.91 31.8142
13.75500 1142.04 31.5127
13.75800 1124.84 31.2348
13.76100 1107.35 30.8021
13.76400 1090.38 31.5127
13.76700 1074.49 30.6138
13.77000 1060.07 30.4714
13.77300 1047.33 30.4997
13.77600 1036.32 30.5424
13.77900 1027 31.0685
13.78200 1019.23 29.5269
13.78500 1012.83 30.0965
13.78800 1007.59 28.5365
13.79100 1003.32 30.846
13.79400 999.822 30.3728
13.79700 996.93 29.9476
13.80000 994.509 29.1358
13.80300 992.448 30.0285
13.80600 990.663 29.4884
13.80900 989.091 29.5915
13.81200 987.684 29.3991
13.81500 986.407 30.0421
13.81800 985.236 29.9342
13.82100 984.151 29.0129
13.82400 983.138 29.3864
13.82700 982.187 30.1786
13.83000 981.289 30.0015
13.83300 980.436 29.8142
13.83600 979.625 29.3737
13.83900 978.847 29.9611
13.84200 978.101 29.8807
13.84500 977.382 29.9611
13.84800 976.687 29.9208
13.85100 976.015 29.8142
13.85400 975.362 30.5566
13.85700 974.726 29.5269
13.86000 974.107 29.0007
13.86300 973.503 29.9208
13.86600 972.912 29.8541
13.86900 972.334 29.4884
13.87200 971.768 29.4245
13.87500 971.213 30.4997
13.87800 970.668 29.5527
13.88100 970.133 29.5527
13.88400 969.608 30.2752
13.88700 969.091 30.2199
13.89000 968.583 29.8807
13.89300 968.082 29.4372
13.89600 967.59 29.7351
13.89900 967.106 29.801
13.90200 966.629 29.8541
13.90500 966.159 29.361
13.90800 965.696 29.3864
13.91100 965.24 28.94
13.91400 964.791 29.7614
13.91700 964.349 28.6417
13.92000 963.913 29.3737
13.92300 963.484 28.8795
13.92600 963.062 29.9074
13.92900 962.646 29.1482
13.93200 962.237 29.4628
13.93500 961.835 30.2061
13.93800 961.44 29.8408
13.94100 961.051 30.2337
13.94400 960.669 29.2228
13.94700 960.294 29.7351
13.95000 959.927 29.4628
13.95300 959.566 30.4714
13.95600 959.214 29.8941
13.95900 958.869 29.801
13.96200 958.532 28.2054
13.96500 958.204 28.4901
13.96800 957.885 25.4493
13.97100 957.575 27.1463
13.97400 957.274 27.929
13.97700 956.984 28.3296
13.98000 956.704 28.9521
13.98300 956.437 28.341
13.98600 956.182 28.4325
13.98900 955.94 27.9399
13.99200 955.714 27.6924
13.99500 955.505 28.0276
13.99800 955.315 29.4372
14.00100 955.147 29.0865
14.00400 955.003 29.0496
14.00700 954.889 28.5831
14.01000 954.809 28.6534
14.01300 954.768 28.8795
14.01600 954.776 29.0129
14.01900 954.841 28.7599
14.02200 954.974 28.2054
14.02500 955.188 28.6417
14.02800 955.5 29.0496
14.03100 955.927 28.6888
14.03400 956.492 29.173
14.03700 957.218 29.1854
14.04000 958.133 29.361
14.04300 959.268 28.8315
14.04600 960.655 28.9521
14.04900 962.33 28.7599
14.05200 964.329 29.6695
14.05500 966.69 30.6138
14.05800 969.45 29.3484
14.06100 972.644 29.6957
14.06400 976.304 29.2854
14.06700 980.456 29.5527
14.07000 985.121 29.988
14.07300 990.309 29.7219
14.07600 996.02 29.7219
14.07900 1002.24 29.2478
14.08200 1008.95 29.0496
14.08500 1016.1 29.3105
14.08800 1023.62 29.8408
14.09100 1031.45 30.2337
14.09400 1039.48 30.5281
14.09700 1047.6 30.7293
14.10000 1055.64 30.303
14.10300 1063.46 30.0015
14.10600 1070.85 30.8901
14.10900 1077.62 31.1136
14.11200 1083.56 30.8167
14.11500 1088.44 31.3112
14.11800 1092.08 31.4192
14.12100 1094.31 31.2959
14.12400 1095.05 31.8304
14.12700 1094.25 30.7293
14.13000 1091.97 30.5709
14.13300 1088.3 31.0985
14.13600 1083.43 31.0087
14.13900 1077.54 31.174
14.14200 1070.87 30.5424
14.14500 1063.63 31.8304
14.14800 1056.03 30.429
14.15100 1048.27 30.2891
14.15400 1040.52 30.7438
14.15700 1032.92 30.2614
14.16000 1025.61 30.4997
14.16300 1018.67 30.0015
14.16600 1012.19 31.0385
14.16900 1006.22 29.8807
14.17200 1000.81 29.9476
14.17500 995.97 30.1511
14.17800 991.714 29.4118
14.18100 988.028 29.801
14.18400 984.891 29.7746
14.18700 982.27 29.3864
14.19000 980.123 29.4628
14.19300 978.4 29.2979
14.19600 977.047 29.4884
14.19900 976.004 29.2478
14.20200 975.211 29.2228
14.20500 974.605 29.8275
14.20800 974.124 29.4628
14.21100 973.708 29.6957
14.21400 973.301 29.0496
14.21700 972.85 29.3991
14.22000 972.311 29.7088
14.22300 971.647 29.8807
14.22600 970.828 30.1238
14.22900 969.838 29.4245
14.23200 968.666 29.1235
14.23500 967.314 29.2478
14.23800 965.788 29.3737
14.24100 964.104 29.1979
14.24400 962.28 29.7614
14.24700 960.338 29.9745
14.25000 958.3 29.0865
14.25300 956.191 28.9037
14.25600 954.034 28.7242
14.25900 951.849 29.2228
14.26200 949.657 28.94
14.26500 947.476 28.1161
14.26800 945.322 29.0374
14.27100 943.208 28.9642
14.27400 941.146 28.5714
14.27700 939.148 28.5714
14.28000 937.221 28.1383
14.28300 935.372 29.1854
14.28600 933.606 29.1854
14.28900 931.926 28.444
14.29200 930.334 28.3752
14.29500 928.832 28.8916
14.29800 927.418 28.7956
14.30100 926.092 28.6065
14.30400 924.851 27.8747
14.30700 923.691 28.6299
14.31000 922.61 28.5948
14.31300 921.603 28.1383
14.31600 920.666 28.5481
14.31900 919.793 28.444
14.32200 918.98 27.9073
14.32500 918.224 28.467
14.32800 917.52 28.3752
14.33100 916.862 28.3183
14.33400 916.247 28.1942
14.33700 915.67 28.3981
14.34000 915.128 27.5137
14.34300 914.618 27.8856
14.34600 914.135 28.3752
14.34900 913.679 29.1358
14.35200 913.245 28.4325
14.35500 912.833 28.1161
14.35800 912.44 27.8856
14.36100 912.065 28.2054
14.36400 911.707 28.1161
14.36700 911.366 28.2843
14.37000 911.04 27.7671
14.37300 910.73 28.7124
14.37600 910.436 28.3296
14.37900 910.157 28.3183
14.38200 909.896 28.4555
14.38500 909.653 28.6534
14.38800 909.428 27.4825
14.39100 909.225 28.105
14.39400 909.044 28.4786
14.39700 908.889 28.3981
14.40000 908.76 28.3524
14.40300 908.663 28.4095
14.40600 908.598 28.0496
14.40900 908.57 27.4618
14.41200 908.583 28.2504
14.41500 908.64 27.5554
14.41800 908.746 27.6501
14.42100 908.904 26.6406
14.42400 909.119 28.8195
14.42700 909.394 28.3069
14.43000 909.735 27.6606
14.43300 910.145 28.0496
14.43600 910.627 28.2843
14.43900 911.185 27.8964
14.44200 911.822 27.8207
14.44500 912.54 28.3866
14.44800 913.339 28.183
14.45100 914.221 27.9837
14.45400 915.185 28.273
14.45700 916.229 28.1606
14.46000 917.351 28.7718
14.46300 918.547 27.6184
14.46600 919.811 28.2617
14.46900 921.137 28.677
14.47200 922.516 27.9946
14.47500 923.939 28.7124
14.47800 925.393 27.5659
14.48100 926.865 27.1463
14.48400 928.341 28.3069
14.48700 929.802 28.467
14.49000 931.231 28.4555
14.49300 932.608 28.1383
14.49600 933.91 28.5714
14.49900 935.119 27.8747
14.50200 936.212 28.8435
14.50500 937.171 28.4325
14.50800 937.981 28.105
14.51100 938.629 27.9946
14.51400 939.108 28.6065
14.51700 939.416 27.8531
14.52000 939.559 28.341
14.52300 939.546 28.0939
14.52600 939.39 27.8207
14.52900 939.109 28.1495
14.53200 938.724 27.929
14.53500 938.253 28.5133
14.53800 937.718 27.257
14.54100 937.138 28.2617
14.54400 936.528 27.929
14.54700 935.905 28.3752
14.55000 935.279 27.8207
14.55300 934.661 27.9837
14.55600 934.056 27.7457
14.55900 933.467 27.9073
14.56200 932.898 27.5869
14.56500 932.347 28.3981
14.56800 931.811 27.6924
14.57100 931.287 28.3866
14.57400 930.769 27.5659
14.57700 930.25 28.421
14.58000 929.723 28.3524
14.58300 929.178 27.9618
14.58600 928.607 27.8315
14.58900 928 27.4204
14.59200 927.347 28.183
14.59500 926.639 27.8315
14.59800 925.867 27.9837
14.60100 925.024 27.7457
14.60400 924.105 28.1161
14.60700 923.107 28.5598
14.61000 922.03 27.8423
14.61300 920.877 28.2843
14.61600 919.653 27.9182
14.61900 918.366 27.8315
14.62200 917.026 27.3588
14.62500 915.644 27.9946
14.62800 914.232 28.0276
14.63100 912.803 28.0828
14.63400 911.367 27.8639
14.63700 909.937 28.105
14.64000 908.523 27.3998
14.64300 907.135 27.3998
14.64600 905.782 27.81
14.64900 904.472 26.9778
14.65200 903.212 27.8747
14.65500 902.009 27.9837
14.65800 900.869 27.6818
14.66100 899.795 27.3896
14.66400 898.793 27.8315
14.66700 897.867 27.8639
14.67000 897.019 27.1964
14.67300 896.253 26.7071
14.67600 895.573 28.0056
14.67900 894.982 27.8423
14.68200 894.482 27.81
14.68500 894.08 27.6712
14.68800 893.78 27.3383
14.69100 893.588 27.6924
14.69400 893.513 27.6289
14.69700 893.565 27.5241
14.70000 893.756 27.9837
14.70300 894.101 26.9191
14.70600 894.619 28.2504
14.70900 895.331 26.8414
14.71200 896.263 27.9399
14.71500 897.443 28.9037
14.71800 898.906 28.0056
14.72100 900.688 28.4786
14.72400 902.829 28.5481
14.72700 905.373 28.0166
14.73000 908.365 28.4095
14.73300 911.851 28.5365
14.73600 915.877 27.545
14.73900 920.486 27.9946
14.74200 925.719 28.94
14.74500 931.608 28.4555
14.74800 938.178 28.0607
14.75100 945.446 28.5481
14.75400 953.411 28.1606
14.75700 962.062 28.8195
14.76000 971.367 28.9278
14.76300 981.278 28.5948
14.76600 991.725 29.0742
14.76900 1002.62 29.7878
14.77200 1013.83 30.1374
14.77500 1025.23 30.4431
14.77800 1036.64 29.5141
14.78100 1047.87 30.2061
14.78400 1058.7 29.7351
14.78700 1068.9 30.5139
14.79000 1078.22 29.3231
14.79300 1086.44 31.1891
14.79600 1093.36 30.7148
14.79900 1098.85 30.5139
14.80200 1102.84 31.9113
14.80500 1105.33 31.8142
14.80800 1106.42 31.3882
14.81100 1106.26 31.8626
14.81400 1105.04 31.7021
14.81700 1103 31.544
14.82000 1100.33 31.0535
14.82300 1097.26 30.4714
14.82600 1093.97 31.4503
14.82900 1090.62 31.0985
14.83200 1087.33 30.2475
14.83500 1084.22 30.8167
14.83800 1081.34 30.5139
14.84100 1078.74 29.1235
14.84400 1076.45 30.657
14.84700 1074.46 30.3309
14.85000 1072.75 29.6045
14.85300 1071.28 30.429
14.85600 1070 30.0421
14.85900 1068.83 29.8674
14.86200 1067.72 29.9611
14.86500 1066.58 29.6435
14.86800 1065.33 29.7088
14.87100 1063.92 30.4431
14.87400 1062.27 29.9342
14.87700 1060.34 30.0557
14.88000 1058.09 30.5424
14.88300 1055.5 29.8408
14.88600 1052.55 30.1923
14.88900 1049.25 29.6957
14.89200 1045.61 29.7746
14.89500 1041.66 30.429
14.89800 1037.44 29.0129
14.90100 1032.98 29.7746
14.90400 1028.32 29.0865
14.90700 1023.51 29.4628
14.91000 1018.6 29.0252
14.91300 1013.63 28.8795
14.91600 1008.65 29.6695
14.91900 1003.68 28.105
14.92200 998.78 29.361
14.92500 993.967 29.8142
14.92800 989.272 28.341
14.93100 984.715 29.5141
14.93400 980.314 28.9521
14.93700 976.082 28.0496
14.94000 972.024 28.0496
14.94300 968.143 27.6818
14.94600 964.436 28.7006
14.94900 960.894 28.105
14.95200 957.503 28.183
14.95500 954.246 28.2279
14.95800 951.1 27.8856
14.96100 948.042 28.5249
14.96400 945.046 27.8207
14.96700 942.086 27.8423
14.97000 939.14 28.0166
14.97300 936.187 27.0567
14.97600 933.213 28.2617
14.97900 930.207 27.1763
14.98200 927.168 27.7992
14.98500 924.098 27.6924
14.98800 921.004 27.5764
14.99100 917.899 28.2166
14.99400 914.796 27.6079
14.99700 911.708 28.1606
15.00000 908.652 28.5831
15.00300 905.642 26.9876
15.00600 902.688 27.9182
15.00900 899.803 27.2874
15.01200 896.995 27.4618
15.01500 894.273 27.8639
15.01800 891.641 26.774
15.02100 889.105 27.3485
15.02400 886.668 27.5869
15.02700 884.332 27.4929
15.03000 882.098 27.1063
15.03300 879.966 26.9386
15.03600 877.936 27.4721
15.03900 876.006 27.5659
15.04200 874.174 27.4514
15.04500 872.438 26.968
15.04800 870.794 27.4618
15.05100 869.24 27.8423
15.05400 867.771 27.257
15.05700 866.385 26.7261
15.06000 865.077 26.8414
15.06300 863.844 26.2976
15.06600 862.682 26.2522
15.06900 861.589 26.9386
15.07200 860.563 26.9386
15.07500 859.602 26.8414
15.07800 858.705 26.3249
15.08100 857.875 26.1443
15.08400 857.112 26.9484
15.08700 856.421 26.9191
15.09000 855.805 27.0666
15.09300 855.273 26.8802
15.09600 854.832 26.9484
15.09900 854.49 26.7357
15.10200 854.259 27.2772
15.10500 854.146 26.5653
15.10800 854.163 26.6975
15.11100 854.316 26.9582
15.11400 854.612 27.369
15.11700 855.052 27.1463
15.12000 855.635 27.3077
15.12300 856.352 27.3793
15.12600 857.19 26.9386
15.12900 858.128 26.9582
15.13200 859.135 27.1463
15.13500 860.174 27.0567
15.13800 861.196 26.9876
15.14100 862.146 27.0964
15.14400 862.958 27.0964
15.14700 863.562 27.3998
15.15000 863.89 27.0964
15.15300 863.885 27.1563
15.15600 863.512 27.0567
15.15900 862.763 27.0567
15.16200 861.658 27.4929
15.16500 860.244 27.8531
15.16800 858.585 27.0369
15.17100 856.749 27.4101
15.17400 854.804 27.0468
15.17700 852.812 27.0172
15.18000 850.823 26.9778
15.18300 848.881 26.9289
15.18600 847.019 26.7644
15.18900 845.261 26.4258
15.19200 843.624 26.1176
15.19500 842.118 26.6501
15.19800 840.748 26.1176
15.20100 839.511 26.7548
15.20400 838.403 26.4999
15.20700 837.416 26.0378
15.21000 836.538 26.0732
15.21300 835.759 26.5279
15.21600 835.066 26.8221
15.21900 834.447 26.2885
15.22200 833.891 26.4258
15.22500 833.389 26.2251
15.22800 832.931 25.985
15.23100 832.509 26.2703
15.23400 832.117 27.1263
15.23700 831.75 26.8511
15.24000 831.404 27.2468
15.24300 831.075 26.4999
15.24600 830.761 26.9191
15.24900 830.46 26.669
15.25200 830.17 26.6217
15.25500 829.89 26.1712
15.25800 829.62 26.2522
15.26100 829.359 26.4351
15.26400 829.107 26.6975
15.26700 828.864 26.688
15.27000 828.629 26.6975
15.27300 828.404 27.2468
15.27600 828.187 27.0172
15.27900 827.98 26.0378
15.28200 827.783 26.8221
15.28500 827.596 26.5372
15.28800 827.421 25.3755
15.29100 827.256 26.9778
15.29400 827.104 26.6123
15.29700 826.964 26.1802
15.30000 826.838 26.334
15.30300 826.726 25.7087
15.30600 826.63 26.5466
15.30900 826.549 27.0172
15.31200 826.486 26.9975
15.31500 826.441 25.5739
15.31800 826.416 26.3523
15.32100 826.41 26.9876
15.32400 826.425 26.8221
15.32700 826.463 26.8414
15.33000 826.524 26.774
15.33300 826.61 26.8124
15.33600 826.721 27.1763
15.33900 826.858 26.968
15.34200 827.022 27.1063
15.34500 827.214 26.7357
15.34800 827.435 26.4258
15.35100 827.685 26.8802
15.35400 827.964 26.8899
15.35700 828.274 26.669
15.36000 828.614 25.8199
15.36300 828.985 27.2266
15.36600 829.386 26.7166
15.36900 829.817 26.3615
15.37200 830.277 26.9876
15.37500 830.767 26.6501
15.37800 831.285 26.5186
15.38100 831.829 26.5372
15.38400 832.399 26.6406
15.38700 832.992 26.4351
15.39000 833.608 25.6833
15.39300 834.243 25.9325
15.39600 834.896 26.9386
15.39900 835.563 26.9093
15.40200 836.241 26.4258
15.40500 836.928 26.8511
15.40800 837.619 26.7261
15.41100 838.312 26.6501
15.41400 839.002 26.5093
15.41700 839.685 26.7452
15.42000 840.358 26.7357
15.42300 841.017 27.2671
15.42600 841.657 26.8317
15.42900 842.275 26.4166
15.43200 842.867 26.6501
15.43500 843.429 26.9289
15.43800 843.958 26.3158
15.44100 844.449 26.7932
15.44400 844.9 26.7261
15.44700 845.305 27.2266
15.45000 845.663 26.7071
15.45300 845.968 26.669
15.45600 846.219 27.1864
15.45900 846.41 26.7166
15.46200 846.537 27.2874
15.46500 846.597 25.2458
15.46800 846.586 26.9093
15.47100 846.507 26.6596
15.47400 846.363 26.6123
15.47700 846.147 26.2251
15.48000 845.858 26.9975
15.48300 845.497 26.5372
15.48600 845.066 27.2468
15.48900 844.565 26.9876
15.49200 843.996 26.9093
15.49500 843.364 27.2976
15.49800 842.67 26.5093
15.50100 841.92 26.5935
15.50400 841.117 26.6217
15.50700 840.267 26.4628
15.51000 839.374 27.9073
15.51300 838.444 26.3067
15.51600 837.483 26.8899
15.51900 836.496 26.2251
15.52200 835.491 26.4721
15.52500 834.471 26.774
15.52800 833.443 26.8705
15.53100 832.413 26.3798
15.53400 831.385 26.6217
15.53700 830.366 26.9876
15.54000 829.358 26.4351
15.54300 828.368 26.2251
15.54600 827.399 27.0369
15.54900 826.455 26.4443
15.55200 825.541 25.8199
15.55500 824.659 26.6501
15.55800 823.815 27.1563
15.56100 823.011 26.8705
15.56400 822.251 26.5653
15.56700 821.538 27.027
15.57000 820.876 26.0201
15.57300 820.267 26.2794
15.57600 819.715 26.5372
15.57900 819.222 25.9675
15.58200 818.791 26.3798
15.58500 818.425 26.3706
15.58800 818.125 26.1533
15.59100 817.893 26.9582
15.59400 817.732 26.8802
15.59700 817.64 27.1763
15.60000 817.618 26.1891
15.60300 817.666 26.3615
15.60600 817.782 26.8511
15.60900 817.963 25.4493
15.61200 818.207 26.0378
15.61500 818.508 26.5841
15.61800 818.861 25.95
15.62100 819.259 26.3523
15.62400 819.695 26.9778
15.62700 820.158 26.2522
15.63000 820.638 26.3706
15.63300 821.124 26.7357
15.63600 821.602 26.0643
15.63900 822.058 25.8199
15.64200 822.477 26.3982
15.64500 822.845 26.7932
15.64800 823.147 26.2432
15.65100 823.372 26.5935
15.65400 823.509 26.6975
15.65700 823.554 26.9876
15.66000 823.505 26.2522
15.66300 823.369 26.7548
15.66600 823.154 27.4929
15.66900 822.876 27.0468
15.67200 822.555 26.968
15.67500 822.215 26.6975
15.67800 821.879 26.3158
15.68100 821.575 25.6917
15.68400 821.329 27.1563
15.68700 821.166 26.2432
15.69000 821.113 26.6406
15.69300 821.193 26.4721
15.69600 821.428 26.9191
15.69900 821.841 25.8803
15.70200 822.449 26.5372
15.70500 823.27 26.5466
15.70800 824.319 25.6495
15.71100 825.605 26.6406
15.71400 827.14 25.4989
15.71700 828.926 26.8511
15.72000 830.966 26.9386
15.72300 833.258 26.6785
15.72600 835.793 27.1363
15.72900 838.562 26.8317
15.73200 841.547 27.2065
15.73500 844.729 26.7644
15.73800 848.085 25.3918
15.74100 851.581 27.0073
15.74400 855.181 26.5279
15.74700 858.843 27.5241
15.75000 862.518 27.0666
15.75300 866.153 27.0567
15.75600 869.689 26.8317
15.75900 873.062 26.6029
15.76200 876.203 27.7671
15.76500 879.043 27.7457
15.76800 881.512 26.9975
15.77100 883.543 27.1363
15.77400 885.077 27.4307
15.77700 886.066 27.0666
15.78000 886.478 26.9975
15.78300 886.297 27.2266
15.78600 885.528 27.4825
15.78900 884.193 27.1563
15.79200 882.332 27.6712
15.79500 879.999 26.6312
15.79800 877.254 27.3179
15.80100 874.167 27.4721
15.80400 870.808 27.0468
15.80700 867.244 28.444
15.81000 863.541 26.8124
15.81300 859.76 27.2874
15.81600 855.955 27.5869
15.81900 852.176 27.0864
15.82200 848.463 26.5093
15.82500 844.855 26.7357
15.82800 841.382 26.4906
15.83100 838.069 27.1163
15.83400 834.937 27.0468
15.83700 831.998 27.2065
15.84000 829.265 26.8899
15.84300 826.741 26.4535
15.84600 824.429 26.3432
15.84900 822.325 26.5093
15.85200 820.425 26.4628
15.85500 818.718 26.4074
15.85800 817.194 26.5186
15.86100 815.837 26.2161
15.86400 814.634 26.3615
15.86700 813.565 26.5747
15.87000 812.614 26.8511
15.87300 811.762 26.8511
15.87600 810.99 26.7452
15.87900 810.28 27.4101
15.88200 809.614 26.4258
15.88500 808.977 26.9975
15.88800 808.354 26.3982
15.89100 807.732 26.4351
15.89400 807.101 26.2885
15.89700 806.453 27.7778
15.90000 805.782 26.3158
15.90300 805.085 25.5822
15.90600 804.36 26.8221
15.90900 803.607 26.2703
15.91200 802.829 25.9938
15.91500 802.027 26.6029
15.91800 801.205 26.1802
15.92100 800.367 26.4258
15.92400 799.518 26.7932
15.92700 798.662 25.95
15.93000 797.804 25.9587
15.93300 796.948 26.7357
15.93600 796.098 26.8124
15.93900 795.259 26.7261
15.94200 794.433 26.0643
15.94500 793.623 25.7172
15.94800 792.834 26.2613
15.95100 792.068 26.7932
15.95400 791.326 26.4814
15.95700 790.612 26.3615
15.96000 789.925 26.2432
15.96300 789.269 26.5935
15.96600 788.644 26.6975
15.96900 788.05 26.0113
15.97200 787.488 26.5093
15.97500 786.959 26.3798
15.97800 786.463 25.7941
15.98100 785.999 26.7071
15.98400 785.567 26.2885
15.98700 785.167 25.4989
15.99000 784.797 25.641
15.99300 784.459 25.8285
15.99600 784.15 26.7166
15.99900 783.869 26.2885
16.00200 783.617 26.7357
16.00500 783.393 26.4628
16.00800 783.194 26.082
16.01100 783.022 26.0555
16.01400 782.875 26.4628
16.01700 782.752 25.9238
16.02000 782.653 25.9064
16.02300 782.578 25.5238
16.02600 782.526 26.1891
16.02900 782.497 26.2071
16.03200 782.491 26.0025
16.03500 782.509 26.0643
16.03800 782.549 26.1712
16.04100 782.613 26.2885
16.04400 782.701 26.0113
16.04700 782.813 25.863
16.05000 782.95 26.2432
16.05300 783.114 26.688
16.05600 783.305 25.8371
16.05900 783.525 25.9675
16.06200 783.774 25.7684
16.06500 784.055 26.1533
16.06800 784.369 26.2885
16.07100 784.719 26.2794
16.07400 785.107 26.4166
16.07700 785.535 26.3249
16.08000 786.007 26.2342
16.08300 786.528 26.2071
16.08600 787.1 26.7452
16.08900 787.73 26.7071
16.09200 788.424 26.5466
16.09500 789.19 27.1563
16.09800 790.037 26.9386
16.10100 790.976 25.8199
16.10400 792.02 25.8457
16.10700 793.186 26.2342
16.11000 794.492 26.1087
16.11300 795.962 26.2976
16.11600 797.623 27.1463
16.11900 799.506 26.1443
16.12200 801.649 26.3432
16.12500 804.096 26.6312
16.12800 806.896 26.7166
16.13100 810.105 26.6406
16.13400 813.786 27.3077
16.13700 818.01 27.1363
16.14000 822.851 26.7836
16.14300 828.393 26.3706
16.14600 834.721 26.7261
16.14900 841.926 26.4535
16.15200 850.096 27.4411
16.15500 859.324 27.0964
16.15800 869.693 28.1272
16.16100 881.282 28.0496
16.16400 894.16 28.6417
16.16700 908.377 28.2843
16.17000 923.97 28.0939
16.17300 940.95 28.5365
16.17600 959.301 28.1161
16.17900 978.978 28.94
16.18200 999.903 29.2603
16.18500 1021.96 29.5012
16.18800 1044.98 29.173
16.19100 1068.78 29.5656
16.19400 1093.09 30.4431
16.19700 1117.63 30.4009
16.20000 1142.04 30.3588
16.20300 1165.93 30.3449
16.20600 1188.83 31.3728
16.20900 1210.25 31.6862
16.21200 1229.67 32.5472
16.21500 1246.53 33.3148
16.21800 1260.32 32.7737
16.22100 1270.57 32.5128
16.22400 1276.9 33.8837
16.22700 1279.06 33.4825
16.23000 1276.98 33.4263
16.23300 1270.74 32.9332
16.23600 1260.62 34.0997
16.23900 1246.96 32.8798
16.24200 1230.26 33.0049
16.24500 1211.03 33.9227
16.24800 1189.81 32.862
16.25100 1167.13 33.2411
16.25400 1143.49 32.3254
16.25700 1119.33 31.766
16.26000 1095.04 31.607
16.26300 1070.98 30.6714
16.26600 1047.44 30.9049
16.26900 1024.65 30.7148
16.27200 1002.82 30.3309
16.27500 982.086 28.8675
16.27800 962.571 29.7878
16.28100 944.347 29.1482
16.28400 927.452 28.7599
16.28700 911.897 27.7992
16.29000 897.667 28.0386
16.29300 884.724 27.3179
16.29600 873.015 27.257
16.29900 862.471 27.929
16.30200 853.016 27.6079
16.30500 844.562 27.1864
16.30800 837.022 26.7452
16.31100 830.305 26.4999
16.31400 824.345 26.3798
16.31700 819.061 26.688
16.32000 814.368 26.7071
16.32300 810.195 26.3249
16.32600 806.481 26.8221
16.32900 803.166 26.4721
16.33200 800.202 26.5279
16.33500 797.543 26.334
16.33800 795.152 25.6158
16.34100 792.997 25.9938
16.34400 791.048 26.3249
16.34700 789.284 25.9938
16.35000 787.685 26.2794
16.35300 786.236 26.4258
16.35600 784.922 26.334
16.35900 783.734 26.4906
16.36200 782.663 26.0025
16.36500 781.702 26.2251
16.36800 780.845 24.8991
16.37100 780.087 25.5238
16.37400 779.425 26.4166
16.37700 778.856 25.8113
16.38000 778.377 26.0998
16.38300 777.986 25.2297
16.38600 777.679 25.7257
16.38900 777.456 25
16.39200 777.313 26.334
16.39500 777.249 26.2161
16.39800 777.258 26.334
16.40100 777.338 25.1816
16.40400 777.485 26.0732
16.40700 777.692 25.1418
16.41000 777.955 25.0943
16.41300 778.264 26.0998
16.41600 778.614 26.7261
16.41900 778.994 25.3347
16.42200 779.395 25.3673
16.42500 779.805 25.1418
16.42800 780.211 26.5279
16.43100 780.6 26.7357
16.43400 780.955 25.9151
16.43700 781.259 25.5072
16.44000 781.493 25.1339
16.44300 781.634 26.1622
16.44600 781.661 26.7644
16.44900 781.551 25.641
16.45200 781.288 26.1265
16.45500 780.855 27.0666
16.45800 780.242 25.777
16.46100 779.447 25.4
16.46400 778.479 25.9064
16.46700 777.351 26.4074
16.47000 776.087 25.5155
16.47300 774.71 25.777
16.47600 773.249 25.278
16.47900 771.73 26.1622
16.48200 770.181 25.4989
16.48500 768.623 25.8457
16.48800 767.078 25.4082
16.49100 765.564 25.6242
16.49400 764.094 25.3104
16.49700 762.681 25.889
16.50000 761.334 25.2699
16.50300 760.06 26.6596
16.50600 758.864 26.1443
16.50900 757.749 25.6158
16.51200 756.715 25.118
16.51500 755.762 25.1498
16.51800 754.889 25.0706
16.52100 754.093 25.7684
16.52400 753.37 25.9412
16.52700 752.716 25.2458
16.53000 752.126 25.0706
16.53300 751.598 25.0864
16.53600 751.124 25.9064
16.53900 750.703 25.9238
16.54200 750.328 25.7855
16.54500 749.997 25.3429
16.54800 749.706 25.9064
16.55100 749.451 24.8759
16.55400 749.23 25.0156
16.55700 749.04 25.1976
16.56000 748.879 25.5072
16.56300 748.744 24.7385
16.56600 748.633 25.5405
16.56900 748.544 25.0706
16.57200 748.475 24.9068
16.57500 748.424 25.4741
16.57800 748.388 25.047
16.58100 748.364 25.8285
16.58400 748.351 25.351
16.58700 748.344 24.9922
16.59000 748.341 25.6579
16.59300 748.338 25.5655
16.59600 748.33 25.2861
16.59900 748.315 25.0549
16.60200 748.286 25.0785
16.60500 748.24 25.6833
16.60800 748.173 24.6857
16.61100 748.081 25.7941
16.61400 747.96 25.2861
16.61700 747.809 25.863
16.62000 747.627 25.2699
16.62300 747.415 25.4
16.62600 747.174 25.5655
16.62900 746.909 25.1498
16.63200 746.623 25.2619
16.63500 746.32 25.351
16.63800 746.006 25.9238
16.64100 745.687 24.1262
16.64400 745.366 25.0156
16.64700 745.05 25.3429
16.65000 744.742 24.6557
16.65300 744.448 25.1816
16.65600 744.172 25.3185
16.65900 743.918 25.1339
16.66200 743.69 25.3429
16.66500 743.491 25.8285
16.66800 743.326 25.8371
16.67100 743.197 25.5488
16.67400 743.109 26.1712
16.67700 743.062 25.1657
16.68000 743.061 25.6158
16.68300 743.107 25.3918
16.68600 743.202 24.9377
16.68900 743.347 25.3266
16.69200 743.542 25.8717
16.69500 743.788 25.4576
16.69800 744.083 25.7428
16.70100 744.425 25.6158
16.70400 744.813 24.961
16.70700 745.242 25.6158
16.71000 745.707 25.777
16.71300 746.203 25.2217
16.71600 746.723 25.3185
16.71900 747.258 25.7087
16.72200 747.799 24.6707
16.72500 748.334 24.93
16.72800 748.851 25.4164
16.73100 749.337 24.6407
16.73400 749.776 25.2699
16.73700 750.154 25.0706
16.74000 750.455 24.5885
16.74300 750.665 25.1101
16.74600 750.771 24.93
16.74900 750.764 25.5155
16.75200 750.638 25.4246
16.75500 750.393 24.9844
16.75800 750.032 24.8836
16.76100 749.563 25.2538
16.76400 748.998 24.7917
16.76700 748.349 25.7941
16.77000 747.633 25.2056
16.77300 746.863 25.5321
16.77600 746.055 25.5655
16.77900 745.222 24.5293
16.78200 744.377 25.351
16.78500 743.53 25.118
16.78800 742.693 25.4824
16.79100 741.871 25.0864
16.79400 741.073 25.889
16.79700 740.305 25.4164
16.80000 739.569 25.8717
16.80300 738.871 25.6495
16.80600 738.212 25.889
16.80900 737.593 25.4989
16.81200 737.014 25.1657
16.81500 736.477 25.3104
16.81800 735.979 24.7613
16.82100 735.52 24.9222
16.82400 735.097 25.0078
16.82700 734.709 24.4485
16.83000 734.352 25.3918
16.83300 734.026 25.8285
16.83600 733.726 25.0156
16.83900 733.451 24.7385
16.84200 733.198 24.6782
16.84500 732.966 25.5238
16.84800 732.751 25.4411
16.85100 732.552 25.2699
16.85400 732.367 25.1259
16.85700 732.195 25.3104
16.86000 732.034 24.4412
16.86300 731.883 24.7689
16.86600 731.741 24.7689
16.86900 731.607 25.9325
16.87200 731.481 24.9068
16.87500 731.362 24.7008
16.87800 731.25 24.7159
16.88100 731.144 25.2942
16.88400 731.045 24.8375
16.88700 730.952 24.0981
16.89000 730.865 24.4851
16.89300 730.784 25.2217
16.89600 730.709 25.1339
16.89900 730.642 24.4485
16.90200 730.58 24.6108
16.90500 730.526 24.731
16.90800 730.48 25.047
16.91100 730.44 25.0156
16.91400 730.409 25.4329
16.91700 730.386 24.9222
16.92000 730.371 24.2678
16.92300 730.365 24.6632
16.92600 730.369 25.4411
16.92900 730.381 25.0235
16.93200 730.404 25.5488
16.93500 730.437 25.0156
16.93800 730.48 24.7689
16.94100 730.534 25.0156
16.94400 730.599 25.0706
16.94700 730.675 24.731
16.95000 730.762 24.5293
16.95300 730.861 26.0643
16.95600 730.972 24.8222
16.95900 731.094 26.0113
16.96200 731.228 25.4576
16.96500 731.373 25.1976
16.96800 731.53 25.7599
16.97100 731.699 25.0235
16.97400 731.879 24.9145
16.97700 732.07 25.2538
16.98000 732.271 24.8299
16.98300 732.483 24.961
16.98600 732.705 24.7461
16.98900 732.932 25.1896
16.99200 733.117 25.4493
16.99500 733.228 25.0864
16.99800 733.231 24.8146
17.00100 733.488 24.6034
17.00400 733.757 25.863
17.00700 734.031 24.7917
17.01000 734.309 24.9533
17.01300 734.589 25.4741
17.01600 734.872 25.0785
17.01900 735.156 24.8913
17.02200 735.439 24.3324
17.02500 735.72 25.1259
17.02800 735.998 25.1657
17.03100 736.269 25.5405
17.03400 736.533 25.7257
17.03700 736.797 24.7765
17.04000 737.053 24.6632
17.04300 737.303 25.118
17.04600 737.544 25.1259
17.04900 737.776 24.6407
17.05200 738 25.1022
17.05500 738.216 25.3185
17.05800 738.425 25.4658
17.06100 738.627 25.351
17.06400 738.823 25.1418
17.06700 739.015 24.93
17.07000 739.205 25.8285
17.07300 739.395 25.4576
17.07600 739.586 25.6495
17.07900 739.781 25.9762
17.08200 739.982 24.8375
17.08500 740.19 24.9922
17.08800 740.407 26.2885
17.09100 740.636 25.7343
17.09400 740.877 25.6833
17.09700 741.132 25.4493
17.10000 741.401 25.2217
17.10300 741.685 25.1498
17.10600 741.985 25.8113
17.10900 742.3 25.351
17.11200 742.629 25.7257
17.11500 742.972 25.5571
17.11800 743.327 26.3615
17.12100 743.693 25.5488
17.12400 744.066 24.412
17.12700 744.446 25.3918
17.13000 744.828 25.5488
17.13300 745.209 26.0555
17.13600 745.586 26.029
17.13900 745.954 26.029
17.14200 746.309 25.3429
17.14500 746.646 25.5488
17.14800 746.961 25.0943
17.15100 747.25 25.3266
17.15400 747.508 25.3429
17.15700 747.731 25.2297
17.16000 747.915 24.8146
17.16300 748.058 25.8457
17.16600 748.157 26.3523
17.16900 748.21 24.8913
17.17200 748.216 25.2056
17.17500 748.176 25.7513
17.17800 748.088 25.4329
17.18100 747.953 25.7428
17.18400 747.773 25.7941
17.18700 747.548 25.4658
17.19000 747.281 25.4246
17.19300 746.974 26.1712
17.19600 746.628 25.7941
17.19900 746.246 25.3185
17.20200 745.829 26.2794
17.20500 745.38 25.4082
17.20800 744.901 25.0785
17.21100 744.396 25.5321
17.21400 743.865 25.4824
17.21700 743.313 25.7172
17.22000 742.741 25.6748
17.22300 742.152 25.278
17.22600 741.549 25.5405
17.22900 740.935 25.8544
17.23200 740.312 25.2377
17.23500 739.684 25.4082
17.23800 739.053 25.5739
17.24100 738.423 25.1339
17.24400 737.796 25.3918
17.24700 737.174 25.5405
17.25000 736.562 25.1657
17.25300 735.961 26.4721
17.25600 735.374 25.1737
17.25900 734.804 24.9533
17.26200 734.254 24.9844
17.26500 733.725 24.961
17.26800 733.22 25.3429
17.27100 732.742 25.4246
17.27400 732.292 24.5219
17.27700 731.873 24.3252
17.28000 731.486 24.9688
17.28300 731.133 25.5155
17.28600 730.817 24.9145
17.28900 730.538 24.9377
17.29200 730.298 25.3918
17.29500 730.098 25.047
17.29800 729.94 24.9068
17.30100 729.825 25.3266
17.30400 729.755 24.7537
17.30700 729.729 25.5488
17.31000 729.748 25.2458
17.31300 729.814 25.6074
17.31600 729.926 24.9455
17.31900 730.086 24.5072
17.32200 730.292 24.5145
17.32500 730.545 25.0864
17.32800 730.844 25.0313
17.33100 731.189 24.8146
17.33400 731.579 25.1418
17.33700 732.013 24.6782
17.34000 732.489 24.8836
17.34300 733.006 24.7008
17.34600 733.563 24.8913
17.34900 734.156 25.1737
17.35200 734.785 25.7172
17.35500 735.445 25.0785
17.35800 736.134 25.4824
17.36100 736.849 25.0549
17.36400 737.585 24.9222
17.36700 738.34 25.0706
17.37000 739.109 25.4411
17.37300 739.887 24.7234
17.37600 740.669 25.1418
17.37900 741.451 25.3429
17.38200 742.226 25.4411
17.38500 742.99 25.1259
17.38800 743.736 25.1976
17.39100 744.458 25.863
17.39400 745.15 25.2538
17.39700 745.806 25.2458
17.40000 746.419 25.7343
17.40300 746.983 25.3673
17.40600 747.494 25.4741
17.40900 747.946 24.8146
17.41200 748.334 25.9587
17.41500 748.656 25.118
17.41800 748.908 25.5906
17.42100 749.09 24.9922
17.42400 749.203 25.1577
17.42700 749.247 26.2161
17.43000 749.227 25.9064
17.43300 749.148 25.6833
17.43600 749.018 25.6158
17.43900 748.846 25.6748
17.44200 748.644 25.8285
17.44500 748.427 25.5238
17.44800 748.212 25.6833
17.45100 748.02 25.6242
17.45400 747.872 25.5405
17.45700 747.797 25.7257
17.46000 747.823 24.8299
17.46300 747.983 25.6074
17.46600 748.314 26.0201
17.46900 748.851 24.8069
17.47200 749.635 25.0156
17.47500 750.703 25.3266
17.47800 752.09 25.6326
17.48100 753.829 25.8544
17.48400 755.943 25.1418
17.48700 758.449 26.3158
17.49000 761.349 25.6242
17.49300 764.632 25.3185
17.49600 768.27 26.2794
17.49900 772.216 25.9238
17.50200 776.4 26.2613
17.50500 780.73 25.8371
17.50800 785.089 26.6406
17.51100 789.334 25.9762
17.51400 793.297 26.1622
17.51700 796.795 26.8124
17.52000 799.638 26.4906
17.52300 801.657 26.7452
17.52600 802.723 26.1087
17.52900 802.774 26.2522
17.53200 801.829 26.4258
17.53500 799.976 26.3706
17.53800 797.361 26.8899
17.54100 794.158 25.5655
17.54400 790.547 25.1498
17.54700 786.695 26.1712
17.55000 782.747 25.1259
17.55300 778.825 25.2297
17.55600 775.024 25.95
17.55900 771.417 25.0864
17.56200 768.056 25.95
17.56500 764.972 25.6917
17.56800 762.183 24.4558
17.57100 759.69 25.1816
17.57400 757.485 26.2522
17.57700 755.548 26.029
17.58000 753.857 26.0025
17.58300 752.383 25.5238
17.58600 751.097 25.641
17.58900 749.971 25.1577
17.59200 748.976 24.8069
17.59500 748.088 24.7917
17.59800 747.286 25.2056
17.60100 746.552 25.5488
17.60400 745.872 25.7428
17.60700 745.234 25.3592
17.61000 744.632 25.2056
17.61300 744.059 25.4576
17.61600 743.514 25.6326
17.61900 742.995 25.3918
17.62200 742.501 25.8027
17.62500 742.034 24.7993
17.62800 741.594 25.5906
17.63100 741.183 25.6917
17.63400 740.802 25.1498
17.63700 740.451 25.5405
17.64000 740.133 25.7855
17.64300 739.847 25.1498
17.64600 739.592 25.2056
17.64900 739.368 25.4576
17.65200 739.173 24.961
17.65500 739.007 25.4658
17.65800 738.866 25.5321
17.66100 738.747 25.3673
17.66400 738.648 25.3023
17.66700 738.564 25.118
17.67000 738.492 25.1657
17.67300 738.429 25.2217
17.67600 738.369 24.5737
17.67900 738.309 25.1101
17.68200 738.244 26.2432
17.68500 738.173 25.9412
17.68800 738.091 25.0156
17.69100 737.996 25.118
17.69400 737.888 24.9688
17.69700 737.765 25.5321
17.70000 737.627 25.5238
17.70300 737.478 24.383
17.70600 737.318 25.7428
17.70900 737.152 25.2056
17.71200 736.985 24.5737
17.71500 736.822 25.278
17.71800 736.67 25.6664
17.72100 736.535 25.6242
17.72400 736.427 26.2342
17.72700 736.352 24.6782
17.73000 736.32 24.9688
17.73300 736.338 25.3347
17.73600 736.414 26.2342
17.73900 736.558 25.7941
17.74200 736.776 25.1657
17.74500 737.076 25.5238
17.74800 737.463 26.0643
17.75100 737.943 25.7941
17.75400 738.519 24.7993
17.75700 739.195 25.4658
17.76000 739.971 25.0627
17.76300 740.848 24.7537
17.76600 741.824 24.7083
17.76900 742.894 25.8371
17.77200 744.054 25.1577
17.77500 745.295 25.8544
17.77800 746.607 24.412
17.78100 747.978 26.4258
17.78400 749.393 25.4741
17.78700 750.833 25.6074
17.79000 752.279 25.8544
17.79300 753.707 25.8285
17.79600 755.092 26.4628
17.79900 756.404 25.7513
17.80200 757.613 23.9319
17.80500 758.687 25.6074
17.80800 759.593 25.4411
17.81100 760.3 25.6242
17.81400 760.777 25.9938
17.81700 761 25.7941
17.82000 760.948 25.8717
17.82300 760.608 25.1896
17.82600 759.974 25.4329
17.82900 759.051 25.7684
17.83200 757.852 25.351
17.83500 756.396 25.8371
17.83800 754.709 25.7855
17.84100 752.823 26.1265
17.84400 750.771 25.4989
17.84700 748.587 25.5739
17.85000 746.305 24.8529
17.85300 743.957 24.6782
17.85600 741.572 24.9455
17.85900 739.179 25.4658
17.86200 736.802 24.7993
17.86500 734.461 25.118
17.86800 732.175 25.3023
17.87100 729.961 24.8452
17.87400 727.83 24.6557
17.87700 725.794 24.8222
17.88000 723.86 24.3902
17.88300 722.035 25.2942
17.88600 720.322 25.1498
17.88900 718.725 25.1101
17.89200 717.242 23.987
17.89500 715.873 25.3185
17.89800 714.616 25.1577
17.90100 713.468 24.4778
17.90400 712.425 25.4246
17.90700 711.481 25.0549
17.91000 710.631 24.9068
17.91300 709.865 24.3902
17.91600 709.178 25.3429
17.91900 708.574 25.3837
17.92200 708.042 24.9068
17.92500 707.575 23.8705
17.92800 707.168 25.2297
17.93100 706.814 24.7993
17.93400 706.509 24.2678
17.93700 706.248 24.5293
17.94000 706.028 24.1614
17.94300 705.844 24.1262
17.94600 705.694 24.544
17.94900 705.573 25.2377
17.95200 705.48 25.8977
17.95500 705.412 25.4411
17.95800 705.368 24.2322
17.96100 705.344 24.961
17.96400 705.34 24.2393
17.96700 705.354 24.6034
17.97000 705.385 24.8759
17.97300 705.434 24.4193
17.97600 705.497 24.9455
17.97900 705.575 24.9844
17.98200 705.667 24.6183
17.98500 705.772 24.8222
17.98800 705.889 25.3918
17.99100 706.017 24.1684
17.99400 706.156 24.3757
17.99700 706.306 24.8222
18.00000 706.464 24.4412
18.00300 706.631 24.8452
18.00600 706.806 24.9922
18.00900 706.988 25.1498
18.01200 707.175 24.7765
18.01500 707.367 24.544
18.01800 707.562 24.5514
18.02100 707.76 24.2893
18.02400 707.96 24.5737
18.02700 708.16 24.1402
18.03000 708.359 24.1967
18.03300 708.556 25.4246
18.03600 708.751 24.4048
18.03900 708.941 23.4146
18.04200 709.128 24.4704
18.04500 709.309 24.1192
18.04800 709.484 24.4558
18.05100 709.653 24.7841
18.05400 709.815 25.3104
18.05700 709.97 24.4339
18.06000 710.118 24.4266
18.06300 710.258 24.8759
18.06600 710.39 25.4
18.06900 710.515 24.8299
18.07200 710.633 24.2464
18.07500 710.743 24.6332
18.07800 710.847 25.0078
18.08100 710.943 25.1022
18.08400 711.034 24.1543
18.08700 711.119 24.8913
18.09000 711.2 24.8529
18.09300 711.277 25
18.09600 711.352 25.2458
18.09900 711.425 24.7008
18.10200 711.498 25.0235
18.10500 711.571 25.2861
18.10800 711.647 24.2322
18.11100 711.725 25.4576
18.11400 711.808 24.8836
18.11700 711.895 24.7841
18.12000 711.989 24.383
18.12300 712.089 25.9151
18.12600 712.196 24.8836
18.12900 712.311 24.9377
18.13200 712.434 25.1816
18.13500 712.565 24.4048
18.13800 712.705 24.2038
18.14100 712.853 24.4631
18.14400 713.009 24.5293
18.14700 713.173 25.278
18.15000 713.345 25.5655
18.15300 713.525 24.7537
18.15600 713.71 24.8529
18.15900 713.902 24.9455
18.16200 714.098 25.1418
18.16500 714.298 25.4493
18.16800 714.5 25.2458
18.17100 714.704 24.6034
18.17400 714.907 25.0706
18.17700 715.109 25.7257
18.18000 715.307 24.7385
18.18300 715.499 25.5321
18.18600 715.685 24.3396
18.18900 715.862 24.5885
18.19200 716.029 24.5293
18.19500 716.183 25.1418
18.19800 716.322 24.2464
18.20100 716.445 24.2038
18.20400 716.549 24.7765
18.20700 716.633 24.544
18.21000 716.694 24.8991
18.21300 716.732 24.9533
18.21600 716.743 24.3396
18.21900 716.728 25.4658
18.22200 716.686 25.351
18.22500 716.617 24.3685
18.22800 716.521 25.2861
18.23100 716.401 25.1418
18.23400 716.256 25.2458
18.23700 716.091 24.9766
18.24000 715.907 24.1755
18.24300 715.709 24.1402
18.24600 715.498 24.6108
18.24900 715.279 25.1101
18.25200 715.056 24.7159
18.25500 714.831 24.7993
18.25800 714.607 24.9145
18.26100 714.389 25.0313
18.26400 714.178 24.8452
18.26700 713.978 24.6557
18.27000 713.79 24.5219
18.27300 713.618 24.7765
18.27600 713.462 24.5514
18.27900 713.325 24.412
18.28200 713.208 24.1684
18.28500 713.113 25.1737
18.28800 713.04 24.5737
18.29100 712.992 24.5145
18.29400 712.968 24.9222
18.29700 712.97 25.0078
18.30000 712.998 24.6108
18.30300 713.053 24.5737
18.30600 713.135 25.6074
18.30900 713.243 25
18.31200 713.383 24.1332
18.31500 713.552 25.047
18.31800 713.752 24.1051
18.32100 713.981 24.8682
18.32400 714.243 24.5366
18.32700 714.536 24.2464
18.33000 714.863 24.1332
18.33300 715.225 24.1755
18.33600 715.623 24.8146
18.33900 716.06 24.3037
18.34200 716.536 24.4485
18.34500 717.054 24.3685
18.34800 717.618 24.3037
18.35100 718.229 24.3902
18.35400 718.891 24.6557
18.35700 719.607 24.4998
18.36000 720.379 24.7385
18.36300 721.209 24.7689
18.36600 722.113 24.8529
18.36900 723.092 25.3347
18.37200 724.149 25.3266
18.37500 725.288 25.4
18.37800 726.516 25.0785
18.38100 727.837 24.7385
18.38400 729.258 25.1577
18.38700 730.783 24.2109
18.39000 732.419 24.2536
18.39300 734.17 24.6407
18.39600 736.041 24.8529
18.39900 738.037 25.5739
18.40200 740.16 24.8836
18.40500 742.414 24.6932
18.40800 744.801 25.2377
18.41100 747.322 25.7172
18.41400 749.977 25.0627
18.41700 752.766 25.7343
18.42000 755.687 25.4989
18.42300 758.735 24.5366
18.42600 761.907 25.9412
18.42900 765.196 25.8027
18.43200 768.595 25.7599
18.43500 772.094 25.7513
18.43800 775.684 25.6158
18.44100 779.351 25.9064
18.44400 783.083 26.774
18.44700 786.864 26.1533
18.45000 790.677 26.3615
18.45300 794.505 26.1533
18.45600 798.328 26.6596
18.45900 802.128 26.3249
18.46200 805.884 26.8028
18.46500 809.578 27.1864
18.46800 813.19 26.3798
18.47100 816.708 26.4999
18.47400 820.119 26.3615
18.47700 823.419 27.3896
18.48000 826.608 26.7548
18.48300 829.696 26.3523
18.48600 832.702 26.6029
18.48900 835.654 27.2065
18.49200 838.59 26.1533
18.49500 841.558 26.1712
18.49800 844.614 27.3077
18.50100 847.825 27.0765
18.50400 851.26 27.2874
18.50700 854.998 27.4101
18.51000 859.12 26.8221
18.51300 863.711 26.6596
18.51600 868.861 27.1263
18.51900 874.659 27.2266
18.52200 881.197 27.5345
18.52500 888.568 27.7992
18.52800 896.865 26.9582
18.53100 906.181 27.7564
18.53400 916.608 28.3296
18.53700 928.238 28.0276
18.54000 941.16 28.8555
18.54300 955.46 28.4555
18.54600 971.221 28.2504
18.54900 988.522 28.1942
18.55200 1007.43 28.5714
18.55500 1028.03 29.7219
18.55800 1050.36 29.9342
18.56100 1074.47 29.9611
18.56400 1100.41 30.0421
18.56700 1128.2 29.9476
18.57000 1157.86 30.317
18.57300 1189.38 31.0236
18.57600 1222.76 31.7181
18.57900 1257.96 31.7821
18.58200 1294.93 31.895
18.58500 1333.61 33.0409
18.58800 1373.9 33.0229
18.59100 1415.7 33.3704
18.59400 1458.88 34.0404
18.59700 1503.3 34.2393
18.60000 1548.76 34.4623
18.60300 1595.08 35.9908
18.60600 1642.02 35.9443
18.60900 1689.34 36.3456
18.61200 1736.76 37.4503
18.61500 1783.98 37.8506
18.61800 1830.65 38.49
18.62100 1876.43 38.5186
18.62400 1920.93 39.163
18.62700 1963.75 40.4557
18.63000 2004.46 41.2744
18.63300 2042.61 41.8121
18.63600 2077.78 41.8487
18.63900 2109.52 42.3334
18.64200 2137.41 43.1131
18.64500 2161.05 44.4116
18.64800 2180.1 43.2338
18.65100 2194.26 43.8529
18.65400 2203.3 45.1754
18.65700 2207.09 44.9013
18.66000 2205.56 45.7869
18.66300 2198.75 45.6912
18.66600 2186.78 44.4554
18.66900 2169.85 44.8561
18.67200 2148.23 44.1942
18.67500 2122.26 44.6767
18.67800 2092.32 43.2338
18.68100 2058.82 43.5194
18.68400 2022.19 43.6852
18.68700 1982.88 42.8353
18.69000 1941.32 41.0651
18.69300 1897.92 41.3096
18.69600 1853.1 41.0305
18.69900 1807.25 40.893
18.70200 1760.71 39.4362
18.70500 1713.83 38.5186
18.70800 1666.91 37.5823
18.71100 1620.24 37.4503
18.71400 1574.05 37.2419
18.71700 1528.59 35.6688
18.72000 1484.06 35.9443
18.72300 1440.63 35.05
18.72600 1398.45 34.7734
18.72900 1357.68 34.4623
18.73200 1318.4 32.987
18.73500 1280.73 33.9227
18.73800 1244.72 32.1412
18.74100 1210.45 32.5991
18.74400 1177.94 32.0256
18.74700 1147.23 30.846
18.75000 1118.31 30.9344
18.75300 1091.18 30.6858
18.75600 1065.83 30.1374
18.75900 1042.21 29.1358
18.76200 1020.31 29.2478
18.76500 1000.05 29.7878
18.76800 981.376 28.7242
18.77100 964.217 29.2103
18.77400 948.491 28.0386
18.77700 934.113 28.444
18.78000 920.986 28.0056
18.78300 909.013 27.9946
18.78600 898.087 27.8207
18.78900 888.099 27.7778
18.79200 878.938 28.3752
18.79500 870.491 28.5249
18.79800 862.649 27.3793
18.80100 855.313 27.6818
18.80400 848.397 28.3866
18.80700 841.839 26.5279
18.81000 835.597 26.1265
18.81300 829.651 26.8414
18.81600 823.995 26.5653
18.81900 818.638 27.369
18.82200 813.588 26.3798
18.82500 808.859 26.082
18.82800 804.459 26.6975
18.83100 800.395 25.5571
18.83400 796.671 25.777
18.83700 793.287 25.7684
18.84000 790.242 25.889
18.84300 787.531 25.6579
18.84600 785.146 25.9675
18.84900 783.077 25.8113
18.85200 781.313 25.8977
18.85500 779.841 25.0549
18.85800 778.646 25.5822
18.86100 777.713 25.5655
18.86400 777.025 25.9325
18.86700 776.566 25.8544
18.87000 776.319 24.9766
18.87300 776.266 25.0706
18.87600 776.39 25.0864
18.87900 776.673 25.4246
18.88200 777.098 25.5405
18.88500 777.647 24.7461
18.88800 778.299 24.383
18.89100 779.037 25.118
18.89400 779.84 25.5822
18.89700 780.687 24.93
18.90000 781.558 25.5739
18.90300 782.43 24.7083
18.90600 783.281 25.2217
18.90900 784.088 26.4258
18.91200 784.83 25.6495
18.91500 785.483 26.029
18.91800 786.027 26.5935
18.92100 786.443 24.8606
18.92400 786.712 25.6748
18.92700 786.82 26.0998
18.93000 786.757 25.7343
18.93300 786.516 25.5238
18.93600 786.096 25.5488
18.93900 785.502 25.7941
18.94200 784.741 25.1022
18.94500 783.829 26.0378
18.94800 782.782 25.2297
18.95100 781.622 25.8027
18.95400 780.369 25.6917
18.95700 779.047 25.5238
18.96000 777.678 25.3592
18.96300 776.284 25.777
18.96600 774.883 25.4
18.96900 773.495 25.8113
18.97200 772.134 25.6158
18.97500 770.814 25.1259
18.97800 769.545 24.7917
18.98100 768.336 24.9922
18.98400 767.194 25.2861
18.98700 766.122 24.8529
18.99000 765.123 25.5906
18.99300 764.196 25.3673
18.99600 763.339 21.6879
18.99900 762.55 21.4917
19.00200 761.823 22.7449
19.00500 761.153 23.5376
19.00800 760.533 23.4146
19.01100 759.954 23.4662
19.01400 759.41 23.4597
19.01700 758.89 24.1402
19.02000 758.388 24.0702
19.02300 757.894 23.6294
19.02600 757.402 23.4533
19.02900 756.902 24.1192
19.03200 756.39 23.9457
19.03500 755.858 23.8298
19.03800 755.301 23.281
19.04100 754.715 24.1192
19.04400 754.095 23.8909
19.04700 753.439 23.6294
19.05000 752.745 23.5833
19.05300 752.012 23.3635
19.05600 751.24 23.8977
19.05900 750.43 24.4193
19.06200 749.585 24.4412
19.06500 748.708 23.7089
19.06800 747.806 23.9457
19.07100 746.884 23.603
19.07400 745.949 24.2678
19.07700 745.011 23.603
19.08000 744.077 23.5833
19.08300 743.159 24.2536
19.08600 742.265 23.9182
19.08900 741.407 24.4193
19.09200 740.594 23.7691
19.09500 739.836 24.4704
19.09800 739.143 23.9114
19.10100 738.524 22.9295
19.10400 737.987 24.2464
19.10700 737.54 23.603
19.11000 737.189 23.7759
19.11300 736.939 23.4211
19.11600 736.795 23.9046
19.11900 736.76 23.6228
19.12200 736.836 23.8298
19.12500 737.024 23.8773
19.12800 737.323 23.3063
19.13100 737.731 23.4533
19.13400 738.244 24.2251
19.13700 738.856 23.8366
19.14000 739.562 23.3507
19.14300 740.353 23.8773
19.14600 741.218 23.5833
19.14900 742.147 24.5811
19.15200 743.126 23.8366
19.15500 744.141 24.2038
19.15800 745.174 23.9457
19.16100 746.208 23.636
19.16400 747.223 24.6557
19.16700 748.199 23.492
19.17000 749.116 23.2621
19.17300 749.95 23.6096
19.17600 750.682 23.2936
19.17900 751.292 24.2322
19.18200 751.761 23.5899
19.18500 752.075 23.7023
19.18800 752.222 24.6258
19.19100 752.196 24.412
19.19400 751.993 24.3108
19.19700 751.619 23.9594
19.20000 751.079 23.7624
19.20300 750.386 23.749
19.20600 749.554 24.0215
19.20900 748.602 23.8163
19.21200 747.549 23.7156
19.21500 746.415 23.796
19.21800 745.221 23.5115
19.22100 743.985 23.9114
19.22400 742.729 23.6956
19.22700 741.468 23.9182
19.23000 740.219 23.8841
19.23300 738.997 23.3635
19.23600 737.815 23.7223
19.23900 736.685 23.9939
19.24200 735.616 23.6757
19.24500 734.617 24.3324
19.24800 733.694 23.8298
19.25100 732.853 24.1755
19.25400 732.097 23.5768
19.25700 731.429 24.1051
19.26000 730.849 24.0008
19.26300 730.357 23.7023
19.26600 729.951 24.0493
19.26900 729.629 24.1473
19.27200 729.385 24.0563
19.27500 729.216 23.3954
19.27800 729.114 23.1558
19.28100 729.072 22.9416
19.28400 729.084 23.8569
19.28700 729.141 24.0981
19.29000 729.233 24.1684
19.29300 729.353 23.3826
19.29600 729.49 24.0424
19.29900 729.637 23.9939
19.30200 729.784 23.2119
19.30500 729.925 23.7423
19.30800 730.051 22.99
19.31100 730.159 24.0424
19.31400 730.242 23.749
19.31700 730.299 23.4533
19.32000 730.327 24.0493
19.32300 730.327 23.7356
19.32600 730.298 23.8095
19.32900 730.243 23.6558
19.33200 730.164 23.796
19.33500 730.065 23.505
19.33800 729.949 23.492
19.34100 729.821 24.1614
19.34400 729.685 23.823
19.34700 729.545 23.9114
19.35000 729.406 24.1755
19.35300 729.272 23.6492
19.35600 729.146 22.9537
19.35900 729.033 23.6096
19.36200 728.937 24.0772
19.36500 728.86 23.9046
19.36800 728.806 24.4778
19.37100 728.778 23.5441
19.37400 728.779 24.6632
19.37700 728.813 23.9114
19.38000 728.88 23.6691
19.38300 728.986 24.2464
19.38600 729.131 23.9182
19.38900 729.319 23.987
19.39200 729.552 23.6823
19.39500 729.834 23.6624
19.39800 730.166 23.5833
19.40100 730.553 24.1332
19.40400 730.997 23.6492
19.40700 731.502 23.987
19.41000 732.071 23.7557
19.41300 732.709 24.4266
19.41600 733.419 24.5366
19.41900 734.207 24.8069
19.42200 735.076 24.1755
19.42500 736.033 24.318
19.42800 737.083 23.9046
19.43100 738.232 24.2251
19.43400 739.487 24.0077
19.43700 740.852 23.1311
19.44000 742.337 23.9663
19.44300 743.947 23.9594
19.44600 745.689 23.6757
19.44900 747.571 23.1125
19.45200 749.601 24.7917
19.45500 751.783 23.2684
19.45800 754.127 24.2322
19.46100 756.636 24.4266
19.46400 759.318 24.4048
19.46700 762.176 23.7826
19.47000 765.215 24.1332
19.47300 768.436 24.9766
19.47600 771.842 24.3613
19.47900 775.431 24.8991
19.48200 779.201 24.2393
19.48500 783.148 24.6183
19.48800 787.265 24.5145
19.49100 791.542 24.3324
19.49400 795.969 25.3347
19.49700 800.529 25.4824
19.50000 805.205 25.0943
19.50300 809.975 24.3613
19.50600 814.814 25.6664
19.50900 819.693 25.5405
19.51200 824.579 25.0078
19.51500 829.435 25.1339
19.51800 834.219 24.8682
19.52100 838.887 25.1816
19.52400 843.389 25.3592
19.52700 847.671 26.1622
19.53000 851.678 25.4741
19.53300 855.353 25.8457
19.53600 858.638 25.5822
19.53900 861.475 26.1087
19.54200 863.812 25.5405
19.54500 865.603 26.2976
19.54800 866.808 26.669
19.55100 867.4 26.1533
19.55400 867.364 25.5321
19.55700 866.696 25.8113
19.56000 865.408 25.7428
19.56300 863.522 25.8717
19.56600 861.075 26.3067
19.56900 858.109 25.3592
19.57200 854.676 26.4166
19.57500 850.832 25.3023
19.57800 846.635 26.1176
19.58100 842.144 25.1577
19.58400 837.416 25.3347
19.58700 832.507 25.4576
19.59000 827.473 25.8113
19.59300 822.361 25.4164
19.59600 817.217 25.8113
19.59900 812.084 25.7855
19.60200 807 24.3252
19.60500 801.999 24.731
19.60800 797.113 25.3023
19.61100 792.37 25.1101
19.61400 787.792 24.4704
19.61700 783.402 24.2109
19.62000 779.216 24.4048
19.62300 775.25 24.5885
19.62600 771.515 24.3037
19.62900 768.022 24.3396
19.63200 764.778 23.9046
19.63500 761.788 23.6823
19.63800 759.055 24.2038
19.64100 756.581 24.6632
19.64400 754.368 23.5833
19.64700 752.414 23.5245
19.65000 750.72 23.7089
19.65300 749.282 23.8977
19.65600 748.1 23.7023
19.65900 747.171 23.749
19.66200 746.494 23.5637
19.66500 746.069 24.1473
19.66800 745.895 23.603
19.67100 745.971 23.5768
19.67400 746.301 23.9594
19.67700 746.885 24.3613
19.68000 747.727 23.5702
19.68300 748.833 24.2464
19.68600 750.208 24.2322
19.68900 751.859 23.5115
19.69200 753.795 23.8841
19.69500 756.025 24.2965
19.69800 758.56 24.3324
19.70100 761.411 23.8501
19.70400 764.591 23.3826
19.70700 768.114 23.7691
19.71000 771.993 24.2536
19.71300 776.243 24.9533
19.71600 780.88 24.3902
19.71900 785.918 23.8501
19.72200 791.374 24.275
19.72500 797.263 25.0943
19.72800 803.602 24.3468
19.73100 810.406 24.318
19.73400 817.693 25.1657
19.73700 825.478 24.9068
19.74000 833.779 25.4741
19.74300 842.612 25.278
19.74600 851.996 25.6917
19.74900 861.949 25.2297
19.75200 872.49 26.4074
19.75500 883.639 25.5405
19.75800 895.419 26.3706
19.76100 907.852 26.0909
19.76400 920.962 26.3615
19.76700 934.774 26.8899
19.77000 949.314 27.0468
19.77300 964.608 26.9975
19.77600 980.683 27.257
19.77900 997.563 27.6395
19.78200 1015.27 27.3998
19.78500 1033.83 29.3864
19.78800 1053.25 28.2504
19.79100 1073.54 29.3231
19.79400 1094.7 29.4245
19.79700 1116.73 29.3105
19.80000 1139.62 29.6957
19.80300 1163.33 30.0965
19.80600 1187.84 31.0685
19.80900 1213.11 30.6426
19.81200 1239.07 31.4192
19.81500 1265.66 31.9765
19.81800 1292.82 32.0256
19.82100 1320.46 31.5912
19.82400 1348.47 32.3254
19.82700 1376.74 33.5201
19.83000 1405.14 33.7484
19.83300 1433.49 34.0601
19.83600 1461.62 34.7314
19.83900 1489.29 34.7105
19.84200 1516.24 34.9002
19.84500 1542.16 35.6235
19.84800 1566.7 35.6915
19.85100 1589.45 36.8856
19.85400 1609.98 36.4662
19.85700 1627.82 36.2738
19.86000 1642.48 37.2161
19.86300 1653.51 36.7856
19.86600 1660.44 37.5029
19.86900 1662.93 36.8605
19.87200 1660.68 36.2977
19.87500 1653.55 37.0879
19.87800 1641.53 35.8979
19.88100 1624.76 35.7371
19.88400 1603.51 35.8057
19.88700 1578.16 34.5651
19.89000 1549.2 35.2454
19.89300 1517.16 34.9856
19.89600 1482.61 34.9215
19.89900 1446.11 33.8449
19.90200 1408.22 33.0771
19.90500 1369.45 32.862
19.90800 1330.28 32.6512
19.91100 1291.12 32.3762
19.91400 1252.36 31.0835
19.91700 1214.33 31.4192
19.92000 1177.32 31.3266
19.92300 1141.55 30.1101
19.92600 1107.22 30.5281
19.92900 1074.5 30.3309
19.93200 1043.49 29.6435
19.93500 1014.29 29.2603
19.93800 986.938 28.9521
19.94100 961.466 28.467
19.94400 937.868 28.0496
19.94700 916.116 27.545
19.95000 896.164 27.6079
19.95300 877.948 27.4721
19.95600 861.393 27.4514
19.95900 846.409 27.1363
19.96200 832.902 25.7599
19.96500 820.771 26.3432
19.96800 809.913 25.5488
19.97100 800.223 25.8717
19.97400 791.601 25.4246
19.97700 783.946 25.7684
19.98000 777.162 24.8606
19.98300 771.161 25.1418
19.98600 765.858 24.8375
19.98900 761.175 24.6407
19.99200 757.041 25.1976
19.99500 753.39 24.5293
19.99800 750.164 24.6407
20.00100 747.311 24.4339
20.00400 744.787 24.6632
20.00700 742.549 23.1372
20.01000 740.563 24.5588
20.01300 738.799 24.0563
20.01600 737.228 24.0493
20.01900 735.829 24.2893
20.02200 734.583 24.5072
20.02500 733.472 24.3902
20.02800 732.482 24.4924
20.03100 731.602 23.051
20.03400 730.821 24.1192
20.03700 730.13 24.0772
20.04000 729.523 24.4558
20.04300 728.992 22.8934
20.04600 728.532 23.9939
20.04900 728.139 24.0493
20.05200 727.809 23.6492
20.05500 727.536 23.7557
20.05800 727.319 23.338
20.06100 727.154 23.7223
20.06400 727.037 22.9537
20.06700 726.967 23.9732
20.07000 726.941 23.9732
20.07300 726.955 23.0083
20.07600 727.009 24.4924
20.07900 727.098 23.0205
20.08200 727.222 23.5637
20.08500 727.376 23.7624
20.08800 727.56 23.8773
20.09100 727.77 24.0702
20.09400 728.004 23.8298
20.09700 728.26 23.8773
20.10000 728.534 23.4404
20.10300 728.825 23.2558
20.10600 729.13 23.8977
20.10900 729.445 24.2607
20.11200 729.769 22.8934
20.11500 730.099 23.5899
20.11800 730.431 23.0388
20.12100 730.765 23.4146
20.12400 731.096 24.1192
20.12700 731.422 22.8695
20.13000 731.742 23.6691
20.13300 732.053 23.7289
20.13600 732.354 23.4082
20.13900 732.644 24.4558
20.14200 732.92 23.7624
20.14500 733.184 24.6332
20.14800 733.434 24.1332
20.15100 733.672 23.6823
20.15400 733.898 23.7759
20.15700 734.114 23.4018
20.16000 734.322 23.3507
20.16300 734.524 24.0563
20.16600 734.724 23.9939
20.16900 734.925 23.1932
20.17200 735.131 24.0008
20.17500 735.346 23.9457
20.17800 735.574 23.518
20.18100 735.819 23.7089
20.18400 736.085 23.5571
20.18700 736.377 23.2119
20.19000 736.697 23.8637
20.19300 737.049 23.1249
20.19600 737.435 23.505
20.19900 737.858 23.3444
20.20200 738.319 23.4468
20.20500 738.818 23.7089
20.20800 739.356 24.6557
20.21100 739.931 23.5376
20.21400 740.541 23.3762
20.21700 741.184 23.8366
20.22000 741.856 23.5441
20.22300 742.551 24.1332
20.22600 743.264 24.383
20.22900 743.989 24.0215
20.23200 744.715 24.1402
20.23500 745.435 24.2038
20.23800 746.138 24.3108
20.24100 746.812 23.9732
20.24400 747.449 23.7089
20.24700 748.038 24.0563
20.25000 748.573 23.8433
20.25300 749.05 23.5115
20.25600 749.472 24.3396
20.25900 749.845 24.6108
20.26200 750.179 24.412
20.26500 750.49 24.1402
20.26800 750.794 24.4998
20.27100 751.112 24.0981
20.27400 751.464 24.1825
20.27700 751.869 24.1614
20.28000 752.347 24.2322
20.28300 752.917 23.338
20.28600 753.596 23.8977
20.28900 754.401 23.9457
20.29200 755.348 24.2393
20.29500 756.452 24.1543
20.29800 757.729 23.7826
20.30100 759.193 23.823
20.30400 760.858 24.3757
20.30700 762.739 23.796
20.31000 764.85 24.6258
20.31300 767.204 24.1332
20.31600 769.816 24.4998
20.31900 772.701 24.5737
20.32200 775.872 24.6407
20.32500 779.344 25.0706
20.32800 783.131 24.4193
20.33100 787.245 24.5959
20.33400 791.698 25.1816
20.33700 796.502 24.9145
20.34000 801.664 24.6632
20.34300 807.19 24.4851
20.34600 813.084 24.7385
20.34900 819.343 24.1755
20.35200 825.962 25.0313
20.35500 832.932 25.118
20.35800 840.236 24.1332
20.36100 847.854 25.6917
20.36400 855.759 25.1339
20.36700 863.916 24.6932
20.37000 872.285 25.8803
20.37300 880.819 24.7537
20.37600 889.463 25.5739
20.37900 898.153 25.3429
20.38200 906.822 25.4824
20.38500 915.39 25.7257
20.38800 923.773 25.8199
20.39100 931.877 25.9675
20.39400 939.605 26.0998
20.39700 946.851 25.9238
20.40000 953.507 26.7166
20.40300 959.463 26.4535
20.40600 964.613 26.6501
20.40900 968.856 26.5747
20.41200 972.103 26.5186
20.41500 974.277 28.0496
20.41800 975.324 26.8608
20.42100 975.213 26.6123
20.42400 973.935 27.5345
20.42700 971.509 27.0567
20.43000 967.98 27.2468
20.43300 963.41 27.1463
20.43600 957.885 27.3485
20.43900 951.5 27.0567
20.44200 944.364 27.1263
20.44500 936.588 27.2266
20.44800 928.283 26.8028
20.45100 919.562 27.3179
20.45400 910.531 26.7548
20.45700 901.29 26.4721
20.46000 891.932 25.5571
20.46300 882.542 26.0113
20.46600 873.199 27.0765
20.46900 863.973 25.9762
20.47200 854.924 26.1087
20.47500 846.108 25.5238
20.47800 837.571 25.6326
20.48100 829.353 25.4411
20.48400 821.488 24.7461
20.48700 814.002 25.4246
20.49000 806.917 24.7008
20.49300 800.247 24.7993
20.49600 794.003 25.3673
20.49900 788.189 24.3324
20.50200 782.807 24.1402
20.50500 777.851 24.5366
20.50800 773.316 23.8569
20.51100 769.19 24.7083
20.51400 765.46 24.1262
20.51700 762.11 24.9533
20.52000 759.123 23.9663
20.52300 756.479 23.8637
20.52600 754.158 24.0424
20.52900 752.139 23.5571
20.53200 750.4 24.7461
20.53500 748.92 24.2464
20.53800 747.678 24.0632
20.54100 746.652 23.8977
20.54400 745.822 24.1262
20.54700 745.17 23.9182
20.55000 744.677 23.5833
20.55300 744.328 23.7557
20.55600 744.107 24.0008
20.55900 744.003 23.8841
20.56200 744.005 24.5293
20.56500 744.105 23.8773
20.56800 744.298 24.2109
20.57100 744.58 23.9525
20.57400 744.951 24.1614
20.57700 745.414 24.3613
20.58000 745.973 24.1262
20.58300 746.634 24.1402
20.58600 747.407 24.1192
20.58900 748.303 24.7083
20.59200 749.334 23.9319
20.59500 750.515 24.9222
20.59800 751.861 24.4998
20.60100 753.389 23.9251
20.60400 755.116 23.531
20.60700 757.059 23.531
20.61000 759.236 24.1121
20.61300 761.666 24.1473
20.61600 764.366 24.3613
20.61900 767.353 24.4998
20.62200 770.645 23.749
20.62500 774.257 24.3902
20.62800 778.204 24.2536
20.63100 782.498 24.7234
20.63400 787.151 25.3592
20.63700 792.173 25.3347
20.64000 797.57 24.7613
20.64300 803.346 25.3837
20.64600 809.503 24.7765
20.64900 816.038 24.9844
20.65200 822.946 25.0549
20.65500 830.218 26.2161
20.65800 837.839 25.8457
20.66100 845.793 26.0998
20.66400 854.056 26.1712
20.66700 862.602 25.6917
20.67000 871.397 26.2703
20.67300 880.406 26.7452
20.67600 889.585 26.0466
20.67900 898.885 26.6596
20.68200 908.252 27.1964
20.68500 917.628 27.0666
20.68800 926.944 26.968
20.69100 936.131 27.7137
20.69400 945.111 27.7457
20.69700 953.801 27.735
20.70000 962.116 27.9508
20.70300 969.964 27.735
20.70600 977.255 28.3296
20.70900 983.898 28.2279
20.71200 989.803 28.677
20.71500 994.887 28.7242
20.71800 999.076 28.5831
20.72100 1002.31 29.0742
20.72400 1004.53 28.748
20.72700 1005.72 28.6534
20.73000 1005.86 29.0619
20.73300 1004.95 28.8435
20.73600 1003.03 29.0865
20.73900 1000.13 28.3752
20.74200 996.318 28.7956
20.74500 991.662 28.183
20.74800 986.245 28.8795
20.75100 980.156 28.4325
20.75400 973.49 28.0717
20.75700 966.339 27.5869
20.76000 958.798 28.0166
20.76300 950.958 27.5241
20.76600 942.905 27.9508
20.76900 934.722 27.3485
20.77200 926.485 27.7137
20.77500 918.265 27.735
20.77800 910.127 26.968
20.78100 902.128 26.8705
20.78400 894.324 26.0113
20.78700 886.76 26.4906
20.79000 879.478 26.4906
20.79300 872.516 26.9386
20.79600 865.903 26.1802
20.79900 859.667 25.7257
20.80200 853.829 25.6748
20.80500 848.405 25.8113
20.80800 843.408 25.95
20.81100 838.846 26.2251
20.81400 834.725 25.8717
20.81700 831.045 24.8913
20.82000 827.804 25.2942
20.82300 824.995 25.6664
20.82600 822.613 26.3706
20.82900 820.644 24.8606
20.83200 819.078 25.6664
20.83500 817.899 24.7613
20.83800 817.092 25.777
20.84100 816.638 25.6074
20.84400 816.521 25.6579
20.84700 816.72 25.7684
20.85000 817.216 25.2136
20.85300 817.991 25.6158
20.85600 819.024 25.7684
20.85900 820.298 25.2458
20.86200 821.793 24.6183
20.86500 823.495 25.118
20.86800 825.386 25.5571
20.87100 827.454 25.7684
20.87400 829.686 26.1533
20.87700 832.074 25.7599
20.88000 834.61 26.1802
20.88300 837.291 25.6326
20.88600 840.117 26.1981
20.88900 843.091 25.5405
20.89200 846.221 25.6917
20.89500 849.518 26.4999
20.89800 852.999 25.9938
20.90100 856.685 26.4166
20.90400 860.603 26.029
20.90700 864.782 26.688
20.91000 869.259 26.4906
20.91300 874.075 26.9386
20.91600 879.275 27.1263
20.91900 884.909 27.1563
20.92200 891.028 27.1663
20.92500 897.688 27.0073
20.92800 904.947 26.9289
20.93100 912.862 27.5659
20.93400 921.488 26.7261
20.93700 930.881 27.369
20.94000 941.089 27.6395
20.94300 952.156 28.0717
20.94600 964.118 28.105
20.94900 976.998 28.4325
20.95200 990.81 29.0007
20.95500 1005.55 28.8675
20.95800 1021.2 28.1942
20.96100 1037.73 29.7614
20.96400 1055.07 29.5141
20.96700 1073.15 22.2994
20.97000 1091.87 25.5321
20.97300 1111.09 26.4814
20.97600 1130.67 27.9618
20.97900 1150.42 27.6395
20.98200 1170.12 28.5481
20.98500 1189.54 28.6417
20.98800 1208.4 29.1235
20.99100 1226.41 30.1374
20.99400 1243.25 30.7293
20.99700 1258.56 30.4009
21.00000 1272.02 29.9611
21.00300 1283.27 30.2614
21.00600 1292.01 30.4855
21.00900 1297.96 30.317
21.01200 1300.93 29.9745
21.01500 1300.77 30.5709
21.01800 1297.47 29.8807
21.02100 1291.08 30.3309
21.02400 1281.76 30.0828
21.02700 1269.73 30.2475
21.03000 1255.29 29.6174
21.03300 1238.76 29.8142
21.03600 1220.52 29.6957
21.03900 1200.9 28.6299
21.04200 1180.28 28.8555
21.04500 1158.98 28.9886
21.04800 1137.31 27.8964
21.05100 1115.56 27.9508
21.05400 1093.98 27.5345
21.05700 1072.79 27.1463
21.06000 1052.19 27.3383
21.06300 1032.35 27.0369
21.06600 1013.41 26.7644
21.06900 995.475 26.1802
21.07200 978.652 26.4628
21.07500 963.007 25.9412
21.07800 948.589 25.6917
21.08100 935.432 26.2342
21.08400 923.548 25.7172
21.08700 912.936 25.3918
21.09000 903.581 25.5321
21.09300 895.457 25.1577
21.09600 888.526 25.0864
21.09900 882.744 25.1976
21.10200 878.059 24.6557
21.10500 874.415 24.7385
21.10800 871.752 24.2821
21.11100 870.008 25.3918
21.11400 869.121 24.8069
21.11700 869.027 24.6407
21.12000 869.665 25.1101
21.12300 870.973 24.4851
21.12600 872.892 24.7385
21.12900 875.365 24.4412
21.13200 878.336 24.1825
21.13500 881.753 24.8836
21.13800 885.565 24.1473
21.14100 889.723 25.4411
21.14400 894.178 25.2056
21.14700 898.886 25.278
21.15000 903.8 24.9766
21.15300 908.878 25.6748
21.15600 914.076 25.6664
21.15900 919.35 25.3592
21.16200 924.656 24.8759
21.16500 929.953 26.2251
21.16800 935.196 25.7599
21.17100 940.34 26.1802
21.17400 945.339 26.1712
21.17700 950.151 26.1176
21.18000 954.727 25.9762
21.18300 959.025 25.3918
21.18600 962.998 26.2432
21.18900 966.603 26.3067
21.19200 969.799 26.6029
21.19500 972.548 27.0666
21.19800 974.814 26.9093
21.20100 976.568 27.027
21.20400 977.784 26.1622
21.20700 978.445 26.334
21.21000 978.538 27.0964
21.21300 978.062 26.774
21.21600 977.017 25.95
21.21900 975.417 26.4814
21.22200 973.279 26.3982
21.22500 970.627 26.7836
21.22800 967.492 26.334
21.23100 963.91 26.2613
21.23400 959.921 26.3615
21.23700 955.565 26.3432
21.24000 950.889 26.2161
21.24300 945.938 26.4999
21.24600 940.757 25.641
21.24900 935.395 25.8457
21.25200 929.895 25.4906
21.25500 924.301 26.4074
21.25800 918.658 25.6242
21.26100 913.005 25.1737
21.26400 907.382 25.2619
21.26700 901.826 26.0643
21.27000 896.371 25.1259
21.27300 891.05 25.1101
21.27600 885.893 25.3918
21.27900 880.927 24.5662
21.28200 876.179 24.7385
21.28500 871.67 24.8299
21.28800 867.422 25.0078
21.29100 863.453 24.9455
21.29400 859.777 24.8836
21.29700 856.409 24.8452
21.30000 853.359 23.9114
21.30300 850.634 24.1332
21.30600 848.242 24.8375
21.30900 846.184 24.1262
21.31200 844.462 23.7089
21.31500 843.074 24.6932
21.31800 842.016 24.0077
21.32100 841.28 24.2893
21.32400 840.858 24.544
21.32700 840.739 23.9388
21.33000 840.906 24.1192
21.33300 841.345 23.9939
21.33600 842.036 24.5293
21.33900 842.958 23.338
21.34200 844.087 24.2109
21.34500 845.395 24.3468
21.34800 846.856 23.492
21.35100 848.438 24.1121
21.35400 850.109 23.9663
21.35700 851.836 24.1121
21.36000 853.585 23.7223
21.36300 855.319 24.5959
21.36600 857.005 24.5293
21.36900 858.609 23.4275
21.37200 860.099 23.7893
21.37500 861.447 24.5662
21.37800 862.629 23.9525
21.38100 863.628 24.0146
21.38400 864.43 23.8977
21.38700 865.032 24.1967
21.39000 865.436 24.1262
21.39300 865.652 24.0493
21.39600 865.696 24.544
21.39900 865.591 23.689
21.40200 865.361 24.1896
21.40500 865.036 24.8836
21.40800 864.646 23.9319
21.41100 864.221 24.4631
21.41400 863.792 24.4048
21.41700 863.39 24.8299
21.42000 863.042 23.9388
21.42300 862.777 23.6228
21.42600 862.62 24.3902
21.42900 862.593 24.2251
21.43200 862.718 24.5811
21.43500 863.012 23.6757
21.43800 863.493 23.9663
21.44100 864.174 24.5662
21.44400 865.065 24.6482
21.44700 866.175 24.3757
21.45000 867.509 24.3613
21.45300 869.07 24.1967
21.45600 870.859 24.7613
21.45900 872.872 24.3037
21.46200 875.104 24.3541
21.46500 877.546 25.2136
21.46800 880.189 24.1967
21.47100 883.017 24.8299
21.47400 886.015 25.1022
21.47700 889.164 24.9377
21.48000 892.443 25.1339
21.48300 895.827 24.7841
21.48600 899.292 25.2136
21.48900 902.811 25.6664
21.49200 906.357 24.9922
21.49500 909.9 25.8803
21.49800 913.415 24.9068
21.50100 916.875 25.4576
21.50400 920.256 26.556
21.50700 923.536 25.5488
21.51000 926.698 26.0643
21.51300 929.727 25.9238
21.51600 932.613 25.889
21.51900 935.349 26.1622
21.52200 937.931 26.0643
21.52500 940.358 26.334
21.52800 942.633 26.2251
21.53100 944.758 26.6312
21.53400 946.738 25.7855
21.53700 948.577 26.1891
21.54000 950.281 26.6312
21.54300 951.847 26.4814
21.54600 953.268 26.1622
21.54900 954.538 25.9675
21.55200 955.738 26.6029
21.55500 956.821 26.9093
21.55800 957.789 26.4814
21.56100 958.645 26.2071
21.56400 959.39 26.2794
21.56700 960.028 26.7548
21.57000 960.564 26.2522
21.57300 961.001 27.0567
21.57600 961.344 26.2342
21.57900 961.601 26.4166
21.58200 961.779 26.8899
21.58500 961.887 26.8511
21.58800 961.935 27.5033
21.59100 961.934 27.4618
21.59400 961.897 26.6975
21.59700 961.836 26.4535
21.60000 961.767 26.082
21.60300 961.704 26.9582
21.60600 961.662 26.6785
21.60900 961.656 26.8028
21.61200 961.702 27.0172
21.61500 961.815 27.0964
21.61800 962.009 26.2251
21.62100 962.299 26.8802
21.62400 962.697 26.2161
21.62700 963.216 26.1265
21.63000 963.865 26.4074
21.63300 964.655 26.5279
21.63600 965.591 26.4258
21.63900 966.679 25.599
21.64200 967.923 26.2703
21.64500 969.322 26.5372
21.64800 970.875 26.1087
21.65100 972.578 26.5466
21.65400 974.423 26.8802
21.65700 976.399 25.985
21.66000 978.495 27.1964
21.66300 980.692 26.4535
21.66600 982.971 26.8414
21.66900 985.309 26.6406
21.67200 987.678 27.2065
21.67500 990.048 26.669
21.67800 992.384 27.1263
21.68100 994.65 26.4074
21.68400 996.805 27.1263
21.68700 998.805 27.2671
21.69000 1000.6 27.3896
21.69300 1002.15 27.2367
21.69600 1003.4 27.5345
21.69900 1004.31 27.3793
21.70200 1004.82 27.1563
21.70500 1004.89 27.5869
21.70800 1004.48 27.1563
21.71100 1003.56 26.7261
21.71400 1002.1 26.968
21.71700 1000.07 27.0172
21.72000 997.483 27.5659
21.72300 994.322 26.9386
21.72600 990.601 26.4351
21.72900 986.34 26.5747
21.73200 981.565 25.5321
21.73500 976.312 26.6975
21.73800 970.622 26.4906
21.74100 964.54 26.5372
21.74400 958.114 26.9778
21.74700 951.396 26.2613
21.75000 944.436 25.8544
21.75300 937.285 26.1802
21.75600 929.991 25.8717
21.75900 922.602 26.2432
21.76200 915.162 25.641
21.76500 907.713 25.5571
21.76800 900.294 25.5405
21.77100 892.941 25.278
21.77400 885.686 24.9222
21.77700 878.559 24.4924
21.78000 871.586 24.961
21.78300 864.792 24.8452
21.78600 858.197 24.8836
21.78900 851.819 24.4558
21.79200 845.675 24.1896
21.79500 839.776 24.5293
21.79800 834.132 23.9319
21.80100 828.753 24.4412
21.80400 823.643 24.4704
21.80700 818.805 23.7156
21.81000 814.241 24.4193
21.81300 809.949 23.9182
21.81600 805.929 24.3108
21.81900 802.175 24.1825
21.82200 798.682 23.9046
21.82500 795.444 23.9594
21.82800 792.453 23.9457
21.83100 789.702 23.7624
21.83400 787.184 24.1967
21.83700 784.89 22.9779
21.84000 782.813 23.6426
21.84300 780.948 23.5702
21.84600 779.29 23.2057
21.84900 777.833 23.2182
21.85200 776.577 23.8773
21.85500 775.518 23.8705
21.85800 774.656 23.2119
21.86100 773.992 23.3635
21.86400 773.527 23.5899
21.86700 773.262 23.749
21.87000 773.201 23.5376
21.87300 773.348 22.7508
21.87600 773.705 22.8277
21.87900 774.278 23.3126
21.88200 775.072 23.9182
21.88500 776.092 23.8163
21.88800 777.346 23.4468
21.89100 778.84 23.6823
21.89400 780.582 23.0327
21.89700 782.58 23.6757
21.90000 784.845 23.987
21.90300 787.385 23.7691
21.90600 790.212 24.1121
21.90900 793.337 24.0632
21.91200 796.772 23.796
21.91500 800.529 23.7557
21.91800 804.623 23.9663
21.92100 809.069 24.2821
21.92400 813.88 24.1262
21.92700 819.071 23.9732
21.93000 824.659 24.1825
21.93300 830.658 24.1402
21.93600 837.083 24.4998
21.93900 843.951 24.318
21.94200 851.277 24.5662
21.94500 859.075 24.3685
21.94800 867.362 24.3468
21.95100 876.151 25.1577
21.95400 885.458 24.9455
21.95700 895.298 24.8452
21.96000 905.686 24.961
21.96300 916.64 25.4576
21.96600 928.173 26.0555
21.96900 940.302 25.1657
21.97200 953.04 25.7684
21.97500 966.401 26.7261
21.97800 980.393 26.2251
21.98100 995.023 25.8285
21.98400 1010.29 26.9386
21.98700 1026.19 26.1622
21.99000 1042.7 26.7548
21.99300 1059.81 26.7166
21.99600 1077.47 26.9778
21.99900 1095.65 26.7357
22.00200 1114.29 26.8608
22.00500 1133.32 27.5764
22.00800 1152.66 27.1964
22.01100 1172.22 27.9946
22.01400 1191.88 27.4307
22.01700 1211.53 27.3896
22.02000 1231.04 28.2166
22.02300 1250.24 28.1161
22.02600 1268.99 28.444
22.02900 1287.09 28.3524
22.03200 1304.38 28.4095
22.03500 1320.64 29.0374
22.03800 1335.68 29.3231
22.04100 1349.3 29.5269
22.04400 1361.3 29.1358
22.04700 1371.48 29.6304
22.05000 1379.68 30.1238
22.05300 1385.74 30.415
22.05600 1389.56 30.9492
22.05900 1391.04 29.9745
22.06200 1390.14 30.8167
22.06500 1386.87 31.75
22.06800 1381.27 30.8313
22.07100 1373.42 31.5754
22.07400 1363.45 30.7583
22.07700 1351.49 31.3266
22.08000 1337.72 31.1286
22.08300 1322.34 30.9049
22.08600 1305.53 31.6862
22.08900 1287.52 29.988
22.09200 1268.49 29.7219
22.09500 1248.65 29.9611
22.09800 1228.19 29.3991
22.10100 1207.28 29.4884
22.10400 1186.1 28.8315
22.10700 1164.8 27.8531
22.11000 1143.53 28.1383
22.11300 1122.4 28.1606
22.11600 1101.55 27.9073
22.11900 1081.06 26.7166
22.12200 1061.05 26.6312
22.12500 1041.58 27.0666
22.12800 1022.73 26.3249
22.13100 1004.55 25.9325
22.13400 987.095 26.1622
22.13700 970.4 25.985
22.14000 954.496 25.7513
22.14300 939.403 25.1896
22.14600 925.133 24.6183
22.14900 911.691 24.8759
22.15200 899.076 25.2861
22.15500 887.28 24.8452
22.15800 876.289 24.1543
22.16100 866.085 24.5737
22.16400 856.647 24.1755
22.16700 847.949 23.9251
22.17000 839.962 24.0981
22.17300 832.658 23.9732
22.17600 826.003 24.4851
22.17900 819.966 23.4597
22.18200 814.513 24.4778
22.18500 809.612 23.5702
22.18800 805.23 23.5702
22.19100 801.335 23.1807
22.19400 797.897 24.0008
22.19700 794.886 23.9046
22.20000 792.276 23.0083
22.20300 790.041 23.2621
22.20600 788.157 23.8909
22.20900 786.602 23.1187
22.21200 785.357 23.319
22.21500 784.404 23.6294
22.21800 783.728 23.0449
22.22100 783.315 23.9046
22.22400 783.154 22.8695
22.22700 783.236 23.7289
22.23000 783.553 23.8028
22.23300 784.1 23.9525
22.23600 784.872 23.5376
22.23900 785.865 22.8994
22.24200 787.08 24.5811
22.24500 788.515 23.689
22.24800 790.172 23.6294
22.25100 792.05 24.0354
22.25400 794.154 23.636
22.25700 796.484 23.0144
22.26000 799.043 23.8909
22.26300 801.835 23.319
22.26600 804.86 24.0563
22.26900 808.122 23.7156
22.27200 811.621 24.1967
22.27500 815.358 24.961
22.27800 819.333 24.1543
22.28100 823.543 24.1402
22.28400 827.987 24.7765
22.28700 832.66 24.2821
22.29000 837.556 23.636
22.29300 842.668 24.1121
22.29600 847.987 24.7008
22.29900 853.5 24.8682
22.30200 859.196 24.8913
22.30500 865.06 24.5366
22.30800 871.075 24.961
22.31100 877.225 25.2136
22.31400 883.491 26.0025
22.31700 889.854 26.2885
22.32000 896.297 26.5935
22.32300 902.801 25.5906
22.32600 909.35 26.1712
22.32900 915.929 25.4246
22.33200 922.525 26.0466
22.33500 929.125 25.9151
22.33800 935.719 25.9412
22.34100 942.295 26.5935
22.34400 948.843 26.0466
22.34700 955.352 26.556
22.35000 961.808 26.556
22.35300 968.196 26.6785
22.35600 974.501 27.3077
22.35900 980.703 26.9093
22.36200 986.781 27.027
22.36500 992.712 27.5033
22.36800 998.471 27.1463
22.37100 1004.03 27.4721
22.37400 1009.37 27.4825
22.37700 1014.46 27.6606
22.38000 1019.27 27.7243
22.38300 1023.78 27.3998
22.38600 1027.97 28.1942
22.38900 1031.81 27.7243
22.39200 1035.3 28.183
22.39500 1038.42 28.467
22.39800 1041.15 27.3588
22.40100 1043.48 29.1358
22.40400 1045.42 28.3183
22.40700 1046.96 28.8435
22.41000 1048.1 27.8747
22.41300 1048.84 28.3296
22.41600 1049.18 28.3981
22.41900 1049.13 27.5554
22.42200 1048.68 28.9886
22.42500 1047.85 27.735
22.42800 1046.64 27.2976
22.43100 1045.05 28.5365
22.43400 1043.09 28.0276
22.43700 1040.77 27.7137
22.44000 1038.11 28.2166
22.44300 1035.11 28.1942
22.44600 1031.78 28.0607
22.44900 1028.15 27.4825
22.45200 1024.24 28.0607
22.45500 1020.05 27.7885
22.45800 1015.62 27.3077
22.46100 1010.97 27.9073
22.46400 1006.12 27.7137
22.46700 1001.09 27.4307
22.47000 995.907 26.6029
22.47300 990.599 27.2874
22.47600 985.185 26.7452
22.47900 979.689 26.6501
22.48200 974.132 26.9975
22.48500 968.533 27.5033
22.48800 962.913 26.7644
22.49100 957.29 27.2874
22.49400 951.68 26.2251
22.49700 946.101 26.2161
22.50000 940.567 25.9938
22.50300 935.092 26.1891
22.50600 929.691 26.4443
22.50900 924.375 26.2976
22.51200 919.157 26.389
22.51500 914.048 26.0643
22.51800 909.057 26.1622
22.52100 904.194 26.5093
22.52400 899.467 25.9675
22.52700 894.885 26.0025
22.53000 890.452 26.2342
22.53300 886.175 25.6495
22.53600 882.059 25.8544
22.53900 878.106 25.6917
22.54200 874.319 25.2377
22.54500 870.698 26.0555
22.54800 867.244 25.6158
22.55100 863.954 25.2217
22.55400 860.824 25.2458
22.55700 857.852 25
22.56000 855.032 24.8913
22.56300 852.356 25.0078
22.56600 849.82 24.7083
22.56900 847.416 24.4266
22.57200 845.138 24.9068
22.57500 842.984 24.5366
22.57800 840.958 24.3975
22.58100 839.054 24.5811
22.58400 837.272 24.7765
22.58700 835.611 24.4048
22.59000 834.07 24.3468
22.59300 832.646 24.6407
22.59600 831.336 24.2678
22.59900 830.134 23.6096
22.60200 829.03 24.6557
22.60500 828.016 23.8366
22.60800 827.078 23.2495
22.61100 826.204 24.0563
22.61400 825.376 23.7356
22.61700 824.578 23.7356
22.62000 823.79 23.9319
22.62300 822.992 24.0493
22.62600 822.162 23.6691
22.62900 821.279 23.5637
22.63200 820.323 23.9525
22.63500 819.274 23.8095
22.63800 818.113 22.8994
22.64100 816.825 23.9732
22.64400 815.399 22.9054
22.64700 813.824 23.1621
22.65000 812.098 23.7759
22.65300 810.22 23.8841
22.65600 808.194 23.5115
22.65900 806.028 23.7023
22.66200 803.733 23.4985
22.66500 801.322 23.0266
22.66800 798.812 23.4468
22.67100 796.219 23.4791
22.67400 793.561 23.2119
22.67700 790.856 23.2495
22.68000 788.12 23.1558
22.68300 785.371 23.4597
22.68600 782.624 23.0327
22.68900 779.894 22.8158
22.69200 777.194 23.3635
22.69500 774.536 22.6108
22.69800 771.93 22.6339
22.70100 769.387 22.7567
22.70400 766.915 22.3439
22.70700 764.52 22.7862
22.71000 762.209 22.4394
22.71300 759.986 22.8695
22.71600 757.857 22.8456
22.71900 755.823 22.6166
22.72200 753.888 23.0633
22.72500 752.052 22.9658
22.72800 750.317 22.698
22.73100 748.683 22.9295
22.73400 747.15 22.3384
22.73700 745.716 22.5935
22.74000 744.381 22.4847
22.74300 743.143 23.3954
22.74600 742 23.1372
22.74900 740.95 22.8396
22.75200 739.99 23.1311
22.75500 739.118 22.6166
22.75800 738.331 22.3551
22.76100 737.628 22.984
22.76400 737.005 23.0083
22.76700 736.46 22.7331
22.77000 735.991 22.2552
22.77300 735.597 22.3272
22.77600 735.277 22.7097
22.77900 735.028 22.445
22.78200 734.851 22.605
22.78500 734.747 22.4904
22.78800 734.716 22.739
22.79100 734.759 22.8277
22.79400 734.88 22.9114
22.79700 735.081 22.5246
22.80000 735.368 22.2222
22.80300 735.745 22.6513
22.80600 736.218 22.5992
22.80900 736.797 22.2994
22.81200 737.489 23.0083
22.81500 738.304 22.7155
22.81800 739.255 22.4337
22.82100 740.354 22.6688
22.82400 741.614 22.9054
22.82700 743.053 22.6397
22.83000 744.686 22.4168
22.83300 746.532 22.9658
22.83600 748.61 23.2747
22.83900 750.941 23.0144
22.84200 753.547 22.8635
22.84500 756.45 22.605
22.84800 759.672 22.3775
22.85100 763.239 23.338
22.85400 767.172 23.0633
22.85700 771.497 23.4146
22.86000 776.236 23.7826
22.86300 781.411 22.8337
22.86600 787.044 23.1372
22.86900 793.153 23.1063
22.87200 799.755 23.4468
22.87500 806.866 23.8569
22.87800 814.496 23.7691
22.88100 822.652 23.6624
22.88400 831.339 23.4597
22.88700 840.554 23.8163
22.89000 850.292 23.9801
22.89300 860.54 23.8095
22.89600 871.28 24.3396
22.89900 882.487 23.5571
22.90200 894.13 24.6407
22.90500 906.17 19.111
22.90800 918.561 21.6676
22.91100 931.246 22.6397
22.91400 944.164 22.7685
22.91700 957.242 23.4468
22.92000 970.4 23.6228
22.92300 983.546 23.6492
22.92600 996.582 23.9525
22.92900 1009.4 23.5899
22.93200 1021.87 23.9663
22.93500 1033.88 25.118
22.93800 1045.3 25.0785
22.94100 1055.97 25.0392
22.94400 1065.76 25.5739
22.94700 1074.54 24.8529
22.95000 1082.16 25.118
22.95300 1088.49 25.5655
22.95600 1093.44 25.4411
22.95900 1096.9 25.3185
22.96200 1098.82 25.3429
22.96500 1099.16 25.9412
22.96800 1097.91 25.4906
22.97100 1095.1 25.5655
22.97400 1090.79 25.7428
22.97700 1085.04 25.4329
22.98000 1077.97 25.9412
22.98300 1069.7 25.5822
22.98600 1060.35 25.5571
22.98900 1050.07 25.0706
22.99200 1038.99 25.3755
22.99500 1027.25 25.2861
22.99800 1014.99 24.5366
23.00100 1002.33 25.0313
23.00400 989.395 24.4778
23.00700 976.295 24.0772
23.01000 963.131 24.0493
23.01300 949.997 24.1051
23.01600 936.975 23.8637
23.01900 924.14 23.4211
23.02200 911.559 23.1807
23.02500 899.29 23.2621
23.02800 887.382 22.9597
23.03100 875.877 23.3507
23.03400 864.811 21.6321
23.03700 854.212 22.7567
23.04000 844.1 22.8218
23.04300 834.492 22.2773
23.04600 825.396 22.6281
23.04900 816.817 21.5615
23.05200 808.754 22.5475
23.05500 801.202 22.2773
23.05800 794.152 21.6676
23.06100 787.592 22.8635
23.06400 781.506 22.4961
23.06700 775.876 21.6017
23.07000 770.684 21.7033
23.07300 765.907 21.7803
23.07600 761.523 21.0725
23.07900 757.51 21.1053
23.08200 753.844 22.1187
23.08500 750.501 21.9634
23.08800 747.46 21.4029
23.09100 744.696 21.1194
23.09400 742.19 20.7658
23.09700 739.92 21.1762
23.10000 737.866 21.6321
23.10300 736.01 21.3638
23.10600 734.335 21.2047
23.10900 732.826 21.0398
23.11200 731.467 21.11
23.11500 730.246 21.1952
23.11800 729.151 20.576
23.12100 728.17 20.8651
23.12400 727.295 21.5716
23.12700 726.517 21.0259
23.13000 725.829 21.5716
23.13300 725.223 21.2814
23.13600 724.694 21.3785
23.13900 724.238 21.1383
23.14200 723.849 21.2143
23.14500 723.523 21.4029
23.14800 723.258 21.1383
23.15100 723.051 21.6219
23.15400 722.898 20.624
23.15700 722.798 20.6372
23.16000 722.748 20.8243
23.16300 722.747 21.0912
23.16600 722.793 21.3249
23.16900 722.884 21.4472
23.17200 723.018 21.7391
23.17500 723.195 22.0755
23.17800 723.412 20.2693
23.18100 723.668 21.0166
23.18400 723.961 20.8696
23.18700 724.291 21.1904
23.19000 724.654 20.6636
23.19300 725.05 20.7569
23.19600 725.475 21.2911
23.19900 725.93 21.1857
23.20200 726.41 21.267
23.20500 726.914 21.0725
23.20800 727.44 21.2047
23.21100 727.985 21.6473
23.21400 728.546 21.4768
23.21700 729.121 21.219
23.22000 729.707 21.0119
23.22300 730.301 20.9657
23.22600 730.901 21.3395
23.22900 731.504 21.0119
23.23200 732.108 20.8424
23.23500 732.71 21.6523
23.23800 733.309 21.4423
23.24100 733.901 21.6371
23.24400 734.487 20.748
23.24700 735.063 21.3785
23.25000 735.63 20.8469
23.25300 736.188 21.5166
23.25600 736.736 20.7569
23.25900 737.274 20.6857
23.26200 737.802 20.9842
23.26500 738.321 21.5365
23.26800 738.832 20.7346
23.27100 739.334 21.8426
23.27400 739.831 21.3056
23.27700 740.321 21.0725
23.28000 740.808 21.4868
23.28300 741.292 21.1525
23.28600 741.775 21.1289
23.28900 742.258 21.3541
23.29200 742.743 21.4917
23.29500 743.232 21.8635
23.29800 743.726 20.8198
23.30100 744.228 21.6777
23.30400 744.74 21.5816
23.30700 745.262 20.9565
23.31000 745.798 21.5465
23.31300 746.347 21.5615
23.31600 746.912 22.0166
23.31900 747.492 21.4373
23.32200 748.089 21.2478
23.32500 748.702 21.9423
23.32800 749.331 21.7597
23.33100 749.973 21.9687
23.33400 750.628 21.0678
23.33700 751.292 21.6523
23.34000 751.964 21.8949
23.34300 752.638 22.0166
23.34600 753.312 21.4324
23.34900 753.983 21.5116
23.35200 754.646 21.3638
23.35500 755.3 22.0755
23.35800 755.942 21.5716
23.36100 756.571 21.3492
23.36400 757.189 21.1289
23.36700 757.797 21.3638
23.37000 758.399 22.1567
23.37300 758.999 21.3298
23.37600 759.604 22.1187
23.37900 760.22 21.4868
23.38200 760.855 22.3663
23.38500 761.517 21.9317
23.38800 762.213 22.0219
23.39100 762.953 22.3272
23.39400 763.743 21.6017
23.39700 764.59 22.1676
23.40000 765.502 21.8166
23.40300 766.484 21.6068
23.40600 767.543 22.4563
23.40900 768.684 21.3443
23.41200 769.911 22.3495
23.41500 771.228 22.1133
23.41800 772.638 22.3217
23.42100 774.145 22.0273
23.42400 775.749 21.9159
23.42700 777.452 22.3999
23.43000 779.256 22.3831
23.43300 781.158 22.1894
23.43600 783.158 21.937
23.43900 785.255 21.7907
23.44200 787.447 22.5189
23.44500 789.729 22.7508
23.44800 792.099 22.5589
23.45100 794.552 23.1125
23.45400 797.082 22.5992
23.45700 799.685 22.7803
23.46000 802.353 22.7921
23.46300 805.08 22.2884
23.46600 807.859 22.8277
23.46900 810.681 22.4677
23.47200 813.538 22.9416
23.47500 816.42 23.0388
23.47800 819.319 23.4597
23.48100 822.224 23.9046
23.48400 825.124 23.0144
23.48700 828.009 22.6513
23.49000 830.866 23.1125
23.49300 833.683 23.389
23.49600 836.449 23.4791
23.49900 839.15 22.6281
23.50200 841.773 23.4662
23.50500 844.306 23.7624
23.50800 846.734 23.8637
23.51100 849.045 23.2621
23.51400 851.225 23.9388
23.51700 853.261 23.5571
23.52000 855.141 23.505
23.52300 856.852 23.636
23.52600 858.385 23.987
23.52900 859.728 22.6746
23.53200 860.874 23.8163
23.53500 861.814 24.1543
23.53800 862.542 23.4985
23.54100 863.055 24.0146
23.54400 863.349 23.1311
23.54700 863.423 23.9663
23.55000 863.279 23.4533
23.55300 862.92 23.9388
23.55600 862.348 23.9251
23.55900 861.571 23.5899
23.56200 860.596 23.3698
23.56500 859.432 23.9939
23.56800 858.087 23.6691
23.57100 856.574 23.7089
23.57400 854.903 23.5702
23.57700 853.087 23.636
23.58000 851.139 23.2495
23.58300 849.07 22.698
23.58600 846.894 23.4339
23.58900 844.624 23.0083
23.59200 842.272 23.3
23.59500 839.851 22.9597
23.59800 837.373 23.2558
23.60100 834.849 23.3762
23.60400 832.29 23.3507
23.60700 829.708 23.603
23.61000 827.113 23.2057
23.61300 824.514 22.9718
23.61600 821.921 23.2182
23.61900 819.342 22.5246
23.62200 816.786 23.1621
23.62500 814.259 23.0571
23.62800 811.77 22.6805
23.63100 809.325 23.2057
23.63400 806.929 23.2495
23.63700 804.588 22.3887
23.64000 802.308 22.2332
23.64300 800.093 22.9961
23.64600 797.946 23.1994
23.64900 795.873 23.0022
23.65200 793.875 22.9235
23.65500 791.956 22.0971
23.65800 790.119 22.0863
23.66100 788.364 22.6805
23.66400 786.695 22.0594
23.66700 785.111 22.7273
23.67000 783.615 22.9175
23.67300 782.207 22.5819
23.67600 780.886 22.5877
23.67900 779.654 22.5303
23.68200 778.51 22.6224
23.68500 777.453 22.3495
23.68800 776.483 22.4394
23.69100 775.598 22.7038
23.69400 774.798 22.6397
23.69700 774.082 22.2003
23.70000 773.447 22.2003
23.70300 772.893 21.9054
23.70600 772.418 22.3328
23.70900 772.02 22.1839
23.71200 771.697 22.3775
23.71500 771.447 22.6166
23.71800 771.268 22.1894
23.72100 771.159 22.3439
23.72400 771.116 21.6523
23.72700 771.139 22.0166
23.73000 771.224 22.6339
23.73300 771.369 21.9265
23.73600 771.572 22.5589
23.73900 771.83 22.6108
23.74200 772.14 22.2884
23.74500 772.499 22.5475
23.74800 772.905 22.5475
23.75100 773.353 22.0273
23.75400 773.84 22.4168
23.75700 774.362 22.7567
23.76000 774.915 22.5303
23.76300 775.494 22.3663
23.76600 776.095 22.5189
23.76900 776.713 22.8337
23.77200 777.343 21.8844
23.77500 777.978 22.3719
23.77800 778.614 21.5465
23.78100 779.245 22.2387
23.78400 779.864 22.536
23.78700 780.466 22.2939
23.79000 781.045 22.0594
23.79300 781.595 22.6166
23.79600 782.109 22.5417
23.79900 782.582 22.1567
23.80200 783.009 22.3831
23.80500 783.382 22.0487
23.80800 783.698 22.1785
23.81100 783.95 22.5589
23.81400 784.135 22.4337
23.81700 784.247 22.2003
23.82000 784.284 22.5475
23.82300 784.242 21.7084
23.82600 784.119 22.479
23.82900 783.913 22.1241
23.83200 783.625 22.6339
23.83500 783.253 22.5704
23.83800 782.8 21.937
23.84100 782.268 22.6805
23.84400 781.66 21.853
23.84700 780.98 22.5704
23.85000 780.235 22.5704
23.85300 779.428 22.5589
23.85600 778.568 22.6921
23.85900 777.661 22.2113
23.86200 776.714 22.479
23.86500 775.733 22.3495
23.86800 774.727 22.5132
23.87100 773.703 21.8844
23.87400 772.666 22.0326
23.87700 771.622 22.3943
23.88000 770.577 22.1025
23.88300 769.534 22.0326
23.88600 768.498 21.9265
23.88900 767.471 22.2058
23.89200 766.453 22.2058
23.89500 765.447 22.1133
23.89800 764.45 21.8166
23.90100 763.462 22.0059
23.90400 762.481 21.4571
23.90700 761.503 22.1458
23.91000 760.527 21.7033
23.91300 759.549 21.6625
23.91600 758.568 21.7237
23.91900 757.584 21.6422
23.92200 756.595 21.9317
23.92500 755.603 21.9953
23.92800 754.609 22.2662
23.93100 753.615 21.5716
23.93400 752.624 21.9529
23.93700 751.638 21.3638
23.94000 750.659 21.734
23.94300 749.692 21.6982
23.94600 748.738 21.827
23.94900 747.801 21.5816
23.95200 746.885 21.5917
23.95500 745.992 21.6068
23.95800 745.128 21.5816
23.96100 744.297 21.2478
23.96400 743.501 21.7803
23.96700 742.746 21.2
23.97000 742.034 22.2167
23.97300 741.371 21.8582
23.97600 740.759 21.5415
23.97900 740.202 21.6068
23.98200 739.702 22.2113
23.98500 739.262 21.2478
23.98800 738.884 20.9842
23.99100 738.57 21.6017
23.99400 738.321 21.4818
23.99700 738.14 21.4127
24.00000 738.025 21.7391
24.00300 737.98 21.7084
24.00600 738.003 21.5766
24.00900 738.095 21.6017
24.01200 738.257 21.6727
24.01500 738.489 21.8582
24.01800 738.789 21.3007
24.02100 739.158 21.7494
24.02400 739.596 21.7391
24.02700 740.101 21.398
24.03000 740.674 21.7186
24.03300 741.313 21.2959
24.03600 742.017 22.6688
24.03900 742.786 21.734
24.04200 743.618 22.1404
24.04500 744.509 22.0755
24.04800 745.462 21.6523
24.05100 746.475 21.801
24.05400 747.545 21.0772
24.05700 748.67 21.6523
24.06000 749.848 21.1714
24.06300 751.077 21.4078
24.06600 752.353 21.7289
24.06900 753.673 21.4967
24.07200 755.035 22.0809
24.07500 756.434 21.8426
24.07800 757.867 21.1952
24.08100 759.329 22.5018
24.08400 760.816 21.4324
24.08700 762.323 21.6017
24.09000 763.845 21.5465
24.09300 765.377 22.0006
24.09600 766.913 22.2828
24.09900 768.446 21.7443
24.10200 769.971 21.77
24.10500 771.481 21.6777
24.10800 772.969 21.6777
24.11100 774.43 22.3384
24.11400 775.857 21.6727
24.11700 777.242 23.1869
24.12000 778.58 22.0166
24.12300 779.865 21.5315
24.12600 781.092 22.2939
24.12900 782.254 22.3161
24.13200 783.348 22.3495
24.13500 784.371 22.5647
24.13800 785.319 22.2222
24.14100 786.192 22.4507
24.14400 786.988 22.1241
24.14700 787.709 22.4394
24.15000 788.356 21.5365
24.15300 788.931 22.5992
24.15600 789.44 22.605
24.15900 789.886 21.8582
24.16200 790.277 22.6166
24.16500 790.618 22.7626
24.16800 790.917 22.8218
24.17100 791.183 22.2332
24.17400 791.424 21.7237
24.17700 791.65 21.8374
24.18000 791.87 21.7959
24.18300 792.093 23.0817
24.18600 792.329 22.2607
24.18900 792.586 22.3887
24.19200 792.874 22.2939
24.19500 793.202 22.4224
24.19800 793.577 22.1512
24.20100 794.008 23.1125
24.20400 794.501 22.3775
24.20700 795.063 22.5303
24.21000 795.701 22.1404
24.21300 796.418 22.7862
24.21600 797.22 22.2994
24.21900 798.112 21.8792
24.22200 799.095 22.7273
24.22500 800.173 22.3607
24.22800 801.348 22.8158
24.23100 802.621 22.663
24.23400 803.993 23.2936
24.23700 805.463 22.4507
24.24000 807.03 22.8515
24.24300 808.694 22.9416
24.24600 810.452 22.663
24.24900 812.301 22.9476
24.25200 814.237 22.5532
24.25500 816.257 22.1241
24.25800 818.355 22.5475
24.26100 820.527 22.9597
24.26400 822.766 22.9175
24.26700 825.065 23.389
24.27000 827.417 21.7443
24.27300 829.813 22.99
24.27600 832.246 22.7508
24.27900 834.705 23.281
24.28200 837.182 23.3
24.28500 839.665 23.2307
24.28800 842.145 22.7862
24.29100 844.609 23.1932
24.29400 847.048 23.6691
24.29700 849.448 23.1249
24.30000 851.799 23.9046
24.30300 854.089 23.6956
24.30600 856.305 23.6228
24.30900 858.436 23.2621
24.31200 860.472 23.8298
24.31500 862.4 23.4791
24.31800 864.212 23.531
24.32100 865.898 23.8298
24.32400 867.448 23.8637
24.32700 868.856 24.0632
24.33000 870.114 23.9525
24.33300 871.218 23.4662
24.33600 872.162 23.9251
24.33900 872.944 23.4468
24.34200 873.562 23.5768
24.34500 874.013 23.4339
24.34800 874.299 23.4985
24.35100 874.42 24.3685
24.35400 874.378 23.281
24.35700 874.176 23.9801
24.36000 873.815 24.2678
24.36300 873.299 23.6956
24.36600 872.633 23.8637
24.36900 871.82 23.9182
24.37200 870.865 24.0424
24.37500 869.772 23.8909
24.37800 868.546 24.0981
24.38100 867.191 23.6691
24.38400 865.712 23.9525
24.38700 864.115 24.3396
24.39000 862.404 23.4533
24.39300 860.584 23.7223
24.39600 858.66 23.6624
24.39900 856.639 23.2307
24.40200 854.524 23.7624
24.40500 852.322 24.0215
24.40800 850.038 23.8773
24.41100 847.678 22.9355
24.41400 845.246 24.0354
24.41700 842.748 23.319
24.42000 840.19 23.1683
24.42300 837.575 23.1496
24.42600 834.909 23.2747
24.42900 832.197 23.4662
24.43200 829.442 23.1621
24.43500 826.647 23.0817
24.43800 823.818 22.8934
24.44100 820.955 23.281
24.44400 818.064 22.3439
24.44700 815.146 22.8934
24.45000 812.206 22.8456
24.45300 809.245 23.4985
24.45600 806.269 23.5245
24.45900 803.282 22.6863
24.46200 800.288 23.2936
24.46500 797.294 22.4337
24.46800 794.307 22.4168
24.47100 791.332 22.038
24.47400 788.377 22.3999
24.47700 785.449 22.3943
24.48000 782.556 21.7084
24.48300 779.704 22.2113
24.48600 776.901 22.1133
24.48900 774.152 21.99
24.49200 771.464 22.5132
24.49500 768.841 22.6921
24.49800 766.288 21.8739
24.50100 763.809 22.6863
24.50400 761.409 22.7097
24.50700 759.089 21.9054
24.51000 756.853 21.7959
24.51300 754.702 21.7289
24.51600 752.638 21.77
24.51900 750.663 21.462
24.52200 748.776 22.0541
24.52500 746.979 21.4127
24.52800 745.271 21.2526
24.53100 743.652 21.9159
24.53400 742.12 21.734
24.53700 740.676 21.5066
24.54000 739.317 21.7597
24.54300 738.043 21.6068
24.54600 736.851 21.4719
24.54900 735.739 21.853
24.55200 734.705 21.8896
24.55500 733.748 21.4176
24.55800 732.864 21.5716
24.56100 732.051 22.2003
24.56400 731.306 21.3249
24.56700 730.627 21.6625
24.57000 730.012 20.9934
24.57300 729.456 22.5762
24.57600 728.959 22.2442
24.57900 728.516 21.827
24.58200 728.125 21.4176
24.58500 727.784 21.9107
24.58800 727.49 21.267
24.59100 727.24 21.627
24.59400 727.031 21.2622
24.59700 726.861 20.9015
24.60000 726.728 21.3736
24.60300 726.628 21.6169
24.60600 726.56 22.2277
24.60900 726.521 21.2478
24.61200 726.509 21.5917
24.61500 726.521 21.9054
24.61800 726.556 21.6676
24.62100 726.612 22.305
24.62400 726.686 21.5265
24.62700 726.776 21.6828
24.63000 726.882 22.0648
24.63300 727.002 21.6828
24.63600 727.134 21.6169
24.63900 727.277 21.5515
24.64200 727.431 21.7959
24.64500 727.594 21.2959
24.64800 727.767 21.6574
24.65100 727.949 21.8114
24.65400 728.139 21.6574
24.65700 728.339 21.4226
24.66000 728.549 21.937
24.66300 728.771 21.3201
24.66600 729.004 21.9847
24.66900 729.252 21.2814
24.67200 729.515 22.5762
24.67500 729.796 22.0219
24.67800 730.098 21.3589
24.68100 730.423 22.0059
24.68400 730.774 21.99
24.68700 731.155 21.827
24.69000 731.569 21.4423
24.69300 732.021 21.7289
24.69600 732.514 21.9317
24.69900 733.052 21.7959
24.70200 733.639 21.5816
24.70500 734.281 21.6982
24.70800 734.98 21.8166
24.71100 735.743 21.99
24.71400 736.573 22.3551
24.71700 737.474 21.6321
24.72000 738.452 21.3249
24.72300 739.51 21.6321
24.72600 740.653 21.0865
24.72900 741.884 21.3638
24.73200 743.208 21.5116
24.73500 744.628 21.3589
24.73800 746.147 20.9795
24.74100 747.769 21.6068
24.74400 749.495 22.1948
24.74700 751.328 21.974
24.75000 753.271 21.7907
24.75300 755.323 21.3443
24.75600 757.487 21.8582
24.75900 759.763 21.5666
24.76200 762.15 22.3775
24.76500 764.647 21.2959
24.76800 767.253 21.9529
24.77100 769.967 21.9317
24.77400 772.785 22.2058
24.77700 775.704 21.6068
24.78000 778.72 21.9687
24.78300 781.828 21.7135
24.78600 785.022 21.8949
24.78900 788.297 21.7135
24.79200 791.644 22.0326
24.79500 795.056 21.6017
24.79800 798.524 22.0541
24.80100 802.038 22.1025
24.80400 805.589 22.3887
24.80700 809.165 22.5704
24.81000 812.753 22.2058
24.81300 816.342 22.3831
24.81600 819.918 22.3887
24.81900 823.466 21.8582
24.82200 826.972 22.6455
24.82500 830.419 22.2277
24.82800 833.791 21.8114
24.83100 837.072 22.4847
24.83400 840.245 22.9779
24.83700 843.291 22.6921
24.84000 846.193 22.5532
24.84300 848.935 23.1683
24.84600 851.499 22.8575
24.84900 853.868 22.1785
24.85200 856.029 22.9597
24.85500 857.967 22.7038
24.85800 859.67 23.1621
24.86100 861.129 23.1621
24.86400 862.336 23.4404
24.86700 863.285 23.1434
24.87000 863.975 22.7626
24.87300 864.405 23.2621
24.87600 864.579 22.9416
24.87900 864.501 22.6397
24.88200 864.18 23.1932
24.88500 863.624 23.4726
24.88800 862.847 22.698
24.89100 861.86 23.2936
24.89400 860.677 22.9779
24.89700 859.313 22.7744
24.90000 857.783 22.9537
24.90300 856.1 22.7449
24.90600 854.279 23.0083
24.90900 852.335 22.8575
24.91200 850.278 23.5899
24.91500 848.122 22.4112
24.91800 845.877 22.7567
24.92100 843.553 22.8575
24.92400 841.159 23.8841
24.92700 838.702 23.1994
24.93000 836.189 22.8277
24.93300 833.625 23.0817
24.93600 831.015 22.9114
24.93900 828.364 22.2222
24.94200 825.674 22.5475
24.94500 822.948 23.0144
24.94800 820.19 22.3439
24.95100 817.402 22.8515
24.95400 814.585 22.5303
24.95700 811.742 22.5992
24.96000 808.875 22.8099
24.96300 805.987 22.5303
24.96600 803.079 23.1063
24.96900 800.155 21.9423
24.97200 797.218 22.5246
24.97500 794.272 22.7744
24.97800 791.32 22.1567
24.98100 788.368 22.6166
24.98400 785.418 22.4168
24.98700 782.478 22.3328
24.99000 779.552 21.9317
24.99300 776.646 22.2718
24.99600 773.765 21.7907
24.99900 770.916 20.0926
25.00200 768.104 18.2392
25.00500 765.335 19.5853
25.00800 762.615 19.6951
25.01100 759.947 20.1701
25.01400 757.338 20.1129
25.01700 754.792 20.5716
25.02000 752.311 20.4209
25.02300 749.901 20.4337
25.02600 747.563 20.668
25.02900 745.3 20.7928
25.03200 743.115 20.3531
25.03500 741.009 20.3195
25.03800 738.983 20.0764
25.04100 737.039 20.5673
25.04400 735.176 20.6636
25.04700 733.395 20.4508
25.05000 731.696 20.3195
25.05300 730.078 20.7703
25.05600 728.54 20.4167
25.05900 727.082 19.5815
25.06200 725.702 20.004
25.06500 724.399 20.9381
25.06800 723.171 20.2652
25.07100 722.017 20.0603
25.07400 720.936 19.9086
25.07700 719.923 20.2569
25.08000 718.976 20.2902
25.08300 718.095 20.3363
25.08600 717.276 20.008
25.08900 716.516 20.1374
25.09200 715.814 20.02
25.09500 715.166 20.5325
25.09800 714.57 20.0724
25.10100 714.023 20.8651
25.10400 713.523 20.4808
25.10700 713.065 19.8732
25.11000 712.649 20.2735
25.11300 712.27 20.5152
25.11600 711.926 20.02
25.11900 711.615 20.3658
25.12200 711.333 20.1374
25.12500 711.079 19.6875
25.12800 710.85 19.6456
25.13100 710.642 19.8771
25.13400 710.455 19.7104
25.13700 710.285 19.9442
25.14000 710.131 20.1825
25.14300 709.99 20.2278
25.14600 709.86 20.5196
25.14900 709.741 19.9323
25.15200 709.629 19.9205
25.15500 709.524 20.2278
25.15800 709.425 20.3869
25.16100 709.329 20.5239
25.16400 709.237 20.3363
25.16700 709.148 19.9126
25.17000 709.06 19.7758
25.17300 708.974 20.1538
25.17600 708.889 20.6109
25.17900 708.806 19.9601
25.18200 708.725 19.9323
25.18500 708.646 20.2278
25.18800 708.57 20.4294
25.19100 708.498 20.5412
25.19400 708.431 20.3912
25.19700 708.369 19.6116
25.20000 708.314 20.3574
25.20300 708.267 20.1497
25.20600 708.229 19.6989
25.20900 708.201 19.9205
25.21200 708.184 20.3447
25.21500 708.178 20.9061
25.21800 708.186 20.3447
25.22100 708.208 19.7028
25.22400 708.244 20.3574
25.22700 708.294 20.1701
25.23000 708.36 19.8771
25.23300 708.441 20.3574
25.23600 708.537 20.2527
25.23900 708.648 19.5441
25.24200 708.774 20.3869
25.24500 708.913 20.004
25.24800 709.066 19.6267
25.25100 709.231 20.1948
25.25400 709.407 19.9403
25.25700 709.592 20.3531
25.26000 709.785 20.2527
25.26300 709.984 20.3363
25.26600 710.187 20.5412
25.26900 710.392 20.2527
25.27200 710.596 20.8108
25.27500 710.799 20.4209
25.27800 710.996 20.3912
25.28100 711.185 20.2527
25.28400 711.366 20.3531
25.28700 711.534 20.012
25.29000 711.69 21.0073
25.29300 711.832 19.976
25.29600 711.96 20.5629
25.29900 712.075 20.3279
25.30200 712.178 20.4937
25.30500 712.27 20.1211
25.30800 712.356 20.4124
25.31100 712.439 20.8379
25.31400 712.523 20.1538
25.31700 712.612 19.6913
25.32000 712.712 20.5239
25.32300 712.826 20.0805
25.32600 712.96 20.4851
25.32900 713.118 20.1211
25.33200 713.305 19.9323
25.33500 713.524 20.668
25.33800 713.781 20.2777
25.34100 714.077 20.2735
25.34400 714.418 20.3785
25.34700 714.805 20.699
25.35000 715.241 20.5934
25.35300 715.729 20.4594
25.35600 716.272 20.5934
25.35900 716.87 20.7212
25.36200 717.525 20.2154
25.36500 718.238 20.2986
25.36800 719.011 20.3531
25.37100 719.843 20.3912
25.37400 720.735 20.5803
25.37700 721.685 20.3279
25.38000 722.694 20.3111
25.38300 723.761 20.1089
25.38600 724.883 20.9795
25.38900 726.059 21.0352
25.39200 727.287 21.3249
25.39500 728.563 20.4679
25.39800 729.885 20.37
25.40100 731.25 20.7257
25.40400 732.652 20.2818
25.40700 734.088 20.646
25.41000 735.551 20.8153
25.41300 737.038 19.984
25.41600 738.54 20.9795
25.41900 740.052 20.9381
25.42200 741.566 20.6328
25.42500 743.075 21.3298
25.42800 744.569 20.3153
25.43100 746.04 20.7793
25.43400 747.48 21.0027
25.43700 748.88 20.624
25.44000 750.231 21.4324
25.44300 751.524 20.8924
25.44600 752.753 21.2095
25.44900 753.912 21.0819
25.45200 754.994 20.699
25.45500 755.995 21.3152
25.45800 756.914 20.7928
25.46100 757.75 21.3931
25.46400 758.503 21.3056
25.46700 759.174 20.7614
25.47000 759.768 21.5766
25.47300 760.289 21.5415
25.47600 760.742 21.0725
25.47900 761.132 21.1572
25.48200 761.466 21.2862
25.48500 761.75 21.1053
25.48800 761.99 21.5415
25.49100 762.194 21.1619
25.49400 762.365 21.1289
25.49700 762.511 21.0259
25.50000 762.637 21.0959
25.50300 762.749 21.0538
25.50600 762.85 21.462
25.50900 762.946 21.5166
25.51200 763.041 21.4226
25.51500 763.139 21.4669
25.51800 763.245 21.4176
25.52100 763.363 21.4917
25.52400 763.495 21.3298
25.52700 763.647 21.0912
25.53000 763.821 21.3785
25.53300 764.022 21.6473
25.53600 764.251 21.7237
25.53900 764.514 21.1241
25.54200 764.813 21.9212
25.54500 765.152 21.2814
25.54800 765.533 20.9381
25.55100 765.96 21.4521
25.55400 766.435 21.4324
25.55700 766.962 21.1053
25.56000 767.543 21.5066
25.56300 768.179 20.9842
25.56600 768.874 21.3833
25.56900 769.63 21.0305
25.57200 770.447 21.3687
25.57500 771.327 21.4719
25.57800 772.273 20.9749
25.58100 773.283 21.9687
25.58400 774.359 20.7748
25.58700 775.5 21.4029
25.59000 776.707 21.2718
25.59300 777.978 21.2862
25.59600 779.312 21.5066
25.59900 780.708 21.2095
25.60200 782.163 20.9565
25.60500 783.675 22.1676
25.60800 785.241 21.2862
25.61100 786.858 21.7391
25.61400 788.521 21.2334
25.61700 790.227 20.9611
25.62000 791.971 21.3931
25.62300 793.748 21.6574
25.62600 795.553 21.627
25.62900 797.38 21.3785
25.63200 799.225 21.2718
25.63500 801.08 21.8218
25.63800 802.94 21.2814
25.64100 804.798 21.9159
25.64400 806.649 21.4521
25.64700 808.484 22.0006
25.65000 810.297 22.2113
25.65300 812.08 21.7597
25.65600 813.825 22.4281
25.65900 815.524 21.9793
25.66200 817.168 21.6828
25.66500 818.747 21.7443
25.66800 820.251 21.4768
25.67100 821.671 21.9159
25.67400 822.995 21.3541
25.67700 824.211 21.3736
25.68000 825.31 21.734
25.68300 826.278 21.3007
25.68600 827.106 21.8687
25.68900 827.783 21.8322
25.69200 828.299 22.038
25.69500 828.646 21.8478
25.69800 828.816 22.0059
25.70100 828.806 22.1785
25.70400 828.612 22.2552
25.70700 828.233 22.0702
25.71000 827.671 22.0648
25.71300 826.931 21.7391
25.71600 826.019 21.5967
25.71900 824.944 21.2862
25.72200 823.717 22.1894
25.72500 822.35 22.5704
25.72800 820.858 22.0917
25.73100 819.256 21.9687
25.73400 817.558 21.7391
25.73700 815.782 22.0059
25.74000 813.942 22.0971
25.74300 812.055 21.5917
25.74600 810.136 22.0219
25.74900 808.199 21.9317
25.75200 806.259 21.0631
25.75500 804.328 21.3249
25.75800 802.417 21.5515
25.76100 800.539 22.2939
25.76400 798.703 21.4669
25.76700 796.918 21.3638
25.77000 795.192 21.8062
25.77300 793.532 21.2238
25.77600 791.944 21.6879
25.77900 790.432 21.2478
25.78200 789.002 21.2286
25.78500 787.656 20.9106
25.78800 786.396 21.3492
25.79100 785.223 21.3201
25.79400 784.14 21.2911
25.79700 783.144 20.8018
25.80000 782.235 21.4226
25.80300 781.412 21.1053
25.80600 780.672 21.3298
25.80900 780.012 20.7658
25.81200 779.428 21.0445
25.81500 778.915 21.4521
25.81800 778.47 20.9473
25.82100 778.085 21.4078
25.82400 777.756 21.0398
25.82700 777.475 20.8696
25.83000 777.237 21.5565
25.83300 777.034 21.2238
25.83600 776.859 21.4669
25.83900 776.705 21.0819
25.84200 776.564 20.7793
25.84500 776.43 21.0259
25.84800 776.295 21.2911
25.85100 776.152 21.3882
25.85400 775.996 21.0585
25.85700 775.819 20.9519
25.86000 775.617 21.0166
25.86300 775.386 20.9152
25.86600 775.12 20.998
25.86900 774.817 20.5803
25.87200 774.474 21.0819
25.87500 774.089 21.3201
25.87800 773.661 20.7973
25.88100 773.189 21.4029
25.88400 772.675 21.3249
25.88700 772.118 21.4472
25.89000 771.52 21.0352
25.89300 770.884 21.2959
25.89600 770.21 20.8605
25.89900 769.503 20.9611
25.90200 768.764 21.243
25.90500 767.996 21.0073
25.90800 767.204 20.6857
25.91100 766.389 21.4472
25.91400 765.556 21.4768
25.91700 764.707 21.3104
25.92000 763.845 20.6857
25.92300 762.973 20.7435
25.92600 762.094 21.1194
25.92900 761.211 21.3443
25.93200 760.326 21.4078
25.93500 759.442 20.8333
25.93800 758.56 20.9749
25.94100 757.683 20.8063
25.94400 756.812 20.589
25.94700 755.949 20.4124
25.95000 755.096 21.2766
25.95300 754.254 21.1714
25.95600 753.425 21.0491
25.95900 752.609 21.0166
25.96200 751.807 20.856
25.96500 751.021 21.0166
25.96800 750.252 21.0865
25.97100 749.501 20.8924
25.97400 748.768 21.0725
25.97700 748.055 20.4894
25.98000 747.363 20.6328
25.98300 746.693 21.0166
25.98600 746.047 20.7346
25.98900 745.426 20.8243
25.99200 744.832 21.3882
25.99500 744.267 20.748
25.99800 743.734 20.6372
26.00100 743.234 21.0631
26.00400 742.771 20.8469
26.00700 742.348 20.6548
26.01000 741.966 20.5196
26.01300 741.631 20.9795
26.01600 741.345 21.2334
26.01900 741.112 20.3531
26.02200 740.935 20.9198
26.02500 740.817 20.9198
26.02800 740.763 20.8605
26.03100 740.776 21.1904
26.03400 740.859 20.7658
26.03700 741.014 20.2154
26.04000 741.244 20.4039
26.04300 741.552 20.0724
26.04600 741.94 20.8696
26.04900 742.407 20.7123
26.05200 742.957 20.7658
26.05500 743.587 20.5803
26.05800 744.298 20.5455
26.06100 745.089 20.9473
26.06400 745.957 20.3195
26.06700 746.9 20.9061
26.07000 747.913 21.1241
26.07300 748.994 20.5934
26.07600 750.135 21.3298
26.07900 751.331 20.8379
26.08200 752.575 20.5239
26.08500 753.858 20.7346
26.08800 755.171 20.8514
26.09100 756.504 21.1194
26.09400 757.845 20.7079
26.09700 759.184 21.3833
26.10000 760.505 21.267
26.10300 761.797 20.7793
26.10600 763.043 20.9934
26.10900 764.228 20.9243
26.11200 765.337 21.0725
26.11500 766.354 21.0305
26.11800 767.262 21.2959
26.12100 768.047 21.5166
26.12400 768.696 20.8651
26.12700 769.195 21.2718
26.13000 769.534 21.6523
26.13300 769.707 21.1904
26.13600 769.709 21.7959
26.13900 769.538 21.1714
26.14200 769.198 21.5116
26.14500 768.693 21.4719
26.14800 768.033 21.6219
26.15100 767.229 21.4275
26.15400 766.295 21.7135
26.15700 765.248 20.9473
26.16000 764.104 21.1857
26.16300 762.882 20.9473
26.16600 761.601 21.4226
26.16900 760.279 20.6769
26.17200 758.936 21.0725
26.17500 757.589 21.1477
26.17800 756.257 21.2959
26.18100 754.956 21.4571
26.18400 753.703 21.5315
26.18700 752.512 21.3785
26.19000 751.4 21.4078
26.19300 750.379 21.4521
26.19600 749.463 21.4472
26.19900 748.664 20.5325
26.20200 747.994 20.5978
26.20500 747.465 21.2095
26.20800 747.086 20.7257
26.21100 746.867 20.8878
26.21400 746.818 21.0959
26.21700 746.948 20.8018
26.22000 747.264 20.9473
26.22300 747.774 21.6371
26.22600 748.485 20.7123
26.22900 749.403 21.1904
26.23200 750.535 21.1477
26.23500 751.885 20.9888
26.23800 753.459 20.7703
26.24100 755.261 21.5166
26.24400 757.294 21.3492
26.24700 759.563 20.8469
26.25000 762.069 21.2911
26.25300 764.815 21.3638
26.25600 767.802 21.0445
26.25900 771.03 21.267
26.26200 774.501 21.6676
26.26500 778.213 21.2574
26.26800 782.164 21.3833
26.27100 786.354 21.0678
26.27400 790.777 21.4818
26.27700 795.432 21.8166
26.28000 800.312 21.9847
26.28300 805.411 21.4127
26.28600 810.723 21.8792
26.28900 816.24 22.4733
26.29200 821.951 22.2662
26.29500 827.846 22.1676
26.29800 833.914 22.0863
26.30100 840.141 22.5132
26.30400 846.512 22.0326
26.30700 853.011 22.4055
26.31000 859.62 22.6166
26.31300 866.32 22.1839
26.31600 873.09 22.6397
26.31900 879.907 22.8396
26.32200 886.746 23.0266
26.32500 893.583 22.8218
26.32800 900.387 22.5877
26.33100 907.131 23.603
26.33400 913.781 23.505
26.33700 920.306 23.1125
26.34000 926.67 23.1249
26.34300 932.837 23.8095
26.34600 938.771 23.7289
26.34900 944.433 23.3635
26.35200 949.784 23.7289
26.35500 954.788 23.9525
26.35800 959.407 23.7557
26.36100 963.604 23.9525
26.36400 967.348 23.8366
26.36700 970.606 23.8028
26.37000 973.351 23.3954
26.37300 975.563 23.4985
26.37600 977.222 23.8501
26.37900 978.317 24.2038
26.38200 978.843 23.7759
26.38500 978.799 23.9939
26.38800 978.192 23.8298
26.39100 977.033 24.4631
26.39400 975.341 24.318
26.39700 973.138 23.8773
26.40000 970.452 24.1051
26.40300 967.313 24.2893
26.40600 963.756 24.318
26.40900 959.816 23.987
26.41200 955.531 23.531
26.41500 950.939 23.3762
26.41800 946.08 23.5965
26.42100 940.992 23.8773
26.42400 935.713 23.9114
26.42700 930.283 24.0493
26.43000 924.736 23.4018
26.43300 919.109 23.5115
26.43600 913.435 23.0144
26.43900 907.746 23.7223
26.44200 902.072 23.9182
26.44500 896.443 23.1869
26.44800 890.883 22.7626
26.45100 885.419 23.3444
26.45400 880.071 22.7155
26.45700 874.862 22.8277
26.46000 869.809 23.1558
26.46300 864.93 22.7097
26.46600 860.239 22.5647
26.46900 855.751 22.4563
26.47200 851.476 23.094
26.47500 847.425 22.3663
26.47800 843.607 22.8874
26.48100 840.027 21.627
26.48400 836.692 22.4337
26.48700 833.606 22.1349
26.49000 830.77 22.4281
26.49300 828.187 22.605
26.49600 825.856 22.2552
26.49900 823.776 21.5917
26.50200 821.945 22.0755
26.50500 820.36 21.5917
26.50800 819.016 21.6422
26.51100 817.908 22.3105
26.51400 817.03 22.2552
26.51700 816.377 22.2828
26.52000 815.94 21.3443
26.52300 815.712 21.7546
26.52600 815.685 22.2497
26.52900 815.851 22.1512
26.53200 816.199 22.2442
26.53500 816.723 22.0113
26.53800 817.411 22.3495
26.54100 818.254 22.462
26.54400 819.243 22.4847
26.54700 820.367 21.7907
26.55000 821.617 21.5816
26.55300 822.982 22.4168
26.55600 824.452 22.3272
26.55900 826.016 22.1025
26.56200 827.664 22.1621
26.56500 829.386 22.1187
26.56800 831.171 22.3607
26.57100 833.007 22.2552
26.57400 834.884 22.0219
26.57700 836.792 21.9212
26.58000 838.72 22.3943
26.58300 840.659 22.3663
26.58600 842.598 22.2387
26.58900 844.529 22.2994
26.59200 846.445 22.7567
26.59500 848.338 22.5819
26.59800 850.203 22.6455
26.60100 852.037 22.9718
26.60400 853.836 22.3831
26.60700 855.599 22.7097
26.61000 857.328 22.698
26.61300 859.024 22.2939
26.61600 860.691 22.6108
26.61900 862.334 23.0388
26.62200 863.96 22.99
26.62500 865.575 22.8695
26.62800 867.187 22.605
26.63100 868.804 21.9581
26.63400 870.435 22.4281
26.63700 872.089 22.5877
26.64000 873.772 22.8635
26.64300 875.493 22.2773
26.64600 877.258 22.2497
26.64900 879.074 21.9317
26.65200 880.945 22.8277
26.65500 882.876 23.1994
26.65800 884.868 23.0205
26.66100 886.925 22.4733
26.66400 889.045 22.9175
26.66700 891.229 22.4677
26.67000 893.473 22.3775
26.67300 895.775 22.6339
26.67600 898.129 22.3495
26.67900 900.529 22.7273
26.68200 902.967 22.7038
26.68500 905.435 22.9476
26.68800 907.922 23.0817
26.69100 910.418 23.1558
26.69400 912.911 22.663
26.69700 915.387 22.1894
26.70000 917.833 23.1496
26.70300 920.234 22.4904
26.70600 922.575 23.338
26.70900 924.84 22.8277
26.71200 927.013 23.2558
26.71500 929.078 23.1932
26.71800 931.02 23.2432
26.72100 932.821 23.7289
26.72400 934.467 23.4211
26.72700 935.941 23.9663
26.73000 937.229 23.4856
26.73300 938.317 23.7759
26.73600 939.191 23.6162
26.73900 939.837 23.6492
26.74200 940.246 23.8433
26.74500 940.405 23.389
26.74800 940.306 24.6034
26.75100 939.941 23.8977
26.75400 939.305 23.7557
26.75700 938.392 23.5506
26.76000 937.201 23.4791
26.76300 935.732 23.3126
26.76600 933.987 23.7826
26.76900 931.97 23.3253
26.77200 929.688 23.3826
26.77500 927.15 24.1402
26.77800 924.366 23.0144
26.78100 921.35 22.9476
26.78400 918.116 23.492
26.78700 914.68 22.7155
26.79000 911.059 23.2936
26.79300 907.272 23.531
26.79600 903.338 23.4662
26.79900 899.276 23.4726
26.80200 895.106 23.2244
26.80500 890.847 22.9961
26.80800 886.519 22.9114
26.81100 882.14 22.479
26.81400 877.728 22.2607
26.81700 873.301 22.1512
26.82000 868.874 22.7214
26.82300 864.464 22.3439
26.82600 860.085 21.7494
26.82900 855.749 22.6688
26.83200 851.469 21.7855
26.83500 847.256 21.7494
26.83800 843.119 22.1025
26.84100 839.067 22.4224
26.84400 835.107 21.9159
26.84700 831.246 21.5666
26.85000 827.488 22.5018
26.85300 823.838 21.9107
26.85600 820.299 22.0326
26.85900 816.871 22.0487
26.86200 813.555 21.7135
26.86500 810.352 21.5816
26.86800 807.261 21.8062
26.87100 804.278 21.693
26.87400 801.401 21.6473
26.87700 798.626 18.6761
26.88000 795.947 19.371
26.88300 793.361 19.9244
26.88600 790.861 20.4722
26.88900 788.442 20.4765
26.89200 786.099 20.7212
26.89500 783.825 20.5542
26.89800 781.616 20.3531
26.90100 779.467 20.7346
26.90400 777.374 20.7614
26.90700 775.335 20.748
26.91000 773.347 20.3997
26.91300 771.409 20.2403
26.91600 769.521 20.2986
26.91900 767.685 20.3321
26.92200 765.9 20.7212
26.92500 764.17 20.4894
26.92800 762.496 20.4337
26.93100 760.883 21.1289
26.93400 759.332 20.6197
26.93700 757.848 20.2986
26.94000 756.434 20.0886
26.94300 755.093 20.5542
26.94600 753.828 20.5803
26.94900 752.642 20.1252
26.95200 751.538 20.2944
26.95500 750.518 19.9086
26.95800 749.585 20.4124
26.96100 748.741 20.4167
26.96400 747.988 20.3363
26.96700 747.328 20.117
26.97000 746.761 20.1948
26.97300 746.29 20.2486
26.97600 745.916 20.1456
26.97900 745.639 20.1048
26.98200 745.461 20.1497
26.98500 745.382 20.1701
26.98800 745.404 20.2986
26.99100 745.527 20.0967
26.99400 745.751 19.8068
26.99700 746.077 20.1784
27.00000 746.506 20.3447
27.00300 747.039 19.9323
27.00600 747.677 20.2196
27.00900 748.419 20.1129
27.01200 749.268 20.3954
27.01500 750.223 20.2486
27.01800 751.287 20.3742
27.02100 752.46 20.4508
27.02400 753.743 20.9335
27.02700 755.138 19.8341
27.03000 756.645 20.5803
27.03300 758.266 20.739
27.03600 760.001 20.6021
27.03900 761.852 20.8969
27.04200 763.818 20.5109
27.04500 765.901 20.5499
27.04800 768.1 20.5847
27.05100 770.416 20.9611
27.05400 772.848 20.3279
27.05700 775.395 20.4039
27.06000 778.056 20.4594
27.06300 780.83 20.3869
27.06600 783.714 20.7524
27.06900 786.707 20.0281
27.07200 789.805 20.8741
27.07500 793.004 20.5325
27.07800 796.3 21.1336
27.08100 799.689 20.9152
27.08400 803.165 21.0865
27.08700 806.722 21.1336
27.09000 810.353 21.5066
27.09300 814.052 21.0959
27.09600 817.809 20.8787
27.09900 821.616 21.0912
27.10200 825.464 21.4275
27.10500 829.342 21.4226
27.10800 833.24 21.462
27.11100 837.146 21.8792
27.11400 841.047 21.4868
27.11700 844.931 21.4226
27.12000 848.782 21.2047
27.12300 852.586 21.6371
27.12600 856.326 21.9529
27.12900 859.987 21.8166
27.13200 863.551 22.479
27.13500 866.999 21.9317
27.13800 870.313 21.4275
27.14100 873.473 22.0166
27.14400 876.459 21.99
27.14700 879.253 21.7907
27.15000 881.834 21.9687
27.15300 884.183 22.2497
27.15600 886.283 22.1948
27.15900 888.115 22.2058
27.16200 889.663 22.7685
27.16500 890.915 22.1676
27.16800 891.857 22.2442
27.17100 892.48 22.663
27.17400 892.777 22.2277
27.17700 892.745 22.5935
27.18000 892.381 22.6921
27.18300 891.688 22.3607
27.18600 890.671 22.305
27.18900 889.337 22.1241
27.19200 887.696 22.5303
27.19500 885.762 22.445
27.19800 883.548 21.4275
27.20100 881.072 22.7744
27.20400 878.351 21.5216
27.20700 875.404 22.1785
27.21000 872.252 21.9054
27.21300 868.915 21.9317
27.21600 865.412 22.3831
27.21900 861.765 21.7649
27.22200 857.994 22.2662
27.22500 854.118 21.8166
27.22800 850.157 21.3443
27.23100 846.129 21.7959
27.23400 842.051 21.6371
27.23700 837.942 21.627
27.24000 833.816 21.4917
27.24300 829.689 21.4917
27.24600 825.576 20.576
27.24900 821.491 20.856
27.25200 817.445 21.1904
27.25500 813.452 21.801
27.25800 809.522 20.5978
27.26100 805.666 21.3589
27.26400 801.894 21.2382
27.26700 798.215 20.9152
27.27000 794.638 20.7838
27.27300 791.172 21.1289
27.27600 787.822 21.3007
27.27900 784.598 21.1857
27.28200 781.504 20.4636
27.28500 778.549 20.9061
27.28800 775.736 20.5542
27.29100 773.072 20.7346
27.29400 770.563 20.6636
27.29700 768.212 20.6769
27.30000 766.025 20.8924
27.30300 764.006 20.4765
27.30600 762.16 20.6813
27.30900 760.49 20.0886
27.31200 759.001 20.5023
27.31500 757.697 20.8696
27.31800 756.582 20.1089
27.32100 755.658 20.6284
27.32400 754.93 20.5412
27.32700 754.4 20.5847
27.33000 754.073 20.498
27.33300 753.95 20.7524
27.33600 754.035 20.6328
27.33900 754.331 20.1701
27.34200 754.838 20.7301
27.34500 755.559 20.4465
27.34800 756.495 20.4508
27.35100 757.646 20.8924
27.35400 759.014 20.5325
27.35700 760.596 21.1289
27.36000 762.392 20.856
27.36300 764.401 20.6857
27.36600 766.618 20.4252
27.36900 769.04 20.3237
27.37200 771.661 20.5499
27.37500 774.477 20.3616
27.37800 777.48 20.7883
27.38100 780.66 21.1525
27.38400 784.01 20.1784
27.38700 787.516 20.7658
27.39000 791.167 20.9934
27.39300 794.949 20.8243
27.39600 798.846 20.7973
27.39900 802.84 20.6328
27.40200 806.913 20.5023
27.40500 811.044 20.7928
27.40800 815.209 20.4508
27.41100 819.385 21.0073
27.41400 823.546 20.8741
27.41700 827.662 20.9934
27.42000 831.704 21.1714
27.42300 835.641 21.3201
27.42600 839.44 21.1809
27.42900 843.067 21.11
27.43200 846.49 21.3589
27.43500 849.675 21.6017
27.43800 852.589 21.5166
27.44100 855.203 21.4226
27.44400 857.49 21.7752
27.44700 859.427 21.3492
27.45000 860.997 22.038
27.45300 862.186 21.4521
27.45600 862.988 21.9476
27.45900 863.404 22.2387
27.46200 863.44 21.9159
27.46500 863.109 21.7494
27.46800 862.427 21.7959
27.47100 861.419 21.9953
27.47400 860.11 22.0971
27.47700 858.53 21.8166
27.48000 856.709 22.1079
27.48300 854.681 21.5415
27.48600 852.478 22.0433
27.48900 850.131 21.6828
27.49200 847.673 21.3638
27.49500 845.132 21.1952
27.49800 842.538 21.3492
27.50100 839.916 21.6982
27.50400 837.292 21.6068
27.50700 834.687 21.4669
27.51000 832.124 21.4176
27.51300 829.621 21.6017
27.51600 827.195 21.8739
27.51900 824.863 21.8635
27.52200 822.637 21.1809
27.52500 820.531 21.1383
27.52800 818.555 21.4324
27.53100 816.719 21.2334
27.53400 815.032 21.3736
27.53700 813.501 20.7793
27.54000 812.133 21.1904
27.54300 810.932 20.856
27.54600 809.903 21.0819
27.54900 809.05 20.5934
27.55200 808.376 21.0212
27.55500 807.883 21.0398
27.55800 807.573 20.9427
27.56100 807.447 21.4423
27.56400 807.504 20.4465
27.56700 807.747 21.0959
27.57000 808.173 21.3492
27.57300 808.783 20.3785
27.57600 809.574 21.6879
27.57900 810.546 21.2574
27.58200 811.697 21.2238
27.58500 813.024 21.6879
27.58800 814.524 20.6548
27.59100 816.194 21.4472
27.59400 818.032 21.1619
27.59700 820.033 20.8108
27.60000 822.194 21.4324
27.60300 824.51 21.3298
27.60600 826.975 21.3104
27.60900 829.586 21.2911
27.61200 832.335 21.4373
27.61500 835.218 21.4324
27.61800 838.228 21.6879
27.62100 841.357 21.3785
27.62400 844.598 21.2238
27.62700 847.943 21.2238
27.63000 851.384 21.4868
27.63300 854.911 21.5415
27.63600 858.515 21.734
27.63900 862.185 21.2862
27.64200 865.912 21.3007
27.64500 869.682 22.2167
27.64800 873.485 21.8949
27.65100 877.308 22.1349
27.65400 881.138 22.1894
27.65700 884.963 22.3384
27.66000 888.767 22.5417
27.66300 892.539 21.9793
27.66600 896.263 22.1512
27.66900 899.924 21.8844
27.67200 903.509 22.7155
27.67500 907.003 22.1839
27.67800 910.39 22.0006
27.68100 913.656 22.99
27.68400 916.787 22.2884
27.68700 919.767 22.6805
27.69000 922.582 22.7803
27.69300 925.217 22.6224
27.69600 927.66 22.8814
27.69900 929.896 22.663
27.70200 931.913 22.5589
27.70500 933.699 23.4662
27.70800 935.242 22.8575
27.71100 936.533 23.2621
27.71400 937.563 23.3126
27.71700 938.326 23.2182
27.72000 938.815 22.5819
27.72300 939.028 22.6224
27.72600 938.962 22.698
27.72900 938.619 22.9537
27.73200 938 22.9537
27.73500 937.11 23.3954
27.73800 935.955 22.7803
27.74100 934.543 22.8218
27.74400 932.884 22.9114
27.74700 930.987 23.0083
27.75000 928.866 22.8337
27.75300 926.532 22.8099
27.75600 923.999 23.4339
27.75900 921.281 22.2552
27.76200 918.392 23.1311
27.76500 915.347 23.0327
27.76800 912.161 22.6166
27.77100 908.846 22.2828
27.77400 905.418 22.3328
27.77700 901.89 22.2773
27.78000 898.276 22.5704
27.78300 894.589 22.1187
27.78600 890.841 22.2828
27.78900 887.045 22.2113
27.79200 883.213 22.5475
27.79500 879.355 21.8062
27.79800 875.482 22.5475
27.80100 871.604 22.1948
27.80400 867.732 22.462
27.80700 863.873 22.5075
27.81000 860.037 21.9581
27.81300 856.23 21.4324
27.81600 852.462 21.7237
27.81900 848.737 21.8114
27.82200 845.063 21.4176
27.82500 841.445 21.0538
27.82800 837.888 21.2382
27.83100 834.396 21.5666
27.83400 830.974 21.5116
27.83700 827.625 21.5465
27.84000 824.352 21.4768
27.84300 821.157 21.3541
27.84600 818.043 21.3687
27.84900 815.01 20.9198
27.85200 812.061 21.2095
27.85500 809.196 20.9427
27.85800 806.415 20.9061
27.86100 803.718 21.2622
27.86400 801.106 21.1194
27.86700 798.577 20.8288
27.87000 796.13 20.624
27.87300 793.764 20.748
27.87600 791.479 21.4472
27.87900 789.272 20.4422
27.88200 787.142 21.2143
27.88500 785.086 20.4937
27.88800 783.104 21.0538
27.89100 781.192 21.2286
27.89400 779.348 20.8514
27.89700 777.571 20.4422
27.90000 775.857 21.0631
27.90300 774.205 20.668
27.90600 772.612 20.7524
27.90900 771.076 21.1667
27.91200 769.594 21.0166
27.91500 768.165 20.5847
27.91800 766.786 20.5109
27.92100 765.455 21.1289
27.92400 764.17 19.992
27.92700 762.929 20.1866
27.93000 761.73 20.5196
27.93300 760.572 20.4422
27.93600 759.453 20.7838
27.93900 758.372 20.1989
27.94200 757.326 20.5934
27.94500 756.316 20.6901
27.94800 755.339 19.9641
27.95100 754.395 20.7079
27.95400 753.483 20.4465
27.95700 752.603 20.4851
27.96000 751.752 20.4252
27.96300 750.931 20.5369
27.96600 750.14 20.2237
27.96900 749.377 20.1333
27.97200 748.642 20.4124
27.97500 747.935 19.9721
27.97800 747.255 20.0441
27.98100 746.602 20.4894
27.98400 745.976 20.3153
27.98700 745.375 19.9165
27.99000 744.801 20.4937
27.99300 744.252 20.1701
27.99600 743.728 20.3489
27.99900 743.229 19.838
28.00200 742.755 20.6636
28.00500 742.304 20.6021
28.00800 741.876 20.2113
28.01100 741.472 20.37
28.01400 741.089 20.2652
28.01700 740.729 20.1252
28.02000 740.39 20.4337
28.02300 740.072 19.8929
28.02600 739.774 20.1333
28.02900 739.496 20.1008
28.03200 739.237 20.624
28.03500 738.996 19.98
28.03800 738.773 20.2361
28.04100 738.567 20.2361
28.04400 738.377 20.0967
28.04700 738.204 19.8811
28.05000 738.045 19.8732
28.05300 737.901 19.7219
28.05600 737.771 20.6065
28.05900 737.654 20.1989
28.06200 737.551 20.4039
28.06500 737.46 20.3658
28.06800 737.383 19.8224
28.07100 737.318 20.5282
28.07400 737.266 19.676
28.07700 737.227 20.1456
28.08000 737.202 20.1089
28.08300 737.19 20.2986
28.08600 737.192 20.2902
28.08900 737.209 20.1129
28.09200 737.241 20.5716
28.09500 737.289 20.2113
28.09800 737.353 20.0926
28.10100 737.435 20.1497
28.10400 737.535 20.1333
28.10700 737.654 20.0522
28.11000 737.792 19.8693
28.11300 737.952 20.4722
28.11600 738.133 19.984
28.11900 738.336 20.1948
28.12200 738.564 20.4594
28.12500 738.816 20.1784
28.12800 739.093 20.8243
28.13100 739.398 20.5325
28.13400 739.73 19.992
28.13700 740.092 20.3869
28.14000 740.483 20.0603
28.14300 740.906 20.7346
28.14600 741.36 20.4508
28.14900 741.848 20.0441
28.15200 742.37 20.3027
28.15500 742.928 20.2486
28.15800 743.521 20.37
28.16100 744.152 20.016
28.16400 744.82 20.5803
28.16700 745.528 20.1866
28.17000 746.275 19.8615
28.17300 747.063 20.6769
28.17600 747.892 19.7681
28.17900 748.763 20.008
28.18200 749.676 20.166
28.18500 750.632 19.8811
28.18800 751.632 20.4508
28.19100 752.675 19.6494
28.19400 753.763 20.5109
28.19700 754.895 20.1048
28.20000 756.071 20.9289
28.20300 757.292 20.0401
28.20600 758.558 20.2652
28.20900 759.867 20.0805
28.21200 761.221 20.6901
28.21500 762.618 20.3742
28.21800 764.059 20.4851
28.22100 765.542 20.7346
28.22400 767.067 20.3531
28.22700 768.633 20.0845
28.23000 770.239 20.589
28.23300 771.884 21.1336
28.23600 773.566 21.1241
28.23900 775.285 19.9244
28.24200 777.038 21.2622
28.24500 778.825 20.5586
28.24800 780.643 21.143
28.25100 782.489 20.7524
28.25400 784.363 20.8605
28.25700 786.261 20.0724
28.26000 788.18 20.6592
28.26300 790.118 20.6813
28.26600 792.072 20.5152
28.26900 794.039 20.4167
28.27200 796.014 20.9611
28.27500 797.994 20.8333
28.27800 799.975 20.6769
28.28100 801.952 20.7793
28.28400 803.92 21.2238
28.28700 805.876 20.4465
28.29000 807.812 20.8379
28.29300 809.725 21.0725
28.29600 811.608 21.0959
28.29900 813.455 20.856
28.30200 815.26 21.2862
28.30500 817.016 20.9106
28.30800 818.718 21.1194
28.31100 820.357 21.5515
28.31400 821.929 21.1006
28.31700 823.425 20.9611
28.32000 824.839 21.2334
28.32300 826.165 21.3298
28.32600 827.396 21.6068
28.32900 828.527 21.1714
28.33200 829.552 21.2047
28.33500 830.466 21.8478
28.33800 831.265 22.0113
28.34100 831.945 21.2959
28.34400 832.504 21.2862
28.34700 832.939 21.4571
28.35000 833.25 21.7855
28.35300 833.436 21.5917
28.35600 833.498 21.5866
28.35900 833.437 21.7597
28.36200 833.256 21.5816
28.36500 832.959 21.4423
28.36800 832.549 21.4719
28.37100 832.03 22.0594
28.37400 831.409 21.0678
28.37700 830.691 21.6118
28.38000 829.881 20.9842
28.38300 828.987 21.8374
28.38600 828.014 21.6625
28.38900 826.969 21.6068
28.39200 825.859 21.3687
28.39500 824.691 21.4669
28.39800 823.47 21.0305
28.40100 822.204 21.627
28.40400 820.899 20.8424
28.40700 819.56 21.5766
28.41000 818.193 21.2478
28.41300 816.805 21.3492
28.41600 815.4 21.5216
28.41900 813.984 20.6636
28.42200 812.561 21.2959
28.42500 811.136 21.1619
28.42800 809.713 20.7973
28.43100 808.296 21.6727
28.43400 806.889 21.0959
28.43700 805.495 21.3492
28.44000 804.117 21.5615
28.44300 802.758 21.734
28.44600 801.421 21.3346
28.44900 800.109 20.9152
28.45200 798.822 21.3541
28.45500 797.564 20.8969
28.45800 796.337 21.3541
28.46100 795.141 21.3785
28.46400 793.979 20.8153
28.46700 792.852 20.7123
28.47000 791.762 21.0305
28.47300 790.71 20.8018
28.47600 789.698 20.7257
28.47900 788.726 20.8198
28.48200 787.796 21.1952
28.48500 786.91 20.6548
28.48800 786.068 21.0073
28.49100 785.271 21.1147
28.49400 784.521 20.4508
28.49700 783.818 20.6197
28.50000 783.165 20.5066
28.50300 782.56 20.3912
28.50600 782.006 21.0772
28.50900 781.503 20.7928
28.51200 781.051 20.739
28.51500 780.652 21.1336
28.51800 780.306 20.286
28.52100 780.013 20.1701
28.52400 779.774 20.748
28.52700 779.589 20.8696
28.53000 779.458 21.1667
28.53300 779.382 20.6592
28.53600 779.361 20.6021
28.53900 779.394 21.1053
28.54200 779.481 20.589
28.54500 779.621 20.5978
28.54800 779.815 20.6813
28.55100 780.062 20.7614
28.55400 780.359 20.9611
28.55700 780.708 20.4594
28.56000 781.105 20.6328
28.56300 781.551 20.3279
28.56600 782.042 20.646
28.56900 782.578 20.0441
28.57200 783.156 20.9427
28.57500 783.775 21.1857
28.57800 784.431 20.3785
28.58100 785.123 20.9381
28.58400 785.849 21.0027
28.58700 786.605 20.9888
28.59000 787.389 20.3997
28.59300 788.199 20.9657
28.59600 789.032 20.4551
28.59900 789.885 20.9657
28.60200 790.755 20.6769
28.60500 791.639 20.7928
28.60800 792.535 20.7793
28.61100 793.439 20.4636
28.61400 794.35 21.2
28.61700 795.262 20.8514
28.62000 796.175 20.6372
28.62300 797.083 21.0445
28.62600 797.984 20.6153
28.62900 798.874 20.1619
28.63200 799.75 20.4722
28.63500 800.608 20.2569
28.63800 801.443 20.8063
28.64100 802.253 20.9888
28.64400 803.033 20.8924
28.64700 803.78 21.1809
28.65000 804.49 20.6504
28.65300 805.158 21.2095
28.65600 805.783 21.5766
28.65900 806.36 20.7569
28.66200 806.887 21.2911
28.66500 807.361 20.8333
28.66800 807.781 21.7959
28.67100 808.145 21.2143
28.67400 808.452 21.3395
28.67700 808.701 21.1006
28.68000 808.894 20.4039
28.68300 809.031 21.4127
28.68600 809.113 21.3152
28.68900 809.143 21.0585
28.69200 809.124 21.1572
28.69500 809.057 21.1809
28.69800 808.948 21.3833
28.70100 808.801 21.3931
28.70400 808.619 21.7959
28.70700 808.407 21.1525
28.71000 808.171 20.7123
28.71300 807.915 20.7569
28.71600 807.646 21.5866
28.71900 807.368 21.2047
28.72200 807.086 21.3346
28.72500 806.806 21.2478
28.72800 806.534 20.8379
28.73100 806.274 21.3541
28.73400 806.032 20.8741
28.73700 805.812 21.3736
28.74000 805.619 21.3007
28.74300 805.458 21.3249
28.74600 805.333 21.1194
28.74900 805.249 20.3153
28.75200 805.209 21.4669
28.75500 805.216 20.9657
28.75800 805.276 20.2569
28.76100 805.39 20.998
28.76400 805.562 20.6548
28.76700 805.795 21.4176
28.77000 806.091 20.5023
28.77300 806.453 20.6946
28.77600 806.883 20.9565
28.77900 807.382 20.3912
28.78200 807.953 20.8514
28.78500 808.596 20.7301
28.78800 809.312 21.1904
28.79100 810.104 21.3931
28.79400 810.97 21.0352
28.79700 811.911 20.8469
28.80000 812.928 20.7614
28.80300 814.02 21.0073
28.80600 815.187 21.2286
28.80900 816.427 20.9198
28.81200 817.74 21.0119
28.81500 819.124 21.5766
28.81800 820.577 21.0119
28.82100 822.098 20.9749
28.82400 823.684 20.9152
28.82700 825.332 21.1619
28.83000 827.041 20.4124
28.83300 828.805 21.4423
28.83600 830.623 21.8218
28.83900 832.49 21.4868
28.84200 834.402 21.5866
28.84500 836.354 21.3056
28.84800 838.343 21.5666
28.85100 840.363 21.3104
28.85400 842.408 21.6625
28.85700 844.474 21.1053
28.86000 846.555 21.8218
28.86300 848.644 21.267
28.86600 850.736 22.0219
28.86900 852.823 21.2334
28.87200 854.9 21.9107
28.87500 856.958 21.7084
28.87800 858.99 21.7649
28.88100 860.99 21.4472
28.88400 862.949 21.5615
28.88700 864.858 21.5465
28.89000 866.71 21.6727
28.89300 868.495 22.0917
28.89600 870.206 22.0809
28.89900 871.832 21.7391
28.90200 873.365 22.0113
28.90500 874.795 22.0006
28.90800 876.112 21.8322
28.91100 877.308 22.0433
28.91400 878.372 22.1295
28.91700 879.295 22.0487
28.92000 880.069 21.8949
28.92300 880.686 22.1894
28.92600 881.137 22.0059
28.92900 881.415 21.99
28.93200 881.514 22.2662
28.93500 881.429 22.1676
28.93800 881.157 21.734
28.94100 880.694 22.5417
28.94400 880.039 22.3272
28.94700 879.194 22.1839
28.95000 878.158 22.5303
28.95300 876.936 21.801
28.95600 875.532 22.0648
28.95900 873.952 22.173
28.96200 872.203 22.0809
28.96500 870.293 21.9107
28.96800 868.232 20.3574
28.97100 866.03 21.4275
28.97400 863.698 21.1241
28.97700 861.247 21.3104
28.98000 858.689 21.0725
28.98300 856.035 21.5365
28.98600 853.298 21.5716
28.98900 850.49 21.2143
28.99200 847.623 20.7123
28.99500 844.708 19.559
28.99800 841.757 18.5376
29.00100 838.781 19.3095
29.00400 835.79 20.166
29.00700 832.794 20.0441
29.01000 829.804 19.3928
29.01300 826.828 19.8929
29.01600 823.874 19.492
29.01900 820.952 20.0441
29.02200 818.068 19.9403
29.02500 815.229 19.7913
29.02800 812.442 19.9165
29.03100 809.713 20.012
29.03400 807.042 19.7565
29.03700 804.443 19.5515
29.04000 801.918 19.745
29.04300 799.47 19.6456
29.04600 797.102 20.2777
29.04900 794.817 19.4698
29.05200 792.617 19.492
29.05500 790.505 19.6532
29.05800 788.481 19.3492
29.06100 786.547 19.5628
29.06400 784.704 19.4331
29.06700 782.952 19.6646
29.07000 781.291 19.3383
29.07300 779.722 19.7104
29.07600 778.243 20.0401
29.07900 776.854 19.5366
29.08200 775.554 20.0281
29.08500 774.344 19.3167
29.08800 773.222 20.008
29.09100 772.187 20.2113
29.09400 771.238 19.6003
29.09700 770.374 19.1918
29.10000 769.594 19.2095
29.10300 768.897 19.5329
29.10600 768.281 19.7488
29.10900 767.743 19.3456
29.11200 767.283 19.518
29.11500 766.898 19.3311
29.11800 766.586 19.2987
29.12100 766.344 19.6154
29.12400 766.169 19.0554
29.12700 766.06 19.5815
29.13000 766.012 19.3167
29.13300 766.024 19.6532
29.13600 766.092 19.3203
29.13900 766.213 19.1953
29.14200 766.383 19.6837
29.14500 766.6 19.4441
29.14800 766.861 19.676
29.15100 767.163 20.1619
29.15400 767.501 19.5665
29.15700 767.874 19.5628
29.16000 768.278 19.5553
29.16300 768.71 19.4883
29.16600 769.168 19.3892
29.16900 769.648 19.1671
29.17200 770.15 20.1619
29.17500 770.67 20.1089
29.17800 771.205 19.3673
29.18100 771.756 19.8224
29.18400 772.319 19.7952
29.18700 772.894 19.4698
29.19000 773.479 19.9363
29.19300 774.074 19.657
29.19600 774.678 19.0312
29.19900 775.291 19.7642
29.20200 775.912 19.4625
29.20500 776.542 19.3275
29.20800 777.18 19.342
29.21100 777.827 20.2444
29.21400 778.483 19.6267
29.21700 779.148 20.1619
29.22000 779.824 20.1497
29.22300 780.51 19.6532
29.22600 781.206 20.261
29.22900 781.914 19.4038
29.23200 782.632 18.9832
29.23500 783.363 19.9522
29.23800 784.104 19.5217
29.24100 784.857 20.2154
29.24400 785.621 19.6951
29.24700 786.397 19.6913
29.25000 787.182 19.8341
29.25300 787.978 19.8224
29.25600 788.783 20.1578
29.25900 789.597 19.6875
29.26200 790.418 20.1538
29.26500 791.246 20.02
29.26800 792.08 19.8458
29.27100 792.918 20.0321
29.27400 793.76 19.9363
29.27700 794.604 20.1048
29.28000 795.448 19.6913
29.28300 796.291 19.9284
29.28600 797.131 20.0522
29.28900 797.966 19.518
29.29200 798.795 20.0683
29.29500 799.614 19.8654
29.29800 800.423 20.3954
29.30100 801.217 20.4551
29.30400 801.996 19.5553
29.30700 802.756 19.7836
29.31000 803.494 19.7991
29.31300 804.209 20.2486
29.31600 804.897 20.5412
29.31900 805.556 19.8968
29.32200 806.183 20.1825
29.32500 806.776 20.0845
29.32800 807.334 20.1211
29.33100 807.852 20.4894
29.33400 808.331 20.166
29.33700 808.768 19.9007
29.34000 809.161 20.1008
29.34300 809.509 20.0967
29.34600 809.812 20.286
29.34900 810.068 20.3447
29.35200 810.277 20.3279
29.35500 810.437 20.1578
29.35800 810.55 19.8575
29.36100 810.615 20.8243
29.36400 810.633 19.988
29.36700 810.603 19.7758
29.37000 810.526 19.996
29.37300 810.403 20.1374
29.37600 810.234 20.3658
29.37900 810.022 20.4508
29.38200 809.766 20.4636
29.38500 809.468 20.5023
29.38800 809.13 20.2569
29.39100 808.754 20.498
29.39400 808.339 20.1538
29.39700 807.889 20.4294
29.40000 807.405 20.0643
29.40300 806.889 19.8929
29.40600 806.342 20.6901
29.40900 805.767 20.008
29.41200 805.165 19.8419
29.41500 804.539 20.4294
29.41800 803.889 20.1048
29.42100 803.218 20.3869
29.42400 802.527 20.1415
29.42700 801.818 20.008
29.43000 801.094 20.0764
29.43300 800.354 20.2777
29.43600 799.602 20.2652
29.43900 798.838 19.9165
29.44200 798.063 20.4508
29.44500 797.28 20.3658
29.44800 796.488 19.3637
29.45100 795.69 20.2902
29.45400 794.887 20.2072
29.45700 794.079 19.8146
29.46000 793.267 19.8968
29.46300 792.453 20.0522
29.46600 791.637 20.2818
29.46900 790.82 19.803
29.47200 790.003 19.7681
29.47500 789.186 19.9641
29.47800 788.371 19.8146
29.48100 787.557 20.5066
29.48400 786.746 19.7066
29.48700 785.938 20.02
29.49000 785.134 20.498
29.49300 784.333 19.4441
29.49600 783.537 19.8107
29.49900 782.746 19.3275
29.50200 781.96 19.9363
29.50500 781.18 19.988
29.50800 780.406 19.8968
29.51100 779.638 19.8654
29.51400 778.877 19.5515
29.51700 778.124 19.7066
29.52000 777.378 19.6646
29.52300 776.64 19.8929
29.52600 775.911 19.992
29.52900 775.191 19.2593
29.53200 774.481 19.4404
29.53500 773.78 20.2777
29.53800 773.089 19.5515
29.54100 772.409 19.7334
29.54400 771.74 19.6229
29.54700 771.082 19.518
29.55000 770.435 19.9442
29.55300 769.8 19.559
29.55600 769.178 19.6456
29.55900 768.567 19.2024
29.56200 767.968 19.3637
29.56500 767.382 20.2031
29.56800 766.808 19.7604
29.57100 766.246 19.6837
29.57400 765.695 19.7565
29.57700 765.157 19.6041
29.58000 764.63 19.5965
29.58300 764.115 19.4294
29.58600 763.61 19.4257
29.58900 763.116 19.111
29.59200 762.633 19.8146
29.59500 762.159 19.6343
29.59800 761.695 19.657
29.60100 761.24 19.772
29.60400 760.794 19.3528
29.60700 760.356 19.4809
29.61000 759.927 19.6003
29.61300 759.506 19.6951
29.61600 759.093 19.1988
29.61900 758.687 19.1953
29.62200 758.289 19.657
29.62500 757.898 19.8889
29.62800 757.515 19.4294
29.63100 757.139 19.5815
29.63400 756.77 19.2987
29.63700 756.409 19.6041
29.64000 756.056 19.885
29.64300 755.711 19.6799
29.64600 755.374 19.6343
29.64900 755.045 19.4698
29.65200 754.725 19.3928
29.65500 754.414 19.3203
29.65800 754.112 18.9866
29.66100 753.82 19.5928
29.66400 753.538 19.7913
29.66700 753.266 19.5703
29.67000 753.004 19.3819
29.67300 752.753 19.146
29.67600 752.514 19.8497
29.67900 752.285 19.2414
29.68200 752.068 19.4441
29.68500 751.863 19.1145
29.68800 751.669 18.8445
29.69100 751.488 19.9244
29.69400 751.319 19.1636
29.69700 751.162 19.2237
29.70000 751.018 19.3965
29.70300 750.885 19.045
29.70600 750.765 19.4367
29.70900 750.658 19.2772
29.71200 750.562 19.2736
29.71500 750.479 19.4625
29.71800 750.407 18.9456
29.72100 750.347 19.2772
29.72400 750.299 19.3275
29.72700 750.261 19.1005
29.73000 750.235 19.7066
29.73300 750.219 19.1812
29.73600 750.214 19.2095
29.73900 750.219 19.3528
29.74200 750.234 18.905
29.74500 750.258 19.5031
29.74800 750.292 19.0003
29.75100 750.334 19.7836
29.75400 750.386 18.9934
29.75700 750.446 19.2024
29.76000 750.514 19.3239
29.76300 750.59 19.3383
29.76600 750.674 19.4221
29.76900 750.766 19.1882
29.77200 750.866 19.132
29.77500 750.972 19.6381
29.77800 751.086 19.2414
29.78100 751.206 19.5853
29.78400 751.333 18.9016
29.78700 751.466 19.2308
29.79000 751.605 19.3095
29.79300 751.75 19.0347
29.79600 751.9 19.589
29.79900 752.054 19.4257
29.80200 752.213 19.5478
29.80500 752.375 19.676
29.80800 752.541 19.1706
29.81100 752.71 19.0485
29.81400 752.88 19.4514
29.81700 753.052 18.9321
29.82000 753.224 19.0623
29.82300 753.396 19.014
29.82600 753.567 19.7219
29.82900 753.737 19.1425
29.83200 753.904 19.6041
29.83500 754.067 19.1988
29.83800 754.226 19.7296
29.84100 754.379 20.012
29.84400 754.527 19.16
29.84700 754.668 19.2379
29.85000 754.801 19.3347
29.85300 754.926 19.4331
29.85600 755.041 19.9165
29.85900 755.147 19.4184
29.86200 755.243 19.5628
29.86500 755.328 19.2879
29.86800 755.402 19.7104
29.87100 755.464 19.7411
29.87400 755.514 19.3059
29.87700 755.552 19.4735
29.88000 755.578 19.1075
29.88300 755.59 19.6419
29.88600 755.59 19.3565
29.88900 755.577 19.2915
29.89200 755.551 19.8811
29.89500 755.512 19.5292
29.89800 755.46 19.1988
29.90100 755.395 19.6684
29.90400 755.317 19.976
29.90700 755.228 19.3673
29.91000 755.126 19.4038
29.91300 755.012 19.2629
29.91600 754.887 19.4221
29.91900 754.75 19.6305
29.92200 754.604 19.5665
29.92500 754.446 19.6078
29.92800 754.28 19.3601
29.93100 754.104 20.1211
29.93400 753.92 19.1285
29.93700 753.728 19.2772
29.94000 753.528 19.6684
29.94300 753.322 19.8654
29.94600 753.111 19.4883
29.94900 752.894 19.3601
29.95200 752.672 19.676
29.95500 752.446 19.2343
29.95800 752.218 19.2987
29.96100 751.987 19.8341
29.96400 751.754 19.27
29.96700 751.52 19.4735
29.97000 751.286 19.1741
29.97300 751.052 19.4477
29.97600 750.82 19.7334
29.97900 750.589 19.2951
29.98200 750.36 19.8107
29.98500 750.135 19.4111
29.98800 749.913 19.3275
29.99100 749.696 19.2664
29.99400 749.483 19.27
29.99700 749.277 19.2772
30.00000 749.076 19.7028
30.00300 748.882 19.3855
30.00600 748.696 19.6456
30.00900 748.518 19.4038
30.01200 748.348 19.342
30.01500 748.187 19.0278
30.01800 748.036 19.014
30.02100 747.896 19.5254
30.02400 747.765 19.5928
30.02700 747.646 19.7257
30.03000 747.538 19.0901
30.03300 747.441 19.5217
30.03600 747.357 19.6041
30.03900 747.285 19.7181
30.04200 747.226 19.518
30.04500 747.179 19.2629
30.04800 747.146 19.6684
30.05100 747.126 19.5403
30.05400 747.119 19.5403
30.05700 747.125 19.3311
30.06000 747.145 19.0312
30.06300 747.177 18.6469
30.06600 747.222 19.2736
30.06900 747.281 19.2486
30.07200 747.351 19.3456
30.07500 747.433 19.16
30.07800 747.527 18.6989
30.08100 747.632 19.5965
30.08400 747.748 19.3855
30.08700 747.873 19.3565
30.09000 748.007 19.1355
30.09300 748.149 19.7642
30.09600 748.298 19.2272
30.09900 748.453 19.2166
30.10200 748.613 19.1953
30.10500 748.777 19.803
30.10800 748.944 19.4514
30.11100 749.112 19.0727
30.11400 749.28 19.153
30.11700 749.447 19.0485
30.12000 749.61 19.3347
30.12300 749.769 19.4994
30.12600 749.923 19.4221
30.12900 750.069 18.9593
30.13200 750.206 19.342
30.13500 750.334 18.8278
30.13800 750.45 19.0519
30.14100 750.555 19.1953
30.14400 750.646 19.2486
30.14700 750.723 19.0831
30.15000 750.785 19.6381
30.15300 750.832 19.4883
30.15600 750.864 19.6456
30.15900 750.881 19.16
30.16200 750.882 19.3023
30.16500 750.868 19.7411
30.16800 750.839 19.111
30.17100 750.797 19.9244
30.17400 750.742 19.4477
30.17700 750.676 19.6192
30.18000 750.599 19.3637
30.18300 750.512 19.3492
30.18600 750.418 18.9559
30.18900 750.317 19.2879
30.19200 750.211 19.492
30.19500 750.102 19.5665
30.19800 749.991 19.4038
30.20100 749.88 19.9681
30.20400 749.77 19.4662
30.20700 749.663 19.4001
30.21000 749.561 19.1988
30.21300 749.465 19.1636
30.21600 749.377 19.4957
30.21900 749.298 18.8512
30.22200 749.229 19.5441
30.22500 749.172 18.8679
30.22800 749.128 18.8144
30.23100 749.098 19.5143
30.23400 749.083 19.153
30.23700 749.085 19.589
30.24000 749.104 19.4257
30.24300 749.142 19.9323
30.24600 749.199 19.6116
30.24900 749.275 19.0831
30.25200 749.369 19.8811
30.25500 749.486 19.4331
30.25800 749.626 19.5928
30.26100 749.787 19.6343
30.26400 749.972 19.5329
30.26700 750.178 19.7681
30.27000 750.408 18.8814
30.27300 750.66 19.4662
30.27600 750.934 19.4001
30.27900 751.231 18.8545
30.28200 751.551 19.6951
30.28500 751.892 19.2807
30.28800 752.254 19.3928
30.29100 752.638 19.5366
30.29400 753.042 18.7878
30.29700 753.465 19.16
30.30000 753.908 19.0727
30.30300 754.368 19.6875
30.30600 754.845 19.7836
30.30900 755.339 18.8512
30.31200 755.847 19.9007
30.31500 756.368 19.8068
30.31800 756.902 19.2951
30.32100 757.448 19.518
30.32400 758.005 19.4074
30.32700 758.57 19.5403
30.33000 759.143 19.4662
30.33300 759.724 19.4184
30.33600 760.311 18.9593
30.33900 760.903 18.905
30.34200 761.5 19.9442
30.34500 762.101 19.3855
30.34800 762.706 19.1075
30.35100 763.315 19.7565
30.35400 763.927 19.3456
30.35700 764.543 19.245
30.36000 765.162 18.949
30.36300 765.783 20.1743
30.36600 766.407 19.4038
30.36900 767.034 19.6192
30.37200 767.662 19.6951
30.37500 768.292 19.8693
30.37800 768.922 18.9559
30.38100 769.552 19.6229
30.38400 770.181 19.4038
30.38700 770.808 19.3892
30.39000 771.431 19.8654
30.39300 772.048 19.6116
30.39600 772.658 19.8458
30.39900 773.259 20.012
30.40200 773.848 19.6989
30.40500 774.424 19.9086
30.40800 774.982 19.4367
30.41100 775.522 19.7527
30.41400 776.039 19.8536
30.41700 776.531 19.6192
30.42000 776.995 19.6875
30.42300 777.427 19.9641
30.42600 777.825 20.1129
30.42900 778.185 19.2521
30.43200 778.505 19.5815
30.43500 778.781 19.5143
30.43800 779.012 19.5553
30.44100 779.196 19.6154
30.44400 779.33 19.2343
30.44700 779.414 19.4698
30.45000 779.446 19.9205
30.45300 779.426 19.9205
30.45600 779.354 19.4588
30.45900 779.229 19.4735
30.46200 779.053 20.1129
30.46500 778.826 19.1812
30.46800 778.548 19.803
30.47100 778.222 19.6494
30.47400 777.849 19.4294
30.47700 777.43 19.1953
30.48000 776.968 19.4625
30.48300 776.465 20.0886
30.48600 775.922 19.6229
30.48900 775.342 19.2486
30.49200 774.728 19.3928
30.49500 774.081 19.4001
30.49800 773.405 19.5441
30.50100 772.703 19.4477
30.50400 771.977 19.6837
30.50700 771.23 19.16
30.51000 770.464 19.5217
30.51300 769.684 19.3855
30.51600 768.89 19.4184
30.51900 768.087 19.0831
30.52200 767.276 19.1075
30.52500 766.461 19.5778
30.52800 765.643 19.3637
30.53100 764.825 19.6989
30.53400 764.009 19.6799
30.53700 763.197 19.3819
30.54000 762.391 19.2736
30.54300 761.592 19.8263
30.54600 760.802 19.8732
30.54900 760.022 18.7449
30.55200 759.253 19.7758
30.55500 758.496 19.8224
30.55800 757.752 18.9866
30.56100 757.021 19.1671
30.56400 756.304 18.8512
30.56700 755.601 18.9525
30.57000 754.913 19.6381
30.57300 754.239 19.7181
30.57600 753.579 19.2557
30.57900 752.934 19.3965
30.58200 752.304 19.9601
30.58500 751.689 19.3023
30.58800 751.088 19.3203
30.59100 750.501 19.0936
30.59400 749.929 19.5254
30.59700 749.371 19.3167
30.60000 748.827 18.8244
30.60300 748.298 19.5553
30.60600 747.784 19.3347
30.60900 747.284 19.6229
30.61200 746.799 19.104
30.61500 746.329 19.2629
30.61800 745.873 19.5853
30.62100 745.432 19.6532
30.62400 745.006 19.9681
30.62700 744.595 18.8646
30.63000 744.198 18.7878
30.63300 743.816 19.3275
30.63600 743.448 19.559
30.63900 743.094 19.125
30.64200 742.753 19.4074
30.64500 742.427 19.3746
30.64800 742.113 18.949
30.65100 741.812 19.657
30.65400 741.524 19.5069
30.65700 741.247 19.342
30.66000 740.982 19.559
30.66300 740.728 19.245
30.66600 740.485 19.0693
30.66900 740.251 18.905
30.67200 740.027 18.9763
30.67500 739.812 19.2593
30.67800 739.606 19.1988
30.68100 739.408 19.1495
30.68400 739.217 19.2736
30.68700 739.033 19.3637
30.69000 738.856 19.3239
30.69300 738.685 19.5217
30.69600 738.519 19.3637
30.69900 738.358 18.6924
30.70200 738.202 19.5853
30.70500 738.05 19.3601
30.70800 737.902 19.0416
30.71100 737.757 19.0589
30.71400 737.614 19.1636
30.71700 737.474 19.1706
30.72000 737.337 19.1355
30.72300 737.201 19.0071
30.72600 737.066 19.0071
30.72900 736.932 18.7383
30.73200 736.799 19.2272
30.73500 736.667 19.4588
30.73800 736.535 18.9969
30.74100 736.401 19.6799
30.74400 736.259 19.0623
30.74700 736.125 19.2557
30.75000 735.994 18.8144
30.75300 735.862 19.2736
30.75600 735.73 19.4331
30.75900 735.598 19.0623
30.76200 735.466 19.5031
30.76500 735.335 19.0243
30.76800 735.204 18.7219
30.77100 735.073 19.1285
30.77400 734.944 19.0658
30.77700 734.817 18.9969
30.78000 734.691 19.0797
30.78300 734.567 19.3167
30.78600 734.446 19.0554
30.78900 734.328 18.9627
30.79200 734.213 19.5665
30.79500 734.101 19.6456
30.79800 733.994 18.6957
30.80100 733.891 18.8679
30.80400 733.794 18.9559
30.80700 733.702 19.0831
30.81000 733.615 19.2521
30.81300 733.535 19.4331
30.81600 733.461 19.2879
30.81900 733.393 19.2343
30.82200 733.334 19.2024
30.82500 733.281 19.6494
30.82800 733.236 19.213
30.83100 733.2 18.9559
30.83400 733.172 19.118
30.83700 733.153 19.0175
30.84000 733.143 19.139
30.84300 733.143 19.0381
30.84600 733.152 19.5031
30.84900 733.171 18.6242
30.85200 733.201 19.0831
30.85500 733.24 19.2772
30.85800 733.291 18.6177
30.86100 733.352 19.245
30.86400 733.424 19.3456
30.86700 733.507 18.8478
30.87000 733.602 19.4001
30.87300 733.708 19.3059
30.87600 733.825 19.3528
30.87900 733.953 18.9763
30.88200 734.093 19.3239
30.88500 734.244 19.153
30.88800 734.406 18.9422
30.89100 734.579 19.014
30.89400 734.762 18.8344
30.89700 734.956 19.3782
30.90000 735.159 18.9389
30.90300 735.373 19.3311
30.90600 735.595 19.3819
30.90900 735.827 19.0519
30.91200 736.066 19.3782
30.91500 736.314 19.0901
30.91800 736.568 19.2379
30.92100 736.828 19.1918
30.92400 737.094 19.2095
30.92700 737.366 19.1741
30.93000 737.641 19.125
30.93300 737.919 18.7878
30.93600 738.2 18.9117
30.93900 738.482 19.1882
30.94200 738.765 19.2237
30.94500 739.047 19.3347
30.94800 739.328 18.8713
30.95100 739.606 19.5478
30.95400 739.88 19.1741
30.95700 740.15 19.7527
30.96000 740.415 19.1918
30.96300 740.673 17.1904
30.96600 740.923 16.389
30.96900 741.164 16.7553
30.97200 741.397 17.4874
30.97500 741.619 17.9403
30.97800 741.83 17.7332
30.98100 742.031 18.051
30.98400 742.219 18.2029
30.98700 742.396 18.0187
30.99000 742.561 17.8885
30.99300 742.714 18.2392
30.99600 742.856 18.6501
30.99900 742.988 18.0983
31.00200 743.109 17.9983
31.00500 743.222 17.6943
31.00800 743.327 17.7667
31.01100 743.426 18.4522
31.01400 743.521 18.2605
31.01700 743.613 18.1698
31.02000 743.704 18.0012
31.02300 743.796 18.4711
31.02600 743.892 18.7416
31.02900 743.993 18.2513
31.03200 744.103 18.9253
31.03500 744.224 18.2818
31.03800 744.357 18.0657
31.04100 744.507 18.1339
31.04400 744.675 18.2059
31.04700 744.863 18.0716
31.05000 745.076 18.3155
31.05300 745.314 18.8814
31.05600 745.582 18.768
31.05900 745.881 18.4459
31.06200 746.214 18.4177
31.06500 746.583 18.5984
31.06800 746.992 18.2059
31.07100 747.443 18.5824
31.07400 747.937 18.224
31.07700 748.479 18.5408
31.08000 749.069 18.1071
31.08300 749.71 18.4053
31.08600 750.405 18.7088
31.08900 751.156 18.2301
31.09200 751.963 18.6924
31.09500 752.83 18.509
31.09800 753.759 18.2392
31.10100 754.749 19.1145
31.10400 755.804 18.7548
31.10700 756.925 19.1355
31.11000 758.112 18.3649
31.11300 759.366 18.4805
31.11600 760.688 18.9151
31.11900 762.079 18.8814
31.12200 763.539 18.4209
31.12500 765.067 18.905
31.12800 766.664 18.9695
31.13100 768.329 18.7978
31.13400 770.062 18.7284
31.13700 771.86 18.7153
31.14000 773.723 18.768
31.14300 775.649 19.0416
31.14600 777.636 19.045
31.14900 779.681 18.9117
31.15200 781.782 18.8545
31.15500 783.935 18.8478
31.15800 786.136 18.5376
31.16100 788.382 18.7878
31.16400 790.668 18.7581
31.16700 792.989 18.8144
31.17000 795.338 19.3167
31.17300 797.713 19.125
31.17600 800.106 19.5031
31.17900 802.509 19.0209
31.18200 804.916 19.6951
31.18500 807.319 19.5366
31.18800 809.71 18.99
31.19100 812.081 19.5965
31.19400 814.422 18.9832
31.19700 816.724 19.0762
31.20000 818.979 19.104
31.20300 821.176 19.0003
31.20600 823.305 19.4441
31.20900 825.358 19.1988
31.21200 827.324 19.5665
31.21500 829.195 19.2095
31.21800 830.961 19.3601
31.22100 832.613 19.118
31.22400 834.144 19.0762
31.22700 835.546 19.0936
31.23000 836.813 19.7028
31.23300 837.939 19.2414
31.23600 838.92 19.6608
31.23900 839.751 19.6456
31.24200 840.43 19.6646
31.24500 840.955 19.559
31.24800 841.325 19.5143
31.25100 841.541 19.9482
31.25400 841.603 19.4957
31.25700 841.514 19.492
31.26000 841.278 19.4735
31.26300 840.898 19.6041
31.26600 840.379 19.4735
31.26900 839.727 19.111
31.27200 838.948 20.1578
31.27500 838.05 19.803
31.27800 837.041 19.5031
31.28100 835.928 19.4074
31.28400 834.72 19.5478
31.28700 833.427 19.3673
31.29000 832.057 19.5853
31.29300 830.62 19.7142
31.29600 829.125 19.1847
31.29900 827.58 19.4809
31.30200 825.996 19.8419
31.30500 824.381 19.7334
31.30800 822.742 19.5292
31.31100 821.089 19.574
31.31400 819.428 19.3167
31.31700 817.767 19.3601
31.32000 816.113 19.9086
31.32300 814.472 19.2629
31.32600 812.849 19.4147
31.32900 811.25 19.4001
31.33200 809.681 19.3383
31.33500 808.145 18.8445
31.33800 806.646 19.3601
31.34100 805.188 19.5665
31.34400 803.775 19.4994
31.34700 802.409 19.125
31.35000 801.092 18.8612
31.35300 799.827 18.9832
31.35600 798.615 19.3059
31.35900 797.458 19.4257
31.36200 796.356 19.3782
31.36500 795.311 19.5106
31.36800 794.322 19.0347
31.37100 793.389 19.2557
31.37400 792.513 18.9525
31.37700 791.692 19.0278
31.38000 790.926 19.2095
31.38300 790.214 18.9934
31.38600 789.555 19.3892
31.38900 788.947 18.4805
31.39200 788.388 19.0797
31.39500 787.877 19.2736
31.39800 787.411 19.146
31.40100 786.988 19.0347
31.40400 786.608 18.8111
31.40700 786.267 18.4932
31.41000 785.963 19.1636
31.41300 785.692 18.5695
31.41600 785.454 19.0106
31.41900 785.244 18.6436
31.42200 785.061 19.0589
31.42500 784.902 19.3347
31.42800 784.765 18.9627
31.43100 784.646 19.4184
31.43400 784.544 18.9559
31.43700 784.456 18.6761
31.44000 784.379 19.0209
31.44300 784.312 19.125
31.44600 784.253 19.7527
31.44900 784.198 18.8814
31.45200 784.146 18.9559
31.45500 784.096 18.4428
31.45800 784.044 19.2343
31.46100 783.991 18.9151
31.46400 783.933 19.1847
31.46700 783.87 19.0278
31.47000 783.8 19.118
31.47300 783.721 19.3565
31.47600 783.634 18.6859
31.47900 783.536 18.7647
31.48200 783.426 19.1215
31.48500 783.304 18.7416
31.48800 783.169 19.045
31.49100 783.019 19.4588
31.49400 782.856 18.8847
31.49700 782.677 19.3965
31.50000 782.482 18.8948
31.50300 782.271 18.8948
31.50600 782.043 19.1425
31.50900 781.798 18.592
31.51200 781.536 19.1285
31.51500 781.256 19.2664
31.51800 780.957 18.9627
31.52100 780.64 18.8881
31.52400 780.305 19.3167
31.52700 779.949 19.0278
31.53000 779.575 19.371
31.53300 779.181 19.4111
31.53600 778.767 19.4111
31.53900 778.334 18.6404
31.54200 777.881 18.5408
31.54500 777.409 18.8311
31.54800 776.919 18.8746
31.55100 776.412 18.5759
31.55400 775.888 18.9797
31.55700 775.35 18.9016
31.56000 774.798 18.8982
31.56300 774.234 18.5058
31.56600 773.661 18.9934
31.56900 773.079 18.8478
31.57200 772.49 19.0589
31.57500 771.895 19.0658
31.57800 771.298 18.7284
31.58100 770.698 19.2807
31.58400 770.097 18.6566
31.58700 769.497 18.8311
31.59000 768.899 18.5759
31.59300 768.304 18.4146
31.59600 767.712 18.9287
31.59900 767.126 18.9287
31.60200 766.545 19.0209
31.60500 765.97 18.8915
31.60800 765.403 18.3063
31.61100 764.844 19.2059
31.61400 764.294 18.8881
31.61700 763.753 18.5153
31.62000 763.222 19.2843
31.62300 762.701 18.221
31.62600 762.191 18.49
31.62900 761.693 18.7186
31.63200 761.207 19.1953
31.63500 760.733 18.8044
31.63800 760.273 18.8847
31.64100 759.825 18.8915
31.64400 759.392 18.6436
31.64700 758.973 18.8144
31.65000 758.569 18.8915
31.65300 758.179 19.0693
31.65600 757.806 18.6826
31.65900 757.448 18.5984
31.66200 757.107 18.8948
31.66500 756.783 19.2237
31.66800 756.475 17.9896
31.67100 756.186 19.0416
31.67400 755.914 18.3928
31.67700 755.66 18.5695
31.68000 755.425 19.3456
31.68300 755.209 18.7746
31.68600 755.013 18.6339
31.68900 754.836 18.3217
31.69200 754.678 18.8411
31.69500 754.541 18.905
31.69800 754.425 18.712
31.70100 754.329 18.5217
31.70400 754.254 18.4084
31.70700 754.2 18.7812
31.71000 754.168 19.1425
31.71300 754.157 18.7022
31.71600 754.168 18.7713
31.71900 754.2 18.7022
31.72200 754.254 18.712
31.72500 754.33 19.1215
31.72800 754.428 18.4711
31.73100 754.547 18.7515
31.73400 754.687 18.8144
31.73700 754.849 18.9763
31.74000 755.031 19.0243
31.74300 755.233 18.5984
31.74600 755.456 18.6663
31.74900 755.697 18.7449
31.75200 755.958 18.8814
31.75500 756.236 18.7746
31.75800 756.532 18.2544
31.76100 756.844 18.9321
31.76400 757.172 18.9559
31.76700 757.514 18.905
31.77000 757.871 18.7945
31.77300 758.24 18.2971
31.77600 758.62 18.6663
31.77900 759.011 18.6696
31.78200 759.412 19.1495
31.78500 759.822 19.0693
31.78800 760.239 18.4711
31.79100 760.664 18.6371
31.79400 761.095 18.1489
31.79700 761.532 18.5567
31.80000 761.974 18.8915
31.80300 762.422 18.6989
31.80600 762.874 19.1777
31.80900 763.332 18.7219
31.81200 763.794 18.294
31.81500 764.261 18.4209
31.81800 764.733 19.0416
31.82100 765.21 19.111
31.82400 765.692 19.0936
31.82700 766.179 18.7284
31.83000 766.672 18.9832
31.83300 767.17 18.9117
31.83600 767.673 19.3383
31.83900 768.182 18.6113
31.84200 768.695 19.2557
31.84500 769.214 19.2593
31.84800 769.737 18.4616
31.85100 770.264 19.1953
31.85400 770.795 19.0381
31.85700 771.33 18.8612
31.86000 771.867 19.0623
31.86300 772.407 18.6598
31.86600 772.949 19.3239
31.86900 773.493 18.8982
31.87200 774.037 19.1636
31.87500 774.581 18.6371
31.87800 775.125 18.6145
31.88100 775.667 19.2879
31.88400 776.208 19.2343
31.88700 776.746 18.9763
31.89000 777.28 19.245
31.89300 777.811 18.8278
31.89600 778.337 18.9287
31.89900 778.857 19.1285
31.90200 779.372 19.3855
31.90500 779.879 18.905
31.90800 780.38 18.9627
31.91100 780.872 19.4514
31.91400 781.356 18.6566
31.91700 781.831 19.2308
31.92000 782.297 18.9969
31.92300 782.752 19.1355
31.92600 783.197 19.1636
31.92900 783.632 19.4404
31.93200 784.055 19.2059
31.93500 784.467 19.2629
31.93800 784.868 19.0623
31.94100 785.257 19.3095
31.94400 785.634 19.0831
31.94700 785.999 19.104
31.95000 786.352 19.7257
31.95300 786.694 19.2915
31.95600 787.024 19.6267
31.95900 787.342 19.0381
31.96200 787.649 19.2308
31.96500 787.944 19.3059
31.96800 788.229 18.6761
31.97100 788.503 19.1812
31.97400 788.766 19.3275
31.97700 789.019 19.2629
31.98000 789.262 18.9016
31.98300 789.495 19.4074
31.98600 789.719 19.0519
31.98900 789.934 19.2379
31.99200 790.14 18.6436
31.99500 790.337 19.2486
31.99800 790.526 19.0866
32.00100 790.707 19.3855
32.00400 790.879 19.4477
32.00700 791.043 18.7713
32.01000 791.198 19.0106
32.01300 791.345 18.9084
32.01600 791.483 19.4846
32.01900 791.611 19.3383
32.02200 791.73 19.5106
32.02500 791.839 19.2987
32.02800 791.936 18.7581
32.03100 792.022 19.0901
32.03400 792.095 18.9969
32.03700 792.154 18.9422
32.04000 792.2 19.5553
32.04300 792.229 19.1882
32.04600 792.242 19.3746
32.04900 792.237 19.0278
32.05200 792.212 19.27
32.05500 792.168 19.4551
32.05800 792.101 18.8881
32.06100 792.012 19.5853
32.06400 791.9 19.6078
32.06700 791.762 19.7952
32.07000 791.599 19.559
32.07300 791.409 19.2379
32.07600 791.192 19.4735
32.07900 790.948 19.0693
32.08200 790.677 19.097
32.08500 790.379 18.9763
32.08800 790.055 18.9627
32.09100 789.705 19.4001
32.09400 789.33 19.014
32.09700 788.931 18.9151
32.10000 788.51 19.2915
32.10300 788.07 19.2059
32.10600 787.61 19.7874
32.10900 787.134 19.0831
32.11200 786.644 19.4883
32.11500 786.141 19.4038
32.11800 785.628 19.0209
32.12100 785.107 19.4625
32.12400 784.58 19.2343
32.12700 784.049 19.6837
32.13000 783.517 19.3059
32.13300 782.984 19.2629
32.13600 782.453 19.1355
32.13900 781.926 18.6631
32.14200 781.404 18.9253
32.14500 780.888 18.949
32.14800 780.38 18.7022
32.15100 779.881 19.0003
32.15400 779.391 18.9593
32.15700 778.912 18.8579
32.16000 778.444 18.9389
32.16300 777.987 19.4257
32.16600 777.543 19.1671
32.16900 777.11 18.8278
32.17200 776.69 18.8011
32.17500 776.283 18.99
32.17800 775.888 19.2486
32.18100 775.506 19.213
32.18400 775.137 18.7153
32.18700 774.78 19.0831
32.19000 774.435 19.0693
32.19300 774.102 19.0762
32.19600 773.781 19.1495
32.19900 773.471 18.8512
32.20200 773.172 18.9593
32.20500 772.884 19.146
32.20800 772.606 18.7779
32.21100 772.337 19.2201
32.21400 772.078 19.0416
32.21700 771.827 19.0554
32.22000 771.582 19.1847
32.22300 771.345 19.1918
32.22600 771.112 19.3023
32.22900 770.884 18.6274
32.23200 770.659 19.3637
32.23500 770.436 18.9355
32.23800 770.213 18.878
32.24100 769.989 18.8948
32.24400 769.763 18.7581
32.24700 769.534 18.8915
32.25000 769.3 18.7088
32.25300 769.059 19.2736
32.25600 768.811 19.3059
32.25900 768.555 18.8378
32.26200 768.288 18.9695
32.26500 768.01 19.4772
32.26800 767.72 18.8545
32.27100 767.417 19.2024
32.27400 767.101 18.8915
32.27700 766.77 19.2414
32.28000 766.424 18.4774
32.28300 766.063 19.1425
32.28600 765.686 18.9422
32.28900 765.294 18.9185
32.29200 764.886 19.0312
32.29500 764.463 18.6859
32.29800 764.024 18.768
32.30100 763.571 19.1988
32.30400 763.103 18.9219
32.30700 762.622 18.8311
32.31000 762.127 18.7416
32.31300 761.62 19.2237
32.31600 761.102 18.8746
32.31900 760.572 18.4459
32.32200 760.033 18.621
32.32500 759.484 19.16
32.32800 758.928 18.8078
32.33100 758.364 18.6501
32.33400 757.793 18.8612
32.33700 757.217 19.125
32.34000 756.636 18.2757
32.34300 756.052 18.9559
32.34600 755.465 19.3383
32.34900 754.875 18.7878
32.35200 754.285 18.8278
32.35500 753.693 18.878
32.35800 753.103 18.9456
32.36100 752.513 18.8378
32.36400 751.924 18.9627
32.36700 751.339 18.3032
32.37000 750.756 19.014
32.37300 750.177 18.8982
32.37600 749.603 18.8612
32.37900 749.033 18.7581
32.38200 748.469 18.3587
32.38500 747.911 18.7746
32.38800 747.36 18.2971
32.39100 746.816 18.368
32.39400 746.28 18.7482
32.39700 745.751 18.8545
32.40000 745.232 18.6794
32.40300 744.721 18.6533
32.40600 744.22 18.7284
32.40900 743.729 18.5888
32.41200 743.248 18.3742
32.41500 742.778 18.8545
32.41800 742.32 18.6631
32.42100 741.872 18.7548
32.42400 741.437 19.0623
32.42700 741.013 18.9185
32.43000 740.602 18.3186
32.43300 740.204 18.3649
32.43600 739.819 18.4084
32.43900 739.447 18.5791
32.44200 739.088 19.045
32.44500 738.743 18.8847
32.44800 738.411 18.8378
32.45100 738.094 18.0953
32.45400 737.79 18.4177
32.45700 737.501 18.6696
32.46000 737.225 18.2422
32.46300 736.963 18.6989
32.46600 736.716 18.712
32.46900 736.482 18.4021
32.47200 736.262 18.5952
32.47500 736.056 18.6016
32.47800 735.863 19.0347
32.48100 735.684 18.8144
32.48400 735.518 18.9969
32.48700 735.366 18.8512
32.49000 735.226 18.4868
32.49300 735.098 18.9389
32.49600 734.983 19.139
32.49900 734.88 18.1668
32.50200 734.788 19.0416
32.50500 734.708 18.8713
32.50800 734.639 18.2818
32.51100 734.581 19.104
32.51400 734.533 18.5376
32.51700 734.496 18.3063
32.52000 734.468 18.1999
32.52300 734.45 18.509
32.52600 734.441 18.7317
32.52900 734.442 18.509
32.53200 734.451 18.3649
32.53500 734.469 18.4932
32.53800 734.495 18.2059
32.54100 734.53 18.3866
32.54400 734.573 18.7055
32.54700 734.624 18.509
32.55000 734.683 18.1012
32.55300 734.75 18.4177
32.55600 734.824 18.712
32.55900 734.905 18.6533
32.56200 734.996 18.949
32.56500 735.095 18.7746
32.56800 735.204 18.7055
32.57100 735.321 18.8746
32.57400 735.447 18.5472
32.57700 735.582 18.8982
32.58000 735.728 18.4742
32.58300 735.884 18.4115
32.58600 736.05 18.4522
32.58900 736.228 18.5599
32.59200 736.418 18.9287
32.59500 736.62 18.6891
32.59800 736.835 18.2331
32.60100 737.063 18.6404
32.60400 737.306 18.8982
32.60700 737.564 18.3928
32.61000 737.837 18.424
32.61300 738.127 18.8445
32.61600 738.433 18.8378
32.61900 738.756 18.2029
32.62200 739.097 18.7779
32.62500 739.457 18.6566
32.62800 739.835 18.3711
32.63100 740.234 18.4053
32.63400 740.652 18.8847
32.63700 741.09 18.9117
32.64000 741.55 18.5472
32.64300 742.03 18.3032
32.64600 742.532 18.544
32.64900 743.056 18.5408
32.65200 743.602 18.7581
32.65500 744.17 18.5824
32.65800 744.76 18.7548
32.66100 745.372 18.7317
32.66400 746.007 18.9832
32.66700 746.663 18.6566
32.67000 747.341 19.1565
32.67300 748.041 18.8344
32.67600 748.762 18.8915
32.67900 749.503 18.5344
32.68200 750.264 18.6242
32.68500 751.044 18.6339
32.68800 751.843 18.4711
32.69100 752.659 18.8445
32.69400 753.492 19.0347
32.69700 754.34 18.9422
32.70000 755.202 18.9866
32.70300 756.076 18.9797
32.70600 756.961 19.0554
32.70900 757.855 18.6826
32.71200 758.757 19.1741
32.71500 759.664 19.0037
32.71800 760.574 18.8111
32.72100 761.485 18.8177
32.72400 762.396 18.905
32.72700 763.302 18.5535
32.73000 764.202 18.8411
32.73300 765.093 18.8545
32.73600 765.971 18.8078
32.73900 766.835 18.7449
32.74200 767.68 18.8478
32.74500 768.505 18.7251
32.74800 769.304 18.7945
32.75100 770.076 18.6891
32.75400 770.816 19.146
32.75700 771.522 19.2843
32.76000 772.19 18.8177
32.76300 772.816 19.0727
32.76600 773.399 19.1812
32.76900 773.934 18.735
32.77200 774.419 19.27
32.77500 774.851 19.1882
32.77800 775.228 18.5952
32.78100 775.549 19.2987
32.78400 775.811 19.1706
32.78700 776.014 19.0485
32.79000 776.157 19.2664
32.79300 776.24 19.2308
32.79600 776.262 19.0693
32.79900 776.226 18.5567
32.80200 776.132 19.4588
32.80500 775.981 19.6078
32.80800 775.777 18.905
32.81100 775.52 18.8378
32.81400 775.213 19.4809
32.81700 774.86 18.8881
32.82000 774.464 18.7713
32.82300 774.027 19.2736
32.82600 773.554 18.9559
32.82900 773.046 18.6761
32.83200 772.509 19.146
32.83500 771.944 18.9525
32.83800 771.357 18.5185
32.84100 770.748 18.6339
32.84400 770.123 18.9525
32.84700 769.484 19.2879
32.85000 768.833 18.7219
32.85300 768.175 19.2059
32.85600 767.51 18.8746
32.85900 766.843 18.9832
32.86200 766.176 19.3565
32.86500 765.51 19.3059
32.86800 764.847 18.8512
32.87100 764.191 18.8478
32.87400 763.542 19.118
32.87700 762.902 19.1355
32.88000 762.273 18.9593
32.88300 761.655 19.0589
32.88600 761.051 19.2736
32.88900 760.461 18.8948
32.89200 759.885 18.5695
32.89500 759.325 19.4147
32.89800 758.781 18.5535
32.90100 758.253 17.2877
32.90400 757.741 16.498
32.90700 757.245 17.1071
32.91000 756.766 17.5655
32.91300 756.302 17.6666
32.91600 755.854 17.686
32.91900 755.421 17.6832
32.92200 755.002 17.9896
32.92500 754.597 18.2605
32.92800 754.203 17.5763
32.93100 753.821 17.9721
32.93400 753.448 17.9634
32.93700 753.085 18.0864
32.94000 752.73 18.2757
32.94300 752.381 18.0657
32.94600 752.039 17.8515
32.94900 751.702 18.0569
32.95200 751.369 18.4774
32.95500 751.041 17.7695
32.95800 750.717 17.6474
32.96100 750.398 18.1758
32.96400 750.083 18.3371
32.96700 749.775 17.8429
32.97000 749.473 17.9259
32.97300 749.179 18.3186
32.97600 748.894 17.949
32.97900 748.619 18.125
32.98200 748.357 18.6049
32.98500 748.108 18.1939
32.98800 747.873 18.1071
32.99100 747.655 18.2422
32.99400 747.455 18.3155
32.99700 747.272 17.8033
33.00000 747.11 17.722
33.00300 746.968 17.4928
33.00600 746.847 18.1369
33.00900 746.748 17.923
33.01200 746.672 17.923
33.01500 746.619 18.1668
33.01800 746.588 17.6063
33.02100 746.581 18.2059
33.02400 746.598 17.8259
33.02700 746.637 17.9057
33.03000 746.699 17.7054
33.03300 746.784 18.1908
33.03600 746.891 18.2059
33.03900 747.02 18.119
33.04200 747.17 17.9547
33.04500 747.339 18.0953
33.04800 747.528 18.2029
33.05100 747.735 17.8259
33.05400 747.96 17.9
33.05700 748.201 17.9115
33.06000 748.457 17.9518
33.06300 748.727 18.5631
33.06600 749.011 18.4616
33.06900 749.306 18.1012
33.07200 749.613 17.9259
33.07500 749.93 18.4616
33.07800 750.256 18.1042
33.08100 750.592 18.3186
33.08400 750.935 18.1369
33.08700 751.286 17.88
33.09000 751.645 18.0923
33.09300 752.011 18.424
33.09600 752.385 18.5472
33.09900 752.766 17.7054
33.10200 753.156 18.0983
33.10500 753.555 18.3371
33.10800 753.964 17.9172
33.11100 754.384 18.5153
33.11400 754.815 18.1848
33.11700 755.26 18.1369
33.12000 755.72 18.3959
33.12300 756.195 17.8914
33.12600 756.688 18.5535
33.12900 757.201 17.86
33.13200 757.734 18.0422
33.13500 758.29 18.5535
33.13800 758.871 17.9547
33.14100 759.478 18.224
33.14400 760.113 18.1668
33.14700 760.778 18.1939
33.15000 761.474 18.4742
33.15300 762.203 18.0041
33.15600 762.967 18.5663
33.15900 763.768 18.1758
33.16200 764.606 18.5535
33.16500 765.484 18.735
33.16800 766.402 18.4742
33.17100 767.362 18.215
33.17400 768.366 18.424
33.17700 769.413 18.0598
33.18000 770.506 18.3835
33.18300 771.645 18.3186
33.18600 772.83 18.5122
33.18900 774.062 18.1578
33.19200 775.342 18.1638
33.19500 776.669 18.6436
33.19800 778.044 17.8515
33.20100 779.467 18.6339
33.20400 780.937 18.2059
33.20700 782.453 18.6113
33.21000 784.016 18.6533
33.21300 785.625 18.5376
33.21600 787.277 18.7088
33.21900 788.973 18.4146
33.22200 790.71 18.3401
33.22500 792.487 18.5408
33.22800 794.302 18.0775
33.23100 796.154 18.544
33.23400 798.039 18.8011
33.23700 799.956 18.6274
33.24000 801.901 18.7186
33.24300 803.872 18.4396
33.24600 805.866 18.7878
33.24900 807.879 18.3247
33.25200 809.908 19.1953
33.25500 811.948 19.118
33.25800 813.997 18.4995
33.26100 816.05 18.768
33.26400 818.101 18.7482
33.26700 820.148 18.8847
33.27000 822.184 18.7515
33.27300 824.205 18.9695
33.27600 826.205 19.097
33.27900 828.178 18.7945
33.28200 830.12 18.9866
33.28500 832.023 19.2024
33.28800 833.882 18.5249
33.29100 835.691 18.8713
33.29400 837.442 19.0416
33.29700 839.129 19.014
33.30000 840.745 18.3401
33.30300 842.284 19.2736
33.30600 843.737 19.1145
33.30900 845.099 18.9456
33.31200 846.362 19.2557
33.31500 847.52 19.3782
33.31800 848.565 18.8344
33.32100 849.491 19.0175
33.32400 850.292 18.9287
33.32700 850.963 18.8211
33.33000 851.498 19.2201
33.33300 851.893 18.9661
33.33600 852.143 19.104
33.33900 852.245 18.8411
33.34200 852.197 19.4221
33.34500 851.997 19.2521
33.34800 851.644 19.014
33.35100 851.138 19.3239
33.35400 850.48 18.7978
33.35700 849.671 18.8881
33.36000 848.715 19.4588
33.36300 847.615 18.5631
33.36600 846.375 19.2629
33.36900 844.999 18.9016
33.37200 843.494 19.0519
33.37500 841.865 18.9559
33.37800 840.119 19.0209
33.38100 838.263 19.1847
33.38400 836.304 18.9969
33.38700 834.249 18.6404
33.39000 832.107 19.2166
33.39300 829.884 18.4648
33.39600 827.588 19.0485
33.39900 825.228 18.7845
33.40200 822.81 18.6566
33.40500 820.343 19.0175
33.40800 817.832 18.6016
33.41100 815.286 19.0623
33.41400 812.712 18.6924
33.41700 810.115 18.9559
33.42000 807.502 18.7383
33.42300 804.88 18.6371
33.42600 802.254 18.3401
33.42900 799.629 17.9808
33.43200 797.01 18.2971
33.43500 794.404 18.7647
33.43800 791.814 18.49
33.44100 789.244 18.6566
33.44400 786.699 18.4428
33.44700 784.183 18.6566
33.45000 781.7 18.7153
33.45300 779.251 18.768
33.45600 776.842 18.4084
33.45900 774.473 18.2513
33.46200 772.149 18.5791
33.46500 769.871 18.4115
33.46800 767.642 18.2029
33.47100 765.463 18.4491
33.47400 763.337 17.949
33.47700 761.264 18.5153
33.48000 759.246 18.3155
33.48300 757.284 17.8231
33.48600 755.379 17.9518
33.48900 753.532 18.4459
33.49200 751.743 18.2696
33.49500 750.013 18.3155
33.49800 748.342 18.1131
33.50100 746.73 18.5058
33.50400 745.177 17.7388
33.50700 743.683 17.9896
33.51000 742.247 18.0834
33.51300 740.87 18.1309
33.51600 739.551 18.3309
33.51900 738.289 18.0775
33.52200 737.083 18.3649
33.52500 735.933 18.1908
33.52800 734.838 17.9316
33.53100 733.797 18.0687
33.53400 732.809 18.119
33.53700 731.873 17.8571
33.54000 730.987 18.054
33.54300 730.152 17.9896
33.54600 729.364 18.0481
33.54900 728.624 17.8971
33.55200 727.931 18.2362
33.55500 727.282 17.9692
33.55800 726.676 17.7667
33.56100 726.113 18.1548
33.56400 725.591 18.2119
33.56700 725.108 17.7751
33.57000 724.664 17.7864
33.57300 724.257 17.8089
33.57600 723.885 18.0246
33.57900 723.549 17.722
33.58200 723.246 17.8372
33.58500 722.975 17.975
33.58800 722.735 17.5899
33.59100 722.524 17.8005
33.59400 722.343 18.1339
33.59700 722.189 17.8174
33.60000 722.062 18.119
33.60300 721.96 17.9432
33.60600 721.883 17.7415
33.60900 721.83 17.8914
33.61200 721.8 18.215
33.61500 721.791 17.9867
33.61800 721.803 17.6199
33.62100 721.836 17.9287
33.62400 721.888 18.4209
33.62700 721.959 18.1758
33.63000 722.048 17.9692
33.63300 722.154 18.2788
33.63600 722.276 18.0451
33.63900 722.415 17.8033
33.64200 722.569 17.9172
33.64500 722.738 17.8714
33.64800 722.921 17.9518
33.65100 723.118 17.9547
33.65400 723.328 17.7165
33.65700 723.551 18.0393
33.66000 723.787 18.1131
33.66300 724.034 17.8657
33.66600 724.293 17.9808
33.66900 724.563 17.1827
33.67200 724.844 17.8061
33.67500 725.136 18.2544
33.67800 725.439 17.7723
33.68100 725.752 17.88
33.68400 726.076 17.9925
33.68700 726.411 17.7836
33.69000 726.756 17.9983
33.69300 727.113 17.8828
33.69600 727.481 17.949
33.69900 727.86 17.8146
33.70200 728.251 18.3463
33.70500 728.654 17.7555
33.70800 729.07 17.7388
33.71100 729.499 17.6777
33.71400 729.941 17.8202
33.71700 730.397 18.2301
33.72000 730.868 17.8628
33.72300 731.354 18.1429
33.72600 731.855 18.2483
33.72900 732.372 18.1399
33.73200 732.906 18.3525
33.73500 733.456 18.1161
33.73800 734.023 17.7081
33.74100 734.608 18.3278
33.74400 735.21 18.0451
33.74700 735.831 17.6777
33.75000 736.469 18.3124
33.75300 737.126 18.2119
33.75600 737.801 17.7864
33.75900 738.495 17.5845
33.76200 739.207 18.2727
33.76500 739.938 18.3309
33.76800 740.687 18.544
33.77100 741.454 18.3278
33.77400 742.239 18.3432
33.77700 743.042 17.8429
33.78000 743.863 18.0657
33.78300 744.701 18.125
33.78600 745.555 18.3124
33.78900 746.427 18.224
33.79200 747.314 18.3371
33.79500 748.218 18.3063
33.79800 749.137 18.1012
33.80100 750.07 18.1518
33.80400 751.019 18.2331
33.80700 751.982 18.2029
33.81000 752.958 18.4711
33.81300 753.948 18.1908
33.81600 754.95 18.2971
33.81900 755.965 18.5153
33.82200 756.992 18.6924
33.82500 758.031 18.1161
33.82800 759.08 18.2574
33.83100 760.14 18.4491
33.83400 761.211 18.5344
33.83700 762.291 17.9983
33.84000 763.38 18.291
33.84300 764.478 18.294
33.84600 765.584 18.5856
33.84900 766.698 18.0246
33.85200 767.819 18.2029
33.85500 768.948 18.6598
33.85800 770.083 18.291
33.86100 771.225 18.3587
33.86400 772.373 18.4271
33.86700 773.528 18.2757
33.87000 774.689 18.9253
33.87300 775.858 18.6891
33.87600 777.033 18.8211
33.87900 778.216 18.7779
33.88200 779.407 19.3673
33.88500 780.607 18.7945
33.88800 781.813 18.5504
33.89100 783.034 19.0381
33.89400 784.268 19.676
33.89700 785.516 18.7055
33.90000 786.778 18.6566
33.90300 788.057 18.5631
33.90600 789.353 18.9832
33.90900 790.668 18.334
33.91200 792.003 19.1145
33.91500 793.359 19.2166
33.91800 794.737 18.4553
33.92100 796.139 19.4111
33.92400 797.564 18.6794
33.92700 799.014 18.9559
33.93000 800.489 19.3601
33.93300 801.99 19.0003
33.93600 803.516 19.0175
33.93900 805.067 19.1495
33.94200 806.644 19.045
33.94500 808.244 19.5965
33.94800 809.868 19.4221
33.95100 811.514 20.0967
33.95400 813.181 19.7681
33.95700 814.867 19.8693
33.96000 816.571 19.7642
33.96300 818.291 19.3492
33.96600 820.023 19.9403
33.96900 821.766 19.9641
33.97200 823.517 20.5629
33.97500 825.273 20.5325
33.97800 827.03 20.0683
33.98100 828.785 20.8651
33.98400 830.534 20.9795
33.98700 832.274 20.7883
33.99000 833.999 20.5239
33.99300 835.707 20.5023
33.99600 837.392 20.6769
33.99900 839.05 20.8696
34.00200 840.677 21.1289
34.00500 842.266 20.9335
34.00800 843.813 20.9243
34.01100 845.313 21.6118
34.01400 846.76 21.0027
34.01700 848.15 20.8514
34.02000 849.477 20.37
34.02300 850.736 21.5415
34.02600 851.922 20.7838
34.02900 853.029 21.0865
34.03200 854.053 21.1714
34.03500 854.989 21.4521
34.03800 855.832 21.1762
34.04100 856.578 21.0772
34.04400 857.223 21.5716
34.04700 857.763 21.3007
34.05000 858.196 21.1952
34.05300 858.519 21.6574
34.05600 858.729 21.3931
34.05900 858.826 20.8469
34.06200 858.807 21.6169
34.06500 858.673 21.4768
34.06800 858.424 20.9152
34.07100 858.061 21.462
34.07400 857.585 21.3882
34.07700 856.998 21.1809
34.08000 856.304 22.0113
34.08300 855.504 20.9934
34.08600 854.603 20.9611
34.08900 853.605 20.9198
34.09200 852.513 21.7443
34.09500 851.333 20.9335
34.09800 850.07 21.4176
34.10100 848.729 21.6118
34.10400 847.314 21.2622
34.10700 845.831 20.7883
34.11000 844.286 21.0585
34.11300 842.683 21.0073
34.11600 841.027 21.0631
34.11900 839.324 20.5455
34.12200 837.579 21.2814
34.12500 835.796 21.3201
34.12800 833.979 21.0585
34.13100 832.133 20.8741
34.13400 830.262 20.998
34.13700 828.369 20.9657
34.14000 826.459 20.9381
34.14300 824.534 20.7658
34.14600 822.597 21.0119
34.14900 820.651 21.0352
34.15200 818.699 21.243
34.15500 816.744 21.143
34.15800 814.787 20.4594
34.16100 812.831 21.2
34.16400 810.877 21.11
34.16700 808.927 20.1538
34.17000 806.984 21.0305
34.17300 805.047 21.3007
34.17600 803.119 21.0445
34.17900 801.201 20.3153
34.18200 799.294 21.1952
34.18500 797.399 20.5412
34.18800 795.518 20.8243
34.19100 793.65 20.3531
34.19400 791.798 21.3007
34.19700 789.962 20.7212
34.20000 788.142 20.2196
34.20300 786.34 20.7793
34.20600 784.556 20.3531
34.20900 782.791 19.992
34.21200 781.045 21.1194
34.21500 779.32 20.5369
34.21800 777.615 20.232
34.22100 775.932 20.6592
34.22400 774.27 20.5152
34.22700 772.631 20.012
34.23000 771.014 20.4722
34.23300 769.421 20.0967
34.23600 767.852 20.2072
34.23900 766.307 20.2278
34.24200 764.788 20.3153
34.24500 763.295 20.3742
34.24800 761.829 19.4698
34.25100 760.391 19.6116
34.25400 758.981 20.5412
34.25700 757.599 20.3321
34.26000 756.247 20.2237
34.26300 754.924 20.4594
34.26600 753.631 20.1252
34.26900 752.368 20.008
34.27200 751.136 19.8185
34.27500 749.931 20.2777
34.27800 748.755 19.9323
34.28100 747.611 20.4422
34.28400 746.495 20.3574
34.28700 745.407 19.5031
34.29000 744.346 20.4636
34.29300 743.312 20.2486
34.29600 742.303 20.4808
34.29900 741.319 19.7296
34.30200 740.359 20.2735
34.30500 739.423 20.3447
34.30800 738.511 19.5965
34.31100 737.621 19.7797
34.31400 736.754 20.0683
34.31700 735.911 20.1825
34.32000 735.09 20.1784
34.32300 734.294 19.9601
34.32600 733.521 20.0522
34.32900 732.773 19.7028
34.33200 732.05 20.012
34.33500 731.353 19.984
34.33800 730.683 19.7334
34.34100 730.039 19.5928
34.34400 729.423 19.589
34.34700 728.834 19.4994
34.35000 728.273 20.1252
34.35300 727.741 19.9641
34.35600 727.236 19.8575
34.35900 726.76 19.7952
34.36200 726.313 20.0401
34.36500 725.893 20.1784
34.36800 725.502 19.9721
34.37100 725.138 20.1374
34.37400 724.801 19.4662
34.37700 724.491 19.3673
34.38000 724.207 19.7296
34.38300 723.949 19.6989
34.38600 723.715 19.559
34.38900 723.506 20.1374
34.39200 723.32 19.6646
34.39500 723.157 20.1907
34.39800 723.015 19.2201
34.40100 722.894 19.6684
34.40400 722.793 19.4257
34.40700 722.711 19.772
34.41000 722.646 19.984
34.41300 722.599 20.004
34.41600 722.568 19.7913
34.41900 722.551 19.3311
34.42200 722.549 20.004
34.42500 722.56 20.4039
34.42800 722.582 19.7642
34.43100 722.616 19.5441
34.43400 722.659 20.0805
34.43700 722.712 19.3855
34.44000 722.772 19.4404
34.44300 722.84 19.9323
34.44600 722.913 19.3746
34.44900 722.992 19.518
34.45200 723.076 19.8146
34.45500 723.163 19.6381
34.45800 723.253 19.3059
34.46100 723.344 19.9165
34.46400 723.437 19.885
34.46700 723.531 19.838
34.47000 723.625 19.6646
34.47300 723.717 20.0401
34.47600 723.809 19.8575
34.47900 723.898 19.7642
34.48200 723.985 19.5965
34.48500 724.069 19.9284
34.48800 724.15 19.7296
34.49100 724.226 19.5106
34.49400 724.299 20.1907
34.49700 724.366 19.7642
34.50000 724.429 19.4367
34.50300 724.486 19.6875
34.50600 724.538 19.3892
34.50900 724.584 19.6875
34.51200 724.625 19.7219
34.51500 724.659 19.9482
34.51800 724.687 19.3456
34.52100 724.71 19.7913
34.52400 724.726 19.5703
34.52700 724.737 19.4588
34.53000 724.742 19.6267
34.53300 724.742 19.8889
34.53600 724.737 19.2414
34.53900 724.727 19.8185
34.54200 724.712 20.0926
34.54500 724.694 19.7758
34.54800 724.671 19.4772
34.55100 724.645 19.8302
34.55400 724.617 20.3616
34.55700 724.585 19.7373
34.56000 724.551 20.3574
34.56300 724.516 20.1784
34.56600 724.479 19.8732
34.56900 724.44 19.6305
34.57200 724.4 20.016
34.57500 724.36 20.1456
34.57800 724.318 19.5853
34.58100 724.276 20.0281
34.58400 724.234 20.004
34.58700 724.191 19.8458
34.59000 724.147 20.2777
34.59300 724.103 20.2403
34.59600 724.059 20.3489
34.59900 724.014 19.3492
34.60200 723.969 19.8107
34.60500 723.924 19.5553
34.60800 723.88 19.6799
34.61100 723.836 19.8458
34.61400 723.792 19.6003
34.61700 723.751 20.0321
34.62000 723.711 20.3827
34.62300 723.675 19.745
34.62600 723.642 19.7411
34.62900 723.613 19.6875
34.63200 723.59 19.772
34.63500 723.574 20.1743
34.63800 723.565 19.6494
34.64100 723.565 20.1989
34.64400 723.575 19.2987
34.64700 723.595 19.518
34.65000 723.626 19.6381
34.65300 723.67 19.4441
34.65600 723.727 19.5329
34.65900 723.797 19.6989
34.66200 723.882 19.5815
34.66500 723.981 20.166
34.66800 724.094 19.4698
34.67100 724.222 19.4698
34.67400 724.365 19.7488
34.67700 724.521 19.2664
34.68000 724.691 19.104
34.68300 724.873 20.37
34.68600 725.069 19.3819
34.68900 725.277 19.3965
34.69200 725.495 19.6913
34.69500 725.722 20.016
34.69800 725.957 19.4147
34.70100 726.198 20.008
34.70400 726.444 19.9403
34.70700 726.693 19.3492
34.71000 726.943 19.2593
34.71300 727.192 19.6003
34.71600 727.439 19.6837
34.71900 727.681 19.6989
34.72200 727.917 19.2736
34.72500 728.144 19.3131
34.72800 728.361 19.4994
34.73100 728.567 19.5815
34.73400 728.76 19.8146
34.73700 728.938 19.2272
34.74000 729.101 19.8341
34.74300 729.248 20.1989
34.74600 729.378 19.5329
34.74900 729.492 19.2879
34.75200 729.588 19.7604
34.75500 729.668 19.9442
34.75800 729.732 19.3275
34.76100 729.781 19.7874
34.76400 729.816 19.7334
34.76700 729.838 19.7257
34.77000 729.849 19.4735
34.77300 729.85 19.7334
34.77600 729.843 19.976
34.77900 729.829 19.9165
34.78200 729.81 20.117
34.78500 729.788 19.8575
34.78800 729.765 19.6041
34.79100 729.742 19.676
34.79400 729.721 19.5106
34.79700 729.704 19.2807
34.80000 729.69 19.6078
34.80300 729.683 19.6267
34.80600 729.684 19.9244
34.80900 729.692 19.7028
34.81200 729.71 19.7952
34.81500 729.738 19.9284
34.81800 729.776 19.7681
34.82100 729.827 19.9482
34.82400 729.889 20.1129
34.82700 729.964 19.1953
34.83000 730.051 19.5403
34.83300 730.152 19.6989
34.83600 730.265 19.1847
34.83900 730.392 19.7758
34.84200 730.531 20.1701
34.84500 730.684 19.5069
34.84800 730.848 19.5069
34.85100 731.025 19.5965
34.85400 731.212 19.3167
34.85700 731.411 19.7181
34.86000 731.62 19.9244
34.86300 731.839 19.5628
34.86600 732.066 19.371
34.86900 732.3 19.2486
34.87200 732.541 19.8732
34.87500 732.788 20.1374
34.87800 733.039 18.9934
34.88100 733.293 19.5292
34.88400 733.55 19.976
34.88700 733.807 19.8419
34.89000 734.063 19.9403
34.89300 734.317 19.838
34.89600 734.568 19.7527
34.89900 734.814 20.1948
34.90200 735.054 20.0361
34.90500 735.286 20.4294
34.90800 735.51 19.8068
34.91100 735.723 20.1211
34.91400 735.925 20.0562
34.91700 736.115 20.0482
34.92000 736.291 19.8107
34.92300 736.452 19.9601
34.92600 736.597 19.7836
34.92900 736.725 19.5515
34.93200 736.836 19.9482
34.93500 736.928 20.0401
34.93800 737.001 19.2166
34.94100 737.054 20.0401
34.94400 737.087 20.1619
34.94700 737.099 19.7181
34.95000 737.089 19.6192
34.95300 737.058 20.3912
34.95600 737.005 19.7991
34.95900 736.93 19.9561
34.96200 736.832 19.9086
34.96500 736.713 19.8146
34.96800 736.571 19.6078
34.97100 736.407 19.5031
34.97400 736.22 20.1374
34.97700 736.012 20.008
34.98000 735.782 19.7028
34.98300 735.531 20.02
34.98600 735.259 19.6608
34.98900 734.966 19.5217
34.99200 734.653 19.976
34.99500 734.321 19.838
34.99800 733.97 18.2089
35.00100 733.601 16.3104
35.00400 733.214 17.7639
35.00700 732.81 17.7639
35.01000 732.39 18.4084
35.01300 731.955 18.5824
35.01600 731.505 18.7317
35.01900 731.042 18.8278
35.02200 730.566 18.4271
35.02500 730.078 18.7614
35.02800 729.579 18.4585
35.03100 729.07 18.3649
35.03400 728.552 18.6761
35.03700 728.026 18.3063
35.04000 727.492 18.7779
35.04300 726.952 19.0693
35.04600 726.407 18.6339
35.04900 725.856 18.6891
35.05200 725.302 18.9797
35.05500 724.745 18.7416
35.05800 724.185 18.4428
35.06100 723.624 18.4868
35.06400 723.061 18.6826
35.06700 722.499 18.5408
35.07000 721.937 17.9954
35.07300 721.376 18.1161
35.07600 720.817 18.6924
35.07900 720.26 18.5217
35.08200 719.705 18.9627
35.08500 719.154 18.7912
35.08800 718.606 18.6339
35.09100 718.062 18.7746
35.09400 717.523 19.0416
35.09700 716.988 18.5376
35.10000 716.458 18.8982
35.10300 715.934 18.4084
35.10600 715.415 18.3866
35.10900 714.903 18.2818
35.11200 714.396 19.0554
35.11500 713.897 18.4932
35.11800 713.403 18.5408
35.12100 712.917 18.6924
35.12400 712.437 19.2521
35.12700 711.965 18.0041
35.13000 711.5 18.4084
35.13300 711.042 18.6145
35.13600 710.592 18.4302
35.13900 710.15 18.1668
35.14200 709.715 18.4585
35.14500 709.288 18.5791
35.14800 708.87 18.6598
35.15100 708.459 19.014
35.15400 708.056 18.3742
35.15700 707.661 18.6859
35.16000 707.275 19.0175
35.16300 706.896 18.6016
35.16600 706.526 18.7482
35.16900 706.163 18.4837
35.17200 705.809 18.4711
35.17500 705.463 18.9797
35.17800 705.125 18.4428
35.18100 704.796 18.7912
35.18400 704.474 18.6469
35.18700 704.16 18.4837
35.19000 703.855 18.6501
35.19300 703.557 18.7186
35.19600 703.267 18.2666
35.19900 702.985 18.4553
35.20200 702.711 18.5027
35.20500 702.444 19.3601
35.20800 702.185 18.8915
35.21100 701.934 19.0381
35.21400 701.69 18.3401
35.21700 701.454 18.7482
35.22000 701.225 18.5472
35.22300 701.004 18.8579
35.22600 700.79 18.5567
35.22900 700.583 18.5727
35.23200 700.383 18.7383
35.23500 700.191 19.0658
35.23800 700.005 18.4209
35.24100 699.827 19.1777
35.24400 699.655 18.2362
35.24700 699.491 18.4053
35.25000 699.333 18.8847
35.25300 699.182 18.8679
35.25600 699.038 19.0071
35.25900 698.901 18.4459
35.26200 698.77 19.045
35.26500 698.646 18.5663
35.26800 698.529 18.4115
35.27100 698.419 19.0175
35.27400 698.315 18.7383
35.27700 698.217 19.0727
35.28000 698.126 18.768
35.28300 698.042 18.9934
35.28600 697.965 18.2513
35.28900 697.894 18.4616
35.29200 697.829 18.4585
35.29500 697.772 18.8612
35.29800 697.721 18.3804
35.30100 697.676 18.9593
35.30400 697.639 18.5663
35.30700 697.608 18.9695
35.31000 697.584 18.8746
35.31300 697.568 18.4177
35.31600 697.558 18.9016
35.31900 697.555 18.49
35.32200 697.56 18.9969
35.32500 697.572 18.9729
35.32800 697.592 18.3217
35.33100 697.619 18.5984
35.33400 697.655 18.6242
35.33700 697.698 18.3124
35.34000 697.75 18.7912
35.34300 697.811 18.5984
35.34600 697.88 18.9456
35.34900 697.958 18.368
35.35200 698.046 18.6339
35.35500 698.143 19.0243
35.35800 698.25 18.6081
35.36100 698.368 18.8512
35.36400 698.496 18.3371
35.36700 698.634 18.735
35.37000 698.784 18.6957
35.37300 698.945 18.5952
35.37600 699.118 18.49
35.37900 699.303 18.7284
35.38200 699.5 18.4774
35.38500 699.71 18.4616
35.38800 699.932 18.3155
35.39100 700.167 19.2772
35.39400 700.416 18.9185
35.39700 700.677 18.6469
35.40000 700.952 18.5631
35.40300 701.24 18.5952
35.40600 701.541 18.7647
35.40900 701.855 18.5567
35.41200 702.182 18.3742
35.41500 702.522 18.7088
35.41800 702.874 18.2879
35.42100 703.238 18.7548
35.42400 703.615 18.5695
35.42700 704.002 18.8044
35.43000 704.4 18.8881
35.43300 704.809 18.7022
35.43600 705.226 19.2095
35.43900 705.653 18.4742
35.44200 706.087 19.213
35.44500 706.528 18.9389
35.44800 706.975 18.221
35.45100 707.426 19.2024
35.45400 707.882 18.5984
35.45700 708.34 18.4553
35.46000 708.799 19.097
35.46300 709.259 19.1495
35.46600 709.719 18.5567
35.46900 710.178 18.7779
35.47200 710.635 18.9389
35.47500 711.091 18.905
35.47800 711.546 18.7022
35.48100 712 19.153
35.48400 712.455 18.6859
35.48700 712.912 18.1339
35.49000 713.373 18.8144
35.49300 713.84 18.5185
35.49600 714.316 18.8111
35.49900 714.804 18.949
35.50200 715.305 19.371
35.50500 715.824 19.0589
35.50800 716.363 18.6339
35.51100 716.925 18.4679
35.51400 717.512 19.245
35.51700 718.126 18.3711
35.52000 718.77 19.5403
35.52300 719.446 19.1671
35.52600 720.156 19.111
35.52900 720.9 18.8411
35.53200 721.68 18.9422
35.53500 722.497 18.8881
35.53800 723.351 18.9661
35.54100 724.243 18.7088
35.54400 725.173 19.2879
35.54700 726.14 19.2308
35.55000 727.144 18.735
35.55300 728.184 19.2736
35.55600 729.259 18.8311
35.55900 730.368 19.0071
35.56200 731.508 19.4147
35.56500 732.679 18.8211
35.56800 733.877 18.9763
35.57100 735.1 19.111
35.57400 736.346 18.7779
35.57700 737.611 18.8411
35.58000 738.892 18.8713
35.58300 740.186 19.1777
35.58600 741.488 19.0901
35.58900 742.793 18.8144
35.59200 744.1 19.2987
35.59500 745.404 19.5853
35.59800 746.7 19.1882
35.60100 747.983 19.371
35.60400 749.249 19.0347
35.60700 750.494 18.4742
35.61000 751.713 18.9969
35.61300 752.903 19.5815
35.61600 754.059 19.1145
35.61900 755.178 19.0727
35.62200 756.258 19.014
35.62500 757.295 19.2343
35.62800 758.289 18.8915
35.63100 759.237 19.4698
35.63400 760.139 18.9456
35.63700 760.994 19.5031
35.64000 761.802 19.7913
35.64300 762.564 19.3928
35.64600 763.281 18.8612
35.64900 763.955 19.6078
35.65200 764.585 19.7681
35.65500 765.175 19.5106
35.65800 765.725 19.1145
35.66100 766.238 19.4441
35.66400 766.715 19.1988
35.66700 767.158 19.1882
35.67000 767.569 19.2951
35.67300 767.948 19.3819
35.67600 768.297 20.2196
35.67900 768.617 19.1706
35.68200 768.909 19.5292
35.68500 769.173 19.3203
35.68800 769.411 19.2237
35.69100 769.622 19.5665
35.69400 769.806 19.1953
35.69700 769.964 19.4588
35.70000 770.095 19.5853
35.70300 770.199 19.1005
35.70600 770.275 19.2664
35.70900 770.324 19.4957
35.71200 770.343 19.4772
35.71500 770.332 19.5069
35.71800 770.292 19.111
35.72100 770.22 19.3965
35.72400 770.117 19.2772
35.72700 769.981 19.5665
35.73000 769.813 19.6722
35.73300 769.612 19.6078
35.73600 769.377 19.1918
35.73900 769.108 18.7055
35.74200 768.806 19.559
35.74500 768.471 19.1882
35.74800 768.102 19.1005
35.75100 767.701 19.772
35.75400 767.268 19.4883
35.75700 766.804 19.4846
35.76000 766.309 19.8615
35.76300 765.787 19.7565
35.76600 765.236 19.6913
35.76900 764.659 19.6608
35.77200 764.057 19.4514
35.77500 763.431 19.3528
35.77800 762.783 19.1425
35.78100 762.114 19.3601
35.78400 761.425 19.4588
35.78700 760.719 19.5928
35.79000 759.995 19.492
35.79300 759.255 19.3059
35.79600 758.5 19.7066
35.79900 757.731 18.9084
35.80200 756.949 19.6608
35.80500 756.154 19.5069
35.80800 755.346 19.1812
35.81100 754.527 18.9729
35.81400 753.696 19.6608
35.81700 752.853 19.3311
35.82000 751.999 19.4221
35.82300 751.134 19.4698
35.82600 750.257 19.676
35.82900 749.37 19.4331
35.83200 748.473 19.6608
35.83500 747.566 19.6229
35.83800 746.65 19.6154
35.84100 745.727 18.9661
35.84400 744.796 19.4441
35.84700 743.861 19.4367
35.85000 742.923 19.3059
35.85300 741.984 19.5143
35.85600 741.045 19.6951
35.85900 740.11 19.5143
35.86200 739.181 19.7066
35.86500 738.259 19.559
35.86800 737.349 19.7028
35.87100 736.451 19.657
35.87400 735.569 19.8732
35.87700 734.704 19.27
35.88000 733.859 19.657
35.88300 733.036 19.6608
35.88600 732.236 19.4184
35.88900 731.462 19.3239
35.89200 730.714 19.2664
35.89500 729.994 19.1953
35.89800 729.303 19.0936
35.90100 728.643 18.9797
35.90400 728.014 19.5853
35.90700 727.417 20.2361
35.91000 726.853 19.8497
35.91300 726.322 20.6857
35.91600 725.825 21.0259
35.91900 725.361 20.0603
35.92200 724.932 20.5934
35.92500 724.538 20.1825
35.92800 724.177 20.2486
35.93100 723.851 20.5369
35.93400 723.559 21.11
35.93700 723.301 20.8108
35.94000 723.076 20.8469
35.94300 722.884 21.5415
35.94600 722.725 21.5816
35.94900 722.598 21.4521
35.95200 722.503 22.0648
35.95500 722.439 21.853
35.95800 722.406 21.6321
35.96100 722.402 21.5615
35.96400 722.428 22.2387
35.96700 722.482 22.2939
35.97000 722.564 22.4563
35.97300 722.674 22.3551
35.97600 722.81 21.9107
35.97900 722.972 21.9953
35.98200 723.159 22.1187
35.98500 723.37 22.2884
35.98800 723.605 21.8739
35.99100 723.863 22.5992
35.99400 724.143 22.4507
35.99700 724.446 22.5303
36.00000 724.769 21.6473
36.00300 725.112 21.9687
36.00600 725.476 22.4507
36.00900 725.858 22.3831
36.01200 726.26 23.2057
36.01500 726.679 22.0809
36.01800 727.116 22.6108
36.02100 727.57 22.7273
36.02400 728.041 22.5762
36.02700 728.528 22.462
36.03000 729.031 22.3328
36.03300 729.549 21.9001
36.03600 730.082 22.8396
36.03900 730.63 23.0449
36.04200 731.192 22.4055
36.04500 731.768 22.6455
36.04800 732.358 22.3161
36.05100 732.96 22.9114
36.05400 733.576 22.9779
36.05700 734.204 22.7508
36.06000 734.845 23.0022
36.06300 735.497 21.9687
36.06600 736.162 22.4733
36.06900 736.837 22.3775
36.07200 737.524 22.7803
36.07500 738.222 22.2884
36.07800 738.93 23.1187
36.08100 739.648 22.2773
36.08400 740.377 22.7862
36.08700 741.116 22.5417
36.09000 741.864 22.7685
36.09300 742.622 22.9114
36.09600 743.389 22.2828
36.09900 744.165 22.7038
36.10200 744.951 22.536
36.10500 745.746 22.6339
36.10800 746.55 22.5075
36.11100 747.362 23.1434
36.11400 748.184 22.2552
36.11700 749.015 22.4224
36.12000 749.855 23.0817
36.12300 750.703 22.8814
36.12600 751.561 22.6455
36.12900 752.428 23.4791
36.13200 753.304 22.605
36.13500 754.189 23.3635
36.13800 755.084 22.6746
36.14100 755.987 22.3161
36.14400 756.9 23.094
36.14700 757.822 23.4726
36.15000 758.753 22.804
36.15300 759.693 23.1621
36.15600 760.642 22.8277
36.15900 761.6 22.7155
36.16200 762.566 22.7685
36.16500 763.542 22.536
36.16800 764.526 22.8099
36.17100 765.518 23.051
36.17400 766.518 23.1807
36.17700 767.526 22.6281
36.18000 768.541 23.0327
36.18300 769.564 22.2828
36.18600 770.593 22.798
36.18900 771.628 22.984
36.19200 772.669 22.6166
36.19500 773.714 23.2621
36.19800 774.764 23.4726
36.20100 775.817 22.5647
36.20400 776.872 23.0633
36.20700 777.929 22.9537
36.21000 778.986 22.6108
36.21300 780.042 23.505
36.21600 781.096 22.6863
36.21900 782.146 23.1683
36.22200 783.19 22.9114
36.22500 784.227 23.389
36.22800 785.256 22.8277
36.23100 786.274 22.9355
36.23400 787.279 22.4055
36.23700 788.269 23.0571
36.24000 789.243 23.338
36.24300 790.198 23.6096
36.24600 791.131 23.0571
36.24900 792.042 23.0694
36.25200 792.926 22.798
36.25500 793.782 23.505
36.25800 794.608 23.4018
36.26100 795.401 23.0022
36.26400 796.159 23.5899
36.26700 796.88 23.1311
36.27000 797.561 23.1621
36.27300 798.201 23.749
36.27600 798.798 22.4847
36.27900 799.349 23.3762
36.28200 799.852 23.2558
36.28500 800.307 23.2432
36.28800 800.712 23.3316
36.29100 801.065 23.2684
36.29400 801.365 23.7156
36.29700 801.611 23.2244
36.30000 801.803 23.3826
36.30300 801.94 23.4726
36.30600 802.02 22.7803
36.30900 802.045 23.5441
36.31200 802.013 23.6294
36.31500 801.926 22.7155
36.31800 801.782 23.338
36.32100 801.583 23.2244
36.32400 801.33 22.7626
36.32700 801.022 22.8456
36.33000 800.661 23.1932
36.33300 800.248 23.4211
36.33600 799.784 22.4055
36.33900 799.271 23.9457
36.34200 798.709 23.6624
36.34500 798.1 23.2747
36.34800 797.447 23.7089
36.35100 796.751 23.3063
36.35400 796.013 23.2057
36.35700 795.236 23.2621
36.36000 794.421 23.1869
36.36300 793.57 23.3253
36.36600 792.686 23.4146
36.36900 791.769 23.5637
36.37200 790.823 23.4533
36.37500 789.849 23.8433
36.37800 788.848 22.9718
36.38100 787.824 22.6805
36.38400 786.777 23.1434
36.38700 785.71 23.3571
36.39000 784.625 23.3507
36.39300 783.523 22.9054
36.39600 782.407 22.7155
36.39900 781.277 22.9175
36.40200 780.136 22.4112
36.40500 778.985 23.3444
36.40800 777.827 22.7744
36.41100 776.662 22.7803
36.41400 775.493 23.2307
36.41700 774.32 22.2828
36.42000 773.146 23.4726
36.42300 771.971 22.6863
36.42600 770.798 23.1249
36.42900 769.627 22.9054
36.43200 768.461 23.1869
36.43500 767.3 23.9457
36.43800 766.146 22.6166
36.44100 765 23.0144
36.44400 763.864 23.3253
36.44700 762.738 22.698
36.45000 761.624 23.6228
36.45300 760.523 22.9658
36.45600 759.435 23.3063
36.45900 758.363 23.2936
36.46200 757.307 23.1063
36.46500 756.267 22.7155
36.46800 755.245 22.698
36.47100 754.242 22.99
36.47400 753.258 23.6823
36.47700 752.294 22.6863
36.48000 751.35 23.8569
36.48300 750.427 22.7567
36.48600 749.526 22.2332
36.48900 748.648 23.094
36.49200 747.792 22.6339
36.49500 746.958 22.6455
36.49800 746.149 22.3719
36.50100 745.363 22.6455
36.50400 744.601 22.1839
36.50700 743.863 22.3105
36.51000 743.15 22.8158
36.51300 742.463 22.1621
36.51600 741.8 22.8874
36.51900 741.164 22.698
36.52200 740.553 22.1567
36.52500 739.968 22.8158
36.52800 739.411 22.5647
36.53100 738.88 22.4677
36.53400 738.377 22.5762
36.53700 737.902 22.1512
36.54000 737.455 22.6108
36.54300 737.037 22.2497
36.54600 736.65 22.2828
36.54900 736.293 22.8218
36.55200 735.967 21.4472
36.55500 735.673 22.5417
36.55800 735.413 23.1621
36.56100 735.188 22.8158
36.56400 734.999 22.9355
36.56700 734.847 21.974
36.57000 734.735 22.7097
36.57300 734.665 23.281
36.57600 734.638 22.698
36.57900 734.657 23.2307
36.58200 734.727 22.2607
36.58500 734.849 22.8874
36.58800 735.028 22.6455
36.59100 735.268 23.1125
36.59400 735.574 23.1187
36.59700 735.951 21.9687
36.60000 736.404 22.8874
36.60300 736.942 22.8874
36.60600 737.57 22.4847
36.60900 738.296 23.6691
36.61200 739.13 22.3943
36.61500 740.08 22.9295
36.61800 741.157 22.5647
36.62100 742.371 22.2442
36.62400 743.734 23.0144
36.62700 745.258 22.3887
36.63000 746.956 22.9416
36.63300 748.842 22.6513
36.63600 750.929 22.7155
36.63900 753.232 22.798
36.64200 755.765 22.2442
36.64500 758.543 22.8635
36.64800 761.58 22.8575
36.65100 764.891 23.2495
36.65400 768.489 23.1063
36.65700 772.388 22.5704
36.66000 776.599 23.4856
36.66300 781.134 23.6757
36.66600 786.001 23.2873
36.66900 791.208 23.7289
36.67200 796.76 22.9054
36.67500 802.66 23.4662
36.67800 808.908 23.3316
36.68100 815.501 23.0633
36.68400 822.433 24.383
36.68700 829.694 22.9235
36.69000 837.269 23.7624
36.69300 845.142 23.2244
36.69600 853.29 24.4266
36.69900 861.686 24.6258
36.70200 870.298 24.6857
36.70500 879.089 24.7008
36.70800 888.018 24.383
36.71100 897.036 24.7613
36.71400 906.09 24.6707
36.71700 915.121 24.1402
36.72000 924.064 25.7684
36.72300 932.846 25.2458
36.72600 941.392 25.3918
36.72900 949.619 26.1622
36.73200 957.442 25.7941
36.73500 964.769 26.5841
36.73800 971.512 25.5488
36.74100 977.58 26.4351
36.74400 982.886 26.4535
36.74700 987.352 25.4741
36.75000 990.907 26.7452
36.75300 993.495 25.7087
36.75600 995.076 25.6158
36.75900 995.628 25.8113
36.76200 995.146 25.5238
36.76500 993.648 25.8285
36.76800 991.169 25.4576
36.77100 987.759 25.0785
36.77400 983.485 25.1657
36.77700 978.423 25.4741
36.78000 972.657 25.8285
36.78300 966.275 24.7841
36.78600 959.367 25.351
36.78900 952.023 24.8991
36.79200 944.33 24.2536
36.79500 936.37 24.8222
36.79800 928.22 24.5145
36.80100 919.955 24.544
36.80400 911.638 24.7765
36.80700 903.332 24.1967
36.81000 895.09 24.7841
36.81300 886.961 23.5571
36.81600 878.989 23.6426
36.81900 871.211 24.2109
36.82200 863.661 23.8841
36.82500 856.365 24.4266
36.82800 849.348 23.6691
36.83100 842.628 23.8841
36.83400 836.221 24.1332
36.83700 830.136 23.1434
36.84000 824.381 23.6823
36.84300 818.961 23.4856
36.84600 813.875 23.0879
36.84900 809.123 24.0702
36.85200 804.7 23.338
36.85500 800.6 23.1311
36.85800 796.814 23.4662
36.86100 793.332 22.5417
36.86400 790.144 24.1192
36.86700 787.237 22.3943
36.87000 784.598 22.7744
36.87300 782.213 21.6473
36.87600 780.07 19.3782
36.87900 778.154 20.7435
36.88200 776.451 20.8741
36.88500 774.948 21.734
36.88800 773.631 21.9001
36.89100 772.488 21.4917
36.89400 771.507 21.6321
36.89700 770.675 21.7391
36.90000 769.982 21.9212
36.90300 769.418 21.8322
36.90600 768.973 21.9953
36.90900 768.638 22.2718
36.91200 768.405 21.5515
36.91500 768.266 21.5415
36.91800 768.216 21.3492
36.92100 768.247 21.7959
36.92400 768.354 22.0326
36.92700 768.532 21.1714
36.93000 768.777 22.173
36.93300 769.083 21.8844
36.93600 769.449 21.9107
36.93900 769.87 21.8844
36.94200 770.343 21.8114
36.94500 770.865 21.8687
36.94800 771.435 21.2959
36.95100 772.048 22.2387
36.95400 772.704 22.3775
36.95700 773.4 22.2167
36.96000 774.133 22.5132
36.96300 774.902 22.0971
36.96600 775.705 21.5066
36.96900 776.538 22.3943
36.97200 777.401 21.6982
36.97500 778.29 21.9317
36.97800 779.203 21.3785
36.98100 780.138 22.5935
36.98400 781.092 21.8949
36.98700 782.062 21.6371
36.99000 783.046 21.8949
36.99300 784.04 22.2167
36.99600 785.042 22.1839
36.99900 786.048 21.9212
37.00200 787.057 22.2113
37.00500 788.063 21.8322
37.00800 789.066 21.8114
37.01100 790.062 21.2718
37.01400 791.047 22.5935
37.01700 792.02 21.9529
37.02000 792.979 22.2773
37.02300 793.92 22.2442
37.02600 794.841 21.827
37.02900 795.742 22.6281
37.03200 796.619 22.2939
37.03500 797.472 22.8635
37.03800 798.299 22.7273
37.04100 799.098 22.462
37.04400 799.868 22.1187
37.04700 800.609 22.1894
37.05000 801.318 22.4394
37.05300 801.994 22.8158
37.05600 802.636 22.1079
37.05900 803.242 22.0166
37.06200 803.811 22.6397
37.06500 804.341 22.5704
37.06800 804.828 22.4847
37.07100 805.272 22.5935
37.07400 805.669 22.9355
37.07700 806.017 22.2552
37.08000 806.313 22.5992
37.08300 806.554 22.698
37.08600 806.737 22.5075
37.08900 806.86 22.5189
37.09200 806.92 22.3217
37.09500 806.915 22.4961
37.09800 806.844 22.4733
37.10100 806.704 22.4394
37.10400 806.496 22.5589
37.10700 806.219 22.2387
37.11000 805.874 23.0571
37.11300 805.462 22.7508
37.11600 804.986 22.2552
37.11900 804.447 23.0388
37.12200 803.848 22.6166
37.12500 803.194 22.1839
37.12800 802.488 22.4055
37.13100 801.734 22.305
37.13400 800.937 22.3831
37.13700 800.101 22.3105
37.14000 799.232 22.3439
37.14300 798.332 22.605
37.14600 797.408 22.4337
37.14900 796.463 22.5075
37.15200 795.502 22.7803
37.15500 794.528 22.3551
37.15800 793.545 22.305
37.16100 792.556 22.8695
37.16400 791.565 22.8755
37.16700 790.574 22.0594
37.17000 789.586 22.6513
37.17300 788.603 21.974
37.17600 787.627 22.3719
37.17900 786.66 21.5716
37.18200 785.702 22.6166
37.18500 784.757 22.5935
37.18800 783.824 22.1025
37.19100 782.904 22.038
37.19400 781.998 22.1676
37.19700 781.107 22.0326
37.20000 780.23 22.1133
37.20300 779.369 21.7135
37.20600 778.523 22.2884
37.20900 777.693 22.3775
37.21200 776.879 22.4961
37.21500 776.08 22.3719
37.21800 775.298 21.9953
37.22100 774.53 21.6777
37.22400 773.779 22.3217
37.22700 773.043 22.6281
37.23000 772.322 22.305
37.23300 771.617 22.1458
37.23600 770.927 22.3105
37.23900 770.252 22.8396
37.24200 769.592 21.7855
37.24500 768.947 21.7597
37.24800 768.317 22.3161
37.25100 767.701 22.6513
37.25400 767.099 22.173
37.25700 766.512 21.7186
37.26000 765.938 22.2939
37.26300 765.378 21.9687
37.26600 764.831 22.5762
37.26900 764.297 21.9476
37.27200 763.775 22.2773
37.27500 763.266 22.3272
37.27800 762.769 22.4961
37.28100 762.283 22.3887
37.28400 761.809 22.4168
37.28700 761.345 21.7649
37.29000 760.891 21.5766
37.29300 760.448 22.1079
37.29600 760.013 21.6727
37.29900 759.588 21.7289
37.30200 759.171 22.173
37.30500 758.763 22.3775
37.30800 758.362 21.6219
37.31100 757.969 22.6108
37.31400 757.582 22.3999
37.31700 757.203 21.6676
37.32000 756.83 21.8582
37.32300 756.463 22.3105
37.32600 756.102 21.6625
37.32900 755.747 22.0059
37.33200 755.397 21.7803
37.33500 755.054 22.1187
37.33800 754.716 22.5819
37.34100 754.384 21.9581
37.34400 754.058 22.2552
37.34700 753.738 21.6422
37.35000 753.424 21.9159
37.35300 753.117 22.1621
37.35600 752.815 21.3443
37.35900 752.521 21.8739
37.36200 752.232 22.4733
37.36500 751.951 21.9107
37.36800 751.676 22.2222
37.37100 751.408 21.853
37.37400 751.146 22.1621
37.37700 750.891 21.6422
37.38000 750.642 22.1295
37.38300 750.399 21.8166
37.38600 750.162 21.3104
37.38900 749.93 21.2574
37.39200 749.704 22.1839
37.39500 749.481 21.6017
37.39800 749.263 21.9476
37.40100 749.048 21.4472
37.40400 748.835 21.9581
37.40700 748.624 22.1187
37.41000 748.414 21.6828
37.41300 748.204 21.9054
37.41600 747.994 22.0863
37.41900 747.781 22.1025
37.42200 747.565 21.5315
37.42500 747.345 22.1621
37.42800 747.12 22.1894
37.43100 746.888 21.8322
37.43400 746.649 21.4029
37.43700 746.402 22.2167
37.44000 746.144 21.8114
37.44300 745.876 22.0113
37.44600 745.596 21.3638
37.44900 745.303 21.937
37.45200 744.997 21.6625
37.45500 744.676 21.8218
37.45800 744.34 21.8792
37.46100 743.989 21.7033
37.46400 743.621 22.2442
37.46700 743.237 21.1904
37.47000 742.837 21.8844
37.47300 742.419 22.2884
37.47600 741.986 21.8218
37.47900 741.536 21.8062
37.48200 741.07 21.7135
37.48500 740.589 22.1567
37.48800 740.093 21.2286
37.49100 739.583 21.6727
37.49400 739.059 21.4768
37.49700 738.523 21.9529
37.50000 737.976 21.5216
37.50300 737.418 21.3736
37.50600 736.85 21.0912
37.50900 736.274 21.0027
37.51200 735.691 21.2334
37.51500 735.101 21.3395
37.51800 734.506 21.6727
37.52100 733.907 21.4423
37.52400 733.305 21.6422
37.52700 732.701 21.6625
37.53000 732.097 21.3249
37.53300 731.492 21.9212
37.53600 730.888 21.267
37.53900 730.287 22.0971
37.54200 729.69 21.9581
37.54500 729.096 21.3443
37.54800 728.507 21.2047
37.55100 727.924 20.9381
37.55400 727.348 21.4078
37.55700 726.779 21.7752
37.56000 726.218 20.9703
37.56300 725.667 21.4521
37.56600 725.124 21.4818
37.56900 724.593 21.853
37.57200 724.072 21.5615
37.57500 723.562 21.6982
37.57800 723.065 21.6523
37.58100 722.58 21.5216
37.58400 722.108 21.4226
37.58700 721.65 21.8374
37.59000 721.205 21.8374
37.59300 720.775 21.937
37.59600 720.36 21.219
37.59900 719.96 21.6422
37.60200 719.575 21.4324
37.60500 719.206 21.1857
37.60800 718.854 21.5066
37.61100 718.517 21.2095
37.61400 718.197 21.4472
37.61700 717.894 21.6879
37.62000 717.608 21.9529
37.62300 717.34 21.1525
37.62600 717.088 20.3658
37.62900 716.855 20.9473
37.63200 716.639 21.4176
37.63500 716.442 21.7649
37.63800 716.262 21.5615
37.64100 716.101 21.693
37.64400 715.959 21.3687
37.64700 715.835 21.3833
37.65000 715.73 20.9243
37.65300 715.644 22.0487
37.65600 715.578 20.9749
37.65900 715.531 21.1147
37.66200 715.503 21.6574
37.66500 715.496 21.243
37.66800 715.508 21.7803
37.67100 715.541 21.1952
37.67400 715.594 21.7237
37.67700 715.668 21.5615
37.68000 715.763 21.4226
37.68300 715.88 21.5967
37.68600 716.018 21.2238
37.68900 716.179 21.9317
37.69200 716.361 21.3931
37.69500 716.567 21.3298
37.69800 716.795 21.0912
37.70100 717.047 21.8166
37.70400 717.324 21.4571
37.70700 717.624 22.0273
37.71000 717.949 21.3104
37.71300 718.299 21.2
37.71600 718.674 21.6118
37.71900 719.076 21.0305
37.72200 719.503 21.8478
37.72500 719.958 20.9381
37.72800 720.439 20.8787
37.73100 720.948 21.0352
37.73400 721.484 21.4029
37.73700 722.048 21.4472
37.74000 722.641 21.398
37.74300 723.262 21.9054
37.74600 723.912 21.4768
37.74900 724.59 20.6021
37.75200 725.298 21.1667
37.75500 726.035 21.77
37.75800 726.8 21.7033
37.76100 727.595 21.3882
37.76400 728.418 21.9581
37.76700 729.27 22.1458
37.77000 730.15 21.3104
37.77300 731.058 21.9581
37.77600 731.993 22.0113
37.77900 732.956 22.038
37.78200 733.944 21.8949
37.78500 734.959 21.9953
37.78800 735.997 22.3105
37.79100 737.06 22.0113
37.79400 738.145 22.5992
37.79700 739.251 22.1079
37.80000 740.377 22.3272
37.80300 741.522 22.7331
37.80600 742.684 21.9317
37.80900 743.861 21.9265
37.81200 745.052 21.8426
37.81500 746.254 22.173
37.81800 747.466 22.0006
37.82100 748.685 22.0809
37.82400 749.908 22.3161
37.82700 751.134 22.2662
37.83000 752.36 22.7508
37.83300 753.582 22.2222
37.83600 754.799 21.9581
37.83900 756.007 22.1785
37.84200 757.203 22.4112
37.84500 758.384 22.7038
37.84800 759.547 23.4856
37.85100 760.688 24.0215
37.85400 761.804 23.8977
37.85700 762.892 23.1745
37.86000 763.949 24.0008
37.86300 764.97 24.3685
37.86600 765.953 23.7557
37.86900 766.894 23.6228
37.87200 767.79 24.1121
37.87500 768.638 24.6782
37.87800 769.435 25.0235
37.88100 770.179 25.1418
37.88400 770.866 26.3615
37.88700 771.495 25.1737
37.89000 772.064 25.7343
37.89300 772.571 26.688
37.89600 773.015 25.7855
37.89900 773.396 26.6312
37.90200 773.712 26.1265
37.90500 773.964 27.0567
37.90800 774.153 27.3896
37.91100 774.28 26.5841
37.91400 774.345 27.4204
37.91700 774.35 27.2874
37.92000 774.297 26.8996
37.92300 774.188 27.1663
37.92600 774.026 27.7778
37.92900 773.813 26.5935
37.93200 773.552 27.7564
37.93500 773.245 27.7137
37.93800 772.896 26.968
37.94100 772.506 27.3179
37.94400 772.079 27.8423
37.94700 771.617 27.8207
37.95000 771.123 27.7031
37.95300 770.598 28.3638
37.95600 770.044 26.8608
37.95900 769.464 27.7564
37.96200 768.858 27.5345
37.96500 768.229 27.2266
37.96800 767.577 26.9778
37.97100 766.904 26.5653
37.97400 766.209 27.3588
37.97700 765.494 27.2976
37.98000 764.759 27.6079
37.98300 764.006 27.3077
37.98600 763.233 26.9191
37.98900 762.442 27.5345
37.99200 761.634 27.1263
37.99500 760.809 27.4929
37.99800 759.969 26.8996
38.00100 759.114 27.1763
38.00400 758.246 27.9182
38.00700 757.366 26.9386
38.01000 756.477 28.1606
38.01300 755.58 27.5241
38.01600 754.677 26.4166
38.01900 753.771 27.2166
38.02200 752.863 26.8899
38.02500 751.956 26.5841
38.02800 751.052 27.2468
38.03100 750.153 26.688
38.03400 749.26 27.2671
38.03700 748.377 27.2874
38.04000 747.505 26.6029
38.04300 746.645 26.7357
38.04600 745.798 27.1063
38.04900 744.967 27.8856
38.05200 744.152 26.6785
38.05500 743.354 26.8608
38.05800 742.575 26.389
38.06100 741.815 26.5186
38.06400 741.074 27.5137
38.06700 740.354 26.669
38.07000 739.654 26.3158
38.07300 738.975 26.556
38.07600 738.317 26.1802
38.07900 737.681 27.2976
38.08200 737.066 26.6312
38.08500 736.472 27.1964
38.08800 735.9 26.9093
38.09100 735.349 25.9938
38.09400 734.818 26.9876
38.09700 734.308 25.6242
38.10000 733.819 26.0555
38.10300 733.35 26.7261
38.10600 732.9 27.1163
38.10900 732.469 26.7836
38.11200 732.058 25.6664
38.11500 731.664 27.0666
38.11800 731.289 26.8317
38.12100 730.931 26.3067
38.12400 730.59 26.6975
38.12700 730.266 26.389
38.13000 729.958 26.7452
38.13300 729.666 26.4814
38.13600 729.389 26.8124
38.13900 729.127 26.8124
38.14200 728.88 26.4814
38.14500 728.647 26.4351
38.14800 728.428 26.8414
38.15100 728.222 26.0466
38.15400 728.03 26.9975
38.15700 727.85 28.0386
38.16000 727.684 26.8124
38.16300 727.53 27.2874
38.16600 727.389 27.1663
38.16900 727.259 26.8996
38.17200 727.142 27.1063
38.17500 727.038 27.0666
38.17800 726.945 26.6975
38.18100 726.864 27.1864
38.18400 726.795 27.7137
38.18700 726.738 26.8414
38.19000 726.694 26.0201
38.19300 726.662 26.6029
38.19600 726.641 27.2065
38.19900 726.634 26.5747
38.20200 726.639 26.2522
38.20500 726.656 27.1463
38.20800 726.687 26.8414
38.21100 726.73 27.5345
38.21400 726.787 26.8608
38.21700 726.858 26.4258
38.22000 726.942 26.8899
38.22300 727.041 26.5466
38.22600 727.154 26.669
38.22900 727.282 26.2071
38.23200 727.424 26.389
38.23500 727.583 26.8414
38.23800 727.757 27.3077
38.24100 727.947 27.1663
38.24400 728.154 26.774
38.24700 728.378 27.1163
38.25000 728.62 27.0073
38.25300 728.879 26.0555
38.25600 729.157 26.7357
38.25900 729.454 27.0073
38.26200 729.77 26.3982
38.26500 730.106 26.9975
38.26800 730.463 26.7166
38.27100 730.841 26.5653
38.27400 731.242 26.8221
38.27700 731.664 25.9412
38.28000 732.11 26.8802
38.28300 732.58 26.4351
38.28600 733.075 26.8705
38.28900 733.595 27.1063
38.29200 734.141 25.6579
38.29500 734.715 27.3485
38.29800 735.317 25.3592
38.30100 735.949 26.1981
38.30400 736.61 27.0765
38.30700 737.303 26.1802
38.31000 738.029 27.6712
38.31300 738.787 27.1663
38.31600 739.581 27.3896
38.31900 740.411 26.2885
38.32200 741.278 27.3998
38.32500 742.183 27.6606
38.32800 743.129 27.3485
38.33100 744.117 26.3982
38.33400 745.147 27.0964
38.33700 746.223 26.4628
38.34000 747.344 26.2613
38.34300 748.514 26.2976
38.34600 749.734 26.7836
38.34900 751.005 27.1363
38.35200 752.329 26.7261
38.35500 753.709 27.7137
38.35800 755.145 26.8317
38.36100 756.641 27.2468
38.36400 758.197 26.556
38.36700 759.816 27.4825
38.37000 761.5 28.2504
38.37300 763.25 26.9778
38.37600 765.068 27.2772
38.37900 766.957 27.3588
38.38200 768.918 26.7644
38.38500 770.953 27.6606
38.38800 773.063 27.3077
38.39100 775.25 27.7885
38.39400 777.517 27.0666
38.39700 779.864 27.369
38.40000 782.292 28.0496
38.40300 784.804 26.6312
38.40600 787.399 27.5345
38.40900 790.08 28.0939
38.41200 792.848 26.5279
38.41500 795.702 28.9157
38.41800 798.644 27.4514
38.42100 801.673 27.9399
38.42400 804.791 27.9073
38.42700 807.997 27.735
38.43000 811.292 27.929
38.43300 814.674 27.4411
38.43600 818.143 27.8315
38.43900 821.698 28.9037
38.44200 825.339 28.1161
38.44500 829.064 29.0007
38.44800 832.872 27.9399
38.45100 836.76 28.0496
38.45400 840.726 28.748
38.45700 844.769 28.105
38.46000 848.885 28.7956
38.46300 853.071 27.4307
38.46600 857.325 29.3484
38.46900 861.641 27.8207
38.47200 866.017 27.9618
38.47500 870.447 29.3357
38.47800 874.927 29.0374
38.48100 879.452 29.7614
38.48400 884.015 29.3864
38.48700 888.61 27.6395
38.49000 893.231 29.5915
38.49300 897.871 27.7243
38.49600 902.522 29.7219
38.49900 907.176 29.8941
38.50200 911.824 28.5017
38.50500 916.459 30.5281
38.50800 921.069 29.0619
38.51100 925.647 29.7482
38.51400 930.182 29.4118
38.51700 934.664 29.988
38.52000 939.083 29.9342
38.52300 943.429 29.0865
38.52600 947.692 30.429
38.52900 951.863 29.6174
38.53200 955.932 29.3864
38.53500 959.891 30.9049
38.53800 963.732 31.4503
38.54100 967.448 30.015
38.54400 971.032 30.3449
38.54700 974.48 30.1511
38.55000 977.788 30.3309
38.55300 980.952 30.4714
38.55600 983.972 29.8275
38.55900 986.847 30.3588
38.56200 989.577 29.0742
38.56500 992.165 29.988
38.56800 994.613 28.6652
38.57100 996.924 29.6304
38.57400 999.103 30.9196
38.57700 1001.15 30.2199
38.58000 1003.08 30.5281
38.58300 1004.9 29.2979
38.58600 1006.6 30.5995
38.58900 1008.19 29.9074
38.59200 1009.68 29.9342
38.59500 1011.08 31.0835
38.59800 1012.38 30.4997
38.60100 1013.59 30.6858
38.60400 1014.72 30.303
38.60700 1015.76 30.0285
38.61000 1016.72 31.1891
38.61300 1017.59 29.5012
38.61600 1018.38 31.1891
38.61900 1019.08 30.7583
38.62200 1019.7 29.9074
38.62500 1020.22 30.5281
38.62800 1020.65 29.6826
38.63100 1020.97 30.4997
38.63400 1021.18 30.5139
38.63700 1021.28 30.9344
38.64000 1021.25 30.6858
38.64300 1021.08 29.7351
38.64600 1020.78 30.8607
38.64900 1020.32 31.0835
38.65200 1019.69 30.5709
38.65500 1018.9 31.4814
38.65800 1017.92 30.846
38.66100 1016.75 30.9492
38.66400 1015.38 30.7438
38.66700 1013.81 30.0692
38.67000 1012.02 31.1136
38.67300 1010.03 29.8275
38.67600 1007.81 30.1923
38.67900 1005.37 30.0965
38.68200 1002.72 30.5139
38.68500 999.858 30.5566
38.68800 996.786 29.8674
38.69100 993.512 30.3588
38.69400 990.046 30.2061
38.69700 986.397 29.9208
38.70000 982.578 29.7614
38.70300 978.601 29.1358
38.70600 974.478 30.2061
38.70900 970.225 30.0557
38.71200 965.857 29.361
38.71500 961.387 30.4431
38.71800 956.831 29.7482
38.72100 952.203 29.7219
38.72400 947.519 28.8916
38.72700 942.791 29.3737
38.73000 938.035 29.7088
38.73300 933.263 28.273
38.73600 928.487 29.5141
38.73900 923.72 28.9157
38.74200 918.972 28.2843
38.74500 914.254 29.9745
38.74800 909.576 28.6534
38.75100 904.947 29.1482
38.75400 900.375 28.8076
38.75700 895.869 28.3069
38.76000 891.435 29.3737
38.76300 887.08 28.4786
38.76600 882.811 28.5133
38.76900 878.632 28.0056
38.77200 874.548 28.7006
38.77500 870.563 29.173
38.77800 866.682 27.7137
38.78100 862.908 27.9946
38.78400 859.243 28.3183
38.78700 855.69 28.3752
38.79000 852.251 28.5481
38.79300 848.927 27.4307
38.79600 845.719 27.9399
38.79900 842.628 28.0386
38.80200 839.654 27.6395
38.80500 836.797 28.3752
38.80800 834.057 28.0166
38.81100 831.433 27.4618
38.81400 828.924 27.7243
38.81700 826.529 27.8423
38.82000 824.246 27.6395
38.82300 822.074 27.4307
38.82600 820.009 28.4325
38.82900 818.052 27.3998
38.83200 816.198 26.8221
38.83500 814.446 28.2956
38.83800 812.792 27.6079
38.84100 811.235 27.7992
38.84400 809.772 27.9727
38.84700 808.398 27.2065
38.85000 807.113 27.1763
38.85300 805.912 27.3077
38.85600 804.792 27.8315
38.85900 803.751 27.5345
38.86200 802.786 27.9399
38.86500 801.893 27.7778
38.86800 801.069 27.7031
38.87100 800.312 26.7166
38.87400 799.619 27.8531
38.87700 798.986 27.8747
38.88000 798.411 27.7671
38.88300 797.891 26.9289
38.88600 797.424 27.3998
38.88900 797.006 26.6785
38.89200 796.636 26.8608
38.89500 796.311 28.5714
38.89800 796.028 27.3485
38.90100 795.785 27.3077
38.90400 795.58 27.1063
38.90700 795.411 26.9093
38.91000 795.276 27.5764
38.91300 795.172 26.8608
38.91600 795.099 27.6924
38.91900 795.054 28.9278
38.92200 795.036 26.9876
38.92500 795.043 27.4411
38.92800 795.073 27.8315
38.93100 795.126 28.1606
38.93400 795.199 27.5554
38.93700 795.293 26.6596
38.94000 795.405 27.8315
38.94300 795.534 27.0172
38.94600 795.681 27.929
38.94900 795.843 27.5659
38.95200 796.021 26.9386
38.95500 796.213 27.7243
38.95800 796.419 27.8315
38.96100 796.639 26.7357
38.96400 796.872 26.9975
38.96700 797.117 24.7234
38.97000 797.374 24.8222
38.97300 797.644 25.8717
38.97600 797.925 26.6596
38.97900 798.219 26.6785
38.98200 798.524 25.7002
38.98500 798.841 26.7548
38.98800 799.169 26.4814
38.99100 799.51 26.556
38.99400 799.862 27.6395
38.99700 800.226 26.3158
39.00000 800.602 26.8124
39.00300 800.991 26.4074
39.00600 801.391 26.2432
39.00900 801.804 27.0369
39.01200 802.23 25.9064
39.01500 802.668 28.105
39.01800 803.119 25.9412
39.02100 803.583 26.4999
39.02400 804.059 28.0276
39.02700 804.549 25.7599
39.03000 805.051 26.5186
39.03300 805.566 26.3706
39.03600 806.093 26.2342
39.03900 806.633 26.6406
39.04200 807.185 26.1622
39.04500 807.749 26.5747
39.04800 808.324 25.9762
39.05100 808.909 27.0369
39.05400 809.506 26.9289
39.05700 810.112 26.0998
39.06000 810.727 27.1263
39.06300 811.35 26.2703
39.06600 811.98 26.8899
39.06900 812.617 27.1964
39.07200 813.259 26.1265
39.07500 813.905 27.3896
39.07800 814.555 27.4618
39.08100 815.206 26.4535
39.08400 815.858 26.3706
39.08700 816.508 26.4166
39.09000 817.157 27.6289
39.09300 817.802 27.4101
39.09600 818.442 26.1087
39.09900 819.075 26.8124
39.10200 819.7 26.7548
39.10500 820.315 28.2391
39.10800 820.918 27.369
39.11100 821.508 26.2976
39.11400 822.084 26.6312
39.11700 822.643 27.0468
39.12000 823.184 26.4999
39.12300 823.706 26.7644
39.12600 824.205 26.8317
39.12900 824.682 26.968
39.13200 825.134 26.8317
39.13500 825.558 26.7836
39.13800 825.954 27.0468
39.14100 826.32 26.6501
39.14400 826.653 27.3077
39.14700 826.952 26.334
39.15000 827.214 26.9191
39.15300 827.438 27.0864
39.15600 827.622 27.1964
39.15900 827.764 26.5747
39.16200 827.861 25.985
39.16500 827.912 27.4825
39.16800 827.915 26.9484
39.17100 827.868 26.2161
39.17400 827.769 27.2065
39.17700 827.618 26.7357
39.18000 827.412 27.3383
39.18300 827.151 26.7932
39.18600 826.834 26.6406
39.18900 826.461 26.8124
39.19200 826.031 26.9876
39.19500 825.546 27.7778
39.19800 825.005 27.1263
39.20100 824.409 26.7071
39.20400 823.762 27.1864
39.20700 823.063 27.8207
39.21000 822.316 27.1063
39.21300 821.522 27.3998
39.21600 820.686 25.8977
39.21900 819.81 27.3179
39.22200 818.896 26.7452
39.22500 817.95 26.9582
39.22800 816.974 27.6606
39.23100 815.972 26.6406
39.23400 814.948 27.5974
39.23700 813.906 27.5554
39.24000 812.849 27.5659
39.24300 811.78 26.8317
39.24600 810.704 26.9289
39.24900 809.623 27.2976
39.25200 808.54 26.0025
39.25500 807.459 26.4814
39.25800 806.383 26.7166
39.26100 805.313 27.5869
39.26400 804.252 26.8221
39.26700 803.202 26.8028
39.27000 802.166 26.8996
39.27300 801.145 26.4535
39.27600 800.139 26.8996
39.27900 799.152 27.0864
39.28200 798.183 27.0765
39.28500 797.233 27.81
39.28800 796.303 27.2468
39.29100 795.393 25.8544
39.29400 794.503 26.2703
39.29700 793.634 26.3706
39.30000 792.786 27.369
39.30300 791.957 27.4514
39.30600 791.147 26.334
39.30900 790.355 27.1763
39.31200 789.582 26.3523
39.31500 788.825 26.9289
39.31800 788.083 26.3706
39.32100 787.355 25.6326
39.32400 786.641 26.6312
39.32700 785.938 26.5372
39.33000 785.245 26.1622
39.33300 784.56 25.3673
39.33600 783.884 26.4906
39.33900 783.213 27.2468
39.34200 782.546 25.6495
39.34500 781.884 26.3158
39.34800 781.223 27.1363
39.35100 780.563 26.6029
39.35400 779.904 26.3798
39.35700 779.244 26.2794
39.36000 778.582 27.1864
39.36300 777.918 25.9238
39.36600 777.252 27.1964
39.36900 776.582 26.9975
39.37200 775.908 25.8199
39.37500 775.231 26.4999
39.37800 774.55 25.8113
39.38100 773.865 25.4329
39.38400 773.175 25.9675
39.38700 772.482 26.0378
39.39000 771.785 26.0732
39.39300 771.084 26.0025
39.39600 770.38 26.3523
39.39900 769.673 26.3249
39.40200 768.963 25.7941
39.40500 768.251 25.863
39.40800 767.538 26.6123
39.41100 766.823 26.0643
39.41400 766.108 26.0378
39.41700 765.393 26.6406
39.42000 764.678 25.7428
39.42300 763.965 25.6326
39.42600 763.253 25.2056
39.42900 762.543 25.889
39.43200 761.837 25.8717
39.43500 761.134 26.5747
39.43800 760.434 25.863
39.44100 759.74 24.9688
39.44400 759.05 26.669
39.44700 758.366 25.3673
39.45000 757.688 26.2432
39.45300 757.016 26.0025
39.45600 756.351 25.7343
39.45900 755.693 25.95
39.46200 755.042 26.0732
39.46500 754.399 26.1354
39.46800 753.764 25.4989
39.47100 753.138 26.1891
39.47400 752.519 25.9762
39.47700 751.909 25.95
39.48000 751.308 25.7684
39.48300 750.716 26.1265
39.48600 750.133 25.278
39.48900 749.558 25.95
39.49200 748.993 25.8457
39.49500 748.437 25.047
39.49800 747.89 25.8285
39.50100 747.353 25.278
39.50400 746.824 25.7087
39.50700 746.305 25.5571
39.51000 745.795 26.1712
39.51300 745.294 25.8027
39.51600 744.802 25.1976
39.51900 744.318 25.599
39.52200 743.844 25.777
39.52500 743.378 26.1712
39.52800 742.92 25.6917
39.53100 742.471 25.599
39.53400 742.031 25.8977
39.53700 741.598 25.5822
39.54000 741.174 25.3429
39.54300 740.757 25.2217
39.54600 740.349 25.9064
39.54900 739.948 25.95
39.55200 739.555 26.0201
39.55500 739.17 25.8199
39.55800 738.793 26.0025
39.56100 738.423 26.1087
39.56400 738.061 25.7684
39.56700 737.708 24.9377
39.57000 737.362 26.1176
39.57300 737.025 25.1418
39.57600 736.695 25.2136
39.57900 736.374 25.7513
39.58200 736.062 25.7257
39.58500 735.758 25.3918
39.58800 735.462 24.9068
39.59100 735.175 25.1577
39.59400 734.897 24.6857
39.59700 734.627 24.8375
39.60000 734.366 25.1737
39.60300 734.115 24.7537
39.60600 733.872 25.2942
39.60900 733.638 25.5655
39.61200 733.414 25.2136
39.61500 733.199 25.5321
39.61800 732.993 25.3673
39.62100 732.797 24.5588
39.62400 732.61 24.9766
39.62700 732.433 25.641
39.63000 732.266 24.8069
39.63300 732.108 25.0943
39.63600 731.96 25.1259
39.63900 731.822 25.7087
39.64200 731.695 26.1622
39.64500 731.577 25.3592
39.64800 731.469 24.8913
39.65100 731.371 24.7385
39.65400 731.283 25.6579
39.65700 731.205 25.0156
39.66000 731.137 24.9068
39.66300 731.079 26.0466
39.66600 731.03 25.7172
39.66900 730.99 25.9675
39.67200 730.959 24.8069
39.67500 730.938 25.4329
39.67800 730.925 25.3755
39.68100 730.92 25.0864
39.68400 730.924 25.278
39.68700 730.935 25.2861
39.69000 730.954 25.1657
39.69300 730.98 25.6917
39.69600 731.013 25.7172
39.69900 731.052 26.0466
39.70200 731.098 24.7765
39.70500 731.149 25.6326
39.70800 731.206 24.9455
39.71100 731.268 25.3592
39.71400 731.335 25.6242
39.71700 731.406 25.351
39.72000 731.48 24.5293
39.72300 731.559 25.3837
39.72600 731.64 24.6782
39.72900 731.724 25.2538
39.73200 731.81 24.6183
39.73500 731.897 25.5822
39.73800 731.986 25.3837
39.74100 732.076 25.4741
39.74400 732.167 26.1712
39.74700 732.257 25.3592
39.75000 732.347 25.1976
39.75300 732.436 25.7599
39.75600 732.524 26.082
39.75900 732.61 25.3185
39.76200 732.693 24.9533
39.76500 732.774 25.5571
39.76800 732.852 25.5238
39.77100 732.925 25.6495
39.77400 732.995 25.0392
39.77700 733.06 25.6242
39.78000 733.12 25.6579
39.78300 733.174 24.4485
39.78600 733.223 23.6492
39.78900 733.265 25.4989
39.79200 733.301 24.4048
39.79500 733.33 26.4074
39.79800 733.351 24.3757
39.80100 733.365 25.2297
39.80400 733.37 26.1443
39.80700 733.368 24.544
39.81000 733.357 25.0235
39.81300 733.338 24.961
39.81600 733.31 25.4246
39.81900 733.274 26.0643
39.82200 733.228 25.4658
39.82500 733.174 25.3185
39.82800 733.111 26.3158
39.83100 733.04 25.9151
39.83400 732.959 25.2619
39.83700 732.87 25.5155
39.84000 732.773 25.6917
39.84300 732.667 25.3755
39.84600 732.553 25.6326
39.84900 732.431 26.1087
39.85200 732.301 25.6579
39.85500 732.164 25.7599
39.85800 732.02 25.2699
39.86100 731.868 25.9412
39.86400 731.709 26.2613
39.86700 731.544 26.334
39.87000 731.372 26.8124
39.87300 731.193 25.4493
39.87600 731.009 25.6917
39.87900 730.818 26.774
39.88200 730.622 25.7428
39.88500 730.42 26.4906
39.88800 730.212 25.8371
39.89100 729.999 26.3067
39.89400 729.781 25.599
39.89700 729.558 25.1896
39.90000 729.329 26.3615
39.90300 729.096 26.7932
39.90600 728.857 25.6748
39.90900 728.614 27.0172
39.91200 728.365 26.5279
39.91500 728.112 27.4307
39.91800 727.854 26.5747
39.92100 727.59 26.5935
39.92400 727.322 26.3982
39.92700 727.049 26.6501
39.93000 726.771 26.1802
39.93300 726.488 26.8899
39.93600 726.199 26.4258
39.93900 725.906 26.9778
39.94200 725.607 27.6712
39.94500 725.303 28.4325
39.94800 724.993 28.8076
39.95100 724.678 29.1235
39.95400 724.357 30.1786
39.95700 724.031 28.94
39.96000 723.699 28.8076
39.96300 723.36 30.0285
39.96600 723.016 30.3309
39.96900 722.666 30.015
39.97200 722.31 30.0557
39.97500 721.948 31.5127
39.97800 721.58 32.5472
39.98100 721.206 32.5818
39.98400 720.825 32.3762
39.98700 720.438 32.7385
39.99000 720.045 32.6512
39.99300 719.646 33.7869
39.99600 719.241 33.8449
39.99900 718.829 35.3553
