# columns: two_theta_deg intensity sigma
1.50000 1163.75 55.9893
1.50300 1164.15 55.3849
1.50600 1164.55 51.9875
1.50900 1164.94 55.8146
1.51200 1165.33 54.5545
1.51500 1165.72 55.1318
1.51800 1166.1 54.3125
1.52100 1166.48 57.5435
1.52400 1166.85 56.4333
1.52700 1167.22 58.1238
1.53000 1167.59 56.1656
1.53300 1167.96 57.1662
1.53600 1168.32 55.9017
1.53900 1168.68 58.0259
1.54200 1169.04 56.5233
1.54500 1169.4 54.153
1.54800 1169.75 58.3212
1.55100 1170.1 55.7278
1.55400 1170.45 54.4735
1.55700 1170.8 54.965
1.56000 1171.14 56.0772
1.56300 1171.48 59.8684
1.56600 1171.83 58.4206
1.56900 1172.17 55.47
1.57200 1172.51 56.888
1.57500 1172.85 57.5435
1.57800 1173.19 54.4735
1.58100 1173.53 55.9017
1.58400 1173.87 57.2598
1.58700 1174.21 56.3436
1.59000 1174.55 55.47
1.59300 1174.89 55.7278
1.59600 1175.23 56.4333
1.59900 1175.57 55.0482
1.60200 1175.92 54.5545
1.60500 1176.27 56.888
1.60800 1176.62 54.965
1.61100 1176.98 56.5233
1.61400 1177.34 55.3001
1.61700 1177.7 57.1662
1.62000 1178.07 55.8146
1.62300 1178.44 56.9803
1.62600 1178.82 55.8146
1.62900 1179.21 57.3539
1.63200 1179.6 56.4333
1.63500 1180.01 55.3001
1.63800 1180.42 51.8476
1.64100 1180.84 52.9999
1.64400 1181.27 57.9284
1.64700 1181.72 54.0738
1.65000 1182.18 56.1656
1.65300 1182.65 58.9256
1.65600 1183.14 56.2544
1.65900 1183.65 55.9017
1.66200 1184.18 56.3436
1.66500 1184.73 57.5435
1.66800 1185.3 56.9803
1.67100 1185.9 57.073
1.67400 1186.53 57.2598
1.67700 1187.19 55.9017
1.68000 1187.88 57.1662
1.68300 1188.61 57.639
1.68600 1189.38 53.8382
1.68900 1190.2 53.1494
1.69200 1191.07 56.7962
1.69500 1191.99 57.735
1.69800 1192.97 56.7048
1.70100 1194.03 55.2158
1.70400 1195.16 57.3539
1.70700 1196.37 58.4206
1.71000 1197.69 54.8821
1.71300 1199.11 57.8315
1.71600 1200.65 55.7278
1.71900 1202.32 55.1318
1.72200 1204.15 56.2544
1.72500 1206.16 57.5435
1.72800 1208.37 56.9803
1.73100 1210.81 54.5545
1.73400 1213.51 59.1312
1.73700 1216.53 56.888
1.74000 1219.91 57.073
1.74300 1223.71 57.8315
1.74600 1228.02 56.3436
1.74900 1232.93 58.8235
1.75200 1238.57 58.0259
1.75500 1245.1 59.5491
1.75800 1252.74 58.9256
1.76100 1261.77 58.5206
1.76400 1272.59 59.4438
1.76700 1285.76 59.655
1.77000 1302.12 61.0847
1.77300 1323.02 60.4122
1.77600 1351.46 63.1194
1.77900 1400.14 64.8204
1.78200 1523.05 71.9816
1.78500 1855.56 75.5929
1.78800 2546.64 83.6242
1.79100 3598.94 97.59
1.79400 4912.93 114.708
1.79700 6442.69 130.189
1.80000 8212.01 149.071
1.80300 10241.9 171.499
1.80600 12529.5 182.574
1.80900 15061.1 204.124
1.81200 17694 229.416
1.81500 20160.2 250
1.81800 22452.9 277.35
1.82100 25024.5 301.511
1.82400 28664.6 333.333
1.82700 34599.9 377.964
1.83000 42670 408.248
1.83300 45559.1 408.248
1.83600 33610.2 333.333
1.83900 15628.7 218.218
1.84200 5538.96 141.421
1.84500 2591.09 104.257
1.84800 1950.15 84.8189
1.85100 1728.09 77.6151
1.85400 1597.64 70.7107
1.85700 1509.33 68.8428
1.86000 1446.38 64.6846
1.86300 1399.81 64.6846
1.86600 1364.32 64.6846
1.86900 1336.6 61.3139
1.87200 1314.5 60.7457
1.87500 1296.58 61.0847
1.87800 1281.82 57.9284
1.88100 1269.52 58.8235
1.88400 1259.14 59.655
1.88700 1250.29 57.735
1.89000 1242.68 59.655
1.89300 1236.08 59.8684
1.89600 1230.32 54.8821
1.89900 1225.26 58.3212
1.90200 1220.77 58.9256
1.90500 1216.78 56.1656
1.90800 1213.22 57.5435
1.91100 1210.01 55.9017
1.91400 1207.11 55.6415
1.91700 1204.48 58.9256
1.92000 1202.09 58.0259
1.92300 1199.9 57.4485
1.92600 1197.89 57.639
1.92900 1196.04 55.5556
1.93200 1194.33 56.7962
1.93500 1192.75 56.6139
1.93800 1191.27 55.9017
1.94100 1189.9 57.2598
1.94400 1188.62 57.4485
1.94700 1187.42 56.7962
1.95000 1186.29 54.0738
1.95300 1185.22 57.735
1.95600 1184.22 58.5206
1.95900 1183.27 53.4522
1.96200 1182.37 57.073
1.96500 1181.51 55.6415
1.96800 1180.7 54.2326
1.97100 1179.92 55.8146
1.97400 1179.18 55.2158
1.97700 1178.46 57.073
1.98000 1177.78 53.0745
1.98300 1177.12 57.3539
1.98600 1176.49 56.1656
1.98900 1175.88 57.4485
1.99200 1175.29 54.7997
1.99500 1174.72 55.8146
1.99800 1174.17 53.6056
2.00100 1173.64 57.2598
2.00400 1173.12 56.3436
2.00700 1172.61 53.7603
2.01000 1172.12 55.7278
2.01300 1171.64 60.7457
2.01600 1171.18 56.3436
2.01900 1170.72 56.0772
2.02200 1170.27 56.9803
2.02500 1169.84 57.1662
2.02800 1169.41 56.0772
2.03100 1168.99 55.1318
2.03400 1168.57 57.1662
2.03700 1168.17 54.5545
2.04000 1167.77 56.888
2.04300 1167.38 57.2598
2.04600 1166.99 55.47
2.04900 1166.61 56.6139
2.05200 1166.23 55.1318
2.05500 1165.86 54.7997
2.05800 1165.5 57.639
2.06100 1165.13 53.4522
2.06400 1164.78 55.7278
2.06700 1164.42 56.4333
2.07000 1164.07 56.6139
2.07300 1163.72 53.9164
2.07600 1163.38 54.153
2.07900 1163.04 54.8821
2.08200 1162.7 56.5233
2.08500 1162.36 55.3849
2.08800 1162.03 56.5233
2.09100 1161.7 56.6139
2.09400 1161.37 56.5233
2.09700 1161.04 55.3001
2.10000 1160.72 56.6139
2.10300 1160.39 55.7278
2.10600 1160.07 57.9284
2.10900 1159.75 56.3436
2.11200 1159.43 52.8516
2.11500 1159.12 53.8382
2.11800 1158.8 56.7962
2.12100 1158.49 57.5435
2.12400 1158.18 57.639
2.12700 1157.86 56.2544
2.13000 1157.55 56.3436
2.13300 1157.24 54.965
2.13600 1156.93 55.3849
2.13900 1156.63 56.0772
2.14200 1156.32 55.2158
2.14500 1156.01 57.2598
2.14800 1155.71 57.1662
2.15100 1155.4 55.6415
2.15400 1155.1 57.1662
2.15700 1154.8 55.1318
2.16000 1154.49 55.6415
2.16300 1154.19 57.9284
2.16600 1153.89 53.6056
2.16900 1153.59 55.9893
2.17200 1153.29 55.47
2.17500 1152.99 55.9017
2.17800 1152.69 57.4485
2.18100 1152.39 58.4206
2.18400 1152.09 56.9803
2.18700 1151.79 54.5545
2.19000 1151.49 53.6056
2.19300 1151.19 55.8146
2.19600 1150.89 54.5545
2.19900 1150.59 55.1318
2.20200 1150.3 54.7997
2.20500 1150 57.4485
2.20800 1149.7 53.8382
2.21100 1149.4 55.0482
2.21400 1149.11 54.3125
2.21700 1148.81 54.965
2.22000 1148.51 56.9803
2.22300 1148.22 56.0772
2.22600 1147.92 53.4522
2.22900 1147.62 54.5545
2.23200 1147.33 57.1662
2.23500 1147.03 54.4735
2.23800 1146.74 56.7048
2.24100 1146.44 55.5556
2.24400 1146.15 55.0482
2.24700 1145.85 56.3436
2.25000 1145.56 55.1318
2.25300 1145.26 56.3436
2.25600 1144.96 57.2598
2.25900 1144.67 54.7997
2.26200 1144.37 54.6358
2.26500 1144.08 53.9164
2.26800 1143.78 54.8821
2.27100 1143.49 58.5206
2.27400 1143.19 54.7176
2.27700 1142.9 56.6139
2.28000 1142.61 54.7997
2.28300 1142.31 54.8821
2.28600 1142.02 54.5545
2.28900 1141.72 55.0482
2.29200 1141.43 55.1318
2.29500 1141.13 54.4735
2.29800 1140.84 55.3849
2.30100 1140.54 57.735
2.30400 1140.25 56.2544
2.30700 1139.96 54.4735
2.31000 1139.66 53.3002
2.31300 1139.37 56.3436
2.31600 1139.07 53.6056
2.31900 1138.78 52.1286
2.32200 1138.48 57.735
2.32500 1138.18 56.5233
2.32800 1137.88 56.5233
2.33100 1137.57 53.3002
2.33400 1137.25 57.9284
2.33700 1136.93 52.9256
2.34000 1136.61 51.2989
2.34300 1136.27 54.3125
2.34600 1135.93 54.7997
2.34900 1135.57 54.6358
2.35200 1135.22 56.2544
2.35500 1134.85 54.4735
2.35800 1134.48 53.7603
2.36100 1134.09 56.0772
2.36400 1133.68 55.9893
2.36700 1133.14 54.6358
2.37000 1132.79 54.7176
2.37300 1132.51 56.4333
2.37600 1132.23 55.3849
2.37900 1131.94 54.965
2.38200 1131.66 54.5545
2.38500 1131.38 55.3001
2.38800 1131.1 56.6139
2.39100 1130.82 55.9893
2.39400 1130.54 58.0259
2.39700 1130.26 55.9893
2.40000 1129.98 56.7048
2.40300 1129.69 54.4735
2.40600 1129.41 55.3001
2.40900 1129.13 54.5545
2.41200 1128.85 53.9949
2.41500 1128.57 54.7997
2.41800 1128.29 53.9164
2.42100 1128.01 52.2708
2.42400 1127.73 56.2544
2.42700 1127.45 55.5556
2.43000 1127.16 52.778
2.43300 1126.88 53.6828
2.43600 1126.6 53.9164
2.43900 1126.32 53.3761
2.44200 1126.04 54.965
2.44500 1125.76 55.9017
2.44800 1125.48 52.6316
2.45100 1125.2 56.7962
2.45400 1124.92 55.7278
2.45700 1124.64 53.9164
2.46000 1124.36 55.9017
2.46300 1124.08 55.9017
2.46600 1123.8 53.5288
2.46900 1123.52 54.3928
2.47200 1123.24 57.735
2.47500 1122.96 56.2544
2.47800 1122.69 55.2158
2.48100 1122.41 54.4735
2.48400 1122.13 55.0482
2.48700 1121.85 52.6316
2.49000 1121.57 56.3436
2.49300 1121.29 56.7048
2.49600 1121.02 56.2544
2.49900 1120.74 53.3761
2.50200 1120.46 55.3849
2.50500 1120.18 56.0772
2.50800 1119.91 53.1494
2.51100 1119.63 54.8821
2.51400 1119.35 54.153
2.51700 1119.08 54.7997
2.52000 1118.8 54.7176
2.52300 1118.53 53.9949
2.52600 1118.25 56.7048
2.52900 1117.98 55.5556
2.53200 1117.7 54.153
2.53500 1117.43 54.0738
2.53800 1117.15 55.9017
2.54100 1116.88 55.47
2.54400 1116.61 56.5233
2.54700 1116.33 53.5288
2.55000 1116.06 52.9256
2.55300 1115.79 53.3761
2.55600 1115.51 53.2246
2.55900 1115.24 54.7176
2.56200 1114.97 56.1656
2.56500 1114.7 53.2246
2.56800 1114.43 54.4735
2.57100 1114.16 55.1318
2.57400 1113.89 55.47
2.57700 1113.62 55.2158
2.58000 1113.35 53.6828
2.58300 1113.08 56.1656
2.58600 1112.81 55.7278
2.58900 1112.54 57.4485
2.59200 1112.27 55.7278
2.59500 1112.01 57.3539
2.59800 1111.75 53.1494
2.60100 1111.48 53.7603
2.60400 1111.22 56.9803
2.60700 1110.96 54.6358
2.61000 1110.7 55.3001
2.61300 1110.43 56.3436
2.61600 1110.17 55.7278
2.61900 1109.9 53.6828
2.62200 1109.64 53.6056
2.62500 1109.37 54.6358
2.62800 1109.11 51.031
2.63100 1108.85 53.9164
2.63400 1108.58 56.7962
2.63700 1108.32 54.0738
2.64000 1108.06 56.888
2.64300 1107.8 52.4142
2.64600 1107.54 53.0745
2.64900 1107.28 53.7603
2.65200 1107.02 55.9017
2.65500 1106.76 55.6415
2.65800 1106.5 53.7603
2.66100 1106.24 54.8821
2.66400 1105.98 55.8146
2.66700 1105.72 52.6316
2.67000 1105.47 53.1494
2.67300 1105.21 56.4333
2.67600 1104.95 56.2544
2.67900 1104.7 54.965
2.68200 1104.44 52.4864
2.68500 1104.19 54.4735
2.68800 1103.93 53.0745
2.69100 1103.68 53.2246
2.69400 1103.42 54.153
2.69700 1103.17 55.47
2.70000 1102.92 54.6358
2.70300 1102.67 55.0482
2.70600 1102.41 53.3761
2.70900 1102.16 53.1494
2.71200 1101.91 53.6056
2.71500 1101.66 54.3928
2.71800 1101.41 54.153
2.72100 1101.16 53.0745
2.72400 1100.91 53.2246
2.72700 1100.67 50.8987
2.73000 1100.42 53.0745
2.73300 1100.17 53.7603
2.73600 1099.93 54.4735
2.73900 1099.68 50.702
2.74200 1099.43 55.2158
2.74500 1099.19 56.3436
2.74800 1098.95 55.2158
2.75100 1098.7 56.7962
2.75400 1098.46 53.9164
2.75700 1098.22 54.0738
2.76000 1097.99 54.153
2.76300 1097.75 53.1494
2.76600 1097.52 54.153
2.76900 1097.29 54.3125
2.77200 1097.05 55.47
2.77500 1096.81 53.8382
2.77800 1096.57 54.3928
2.78100 1096.33 56.7962
2.78400 1096.1 53.5288
2.78700 1095.86 52.4142
2.79000 1095.62 56.5233
2.79300 1095.39 53.3002
2.79600 1095.15 54.8821
2.79900 1094.92 53.5288
2.80200 1094.68 55.7278
2.80500 1094.45 54.4735
2.80800 1094.22 53.2246
2.81100 1093.98 54.2326
2.81400 1093.75 55.9017
2.81700 1093.52 58.722
2.82000 1093.29 53.3002
2.82300 1093.06 53.0745
2.82600 1092.83 53.9164
2.82900 1092.6 52.9256
2.83200 1092.38 52.4864
2.83500 1092.15 55.47
2.83800 1091.92 54.6358
2.84100 1091.69 56.1656
2.84400 1091.47 53.6828
2.84700 1091.24 55.3001
2.85000 1091.02 53.8382
2.85300 1090.79 54.6358
2.85600 1090.57 55.9893
2.85900 1090.35 53.2246
2.86200 1090.13 51.4344
2.86500 1089.91 50.7673
2.86800 1089.7 55.3849
2.87100 1089.48 55.6415
2.87400 1089.27 54.2326
2.87700 1089.07 53.3002
2.88000 1088.86 52.4864
2.88300 1088.64 53.9164
2.88600 1088.42 53.4522
2.88900 1088.21 53.9164
2.89200 1087.99 56.5233
2.89500 1087.78 54.7176
2.89800 1087.56 51.2989
2.90100 1087.35 54.3125
2.90400 1087.13 55.8146
2.90700 1086.92 52.8516
2.91000 1086.71 51.7088
2.91300 1086.5 56.3436
2.91600 1086.29 54.8821
2.91900 1086.08 53.3761
2.92200 1085.87 54.3928
2.92500 1085.66 55.0482
2.92800 1085.45 54.153
2.93100 1085.25 54.3928
2.93400 1085.04 55.3001
2.93700 1084.83 55.47
2.94000 1084.63 54.6358
2.94300 1084.42 54.8821
2.94600 1084.22 52.9999
2.94900 1084.01 55.6415
2.95200 1083.81 53.1494
2.95500 1083.61 53.9164
2.95800 1083.41 52.1996
2.96100 1083.21 54.0738
2.96400 1083.01 55.9893
2.96700 1082.81 55.1318
2.97000 1082.61 52.0579
2.97300 1082.41 54.8821
2.97600 1082.21 55.7278
2.97900 1082.02 52.778
2.98200 1081.82 55.5556
2.98500 1081.62 53.6056
2.98800 1081.43 53.0745
2.99100 1081.23 53.4522
2.99400 1081.04 53.1494
2.99700 1080.85 54.4735
3.00000 1080.66 55.1318
3.00300 1080.46 53.4522
3.00600 1080.27 54.3125
3.00900 1080.08 53.7603
3.01200 1079.89 52.1996
3.01500 1079.7 54.7176
3.01800 1079.52 54.3928
3.02100 1079.33 53.9164
3.02400 1079.14 53.4522
3.02700 1078.96 54.7997
3.03000 1078.77 51.8476
3.03300 1078.58 55.0482
3.03600 1078.4 51.9875
3.03900 1078.22 53.7603
3.04200 1078.03 54.0738
3.04500 1077.85 54.8821
3.04800 1077.67 53.5288
3.05100 1077.49 55.9017
3.05400 1077.31 54.4735
3.05700 1077.13 53.1494
3.06000 1076.95 53.6828
3.06300 1076.77 53.3761
3.06600 1076.59 53.7603
3.06900 1076.42 51.2989
3.07200 1076.24 56.9803
3.07500 1076.07 55.3849
3.07800 1075.89 52.9999
3.08100 1075.72 53.8382
3.08400 1075.54 50.8329
3.08700 1075.37 52.778
3.09000 1075.2 52.7046
3.09300 1075.03 56.4333
3.09600 1074.86 53.9949
3.09900 1074.69 52.6316
3.10200 1074.52 53.0745
3.10500 1074.35 51.6398
3.10800 1074.18 53.4522
3.11100 1074.01 53.2246
3.11400 1073.85 53.6828
3.11700 1073.68 52.4864
3.12000 1073.52 54.3125
3.12300 1073.35 55.7278
3.12600 1073.19 52.2708
3.12900 1073.02 53.6828
3.13200 1072.86 55.1318
3.13500 1072.7 53.3002
3.13800 1072.54 55.7278
3.14100 1072.38 52.9999
3.14400 1072.22 53.5288
3.14700 1072.06 55.0482
3.15000 1071.9 51.1645
3.15300 1071.74 55.1318
3.15600 1071.59 53.7603
3.15900 1071.43 52.0579
3.16200 1071.27 53.0745
3.16500 1071.12 55.9893
3.16800 1070.96 52.6316
3.17100 1070.81 56.0772
3.17400 1070.66 54.7997
3.17700 1070.51 51.778
3.18000 1070.35 53.8382
3.18300 1070.2 55.1318
3.18600 1070.05 53.7603
3.18900 1069.9 53.8382
3.19200 1069.76 55.3849
3.19500 1069.61 53.0745
3.19800 1069.46 53.9949
3.20100 1069.31 52.5588
3.20400 1069.17 52.778
3.20700 1069.02 52.7046
3.21000 1068.88 52.2708
3.21300 1068.73 54.965
3.21600 1068.59 52.5588
3.21900 1068.45 51.2316
3.22200 1068.31 54.8821
3.22500 1068.17 52.9999
3.22800 1068.03 53.2246
3.23100 1067.89 54.153
3.23400 1067.75 53.1494
3.23700 1067.61 54.7176
3.24000 1067.47 52.4142
3.24300 1067.34 52.7046
3.24600 1067.2 52.1286
3.24900 1067.07 53.4522
3.25200 1066.93 52.4864
3.25500 1066.8 54.6358
3.25800 1066.67 54.6358
3.26100 1066.53 55.3001
3.26400 1066.4 52.1996
3.26700 1066.27 55.7278
3.27000 1066.14 52.7046
3.27300 1066.01 53.8382
3.27600 1065.88 51.9875
3.27900 1065.76 52.4864
3.28200 1065.63 52.4864
3.28500 1065.5 53.3002
3.28800 1065.38 52.9256
3.29100 1065.25 54.5545
3.29400 1065.13 51.2316
3.29700 1065.01 53.3761
3.30000 1064.88 56.888
3.30300 1064.76 54.3928
3.30600 1064.64 53.9949
3.30900 1064.52 55.2158
3.31200 1064.4 55.3001
3.31500 1064.28 53.1494
3.31800 1064.17 54.965
3.32100 1064.05 55.47
3.32400 1063.93 54.3928
3.32700 1063.82 53.2246
3.33000 1063.7 53.2246
3.33300 1063.59 53.7603
3.33600 1063.48 55.6415
3.33900 1063.37 55.3849
3.34200 1063.26 56.9803
3.34500 1063.15 54.6358
3.34800 1063.04 52.2708
3.35100 1062.93 51.2316
3.35400 1062.82 52.9256
3.35700 1062.71 54.6358
3.36000 1062.61 52.2708
3.36300 1062.5 51.6398
3.36600 1062.4 53.3761
3.36900 1062.3 54.3125
3.37200 1062.2 54.3928
3.37500 1062.1 51.5026
3.37800 1062 54.0738
3.38100 1061.9 53.9949
3.38400 1061.8 55.6415
3.38700 1061.7 52.9999
3.39000 1061.61 52.5588
3.39300 1061.51 54.7176
3.39600 1061.42 54.965
3.39900 1061.33 52.9999
3.40200 1061.24 54.6358
3.40500 1061.15 55.9017
3.40800 1061.06 53.6828
3.41100 1060.97 53.5288
3.41400 1060.89 52.6316
3.41700 1060.8 54.7176
3.42000 1060.72 54.8821
3.42300 1060.64 53.3002
3.42600 1060.56 51.1645
3.42900 1060.48 51.9174
3.43200 1060.4 54.2326
3.43500 1060.32 54.3125
3.43800 1060.25 53.4522
3.44100 1060.18 57.3539
3.44400 1060.11 51.7088
3.44700 1060.04 52.7046
3.45000 1059.97 54.3125
3.45300 1059.9 53.4522
3.45600 1059.84 53.9164
3.45900 1059.78 53.5288
3.46200 1059.72 53.2246
3.46500 1059.66 55.0482
3.46800 1059.61 53.3002
3.47100 1059.55 52.5588
3.47400 1059.5 53.6056
3.47700 1059.45 54.0738
3.48000 1059.41 53.5288
3.48300 1059.37 55.9017
3.48600 1059.33 52.5588
3.48900 1059.29 51.2989
3.49200 1059.26 53.3002
3.49500 1059.23 51.031
3.49800 1059.21 52.778
3.50100 1059.19 54.6358
3.50400 1059.17 52.9999
3.50700 1059.16 52.4864
3.51000 1059.15 53.7603
3.51300 1059.15 55.1318
3.51600 1059.15 52.6316
3.51900 1059.16 51.3665
3.52200 1059.18 54.4735
3.52500 1059.2 51.3665
3.52800 1059.23 53.8382
3.53100 1059.27 51.8476
3.53400 1059.31 53.3761
3.53700 1059.37 54.153
3.54000 1059.44 54.7997
3.54300 1059.51 52.778
3.54600 1059.6 54.2326
3.54900 1059.7 52.9999
3.55200 1059.82 52.4864
3.55500 1059.95 52.4864
3.55800 1060.1 53.1494
3.56100 1060.27 55.6415
3.56400 1060.47 53.7603
3.56700 1060.69 53.1494
3.57000 1060.93 51.2989
3.57300 1061.21 55.5556
3.57600 1061.52 53.6056
3.57900 1061.88 53.1494
3.58200 1062.28 55.5556
3.58500 1062.72 54.3125
3.58800 1063.23 52.2708
3.59100 1063.8 53.9164
3.59400 1064.46 53.1494
3.59700 1065.21 54.3125
3.60000 1066.07 53.2246
3.60300 1067.07 53.0745
3.60600 1068.23 54.0738
3.60900 1069.59 52.3424
3.61200 1071.19 53.9164
3.61500 1073.11 52.8516
3.61800 1075.42 52.1286
3.62100 1078.3 53.3761
3.62400 1082.06 51.5026
3.62700 1087.5 56.4333
3.63000 1096.5 55.8146
3.63300 1113.15 56.3436
3.63600 1145.1 59.5491
3.63900 1204.47 59.2349
3.64200 1307.19 62.5
3.64500 1469.95 66.0819
3.64800 1705.16 70.8881
3.65100 2015.45 76.2493
3.65400 2387.51 85.4358
3.65700 2783.4 88.3883
3.66000 3133.52 94.9158
3.66300 3343.3 98.5329
3.66600 3323.97 100
3.66900 3047.7 92.0575
3.67200 2597.73 85.7493
3.67500 2132.3 79.5557
3.67800 1787.18 73.1272
3.68100 1630.37 74.7435
3.68400 1670.86 73.721
3.68700 1885.27 76.2493
3.69000 2240.79 80.0641
3.69300 2702.25 88.7357
3.69600 3218.71 94.0721
3.69900 3695.86 100.504
3.70200 3983.15 107.211
3.70500 3917.97 102.062
3.70800 3446.35 96.6736
3.71100 2734.62 84.8189
3.71400 2054.47 75.5929
3.71700 1571.69 69.5048
3.72000 1301.93 67.2673
3.72300 1178.24 61.3139
3.72600 1128.02 58.5206
3.72900 1106.95 54.3928
3.73200 1095.98 56.9803
3.73500 1088.73 55.47
3.73800 1083.3 54.3928
3.74100 1079.02 55.7278
3.74400 1075.57 55.7278
3.74700 1072.74 53.6056
3.75000 1070.39 52.778
3.75300 1068.4 51.9174
3.75600 1066.71 52.1286
3.75900 1065.26 51.2989
3.76200 1064 53.0745
3.76500 1062.9 53.9164
3.76800 1061.94 50.8987
3.77100 1061.08 54.0738
3.77400 1060.31 52.7046
3.77700 1059.63 56.7048
3.78000 1059.01 53.6828
3.78300 1058.46 51.6398
3.78600 1057.95 49.8135
3.78900 1057.49 52.7046
3.79200 1057.07 54.153
3.79500 1056.69 49.3865
3.79800 1056.33 54.7997
3.80100 1056 54.3928
3.80400 1055.7 52.778
3.80700 1055.42 54.5545
3.81000 1055.16 52.8516
3.81300 1054.91 54.0738
3.81600 1054.69 53.0745
3.81900 1054.47 54.7997
3.82200 1054.28 52.4864
3.82500 1054.09 52.3424
3.82800 1053.92 52.7046
3.83100 1053.75 54.7176
3.83400 1053.6 51.6398
3.83700 1053.45 52.3424
3.84000 1053.32 52.6316
3.84300 1053.19 50.702
3.84600 1053.07 51.0976
3.84900 1052.96 51.9174
3.85200 1052.85 54.965
3.85500 1052.75 50.3155
3.85800 1052.65 49.3264
3.86100 1052.56 53.1494
3.86400 1052.48 52.6316
3.86700 1052.4 53.9164
3.87000 1052.33 52.778
3.87300 1052.26 52.4864
3.87600 1052.2 51.9174
3.87900 1052.14 52.1286
3.88200 1052.08 55.6415
3.88500 1052.03 51.6398
3.88800 1051.99 53.9949
3.89100 1051.95 49.6904
3.89400 1051.91 50.8329
3.89700 1051.88 51.3665
3.90000 1051.85 53.4522
3.90300 1051.82 52.7046
3.90600 1051.8 53.4522
3.90900 1051.79 53.3761
3.91200 1051.78 54.8821
3.91500 1051.77 51.4344
3.91800 1051.77 52.9256
3.92100 1051.77 51.778
3.92400 1051.78 53.3761
3.92700 1051.79 51.3665
3.93000 1051.81 51.9174
3.93300 1051.84 53.5288
3.93600 1051.86 52.1286
3.93900 1051.9 52.2708
3.94200 1051.94 54.153
3.94500 1051.99 51.4344
3.94800 1052.05 52.8516
3.95100 1052.11 52.7046
3.95400 1052.18 49.4468
3.95700 1052.26 51.3665
3.96000 1052.35 50.8987
3.96300 1052.45 53.6828
3.96600 1052.56 51.4344
3.96900 1052.68 51.031
3.97200 1052.81 51.9174
3.97500 1052.95 53.7603
3.97800 1053.11 50.8987
3.98100 1053.29 52.4864
3.98400 1053.48 52.7046
3.98700 1053.69 50.702
3.99000 1053.92 52.9256
3.99300 1054.17 49.0881
3.99600 1054.45 33.1497
3.99900 1054.75 36.1787
4.00200 1055.08 41.7756
4.00500 1055.45 42.0331
4.00800 1055.86 42.9537
4.01100 1056.3 44.9013
4.01400 1056.8 45.5488
4.01700 1057.35 45.8349
4.02000 1057.96 44.9921
4.02300 1058.64 46.6252
4.02600 1059.4 47.8365
4.02900 1060.25 45.8831
4.03200 1061.2 46.778
4.03500 1062.28 45.5488
4.03800 1063.51 45.98
4.04100 1064.91 47.4045
4.04400 1066.51 45.5488
4.04700 1068.36 45.1294
4.05000 1070.5 45.8349
4.05300 1073.01 44.4994
4.05600 1075.97 45.3143
4.05900 1079.49 46.225
4.06200 1083.77 46.676
4.06500 1089.16 47.8913
4.06800 1096.38 48.1125
4.07100 1107.09 46.5242
4.07400 1124.86 48.5071
4.07700 1156.95 50.2519
4.08000 1216.37 50.1255
4.08300 1323.77 53.5288
4.08600 1507.47 55.3849
4.08900 1799.74 58.3212
4.09200 2227.72 64.0184
4.09500 2798.61 71.4286
4.09800 3482.65 77.8499
4.10100 4200.74 82.4786
4.10400 4826.39 87.7058
4.10700 5210.98 90.167
4.11000 5231.13 90.5357
4.11300 4848.49 87.0388
4.11600 4155.25 82.4786
4.11900 3339.97 73.1272
4.12200 2584.07 70.014
4.12500 1994.61 62.7456
4.12800 1597.97 57.073
4.13100 1366.65 55.7278
4.13400 1258.44 53.8382
4.13700 1247.2 52.9999
4.14000 1324.16 55.1318
4.14300 1479.46 57.5435
4.14600 1698.1 61.4295
4.14900 1965.04 67.8844
4.15200 2278.26 74.1249
4.15500 2575.34 76.2493
4.15800 2552.41 71.4286
4.16100 2015.75 65.938
4.16400 1443.6 56.4333
4.16700 1178.83 51.6398
4.17000 1107.84 48.8532
4.17300 1089.45 48.3368
4.17600 1080.82 47.7818
4.17900 1075.08 45.7389
4.18200 1070.91 47.7818
4.18500 1067.74 46.0287
4.18800 1065.23 46.9323
4.19100 1063.2 46.4739
4.19400 1061.52 46.9841
4.19700 1060.1 45.8831
4.20000 1058.89 44.7214
4.20300 1057.84 46.6252
4.20600 1056.92 45.7869
4.20900 1056.12 45.5016
4.21200 1055.4 46.1757
4.21500 1054.75 45.98
4.21800 1054.18 46.2745
4.22100 1053.65 45.98
4.22400 1053.18 45.3609
4.22700 1052.74 45.2216
4.23000 1052.35 46.5746
4.23300 1051.98 46.5746
4.23600 1051.65 46.8293
4.23900 1051.33 43.8529
4.24200 1051.05 46.6252
4.24500 1050.78 46.5746
4.24800 1050.53 46.3241
4.25100 1050.29 47.6731
4.25400 1050.07 46.8293
4.25700 1049.87 44.7661
4.26000 1049.67 44.8561
4.26300 1049.49 46.1266
4.26600 1049.32 46.4238
4.26900 1049.16 45.98
4.27200 1049 45.8349
4.27500 1048.86 46.4739
4.27800 1048.72 45.98
4.28100 1048.59 45.8349
4.28400 1048.46 45.7869
4.28700 1048.34 44.9013
4.29000 1048.23 46.8293
4.29300 1048.12 47.8913
4.29600 1048.02 46.9323
4.29900 1047.92 44.9013
4.30200 1047.82 45.5961
4.30500 1047.73 47.1405
4.30800 1047.64 46.7269
4.31100 1047.56 47.1405
4.31400 1047.48 46.4238
4.31700 1047.4 46.6252
4.32000 1047.33 46.0776
4.32300 1047.25 47.9463
4.32600 1047.18 45.8831
4.32900 1047.12 45.2679
4.33200 1047.05 45.5961
4.33500 1046.99 47.036
4.33800 1046.93 45.7389
4.34100 1046.87 46.9323
4.34400 1046.81 47.8913
4.34700 1046.75 47.1929
4.35000 1046.7 45.3143
4.35300 1046.65 46.6252
4.35600 1046.6 45.9315
4.35900 1046.55 45.2216
4.36200 1046.5 46.778
4.36500 1046.45 44.4994
4.36800 1046.41 45.9315
4.37100 1046.36 46.6252
4.37400 1046.32 46.778
4.37700 1046.28 46.0287
4.38000 1046.23 46.1757
4.38300 1046.19 45.2216
4.38600 1046.15 44.7661
4.38900 1046.12 44.8111
4.39200 1046.08 46.4238
4.39500 1046.04 46.225
4.39800 1046.01 45.9315
4.40100 1045.97 46.0776
4.40400 1045.94 45.2679
4.40700 1045.9 47.619
4.41000 1045.87 44.4994
4.41300 1045.84 45.5488
4.41600 1045.8 44.9921
4.41900 1045.77 45.4077
4.42200 1045.74 45.98
4.42500 1045.71 46.9323
4.42800 1045.68 47.4579
4.43100 1045.65 45.8349
4.43400 1045.62 46.8293
4.43700 1045.59 46.1757
4.44000 1045.57 44.3678
4.44300 1045.54 45.98
4.44600 1045.51 46.1757
4.44900 1045.48 45.9315
4.45200 1045.46 45.6435
4.45500 1045.43 45.9315
4.45800 1045.41 43.3963
4.46100 1045.38 44.8111
4.46400 1045.36 43.6021
4.46700 1045.33 46.1266
4.47000 1045.31 45.2216
4.47300 1045.28 47.2984
4.47600 1045.26 46.6252
4.47900 1045.24 44.8561
4.48200 1045.21 46.2745
4.48500 1045.19 45.98
4.48800 1045.17 45.3143
4.49100 1045.15 44.9467
4.49400 1045.12 42.6401
4.49700 1045.1 47.4045
4.50000 1045.08 45.7869
4.50300 1045.06 46.3241
4.50600 1045.04 46.1757
4.50900 1045.02 45.5488
4.51200 1045 47.1929
4.51500 1044.98 47.4579
4.51800 1044.96 44.7214
4.52100 1044.94 45.1294
4.52400 1044.92 47.1929
4.52700 1044.9 45.8831
4.53000 1044.88 45.3609
4.53300 1044.86 44.3242
4.53600 1044.84 44.9921
4.53900 1044.82 45.1754
4.54200 1044.8 47.1405
4.54500 1044.78 44.9921
4.54800 1044.76 44.9467
4.55100 1044.74 43.8951
4.55400 1044.72 47.036
4.55700 1044.71 44.9467
4.56000 1044.69 45.5016
4.56300 1044.67 46.7269
4.56600 1044.65 42.145
4.56900 1044.63 46.1757
4.57200 1044.61 45.5016
4.57500 1044.6 46.1266
4.57800 1044.58 45.2679
4.58100 1044.56 45.5961
4.58400 1044.54 45.3143
4.58700 1044.53 45.1754
4.59000 1044.51 45.2679
4.59300 1044.49 45.3609
4.59600 1044.47 45.5016
4.59900 1044.46 45.3143
4.60200 1044.44 46.1757
4.60500 1044.42 47.3514
4.60800 1044.41 45.7389
4.61100 1044.39 45.4077
4.61400 1044.37 44.8561
4.61700 1044.36 43.9375
4.62000 1044.34 42.796
4.62300 1044.32 43.8951
4.62600 1044.31 45.8831
4.62900 1044.29 45.2679
4.63200 1044.27 44.7661
4.63500 1044.25 47.5651
4.63800 1044.23 46.7269
4.64100 1044.21 46.225
4.64400 1044.18 44.8561
4.64700 1044.15 42.8353
4.65000 1044.14 45.8831
4.65300 1044.12 44.8561
4.65600 1044.11 46.676
4.65900 1044.09 44.2807
4.66200 1044.07 46.676
4.66500 1044.06 45.3609
4.66800 1044.04 44.6767
4.67100 1044.03 46.6252
4.67400 1044.01 44.7661
4.67700 1044 43.1532
4.68000 1043.98 45.2216
4.68300 1043.97 46.9323
4.68600 1043.95 45.5488
4.68900 1043.93 43.1934
4.69200 1043.92 45.8831
4.69500 1043.9 45.5016
4.69800 1043.89 45.5016
4.70100 1043.87 45.4077
4.70400 1043.86 44.5878
4.70700 1043.84 46.225
4.71000 1043.83 44.6322
4.71300 1043.81 45.6912
4.71600 1043.8 44.6322
4.71900 1043.78 45.0835
4.72200 1043.76 44.9013
4.72500 1043.74 47.5114
4.72800 1043.72 46.0776
4.73100 1043.7 44.6322
4.73400 1043.67 45.2216
4.73700 1043.65 45.1754
4.74000 1043.63 45.1294
4.74300 1043.61 45.5961
4.74600 1043.6 44.9013
4.74900 1043.59 45.1754
4.75200 1043.57 46.4238
4.75500 1043.56 45.2216
4.75800 1043.54 46.676
4.76100 1043.53 45.8831
4.76400 1043.52 44.9467
4.76700 1043.5 44.3678
4.77000 1043.49 41.3096
4.77300 1043.48 44.9921
4.77600 1043.46 46.8807
4.77900 1043.45 44.3242
4.78200 1043.44 45.2216
4.78500 1043.43 45.98
4.78800 1043.42 44.9467
4.79100 1043.4 45.6912
4.79400 1043.39 44.7661
4.79700 1043.38 45.3609
4.80000 1043.37 44.3678
4.80300 1043.35 48.2805
4.80600 1043.34 46.8807
4.80900 1043.33 45.0835
4.81200 1043.32 47.3514
4.81500 1043.31 47.0882
4.81800 1043.29 46.5746
4.82100 1043.28 45.7389
4.82400 1043.27 45.98
4.82700 1043.26 45.4077
4.83000 1043.25 44.3242
4.83300 1043.24 44.8561
4.83600 1043.23 45.1294
4.83900 1043.22 44.8111
4.84200 1043.21 45.0835
4.84500 1043.2 46.8293
4.84800 1043.19 44.4554
4.85100 1043.18 47.3514
4.85400 1043.17 46.778
4.85700 1043.16 44.4554
4.86000 1043.15 43.8108
4.86300 1043.14 44.7661
4.86600 1043.13 46.0776
4.86900 1043.13 43.8529
4.87200 1043.12 44.7214
4.87500 1043.11 47.2984
4.87800 1043.1 44.0225
4.88100 1043.1 47.3514
4.88400 1043.09 44.1081
4.88700 1043.09 46.676
4.89000 1043.08 45.6435
4.89300 1043.08 44.9467
4.89600 1043.07 46.4238
4.89900 1043.07 43.9799
4.90200 1043.07 45.8349
4.90500 1043.07 45.2679
4.90800 1043.07 44.1511
4.91100 1043.07 47.1929
4.91400 1043.07 46.9841
4.91700 1043.07 45.5016
4.92000 1043.07 45.3143
4.92300 1043.07 45.1754
4.92600 1043.07 45.4077
4.92900 1043.08 46.1266
4.93200 1043.08 45.1294
4.93500 1043.09 46.5746
4.93800 1043.1 45.1294
4.94100 1043.11 45.0377
4.94400 1043.12 47.1405
4.94700 1043.13 46.9323
4.95000 1043.14 43.6852
4.95300 1043.16 44.4116
4.95600 1043.17 46.676
4.95900 1043.19 45.9315
4.96200 1043.21 46.0776
4.96500 1043.23 44.9467
4.96800 1043.25 43.9375
4.97100 1043.28 45.8349
4.97400 1043.31 45.3143
4.97700 1043.34 44.9921
4.98000 1043.37 43.9799
4.98300 1043.41 44.1081
4.98600 1043.44 45.98
4.98900 1043.48 43.5194
4.99200 1043.53 43.7269
4.99500 1043.58 44.4116
4.99800 1043.63 45.1754
5.00100 1043.69 43.8951
5.00400 1043.75 45.4545
5.00700 1043.81 43.6852
5.01000 1043.88 45.8349
5.01300 1043.96 46.1757
5.01600 1044.04 46.8293
5.01900 1044.12 42.4094
5.02200 1044.22 46.1757
5.02500 1044.32 44.2807
5.02800 1044.43 45.3609
5.03100 1044.55 46.5746
5.03400 1044.68 45.7389
5.03700 1044.82 45.8831
5.04000 1044.96 45.6912
5.04300 1045.13 45.0835
5.04600 1045.3 45.3143
5.04900 1045.49 45.0377
5.05200 1045.7 43.6852
5.05500 1045.92 45.6435
5.05800 1046.16 45.7869
5.06100 1046.43 45.3609
5.06400 1046.71 44.4116
5.06700 1047.03 45.2679
5.07000 1047.37 44.3242
5.07300 1047.75 47.3514
5.07600 1048.17 44.7661
5.07900 1048.62 43.7269
5.08200 1049.13 45.3143
5.08500 1049.69 45.7869
5.08800 1050.31 46.0776
5.09100 1051 46.8293
5.09400 1051.77 44.4554
5.09700 1052.63 44.1511
5.10000 1053.6 44.4554
5.10300 1054.7 45.0377
5.10600 1055.94 46.3241
5.10900 1057.35 45.2679
5.11200 1058.98 47.5651
5.11500 1060.85 45.7869
5.11800 1063.02 46.3241
5.12100 1065.55 46.778
5.12400 1068.56 45.4545
5.12700 1072.2 47.4579
5.13000 1076.78 47.2984
5.13300 1082.91 43.3555
5.13600 1091.89 45.5488
5.13900 1106.37 46.0287
5.14200 1131.39 48.3368
5.14500 1175.79 48.795
5.14800 1253.45 49.9376
5.15100 1383.57 55.0482
5.15400 1588.65 56.7048
5.15700 1888.76 59.5491
5.16000 2292.13 66.965
5.16300 2783.68 74.1249
5.16600 3316.52 76.0286
5.16900 3812.78 83.0455
5.17200 4177.97 88.7357
5.17500 4327 90.5357
5.17800 4215.36 86.711
5.18100 3864.07 88.7357
5.18400 3356.48 85.4358
5.18700 2799.93 74.3294
5.19000 2284.67 67.1156
5.19300 1864.92 63.7577
5.19600 1558.17 57.9284
5.19900 1354.66 52.4142
5.20200 1230.65 51.0976
5.20500 1160.1 49.1473
5.20800 1121.61 45.1294
5.21100 1100.57 45.8349
5.21400 1088.39 47.1405
5.21700 1080.57 46.9841
5.22000 1074.95 47.036
5.22300 1070.57 46.6252
5.22600 1066.98 47.2984
5.22900 1063.97 46.1266
5.23200 1061.4 47.5651
5.23500 1059.19 45.3143
5.23800 1057.26 43.6852
5.24100 1055.59 46.0287
5.24400 1054.11 47.7274
5.24700 1052.81 47.5651
5.25000 1051.65 45.1294
5.25300 1050.61 45.7869
5.25600 1049.68 44.1081
5.25900 1048.84 45.0835
5.26200 1048.08 44.2807
5.26500 1047.39 44.4116
5.26800 1046.76 44.1081
5.27100 1046.18 46.7269
5.27400 1045.65 46.3739
5.27700 1045.16 45.98
5.28000 1044.71 45.1754
5.28300 1044.29 44.0653
5.28600 1043.91 47.6731
5.28900 1043.54 44.5878
5.29200 1043.21 45.2679
5.29500 1042.89 44.8561
5.29800 1042.59 44.0225
5.30100 1042.31 46.7269
5.30400 1042.05 45.6912
5.30700 1041.8 47.3514
5.31000 1041.56 45.0377
5.31300 1041.34 46.3241
5.31600 1041.12 45.0377
5.31900 1040.92 43.6436
5.32200 1040.73 45.4545
5.32500 1040.54 45.1754
5.32800 1040.37 45.5488
5.33100 1040.19 45.1754
5.33400 1040.03 45.3609
5.33700 1039.87 43.6436
5.34000 1039.71 45.1294
5.34300 1039.56 43.6436
5.34600 1039.41 44.4994
5.34900 1039.26 44.1511
5.35200 1039.12 42.8353
5.35500 1038.99 46.3241
5.35800 1038.87 43.8529
5.36100 1038.75 45.8831
5.36400 1038.63 45.9315
5.36700 1038.52 45.6912
5.37000 1038.41 45.2216
5.37300 1038.3 45.7869
5.37600 1038.19 44.9467
5.37900 1038.09 43.3148
5.38200 1037.99 45.3609
5.38500 1037.89 46.3241
5.38800 1037.8 43.4783
5.39100 1037.7 44.6322
5.39400 1037.61 44.4994
5.39700 1037.52 44.7214
5.40000 1037.43 44.1942
5.40300 1037.34 45.2216
5.40600 1037.25 44.4554
5.40900 1037.16 45.9315
5.41200 1037.08 46.3739
5.41500 1036.99 45.98
5.41800 1036.91 43.6852
5.42100 1036.83 45.9315
5.42400 1036.75 46.7269
5.42700 1036.67 45.6435
5.43000 1036.59 46.5746
5.43300 1036.51 47.3514
5.43600 1036.43 45.9315
5.43900 1036.36 45.5488
5.44200 1036.28 46.676
5.44500 1036.2 46.225
5.44800 1036.13 43.9375
5.45100 1036.06 46.676
5.45400 1035.98 45.4077
5.45700 1035.91 43.6852
5.46000 1035.84 46.1757
5.46300 1035.76 44.4994
5.46600 1035.69 45.0377
5.46900 1035.62 44.2374
5.47200 1035.55 45.0377
5.47500 1035.49 44.4554
5.47800 1035.42 45.1294
5.48100 1035.36 45.9315
5.48400 1035.29 46.3739
5.48700 1035.23 44.9921
5.49000 1035.17 46.2745
5.49300 1035.11 48.6217
5.49600 1035.05 47.3514
5.49900 1034.99 46.2745
5.50200 1034.92 45.7869
5.50500 1034.84 45.6435
5.50800 1034.77 44.4994
5.51100 1034.69 46.5242
5.51400 1034.61 45.4545
5.51700 1034.54 45.3143
5.52000 1034.46 44.3242
5.52300 1034.39 43.3963
5.52600 1034.32 45.2679
5.52900 1034.25 45.0835
5.53200 1034.19 45.3143
5.53500 1034.12 47.4579
5.53800 1034.05 43.5194
5.54100 1033.99 44.2374
5.54400 1033.92 43.9799
5.54700 1033.85 45.1754
5.55000 1033.79 44.5435
5.55300 1033.72 43.9799
5.55600 1033.65 44.9013
5.55900 1033.59 46.0287
5.56200 1033.52 46.3241
5.56500 1033.46 44.1081
5.56800 1033.39 44.5435
5.57100 1033.33 45.3143
5.57400 1033.26 48.1683
5.57700 1033.19 44.0225
5.58000 1033.13 46.2745
5.58300 1033.06 46.6252
5.58600 1033 45.2679
5.58900 1032.93 43.6021
5.59200 1032.86 46.3739
5.59500 1032.8 45.9315
5.59800 1032.73 44.7214
5.60100 1032.67 45.98
5.60400 1032.6 44.8561
5.60700 1032.54 43.6021
5.61000 1032.47 45.6435
5.61300 1032.4 47.1405
5.61600 1032.34 44.3242
5.61900 1032.27 45.5016
5.62200 1032.21 43.8951
5.62500 1032.14 44.5435
5.62800 1032.07 45.1754
5.63100 1032.01 45.8349
5.63400 1031.94 44.4116
5.63700 1031.87 44.4554
5.64000 1031.81 43.6852
5.64300 1031.74 43.4372
5.64600 1031.68 46.3241
5.64900 1031.61 46.2745
5.65200 1031.54 48.3368
5.65500 1031.48 46.3241
5.65800 1031.41 45.0835
5.66100 1031.34 43.8529
5.66400 1031.28 47.5114
5.66700 1031.21 47.7818
5.67000 1031.14 44.7214
5.67300 1031.07 45.6435
5.67600 1031.01 44.7661
5.67900 1030.94 42.9934
5.68200 1030.87 45.3143
5.68500 1030.81 45.4545
5.68800 1030.74 46.676
5.69100 1030.67 45.4545
5.69400 1030.6 44.1081
5.69700 1030.54 45.3143
5.70000 1030.47 45.2216
5.70300 1030.4 45.7869
5.70600 1030.33 43.8108
5.70900 1030.27 45.5488
5.71200 1030.2 45.6912
5.71500 1030.13 45.2216
5.71800 1030.06 46.4238
5.72100 1029.99 44.9013
5.72400 1029.92 44.9467
5.72700 1029.86 45.98
5.73000 1029.79 43.2742
5.73300 1029.72 46.0776
5.73600 1029.65 45.2679
5.73900 1029.58 45.1294
5.74200 1029.51 45.2679
5.74500 1029.44 46.8807
5.74800 1029.38 47.1405
5.75100 1029.31 44.6322
5.75400 1029.25 45.5488
5.75700 1029.18 46.0776
5.76000 1029.11 45.3143
5.76300 1029.04 45.5016
5.76600 1028.97 45.2679
5.76900 1028.9 45.1754
5.77200 1028.83 45.3143
5.77500 1028.76 45.5016
5.77800 1028.69 46.1757
5.78100 1028.62 45.1294
5.78400 1028.55 46.0776
5.78700 1028.48 44.2374
5.79000 1028.41 46.1266
5.79300 1028.34 47.4579
5.79600 1028.27 43.2742
5.79900 1028.2 45.5016
5.80200 1028.13 44.4116
5.80500 1028.06 46.3241
5.80800 1027.99 46.1266
5.81100 1027.92 45.4077
5.81400 1027.85 46.1757
5.81700 1027.77 46.7269
5.82000 1027.7 45.3143
5.82300 1027.63 46.1757
5.82600 1027.56 47.036
5.82900 1027.49 45.1294
5.83200 1027.42 45.5961
5.83500 1027.35 45.4545
5.83800 1027.27 45.1754
5.84100 1027.2 44.9467
5.84400 1027.13 44.3678
5.84700 1027.06 44.7214
5.85000 1026.99 47.1405
5.85300 1026.91 46.5746
5.85600 1026.84 47.8365
5.85900 1026.77 45.5488
5.86200 1026.7 47.4045
5.86500 1026.63 46.4238
5.86800 1026.55 46.5242
5.87100 1026.48 43.6852
5.87400 1026.41 44.0225
5.87700 1026.33 45.5488
5.88000 1026.26 44.4994
5.88300 1026.19 46.3739
5.88600 1026.12 45.6435
5.88900 1026.04 46.0287
5.89200 1025.97 46.5746
5.89500 1025.9 47.4579
5.89800 1025.82 43.7688
5.90100 1025.75 46.4739
5.90400 1025.67 45.1294
5.90700 1025.6 47.2984
5.91000 1025.53 46.4238
5.91300 1025.45 45.5016
5.91600 1025.38 44.9467
5.91900 1025.31 46.8293
5.92200 1025.23 46.1757
5.92500 1025.16 44.9467
5.92800 1025.08 45.8349
5.93100 1025.01 45.4545
5.93400 1024.94 47.2984
5.93700 1024.86 45.2216
5.94000 1024.79 44.4554
5.94300 1024.71 44.7661
5.94600 1024.64 45.8349
5.94900 1024.56 43.9375
5.95200 1024.49 45.7389
5.95500 1024.41 46.9323
5.95800 1024.34 45.9315
5.96100 1024.26 44.3678
5.96400 1024.19 31.6228
5.96700 1024.11 25.7428
5.97000 1024.04 32.5991
5.97300 1023.96 35.2454
5.97600 1023.89 35.7143
5.97900 1023.81 35.5335
5.98200 1023.74 36.3937
5.98500 1023.66 37.2678
5.98800 1023.59 36.7856
5.99100 1023.51 37.4241
5.99400 1023.43 38.5758
5.99700 1023.36 38.097
6.00000 1023.28 38.5472
6.00300 1023.21 38.2639
6.00600 1023.13 38.5472
6.00900 1023.05 39.375
6.01200 1022.98 40.4888
6.01500 1022.9 38.4048
6.01800 1022.82 37.8235
6.02100 1022.75 37.8777
6.02400 1022.67 37.4766
6.02700 1022.6 39.3141
6.03000 1022.52 38.236
6.03300 1022.44 36.8355
6.03600 1022.37 38.5186
6.03900 1022.29 38.0693
6.04200 1022.21 39.5904
6.04500 1022.14 38.8661
6.04800 1022.06 38.8368
6.05100 1021.98 38.8368
6.05400 1021.9 38.4048
6.05700 1021.83 39.4976
6.06000 1021.75 37.9869
6.06300 1021.67 38.6912
6.06600 1021.6 39.8726
6.06900 1021.52 38.3765
6.07200 1021.44 39.9043
6.07500 1021.36 39.1031
6.07800 1021.29 37.037
6.08100 1021.21 38.7202
6.08400 1021.13 38.9545
6.08700 1021.05 37.7157
6.09000 1020.98 38.3765
6.09300 1020.9 38.9841
6.09600 1020.82 38.8661
6.09900 1020.74 38.236
6.10200 1020.67 39.5904
6.10500 1020.59 38.1524
6.10800 1020.51 38.0143
6.11100 1020.43 40.1286
6.11400 1020.36 37.5029
6.11700 1020.28 38.5758
6.12000 1020.2 37.9595
6.12300 1020.12 39.6214
6.12600 1020.04 38.8075
6.12900 1019.97 39.1031
6.13200 1019.89 39.6838
6.13500 1019.81 40.2585
6.13800 1019.73 38.49
6.14100 1019.65 40
6.14400 1019.58 39.5904
6.14700 1019.5 40.5554
6.15000 1019.42 37.5558
6.15300 1019.34 39.2534
6.15600 1019.26 39.0137
6.15900 1019.19 37.8777
6.16200 1019.11 39.4055
6.16500 1019.03 39.2534
6.16800 1018.95 37.6355
6.17100 1018.87 40.7909
6.17400 1018.8 39.8094
6.17700 1018.72 39.968
6.18000 1018.64 40.0963
6.18300 1018.56 39.133
6.18600 1018.48 39.5594
6.18900 1018.41 39.2837
6.19200 1018.33 40.2911
6.19500 1018.25 39.163
6.19800 1018.17 38.5758
6.20100 1018.1 39.9043
6.20400 1018.02 39.163
6.20700 1017.94 38.5758
6.21000 1017.86 40.3896
6.21300 1017.78 38.9841
6.21600 1017.71 40.1286
6.21900 1017.63 36.7856
6.22200 1017.55 38.5472
6.22500 1017.47 39.8094
6.22800 1017.4 38.7202
6.23100 1017.32 37.7157
6.23400 1017.24 38.5472
6.23700 1017.16 39.0137
6.24000 1017.09 40.4888
6.24300 1017.01 40.0963
6.24600 1016.93 40.1286
6.24900 1016.85 39.9362
6.25200 1016.78 39.5594
6.25500 1016.7 39.3445
6.25800 1016.62 38.4048
6.26100 1016.55 39.5285
6.26400 1016.47 39.9362
6.26700 1016.39 39.3141
6.27000 1016.32 39.6838
6.27300 1016.24 39.2837
6.27600 1016.16 39.163
6.27900 1016.09 39.4362
6.28200 1016.01 40.3567
6.28500 1015.94 39.841
6.28800 1015.86 38.9545
6.29100 1015.78 37.8506
6.29400 1015.71 38.8075
6.29700 1015.63 40.0963
6.30000 1015.56 39.7151
6.30300 1015.48 38.3201
6.30600 1015.41 39.4362
6.30900 1015.33 39.1031
6.31200 1015.26 40.0963
6.31500 1015.19 39.3445
6.31800 1015.11 39.3141
6.32100 1015.04 39.0434
6.32400 1014.96 39.4362
6.32700 1014.89 38.4048
6.33000 1014.82 38.0143
6.33300 1014.75 39.7151
6.33600 1014.67 39.8094
6.33900 1014.6 37.9869
6.34200 1014.53 38.9249
6.34500 1014.46 40.1934
6.34800 1014.39 39.5904
6.35100 1014.32 37.9322
6.35400 1014.25 39.4055
6.35700 1014.18 39.4669
6.36000 1014.11 37.5558
6.36300 1014.04 39.6838
6.36600 1013.97 37.9595
6.36900 1013.9 37.5029
6.37200 1013.84 40.3567
6.37500 1013.77 40.4557
6.37800 1013.71 38.8368
6.38100 1013.64 38.7492
6.38400 1013.58 39.841
6.38700 1013.51 39.4976
6.39000 1013.45 37.8235
6.39300 1013.39 39.4976
6.39600 1013.33 40.161
6.39900 1013.27 39.4362
6.40200 1013.21 40.161
6.40500 1013.15 39.6838
6.40800 1013.09 38.7783
6.41100 1013.04 40.893
6.41400 1012.98 39.6526
6.41700 1012.93 39.7779
6.42000 1012.88 38.5472
6.42300 1012.83 39.2534
6.42600 1012.78 38.8075
6.42900 1012.74 38.3765
6.43200 1012.69 40.4226
6.43500 1012.65 39.163
6.43800 1012.61 39.7779
6.44100 1012.57 39.1931
6.44400 1012.54 40.6558
6.44700 1012.51 39.841
6.45000 1012.48 38.7492
6.45300 1012.46 39.5285
6.45600 1012.44 39.968
6.45900 1012.42 38.4048
6.46200 1012.41 39.0434
6.46500 1012.4 39.4976
6.46800 1012.4 37.7695
6.47100 1012.4 41.0651
6.47400 1012.42 40.5554
6.47700 1012.44 40.3567
6.48000 1012.47 37.8235
6.48300 1012.5 39.3445
6.48600 1012.55 40.1934
6.48900 1012.6 37.7964
6.49200 1012.67 40.6222
6.49500 1012.76 40.9273
6.49800 1012.86 39.2534
6.50100 1012.97 40
6.50400 1013.11 39.968
6.50700 1013.27 39.375
6.51000 1013.46 39.163
6.51300 1013.68 39.2232
6.51600 1013.93 40.1934
6.51900 1014.23 40.2911
6.52200 1014.57 38.5186
6.52500 1014.97 42.0331
6.52800 1015.44 40.4226
6.53100 1016 39.163
6.53400 1016.67 39.5904
6.53700 1017.49 39.375
6.54000 1018.54 40.0963
6.54300 1019.99 40.757
6.54600 1022.11 38.6046
6.54900 1025.43 39.4669
6.55200 1030.86 39.5904
6.55500 1039.82 40.2585
6.55800 1054.43 38.236
6.56100 1077.49 39.0434
6.56400 1112.27 41.4158
6.56700 1161.98 41.487
6.57000 1228.8 41.0305
6.57300 1312.71 44.2374
6.57600 1410.37 45.5016
6.57900 1514.38 45.6912
6.58200 1613.43 47.1405
6.58500 1693.72 49.3264
6.58800 1741.77 46.7269
6.59100 1748.13 47.8913
6.59400 1711.06 47.7818
6.59700 1637.59 45.9315
6.60000 1540.88 46.0776
6.60300 1435.56 47.2456
6.60600 1334.17 43.8529
6.60900 1245.36 41.9961
6.61200 1173.56 40.9616
6.61500 1119.53 41.3449
6.61800 1081.43 38.8955
6.62100 1056.06 40.996
6.62400 1039.99 40.4557
6.62700 1030.14 40.757
6.63000 1024.21 38.6912
6.63300 1020.58 40.6894
6.63600 1018.28 39.0732
6.63900 1016.72 37.8235
6.64200 1015.62 39.7464
6.64500 1014.88 40.7909
6.64800 1014.52 38.9545
6.65100 1014.69 39.9043
6.65400 1015.65 38.6046
6.65700 1017.73 39.3141
6.66000 1021.23 40
6.66300 1026.23 41.0651
6.66600 1032.41 39.0137
6.66900 1038.9 38.6046
6.67200 1044.36 40.3567
6.67500 1047.33 40.6222
6.67800 1046.8 38.8075
6.68100 1042.75 40.3239
6.68400 1036.27 40.5554
6.68700 1028.94 39.2232
6.69000 1022.12 39.2837
6.69300 1016.63 39.5594
6.69600 1012.68 39.6214
6.69900 1010.11 39.3141
6.70200 1008.55 37.7426
6.70500 1007.63 39.8094
6.70800 1007.07 39.5594
6.71100 1006.7 39.9043
6.71400 1006.42 39.133
6.71700 1006.18 38.6334
6.72000 1005.98 39.4669
6.72300 1005.79 39.3141
6.72600 1005.61 39.5285
6.72900 1005.44 38.4615
6.73200 1005.29 41.0997
6.73500 1005.14 39.2837
6.73800 1004.99 39.9362
6.74100 1004.86 38.6046
6.74400 1004.73 40.2911
6.74700 1004.6 38.9841
6.75000 1004.47 37.9322
6.75300 1004.35 39.2837
6.75600 1004.24 39.375
6.75900 1004.12 40.4226
6.76200 1004.01 38.5186
6.76500 1003.9 40.8589
6.76800 1003.79 38.8661
6.77100 1003.69 38.3765
6.77400 1003.59 38.6334
6.77700 1003.48 39.7464
6.78000 1003.38 39.841
6.78300 1003.29 39.6214
6.78600 1003.19 38.7202
6.78900 1003.09 37.8506
6.79200 1003 40.3896
6.79500 1002.91 40.522
6.79800 1002.82 38.0418
6.80100 1002.73 39.2232
6.80400 1002.64 40.6222
6.80700 1002.55 39.2232
6.81000 1002.46 39.0732
6.81300 1002.37 39.841
6.81600 1002.28 37.3457
6.81900 1002.2 38.3201
6.82200 1002.11 38.8955
6.82500 1002.03 39.163
6.82800 1001.95 38.0693
6.83100 1001.86 40.757
6.83400 1001.78 40.7231
6.83700 1001.7 39.7464
6.84000 1001.62 38.6912
6.84300 1001.54 41.0305
6.84600 1001.46 39.7464
6.84900 1001.38 39.2837
6.85200 1001.3 38.6622
6.85500 1001.22 39.4976
6.85800 1001.14 38.49
6.86100 1001.07 39.375
6.86400 1000.99 39.0732
6.86700 1000.91 38.4331
6.87000 1000.84 38.8075
6.87300 1000.76 39.9043
6.87600 1000.68 39.7464
6.87900 1000.61 39.2232
6.88200 1000.53 37.7964
6.88500 1000.46 39.7464
6.88800 1000.39 38.1524
6.89100 1000.31 40.3896
6.89400 1000.24 39.375
6.89700 1000.17 39.7151
6.90000 1000.09 38.6912
6.90300 1000.02 38.9249
6.90600 999.949 39.968
6.90900 999.878 38.236
6.91200 999.806 38.8368
6.91500 999.735 38.5758
6.91800 999.665 37.9869
6.92100 999.594 39.5594
6.92400 999.524 39.7779
6.92700 999.454 40.032
6.93000 999.385 39.6526
6.93300 999.315 39.0732
6.93600 999.247 39.6838
6.93900 999.178 37.9595
6.94200 999.109 38.292
6.94500 999.041 39.2232
6.94800 998.974 39.1931
6.95100 998.906 39.4669
6.95400 998.839 39.8094
6.95700 998.772 39.6214
6.96000 998.705 39.6838
6.96300 998.639 38.6622
6.96600 998.572 39.4976
6.96900 998.506 39.133
6.97200 998.441 39.5594
6.97500 998.375 38.4615
6.97800 998.31 38.1524
6.98100 998.245 40.3239
6.98400 998.181 39.9043
6.98700 998.117 37.4766
6.99000 998.053 39.375
6.99300 997.989 39.0137
6.99600 997.925 39.7779
6.99900 997.862 38.5186
7.00200 997.799 38.9545
7.00500 997.737 39.4055
7.00800 997.674 38.1524
7.01100 997.612 38.7492
7.01400 997.55 40.2911
7.01700 997.489 38.8955
7.02000 997.427 37.7964
7.02300 997.366 39.2837
7.02600 997.306 39.6838
7.02900 997.245 39.2534
7.03200 997.185 39.2534
7.03500 997.125 40.0642
7.03800 997.065 38.8075
7.04100 997.006 40.4888
7.04400 996.947 38.8955
7.04700 996.888 38.5472
7.05000 996.83 38.49
7.05300 996.772 39.3445
7.05600 996.714 39.3141
7.05900 996.656 38.2639
7.06200 996.599 39.3141
7.06500 996.542 38.236
7.06800 996.485 38.7202
7.07100 996.429 38.4048
7.07400 996.373 38.4615
7.07700 996.317 37.6089
7.08000 996.262 36.9863
7.08300 996.207 39.1031
7.08600 996.152 38.49
7.08900 996.098 37.7695
7.09200 996.044 39.163
7.09500 995.99 38.1246
7.09800 995.937 38.1802
7.10100 995.884 40.2911
7.10400 995.832 38.7492
7.10700 995.78 39.8726
7.11000 995.728 38.6912
7.11300 995.676 39.4669
7.11600 995.625 38.6912
7.11900 995.575 38.1524
7.12200 995.525 38.8368
7.12500 995.478 40.161
7.12800 995.436 38.6334
7.13100 995.404 38.6622
7.13400 995.356 37.9869
7.13700 995.308 38.2639
7.14000 995.261 39.2534
7.14300 995.214 38.8661
7.14600 995.168 38.9249
7.14900 995.122 38.236
7.15200 995.077 40.161
7.15500 995.033 39.3445
7.15800 994.989 39.2232
7.16100 994.947 39.3445
7.16400 994.905 39.0732
7.16700 994.863 39.4669
7.17000 994.822 39.4669
7.17300 994.781 39.4362
7.17600 994.742 39.133
7.17900 994.703 38.4331
7.18200 994.666 39.9043
7.18500 994.629 39.2232
7.18800 994.593 38.4615
7.19100 994.559 39.7151
7.19400 994.525 40.0642
7.19700 994.493 37.1904
7.20000 994.462 39.3141
7.20300 994.432 38.7202
7.20600 994.404 39.3445
7.20900 994.377 40.2259
7.21200 994.352 38.6046
7.21500 994.329 39.4669
7.21800 994.308 38.6912
7.22100 994.289 39.1031
7.22400 994.273 39.0137
7.22700 994.259 38.6334
7.23000 994.248 39.1931
7.23300 994.241 39.6526
7.23600 994.236 38.097
7.23900 994.236 38.8955
7.24200 994.24 39.375
7.24500 994.249 38.3482
7.24800 994.263 38.3765
7.25100 994.283 39.2232
7.25400 994.311 39.6526
7.25700 994.346 38.8661
7.26000 994.39 37.9869
7.26300 994.445 40.522
7.26600 994.512 39.4055
7.26900 994.594 37.8777
7.27200 994.696 39.4669
7.27500 994.823 38.6046
7.27800 994.987 37.9322
7.28100 995.207 39.0434
7.28400 995.517 39.4362
7.28700 995.975 38.097
7.29000 996.676 38.9249
7.29300 997.765 38.3482
7.29600 999.458 38.8661
7.29900 1002.05 39.7464
7.30200 1005.92 40.3239
7.30500 1011.51 40.7909
7.30800 1019.27 39.5904
7.31100 1029.57 39.3445
7.31400 1042.61 40.522
7.31700 1058.28 39.9043
7.32000 1076.06 38.7783
7.32300 1094.96 39.4055
7.32600 1113.54 39.133
7.32900 1130 39.2534
7.33200 1142.39 42.145
7.33500 1149.04 40.8589
7.33800 1148.9 40.2585
7.34100 1141.97 39.7151
7.34400 1129.27 40.1934
7.34700 1112.53 39.0137
7.35000 1093.74 39.3445
7.35300 1074.71 40.032
7.35600 1056.88 39.0732
7.35900 1041.23 39.4055
7.36200 1028.24 39.0732
7.36500 1018.03 38.9545
7.36800 1010.36 39.163
7.37100 1004.87 39.6526
7.37400 1001.08 39.0137
7.37700 998.57 39.2232
7.38000 996.964 38.6622
7.38300 995.984 40.2585
7.38600 995.437 39.7779
7.38900 995.198 38.3201
7.39200 995.192 40.2585
7.39500 995.371 39.3141
7.39800 995.693 37.9049
7.40100 996.108 39.6838
7.40400 996.555 39.1931
7.40700 996.955 38.6334
7.41000 997.227 38.8075
7.41300 997.3 38.1802
7.41600 997.138 38.3482
7.41900 996.753 37.4241
7.42200 996.189 39.1931
7.42500 995.531 38.7783
7.42800 994.857 38.5758
7.43100 994.231 39.2837
7.43400 993.69 38.7783
7.43700 993.255 37.9322
7.44000 992.923 37.8235
7.44300 992.682 39.6838
7.44600 992.514 38.49
7.44900 992.4 39.1031
7.45200 992.324 39.4976
7.45500 992.273 38.7202
7.45800 992.238 37.6889
7.46100 992.215 40.3896
7.46400 992.199 38.4615
7.46700 992.19 38.0693
7.47000 992.187 38.8368
7.47300 992.189 38.1524
7.47600 992.196 39.5594
7.47900 992.208 39.4976
7.48200 992.226 38.9249
7.48500 992.249 38.4615
7.48800 992.277 37.9595
7.49100 992.312 37.9595
7.49400 992.353 39.375
7.49700 992.401 37.9869
7.50000 992.456 39.2837
7.50300 992.519 39.3141
7.50600 992.591 39.7464
7.50900 992.673 38.208
7.51200 992.765 38.8368
7.51500 992.868 37.6355
7.51800 992.984 39.968
7.52100 993.115 39.8726
7.52400 993.261 39.4055
7.52700 993.426 39.2837
7.53000 993.61 38.9841
7.53300 993.818 38.0693
7.53600 994.053 39.4669
7.53900 994.32 38.7492
7.54200 994.624 39.0137
7.54500 994.975 40.6894
7.54800 995.388 38.4615
7.55100 995.888 38.9249
7.55400 996.517 39.2837
7.55700 997.347 39.4976
7.56000 998.499 39.0434
7.56300 1000.17 39.7151
7.56600 1002.66 39.3141
7.56900 1006.43 39.5904
7.57200 1012.09 39.7779
7.57500 1020.48 39.5285
7.57800 1032.59 39.6838
7.58100 1049.51 39.2837
7.58400 1072.28 40.032
7.58700 1101.68 42.1825
7.59000 1137.97 40.4226
7.59300 1180.62 42.4094
7.59600 1228.12 42.7569
7.59900 1277.84 42.7179
7.60200 1326.14 43.9375
7.60500 1368.59 44.2374
7.60800 1400.53 44.5878
7.61100 1417.92 45.1754
7.61400 1418.27 43.6852
7.61700 1401.5 44.9467
7.62000 1369.96 44.8111
7.62300 1327.77 44.1511
7.62600 1279.71 42.6014
7.62900 1230.37 41.9591
7.63200 1183.66 43.3148
7.63500 1142.64 42.22
7.63800 1109.52 40.4888
7.64100 1085.8 41.9961
7.64400 1072.31 41.4513
7.64700 1069.15 40.9273
7.65000 1075.29 40.5554
7.65300 1088.27 41.9591
7.65600 1103.98 40.032
7.65900 1117.17 40.3896
7.66200 1122.73 41.3803
7.66500 1117.64 40.5554
7.66800 1102.52 40.3567
7.67100 1081.2 41.2744
7.67400 1058.46 40.2585
7.67700 1038.07 39.0732
7.68000 1022.07 40.161
7.68300 1010.84 38.5186
7.68600 1003.68 40.3567
7.68900 999.452 39.841
7.69200 997.063 40.0963
7.69500 995.706 39.0434
7.69800 994.883 39.1931
7.70100 994.325 38.5758
7.70400 993.905 38.7202
7.70700 993.563 38.9545
7.71000 993.273 37.3718
7.71300 993.023 38.5472
7.71600 992.804 39.841
7.71900 992.611 38.4048
7.72200 992.44 38.9545
7.72500 992.287 38.6912
7.72800 992.151 37.6889
7.73100 992.029 39.1931
7.73400 991.919 37.6622
7.73700 991.821 37.9049
7.74000 991.731 38.5472
7.74300 991.651 40.1286
7.74600 991.577 39.5594
7.74900 991.511 36.9863
7.75200 991.451 40.2259
7.75500 991.397 39.3445
7.75800 991.348 39.3141
7.76100 991.303 39.5285
7.76400 991.263 38.4331
7.76700 991.227 39.4362
7.77000 991.194 37.5293
7.77300 991.165 38.7202
7.77600 991.14 39.8726
7.77900 991.117 38.4615
7.78200 991.096 39.3445
7.78500 991.079 37.7964
7.78800 991.064 37.9595
7.79100 991.051 39.2837
7.79400 991.041 39.2534
7.79700 991.032 38.8661
7.80000 991.026 39.0434
7.80300 991.021 39.6838
7.80600 991.018 38.5472
7.80900 991.017 39.5285
7.81200 991.018 38.8368
7.81500 991.021 38.8661
7.81800 991.025 38.1524
7.82100 991.03 39.9043
7.82400 991.037 40.0642
7.82700 991.045 38.9545
7.83000 991.054 38.7783
7.83300 991.064 38.6912
7.83600 991.076 38.5472
7.83900 991.089 39.2232
7.84200 991.104 38.7202
7.84500 991.119 39.6838
7.84800 991.136 38.7783
7.85100 991.154 38.3201
7.85400 991.173 38.3765
7.85700 991.193 37.2937
7.86000 991.214 38.8661
7.86300 991.237 38.5186
7.86600 991.26 40.161
7.86900 991.284 39.163
7.87200 991.31 39.5904
7.87500 991.337 39.9362
7.87800 991.364 37.9322
7.88100 991.393 38.1524
7.88400 991.423 38.6046
7.88700 991.454 38.0693
7.89000 991.486 38.49
7.89300 991.519 39.4055
7.89600 991.555 37.037
7.89900 991.599 38.1246
7.90200 991.655 30.317
7.90500 991.704 23.8637
7.90800 991.743 28.2956
7.91100 991.783 30.415
7.91400 991.824 31.5597
7.91700 991.866 31.3728
7.92000 991.909 33.0409
7.92300 991.954 32.8266
7.92600 991.999 34.0799
7.92900 992.046 34.0404
7.93200 992.095 33.4077
7.93500 992.144 34.1993
7.93800 992.195 33.0229
7.94100 992.247 34.1394
7.94400 992.301 33.7292
7.94700 992.356 33.3704
7.95000 992.412 34.1593
7.95300 992.47 34.2796
7.95600 992.53 33.4077
7.95900 992.591 34.6688
7.96200 992.654 34.6896
7.96500 992.718 33.9032
7.96800 992.784 33.6146
7.97100 992.852 34.1993
7.97400 992.922 34.6064
7.97700 992.993 35.2017
7.98000 993.067 34.6272
7.98300 993.143 34.3199
7.98600 993.222 34.1793
7.98900 993.302 33.4825
7.99200 993.384 34.0997
7.99500 993.469 34.6272
7.99800 993.557 32.4785
8.00100 993.647 34.9642
8.00400 993.74 34.2796
8.00700 993.836 34.4828
8.01000 993.934 34.7314
8.01300 994.037 33.389
8.01600 994.142 33.9422
8.01900 994.251 33.71
8.02200 994.364 34.0601
8.02500 994.482 34.9002
8.02800 994.603 34.1793
8.03100 994.729 33.4825
8.03400 994.859 34.7524
8.03700 994.995 34.5651
8.04000 995.137 34.1793
8.04300 995.284 33.8062
8.04600 995.437 35.0715
8.04900 995.597 33.5389
8.05200 995.765 34.5857
8.05500 995.94 34.7314
8.05800 996.124 34.4828
8.06100 996.316 34.1593
8.06400 996.519 34.8578
8.06700 996.732 34.2193
8.07000 996.957 34.6896
8.07300 997.194 34.8367
8.07600 997.446 33.9227
8.07900 997.712 33.9422
8.08200 997.996 35.8979
8.08500 998.298 34.3604
8.08800 998.62 33.3333
8.09100 998.966 34.2997
8.09400 999.336 34.5857
8.09700 999.736 34.7105
8.10000 1000.17 34.5444
8.10300 1000.64 34.2796
8.10600 1001.15 35.05
8.10900 1001.72 34.1793
8.11200 1002.36 33.6336
8.11500 1003.1 35.1364
8.11800 1003.96 33.4077
8.12100 1005.03 34.0404
8.12400 1006.42 34.5238
8.12700 1008.3 35.2454
8.13000 1010.95 34.001
8.13300 1014.74 36.3216
8.13600 1020.2 35.2235
8.13900 1027.97 35.0931
8.14200 1038.81 36.1787
8.14500 1053.48 35.5784
8.14800 1072.66 35.5559
8.15100 1096.74 37.4241
8.15400 1125.64 38.0418
8.15700 1158.69 38.7783
8.16000 1194.48 39.4362
8.16300 1230.88 40.0642
8.16600 1265.15 39.163
8.16900 1294.32 39.5594
8.17200 1315.62 42.1825
8.17500 1327.28 41.8487
8.17800 1329.24 39.968
8.18100 1323.55 41.487
8.18400 1314.1 40.522
8.18700 1305.9 40
8.19000 1304.28 41.1693
8.19300 1314.21 40.7909
8.19600 1339.78 40.032
8.19900 1383.75 40
8.20200 1447.12 40.0963
8.20500 1528.88 40.893
8.20800 1625.81 40.4888
8.21100 1732.57 42.0331
8.21400 1841.86 44.1942
8.21700 1944.89 45.3609
8.22000 2032.1 47.2984
8.22300 2094.24 47.6731
8.22600 2123.91 48.2805
8.22900 2117.12 46.2745
8.23200 2074.39 48.9702
8.23500 2000.54 46.0287
8.23800 1903.4 45.8349
8.24100 1792.01 44.9921
8.24400 1675.19 43.6852
8.24700 1560.58 42.3334
8.25000 1454.12 41.3096
8.25300 1359.83 40.6558
8.25600 1279.8 37.7695
8.25900 1214.48 37.9869
8.26200 1162.99 38.8368
8.26500 1123.58 37.9322
8.26800 1094.11 36.6618
8.27100 1072.39 37.2161
8.27400 1056.5 36.9611
8.27700 1044.88 36.3937
8.28000 1036.34 36.3937
8.28300 1030.04 37.3457
8.28600 1025.37 35.7599
8.28900 1021.96 35.05
8.29200 1019.62 34.8578
8.29500 1018.42 35.5784
8.29800 1018.89 35.2892
8.30100 1022.27 34.8367
8.30400 1030.61 36.5148
8.30700 1046.15 35.2673
8.31000 1069.64 35.3333
8.31300 1098.09 37.6355
8.31600 1123.78 36.1551
8.31900 1136.55 37.6089
8.32200 1129.75 37.0879
8.32500 1106.04 36.7359
8.32800 1075.67 36.3456
8.33100 1048.38 36.6864
8.33400 1028.93 35.0715
8.33700 1017.39 34.7945
8.34000 1011.49 34.6688
8.34300 1008.71 35.5335
8.34600 1007.38 33.7292
8.34900 1006.66 34.6479
8.35200 1006.17 34.7314
8.35500 1005.79 33.389
8.35800 1005.48 34.001
8.36100 1005.22 35.2673
8.36400 1005.01 34.4418
8.36700 1004.83 33.8643
8.37000 1004.69 34.5444
8.37300 1004.56 34.0404
8.37600 1004.46 35.6688
8.37900 1004.37 35.0285
8.38200 1004.3 35.2673
8.38500 1004.24 34.9002
8.38800 1004.19 34.879
8.39100 1004.16 35.4663
8.39400 1004.13 34.9642
8.39700 1004.12 34.6896
8.40000 1004.11 35.0931
8.40300 1004.1 35.7828
8.40600 1004.1 34.5238
8.40900 1004.11 34.5033
8.41200 1004.13 36.2262
8.41500 1004.15 36.0609
8.41800 1004.18 34.5238
8.42100 1004.21 34.4418
8.42400 1004.25 34.1793
8.42700 1004.29 34.5033
8.43000 1004.33 35.0715
8.43300 1004.38 34.6896
8.43600 1004.43 35.6915
8.43900 1004.48 34.0997
8.44200 1004.54 35.0715
8.44500 1004.6 35.3775
8.44800 1004.66 34.5444
8.45100 1004.73 34.9215
8.45400 1004.79 34.8578
8.45700 1004.87 34.4418
8.46000 1004.96 34.6688
8.46300 1005.05 34.879
8.46600 1005.13 35.3333
8.46900 1005.2 35.0931
8.47200 1005.28 36.5881
8.47500 1005.37 34.5651
8.47800 1005.45 34.8367
8.48100 1005.54 36.0141
8.48400 1005.62 36.0375
8.48700 1005.71 33.4637
8.49000 1005.8 34.4418
8.49300 1005.89 35.4887
8.49600 1005.99 34.2393
8.49900 1006.08 34.9856
8.50200 1006.18 34.879
8.50500 1006.28 34.879
8.50800 1006.37 35.5335
8.51100 1006.47 34.3604
8.51400 1006.58 34.401
8.51700 1006.68 34.1394
8.52000 1006.79 35.7828
8.52300 1006.92 35.3775
8.52600 1007.05 34.6272
8.52900 1007.16 33.8062
8.53200 1007.27 34.9002
8.53500 1007.38 35.3553
8.53800 1007.49 33.5013
8.54100 1007.6 34.5033
8.54400 1007.71 35.7599
8.54700 1007.83 34.7734
8.55000 1007.94 35.7143
8.55300 1008.06 35.4663
8.55600 1008.17 34.4623
8.55900 1008.29 34.6479
8.56200 1008.41 35.7828
8.56500 1008.53 35.1364
8.56800 1008.65 34.879
8.57100 1008.77 35.5559
8.57400 1008.89 35.1799
8.57700 1009.01 35.3553
8.58000 1009.14 35.3775
8.58300 1009.26 35.9675
8.58600 1009.39 35.2235
8.58900 1009.52 34.3401
8.59200 1009.66 34.5857
8.59500 1009.81 34.3807
8.59800 1009.94 35.2017
8.60100 1010.07 34.7734
8.60400 1010.2 35.3775
8.60700 1010.33 35.2235
8.61000 1010.46 36.25
8.61300 1010.6 35.8517
8.61600 1010.73 35.0285
8.61900 1010.86 34.6479
8.62200 1011 36.8355
8.62500 1011.14 35.1364
8.62800 1011.28 34.8155
8.63100 1011.43 34.7524
8.63400 1011.56 35.1799
8.63700 1011.7 34.401
8.64000 1011.84 35.7143
8.64300 1011.98 35.6688
8.64600 1012.12 34.1196
8.64900 1012.27 34.4418
8.65200 1012.41 35.3996
8.65500 1012.55 36.1315
8.65800 1012.69 33.71
8.66100 1012.84 35.5335
8.66400 1012.98 35.511
8.66700 1013.13 35.2892
8.67000 1013.28 34.1196
8.67300 1013.43 35.4887
8.67600 1013.57 36.0375
8.67900 1013.72 34.5857
8.68200 1013.87 35.1581
8.68500 1014.02 35.4441
8.68800 1014.17 34.6064
8.69100 1014.32 36.1315
8.69400 1014.48 34.7734
8.69700 1014.63 35.1364
8.70000 1014.78 35.8748
8.70300 1014.94 35.2892
8.70600 1015.09 34.8367
8.70900 1015.25 34.5033
8.71200 1015.41 34.9215
8.71500 1015.56 34.4214
8.71800 1015.72 34.879
8.72100 1015.88 35.9443
8.72400 1016.04 34.4828
8.72700 1016.2 34.7945
8.73000 1016.36 35.9908
8.73300 1016.52 35.7371
8.73600 1016.68 34.6272
8.73900 1016.85 34.7734
8.74200 1017.01 35.1147
8.74500 1017.17 34.401
8.74800 1017.34 35.05
8.75100 1017.51 34.6896
8.75400 1017.67 34.5857
8.75700 1017.84 35.7599
8.76000 1018.01 35.0285
8.76300 1018.18 35.3112
8.76600 1018.34 35.3996
8.76900 1018.51 34.8155
8.77200 1018.69 35.8517
8.77500 1018.86 34.4214
8.77800 1019.03 36.0609
8.78100 1019.2 34.4623
8.78400 1019.38 34.4828
8.78700 1019.55 34.4828
8.79000 1019.73 34.6896
8.79300 1019.9 34.5857
8.79600 1020.08 35.2454
8.79900 1020.26 34.6896
8.80200 1020.43 35.7599
8.80500 1020.61 36.1551
8.80800 1020.79 34.2796
8.81100 1020.98 34.3401
8.81400 1021.16 35.6009
8.81700 1021.34 34.3604
8.82000 1021.52 35.1147
8.82300 1021.71 34.9856
8.82600 1021.89 34.5444
8.82900 1022.08 34.8578
8.83200 1022.26 35.4663
8.83500 1022.45 35.3333
8.83800 1022.64 34.7945
8.84100 1022.83 36.1315
8.84400 1023.02 35.1799
8.84700 1023.21 35.2892
8.85000 1023.4 34.4828
8.85300 1023.59 35.4218
8.85600 1023.79 35.4887
8.85900 1023.98 36.2262
8.86200 1024.18 36.25
8.86500 1024.37 34.6688
8.86800 1024.57 34.7524
8.87100 1024.77 35.0285
8.87400 1024.97 36.4179
8.87700 1025.17 34.9642
8.88000 1025.37 33.7676
8.88300 1025.57 35.6235
8.88600 1025.77 35.3553
8.88900 1025.98 34.2796
8.89200 1026.18 34.9856
8.89500 1026.39 35.4887
8.89800 1026.6 35.0715
8.90100 1026.81 33.9227
8.90400 1027.02 36.442
8.90700 1027.23 33.9814
8.91000 1027.44 35.8287
8.91300 1027.66 35.3553
8.91600 1027.87 35.1364
8.91900 1028.09 36.1315
8.92200 1028.31 35.7371
8.92500 1028.53 35.2673
8.92800 1028.75 34.0601
8.93100 1028.97 35.6235
8.93400 1029.19 35.6462
8.93700 1029.42 35.0715
8.94000 1029.65 35.3553
8.94300 1029.88 36.1787
8.94600 1030.11 35.8517
8.94900 1030.34 34.9428
8.95200 1030.57 36.0609
8.95500 1030.81 35.7143
8.95800 1031.05 34.3401
8.96100 1031.29 36.2024
8.96400 1031.53 35.3553
8.96700 1031.78 35.2892
8.97000 1032.03 34.6896
8.97300 1032.28 36.1551
8.97600 1032.53 35.9908
8.97900 1032.79 34.3604
8.98200 1033.05 35.9908
8.98500 1033.31 35.2235
8.98800 1033.57 34.8367
8.99100 1033.84 34.9002
8.99400 1034.12 36.3456
8.99700 1034.39 35.7599
9.00000 1034.67 35.511
9.00300 1034.96 35.8748
9.00600 1035.25 35.8057
9.00900 1035.54 35.0931
9.01200 1035.84 36.0375
9.01500 1036.14 35.3775
9.01800 1036.45 35.3553
9.02100 1036.77 36.7112
9.02400 1037.09 35.6235
9.02700 1037.42 35.7143
9.03000 1037.76 35.8287
9.03300 1038.1 35.7599
9.03600 1038.46 34.0404
9.03900 1038.82 34.001
9.04200 1039.2 36.2738
9.04500 1039.58 35.6688
9.04800 1039.98 34.7945
9.05100 1040.39 35.3996
9.05400 1040.82 36.1787
9.05700 1041.26 35.8057
9.06000 1041.72 35.2892
9.06300 1042.19 35.1799
9.06600 1042.69 35.8287
9.06900 1043.21 35.4441
9.07200 1043.76 36.1315
9.07500 1044.34 35.3112
9.07800 1044.95 35.3553
9.08100 1045.59 35.4887
9.08400 1046.27 35.8748
9.08700 1047.01 35.5335
9.09000 1047.79 35.1581
9.09300 1048.65 36.5148
9.09600 1049.58 35.5559
9.09900 1050.63 35.4887
9.10200 1051.82 36.4179
9.10500 1053.23 36.6126
9.10800 1054.94 35.2454
9.11100 1057.1 36.6372
9.11400 1059.95 35.8979
9.11700 1063.8 36.442
9.12000 1069.13 36.25
9.12300 1076.55 36.8605
9.12600 1086.88 37.6889
9.12900 1101.15 36.3456
9.13200 1120.55 37.4503
9.13500 1146.41 37.7426
9.13800 1180.13 37.2937
9.14100 1223.06 39.5904
9.14400 1275.84 38.7492
9.14700 1338.31 39.2837
9.15000 1410.34 40.2259
9.15300 1490.42 41.9591
9.15600 1575.93 42.5628
9.15900 1663.19 43.4372
9.16200 1747.48 45.6435
9.16500 1823.34 45.1754
9.16800 1885.02 45.98
9.17100 1927.12 48.2243
9.17400 1945.54 48.737
9.17700 1938.33 47.5114
9.18000 1906.27 47.9463
9.18300 1852.62 46.4238
9.18600 1782.38 46.6252
9.18900 1701.28 45.7869
9.19200 1615.01 44.5878
9.19500 1528.64 42.9141
9.19800 1446.33 40.9616
9.20100 1371.15 41.3449
9.20400 1305.05 40.3239
9.20700 1248.95 38.5758
9.21000 1202.88 37.8777
9.21300 1166.2 39.3141
9.21600 1137.85 38.1524
9.21900 1116.51 37.1391
9.22200 1100.84 36.6618
9.22500 1089.58 36.2024
9.22800 1081.63 36.9611
9.23100 1076.08 36.9107
9.23400 1072.24 35.8057
9.23700 1069.56 36.3456
9.24000 1067.69 36.6618
9.24300 1066.34 36.3937
9.24600 1065.36 36.3696
9.24900 1064.61 35.5784
9.25200 1064.04 36.5881
9.25500 1063.59 36.442
9.25800 1063.24 36.3216
9.26100 1062.96 37.0117
9.26400 1062.74 35.511
9.26700 1062.59 35.8979
9.27000 1062.49 35.1581
9.27300 1062.47 37.0117
9.27600 1062.55 35.7143
9.27900 1062.81 35.5335
9.28200 1063.38 36.5636
9.28500 1064.39 36.0141
9.28800 1065.92 36.4179
9.29100 1067.83 36.4179
9.29400 1069.77 35.2892
9.29700 1071.13 35.8979
9.30000 1071.4 36.8856
9.30300 1070.49 37.1135
9.30600 1068.85 36.8856
9.30900 1067.11 35.8979
9.31200 1065.71 36.3937
9.31500 1064.82 36.25
9.31800 1064.4 36.5148
9.32100 1064.29 35.8979
9.32400 1064.37 36.0844
9.32700 1064.55 36.25
9.33000 1064.77 35.7599
9.33300 1065.01 35.7828
9.33600 1065.28 35.7143
9.33900 1065.56 36.2977
9.34200 1065.85 37.2937
9.34500 1066.16 36.25
9.34800 1066.48 35.7371
9.35100 1066.81 35.3333
9.35400 1067.16 35.8979
9.35700 1067.52 36.0609
9.36000 1067.9 37.0117
9.36300 1068.3 35.5335
9.36600 1068.71 36.7112
9.36900 1069.13 36.1551
9.37200 1069.58 36.25
9.37500 1070.04 35.8517
9.37800 1070.53 35.7143
9.38100 1071.04 36.9107
9.38400 1071.57 36.1787
9.38700 1072.13 35.9211
9.39000 1072.73 36.7359
9.39300 1073.35 36.3696
9.39600 1074.02 36.8355
9.39900 1074.72 35.6688
9.40200 1075.48 36.9107
9.40500 1076.28 35.3996
9.40800 1077.15 34.6479
9.41100 1078.07 37.4766
9.41400 1079.08 35.2673
9.41700 1080.17 36.7112
9.42000 1081.37 37.2937
9.42300 1082.68 35.8517
9.42600 1084.14 35.8979
9.42900 1085.78 36.0609
9.43200 1087.65 36.7607
9.43500 1089.84 35.9443
9.43800 1092.51 36.7112
9.44100 1095.95 37.6622
9.44400 1100.67 37.5558
9.44700 1107.55 37.6089
9.45000 1118.03 37.7695
9.45300 1134.29 38.3201
9.45600 1159.49 38.208
9.45900 1197.75 38.4331
9.46200 1254.02 38.7783
9.46500 1333.43 40.3896
9.46800 1440.3 40.893
9.47100 1576.73 43.8108
9.47400 1741.1 44.2807
9.47700 1926.73 47.5114
9.48000 2121.31 49.9376
9.48300 2307.11 51.0976
9.48600 2462.65 54.3125
9.48900 2566.03 55.1318
9.49200 2600.27 57.073
9.49500 2559.13 55.3849
9.49800 2449.8 52.2708
9.50100 2290.11 52.6316
9.50400 2102.42 47.619
9.50700 1908.13 47.1405
9.51000 1724.51 43.9375
9.51300 1563.3 42.5243
9.51600 1430.6 41.0305
9.51900 1327.54 39.163
9.52200 1251.67 39.133
9.52500 1198.47 39.5594
9.52800 1162.73 37.9595
9.53100 1139.54 37.7964
9.53400 1124.85 37.1391
9.53700 1115.62 36.7359
9.54000 1109.75 37.1391
9.54300 1105.88 35.9675
9.54600 1103.19 36.2738
9.54900 1101.23 35.6235
9.55200 1099.71 36.4662
9.55500 1098.49 36.3937
9.55800 1097.5 36.3216
9.56100 1096.68 36.7359
9.56400 1096.03 36.6864
9.56700 1095.58 35.1364
9.57000 1095.19 36.5392
9.57300 1094.81 36.2977
9.57600 1094.52 36.8355
9.57900 1094.28 36.3696
9.58200 1094.11 36.7856
9.58500 1093.99 36.2738
9.58800 1093.93 35.0285
9.59100 1093.9 37.1391
9.59400 1093.9 36.25
9.59700 1093.94 35.7828
9.60000 1094.01 35.511
9.60300 1094.11 37.037
9.60600 1094.23 37.0625
9.60900 1094.37 35.511
9.61200 1094.54 36.0609
9.61500 1094.73 37.5823
9.61800 1094.94 36.8856
9.62100 1095.16 36.8355
9.62400 1095.41 35.7371
9.62700 1095.67 36.5636
9.63000 1095.94 36.8605
9.63300 1096.23 36.8355
9.63600 1096.53 36.8856
9.63900 1096.85 35.9211
9.64200 1097.18 37.2937
9.64500 1097.53 36.9358
9.64800 1097.88 35.9675
9.65100 1098.25 38.292
9.65400 1098.64 36.1787
9.65700 1099.03 36.5148
9.66000 1099.44 38.1524
9.66300 1099.87 35.9443
9.66600 1100.3 37.2678
9.66900 1100.75 36.8856
9.67200 1101.22 36.6126
9.67500 1101.7 36.7359
9.67800 1102.19 37.0879
9.68100 1102.7 35.7371
9.68400 1103.23 36.1315
9.68700 1103.78 36.8105
9.69000 1104.34 36.7112
9.69300 1104.92 36.3696
9.69600 1105.52 36.5148
9.69900 1106.15 37.6889
9.70200 1106.79 36.0141
9.70500 1107.46 38.0418
9.70800 1108.16 36.4179
9.71100 1108.88 36.7856
9.71400 1109.64 37.3197
9.71700 1110.43 36.4662
9.72000 1111.25 37.1647
9.72300 1112.11 36.6618
9.72600 1113.01 37.7695
9.72900 1113.95 36.9358
9.73200 1114.95 37.2937
9.73500 1115.99 37.7964
9.73800 1117.1 36.3696
9.74100 1118.27 36.9611
9.74400 1119.51 37.1904
9.74700 1120.83 36.7359
9.75000 1122.24 37.7157
9.75300 1123.74 36.4905
9.75600 1125.35 36.7359
9.75900 1127.09 37.6089
9.76200 1128.97 37.6622
9.76500 1131.03 38.097
9.76800 1133.28 37.0879
9.77100 1135.79 37.0625
9.77400 1138.64 37.1135
9.77700 1141.94 37.6622
9.78000 1145.9 37.6889
9.78300 1150.81 37.9049
9.78600 1157.13 38.49
9.78900 1165.55 38.7492
9.79200 1177.06 39.7151
9.79500 1193.06 39.841
9.79800 1215.42 38.9841
9.80100 1246.58 40.996
9.80400 1289.55 40.6558
9.80700 1347.81 42.22
9.81000 1425.19 43.1131
9.81300 1525.48 43.3555
9.81600 1652.04 47.0882
9.81900 1807.15 47.7274
9.82200 1991.4 51.9174
9.82500 2203.08 54.965
9.82800 2437.61 56.1656
9.83100 2687.3 61.6626
9.83400 2941.3 64.8204
9.83700 3185.93 66.2266
9.84000 3405.41 68.8428
9.84300 3583.14 70.014
9.84600 3703.62 71.7958
9.84900 3755.14 70.7107
9.85200 3732.33 71.9816
9.85500 3637.59 71.247
9.85800 3480.51 68.5189
9.86100 3275.56 69.3375
9.86400 3039.29 64.8204
9.86700 2788.05 61.8984
9.87000 2536.41 58.5206
9.87300 2296.36 55.0482
9.87600 2076.78 51.031
9.87900 1883.39 46.8807
9.88200 1718.92 46.3739
9.88500 1583.59 42.7569
9.88800 1475.67 41.8487
9.89100 1392.16 41.9222
9.89400 1329.42 40
9.89700 1283.65 39.4362
9.90000 1251.32 40.8589
9.90300 1229.36 39.7779
9.90600 1215.27 39.3445
9.90900 1207.18 39.0732
9.91200 1203.69 38.7202
9.91500 1203.84 38.4048
9.91800 1206.96 37.8777
9.92100 1212.53 40.161
9.92400 1220.12 37.6355
9.92700 1229.27 38.5186
9.93000 1239.45 38.7202
9.93300 1250.06 38.9545
9.93600 1260.38 39.5904
9.93900 1269.66 40.3896
9.94200 1277.17 40.6558
9.94500 1282.37 40.161
9.94800 1284.97 40
9.95100 1285.15 41.7756
9.95400 1283.53 40
9.95700 1281.17 41.0997
9.96000 1279.6 39.9362
9.96300 1280.9 40
9.96600 1288.04 40.4888
9.96900 1305.27 40.6894
9.97200 1338.65 41.3449
9.97500 1396.52 42.2577
9.97800 1489.63 43.8529
9.98100 1630.7 45.4077
9.98400 1832.97 47.7818
9.98700 2107.74 51.9174
9.99000 2460.9 54.0738
9.99300 2889.16 58.621
9.99600 3376.69 64.0184
9.99900 3893.31 51.0976
10.00200 4394.89 58.621
10.00500 4826.82 69.3375
10.00800 5131.71 73.9221
10.01100 5262.29 78.0869
10.01400 5196.62 77.1517
10.01700 4946.77 75.3778
10.02000 4553.94 71.0669
10.02300 4073.59 66.2266
10.02600 3561.13 60.5228
10.02900 3063.3 54.153
10.03200 2614.16 49.2068
10.03500 2233.86 46.9323
10.03800 1929.63 43.6436
10.04100 1698.48 41.8854
10.04400 1530.86 39.0137
10.04700 1414.21 37.9322
10.05000 1335.79 36.7359
10.05300 1284.39 36.2977
10.05600 1251.16 36.0844
10.05900 1229.62 34.7524
10.06200 1215.36 34.7524
10.06500 1205.55 34.2193
10.06800 1198.46 34.1196
10.07100 1193.06 34.6479
10.07400 1188.78 34.879
10.07700 1185.26 34.1196
10.08000 1182.33 34.2997
10.08300 1179.86 34.2594
10.08600 1177.77 33.5201
10.08900 1176.01 33.2411
10.09200 1174.55 33.5957
10.09500 1173.34 33.5578
10.09800 1172.37 33.3333
10.10100 1171.62 34.0799
10.10400 1171.07 33.4263
10.10700 1170.72 33.7484
10.11000 1170.56 33.8837
10.11300 1170.6 33.059
10.11600 1170.82 34.0207
10.11900 1171.26 33.7676
10.12200 1171.91 34.001
10.12500 1172.82 33.6336
10.12800 1174.05 33.8643
10.13100 1175.7 34.3199
10.13400 1177.97 34.2193
10.13700 1181.21 34.1793
10.14000 1186.01 33.9227
10.14300 1193.29 35.0931
10.14600 1204.48 34.5033
10.14900 1221.56 34.7524
10.15200 1247.15 36.442
10.15500 1284.3 35.4887
10.15800 1336.28 36.3696
10.16100 1406 37.3979
10.16400 1495.4 39.375
10.16700 1604.86 40.6558
10.17000 1732.62 42.8353
10.17300 1874.56 43.6436
10.17600 2024.16 45.98
10.17900 2172.98 46.3739
10.18200 2311.84 49.3865
10.18500 2432.84 49.6904
10.18800 2530.87 51.8476
10.19100 2602.99 52.778
10.19400 2645.93 53.9164
10.19700 2654.24 54.5545
10.20000 2621.1 56.2544
10.20300 2542.05 53.9164
10.20600 2419.31 55.47
10.20900 2263.16 50.9647
10.21200 2088.92 49.5682
10.21500 1912.49 46.1266
10.21800 1747.1 42.5243
10.22100 1602 42.1076
10.22400 1482.11 38.6334
10.22700 1388.43 38.208
10.23000 1318.98 38.236
10.23300 1269.92 36.7359
10.23600 1236.71 35.7143
10.23900 1214.98 35.5559
10.24200 1201.08 36.1079
10.24500 1192.21 34.9215
10.24800 1186.47 34.2393
10.25100 1182.59 35.6688
10.25400 1179.83 34.9642
10.25700 1177.74 34.6064
10.26000 1176.09 33.9422
10.26300 1174.74 34.2997
10.26600 1173.61 35.007
10.26900 1172.65 33.7676
10.27200 1171.84 34.7734
10.27500 1171.15 33.5578
10.27800 1170.58 34.2796
10.28100 1170.09 35.3112
10.28400 1169.69 33.9618
10.28700 1169.37 34.8578
10.29000 1169.12 34.0404
10.29300 1168.94 34.7734
10.29600 1168.83 34.9002
10.29900 1168.79 34.1394
10.30200 1168.84 34.8367
10.30500 1169 33.6909
10.30800 1169.27 34.6896
10.31100 1169.7 35.1364
10.31400 1170.33 34.7524
10.31700 1171.19 35.0931
10.32000 1172.34 34.4623
10.32300 1173.83 34.5857
10.32600 1175.72 35.0285
10.32900 1178.04 33.71
10.33200 1180.83 35.1581
10.33500 1184.09 34.8367
10.33800 1187.79 34.7105
10.34100 1191.86 35.2892
10.34400 1196.2 34.3807
10.34700 1200.66 34.1793
10.35000 1205.05 36.2262
10.35300 1209.15 35.4441
10.35600 1212.74 34.7314
10.35900 1215.56 34.5238
10.36200 1217.42 35.1364
10.36500 1218.18 35.007
10.36800 1217.78 35.8517
10.37100 1216.28 35.3553
10.37400 1213.83 35.3996
10.37700 1210.64 33.9814
10.38000 1206.95 35.8517
10.38300 1203 34.3401
10.38600 1198.99 34.4828
10.38900 1195.12 34.7314
10.39200 1191.52 34.3401
10.39500 1188.3 34.8367
10.39800 1185.52 35.0285
10.40100 1183.21 34.8367
10.40400 1181.35 34.5857
10.40700 1179.92 34.5857
10.41000 1178.87 34.4214
10.41300 1178.15 34.6272
10.41600 1177.7 35.0931
10.41900 1177.47 34.5444
10.42200 1177.41 34.7314
10.42500 1177.49 34.0207
10.42800 1177.67 34.1196
10.43100 1177.94 34.9428
10.43400 1178.27 34.7524
10.43700 1178.64 34.9856
10.44000 1179.06 34.879
10.44300 1179.52 34.6272
10.44600 1180.01 34.4623
10.44900 1180.54 34.401
10.45200 1181.11 34.5238
10.45500 1181.72 33.8837
10.45800 1182.39 34.401
10.46100 1183.11 35.8748
10.46400 1183.9 33.71
10.46700 1184.81 33.6336
10.47000 1185.88 35.007
10.47300 1187.24 36.0375
10.47600 1189.15 35.2454
10.47900 1192.07 35.2235
10.48200 1196.8 35.9908
10.48500 1204.55 35.4218
10.48800 1216.9 35.6915
10.49100 1235.62 36.4179
10.49400 1262.05 36.442
10.49700 1296.44 37.0879
10.50000 1337.11 37.4766
10.50300 1379.99 37.4503
10.50600 1418.73 39.7151
10.50900 1445.77 39.9362
10.51200 1454.63 40.1934
10.51500 1443.02 39.841
10.51800 1414.23 39.2837
10.52100 1375.32 38.9249
10.52400 1333.86 38.292
10.52700 1295.81 37.4503
10.53000 1264.7 36.25
10.53300 1241.73 35.7828
10.53600 1226.33 35.2892
10.53900 1216.97 34.6688
10.54200 1211.9 36.3216
10.54500 1209.58 35.4218
10.54800 1208.9 34.5238
10.55100 1209.18 34.4418
10.55400 1210 34.8367
10.55700 1211.17 34.9002
10.56000 1212.6 35.9443
10.56300 1214.26 33.9422
10.56600 1216.14 34.6272
10.56900 1218.23 34.9428
10.57200 1220.57 35.2673
10.57500 1223.16 34.6272
10.57800 1226.04 34.7314
10.58100 1229.23 35.0715
10.58400 1232.79 35.7828
10.58700 1236.75 35.4441
10.59000 1241.19 35.3112
10.59300 1246.19 34.9856
10.59600 1251.86 34.7945
10.59900 1258.4 35.3775
10.60200 1266.09 36.0844
10.60500 1275.46 35.7143
10.60800 1287.44 36.3456
10.61100 1303.66 37.3718
10.61400 1326.91 38.1524
10.61700 1361.77 37.6089
10.62000 1415.34 38.8368
10.62300 1497.93 40.3896
10.62600 1623.45 41.7029
10.62900 1809.01 43.8951
10.63200 2073.38 48.1125
10.63500 2433.98 50.3793
10.63800 2902.37 55.9893
10.64100 3479.06 62.3783
10.64400 4148.46 67.5737
10.64700 4875.62 74.5356
10.65000 5605.64 82.4786
10.65300 6267.03 87.7058
10.65600 6780.11 91.2871
10.65900 7072.66 92.45
10.66200 7101.5 94.4911
10.66500 6870.36 92.0575
10.66800 6430.31 87.0388
10.67100 5861.58 83.6242
10.67400 5249.88 78.811
10.67700 4669.11 72.5476
10.68000 4171.54 66.965
10.68300 3783.72 64.0184
10.68600 3506.74 63.2456
10.68900 3320.37 61.7802
10.69200 3190.38 62.8695
10.69500 3078.37 63.1194
10.69800 2952.55 61.0847
10.70100 2796.14 58.9256
10.70400 2608.86 54.8821
10.70700 2401.86 52.778
10.71000 2190.78 48.3368
10.71300 1990.63 47.2456
10.71600 1812.92 43.8951
10.71900 1664.44 42.3334
10.72200 1547.2 41.5945
10.72500 1459.37 39.8094
10.72800 1396.65 37.9595
10.73100 1353.72 38.208
10.73400 1325.34 37.2937
10.73700 1307.08 35.9675
10.74000 1295.52 37.7964
10.74300 1288.3 37.1904
10.74600 1283.88 36.4179
10.74900 1281.32 35.5784
10.75200 1280.12 35.9211
10.75500 1280.02 35.7371
10.75800 1280.96 35.4218
10.76100 1283 36.7359
10.76400 1286.4 36.6618
10.76700 1291.66 35.3996
10.77000 1299.69 37.3457
10.77300 1312.06 36.3216
10.77600 1331.37 37.8506
10.77900 1361.62 37.8235
10.78200 1408.67 38.3765
10.78500 1480.56 39.7151
10.78800 1587.45 39.7151
10.79100 1741.04 43.3963
10.79400 1953.21 43.9375
10.79700 2233.75 46.6252
10.80000 2587.49 48.9702
10.80300 3011.14 53.5288
10.80600 3490.62 56.9803
10.80900 3999.54 59.976
10.81200 4499.43 67.1156
10.81500 4942.18 71.9816
10.81800 5275.56 74.9532
10.82100 5453.03 78.326
10.82400 5446.56 77.8499
10.82700 5256.83 76.2493
10.83000 4913.23 73.721
10.83300 4463.37 67.2673
10.83600 3959.78 63.8877
10.83900 3450.26 56.0772
10.84200 2972.55 52.9999
10.84500 2552.2 47.619
10.84800 2202.49 44.9467
10.85100 1926.03 44.6767
10.85400 1717.49 41.2043
10.85700 1566.77 40.4888
10.86000 1461.87 39.7464
10.86300 1391.09 38.1524
10.86600 1344.35 37.4766
10.86900 1313.76 37.3979
10.87200 1293.57 37.3718
10.87500 1279.87 36.2977
10.87800 1270.15 35.8979
10.88100 1262.88 36.8355
10.88400 1257.15 35.2673
10.88700 1252.44 36.1787
10.89000 1248.45 34.9002
10.89300 1245 35.6688
10.89600 1241.98 35.7143
10.89900 1239.32 34.7734
10.90200 1236.96 35.7828
10.90500 1234.87 35.05
10.90800 1233.01 35.6688
10.91100 1231.35 35.3775
10.91400 1229.88 35.3553
10.91700 1228.57 35.2017
10.92000 1227.4 35.9675
10.92300 1226.38 35.2454
10.92600 1225.48 35.7371
10.92900 1224.7 34.3401
10.93200 1224.03 35.6915
10.93500 1223.49 34.3199
10.93800 1223.08 35.5559
10.94100 1222.81 36.4662
10.94400 1222.71 35.7371
10.94700 1222.83 35.3333
10.95000 1223.2 35.0931
10.95300 1223.9 35.0931
10.95600 1225.03 34.6479
10.95900 1226.69 36.2262
10.96200 1229.01 35.8057
10.96500 1232.16 35.2017
10.96800 1236.28 34.9428
10.97100 1241.56 35.6688
10.97400 1248.13 35.5335
10.97700 1256.12 36.6618
10.98000 1265.61 35.3112
10.98300 1276.61 35.3112
10.98600 1289.04 35.7371
10.98900 1302.71 36.5148
10.99200 1317.33 36.6864
10.99500 1332.48 37.037
10.99800 1347.63 35.9675
11.00100 1362.17 36.8856
11.00400 1375.41 37.2678
11.00700 1386.61 37.6089
11.01000 1395.09 37.6355
11.01300 1400.27 37.9869
11.01600 1401.76 38.097
11.01900 1399.47 37.3979
11.02200 1393.58 38.4048
11.02500 1384.52 36.6864
11.02800 1372.93 37.2678
11.03100 1359.52 38.236
11.03400 1344.99 37.2161
11.03700 1330.04 36.7607
11.04000 1315.25 36.7856
11.04300 1301.12 35.4441
11.04600 1288.02 36.2977
11.04900 1276.23 35.6688
11.05200 1265.89 37.0625
11.05500 1257.06 36.9358
11.05800 1249.71 36.1787
11.06100 1243.74 35.4218
11.06400 1239.02 35.8748
11.06700 1235.39 35.8979
11.07000 1232.67 35.8979
11.07300 1230.73 36.4905
11.07600 1229.4 36.0375
11.07900 1228.56 35.4663
11.08200 1228.11 35.6235
11.08500 1227.97 35.8517
11.08800 1228.08 36.0375
11.09100 1228.39 35.7599
11.09400 1228.88 36.2738
11.09700 1229.52 35.8517
11.10000 1230.29 35.2892
11.10300 1231.2 35.3553
11.10600 1232.21 36.3216
11.10900 1233.33 34.7105
11.11200 1234.53 35.7143
11.11500 1235.78 36.0375
11.11800 1237.05 35.8057
11.12100 1238.32 36.3937
11.12400 1239.54 34.9856
11.12700 1240.68 35.2454
11.13000 1241.7 36.4662
11.13300 1242.6 35.05
11.13600 1243.37 37.1391
11.13900 1244.03 36.4905
11.14200 1244.61 35.9443
11.14500 1245.15 36.7607
11.14800 1245.68 35.5784
11.15100 1246.24 36.5636
11.15400 1246.86 35.2892
11.15700 1247.57 35.3333
11.16000 1248.38 35.6009
11.16300 1249.32 36.0609
11.16600 1250.38 37.2678
11.16900 1251.56 36.3456
11.17200 1252.87 35.5559
11.17500 1254.31 35.8057
11.17800 1255.86 35.05
11.18100 1257.53 37.5029
11.18400 1259.32 35.6688
11.18700 1261.23 36.5881
11.19000 1263.25 37.0879
11.19300 1265.42 36.1315
11.19600 1267.73 36.3937
11.19900 1270.2 36.9611
11.20200 1272.87 37.1135
11.20500 1275.75 37.1391
11.20800 1278.87 37.2419
11.21100 1282.28 36.442
11.21400 1285.98 36.0141
11.21700 1290.03 37.1391
11.22000 1294.44 37.5823
11.22300 1299.23 37.1391
11.22600 1304.41 37.3979
11.22900 1309.95 38.236
11.23200 1315.85 37.6089
11.23500 1322.05 38.0693
11.23800 1328.5 39.1931
11.24100 1335.12 39.3141
11.24400 1341.83 39.2837
11.24700 1348.54 38.5472
11.25000 1355.15 38.4615
11.25300 1361.59 39.8094
11.25600 1367.81 41.8121
11.25900 1373.83 40
11.26200 1379.69 39.5904
11.26500 1385.51 39.7779
11.26800 1391.45 40.161
11.27100 1397.7 41.9222
11.27400 1404.47 40.3896
11.27700 1411.98 40.5554
11.28000 1420.41 40.2585
11.28300 1429.94 40.5887
11.28600 1440.67 41.0651
11.28900 1452.66 41.9591
11.29200 1465.88 41.5586
11.29500 1480.25 40.996
11.29800 1495.63 40.7231
11.30100 1511.83 40.996
11.30400 1528.66 39.968
11.30700 1545.99 41.5227
11.31000 1563.83 41.2393
11.31300 1582.31 41.1345
11.31600 1601.77 40.8248
11.31900 1622.62 40.5887
11.32200 1645.38 41.4513
11.32500 1670.54 41.2043
11.32800 1698.64 40.4888
11.33100 1730.18 40.7231
11.33400 1765.69 41.4513
11.33700 1805.71 41.5227
11.34000 1850.85 43.0331
11.34300 1901.82 41.9961
11.34600 1959.56 43.3963
11.34900 2025.36 45.4077
11.35200 2101.18 45.8831
11.35500 2190.22 47.8365
11.35800 2297.87 47.3514
11.36100 2433.47 51.3665
11.36400 2613.05 54.0738
11.36700 2863.6 57.639
11.37000 3228.85 63.6285
11.37300 3776.55 69.0066
11.37600 4606.05 76.6965
11.37900 5854.35 86.0663
11.38200 7697.12 99.0148
11.38500 10340.8 113.961
11.38800 14002.1 129.099
11.39100 18872.4 154.303
11.39400 25069.6 185.695
11.39700 32583.6 213.201
11.40000 41225.5 258.199
11.40300 50594.4 301.511
11.40600 60069.6 353.553
11.40900 68838.4 377.964
11.41200 75969.7 408.248
11.41500 80554 408.248
11.41800 81917.5 408.248
11.42100 79841 408.248
11.42400 74647.5 408.248
11.42700 67083.8 377.964
11.43000 58086.7 353.553
11.43300 48577.2 301.511
11.43600 39334.8 258.199
11.43900 30936.9 213.201
11.44200 23739.5 169.031
11.44500 17890.9 142.857
11.44800 13368.5 121.268
11.45100 10031.4 105.409
11.45400 7673.95 89.4427
11.45700 6072.01 82.7606
11.46000 5015.41 75.5929
11.46300 4326.66 69.843
11.46600 3868.1 66.6667
11.46900 3541.84 62.2573
11.47200 3285.24 60.7457
11.47500 3063.62 58.3212
11.47800 2861.41 53.4522
11.48100 2674.1 50.8329
11.48400 2502.36 48.9702
11.48700 2348.54 46.4739
11.49000 2214.62 45.0835
11.49300 2101.44 43.5607
11.49600 2008.49 44.0653
11.49900 1934.22 41.9961
11.50200 1876.61 41.7029
11.50500 1833.63 42.3334
11.50800 1803.73 42.0331
11.51100 1786.07 41.9961
11.51400 1780.72 41.2744
11.51700 1788.61 41.7029
11.52000 1811.54 44.1081
11.52300 1852.04 42.2955
11.52600 1913.22 43.4783
11.52900 1998.53 44.1081
11.53200 2111.53 45.5488
11.53500 2255.47 47.7274
11.53800 2432.93 48.3368
11.54100 2645.33 51.3665
11.54400 2892.49 52.4864
11.54700 3172.18 56.2544
11.55000 3479.78 59.655
11.55300 3808.1 62.9941
11.55600 4147.29 65.2328
11.55900 4485.06 68.1994
11.56200 4806.95 71.4286
11.56500 5097.03 75.1646
11.56800 5338.81 73.721
11.57100 5516.67 75.8098
11.57400 5617.78 77.1517
11.57700 5634.09 76.0286
11.58000 5563.83 75.8098
11.58300 5411.93 74.5356
11.58600 5189 77.1517
11.58900 4909.5 74.3294
11.59200 4589.69 70.014
11.59500 4245.92 68.6803
11.59800 3893.49 65.2328
11.60100 3545.83 61.6626
11.60400 3214.05 57.5435
11.60700 2906.69 54.7997
11.61000 2629.68 51.6398
11.61300 2386.43 47.7818
11.61600 2178.18 46.0287
11.61900 2004.29 44.2807
11.62200 1862.78 42.6401
11.62500 1750.71 42.8353
11.62800 1664.65 40.2259
11.63100 1600.99 40.4557
11.63400 1556.27 40
11.63700 1527.29 39.2232
11.64000 1511.28 39.4055
11.64300 1505.9 40.1286
11.64600 1509.27 38.7202
11.64900 1519.97 39.8726
11.65200 1536.97 39.7151
11.65500 1559.67 41.1693
11.65800 1587.88 40.3567
11.66100 1621.86 41.4158
11.66400 1662.34 40.996
11.66700 1710.57 42.145
11.67000 1768.39 43.2338
11.67300 1838.23 43.1532
11.67600 1923.11 46.1266
11.67900 2026.51 45.6912
11.68200 2152.11 47.036
11.68500 2303.42 49.5682
11.68800 2483.29 49.9376
11.69100 2693.37 52.4142
11.69400 2933.64 55.6415
11.69700 3201.98 57.735
11.70000 3493.85 60.5228
11.70300 3802.17 62.2573
11.70600 4117.31 66.8153
11.70900 4427.3 68.3586
11.71200 4718.27 69.6733
11.71500 4975.07 72.1688
11.71800 5182.36 73.1272
11.72100 5326.07 73.9221
11.72400 5395.26 73.1272
11.72700 5383.89 74.1249
11.73000 5292.02 75.3778
11.73300 5125.76 74.7435
11.73600 4896.08 74.9532
11.73900 4617.01 72.3575
11.74200 4303.81 71.0669
11.74500 3971.54 70.1862
11.74800 3634.09 64.6846
11.75100 3303.5 62.0174
11.75400 2989.59 58.722
11.75700 2699.77 53.5288
11.76000 2439.02 50
11.76300 2209.99 48.1683
11.76600 2013.32 46.5242
11.76900 1847.98 43.6436
11.77200 1711.72 41.2393
11.77500 1601.48 42.2577
11.77800 1513.81 38.7202
11.78100 1445.18 39.2837
11.78400 1392.19 38.5472
11.78700 1351.77 38.3482
11.79000 1321.25 37.5823
11.79300 1298.36 37.1135
11.79600 1281.29 36.9611
11.79900 1268.62 36.3216
11.80200 1259.28 36.8856
11.80500 1252.56 37.6355
11.80800 1248.01 35.8517
11.81100 1245.53 36.5636
11.81400 1245.28 36.7607
11.81700 1247.79 36.4905
11.82000 1253.99 37.0625
11.82300 1265.22 36.5148
11.82600 1283.28 36.8856
11.82900 1310.38 36.8856
11.83200 1348.97 37.6889
11.83500 1401.48 38.208
11.83800 1469.96 37.7695
11.84100 1555.54 38.49
11.84400 1658 40.893
11.84700 1775.29 42.679
11.85000 1903.24 43.3148
11.85300 2035.55 44.5435
11.85600 2163.99 47.2456
11.85900 2278.92 48.795
11.86200 2370.41 51.031
11.86500 2429.88 50.5076
11.86800 2452.26 51.8476
11.87100 2437.37 51.8476
11.87400 2389.65 43.8108
11.87700 2316.23 37.9049
11.88000 2224.85 42.0331
11.88300 2122.3 42.0331
11.88600 2014.03 43.1131
11.88900 1904.47 41.5945
11.89200 1797.57 40.7909
11.89500 1697 41.4513
11.89800 1605.81 39.0434
11.90100 1525.95 38.8075
11.90400 1458.14 37.9322
11.90700 1401.98 37.1647
11.91000 1356.23 36.6126
11.91300 1319.15 36.0141
11.91600 1288.91 36.0844
11.91900 1263.91 34.2193
11.92200 1242.97 33.9814
11.92500 1225.24 34.6896
11.92800 1210.19 33.7292
11.93100 1197.44 33.4825
11.93400 1186.72 32.4272
11.93700 1177.84 33.3704
11.94000 1170.58 32.3254
11.94300 1164.74 32.1412
11.94600 1160.07 33.7676
11.94900 1156.36 32.7385
11.95200 1153.39 32.7035
11.95500 1150.97 32.8443
11.95800 1148.96 31.7982
11.96100 1147.23 32.5818
11.96400 1145.71 32.4102
11.96700 1144.35 32.3254
11.97000 1143.1 32.7913
11.97300 1141.95 31.895
11.97600 1140.88 31.8304
11.97900 1139.89 32.4102
11.98200 1138.97 32.4272
11.98500 1138.14 32.5645
11.98800 1137.4 31.3574
11.99100 1136.77 32.4443
11.99400 1136.3 31.9438
11.99700 1136.04 32.6686
12.00000 1136.06 32.7913
12.00300 1136.46 32.4443
12.00600 1137.33 33.3519
12.00900 1138.8 31.4503
12.01200 1140.96 32.4785
12.01500 1143.9 32.7737
12.01800 1147.62 32.0256
12.02100 1152.08 32.3592
12.02400 1157.19 32.7737
12.02700 1162.8 32.9154
12.03000 1168.76 33.0049
12.03300 1175.01 33.0771
12.03600 1181.66 33.6527
12.03900 1189.07 33.5767
12.04200 1197.93 33.5767
12.04500 1209.26 33.5957
12.04800 1224.12 34.3401
12.05100 1243.28 34.1593
12.05400 1266.86 34.5238
12.05700 1294.02 33.6527
12.06000 1322.8 35.0715
12.06300 1350.19 35.05
12.06600 1372.39 36.25
12.06900 1385.53 35.7599
12.07200 1386.67 36.1315
12.07500 1374.99 36.0375
12.07800 1352.09 35.0931
12.08100 1321.36 35.3775
12.08400 1286.73 34.7524
12.08700 1251.84 34.0404
12.09000 1219.49 33.9227
12.09300 1191.5 33.3519
12.09600 1168.71 33.3519
12.09900 1151.14 32.6686
12.10200 1138.22 32.9332
12.10500 1129.09 32.3932
12.10800 1122.83 32.7035
12.11100 1118.6 32.5128
12.11400 1115.73 32.1246
12.11700 1113.71 32.0585
12.12000 1112.21 32.4443
12.12300 1111.02 31.1891
12.12600 1110.01 31.8304
12.12900 1109.14 31.3728
12.13200 1108.35 32.1412
12.13500 1107.61 32.2581
12.13800 1106.92 31.0985
12.14100 1106.26 31.342
12.14400 1105.62 31.4192
12.14700 1105.02 31.607
12.15000 1104.43 31.2043
12.15300 1103.87 31.5754
12.15600 1103.32 32.3254
12.15900 1102.79 32.4614
12.16200 1102.28 32.2749
12.16500 1101.77 32.4272
12.16800 1101.28 31.75
12.17100 1100.8 32.2749
12.17400 1100.33 32.2917
12.17700 1099.87 31.0835
12.18000 1099.42 31.342
12.18300 1098.98 31.7821
12.18600 1098.54 31.5283
12.18900 1098.12 31.4503
12.19200 1097.7 32.4443
12.19500 1097.29 31.5754
12.19800 1096.89 31.0385
12.20100 1096.49 32.4614
12.20400 1096.1 31.1891
12.20700 1095.72 31.5597
12.21000 1095.35 32.1911
12.21300 1094.98 31.544
12.21600 1094.62 32.4785
12.21900 1094.27 31.0835
12.22200 1093.92 30.7583
12.22500 1093.59 31.7181
12.22800 1093.26 31.342
12.23100 1092.94 31.3882
12.23400 1092.63 31.3728
12.23700 1092.32 32.2917
12.24000 1092.03 31.342
12.24300 1091.76 31.4658
12.24600 1091.49 32.2917
12.24900 1091.25 31.1437
12.25200 1091.02 32.8089
12.25500 1090.82 32.4272
12.25800 1090.64 31.5754
12.26100 1090.51 31.4503
12.26400 1090.42 31.4503
12.26700 1090.4 32.1412
12.27000 1090.47 31.766
12.27300 1090.66 31.25
12.27600 1090.99 31.3266
12.27900 1091.52 31.766
12.28200 1092.31 31.6862
12.28500 1093.42 31.0985
12.28800 1094.95 31.5597
12.29100 1096.97 32.53
12.29400 1099.62 31.4503
12.29700 1102.99 31.8142
12.30000 1107.23 32.3762
12.30300 1112.44 32.0585
12.30600 1118.76 31.342
12.30900 1126.26 32.3254
12.31200 1135.04 32.0256
12.31500 1145.1 32.0585
12.31800 1156.44 31.75
12.32100 1168.97 33.2228
12.32400 1182.54 32.075
12.32700 1196.93 32.7385
12.33000 1211.85 32.9154
12.33300 1226.93 33.059
12.33600 1241.73 33.5957
12.33900 1255.78 32.2917
12.34200 1268.55 32.9511
12.34500 1279.52 33.6909
12.34800 1288.18 32.987
12.35100 1294.14 33.5578
12.35400 1297.08 34.3604
12.35700 1296.91 33.9422
12.36000 1293.73 33.5767
12.36300 1287.84 33.9618
12.36600 1279.71 33.6909
12.36900 1269.97 32.6512
12.37200 1259.24 33.5013
12.37500 1248.21 33.0409
12.37800 1237.45 33.4077
12.38100 1227.48 33.2964
12.38400 1218.66 33.3704
12.38700 1211.18 34.0799
12.39000 1205.1 33.5578
12.39300 1200.32 34.001
12.39600 1196.63 33.6718
12.39900 1193.75 33.445
12.40200 1191.44 33.7292
12.40500 1189.6 34.4828
12.40800 1188.31 33.6909
12.41100 1187.91 33.5201
12.41400 1188.8 34.3604
12.41700 1191.35 33.5389
12.42000 1195.75 34.2594
12.42300 1201.9 34.6479
12.42600 1209.41 34.879
12.42900 1217.6 34.2796
12.43200 1225.58 35.6462
12.43500 1232.36 35.0715
12.43800 1237.08 34.4418
12.44100 1239.21 35.1799
12.44400 1238.71 35.2017
12.44700 1235.99 34.5444
12.45000 1231.7 34.6688
12.45300 1226.49 34.9002
12.45600 1220.9 34.5033
12.45900 1215.32 33.5767
12.46200 1210.11 34.7734
12.46500 1205.76 33.7292
12.46800 1203.15 33.5389
12.47100 1203.61 35.1147
12.47400 1208.84 33.4637
12.47700 1220.54 35.1581
12.48000 1239.79 34.5238
12.48300 1266.56 34.0601
12.48600 1299.24 34.879
12.48900 1334.5 34.8155
12.49200 1367.49 35.5559
12.49500 1392.59 35.2235
12.49800 1404.68 36.3216
12.50100 1400.65 36.0141
12.50400 1380.43 35.9908
12.50700 1347.04 35.05
12.51000 1305.42 33.8255
12.51300 1260.8 34.3199
12.51600 1217.58 34.0404
12.51900 1178.91 32.53
12.52200 1146.52 33.5578
12.52500 1120.96 32.1081
12.52800 1101.82 32.1412
12.53100 1088.16 32.686
12.53400 1078.78 32.4956
12.53700 1072.52 32.2917
12.54000 1068.38 31.1437
12.54300 1065.61 31.2959
12.54600 1063.69 30.6858
12.54900 1062.28 30.8607
12.55200 1061.17 32.1578
12.55500 1060.25 31.5754
12.55800 1059.44 30.6282
12.56100 1058.71 30.6858
12.56400 1058.05 31.0087
12.56700 1057.42 30.9344
12.57000 1056.84 31.2806
12.57300 1056.27 32.0256
12.57600 1055.75 30.1374
12.57900 1055.26 31.2195
12.58200 1054.79 31.2348
12.58500 1054.34 31.25
12.58800 1053.9 31.2043
12.59100 1053.49 30.3588
12.59400 1053.08 30.9344
12.59700 1052.69 30.7438
12.60000 1052.32 30.8167
12.60300 1051.95 30.8313
12.60600 1051.59 31.75
12.60900 1051.24 31.174
12.61200 1050.9 31.6703
12.61500 1050.57 30.6858
12.61800 1050.24 30.2614
12.62100 1049.92 30.7438
12.62400 1049.61 30.9196
12.62700 1049.3 31.4658
12.63000 1049 31.1136
12.63300 1048.71 30.8607
12.63600 1048.42 31.9275
12.63900 1048.13 31.1437
12.64200 1047.85 31.8465
12.64500 1047.58 31.3882
12.64800 1047.31 30.846
12.65100 1047.04 30.6138
12.65400 1046.78 31.1588
12.65700 1046.52 31.7982
12.66000 1046.27 31.497
12.66300 1046.02 30.4572
12.66600 1045.77 31.0985
12.66900 1045.53 30.657
12.67200 1045.3 30.5995
12.67500 1045.06 31.25
12.67800 1044.83 29.8807
12.68100 1044.61 30.8754
12.68400 1044.39 31.2195
12.68700 1044.17 30.7293
12.69000 1043.96 31.2653
12.69300 1043.75 31.3882
12.69600 1043.55 31.4658
12.69900 1043.35 30.9492
12.70200 1043.15 31.0236
12.70500 1042.96 30.4714
12.70800 1042.77 31.1286
12.71100 1042.59 31.9113
12.71400 1042.41 30.8313
12.71700 1042.24 31.1437
12.72000 1042.07 30.9492
12.72300 1041.9 30.4009
12.72600 1041.74 32.3085
12.72900 1041.59 31.0685
12.73200 1041.44 31.7821
12.73500 1041.3 30.9049
12.73800 1041.16 30.657
12.74100 1041.03 31.3574
12.74400 1040.91 31.1286
12.74700 1040.79 30.4009
12.75000 1040.69 31.7181
12.75300 1040.59 30.9049
12.75600 1040.5 31.0685
12.75900 1040.42 30.9641
12.76200 1040.35 31.7021
12.76500 1040.3 31.1588
12.76800 1040.26 30.7729
12.77100 1040.25 31.7821
12.77400 1040.28 31.9113
12.77700 1040.35 31.1588
12.78000 1040.48 31.3882
12.78300 1040.67 30.8313
12.78600 1040.95 31.8465
12.78900 1041.34 31.75
12.79200 1041.87 31.497
12.79500 1042.57 31.8304
12.79800 1043.46 31.2959
12.80100 1044.57 32.2581
12.80400 1045.99 30.8021
12.80700 1047.75 31.6386
12.81000 1049.86 31.4347
12.81300 1052.36 31.7821
12.81600 1055.27 31.9765
12.81900 1058.61 31.9765
12.82200 1062.35 31.2195
12.82500 1066.49 32.4102
12.82800 1070.96 31.9275
12.83100 1075.69 30.8167
12.83400 1080.59 32.7913
12.83700 1085.55 31.7821
12.84000 1090.41 32.0915
12.84300 1095.02 32.1412
12.84600 1099.22 32.8089
12.84900 1102.83 31.9113
12.85200 1105.69 32.6686
12.85500 1107.65 32.8089
12.85800 1108.61 32.7385
12.86100 1108.53 32.4785
12.86400 1107.42 32.1578
12.86700 1105.34 32.2245
12.87000 1102.41 32.4443
12.87300 1098.79 32.3762
12.87600 1094.65 32.686
12.87900 1090.15 32.987
12.88200 1085.47 32.075
12.88500 1080.75 32.1911
12.88800 1076.14 31.7181
12.89100 1071.73 31.7181
12.89400 1067.63 31.75
12.89700 1063.9 31.342
12.90000 1060.57 31.3728
12.90300 1057.67 31.4192
12.90600 1055.2 31.3112
12.90900 1053.15 30.4009
12.91200 1051.49 31.4192
12.91500 1050.2 31.0685
12.91800 1049.23 30.846
12.92100 1048.54 32.2078
12.92400 1048.1 31.7021
12.92700 1047.88 30.2199
12.93000 1047.83 30.6426
12.93300 1047.92 30.8754
12.93600 1048.15 32.1911
12.93900 1048.48 31.2348
12.94200 1048.89 30.7148
12.94500 1049.39 31.0535
12.94800 1049.95 30.5995
12.95100 1050.57 31.1437
12.95400 1051.24 31.0087
12.95700 1051.97 31.0685
12.96000 1052.75 30.7729
12.96300 1053.58 30.7875
12.96600 1054.46 31.5283
12.96900 1055.39 30.4572
12.97200 1056.38 30.9492
12.97500 1057.42 31.4658
12.97800 1058.51 30.6714
12.98100 1059.67 31.0835
12.98400 1060.89 30.9049
12.98700 1062.17 30.8021
12.99000 1063.52 31.766
12.99300 1064.95 31.5912
12.99600 1066.45 30.303
12.99900 1068.03 30.8901
13.00200 1069.69 31.25
13.00500 1071.45 31.607
13.00800 1073.3 29.988
13.01100 1075.25 30.6138
13.01400 1077.31 31.25
13.01700 1079.48 31.4192
13.02000 1081.79 31.2348
13.02300 1084.22 31.4347
13.02600 1086.81 31.5283
13.02900 1089.56 30.5995
13.03200 1092.51 30.3588
13.03500 1095.66 31.2806
13.03800 1099.06 31.6386
13.04100 1102.75 31.1286
13.04400 1106.76 30.5709
13.04700 1111.15 30.7729
13.05000 1115.96 31.8142
13.05300 1121.24 31.4192
13.05600 1127.04 31.3266
13.05900 1133.42 31.5912
13.06200 1140.37 31.9438
13.06500 1147.88 32.0256
13.06800 1155.93 32.0585
13.07100 1164.46 33.2964
13.07400 1173.38 32.1412
13.07700 1182.59 31.7982
13.08000 1191.99 32.6686
13.08300 1201.46 33.059
13.08600 1210.94 33.5389
13.08900 1220.43 32.3932
13.09200 1230 33.8837
13.09500 1239.85 33.0952
13.09800 1250.26 33.4637
13.10100 1261.61 34.2997
13.10400 1274.37 34.1993
13.10700 1289.12 34.7945
13.11000 1306.59 34.879
13.11300 1327.74 35.6009
13.11600 1353.82 35.9908
13.11900 1386.51 36.9107
13.12200 1428.03 37.0625
13.12500 1481.35 38.5758
13.12800 1550.31 39.1031
13.13100 1639.89 40.893
13.13400 1756.38 41.8121
13.13700 1907.52 44.1942
13.14000 2102.6 46.2745
13.14300 2352.51 46.9841
13.14600 2669.51 51.7088
13.14900 3066.86 53.6056
13.15200 3558.29 58.4206
13.15500 4157.08 63.6285
13.15800 4875 68.8428
13.16100 5721.13 75.3778
13.16400 6700.53 83.3333
13.16700 7812.97 90.9091
13.17000 9051.9 99.5037
13.17300 10403.7 109.764
13.17600 11847.3 123.091
13.17900 13354.5 130.189
13.18200 14890.4 140.028
13.18500 16413.1 145.865
13.18800 17874.2 150.756
13.19100 19220.6 158.114
13.19400 20395.8 160.128
13.19700 21344.3 158.114
13.20000 22015.7 162.221
13.20300 22371 164.399
13.20600 22387.9 162.221
13.20900 22064.8 162.221
13.21200 21420.9 164.399
13.21500 20492.8 162.221
13.21800 19330.1 158.114
13.22100 17988.6 158.114
13.22400 16526.1 152.499
13.22700 14998.1 145.865
13.23000 13455.3 134.84
13.23300 11942.2 123.091
13.23600 10495.4 113.228
13.23900 9143.84 99.5037
13.24200 7907.85 89.4427
13.24500 6800.08 80.5823
13.24800 5826.04 72.1688
13.25100 4985.07 67.2673
13.25400 4271.68 61.7802
13.25700 3676.73 57.073
13.26000 3188.79 53.0745
13.26300 2795.27 49.8755
13.26600 2483.35 47.5114
13.26900 2240.78 44.6322
13.27200 2056.39 44.0225
13.27500 1920.41 42.4094
13.27800 1824.6 40.757
13.28100 1762.26 40.6894
13.28400 1728.08 39.841
13.28700 1717.98 39.4669
13.29000 1728.84 40
13.29300 1758.24 40.2911
13.29600 1804.19 40.032
13.29900 1864.93 39.9043
13.30200 1938.66 40.9616
13.30500 2023.42 41.8854
13.30800 2116.9 42.4476
13.31100 2216.45 43.073
13.31400 2318.96 45.0835
13.31700 2420.92 45.6912
13.32000 2518.47 46.2745
13.32300 2607.52 47.1405
13.32600 2683.89 48.737
13.32900 2743.63 47.4579
13.33200 2783.29 49.7519
13.33500 2800.32 49.3264
13.33800 2793.46 49.029
13.34100 2762.84 48.8532
13.34400 2710.05 49.029
13.34700 2637.82 48.5643
13.35000 2549.69 47.5651
13.35300 2449.54 46.3241
13.35600 2341.34 47.1929
13.35900 2228.79 44.8111
13.36200 2115.21 43.0331
13.36500 2003.4 43.1934
13.36800 1895.61 40.6558
13.37100 1793.49 40.2259
13.37400 1698.14 39.5594
13.37700 1610.23 37.9869
13.38000 1530.07 37.4766
13.38300 1457.77 36.7359
13.38600 1393.28 35.5784
13.38900 1336.46 35.2454
13.39200 1287.06 34.1593
13.39500 1244.81 34.0997
13.39800 1209.45 33.0771
13.40100 1180.88 32.8266
13.40400 1159.24 33.2964
13.40700 1144.93 32.6338
13.41000 1138.56 32.2413
13.41300 1140.62 31.8304
13.41600 1151.05 32.4443
13.41900 1168.65 32.9332
13.42200 1190.69 33.7869
13.42500 1212.81 34.0404
13.42800 1229.44 33.0229
13.43100 1235.14 33.2779
13.43400 1226.88 33.6146
13.43700 1205.7 32.987
13.44000 1176.02 32.1246
13.44300 1143.22 32.9154
13.44600 1111.84 32.8443
13.44900 1084.83 31.5754
13.45200 1063.46 30.7583
13.45500 1047.63 31.3882
13.45800 1036.43 30.5281
13.46100 1028.63 31.1437
13.46400 1023.09 30.5995
13.46700 1018.97 29.9208
13.47000 1015.68 30.0965
13.47300 1012.88 30.1511
13.47600 1010.41 29.7351
13.47900 1008.17 30.1786
13.48200 1006.11 29.9476
13.48500 1004.2 30.5709
13.48800 1002.44 30.317
13.49100 1000.81 30.429
13.49400 999.299 30.846
13.49700 997.908 30.015
13.50000 996.634 29.5656
13.50300 995.485 30.4431
13.50600 994.475 30.317
13.50900 993.633 29.5527
13.51200 993.004 29.4884
13.51500 992.653 29.5012
13.51800 992.674 29.8142
13.52100 993.19 30.0285
13.52400 994.355 29.5786
13.52700 996.355 29.9074
13.53000 999.397 30.4009
13.53300 1003.7 29.801
13.53600 1009.45 29.6304
13.53900 1016.83 29.5527
13.54200 1025.89 30.6426
13.54500 1036.62 29.988
13.54800 1048.83 30.6282
13.55100 1062.18 30.7583
13.55400 1076.15 30.9641
13.55700 1090.05 30.8754
13.56000 1103.05 31.3882
13.56300 1114.22 31.2043
13.56600 1122.62 31.25
13.56900 1127.43 31.2959
13.57200 1128.11 32.0421
13.57500 1124.49 31.6228
13.57800 1116.91 31.2043
13.58100 1106.03 31.0835
13.58400 1092.75 31.9601
13.58700 1078.05 30.6714
13.59000 1062.83 31.5127
13.59300 1047.92 29.7088
13.59600 1033.98 30.7148
13.59900 1021.51 30.0285
13.60200 1010.85 28.4325
13.60500 1002.15 29.6435
13.60800 995.464 29.0007
13.61100 990.704 29.4245
13.61400 987.707 30.0828
13.61700 986.247 29.2478
13.62000 986.054 29.3484
13.62300 986.83 29.7614
13.62600 988.26 29.5269
13.62900 990.02 29.1979
13.63200 991.783 30.303
13.63500 993.236 29.8674
13.63800 994.094 30.0015
13.64100 994.136 30.2891
13.64400 993.239 29.8408
13.64700 991.398 30.3449
13.65000 988.717 29.8275
13.65300 985.382 30.0557
13.65600 981.613 30.429
13.65900 977.629 29.8408
13.66200 973.632 30.2061
13.66500 969.785 30.4009
13.66800 966.211 29.3231
13.67100 962.996 29.2979
13.67400 960.181 29.7482
13.67700 957.769 29.3737
13.68000 955.739 30.0285
13.68300 954.05 29.1854
13.68600 952.653 29.8408
13.68900 951.493 29.3991
13.69200 950.462 29.0374
13.69500 949.365 29.2103
13.69800 948.162 29.2228
13.70100 947.521 29.361
13.70400 946.935 29.6826
13.70700 946.388 28.6888
13.71000 945.87 29.4628
13.71300 945.371 29.4628
13.71600 944.888 29.8941
13.71900 944.417 28.6065
13.72200 943.956 29.0129
13.72500 943.502 28.9278
13.72800 943.056 28.6652
13.73100 942.617 29.8408
13.73400 942.183 29.0742
13.73700 941.755 28.8435
13.74000 941.332 29.5786
13.74300 940.914 28.4901
13.74600 940.5 29.0129
13.74900 940.091 29.0496
13.75200 939.686 28.7956
13.75500 939.285 28.8795
13.75800 938.888 28.3296
13.76100 938.495 28.9642
13.76400 938.105 28.3981
13.76700 937.718 28.467
13.77000 937.335 28.467
13.77300 936.955 29.6957
13.77600 936.578 28.183
13.77900 936.203 28.4786
13.78200 935.832 28.5714
13.78500 935.464 29.6174
13.78800 935.098 28.444
13.79100 934.735 29.2228
13.79400 934.375 29.2728
13.79700 934.017 29.4884
13.80000 933.662 29.4372
13.80300 933.309 28.8076
13.80600 932.959 29.2478
13.80900 932.611 29.4884
13.81200 932.265 29.8807
13.81500 931.922 28.6065
13.81800 931.582 27.7457
13.82100 931.244 28.4095
13.82400 930.908 27.8856
13.82700 930.575 28.5481
13.83000 930.244 28.1606
13.83300 929.915 28.8435
13.83600 929.589 28.7718
13.83900 929.266 28.4901
13.84200 928.945 29.4118
13.84500 928.627 29.2728
13.84800 928.312 29.2728
13.85100 928 28.9278
13.85400 927.691 29.5656
13.85700 927.385 29.0129
13.86000 927.083 28.5598
13.86300 926.785 29.2603
13.86600 926.491 28.9521
13.86900 926.203 28.5017
13.87200 925.92 28.6652
13.87500 925.646 29.1111
13.87800 925.382 28.4555
13.88100 925.132 28.7006
13.88400 924.903 29.7746
13.88700 924.702 28.7718
13.89000 924.543 29.7614
13.89300 924.443 28.7837
13.89600 924.425 29.1979
13.89900 924.519 29.173
13.90200 924.764 28.3524
13.90500 925.205 28.1942
13.90800 925.892 28.5365
13.91100 926.879 28.1942
13.91400 928.218 28.7956
13.91700 929.952 29.0374
13.92000 932.108 30.429
13.92300 934.689 29.4372
13.92600 937.667 28.6065
13.92900 940.975 28.2054
13.93200 944.504 29.4756
13.93500 948.106 29.8142
13.93800 951.592 29.173
13.94100 954.745 30.0557
13.94400 957.331 29.2228
13.94700 959.124 29.0619
13.95000 959.941 29.7219
13.95300 959.674 30.2614
13.95600 958.321 30.7003
13.95900 955.983 29.8941
13.96200 952.842 30.3869
13.96500 949.123 28.4095
13.96800 945.061 26.8511
13.97100 940.873 27.2468
13.97400 936.75 27.7564
13.97700 932.844 28.0607
13.98000 929.264 28.7006
13.98300 926.079 28.2617
13.98600 923.32 27.929
13.98900 920.985 28.1718
13.99200 919.047 27.8423
13.99500 917.464 28.4786
13.99800 916.185 28.3183
14.00100 915.157 28.6182
14.00400 914.33 27.6924
14.00700 913.66 27.8639
14.01000 913.114 29.0007
14.01300 912.664 28.0828
14.01600 912.298 28.5249
14.01900 912.009 28.7956
14.02200 911.803 28.7006
14.02500 911.694 29.0007
14.02800 911.705 28.273
14.03100 911.863 28.6299
14.03400 912.192 29.0007
14.03700 912.709 27.8423
14.04000 913.419 28.8076
14.04300 914.299 28.0717
14.04600 915.301 28.8555
14.04900 916.346 28.6652
14.05200 917.325 27.7457
14.05500 918.11 28.94
14.05800 918.569 28.1718
14.06100 918.594 28.3638
14.06400 918.135 28.444
14.06700 917.218 28.677
14.07000 915.938 27.8639
14.07300 914.424 28.5249
14.07600 912.808 28.9764
14.07900 911.203 28.3981
14.08200 909.699 28.3524
14.08500 908.353 29.2478
14.08800 907.192 27.6501
14.09100 906.219 28.3524
14.09400 905.418 28.2956
14.09700 904.763 28.0607
14.10000 904.223 28.1718
14.10300 903.769 28.6417
14.10600 903.377 28.7718
14.10900 903.026 28.5598
14.11200 902.703 28.2617
14.11500 902.397 28.94
14.11800 902.103 28.3866
14.12100 901.816 27.8315
14.12400 901.533 28.3866
14.12700 901.254 27.8747
14.13000 900.977 28.6888
14.13300 900.703 28.1272
14.13600 900.43 28.444
14.13900 900.159 28.0276
14.14200 899.89 28.9278
14.14500 899.621 28.7599
14.14800 899.354 28.8435
14.15100 899.088 28.0496
14.15400 898.822 27.8856
14.15700 898.556 27.8315
14.16000 898.294 27.2266
14.16300 898.032 28.4786
14.16600 897.77 28.1272
14.16900 897.51 27.5974
14.17200 897.25 27.7457
14.17500 896.992 28.5017
14.17800 896.734 28.2054
14.18100 896.476 27.4514
14.18400 896.22 28.2956
14.18700 895.963 27.5659
14.19000 895.707 28.4555
14.19300 895.451 27.8207
14.19600 895.198 27.4411
14.19900 894.944 28.0717
14.20200 894.692 28.5133
14.20500 894.44 28.0717
14.20800 894.189 28.1495
14.21100 893.938 27.8423
14.21400 893.688 27.9618
14.21700 893.438 27.5033
14.22000 893.189 28.5017
14.22300 892.941 29.0496
14.22600 892.694 28.1272
14.22900 892.447 27.7564
14.23200 892.202 27.7992
14.23500 891.957 28.4555
14.23800 891.713 27.4929
14.24100 891.47 27.8315
14.24400 891.228 28.3638
14.24700 890.988 27.4618
14.25000 890.749 28.421
14.25300 890.511 27.5033
14.25600 890.276 28.2843
14.25900 890.043 27.0765
14.26200 889.812 27.8207
14.26500 889.585 27.7778
14.26800 889.362 27.9618
14.27100 889.143 28.5365
14.27400 888.93 27.5764
14.27700 888.723 28.5133
14.28000 888.523 27.3383
14.28300 888.331 28.5948
14.28600 888.148 29.1854
14.28900 887.975 27.7457
14.29200 887.813 27.5974
14.29500 887.662 27.7564
14.29800 887.522 27.6924
14.30100 887.394 28.3069
14.30400 887.278 27.9727
14.30700 887.172 27.8747
14.31000 887.076 27.4307
14.31300 886.987 27.8639
14.31600 886.904 28.1606
14.31900 886.824 27.9837
14.32200 886.745 27.7992
14.32500 886.662 27.6289
14.32800 886.572 27.4101
14.33100 886.468 27.6818
14.33400 886.347 27.5345
14.33700 886.216 27.5659
14.34000 886.064 27.81
14.34300 885.89 27.6184
14.34600 885.693 27.5764
14.34900 885.474 27.3383
14.35200 885.235 28.3981
14.35500 884.98 29.0374
14.35800 884.713 27.5241
14.36100 884.442 28.6888
14.36400 884.173 27.1964
14.36700 883.916 28.1495
14.37000 883.684 27.8639
14.37300 883.491 27.929
14.37600 883.355 27.2874
14.37900 883.301 27.6606
14.38200 883.359 27.7778
14.38500 883.565 27.8856
14.38800 883.964 27.4721
14.39100 884.608 27.3383
14.39400 885.555 27.1964
14.39700 886.867 27.1763
14.40000 888.608 27.4514
14.40300 890.835 27.8207
14.40600 893.595 27.8531
14.40900 896.914 27.7457
14.41200 900.792 27.0369
14.41500 905.197 28.444
14.41800 910.052 27.1964
14.42100 915.24 27.6079
14.42400 920.596 27.8747
14.42700 925.916 27.7885
14.43000 930.958 27.6712
14.43300 935.454 28.0939
14.43600 939.128 27.9727
14.43900 941.723 28.105
14.44200 943.03 28.1942
14.44500 942.931 27.9727
14.44800 941.418 27.8639
14.45100 938.597 28.2279
14.45400 934.669 28.2054
14.45700 929.888 27.545
14.46000 924.531 28.1718
14.46300 918.868 28.2166
14.46600 913.148 27.5554
14.46900 907.584 27.1763
14.47200 902.351 27.2976
14.47500 897.579 28.0166
14.47800 893.357 27.7671
14.48100 889.738 27.8639
14.48400 886.741 27.6501
14.48700 884.367 28.0828
14.49000 882.597 27.4825
14.49300 881.414 27.1263
14.49600 880.804 27.3793
14.49900 880.774 27.6818
14.50200 881.373 27.5764
14.50500 882.695 27.81
14.50800 884.887 28.421
14.51100 888.224 28.677
14.51400 893.056 28.8916
14.51700 899.794 27.6184
14.52000 908.829 28.2504
14.52300 920.413 29.3484
14.52600 934.503 28.9642
14.52900 950.615 29.2854
14.53200 967.722 29.0988
14.53500 984.251 29.9611
14.53800 998.183 29.1854
14.54100 1007.33 30.1923
14.54400 1009.88 30.6858
14.54700 1005.1 29.3864
14.55000 993.71 29.7614
14.55300 977.624 29.2603
14.55600 959.164 29.2228
14.55900 940.472 28.3183
14.56200 923.196 28.421
14.56500 908.381 28.8795
14.56800 896.486 28.444
14.57100 887.488 27.0172
14.57400 881.049 28.677
14.57700 876.672 28.1606
14.58000 873.844 27.2367
14.58300 872.123 27.5033
14.58600 871.169 27.3588
14.58900 870.748 27.6184
14.59200 870.712 27.2166
14.59500 870.972 27.7885
14.59800 871.477 27.4825
14.60100 872.191 28.0166
14.60400 873.085 27.735
14.60700 874.127 27.2266
14.61000 875.279 27.735
14.61300 876.496 27.4204
14.61600 877.73 28.2166
14.61900 878.933 26.9876
14.62200 880.064 26.9975
14.62500 881.099 27.0765
14.62800 882.039 27.3281
14.63100 882.922 28.2054
14.63400 883.828 27.8639
14.63700 884.864 27.1463
14.64000 886.151 27.4721
14.64300 887.796 27.2671
14.64600 889.867 27.9727
14.64900 892.371 27.0765
14.65200 895.243 27.6079
14.65500 898.337 27.545
14.65800 901.436 27.8964
14.66100 904.259 27.8531
14.66400 906.497 27.9837
14.66700 907.866 27.2976
14.67000 908.168 28.0607
14.67300 907.358 28.0607
14.67600 905.546 27.2772
14.67900 902.963 27.4721
14.68200 899.89 28.6417
14.68500 896.604 27.7031
14.68800 893.347 27.1563
14.69100 890.302 27.9399
14.69400 887.594 27.2671
14.69700 885.284 27.0666
14.70000 883.381 27.6395
14.70300 881.855 27.6501
14.70600 880.653 28.3183
14.70900 879.713 27.3998
14.71200 878.975 27.4929
14.71500 878.394 27.5554
14.71800 877.936 26.8124
14.72100 877.584 27.3896
14.72400 877.331 28.105
14.72700 877.177 27.2065
14.73000 877.127 27.0369
14.73300 877.184 27.6924
14.73600 877.349 27.1663
14.73900 877.616 27.2468
14.74200 877.972 27.7137
14.74500 878.396 27.0567
14.74800 878.86 27.0172
14.75100 879.33 28.0496
14.75400 879.764 27.8531
14.75700 880.117 26.8996
14.76000 880.344 27.8747
14.76300 880.402 27.2874
14.76600 880.255 27.3793
14.76900 879.88 27.6606
14.77200 879.266 27.2266
14.77500 878.419 27.369
14.77800 877.358 27.027
14.78100 876.114 26.9975
14.78400 874.726 26.7261
14.78700 873.24 27.6712
14.79000 871.701 27.7137
14.79300 870.158 26.9582
14.79600 868.66 27.0567
14.79900 867.256 27.3896
14.80200 865.997 27.5241
14.80500 864.93 26.5186
14.80800 864.128 26.3706
14.81100 863.694 26.7644
14.81400 863.7 27.5869
14.81700 864.257 26.9778
14.82000 865.5 26.968
14.82300 867.59 27.4825
14.82600 870.71 26.8802
14.82900 875.061 26.8221
14.83200 880.854 27.6712
14.83500 888.296 27.3998
14.83800 897.564 27.6079
14.84100 908.788 26.9582
14.84400 922.019 27.8531
14.84700 937.203 28.3069
14.85000 954.16 28.6299
14.85300 972.563 28.7242
14.85600 991.934 28.2391
14.85900 1011.64 28.3524
14.86200 1030.91 29.3991
14.86500 1048.85 29.5398
14.86800 1064.53 29.8674
14.87100 1076.97 30.5139
14.87400 1085.35 30.2752
14.87700 1089.03 29.6695
14.88000 1087.74 30.2337
14.88300 1081.62 30.2475
14.88600 1071.19 30.0965
14.88900 1057.25 28.8076
14.89200 1040.76 30.5281
14.89500 1022.74 30.4009
14.89800 1004.17 29.6174
14.90100 985.94 29.173
14.90400 968.83 28.8435
14.90700 953.466 29.1358
14.91000 940.331 27.5033
14.91300 929.754 27.5974
14.91600 921.923 28.2166
14.91900 916.895 28.2054
14.92200 914.619 27.8639
14.92500 914.957 27.7671
14.92800 917.704 27.8639
14.93100 922.61 28.7242
14.93400 929.406 28.6065
14.93700 937.815 27.0666
14.94000 947.574 28.0386
14.94300 958.443 28.0717
14.94600 970.222 28.8916
14.94900 982.76 28.8555
14.95200 995.978 28.8795
14.95500 1009.88 29.5141
14.95800 1024.56 30.0557
14.96100 1040.18 29.9476
14.96400 1056.9 31.1437
14.96700 1074.78 30.7293
14.97000 1093.76 31.5912
14.97300 1113.53 32.3762
14.97600 1133.54 32.3254
14.97900 1153.01 32.969
14.98200 1170.95 33.389
14.98500 1186.18 34.3401
14.98800 1197.52 32.7561
14.99100 1203.87 34.1394
14.99400 1204.43 34.4828
14.99700 1198.96 33.7484
15.00000 1187.67 33.9032
15.00300 1171.37 34.2594
15.00600 1151.18 33.389
15.00900 1128.41 33.6336
15.01200 1104.34 33.4263
15.01500 1080.08 32.8089
15.01800 1056.49 31.8788
15.02100 1034.17 30.846
15.02400 1013.42 29.7878
15.02700 994.281 28.8795
15.03000 976.657 30.2891
15.03300 960.414 28.6299
15.03600 945.533 28.1942
15.03900 932.149 28.4786
15.04200 920.507 27.2772
15.04500 910.874 28.7718
15.04800 903.488 28.4095
15.05100 898.526 28.4555
15.05400 896.1 28.7361
15.05700 896.254 27.5241
15.06000 898.976 28.2166
15.06300 904.205 27.9182
15.06600 911.847 27.4307
15.06900 921.789 28.0496
15.07200 933.899 28.8435
15.07500 948.037 28.7124
15.07800 964.038 28.7599
15.08100 981.713 29.5141
15.08400 1000.83 29.1979
15.08700 1021.12 29.5527
15.09000 1042.24 29.8674
15.09300 1063.8 29.4628
15.09600 1085.34 29.7219
15.09900 1106.34 30.1238
15.10200 1126.24 31.1286
15.10500 1144.44 30.846
15.10800 1160.31 30.6282
15.11100 1173.25 31.3266
15.11400 1182.71 31.1891
15.11700 1188.25 31.0835
15.12000 1189.59 30.9492
15.12300 1186.62 30.6714
15.12600 1179.46 31.2653
15.12900 1168.43 31.4347
15.13200 1153.99 31.5127
15.13500 1136.71 31.4814
15.13800 1117.22 30.8901
15.14100 1096.17 30.4431
15.14400 1074.16 29.9611
15.14700 1051.77 29.2854
15.15000 1029.51 30.1374
15.15300 1007.81 28.8795
15.15600 987.055 29.1979
15.15900 967.529 27.9946
15.16200 949.453 28.7837
15.16500 932.976 28.4555
15.16800 918.181 27.369
15.17100 905.095 27.4825
15.17400 893.696 27.5137
15.17700 883.924 26.8705
15.18000 875.685 27.545
15.18300 868.866 27.0369
15.18600 863.338 26.3249
15.18900 858.965 26.9093
15.19200 855.61 27.3896
15.19500 853.138 26.8996
15.19800 851.421 26.5747
15.20100 850.341 27.4929
15.20400 849.788 26.3615
15.20700 849.663 26.7357
15.21000 849.877 26.6029
15.21300 850.349 27.2976
15.21600 851.012 27.3077
15.21900 851.804 26.6975
15.22200 852.676 27.5137
15.22500 853.585 26.6785
15.22800 854.495 25.599
15.23100 855.376 26.1712
15.23400 856.204 27.3383
15.23700 856.952 26.8414
15.24000 857.596 26.9582
15.24300 858.109 26.8996
15.24600 858.464 26.2251
15.24900 858.633 26.7452
15.25200 858.588 27.3793
15.25500 858.304 26.7644
15.25800 857.761 26.334
15.26100 856.948 26.4535
15.26400 855.864 27.1263
15.26700 854.519 26.7644
15.27000 852.931 26.3706
15.27300 851.132 26.334
15.27600 849.157 27.2468
15.27900 847.044 27.2468
15.28200 844.835 26.2432
15.28500 842.569 26.7932
15.28800 840.285 26.2522
15.29100 838.016 26.8899
15.29400 835.794 26.0909
15.29700 833.646 25.985
15.30000 831.593 26.4535
15.30300 829.654 27.0172
15.30600 827.842 26.5279
15.30900 826.164 26.4351
15.31200 824.625 26.1981
15.31500 823.227 26.7836
15.31800 821.966 25.7599
15.32100 820.838 26.7261
15.32400 819.833 25.4576
15.32700 818.944 26.7071
15.33000 818.161 26.6217
15.33300 817.472 26.4628
15.33600 816.866 26.774
15.33900 816.333 26.6596
15.34200 815.862 26.4074
15.34500 815.444 26.0466
15.34800 815.068 26.3067
15.35100 814.726 26.669
15.35400 814.41 26.5466
15.35700 814.113 26.2432
15.36000 813.829 26.4074
15.36300 813.554 26.2432
15.36600 813.285 26.4628
15.36900 813.02 26.0113
15.37200 812.757 26.3798
15.37500 812.498 26.0466
15.37800 812.242 25.8977
15.38100 811.99 25.9325
15.38400 811.742 26.7644
15.38700 811.5 26.4166
15.39000 811.263 26.1981
15.39300 811.032 25.95
15.39600 810.806 26.3067
15.39900 810.586 25.9762
15.40200 810.372 26.0998
15.40500 810.162 27.2367
15.40800 809.958 25.9238
15.41100 809.758 26.2794
15.41400 809.562 26.8899
15.41700 809.372 26.082
15.42000 809.187 26.2432
15.42300 809.008 25.8027
15.42600 808.836 25.5571
15.42900 808.673 26.2522
15.43200 808.521 25.9325
15.43500 808.382 26.7452
15.43800 808.258 25.6748
15.44100 808.153 25.7428
15.44400 808.069 26.688
15.44700 808.011 26.2432
15.45000 807.979 26.4906
15.45300 807.978 25.6664
15.45600 808.008 26.2161
15.45900 808.072 25.777
15.46200 808.166 26.4258
15.46500 808.287 26.7261
15.46800 808.432 25.6074
15.47100 808.595 25.9325
15.47400 808.768 26.6312
15.47700 808.941 25.8457
15.48000 809.105 26.7071
15.48300 809.249 26.0025
15.48600 809.362 26.5747
15.48900 809.434 26.7357
15.49200 809.462 26.8705
15.49500 809.442 26.6785
15.49800 809.381 25.7343
15.50100 809.286 26.2071
15.50400 809.174 26.3067
15.50700 809.063 25.4576
15.51000 808.972 25.3266
15.51300 808.921 26.3982
15.51600 808.93 26.3158
15.51900 809.014 25.9325
15.52200 809.188 26.9778
15.52500 809.462 26.4258
15.52800 809.843 25.9675
15.53100 810.332 26.4258
15.53400 810.928 26.669
15.53700 811.622 25.7855
15.54000 812.404 26.5747
15.54300 813.259 26.2613
15.54600 814.168 25.8027
15.54900 815.11 27.257
15.55200 816.065 25.9325
15.55500 817.012 26.7071
15.55800 817.936 26.1265
15.56100 818.832 25.7002
15.56400 819.706 26.7071
15.56700 820.585 26.6029
15.57000 821.513 26.082
15.57300 822.559 26.8028
15.57600 823.804 26.9289
15.57900 825.334 26.2071
15.58200 827.216 26.1712
15.58500 829.471 26.5747
15.58800 832.055 26.6975
15.59100 834.837 27.4307
15.59400 837.59 26.6123
15.59700 840 26.0555
15.60000 841.694 26.6975
15.60300 842.298 26.5372
15.60600 841.536 26.5093
15.60900 839.335 26.7836
15.61200 835.868 25.777
15.61500 831.489 27.1463
15.61800 826.619 26.3158
15.62100 821.658 26.8996
15.62400 816.931 26.3706
15.62700 812.672 26.3432
15.63000 809.011 26.6501
15.63300 805.993 26.2161
15.63600 803.593 25.9151
15.63900 801.73 26.5279
15.64200 800.315 26.3067
15.64500 799.247 26.2976
15.64800 798.435 26.5093
15.65100 797.809 26.6312
15.65400 797.316 25.9675
15.65700 796.916 26.6123
15.66000 796.581 27.0369
15.66300 796.295 26.1265
15.66600 796.047 26.389
15.66900 795.829 25.2942
15.67200 795.637 26.334
15.67500 795.469 25.4741
15.67800 795.324 25.7941
15.68100 795.203 25.889
15.68400 795.108 26.6217
15.68700 795.042 25.3918
15.69000 795.008 26.5279
15.69300 795.013 25.5155
15.69600 795.061 26.4721
15.69900 795.16 25.9762
15.70200 795.32 26.2432
15.70500 795.548 26.6596
15.70800 795.855 26.0909
15.71100 796.251 26.4351
15.71400 796.748 25.8803
15.71700 797.356 26.1981
15.72000 798.086 25.8457
15.72300 798.947 25.5822
15.72600 799.946 26.5466
15.72900 801.089 26.2885
15.73200 802.379 26.2613
15.73500 803.815 26.8317
15.73800 805.392 26.5935
15.74100 807.102 26.8608
15.74400 808.929 26.688
15.74700 810.856 26.1087
15.75000 812.858 26.3432
15.75300 814.905 26.3067
15.75600 816.963 26.8511
15.75900 818.994 26.2794
15.76200 820.955 26.6123
15.76500 822.8 27.8964
15.76800 824.483 26.7071
15.77100 825.955 26.669
15.77400 827.171 27.9618
15.77700 828.089 27.1763
15.78000 828.674 26.7644
15.78300 828.903 26.3158
15.78600 828.762 27.6818
15.78900 828.252 26.7548
15.79200 827.388 27.0765
15.79500 826.196 26.4351
15.79800 824.713 26.5279
15.80100 822.981 27.4929
15.80400 821.048 27.257
15.80700 818.964 27.2065
15.81000 816.777 27.3998
15.81300 814.538 26.1981
15.81600 812.292 26.2703
15.81900 810.085 26.7357
15.82200 807.957 27.1964
15.82500 805.949 26.4443
15.82800 804.098 26.6975
15.83100 802.438 25.7428
15.83400 801.002 27.3281
15.83700 799.824 25.7941
15.84000 798.935 27.0369
15.84300 798.365 26.2342
15.84600 798.143 26.8028
15.84900 798.296 27.4929
15.85200 798.847 26.8124
15.85500 799.814 26.6123
15.85800 801.207 26.688
15.86100 803.026 27.1263
15.86400 805.257 27.6395
15.86700 807.873 26.4721
15.87000 810.828 26.9093
15.87300 814.057 26.3706
15.87600 817.478 26.7836
15.87900 820.99 26.6596
15.88200 824.477 27.257
15.88500 827.811 27.5033
15.88800 830.854 27.3485
15.89100 833.468 27.1463
15.89400 835.525 27.3485
15.89700 836.917 26.2071
15.90000 837.57 27.1563
15.90300 837.453 27.6184
15.90600 836.587 27.4307
15.90900 835.032 27.3179
15.91200 832.88 26.1891
15.91500 830.238 26.7071
15.91800 827.215 26.4814
15.92100 823.914 27.81
15.92400 820.423 27.7992
15.92700 816.806 26.3432
15.93000 813.136 27.0864
15.93300 809.482 26.8705
15.93600 805.913 27.0369
15.93900 802.504 26.7932
15.94200 799.321 26.9289
15.94500 796.417 26.9289
15.94800 793.825 27.0765
15.95100 791.563 27.3998
15.95400 789.629 27.0468
15.95700 788.009 25.3266
15.96000 786.677 26.4814
15.96300 785.599 26.6596
15.96600 784.74 25.7599
15.96900 784.062 26.4443
15.97200 783.53 26.774
15.97500 783.113 26.334
15.97800 782.785 25.9238
15.98100 782.525 27.1163
15.98400 782.315 26.4721
15.98700 782.144 26.4906
15.99000 782.003 26.5186
15.99300 781.884 26.4535
15.99600 781.783 25.7513
15.99900 781.697 26.0113
16.00200 781.624 27.3588
16.00500 781.562 26.9484
16.00800 781.512 26.968
16.01100 781.472 26.5372
16.01400 781.442 25.9064
16.01700 781.423 26.4535
16.02000 781.414 27.5345
16.02300 781.416 27.1964
16.02600 781.429 27.027
16.02900 781.454 26.8221
16.03200 781.491 26.7071
16.03500 781.542 26.3706
16.03800 781.606 26.6785
16.04100 781.685 26.4351
16.04400 781.779 26.2703
16.04700 781.89 26.2432
16.05000 782.02 25.5488
16.05300 782.168 26.3982
16.05600 782.338 26.3982
16.05900 782.53 26.9386
16.06200 782.748 26.4166
16.06500 782.993 26.0909
16.06800 783.268 26.6975
16.07100 783.578 26.556
16.07400 783.926 26.8899
16.07700 784.319 27.3588
16.08000 784.765 26.1802
16.08300 785.275 26.6975
16.08600 785.866 26.6217
16.08900 786.56 25.9325
16.09200 787.389 26.7261
16.09500 788.398 26.6312
16.09800 789.65 26.6217
16.10100 791.231 26.2885
16.10400 793.259 26.8511
16.10700 795.893 26.3249
16.11000 799.337 26.7071
16.11300 803.858 27.1463
16.11600 809.783 26.4535
16.11900 817.514 27.2874
16.12200 827.526 26.669
16.12500 840.361 27.4929
16.12800 856.615 27.2874
16.13100 876.921 28.3524
16.13400 901.905 27.7778
16.13700 932.152 28.1161
16.14000 968.143 29.5398
16.14300 1010.2 29.6174
16.14600 1058.41 30.7875
16.14900 1112.57 31.5912
16.15200 1172.15 32.5645
16.15500 1236.22 33.8062
16.15800 1303.44 35.3553
16.16100 1372.1 36.4179
16.16400 1440.08 37.2419
16.16700 1504.96 38.6912
16.17000 1564.08 38.5758
16.17300 1614.67 38.4615
16.17600 1654.07 38.9545
16.17900 1679.96 37.7426
16.18200 1690.72 38.4331
16.18500 1685.62 39.0732
16.18800 1665.01 39.2232
16.19100 1630.23 38.6912
16.19400 1583.39 38.8368
16.19700 1527.07 38.5472
16.20000 1464.03 39.375
16.20300 1397 36.4905
16.20600 1328.5 36.3696
16.20900 1260.77 34.2997
16.21200 1195.7 33.4263
16.21500 1134.76 31.4503
16.21800 1079.05 30.8901
16.22100 1029.27 30.1101
16.22400 985.776 28.7718
16.22700 948.62 28.4555
16.23000 917.611 28.5249
16.23300 892.383 27.8423
16.23600 872.453 27.735
16.23900 857.276 27.0073
16.24200 846.29 26.3706
16.24500 838.946 27.0567
16.24800 834.73 26.8511
16.25100 833.17 27.0567
16.25400 833.84 27.6079
16.25700 836.351 26.6785
16.26000 840.347 26.556
16.26300 845.488 27.1864
16.26600 851.444 27.0172
16.26900 857.887 27.0964
16.27200 864.485 27.4204
16.27500 870.9 28.2054
16.27800 876.795 26.7644
16.28100 881.838 26.968
16.28400 885.721 27.7778
16.28700 888.189 26.9582
16.29000 889.058 27.1463
16.29300 888.25 27.2266
16.29600 885.795 27.7885
16.29900 881.831 26.8317
16.30200 876.574 26.4166
16.30500 870.293 27.4514
16.30800 863.28 27.5659
16.31100 855.825 26.688
16.31400 848.201 27.4514
16.31700 840.654 26.389
16.32000 833.399 26.4906
16.32300 826.621 26.556
16.32600 820.474 26.4166
16.32900 815.09 26.1622
16.33200 810.575 27.1663
16.33500 807.015 27.0864
16.33800 804.471 25.8457
16.34100 802.972 26.7261
16.34400 802.513 27.4204
16.34700 803.042 26.4628
16.35000 804.453 27.3588
16.35300 806.582 26.1802
16.35600 809.205 26.1891
16.35900 812.042 25.9938
16.36200 814.772 26.688
16.36500 817.061 26.6312
16.36800 818.608 26.2976
16.37100 819.21 27.4721
16.37400 818.81 27.257
16.37700 817.493 26.3982
16.38000 815.434 26.4258
16.38300 812.842 27.6289
16.38600 809.922 26.3067
16.38900 806.846 26.5279
16.39200 803.747 26.2071
16.39500 800.718 27.1463
16.39800 797.811 26.0998
16.40100 795.053 26.8802
16.40400 792.45 26.556
16.40700 790.003 26.029
16.41000 787.709 27.2367
16.41300 785.566 26.774
16.41600 783.578 26.6123
16.41900 781.749 26.8028
16.42200 780.087 27.027
16.42500 778.6 27.4929
16.42800 777.294 27.257
16.43100 776.175 26.4074
16.43400 775.246 26.4628
16.43700 774.509 26.4721
16.44000 773.962 26.1087
16.44300 773.601 26.1802
16.44600 773.422 25.9151
16.44900 773.415 26.4721
16.45200 773.569 25.7257
16.45500 773.873 26.4074
16.45800 774.311 25.5072
16.46100 774.865 25.8027
16.46400 775.517 24.9145
16.46700 776.247 25.9938
16.47000 777.032 26.0378
16.47300 777.851 27.0864
16.47600 778.679 26.0466
16.47900 779.493 26.1176
16.48200 780.272 26.4166
16.48500 780.992 26.1981
16.48800 781.635 25.7002
16.49100 782.186 26.1443
16.49400 782.634 26.2251
16.49700 782.974 26.5372
16.50000 783.21 26.1265
16.50300 783.351 26.8124
16.50600 783.416 25.9412
16.50900 783.434 25.5072
16.51200 783.436 25.95
16.51500 783.463 25.8027
16.51800 783.558 25.1577
16.52100 783.764 26.389
16.52400 784.128 26.6501
16.52700 784.693 26.0466
16.53000 785.497 26.7357
16.53300 786.573 25.9151
16.53600 787.945 26.5186
16.53900 789.626 25.6158
16.54200 791.617 26.5279
16.54500 793.902 26.2522
16.54800 796.452 26.4628
16.55100 799.218 26.5841
16.55400 802.139 26.6785
16.55700 805.135 27.0073
16.56000 808.113 26.5935
16.56300 810.97 26.7166
16.56600 813.591 25.863
16.56900 815.86 26.6975
16.57200 817.659 27.1463
16.57500 818.882 27.6818
16.57800 819.44 26.9191
16.58100 819.274 27.4721
16.58400 818.361 26.5653
16.58700 816.719 27.1663
16.59000 814.403 26.4351
16.59300 811.5 27.4204
16.59600 808.115 26.8899
16.59900 804.368 26.3615
16.60200 800.381 26.8317
16.60500 796.252 27.4204
16.60800 792.096 26.2161
16.61100 788.007 26.4258
16.61400 784.066 26.7261
16.61700 780.337 25.8803
16.62000 776.871 25.889
16.62300 773.702 25.6917
16.62600 770.853 26.2976
16.62900 768.335 26.0466
16.63200 766.15 25.8717
16.63500 764.298 26.968
16.63800 762.773 25.0864
16.64100 761.581 25.777
16.64400 760.742 25.7172
16.64700 760.289 25.7087
16.65000 760.275 24.7461
16.65300 760.772 26.0113
16.65600 761.859 26.2976
16.65900 763.608 25.95
16.66200 766.057 25.9325
16.66500 769.187 26.1712
16.66800 772.894 25.278
16.67100 776.974 26.0201
16.67400 781.116 26.7644
16.67700 784.915 26.0732
16.68000 787.909 25.8371
16.68300 789.654 26.0201
16.68600 789.84 26.5372
16.68900 788.404 25.863
16.69200 785.564 25.9762
16.69500 781.718 26.1891
16.69800 777.329 26.1176
16.70100 772.825 26.669
16.70400 768.549 25.8371
16.70700 764.739 26.5372
16.71000 761.526 26.3615
16.71300 758.946 25.0864
16.71600 756.961 25.4576
16.71900 755.49 25.7087
16.72200 754.429 24.7159
16.72500 753.679 25.9675
16.72800 753.148 24.961
16.73100 752.767 25.8544
16.73400 752.484 25.5739
16.73700 752.262 26.6975
16.74000 752.079 25.2056
16.74300 751.921 25.889
16.74600 751.779 25.7002
16.74900 751.649 25.4164
16.75200 751.527 25.4246
16.75500 751.412 26.0378
16.75800 751.303 25.4989
16.76100 751.198 25.8977
16.76400 751.099 25.6242
16.76700 751.003 25.4411
16.77000 750.912 25.2377
16.77300 750.825 25.7002
16.77600 750.741 24.9145
16.77900 750.661 25.1022
16.78200 750.585 25.8457
16.78500 750.512 25.8027
16.78800 750.444 25.5488
16.79100 750.38 25.889
16.79400 750.321 25.7428
16.79700 750.268 25.889
16.80000 750.221 25.7087
16.80300 750.182 25.7941
16.80600 750.153 26.1354
16.80900 750.135 25.7855
16.81200 750.131 25.7087
16.81500 750.143 25.0313
16.81800 750.176 26.4814
16.82100 750.234 25.7172
16.82400 750.323 25.0706
16.82700 750.45 26.0378
16.83000 750.62 26.0378
16.83300 750.843 26.0909
16.83600 751.129 26.688
16.83900 751.487 25.0156
16.84200 751.886 26.3432
16.84500 752.277 26.0909
16.84800 752.905 24.9455
16.85100 753.675 25.7257
16.85400 754.578 25.1339
16.85700 755.625 25.7941
16.86000 756.826 25.0156
16.86300 758.189 26.029
16.86600 759.718 25.9325
16.86900 761.413 25.1101
16.87200 763.273 25.9938
16.87500 765.288 26.389
16.87800 767.446 24.5293
16.88100 769.729 25.8803
16.88400 772.111 26.1802
16.88700 774.563 25.985
16.89000 777.05 25.4906
16.89300 779.53 26.1087
16.89600 781.958 26.4906
16.89900 784.286 25.9064
16.90200 786.461 25.9412
16.90500 788.432 26.4351
16.90800 790.146 25.9587
16.91100 791.556 26.3798
16.91400 792.619 25.985
16.91700 793.304 26.5279
16.92000 793.593 26.6501
16.92300 793.481 26.6312
16.92600 792.981 25.8457
16.92900 792.121 26.6501
16.93200 790.944 27.1063
16.93500 789.501 27.1864
16.93800 787.852 26.3798
16.94100 786.062 26.3615
16.94400 784.197 26.2794
16.94700 782.324 26.4999
16.95000 780.507 26.1981
16.95300 778.805 26.2885
16.95600 777.274 26.2522
16.95900 775.963 25.9325
16.96200 774.915 24.961
16.96500 774.164 25.7941
16.96800 773.739 25.4082
16.97100 773.65 26.029
16.97400 773.903 26.0025
16.97700 774.495 25.599
16.98000 775.414 25.641
16.98300 776.636 25.4906
16.98600 778.127 26.3067
16.98900 779.845 25.7087
16.99200 781.742 26.4166
16.99500 783.759 26.3067
16.99800 785.835 25.599
17.00100 787.903 25.7428
17.00400 789.892 26.7261
17.00700 791.73 25.3266
17.01000 793.348 26.2161
17.01300 794.678 25.9762
17.01600 795.662 26.9289
17.01900 796.251 26.688
17.02200 796.41 26.3432
17.02500 796.123 26.4906
17.02800 795.389 26.0201
17.03100 794.226 27.2671
17.03400 792.668 25.6917
17.03700 790.759 25.7599
17.04000 788.553 26.5841
17.04300 786.11 25.95
17.04600 783.488 26.6217
17.04900 780.75 26.3615
17.05200 777.952 26.774
17.05500 775.151 26.5093
17.05800 772.396 26.0643
17.06100 769.732 25.5655
17.06400 767.201 25.8717
17.06700 764.836 25.1259
17.07000 762.665 25.8113
17.07300 760.711 25.9412
17.07600 758.99 25.8457
17.07900 757.514 25.0313
17.08200 756.289 25.4164
17.08500 755.313 25.8027
17.08800 754.583 25.2619
17.09100 754.115 26.0732
17.09400 753.895 25.4824
17.09700 753.921 25.3266
17.10000 754.192 25.8803
17.10300 754.713 25.985
17.10600 755.492 25.7684
17.10900 756.539 25.6158
17.11200 757.874 25.9762
17.11500 759.514 25.1418
17.11800 761.479 25.5405
17.12100 763.782 26.1891
17.12400 766.426 26.4074
17.12700 769.4 26.3523
17.13000 772.672 26.7071
17.13300 776.183 26.334
17.13600 779.848 26.5186
17.13900 783.547 26.5841
17.14200 787.129 26.9093
17.14500 790.415 25.9938
17.14800 793.202 26.4074
17.15100 795.28 27.1463
17.15400 796.452 27.7992
17.15700 796.571 26.9778
17.16000 795.57 27.1063
17.16300 793.482 26.5466
17.16600 790.436 27.027
17.16900 786.629 26.2161
17.17200 782.293 27.0073
17.17500 777.662 26.8414
17.17800 772.955 25.863
17.18100 768.359 26.3798
17.18400 764.023 26.082
17.18700 760.059 26.0466
17.19000 756.536 25.4493
17.19300 753.487 26.0201
17.19600 750.913 25.5739
17.19900 748.79 25.4824
17.20200 747.079 25.3918
17.20500 745.737 26.8317
17.20800 744.677 24.9688
17.21100 743.862 25.2217
17.21400 743.24 25.0864
17.21700 742.767 25.5739
17.22000 742.407 25.1022
17.22300 742.13 25.2942
17.22600 741.913 25.5072
17.22900 741.74 24.9068
17.23200 741.6 26.0466
17.23500 741.483 25.5488
17.23800 741.385 24.8606
17.24100 741.304 25.7428
17.24400 741.24 24.4998
17.24700 741.196 25.6158
17.25000 741.177 25.1816
17.25300 741.19 24.1614
17.25600 741.248 25.4658
17.25900 741.365 25.0627
17.26200 741.557 25.3023
17.26500 741.843 25.5906
17.26800 742.238 25.2136
17.27100 742.754 25.9762
17.27400 743.395 25.641
17.27700 744.15 25.8285
17.28000 744.996 25.1339
17.28300 745.892 26.1533
17.28600 746.781 25.4411
17.28900 747.594 25.9587
17.29200 748.252 25.1816
17.29500 748.681 25.2942
17.29800 748.83 25.2942
17.30100 748.673 25.3104
17.30400 748.238 25.5155
17.30700 747.587 24.9922
17.31000 746.797 25.7257
17.31300 745.947 26.2703
17.31600 745.107 24.9844
17.31900 744.334 25.0706
17.32200 743.666 25.7343
17.32500 743.127 26.2251
17.32800 742.724 25.3347
17.33100 742.453 25.3592
17.33400 742.3 26.0113
17.33700 742.249 24.5885
17.34000 742.281 25.4411
17.34300 742.376 24.9068
17.34600 742.517 25.2377
17.34900 742.692 26.1891
17.35200 742.888 25.4493
17.35500 743.097 25.3185
17.35800 743.31 25.2942
17.36100 743.522 25.9675
17.36400 743.728 25.641
17.36700 743.923 24.7993
17.37000 744.105 25.6579
17.37300 744.27 24.3324
17.37600 744.416 24.7841
17.37900 744.542 25.7599
17.38200 744.648 25.8027
17.38500 744.735 25.6495
17.38800 744.806 24.5145
17.39100 744.863 25.641
17.39400 744.913 25.4989
17.39700 744.959 26.2161
17.40000 745.009 24.8913
17.40300 745.071 25
17.40600 745.152 25.1657
17.40900 745.263 25.1657
17.41200 745.414 26.0025
17.41500 745.617 25.4658
17.41800 745.885 26.3067
17.42100 746.235 25.8977
17.42400 746.683 25.889
17.42700 747.247 25.6495
17.43000 747.946 25.118
17.43300 748.802 25.5155
17.43600 749.833 24.5811
17.43900 751.058 24.9068
17.44200 752.492 25.4329
17.44500 754.145 25.4658
17.44800 756.021 25.2217
17.45100 758.112 26.4721
17.45400 760.402 25.9675
17.45700 762.861 25.8803
17.46000 765.446 26.3615
17.46300 768.104 25.8199
17.46600 770.766 25.047
17.46900 773.354 26.389
17.47200 775.784 25.2136
17.47500 777.962 26.4628
17.47800 779.798 26.3432
17.48100 781.203 26.4166
17.48400 782.106 25.4989
17.48700 782.457 26.0555
17.49000 782.236 26.8608
17.49300 781.458 26.1443
17.49600 780.169 25.8977
17.49900 778.442 27.1563
17.50200 776.37 26.3249
17.50500 774.056 25.9938
17.50800 771.606 25.3347
17.51100 769.125 25.7684
17.51400 766.712 25.7855
17.51700 764.455 25.4824
17.52000 762.432 25.5822
17.52300 760.706 26.389
17.52600 759.322 26.7548
17.52900 758.31 25.4576
17.53200 757.683 25.7513
17.53500 757.433 26.4906
17.53800 757.537 25.4824
17.54100 757.957 25.7513
17.54400 758.642 25.7513
17.54700 759.531 25.2942
17.55000 760.559 25.4
17.55300 761.665 26.7836
17.55600 762.802 25.6326
17.55900 763.945 25.3673
17.56200 765.113 25.6242
17.56500 766.381 26.2161
17.56800 767.89 26.2342
17.57100 769.849 25.8371
17.57400 772.517 25.0785
17.57700 776.16 26.7357
17.58000 780.994 27.1263
17.58300 787.116 26.6123
17.58600 794.44 27.1263
17.58900 802.644 26.5279
17.59200 811.157 27.5869
17.59500 819.179 26.8705
17.59800 825.747 26.8221
17.60100 829.906 27.1663
17.60400 830.97 27.2468
17.60700 828.799 27.2468
17.61000 823.857 27.0666
17.61300 817.015 27.3179
17.61600 809.25 26.3982
17.61900 801.441 26.9289
17.62200 794.259 26.8899
17.62500 788.126 26.9386
17.62800 783.227 25.8803
17.63100 779.534 26.8028
17.63400 776.874 26.1533
17.63700 774.992 25.7428
17.64000 773.615 25.9587
17.64300 772.502 25.5906
17.64600 771.467 25.777
17.64900 770.39 26.6312
17.65200 769.212 25.3023
17.65500 767.917 26.2522
17.65800 766.519 26.1265
17.66100 765.047 25.5321
17.66400 763.537 25.278
17.66700 762.017 25.6579
17.67000 760.511 25.7002
17.67300 759.032 26.8414
17.67600 757.585 26.8028
17.67900 756.167 26.2161
17.68200 754.77 25.2136
17.68500 753.386 26.0378
17.68800 752.014 26.3615
17.69100 750.656 25.8371
17.69400 749.325 25.7172
17.69700 748.038 25.6074
17.70000 746.813 24.8606
17.70300 745.67 25.4082
17.70600 744.625 25.8027
17.70900 743.695 24.9533
17.71200 742.891 26.4628
17.71500 742.225 25.4989
17.71800 741.703 25.3592
17.72100 741.331 25.278
17.72400 741.111 25.641
17.72700 741.045 25.5655
17.73000 741.129 25.0313
17.73300 741.363 25.4906
17.73600 741.741 24.7537
17.73900 742.257 25.0706
17.74200 742.905 25.7513
17.74500 743.675 24.7765
17.74800 744.554 25.0235
17.75100 745.53 25.7941
17.75400 746.584 25.5072
17.75700 747.696 25.2619
17.76000 748.841 25.3266
17.76300 749.992 24.7917
17.76600 751.119 25.8027
17.76900 752.189 25.3347
17.77200 753.167 25.1976
17.77500 754.019 25.7172
17.77800 754.712 26.2703
17.78100 755.216 25.6917
17.78400 755.509 25.5072
17.78700 755.577 25.599
17.79000 755.418 24.8375
17.79300 755.041 25.3104
17.79600 754.466 25.7513
17.79900 753.721 25.7172
17.80200 752.838 25.5321
17.80500 751.858 25.5655
17.80800 750.81 25.7257
17.81100 749.734 25.5906
17.81400 748.663 25.7172
17.81700 747.63 25.1816
17.82000 746.659 25.5072
17.82300 745.776 25.8803
17.82600 744.999 26.1443
17.82900 744.342 25.7513
17.83200 743.816 25.6579
17.83500 743.428 25.7599
17.83800 743.18 25.0235
17.84100 743.069 25.863
17.84400 743.094 25.2377
17.84700 743.247 25.0627
17.85000 743.521 25.7172
17.85300 743.906 25.5822
17.85600 744.388 25.3918
17.85900 744.956 25.95
17.86200 745.593 25.4989
17.86500 746.286 26.029
17.86800 747.018 26.5935
17.87100 747.772 26.5841
17.87400 748.532 25.4658
17.87700 749.282 24.9533
17.88000 750.009 25.3429
17.88300 750.695 26.0466
17.88600 751.328 25.2458
17.88900 751.891 25.5072
17.89200 752.368 26.0909
17.89500 752.742 25.7941
17.89800 752.997 25.4411
17.90100 753.118 26.6029
17.90400 753.092 25.0943
17.90700 752.913 25.4741
17.91000 752.58 25.7684
17.91300 752.1 25.5822
17.91600 751.485 26.6123
17.91900 750.756 25.5822
17.92200 749.934 26.1533
17.92500 749.046 26.3158
17.92800 748.116 26.2071
17.93100 747.169 25.889
17.93400 746.23 25.6833
17.93700 745.327 25.2458
17.94000 744.469 25.7343
17.94300 743.681 24.7689
17.94600 742.979 25.6495
17.94900 742.38 25.4906
17.95200 741.895 26.4258
17.95500 741.535 26.1533
17.95800 741.311 25.5822
17.96100 741.226 26.1891
17.96400 741.265 25.1418
17.96700 741.43 25.641
17.97000 741.709 25.0627
17.97300 742.084 25.4411
17.97600 742.533 25.8977
17.97900 743.025 25.8717
17.98200 743.529 25.7513
17.98500 744.008 25.1577
17.98800 744.429 25.5072
17.99100 744.76 26.0466
17.99400 744.98 26.0113
17.99700 745.083 25.2942
18.00000 745.076 25.8285
18.00300 744.981 25.3347
18.00600 744.829 26.0113
18.00900 744.652 25.2217
18.01200 744.482 25.6074
18.01500 744.347 25.1259
18.01800 744.269 26.2161
18.02100 744.265 26.1443
18.02400 744.342 26.0201
18.02700 744.504 25.5405
18.03000 744.75 25.8717
18.03300 745.067 25.4658
18.03600 745.441 26.4351
18.03900 745.86 25.863
18.04200 746.306 25.7684
18.04500 746.757 25.8371
18.04800 747.197 25.9938
18.05100 747.609 26.0998
18.05400 747.976 25.7855
18.05700 748.283 25.3266
18.06000 748.519 24.8299
18.06300 748.673 25.9412
18.06600 748.74 26.1622
18.06900 748.717 25.5488
18.07200 748.606 26.4351
18.07500 748.409 25.7002
18.07800 748.134 25.6242
18.08100 747.791 26.1443
18.08400 747.39 25.2136
18.08700 746.942 25.7002
18.09000 746.459 25.3347
18.09300 745.952 25.4576
18.09600 745.433 25.5739
18.09900 744.913 25.2942
18.10200 744.4 26.0201
18.10500 743.904 25.7343
18.10800 743.432 25.6158
18.11100 742.99 25.2699
18.11400 742.585 25.6833
18.11700 742.219 25.4493
18.12000 741.897 26.1354
18.12300 741.621 25.4906
18.12600 741.391 24.9222
18.12900 741.208 25.2942
18.13200 741.071 26.3158
18.13500 740.98 25.9151
18.13800 740.936 25.3266
18.14100 740.935 25.4329
18.14400 740.978 25.118
18.14700 741.063 25.0313
18.15000 741.19 25.1022
18.15300 741.361 25.4906
18.15600 741.578 25.1816
18.15900 741.844 25.047
18.16200 742.166 25.6664
18.16500 742.551 25.9938
18.16800 743.01 25.1577
18.17100 743.556 26.1981
18.17400 744.207 26.6975
18.17700 744.983 26.1354
18.18000 745.908 26.1265
18.18300 747.008 25.3104
18.18600 748.315 26.3982
18.18900 749.858 25.6074
18.19200 751.671 26.3982
18.19500 753.785 25.6326
18.19800 756.229 25.9325
18.20100 759.028 26.3067
18.20400 762.202 25.6158
18.20700 765.763 25.278
18.21000 769.713 26.1176
18.21300 774.042 26.2794
18.21600 778.729 26.5653
18.21900 783.737 26.0998
18.22200 789.014 26.1265
18.22500 794.495 26.7836
18.22800 800.097 26.0378
18.23100 805.727 26.9093
18.23400 811.276 26.556
18.23700 816.624 27.2166
18.24000 821.642 26.0025
18.24300 826.199 27.6712
18.24600 830.162 27.8639
18.24900 833.405 27.9399
18.25200 835.818 28.8315
18.25500 837.313 28.7124
18.25800 837.837 28.7837
18.26100 837.37 28.9886
18.26400 835.936 28.4325
18.26700 833.593 28.341
18.27000 830.431 28.2279
18.27300 826.565 27.7671
18.27600 822.12 27.8531
18.27900 817.231 27.8531
18.28200 812.032 27.2874
18.28500 806.649 27.1163
18.28800 801.204 27.0172
18.29100 795.806 27.1063
18.29400 790.549 28.0939
18.29700 785.518 26.6217
18.30000 780.778 26.8802
18.30300 776.385 26.8221
18.30600 772.379 26.968
18.30900 768.789 26.6029
18.31200 765.632 26.0732
18.31500 762.921 26.1622
18.31800 760.66 26.082
18.32100 758.85 25.889
18.32400 757.489 25.9325
18.32700 756.576 26.7932
18.33000 756.107 25.9325
18.33300 756.064 26.389
18.33600 756.436 26.3158
18.33900 757.195 26.2976
18.34200 758.301 25.9064
18.34500 759.698 26.7166
18.34800 761.307 26.5747
18.35100 763.032 26.6975
18.35400 764.76 26.3158
18.35700 766.362 26.5093
18.36000 767.702 26.2432
18.36300 768.65 26.5747
18.36600 769.1 25.5822
18.36900 768.991 26.4906
18.37200 768.321 26.6029
18.37500 767.149 25.6326
18.37800 765.579 26.1443
18.38100 763.734 26.7548
18.38400 761.74 25.9151
18.38700 759.713 25.8544
18.39000 757.75 25.889
18.39300 755.927 25.5906
18.39600 754.296 26.0201
18.39900 752.888 25.3592
18.40200 751.714 26.082
18.40500 750.767 25.5238
18.40800 750.03 25.1101
18.41100 749.481 26.3158
18.41400 749.093 24.7008
18.41700 748.842 25.5072
18.42000 748.709 26.4721
18.42300 748.678 25.6242
18.42600 748.743 25.7257
18.42900 748.907 25.0785
18.43200 749.182 25.3429
18.43500 749.589 25.3104
18.43800 750.161 25.3347
18.44100 750.937 25.6579
18.44400 751.965 25.3673
18.44700 753.294 25.777
18.45000 754.971 25.1339
18.45300 757.03 26.4721
18.45600 759.485 25.7428
18.45900 762.322 26.3067
18.46200 765.49 25.6917
18.46500 768.897 25.8977
18.46800 772.405 26.389
18.47100 775.84 26.1443
18.47400 778.992 25.8457
18.47700 781.637 25.9675
18.48000 783.556 26.0378
18.48300 784.583 26.5279
18.48600 784.641 26.3067
18.48900 783.765 26.4443
18.49200 782.095 25.8544
18.49500 779.836 25.5906
18.49800 777.217 25.6158
18.50100 774.46 25.7002
18.50400 771.756 26.7357
18.50700 769.262 26.4535
18.51000 767.093 25.1101
18.51300 765.32 25.1259
18.51600 763.98 25.8977
18.51900 763.078 25.3918
18.52200 762.599 25.889
18.52500 762.516 26.0909
18.52800 762.8 25.889
18.53100 763.426 27.0765
18.53400 764.382 25.9325
18.53700 765.667 26.2522
18.54000 767.298 26.7166
18.54300 769.307 26.9484
18.54600 771.742 26.3067
18.54900 774.66 25.6664
18.55200 778.132 25.8113
18.55500 782.23 26.7644
18.55800 787.03 26.6596
18.56100 792.6 26.4166
18.56400 798.997 26.8414
18.56700 806.26 26.8124
18.57000 814.401 27.2772
18.57300 823.406 26.7166
18.57600 833.225 28.2617
18.57900 843.772 27.9837
18.58200 854.933 27.9182
18.58500 866.563 28.6652
18.58800 878.5 28.4555
18.59100 890.58 28.7361
18.59400 902.652 29.5915
18.59700 914.606 30.7875
18.60000 926.407 30.3869
18.60300 938.138 30.7003
18.60600 950.047 31.0087
18.60900 962.588 31.4192
18.61200 976.45 31.4658
18.61500 992.56 31.544
18.61800 1012.05 31.3728
18.62100 1036.23 31.7821
18.62400 1066.52 32.2917
18.62700 1104.41 32.2749
18.63000 1151.37 32.3423
18.63300 1208.79 33.1862
18.63600 1277.9 33.2228
18.63900 1359.65 32.4272
18.64200 1454.66 34.9856
18.64500 1563.08 36.1787
18.64800 1684.53 35.5335
18.65100 1818.06 38.0693
18.65400 1962.08 38.8661
18.65700 2114.38 40.893
18.66000 2272.16 41.7029
18.66300 2432.13 43.1934
18.66600 2590.62 45.2216
18.66900 2743.59 46.6252
18.67200 2886.73 47.7818
18.67500 3015.5 50.637
18.67800 3125.34 50.0626
18.68100 3211.88 51.778
18.68400 3271.34 53.3002
18.68700 3300.9 54.965
18.69000 3299.05 53.4522
18.69300 3265.8 53.6056
18.69600 3202.69 52.8516
18.69900 3112.58 51.4344
18.70200 2999.32 50.8987
18.70500 2867.34 50.1255
18.70800 2721.35 47.2984
18.71100 2565.99 47.1929
18.71400 2405.7 44.2807
18.71700 2244.5 41.5227
18.72000 2085.95 40.2259
18.72300 1933.09 38.5758
18.72600 1788.36 37.0879
18.72900 1653.63 35.2454
18.73200 1530.18 34.5857
18.73500 1418.78 33.7676
18.73800 1319.7 32.2245
18.74100 1232.81 32.5472
18.74400 1157.61 31.497
18.74700 1093.38 31.0535
18.75000 1039.18 30.317
18.75300 993.978 29.2103
18.75600 956.701 29.7878
18.75900 926.271 28.6182
18.76200 901.658 29.2854
18.76500 881.906 29.2603
18.76800 866.155 28.421
18.77100 853.643 28.105
18.77400 843.719 28.1942
18.77700 835.833 27.7671
18.78000 829.537 27.6501
18.78300 824.472 27.929
18.78600 820.361 28.1383
18.78900 816.999 27.4618
18.79200 814.235 27.8747
18.79500 811.968 27.8639
18.79800 810.129 27.0765
18.80100 808.68 27.3896
18.80400 807.603 27.1763
18.80700 806.896 26.2161
18.81000 806.567 26.5466
18.81300 806.633 25.7002
18.81600 807.118 27.027
18.81900 808.047 26.5466
18.82200 809.448 26.5466
18.82500 811.348 26.4166
18.82800 813.771 25.7941
18.83100 816.737 27.2874
18.83400 820.26 26.4906
18.83700 824.347 26.5935
18.84000 828.992 26.4814
18.84300 834.178 26.2071
18.84600 839.872 27.8964
18.84900 846.023 26.2885
18.85200 852.559 27.4307
18.85500 859.386 27.7243
18.85800 866.39 27.2266
18.86100 873.433 27.8207
18.86400 880.356 28.105
18.86700 886.98 27.1463
18.87000 893.115 28.341
18.87300 898.56 28.8675
18.87600 903.116 27.735
18.87900 906.595 27.4411
18.88200 908.836 28.3183
18.88500 909.721 28.4325
18.88800 909.184 28.4901
18.89100 907.225 28.1161
18.89400 903.901 28.341
18.89700 899.327 27.4307
18.90000 893.658 28.9157
18.90300 887.076 28.421
18.90600 879.775 28.6299
18.90900 871.95 27.7243
18.91200 863.79 27.5764
18.91500 855.474 28.3183
18.91800 847.162 27.2065
18.92100 838.996 27.0864
18.92400 831.101 27.2976
18.92700 823.578 26.8124
18.93000 816.509 26.7836
18.93300 809.956 25.2377
18.93600 803.961 26.6029
18.93900 798.551 26.3706
18.94200 793.738 25.7343
18.94500 789.523 26.0998
18.94800 785.898 26.4351
18.95100 782.851 25.985
18.95400 780.366 25.9412
18.95700 778.429 26.082
18.96000 777.025 25.6495
18.96300 776.143 26.0998
18.96600 775.776 26.1622
18.96900 775.919 25.0078
18.97200 776.57 25.9412
18.97500 777.727 26.6123
18.97800 779.39 26.1087
18.98100 781.554 26.1443
18.98400 784.212 25.5072
18.98700 787.349 25.4
18.99000 790.942 26.1443
18.99300 794.958 26.1176
18.99600 799.353 20.1456
18.99900 804.069 21.8322
19.00200 809.036 23.7893
19.00500 814.166 23.4146
19.00800 819.364 23.9594
19.01100 824.518 24.5885
19.01400 829.512 24.6707
19.01700 834.225 25.1259
19.02000 838.54 25.4658
19.02300 842.355 24.9377
19.02600 845.581 24.6407
19.02900 848.153 25.0235
19.03200 850.024 24.9068
19.03500 851.164 25.7513
19.03800 851.555 25.1737
19.04100 851.19 25.2942
19.04400 850.07 25.4082
19.04700 848.206 25.0943
19.05000 845.626 25.2217
19.05300 842.375 25.2619
19.05600 838.521 25.5739
19.05900 834.153 24.9455
19.06200 829.378 25.6242
19.06500 824.315 25.4493
19.06800 819.089 24.1896
19.07100 813.829 25.1577
19.07400 808.656 24.4998
19.07700 803.69 24.8529
19.08000 799.042 24.4778
19.08300 794.823 24.0008
19.08600 791.142 24.544
19.08900 788.115 24.6782
19.09200 785.872 24.93
19.09500 784.559 24.9068
19.09800 784.345 24.5072
19.10100 785.42 24.0146
19.10400 787.983 24.4339
19.10700 792.229 24.4266
19.11000 798.317 24.0146
19.11300 806.333 25.6748
19.11600 816.25 25.863
19.11900 827.886 26.0998
19.12200 840.873 25.8113
19.12500 854.64 26.2342
19.12800 868.418 25.8113
19.13100 881.269 27.1563
19.13400 892.14 26.669
19.13700 899.985 27.0073
19.14000 903.942 26.8414
19.14300 903.549 26.6596
19.14600 898.88 27.3485
19.14900 890.51 26.4814
19.15200 879.337 27.4721
19.15500 866.373 26.556
19.15800 852.588 25.863
19.16100 838.819 25.9587
19.16400 825.732 25.7428
19.16700 813.79 25.1498
19.17000 803.27 24.4339
19.17300 794.273 25.0313
19.17600 786.769 24.275
19.17900 780.631 25.1339
19.18200 775.681 24.8375
19.18500 771.72 24.7083
19.18800 768.561 24.4266
19.19100 766.035 24.8836
19.19400 764.004 24.1755
19.19700 762.359 23.9319
19.20000 761.019 24.0424
19.20300 759.92 24.4558
19.20600 759.018 24.8452
19.20900 758.279 24.6557
19.21200 757.676 24.3108
19.21500 757.189 24.2607
19.21800 756.8 23.7223
19.22100 756.495 24.3541
19.22400 756.262 23.6162
19.22700 756.092 23.749
19.23000 755.976 24.7537
19.23300 755.909 24.1543
19.23600 755.886 24.2109
19.23900 755.904 23.6956
19.24200 755.962 24.1755
19.24500 756.06 24.0911
19.24800 756.199 24.0842
19.25100 756.382 24.0285
19.25400 756.614 24.9533
19.25700 756.899 24.1332
19.26000 757.245 23.6823
19.26300 757.659 23.6624
19.26600 758.151 24.4704
19.26900 758.73 23.7356
19.27200 759.407 23.8569
19.27500 760.192 24.3396
19.27800 761.099 24.3468
19.28100 762.136 24.7083
19.28400 763.316 24.5588
19.28700 764.647 24.1402
19.29000 766.136 24.4558
19.29300 767.789 24.3541
19.29600 769.606 24.6557
19.29900 771.586 25.0313
19.30200 773.721 24.4704
19.30500 776 24.731
19.30800 778.407 23.9801
19.31100 780.92 24.3757
19.31400 783.51 24.0632
19.31700 786.148 24.1051
19.32000 788.795 24.3541
19.32300 791.414 24.4266
19.32600 793.963 25.118
19.32900 796.398 24.7993
19.33200 798.68 25.3185
19.33500 800.768 25.6748
19.33800 802.631 24.8375
19.34100 804.246 25.2699
19.34400 805.6 24.93
19.34700 806.697 24.8759
19.35000 807.556 24.412
19.35300 808.211 24.6857
19.35600 808.709 24.7385
19.35900 809.106 24.0354
19.36200 809.463 25.047
19.36500 809.838 25.0078
19.36800 810.284 24.4048
19.37100 810.847 24.8375
19.37400 811.557 24.5072
19.37700 812.432 24.93
19.38000 813.476 25.4741
19.38300 814.674 25.2619
19.38600 815.997 25.1976
19.38900 817.399 24.4558
19.39200 818.824 25.1101
19.39500 820.202 24.6332
19.39800 821.461 25.3755
19.40100 822.529 24.8452
19.40400 823.342 25.0627
19.40700 823.853 25.6917
19.41000 824.03 25.351
19.41300 823.859 24.2893
19.41600 823.342 24.5366
19.41900 822.496 24.8836
19.42200 821.34 24.4048
19.42500 819.901 25.5321
19.42800 818.205 24.8222
19.43100 816.284 25.0943
19.43400 814.167 25.6074
19.43700 811.891 25.118
19.44000 809.494 24.5588
19.44300 807.018 24.4778
19.44600 804.507 24.6034
19.44900 802.004 24.8146
19.45200 799.554 24.2393
19.45500 797.192 24.4266
19.45800 794.951 24.4924
19.46100 792.856 24.5145
19.46400 790.924 24.1896
19.46700 789.163 24.3613
19.47000 787.577 25.0549
19.47300 786.161 24.7008
19.47600 784.908 24.6258
19.47900 783.804 25.1976
19.48200 782.836 24.4851
19.48500 781.99 25.1418
19.48800 781.258 24.6482
19.49100 780.639 24.2893
19.49400 780.142 25.0549
19.49700 779.79 24.961
19.50000 779.624 24.8682
19.50300 779.698 24.1051
19.50600 780.077 25.2056
19.50900 780.837 24.3685
19.51200 782.054 24.7917
19.51500 783.8 24.9688
19.51800 786.135 24.3613
19.52100 789.098 24.6108
19.52400 792.699 24.4485
19.52700 796.911 24.7385
19.53000 801.663 25.2458
19.53300 806.84 24.7008
19.53600 812.275 25.4082
19.53900 817.76 24.7008
19.54200 823.043 24.6034
19.54500 827.844 25.0627
19.54800 831.868 24.5514
19.55100 834.833 25.6074
19.55400 836.503 25.2297
19.55700 836.725 25.8371
19.56000 835.464 26.0555
19.56300 832.805 25.2458
19.56600 828.935 24.9922
19.56900 824.109 25.4493
19.57200 818.608 25.0156
19.57500 812.715 25.1022
19.57800 806.689 24.9222
19.58100 800.758 25.1976
19.58400 795.106 25.0313
19.58700 789.876 24.5072
19.59000 785.161 25.3347
19.59300 781.016 24.4924
19.59600 777.457 24.8375
19.59900 774.467 24.4998
19.60200 772.01 25.1737
19.60500 770.029 24.7689
19.60800 768.464 24.4558
19.61100 767.25 24.5145
19.61400 766.325 24.3252
19.61700 765.632 23.9457
19.62000 765.122 23.5768
19.62300 764.754 24.5885
19.62600 764.495 23.9319
19.62900 764.319 24.1262
19.63200 764.206 24.2893
19.63500 764.141 24.8836
19.63800 764.114 23.9525
19.64100 764.117 24.0285
19.64400 764.145 23.6492
19.64700 764.193 24.9455
19.65000 764.259 24.8759
19.65300 764.341 24.0911
19.65600 764.438 24.1825
19.65900 764.549 23.9663
19.66200 764.674 24.4851
19.66500 764.811 24.8069
19.66800 764.961 23.7893
19.67100 765.124 24.5959
19.67400 765.299 23.6426
19.67700 765.487 24.0424
19.68000 765.687 24.318
19.68300 765.901 23.9046
19.68600 766.129 24.6707
19.68900 766.371 24.6932
19.69200 766.629 24.0632
19.69500 766.902 24.4778
19.69800 767.192 24.1825
19.70100 767.499 24.7765
19.70400 767.826 24.2893
19.70700 768.174 24.3108
19.71000 768.543 24.1121
19.71300 768.938 23.9801
19.71600 769.36 24.4704
19.71900 769.813 23.4211
19.72200 770.302 24.275
19.72500 770.833 24.3541
19.72800 771.415 23.7356
19.73100 772.059 24.1825
19.73400 772.781 24.1825
19.73700 773.602 23.3698
19.74000 774.548 23.8637
19.74300 775.655 24.383
19.74600 776.969 24.8452
19.74900 778.55 24.2038
19.75200 780.469 24.5072
19.75500 782.82 24.6782
19.75800 785.71 24.5662
19.76100 789.273 24.9688
19.76400 793.659 24.7385
19.76700 799.039 25.4989
19.77000 805.613 25.4329
19.77300 813.591 24.6482
19.77600 823.191 25.6579
19.77900 834.632 25.5906
19.78200 848.129 25.6495
19.78500 863.872 26.2161
19.78800 882.02 26.4535
19.79100 902.676 26.8414
19.79400 925.88 27.1964
19.79700 951.584 26.9093
19.80000 979.644 27.1463
19.80300 1009.8 27.4929
19.80600 1041.68 28.2166
19.80900 1074.78 28.8435
19.81200 1108.45 29.4372
19.81500 1141.93 30.4572
19.81800 1174.37 29.9208
19.82100 1204.78 30.8901
19.82400 1232.14 31.7982
19.82700 1255.43 31.5754
19.83000 1273.66 31.9113
19.83300 1285.98 32.4956
19.83600 1291.82 32.7035
19.83900 1290.89 32.2078
19.84200 1283.28 32.5991
19.84500 1269.46 32.1081
19.84800 1250.16 31.9601
19.85100 1226.33 31.1891
19.85400 1199 31.0087
19.85700 1169.23 30.7583
19.86000 1138.04 31.0985
19.86300 1106.37 28.8916
19.86600 1075.07 29.2228
19.86900 1044.85 28.273
19.87200 1016.32 28.7361
19.87500 989.972 28.7837
19.87800 966.178 28.3524
19.88100 945.24 28.1383
19.88400 927.411 28.2054
19.88700 912.947 28.9037
19.89000 902.175 28.1606
19.89300 895.587 28.2391
19.89600 893.936 28.6652
19.89900 898.365 29.2979
19.90200 910.512 30.303
19.90500 932.608 31.4658
19.90800 967.492 31.3266
19.91100 1018.53 33.389
19.91400 1089.4 33.3333
19.91700 1183.65 35.6688
19.92000 1304.16 37.7964
19.92300 1452.42 38.5472
19.92600 1627.8 42.0703
19.92900 1826.85 43.5194
19.93200 2042.89 46.0287
19.93500 2265.77 48.9702
19.93800 2482.14 51.2989
19.94100 2676.01 53.9949
19.94400 2830.07 55.1318
19.94700 2928.06 57.9284
19.95000 2958.26 56.7048
19.95300 2916.85 57.2598
19.95600 2809.22 56.3436
19.95900 2648.14 53.5288
19.96200 2450.25 53.0745
19.96500 2232.68 50.3155
19.96800 2010.94 47.1405
19.97100 1797.73 46.9841
19.97400 1602.49 44.3242
19.97700 1431.19 41.487
19.98000 1286.63 39.6526
19.98300 1168.9 37.7426
19.98600 1076.09 36.6864
19.98900 1005.03 34.6688
19.99200 951.961 33.1862
19.99500 913.091 32.5472
19.99800 884.973 30.7729
20.00100 864.698 31.1136
20.00400 849.965 30.2061
20.00700 839.053 29.2854
20.01000 830.732 29.0619
20.01300 824.163 28.0496
20.01600 818.793 28.7361
20.01900 814.27 27.5345
20.02200 810.375 27.2671
20.02500 806.975 26.2794
20.02800 803.989 26.1712
20.03100 801.365 26.9093
20.03400 799.074 26.5372
20.03700 797.095 26.334
20.04000 795.417 26.6312
20.04300 794.034 25.5405
20.04600 792.945 26.7261
20.04900 792.154 24.961
20.05200 791.67 25.6495
20.05500 791.504 25.8113
20.05800 791.673 25.7087
20.06100 792.196 25.8717
20.06400 793.091 25.7343
20.06700 794.381 24.9068
20.07000 796.085 24.9068
20.07300 798.217 25.1022
20.07600 800.789 25.2136
20.07900 803.8 25.6579
20.08200 807.243 24.6932
20.08500 811.095 25.6833
20.08800 815.32 25.8199
20.09100 819.863 26.2071
20.09400 824.656 25.6242
20.09700 829.61 25.8113
20.10000 834.62 25.5488
20.10300 839.569 25.5155
20.10600 844.324 25.641
20.10900 848.744 25.5072
20.11200 852.683 26.029
20.11500 855.996 26.6029
20.11800 858.546 26.1981
20.12100 860.219 26.1354
20.12400 860.934 27.1363
20.12700 860.651 26.5093
20.13000 859.379 26.0643
20.13300 857.175 25.5571
20.13600 854.135 26.4074
20.13900 850.388 25.7684
20.14200 846.079 25.8544
20.14500 841.359 26.2251
20.14800 836.382 25.0313
20.15100 831.289 25.5238
20.15400 826.213 25.6579
20.15700 821.269 25.9151
20.16000 816.555 25.1418
20.16300 812.151 25.2538
20.16600 808.116 25.9587
20.16900 804.492 24.6857
20.17200 801.299 25.3429
20.17500 798.544 25.1577
20.17800 796.216 25.3755
20.18100 794.292 25.0943
20.18400 792.739 24.9922
20.18700 791.513 24.5959
20.19000 790.568 24.8606
20.19300 789.854 24.8299
20.19600 789.317 24.8836
20.19900 788.909 24.6707
20.20200 788.583 24.6857
20.20500 788.299 25.0235
20.20800 788.025 24.7993
20.21100 787.736 25.1816
20.21400 787.417 24.7917
20.21700 787.06 24.4778
20.22000 786.663 24.7689
20.22300 786.231 24.2893
20.22600 785.77 25.118
20.22900 785.294 24.8222
20.23200 784.814 24.8991
20.23500 784.348 25.0078
20.23800 783.911 24.8146
20.24100 783.521 25.0864
20.24400 783.197 25.118
20.24700 782.956 24.93
20.25000 782.818 24.6557
20.25300 782.801 24.7765
20.25600 782.929 24.5366
20.25900 783.224 24.4558
20.26200 783.713 24.8529
20.26500 784.428 24.8222
20.26800 785.403 25.2619
20.27100 786.68 25.5155
20.27400 788.304 25.0156
20.27700 790.328 25.1022
20.28000 792.809 24.4778
20.28300 795.81 25.1418
20.28600 799.397 24.6857
20.28900 803.639 25.6158
20.29200 808.607 24.7613
20.29500 814.366 25.0392
20.29800 820.979 25.2861
20.30100 828.498 25.0627
20.30400 836.963 25.2136
20.30700 846.397 25.5655
20.31000 856.804 25.2136
20.31300 868.163 25.9938
20.31600 880.423 26.389
20.31900 893.507 25.5739
20.32200 907.301 26.8996
20.32500 921.662 26.7357
20.32800 936.411 26.7548
20.33100 951.336 27.3383
20.33400 966.198 27.0369
20.33700 980.728 27.1363
20.34000 994.635 27.81
20.34300 1007.61 27.3896
20.34600 1019.35 28.3183
20.34900 1029.53 26.9386
20.35200 1037.86 28.6065
20.35500 1044.09 27.6079
20.35800 1048.02 28.1718
20.36100 1049.52 28.4901
20.36400 1048.55 27.9073
20.36700 1045.16 28.1606
20.37000 1039.47 27.257
20.37300 1031.7 28.8916
20.37600 1022.11 28.0056
20.37900 1011 27.9508
20.38200 998.687 27.5974
20.38500 985.492 28.7006
20.38800 971.734 26.8899
20.39100 957.71 28.105
20.39400 943.695 27.9182
20.39700 929.935 27.1964
20.40000 916.645 26.7644
20.40300 904.002 26.5841
20.40600 892.15 26.1981
20.40900 881.193 25.95
20.41200 871.202 25.9064
20.41500 862.211 25.0706
20.41800 854.224 25.3429
20.42100 847.218 25.5155
20.42400 841.144 25.2056
20.42700 835.937 24.7385
20.43000 831.519 25.4576
20.43300 827.803 24.7385
20.43600 824.697 25.4329
20.43900 822.109 24.6782
20.44200 819.952 25.4576
20.44500 818.148 25.7599
20.44800 816.628 24.961
20.45100 815.339 24.7841
20.45400 814.245 24.9377
20.45700 813.324 25.3185
20.46000 812.571 24.4998
20.46300 811.992 24.961
20.46600 811.602 25.5238
20.46900 811.42 24.5662
20.47200 811.468 25.351
20.47500 811.768 25.4
20.47800 812.339 25.1577
20.48100 813.197 24.8682
20.48400 814.355 24.2536
20.48700 815.816 25.4741
20.49000 817.582 25.3429
20.49300 819.646 25.6579
20.49600 821.996 25.2699
20.49900 824.613 25.5488
20.50200 827.472 24.6332
20.50500 830.545 25.2136
20.50800 833.799 25.5739
20.51100 837.201 25.3918
20.51400 840.719 26.0201
20.51700 844.324 25.6495
20.52000 847.999 25.3673
20.52300 851.735 26.1533
20.52600 855.547 26.2071
20.52900 859.471 26.0113
20.53200 863.573 25.1259
20.53500 867.951 25.863
20.53800 872.739 26.5747
20.54100 878.101 26.3798
20.54400 884.224 26.7836
20.54700 891.315 26.5186
20.55000 899.586 26.7836
20.55300 909.248 26.7166
20.55600 920.5 26.5653
20.55900 933.517 25.8027
20.56200 948.445 26.5279
20.56500 965.388 26.8124
20.56800 984.401 28.0496
20.57100 1005.48 26.9778
20.57400 1028.57 28.1942
20.57700 1053.52 28.6652
20.58000 1080.14 29.2353
20.58300 1108.15 29.6174
20.58600 1137.2 30.0015
20.58900 1166.86 29.8142
20.59200 1196.66 30.1648
20.59500 1226.05 31.3728
20.59800 1254.44 31.2806
20.60100 1281.21 30.7729
20.60400 1305.72 30.5709
20.60700 1327.33 32.1578
20.61000 1345.44 31.5754
20.61300 1359.52 31.544
20.61600 1369.14 31.25
20.61900 1374.01 31.4347
20.62200 1374 31.9438
20.62500 1369.16 32.0421
20.62800 1359.7 31.9601
20.63100 1345.99 31.8465
20.63400 1328.48 32.0256
20.63700 1307.71 31.3574
20.64000 1284.27 31.0087
20.64300 1258.75 32.5818
20.64600 1231.72 32.3085
20.64900 1203.73 31.4192
20.65200 1175.27 31.1437
20.65500 1146.82 30.6714
20.65800 1118.75 29.2603
20.66100 1091.4 29.2603
20.66400 1065.07 29.0865
20.66700 1039.95 27.9508
20.67000 1016.23 28.0828
20.67300 994.017 26.9289
20.67600 973.384 27.5033
20.67900 954.364 26.8899
20.68200 936.954 27.1163
20.68500 921.125 26.3523
20.68800 906.821 26.9289
20.69100 893.969 25.4989
20.69400 882.483 26.0201
20.69700 872.267 25.7002
20.70000 863.223 25.7684
20.70300 855.249 25.863
20.70600 848.248 26.3523
20.70900 842.129 25.5321
20.71200 836.805 25.6664
20.71500 832.2 25.5488
20.71800 828.241 25.4493
20.72100 824.867 24.2038
20.72400 822.022 25.6242
20.72700 819.66 25.7941
20.73000 817.741 25.2377
20.73300 816.231 25.7002
20.73600 815.103 25.4493
20.73900 814.338 25.2699
20.74200 813.924 25.6833
20.74500 813.858 25.4906
20.74800 814.146 26.0998
20.75100 814.806 25.1101
20.75400 815.872 26.4999
20.75700 817.395 25.3918
20.76000 819.45 27.1363
20.76300 822.138 26.0643
20.76600 825.591 26.7357
20.76900 829.983 26.8511
20.77200 835.526 26.7071
20.77500 842.482 27.0468
20.77800 851.158 26.8221
20.78100 861.911 27.3588
20.78400 875.138 27.7031
20.78700 891.268 28.341
20.79000 910.747 27.5974
20.79300 934.012 29.0252
20.79600 961.468 29.8275
20.79900 993.447 29.2728
20.80200 1030.18 30.4714
20.80500 1071.74 31.544
20.80800 1118.02 32.3254
20.81100 1168.7 32.075
20.81400 1223.22 33.9227
20.81700 1280.77 33.8643
20.82000 1340.27 34.3604
20.82300 1400.43 37.2161
20.82600 1459.78 37.5558
20.82900 1516.73 37.9049
20.83200 1569.64 40.032
20.83500 1617.03 40.3896
20.83800 1657.69 41.3096
20.84100 1690.97 42.3714
20.84400 1716.98 42.7569
20.84700 1736.79 43.3555
20.85000 1752.53 44.0225
20.85300 1767.21 44.4554
20.85600 1784.48 44.3242
20.85900 1808.2 43.8108
20.86200 1841.92 45.1754
20.86500 1888.36 44.1942
20.86800 1948.96 45.5488
20.87100 2023.46 44.9013
20.87400 2109.65 46.7269
20.87700 2203.24 47.9463
20.88000 2297.92 49.4468
20.88300 2385.66 50.702
20.88600 2457.22 51.2989
20.88900 2503.24 51.4344
20.89200 2515.79 52.9256
20.89500 2490.26 52.778
20.89800 2426.65 51.2316
20.90100 2329.53 50.3793
20.90400 2206.7 49.7519
20.90700 2067.41 47.619
20.91000 1920.82 46.676
20.91300 1775.13 43.9799
20.91600 1637.01 42.8746
20.91900 1511.42 40.6894
20.92200 1401.49 39.1031
20.92500 1308.66 38.4331
20.92800 1232.87 37.9595
20.93100 1172.92 35.9443
20.93400 1126.83 35.5559
20.93700 1092.2 35.9443
20.94000 1066.5 34.5651
20.94300 1047.33 34.3401
20.94600 1032.59 33.6146
20.94900 1020.54 32.3254
20.95200 1009.89 32.2245
20.95500 999.713 32.5818
20.95800 989.433 31.4658
20.96100 978.759 31.1588
20.96400 967.601 26.6217
20.96700 956.008 21.1477
20.97000 944.118 23.8298
20.97300 932.11 24.8913
20.97600 920.182 25.7684
20.97900 908.527 25.8457
20.98200 897.324 24.9068
20.98500 886.724 25.5321
20.98800 876.851 24.9145
20.99100 867.796 24.2607
20.99400 859.619 25.3918
20.99700 852.348 24.3975
21.00000 845.985 24.7083
21.00300 840.508 25.0078
21.00600 835.875 24.8452
21.00900 832.029 24.3108
21.01200 828.901 23.7423
21.01500 826.417 24.2322
21.01800 824.499 24.318
21.02100 823.066 23.7826
21.02400 822.043 23.7089
21.02700 821.355 23.7223
21.03000 820.933 23.8028
21.03300 820.716 23.518
21.03600 820.647 23.5702
21.03900 820.676 22.8994
21.04200 820.763 23.5506
21.04500 820.873 23.3507
21.04800 820.983 23.689
21.05100 821.075 23.8501
21.05400 821.145 23.4275
21.05700 821.196 24.1825
21.06000 821.24 23.8637
21.06300 821.295 23.4275
21.06600 821.388 22.9597
21.06900 821.547 22.7214
21.07200 821.803 23.5899
21.07500 822.184 23.6096
21.07800 822.716 23.0633
21.08100 823.419 23.2558
21.08400 824.304 23.5376
21.08700 825.376 23.8977
21.09000 826.627 23.7023
21.09300 828.038 23.6558
21.09600 829.582 24.1967
21.09900 831.219 24.0285
21.10200 832.905 23.9319
21.10500 834.585 24.2038
21.10800 836.209 24.7993
21.11100 837.728 23.9525
21.11400 839.108 24.2965
21.11700 840.336 24.1543
21.12000 841.426 24.412
21.12300 842.413 24.0842
21.12600 843.356 24.5514
21.12900 844.328 24.8529
21.13200 845.413 25.1101
21.13500 846.703 24.544
21.13800 848.299 24.8529
21.14100 850.313 24.4048
21.14400 852.865 24.9688
21.14700 856.091 24.6258
21.15000 860.141 25.1022
21.15300 865.182 24.9533
21.15600 871.399 26.0113
21.15900 878.994 25.9325
21.16200 888.179 26.5466
21.16500 899.177 26.3158
21.16800 912.201 26.5279
21.17100 927.447 27.7243
21.17400 945.067 27.7243
21.17700 965.146 28.8195
21.18000 987.678 28.3183
21.18300 1012.54 28.7718
21.18600 1039.46 29.6826
21.18900 1068.03 29.4884
21.19200 1097.68 31.1136
21.19500 1127.67 32.4272
21.19800 1157.13 32.0585
21.20100 1185.07 33.2779
21.20400 1210.4 34.1196
21.20700 1231.98 34.7734
21.21000 1248.72 34.6064
21.21300 1259.68 35.9211
21.21600 1264.13 35.5335
21.21900 1261.72 34.6896
21.22200 1252.5 35.3553
21.22500 1236.92 34.3401
21.22800 1215.77 32.8798
21.23100 1190.05 32.4614
21.23400 1160.87 31.895
21.23700 1129.36 31.497
21.24000 1096.61 30.2337
21.24300 1063.61 29.3105
21.24600 1031.22 29.2728
21.24900 1000.16 28.7837
21.25200 971.012 28.5948
21.25500 944.187 28.6299
21.25800 919.954 26.7548
21.26100 898.444 27.0666
21.26400 879.667 27.5345
21.26700 863.537 27.2468
21.27000 849.89 25.8457
21.27300 838.509 25.7087
21.27600 829.146 25.5739
21.27900 821.538 24.8069
21.28200 815.426 25.8457
21.28500 810.565 24.961
21.28800 806.729 25.1737
21.29100 803.721 25.5238
21.29400 801.37 24.4998
21.29700 799.533 25.118
21.30000 798.095 23.9114
21.30300 796.962 24.3324
21.30600 796.061 24.2251
21.30900 795.336 24.2464
21.31200 794.744 24.5219
21.31500 794.254 23.4856
21.31800 793.841 23.2119
21.32100 793.489 24.0215
21.32400 793.186 24.4193
21.32700 792.924 23.2873
21.33000 792.694 24.2536
21.33300 792.495 24.2607
21.33600 792.322 23.8773
21.33900 792.173 23.7423
21.34200 792.047 23.5571
21.34500 791.943 23.237
21.34800 791.859 23.2119
21.35100 791.797 24.1825
21.35400 791.756 23.7759
21.35700 791.734 23.6294
21.36000 791.734 23.2244
21.36300 791.754 23.1869
21.36600 791.794 23.7759
21.36900 791.854 23.0388
21.37200 791.934 23.5965
21.37500 792.033 22.8337
21.37800 792.151 23.3571
21.38100 792.285 23.5571
21.38400 792.436 22.9175
21.38700 792.602 23.9388
21.39000 792.78 23.5571
21.39300 792.968 23.2936
21.39600 793.165 23.8841
21.39900 793.369 23.3316
21.40200 793.577 23.2432
21.40500 793.787 23.6624
21.40800 793.999 23.0694
21.41100 794.212 23.8705
21.41400 794.425 23.6691
21.41700 794.641 23.4662
21.42000 794.861 23.796
21.42300 795.09 23.1932
21.42600 795.332 24.5219
21.42900 795.593 23.2244
21.43200 795.88 23.6162
21.43500 796.197 23.8637
21.43800 796.553 23.796
21.44100 796.951 23.492
21.44400 797.397 23.6096
21.44700 797.893 23.5702
21.45000 798.44 23.5833
21.45300 799.039 22.6688
21.45600 799.686 24.2109
21.45900 800.377 23.0022
21.46200 801.104 23.8773
21.46500 801.857 23.823
21.46800 802.626 23.5899
21.47100 803.397 23.7223
21.47400 804.155 23.6096
21.47700 804.884 23.796
21.48000 805.57 24.2607
21.48300 806.196 23.9732
21.48600 806.751 23.6757
21.48900 807.224 23.3
21.49200 807.609 23.7156
21.49500 807.906 23.9663
21.49800 808.118 23.7356
21.50100 808.25 24.4704
21.50400 808.313 23.8028
21.50700 808.318 23.4856
21.51000 808.278 23.823
21.51300 808.206 24.0077
21.51600 808.115 24.1967
21.51900 808.021 23.6096
21.52200 807.935 23.7691
21.52500 807.87 23.9663
21.52800 807.838 23.4985
21.53100 807.849 23.8841
21.53400 807.916 24.0493
21.53700 808.045 23.9801
21.54000 808.248 23.505
21.54300 808.535 24.1051
21.54600 808.919 24.4924
21.54900 809.417 24.383
21.55200 810.049 24.6332
21.55500 810.846 25.2056
21.55800 811.847 24.0981
21.56100 813.107 25.1339
21.56400 814.701 24.5737
21.56700 816.727 25.5655
21.57000 819.316 26.2703
21.57300 822.636 25.4493
21.57600 826.898 26.2613
21.57900 832.361 25.5321
21.58200 839.333 27.0964
21.58500 848.17 26.9876
21.58800 859.271 26.9778
21.59100 873.061 27.6184
21.59400 889.974 28.6182
21.59700 910.426 28.341
21.60000 934.781 29.1482
21.60300 963.313 29.5527
21.60600 996.165 30.5566
21.60900 1033.31 31.75
21.61200 1074.53 32.1246
21.61500 1119.37 33.3704
21.61800 1167.13 33.5578
21.62100 1216.9 35.5559
21.62400 1267.52 36.4662
21.62700 1317.66 37.3979
21.63000 1365.86 38.1246
21.63300 1410.58 38.9249
21.63600 1450.42 40.3567
21.63900 1484.21 39.0732
21.64200 1511.26 40.5554
21.64500 1531.47 40.2259
21.64800 1545.38 39.4055
21.65100 1554.01 39.968
21.65400 1558.76 38.9249
21.65700 1561.13 38.2639
21.66000 1562.59 38.1524
21.66300 1564.45 37.3718
21.66600 1567.82 37.7964
21.66900 1573.5 37.4503
21.67200 1582.02 37.8235
21.67500 1593.59 38.5758
21.67800 1608.13 38.0418
21.68100 1625.31 38.2639
21.68400 1644.53 38.1246
21.68700 1665.02 39.7779
21.69000 1685.88 40.2911
21.69300 1706.11 40.7231
21.69600 1724.72 41.5586
21.69900 1740.72 41.7029
21.70200 1753.22 42.7179
21.70500 1761.45 43.3555
21.70800 1764.81 43.8529
21.71100 1762.89 43.9375
21.71400 1755.46 43.7269
21.71700 1742.52 44.1511
21.72000 1724.22 44.1942
21.72300 1700.86 42.8746
21.72600 1672.9 42.4859
21.72900 1640.86 40.6894
21.73200 1605.34 41.1693
21.73500 1566.95 39.9043
21.73800 1526.33 37.8506
21.74100 1484.1 36.0609
21.74400 1440.88 35.6915
21.74700 1397.23 34.7945
21.75000 1353.67 33.6718
21.75300 1310.7 32.5472
21.75600 1268.75 32.7035
21.75900 1228.2 31.0535
21.76200 1189.36 31.2043
21.76500 1152.51 30.846
21.76800 1117.85 29.1854
21.77100 1085.54 29.2728
21.77400 1055.69 28.4095
21.77700 1028.35 28.6182
21.78000 1003.53 27.6501
21.78300 981.191 27.6184
21.78600 961.263 28.183
21.78900 943.64 27.2367
21.79200 928.186 26.7166
21.79500 914.744 26.968
21.79800 903.141 26.3067
21.80100 893.199 26.5186
21.80400 884.738 26.0732
21.80700 877.598 26.2071
21.81000 871.641 25.8803
21.81300 866.767 25.3918
21.81600 862.903 25.8113
21.81900 860.006 25.3429
21.82200 858.043 24.9766
21.82500 856.991 25.4741
21.82800 856.829 24.8529
21.83100 857.538 25.9762
21.83400 859.097 24.2821
21.83700 861.481 25.3429
21.84000 864.661 24.961
21.84300 868.607 25.0313
21.84600 873.287 24.6557
21.84900 878.667 24.8222
21.85200 884.717 24.9844
21.85500 891.406 24.731
21.85800 898.711 24.9145
21.86100 906.614 25.6495
21.86400 915.106 24.7461
21.86700 924.191 25.9325
21.87000 933.886 25.7002
21.87300 944.226 25.9238
21.87600 955.266 26.029
21.87900 967.088 25.6748
21.88200 979.796 25.985
21.88500 993.53 26.5372
21.88800 1008.46 26.1622
21.89100 1024.8 26.5747
21.89400 1042.81 26.7452
21.89700 1062.78 27.4721
21.90000 1085.06 27.0964
21.90300 1110.03 27.6606
21.90600 1138.09 27.6079
21.90900 1169.67 27.9946
21.91200 1205.16 29.3231
21.91500 1244.93 28.7718
21.91800 1289.28 29.988
21.92100 1338.41 30.7438
21.92400 1392.39 31.1588
21.92700 1451.13 32.4614
21.93000 1514.37 32.8443
21.93300 1581.66 33.7676
21.93600 1652.33 35.2235
21.93900 1725.53 35.5559
21.94200 1800.19 37.0117
21.94500 1875.07 37.6089
21.94800 1948.8 38.4331
21.95100 2019.92 39.1031
21.95400 2086.95 39.968
21.95700 2148.5 40.4557
21.96000 2203.35 39.8094
21.96300 2250.42 39.9362
21.96600 2288.83 40.2585
21.96900 2317.89 40.1286
21.97200 2337.04 41.0997
21.97500 2345.94 39.5904
21.97800 2344.48 39.8726
21.98100 2332.77 40.7909
21.98400 2311.2 39.4362
21.98700 2280.4 40
21.99000 2241.19 39.7151
21.99300 2194.57 39.7464
21.99600 2141.63 39.5904
21.99900 2083.5 39.4055
22.00200 2021.34 39.841
22.00500 1956.27 38.7492
22.00800 1889.37 37.9049
22.01100 1821.61 37.0879
22.01400 1753.93 36.5148
22.01700 1687.12 35.6462
22.02000 1621.89 33.7869
22.02300 1558.82 33.7292
22.02600 1498.4 31.9765
22.02900 1440.98 30.5995
22.03200 1386.83 30.1511
22.03500 1336.13 29.0007
22.03800 1288.98 28.677
22.04100 1245.43 28.7361
22.04400 1205.49 27.929
22.04700 1169.14 27.6924
22.05000 1136.31 27.1463
22.05300 1106.95 27.5137
22.05600 1080.94 26.7071
22.05900 1058.17 26.2703
22.06200 1038.49 26.1622
22.06500 1021.73 26.7548
22.06800 1007.72 25.9238
22.07100 996.267 26.0466
22.07400 987.154 25.7343
22.07700 980.169 26.389
22.08000 975.078 25.6074
22.08300 971.645 25.7087
22.08600 969.629 25.3104
22.08900 968.78 26.1087
22.09200 968.846 26.7932
22.09500 969.577 25.8544
22.09800 970.721 25.9412
22.10100 972.033 26.7357
22.10400 973.275 26.029
22.10700 974.218 26.0998
22.11000 974.655 25.2942
22.11300 974.406 26.6501
22.11600 973.338 25.6242
22.11900 971.371 26.2432
22.12200 968.496 25.6242
22.12500 964.77 25.6242
22.12800 960.322 26.0732
22.13100 955.334 26.1802
22.13400 950.038 26.6217
22.13700 944.694 26.9386
22.14000 939.589 26.4074
22.14300 935.025 26.1354
22.14600 931.315 26.1622
22.14900 928.777 26.2071
22.15200 927.73 26.9484
22.15500 928.483 26.688
22.15800 931.331 26.556
22.16100 936.543 26.4906
22.16400 944.349 26.7261
22.16700 954.931 27.3281
22.17000 968.403 26.8705
22.17300 984.806 26.9386
22.17600 1004.09 27.2976
22.17900 1026.09 26.4999
22.18200 1050.54 27.7137
22.18500 1077.05 27.9618
22.18800 1105.08 27.3485
22.19100 1134.01 29.361
22.19400 1163.06 29.9342
22.19700 1191.37 29.9611
22.20000 1218 30.317
22.20300 1241.94 30.9938
22.20600 1262.21 31.1136
22.20900 1277.87 30.5709
22.21200 1288.14 31.6228
22.21500 1292.48 31.9765
22.21800 1290.65 30.9789
22.22100 1282.75 30.8607
22.22400 1269.17 31.8788
22.22700 1250.59 30.9344
22.23000 1227.82 30.7438
22.23300 1201.78 30.3869
22.23600 1173.39 29.4118
22.23900 1143.56 29.2854
22.24200 1113.14 29.2353
22.24500 1082.87 28.183
22.24800 1053.4 28.4901
22.25100 1025.28 28.5831
22.25400 998.923 27.6501
22.25700 974.663 27.5659
22.26000 952.722 26.3798
22.26300 933.238 26.669
22.26600 916.272 26.5841
22.26900 901.823 25.8977
22.27200 889.842 26.082
22.27500 880.245 26.2071
22.27800 872.922 25.6579
22.28100 867.75 25.3673
22.28400 864.603 25.8803
22.28700 863.353 26.0555
22.29000 863.882 25.3104
22.29300 866.081 25.9238
22.29600 869.852 25.1339
22.29900 875.108 25.8977
22.30200 881.773 25.8457
22.30500 889.777 25.6242
22.30800 899.057 25.7599
22.31100 909.548 26.5093
22.31400 921.185 26.3706
22.31700 933.899 26.2251
22.32000 947.609 26.4906
22.32300 962.225 27.0964
22.32600 977.641 26.8996
22.32900 993.737 26.1087
22.33200 1010.38 27.3077
22.33500 1027.41 27.5974
22.33800 1044.66 27.6818
22.34100 1061.94 28.8315
22.34400 1079.05 28.9278
22.34700 1095.78 28.467
22.35000 1111.9 29.2478
22.35300 1127.19 29.1358
22.35600 1141.42 29.7614
22.35900 1154.38 28.9157
22.36200 1165.85 30.6714
22.36500 1175.65 30.317
22.36800 1183.65 30.0692
22.37100 1189.74 30.7583
22.37400 1193.86 30.3449
22.37700 1196.01 30.4572
22.38000 1196.23 30.3728
22.38300 1194.59 29.7614
22.38600 1191.22 29.5786
22.38900 1186.26 29.6435
22.39200 1179.87 30.1374
22.39500 1172.21 30.1238
22.39800 1163.45 29.0496
22.40100 1153.74 28.8435
22.40400 1143.25 28.3524
22.40700 1132.1 28.8675
22.41000 1120.44 28.7956
22.41300 1108.38 28.1161
22.41600 1096.03 28.8435
22.41900 1083.49 28.2617
22.42200 1070.86 28.9764
22.42500 1058.22 28.2054
22.42800 1045.66 28.1495
22.43100 1033.24 28.0496
22.43400 1021.04 28.1161
22.43700 1009.12 27.3179
22.44000 997.505 27.5554
22.44300 986.247 26.9093
22.44600 975.363 27.1563
22.44900 964.863 26.4628
22.45200 954.746 26.3706
22.45500 944.999 27.4618
22.45800 935.603 26.9975
22.46100 926.534 26.5466
22.46400 917.767 26.0201
22.46700 909.278 26.1354
22.47000 901.049 25.7941
22.47300 893.07 25.5238
22.47600 885.339 26.1265
22.47900 877.866 26.0378
22.48200 870.668 26.2071
22.48500 863.769 25.7343
22.48800 857.196 25.3429
22.49100 850.975 25.9151
22.49400 845.133 25.2942
22.49700 839.689 24.93
22.50000 834.659 24.6407
22.50300 830.054 25.5822
22.50600 825.877 24.7917
22.50900 822.126 25.1577
22.51200 818.792 24.8529
22.51500 815.861 25.2458
22.51800 813.316 24.1614
22.52100 811.132 24.1262
22.52400 809.285 24.3108
22.52700 807.747 24.6782
22.53000 806.49 24.1755
22.53300 805.486 25.1577
22.53600 804.705 24.3685
22.53900 804.123 24.218
22.54200 803.717 24.7008
22.54500 803.466 24.1755
22.54800 803.355 23.3954
22.55100 803.369 23.7759
22.55400 803.499 23.7557
22.55700 803.737 24.4266
22.56000 804.08 24.2536
22.56300 804.512 23.7893
22.56600 805.032 24.1192
22.56900 805.632 23.5899
22.57200 806.307 24.0146
22.57500 807.045 23.2747
22.57800 807.838 23.8977
22.58100 808.674 23.6492
22.58400 809.54 24.1896
22.58700 810.42 23.8569
22.59000 811.3 23.4082
22.59300 812.162 23.8773
22.59600 812.989 24.6332
22.59900 813.763 23.8028
22.60200 814.465 24.2821
22.60500 815.078 24.5811
22.60800 815.586 24.2251
22.61100 815.975 24.3757
22.61400 816.234 24.1967
22.61700 816.354 24.1896
22.62000 816.33 23.8977
22.62300 816.161 24.2821
22.62600 815.851 23.9732
22.62900 815.405 23.8433
22.63200 814.834 24.3324
22.63500 814.15 24.0424
22.63800 813.368 23.5115
22.64100 812.506 24.1755
22.64400 811.582 24.2893
22.64700 810.615 23.0879
22.65000 809.626 24.3252
22.65300 808.635 23.4146
22.65600 807.662 25.0627
22.65900 806.727 23.8366
22.66200 805.846 23.1187
22.66500 805.037 24.4485
22.66800 804.316 24.2322
22.67100 803.697 23.281
22.67400 803.192 23.749
22.67700 802.81 23.7223
22.68000 802.558 23.2873
22.68300 802.441 23.9939
22.68600 802.458 23.4597
22.68900 802.608 23.518
22.69200 802.886 23.4662
22.69500 803.28 24.2536
22.69800 803.765 23.9182
22.70100 804.36 24.4631
22.70400 805.028 24.1121
22.70700 805.749 24.0354
22.71000 806.499 23.6624
22.71300 807.251 23.636
22.71600 807.98 23.7023
22.71900 808.658 23.1807
22.72200 809.258 24.4193
22.72500 809.755 24.0772
22.72800 810.127 23.1558
22.73100 810.357 24.3468
22.73400 810.432 24.4778
22.73700 810.343 23.6691
22.74000 810.089 23.5376
22.74300 809.671 23.9114
22.74600 809.096 24.0702
22.74900 808.374 23.6691
22.75200 807.519 23.4211
22.75500 806.55 24.1402
22.75800 805.486 23.518
22.76100 804.351 23.8298
22.76400 803.17 23.5965
22.76700 801.967 24.4266
22.77000 800.767 24.2965
22.77300 799.595 23.987
22.77600 798.471 23.9046
22.77900 797.419 23.4726
22.78200 796.457 23.389
22.78500 795.604 23.5637
22.78800 794.878 23.3635
22.79100 794.292 23.4791
22.79400 793.863 23.7289
22.79700 793.599 23.2747
22.80000 793.509 23.1372
22.80300 793.596 23.5506
22.80600 793.855 23.3954
22.80900 794.277 23.051
22.81200 794.843 24.0077
22.81500 795.528 24.0702
22.81800 796.296 23.8705
22.82100 797.108 23.4339
22.82400 797.92 23.5637
22.82700 798.685 23.3444
22.83000 799.365 23.4533
22.83300 799.933 24.1614
22.83600 800.387 23.4018
22.83900 800.751 22.8934
22.84200 801.074 24.318
22.84500 801.423 23.9939
22.84800 801.882 23.6426
22.85100 802.543 23.2684
22.85400 803.507 23.7826
22.85700 804.883 24.0146
22.86000 806.793 23.6228
22.86300 809.373 23.6162
22.86600 812.773 23.8095
22.86900 817.164 23.4146
22.87200 822.737 23.9732
22.87500 829.692 24.218
22.87800 838.281 24.4924
22.88100 848.761 24.5072
22.88400 861.379 24.6632
22.88700 876.398 24.5588
22.89000 894.062 24.544
22.89300 914.591 25.2056
22.89600 938.154 25.6242
22.89900 964.862 25.9675
22.90200 994.741 24.8759
22.90500 1027.72 19.4038
22.90800 1063.63 22.536
22.91100 1102.16 23.9251
22.91400 1142.9 24.6108
22.91700 1185.3 25.4411
22.92000 1228.72 26.0998
22.92300 1272.43 26.389
22.92600 1315.62 27.4204
22.92900 1357.47 27.1163
22.93200 1397.09 28.6652
22.93500 1433.56 28.3752
22.93800 1465.96 29.0129
22.94100 1493.36 29.5398
22.94400 1514.89 29.4756
22.94700 1529.81 29.8941
22.95000 1537.58 30.0421
22.95300 1537.91 29.5656
22.95600 1530.84 30.1101
22.95900 1516.68 30.429
22.96200 1496.05 29.4756
22.96500 1469.77 29.361
22.96800 1438.79 28.7837
22.97100 1404.16 28.9642
22.97400 1366.93 28.5831
22.97700 1328.12 27.7992
22.98000 1288.68 27.5869
22.98300 1249.49 26.4535
22.98600 1211.32 26.6029
22.98900 1174.79 26.0113
22.99200 1140.45 25.3918
22.99500 1108.67 25.4329
22.99800 1079.72 25.0627
23.00100 1053.74 24.7385
23.00400 1030.75 24.2678
23.00700 1010.7 23.5899
23.01000 993.417 24.0563
23.01300 978.68 23.8433
23.01600 966.214 22.9961
23.01900 955.713 23.987
23.02200 946.855 23.505
23.02500 939.322 23.4856
23.02800 932.816 22.9416
23.03100 927.066 23.3954
23.03400 921.843 24.0702
23.03700 916.961 23.6294
23.04000 912.275 23.5637
23.04300 907.682 23.2307
23.04600 903.114 23.1372
23.04900 898.531 23.0266
23.05200 893.919 23.1745
23.05500 889.282 22.7038
23.05800 884.637 23.4211
23.06100 880.013 23.5115
23.06400 875.443 23.6757
23.06700 870.961 23.3571
23.07000 866.602 23.0756
23.07300 862.396 23.5833
23.07600 858.366 23.389
23.07900 854.53 22.9235
23.08200 850.901 22.9054
23.08500 847.483 23.094
23.08800 844.281 22.6805
23.09100 841.291 22.3999
23.09400 838.507 23.2057
23.09700 835.919 22.5475
23.10000 833.509 22.7803
23.10300 831.253 22.9597
23.10600 829.12 22.8515
23.10900 827.073 22.7214
23.11200 825.07 22.739
23.11500 823.067 22.984
23.11800 821.025 22.6921
23.12100 818.913 22.4112
23.12400 816.713 23.0449
23.12700 814.423 22.8337
23.13000 812.053 22.1133
23.13300 809.625 22.2718
23.13600 807.168 22.4507
23.13900 804.715 22.1295
23.14200 802.299 22.3161
23.14500 799.95 22.1948
23.14800 797.698 21.8062
23.15100 795.566 22.2113
23.15400 793.571 22.4281
23.15700 791.726 21.7803
23.16000 790.039 22.5532
23.16300 788.51 22.0433
23.16600 787.139 22.1621
23.16900 785.919 22.1404
23.17200 784.842 22.605
23.17500 783.897 22.2939
23.17800 783.074 21.9423
23.18100 782.36 22.3775
23.18400 781.743 22.1349
23.18700 781.212 22.3384
23.19000 780.758 21.8426
23.19300 780.369 22.0433
23.19600 780.038 22.1187
23.19900 779.757 22.5132
23.20200 779.519 22.1894
23.20500 779.32 22.9295
23.20800 779.154 22.4507
23.21100 779.019 22.5589
23.21400 778.911 22.1187
23.21700 778.829 22.1676
23.22000 778.77 21.8374
23.22300 778.735 22.5018
23.22600 778.723 22.1894
23.22900 778.735 22.3663
23.23200 778.771 22.305
23.23500 778.833 21.5465
23.23800 778.921 21.6828
23.24100 779.037 22.6108
23.24400 779.184 23.1932
23.24700 779.362 22.5189
23.25000 779.574 22.4281
23.25300 779.82 21.9317
23.25600 780.104 22.4337
23.25900 780.424 22.2003
23.26200 780.783 22.3551
23.26500 781.18 22.3887
23.26800 781.615 22.2773
23.27100 782.087 22.1676
23.27400 782.594 22.4168
23.27700 783.135 22.3384
23.28000 783.707 22.3217
23.28300 784.305 22.7097
23.28600 784.926 22.1133
23.28900 785.566 22.5018
23.29200 786.219 22.8277
23.29500 786.88 22.7862
23.29800 787.545 22.1025
23.30100 788.206 22.3999
23.30400 788.861 22.3663
23.30700 789.503 22.9355
23.31000 790.13 22.698
23.31300 790.74 23.1372
23.31600 791.329 22.5018
23.31900 791.904 22.5877
23.32200 792.467 22.605
23.32500 793.025 23.0083
23.32800 793.588 22.2167
23.33100 794.17 22.698
23.33400 794.786 22.698
23.33700 795.452 22.6224
23.34000 796.189 22.6863
23.34300 797.015 22.739
23.34600 797.952 23.3253
23.34900 799.018 22.5992
23.35200 800.234 23.1807
23.35500 801.62 23.4597
23.35800 803.192 22.8277
23.36100 804.969 22.7921
23.36400 806.966 22.804
23.36700 809.197 23.1932
23.37000 811.676 22.8099
23.37300 814.413 23.3571
23.37600 817.417 23.1745
23.37900 820.697 23.4082
23.38200 824.258 23.7826
23.38500 828.101 23.531
23.38800 832.23 23.2119
23.39100 836.642 23.9251
23.39400 841.334 24.0424
23.39700 846.3 23.1932
23.40000 851.533 22.8337
23.40300 857.024 23.1372
23.40600 862.763 23.7089
23.40900 868.738 23.8028
23.41200 874.937 24.3613
23.41500 881.347 24.1262
23.41800 887.951 24.412
23.42100 894.729 23.8028
23.42400 901.66 24.2678
23.42700 908.714 24.1896
23.43000 915.858 24.4924
23.43300 923.049 24.1896
23.43600 930.238 24.9688
23.43900 937.369 24.3396
23.44200 944.376 25.1737
23.44500 951.188 25.6748
23.44800 957.726 24.9068
23.45100 963.905 26.389
23.45400 969.638 25.8199
23.45700 974.835 25.9587
23.46000 979.404 25.9938
23.46300 983.26 26.2432
23.46600 986.322 26.7932
23.46900 988.52 26.6975
23.47200 989.799 27.3998
23.47500 990.119 27.0468
23.47800 989.46 27.0666
23.48100 987.822 26.9582
23.48400 985.227 26.5093
23.48700 981.716 26.9289
23.49000 977.347 25.9762
23.49300 972.194 26.2432
23.49600 966.343 26.4166
23.49900 959.887 26.0732
23.50200 952.926 26.7261
23.50500 945.561 25.7002
23.50800 937.896 24.9377
23.51100 930.03 25.863
23.51400 922.063 25.2217
23.51700 914.084 25.4658
23.52000 906.185 24.3975
23.52300 898.447 24.7234
23.52600 890.946 25.0235
23.52900 883.753 24.2893
23.53200 876.934 24.5588
23.53500 870.546 24.5662
23.53800 864.644 25.0156
23.54100 859.279 24.5145
23.54400 854.497 23.5965
23.54700 850.345 23.749
23.55000 846.867 23.7156
23.55300 844.111 24.2821
23.55600 842.127 23.823
23.55900 840.968 23.1434
23.56200 840.696 23.5899
23.56500 841.379 24.0285
23.56800 843.092 23.8501
23.57100 845.923 24.1755
23.57400 849.965 24.3037
23.57700 855.324 25.0156
23.58000 862.11 24.6332
23.58300 870.444 24.9766
23.58600 880.446 24.4193
23.58900 892.237 24.275
23.59200 905.935 25.2297
23.59500 921.647 24.8146
23.59800 939.465 25.047
23.60100 959.46 26.0466
23.60400 981.675 25.4741
23.60700 1006.12 25.9762
23.61000 1032.76 25.7684
23.61300 1061.52 26.7071
23.61600 1092.28 26.9975
23.61900 1124.84 27.0073
23.62200 1158.98 26.9386
23.62500 1194.38 27.6606
23.62800 1230.68 27.7671
23.63100 1267.49 28.2956
23.63400 1304.31 28.105
23.63700 1340.65 28.7718
23.64000 1375.92 29.8807
23.64300 1409.55 30.2061
23.64600 1440.91 30.1238
23.64900 1469.38 30.7438
23.65200 1494.36 31.1588
23.65500 1515.29 31.3112
23.65800 1531.66 31.6228
23.66100 1543.07 32.7035
23.66400 1549.23 32.3423
23.66700 1549.98 32.3592
23.67000 1545.33 32.5818
23.67300 1535.41 32.3932
23.67600 1520.49 32.8798
23.67900 1500.98 32.686
23.68200 1477.33 31.9601
23.68500 1450.12 31.0535
23.68800 1419.91 30.8607
23.69100 1387.33 30.4572
23.69400 1352.98 29.1979
23.69700 1317.44 28.9764
23.70000 1281.28 28.5831
23.70300 1245.04 28.183
23.70600 1209.18 26.9191
23.70900 1174.15 27.3588
23.71200 1140.34 27.2976
23.71500 1108.06 26.3615
23.71800 1077.59 26.3798
23.72100 1049.14 26.0201
23.72400 1022.87 24.8606
23.72700 998.857 24.961
23.73000 977.141 24.7159
23.73300 957.687 25.0549
23.73600 940.409 24.4558
23.73900 925.166 24.7765
23.74200 911.773 24.6557
23.74500 900.003 24.4412
23.74800 889.603 24.5072
23.75100 880.305 24.0772
23.75400 871.842 23.7089
23.75700 863.977 23.8637
23.76000 856.521 24.1967
23.76300 849.352 24.1402
23.76600 842.417 23.7624
23.76900 835.712 24.1825
23.77200 829.27 23.8773
23.77500 823.14 23.6956
23.77800 817.372 23.4985
23.78100 812.015 23.492
23.78400 807.107 23.0388
23.78700 802.67 22.663
23.79000 798.716 23.2307
23.79300 795.241 23.6096
23.79600 792.227 22.7744
23.79900 789.65 23.2684
23.80200 787.475 22.8994
23.80500 785.665 22.4112
23.80800 784.181 22.8158
23.81100 782.985 22.4507
23.81400 782.039 23.1063
23.81700 781.31 23.3826
23.82000 780.767 22.445
23.82300 780.382 23.0205
23.82600 780.128 22.4677
23.82900 779.976 22.5704
23.83200 779.917 22.7038
23.83500 779.934 22.4563
23.83800 780.004 22.5075
23.84100 780.11 22.5189
23.84400 780.238 22.2884
23.84700 780.373 22.6281
23.85000 780.501 22.2939
23.85300 780.61 22.7038
23.85600 780.688 22.4733
23.85900 780.727 22.6513
23.86200 780.72 22.0755
23.86500 780.661 22.4563
23.86800 780.549 22.5189
23.87100 780.385 22.4281
23.87400 780.17 22.4168
23.87700 779.908 22.8099
23.88000 779.603 22.6339
23.88300 779.262 22.3663
23.88600 778.889 23.1683
23.88900 778.487 22.3105
23.89200 778.063 22.6455
23.89500 777.618 22.8695
23.89800 777.158 21.9581
23.90100 776.686 22.0702
23.90400 776.206 22.1079
23.90700 775.726 22.8099
23.91000 775.25 22.99
23.91300 774.789 22.8515
23.91600 774.351 22.5762
23.91900 773.947 21.9953
23.92200 773.586 22.3217
23.92500 773.277 22.462
23.92800 773.029 21.7597
23.93100 772.845 22.1621
23.93400 772.73 21.9212
23.93700 772.681 22.7508
23.94000 772.694 22.3161
23.94300 772.761 22.8814
23.94600 772.871 21.853
23.94900 773.009 21.9953
23.95200 773.16 22.7449
23.95500 773.306 22.8575
23.95800 773.431 22.1349
23.96100 773.523 22.2994
23.96400 773.577 22.6224
23.96700 773.598 22.2277
23.97000 773.596 22.462
23.97300 773.588 22.3384
23.97600 773.596 22.5762
23.97900 773.639 23.319
23.98200 773.736 22.9779
23.98500 773.905 22.0487
23.98800 774.16 22.2718
23.99100 774.51 23.1125
23.99400 774.962 22.7685
23.99700 775.519 22.2939
24.00000 776.182 22.2994
24.00300 776.947 22.3217
24.00600 777.808 22.6863
24.00900 778.758 22.5762
24.01200 779.789 23.0756
24.01500 780.893 22.9054
24.01800 782.061 22.3495
24.02100 783.286 22.3775
24.02400 784.561 22.4961
24.02700 785.878 22.3999
24.03000 787.231 22.5475
24.03300 788.613 22.5589
24.03600 790.017 22.9476
24.03900 791.431 22.5189
24.04200 792.852 22.6805
24.04500 794.271 23.1372
24.04800 795.677 22.3719
24.05100 797.063 22.5877
24.05400 798.421 23.1994
24.05700 799.743 22.9658
24.06000 801.024 22.804
24.06300 802.255 23.1063
24.06600 803.432 22.6339
24.06900 804.546 22.4563
24.07200 805.59 22.798
24.07500 806.557 23.1496
24.07800 807.437 22.9355
24.08100 808.222 22.5704
24.08400 808.907 23.0571
24.08700 809.483 22.9779
24.09000 809.944 22.9476
24.09300 810.286 22.798
24.09600 810.504 22.9658
24.09900 810.594 22.0917
24.10200 810.552 22.7508
24.10500 810.376 22.9537
24.10800 810.062 22.6455
24.11100 809.609 22.173
24.11400 809.016 23.0266
24.11700 808.283 22.663
24.12000 807.415 22.8396
24.12300 806.419 23.4791
24.12600 805.306 22.9779
24.12900 804.094 23.1807
24.13200 802.802 23.1187
24.13500 801.457 22.5877
24.13800 800.086 22.9658
24.14100 798.722 23.051
24.14400 797.395 23.4339
24.14700 796.138 23.1311
24.15000 794.983 23.5833
24.15300 793.96 22.6572
24.15600 793.099 22.8695
24.15900 792.428 23.1807
24.16200 791.974 23.6624
24.16500 791.762 23.3507
24.16800 791.818 22.8934
24.17100 792.164 23.2558
24.17400 792.824 23.6492
24.17700 793.82 23.0633
24.18000 795.174 23.6624
24.18300 796.912 23.9525
24.18600 799.057 23.1745
24.18900 801.636 24.0772
24.19200 804.676 24.412
24.19500 808.209 24.731
24.19800 812.264 23.7089
24.20100 816.874 24.1473
24.20400 822.07 24.961
24.20700 827.885 23.9939
24.21000 834.347 24.9922
24.21300 841.486 24.9145
24.21600 849.325 24.7461
24.21900 857.884 25.1259
24.22200 867.177 25.8199
24.22500 877.208 25.7343
24.22800 887.97 25.7855
24.23100 899.444 26.2161
24.23400 911.594 26.7071
24.23700 924.365 27.3383
24.24000 937.686 26.9289
24.24300 951.465 27.2266
24.24600 965.59 27.7564
24.24900 979.929 28.467
24.25200 994.334 28.7242
24.25500 1008.64 29.2478
24.25800 1022.66 29.2228
24.26100 1036.21 29.8408
24.26400 1049.1 30.5139
24.26700 1061.11 30.2061
24.27000 1072.08 30.5995
24.27300 1081.82 30.9492
24.27600 1090.19 31.2195
24.27900 1097.09 31.342
24.28200 1102.45 31.4658
24.28500 1106.25 31.544
24.28800 1108.49 30.0965
24.29100 1109.23 31.7181
24.29400 1108.55 31.0985
24.29700 1106.55 30.7438
24.30000 1103.32 30.8313
24.30300 1098.98 30.8167
24.30600 1093.63 30.0015
24.30900 1087.38 29.9074
24.31200 1080.31 30.8901
24.31500 1072.52 29.7219
24.31800 1064.07 30.5281
24.32100 1055.06 28.9278
24.32400 1045.54 30.2199
24.32700 1035.59 28.9886
24.33000 1025.29 29.7482
24.33300 1014.71 29.3231
24.33600 1003.93 28.421
24.33900 993.028 27.6712
24.34200 982.083 28.0166
24.34500 971.171 28.0166
24.34800 960.366 26.8511
24.35100 949.739 26.6785
24.35400 939.356 26.9778
24.35700 929.279 26.0378
24.36000 919.562 26.029
24.36300 910.248 25.3755
24.36600 901.372 25.7428
24.36900 892.96 25.6074
24.37200 885.028 26.1087
24.37500 877.582 26.1891
24.37800 870.623 25.2861
24.38100 864.142 25.3347
24.38400 858.125 25.4576
24.38700 852.553 24.7461
24.39000 847.4 25.0706
24.39300 842.64 24.5959
24.39600 838.241 24.8375
24.39900 834.173 24.4851
24.40200 830.405 24.5588
24.40500 826.907 24.4631
24.40800 823.653 23.9182
24.41100 820.618 24.2965
24.41400 817.784 24.5072
24.41700 815.134 23.7023
24.42000 812.655 24.1896
24.42300 810.339 24.4851
24.42600 808.182 23.7289
24.42900 806.18 23.689
24.43200 804.334 23.4211
24.43500 802.647 24.3396
24.43800 801.12 23.689
24.44100 799.759 23.9251
24.44400 798.567 24.0077
24.44700 797.549 23.3762
24.45000 796.707 24.2965
24.45300 796.045 24.3975
24.45600 795.564 22.8695
24.45900 795.262 23.3826
24.46200 795.137 22.984
24.46500 795.183 23.4275
24.46800 795.395 23.3826
24.47100 795.763 23.689
24.47400 796.276 23.3954
24.47700 796.92 23.8163
24.48000 797.682 24.0354
24.48300 798.543 23.8705
24.48600 799.487 23.4404
24.48900 800.494 23.9114
24.49200 801.543 23.6823
24.49500 802.615 24.1121
24.49800 803.689 23.8028
24.50100 804.744 23.1434
24.50400 805.762 23.5702
24.50700 806.723 23.3
24.51000 807.613 23.7691
24.51300 808.417 24.4924
24.51600 809.124 23.3
24.51900 809.727 23.8095
24.52200 810.219 23.7826
24.52500 810.597 24.0772
24.52800 810.859 23.9114
24.53100 811.004 23.796
24.53400 811.03 24.0424
24.53700 810.936 23.4275
24.54000 810.721 23.4662
24.54300 810.382 22.99
24.54600 809.917 23.3253
24.54900 809.327 24.1402
24.55200 808.611 23.8163
24.55500 807.777 23.8569
24.55800 806.833 23.5833
24.56100 805.798 23.8569
24.56400 804.696 23.9114
24.56700 803.56 23.0205
24.57000 802.429 24.5366
24.57300 801.346 23.796
24.57600 800.358 23.2432
24.57900 799.515 23.6162
24.58200 798.862 23.1002
24.58500 798.447 23.2936
24.58800 798.312 23.0571
24.59100 798.496 23.6492
24.59400 799.034 23.0083
24.59700 799.956 23.0205
24.60000 801.287 24.0077
24.60300 803.045 23.1621
24.60600 805.244 23.7893
24.60900 807.89 23.1558
24.61200 810.984 23.1372
24.61500 814.522 23.5899
24.61800 818.49 23.2621
24.62100 822.87 23.4404
24.62400 827.634 23.1558
24.62700 832.747 23.4146
24.63000 838.167 23.8705
24.63300 843.843 23.9114
24.63600 849.715 24.0632
24.63900 855.721 24.2393
24.64200 861.794 23.7223
24.64500 867.867 23.6757
24.64800 873.879 23.9251
24.65100 879.776 24.4631
24.65400 885.514 23.9457
24.65700 891.063 24.0146
24.66000 896.4 24.383
24.66300 901.512 24.5293
24.66600 906.385 24.1825
24.66900 911.007 24.1402
24.67200 915.359 24.6034
24.67500 919.415 24.5662
24.67800 923.139 24.4998
24.68100 926.49 24.7083
24.68400 929.414 25.2217
24.68700 931.851 24.8146
24.69000 933.738 24.8606
24.69300 935.006 24.8069
24.69600 935.589 24.1614
24.69900 935.428 24.5514
24.70200 934.474 24.6482
24.70500 932.695 24.9068
24.70800 930.087 24.0424
24.71100 926.674 24.5145
24.71400 922.507 25.1339
24.71700 917.668 23.8977
24.72000 912.248 24.5662
24.72300 906.345 24.8913
24.72600 900.077 24.4412
24.72900 893.539 24.3975
24.73200 886.828 23.6162
24.73500 880.033 24.2893
24.73800 873.236 24.2109
24.74100 866.507 24.5959
24.74400 859.91 24.1192
24.74700 853.496 23.2873
24.75000 847.311 24.2607
24.75300 841.391 23.1807
24.75600 835.767 23.2936
24.75900 830.463 23.4275
24.76200 825.5 23.0571
24.76500 820.891 23.4082
24.76800 816.649 22.8575
24.77100 812.778 23.2119
24.77400 809.283 23.2307
24.77700 806.161 22.7626
24.78000 803.407 23.0633
24.78300 801.014 22.3663
24.78600 798.968 22.9054
24.78900 797.255 22.99
24.79200 795.856 22.5475
24.79500 794.75 23.0817
24.79800 793.914 22.6108
24.80100 793.323 22.9658
24.80400 792.949 22.6921
24.80700 792.766 23.3635
24.81000 792.743 22.5303
24.81300 792.852 23.0388
24.81600 793.063 23.338
24.81900 793.347 23.5768
24.82200 793.676 23.1187
24.82500 794.021 22.8515
24.82800 794.356 23.5702
24.83100 794.659 22.8635
24.83400 794.907 24.0285
24.83700 795.081 22.7038
24.84000 795.166 22.9175
24.84300 795.152 23.4468
24.84600 795.029 22.9476
24.84900 794.795 23.1249
24.85200 794.449 22.9416
24.85500 793.994 23.9457
24.85800 793.439 22.479
24.86100 792.791 23.051
24.86400 792.063 22.9597
24.86700 791.268 22.9718
24.87000 790.421 23.5441
24.87300 789.539 23.4404
24.87600 788.639 22.6572
24.87900 787.739 22.9779
24.88200 786.856 22.4677
24.88500 786.009 22.9658
24.88800 785.217 22.7331
24.89100 784.497 22.9718
24.89400 783.869 22.5075
24.89700 783.351 23.0266
24.90000 782.959 23.0205
24.90300 782.714 22.9355
24.90600 782.63 23.1249
24.90900 782.727 22.445
24.91200 783.02 22.7626
24.91500 783.526 23.3635
24.91800 784.261 22.6108
24.92100 785.241 22.5532
24.92400 786.48 22.804
24.92700 787.993 22.6572
24.93000 789.795 22.7862
24.93300 791.9 23.0694
24.93600 794.32 23.5571
24.93900 797.07 22.5762
24.94200 800.161 23.7089
24.94500 803.608 22.8994
24.94800 807.422 23.1434
24.95100 811.618 22.8456
24.95400 816.21 23.4339
24.95700 821.214 23.1311
24.96000 826.647 23.4404
24.96300 832.527 23.0571
24.96600 838.874 23.7893
24.96900 845.706 23.0144
24.97200 853.039 24.1262
24.97500 860.889 23.8366
24.97800 869.267 24.1192
24.98100 878.18 24.1402
24.98400 887.629 24.3252
24.98700 897.61 24.0563
24.99000 908.116 24.3613
24.99300 919.127 24.6557
24.99600 930.62 24.4266
24.99900 942.559 19.8263
25.00200 954.9 20.1292
25.00500 967.585 21.267
25.00800 980.546 22.1621
25.01100 993.704 22.7331
25.01400 1006.97 23.3316
25.01700 1020.24 23.389
25.02000 1033.4 24.1614
25.02300 1046.33 23.7557
25.02600 1058.9 24.0632
25.02900 1070.98 24.2678
25.03200 1082.44 24.7841
25.03500 1093.13 25.2217
25.03800 1102.91 24.4485
25.04100 1111.66 24.7385
25.04400 1119.24 24.7083
25.04700 1125.56 24.9145
25.05000 1130.52 24.8759
25.05300 1134.05 24.6482
25.05600 1136.1 24.7234
25.05900 1136.65 24.7917
25.06200 1135.71 24.6332
25.06500 1133.34 24.8299
25.06800 1129.58 25.1498
25.07100 1124.55 25.4989
25.07400 1118.35 26.0555
25.07700 1111.13 24.8529
25.08000 1103.05 24.7083
25.08300 1094.27 25.4824
25.08600 1084.99 25.777
25.08900 1075.38 24.4778
25.09200 1065.66 25.3347
25.09500 1056 25.1657
25.09800 1046.59 24.8222
25.10100 1037.62 24.4485
25.10400 1029.23 23.9594
25.10700 1021.56 23.5637
25.11000 1014.72 24.0911
25.11300 1008.78 23.8028
25.11600 1003.78 24.1614
25.11900 999.721 23.9046
25.12200 996.557 24.1825
25.12500 994.205 23.5899
25.12800 992.543 23.5702
25.13100 991.407 24.0077
25.13400 990.605 23.7156
25.13700 989.916 23.319
25.14000 989.104 23.7423
25.14300 987.939 24.0493
25.14600 986.194 23.8433
25.14900 983.67 24.0493
25.15200 980.212 23.8909
25.15500 975.72 24.3902
25.15800 970.157 24.1825
25.16100 963.553 24.1262
25.16400 955.996 24.1121
25.16700 947.622 24.0493
25.17000 938.6 23.7156
25.17300 929.117 23.4985
25.17600 919.367 24.2893
25.17900 909.542 23.0327
25.18200 899.824 23.338
25.18500 890.381 23.094
25.18800 881.362 22.8814
25.19100 872.897 23.5702
25.19400 865.094 23.4404
25.19700 858.039 23.0694
25.20000 851.8 23.1125
25.20300 846.425 22.4337
25.20600 841.943 22.4281
25.20900 838.37 21.9476
25.21200 835.711 22.739
25.21500 833.958 22.6339
25.21800 833.094 22.5075
25.22100 833.095 22.4904
25.22400 833.934 22.2773
25.22700 835.577 22.038
25.23000 837.986 22.7331
25.23300 841.118 23.0022
25.23600 844.928 22.8515
25.23900 849.366 22.9416
25.24200 854.38 22.9961
25.24500 859.91 22.7214
25.24800 865.897 22.6513
25.25100 872.272 23.1187
25.25400 878.964 22.99
25.25700 885.905 23.2621
25.26000 893.013 23.5115
25.26300 900.206 23.636
25.26600 907.398 23.2432
25.26900 914.502 23.1496
25.27200 921.427 23.5965
25.27500 928.078 23.4791
25.27800 934.361 24.2821
25.28100 940.178 24.2038
25.28400 945.435 23.3507
25.28700 950.039 23.6558
25.29000 953.903 23.5702
25.29300 956.948 23.603
25.29600 959.104 24.0981
25.29900 960.32 24.1967
25.30200 960.558 24.4924
25.30500 959.803 24.2464
25.30800 958.063 24.2038
25.31100 955.364 23.8841
25.31400 951.756 24.2251
25.31700 947.308 24.7461
25.32000 942.101 23.1063
25.32300 936.23 23.9663
25.32600 929.797 23.6691
25.32900 922.906 23.4404
25.33200 915.664 23.518
25.33500 908.174 22.5877
25.33800 900.536 23.1932
25.34100 892.843 23.1621
25.34400 885.181 23.0633
25.34700 877.628 22.9961
25.35000 870.253 22.8158
25.35300 863.113 22.663
25.35600 856.259 22.6397
25.35900 849.728 22.5819
25.36200 843.549 22.9235
25.36500 837.742 22.5303
25.36800 832.316 21.9634
25.37100 827.273 22.8934
25.37400 822.605 22.2222
25.37700 818.301 21.6982
25.38000 814.342 22.2387
25.38300 810.705 22.3495
25.38600 807.366 21.8687
25.38900 804.298 21.3931
25.39200 801.475 22.3217
25.39500 798.871 21.7959
25.39800 796.461 21.7237
25.40100 794.225 21.6422
25.40400 792.143 21.5415
25.40700 790.201 21.5365
25.41000 788.385 21.6321
25.41300 786.687 22.0755
25.41600 785.1 21.3736
25.41900 783.618 21.4226
25.42200 782.237 21.4571
25.42500 780.954 21.7649
25.42800 779.767 21.1006
25.43100 778.671 21.8582
25.43400 777.665 21.6169
25.43700 776.741 21.5866
25.44000 775.896 21.3736
25.44300 775.119 22.3272
25.44600 774.404 21.5816
25.44900 773.74 21.5415
25.45200 773.113 22.0702
25.45500 772.511 21.2238
25.45800 771.92 21.4029
25.46100 771.324 21.6422
25.46400 770.707 21.3443
25.46700 770.055 21.6473
25.47000 769.355 21.6371
25.47300 768.596 21.8739
25.47600 767.772 21.4472
25.47900 766.879 21.0538
25.48200 765.92 21.6523
25.48500 764.902 21.3589
25.48800 763.834 21.5766
25.49100 762.729 21.4472
25.49400 761.601 21.2095
25.49700 760.464 21.5565
25.50000 759.332 21.8114
25.50300 758.219 21.5967
25.50600 757.135 21.3931
25.50900 756.093 21.0772
25.51200 755.1 21.1383
25.51500 754.164 21.6574
25.51800 753.289 21.267
25.52100 752.48 21.4127
25.52400 751.738 21.0398
25.52700 751.064 21.3056
25.53000 750.456 21.5066
25.53300 749.912 21.219
25.53600 749.429 21.3833
25.53900 749.003 21.462
25.54200 748.63 21.3589
25.54500 748.306 21.3395
25.54800 748.026 20.9061
25.55100 747.785 21.398
25.55400 747.581 20.998
25.55700 747.407 20.9427
25.56000 747.263 21.1006
25.56300 747.143 20.748
25.56600 747.045 21.7289
25.56900 746.968 21.4521
25.57200 746.909 21.3589
25.57500 746.866 21.3931
25.57800 746.837 21.0119
25.58100 746.822 21.1809
25.58400 746.82 21.0631
25.58700 746.83 21.2286
25.59000 746.85 21.6118
25.59300 746.881 20.9842
25.59600 746.92 21.5166
25.59900 746.964 21.0027
25.60200 747.022 21.4324
25.60500 747.087 21.5216
25.60800 747.16 21.3492
25.61100 747.241 21.2766
25.61400 747.328 21.3638
25.61700 747.423 21.1147
25.62000 747.524 20.6857
25.62300 747.632 21.1525
25.62600 747.748 20.739
25.62900 747.873 21.3736
25.63200 748.006 21.3298
25.63500 748.15 21.3104
25.63800 748.305 21.0585
25.64100 748.474 21.7959
25.64400 748.659 21.8114
25.64700 748.86 21.2
25.65000 749.08 21.1572
25.65300 749.321 21.0912
25.65600 749.584 20.7748
25.65900 749.871 21.2959
25.66200 750.182 21.1194
25.66500 750.519 20.5152
25.66800 750.882 21.2286
25.67100 751.272 21.5515
25.67400 751.689 21.1572
25.67700 752.135 20.9703
25.68000 752.61 20.8198
25.68300 753.117 21.9317
25.68600 753.659 21.6625
25.68900 754.241 21.5917
25.69200 754.872 22.0755
25.69500 755.561 21.5066
25.69800 756.325 21.6574
25.70100 757.183 21.7494
25.70400 758.161 21.8166
25.70700 759.292 21.8949
25.71000 760.614 21.4967
25.71300 762.175 21.4669
25.71600 764.028 21.7084
25.71900 766.229 21.4324
25.72200 768.841 21.4275
25.72500 771.925 21.5216
25.72800 775.542 21.6321
25.73100 779.744 21.9317
25.73400 784.573 21.9159
25.73700 790.057 21.4719
25.74000 796.203 22.7626
25.74300 802.994 21.9634
25.74600 810.385 22.4961
25.74900 818.299 22.4733
25.75200 826.628 22.9355
25.75500 835.232 23.7223
25.75800 843.936 22.3328
25.76100 852.543 23.4018
25.76400 860.828 23.0388
25.76700 868.549 23.3954
25.77000 875.452 23.6426
25.77300 881.28 23.6691
25.77600 885.795 23.7423
25.77900 888.79 23.4146
25.78200 890.12 23.5965
25.78500 889.717 23.7423
25.78800 887.601 23.7289
25.79100 883.878 23.7023
25.79400 878.726 23.7557
25.79700 872.373 23.1807
25.80000 865.074 22.8099
25.80300 857.09 22.4961
25.80600 848.675 22.739
25.80900 840.068 22.9658
25.81200 831.479 22.3328
25.81500 823.095 22.8515
25.81800 815.067 22.2828
25.82100 807.515 22.445
25.82400 800.528 22.1349
25.82700 794.162 22.3607
25.83000 788.447 22.2828
25.83300 783.384 22.3217
25.83600 778.956 21.1714
25.83900 775.13 21.3056
25.84200 771.861 22.1839
25.84500 769.093 21.5465
25.84800 766.771 21.0912
25.85100 764.837 21.9317
25.85400 763.233 21.6676
25.85700 761.908 22.1839
25.86000 760.814 21.7649
25.86300 759.907 21.7649
25.86600 759.152 21.9847
25.86900 758.517 21.2718
25.87200 757.975 21.2574
25.87500 757.504 22.0273
25.87800 757.088 21.8582
25.88100 756.71 21.5866
25.88400 756.361 22.1241
25.88700 756.03 21.4324
25.89000 755.712 21.99
25.89300 755.401 21.5565
25.89600 755.093 21.5216
25.89900 754.787 21.7033
25.90200 754.479 21.6523
25.90500 754.171 21.8114
25.90800 753.862 21.4423
25.91100 753.552 22.1295
25.91400 753.242 21.5766
25.91700 752.934 20.9519
25.92000 752.629 21.7907
25.92300 752.328 21.8896
25.92600 752.033 21.4127
25.92900 751.746 21.267
25.93200 751.469 21.7907
25.93500 751.202 21.9212
25.93800 750.949 21.5967
25.94100 750.711 21.5415
25.94400 750.49 21.3492
25.94700 750.287 21.1241
25.95000 750.104 21.5716
25.95300 749.942 21.1809
25.95600 749.804 21.9001
25.95900 749.69 21.1525
25.96200 749.603 21.6727
25.96500 749.545 21.8114
25.96800 749.518 21.6982
25.97100 749.524 21.4275
25.97400 749.565 21.827
25.97700 749.646 21.7084
25.98000 749.769 21.3492
25.98300 749.94 21.4669
25.98600 750.163 21.0119
25.98900 750.444 20.7748
25.99200 750.792 21.5016
25.99500 751.215 21.3833
25.99800 751.721 21.5166
26.00100 752.322 21.7907
26.00400 753.028 21.0772
26.00700 753.852 21.4324
26.01000 754.805 21.3346
26.01300 755.9 21.9054
26.01600 757.147 21.5216
26.01900 758.557 21.5465
26.02200 760.138 21.9953
26.02500 761.898 21.9159
26.02800 763.841 21.8218
26.03100 765.97 21.5967
26.03400 768.285 21.9634
26.03700 770.785 21.4669
26.04000 773.466 21.6169
26.04300 776.324 21.5917
26.04600 779.355 21.4226
26.04900 782.559 21.8062
26.05200 785.936 22.5075
26.05500 789.488 22.2003
26.05800 793.215 21.8792
26.06100 797.116 22.1894
26.06400 801.183 22.2222
26.06700 805.402 22.2828
26.07000 809.752 22.6224
26.07300 814.204 22.6397
26.07600 818.721 21.6777
26.07900 823.259 22.2277
26.08200 827.766 22.9537
26.08500 832.183 22.3943
26.08800 836.448 22.5589
26.09100 840.492 22.5935
26.09400 844.248 23.3954
26.09700 847.646 22.4394
26.10000 850.62 22.6805
26.10300 853.113 22.6166
26.10600 855.074 22.5819
26.10900 856.464 22.1349
26.11200 857.258 22.7214
26.11500 857.446 22.984
26.11800 857.033 22.9658
26.12100 856.036 22.6921
26.12400 854.488 23.2182
26.12700 852.431 22.6863
26.13000 849.918 23.1249
26.13300 847.005 22.8874
26.13600 843.753 22.6108
26.13900 840.225 23.2119
26.14200 836.484 22.6863
26.14500 832.59 22.605
26.14800 828.605 22.2497
26.15100 824.582 22.5018
26.15400 820.573 22.2442
26.15700 816.625 22.2222
26.16000 812.779 22.2552
26.16300 809.073 22.5246
26.16600 805.537 21.9634
26.16900 802.2 22.4563
26.17200 799.082 21.8478
26.17500 796.202 21.7803
26.17800 793.574 22.2607
26.18100 791.208 22.173
26.18400 789.111 22.479
26.18700 787.288 21.974
26.19000 785.739 21.9529
26.19300 784.463 21.4917
26.19600 783.459 21.9265
26.19900 782.721 22.3384
26.20200 782.244 21.7803
26.20500 782.022 21.267
26.20800 782.047 21.7186
26.21100 782.312 21.7135
26.21400 782.811 22.5132
26.21700 783.537 22.6921
26.22000 784.483 22.1241
26.22300 785.647 22.1785
26.22600 787.025 22.4168
26.22900 788.615 21.8635
26.23200 790.419 22.038
26.23500 792.44 22.605
26.23800 794.683 22.6805
26.24100 797.159 22.5075
26.24400 799.88 21.8166
26.24700 802.86 21.9847
26.25000 806.115 22.2497
26.25300 809.66 22.5132
26.25600 813.511 22.6108
26.25900 817.677 22.1894
26.26200 822.161 22.7803
26.26500 826.961 22.7685
26.26800 832.064 22.6921
26.27100 837.447 22.4112
26.27400 843.077 22.1349
26.27700 848.91 22.8218
26.28000 854.89 22.6455
26.28300 860.952 23.281
26.28600 867.02 23.1187
26.28900 873.008 23.1683
26.29200 878.827 23.319
26.29500 884.378 22.8515
26.29800 889.565 23.3635
26.30100 894.293 22.9961
26.30400 898.474 23.636
26.30700 902.033 22.8695
26.31000 904.916 23.6691
26.31300 907.088 23.636
26.31600 908.542 23.1311
26.31900 909.295 23.4597
26.32200 909.387 23.7023
26.32500 908.879 24.3613
26.32800 907.843 23.3
26.33100 906.363 23.9457
26.33400 904.524 24.0146
26.33700 902.414 22.9416
26.34000 900.115 23.8163
26.34300 897.705 23.518
26.34600 895.254 23.0083
26.34900 892.826 22.9416
26.35200 890.474 23.338
26.35500 888.242 23.9114
26.35800 886.168 23.2057
26.36100 884.278 23.7356
26.36400 882.591 23.4018
26.36700 881.12 23.2119
26.37000 879.872 23.2495
26.37300 878.851 23.1372
26.37600 878.061 23.4856
26.37900 877.505 23.2432
26.38200 877.195 23.5833
26.38500 877.147 23.1434
26.38800 877.391 23.3316
26.39100 877.97 23.4985
26.39400 878.943 23.5899
26.39700 880.391 23.492
26.40000 882.414 24.0772
26.40300 885.136 23.5899
26.40600 888.702 23.6823
26.40900 893.284 24.1614
26.41200 899.072 23.636
26.41500 906.277 23.7423
26.41800 915.124 23.9732
26.42100 925.848 24.5588
26.42400 938.688 24.7537
26.42700 953.874 23.8366
26.43000 971.623 24.544
26.43300 992.122 24.93
26.43600 1015.52 25.278
26.43900 1041.91 25.6833
26.44200 1071.33 26.0025
26.44500 1103.72 25.7941
26.44800 1138.96 26.029
26.45100 1176.81 26.0113
26.45400 1216.95 26.9876
26.45700 1258.93 27.0369
26.46000 1302.23 27.3793
26.46300 1346.21 28.3296
26.46600 1390.13 28.0717
26.46900 1433.17 28.5481
26.47200 1474.45 29.6174
26.47500 1513.04 30.3449
26.47800 1548 30.1786
26.48100 1578.39 31.544
26.48400 1603.4 31.75
26.48700 1622.3 31.7021
26.49000 1634.62 31.8788
26.49300 1640.11 32.3592
26.49600 1638.8 32.1246
26.49900 1631 32.1578
26.50200 1617.23 32.0915
26.50500 1598.2 32.3085
26.50800 1574.72 31.4347
26.51100 1547.66 31.0087
26.51400 1517.86 30.9938
26.51700 1486.14 29.6565
26.52000 1453.26 29.5141
26.52300 1419.9 29.5527
26.52600 1386.65 29.0252
26.52900 1354.04 28.9278
26.53200 1322.53 28.2617
26.53500 1292.51 28.6065
26.53800 1264.29 27.7671
26.54100 1238.14 27.8423
26.54400 1214.22 27.5137
26.54700 1192.62 26.9386
26.55000 1173.37 27.2367
26.55300 1156.42 26.9484
26.55600 1141.63 26.9582
26.55900 1128.84 26.6785
26.56200 1117.84 26.3249
26.56500 1108.37 26.6123
26.56800 1100.17 26.0909
26.57100 1092.98 26.2432
26.57400 1086.53 26.1265
26.57700 1080.57 26.1354
26.58000 1074.9 25.7087
26.58300 1069.33 26.029
26.58600 1063.69 25.5405
26.58900 1057.86 25.8027
26.59200 1051.75 25.1737
26.59500 1045.31 25.5321
26.59800 1038.5 25.1259
26.60100 1031.32 25.1498
26.60400 1023.76 26.2432
26.60700 1015.87 24.544
26.61000 1007.7 25.0706
26.61300 999.28 24.9455
26.61600 990.691 25.2861
26.61900 981.995 24.5959
26.62200 973.259 24.4266
26.62500 964.552 24.2109
26.62800 955.937 23.7624
26.63100 947.475 24.1755
26.63400 939.23 23.9732
26.63700 931.251 23.9939
26.64000 923.587 23.9801
26.64300 916.28 23.8909
26.64600 909.367 23.8977
26.64900 902.879 23.6426
26.65200 896.844 23.0144
26.65500 891.283 24.0772
26.65800 886.212 23.1558
26.66100 881.644 22.9779
26.66400 877.586 23.4211
26.66700 874.043 23.5376
26.67000 871.015 22.9658
26.67300 868.501 23.1249
26.67600 866.494 22.8755
26.67900 864.991 22.2497
26.68200 863.984 23.0083
26.68500 863.468 23.3571
26.68800 863.44 23.1807
26.69100 863.9 23.0694
26.69400 864.853 23.1002
26.69700 866.31 22.8158
26.70000 868.294 23.7156
26.70300 870.834 23.796
26.70600 873.976 23.2747
26.70900 877.777 24.0215
26.71200 882.31 23.9732
26.71500 887.663 23.9663
26.71800 893.939 23.7893
26.72100 901.25 24.5959
26.72400 909.717 24.544
26.72700 919.462 24.2821
26.73000 930.601 24.6332
26.73300 943.234 25.0864
26.73600 957.44 24.4704
26.73900 973.263 24.7993
26.74200 990.704 25.4493
26.74500 1009.72 25.3104
26.74800 1030.19 25.0549
26.75100 1051.96 25.7087
26.75400 1074.79 25.7172
26.75700 1098.37 26.1981
26.76000 1122.33 25.985
26.76300 1146.22 26.2071
26.76600 1169.54 27.6395
26.76900 1191.76 26.5279
26.77200 1212.27 27.3077
26.77500 1230.48 27.8856
26.77800 1245.78 26.9778
26.78100 1257.6 27.6079
26.78400 1265.47 27.9508
26.78700 1269.01 27.9182
26.79000 1268.02 28.3069
26.79300 1262.47 27.6184
26.79600 1252.52 27.6079
26.79900 1238.49 27.2367
26.80200 1220.83 27.1163
26.80500 1200.11 27.6606
26.80800 1176.92 26.8899
26.81100 1151.88 26.6406
26.81400 1125.58 26.9289
26.81700 1098.6 25.889
26.82000 1071.47 25.9412
26.82300 1044.65 25.95
26.82600 1018.56 25.8803
26.82900 993.522 24.9688
26.83200 969.82 25
26.83500 947.655 25.2538
26.83800 927.166 24.6557
26.84100 908.431 24.0077
26.84400 891.475 24.0772
26.84700 876.277 23.8909
26.85000 862.777 23.4726
26.85300 850.884 23.5965
26.85600 840.488 22.9355
26.85900 831.465 22.9416
26.86200 823.685 22.6863
26.86500 817.022 23.0022
26.86800 811.352 23.0449
26.87100 806.565 23.3444
26.87400 802.561 21.1667
26.87700 799.249 18.9422
26.88000 796.553 20.2031
26.88300 794.406 21.1194
26.88600 792.749 21.1147
26.88900 791.531 21.267
26.89200 790.711 21.3152
26.89500 790.251 21.7289
26.89800 790.118 21.4373
26.90100 790.284 21.4868
26.90400 790.723 21.0678
26.90700 791.413 21.5866
26.91000 792.331 21.8114
26.91300 793.459 21.6017
26.91600 794.775 21.77
26.91900 796.261 22.2497
26.92200 797.897 21.693
26.92500 799.663 21.2622
26.92800 801.537 21.1289
26.93100 803.498 21.6371
26.93400 805.525 21.6371
26.93700 807.595 21.3201
26.94000 809.686 21.8896
26.94300 811.774 21.7033
26.94600 813.837 21.4029
26.94900 815.852 21.5515
26.95200 817.797 21.5615
26.95500 819.65 21.2718
26.95800 821.391 21.398
26.96100 823.001 22.0971
26.96400 824.46 21.937
26.96700 825.755 21.2959
26.97000 826.872 21.827
26.97300 827.801 21.6982
26.97600 828.537 21.9953
26.97900 829.077 21.8322
26.98200 829.423 21.4768
26.98500 829.58 21.6473
26.98800 829.557 21.974
26.99100 829.364 21.9265
26.99400 829.015 21.693
26.99700 828.525 21.3298
27.00000 827.909 21.7186
27.00300 827.185 21.5565
27.00600 826.37 21.6982
27.00900 825.481 21.9634
27.01200 824.536 22.0917
27.01500 823.557 22.1241
27.01800 822.565 21.6473
27.02100 821.585 21.8114
27.02400 820.646 21.6422
27.02700 819.783 21.7186
27.03000 819.035 21.9317
27.03300 818.452 21.937
27.03600 818.089 21.77
27.03900 818.013 21.9793
27.04200 818.304 22.2387
27.04500 819.054 22.0219
27.04800 820.37 21.8322
27.05100 822.374 22.8337
27.05400 825.206 22.5532
27.05700 829.02 22.2222
27.06000 833.986 22.5762
27.06300 840.283 22.7862
27.06600 848.099 22.3607
27.06900 857.621 23.0449
27.07200 869.028 22.5532
27.07500 882.482 23.1249
27.07800 898.114 23.1434
27.08100 916.016 23.319
27.08400 936.225 23.5245
27.08700 958.71 23.1807
27.09000 983.364 23.7826
27.09300 1009.99 24.731
27.09600 1038.31 24.3252
27.09900 1067.92 24.9844
27.10200 1098.36 25.4576
27.10500 1129.03 25.4082
27.10800 1159.28 25.8113
27.11100 1188.35 26.2522
27.11400 1215.46 26.1891
27.11700 1239.77 26.2342
27.12000 1260.44 26.669
27.12300 1276.67 27.2772
27.12600 1287.8 27.0765
27.12900 1293.3 27.2367
27.13200 1292.89 27.7992
27.13500 1286.56 27.8747
27.13800 1274.53 27.3281
27.14100 1257.31 26.6596
27.14400 1235.55 26.7836
27.14700 1210.04 26.5372
27.15000 1181.61 25.6158
27.15300 1151.12 25.6495
27.15600 1119.37 24.7159
27.15900 1087.12 25.3755
27.16200 1055.06 25.1896
27.16500 1023.77 24.9377
27.16800 993.758 24.3037
27.17100 965.415 23.7691
27.17400 939.044 23.6823
27.17700 914.847 23.1063
27.18000 892.941 23.7826
27.18300 873.36 22.8994
27.18600 856.072 23.4018
27.18900 840.987 22.479
27.19200 827.973 22.4112
27.19500 816.867 22.739
27.19800 807.487 22.0971
27.20100 799.641 21.8949
27.20400 793.139 22.3217
27.20700 787.797 22.5935
27.21000 783.442 22.445
27.21300 779.919 22.2884
27.21600 777.088 21.5465
27.21900 774.828 21.4472
27.22200 773.036 21.8844
27.22500 771.626 21.0538
27.22800 770.528 21.5666
27.23100 769.686 21.9054
27.23400 769.054 22.1133
27.23700 768.601 21.2622
27.24000 768.299 20.9934
27.24300 768.131 21.3104
27.24600 768.085 21.243
27.24900 768.153 21.2047
27.25200 768.332 20.8063
27.25500 768.62 21.3882
27.25800 769.02 21.243
27.26100 769.535 21.0445
27.26400 770.169 21.5716
27.26700 770.93 21.0725
27.27000 771.823 21.1525
27.27300 772.858 21.4373
27.27600 774.044 20.5455
27.27900 775.392 21.3931
27.28200 776.912 21.0772
27.28500 778.618 21.2334
27.28800 780.525 20.4337
27.29100 782.649 21.1714
27.29400 785.009 21.1857
27.29700 787.626 21.0631
27.30000 790.525 21.143
27.30300 793.735 20.7435
27.30600 797.287 20.7703
27.30900 801.215 21.4917
27.31200 805.559 21.1572
27.31500 810.358 21.6371
27.31800 815.655 21.3931
27.32100 821.498 21.8687
27.32400 827.929 21.4719
27.32700 834.994 21.6625
27.33000 842.734 22.1948
27.33300 851.184 21.3833
27.33600 860.375 21.853
27.33900 870.326 22.3105
27.34200 881.046 22.5417
27.34500 892.527 22.4168
27.34800 904.746 22.1241
27.35100 917.657 23.1311
27.35400 931.192 23.2621
27.35700 945.248 22.9779
27.36000 959.714 23.6294
27.36300 974.448 23.6624
27.36600 989.27 24.3757
27.36900 1003.98 23.1311
27.37200 1018.36 23.9663
27.37500 1032.17 24.1473
27.37800 1045.17 24.6332
27.38100 1057.11 25.1022
27.38400 1067.75 24.4193
27.38700 1076.87 24.2251
27.39000 1084.29 24.5959
27.39300 1089.85 24.3685
27.39600 1093.43 24.961
27.39900 1094.98 25.118
27.40200 1094.46 25.1737
27.40500 1091.92 24.2607
27.40800 1087.41 24.318
27.41100 1081.06 24.6407
27.41400 1073.04 24.3685
27.41700 1063.51 24.383
27.42000 1052.7 24.3975
27.42300 1040.83 24.4998
27.42600 1028.12 24.6108
27.42900 1014.79 24.3613
27.43200 1001.05 24.218
27.43500 987.1 24.1684
27.43800 973.115 23.3444
27.44100 959.253 23.6096
27.44400 945.655 23.1683
27.44700 932.44 23.0144
27.45000 919.708 22.605
27.45300 907.541 22.2277
27.45600 896.004 22.8515
27.45900 885.143 21.8844
27.46200 874.99 21.9317
27.46500 865.564 22.2773
27.46800 856.872 22.173
27.47100 848.908 21.5016
27.47400 841.661 21.8739
27.47700 835.112 22.2003
27.48000 829.239 21.974
27.48300 824.019 21.7597
27.48600 819.429 21.8374
27.48900 815.449 21.5515
27.49200 812.065 21.5615
27.49500 809.268 21.462
27.49800 807.055 21.3007
27.50100 805.428 21.627
27.50400 804.418 21.3104
27.50700 804.042 21.4226
27.51000 804.338 21.8949
27.51300 805.35 21.6017
27.51600 807.132 21.6523
27.51900 809.746 21.9687
27.52200 813.259 21.4768
27.52500 817.744 21.8844
27.52800 823.271 21.4967
27.53100 829.912 22.5189
27.53400 837.728 22.3384
27.53700 846.773 21.6777
27.54000 857.084 21.77
27.54300 868.68 22.3663
27.54600 881.554 22.4337
27.54900 895.672 21.8322
27.55200 910.966 22.605
27.55500 927.334 23.2432
27.55800 944.638 23.0022
27.56100 962.697 22.9235
27.56400 981.295 23.0756
27.56700 1000.17 23.1621
27.57000 1019.05 23.7023
27.57300 1037.58 23.7557
27.57600 1055.43 23.636
27.57900 1072.22 23.796
27.58200 1087.56 24.3613
27.58500 1101.07 24.4485
27.58800 1112.37 24.4704
27.59100 1121.14 24.4485
27.59400 1127.09 25.3429
27.59700 1130.03 24.7841
27.60000 1129.87 25.1498
27.60300 1126.6 24.8146
27.60600 1120.35 24.7537
27.60900 1111.32 24.6707
27.61200 1099.8 24.5662
27.61500 1086.12 24.3037
27.61800 1070.65 24.5072
27.62100 1053.77 24.2965
27.62400 1035.88 23.9663
27.62700 1017.33 23.4597
27.63000 998.464 23.0327
27.63300 979.608 23.0022
27.63600 961.041 23.4146
27.63900 943.007 22.7803
27.64200 925.714 22.2003
27.64500 909.331 22.4847
27.64800 893.99 22.0594
27.65100 879.782 22.6805
27.65400 866.766 22.1621
27.65700 854.971 21.8166
27.66000 844.395 21.8844
27.66300 835.013 22.5132
27.66600 826.782 21.6219
27.66900 819.641 21.6473
27.67200 813.521 21.6371
27.67500 808.344 21.8478
27.67800 804.028 21.2526
27.68100 800.491 21.9581
27.68400 797.652 21.6523
27.68700 795.431 21.693
27.69000 793.758 21.6118
27.69300 792.563 21.6828
27.69600 791.787 21.77
27.69900 791.375 21.2382
27.70200 791.279 22.0648
27.70500 791.459 21.5766
27.70800 791.882 21.4669
27.71100 792.521 21.6879
27.71400 793.356 21.4275
27.71700 794.374 21.3249
27.72000 795.571 21.3249
27.72300 796.947 21.7289
27.72600 798.51 21.6828
27.72900 800.275 21.5265
27.73200 802.258 22.0326
27.73500 804.48 21.9159
27.73800 806.964 22.0326
27.74100 809.737 21.8949
27.74400 812.825 22.4904
27.74700 816.258 21.5766
27.75000 820.065 22.2884
27.75300 824.276 22.1894
27.75600 828.924 21.7649
27.75900 834.04 21.4078
27.76200 839.654 22.0006
27.76500 845.798 22.6513
27.76800 852.503 22.2994
27.77100 859.798 22.5303
27.77400 867.709 22.6166
27.77700 876.261 22.3328
27.78000 885.476 22.8994
27.78300 895.371 22.5189
27.78600 905.958 22.5589
27.78900 917.243 22.8755
27.79200 929.227 23.2182
27.79500 941.9 23.3063
27.79800 955.246 23.051
27.80100 969.239 23.1434
27.80400 983.844 23.1745
27.80700 999.015 23.0756
27.81000 1014.69 23.7356
27.81300 1030.82 24.1755
27.81600 1047.3 23.9457
27.81900 1064.06 23.3316
27.82200 1081 24.0424
27.82500 1098 24.412
27.82800 1114.96 24.8759
27.83100 1131.73 24.5885
27.83400 1148.18 25.1022
27.83700 1164.18 24.4924
27.84000 1179.58 25.0627
27.84300 1194.22 25.5655
27.84600 1207.94 25.1339
27.84900 1220.61 25.9412
27.85200 1232.06 26.5093
27.85500 1242.15 26.4351
27.85800 1250.75 26.4628
27.86100 1257.75 26.2161
27.86400 1263.03 26.7548
27.86700 1266.52 26.7836
27.87000 1268.17 26.6596
27.87300 1267.94 27.027
27.87600 1265.84 26.774
27.87900 1261.89 27.0567
27.88200 1256.15 27.1964
27.88500 1248.7 26.7452
27.88800 1239.63 27.1964
27.89100 1229.07 26.3249
27.89400 1217.15 26.7261
27.89700 1204.01 25.7941
27.90000 1189.8 26.1265
27.90300 1174.67 25.5155
27.90600 1158.78 25.5155
27.90900 1142.29 25.8803
27.91200 1125.35 24.731
27.91500 1108.11 24.8529
27.91800 1090.7 24.5588
27.92100 1073.28 24.4193
27.92400 1055.95 24.1402
27.92700 1038.84 23.505
27.93000 1022.07 23.9525
27.93300 1005.72 24.1051
27.93600 989.875 23.7423
27.93900 974.62 23.1932
27.94200 960.014 23.2057
27.94500 946.109 22.3161
27.94800 932.947 22.536
27.95100 920.558 22.2442
27.95400 908.962 22.2939
27.95700 898.169 22.5532
27.96000 888.181 21.734
27.96300 878.99 22.3719
27.96600 870.584 22.4112
27.96900 862.94 21.627
27.97200 856.033 21.8426
27.97500 849.831 22.1676
27.97800 844.297 21.9001
27.98100 839.394 21.9953
27.98400 835.08 21.9687
27.98700 831.311 22.1621
27.99000 828.044 21.7649
27.99300 825.234 22.1785
27.99600 822.836 21.6371
27.99900 820.808 21.9687
28.00200 819.106 22.1676
28.00500 817.691 22.2552
28.00800 816.523 21.7391
28.01100 815.566 22.2773
28.01400 814.786 21.5365
28.01700 814.151 21.4768
28.02000 813.632 21.8322
28.02300 813.203 22.1567
28.02600 812.841 21.7546
28.02900 812.525 21.7237
28.03200 812.238 22.0113
28.03500 811.964 21.8478
28.03800 811.692 21.4373
28.04100 811.413 21.9317
28.04400 811.121 21.7186
28.04700 810.812 21.4917
28.05000 810.484 21.6473
28.05300 810.137 22.0541
28.05600 809.773 22.0917
28.05900 809.395 21.5265
28.06200 809.006 21.99
28.06500 808.613 21.8218
28.06800 808.218 21.398
28.07100 807.828 21.8166
28.07400 807.448 21.3249
28.07700 807.083 21.734
28.08000 806.737 21.0305
28.08300 806.416 21.7237
28.08600 806.125 21.4818
28.08900 805.868 21.6219
28.09200 805.648 21.4029
28.09500 805.472 21.398
28.09800 805.343 20.8288
28.10100 805.266 21.4768
28.10400 805.245 21.627
28.10700 805.287 21.6625
28.11000 805.393 21.5216
28.11300 805.574 21.6523
28.11600 805.836 21.8687
28.11900 806.183 21.6473
28.12200 806.624 22.0059
28.12500 807.166 21.5766
28.12800 807.817 21.9212
28.13100 808.587 21.9529
28.13400 809.483 21.5615
28.13700 810.516 21.2959
28.14000 811.692 21.5016
28.14300 813.021 21.2911
28.14600 814.507 22.0594
28.14900 816.159 21.3736
28.15200 817.981 21.8844
28.15500 819.981 21.5465
28.15800 822.163 21.9847
28.16100 824.532 21.9476
28.16400 827.092 21.9529
28.16700 829.846 22.3161
28.17000 832.795 22.5189
28.17300 835.938 22.4394
28.17600 839.273 22.0541
28.17900 842.797 21.8114
28.18200 846.506 22.9175
28.18500 850.397 23.0205
28.18800 854.462 22.2387
28.19100 858.697 22.804
28.19400 863.093 23.094
28.19700 867.641 22.4281
28.20000 872.331 23.5506
28.20300 877.149 23.0388
28.20600 882.082 23.3954
28.20900 887.116 23.2495
28.21200 892.234 23.0879
28.21500 897.421 23.2182
28.21800 902.662 23.0022
28.22100 907.94 23.338
28.22400 913.242 23.237
28.22700 918.557 23.531
28.23000 923.875 23.1558
28.23300 929.186 23.5506
28.23600 934.487 23.8705
28.23900 939.774 23.9801
28.24200 945.043 24.2251
28.24500 950.295 24.2678
28.24800 955.528 24.0563
28.25100 960.74 25.0313
28.25400 965.927 24.544
28.25700 971.083 24.8299
28.26000 976.201 24.8299
28.26300 981.267 25.1896
28.26600 986.266 25.6833
28.26900 991.178 25.3918
28.27200 995.979 25.5571
28.27500 1000.64 26.1622
28.27800 1005.13 25.4741
28.28100 1009.41 25.4164
28.28400 1013.44 26.2522
28.28700 1017.17 25.8199
28.29000 1020.56 26.082
28.29300 1023.56 26.3615
28.29600 1026.12 26.4351
28.29900 1028.18 26.2071
28.30200 1029.7 25.6242
28.30500 1030.63 26.2522
28.30800 1030.93 26.2432
28.31100 1030.57 26.2613
28.31400 1029.52 26.5093
28.31700 1027.76 25.5822
28.32000 1025.29 26.7932
28.32300 1022.1 25.7513
28.32600 1018.2 26.2613
28.32900 1013.61 26.0201
28.33200 1008.35 25.7599
28.33500 1002.45 25.8717
28.33800 995.955 24.7159
28.34100 988.915 25.1816
28.34400 981.387 25.3023
28.34700 973.436 24.4558
28.35000 965.136 24.2678
28.35300 956.563 24.8529
28.35600 947.796 23.9525
28.35900 938.916 23.9182
28.36200 929.999 23.5571
28.36500 921.118 24.3252
28.36800 912.343 23.6823
28.37100 903.735 23.5965
28.37400 895.35 23.0449
28.37700 887.238 22.8099
28.38000 879.44 23.1869
28.38300 871.991 22.9779
28.38600 864.917 22.8575
28.38900 858.239 22.2332
28.39200 851.969 22.7038
28.39500 846.116 22.6572
28.39800 840.679 23.1372
28.40100 835.656 22.804
28.40400 831.037 22.7508
28.40700 826.811 22.1785
28.41000 822.962 21.7135
28.41300 819.472 22.3943
28.41600 816.323 21.9423
28.41900 813.492 22.3831
28.42200 810.957 21.974
28.42500 808.698 22.1512
28.42800 806.69 22.0755
28.43100 804.915 21.6473
28.43400 803.347 22.0326
28.43700 801.968 22.2994
28.44000 800.759 22.0755
28.44300 799.703 22.6224
28.44600 798.784 21.7443
28.44900 797.986 21.6676
28.45200 797.296 22.0433
28.45500 796.703 21.5816
28.45800 796.196 21.3687
28.46100 795.766 22.0326
28.46400 795.402 21.4917
28.46700 795.099 21.7391
28.47000 794.849 21.3736
28.47300 794.645 21.5016
28.47600 794.481 22.0059
28.47900 794.354 21.2622
28.48200 794.257 21.7752
28.48500 794.186 21.7033
28.48800 794.138 21.5265
28.49100 794.11 22.2332
28.49400 794.098 21.5917
28.49700 794.099 21.2382
28.50000 794.112 21.4818
28.50300 794.136 21.5565
28.50600 794.168 21.8478
28.50900 794.207 21.0959
28.51200 794.255 21.6169
28.51500 794.31 22.0809
28.51800 794.372 20.8288
28.52100 794.443 21.7186
28.52400 794.523 21.4669
28.52700 794.614 21.3056
28.53000 794.717 21.7597
28.53300 794.835 21.6473
28.53600 794.97 21.0119
28.53900 795.127 21.3298
28.54200 795.308 22.0059
28.54500 795.519 21.7494
28.54800 795.764 20.6857
28.55100 796.051 21.4768
28.55400 796.385 21.1147
28.55700 796.774 21.2382
28.56000 797.224 21.4768
28.56300 797.745 21.4669
28.56600 798.346 21.4818
28.56900 799.036 21.2862
28.57200 799.826 21.2766
28.57500 800.728 21.6219
28.57800 801.752 21.2911
28.58100 802.909 21.801
28.58400 804.212 21.5365
28.58700 805.671 21.6422
28.59000 807.296 21.0585
28.59300 809.095 22.2003
28.59600 811.077 21.4127
28.59900 813.249 21.5116
28.60200 815.615 21.77
28.60500 818.18 22.2662
28.60800 820.947 20.9061
28.61100 823.916 22.2662
28.61400 827.089 21.6982
28.61700 830.464 21.4967
28.62000 834.037 21.9317
28.62300 837.804 21.462
28.62600 841.755 21.9793
28.62900 845.879 21.7084
28.63200 850.162 22.3217
28.63500 854.587 22.663
28.63800 859.135 22.2387
28.64100 863.78 22.6108
28.64400 868.499 22.8994
28.64700 873.264 22.6281
28.65000 878.044 23.0144
28.65300 882.81 22.6397
28.65600 887.529 23.5376
28.65900 892.17 23.2182
28.66200 896.7 23.0817
28.66500 901.091 23.3826
28.66800 905.315 23.281
28.67100 909.349 23.7826
28.67400 913.177 23.8909
28.67700 916.786 24.1192
28.68000 920.173 23.6294
28.68300 923.339 23.7023
28.68600 926.293 24.3108
28.68900 929.049 23.5441
28.69200 931.628 24.0215
28.69500 934.056 24.1684
28.69800 936.363 24.6782
28.70100 938.585 24.3541
28.70400 940.76 25.4658
28.70700 942.93 24.4704
28.71000 945.139 24.0981
28.71300 947.43 24.3613
28.71600 949.848 24.3108
28.71900 952.439 23.9732
28.72200 955.243 24.6108
28.72500 958.3 24.7008
28.72800 961.644 24.1473
28.73100 965.302 24.8606
28.73400 969.294 24.2464
28.73700 973.632 23.7089
28.74000 978.314 23.6757
28.74300 983.328 24.1614
28.74600 988.65 24.7613
28.74900 994.242 23.9663
28.75200 1000.05 24.3975
28.75500 1006.01 24.3613
28.75800 1012.04 23.6757
28.76100 1018.05 24.6482
28.76400 1023.94 24.7537
28.76700 1029.58 24.0215
28.77000 1034.85 24.3975
28.77300 1039.63 25.1498
28.77600 1043.77 24.3757
28.77900 1047.15 24.5219
28.78200 1049.64 25.2136
28.78500 1051.12 25.5488
28.78800 1051.51 25.0549
28.79100 1050.72 24.9688
28.79400 1048.72 25.2136
28.79700 1045.5 24.7385
28.80000 1041.08 25.3185
28.80300 1035.52 24.7537
28.80600 1028.9 25.2861
28.80900 1021.34 24.8913
28.81200 1012.94 24.6707
28.81500 1003.86 24.2821
28.81800 994.224 24.1121
28.82100 984.183 23.8977
28.82400 973.875 23.7691
28.82700 963.434 23.5506
28.83000 952.987 23.3
28.83300 942.649 23.0694
28.83600 932.527 23.3444
28.83900 922.713 22.7744
28.84200 913.287 23.1558
28.84500 904.318 22.7214
28.84800 895.86 22.2994
28.85100 887.957 22.8158
28.85400 880.64 22.7097
28.85700 873.932 22.6224
28.86000 867.845 22.2442
28.86300 862.384 21.937
28.86600 857.548 21.4669
28.86900 853.332 21.7135
28.87200 849.73 21.9212
28.87500 846.733 22.0755
28.87800 844.334 21.7135
28.88100 842.528 21.8322
28.88400 841.309 22.1295
28.88700 840.676 21.801
28.89000 840.625 21.6625
28.89300 841.16 21.5816
28.89600 842.28 21.9634
28.89900 843.987 20.8696
28.90200 846.285 22.2497
28.90500 849.173 22.3831
28.90800 852.653 21.8478
28.91100 856.72 22.3943
28.91400 861.369 21.974
28.91700 866.589 21.5816
28.92000 872.361 22.462
28.92300 878.664 22.7508
28.92600 885.467 22.5417
28.92900 892.731 22.0166
28.93200 900.408 22.1839
28.93500 908.443 22.6572
28.93800 916.769 22.3105
28.94100 925.312 22.8158
28.94400 933.988 22.6166
28.94700 942.705 22.9235
28.95000 951.361 23.389
28.95300 959.848 23.3126
28.95600 968.053 23.7223
28.95900 975.856 23.2432
28.96200 983.135 23.5702
28.96500 989.767 23.3954
28.96800 995.632 20.8108
28.97100 1000.62 22.8575
28.97400 1004.62 23.3571
28.97700 1007.54 23.1621
28.98000 1009.33 23.9046
28.98300 1009.92 23.4791
28.98600 1009.3 23.7826
28.98900 1007.47 23.2432
28.99200 1004.47 22.9537
28.99500 1000.35 21.8792
28.99800 995.186 19.3928
29.00100 989.076 20.9565
29.00400 982.123 21.3152
29.00700 974.443 21.2047
29.01000 966.156 21.3638
29.01300 957.382 21.243
29.01600 948.238 21.2143
29.01900 938.841 20.9842
29.02200 929.299 21.4818
29.02500 919.715 21.3346
29.02800 910.184 20.6592
29.03100 900.791 19.996
29.03400 891.614 20.9243
29.03700 882.719 20.4636
29.04000 874.164 20.7658
29.04300 865.997 20.3279
29.04600 858.253 20.7973
29.04900 850.963 20.1538
29.05200 844.145 20.0281
29.05500 837.811 20.1538
29.05800 831.963 20.624
29.06100 826.599 20.7123
29.06400 821.71 20.4808
29.06700 817.282 20.1948
29.07000 813.297 20.0926
29.07300 809.732 20.1089
29.07600 806.566 20.3363
29.07900 803.772 19.885
29.08200 801.323 20.012
29.08500 799.195 20.3405
29.08800 797.36 19.6192
29.09100 795.792 19.8146
29.09400 794.469 19.8068
29.09700 793.365 19.7681
29.10000 792.461 20.2278
29.10300 791.735 20.2196
29.10600 791.171 20.4167
29.10900 790.75 20.1252
29.11200 790.459 19.984
29.11500 790.285 20.0683
29.11800 790.215 20.1701
29.12100 790.24 20.0886
29.12400 790.351 20.4551
29.12700 790.539 19.9522
29.13000 790.799 20.4209
29.13300 791.124 20.5499
29.13600 791.509 20.4894
29.13900 791.95 20.5803
29.14200 792.443 20.3279
29.14500 792.985 20.261
29.14800 793.571 20.0724
29.15100 794.201 20.3997
29.15400 794.87 20.7614
29.15700 795.577 20.3997
29.16000 796.321 20.4679
29.16300 797.099 20.739
29.16600 797.91 20.668
29.16900 798.754 20.498
29.17200 799.63 20.6769
29.17500 800.54 20.6372
29.17800 801.484 20.4894
29.18100 802.464 20.7212
29.18400 803.482 21.0119
29.18700 804.543 20.6813
29.19000 805.649 20.3616
29.19300 806.808 20.9381
29.19600 808.023 21.0631
29.19900 809.304 21.0631
29.20200 810.657 20.9795
29.20500 812.093 20.8605
29.20800 813.622 21.0073
29.21100 815.254 21.4078
29.21400 817.005 21.2526
29.21700 818.887 20.8243
29.22000 820.916 21.1006
29.22300 823.107 21.5967
29.22600 825.478 21.1525
29.22900 828.045 21.0305
29.23200 830.826 21.2911
29.23500 833.837 21.5917
29.23800 837.094 21.6625
29.24100 840.611 21.5866
29.24400 844.4 21.8426
29.24700 848.469 20.9106
29.25000 852.823 21.1857
29.25300 857.464 21.4226
29.25600 862.387 21.6422
29.25900 867.58 21.8844
29.26200 873.028 22.4677
29.26500 878.706 22.0648
29.26800 884.582 22.0326
29.27100 890.619 22.2884
29.27400 896.77 22.2113
29.27700 902.98 22.5935
29.28000 909.19 22.5992
29.28300 915.331 22.5532
29.28600 921.329 22.2773
29.28900 927.106 23.0817
29.29200 932.582 22.9779
29.29500 937.675 23.4018
29.29800 942.308 22.9114
29.30100 946.409 22.8277
29.30400 949.918 23.8637
29.30700 952.787 23.4146
29.31000 954.983 22.6921
29.31300 956.49 23.0022
29.31600 957.308 22.9054
29.31900 957.449 22.804
29.32200 956.937 23.2057
29.32500 955.804 22.6339
29.32800 954.088 23.4662
29.33100 951.828 22.8515
29.33400 949.067 23.0633
29.33700 945.849 22.6108
29.34000 942.219 22.8934
29.34300 938.224 22.984
29.34600 933.914 23.0083
29.34900 929.337 22.2442
29.35200 924.547 22.798
29.35500 919.594 22.698
29.35800 914.531 22.3943
29.36100 909.408 22.0863
29.36400 904.273 22.1025
29.36700 899.166 22.0917
29.37000 894.125 22.5475
29.37300 889.182 21.99
29.37600 884.36 21.9687
29.37900 879.68 21.4324
29.38200 875.155 21.5917
29.38500 870.794 21.3833
29.38800 866.603 21.5967
29.39100 862.587 21.5515
29.39400 858.746 21.1336
29.39700 855.08 21.2478
29.40000 851.587 21.6574
29.40300 848.262 21.4176
29.40600 845.112 21.2622
29.40900 842.128 20.9381
29.41200 839.308 21.2911
29.41500 836.647 21.2766
29.41800 834.143 21.0772
29.42100 831.793 21.1619
29.42400 829.596 21.3104
29.42700 827.548 21.2911
29.43000 825.65 21.0352
29.43300 823.9 21.0912
29.43600 822.297 20.7614
29.43900 820.84 20.8651
29.44200 819.527 20.5629
29.44500 818.358 21.3346
29.44800 817.328 21.2238
29.45100 816.437 20.8063
29.45400 815.679 20.4508
29.45700 815.051 21.0259
29.46000 814.547 20.7748
29.46300 814.162 20.8787
29.46600 813.889 21.2
29.46900 813.719 20.2361
29.47200 813.646 21.1904
29.47500 813.661 20.7435
29.47800 813.754 20.9749
29.48100 813.916 21.0631
29.48400 814.139 21.2143
29.48700 814.413 20.7301
29.49000 814.732 20.589
29.49300 815.089 20.3069
29.49600 815.477 20.9611
29.49900 815.893 20.9243
29.50200 816.336 21.1053
29.50500 816.808 20.9519
29.50800 817.312 20.4039
29.51100 817.854 21.4176
29.51400 818.446 21.0119
29.51700 819.097 20.8333
29.52000 819.823 21.1194
29.52300 820.637 20.7614
29.52600 821.555 20.8198
29.52900 822.594 21.2238
29.53200 823.767 21.2814
29.53500 825.09 20.7257
29.53800 826.574 20.1008
29.54100 828.232 20.8288
29.54400 830.072 20.6813
29.54700 832.101 20.3321
29.55000 834.324 20.8063
29.55300 836.74 21.0445
29.55600 839.35 20.5066
29.55900 842.148 20.6197
29.56200 845.126 21.3007
29.56500 848.275 20.4039
29.56800 851.58 20.4594
29.57100 855.026 20.9703
29.57400 858.593 20.9015
29.57700 862.263 20.4508
29.58000 866.012 20.7257
29.58300 869.821 21.11
29.58600 873.667 20.9061
29.58900 877.53 21.0073
29.59200 881.39 21.11
29.59500 885.229 21.5766
29.59800 889.03 21.0352
29.60100 892.776 21.1809
29.60400 896.447 21.3104
29.60700 900.027 21.3346
29.61000 903.496 21.4275
29.61300 906.834 20.998
29.61600 910.02 21.5816
29.61900 913.031 21.5066
29.62200 915.844 21.3638
29.62500 918.435 22.038
29.62800 920.781 21.6371
29.63100 922.859 21.627
29.63400 924.647 21.7597
29.63700 926.124 22.1404
29.64000 927.273 22.0917
29.64300 928.079 22.663
29.64600 928.531 22.4677
29.64900 928.621 22.1839
29.65200 928.347 21.4275
29.65500 927.707 22.0863
29.65800 926.708 21.5565
29.66100 925.359 21.7237
29.66400 923.673 22.0219
29.66700 921.667 21.4917
29.67000 919.363 21.2334
29.67300 916.783 21.853
29.67600 913.956 21.6625
29.67900 910.908 21.0865
29.68200 907.671 21.6068
29.68500 904.271 21.6982
29.68800 900.74 20.8243
29.69100 897.104 21.6473
29.69400 893.388 21.4029
29.69700 889.619 21.3736
29.70000 885.817 21.3833
29.70300 882.003 21.2622
29.70600 878.195 21.3152
29.70900 874.412 20.9289
29.71200 870.67 21.0912
29.71500 866.984 21.2334
29.71800 863.372 20.7524
29.72100 859.849 20.9381
29.72400 856.43 20.9152
29.72700 853.129 20.646
29.73000 849.959 20.9015
29.73300 846.928 21.1383
29.73600 844.045 20.589
29.73900 841.316 20.4209
29.74200 838.744 21.1667
29.74500 836.331 21.0398
29.74800 834.076 20.5934
29.75100 831.978 21.0305
29.75400 830.033 20.4594
29.75700 828.236 21.0445
29.76000 826.58 21.0772
29.76300 825.057 20.699
29.76600 823.661 20.8198
29.76900 822.381 20.0441
29.77200 821.21 20.8198
29.77500 820.138 20.8924
29.77800 819.156 20.7614
29.78100 818.257 21.1336
29.78400 817.433 20.646
29.78700 816.679 20.4337
29.79000 815.989 20.2113
29.79300 815.358 20.7658
29.79600 814.784 20.8741
29.79900 814.263 20.1907
29.80200 813.792 20.8969
29.80500 813.37 20.7301
29.80800 812.994 20.3321
29.81100 812.662 20.9061
29.81400 812.373 20.7435
29.81700 812.124 20.9152
29.82000 811.914 20.5066
29.82300 811.741 20.232
29.82600 811.605 20.7301
29.82900 811.503 20.7079
29.83200 811.437 20.2486
29.83500 811.406 20.0886
29.83800 811.409 19.9522
29.84100 811.449 20.3279
29.84400 811.526 20.2361
29.84700 811.64 21.1477
29.85000 811.793 20.6725
29.85300 811.985 21.1241
29.85600 812.217 20.7212
29.85900 812.484 20.4294
29.86200 812.789 20.589
29.86500 813.127 20.9198
29.86800 813.496 20.1497
29.87100 813.889 20.7883
29.87400 814.302 20.3785
29.87700 814.728 20.4679
29.88000 815.16 20.5803
29.88300 815.588 20.6065
29.88600 816.004 20.5673
29.88900 816.398 20.2031
29.89200 816.761 20.6416
29.89500 817.082 21.1383
29.89800 817.354 20.0967
29.90100 817.567 20.3869
29.90400 817.715 20.3574
29.90700 817.793 20.6946
29.91000 817.798 20.4124
29.91300 817.728 20.7973
29.91600 817.582 20.8651
29.91900 817.362 20.3321
29.92200 817.069 20.8878
29.92500 816.704 20.6284
29.92800 816.271 20.2818
29.93100 815.775 20.2113
29.93400 815.219 20.2031
29.93700 814.609 20.6328
29.94000 813.952 20.1743
29.94300 813.255 20.6592
29.94600 812.525 20.232
29.94900 811.772 20.2777
29.95200 811.002 20.6372
29.95500 810.225 19.9681
29.95800 809.449 20.1333
29.96100 808.683 20.4465
29.96400 807.935 20.9934
29.96700 807.211 20.1948
29.97000 806.521 20.4039
29.97300 805.87 20.7793
29.97600 805.264 20.3742
29.97900 804.71 20.3616
29.98200 804.211 20.2031
29.98500 803.772 20.1374
29.98800 803.395 20.2527
29.99100 803.083 20.498
29.99400 802.835 20.7793
29.99700 802.653 20.1619
30.00000 802.534 20.4209
30.00300 802.477 20.7123
30.00600 802.476 20.4082
30.00900 802.529 20.3111
30.01200 802.629 20.1333
30.01500 802.771 20.4465
30.01800 802.947 19.992
30.02100 803.15 20.3027
30.02400 803.372 20.6725
30.02700 803.605 20.1866
30.03000 803.84 20.4636
30.03300 804.068 20.2361
30.03600 804.282 20.0643
30.03900 804.473 20.166
30.04200 804.635 20.624
30.04500 804.763 20.7079
30.04800 804.851 20.6284
30.05100 804.899 20.6548
30.05400 804.906 20.8198
30.05700 804.878 20.2113
30.06000 804.819 20.6636
30.06300 804.739 20.3997
30.06600 804.648 20.8379
30.06900 804.557 20.4508
30.07200 804.482 20.4765
30.07500 804.435 20.4722
30.07800 804.432 20.016
30.08100 804.487 20.576
30.08400 804.613 19.996
30.08700 804.824 20.3531
30.09000 805.132 20.2361
30.09300 805.548 20.4209
30.09600 806.08 20.4422
30.09900 806.736 19.9165
30.10200 807.521 20.4167
30.10500 808.438 20.4722
30.10800 809.487 20.6592
30.11100 810.667 20.1211
30.11400 811.973 20.498
30.11700 813.401 20.6548
30.12000 814.939 20.1211
30.12300 816.577 20.4252
30.12600 818.302 20.3069
30.12900 820.096 19.9323
30.13200 821.942 20.5196
30.13500 823.818 20.37
30.13800 825.702 20.5152
30.14100 827.568 20.3363
30.14400 829.392 20.6548
30.14700 831.145 20.7883
30.15000 832.8 20.8969
30.15300 834.329 20.9611
30.15600 835.704 20.8198
30.15900 836.9 20.4294
30.16200 837.891 21.3443
30.16500 838.658 20.6725
30.16800 839.182 20.2944
30.17100 839.451 20.5586
30.17400 839.457 21.1857
30.17700 839.198 20.8333
30.18000 838.678 20.6901
30.18300 837.906 21.0725
30.18600 836.895 20.8243
30.18900 835.663 20.4167
30.19200 834.231 20.6416
30.19500 832.62 20.9289
30.19800 830.855 20.6504
30.20100 828.961 20.6065
30.20400 826.962 20.5239
30.20700 824.883 20.7123
30.21000 822.747 20.5239
30.21300 820.576 20.5542
30.21600 818.39 20.3912
30.21900 816.211 20.7435
30.22200 814.055 20.0321
30.22500 811.937 20.7168
30.22800 809.873 19.8146
30.23100 807.875 20.8198
30.23400 805.951 20.5629
30.23700 804.111 20.5325
30.24000 802.362 20.4422
30.24300 800.708 20.2569
30.24600 799.152 20.3027
30.24900 797.697 19.7758
30.25200 796.342 20.3912
30.25500 795.088 20.4851
30.25800 793.935 20.5196
30.26100 792.881 20.5239
30.26400 791.924 20.1619
30.26700 791.06 20.4808
30.27000 790.288 19.7874
30.27300 789.605 20.4594
30.27600 789.008 20.5455
30.27900 788.493 19.6419
30.28200 788.057 20.5673
30.28500 787.697 20.1619
30.28800 787.408 20.2361
30.29100 787.185 20.3616
30.29400 787.025 20.4808
30.29700 786.921 19.976
30.30000 786.869 19.7181
30.30300 786.862 20.3574
30.30600 786.893 20.008
30.30900 786.955 20.438
30.31200 787.042 19.976
30.31500 787.147 20.4294
30.31800 787.262 20.3069
30.32100 787.381 19.7913
30.32400 787.498 20.5152
30.32700 787.611 19.5292
30.33000 787.716 19.7257
30.33300 787.813 20.1292
30.33600 787.904 20.012
30.33900 787.989 19.7681
30.34200 788.07 19.8771
30.34500 788.151 20.3785
30.34800 788.233 19.9007
30.35100 788.318 20.2652
30.35400 788.407 20.1497
30.35700 788.503 20.0805
30.36000 788.605 19.98
30.36300 788.714 20.3616
30.36600 788.829 20.3954
30.36900 788.95 20.0562
30.37200 789.075 19.7952
30.37500 789.204 20.0886
30.37800 789.334 19.7758
30.38100 789.464 19.8732
30.38400 789.591 20.3489
30.38700 789.713 20.3954
30.39000 789.828 20.2154
30.39300 789.936 20.2944
30.39600 790.033 20.2777
30.39900 790.119 20.3785
30.40200 790.192 19.5403
30.40500 790.252 20.4551
30.40800 790.298 20.0401
30.41100 790.331 20.261
30.41400 790.349 20.1538
30.41700 790.354 20.1089
30.42000 790.346 19.6608
30.42300 790.325 20.0886
30.42600 790.294 20.4636
30.42900 790.252 19.9244
30.43200 790.201 20.5499
30.43500 790.142 20.4337
30.43800 790.078 19.6003
30.44100 790.009 20.1784
30.44400 789.939 20.3912
30.44700 789.868 19.9205
30.45000 789.8 20.3742
30.45300 789.737 20.3827
30.45600 789.683 20.3069
30.45900 789.64 20.166
30.46200 789.613 20.2944
30.46500 789.605 20.1456
30.46800 789.622 20.5152
30.47100 789.667 20.4124
30.47400 789.747 20.1948
30.47700 789.866 20.2196
30.48000 790.03 20.2944
30.48300 790.244 20.438
30.48600 790.514 20.3997
30.48900 790.844 20.2154
30.49200 791.241 20.012
30.49500 791.708 20.8333
30.49800 792.249 20.5196
30.50100 792.868 20.3405
30.50400 793.569 20.8469
30.50700 794.353 20.1292
30.51000 795.223 20.016
30.51300 796.179 20.6946
30.51600 797.222 19.9442
30.51900 798.351 20.6153
30.52200 799.565 20.0482
30.52500 800.861 20.6946
30.52800 802.237 20.37
30.53100 803.687 20.3405
30.53400 805.207 20.4422
30.53700 806.791 20.4252
30.54000 808.431 20.0926
30.54300 810.118 21.0678
30.54600 811.843 20.4039
30.54900 813.596 20.4765
30.55200 815.366 20.4465
30.55500 817.143 19.992
30.55800 818.914 20.1701
30.56100 820.671 20.3489
30.56400 822.405 20.6901
30.56700 824.106 20.3827
30.57000 825.769 21.0772
30.57300 827.389 21.0305
30.57600 828.96 20.9243
30.57900 830.48 19.98
30.58200 831.945 20.3616
30.58500 833.35 20.8878
30.58800 834.692 20.4636
30.59100 835.965 20.2902
30.59400 837.162 21.2718
30.59700 838.274 20.6065
30.60000 839.293 20.6636
30.60300 840.208 20.3616
30.60600 841.005 20.668
30.60900 841.674 20.4294
30.61200 842.201 20.6946
30.61500 842.573 20.8198
30.61800 842.779 20.5023
30.62100 842.81 20.5629
30.62400 842.658 20.2944
30.62700 842.32 20.6065
30.63000 841.794 20.9519
30.63300 841.086 20.5934
30.63600 840.201 20.589
30.63900 839.151 20.4851
30.64200 837.949 20.7524
30.64500 836.612 20.9565
30.64800 835.157 20.3954
30.65100 833.602 20.4465
30.65400 831.968 21.2047
30.65700 830.273 20.166
30.66000 828.535 20.5586
30.66300 826.773 20.3447
30.66600 825.004 20.3489
30.66900 823.243 20.1089
30.67200 821.505 20.0683
30.67500 819.802 20.1948
30.67800 818.147 20
30.68100 816.55 20.4082
30.68400 815.018 20.6901
30.68700 813.558 20.5586
30.69000 812.177 20.6372
30.69300 810.877 19.885
30.69600 809.66 19.9165
30.69900 808.527 20.2652
30.70200 807.477 20.739
30.70500 806.508 20.9795
30.70800 805.615 19.5254
30.71100 804.796 19.98
30.71400 804.045 19.9244
30.71700 803.356 20.0886
30.72000 802.723 20.3363
30.72300 802.139 20.1948
30.72600 801.599 20.1129
30.72900 801.095 20.0361
30.73200 800.621 20.2693
30.73500 800.171 20.3827
30.73800 799.74 19.745
30.74100 799.321 20.4465
30.74400 798.911 20.1538
30.74700 798.506 20.1948
30.75000 798.102 20.4636
30.75300 797.697 20.2735
30.75600 797.29 20.5196
30.75900 796.88 19.976
30.76200 796.47 20.646
30.76500 796.06 20.4937
30.76800 795.653 19.4257
30.77100 795.255 19.976
30.77400 794.869 20.2031
30.77700 794.501 20.3954
30.78000 794.155 20.1989
30.78300 793.837 19.7373
30.78600 793.552 20.9427
30.78900 793.306 20.2154
30.79200 793.103 20.2403
30.79500 792.948 20.261
30.79800 792.843 20.1743
30.80100 792.791 20.2652
30.80400 792.795 20.4508
30.80700 792.853 19.8341
30.81000 792.966 20.3279
30.81300 793.13 20.0401
30.81600 793.344 20.024
30.81900 793.601 19.8811
30.82200 793.896 20.1578
30.82500 794.222 19.6494
30.82800 794.57 20.438
30.83100 794.932 19.9007
30.83400 795.299 20.4722
30.83700 795.662 20.0967
30.84000 796.014 20.0401
30.84300 796.345 20.1701
30.84600 796.65 20.8832
30.84900 796.922 20.0441
30.85200 797.155 20.2237
30.85500 797.344 20.7212
30.85800 797.483 20.2113
30.86100 797.567 20.4679
30.86400 797.591 20.2693
30.86700 797.553 19.9681
30.87000 797.451 20.3405
30.87300 797.282 20.668
30.87600 797.049 20.3574
30.87900 796.754 20.1866
30.88200 796.398 20.2486
30.88500 795.988 20.3616
30.88800 795.526 20.1907
30.89100 795.018 19.9601
30.89400 794.469 20.8379
30.89700 793.884 20.0441
30.90000 793.267 20.2735
30.90300 792.624 19.9522
30.90600 791.956 19.996
30.90900 791.267 20.1578
30.91200 790.561 19.838
30.91500 789.839 20.2361
30.91800 789.106 20.3279
30.92100 788.362 20.2569
30.92400 787.612 20.4594
30.92700 786.857 20.4252
30.93000 786.103 19.8615
30.93300 785.352 20.2818
30.93600 784.609 19.992
30.93900 783.876 19.7142
30.94200 783.158 20.438
30.94500 782.457 20.1415
30.94800 781.778 19.8458
30.95100 781.121 20.117
30.95400 780.491 20.0562
30.95700 779.888 19.7642
30.96000 779.314 20.0522
30.96300 778.772 19.984
30.96600 778.261 16.1458
30.96900 777.782 17.0251
30.97200 777.336 17.9896
30.97500 776.923 17.9867
30.97800 776.544 18.0716
30.98100 776.197 18.0334
30.98400 775.883 18.5185
30.98700 775.601 18.2119
30.99000 775.352 18.6891
30.99300 775.135 18.6663
30.99600 774.951 18.6891
30.99900 774.799 18.3094
31.00200 774.681 18.6501
31.00500 774.596 18.7945
31.00800 774.545 18.6891
31.01100 774.529 18.7779
31.01400 774.55 18.6242
31.01700 774.608 18.9117
31.02000 774.706 18.8915
31.02300 774.844 18.9422
31.02600 775.025 18.6501
31.02900 775.251 18.2635
31.03200 775.525 18.5888
31.03500 775.847 19.0623
31.03800 776.221 18.4963
31.04100 776.65 19.1671
31.04400 777.135 18.8078
31.04700 777.68 18.9321
31.05000 778.285 19.0866
31.05300 778.955 19.1882
31.05600 779.691 18.9729
31.05900 780.495 18.735
31.06200 781.368 18.7945
31.06500 782.311 18.7482
31.06800 783.326 19.1565
31.07100 784.413 18.7482
31.07400 785.571 19.3456
31.07700 786.8 19.8615
31.08000 788.098 19.6078
31.08300 789.463 19.4809
31.08600 790.893 19.4994
31.08900 792.385 18.8579
31.09200 793.934 19.4074
31.09500 795.536 19.3492
31.09800 797.187 19.5441
31.10100 798.88 19.3239
31.10400 800.61 19.1706
31.10700 802.372 19.3239
31.11000 804.16 19.213
31.11300 805.967 19.2629
31.11600 807.788 19.6951
31.11900 809.618 19.5553
31.12200 811.451 19.8575
31.12500 813.283 19.988
31.12800 815.112 19.4588
31.13100 816.935 19.2095
31.13400 818.751 19.5515
31.13700 820.563 19.6951
31.14000 822.373 20.012
31.14300 824.187 19.7219
31.14600 826.014 19.9363
31.14900 827.865 19.5441
31.15200 829.756 19.6494
31.15500 831.702 19.5628
31.15800 833.725 19.5217
31.16100 835.846 19.8929
31.16400 838.09 19.7758
31.16700 840.48 19.8536
31.17000 843.04 19.7296
31.17300 845.795 19.7874
31.17600 848.764 19.984
31.17900 851.966 19.4257
31.18200 855.415 20.1948
31.18500 859.118 20.4894
31.18800 863.081 20
31.19100 867.3 19.8968
31.19400 871.766 20.1415
31.19700 876.464 20.3321
31.20000 881.371 20.016
31.20300 886.455 19.988
31.20600 891.68 20.748
31.20900 897.001 20.0281
31.21200 902.367 20.5455
31.21500 907.72 20.5066
31.21800 912.996 20.3616
31.22100 918.128 20.9198
31.22400 923.042 20.3363
31.22700 927.664 20.3531
31.23000 931.918 20.9152
31.23300 935.728 21.2238
31.23600 939.024 21.2862
31.23900 941.739 20.4082
31.24200 943.818 20.9934
31.24500 945.216 21.2095
31.24800 945.903 20.8243
31.25100 945.863 20.9519
31.25400 945.101 21.2095
31.25700 943.632 20.8243
31.26000 941.492 20.6197
31.26300 938.725 20.9061
31.26600 935.387 21.3152
31.26900 931.543 20.8741
31.27200 927.26 20.8651
31.27500 922.609 21.1336
31.27800 917.662 20.8063
31.28100 912.49 20.5629
31.28400 907.159 21.2286
31.28700 901.735 20.699
31.29000 896.277 20.6109
31.29300 890.841 20.7748
31.29600 885.477 20.7928
31.29900 880.23 20.1374
31.30200 875.141 20.3195
31.30500 870.244 20.3279
31.30800 865.569 19.9047
31.31100 861.14 20.7614
31.31400 856.978 19.7219
31.31700 853.101 20.261
31.32000 849.522 19.98
31.32300 846.255 20.3531
31.32600 843.307 19.9284
31.32900 840.689 19.9205
31.33200 838.407 20.1211
31.33500 836.466 20.286
31.33800 834.87 20.1252
31.34100 833.619 20.0441
31.34400 832.714 19.8615
31.34700 832.152 19.8889
31.35000 831.93 19.7257
31.35300 832.043 20.3574
31.35600 832.484 19.7373
31.35900 833.245 19.7411
31.36200 834.319 20.1252
31.36500 835.694 20.0845
31.36800 837.361 20.4551
31.37100 839.306 19.9522
31.37400 841.514 20.4337
31.37700 843.981 19.984
31.38000 846.688 20.0845
31.38300 849.621 20.2735
31.38600 852.764 20.739
31.38900 856.103 20.1784
31.39200 859.62 20.4765
31.39500 863.3 20.1743
31.39800 867.125 20.4937
31.40100 871.079 20.6153
31.40400 875.142 20.3111
31.40700 879.296 19.8419
31.41000 883.522 20.4594
31.41300 887.801 20.37
31.41600 892.112 20.4082
31.41900 896.438 20.5673
31.42200 900.76 21.0538
31.42500 905.062 20.2403
31.42800 909.328 20.5023
31.43100 913.546 20.998
31.43400 917.707 20.748
31.43700 921.807 20.8741
31.44000 925.846 20.9611
31.44300 929.828 21.0538
31.44600 933.763 20.9106
31.44900 937.665 20.6109
31.45200 941.554 20.9842
31.45500 945.45 21.0259
31.45800 949.378 21.0212
31.46100 953.365 21.3492
31.46400 957.437 21.0259
31.46700 961.619 20.5586
31.47000 965.934 21.267
31.47300 970.403 21.7289
31.47600 975.045 20.9427
31.47900 979.873 21.243
31.48200 984.896 21.627
31.48500 990.12 21.5917
31.48800 995.543 21.2814
31.49100 1001.16 21.5166
31.49400 1006.96 21.4917
31.49700 1012.93 21.3346
31.50000 1019.05 21.6422
31.50300 1025.28 21.6219
31.50600 1031.61 21.7443
31.50900 1037.99 21.6219
31.51200 1044.39 21.6828
31.51500 1050.77 22.3161
31.51800 1057.09 21.7959
31.52100 1063.29 21.99
31.52400 1069.34 22.2884
31.52700 1075.18 22.1512
31.53000 1080.76 22.0594
31.53300 1086.03 22.6805
31.53600 1090.94 22.6224
31.53900 1095.43 22.1621
31.54200 1099.46 22.6688
31.54500 1102.97 22.7038
31.54800 1105.94 22.2773
31.55100 1108.3 23.1311
31.55400 1110.04 23.0571
31.55700 1111.11 23.0817
31.56000 1111.51 22.6805
31.56300 1111.21 22.2442
31.56600 1110.21 23.3635
31.56900 1108.5 22.6455
31.57200 1106.1 22.7214
31.57500 1103 22.5018
31.57800 1099.23 22.536
31.58100 1094.81 22.698
31.58400 1089.77 22.5532
31.58700 1084.14 22.536
31.59000 1077.95 22.6455
31.59300 1071.24 22.5417
31.59600 1064.05 22.3384
31.59900 1056.43 22.1839
31.60200 1048.4 22.6513
31.60500 1040.03 22.0006
31.60800 1031.35 21.6473
31.61100 1022.41 21.7391
31.61400 1013.26 21.8114
31.61700 1003.94 21.4818
31.62000 994.497 21.5565
31.62300 984.979 21.9107
31.62600 975.429 21.2526
31.62900 965.889 20.7883
31.63200 956.402 21.3249
31.63500 947.006 20.8605
31.63800 937.738 20.9427
31.64100 928.633 20.9473
31.64400 919.724 20.7614
31.64700 911.038 20.3827
31.65000 902.604 20.4808
31.65300 894.444 20.3447
31.65600 886.579 20.0886
31.65900 879.026 19.7066
31.66200 871.801 19.8185
31.66500 864.915 20.1619
31.66800 858.377 19.657
31.67100 852.195 20.0805
31.67400 846.372 20.2527
31.67700 840.909 19.8536
31.68000 835.808 20.5369
31.68300 831.064 20.0683
31.68600 826.675 20.1374
31.68900 822.634 19.574
31.69200 818.935 19.574
31.69500 815.57 19.9482
31.69800 812.529 19.6419
31.70100 809.803 20.0522
31.70400 807.378 19.5853
31.70700 805.251 19.5853
31.71000 803.41 19.9522
31.71300 801.843 20.1129
31.71600 800.541 19.9126
31.71900 799.5 20.0886
31.72200 798.7 19.7642
31.72500 798.14 20.2403
31.72800 797.813 19.4625
31.73100 797.711 19.7913
31.73400 797.83 19.8419
31.73700 798.164 20.0967
31.74000 798.708 19.9641
31.74300 799.458 20.008
31.74600 800.409 19.8889
31.74900 801.553 19.8615
31.75200 802.886 19.8107
31.75500 804.399 20.4851
31.75800 806.081 19.6343
31.76100 807.925 19.9522
31.76400 809.917 20.0522
31.76700 812.043 19.8732
31.77000 814.288 19.9284
31.77300 816.636 20.2486
31.77600 819.07 20.1619
31.77900 821.57 19.3492
31.78200 824.121 20.1415
31.78500 826.706 19.9007
31.78800 829.311 19.7836
31.79100 831.927 19.976
31.79400 834.548 19.5403
31.79700 837.173 19.9561
31.80000 839.803 20.0482
31.80300 842.441 20.0845
31.80600 845.09 20.2444
31.80900 847.754 19.6419
31.81200 850.433 20.2902
31.81500 853.127 20.3405
31.81800 855.834 19.9403
31.82100 858.55 19.992
31.82400 861.266 19.984
31.82700 863.974 20.0683
31.83000 866.661 19.9561
31.83300 869.315 20.6548
31.83600 871.919 20.3447
31.83900 874.456 20.286
31.84200 876.909 20.5629
31.84500 879.257 20.4422
31.84800 881.482 20.2031
31.85100 883.563 20.0562
31.85400 885.482 20.4937
31.85700 887.221 19.9284
31.86000 888.76 20.2486
31.86300 890.086 20.6813
31.86600 891.181 20.646
31.86900 892.035 20.0562
31.87200 892.635 20.498
31.87500 892.974 20.1252
31.87800 893.045 20.3111
31.88100 892.845 20.3658
31.88400 892.371 20.3153
31.88700 891.624 20.5716
31.89000 890.609 20.5196
31.89300 889.329 20.4679
31.89600 887.794 20.5455
31.89900 886.013 19.9363
31.90200 883.997 20.2902
31.90500 881.76 20.261
31.90800 879.319 20.2113
31.91100 876.69 20.5066
31.91400 873.89 20.2196
31.91700 870.939 20.37
31.92000 867.855 20.4551
31.92300 864.658 20.589
31.92600 861.367 20.3111
31.92900 858 19.6837
31.93200 854.575 20.02
31.93500 851.11 20.0967
31.93800 847.62 19.3928
31.94100 844.121 20.016
31.94400 840.627 20.4551
31.94700 837.151 19.7296
31.95000 833.705 20.0886
31.95300 830.301 19.7104
31.95600 826.948 20.1211
31.95900 823.655 19.6799
31.96200 820.431 20.3531
31.96500 817.282 20.0926
31.96800 814.214 19.4735
31.97100 811.233 19.7527
31.97400 808.343 20
31.97700 805.547 19.7411
31.98000 802.849 19.7488
31.98300 800.251 19.8068
31.98600 797.754 19.6494
31.98900 795.359 19.4404
31.99200 793.067 19.7142
31.99500 790.878 19.6381
31.99800 788.792 19.3203
32.00100 786.807 19.4625
32.00400 784.922 19.5665
32.00700 783.135 19.492
32.01000 781.445 19.492
32.01300 779.848 19.8068
32.01600 778.342 19.9165
32.01900 776.923 19.0175
32.02200 775.589 19.7874
32.02500 774.336 20.4594
32.02800 773.161 19.1918
32.03100 772.06 19.7181
32.03400 771.03 19.8419
32.03700 770.068 19.371
32.04000 769.172 19.4294
32.04300 768.338 19.4111
32.04600 767.565 20.117
32.04900 766.85 19.0936
32.05200 766.193 19.4957
32.05500 765.592 19.4038
32.05800 765.044 19.0797
32.06100 764.55 19.6419
32.06400 764.106 19.9323
32.06700 763.713 19.1741
32.07000 763.368 18.9456
32.07300 763.067 19.2557
32.07600 762.812 19.8263
32.07900 762.602 19.0037
32.08200 762.434 19.4038
32.08500 762.305 19.4184
32.08800 762.214 19.0901
32.09100 762.158 19.139
32.09400 762.136 19.5329
32.09700 762.145 19.6532
32.10000 762.183 19.6305
32.10300 762.248 19.7642
32.10600 762.336 19.4404
32.10900 762.446 19.2379
32.11200 762.575 19.5366
32.11500 762.719 19.5106
32.11800 762.877 19.2593
32.12100 763.046 19.2024
32.12400 763.223 19.6192
32.12700 763.404 19.2736
32.13000 763.588 19.245
32.13300 763.771 19.7642
32.13600 763.951 19.7142
32.13900 764.126 19.2879
32.14200 764.293 18.4459
32.14500 764.451 19.8771
32.14800 764.597 19.6722
32.15100 764.73 19.5292
32.15400 764.849 19.5778
32.15700 764.953 19.6532
32.16000 765.041 19.342
32.16300 765.113 20.1415
32.16600 765.17 19.6116
32.16900 765.211 18.9832
32.17200 765.239 19.4184
32.17500 765.254 19.4111
32.17800 765.258 19.125
32.18100 765.255 19.5254
32.18400 765.247 20.0562
32.18700 765.237 19.1882
32.19000 765.23 19.4221
32.19300 765.229 19.4772
32.19600 765.24 19.3095
32.19900 765.265 19.2987
32.20200 765.309 19.3855
32.20500 765.377 19.245
32.20800 765.471 19.0797
32.21100 765.596 19.4221
32.21400 765.754 19.7028
32.21700 765.948 19.4883
32.22000 766.181 19.5628
32.22300 766.455 19.6078
32.22600 766.77 19.4957
32.22900 767.129 19.3131
32.23200 767.534 19.2879
32.23500 767.986 19.8654
32.23800 768.482 19.1953
32.24100 769.025 19.3746
32.24400 769.619 19.4184
32.24700 770.265 20.012
32.25000 770.967 19.3131
32.25300 771.729 19.6456
32.25600 772.558 19.8224
32.25900 773.462 19.574
32.26200 774.449 19.0071
32.26500 775.53 19.342
32.26800 776.716 19.0485
32.27100 778.017 19.5928
32.27400 779.446 20.0361
32.27700 781.015 19.1355
32.28000 782.733 19.5254
32.28300 784.614 19.7104
32.28600 786.667 19.7913
32.28900 788.901 19.0831
32.29200 791.327 19.5703
32.29500 793.95 19.518
32.29800 796.778 19.4074
32.30100 799.814 19.5965
32.30400 803.061 20.1497
32.30700 806.519 19.4001
32.31000 810.186 20.0603
32.31300 814.056 19.9047
32.31600 818.122 19.8419
32.31900 822.371 19.3819
32.32200 826.79 20.2113
32.32500 831.36 20.0845
32.32800 836.062 20.2986
32.33100 840.87 19.6192
32.33400 845.756 20.1701
32.33700 850.692 20.1292
32.34000 855.642 19.6343
32.34300 860.571 20.1415
32.34600 865.439 19.8497
32.34900 870.207 20.1825
32.35200 874.83 20.1538
32.35500 879.266 20.2072
32.35800 883.468 19.4662
32.36100 887.392 20.7973
32.36400 890.991 20.6504
32.36700 894.224 20.3869
32.37000 897.047 20.3869
32.37300 899.423 20.5152
32.37600 901.318 20.7658
32.37900 902.705 20.7614
32.38200 903.562 20.6109
32.38500 903.875 21.1667
32.38800 903.639 20.5152
32.39100 902.858 21.0772
32.39400 901.544 21.0212
32.39700 899.716 20.6109
32.40000 897.401 20.6372
32.40300 894.634 20.4808
32.40600 891.452 20.2527
32.40900 887.898 20.6328
32.41200 884.018 20.6021
32.41500 879.86 21.1619
32.41800 875.47 20.2361
32.42100 870.898 20.5282
32.42400 866.191 20.3153
32.42700 861.395 20.1619
32.43000 856.556 19.9601
32.43300 851.714 20.3321
32.43600 846.911 19.9086
32.43900 842.184 19.4588
32.44200 837.566 19.8968
32.44500 833.09 20.1989
32.44800 828.783 19.745
32.45100 824.668 19.9721
32.45400 820.768 19.6951
32.45700 817.098 19.4883
32.46000 813.673 19.8146
32.46300 810.503 19.6608
32.46600 807.593 19.5703
32.46900 804.947 19.6343
32.47200 802.566 19.3565
32.47500 800.446 19.7219
32.47800 798.581 19.4184
32.48100 796.964 19.6041
32.48400 795.585 20.0724
32.48700 794.429 19.7104
32.49000 793.485 19.7836
32.49300 792.735 19.5069
32.49600 792.163 19.9442
32.49900 791.75 19.676
32.50200 791.478 19.8419
32.50500 791.327 20.1333
32.50800 791.277 19.559
32.51100 791.31 19.5853
32.51400 791.404 19.8968
32.51700 791.542 19.9205
32.52000 791.705 19.2593
32.52300 791.877 19.8771
32.52600 792.043 19.8341
32.52900 792.188 19.4367
32.53200 792.3 19.9007
32.53500 792.371 19.4698
32.53800 792.39 19.4551
32.54100 792.354 19.996
32.54400 792.257 20.3111
32.54700 792.099 19.7411
32.55000 791.878 19.518
32.55300 791.596 19.9205
32.55600 791.256 20.3616
32.55900 790.862 19.6343
32.56200 790.419 19.4477
32.56500 789.933 19.7527
32.56800 789.409 19.3528
32.57100 788.856 20.3363
32.57400 788.28 19.6646
32.57700 787.689 19.5815
32.58000 787.089 19.5254
32.58300 786.489 19.5965
32.58600 785.896 19.4551
32.58900 785.318 19.3275
32.59200 784.76 19.5665
32.59500 784.231 19.9047
32.59800 783.738 19.4662
32.60100 783.286 19.4994
32.60400 782.884 19.8732
32.60700 782.538 19.5928
32.61000 782.255 19.772
32.61300 782.043 19.4625
32.61600 781.908 19.4367
32.61900 781.859 19.4809
32.62200 781.901 19.2772
32.62500 782.042 19.992
32.62800 782.288 19.5703
32.63100 782.645 19.2414
32.63400 783.116 19.5515
32.63700 783.705 19.7296
32.64000 784.416 19.4404
32.64300 785.251 19.5069
32.64600 786.209 19.2951
32.64900 787.291 19.676
32.65200 788.496 19.4147
32.65500 789.822 19.7219
32.65800 791.267 19.6799
32.66100 792.826 19.3347
32.66400 794.497 19.5217
32.66700 796.273 19.4111
32.67000 798.15 19.5928
32.67300 800.122 19.8693
32.67600 802.184 19.7334
32.67900 804.328 19.838
32.68200 806.55 20.2486
32.68500 808.841 20.4209
32.68800 811.197 20.117
32.69100 813.612 20.1784
32.69400 816.075 20.0724
32.69700 818.582 19.745
32.70000 821.126 19.8929
32.70300 823.7 20.2986
32.70600 826.295 20.0562
32.70900 828.901 19.5928
32.71200 831.508 20.2527
32.71500 834.101 20.3111
32.71800 836.665 20.1456
32.72100 839.181 20.3237
32.72400 841.627 20.2486
32.72700 843.979 20.0805
32.73000 846.209 19.9403
32.73300 848.287 20.4252
32.73600 850.184 20.6725
32.73900 851.87 20.4679
32.74200 853.317 20.3321
32.74500 854.502 20.8832
32.74800 855.408 19.8536
32.75100 856.026 20.4594
32.75400 856.349 20.6372
32.75700 856.381 20.5369
32.76000 856.127 20.37
32.76300 855.595 20.9289
32.76600 854.796 20.5673
32.76900 853.744 19.6456
32.77200 852.454 20.3279
32.77500 850.944 20.1008
32.77800 849.233 20.4722
32.78100 847.341 20.8379
32.78400 845.291 20.8288
32.78700 843.106 20.6857
32.79000 840.808 20.2154
32.79300 838.423 20.5716
32.79600 835.971 20.6857
32.79900 833.477 20.0321
32.80200 830.961 19.9086
32.80500 828.444 20.646
32.80800 825.947 20.0482
32.81100 823.488 20.2986
32.81400 821.084 20.1292
32.81700 818.753 19.7527
32.82000 816.507 20
32.82300 814.367 19.9601
32.82600 812.344 19.8341
32.82900 810.449 19.8575
32.83200 808.693 19.5143
32.83500 807.086 20.3405
32.83800 805.636 19.6989
32.84100 804.35 19.6154
32.84400 803.233 20.008
32.84700 802.289 19.6343
32.85000 801.52 19.9681
32.85300 800.927 19.992
32.85600 800.51 19.8889
32.85900 800.268 19.8068
32.86200 800.198 19.8341
32.86500 800.297 19.9522
32.86800 800.559 20.1292
32.87100 800.98 19.7758
32.87400 801.552 20.2693
32.87700 802.269 19.5703
32.88000 803.123 19.8419
32.88300 804.105 19.8536
32.88600 805.205 19.8419
32.88900 806.413 19.1953
32.89200 807.716 19.6951
32.89500 809.103 20.117
32.89800 810.561 19.4184
32.90100 812.076 19.6646
32.90400 813.632 16.7155
32.90700 815.216 17.04
32.91000 816.809 17.4501
32.91300 818.397 18.1608
32.91600 819.962 18.1818
32.91900 821.488 17.6364
32.92200 822.958 18.3463
32.92500 824.355 18.4021
32.92800 825.665 18.4932
32.93100 826.871 18.4648
32.93400 827.961 18.6371
32.93700 828.924 18.5663
32.94000 829.748 18.3278
32.94300 830.426 18.6989
32.94600 830.952 18.5122
32.94900 831.323 18.5856
32.95200 831.536 18.7515
32.95500 831.591 18.4742
32.95800 831.489 18.7614
32.96100 831.232 19.0278
32.96400 830.825 18.9253
32.96700 830.271 18.7449
32.97000 829.578 19.0003
32.97300 828.752 18.9525
32.97600 827.801 19.0347
32.97900 826.734 18.8344
32.98200 825.561 19.1777
32.98500 824.293 18.9969
32.98800 822.942 18.9456
32.99100 821.52 18.8847
32.99400 820.04 19.153
32.99700 818.515 18.9797
33.00000 816.959 18.6339
33.00300 815.385 18.6501
33.00600 813.806 19.0003
33.00900 812.236 18.7416
33.01200 810.687 18.5376
33.01500 809.171 19.0347
33.01800 807.701 18.7548
33.02100 806.286 19.2915
33.02400 804.937 18.9456
33.02700 803.662 18.8011
33.03000 802.469 19.1953
33.03300 801.366 18.5504
33.03600 800.357 18.9355
33.03900 799.449 19.0106
33.04200 798.644 19.0003
33.04500 797.944 19.5292
33.04800 797.351 18.8679
33.05100 796.865 19.3059
33.05400 796.484 18.3247
33.05700 796.206 18.8746
33.06000 796.027 18.6307
33.06300 795.941 18.9287
33.06600 795.943 19.2059
33.06900 796.025 18.7845
33.07200 796.18 18.4115
33.07500 796.399 19.3673
33.07800 796.673 18.8144
33.08100 796.993 19.1812
33.08400 797.35 19.3928
33.08700 797.735 19.125
33.09000 798.139 19.0312
33.09300 798.556 19.2486
33.09600 798.977 19.4257
33.09900 799.397 18.5312
33.10200 799.811 18.7055
33.10500 800.215 19.6646
33.10800 800.606 18.8915
33.11100 800.98 18.5759
33.11400 801.338 19.3239
33.11700 801.677 19.1988
33.12000 802.001 19.0866
33.12300 802.31 19.0866
33.12600 802.608 19.3819
33.12900 802.899 18.8915
33.13200 803.191 19.7334
33.13500 803.489 19.3023
33.13800 803.803 18.8211
33.14100 804.141 18.9422
33.14400 804.511 19.5106
33.14700 804.924 19.4111
33.15000 805.389 19.4514
33.15300 805.915 19.4221
33.15600 806.51 18.9117
33.15900 807.181 19.118
33.16200 807.935 19.6875
33.16500 808.776 19.0623
33.16800 809.711 18.8512
33.17100 810.741 19.0762
33.17400 811.867 19.2951
33.17700 813.089 19.3203
33.18000 814.405 19.6154
33.18300 815.814 19.3782
33.18600 817.311 19.3131
33.18900 818.892 19.4809
33.19200 820.551 19.7219
33.19500 822.282 19.976
33.19800 824.077 19.2736
33.20100 825.93 19.3311
33.20400 827.829 19.6305
33.20700 829.766 19.5143
33.21000 831.729 19.4111
33.21300 833.706 19.6684
33.21600 835.683 19.7991
33.21900 837.648 19.6532
33.22200 839.583 19.6913
33.22500 841.475 19.98
33.22800 843.304 19.2736
33.23100 845.056 19.6192
33.23400 846.712 19.5965
33.23700 848.255 19.2879
33.24000 849.669 19.7104
33.24300 850.936 19.6951
33.24600 852.043 19.8224
33.24900 852.974 19.16
33.25200 853.717 19.3782
33.25500 854.262 19.7334
33.25800 854.599 19.2629
33.26100 854.722 19.3275
33.26400 854.626 19.8615
33.26700 854.308 19.8497
33.27000 853.77 19.4074
33.27300 853.013 19.6381
33.27600 852.043 19.8771
33.27900 850.869 19.4441
33.28200 849.503 20.0401
33.28500 847.96 19.5478
33.28800 846.258 19.4184
33.29100 844.42 19.8419
33.29400 842.47 19.5515
33.29700 840.438 19.6419
33.30000 838.355 19.885
33.30300 836.254 19.7642
33.30600 834.172 19.5628
33.30900 832.149 19.5815
33.31200 830.225 19.984
33.31500 828.445 19.5665
33.31800 826.853 18.9934
33.32100 825.497 19.6192
33.32400 824.427 19.2059
33.32700 823.692 19.1953
33.33000 823.345 19.3965
33.33300 823.437 19.574
33.33600 824.022 19.6192
33.33900 825.153 19.4994
33.34200 826.88 19.7642
33.34500 829.253 20.0562
33.34800 832.319 19.2879
33.35100 836.12 19.574
33.35400 840.693 19.6951
33.35700 846.068 19.5254
33.36000 852.268 19.4846
33.36300 859.307 19.7373
33.36600 867.188 20.016
33.36900 875.899 19.4074
33.37200 885.42 20.0643
33.37500 895.712 19.7797
33.37800 906.725 19.4038
33.38100 918.389 20.2154
33.38400 930.621 20.7793
33.38700 943.32 20.02
33.39000 956.37 20.7658
33.39300 969.639 20.3531
33.39600 982.98 20.7524
33.39900 996.231 20.6284
33.40200 1009.22 21.0398
33.40500 1021.77 21.1336
33.40800 1033.67 21.1194
33.41100 1044.75 20.9657
33.41400 1054.8 21.627
33.41700 1063.63 21.4373
33.42000 1071.07 21.11
33.42300 1076.94 21.8792
33.42600 1081.12 22.1079
33.42900 1083.51 21.6574
33.43200 1084.03 22.2167
33.43500 1082.67 22.479
33.43800 1079.45 21.5166
33.44100 1074.44 22.1025
33.44400 1067.74 21.5016
33.44700 1059.49 21.5116
33.45000 1049.83 21.5166
33.45300 1038.96 21.3833
33.45600 1027.06 21.4373
33.45900 1014.3 20.6284
33.46200 1000.9 21.4226
33.46500 987.017 21.1289
33.46800 972.84 20.5542
33.47100 958.532 20.9152
33.47400 944.245 20.6109
33.47700 930.118 20.3531
33.48000 916.277 20.1129
33.48300 902.832 20.3237
33.48600 889.875 20.5499
33.48900 877.485 19.6192
33.49200 865.724 19.9721
33.49500 854.639 19.4441
33.49800 844.264 19.4477
33.50100 834.617 19.7219
33.50400 825.706 19.2237
33.50700 817.524 19.5628
33.51000 810.06 18.9151
33.51300 803.288 19.5628
33.51600 797.182 19.1741
33.51900 791.704 18.7812
33.52200 786.816 19.0693
33.52500 782.476 19.0003
33.52800 778.641 18.9695
33.53100 775.265 19.0278
33.53400 772.305 19.0312
33.53700 769.717 18.7779
33.54000 767.459 18.8211
33.54300 765.492 18.9934
33.54600 763.78 18.7284
33.54900 762.287 19.014
33.55200 760.983 18.8211
33.55500 759.84 19.2414
33.55800 758.833 18.6113
33.56100 757.941 18.9253
33.56400 757.143 18.7845
33.56700 756.425 18.6307
33.57000 755.772 18.7845
33.57300 755.172 18.6761
33.57600 754.615 18.6016
33.57900 754.093 18.7581
33.58200 753.601 18.1878
33.58500 753.131 18.7746
33.58800 752.681 18.5122
33.59100 752.248 18.8344
33.59400 751.829 18.7912
33.59700 751.425 18.8044
33.60000 751.034 18.2605
33.60300 750.656 18.712
33.60600 750.293 18.7186
33.60900 749.944 18.2879
33.61200 749.611 18.9695
33.61500 749.294 18.6761
33.61800 748.995 18.7055
33.62100 748.714 18.6049
33.62400 748.452 18.8278
33.62700 748.209 18.6436
33.63000 747.985 18.6501
33.63300 747.78 18.6501
33.63600 747.594 18.8378
33.63900 747.426 18.3494
33.64200 747.275 18.8915
33.64500 747.139 18.6631
33.64800 747.018 18.2757
33.65100 746.91 18.7383
33.65400 746.812 18.4459
33.65700 746.723 18.5058
33.66000 746.64 18.4932
33.66300 746.561 18.5695
33.66600 746.484 18.6566
33.66900 746.406 18.6274
33.67200 746.326 18.5663
33.67500 746.242 18.7482
33.67800 746.154 18.3494
33.68100 746.06 18.5344
33.68400 745.961 18.6049
33.68700 745.856 18.6631
33.69000 745.749 18.6728
33.69300 745.639 18.8478
33.69600 745.531 18.3494
33.69900 745.428 18.6016
33.70200 745.335 18.294
33.70500 745.255 18.5312
33.70800 745.193 18.2544
33.71100 745.157 18.7022
33.71400 745.15 19.3311
33.71700 745.179 18.4742
33.72000 745.249 18.4084
33.72300 745.365 18.5952
33.72600 745.533 18.5185
33.72900 745.757 18.3742
33.73200 746.04 18.99
33.73500 746.384 18.6469
33.73800 746.791 17.8943
33.74100 747.262 18.2331
33.74400 747.794 18.5344
33.74700 748.386 18.4774
33.75000 749.032 18.399
33.75300 749.727 18.7317
33.75600 750.463 19.0312
33.75900 751.229 18.5312
33.76200 752.014 18.6339
33.76500 752.805 18.9321
33.76800 753.587 18.5567
33.77100 754.346 18.6469
33.77400 755.066 18.6274
33.77700 755.734 18.4522
33.78000 756.339 18.4742
33.78300 756.872 19.132
33.78600 757.33 18.9934
33.78900 757.713 18.8211
33.79200 758.025 18.8679
33.79500 758.274 18.8982
33.79800 758.47 18.7022
33.80100 758.623 18.5344
33.80400 758.747 18.5376
33.80700 758.855 19.0209
33.81000 758.958 18.8311
33.81300 759.068 19.0416
33.81600 759.198 18.6663
33.81900 759.355 18.3742
33.82200 759.55 18.5888
33.82500 759.789 18.878
33.82800 760.076 18.7878
33.83100 760.418 18.7581
33.83400 760.816 18.7482
33.83700 761.272 18.8278
33.84000 761.788 19.1988
33.84300 762.364 18.9593
33.84600 763 19.2843
33.84900 763.698 18.6016
33.85200 764.458 18.712
33.85500 765.281 19.0243
33.85800 766.169 19.0658
33.86100 767.126 18.6049
33.86400 768.154 19.0727
33.86700 769.257 18.7482
33.87000 770.441 19.125
33.87300 771.71 19.0831
33.87600 773.071 19.0831
33.87900 774.53 18.5856
33.88200 776.095 18.7186
33.88500 777.772 18.621
33.88800 779.572 18.6728
33.89100 781.503 19.4883
33.89400 783.575 19.5553
33.89700 785.801 19.2629
33.90000 788.193 18.99
33.90300 790.764 19.4038
33.90600 793.53 19.2095
33.90900 796.507 19.0901
33.91200 799.713 19.1988
33.91500 803.167 19.7142
33.91800 806.889 19.4184
33.92100 810.901 19.4294
33.92400 815.225 20.0886
33.92700 819.884 20
33.93000 824.901 19.7257
33.93300 830.3 20.5542
33.93600 836.105 19.984
33.93900 842.336 19.8302
33.94200 849.013 20.0683
33.94500 856.155 20.6901
33.94800 863.774 20.3531
33.95100 871.879 20.5282
33.95400 880.473 21.2095
33.95700 889.552 21.1762
33.96000 899.104 21.2766
33.96300 909.105 21.7391
33.96600 919.526 22.1349
33.96900 930.321 21.7803
33.97200 941.436 22.0219
33.97500 952.804 22.9476
33.97800 964.345 21.8322
33.98100 975.969 22.9295
33.98400 987.572 22.8277
33.98700 999.044 22.8099
33.99000 1010.26 23.0266
33.99300 1021.1 23.389
33.99600 1031.42 23.7156
33.99900 1041.08 23.3063
34.00200 1049.95 23.389
34.00500 1057.88 23.6492
34.00800 1064.74 23.3826
34.01100 1070.4 23.6228
34.01400 1074.73 23.9525
34.01700 1077.65 23.492
34.02000 1079.06 23.7557
34.02300 1078.91 23.7223
34.02600 1077.19 23.6624
34.02900 1073.91 24.0215
34.03200 1069.09 23.2873
34.03500 1062.83 23.338
34.03800 1055.22 23.505
34.04100 1046.38 23.796
34.04400 1036.44 23.7023
34.04700 1025.56 23.4211
34.05000 1013.87 23.4533
34.05300 1001.55 23.1002
34.05600 988.727 22.9114
34.05900 975.558 22.3607
34.06200 962.181 22.6746
34.06500 948.729 23.1932
34.06800 935.325 22.605
34.07100 922.085 22.6746
34.07400 909.112 22.8994
34.07700 896.497 21.9212
34.08000 884.322 22.2442
34.08300 872.655 22.1676
34.08600 861.551 22.0755
34.08900 851.054 21.2622
34.09200 841.194 21.5066
34.09500 831.992 21.7803
34.09800 823.457 20.8741
34.10100 815.592 21.693
34.10400 808.387 21.8582
34.10700 801.829 20.9842
34.11000 795.897 21.4078
34.11300 790.566 21.4226
34.11600 785.808 20.7838
34.11900 781.591 20.5934
34.12200 777.884 21.3346
34.12500 774.652 21.1194
34.12800 771.863 21.1006
34.13100 769.485 21.3104
34.13400 767.486 21.3687
34.13700 765.836 20.9842
34.14000 764.509 20.8969
34.14300 763.478 20.9934
34.14600 762.719 20.8514
34.14900 762.211 21.0865
34.15200 761.934 20.8605
34.15500 761.87 21.3541
34.15800 762.004 20.624
34.16100 762.318 20.8605
34.16400 762.801 20.6592
34.16700 763.437 20.5716
34.17000 764.214 20.8651
34.17300 765.119 20.6813
34.17600 766.14 20.5109
34.17900 767.262 20.5586
34.18200 768.472 20.7614
34.18500 769.755 21.2959
34.18800 771.097 20.5847
34.19100 772.48 20.9565
34.19400 773.887 21.0678
34.19700 775.302 20.5369
34.20000 776.704 21.4029
34.20300 778.075 21.2478
34.20600 779.393 21.0027
34.20900 780.639 21.0865
34.21200 781.792 20.7168
34.21500 782.832 20.7034
34.21800 783.739 20.576
34.22100 784.496 21.3931
34.22400 785.086 21.3298
34.22700 785.498 21.0212
34.23000 785.72 20.9243
34.23300 785.748 21.1619
34.23600 785.58 21.0538
34.23900 785.219 20.8243
34.24200 784.671 21.3443
34.24500 783.945 21.0027
34.24800 783.053 20.7212
34.25100 782.009 20.856
34.25400 780.828 21.0912
34.25700 779.523 20.9198
34.26000 778.111 20.8243
34.26300 776.603 20.9703
34.26600 775.014 21.3589
34.26900 773.356 20.6769
34.27200 771.641 20.3237
34.27500 769.882 20.8063
34.27800 768.091 20.3616
34.28100 766.281 21.0073
34.28400 764.467 20.7435
34.28700 762.662 20.6372
34.29000 760.882 20.3489
34.29300 759.14 21.0119
34.29600 757.451 20.8605
34.29900 755.826 20.5542
34.30200 754.277 20.0926
34.30500 752.811 20.8469
34.30800 751.436 20.4808
34.31100 750.158 20.7569
34.31400 748.979 20.7793
34.31700 747.903 20.6065
34.32000 746.929 20.7658
34.32300 746.058 20.6725
34.32600 745.288 20.7123
34.32900 744.615 20.4894
34.33200 744.038 20.5066
34.33500 743.552 21.2047
34.33800 743.153 20.5978
34.34100 742.837 20.7435
34.34400 742.6 20.4765
34.34700 742.437 20.261
34.35000 742.344 20.6901
34.35300 742.316 20.4636
34.35600 742.349 20.3869
34.35900 742.44 20.7034
34.36200 742.584 20.3237
34.36500 742.777 21.2574
34.36800 743.017 20.1701
34.37100 743.3 19.8302
34.37400 743.624 20.4808
34.37700 743.984 20.4765
34.38000 744.381 20.6065
34.38300 744.81 20.8063
34.38600 745.271 20.4722
34.38900 745.763 20.7435
34.39200 746.284 19.7991
34.39500 746.836 20.8514
34.39800 747.417 20.4209
34.40100 748.03 20.9473
34.40400 748.675 20.232
34.40700 749.354 20.3489
34.41000 750.069 20.5152
34.41300 750.82 20.3111
34.41600 751.611 20.3827
34.41900 752.442 19.8615
34.42200 753.314 20.9749
34.42500 754.228 20.3954
34.42800 755.185 19.98
34.43100 756.185 20.739
34.43400 757.226 21.0073
34.43700 758.307 20.7301
34.44000 759.426 20.5673
34.44300 760.58 20.7034
34.44600 761.765 20.6021
34.44900 762.977 20.7524
34.45200 764.208 20.8153
34.45500 765.453 20.9198
34.45800 766.703 20.498
34.46100 767.949 20.6284
34.46400 769.182 21.1383
34.46700 770.391 21.0445
34.47000 771.565 20.2818
34.47300 772.69 21.0678
34.47600 773.755 21.2622
34.47900 774.746 21.2766
34.48200 775.65 20.4252
34.48500 776.454 21.6371
34.48800 777.145 21.0912
34.49100 777.711 20.7079
34.49400 778.142 21.4818
34.49700 778.427 21.2095
34.50000 778.56 21.1336
34.50300 778.536 20.8969
34.50600 778.353 21.1477
34.50900 778.014 20.5412
34.51200 777.522 21.1053
34.51500 776.886 20.4851
34.51800 776.116 20.2944
34.52100 775.226 20.4679
34.52400 774.23 21.1809
34.52700 773.144 20.9473
34.53000 771.985 20.699
34.53300 770.77 20.7748
34.53600 769.516 21.3785
34.53900 768.24 20.3997
34.54200 766.957 20.6153
34.54500 765.682 21.0073
34.54800 764.43 20.7793
34.55100 763.213 20.5412
34.55400 762.043 20.3827
34.55700 760.93 20.8605
34.56000 759.883 20.9243
34.56300 758.911 20.9106
34.56600 758.019 21.2095
34.56900 757.215 20.2278
34.57200 756.501 20.576
34.57500 755.881 21.2526
34.57800 755.358 20.4508
34.58100 754.934 20.7748
34.58400 754.608 20.4124
34.58700 754.383 20.2527
34.59000 754.258 20.6725
34.59300 754.232 20.5152
34.59600 754.306 20.7257
34.59900 754.48 20.1784
34.60200 754.754 20.4937
34.60500 755.129 20.5369
34.60800 755.604 20.5023
34.61100 756.183 20.5716
34.61400 756.866 20.8651
34.61700 757.656 20.2031
34.62000 758.557 20.5239
34.62300 759.572 20.7123
34.62600 760.705 21.2047
34.62900 761.96 20.9795
34.63200 763.341 20.5152
34.63500 764.853 21.219
34.63800 766.5 20.4508
34.64100 768.285 20.8424
34.64400 770.211 20.7793
34.64700 772.279 19.8654
34.65000 774.491 20.7301
34.65300 776.844 20.8605
34.65600 779.336 20.5152
34.65900 781.962 20.6813
34.66200 784.715 21.1714
34.66500 787.586 20.8198
34.66800 790.563 20.8018
34.67100 793.634 21.0491
34.67400 796.78 20.998
34.67700 799.984 20.3785
34.68000 803.226 20.9152
34.68300 806.482 20.9795
34.68600 809.727 21.0259
34.68900 812.935 21.2526
34.69200 816.077 21.0305
34.69500 819.126 21.7443
34.69800 822.051 20.8741
34.70100 824.823 21.2814
34.70400 827.413 21.1572
34.70700 829.796 21.2526
34.71000 831.945 21.398
34.71300 833.841 21.4967
34.71600 835.466 21.0538
34.71900 836.808 21.2
34.72200 837.858 21.5166
34.72500 838.614 21.3736
34.72800 839.077 21.3882
34.73100 839.252 21.5816
34.73400 839.148 21.5565
34.73700 838.778 21.4868
34.74000 838.155 21.6321
34.74300 837.296 21.0959
34.74600 836.218 21.4967
34.74900 834.937 21.2766
34.75200 833.472 21.8687
34.75500 831.84 21.1053
34.75800 830.056 21.243
34.76100 828.138 21.4917
34.76400 826.101 20.9934
34.76700 823.961 21.3541
34.77000 821.733 20.9888
34.77300 819.433 21.2718
34.77600 817.078 20.6109
34.77900 814.685 20.576
34.78200 812.273 21.3541
34.78500 809.859 21.2
34.78800 807.461 20.9842
34.79100 805.099 20.8832
34.79400 802.79 20.9565
34.79700 800.55 20.2031
34.80000 798.395 20.8424
34.80300 796.339 20.8288
34.80600 794.396 20.8063
34.80900 792.576 20.0764
34.81200 790.889 21.0305
34.81500 789.343 20.8514
34.81800 787.944 20.8243
34.82100 786.694 21.1383
34.82400 785.596 20.7079
34.82700 784.649 20.7569
34.83000 783.85 21.5016
34.83300 783.195 21.0398
34.83600 782.677 21.3007
34.83900 782.287 20.5023
34.84200 782.015 20.0522
34.84500 781.848 21.2143
34.84800 781.774 20.3405
34.85100 781.777 20.7748
34.85400 781.839 20.8605
34.85700 781.945 20.624
34.86000 782.076 20.8832
34.86300 782.213 20.9243
34.86600 782.336 20.7614
34.86900 782.429 20.5847
34.87200 782.472 20.2486
34.87500 782.451 20.8198
34.87800 782.351 20.1825
34.88100 782.161 20.9888
34.88400 781.873 20.856
34.88700 781.481 20.6504
34.89000 780.986 20.3912
34.89300 780.389 20.8924
34.89600 779.696 21.0305
34.89900 778.915 20.4765
34.90200 778.055 20.3195
34.90500 777.13 21.2718
34.90800 776.152 20.2527
34.91100 775.134 20.498
34.91400 774.09 19.98
34.91700 773.033 20.4894
34.92000 771.976 20.4508
34.92300 770.929 20.4337
34.92600 769.902 20.8741
34.92900 768.907 20.7168
34.93200 767.949 20.3954
34.93500 767.036 20.7793
34.93800 766.173 20.37
34.94100 765.365 20.5369
34.94400 764.615 20.6857
34.94700 763.923 20.1907
34.95000 763.29 20.5499
34.95300 762.715 20.016
34.95600 762.198 20.3405
34.95900 761.736 20.8243
34.96200 761.328 20.5803
34.96500 760.969 21.0678
34.96800 760.659 20.4082
34.97100 760.394 20.1948
34.97400 760.172 20.4124
34.97700 759.992 20.1866
34.98000 759.852 20.7793
34.98300 759.754 20.4508
34.98600 759.697 20.3489
34.98900 759.683 19.7952
34.99200 759.716 20.2237
34.99500 759.8 20.5716
34.99800 759.938 20.5542
35.00100 760.138 15.8352
35.00400 760.407 17.9634
35.00700 760.752 17.8543
35.01000 761.181 18.368
35.01300 761.702 18.3401
35.01600 762.322 18.8713
35.01900 763.047 18.712
35.02200 763.881 18.8244
35.02500 764.828 18.9422
35.02800 765.885 18.6081
35.03100 767.048 19.0416
35.03400 768.309 18.7978
35.03700 769.656 18.5952
35.04000 771.072 18.6794
35.04300 772.534 18.9422
35.04600 774.019 19.3673
35.04900 775.494 19.245
35.05200 776.927 19.5628
35.05500 778.28 19.5628
35.05800 779.514 19.3746
35.06100 780.588 19.5703
35.06400 781.462 19.745
35.06700 782.099 19.2557
35.07000 782.468 19.992
35.07300 782.544 19.4404
35.07600 782.318 19.9126
35.07900 781.787 19.2237
35.08200 780.965 19.1918
35.08500 779.876 19.2486
35.08800 778.55 19.097
35.09100 777.026 19.5292
35.09400 775.343 19.4257
35.09700 773.544 19.3095
35.10000 771.669 19.3275
35.10300 769.754 18.9321
35.10600 767.837 19.3528
35.10900 765.948 19.5778
35.11200 764.113 19.5665
35.11500 762.357 19.8107
35.11800 760.697 19.1145
35.12100 759.149 20.1008
35.12400 757.721 19.657
35.12700 756.42 19.9482
35.13000 755.249 19.4846
35.13300 754.208 19.6078
35.13600 753.295 19.7874
35.13900 752.505 19.6494
35.14200 751.833 19.5366
35.14500 751.272 19.8771
35.14800 750.816 19.3203
35.15100 750.458 19.9482
35.15400 750.191 19.8615
35.15700 750.009 19.4957
35.16000 749.908 19.4404
35.16300 749.883 19.4809
35.16600 749.929 19.4883
35.16900 750.046 19.6419
35.17200 750.229 19.2951
35.17500 750.478 19.4588
35.17800 750.792 19.1777
35.18100 751.168 19.5815
35.18400 751.608 19.4551
35.18700 752.109 19.6875
35.19000 752.67 19.2951
35.19300 753.291 19.9323
35.19600 753.968 19.3203
35.19900 754.701 19.6267
35.20200 755.486 19.976
35.20500 756.319 19.8968
35.20800 757.196 19.8458
35.21100 758.11 19.5069
35.21400 759.057 19.5106
35.21700 760.028 19.6608
35.22000 761.015 19.4441
35.22300 762.011 19.4111
35.22600 763.005 19.4698
35.22900 763.987 19.803
35.23200 764.947 19.5069
35.23500 765.873 19.885
35.23800 766.754 19.0416
35.24100 767.578 19.9522
35.24400 768.336 19.7411
35.24700 769.015 19.4001
35.25000 769.608 19.9284
35.25300 770.106 19.9007
35.25600 770.502 20.1784
35.25900 770.794 20.3997
35.26200 770.978 19.8771
35.26500 771.055 19.9323
35.26800 771.028 19.4404
35.27100 770.899 19.7836
35.27400 770.677 19.98
35.27700 770.367 19.2414
35.28000 769.978 20.1333
35.28300 769.519 19.9403
35.28600 769 19.6419
35.28900 768.43 19.1565
35.29200 767.819 19.8615
35.29500 767.176 19.996
35.29800 766.51 19.7181
35.30100 765.831 19.5515
35.30400 765.146 19.8419
35.30700 764.463 19.2201
35.31000 763.789 19.9641
35.31300 763.129 19.6267
35.31600 762.49 19.8419
35.31900 761.875 19.3892
35.32200 761.289 19.6684
35.32500 760.732 19.8185
35.32800 760.208 18.8579
35.33100 759.716 19.1425
35.33400 759.258 19.8968
35.33700 758.832 19.2379
35.34000 758.436 19.5553
35.34300 758.071 19.7373
35.34600 757.733 19.6684
35.34900 757.422 19.6229
35.35200 757.134 19.9165
35.35500 756.869 19.3239
35.35800 756.625 19.1671
35.36100 756.402 19.772
35.36400 756.198 19.7758
35.36700 756.014 19.3892
35.37000 755.851 19.7913
35.37300 755.707 19.5965
35.37600 755.587 19.5628
35.37900 755.491 19.1425
35.38200 755.42 19.9601
35.38500 755.376 19.4957
35.38800 755.36 18.7022
35.39100 755.375 19.559
35.39400 755.422 19.8929
35.39700 755.503 19.3456
35.40000 755.616 19.9442
35.40300 755.771 19.6192
35.40600 755.965 19.4588
35.40900 756.2 18.9422
35.41200 756.477 19.9047
35.41500 756.798 19.245
35.41800 757.162 19.3855
35.42100 757.572 19.8575
35.42400 758.026 19.6343
35.42700 758.525 19.4846
35.43000 759.069 19.6646
35.43300 759.657 20.0281
35.43600 760.287 19.2379
35.43900 760.959 19.6267
35.44200 761.671 19.7334
35.44500 762.42 20.1008
35.44800 763.204 19.3637
35.45100 764.021 19.9681
35.45400 764.868 19.984
35.45700 765.742 19.2095
35.46000 766.639 19.5106
35.46300 767.555 19.7758
35.46600 768.487 20.2527
35.46900 769.431 19.6875
35.47200 770.382 19.7296
35.47500 771.335 19.3167
35.47800 772.287 19.7488
35.48100 773.232 19.657
35.48400 774.167 19.5441
35.48700 775.085 19.885
35.49000 775.983 19.676
35.49300 776.855 19.2664
35.49600 777.699 19.5703
35.49900 778.51 19.5928
35.50200 779.283 19.6494
35.50500 780.015 19.7527
35.50800 780.702 19.4477
35.51100 781.34 19.745
35.51400 781.924 19.8575
35.51700 782.452 20.1497
35.52000 782.919 19.3855
35.52300 783.323 19.5403
35.52600 783.659 20.0361
35.52900 783.925 19.4404
35.53200 784.119 19.9561
35.53500 784.239 19.5106
35.53800 784.285 20.02
35.54100 784.254 20.1989
35.54400 784.151 20.2154
35.54700 783.977 18.9593
35.55000 783.734 20.016
35.55300 783.427 19.6381
35.55600 783.061 19.5403
35.55900 782.644 19.574
35.56200 782.183 19.6041
35.56500 781.686 19.745
35.56800 781.164 19.5217
35.57100 780.625 19.988
35.57400 780.081 20.0926
35.57700 779.543 19.6229
35.58000 779.021 19.9601
35.58300 778.525 19.6154
35.58600 778.065 19.9641
35.58900 777.649 19.2557
35.59200 777.284 19.371
35.59500 776.975 20.2818
35.59800 776.726 19.4477
35.60100 776.537 19.885
35.60400 776.405 19.2879
35.60700 776.327 19.988
35.61000 776.294 19.9165
35.61300 776.296 19.7257
35.61600 776.32 19.9284
35.61900 776.351 19.4184
35.62200 776.369 19.6078
35.62500 776.358 20.1008
35.62800 776.295 19.8536
35.63100 776.162 20.117
35.63400 775.941 19.7874
35.63700 775.616 19.4367
35.64000 775.181 19.9482
35.64300 774.631 19.5815
35.64600 773.97 19.8263
35.64900 773.21 20.1129
35.65200 772.366 20.004
35.65500 771.456 19.9086
35.65800 770.502 19.3782
35.66100 769.523 19.589
35.66400 768.541 19.4588
35.66700 767.574 19.5366
35.67000 766.64 20.1252
35.67300 765.751 19.9403
35.67600 764.922 20.1784
35.67900 764.161 19.2664
35.68200 763.475 20.0562
35.68500 762.87 19.9244
35.68800 762.348 19.3528
35.69100 761.911 19.6078
35.69400 761.558 19.9086
35.69700 761.287 19.3167
35.70000 761.097 19.6532
35.70300 760.984 19.5441
35.70600 760.946 19.7104
35.70900 760.982 19.2593
35.71200 761.09 19.885
35.71500 761.271 19.8889
35.71800 761.527 19.4809
35.72100 761.861 19.7219
35.72400 762.277 19.7642
35.72700 762.783 19.7373
35.73000 763.388 19.7104
35.73300 764.102 19.6608
35.73600 764.937 20.0441
35.73900 765.907 19.6875
35.74200 767.027 19.996
35.74500 768.315 19.5815
35.74800 769.787 19.4662
35.75100 771.463 19.4294
35.75400 773.361 19.9522
35.75700 775.499 19.3167
35.76000 777.898 19.5217
35.76300 780.574 19.7642
35.76600 783.546 19.6381
35.76900 786.827 19.6041
35.77200 790.432 19.772
35.77500 794.372 20.1252
35.77800 798.654 19.8968
35.78100 803.282 20.5325
35.78400 808.257 19.7681
35.78700 813.575 20.1538
35.79000 819.228 20.1048
35.79300 825.201 20.2986
35.79600 831.476 20.699
35.79900 838.027 20.2113
35.80200 844.826 20.9795
35.80500 851.835 20.0603
35.80800 859.014 20.2693
35.81100 866.314 20.5978
35.81400 873.685 21.1241
35.81700 881.067 20.2777
35.82000 888.4 20.6416
35.82300 895.616 21.5917
35.82600 902.647 21.11
35.82900 909.419 20.7973
35.83200 915.859 21.4719
35.83500 921.892 21.6473
35.83800 927.444 21.219
35.84100 932.444 21.8114
35.84400 936.825 22.663
35.84700 940.523 21.0491
35.85000 943.486 21.7803
35.85300 945.669 22.2387
35.85600 947.038 21.4078
35.85900 947.573 21.7237
35.86200 947.267 22.2662
35.86500 946.128 22.2939
35.86800 944.179 21.8478
35.87100 941.455 22.3105
35.87400 938.004 22.2552
35.87700 933.886 21.5816
35.88000 929.168 21.8218
35.88300 923.923 21.5866
35.88600 918.232 21.1714
35.88900 912.173 21.8478
35.89200 905.829 21.3736
35.89500 899.28 22.0433
35.89800 892.603 21.4521
35.90100 885.872 22.1133
35.90400 879.154 21.6473
35.90700 872.511 21.4324
35.91000 865.999 21.6017
35.91300 859.665 21.9107
35.91600 853.546 21.6574
35.91900 847.674 21.7391
35.92200 842.07 22.6688
35.92500 836.746 22.2718
35.92800 831.703 21.7033
35.93100 826.941 22.3384
35.93400 822.445 23.492
35.93700 818.195 23.1932
35.94000 814.164 24.2821
35.94300 810.323 24.3252
35.94600 806.639 23.5441
35.94900 803.077 24.1402
35.95200 799.608 23.4662
35.95500 796.206 23.5965
35.95800 792.856 24.0702
35.96100 789.549 23.1745
35.96400 786.289 24.275
35.96700 783.085 23.9114
35.97000 779.953 22.9235
35.97300 776.914 23.6823
35.97600 773.989 23.281
35.97900 771.199 24.0146
35.98200 768.566 23.1994
35.98500 766.108 23.6294
35.98800 763.84 23.3253
35.99100 761.775 23.5441
35.99400 759.924 23.1994
35.99700 758.293 22.663
36.00000 756.885 23.796
36.00300 755.701 23.0817
36.00600 754.737 23.2747
36.00900 753.987 23.492
36.01200 753.442 23.3762
36.01500 753.092 23.3698
36.01800 752.925 22.7038
36.02100 752.925 23.9457
36.02400 753.077 23.5376
36.02700 753.364 22.4337
36.03000 753.77 23.4662
36.03300 754.276 22.8635
36.03600 754.866 24.0008
36.03900 755.52 23.9388
36.04200 756.221 23.2307
36.04500 756.951 22.9537
36.04800 757.694 23.0205
36.05100 758.432 23.636
36.05400 759.151 24.1332
36.05700 759.834 22.9114
36.06000 760.471 23.5899
36.06300 761.049 24.0077
36.06600 761.56 23.5899
36.06900 761.996 23.1002
36.07200 762.354 22.7803
36.07500 762.633 23.8366
36.07800 762.833 23.4597
36.08100 762.958 23.3571
36.08400 763.015 24.0911
36.08700 763.013 23.4275
36.09000 762.961 23.5768
36.09300 762.87 23.636
36.09600 762.751 22.7862
36.09900 762.617 23.9182
36.10200 762.476 23.4018
36.10500 762.34 23.5376
36.10800 762.217 22.663
36.11100 762.116 22.7449
36.11400 762.043 23.749
36.11700 762.005 23.1558
36.12000 762.007 23.531
36.12300 762.052 23.3698
36.12600 762.144 23.7356
36.12900 762.286 23.1434
36.13200 762.479 22.9961
36.13500 762.725 23.7089
36.13800 763.025 22.7331
36.14100 763.382 23.4146
36.14400 763.796 23.1125
36.14700 764.271 22.7331
36.15000 764.809 23.5115
36.15300 765.415 23.6228
36.15600 766.092 23.6757
36.15900 766.848 23.9732
36.16200 767.689 23.1125
36.16500 768.624 23.0205
36.16800 769.662 23.4404
36.17100 770.814 23.9801
36.17400 772.092 23.4985
36.17700 773.509 22.8814
36.18000 775.079 23.531
36.18300 776.816 23.5571
36.18600 778.736 23.7557
36.18900 780.854 23.3063
36.19200 783.186 22.9476
36.19500 785.746 24.0146
36.19800 788.549 23.389
36.20100 791.609 23.8909
36.20400 794.938 23.4791
36.20700 798.547 23.1002
36.21000 802.444 24.1473
36.21300 806.635 23.4146
36.21600 811.122 23.9594
36.21900 815.905 24.7689
36.22200 820.98 23.9388
36.22500 826.337 23.8163
36.22800 831.964 23.6162
36.23100 837.843 24.1896
36.23400 843.951 25.1657
36.23700 850.26 24.383
36.24000 856.738 24.8991
36.24300 863.346 24.6857
36.24600 870.04 24.0772
36.24900 876.773 25.0078
36.25200 883.492 24.4704
36.25500 890.137 24.8299
36.25800 896.648 24.2965
36.26100 902.959 25.2377
36.26400 909.004 24.8759
36.26700 914.714 24.3324
36.27000 920.022 25.95
36.27300 924.862 25.0078
36.27600 929.175 25.599
36.27900 932.905 25.3592
36.28200 936.004 25.0785
36.28500 938.435 25.8803
36.28800 940.169 25.4906
36.29100 941.186 25.5405
36.29400 941.478 25.5238
36.29700 941.044 26.0643
36.30000 939.892 24.5737
36.30300 938.04 25.3592
36.30600 935.511 25.4576
36.30900 932.333 24.7461
36.31200 928.544 24.7537
36.31500 924.186 25.8457
36.31800 919.305 24.0563
36.32100 913.954 25.1816
36.32400 908.19 25.0549
36.32700 902.072 23.9457
36.33000 895.662 25.4082
36.33300 889.024 24.9377
36.33600 882.22 25.5405
36.33900 875.311 24.6857
36.34200 868.357 24.3975
36.34500 861.412 24.9844
36.34800 854.529 24.3252
36.35100 847.756 23.9457
36.35400 841.134 24.7841
36.35700 834.701 23.319
36.36000 828.491 24.4193
36.36300 822.531 23.9046
36.36600 816.845 24.2464
36.36900 811.449 24.3252
36.37200 806.36 23.7423
36.37500 801.585 23.8705
36.37800 797.13 23.3444
36.38100 792.998 23.7423
36.38400 789.186 24.0702
36.38700 785.69 22.9961
36.39000 782.502 23.8095
36.39300 779.612 23.3571
36.39600 777.009 24.0563
36.39900 774.677 23.4791
36.40200 772.603 23.2244
36.40500 770.769 24.0981
36.40800 769.157 23.4211
36.41100 767.751 23.5702
36.41400 766.531 24.0146
36.41700 765.478 23.6956
36.42000 764.575 23.3253
36.42300 763.803 23.1249
36.42600 763.144 24.1684
36.42900 762.582 23.8841
36.43200 762.1 23.094
36.43500 761.683 23.8909
36.43800 761.317 23.2432
36.44100 760.991 24.3541
36.44400 760.693 23.4791
36.44700 760.414 23.281
36.45000 760.146 24.0842
36.45300 759.884 23.2621
36.45600 759.623 23.492
36.45900 759.36 23.051
36.46200 759.094 23.2432
36.46500 758.824 23.4726
36.46800 758.55 23.0205
36.47100 758.274 23.505
36.47400 757.996 23.7624
36.47700 757.717 23.4146
36.48000 757.44 23.3635
36.48300 757.165 23.3
36.48600 756.895 23.8569
36.48900 756.629 23.3571
36.49200 756.369 23.2057
36.49500 756.115 23.5376
36.49800 755.868 23.4018
36.50100 755.628 23.8298
36.50400 755.395 23.3126
36.50700 755.169 23.1249
36.51000 754.95 23.1372
36.51300 754.738 23.1932
36.51600 754.535 23.1932
36.51900 754.341 23.0449
36.52200 754.156 23.6492
36.52500 753.982 23.5506
36.52800 753.822 22.9537
36.53100 753.675 23.5637
36.53400 753.544 23.4018
36.53700 753.43 23.1249
36.54000 753.336 23.4662
36.54300 753.263 23.1311
36.54600 753.214 23.603
36.54900 753.191 22.7803
36.55200 753.196 23.1372
36.55500 753.232 23.5768
36.55800 753.302 23.5899
36.56100 753.409 23.6426
36.56400 753.557 22.9658
36.56700 753.749 22.7273
36.57000 753.99 23.4597
36.57300 754.283 23.3444
36.57600 754.636 22.7921
36.57900 755.053 23.636
36.58200 755.542 23.9457
36.58500 756.113 23.3507
36.58800 756.778 23.3444
36.59100 757.551 23.492
36.59400 758.45 23.1125
36.59700 759.499 23.5506
36.60000 760.727 23.4339
36.60300 762.171 23.5965
36.60600 763.875 23.7289
36.60900 765.896 22.9658
36.61200 768.301 23.0327
36.61500 771.17 23.7423
36.61800 774.598 23.2873
36.62100 778.696 24.6183
36.62400 783.591 23.4404
36.62700 789.425 23.4791
36.63000 796.353 24.5145
36.63300 804.546 24.1402
36.63600 814.179 24.4998
36.63900 825.435 24.1402
36.64200 838.49 24.6332
36.64500 853.512 24.6407
36.64800 870.647 24.2821
36.65100 890.013 25.3673
36.65400 911.687 25.8717
36.65700 935.693 25.5405
36.66000 961.995 26.9386
36.66300 990.484 27.0864
36.66600 1020.97 27.0864
36.66900 1053.19 27.3793
36.67200 1086.77 28.0717
36.67500 1121.26 28.4901
36.67800 1156.14 29.0252
36.68100 1190.77 30.0692
36.68400 1224.46 29.6435
36.68700 1256.46 29.8674
36.69000 1285.96 30.5995
36.69300 1312.15 30.0692
36.69600 1334.23 30.9196
36.69900 1351.47 30.9641
36.70200 1363.29 30.4009
36.70500 1369.27 30.8021
36.70800 1369.22 29.5527
36.71100 1363.22 30.0285
36.71400 1351.57 29.3864
36.71700 1334.81 28.8795
36.72000 1313.61 28.7718
36.72300 1288.74 28.0496
36.72600 1261.02 28.9886
36.72900 1231.27 28.183
36.73200 1200.27 28.4555
36.73500 1168.76 27.4721
36.73800 1137.4 27.2772
36.74100 1106.76 27.3077
36.74400 1077.34 26.8899
36.74700 1049.54 26.2251
36.75000 1023.67 26.4074
36.75300 999.967 26.1622
36.75600 978.565 26.5186
36.75900 959.532 25.5822
36.76200 942.864 25.8544
36.76500 928.502 25.9238
36.76800 916.342 24.8682
36.77100 906.24 25.4411
36.77400 898.031 25.0549
36.77700 891.533 24.9766
36.78000 886.556 25.3592
36.78300 882.913 25.047
36.78600 880.421 24.2893
36.78900 878.908 25.0156
36.79200 878.216 24.8682
36.79500 878.203 24.6632
36.79800 878.742 24.218
36.80100 879.721 24.7993
36.80400 881.047 24.93
36.80700 882.638 24.4339
36.81000 884.428 24.8991
36.81300 886.362 24.7008
36.81600 888.396 25.2217
36.81900 890.493 24.412
36.82200 892.628 24.5737
36.82500 894.779 24.9455
36.82800 896.931 23.8977
36.83100 899.075 24.4412
36.83400 901.205 24.7461
36.83700 903.317 23.9251
36.84000 905.412 25.3837
36.84300 907.491 23.823
36.84600 909.556 24.961
36.84900 911.613 24.9068
36.85200 913.666 24.2821
36.85500 915.717 24.6407
36.85800 917.773 24.2536
36.86100 919.834 24.4998
36.86400 921.903 24.1473
36.86700 923.98 24.6034
36.87000 926.064 25
36.87300 928.149 24.8222
36.87600 930.232 19.8185
36.87900 932.302 20.998
36.88200 934.35 21.8374
36.88500 936.364 22.3831
36.88800 938.327 21.9001
36.89100 940.224 22.9235
36.89400 942.035 22.8755
36.89700 943.741 22.5532
36.90000 945.321 23.4533
36.90300 946.753 22.5819
36.90600 948.016 23.0022
36.90900 949.092 23.0327
36.91200 949.961 23.1249
36.91500 950.611 22.9235
36.91800 951.03 23.5115
36.92100 951.213 23.7624
36.92400 951.16 23.8433
36.92700 950.872 22.8456
36.93000 950.359 23.7289
36.93300 949.628 22.9718
36.93600 948.693 23.9251
36.93900 947.565 23.1063
36.94200 946.258 23.492
36.94500 944.786 24.0008
36.94800 943.161 23.5702
36.95100 941.396 22.9718
36.95400 939.501 23.5571
36.95700 937.485 22.7921
36.96000 935.357 23.6956
36.96300 933.12 23.7759
36.96600 930.778 23.5441
36.96900 928.334 23.5115
36.97200 925.784 23.389
36.97500 923.128 24.0563
36.97800 920.362 23.4662
36.98100 917.479 23.6096
36.98400 914.476 23.2057
36.98700 911.347 23.4985
36.99000 908.086 23.4146
36.99300 904.691 23.0694
36.99600 901.161 24.0842
36.99900 897.496 23.531
37.00200 893.701 23.2119
37.00500 889.784 23.7423
37.00800 885.756 23.2684
37.01100 881.63 23.7893
37.01400 877.426 23.4211
37.01700 873.164 23.1496
37.02000 868.867 23.2307
37.02300 864.56 23.1496
37.02600 860.269 22.8635
37.02900 856.023 23.3571
37.03200 851.848 23.1187
37.03500 847.771 23.1807
37.03800 843.82 22.9114
37.04100 840.021 23.4856
37.04400 836.399 22.7273
37.04700 832.976 22.4224
37.05000 829.777 23.6426
37.05300 826.822 23.2244
37.05600 824.129 22.305
37.05900 821.717 23.1558
37.06200 819.602 22.5417
37.06500 817.797 23.0756
37.06800 816.314 23.0327
37.07100 815.164 22.8218
37.07400 814.355 23.0083
37.07700 813.893 22.1241
37.08000 813.782 22.7803
37.08300 814.024 22.7921
37.08600 814.619 23.1745
37.08900 815.565 22.8277
37.09200 816.858 23.1932
37.09500 818.491 23.0633
37.09800 820.456 22.804
37.10100 822.743 22.8456
37.10400 825.338 23.3954
37.10700 828.227 22.6863
37.11000 831.394 23.7289
37.11300 834.821 23.0571
37.11600 838.487 23.8163
37.11900 842.371 23.1683
37.12200 846.449 23.636
37.12500 850.696 23.9801
37.12800 855.086 23.5571
37.13100 859.591 23.5245
37.13400 864.18 23.6956
37.13700 868.824 22.5189
37.14000 873.49 23.6228
37.14300 878.146 23.7289
37.14600 882.757 23.505
37.14900 887.29 23.4082
37.15200 891.708 23.2057
37.15500 895.978 24.1614
37.15800 900.065 23.6096
37.16100 903.935 23.5637
37.16400 907.553 23.5376
37.16700 910.891 24.1543
37.17000 913.917 23.4597
37.17300 916.605 24.0842
37.17600 918.931 23.5833
37.17900 920.876 23.9732
37.18200 922.422 23.9663
37.18500 923.559 24.2251
37.18800 924.278 23.8841
37.19100 924.578 24.4048
37.19400 924.459 24.1332
37.19700 923.93 23.636
37.20000 923 24.3975
37.20300 921.687 24.4924
37.20600 920.009 24.275
37.20900 917.991 23.9114
37.21200 915.659 23.689
37.21500 913.044 24.3613
37.21800 910.179 23.6162
37.22100 907.1 24.1262
37.22400 903.846 23.8433
37.22700 900.456 23.749
37.23000 896.971 23.7893
37.23300 893.433 23.6096
37.23600 889.885 23.5115
37.23900 886.369 24.6482
37.24200 882.927 23.9732
37.24500 879.599 23.8637
37.24800 876.423 23.7624
37.25100 873.435 23.9388
37.25400 870.667 24.4778
37.25700 868.148 23.6096
37.26000 865.902 23.7691
37.26300 863.948 23.603
37.26600 862.3 23.1311
37.26900 860.965 23.9663
37.27200 859.943 24.2607
37.27500 859.23 23.9801
37.27800 858.812 23.8366
37.28100 858.67 24.2251
37.28400 858.775 23.9525
37.28700 859.094 23.1187
37.29000 859.584 24.5737
37.29300 860.197 23.9525
37.29600 860.88 23.505
37.29900 861.571 24.4558
37.30200 862.209 24.2893
37.30500 862.726 23.603
37.30800 863.055 23.8366
37.31100 863.133 24.0008
37.31400 862.898 24.0772
37.31700 862.299 23.3
37.32000 861.296 24.3396
37.32300 859.862 23.7356
37.32600 857.987 23.796
37.32900 855.675 23.8909
37.33200 852.949 23.9046
37.33500 849.841 24.0077
37.33800 846.397 23.3571
37.34100 842.667 23.7223
37.34400 838.708 23.636
37.34700 834.577 23.389
37.35000 830.332 24.1051
37.35300 826.027 23.8366
37.35600 821.715 23.1994
37.35900 817.443 23.2621
37.36200 813.255 23.1434
37.36500 809.19 24.2464
37.36800 805.28 22.804
37.37100 801.552 22.8874
37.37400 798.028 23.2432
37.37700 794.724 22.984
37.38000 791.652 22.6921
37.38300 788.816 23.1311
37.38600 786.219 22.7626
37.38900 783.856 23.3954
37.39200 781.721 22.5303
37.39500 779.806 22.5935
37.39800 778.097 22.6339
37.40100 776.581 23.2307
37.40400 775.242 22.8515
37.40700 774.065 22.0219
37.41000 773.034 23.4275
37.41300 772.133 22.6108
37.41600 771.345 22.9658
37.41900 770.657 22.8099
37.42200 770.053 22.8695
37.42500 769.522 23.0022
37.42800 769.052 22.8695
37.43100 768.632 22.7862
37.43400 768.253 23.3826
37.43700 767.907 22.5246
37.44000 767.587 23.1249
37.44300 767.287 22.1839
37.44600 767.003 22.1839
37.44900 766.729 23.1249
37.45200 766.464 22.0219
37.45500 766.203 22.9476
37.45800 765.946 22.3551
37.46100 765.69 22.7508
37.46400 765.434 22.5189
37.46700 765.178 21.6523
37.47000 764.921 22.7862
37.47300 764.664 22.5475
37.47600 764.406 22.0971
37.47900 764.147 22.3328
37.48200 763.888 22.0006
37.48500 763.63 22.4961
37.48800 763.373 21.9634
37.49100 763.119 22.5704
37.49400 762.866 22.4055
37.49700 762.617 22.5762
37.50000 762.371 22.605
37.50300 762.129 22.0433
37.50600 761.892 21.8374
37.50900 761.658 22.9355
37.51200 761.43 21.8582
37.51500 761.206 22.6166
37.51800 760.986 22.4112
37.52100 760.769 21.9317
37.52400 760.557 22.8456
37.52700 760.347 22.5475
37.53000 760.14 22.9175
37.53300 759.933 22.5992
37.53600 759.728 21.7597
37.53900 759.522 22.2497
37.54200 759.315 21.627
37.54500 759.106 22.8158
37.54800 758.894 22.8456
37.55100 758.678 22.0541
37.55400 758.457 22.9537
37.55700 758.232 22.4961
37.56000 758.001 22.698
37.56300 757.765 22.0113
37.56600 757.524 22.0487
37.56900 757.279 21.8844
37.57200 757.031 22.6108
37.57500 756.783 23.0022
37.57800 756.535 22.3607
37.58100 756.292 22.4394
37.58400 756.056 22.7685
37.58700 755.83 22.305
37.59000 755.62 22.0863
37.59300 755.43 22.4281
37.59600 755.265 22.6805
37.59900 755.129 22.7331
37.60200 755.03 22.2939
37.60500 754.973 22.5532
37.60800 754.964 21.974
37.61100 755.009 21.6219
37.61400 755.115 22.5018
37.61700 755.288 22.2387
37.62000 755.533 22.0059
37.62300 755.858 22.605
37.62600 756.268 22.1295
37.62900 756.768 22.7038
37.63200 757.363 22.3384
37.63500 758.056 22.9054
37.63800 758.853 21.801
37.64100 759.755 22.2332
37.64400 760.765 22.7214
37.64700 761.884 22.4112
37.65000 763.111 23.0205
37.65300 764.446 22.6746
37.65600 765.888 22.6281
37.65900 767.432 23.0083
37.66200 769.075 22.536
37.66500 770.811 23.3444
37.66800 772.633 22.4168
37.67100 774.533 22.3999
37.67400 776.503 22.8994
37.67700 778.531 22.6281
37.68000 780.607 22.9114
37.68300 782.718 22.7626
37.68600 784.849 22.7214
37.68900 786.987 23.1932
37.69200 789.115 22.7803
37.69500 791.216 23.0388
37.69800 793.274 23.051
37.70100 795.27 23.2936
37.70400 797.187 23.2307
37.70700 799.007 23.281
37.71000 800.711 23.3954
37.71300 802.283 23.1807
37.71600 803.709 23.1807
37.71900 804.973 23.2057
37.72200 806.065 22.9355
37.72500 806.976 23.2057
37.72800 807.699 23.1125
37.73100 808.233 23.1683
37.73400 808.578 23.5702
37.73700 808.738 23.3253
37.74000 808.719 23.4275
37.74300 808.53 23.2307
37.74600 808.185 23.8163
37.74900 807.695 23.7423
37.75200 807.075 23.4985
37.75500 806.339 23.6558
37.75800 805.505 22.9175
37.76100 804.587 24.0146
37.76400 803.599 24.3468
37.76700 802.558 23.0571
37.77000 801.475 23.4726
37.77300 800.363 23.3444
37.77600 799.233 23.4597
37.77900 798.096 23.3571
37.78200 796.96 22.6688
37.78500 795.832 23.5245
37.78800 794.716 22.9416
37.79100 793.618 22.9235
37.79400 792.541 23.4791
37.79700 791.485 23.4146
37.80000 790.451 22.6572
37.80300 789.437 23.1434
37.80600 788.44 22.739
37.80900 787.46 24.0563
37.81200 786.491 23.5899
37.81500 785.53 24.2109
37.81800 784.574 23.1621
37.82100 783.619 23.3698
37.82400 782.662 23.7759
37.82700 781.701 23.0633
37.83000 780.733 24.2393
37.83300 779.756 23.389
37.83600 778.772 23.7089
37.83900 777.779 24.3468
37.84200 776.779 23.237
37.84500 775.773 24.6557
37.84800 774.763 24.4412
37.85100 773.752 24.7234
37.85400 772.742 24.3613
37.85700 771.737 24.383
37.86000 770.741 24.4485
37.86300 769.756 25.5488
37.86600 768.787 25.9151
37.86900 767.837 26.0201
37.87200 766.912 25.7684
37.87500 766.013 27.7671
37.87800 765.147 26.5093
37.88100 764.316 27.5033
37.88400 763.525 28.5481
37.88700 762.777 27.7992
37.89000 762.077 27.8423
37.89300 761.427 28.5365
37.89600 760.831 27.5659
37.89900 760.291 28.1161
37.90200 759.811 27.5033
37.90500 759.393 28.0386
37.90800 759.038 28.105
37.91100 758.749 27.1463
37.91400 758.527 28.7242
37.91700 758.373 27.5554
37.92000 758.288 27.8639
37.92300 758.271 27.4411
37.92600 758.325 27.81
37.92900 758.449 28.6182
37.93200 758.643 27.5241
37.93500 758.908 28.8675
37.93800 759.245 28.467
37.94100 759.654 28.4325
37.94400 760.137 28.6182
37.94700 760.697 28.1718
37.95000 761.336 27.6501
37.95300 762.059 28.0056
37.95600 762.872 27.7992
37.95900 763.782 28.3866
37.96200 764.795 27.1663
37.96500 765.921 27.7992
37.96800 767.166 27.369
37.97100 768.539 28.2504
37.97400 770.048 28.7124
37.97700 771.698 28.0939
37.98000 773.494 28.3752
37.98300 775.441 26.9582
37.98600 777.541 28.94
37.98900 779.794 27.9508
37.99200 782.199 27.5345
37.99500 784.753 28.2279
37.99800 787.452 28.2504
38.00100 790.287 28.6299
38.00400 793.251 27.5974
38.00700 796.33 27.4411
38.01000 799.513 28.2504
38.01300 802.785 28.1606
38.01600 806.127 27.5345
38.01900 809.521 28.2054
38.02200 812.948 28.1272
38.02500 816.385 27.7243
38.02800 819.808 27.929
38.03100 823.194 28.9886
38.03400 826.516 28.677
38.03700 829.75 28.4786
38.04000 832.866 28.4325
38.04300 835.84 28.9037
38.04600 838.643 29.173
38.04900 841.248 28.7956
38.05200 843.631 28.4095
38.05500 845.767 28.7242
38.05800 847.634 28.6652
38.06100 849.212 28.9886
38.06400 850.486 28.1272
38.06700 851.444 28.5481
38.07000 852.078 28.6417
38.07300 852.384 28.0496
38.07600 852.364 28.6065
38.07900 852.023 28.105
38.08200 851.372 27.7243
38.08500 850.424 28.7361
38.08800 849.196 28.4786
38.09100 847.708 28.4786
38.09400 845.982 29.6957
38.09700 844.04 29.6045
38.10000 841.907 29.9611
38.10300 839.609 28.8195
38.10600 837.169 29.8275
38.10900 834.612 28.3296
38.11200 831.965 28.1383
38.11500 829.249 29.7351
38.11800 826.49 28.3981
38.12100 823.709 28.3296
38.12400 820.926 28.94
38.12700 818.163 28.0828
38.13000 815.437 28.5481
38.13300 812.765 28.0386
38.13600 810.161 28.8795
38.13900 807.64 29.3864
38.14200 805.211 27.2065
38.14500 802.886 28.6182
38.14800 800.67 27.81
38.15100 798.572 28.7837
38.15400 796.593 28.8195
38.15700 794.739 28.6652
38.16000 793.008 28.1942
38.16300 791.402 28.5249
38.16600 789.918 28.7242
38.16900 788.553 28.1606
38.17200 787.305 28.105
38.17500 786.167 29.1235
38.17800 785.134 27.5554
38.18100 784.2 28.3638
38.18400 783.358 27.7671
38.18700 782.6 27.3588
38.19000 781.92 28.0166
38.19300 781.31 27.3896
38.19600 780.762 27.929
38.19900 780.27 27.7457
38.20200 779.826 27.6606
38.20500 779.426 28.677
38.20800 779.062 26.7644
38.21100 778.731 27.9399
38.21400 778.429 27.9618
38.21700 778.151 27.5659
38.22000 777.897 27.8531
38.22300 777.663 27.8531
38.22600 777.45 28.0276
38.22900 777.255 28.1606
38.23200 777.079 28.467
38.23500 776.922 28.0386
38.23800 776.784 27.6289
38.24100 776.664 28.5017
38.24400 776.564 27.257
38.24700 776.484 27.4101
38.25000 776.422 27.9508
38.25300 776.38 28.2279
38.25600 776.357 28.7718
38.25900 776.352 28.5249
38.26200 776.364 27.257
38.26500 776.393 28.3296
38.26800 776.436 28.3981
38.27100 776.493 28.5365
38.27400 776.561 27.369
38.27700 776.638 28.3981
38.28000 776.723 27.8639
38.28300 776.812 28.4786
38.28600 776.903 28.8195
38.28900 776.995 28.1718
38.29200 777.083 27.6184
38.29500 777.167 27.7671
38.29800 777.243 26.8996
38.30100 777.311 28.677
38.30400 777.368 28.5365
38.30700 777.412 28.3638
38.31000 777.445 28.6065
38.31300 777.464 27.81
38.31600 777.472 28.3069
38.31900 777.468 26.5747
38.32200 777.455 27.9073
38.32500 777.434 27.8423
38.32800 777.409 28.7361
38.33100 777.383 28.3866
38.33400 777.36 27.7137
38.33700 777.345 27.4514
38.34000 777.344 28.4095
38.34300 777.362 27.1964
38.34600 777.407 27.6395
38.34900 777.484 27.9073
38.35200 777.604 27.9508
38.35500 777.775 28.6417
38.35800 778.008 28.5133
38.36100 778.313 28.9521
38.36400 778.705 28.2391
38.36700 779.198 28.0056
38.37000 779.81 28.3296
38.37300 780.561 28.273
38.37600 781.473 28.8916
38.37900 782.571 27.9182
38.38200 783.887 28.0166
38.38500 785.454 28.7837
38.38800 787.311 27.7137
38.39100 789.502 29.0619
38.39400 792.076 28.7006
38.39700 795.09 29.0007
38.40000 798.602 29.0865
38.40300 802.681 28.94
38.40600 807.398 30.0557
38.40900 812.83 29.1606
38.41200 819.056 29.3864
38.41500 826.161 28.6534
38.41800 834.227 29.5398
38.42100 843.336 30.5139
38.42400 853.566 29.0129
38.42700 864.989 30.015
38.43000 877.667 30.9938
38.43300 891.647 30.0421
38.43600 906.962 31.1588
38.43900 923.624 31.4814
38.44200 941.622 31.3728
38.44500 960.916 31.4503
38.44800 981.442 31.75
38.45100 1003.1 32.6686
38.45400 1025.76 32.2245
38.45700 1049.25 32.862
38.46000 1073.38 33.4077
38.46300 1097.91 32.5818
38.46600 1122.58 34.7314
38.46900 1147.09 33.8449
38.47200 1171.13 34.6896
38.47500 1194.34 35.3333
38.47800 1216.37 34.879
38.48100 1236.85 34.8578
38.48400 1255.42 35.3775
38.48700 1271.75 36.1079
38.49000 1285.52 35.9675
38.49300 1296.48 35.6462
38.49600 1304.45 36.9107
38.49900 1309.35 36.1787
38.50200 1311.19 36.7607
38.50500 1310.07 36.9107
38.50800 1306.18 36.2977
38.51100 1299.8 36.1315
38.51400 1291.26 35.4218
38.51700 1280.93 35.1364
38.52000 1269.21 34.3401
38.52300 1256.51 34.0207
38.52600 1243.23 35.8748
38.52900 1229.77 34.3604
38.53200 1216.51 35.6462
38.53500 1203.79 34.7314
38.53800 1191.94 34.9215
38.54100 1181.27 34.1793
38.54400 1172.03 33.3519
38.54700 1164.44 34.4623
38.55000 1158.7 32.969
38.55300 1154.95 33.4637
38.55600 1153.31 34.6064
38.55900 1153.84 33.8643
38.56200 1156.57 33.8062
38.56500 1161.51 34.001
38.56800 1168.6 34.0997
38.57100 1177.76 34.8578
38.57400 1188.89 32.862
38.57700 1201.84 34.1593
38.58000 1216.44 35.2454
38.58300 1232.48 34.1593
38.58600 1249.75 35.3112
38.58900 1267.99 35.1147
38.59200 1286.93 34.4828
38.59500 1306.29 35.9211
38.59800 1325.77 35.2017
38.60100 1345.06 36.2024
38.60400 1363.84 35.8748
38.60700 1381.78 37.2937
38.61000 1398.57 36.5392
38.61300 1413.9 37.1135
38.61600 1427.46 36.3696
38.61900 1438.99 36.1315
38.62200 1448.27 36.6372
38.62500 1455.11 37.0625
38.62800 1459.4 37.5293
38.63100 1461.06 37.3197
38.63400 1460.11 36.4179
38.63700 1456.61 37.1391
38.64000 1450.68 36.1551
38.64300 1442.49 36.1315
38.64600 1432.24 36.9611
38.64900 1420.17 35.4218
38.65200 1406.51 36.5148
38.65500 1391.52 36.1079
38.65800 1375.43 34.6064
38.66100 1358.48 35.8517
38.66400 1340.91 35.6462
38.66700 1322.93 35.3775
38.67000 1304.73 34.5033
38.67300 1286.5 34.0601
38.67600 1268.38 33.2045
38.67900 1250.52 33.2411
38.68200 1233.04 33.1862
38.68500 1216.04 33.5389
38.68800 1199.59 33.3704
38.69100 1183.77 32.969
38.69400 1168.6 32.9332
38.69700 1154.12 32.6686
38.70000 1140.34 32.2749
38.70300 1127.26 32.0092
38.70600 1114.87 33.2045
38.70900 1103.15 31.0535
38.71200 1092.08 31.7181
38.71500 1081.62 31.0535
38.71800 1071.73 30.9196
38.72100 1062.39 31.7181
38.72400 1053.55 30.8167
38.72700 1045.17 32.3085
38.73000 1037.22 30.7293
38.73300 1029.67 30.6714
38.73600 1022.47 31.4037
38.73900 1015.61 30.8313
38.74200 1009.06 30.8313
38.74500 1002.79 30.6858
38.74800 996.79 29.6695
38.75100 991.046 30.9938
38.75400 985.543 29.5786
38.75700 980.275 30.6138
38.76000 975.233 29.6435
38.76300 970.415 29.5141
38.76600 965.818 30.4431
38.76900 961.44 29.4756
38.77200 957.282 29.2228
38.77500 953.346 29.0252
38.77800 949.631 29.9611
38.78100 946.139 29.45
38.78400 942.872 29.6435
38.78700 939.83 29.9476
38.79000 937.013 29.1606
38.79300 934.421 29.3357
38.79600 932.051 29.4628
38.79900 929.902 28.94
38.80200 927.971 28.8795
38.80500 926.251 29.6304
38.80800 924.738 28.6299
38.81100 923.425 29.2103
38.81400 922.303 28.2166
38.81700 921.363 29.3991
38.82000 920.595 28.3752
38.82300 919.988 29.4756
38.82600 919.529 29.4628
38.82900 919.205 29.1111
38.83200 919.003 28.6652
38.83500 918.907 29.3484
38.83800 918.902 28.94
38.84100 918.973 29.0865
38.84400 919.105 28.6652
38.84700 919.28 29.3231
38.85000 919.483 28.9764
38.85300 919.698 29.5141
38.85600 919.91 29.4245
38.85900 920.105 28.8435
38.86200 920.268 29.6957
38.86500 920.387 29.4884
38.86800 920.449 28.3866
38.87100 920.446 28.8435
38.87400 920.367 28.677
38.87700 920.207 29.8941
38.88000 919.959 29.5656
38.88300 919.621 29.2103
38.88600 919.191 29.9342
38.88900 918.669 28.6888
38.89200 918.06 29.2228
38.89500 917.366 28.6299
38.89800 916.594 28.8435
38.90100 915.753 29.1606
38.90400 914.851 27.929
38.90700 913.9 29.8275
38.91000 912.912 29.4372
38.91300 911.902 28.5249
38.91600 910.883 29.9342
38.91900 909.871 28.7599
38.92200 908.883 29.2603
38.92500 907.935 29.6695
38.92800 907.044 28.7006
38.93100 906.227 29.9611
38.93400 905.501 29.3105
38.93700 904.884 29.7088
38.94000 904.39 28.8916
38.94300 904.037 28.7361
38.94600 903.838 29.988
38.94900 903.808 28.7837
38.95200 903.959 28.5481
38.95500 904.301 29.4118
38.95800 904.845 29.4245
38.96100 905.596 29.0252
38.96400 906.561 28.6065
38.96700 907.741 26.8028
38.97000 909.136 26.7644
38.97300 910.744 26.9876
38.97600 912.56 27.8531
38.97900 914.574 27.4101
38.98200 916.774 28.1606
38.98500 919.147 28.1495
38.98800 921.676 28.0717
38.99100 924.338 29.4628
38.99400 927.113 28.1606
38.99700 929.974 28.6652
39.00000 932.894 29.2228
39.00300 935.842 27.3896
39.00600 938.785 28.7599
39.00900 941.69 28.5598
39.01200 944.521 28.444
39.01500 947.242 29.173
39.01800 949.816 28.94
39.02100 952.205 28.8076
39.02400 954.376 28.5948
39.02700 956.294 28.7124
39.03000 957.929 29.2603
39.03300 959.255 27.6606
39.03600 960.251 30.1238
39.03900 960.903 28.9037
39.04200 961.202 28.5948
39.04500 961.149 29.5915
39.04800 960.749 28.183
39.05100 960.016 29.3737
39.05400 958.973 27.929
39.05700 957.645 28.0056
39.06000 956.065 28.9642
39.06300 954.269 27.8315
39.06600 952.297 28.5714
39.06900 950.188 28.5249
39.07200 947.983 27.7885
39.07500 945.721 29.4628
39.07800 943.439 28.0386
39.08100 941.172 29.8275
39.08400 938.95 27.9618
39.08700 936.8 28.6417
39.09000 934.745 29.1111
39.09300 932.803 28.0496
39.09600 930.988 28.94
39.09900 929.308 28.341
39.10200 927.768 27.9182
39.10500 926.369 29.1358
39.10800 925.105 27.9618
39.11100 923.97 28.421
39.11400 922.951 28.4325
39.11700 922.034 28.6534
39.12000 921.201 29.2478
39.12300 920.435 27.9508
39.12600 919.714 28.3183
39.12900 919.02 28.7242
39.13200 918.333 27.6501
39.13500 917.636 29.4756
39.13800 916.912 27.5137
39.14100 916.149 29.0988
39.14400 915.337 29.2603
39.14700 914.469 28.0607
39.15000 913.544 29.2103
39.15300 912.562 27.7992
39.15600 911.528 29.988
39.15900 910.448 28.3866
39.16200 909.332 28.6652
39.16500 908.193 28.94
39.16800 907.045 27.6184
39.17100 905.902 28.9764
39.17400 904.781 28.9886
39.17700 903.699 28.6888
39.18000 902.675 28.2843
39.18300 901.725 29.0988
39.18600 900.867 29.0129
39.18900 900.12 28.6299
39.19200 899.501 28.6299
39.19500 899.026 29.4756
39.19800 898.711 28.6299
39.20100 898.571 28.3752
39.20400 898.619 28.5714
39.20700 898.868 28.7361
39.21000 899.327 28.94
39.21300 900.006 27.6395
39.21600 900.91 28.748
39.21900 902.042 27.9073
39.22200 903.404 28.2279
39.22500 904.994 28.183
39.22800 906.807 28.8076
39.23100 908.836 28.1495
39.23400 911.071 29.1606
39.23700 913.497 28.1942
39.24000 916.097 29.1979
39.24300 918.852 28.2617
39.24600 921.74 29.1111
39.24900 924.734 28.2956
39.25200 927.806 29.1111
39.25500 930.926 29.7746
39.25800 934.06 28.0166
39.26100 937.173 28.8076
39.26400 940.227 28.444
39.26700 943.183 27.8747
39.27000 946.003 29.9745
39.27300 948.644 28.6299
39.27600 951.067 30.2752
39.27900 953.232 28.9764
39.28200 955.098 29.5141
39.28500 956.631 30.6282
39.28800 957.795 29.5269
39.29100 958.561 29.5786
39.29400 958.903 30.1648
39.29700 958.8 29.0619
39.30000 958.237 30.1648
39.30300 957.207 29.0374
39.30600 955.707 29.9208
39.30900 953.742 29.173
39.31200 951.323 29.7219
39.31500 948.469 29.8807
39.31800 945.203 29.7088
39.32100 941.555 29.6957
39.32400 937.56 29.361
39.32700 933.254 28.5017
39.33000 928.677 29.0742
39.33300 923.872 28.748
39.33600 918.882 29.0496
39.33900 913.747 29.1854
39.34200 908.51 28.1495
39.34500 903.21 29.2103
39.34800 897.887 27.8423
39.35100 892.575 27.9618
39.35400 887.31 27.7564
39.35700 882.122 28.3866
39.36000 877.04 28.1383
39.36300 872.089 27.8207
39.36600 867.292 28.0276
39.36900 862.669 27.5974
39.37200 858.236 26.7261
39.37500 854.006 28.273
39.37800 849.991 27.5554
39.38100 846.198 27.3077
39.38400 842.633 27.2266
39.38700 839.298 26.688
39.39000 836.194 26.7261
39.39300 833.32 27.6606
39.39600 830.671 28.4555
39.39900 828.243 27.7457
39.40200 826.029 26.2432
39.40500 824.021 27.6079
39.40800 822.21 27.3485
39.41100 820.586 27.0468
39.41400 819.139 27.5764
39.41700 817.856 26.4535
39.42000 816.727 27.9837
39.42300 815.739 27.027
39.42600 814.88 27.0964
39.42900 814.139 26.9093
39.43200 813.503 26.6785
39.43500 812.961 28.183
39.43800 812.501 27.1763
39.44100 812.113 26.8124
39.44400 811.785 26.7357
39.44700 811.509 26.6406
39.45000 811.274 26.8028
39.45300 811.072 26.6123
39.45600 810.895 27.257
39.45900 810.735 26.774
39.46200 810.585 26.8802
39.46500 810.439 28.0386
39.46800 810.291 26.1712
39.47100 810.136 27.9946
39.47400 809.97 26.669
39.47700 809.789 27.5764
39.48000 809.59 26.3798
39.48300 809.371 26.7261
39.48600 809.129 28.0607
39.48900 808.863 26.9582
39.49200 808.572 26.5841
39.49500 808.256 27.1964
39.49800 807.913 27.0468
39.50100 807.546 26.9582
39.50400 807.154 27.9837
39.50700 806.738 26.0378
39.51000 806.3 26.4814
39.51300 805.841 26.3798
39.51600 805.364 26.669
39.51900 804.87 26.9876
39.52200 804.36 26.3432
39.52500 803.839 27.0964
39.52800 803.307 27.7885
39.53100 802.766 27.0468
39.53400 802.22 26.8996
39.53700 801.668 26.7836
39.54000 801.114 27.6395
39.54300 800.558 26.6406
39.54600 800.002 27.1463
39.54900 799.446 27.2671
39.55200 798.892 26.4074
39.55500 798.339 26.8028
39.55800 797.789 26.7932
39.56100 797.241 26.0201
39.56400 796.695 26.5093
39.56700 796.152 26.8511
39.57000 795.612 26.2794
39.57300 795.075 26.1087
39.57600 794.541 26.3982
39.57900 794.012 26.774
39.58200 793.488 25.9675
39.58500 792.97 27.5869
39.58800 792.46 26.6501
39.59100 791.959 26.5841
39.59400 791.469 26.6312
39.59700 790.991 25.6495
39.60000 790.528 26.4721
39.60300 790.08 26.1443
39.60600 789.649 26.9191
39.60900 789.237 27.0864
39.61200 788.844 26.4814
39.61500 788.473 26.7932
39.61800 788.122 25.985
39.62100 787.794 25.7684
39.62400 787.488 26.2251
39.62700 787.205 25.641
39.63000 786.944 26.1622
39.63300 786.705 25.2861
39.63600 786.488 27.4929
39.63900 786.292 26.4074
39.64200 786.117 25.9238
39.64500 785.96 26.8317
39.64800 785.823 26.5747
39.65100 785.703 25.9587
39.65400 785.6 26.688
39.65700 785.512 26.5093
39.66000 785.439 26.4628
39.66300 785.38 26.3798
39.66600 785.334 27.4721
39.66900 785.3 26.2703
39.67200 785.277 26.688
39.67500 785.265 26.8317
39.67800 785.262 26.2432
39.68100 785.268 26.6217
39.68400 785.282 26.0998
39.68700 785.303 26.8899
39.69000 785.33 25.9325
39.69300 785.362 26.3982
39.69600 785.397 26.5466
39.69900 785.435 26.7261
39.70200 785.475 26.0113
39.70500 785.514 27.3793
39.70800 785.552 25.8199
39.71100 785.587 26.082
39.71400 785.617 26.1443
39.71700 785.642 26.2432
39.72000 785.66 26.4721
39.72300 785.669 25.7172
39.72600 785.667 26.2071
39.72900 785.653 26.6217
39.73200 785.626 26.3523
39.73500 785.582 26.8414
39.73800 785.522 26.1087
39.74100 785.442 26.7836
39.74400 785.342 25.6326
39.74700 785.22 26.0643
39.75000 785.074 26.7548
39.75300 784.903 27.1163
39.75600 784.706 27.0864
39.75900 784.484 26.6785
39.76200 784.233 25.6833
39.76500 783.959 27.1964
39.76800 783.661 26.8221
39.77100 783.342 26.7166
39.77400 783.002 26.9289
39.77700 782.646 26.6312
39.78000 782.275 27.0864
39.78300 781.894 26.9093
39.78600 781.506 25.95
39.78900 781.115 26.3158
39.79200 780.724 24.9766
39.79500 780.337 27.9508
39.79800 779.959 25.985
39.80100 779.591 26.2522
39.80400 779.239 25.8977
39.80700 778.904 25.9151
39.81000 778.591 26.2071
39.81300 778.301 25.7087
39.81600 778.037 26.4628
39.81900 777.802 25.8977
39.82200 777.597 26.4814
39.82500 777.424 27.1063
39.82800 777.283 26.3432
39.83100 777.177 26.4074
39.83400 777.106 26.2161
39.83700 777.07 26.6975
39.84000 777.069 26.7932
39.84300 777.103 26.968
39.84600 777.172 27.5345
39.84900 777.274 27.2468
39.85200 777.408 25.7941
39.85500 777.574 27.9508
39.85800 777.769 27.6501
39.86100 777.991 27.4101
39.86400 778.238 26.9484
39.86700 778.509 27.4411
39.87000 778.799 27.4307
39.87300 779.106 25.9762
39.87600 779.427 27.6079
39.87900 779.758 26.6785
39.88200 780.096 25.9938
39.88500 780.438 27.9508
39.88800 780.779 27.0369
39.89100 781.116 28.1272
39.89400 781.445 28.8076
39.89700 781.762 27.0765
39.90000 782.064 28.0166
39.90300 782.346 27.0765
39.90600 782.605 28.0607
39.90900 782.839 28.1161
39.91200 783.042 26.8511
39.91500 783.212 28.9764
39.91800 783.346 27.8531
39.92100 783.441 28.3752
39.92400 783.493 27.3179
39.92700 783.499 27.5137
39.93000 783.458 28.5249
39.93300 783.365 28.2843
39.93600 783.219 29.7614
39.93900 783.016 29.3991
39.94200 782.755 28.2166
39.94500 782.433 30.5139
39.94800 782.048 29.3484
39.95100 781.598 29.8807
39.95400 781.082 31.342
39.95700 780.498 31.75
39.96000 779.845 32.8976
39.96300 779.121 32.1081
39.96600 778.327 32.6512
39.96900 777.461 33.7676
39.97200 776.523 35.8057
39.97500 775.513 38.7202
39.97800 774.431 36.9611
39.98100 773.278 38.9841
39.98400 772.055 38.8661
39.98700 770.762 38.8955
39.99000 769.401 38.7783
39.99300 767.974 39.6526
39.99600 766.484 39.6526
39.99900 764.934 39.6838
